method,episode,seed,backend,success,steps,elapsed_seconds,recovery_attempts,recovery_successes,detector_triggers,recovery_steps,failure_probability_max,recovery_definition,terminated,truncated,failure_reason,Profile,noise_level
ACT,0,6000042,metaworld,True,50,0.6586959600008413,0,0,0,0,0.0,,True,False,,full,0.2
ACT,1,6000043,metaworld,True,51,0.3976833929991699,0,0,0,0,0.0,,True,False,,full,0.2
ACT,2,6000044,metaworld,True,60,0.4597929760002444,0,0,0,0,0.0,,True,False,,full,0.2
ACT,3,6000045,metaworld,True,55,0.43004849499993725,0,0,0,0,0.0,,True,False,,full,0.2
ACT,4,6000046,metaworld,True,56,0.4377288320010848,0,0,0,0,0.0,,True,False,,full,0.2
ACT,5,6000047,metaworld,True,51,0.36859440399894083,0,0,0,0,0.0,,True,False,,full,0.2
ACT,6,6000048,metaworld,True,56,0.3980032769995887,0,0,0,0,0.0,,True,False,,full,0.2
ACT,7,6000049,metaworld,True,57,0.407549759000176,0,0,0,0,0.0,,True,False,,full,0.2
ACT,8,6000050,metaworld,True,55,0.27490614999987883,0,0,0,0,0.0,,True,False,,full,0.2
ACT,9,6000051,metaworld,True,54,0.41716132699912123,0,0,0,0,0.0,,True,False,,full,0.2
ACT,10,6000052,metaworld,True,48,0.5247353890008526,0,0,0,0,0.0,,True,False,,full,0.2
ACT,11,6000053,metaworld,True,53,0.6140298360005545,0,0,0,0,0.0,,True,False,,full,0.2
ACT,12,6000054,metaworld,False,200,2.924550993999219,0,0,0,0,0.0,,False,True,timeout,full,0.2
ACT,13,6000055,metaworld,False,200,2.563392001000466,0,0,0,0,0.0,,False,True,object_dropped,full,0.2
ACT,14,6000056,metaworld,True,58,0.4354953599995497,0,0,0,0,0.0,,True,False,,full,0.2
ACT,15,6000057,metaworld,True,51,0.47519332799856784,0,0,0,0,0.0,,True,False,,full,0.2
ACT,16,6000058,metaworld,True,57,0.462269063000349,0,0,0,0,0.0,,True,False,,full,0.2
ACT,17,6000059,metaworld,True,64,0.4990967220001039,0,0,0,0,0.0,,True,False,,full,0.2
ACT,18,6000060,metaworld,True,48,0.4613373030006187,0,0,0,0,0.0,,True,False,,full,0.2
ACT,19,6000061,metaworld,True,54,0.6555232930004422,0,0,0,0,0.0,,True,False,,full,0.2
ACT,20,6000062,metaworld,True,54,0.5306181149990152,0,0,0,0,0.0,,True,False,,full,0.2
ACT,21,6000063,metaworld,True,53,0.6109266540006502,0,0,0,0,0.0,,True,False,,full,0.2
ACT,22,6000064,metaworld,True,51,0.6381228070003999,0,0,0,0,0.0,,True,False,,full,0.2
ACT,23,6000065,metaworld,True,55,0.43792166800085397,0,0,0,0,0.0,,True,False,,full,0.2
ACT,24,6000066,metaworld,False,200,1.4701025189988286,0,0,0,0,0.0,,False,True,object_dropped,full,0.2
ACT,25,6000067,metaworld,True,55,0.4373658710010204,0,0,0,0,0.0,,True,False,,full,0.2
ACT,26,6000068,metaworld,True,53,0.5244146549994184,0,0,0,0,0.0,,True,False,,full,0.2
ACT,27,6000069,metaworld,False,200,1.5036577040009433,0,0,0,0,0.0,,False,True,timeout,full,0.2
ACT,28,6000070,metaworld,True,54,0.4176879029982956,0,0,0,0,0.0,,True,False,,full,0.2
ACT,29,6000071,metaworld,True,56,0.5886165009997057,0,0,0,0,0.0,,True,False,,full,0.2
ACT,30,6000072,metaworld,False,200,2.343298700001469,0,0,0,0,0.0,,False,True,timeout,full,0.2
ACT,31,6000073,metaworld,True,50,0.5867799419993389,0,0,0,0,0.0,,True,False,,full,0.2
ACT,32,6000074,metaworld,True,48,0.578837435999958,0,0,0,0,0.0,,True,False,,full,0.2
ACT,33,6000075,metaworld,True,58,0.37243345900060376,0,0,0,0,0.0,,True,False,,full,0.2
ACT,34,6000076,metaworld,True,60,0.41977444399890373,0,0,0,0,0.0,,True,False,,full,0.2
ACT,35,6000077,metaworld,True,54,0.632268211000337,0,0,0,0,0.0,,True,False,,full,0.2
ACT,36,6000078,metaworld,False,200,2.349186178000309,0,0,0,0,0.0,,False,True,timeout,full,0.2
ACT,37,6000079,metaworld,False,200,1.9713300080002227,0,0,0,0,0.0,,False,True,object_dropped,full,0.2
ACT,38,6000080,metaworld,True,49,0.4641304990000208,0,0,0,0,0.0,,True,False,,full,0.2
ACT,39,6000081,metaworld,True,62,0.4592415509996499,0,0,0,0,0.0,,True,False,,full,0.2
ACT,40,6000082,metaworld,True,52,0.5155687810001837,0,0,0,0,0.0,,True,False,,full,0.2
ACT,41,6000083,metaworld,True,55,0.6441373739999108,0,0,0,0,0.0,,True,False,,full,0.2
ACT,42,6000084,metaworld,True,54,0.48078722399986873,0,0,0,0,0.0,,True,False,,full,0.2
ACT,43,6000085,metaworld,True,54,0.5164597229995707,0,0,0,0,0.0,,True,False,,full,0.2
ACT,44,6000086,metaworld,True,52,0.5111135620009009,0,0,0,0,0.0,,True,False,,full,0.2
ACT,45,6000087,metaworld,True,53,0.7404510699998355,0,0,0,0,0.0,,True,False,,full,0.2
ACT,46,6000088,metaworld,True,64,0.8901955960009218,0,0,0,0,0.0,,True,False,,full,0.2
ACT,47,6000089,metaworld,True,52,0.6097840099992027,0,0,0,0,0.0,,True,False,,full,0.2
ACT,48,6000090,metaworld,True,54,0.4396391129994299,0,0,0,0,0.0,,True,False,,full,0.2
ACT,49,6000091,metaworld,True,54,0.3213385439994454,0,0,0,0,0.0,,True,False,,full,0.2
ACT,50,6000092,metaworld,True,51,0.31409167000128946,0,0,0,0,0.0,,True,False,,full,0.2
ACT,51,6000093,metaworld,True,56,0.35943504399983794,0,0,0,0,0.0,,True,False,,full,0.2
ACT,52,6000094,metaworld,False,200,1.706663364000633,0,0,0,0,0.0,,False,True,object_dropped,full,0.2
ACT,53,6000095,metaworld,False,200,1.4843966879998334,0,0,0,0,0.0,,False,True,object_dropped,full,0.2
ACT,54,6000096,metaworld,False,200,1.0424759949983127,0,0,0,0,0.0,,False,True,timeout,full,0.2
ACT,55,6000097,metaworld,True,54,0.3129944339998474,0,0,0,0,0.0,,True,False,,full,0.2
ACT,56,6000098,metaworld,True,46,0.18845266300013463,0,0,0,0,0.0,,True,False,,full,0.2
ACT,57,6000099,metaworld,True,53,0.2164563120004459,0,0,0,0,0.0,,True,False,,full,0.2
ACT,58,6000100,metaworld,True,52,0.19953390900082013,0,0,0,0,0.0,,True,False,,full,0.2
ACT,59,6000101,metaworld,False,200,1.052983857000072,0,0,0,0,0.0,,False,True,object_dropped,full,0.2
ACT,60,6000102,metaworld,True,47,0.17864464100057376,0,0,0,0,0.0,,True,False,,full,0.2
ACT,61,6000103,metaworld,True,48,0.22164709699973173,0,0,0,0,0.0,,True,False,,full,0.2
ACT,62,6000104,metaworld,True,58,0.20874733100026788,0,0,0,0,0.0,,True,False,,full,0.2
ACT,63,6000105,metaworld,True,50,0.23934406300031696,0,0,0,0,0.0,,True,False,,full,0.2
ACT,64,6000106,metaworld,True,52,0.1911569790008798,0,0,0,0,0.0,,True,False,,full,0.2
ACT,65,6000107,metaworld,True,62,0.3424740099999326,0,0,0,0,0.0,,True,False,,full,0.2
ACT,66,6000108,metaworld,True,51,0.37611491000097885,0,0,0,0,0.0,,True,False,,full,0.2
ACT,67,6000109,metaworld,True,53,0.23793092999949295,0,0,0,0,0.0,,True,False,,full,0.2
ACT,68,6000110,metaworld,True,57,0.2131286670010013,0,0,0,0,0.0,,True,False,,full,0.2
ACT,69,6000111,metaworld,True,55,0.3346883410013106,0,0,0,0,0.0,,True,False,,full,0.2
ACT,70,6000112,metaworld,True,52,0.369948793999356,0,0,0,0,0.0,,True,False,,full,0.2
ACT,71,6000113,metaworld,True,54,0.2641302030006045,0,0,0,0,0.0,,True,False,,full,0.2
ACT,72,6000114,metaworld,True,51,0.43244573599986325,0,0,0,0,0.0,,True,False,,full,0.2
ACT,73,6000115,metaworld,False,200,1.5942386289989372,0,0,0,0,0.0,,False,True,timeout,full,0.2
ACT,74,6000116,metaworld,True,52,0.2368223189987475,0,0,0,0,0.0,,True,False,,full,0.2
ACT,75,6000117,metaworld,True,56,0.44833805700000084,0,0,0,0,0.0,,True,False,,full,0.2
ACT,76,6000118,metaworld,False,200,1.0529537410002376,0,0,0,0,0.0,,False,True,object_dropped,full,0.2
ACT,77,6000119,metaworld,True,56,0.2642696420007269,0,0,0,0,0.0,,True,False,,full,0.2
ACT,78,6000120,metaworld,False,200,1.5299351020003087,0,0,0,0,0.0,,False,True,object_dropped,full,0.2
ACT,79,6000121,metaworld,True,59,0.43781621100060875,0,0,0,0,0.0,,True,False,,full,0.2
ACT,80,6000122,metaworld,True,56,0.5095107110009849,0,0,0,0,0.0,,True,False,,full,0.2
ACT,81,6000123,metaworld,False,200,1.836227374000373,0,0,0,0,0.0,,False,True,timeout,full,0.2
ACT,82,6000124,metaworld,True,52,0.4218944610001927,0,0,0,0,0.0,,True,False,,full,0.2
ACT,83,6000125,metaworld,True,55,0.4366878069995437,0,0,0,0,0.0,,True,False,,full,0.2
ACT,84,6000126,metaworld,True,56,0.44786298899998656,0,0,0,0,0.0,,True,False,,full,0.2
ACT,85,6000127,metaworld,False,200,1.5931568460000562,0,0,0,0,0.0,,False,True,timeout,full,0.2
ACT,86,6000128,metaworld,True,62,0.6147362150004483,0,0,0,0,0.0,,True,False,,full,0.2
ACT,87,6000129,metaworld,True,52,0.4612144509992504,0,0,0,0,0.0,,True,False,,full,0.2
ACT,88,6000130,metaworld,True,60,0.5174005339995347,0,0,0,0,0.0,,True,False,,full,0.2
ACT,89,6000131,metaworld,True,57,0.4893971330002387,0,0,0,0,0.0,,True,False,,full,0.2
ACT,90,6000132,metaworld,True,50,0.4020969100001821,0,0,0,0,0.0,,True,False,,full,0.2
ACT,91,6000133,metaworld,False,200,1.431198869999207,0,0,0,0,0.0,,False,True,object_dropped,full,0.2
ACT,92,6000134,metaworld,False,200,1.6928696839986515,0,0,0,0,0.0,,False,True,timeout,full,0.2
ACT,93,6000135,metaworld,True,53,0.3448377200002142,0,0,0,0,0.0,,True,False,,full,0.2
ACT,94,6000136,metaworld,True,51,0.438429821999307,0,0,0,0,0.0,,True,False,,full,0.2
ACT,95,6000137,metaworld,False,200,1.2030626310006483,0,0,0,0,0.0,,False,True,timeout,full,0.2
ACT,96,6000138,metaworld,True,58,0.26066984699900786,0,0,0,0,0.0,,True,False,,full,0.2
ACT,97,6000139,metaworld,True,53,0.21308578299976944,0,0,0,0,0.0,,True,False,,full,0.2
ACT,98,6000140,metaworld,False,200,0.8408843819997855,0,0,0,0,0.0,,False,True,timeout,full,0.2
ACT,99,6000141,metaworld,True,59,0.3005272909995256,0,0,0,0,0.0,,True,False,,full,0.2
ACT,100,6000142,metaworld,True,55,0.3290414459988824,0,0,0,0,0.0,,True,False,,full,0.2
ACT,101,6000143,metaworld,True,53,0.24521991899928253,0,0,0,0,0.0,,True,False,,full,0.2
ACT,102,6000144,metaworld,False,200,0.9959955600006651,0,0,0,0,0.0,,False,True,timeout,full,0.2
ACT,103,6000145,metaworld,False,200,1.0994908489992667,0,0,0,0,0.0,,False,True,timeout,full,0.2
ACT,104,6000146,metaworld,True,52,0.3380778780010587,0,0,0,0,0.0,,True,False,,full,0.2
ACT,105,6000147,metaworld,False,200,1.1689814549990842,0,0,0,0,0.0,,False,True,object_dropped,full,0.2
ACT,106,6000148,metaworld,True,53,0.23749246599982143,0,0,0,0,0.0,,True,False,,full,0.2
ACT,107,6000149,metaworld,False,200,0.9042699960009486,0,0,0,0,0.0,,False,True,timeout,full,0.2
ACT,108,6000150,metaworld,True,48,0.2061974669995834,0,0,0,0,0.0,,True,False,,full,0.2
ACT,109,6000151,metaworld,False,200,1.3587891070001206,0,0,0,0,0.0,,False,True,object_dropped,full,0.2
ACT,110,6000152,metaworld,False,200,0.9889972940000007,0,0,0,0,0.0,,False,True,timeout,full,0.2
ACT,111,6000153,metaworld,True,51,0.33385522099888476,0,0,0,0,0.0,,True,False,,full,0.2
ACT,112,6000154,metaworld,False,200,0.8464433080007439,0,0,0,0,0.0,,False,True,object_dropped,full,0.2
ACT,113,6000155,metaworld,False,200,1.2711512099995161,0,0,0,0,0.0,,False,True,object_dropped,full,0.2
ACT,114,6000156,metaworld,True,56,0.5308130810008151,0,0,0,0,0.0,,True,False,,full,0.2
ACT,115,6000157,metaworld,False,200,2.0820532359994104,0,0,0,0,0.0,,False,True,timeout,full,0.2
ACT,116,6000158,metaworld,True,64,0.5120974900000874,0,0,0,0,0.0,,True,False,,full,0.2
ACT,117,6000159,metaworld,False,200,1.9186602919999132,0,0,0,0,0.0,,False,True,timeout,full,0.2
ACT,118,6000160,metaworld,True,61,0.501418960000592,0,0,0,0,0.0,,True,False,,full,0.2
ACT,119,6000161,metaworld,True,60,0.30122097700041195,0,0,0,0,0.0,,True,False,,full,0.2
ACT,120,6000162,metaworld,True,63,0.2580970429989975,0,0,0,0,0.0,,True,False,,full,0.2
ACT,121,6000163,metaworld,True,62,0.2917089729999134,0,0,0,0,0.0,,True,False,,full,0.2
ACT,122,6000164,metaworld,True,49,0.21090242399986892,0,0,0,0,0.0,,True,False,,full,0.2
ACT,123,6000165,metaworld,False,200,1.6028268620011659,0,0,0,0,0.0,,False,True,timeout,full,0.2
ACT,124,6000166,metaworld,True,54,0.5271443809997436,0,0,0,0,0.0,,True,False,,full,0.2
ACT,125,6000167,metaworld,False,200,1.3862723170004756,0,0,0,0,0.0,,False,True,object_dropped,full,0.2
ACT,126,6000168,metaworld,False,200,1.3200119030007045,0,0,0,0,0.0,,False,True,timeout,full,0.2
ACT,127,6000169,metaworld,True,59,0.24530473899903882,0,0,0,0,0.0,,True,False,,full,0.2
ACT,128,6000170,metaworld,True,53,0.2237919309991412,0,0,0,0,0.0,,True,False,,full,0.2
ACT,129,6000171,metaworld,True,52,0.219027429999187,0,0,0,0,0.0,,True,False,,full,0.2
ACT,130,6000172,metaworld,True,53,0.2479954219998035,0,0,0,0,0.0,,True,False,,full,0.2
ACT,131,6000173,metaworld,True,45,0.32077317899893387,0,0,0,0,0.0,,True,False,,full,0.2
ACT,132,6000174,metaworld,True,56,0.2663791310005763,0,0,0,0,0.0,,True,False,,full,0.2
ACT,133,6000175,metaworld,True,56,0.4578945949997433,0,0,0,0,0.0,,True,False,,full,0.2
ACT,134,6000176,metaworld,False,200,1.5595423350005149,0,0,0,0,0.0,,False,True,timeout,full,0.2
ACT,135,6000177,metaworld,False,200,0.9418483480003488,0,0,0,0,0.0,,False,True,timeout,full,0.2
ACT,136,6000178,metaworld,True,52,0.2847394680011348,0,0,0,0,0.0,,True,False,,full,0.2
ACT,137,6000179,metaworld,True,62,0.34181909499966423,0,0,0,0,0.0,,True,False,,full,0.2
ACT,138,6000180,metaworld,True,63,0.43021838900131115,0,0,0,0,0.0,,True,False,,full,0.2
ACT,139,6000181,metaworld,False,200,1.3190889100005734,0,0,0,0,0.0,,False,True,timeout,full,0.2
ACT,140,6000182,metaworld,True,53,0.27793863100123417,0,0,0,0,0.0,,True,False,,full,0.2
ACT,141,6000183,metaworld,False,200,0.9292860880013905,0,0,0,0,0.0,,False,True,timeout,full,0.2
ACT,142,6000184,metaworld,True,50,0.192706754000028,0,0,0,0,0.0,,True,False,,full,0.2
ACT,143,6000185,metaworld,True,52,0.21256706199892506,0,0,0,0,0.0,,True,False,,full,0.2
ACT,144,6000186,metaworld,True,53,0.24508536200119124,0,0,0,0,0.0,,True,False,,full,0.2
ACT,145,6000187,metaworld,True,51,0.2656835529996897,0,0,0,0,0.0,,True,False,,full,0.2
ACT,146,6000188,metaworld,True,57,0.4024216809993959,0,0,0,0,0.0,,True,False,,full,0.2
ACT,147,6000189,metaworld,False,200,1.0767071450009098,0,0,0,0,0.0,,False,True,timeout,full,0.2
ACT,148,6000190,metaworld,True,50,0.21107561699864164,0,0,0,0,0.0,,True,False,,full,0.2
ACT,149,6000191,metaworld,False,200,0.8085446229997615,0,0,0,0,0.0,,False,True,object_dropped,full,0.2
ACT,150,6000192,metaworld,False,200,1.0287190599992755,0,0,0,0,0.0,,False,True,timeout,full,0.2
ACT,151,6000193,metaworld,True,56,0.3696957629999815,0,0,0,0,0.0,,True,False,,full,0.2
ACT,152,6000194,metaworld,True,53,0.2997371279998333,0,0,0,0,0.0,,True,False,,full,0.2
ACT,153,6000195,metaworld,True,53,0.22375460399962321,0,0,0,0,0.0,,True,False,,full,0.2
ACT,154,6000196,metaworld,False,200,0.9632407570006762,0,0,0,0,0.0,,False,True,object_dropped,full,0.2
ACT,155,6000197,metaworld,False,200,0.8293457809995743,0,0,0,0,0.0,,False,True,timeout,full,0.2
ACT,156,6000198,metaworld,True,53,0.20154987599926244,0,0,0,0,0.0,,True,False,,full,0.2
ACT,157,6000199,metaworld,True,60,0.258760553000684,0,0,0,0,0.0,,True,False,,full,0.2
ACT,158,6000200,metaworld,True,55,0.24180709299980663,0,0,0,0,0.0,,True,False,,full,0.2
ACT,159,6000201,metaworld,True,52,0.2774698860011995,0,0,0,0,0.0,,True,False,,full,0.2
ACT,160,6000202,metaworld,True,51,0.22154892400067183,0,0,0,0,0.0,,True,False,,full,0.2
ACT,161,6000203,metaworld,False,200,0.9362230989991076,0,0,0,0,0.0,,False,True,timeout,full,0.2
ACT,162,6000204,metaworld,True,54,0.26882010200097284,0,0,0,0,0.0,,True,False,,full,0.2
ACT,163,6000205,metaworld,False,200,1.288488825000968,0,0,0,0,0.0,,False,True,timeout,full,0.2
ACT,164,6000206,metaworld,True,50,0.23256125700027042,0,0,0,0,0.0,,True,False,,full,0.2
ACT,165,6000207,metaworld,True,59,0.39733593900018604,0,0,0,0,0.0,,True,False,,full,0.2
ACT,166,6000208,metaworld,False,200,1.1826615709996986,0,0,0,0,0.0,,False,True,object_dropped,full,0.2
ACT,167,6000209,metaworld,True,53,0.19349924299967824,0,0,0,0,0.0,,True,False,,full,0.2
ACT,168,6000210,metaworld,True,52,0.20725173499886296,0,0,0,0,0.0,,True,False,,full,0.2
ACT,169,6000211,metaworld,False,200,0.963256254000953,0,0,0,0,0.0,,False,True,timeout,full,0.2
ACT,170,6000212,metaworld,False,200,0.8706777280003735,0,0,0,0,0.0,,False,True,timeout,full,0.2
ACT,171,6000213,metaworld,False,200,1.5992547160003596,0,0,0,0,0.0,,False,True,timeout,full,0.2
ACT,172,6000214,metaworld,False,200,2.0703522650001105,0,0,0,0,0.0,,False,True,timeout,full,0.2
ACT,173,6000215,metaworld,False,200,1.452066971000022,0,0,0,0,0.0,,False,True,timeout,full,0.2
ACT,174,6000216,metaworld,True,54,0.4131277600008616,0,0,0,0,0.0,,True,False,,full,0.2
ACT,175,6000217,metaworld,True,51,0.5839862350003386,0,0,0,0,0.0,,True,False,,full,0.2
ACT,176,6000218,metaworld,False,200,1.831119843000124,0,0,0,0,0.0,,False,True,timeout,full,0.2
ACT,177,6000219,metaworld,True,55,0.4302979789990786,0,0,0,0,0.0,,True,False,,full,0.2
ACT,178,6000220,metaworld,False,200,1.7928061439997691,0,0,0,0,0.0,,False,True,object_dropped,full,0.2
ACT,179,6000221,metaworld,False,200,1.3227907759992377,0,0,0,0,0.0,,False,True,timeout,full,0.2
ACT,180,6000222,metaworld,True,52,0.39977272499891114,0,0,0,0,0.0,,True,False,,full,0.2
ACT,181,6000223,metaworld,True,52,0.38123297700076364,0,0,0,0,0.0,,True,False,,full,0.2
ACT,182,6000224,metaworld,True,59,0.49155613299990364,0,0,0,0,0.0,,True,False,,full,0.2
ACT,183,6000225,metaworld,True,49,0.22459619199980807,0,0,0,0,0.0,,True,False,,full,0.2
ACT,184,6000226,metaworld,True,52,0.41107078100139915,0,0,0,0,0.0,,True,False,,full,0.2
ACT,185,6000227,metaworld,False,200,1.4920665330009797,0,0,0,0,0.0,,False,True,object_dropped,full,0.2
ACT,186,6000228,metaworld,True,58,0.26345079299971985,0,0,0,0,0.0,,True,False,,full,0.2
ACT,187,6000229,metaworld,True,55,0.2343175349997182,0,0,0,0,0.0,,True,False,,full,0.2
ACT,188,6000230,metaworld,True,57,0.2619055089999165,0,0,0,0,0.0,,True,False,,full,0.2
ACT,189,6000231,metaworld,False,200,0.9150167159987177,0,0,0,0,0.0,,False,True,timeout,full,0.2
ACT,190,6000232,metaworld,False,200,1.1486290329994517,0,0,0,0,0.0,,False,True,object_dropped,full,0.2
ACT,191,6000233,metaworld,True,53,0.35271810199992615,0,0,0,0,0.0,,True,False,,full,0.2
ACT,192,6000234,metaworld,True,55,0.3027737890006392,0,0,0,0,0.0,,True,False,,full,0.2
ACT,193,6000235,metaworld,True,51,0.4731494820007356,0,0,0,0,0.0,,True,False,,full,0.2
ACT,194,6000236,metaworld,True,59,0.41595292700003483,0,0,0,0,0.0,,True,False,,full,0.2
ACT,195,6000237,metaworld,True,52,0.24667420200057677,0,0,0,0,0.0,,True,False,,full,0.2
ACT,196,6000238,metaworld,True,57,0.2458775750001223,0,0,0,0,0.0,,True,False,,full,0.2
ACT,197,6000239,metaworld,True,58,0.6080232360000082,0,0,0,0,0.0,,True,False,,full,0.2
ACT,198,6000240,metaworld,False,200,1.5225930450014857,0,0,0,0,0.0,,False,True,object_dropped,full,0.2
ACT,199,6000241,metaworld,True,59,0.39462140499927045,0,0,0,0,0.0,,True,False,,full,0.2
ACT,200,6000242,metaworld,False,200,2.757125927000743,0,0,0,0,0.0,,False,True,timeout,full,0.2
ACT,201,6000243,metaworld,True,60,0.6800353870003164,0,0,0,0,0.0,,True,False,,full,0.2
ACT,202,6000244,metaworld,True,52,0.4256691989994579,0,0,0,0,0.0,,True,False,,full,0.2
ACT,203,6000245,metaworld,True,67,0.9400299490007455,0,0,0,0,0.0,,True,False,,full,0.2
ACT,204,6000246,metaworld,False,200,2.0938403279997146,0,0,0,0,0.0,,False,True,timeout,full,0.2
ACT,205,6000247,metaworld,True,49,0.7924365889994078,0,0,0,0,0.0,,True,False,,full,0.2
ACT,206,6000248,metaworld,False,200,2.169986009999775,0,0,0,0,0.0,,False,True,timeout,full,0.2
ACT,207,6000249,metaworld,True,60,0.3453096529992763,0,0,0,0,0.0,,True,False,,full,0.2
ACT,208,6000250,metaworld,True,53,0.5096172869998554,0,0,0,0,0.0,,True,False,,full,0.2
ACT,209,6000251,metaworld,True,49,0.673864930999116,0,0,0,0,0.0,,True,False,,full,0.2
ACT,210,6000252,metaworld,True,52,0.455957952000972,0,0,0,0,0.0,,True,False,,full,0.2
ACT,211,6000253,metaworld,True,45,0.5861762300010014,0,0,0,0,0.0,,True,False,,full,0.2
ACT,212,6000254,metaworld,True,56,0.8326990659988951,0,0,0,0,0.0,,True,False,,full,0.2
ACT,213,6000255,metaworld,True,53,0.4411839060012426,0,0,0,0,0.0,,True,False,,full,0.2
ACT,214,6000256,metaworld,False,200,1.8859808710003563,0,0,0,0,0.0,,False,True,object_dropped,full,0.2
ACT,215,6000257,metaworld,True,53,0.6362418079988856,0,0,0,0,0.0,,True,False,,full,0.2
ACT,216,6000258,metaworld,True,51,0.5857495640011621,0,0,0,0,0.0,,True,False,,full,0.2
ACT,217,6000259,metaworld,True,52,0.38715167099871906,0,0,0,0,0.0,,True,False,,full,0.2
ACT,218,6000260,metaworld,False,200,2.1216088379987923,0,0,0,0,0.0,,False,True,timeout,full,0.2
ACT,219,6000261,metaworld,True,54,0.4408173659994645,0,0,0,0,0.0,,True,False,,full,0.2
ACT,220,6000262,metaworld,True,48,0.3816041589998349,0,0,0,0,0.0,,True,False,,full,0.2
ACT,221,6000263,metaworld,True,57,0.45643628399921,0,0,0,0,0.0,,True,False,,full,0.2
ACT,222,6000264,metaworld,True,51,0.39297503899979347,0,0,0,0,0.0,,True,False,,full,0.2
ACT,223,6000265,metaworld,True,51,0.3837005160003173,0,0,0,0,0.0,,True,False,,full,0.2
ACT,224,6000266,metaworld,True,58,0.46315815600064525,0,0,0,0,0.0,,True,False,,full,0.2
ACT,225,6000267,metaworld,True,52,0.41916080500050157,0,0,0,0,0.0,,True,False,,full,0.2
ACT,226,6000268,metaworld,True,54,0.3017132839995611,0,0,0,0,0.0,,True,False,,full,0.2
ACT,227,6000269,metaworld,True,55,0.29282800600049086,0,0,0,0,0.0,,True,False,,full,0.2
ACT,228,6000270,metaworld,True,53,0.6105251850003697,0,0,0,0,0.0,,True,False,,full,0.2
ACT,229,6000271,metaworld,True,52,0.6155480059987894,0,0,0,0,0.0,,True,False,,full,0.2
ACT,230,6000272,metaworld,False,200,2.062425874000837,0,0,0,0,0.0,,False,True,object_dropped,full,0.2
ACT,231,6000273,metaworld,True,54,0.5107659889999923,0,0,0,0,0.0,,True,False,,full,0.2
ACT,232,6000274,metaworld,True,57,0.5055852829991636,0,0,0,0,0.0,,True,False,,full,0.2
ACT,233,6000275,metaworld,True,56,0.6912422780005727,0,0,0,0,0.0,,True,False,,full,0.2
ACT,234,6000276,metaworld,False,200,2.150788625000132,0,0,0,0,0.0,,False,True,object_dropped,full,0.2
ACT,235,6000277,metaworld,False,200,1.7607309079994593,0,0,0,0,0.0,,False,True,object_dropped,full,0.2
ACT,236,6000278,metaworld,True,50,0.36072179399889137,0,0,0,0,0.0,,True,False,,full,0.2
ACT,237,6000279,metaworld,True,55,0.3823857190000126,0,0,0,0,0.0,,True,False,,full,0.2
ACT,238,6000280,metaworld,True,54,0.5865576910000527,0,0,0,0,0.0,,True,False,,full,0.2
ACT,239,6000281,metaworld,True,57,0.6522786609984905,0,0,0,0,0.0,,True,False,,full,0.2
ACT,240,6000282,metaworld,True,49,0.4585316310003691,0,0,0,0,0.0,,True,False,,full,0.2
ACT,241,6000283,metaworld,True,57,0.43462518000160344,0,0,0,0,0.0,,True,False,,full,0.2
ACT,242,6000284,metaworld,False,200,1.4079335420010466,0,0,0,0,0.0,,False,True,object_dropped,full,0.2
ACT,243,6000285,metaworld,False,200,0.861770797000645,0,0,0,0,0.0,,False,True,timeout,full,0.2
ACT,244,6000286,metaworld,True,54,0.3814190810007858,0,0,0,0,0.0,,True,False,,full,0.2
ACT,245,6000287,metaworld,True,57,0.4248578520000592,0,0,0,0,0.0,,True,False,,full,0.2
ACT,246,6000288,metaworld,True,55,0.6218474890010839,0,0,0,0,0.0,,True,False,,full,0.2
ACT,247,6000289,metaworld,True,54,0.427512525999191,0,0,0,0,0.0,,True,False,,full,0.2
ACT,248,6000290,metaworld,False,200,1.9865631149987166,0,0,0,0,0.0,,False,True,object_dropped,full,0.2
ACT,249,6000291,metaworld,True,52,0.6080293909999455,0,0,0,0,0.0,,True,False,,full,0.2
ACT,250,6000292,metaworld,True,55,0.45670783300010953,0,0,0,0,0.0,,True,False,,full,0.2
ACT,251,6000293,metaworld,True,53,0.5879167610000877,0,0,0,0,0.0,,True,False,,full,0.2
ACT,252,6000294,metaworld,True,53,0.48582991599869274,0,0,0,0,0.0,,True,False,,full,0.2
ACT,253,6000295,metaworld,True,52,0.4150231439998606,0,0,0,0,0.0,,True,False,,full,0.2
ACT,254,6000296,metaworld,False,200,1.4571155450012157,0,0,0,0,0.0,,False,True,timeout,full,0.2
ACT,255,6000297,metaworld,False,200,1.6998021809995407,0,0,0,0,0.0,,False,True,timeout,full,0.2
ACT,256,6000298,metaworld,False,200,1.5578093509993778,0,0,0,0,0.0,,False,True,object_dropped,full,0.2
ACT,257,6000299,metaworld,True,58,0.4109294610007055,0,0,0,0,0.0,,True,False,,full,0.2
ACT,258,6000300,metaworld,True,54,0.8460133770004177,0,0,0,0,0.0,,True,False,,full,0.2
ACT,259,6000301,metaworld,False,200,1.4153827410009399,0,0,0,0,0.0,,False,True,object_dropped,full,0.2
ACT,260,6000302,metaworld,True,52,0.3356364040009794,0,0,0,0,0.0,,True,False,,full,0.2
ACT,261,6000303,metaworld,True,58,0.36886247400070715,0,0,0,0,0.0,,True,False,,full,0.2
ACT,262,6000304,metaworld,True,50,0.34822940999947605,0,0,0,0,0.0,,True,False,,full,0.2
ACT,263,6000305,metaworld,True,50,0.30582550399958564,0,0,0,0,0.0,,True,False,,full,0.2
ACT,264,6000306,metaworld,True,52,0.36750995100010186,0,0,0,0,0.0,,True,False,,full,0.2
ACT,265,6000307,metaworld,True,57,0.32631233500069357,0,0,0,0,0.0,,True,False,,full,0.2
ACT,266,6000308,metaworld,True,58,0.467713628000638,0,0,0,0,0.0,,True,False,,full,0.2
ACT,267,6000309,metaworld,True,54,0.7918823959989822,0,0,0,0,0.0,,True,False,,full,0.2
ACT,268,6000310,metaworld,True,48,0.7146988570002577,0,0,0,0,0.0,,True,False,,full,0.2
ACT,269,6000311,metaworld,False,200,2.887451926000722,0,0,0,0,0.0,,False,True,object_dropped,full,0.2
ACT,270,6000312,metaworld,True,55,0.7926291430012498,0,0,0,0,0.0,,True,False,,full,0.2
ACT,271,6000313,metaworld,True,46,0.638335346000531,0,0,0,0,0.0,,True,False,,full,0.2
ACT,272,6000314,metaworld,True,58,0.7004897320002783,0,0,0,0,0.0,,True,False,,full,0.2
ACT,273,6000315,metaworld,True,48,0.6119529139996303,0,0,0,0,0.0,,True,False,,full,0.2
ACT,274,6000316,metaworld,False,200,1.798483162001503,0,0,0,0,0.0,,False,True,object_dropped,full,0.2
ACT,275,6000317,metaworld,False,200,2.305977570000323,0,0,0,0,0.0,,False,True,timeout,full,0.2
ACT,276,6000318,metaworld,True,60,0.410174371998437,0,0,0,0,0.0,,True,False,,full,0.2
ACT,277,6000319,metaworld,True,53,0.423114560000613,0,0,0,0,0.0,,True,False,,full,0.2
ACT,278,6000320,metaworld,True,57,0.43372371999976167,0,0,0,0,0.0,,True,False,,full,0.2
ACT,279,6000321,metaworld,True,53,0.4772718740005075,0,0,0,0,0.0,,True,False,,full,0.2
ACT,280,6000322,metaworld,True,54,0.6181769119993987,0,0,0,0,0.0,,True,False,,full,0.2
ACT,281,6000323,metaworld,False,200,2.5641201979997277,0,0,0,0,0.0,,False,True,timeout,full,0.2
ACT,282,6000324,metaworld,True,54,0.8766857999999047,0,0,0,0,0.0,,True,False,,full,0.2
ACT,283,6000325,metaworld,True,62,1.1177252720008255,0,0,0,0,0.0,,True,False,,full,0.2
ACT,284,6000326,metaworld,True,49,0.6778095810004743,0,0,0,0,0.0,,True,False,,full,0.2
ACT,285,6000327,metaworld,True,55,0.6545604699986143,0,0,0,0,0.0,,True,False,,full,0.2
ACT,286,6000328,metaworld,False,200,2.428404252999826,0,0,0,0,0.0,,False,True,timeout,full,0.2
ACT,287,6000329,metaworld,False,200,3.084397163000176,0,0,0,0,0.0,,False,True,object_dropped,full,0.2
ACT,288,6000330,metaworld,True,54,0.6514761969992833,0,0,0,0,0.0,,True,False,,full,0.2
ACT,289,6000331,metaworld,True,52,0.6517190880003909,0,0,0,0,0.0,,True,False,,full,0.2
ACT,290,6000332,metaworld,True,47,0.32755684800031304,0,0,0,0,0.0,,True,False,,full,0.2
ACT,291,6000333,metaworld,True,56,0.42322254899954714,0,0,0,0,0.0,,True,False,,full,0.2
ACT,292,6000334,metaworld,True,47,0.582146164999358,0,0,0,0,0.0,,True,False,,full,0.2
ACT,293,6000335,metaworld,False,200,2.4335364689995913,0,0,0,0,0.0,,False,True,timeout,full,0.2
ACT,294,6000336,metaworld,True,52,0.3992017649998161,0,0,0,0,0.0,,True,False,,full,0.2
ACT,295,6000337,metaworld,True,52,0.39425425300032657,0,0,0,0,0.0,,True,False,,full,0.2
ACT,296,6000338,metaworld,True,54,0.4187440189998597,0,0,0,0,0.0,,True,False,,full,0.2
ACT,297,6000339,metaworld,True,60,0.8182068139994954,0,0,0,0,0.0,,True,False,,full,0.2
ACT,298,6000340,metaworld,True,61,0.6053132179986278,0,0,0,0,0.0,,True,False,,full,0.2
ACT,299,6000341,metaworld,True,53,0.3929410190012277,0,0,0,0,0.0,,True,False,,full,0.2
ACT,300,6000342,metaworld,True,49,0.45979185099895403,0,0,0,0,0.0,,True,False,,full,0.2
ACT,301,6000343,metaworld,False,200,1.9529728819998127,0,0,0,0,0.0,,False,True,timeout,full,0.2
ACT,302,6000344,metaworld,True,55,0.4192424339998979,0,0,0,0,0.0,,True,False,,full,0.2
ACT,303,6000345,metaworld,False,200,1.9167977030010661,0,0,0,0,0.0,,False,True,timeout,full,0.2
ACT,304,6000346,metaworld,True,57,0.6445012800013501,0,0,0,0,0.0,,True,False,,full,0.2
ACT,305,6000347,metaworld,True,63,0.9169462159989052,0,0,0,0,0.0,,True,False,,full,0.2
ACT,306,6000348,metaworld,True,50,0.5192031830010819,0,0,0,0,0.0,,True,False,,full,0.2
ACT,307,6000349,metaworld,True,52,0.6949864649996016,0,0,0,0,0.0,,True,False,,full,0.2
ACT,308,6000350,metaworld,True,59,1.012418100001014,0,0,0,0,0.0,,True,False,,full,0.2
ACT,309,6000351,metaworld,True,51,0.6334439130005194,0,0,0,0,0.0,,True,False,,full,0.2
ACT,310,6000352,metaworld,False,200,2.051810375000059,0,0,0,0,0.0,,False,True,timeout,full,0.2
ACT,311,6000353,metaworld,True,53,0.4510058720006782,0,0,0,0,0.0,,True,False,,full,0.2
ACT,312,6000354,metaworld,True,53,0.478774446000898,0,0,0,0,0.0,,True,False,,full,0.2
ACT,313,6000355,metaworld,True,59,0.3108316880006896,0,0,0,0,0.0,,True,False,,full,0.2
ACT,314,6000356,metaworld,False,200,1.0734038470000087,0,0,0,0,0.0,,False,True,timeout,full,0.2
ACT,315,6000357,metaworld,True,56,0.23467792100018414,0,0,0,0,0.0,,True,False,,full,0.2
ACT,316,6000358,metaworld,True,58,0.2706372049997299,0,0,0,0,0.0,,True,False,,full,0.2
ACT,317,6000359,metaworld,False,200,0.8932908040005714,0,0,0,0,0.0,,False,True,object_dropped,full,0.2
ACT,318,6000360,metaworld,True,52,0.292018669000754,0,0,0,0,0.0,,True,False,,full,0.2
ACT,319,6000361,metaworld,False,200,1.4591113110000151,0,0,0,0,0.0,,False,True,timeout,full,0.2
ACT,320,6000362,metaworld,False,200,1.8147362090003298,0,0,0,0,0.0,,False,True,object_dropped,full,0.2
ACT,321,6000363,metaworld,True,50,0.5077590719993168,0,0,0,0,0.0,,True,False,,full,0.2
ACT,322,6000364,metaworld,True,59,0.48223888900065504,0,0,0,0,0.0,,True,False,,full,0.2
ACT,323,6000365,metaworld,True,55,0.3421143600007781,0,0,0,0,0.0,,True,False,,full,0.2
ACT,324,6000366,metaworld,False,200,1.1800031780003337,0,0,0,0,0.0,,False,True,timeout,full,0.2
ACT,325,6000367,metaworld,True,56,0.3104041260012309,0,0,0,0,0.0,,True,False,,full,0.2
ACT,326,6000368,metaworld,True,52,0.4800616529992112,0,0,0,0,0.0,,True,False,,full,0.2
ACT,327,6000369,metaworld,True,49,0.44256206300087797,0,0,0,0,0.0,,True,False,,full,0.2
ACT,328,6000370,metaworld,False,200,1.5975693729997147,0,0,0,0,0.0,,False,True,timeout,full,0.2
ACT,329,6000371,metaworld,True,48,0.19026210099946184,0,0,0,0,0.0,,True,False,,full,0.2
ACT,330,6000372,metaworld,True,53,0.40648289500131796,0,0,0,0,0.0,,True,False,,full,0.2
ACT,331,6000373,metaworld,False,200,1.6461484450010175,0,0,0,0,0.0,,False,True,timeout,full,0.2
ACT,332,6000374,metaworld,True,46,0.3662460289997398,0,0,0,0,0.0,,True,False,,full,0.2
ACT,333,6000375,metaworld,False,200,1.815543673999855,0,0,0,0,0.0,,False,True,timeout,full,0.2
ACT,334,6000376,metaworld,True,58,0.7006908749990544,0,0,0,0,0.0,,True,False,,full,0.2
ACT,335,6000377,metaworld,True,58,0.6317003990006924,0,0,0,0,0.0,,True,False,,full,0.2
ACT,336,6000378,metaworld,True,57,0.7979487510001491,0,0,0,0,0.0,,True,False,,full,0.2
ACT,337,6000379,metaworld,True,51,0.3898328980012593,0,0,0,0,0.0,,True,False,,full,0.2
ACT,338,6000380,metaworld,False,200,1.9018384250011877,0,0,0,0,0.0,,False,True,timeout,full,0.2
ACT,339,6000381,metaworld,True,60,0.5529036569987511,0,0,0,0,0.0,,True,False,,full,0.2
ACT,340,6000382,metaworld,True,51,0.39426666100007424,0,0,0,0,0.0,,True,False,,full,0.2
ACT,341,6000383,metaworld,True,52,0.44749129399860976,0,0,0,0,0.0,,True,False,,full,0.2
ACT,342,6000384,metaworld,True,52,0.37805135199960205,0,0,0,0,0.0,,True,False,,full,0.2
ACT,343,6000385,metaworld,False,200,1.394835282000713,0,0,0,0,0.0,,False,True,object_dropped,full,0.2
ACT,344,6000386,metaworld,True,56,0.2225107210015267,0,0,0,0,0.0,,True,False,,full,0.2
ACT,345,6000387,metaworld,True,49,0.41299274199991487,0,0,0,0,0.0,,True,False,,full,0.2
ACT,346,6000388,metaworld,True,54,0.43611493200114637,0,0,0,0,0.0,,True,False,,full,0.2
ACT,347,6000389,metaworld,True,49,0.22228302200164762,0,0,0,0,0.0,,True,False,,full,0.2
ACT,348,6000390,metaworld,True,53,0.34247129899995343,0,0,0,0,0.0,,True,False,,full,0.2
ACT,349,6000391,metaworld,False,200,1.2219862780002586,0,0,0,0,0.0,,False,True,timeout,full,0.2
ACT,350,6000392,metaworld,True,54,0.33559453999987454,0,0,0,0,0.0,,True,False,,full,0.2
ACT,351,6000393,metaworld,True,53,0.5278986229986913,0,0,0,0,0.0,,True,False,,full,0.2
ACT,352,6000394,metaworld,True,50,0.38216496800123423,0,0,0,0,0.0,,True,False,,full,0.2
ACT,353,6000395,metaworld,False,200,1.7431885510013672,0,0,0,0,0.0,,False,True,object_dropped,full,0.2
ACT,354,6000396,metaworld,True,50,0.4471127939996222,0,0,0,0,0.0,,True,False,,full,0.2
ACT,355,6000397,metaworld,False,200,1.5489068210008554,0,0,0,0,0.0,,False,True,timeout,full,0.2
ACT,356,6000398,metaworld,True,56,0.5201267379998171,0,0,0,0,0.0,,True,False,,full,0.2
ACT,357,6000399,metaworld,True,54,0.49922679900009825,0,0,0,0,0.0,,True,False,,full,0.2
ACT,358,6000400,metaworld,True,51,0.4302419369996642,0,0,0,0,0.0,,True,False,,full,0.2
ACT,359,6000401,metaworld,True,52,0.5021568949996436,0,0,0,0,0.0,,True,False,,full,0.2
ACT,360,6000402,metaworld,False,200,1.759740489998876,0,0,0,0,0.0,,False,True,object_dropped,full,0.2
ACT,361,6000403,metaworld,True,48,0.3769448780003586,0,0,0,0,0.0,,True,False,,full,0.2
ACT,362,6000404,metaworld,False,200,2.3186620629985555,0,0,0,0,0.0,,False,True,object_dropped,full,0.2
ACT,363,6000405,metaworld,True,50,0.5658654359995126,0,0,0,0,0.0,,True,False,,full,0.2
ACT,364,6000406,metaworld,True,49,0.4326074870004959,0,0,0,0,0.0,,True,False,,full,0.2
ACT,365,6000407,metaworld,True,47,0.5475412050000159,0,0,0,0,0.0,,True,False,,full,0.2
ACT,366,6000408,metaworld,True,54,0.6519897819998732,0,0,0,0,0.0,,True,False,,full,0.2
ACT,367,6000409,metaworld,True,57,0.7828850530004274,0,0,0,0,0.0,,True,False,,full,0.2
ACT,368,6000410,metaworld,True,56,0.6606238180011132,0,0,0,0,0.0,,True,False,,full,0.2
ACT,369,6000411,metaworld,True,57,0.40559839100023964,0,0,0,0,0.0,,True,False,,full,0.2
ACT,370,6000412,metaworld,True,52,0.24162274499940395,0,0,0,0,0.0,,True,False,,full,0.2
ACT,371,6000413,metaworld,True,55,0.27831113999855006,0,0,0,0,0.0,,True,False,,full,0.2
ACT,372,6000414,metaworld,True,51,0.23146942000130366,0,0,0,0,0.0,,True,False,,full,0.2
ACT,373,6000415,metaworld,False,200,0.907818502999362,0,0,0,0,0.0,,False,True,timeout,full,0.2
ACT,374,6000416,metaworld,True,54,0.38819496699943556,0,0,0,0,0.0,,True,False,,full,0.2
ACT,375,6000417,metaworld,False,200,2.01927088299999,0,0,0,0,0.0,,False,True,timeout,full,0.2
ACT,376,6000418,metaworld,True,49,0.5391601510000328,0,0,0,0,0.0,,True,False,,full,0.2
ACT,377,6000419,metaworld,True,57,0.8166262889990321,0,0,0,0,0.0,,True,False,,full,0.2
ACT,378,6000420,metaworld,False,200,1.9619340499993996,0,0,0,0,0.0,,False,True,object_dropped,full,0.2
ACT,379,6000421,metaworld,True,59,0.8854388130002917,0,0,0,0,0.0,,True,False,,full,0.2
ACT,380,6000422,metaworld,True,61,0.9382321350003622,0,0,0,0,0.0,,True,False,,full,0.2
ACT,381,6000423,metaworld,True,54,0.8375246790001256,0,0,0,0,0.0,,True,False,,full,0.2
ACT,382,6000424,metaworld,True,54,0.836202411001068,0,0,0,0,0.0,,True,False,,full,0.2
ACT,383,6000425,metaworld,True,47,0.606318297001053,0,0,0,0,0.0,,True,False,,full,0.2
ACT,384,6000426,metaworld,True,58,0.8741839249996701,0,0,0,0,0.0,,True,False,,full,0.2
ACT,385,6000427,metaworld,True,54,0.7945750870003394,0,0,0,0,0.0,,True,False,,full,0.2
ACT,386,6000428,metaworld,True,50,0.522430410999732,0,0,0,0,0.0,,True,False,,full,0.2
ACT,387,6000429,metaworld,False,200,2.2530048370008444,0,0,0,0,0.0,,False,True,object_dropped,full,0.2
ACT,388,6000430,metaworld,True,52,0.47947920600017824,0,0,0,0,0.0,,True,False,,full,0.2
ACT,389,6000431,metaworld,False,200,2.332774476999475,0,0,0,0,0.0,,False,True,timeout,full,0.2
ACT,390,6000432,metaworld,True,52,0.5640764519994264,0,0,0,0,0.0,,True,False,,full,0.2
ACT,391,6000433,metaworld,True,47,0.51597131500057,0,0,0,0,0.0,,True,False,,full,0.2
ACT,392,6000434,metaworld,False,200,2.0974764109996613,0,0,0,0,0.0,,False,True,object_dropped,full,0.2
ACT,393,6000435,metaworld,True,53,0.7170188979998784,0,0,0,0,0.0,,True,False,,full,0.2
ACT,394,6000436,metaworld,True,52,0.5477342960002716,0,0,0,0,0.0,,True,False,,full,0.2
ACT,395,6000437,metaworld,True,51,0.46926375000111875,0,0,0,0,0.0,,True,False,,full,0.2
ACT,396,6000438,metaworld,True,54,0.5176469919988449,0,0,0,0,0.0,,True,False,,full,0.2
ACT,397,6000439,metaworld,False,200,1.7385324839997338,0,0,0,0,0.0,,False,True,timeout,full,0.2
ACT,398,6000440,metaworld,False,200,1.3916155280003295,0,0,0,0,0.0,,False,True,timeout,full,0.2
ACT,399,6000441,metaworld,False,200,1.6922118999991653,0,0,0,0,0.0,,False,True,object_dropped,full,0.2
ACT,400,6000442,metaworld,True,48,0.5277118969988805,0,0,0,0,0.0,,True,False,,full,0.2
ACT,401,6000443,metaworld,True,50,0.7001480069993704,0,0,0,0,0.0,,True,False,,full,0.2
ACT,402,6000444,metaworld,True,57,0.6204451309986325,0,0,0,0,0.0,,True,False,,full,0.2
ACT,403,6000445,metaworld,False,200,2.126140337999459,0,0,0,0,0.0,,False,True,timeout,full,0.2
ACT,404,6000446,metaworld,True,52,0.4647624739991443,0,0,0,0,0.0,,True,False,,full,0.2
ACT,405,6000447,metaworld,False,200,1.5253791209997871,0,0,0,0,0.0,,False,True,object_dropped,full,0.2
ACT,406,6000448,metaworld,True,51,0.516073585000413,0,0,0,0,0.0,,True,False,,full,0.2
ACT,407,6000449,metaworld,True,53,0.3531535359998088,0,0,0,0,0.0,,True,False,,full,0.2
ACT,408,6000450,metaworld,True,56,0.4476945490005164,0,0,0,0,0.0,,True,False,,full,0.2
ACT,409,6000451,metaworld,False,200,1.6537206869998045,0,0,0,0,0.0,,False,True,object_dropped,full,0.2
ACT,410,6000452,metaworld,True,52,0.3566864959993836,0,0,0,0,0.0,,True,False,,full,0.2
ACT,411,6000453,metaworld,True,60,0.25154771099914797,0,0,0,0,0.0,,True,False,,full,0.2
ACT,412,6000454,metaworld,False,200,0.751806509000744,0,0,0,0,0.0,,False,True,timeout,full,0.2
ACT,413,6000455,metaworld,True,62,0.5559287599990057,0,0,0,0,0.0,,True,False,,full,0.2
ACT,414,6000456,metaworld,False,200,1.0667731880002975,0,0,0,0,0.0,,False,True,timeout,full,0.2
ACT,415,6000457,metaworld,True,57,0.29056133999984013,0,0,0,0,0.0,,True,False,,full,0.2
ACT,416,6000458,metaworld,True,49,0.31672291300128563,0,0,0,0,0.0,,True,False,,full,0.2
ACT,417,6000459,metaworld,True,54,0.22670160200141254,0,0,0,0,0.0,,True,False,,full,0.2
ACT,418,6000460,metaworld,True,56,0.23554127399984282,0,0,0,0,0.0,,True,False,,full,0.2
ACT,419,6000461,metaworld,True,56,0.2339907879995735,0,0,0,0,0.0,,True,False,,full,0.2
ACT,420,6000462,metaworld,True,57,0.2133563139996113,0,0,0,0,0.0,,True,False,,full,0.2
ACT,421,6000463,metaworld,True,61,0.23253982799906225,0,0,0,0,0.0,,True,False,,full,0.2
ACT,422,6000464,metaworld,True,53,0.39964839999993274,0,0,0,0,0.0,,True,False,,full,0.2
ACT,423,6000465,metaworld,True,56,0.626796722999643,0,0,0,0,0.0,,True,False,,full,0.2
ACT,424,6000466,metaworld,True,46,0.5745161690010718,0,0,0,0,0.0,,True,False,,full,0.2
ACT,425,6000467,metaworld,False,200,2.697306233998461,0,0,0,0,0.0,,False,True,object_dropped,full,0.2
ACT,426,6000468,metaworld,True,58,0.9004842009999265,0,0,0,0,0.0,,True,False,,full,0.2
ACT,427,6000469,metaworld,True,54,0.5539470610001445,0,0,0,0,0.0,,True,False,,full,0.2
ACT,428,6000470,metaworld,True,46,0.4330736310002976,0,0,0,0,0.0,,True,False,,full,0.2
ACT,429,6000471,metaworld,True,50,0.3717504319993168,0,0,0,0,0.0,,True,False,,full,0.2
ACT,430,6000472,metaworld,True,55,0.4343476260000898,0,0,0,0,0.0,,True,False,,full,0.2
ACT,431,6000473,metaworld,True,51,0.3710159720012598,0,0,0,0,0.0,,True,False,,full,0.2
ACT,432,6000474,metaworld,False,200,1.5706795200003398,0,0,0,0,0.0,,False,True,object_dropped,full,0.2
ACT,433,6000475,metaworld,False,200,2.0844812209998054,0,0,0,0,0.0,,False,True,object_dropped,full,0.2
ACT,434,6000476,metaworld,True,54,0.48311065399866493,0,0,0,0,0.0,,True,False,,full,0.2
ACT,435,6000477,metaworld,True,51,0.3804350489990611,0,0,0,0,0.0,,True,False,,full,0.2
ACT,436,6000478,metaworld,True,54,0.3974206869988848,0,0,0,0,0.0,,True,False,,full,0.2
ACT,437,6000479,metaworld,True,54,0.3720849840010487,0,0,0,0,0.0,,True,False,,full,0.2
ACT,438,6000480,metaworld,True,58,0.5656258720009646,0,0,0,0,0.0,,True,False,,full,0.2
ACT,439,6000481,metaworld,False,200,1.219005336999544,0,0,0,0,0.0,,False,True,object_dropped,full,0.2
ACT,440,6000482,metaworld,True,49,0.27324627000052715,0,0,0,0,0.0,,True,False,,full,0.2
ACT,441,6000483,metaworld,True,54,0.5138053310001851,0,0,0,0,0.0,,True,False,,full,0.2
ACT,442,6000484,metaworld,False,200,1.7486233670006186,0,0,0,0,0.0,,False,True,timeout,full,0.2
ACT,443,6000485,metaworld,True,49,0.5845813420000923,0,0,0,0,0.0,,True,False,,full,0.2
ACT,444,6000486,metaworld,True,53,0.3912997700008418,0,0,0,0,0.0,,True,False,,full,0.2
ACT,445,6000487,metaworld,False,200,2.2664731749991915,0,0,0,0,0.0,,False,True,timeout,full,0.2
ACT,446,6000488,metaworld,True,54,0.5131765540008928,0,0,0,0,0.0,,True,False,,full,0.2
ACT,447,6000489,metaworld,True,57,0.4380860560013389,0,0,0,0,0.0,,True,False,,full,0.2
ACT,448,6000490,metaworld,True,53,0.4577353580007184,0,0,0,0,0.0,,True,False,,full,0.2
ACT,449,6000491,metaworld,True,60,0.27952620500036574,0,0,0,0,0.0,,True,False,,full,0.2
ACT,450,6000492,metaworld,False,200,1.171884200999557,0,0,0,0,0.0,,False,True,timeout,full,0.2
ACT,451,6000493,metaworld,True,58,0.3626685560011538,0,0,0,0,0.0,,True,False,,full,0.2
ACT,452,6000494,metaworld,False,200,0.9568762500002777,0,0,0,0,0.0,,False,True,timeout,full,0.2
ACT,453,6000495,metaworld,True,53,0.2682311649987241,0,0,0,0,0.0,,True,False,,full,0.2
ACT,454,6000496,metaworld,False,200,0.7041250610000134,0,0,0,0,0.0,,False,True,timeout,full,0.2
ACT,455,6000497,metaworld,True,52,0.20326310100062983,0,0,0,0,0.0,,True,False,,full,0.2
ACT,456,6000498,metaworld,True,52,0.21131593599966436,0,0,0,0,0.0,,True,False,,full,0.2
ACT,457,6000499,metaworld,False,200,1.1004849519995332,0,0,0,0,0.0,,False,True,timeout,full,0.2
ACT,458,6000500,metaworld,True,47,0.1803630169997632,0,0,0,0,0.0,,True,False,,full,0.2
ACT,459,6000501,metaworld,True,49,0.34483031000127085,0,0,0,0,0.0,,True,False,,full,0.2
ACT,460,6000502,metaworld,True,56,0.5370373309997376,0,0,0,0,0.0,,True,False,,full,0.2
ACT,461,6000503,metaworld,True,58,0.24247827399995003,0,0,0,0,0.0,,True,False,,full,0.2
ACT,462,6000504,metaworld,True,45,0.32314195899925835,0,0,0,0,0.0,,True,False,,full,0.2
ACT,463,6000505,metaworld,False,200,1.1398830390007788,0,0,0,0,0.0,,False,True,timeout,full,0.2
ACT,464,6000506,metaworld,True,52,0.4601542890013661,0,0,0,0,0.0,,True,False,,full,0.2
ACT,465,6000507,metaworld,True,58,0.309481070999027,0,0,0,0,0.0,,True,False,,full,0.2
ACT,466,6000508,metaworld,False,200,1.9226866970002447,0,0,0,0,0.0,,False,True,object_dropped,full,0.2
ACT,467,6000509,metaworld,True,54,0.6778500569998869,0,0,0,0,0.0,,True,False,,full,0.2
ACT,468,6000510,metaworld,False,200,1.7534245810002176,0,0,0,0,0.0,,False,True,timeout,full,0.2
ACT,469,6000511,metaworld,True,50,0.7828857509994123,0,0,0,0,0.0,,True,False,,full,0.2
ACT,470,6000512,metaworld,True,51,0.6297249350009224,0,0,0,0,0.0,,True,False,,full,0.2
ACT,471,6000513,metaworld,True,51,0.4073278250016301,0,0,0,0,0.0,,True,False,,full,0.2
ACT,472,6000514,metaworld,False,200,2.0271000369994,0,0,0,0,0.0,,False,True,timeout,full,0.2
ACT,473,6000515,metaworld,True,49,0.3987506180001219,0,0,0,0,0.0,,True,False,,full,0.2
ACT,474,6000516,metaworld,True,53,0.4875778869991336,0,0,0,0,0.0,,True,False,,full,0.2
ACT,475,6000517,metaworld,False,200,2.2776993250008672,0,0,0,0,0.0,,False,True,timeout,full,0.2
ACT,476,6000518,metaworld,False,200,1.6688291530008428,0,0,0,0,0.0,,False,True,object_dropped,full,0.2
ACT,477,6000519,metaworld,True,57,0.7005011500004912,0,0,0,0,0.0,,True,False,,full,0.2
ACT,478,6000520,metaworld,True,53,0.38770984999973734,0,0,0,0,0.0,,True,False,,full,0.2
ACT,479,6000521,metaworld,True,53,0.41067430899965984,0,0,0,0,0.0,,True,False,,full,0.2
ACT,480,6000522,metaworld,True,54,0.4768614399999933,0,0,0,0,0.0,,True,False,,full,0.2
ACT,481,6000523,metaworld,True,54,0.4671203420002712,0,0,0,0,0.0,,True,False,,full,0.2
ACT,482,6000524,metaworld,False,200,2.004141597000853,0,0,0,0,0.0,,False,True,object_dropped,full,0.2
ACT,483,6000525,metaworld,True,47,0.47597559899986663,0,0,0,0,0.0,,True,False,,full,0.2
ACT,484,6000526,metaworld,True,56,0.4544277910008532,0,0,0,0,0.0,,True,False,,full,0.2
ACT,485,6000527,metaworld,True,50,0.5054905569995753,0,0,0,0,0.0,,True,False,,full,0.2
ACT,486,6000528,metaworld,True,49,0.48576483400029247,0,0,0,0,0.0,,True,False,,full,0.2
ACT,487,6000529,metaworld,False,200,1.5168273569997837,0,0,0,0,0.0,,False,True,timeout,full,0.2
ACT,488,6000530,metaworld,True,52,0.4280020229998627,0,0,0,0,0.0,,True,False,,full,0.2
ACT,489,6000531,metaworld,True,54,0.4358577069997409,0,0,0,0,0.0,,True,False,,full,0.2
ACT,490,6000532,metaworld,False,200,2.0104449779992137,0,0,0,0,0.0,,False,True,timeout,full,0.2
ACT,491,6000533,metaworld,True,54,0.5669810519993916,0,0,0,0,0.0,,True,False,,full,0.2
ACT,492,6000534,metaworld,True,59,0.7727165310006967,0,0,0,0,0.0,,True,False,,full,0.2
ACT,493,6000535,metaworld,True,54,0.7119690509989596,0,0,0,0,0.0,,True,False,,full,0.2
ACT,494,6000536,metaworld,False,200,2.683951512999556,0,0,0,0,0.0,,False,True,timeout,full,0.2
ACT,495,6000537,metaworld,True,53,0.5117513699988194,0,0,0,0,0.0,,True,False,,full,0.2
ACT,496,6000538,metaworld,True,48,0.4866706829998293,0,0,0,0,0.0,,True,False,,full,0.2
ACT,497,6000539,metaworld,True,56,0.6356793289996858,0,0,0,0,0.0,,True,False,,full,0.2
ACT,498,6000540,metaworld,True,55,0.3618899040011456,0,0,0,0,0.0,,True,False,,full,0.2
ACT,499,6000541,metaworld,True,57,0.6658049809993827,0,0,0,0,0.0,,True,False,,full,0.2
ACT,500,6000542,metaworld,True,56,0.7517649340006756,0,0,0,0,0.0,,True,False,,full,0.2
ACT,501,6000543,metaworld,False,200,1.3811450969988073,0,0,0,0,0.0,,False,True,timeout,full,0.2
ACT,502,6000544,metaworld,True,51,0.2849642259989196,0,0,0,0,0.0,,True,False,,full,0.2
ACT,503,6000545,metaworld,False,200,1.6467975710002065,0,0,0,0,0.0,,False,True,timeout,full,0.2
ACT,504,6000546,metaworld,True,53,0.33717686199997843,0,0,0,0,0.0,,True,False,,full,0.2
ACT,505,6000547,metaworld,True,52,0.40588850200037996,0,0,0,0,0.0,,True,False,,full,0.2
ACT,506,6000548,metaworld,True,57,0.4650522299998556,0,0,0,0,0.0,,True,False,,full,0.2
ACT,507,6000549,metaworld,True,47,0.48859922399969946,0,0,0,0,0.0,,True,False,,full,0.2
ACT,508,6000550,metaworld,True,55,0.5838537260005978,0,0,0,0,0.0,,True,False,,full,0.2
ACT,509,6000551,metaworld,True,49,0.5386080779990152,0,0,0,0,0.0,,True,False,,full,0.2
ACT,510,6000552,metaworld,True,51,0.4781032779992529,0,0,0,0,0.0,,True,False,,full,0.2
ACT,511,6000553,metaworld,False,200,1.3941255179997825,0,0,0,0,0.0,,False,True,timeout,full,0.2
ACT,512,6000554,metaworld,False,200,1.6785280959993543,0,0,0,0,0.0,,False,True,timeout,full,0.2
ACT,513,6000555,metaworld,True,52,0.4262290219994611,0,0,0,0,0.0,,True,False,,full,0.2
ACT,514,6000556,metaworld,True,50,0.45009547200061206,0,0,0,0,0.0,,True,False,,full,0.2
ACT,515,6000557,metaworld,True,56,0.5189787630006322,0,0,0,0,0.0,,True,False,,full,0.2
ACT,516,6000558,metaworld,False,200,2.5716687370004365,0,0,0,0,0.0,,False,True,timeout,full,0.2
ACT,517,6000559,metaworld,True,59,0.5096689910005807,0,0,0,0,0.0,,True,False,,full,0.2
ACT,518,6000560,metaworld,True,60,0.6532068259984953,0,0,0,0,0.0,,True,False,,full,0.2
ACT,519,6000561,metaworld,True,56,0.57147085699944,0,0,0,0,0.0,,True,False,,full,0.2
ACT,520,6000562,metaworld,True,54,0.22042080000028363,0,0,0,0,0.0,,True,False,,full,0.2
ACT,521,6000563,metaworld,True,61,0.508987392000563,0,0,0,0,0.0,,True,False,,full,0.2
ACT,522,6000564,metaworld,False,200,1.0041608089995862,0,0,0,0,0.0,,False,True,timeout,full,0.2
ACT,523,6000565,metaworld,False,200,1.411962255000617,0,0,0,0,0.0,,False,True,timeout,full,0.2
ACT,524,6000566,metaworld,True,53,0.2939560299982986,0,0,0,0,0.0,,True,False,,full,0.2
ACT,525,6000567,metaworld,True,54,0.5041496829999232,0,0,0,0,0.0,,True,False,,full,0.2
ACT,526,6000568,metaworld,True,58,0.4674573419997614,0,0,0,0,0.0,,True,False,,full,0.2
ACT,527,6000569,metaworld,True,58,0.5545474190003006,0,0,0,0,0.0,,True,False,,full,0.2
ACT,528,6000570,metaworld,False,200,1.8456475969996973,0,0,0,0,0.0,,False,True,object_dropped,full,0.2
ACT,529,6000571,metaworld,False,200,2.4309087700003147,0,0,0,0,0.0,,False,True,object_dropped,full,0.2
ACT,530,6000572,metaworld,False,200,2.2448511090005923,0,0,0,0,0.0,,False,True,object_dropped,full,0.2
ACT,531,6000573,metaworld,False,200,2.227088547000676,0,0,0,0,0.0,,False,True,timeout,full,0.2
ACT,532,6000574,metaworld,True,52,0.5013608699991892,0,0,0,0,0.0,,True,False,,full,0.2
ACT,533,6000575,metaworld,True,53,0.7884985770015192,0,0,0,0,0.0,,True,False,,full,0.2
ACT,534,6000576,metaworld,True,49,0.5586857860016607,0,0,0,0,0.0,,True,False,,full,0.2
ACT,535,6000577,metaworld,True,52,0.7383597099997132,0,0,0,0,0.0,,True,False,,full,0.2
ACT,536,6000578,metaworld,False,200,2.3514296220000688,0,0,0,0,0.0,,False,True,timeout,full,0.2
ACT,537,6000579,metaworld,True,52,0.6768346319986449,0,0,0,0,0.0,,True,False,,full,0.2
ACT,538,6000580,metaworld,True,49,0.46813211900007445,0,0,0,0,0.0,,True,False,,full,0.2
ACT,539,6000581,metaworld,True,52,0.6229570569994394,0,0,0,0,0.0,,True,False,,full,0.2
ACT,540,6000582,metaworld,True,59,0.6588688049996563,0,0,0,0,0.0,,True,False,,full,0.2
ACT,541,6000583,metaworld,True,52,0.44849795600021025,0,0,0,0,0.0,,True,False,,full,0.2
ACT,542,6000584,metaworld,True,57,0.9038335789991834,0,0,0,0,0.0,,True,False,,full,0.2
ACT,543,6000585,metaworld,True,56,0.9795080399999279,0,0,0,0,0.0,,True,False,,full,0.2
ACT,544,6000586,metaworld,True,52,1.0797936389990355,0,0,0,0,0.0,,True,False,,full,0.2
ACT,545,6000587,metaworld,True,52,0.8188850690003164,0,0,0,0,0.0,,True,False,,full,0.2
ACT,546,6000588,metaworld,True,47,0.33312059399941063,0,0,0,0,0.0,,True,False,,full,0.2
ACT,547,6000589,metaworld,False,200,2.8124992180000845,0,0,0,0,0.0,,False,True,object_dropped,full,0.2
ACT,548,6000590,metaworld,True,59,0.638650155000505,0,0,0,0,0.0,,True,False,,full,0.2
ACT,549,6000591,metaworld,True,56,0.5377884500012442,0,0,0,0,0.0,,True,False,,full,0.2
ACT,550,6000592,metaworld,False,200,2.563326016999781,0,0,0,0,0.0,,False,True,object_dropped,full,0.2
ACT,551,6000593,metaworld,True,49,0.6037424090009154,0,0,0,0,0.0,,True,False,,full,0.2
ACT,552,6000594,metaworld,True,57,0.8321178660007718,0,0,0,0,0.0,,True,False,,full,0.2
ACT,553,6000595,metaworld,True,54,0.4158655159990303,0,0,0,0,0.0,,True,False,,full,0.2
ACT,554,6000596,metaworld,True,53,0.686999690000448,0,0,0,0,0.0,,True,False,,full,0.2
ACT,555,6000597,metaworld,False,200,2.827023919999192,0,0,0,0,0.0,,False,True,timeout,full,0.2
ACT,556,6000598,metaworld,True,53,0.45840552800109435,0,0,0,0,0.0,,True,False,,full,0.2
ACT,557,6000599,metaworld,False,200,1.921808057000817,0,0,0,0,0.0,,False,True,object_dropped,full,0.2
ACT,558,6000600,metaworld,True,58,1.0387435909997293,0,0,0,0,0.0,,True,False,,full,0.2
ACT,559,6000601,metaworld,False,200,2.5273359429993434,0,0,0,0,0.0,,False,True,object_dropped,full,0.2
ACT,560,6000602,metaworld,False,200,2.213822562000132,0,0,0,0,0.0,,False,True,object_dropped,full,0.2
ACT,561,6000603,metaworld,False,200,1.7428677099997003,0,0,0,0,0.0,,False,True,object_dropped,full,0.2
ACT,562,6000604,metaworld,True,48,0.26885365799898864,0,0,0,0,0.0,,True,False,,full,0.2
ACT,563,6000605,metaworld,False,200,1.730651931000466,0,0,0,0,0.0,,False,True,timeout,full,0.2
ACT,564,6000606,metaworld,True,59,0.5963281730000745,0,0,0,0,0.0,,True,False,,full,0.2
ACT,565,6000607,metaworld,False,200,0.9140229690001433,0,0,0,0,0.0,,False,True,timeout,full,0.2
ACT,566,6000608,metaworld,True,46,0.3432077690013102,0,0,0,0,0.0,,True,False,,full,0.2
ACT,567,6000609,metaworld,True,53,0.4231121510001685,0,0,0,0,0.0,,True,False,,full,0.2
ACT,568,6000610,metaworld,True,55,0.589457673000652,0,0,0,0,0.0,,True,False,,full,0.2
ACT,569,6000611,metaworld,True,51,0.33450625400109857,0,0,0,0,0.0,,True,False,,full,0.2
ACT,570,6000612,metaworld,True,59,0.26198240099984105,0,0,0,0,0.0,,True,False,,full,0.2
ACT,571,6000613,metaworld,True,57,0.23135216099944955,0,0,0,0,0.0,,True,False,,full,0.2
ACT,572,6000614,metaworld,True,52,0.23688856900116662,0,0,0,0,0.0,,True,False,,full,0.2
ACT,573,6000615,metaworld,True,59,0.25584774099843344,0,0,0,0,0.0,,True,False,,full,0.2
ACT,574,6000616,metaworld,True,48,0.22958337599993683,0,0,0,0,0.0,,True,False,,full,0.2
ACT,575,6000617,metaworld,True,47,0.3263821110012941,0,0,0,0,0.0,,True,False,,full,0.2
ACT,576,6000618,metaworld,True,51,0.4664154940001026,0,0,0,0,0.0,,True,False,,full,0.2
ACT,577,6000619,metaworld,True,54,0.4714689529992029,0,0,0,0,0.0,,True,False,,full,0.2
ACT,578,6000620,metaworld,True,55,0.34515656499934266,0,0,0,0,0.0,,True,False,,full,0.2
ACT,579,6000621,metaworld,True,52,0.5028269810009078,0,0,0,0,0.0,,True,False,,full,0.2
ACT,580,6000622,metaworld,True,52,0.46846689999983937,0,0,0,0,0.0,,True,False,,full,0.2
ACT,581,6000623,metaworld,True,60,0.34125604499968176,0,0,0,0,0.0,,True,False,,full,0.2
ACT,582,6000624,metaworld,True,52,0.3468108779998147,0,0,0,0,0.0,,True,False,,full,0.2
ACT,583,6000625,metaworld,True,53,0.26339674100017874,0,0,0,0,0.0,,True,False,,full,0.2
ACT,584,6000626,metaworld,False,200,0.9199124879996816,0,0,0,0,0.0,,False,True,object_dropped,full,0.2
ACT,585,6000627,metaworld,True,45,0.1963406369995937,0,0,0,0,0.0,,True,False,,full,0.2
ACT,586,6000628,metaworld,True,59,0.4934804909989907,0,0,0,0,0.0,,True,False,,full,0.2
ACT,587,6000629,metaworld,True,58,0.2961289939994458,0,0,0,0,0.0,,True,False,,full,0.2
ACT,588,6000630,metaworld,True,52,0.49064138299945625,0,0,0,0,0.0,,True,False,,full,0.2
ACT,589,6000631,metaworld,True,53,0.3943103239998891,0,0,0,0,0.0,,True,False,,full,0.2
ACT,590,6000632,metaworld,True,52,0.3877645480006322,0,0,0,0,0.0,,True,False,,full,0.2
ACT,591,6000633,metaworld,True,55,0.6185490640000353,0,0,0,0,0.0,,True,False,,full,0.2
ACT,592,6000634,metaworld,True,50,0.36214892899988627,0,0,0,0,0.0,,True,False,,full,0.2
ACT,593,6000635,metaworld,True,51,0.5797034979987075,0,0,0,0,0.0,,True,False,,full,0.2
ACT,594,6000636,metaworld,True,49,0.4994726320001064,0,0,0,0,0.0,,True,False,,full,0.2
ACT,595,6000637,metaworld,False,200,1.6944716489997518,0,0,0,0,0.0,,False,True,timeout,full,0.2
ACT,596,6000638,metaworld,True,53,0.7660297430011269,0,0,0,0,0.0,,True,False,,full,0.2
ACT,597,6000639,metaworld,False,200,2.065737519000322,0,0,0,0,0.0,,False,True,timeout,full,0.2
ACT,598,6000640,metaworld,True,57,0.442911322999862,0,0,0,0,0.0,,True,False,,full,0.2
ACT,599,6000641,metaworld,False,200,2.2948697470001207,0,0,0,0,0.0,,False,True,timeout,full,0.2
ACT,600,6000642,metaworld,True,56,0.5559651350013155,0,0,0,0,0.0,,True,False,,full,0.2
ACT,601,6000643,metaworld,False,200,1.7992075130005105,0,0,0,0,0.0,,False,True,timeout,full,0.2
ACT,602,6000644,metaworld,True,56,0.6186768830011715,0,0,0,0,0.0,,True,False,,full,0.2
ACT,603,6000645,metaworld,True,61,0.658006875000865,0,0,0,0,0.0,,True,False,,full,0.2
ACT,604,6000646,metaworld,True,53,0.6121397940005409,0,0,0,0,0.0,,True,False,,full,0.2
ACT,605,6000647,metaworld,True,51,0.3943880229999195,0,0,0,0,0.0,,True,False,,full,0.2
ACT,606,6000648,metaworld,True,55,0.5607609340004274,0,0,0,0,0.0,,True,False,,full,0.2
ACT,607,6000649,metaworld,False,200,1.597678754998924,0,0,0,0,0.0,,False,True,timeout,full,0.2
ACT,608,6000650,metaworld,False,200,0.9898051929994836,0,0,0,0,0.0,,False,True,object_dropped,full,0.2
ACT,609,6000651,metaworld,True,62,0.4976041099998838,0,0,0,0,0.0,,True,False,,full,0.2
ACT,610,6000652,metaworld,False,200,1.139582382998924,0,0,0,0,0.0,,False,True,timeout,full,0.2
ACT,611,6000653,metaworld,True,52,0.2521760399995401,0,0,0,0,0.0,,True,False,,full,0.2
ACT,612,6000654,metaworld,True,46,0.2037806529988302,0,0,0,0,0.0,,True,False,,full,0.2
ACT,613,6000655,metaworld,False,200,0.9376768919992173,0,0,0,0,0.0,,False,True,timeout,full,0.2
ACT,614,6000656,metaworld,True,50,0.21122879900030966,0,0,0,0,0.0,,True,False,,full,0.2
ACT,615,6000657,metaworld,True,54,0.2986681509992195,0,0,0,0,0.0,,True,False,,full,0.2
ACT,616,6000658,metaworld,False,200,1.0279397379999864,0,0,0,0,0.0,,False,True,object_dropped,full,0.2
ACT,617,6000659,metaworld,True,49,0.3723568739987968,0,0,0,0,0.0,,True,False,,full,0.2
ACT,618,6000660,metaworld,False,200,1.3145201400002406,0,0,0,0,0.0,,False,True,object_dropped,full,0.2
ACT,619,6000661,metaworld,True,52,0.41821890299979714,0,0,0,0,0.0,,True,False,,full,0.2
ACT,620,6000662,metaworld,False,200,1.3454590210003516,0,0,0,0,0.0,,False,True,object_dropped,full,0.2
ACT,621,6000663,metaworld,False,200,1.5909509529992647,0,0,0,0,0.0,,False,True,timeout,full,0.2
ACT,622,6000664,metaworld,True,53,0.32437114200001815,0,0,0,0,0.0,,True,False,,full,0.2
ACT,623,6000665,metaworld,True,55,0.2459172689996194,0,0,0,0,0.0,,True,False,,full,0.2
ACT,624,6000666,metaworld,True,57,0.27199384400046256,0,0,0,0,0.0,,True,False,,full,0.2
ACT,625,6000667,metaworld,True,52,0.3513837619993865,0,0,0,0,0.0,,True,False,,full,0.2
ACT,626,6000668,metaworld,True,52,0.214138424000339,0,0,0,0,0.0,,True,False,,full,0.2
ACT,627,6000669,metaworld,True,52,0.21670170099969255,0,0,0,0,0.0,,True,False,,full,0.2
ACT,628,6000670,metaworld,True,52,0.3513466740005242,0,0,0,0,0.0,,True,False,,full,0.2
ACT,629,6000671,metaworld,True,53,0.2706582980008534,0,0,0,0,0.0,,True,False,,full,0.2
ACT,630,6000672,metaworld,True,59,0.2308336820005934,0,0,0,0,0.0,,True,False,,full,0.2
ACT,631,6000673,metaworld,True,52,0.31516064000061306,0,0,0,0,0.0,,True,False,,full,0.2
ACT,632,6000674,metaworld,True,56,0.4774746729999606,0,0,0,0,0.0,,True,False,,full,0.2
ACT,633,6000675,metaworld,False,200,1.927009667000675,0,0,0,0,0.0,,False,True,object_dropped,full,0.2
ACT,634,6000676,metaworld,True,57,0.5243669619994762,0,0,0,0,0.0,,True,False,,full,0.2
ACT,635,6000677,metaworld,False,200,1.9847802969998156,0,0,0,0,0.0,,False,True,object_dropped,full,0.2
ACT,636,6000678,metaworld,True,50,0.37751705600021523,0,0,0,0,0.0,,True,False,,full,0.2
ACT,637,6000679,metaworld,True,53,0.4299478819993965,0,0,0,0,0.0,,True,False,,full,0.2
ACT,638,6000680,metaworld,True,54,0.44684675700045773,0,0,0,0,0.0,,True,False,,full,0.2
ACT,639,6000681,metaworld,True,53,0.5065056990006269,0,0,0,0,0.0,,True,False,,full,0.2
ACT,640,6000682,metaworld,False,200,2.083805169000698,0,0,0,0,0.0,,False,True,timeout,full,0.2
ACT,641,6000683,metaworld,True,52,0.2877152679993742,0,0,0,0,0.0,,True,False,,full,0.2
ACT,642,6000684,metaworld,True,53,0.3152074170011474,0,0,0,0,0.0,,True,False,,full,0.2
ACT,643,6000685,metaworld,False,200,2.2899158069994883,0,0,0,0,0.0,,False,True,object_dropped,full,0.2
ACT,644,6000686,metaworld,True,53,0.19371116799993615,0,0,0,0,0.0,,True,False,,full,0.2
ACT,645,6000687,metaworld,True,54,0.21459104099994875,0,0,0,0,0.0,,True,False,,full,0.2
ACT,646,6000688,metaworld,True,47,0.21048921799956588,0,0,0,0,0.0,,True,False,,full,0.2
ACT,647,6000689,metaworld,True,58,0.2209519160005584,0,0,0,0,0.0,,True,False,,full,0.2
ACT,648,6000690,metaworld,True,53,0.29337909200148715,0,0,0,0,0.0,,True,False,,full,0.2
ACT,649,6000691,metaworld,True,57,0.5830529969989584,0,0,0,0,0.0,,True,False,,full,0.2
ACT,650,6000692,metaworld,True,53,0.5445183100000577,0,0,0,0,0.0,,True,False,,full,0.2
ACT,651,6000693,metaworld,True,55,0.614569642000788,0,0,0,0,0.0,,True,False,,full,0.2
ACT,652,6000694,metaworld,True,51,0.4856223719998525,0,0,0,0,0.0,,True,False,,full,0.2
ACT,653,6000695,metaworld,True,61,0.46604186600052344,0,0,0,0,0.0,,True,False,,full,0.2
ACT,654,6000696,metaworld,True,56,0.4855178039997554,0,0,0,0,0.0,,True,False,,full,0.2
ACT,655,6000697,metaworld,True,54,0.6028207330000441,0,0,0,0,0.0,,True,False,,full,0.2
ACT,656,6000698,metaworld,True,57,0.46961032100080047,0,0,0,0,0.0,,True,False,,full,0.2
ACT,657,6000699,metaworld,False,200,1.1237715820006997,0,0,0,0,0.0,,False,True,timeout,full,0.2
ACT,658,6000700,metaworld,True,56,0.19469724299960944,0,0,0,0,0.0,,True,False,,full,0.2
ACT,659,6000701,metaworld,True,48,0.17802098100037256,0,0,0,0,0.0,,True,False,,full,0.2
ACT,660,6000702,metaworld,False,200,0.9331926569993811,0,0,0,0,0.0,,False,True,timeout,full,0.2
ACT,661,6000703,metaworld,False,200,1.264057785998375,0,0,0,0,0.0,,False,True,timeout,full,0.2
ACT,662,6000704,metaworld,True,53,0.28362460500102316,0,0,0,0,0.0,,True,False,,full,0.2
ACT,663,6000705,metaworld,True,52,0.2944982949993573,0,0,0,0,0.0,,True,False,,full,0.2
ACT,664,6000706,metaworld,True,51,0.38195051699949545,0,0,0,0,0.0,,True,False,,full,0.2
ACT,665,6000707,metaworld,True,54,0.40323731799981033,0,0,0,0,0.0,,True,False,,full,0.2
ACT,666,6000708,metaworld,False,200,1.9359755779987609,0,0,0,0,0.0,,False,True,timeout,full,0.2
ACT,667,6000709,metaworld,True,56,0.5458677400001761,0,0,0,0,0.0,,True,False,,full,0.2
ACT,668,6000710,metaworld,True,58,0.3773592480010848,0,0,0,0,0.0,,True,False,,full,0.2
ACT,669,6000711,metaworld,True,56,0.26168043700090493,0,0,0,0,0.0,,True,False,,full,0.2
ACT,670,6000712,metaworld,True,54,0.2965406779985642,0,0,0,0,0.0,,True,False,,full,0.2
ACT,671,6000713,metaworld,True,49,0.3734734239988029,0,0,0,0,0.0,,True,False,,full,0.2
ACT,672,6000714,metaworld,True,53,0.47190543499891646,0,0,0,0,0.0,,True,False,,full,0.2
ACT,673,6000715,metaworld,True,51,0.3648718310014374,0,0,0,0,0.0,,True,False,,full,0.2
ACT,674,6000716,metaworld,True,66,0.6795158830009314,0,0,0,0,0.0,,True,False,,full,0.2
ACT,675,6000717,metaworld,True,55,0.7562458550000883,0,0,0,0,0.0,,True,False,,full,0.2
ACT,676,6000718,metaworld,True,46,0.45616994200099725,0,0,0,0,0.0,,True,False,,full,0.2
ACT,677,6000719,metaworld,False,200,1.8020585350004694,0,0,0,0,0.0,,False,True,timeout,full,0.2
ACT,678,6000720,metaworld,False,200,2.0204611999997724,0,0,0,0,0.0,,False,True,object_dropped,full,0.2
ACT,679,6000721,metaworld,True,54,0.40430807399934565,0,0,0,0,0.0,,True,False,,full,0.2
ACT,680,6000722,metaworld,True,53,0.4269767009991483,0,0,0,0,0.0,,True,False,,full,0.2
ACT,681,6000723,metaworld,True,57,0.4454543840001861,0,0,0,0,0.0,,True,False,,full,0.2
ACT,682,6000724,metaworld,False,200,1.5541569239994715,0,0,0,0,0.0,,False,True,timeout,full,0.2
ACT,683,6000725,metaworld,True,52,0.392090115999963,0,0,0,0,0.0,,True,False,,full,0.2
ACT,684,6000726,metaworld,False,200,1.6892169270013255,0,0,0,0,0.0,,False,True,timeout,full,0.2
ACT,685,6000727,metaworld,True,50,0.37752508700032195,0,0,0,0,0.0,,True,False,,full,0.2
ACT,686,6000728,metaworld,True,45,0.2896300230004272,0,0,0,0,0.0,,True,False,,full,0.2
ACT,687,6000729,metaworld,True,54,0.2959958910014393,0,0,0,0,0.0,,True,False,,full,0.2
ACT,688,6000730,metaworld,False,200,0.8463270329993975,0,0,0,0,0.0,,False,True,object_dropped,full,0.2
ACT,689,6000731,metaworld,True,56,0.1994142000003194,0,0,0,0,0.0,,True,False,,full,0.2
ACT,690,6000732,metaworld,True,55,0.198984812001072,0,0,0,0,0.0,,True,False,,full,0.2
ACT,691,6000733,metaworld,False,200,0.7972718879991589,0,0,0,0,0.0,,False,True,object_dropped,full,0.2
ACT,692,6000734,metaworld,True,59,0.4487427759995626,0,0,0,0,0.0,,True,False,,full,0.2
ACT,693,6000735,metaworld,True,53,0.4246634869996342,0,0,0,0,0.0,,True,False,,full,0.2
ACT,694,6000736,metaworld,True,63,0.4786719269995956,0,0,0,0,0.0,,True,False,,full,0.2
ACT,695,6000737,metaworld,True,61,0.26718185099889524,0,0,0,0,0.0,,True,False,,full,0.2
ACT,696,6000738,metaworld,False,200,1.1443994020009995,0,0,0,0,0.0,,False,True,object_dropped,full,0.2
ACT,697,6000739,metaworld,True,48,0.18407103000026837,0,0,0,0,0.0,,True,False,,full,0.2
ACT,698,6000740,metaworld,False,200,0.8335339750010462,0,0,0,0,0.0,,False,True,timeout,full,0.2
ACT,699,6000741,metaworld,True,54,0.19448296900009154,0,0,0,0,0.0,,True,False,,full,0.2
ACT,700,6000742,metaworld,True,52,0.21399523299987777,0,0,0,0,0.0,,True,False,,full,0.2
ACT,701,6000743,metaworld,True,55,0.39184632999968017,0,0,0,0,0.0,,True,False,,full,0.2
ACT,702,6000744,metaworld,True,51,0.28888991799976793,0,0,0,0,0.0,,True,False,,full,0.2
ACT,703,6000745,metaworld,False,200,1.0171128919992043,0,0,0,0,0.0,,False,True,timeout,full,0.2
ACT,704,6000746,metaworld,True,54,0.6719646069996088,0,0,0,0,0.0,,True,False,,full,0.2
ACT,705,6000747,metaworld,True,53,0.649838842000463,0,0,0,0,0.0,,True,False,,full,0.2
ACT,706,6000748,metaworld,False,200,1.922159780999209,0,0,0,0,0.0,,False,True,timeout,full,0.2
ACT,707,6000749,metaworld,True,53,0.4281247010003426,0,0,0,0,0.0,,True,False,,full,0.2
ACT,708,6000750,metaworld,True,53,0.1965195649991074,0,0,0,0,0.0,,True,False,,full,0.2
ACT,709,6000751,metaworld,True,49,0.19963723799992295,0,0,0,0,0.0,,True,False,,full,0.2
ACT,710,6000752,metaworld,True,83,0.5721165260001726,0,0,0,0,0.0,,True,False,,full,0.2
ACT,711,6000753,metaworld,True,55,0.43925191900052596,0,0,0,0,0.0,,True,False,,full,0.2
ACT,712,6000754,metaworld,True,55,0.45923485399907804,0,0,0,0,0.0,,True,False,,full,0.2
ACT,713,6000755,metaworld,False,200,1.9049155070006236,0,0,0,0,0.0,,False,True,timeout,full,0.2
ACT,714,6000756,metaworld,False,200,1.5561349380004685,0,0,0,0,0.0,,False,True,object_dropped,full,0.2
ACT,715,6000757,metaworld,True,51,0.5120179790010297,0,0,0,0,0.0,,True,False,,full,0.2
ACT,716,6000758,metaworld,True,59,0.45932818700021016,0,0,0,0,0.0,,True,False,,full,0.2
ACT,717,6000759,metaworld,True,54,0.417828149998968,0,0,0,0,0.0,,True,False,,full,0.2
ACT,718,6000760,metaworld,True,55,0.5272178960003657,0,0,0,0,0.0,,True,False,,full,0.2
ACT,719,6000761,metaworld,False,200,2.0751188340000226,0,0,0,0,0.0,,False,True,object_dropped,full,0.2
ACT,720,6000762,metaworld,False,200,1.8568932889993448,0,0,0,0,0.0,,False,True,object_dropped,full,0.2
ACT,721,6000763,metaworld,True,52,0.3770030769992445,0,0,0,0,0.0,,True,False,,full,0.2
ACT,722,6000764,metaworld,True,64,0.541991797999799,0,0,0,0,0.0,,True,False,,full,0.2
ACT,723,6000765,metaworld,True,52,0.6068081030007306,0,0,0,0,0.0,,True,False,,full,0.2
ACT,724,6000766,metaworld,True,55,0.6198235390002083,0,0,0,0,0.0,,True,False,,full,0.2
ACT,725,6000767,metaworld,True,60,0.2438351419987157,0,0,0,0,0.0,,True,False,,full,0.2
ACT,726,6000768,metaworld,True,61,0.24726162000115437,0,0,0,0,0.0,,True,False,,full,0.2
ACT,727,6000769,metaworld,True,56,0.5611585970000306,0,0,0,0,0.0,,True,False,,full,0.2
ACT,728,6000770,metaworld,False,200,0.9148679629997787,0,0,0,0,0.0,,False,True,timeout,full,0.2
ACT,729,6000771,metaworld,False,200,0.7642162230004033,0,0,0,0,0.0,,False,True,timeout,full,0.2
ACT,730,6000772,metaworld,True,61,0.2918426690011984,0,0,0,0,0.0,,True,False,,full,0.2
ACT,731,6000773,metaworld,True,58,0.2467493980002473,0,0,0,0,0.0,,True,False,,full,0.2
ACT,732,6000774,metaworld,True,53,0.34337231800054724,0,0,0,0,0.0,,True,False,,full,0.2
ACT,733,6000775,metaworld,False,200,1.4553142409986322,0,0,0,0,0.0,,False,True,timeout,full,0.2
ACT,734,6000776,metaworld,False,200,1.7617482379991998,0,0,0,0,0.0,,False,True,timeout,full,0.2
ACT,735,6000777,metaworld,False,200,2.1624180620001425,0,0,0,0,0.0,,False,True,timeout,full,0.2
ACT,736,6000778,metaworld,True,48,0.444646133999413,0,0,0,0,0.0,,True,False,,full,0.2
ACT,737,6000779,metaworld,True,59,0.561992510998607,0,0,0,0,0.0,,True,False,,full,0.2
ACT,738,6000780,metaworld,True,54,0.4421110189996398,0,0,0,0,0.0,,True,False,,full,0.2
ACT,739,6000781,metaworld,True,61,0.4754152539990173,0,0,0,0,0.0,,True,False,,full,0.2
ACT,740,6000782,metaworld,True,57,0.4448403550013609,0,0,0,0,0.0,,True,False,,full,0.2
ACT,741,6000783,metaworld,False,200,1.6058610000000044,0,0,0,0,0.0,,False,True,timeout,full,0.2
ACT,742,6000784,metaworld,True,51,0.45305798199842684,0,0,0,0,0.0,,True,False,,full,0.2
ACT,743,6000785,metaworld,True,58,0.47342340999966837,0,0,0,0,0.0,,True,False,,full,0.2
ACT,744,6000786,metaworld,False,200,1.8410093839993351,0,0,0,0,0.0,,False,True,timeout,full,0.2
ACT,745,6000787,metaworld,True,54,0.6886145680000482,0,0,0,0,0.0,,True,False,,full,0.2
ACT,746,6000788,metaworld,True,59,0.7298408149999887,0,0,0,0,0.0,,True,False,,full,0.2
ACT,747,6000789,metaworld,False,200,1.5952476860002207,0,0,0,0,0.0,,False,True,object_dropped,full,0.2
ACT,748,6000790,metaworld,True,50,0.4016470449987537,0,0,0,0,0.0,,True,False,,full,0.2
ACT,749,6000791,metaworld,True,47,0.2698691730001883,0,0,0,0,0.0,,True,False,,full,0.2
ACT,750,6000792,metaworld,False,200,0.9387307159995544,0,0,0,0,0.0,,False,True,timeout,full,0.2
ACT,751,6000793,metaworld,True,54,0.27315787200132036,0,0,0,0,0.0,,True,False,,full,0.2
ACT,752,6000794,metaworld,True,51,0.21840808199885942,0,0,0,0,0.0,,True,False,,full,0.2
ACT,753,6000795,metaworld,False,200,0.9891467670004204,0,0,0,0,0.0,,False,True,timeout,full,0.2
ACT,754,6000796,metaworld,True,52,0.44286743399970874,0,0,0,0,0.0,,True,False,,full,0.2
ACT,755,6000797,metaworld,True,62,0.47033037599976524,0,0,0,0,0.0,,True,False,,full,0.2
ACT,756,6000798,metaworld,False,200,1.5458397719994537,0,0,0,0,0.0,,False,True,object_dropped,full,0.2
ACT,757,6000799,metaworld,True,64,0.47570508800163225,0,0,0,0,0.0,,True,False,,full,0.2
ACT,758,6000800,metaworld,False,200,1.6770386989992403,0,0,0,0,0.0,,False,True,timeout,full,0.2
ACT,759,6000801,metaworld,True,56,0.4740303920007136,0,0,0,0,0.0,,True,False,,full,0.2
ACT,760,6000802,metaworld,True,62,0.4796108959999401,0,0,0,0,0.0,,True,False,,full,0.2
ACT,761,6000803,metaworld,False,200,1.5174716099991201,0,0,0,0,0.0,,False,True,object_dropped,full,0.2
ACT,762,6000804,metaworld,True,53,0.49271457500071847,0,0,0,0,0.0,,True,False,,full,0.2
ACT,763,6000805,metaworld,True,56,0.7186545829990791,0,0,0,0,0.0,,True,False,,full,0.2
ACT,764,6000806,metaworld,True,52,0.3846293880014855,0,0,0,0,0.0,,True,False,,full,0.2
ACT,765,6000807,metaworld,True,54,0.54431407499942,0,0,0,0,0.0,,True,False,,full,0.2
ACT,766,6000808,metaworld,False,200,1.6585309519996372,0,0,0,0,0.0,,False,True,timeout,full,0.2
ACT,767,6000809,metaworld,True,59,0.3316658939984336,0,0,0,0,0.0,,True,False,,full,0.2
ACT,768,6000810,metaworld,True,56,0.39432537100037734,0,0,0,0,0.0,,True,False,,full,0.2
ACT,769,6000811,metaworld,False,200,1.4713216839991219,0,0,0,0,0.0,,False,True,timeout,full,0.2
ACT,770,6000812,metaworld,True,53,0.41883808999955363,0,0,0,0,0.0,,True,False,,full,0.2
ACT,771,6000813,metaworld,False,200,1.1723224039997149,0,0,0,0,0.0,,False,True,object_dropped,full,0.2
ACT,772,6000814,metaworld,False,200,0.9053566579987091,0,0,0,0,0.0,,False,True,timeout,full,0.2
ACT,773,6000815,metaworld,True,58,0.4193732950006961,0,0,0,0,0.0,,True,False,,full,0.2
ACT,774,6000816,metaworld,True,50,0.44896234099905996,0,0,0,0,0.0,,True,False,,full,0.2
ACT,775,6000817,metaworld,False,200,0.9277722469996661,0,0,0,0,0.0,,False,True,object_dropped,full,0.2
ACT,776,6000818,metaworld,True,50,0.2701580900011322,0,0,0,0,0.0,,True,False,,full,0.2
ACT,777,6000819,metaworld,True,48,0.17559304499991413,0,0,0,0,0.0,,True,False,,full,0.2
ACT,778,6000820,metaworld,True,50,0.1868511930006207,0,0,0,0,0.0,,True,False,,full,0.2
ACT,779,6000821,metaworld,False,200,1.23352689100102,0,0,0,0,0.0,,False,True,object_dropped,full,0.2
ACT,780,6000822,metaworld,False,200,1.1110213560004922,0,0,0,0,0.0,,False,True,timeout,full,0.2
ACT,781,6000823,metaworld,True,52,0.3590439290001086,0,0,0,0,0.0,,True,False,,full,0.2
ACT,782,6000824,metaworld,True,49,0.29272072300045693,0,0,0,0,0.0,,True,False,,full,0.2
ACT,783,6000825,metaworld,True,50,0.35982827599946177,0,0,0,0,0.0,,True,False,,full,0.2
ACT,784,6000826,metaworld,True,57,0.5264973020002799,0,0,0,0,0.0,,True,False,,full,0.2
ACT,785,6000827,metaworld,True,52,0.4815366070015443,0,0,0,0,0.0,,True,False,,full,0.2
ACT,786,6000828,metaworld,True,57,0.4359388630000467,0,0,0,0,0.0,,True,False,,full,0.2
ACT,787,6000829,metaworld,True,62,0.4754815550004423,0,0,0,0,0.0,,True,False,,full,0.2
ACT,788,6000830,metaworld,True,53,0.45489794999957667,0,0,0,0,0.0,,True,False,,full,0.2
ACT,789,6000831,metaworld,True,52,0.5168531729996175,0,0,0,0,0.0,,True,False,,full,0.2
ACT,790,6000832,metaworld,True,56,0.6161420600001293,0,0,0,0,0.0,,True,False,,full,0.2
ACT,791,6000833,metaworld,False,200,1.6614272770002572,0,0,0,0,0.0,,False,True,timeout,full,0.2
ACT,792,6000834,metaworld,True,52,0.4441836759997386,0,0,0,0,0.0,,True,False,,full,0.2
ACT,793,6000835,metaworld,False,200,1.7128654000007373,0,0,0,0,0.0,,False,True,timeout,full,0.2
ACT,794,6000836,metaworld,True,47,0.3893737870002951,0,0,0,0,0.0,,True,False,,full,0.2
ACT,795,6000837,metaworld,True,53,0.40893776600023557,0,0,0,0,0.0,,True,False,,full,0.2
ACT,796,6000838,metaworld,False,200,1.7332683719996567,0,0,0,0,0.0,,False,True,timeout,full,0.2
ACT,797,6000839,metaworld,True,53,0.4665554870007327,0,0,0,0,0.0,,True,False,,full,0.2
ACT,798,6000840,metaworld,False,200,1.482868614999461,0,0,0,0,0.0,,False,True,object_dropped,full,0.2
ACT,799,6000841,metaworld,True,59,0.6627173109991418,0,0,0,0,0.0,,True,False,,full,0.2
ACT,800,6000842,metaworld,True,57,0.8233191729996179,0,0,0,0,0.0,,True,False,,full,0.2
ACT,801,6000843,metaworld,True,51,0.22605708500123,0,0,0,0,0.0,,True,False,,full,0.2
ACT,802,6000844,metaworld,True,52,0.2485284979993594,0,0,0,0,0.0,,True,False,,full,0.2
ACT,803,6000845,metaworld,False,200,1.9322867209994001,0,0,0,0,0.0,,False,True,timeout,full,0.2
ACT,804,6000846,metaworld,True,57,0.46448582999983046,0,0,0,0,0.0,,True,False,,full,0.2
ACT,805,6000847,metaworld,True,54,0.42640050500085636,0,0,0,0,0.0,,True,False,,full,0.2
ACT,806,6000848,metaworld,True,59,0.6304048100009823,0,0,0,0,0.0,,True,False,,full,0.2
ACT,807,6000849,metaworld,True,46,0.33401278299970727,0,0,0,0,0.0,,True,False,,full,0.2
ACT,808,6000850,metaworld,True,53,0.6223694920008711,0,0,0,0,0.0,,True,False,,full,0.2
ACT,809,6000851,metaworld,False,200,1.9712282629989204,0,0,0,0,0.0,,False,True,timeout,full,0.2
ACT,810,6000852,metaworld,True,50,0.39382367100006377,0,0,0,0,0.0,,True,False,,full,0.2
ACT,811,6000853,metaworld,False,200,1.9416722279984242,0,0,0,0,0.0,,False,True,timeout,full,0.2
ACT,812,6000854,metaworld,True,51,0.3876977750005608,0,0,0,0,0.0,,True,False,,full,0.2
ACT,813,6000855,metaworld,True,61,0.5005939570000919,0,0,0,0,0.0,,True,False,,full,0.2
ACT,814,6000856,metaworld,True,49,0.3681630950013641,0,0,0,0,0.0,,True,False,,full,0.2
ACT,815,6000857,metaworld,True,53,0.5894948260011006,0,0,0,0,0.0,,True,False,,full,0.2
ACT,816,6000858,metaworld,True,53,0.5629632759992091,0,0,0,0,0.0,,True,False,,full,0.2
ACT,817,6000859,metaworld,True,52,0.22115643300094234,0,0,0,0,0.0,,True,False,,full,0.2
ACT,818,6000860,metaworld,True,55,0.20594112999970093,0,0,0,0,0.0,,True,False,,full,0.2
ACT,819,6000861,metaworld,False,200,0.9157326900003682,0,0,0,0,0.0,,False,True,timeout,full,0.2
ACT,820,6000862,metaworld,True,53,0.4346228840004187,0,0,0,0,0.0,,True,False,,full,0.2
ACT,821,6000863,metaworld,True,51,0.5002861419998226,0,0,0,0,0.0,,True,False,,full,0.2
ACT,822,6000864,metaworld,True,55,0.465060619999349,0,0,0,0,0.0,,True,False,,full,0.2
ACT,823,6000865,metaworld,True,55,0.3091534020004474,0,0,0,0,0.0,,True,False,,full,0.2
ACT,824,6000866,metaworld,True,55,0.21864090700000816,0,0,0,0,0.0,,True,False,,full,0.2
ACT,825,6000867,metaworld,True,51,0.20276355200076068,0,0,0,0,0.0,,True,False,,full,0.2
ACT,826,6000868,metaworld,False,200,0.9657201609988988,0,0,0,0,0.0,,False,True,timeout,full,0.2
ACT,827,6000869,metaworld,True,50,0.2420967380003276,0,0,0,0,0.0,,True,False,,full,0.2
ACT,828,6000870,metaworld,True,56,0.24744880300022487,0,0,0,0,0.0,,True,False,,full,0.2
ACT,829,6000871,metaworld,True,54,0.2191177289987536,0,0,0,0,0.0,,True,False,,full,0.2
ACT,830,6000872,metaworld,True,51,0.23609588099861867,0,0,0,0,0.0,,True,False,,full,0.2
ACT,831,6000873,metaworld,True,57,0.45609424600115744,0,0,0,0,0.0,,True,False,,full,0.2
ACT,832,6000874,metaworld,True,60,0.31976700099949085,0,0,0,0,0.0,,True,False,,full,0.2
ACT,833,6000875,metaworld,False,200,0.8850147609991836,0,0,0,0,0.0,,False,True,timeout,full,0.2
ACT,834,6000876,metaworld,True,58,0.21189534699988144,0,0,0,0,0.0,,True,False,,full,0.2
ACT,835,6000877,metaworld,True,53,0.21094216299934487,0,0,0,0,0.0,,True,False,,full,0.2
ACT,836,6000878,metaworld,True,53,0.20583295799951884,0,0,0,0,0.0,,True,False,,full,0.2
ACT,837,6000879,metaworld,True,57,0.23439876600059506,0,0,0,0,0.0,,True,False,,full,0.2
ACT,838,6000880,metaworld,False,200,1.0329160910005157,0,0,0,0,0.0,,False,True,object_dropped,full,0.2
ACT,839,6000881,metaworld,True,57,0.287508921999688,0,0,0,0,0.0,,True,False,,full,0.2
ACT,840,6000882,metaworld,True,61,0.41856541100059985,0,0,0,0,0.0,,True,False,,full,0.2
ACT,841,6000883,metaworld,False,200,1.0554883960012376,0,0,0,0,0.0,,False,True,object_dropped,full,0.2
ACT,842,6000884,metaworld,True,58,0.24749062900082208,0,0,0,0,0.0,,True,False,,full,0.2
ACT,843,6000885,metaworld,False,200,0.9012784570004442,0,0,0,0,0.0,,False,True,timeout,full,0.2
ACT,844,6000886,metaworld,True,58,0.5808811000006244,0,0,0,0,0.0,,True,False,,full,0.2
ACT,845,6000887,metaworld,False,200,1.516734130000259,0,0,0,0,0.0,,False,True,timeout,full,0.2
ACT,846,6000888,metaworld,True,53,0.49758956900041085,0,0,0,0,0.0,,True,False,,full,0.2
ACT,847,6000889,metaworld,True,56,0.6339219180008513,0,0,0,0,0.0,,True,False,,full,0.2
ACT,848,6000890,metaworld,True,50,0.3530414769993513,0,0,0,0,0.0,,True,False,,full,0.2
ACT,849,6000891,metaworld,True,55,0.5818541609987733,0,0,0,0,0.0,,True,False,,full,0.2
ACT,850,6000892,metaworld,True,52,0.18580146900058025,0,0,0,0,0.0,,True,False,,full,0.2
ACT,851,6000893,metaworld,True,54,0.20442211699992185,0,0,0,0,0.0,,True,False,,full,0.2
ACT,852,6000894,metaworld,True,53,0.2540678779987502,0,0,0,0,0.0,,True,False,,full,0.2
ACT,853,6000895,metaworld,False,200,1.5144932780003728,0,0,0,0,0.0,,False,True,object_dropped,full,0.2
ACT,854,6000896,metaworld,False,200,2.1771810319987708,0,0,0,0,0.0,,False,True,timeout,full,0.2
ACT,855,6000897,metaworld,True,49,0.3647573010002816,0,0,0,0,0.0,,True,False,,full,0.2
ACT,856,6000898,metaworld,True,56,0.5760746050000307,0,0,0,0,0.0,,True,False,,full,0.2
ACT,857,6000899,metaworld,True,64,0.6710152899995592,0,0,0,0,0.0,,True,False,,full,0.2
ACT,858,6000900,metaworld,True,55,0.426464723999743,0,0,0,0,0.0,,True,False,,full,0.2
ACT,859,6000901,metaworld,True,56,0.4785812629997963,0,0,0,0,0.0,,True,False,,full,0.2
ACT,860,6000902,metaworld,True,57,0.6241081269999995,0,0,0,0,0.0,,True,False,,full,0.2
ACT,861,6000903,metaworld,True,50,0.48974836699926527,0,0,0,0,0.0,,True,False,,full,0.2
ACT,862,6000904,metaworld,True,58,0.4005770809999376,0,0,0,0,0.0,,True,False,,full,0.2
ACT,863,6000905,metaworld,True,61,0.49252724399957515,0,0,0,0,0.0,,True,False,,full,0.2
ACT,864,6000906,metaworld,True,49,0.4046483639995131,0,0,0,0,0.0,,True,False,,full,0.2
ACT,865,6000907,metaworld,True,53,0.3955776330003573,0,0,0,0,0.0,,True,False,,full,0.2
ACT,866,6000908,metaworld,False,200,1.797492699999566,0,0,0,0,0.0,,False,True,object_dropped,full,0.2
ACT,867,6000909,metaworld,False,200,1.6780895030005922,0,0,0,0,0.0,,False,True,timeout,full,0.2
ACT,868,6000910,metaworld,True,55,0.48967521300073713,0,0,0,0,0.0,,True,False,,full,0.2
ACT,869,6000911,metaworld,True,50,0.2933060489995114,0,0,0,0,0.0,,True,False,,full,0.2
ACT,870,6000912,metaworld,True,54,0.2163369980007701,0,0,0,0,0.0,,True,False,,full,0.2
ACT,871,6000913,metaworld,True,51,0.2110961779999343,0,0,0,0,0.0,,True,False,,full,0.2
ACT,872,6000914,metaworld,True,46,0.16240922799988766,0,0,0,0,0.0,,True,False,,full,0.2
ACT,873,6000915,metaworld,True,53,0.3022907930007932,0,0,0,0,0.0,,True,False,,full,0.2
ACT,874,6000916,metaworld,True,57,0.43688417699922866,0,0,0,0,0.0,,True,False,,full,0.2
ACT,875,6000917,metaworld,True,57,0.4591903900000034,0,0,0,0,0.0,,True,False,,full,0.2
ACT,876,6000918,metaworld,True,55,0.6071236629995838,0,0,0,0,0.0,,True,False,,full,0.2
ACT,877,6000919,metaworld,False,200,1.1158225899998797,0,0,0,0,0.0,,False,True,timeout,full,0.2
ACT,878,6000920,metaworld,True,51,0.20970278999993752,0,0,0,0,0.0,,True,False,,full,0.2
ACT,879,6000921,metaworld,True,50,0.20586346200070693,0,0,0,0,0.0,,True,False,,full,0.2
ACT,880,6000922,metaworld,False,200,0.6952817210003559,0,0,0,0,0.0,,False,True,timeout,full,0.2
ACT,881,6000923,metaworld,True,53,0.18946594200133404,0,0,0,0,0.0,,True,False,,full,0.2
ACT,882,6000924,metaworld,True,50,0.1919308339984127,0,0,0,0,0.0,,True,False,,full,0.2
ACT,883,6000925,metaworld,True,51,0.2076174230005563,0,0,0,0,0.0,,True,False,,full,0.2
ACT,884,6000926,metaworld,True,50,0.20151857099881454,0,0,0,0,0.0,,True,False,,full,0.2
ACT,885,6000927,metaworld,True,46,0.18259388899969053,0,0,0,0,0.0,,True,False,,full,0.2
ACT,886,6000928,metaworld,True,48,0.19611818899829814,0,0,0,0,0.0,,True,False,,full,0.2
ACT,887,6000929,metaworld,True,59,0.23588359100176604,0,0,0,0,0.0,,True,False,,full,0.2
ACT,888,6000930,metaworld,False,200,0.7708170340010838,0,0,0,0,0.0,,False,True,timeout,full,0.2
ACT,889,6000931,metaworld,True,52,0.20837468700119643,0,0,0,0,0.0,,True,False,,full,0.2
ACT,890,6000932,metaworld,True,53,0.2353553720004129,0,0,0,0,0.0,,True,False,,full,0.2
ACT,891,6000933,metaworld,True,57,0.2644165929996234,0,0,0,0,0.0,,True,False,,full,0.2
ACT,892,6000934,metaworld,True,51,0.21120345500094118,0,0,0,0,0.0,,True,False,,full,0.2
ACT,893,6000935,metaworld,True,53,0.21899838900026225,0,0,0,0,0.0,,True,False,,full,0.2
ACT,894,6000936,metaworld,True,56,0.23378829600005702,0,0,0,0,0.0,,True,False,,full,0.2
ACT,895,6000937,metaworld,True,58,0.2326799080001365,0,0,0,0,0.0,,True,False,,full,0.2
ACT,896,6000938,metaworld,True,51,0.20538456700160168,0,0,0,0,0.0,,True,False,,full,0.2
ACT,897,6000939,metaworld,True,60,0.2514235380003811,0,0,0,0,0.0,,True,False,,full,0.2
ACT,898,6000940,metaworld,True,49,0.1686144190007326,0,0,0,0,0.0,,True,False,,full,0.2
ACT,899,6000941,metaworld,False,200,0.6966555979997793,0,0,0,0,0.0,,False,True,timeout,full,0.2
ACT,900,6000942,metaworld,False,200,1.158486496000478,0,0,0,0,0.0,,False,True,object_dropped,full,0.2
ACT,901,6000943,metaworld,True,51,0.18055402299978596,0,0,0,0,0.0,,True,False,,full,0.2
ACT,902,6000944,metaworld,True,50,0.1943765350006288,0,0,0,0,0.0,,True,False,,full,0.2
ACT,903,6000945,metaworld,True,53,0.2413423950001743,0,0,0,0,0.0,,True,False,,full,0.2
ACT,904,6000946,metaworld,False,200,1.1992410110015044,0,0,0,0,0.0,,False,True,timeout,full,0.2
ACT,905,6000947,metaworld,False,200,0.7675228699990839,0,0,0,0,0.0,,False,True,object_dropped,full,0.2
ACT,906,6000948,metaworld,True,57,0.2170382599997538,0,0,0,0,0.0,,True,False,,full,0.2
ACT,907,6000949,metaworld,True,55,0.23339260600005218,0,0,0,0,0.0,,True,False,,full,0.2
ACT,908,6000950,metaworld,False,200,0.940578641000684,0,0,0,0,0.0,,False,True,object_dropped,full,0.2
ACT,909,6000951,metaworld,False,200,1.5634948309998435,0,0,0,0,0.0,,False,True,timeout,full,0.2
ACT,910,6000952,metaworld,True,53,0.4012359459993604,0,0,0,0,0.0,,True,False,,full,0.2
ACT,911,6000953,metaworld,True,56,0.42456813100034196,0,0,0,0,0.0,,True,False,,full,0.2
ACT,912,6000954,metaworld,True,59,0.4135071919990878,0,0,0,0,0.0,,True,False,,full,0.2
ACT,913,6000955,metaworld,True,51,0.36695443600001454,0,0,0,0,0.0,,True,False,,full,0.2
ACT,914,6000956,metaworld,False,200,1.549952553001276,0,0,0,0,0.0,,False,True,timeout,full,0.2
ACT,915,6000957,metaworld,False,200,1.5539086669996323,0,0,0,0,0.0,,False,True,timeout,full,0.2
ACT,916,6000958,metaworld,True,51,0.34239561799950025,0,0,0,0,0.0,,True,False,,full,0.2
ACT,917,6000959,metaworld,True,55,0.23618730400085042,0,0,0,0,0.0,,True,False,,full,0.2
ACT,918,6000960,metaworld,True,52,0.22946728699935193,0,0,0,0,0.0,,True,False,,full,0.2
ACT,919,6000961,metaworld,False,200,0.8420333270005358,0,0,0,0,0.0,,False,True,timeout,full,0.2
ACT,920,6000962,metaworld,True,57,0.37849969000126293,0,0,0,0,0.0,,True,False,,full,0.2
ACT,921,6000963,metaworld,True,55,0.20808873299938568,0,0,0,0,0.0,,True,False,,full,0.2
ACT,922,6000964,metaworld,True,55,0.25426259099913295,0,0,0,0,0.0,,True,False,,full,0.2
ACT,923,6000965,metaworld,True,52,0.2206784179998067,0,0,0,0,0.0,,True,False,,full,0.2
ACT,924,6000966,metaworld,True,50,0.18601165799918817,0,0,0,0,0.0,,True,False,,full,0.2
ACT,925,6000967,metaworld,True,53,0.22830124000029173,0,0,0,0,0.0,,True,False,,full,0.2
ACT,926,6000968,metaworld,False,200,1.6319114180005272,0,0,0,0,0.0,,False,True,timeout,full,0.2
ACT,927,6000969,metaworld,False,200,1.5955301410012908,0,0,0,0,0.0,,False,True,timeout,full,0.2
ACT,928,6000970,metaworld,True,50,0.4034680720014876,0,0,0,0,0.0,,True,False,,full,0.2
ACT,929,6000971,metaworld,True,59,0.4406588189995091,0,0,0,0,0.0,,True,False,,full,0.2
ACT,930,6000972,metaworld,True,58,0.42044168499887746,0,0,0,0,0.0,,True,False,,full,0.2
ACT,931,6000973,metaworld,True,63,0.48949961899961636,0,0,0,0,0.0,,True,False,,full,0.2
ACT,932,6000974,metaworld,True,49,0.4071879210005136,0,0,0,0,0.0,,True,False,,full,0.2
ACT,933,6000975,metaworld,True,50,0.49027539100097783,0,0,0,0,0.0,,True,False,,full,0.2
ACT,934,6000976,metaworld,True,53,0.4216659249996155,0,0,0,0,0.0,,True,False,,full,0.2
ACT,935,6000977,metaworld,True,54,0.4886899760003871,0,0,0,0,0.0,,True,False,,full,0.2
ACT,936,6000978,metaworld,False,200,1.7149998240001878,0,0,0,0,0.0,,False,True,timeout,full,0.2
ACT,937,6000979,metaworld,True,53,0.5110170400002971,0,0,0,0,0.0,,True,False,,full,0.2
ACT,938,6000980,metaworld,True,53,0.22072705199934717,0,0,0,0,0.0,,True,False,,full,0.2
ACT,939,6000981,metaworld,True,59,0.31460454399893933,0,0,0,0,0.0,,True,False,,full,0.2
ACT,940,6000982,metaworld,True,64,0.6055427089995646,0,0,0,0,0.0,,True,False,,full,0.2
ACT,941,6000983,metaworld,True,47,0.3582042369998817,0,0,0,0,0.0,,True,False,,full,0.2
ACT,942,6000984,metaworld,True,57,0.468581618000826,0,0,0,0,0.0,,True,False,,full,0.2
ACT,943,6000985,metaworld,True,57,0.4272689049994369,0,0,0,0,0.0,,True,False,,full,0.2
ACT,944,6000986,metaworld,False,200,1.8484218930007046,0,0,0,0,0.0,,False,True,timeout,full,0.2
ACT,945,6000987,metaworld,True,56,0.48667011100042146,0,0,0,0,0.0,,True,False,,full,0.2
ACT,946,6000988,metaworld,True,60,0.46774643099888635,0,0,0,0,0.0,,True,False,,full,0.2
ACT,947,6000989,metaworld,True,49,0.5134131009999692,0,0,0,0,0.0,,True,False,,full,0.2
ACT,948,6000990,metaworld,True,54,0.45132943899989186,0,0,0,0,0.0,,True,False,,full,0.2
ACT,949,6000991,metaworld,True,59,0.45790036200014583,0,0,0,0,0.0,,True,False,,full,0.2
ACT,950,6000992,metaworld,True,51,0.39438342200082843,0,0,0,0,0.0,,True,False,,full,0.2
ACT,951,6000993,metaworld,True,51,0.40175218200056406,0,0,0,0,0.0,,True,False,,full,0.2
ACT,952,6000994,metaworld,False,200,1.9014540070002113,0,0,0,0,0.0,,False,True,timeout,full,0.2
ACT,953,6000995,metaworld,False,200,1.5087550159987586,0,0,0,0,0.0,,False,True,timeout,full,0.2
ACT,954,6000996,metaworld,True,55,0.42500108100102807,0,0,0,0,0.0,,True,False,,full,0.2
ACT,955,6000997,metaworld,True,53,0.3976988810009061,0,0,0,0,0.0,,True,False,,full,0.2
ACT,956,6000998,metaworld,False,200,1.448065435000899,0,0,0,0,0.0,,False,True,timeout,full,0.2
ACT,957,6000999,metaworld,False,200,1.5156022050014144,0,0,0,0,0.0,,False,True,object_dropped,full,0.2
ACT,958,6001000,metaworld,True,45,0.3424481519996334,0,0,0,0,0.0,,True,False,,full,0.2
ACT,959,6001001,metaworld,True,55,0.4313493900008325,0,0,0,0,0.0,,True,False,,full,0.2
ACT,960,6001002,metaworld,False,200,1.493462404998354,0,0,0,0,0.0,,False,True,object_dropped,full,0.2
ACT,961,6001003,metaworld,True,56,0.41855389999909676,0,0,0,0,0.0,,True,False,,full,0.2
ACT,962,6001004,metaworld,False,200,1.5380897439990804,0,0,0,0,0.0,,False,True,object_dropped,full,0.2
ACT,963,6001005,metaworld,True,55,0.43896094299998367,0,0,0,0,0.0,,True,False,,full,0.2
ACT,964,6001006,metaworld,False,200,1.221204432000377,0,0,0,0,0.0,,False,True,timeout,full,0.2
ACT,965,6001007,metaworld,True,54,0.21582991200011747,0,0,0,0,0.0,,True,False,,full,0.2
ACT,966,6001008,metaworld,False,200,0.8615517130001535,0,0,0,0,0.0,,False,True,timeout,full,0.2
ACT,967,6001009,metaworld,True,54,0.2293364550005208,0,0,0,0,0.0,,True,False,,full,0.2
ACT,968,6001010,metaworld,True,58,0.2547767739997653,0,0,0,0,0.0,,True,False,,full,0.2
ACT,969,6001011,metaworld,True,57,0.32090995399994426,0,0,0,0,0.0,,True,False,,full,0.2
ACT,970,6001012,metaworld,False,200,0.9627589009996882,0,0,0,0,0.0,,False,True,object_dropped,full,0.2
ACT,971,6001013,metaworld,True,59,0.20645863500067207,0,0,0,0,0.0,,True,False,,full,0.2
ACT,972,6001014,metaworld,True,60,0.2193702740005392,0,0,0,0,0.0,,True,False,,full,0.2
ACT,973,6001015,metaworld,True,54,0.2499689899996156,0,0,0,0,0.0,,True,False,,full,0.2
ACT,974,6001016,metaworld,True,50,0.2321274429996265,0,0,0,0,0.0,,True,False,,full,0.2
ACT,975,6001017,metaworld,False,200,0.9580305279996537,0,0,0,0,0.0,,False,True,timeout,full,0.2
ACT,976,6001018,metaworld,False,200,0.8171858360001352,0,0,0,0,0.0,,False,True,timeout,full,0.2
ACT,977,6001019,metaworld,True,55,0.2295202639998024,0,0,0,0,0.0,,True,False,,full,0.2
ACT,978,6001020,metaworld,True,56,0.23385697699995944,0,0,0,0,0.0,,True,False,,full,0.2
ACT,979,6001021,metaworld,True,52,0.18043844199928571,0,0,0,0,0.0,,True,False,,full,0.2
ACT,980,6001022,metaworld,True,51,0.2309284069997375,0,0,0,0,0.0,,True,False,,full,0.2
ACT,981,6001023,metaworld,True,52,0.38379747600083647,0,0,0,0,0.0,,True,False,,full,0.2
ACT,982,6001024,metaworld,False,200,0.8191088450003008,0,0,0,0,0.0,,False,True,timeout,full,0.2
ACT,983,6001025,metaworld,True,54,0.19177213500006474,0,0,0,0,0.0,,True,False,,full,0.2
ACT,984,6001026,metaworld,True,51,0.3530548690014257,0,0,0,0,0.0,,True,False,,full,0.2
ACT,985,6001027,metaworld,True,54,0.43192011099927186,0,0,0,0,0.0,,True,False,,full,0.2
ACT,986,6001028,metaworld,True,55,0.3434130189998541,0,0,0,0,0.0,,True,False,,full,0.2
ACT,987,6001029,metaworld,True,51,0.1979051319995051,0,0,0,0,0.0,,True,False,,full,0.2
ACT,988,6001030,metaworld,True,57,0.21937354699912248,0,0,0,0,0.0,,True,False,,full,0.2
ACT,989,6001031,metaworld,True,52,0.19459830800042255,0,0,0,0,0.0,,True,False,,full,0.2
ACT,990,6001032,metaworld,True,55,0.1952858450003987,0,0,0,0,0.0,,True,False,,full,0.2
ACT,991,6001033,metaworld,True,51,0.17981791399870417,0,0,0,0,0.0,,True,False,,full,0.2
ACT,992,6001034,metaworld,True,55,0.19416459300009592,0,0,0,0,0.0,,True,False,,full,0.2
ACT,993,6001035,metaworld,True,58,0.22362513699954434,0,0,0,0,0.0,,True,False,,full,0.2
ACT,994,6001036,metaworld,False,200,0.7798885720003454,0,0,0,0,0.0,,False,True,timeout,full,0.2
ACT,995,6001037,metaworld,False,200,0.6842617129987048,0,0,0,0,0.0,,False,True,object_dropped,full,0.2
ACT,996,6001038,metaworld,False,200,0.7714720580006542,0,0,0,0,0.0,,False,True,timeout,full,0.2
ACT,997,6001039,metaworld,True,60,0.2125919829995837,0,0,0,0,0.0,,True,False,,full,0.2
ACT,998,6001040,metaworld,True,58,0.20716639799866243,0,0,0,0,0.0,,True,False,,full,0.2
ACT,999,6001041,metaworld,True,59,0.19334351500037883,0,0,0,0,0.0,,True,False,,full,0.2
ACT + Random Reset,0,6000042,metaworld,True,69,0.7454776230006246,1,1,1,0,0.85,post_reset_task_success_per_reset,True,False,,full,0.2
ACT + Random Reset,1,6000043,metaworld,True,73,0.5367234180012019,1,1,1,0,0.85,post_reset_task_success_per_reset,True,False,,full,0.2
ACT + Random Reset,2,6000044,metaworld,True,78,0.5753033660002984,1,1,1,0,0.85,post_reset_task_success_per_reset,True,False,,full,0.2
ACT + Random Reset,3,6000045,metaworld,True,55,0.4197357920002105,0,0,0,0,0.0,post_reset_task_success_per_reset,True,False,,full,0.2
ACT + Random Reset,4,6000046,metaworld,False,200,1.4531875949996902,1,0,1,0,0.9,post_reset_task_success_per_reset,False,False,,full,0.2
ACT + Random Reset,5,6000047,metaworld,True,67,0.4954769859996304,1,1,1,0,0.9,post_reset_task_success_per_reset,True,False,,full,0.2
ACT + Random Reset,6,6000048,metaworld,True,52,0.37740320800003246,0,0,0,0,0.0,post_reset_task_success_per_reset,True,False,,full,0.2
ACT + Random Reset,7,6000049,metaworld,True,81,0.6044003520000842,1,1,1,0,0.85,post_reset_task_success_per_reset,True,False,,full,0.2
ACT + Random Reset,8,6000050,metaworld,True,59,0.42848523699831276,0,0,0,0,0.0,post_reset_task_success_per_reset,True,False,,full,0.2
ACT + Random Reset,9,6000051,metaworld,True,76,0.5201666480006679,1,1,1,0,1.0,post_reset_task_success_per_reset,True,False,,full,0.2
ACT + Random Reset,10,6000052,metaworld,True,56,0.4151067549992149,0,0,0,0,0.0,post_reset_task_success_per_reset,True,False,,full,0.2
ACT + Random Reset,11,6000053,metaworld,True,117,0.8813695209992147,1,1,1,0,0.85,post_reset_task_success_per_reset,True,False,,full,0.2
ACT + Random Reset,12,6000054,metaworld,True,77,0.5688702659990668,1,1,1,0,0.9,post_reset_task_success_per_reset,True,False,,full,0.2
ACT + Random Reset,13,6000055,metaworld,True,104,0.7847338010014937,1,1,1,0,0.9,post_reset_task_success_per_reset,True,False,,full,0.2
ACT + Random Reset,14,6000056,metaworld,True,131,0.9401703580006142,1,1,1,0,0.9,post_reset_task_success_per_reset,True,False,,full,0.2
ACT + Random Reset,15,6000057,metaworld,True,58,0.4300670840002567,0,0,0,0,0.0,post_reset_task_success_per_reset,True,False,,full,0.2
ACT + Random Reset,16,6000058,metaworld,False,200,1.4927034050015209,1,0,1,0,1.0,post_reset_task_success_per_reset,False,False,object_dropped,full,0.2
ACT + Random Reset,17,6000059,metaworld,True,79,0.5938557579993358,1,1,1,0,0.85,post_reset_task_success_per_reset,True,False,,full,0.2
ACT + Random Reset,18,6000060,metaworld,True,66,0.491304876999493,1,1,1,0,0.85,post_reset_task_success_per_reset,True,False,,full,0.2
ACT + Random Reset,19,6000061,metaworld,True,77,0.6149571160003688,1,1,1,0,0.85,post_reset_task_success_per_reset,True,False,,full,0.2
ACT + Random Reset,20,6000062,metaworld,True,51,0.39502909399925556,0,0,0,0,0.0,post_reset_task_success_per_reset,True,False,,full,0.2
ACT + Random Reset,21,6000063,metaworld,True,54,0.42690213800051424,0,0,0,0,0.0,post_reset_task_success_per_reset,True,False,,full,0.2
ACT + Random Reset,22,6000064,metaworld,True,55,0.40737945299952116,0,0,0,0,0.0,post_reset_task_success_per_reset,True,False,,full,0.2
ACT + Random Reset,23,6000065,metaworld,True,83,0.629109192001124,1,1,1,0,0.85,post_reset_task_success_per_reset,True,False,,full,0.2
ACT + Random Reset,24,6000066,metaworld,True,52,0.38902965000124823,0,0,0,0,0.0,post_reset_task_success_per_reset,True,False,,full,0.2
ACT + Random Reset,25,6000067,metaworld,True,61,0.5136759279994294,1,1,1,0,1.0,post_reset_task_success_per_reset,True,False,,full,0.2
ACT + Random Reset,26,6000068,metaworld,True,74,0.5716573289992084,1,1,1,0,0.85,post_reset_task_success_per_reset,True,False,,full,0.2
ACT + Random Reset,27,6000069,metaworld,True,79,0.5802382080000825,1,1,1,0,0.85,post_reset_task_success_per_reset,True,False,,full,0.2
ACT + Random Reset,28,6000070,metaworld,True,52,0.35681919399939943,0,0,0,0,0.0,post_reset_task_success_per_reset,True,False,,full,0.2
ACT + Random Reset,29,6000071,metaworld,True,78,0.6031083230009244,1,1,1,0,0.9,post_reset_task_success_per_reset,True,False,,full,0.2
ACT + Random Reset,30,6000072,metaworld,False,200,1.4104479359994002,1,0,1,0,1.0,post_reset_task_success_per_reset,False,False,object_dropped,full,0.2
ACT + Random Reset,31,6000073,metaworld,False,200,1.4206016669995734,1,0,1,0,1.0,post_reset_task_success_per_reset,False,False,object_dropped,full,0.2
ACT + Random Reset,32,6000074,metaworld,False,200,1.4917839400004596,1,0,1,0,0.9,post_reset_task_success_per_reset,False,False,,full,0.2
ACT + Random Reset,33,6000075,metaworld,True,47,0.32957758300108253,0,0,0,0,0.0,post_reset_task_success_per_reset,True,False,,full,0.2
ACT + Random Reset,34,6000076,metaworld,True,72,0.5262147869998444,1,1,1,0,0.85,post_reset_task_success_per_reset,True,False,,full,0.2
ACT + Random Reset,35,6000077,metaworld,True,62,0.4576133539994771,1,1,1,0,1.0,post_reset_task_success_per_reset,True,False,,full,0.2
ACT + Random Reset,36,6000078,metaworld,True,75,0.5252220279999165,1,1,1,0,0.85,post_reset_task_success_per_reset,True,False,,full,0.2
ACT + Random Reset,37,6000079,metaworld,True,73,0.5530198609994841,1,1,1,0,0.85,post_reset_task_success_per_reset,True,False,,full,0.2
ACT + Random Reset,38,6000080,metaworld,True,71,0.551953524000055,1,1,1,0,0.85,post_reset_task_success_per_reset,True,False,,full,0.2
ACT + Random Reset,39,6000081,metaworld,True,53,0.39494712699888623,0,0,0,0,0.0,post_reset_task_success_per_reset,True,False,,full,0.2
ACT + Random Reset,40,6000082,metaworld,True,57,0.41633992599963676,0,0,0,0,0.0,post_reset_task_success_per_reset,True,False,,full,0.2
ACT + Random Reset,41,6000083,metaworld,True,69,0.5056710000008025,1,1,1,0,0.9,post_reset_task_success_per_reset,True,False,,full,0.2
ACT + Random Reset,42,6000084,metaworld,True,59,0.41357552999943437,0,0,0,0,0.0,post_reset_task_success_per_reset,True,False,,full,0.2
ACT + Random Reset,43,6000085,metaworld,True,50,0.35208063400023093,0,0,0,0,0.0,post_reset_task_success_per_reset,True,False,,full,0.2
ACT + Random Reset,44,6000086,metaworld,False,200,1.3447709440006292,1,0,1,0,0.0,post_reset_task_success_per_reset,False,False,timeout,full,0.2
ACT + Random Reset,45,6000087,metaworld,True,52,0.33431774000018777,0,0,0,0,0.0,post_reset_task_success_per_reset,True,False,,full,0.2
ACT + Random Reset,46,6000088,metaworld,False,200,1.4850714779986447,1,0,1,0,1.0,post_reset_task_success_per_reset,False,False,object_dropped,full,0.2
ACT + Random Reset,47,6000089,metaworld,False,200,1.5212709549996362,1,0,1,0,0.9,post_reset_task_success_per_reset,False,False,,full,0.2
ACT + Random Reset,48,6000090,metaworld,True,74,0.5867867939996358,1,1,1,0,0.85,post_reset_task_success_per_reset,True,False,,full,0.2
ACT + Random Reset,49,6000091,metaworld,True,75,0.6200845200000913,1,1,1,0,1.0,post_reset_task_success_per_reset,True,False,,full,0.2
ACT + Random Reset,50,6000092,metaworld,True,76,0.5770488610014581,1,1,1,0,0.9,post_reset_task_success_per_reset,True,False,,full,0.2
ACT + Random Reset,51,6000093,metaworld,True,77,0.5739588159995037,1,1,1,0,0.9,post_reset_task_success_per_reset,True,False,,full,0.2
ACT + Random Reset,52,6000094,metaworld,True,69,0.5219002230005572,1,1,1,0,0.85,post_reset_task_success_per_reset,True,False,,full,0.2
ACT + Random Reset,53,6000095,metaworld,True,73,0.5447901419993286,1,1,1,0,0.85,post_reset_task_success_per_reset,True,False,,full,0.2
ACT + Random Reset,54,6000096,metaworld,True,73,0.5583263799999258,1,1,1,0,0.9,post_reset_task_success_per_reset,True,False,,full,0.2
ACT + Random Reset,55,6000097,metaworld,True,113,0.9834529440013284,1,1,1,0,0.9,post_reset_task_success_per_reset,True,False,,full,0.2
ACT + Random Reset,56,6000098,metaworld,True,54,0.39841586699913023,0,0,0,0,0.0,post_reset_task_success_per_reset,True,False,,full,0.2
ACT + Random Reset,57,6000099,metaworld,True,54,0.4274100600014208,0,0,0,0,0.0,post_reset_task_success_per_reset,True,False,,full,0.2
ACT + Random Reset,58,6000100,metaworld,True,50,0.3735876800001279,0,0,0,0,0.0,post_reset_task_success_per_reset,True,False,,full,0.2
ACT + Random Reset,59,6000101,metaworld,True,74,0.5668750849999924,1,1,1,0,0.85,post_reset_task_success_per_reset,True,False,,full,0.2
ACT + Random Reset,60,6000102,metaworld,True,71,0.5539001329998428,1,1,1,0,0.85,post_reset_task_success_per_reset,True,False,,full,0.2
ACT + Random Reset,61,6000103,metaworld,True,57,0.5014241190001485,0,0,0,0,0.0,post_reset_task_success_per_reset,True,False,,full,0.2
ACT + Random Reset,62,6000104,metaworld,True,72,0.5552774970001337,1,1,1,0,0.85,post_reset_task_success_per_reset,True,False,,full,0.2
ACT + Random Reset,63,6000105,metaworld,True,56,0.40210255999954825,0,0,0,0,0.0,post_reset_task_success_per_reset,True,False,,full,0.2
ACT + Random Reset,64,6000106,metaworld,True,49,0.37230029499914963,0,0,0,0,0.0,post_reset_task_success_per_reset,True,False,,full,0.2
ACT + Random Reset,65,6000107,metaworld,True,75,0.6330645649995859,1,1,1,0,0.85,post_reset_task_success_per_reset,True,False,,full,0.2
ACT + Random Reset,66,6000108,metaworld,True,69,0.5434885640006542,1,1,1,0,0.85,post_reset_task_success_per_reset,True,False,,full,0.2
ACT + Random Reset,67,6000109,metaworld,True,53,0.4004251030000887,0,0,0,0,0.0,post_reset_task_success_per_reset,True,False,,full,0.2
ACT + Random Reset,68,6000110,metaworld,True,53,0.4046292679995531,0,0,0,0,0.0,post_reset_task_success_per_reset,True,False,,full,0.2
ACT + Random Reset,69,6000111,metaworld,True,76,0.6078996279993589,1,1,1,0,0.85,post_reset_task_success_per_reset,True,False,,full,0.2
ACT + Random Reset,70,6000112,metaworld,True,67,0.5261545710000064,1,1,1,0,0.85,post_reset_task_success_per_reset,True,False,,full,0.2
ACT + Random Reset,71,6000113,metaworld,True,59,0.45896299699961673,0,0,0,0,0.0,post_reset_task_success_per_reset,True,False,,full,0.2
ACT + Random Reset,72,6000114,metaworld,True,61,0.5902623370002402,0,0,0,0,0.0,post_reset_task_success_per_reset,True,False,,full,0.2
ACT + Random Reset,73,6000115,metaworld,True,83,0.8174381389999326,1,1,1,0,0.85,post_reset_task_success_per_reset,True,False,,full,0.2
ACT + Random Reset,74,6000116,metaworld,True,86,0.8118900009994832,1,1,1,0,1.0,post_reset_task_success_per_reset,True,False,,full,0.2
ACT + Random Reset,75,6000117,metaworld,True,52,0.4256442270016123,0,0,0,0,0.0,post_reset_task_success_per_reset,True,False,,full,0.2
ACT + Random Reset,76,6000118,metaworld,True,77,0.793807113001094,1,1,1,0,0.85,post_reset_task_success_per_reset,True,False,,full,0.2
ACT + Random Reset,77,6000119,metaworld,True,75,0.729560779998792,1,1,1,0,0.85,post_reset_task_success_per_reset,True,False,,full,0.2
ACT + Random Reset,78,6000120,metaworld,True,77,0.6995338149990857,1,1,1,0,0.85,post_reset_task_success_per_reset,True,False,,full,0.2
ACT + Random Reset,79,6000121,metaworld,True,46,0.3480136100006348,0,0,0,0,0.0,post_reset_task_success_per_reset,True,False,,full,0.2
ACT + Random Reset,80,6000122,metaworld,True,56,0.4319704199988337,0,0,0,0,0.0,post_reset_task_success_per_reset,True,False,,full,0.2
ACT + Random Reset,81,6000123,metaworld,False,200,1.5692412260013953,1,0,1,0,0.9,post_reset_task_success_per_reset,False,False,,full,0.2
ACT + Random Reset,82,6000124,metaworld,True,50,0.38761047499974666,0,0,0,0,0.0,post_reset_task_success_per_reset,True,False,,full,0.2
ACT + Random Reset,83,6000125,metaworld,True,54,0.4008293850001792,0,0,0,0,0.0,post_reset_task_success_per_reset,True,False,,full,0.2
ACT + Random Reset,84,6000126,metaworld,False,200,1.556696027999351,1,0,1,0,1.0,post_reset_task_success_per_reset,False,False,object_dropped,full,0.2
ACT + Random Reset,85,6000127,metaworld,True,73,0.572547884999949,1,1,1,0,0.9,post_reset_task_success_per_reset,True,False,,full,0.2
ACT + Random Reset,86,6000128,metaworld,True,59,0.5614912260007259,0,0,0,0,0.0,post_reset_task_success_per_reset,True,False,,full,0.2
ACT + Random Reset,87,6000129,metaworld,True,54,0.6031941080000252,0,0,0,0,0.0,post_reset_task_success_per_reset,True,False,,full,0.2
ACT + Random Reset,88,6000130,metaworld,True,54,0.5003921410007024,0,0,0,0,0.0,post_reset_task_success_per_reset,True,False,,full,0.2
ACT + Random Reset,89,6000131,metaworld,True,76,0.6829686080000101,1,1,1,0,0.9,post_reset_task_success_per_reset,True,False,,full,0.2
ACT + Random Reset,90,6000132,metaworld,True,55,0.4262573340001836,0,0,0,0,0.0,post_reset_task_success_per_reset,True,False,,full,0.2
ACT + Random Reset,91,6000133,metaworld,True,71,0.6020107589993131,1,1,1,0,0.9,post_reset_task_success_per_reset,True,False,,full,0.2
ACT + Random Reset,92,6000134,metaworld,True,72,0.5575728969997726,1,1,1,0,0.9,post_reset_task_success_per_reset,True,False,,full,0.2
ACT + Random Reset,93,6000135,metaworld,True,51,0.37666937700123526,0,0,0,0,0.0,post_reset_task_success_per_reset,True,False,,full,0.2
ACT + Random Reset,94,6000136,metaworld,True,54,0.3940352810004697,0,0,0,0,0.0,post_reset_task_success_per_reset,True,False,,full,0.2
ACT + Random Reset,95,6000137,metaworld,False,200,1.7127940829996078,1,0,1,0,0.9,post_reset_task_success_per_reset,False,False,,full,0.2
ACT + Random Reset,96,6000138,metaworld,True,73,0.6191626559993892,1,1,1,0,0.9,post_reset_task_success_per_reset,True,False,,full,0.2
ACT + Random Reset,97,6000139,metaworld,True,75,0.3646576129995083,1,1,1,0,0.85,post_reset_task_success_per_reset,True,False,,full,0.2
ACT + Random Reset,98,6000140,metaworld,True,73,0.31647071500083257,1,1,1,0,0.9,post_reset_task_success_per_reset,True,False,,full,0.2
ACT + Random Reset,99,6000141,metaworld,True,74,0.32813659599923994,1,1,1,0,0.85,post_reset_task_success_per_reset,True,False,,full,0.2
ACT + Random Reset,100,6000142,metaworld,True,56,0.40416560800076695,0,0,0,0,0.0,post_reset_task_success_per_reset,True,False,,full,0.2
ACT + Random Reset,101,6000143,metaworld,True,51,0.37507335400005104,0,0,0,0,0.0,post_reset_task_success_per_reset,True,False,,full,0.2
ACT + Random Reset,102,6000144,metaworld,False,200,1.5506008640004438,1,0,1,0,0.9,post_reset_task_success_per_reset,False,False,,full,0.2
ACT + Random Reset,103,6000145,metaworld,True,70,0.5539416130013706,1,1,1,0,0.85,post_reset_task_success_per_reset,True,False,,full,0.2
ACT + Random Reset,104,6000146,metaworld,True,60,0.4505044759989687,0,0,0,0,0.0,post_reset_task_success_per_reset,True,False,,full,0.2
ACT + Random Reset,105,6000147,metaworld,True,68,0.5385162349994062,1,1,1,0,0.9,post_reset_task_success_per_reset,True,False,,full,0.2
ACT + Random Reset,106,6000148,metaworld,True,51,0.410469489001116,0,0,0,0,0.0,post_reset_task_success_per_reset,True,False,,full,0.2
ACT + Random Reset,107,6000149,metaworld,True,74,0.5794767939987651,1,1,1,0,0.9,post_reset_task_success_per_reset,True,False,,full,0.2
ACT + Random Reset,108,6000150,metaworld,True,52,0.4052577780003048,0,0,0,0,0.0,post_reset_task_success_per_reset,True,False,,full,0.2
ACT + Random Reset,109,6000151,metaworld,True,75,0.5831573539999226,1,1,1,0,0.85,post_reset_task_success_per_reset,True,False,,full,0.2
ACT + Random Reset,110,6000152,metaworld,False,200,1.5569858319995546,1,0,1,0,0.85,post_reset_task_success_per_reset,False,False,,full,0.2
ACT + Random Reset,111,6000153,metaworld,True,55,0.40682716999981494,0,0,0,0,0.0,post_reset_task_success_per_reset,True,False,,full,0.2
ACT + Random Reset,112,6000154,metaworld,True,82,0.6445183460000408,1,1,1,0,0.9,post_reset_task_success_per_reset,True,False,,full,0.2
ACT + Random Reset,113,6000155,metaworld,True,49,0.35090556099930836,0,0,0,0,0.0,post_reset_task_success_per_reset,True,False,,full,0.2
ACT + Random Reset,114,6000156,metaworld,False,200,1.4464421339998808,1,0,1,0,1.0,post_reset_task_success_per_reset,False,False,object_dropped,full,0.2
ACT + Random Reset,115,6000157,metaworld,True,71,0.7039401229994837,1,1,1,0,0.85,post_reset_task_success_per_reset,True,False,,full,0.2
ACT + Random Reset,116,6000158,metaworld,True,77,0.853393255998526,1,1,1,0,0.9,post_reset_task_success_per_reset,True,False,,full,0.2
ACT + Random Reset,117,6000159,metaworld,False,200,1.5388098410003295,1,0,1,0,0.9,post_reset_task_success_per_reset,False,False,,full,0.2
ACT + Random Reset,118,6000160,metaworld,True,54,0.5109372700007953,0,0,0,0,0.0,post_reset_task_success_per_reset,True,False,,full,0.2
ACT + Random Reset,119,6000161,metaworld,True,52,0.5284078189997672,0,0,0,0,0.0,post_reset_task_success_per_reset,True,False,,full,0.2
ACT + Random Reset,120,6000162,metaworld,False,200,1.667446919998838,1,0,1,0,0.9,post_reset_task_success_per_reset,False,False,,full,0.2
ACT + Random Reset,121,6000163,metaworld,True,77,0.6532755379994342,1,1,1,0,0.9,post_reset_task_success_per_reset,True,False,,full,0.2
ACT + Random Reset,122,6000164,metaworld,False,200,1.7512392930002534,1,0,1,0,1.0,post_reset_task_success_per_reset,False,False,object_dropped,full,0.2
ACT + Random Reset,123,6000165,metaworld,True,86,0.8373242129982827,1,1,1,0,0.85,post_reset_task_success_per_reset,True,False,,full,0.2
ACT + Random Reset,124,6000166,metaworld,False,200,1.7126200030015752,1,0,1,0,0.9,post_reset_task_success_per_reset,False,False,,full,0.2
ACT + Random Reset,125,6000167,metaworld,True,70,0.8776666129997466,1,1,1,0,0.85,post_reset_task_success_per_reset,True,False,,full,0.2
ACT + Random Reset,126,6000168,metaworld,False,200,1.9903821900006733,1,0,1,0,0.9,post_reset_task_success_per_reset,False,False,,full,0.2
ACT + Random Reset,127,6000169,metaworld,True,74,0.6696558880012162,1,1,1,0,0.85,post_reset_task_success_per_reset,True,False,,full,0.2
ACT + Random Reset,128,6000170,metaworld,True,65,0.7133900999997422,1,1,1,0,0.85,post_reset_task_success_per_reset,True,False,,full,0.2
ACT + Random Reset,129,6000171,metaworld,True,72,0.5636290530001133,1,1,1,0,0.85,post_reset_task_success_per_reset,True,False,,full,0.2
ACT + Random Reset,130,6000172,metaworld,False,200,1.7447796530013875,1,0,1,0,0.9,post_reset_task_success_per_reset,False,False,,full,0.2
ACT + Random Reset,131,6000173,metaworld,True,50,0.464166607000152,0,0,0,0,0.0,post_reset_task_success_per_reset,True,False,,full,0.2
ACT + Random Reset,132,6000174,metaworld,True,54,0.4033955380000407,0,0,0,0,0.0,post_reset_task_success_per_reset,True,False,,full,0.2
ACT + Random Reset,133,6000175,metaworld,True,73,0.5467009599997255,1,1,1,0,0.85,post_reset_task_success_per_reset,True,False,,full,0.2
ACT + Random Reset,134,6000176,metaworld,True,80,0.6439159640012804,1,1,1,0,0.85,post_reset_task_success_per_reset,True,False,,full,0.2
ACT + Random Reset,135,6000177,metaworld,True,73,0.6280789499996899,1,1,1,0,0.85,post_reset_task_success_per_reset,True,False,,full,0.2
ACT + Random Reset,136,6000178,metaworld,False,200,1.8295434350002324,1,0,1,0,0.9,post_reset_task_success_per_reset,False,False,,full,0.2
ACT + Random Reset,137,6000179,metaworld,True,72,0.6453177759995015,1,1,1,0,0.9,post_reset_task_success_per_reset,True,False,,full,0.2
ACT + Random Reset,138,6000180,metaworld,False,200,1.8319594479999068,1,0,1,0,0.9,post_reset_task_success_per_reset,False,False,,full,0.2
ACT + Random Reset,139,6000181,metaworld,True,76,0.5931673430004594,1,1,1,0,0.85,post_reset_task_success_per_reset,True,False,,full,0.2
ACT + Random Reset,140,6000182,metaworld,False,200,1.5761523350010975,1,0,1,0,1.0,post_reset_task_success_per_reset,False,False,object_dropped,full,0.2
ACT + Random Reset,141,6000183,metaworld,True,81,0.444660515000578,1,1,1,0,0.85,post_reset_task_success_per_reset,True,False,,full,0.2
ACT + Random Reset,142,6000184,metaworld,True,77,0.33071440899948357,1,1,1,0,0.85,post_reset_task_success_per_reset,True,False,,full,0.2
ACT + Random Reset,143,6000185,metaworld,True,73,0.3871449539983587,1,1,1,0,0.85,post_reset_task_success_per_reset,True,False,,full,0.2
ACT + Random Reset,144,6000186,metaworld,False,200,0.906989233000786,1,0,1,0,1.0,post_reset_task_success_per_reset,False,False,object_dropped,full,0.2
ACT + Random Reset,145,6000187,metaworld,True,70,0.5245410830011679,1,1,1,0,0.85,post_reset_task_success_per_reset,True,False,,full,0.2
ACT + Random Reset,146,6000188,metaworld,True,52,0.21339969800101244,0,0,0,0,0.0,post_reset_task_success_per_reset,True,False,,full,0.2
ACT + Random Reset,147,6000189,metaworld,True,77,0.5434907050002948,1,1,1,0,0.9,post_reset_task_success_per_reset,True,False,,full,0.2
ACT + Random Reset,148,6000190,metaworld,True,82,0.5054919660015003,1,1,1,0,0.85,post_reset_task_success_per_reset,True,False,,full,0.2
ACT + Random Reset,149,6000191,metaworld,True,76,0.3344873900005041,1,1,1,0,0.9,post_reset_task_success_per_reset,True,False,,full,0.2
ACT + Random Reset,150,6000192,metaworld,True,74,0.346202317999996,1,1,1,0,0.85,post_reset_task_success_per_reset,True,False,,full,0.2
ACT + Random Reset,151,6000193,metaworld,True,73,0.520100153000385,1,1,1,0,0.9,post_reset_task_success_per_reset,True,False,,full,0.2
ACT + Random Reset,152,6000194,metaworld,True,48,0.4244092279986944,0,0,0,0,0.0,post_reset_task_success_per_reset,True,False,,full,0.2
ACT + Random Reset,153,6000195,metaworld,False,200,1.6564616019986715,1,0,1,0,0.9,post_reset_task_success_per_reset,False,False,,full,0.2
ACT + Random Reset,154,6000196,metaworld,True,49,0.3795740960013063,0,0,0,0,0.0,post_reset_task_success_per_reset,True,False,,full,0.2
ACT + Random Reset,155,6000197,metaworld,True,73,0.5608299680006894,1,1,1,0,0.85,post_reset_task_success_per_reset,True,False,,full,0.2
ACT + Random Reset,156,6000198,metaworld,False,200,1.5745191280002473,1,0,1,0,1.0,post_reset_task_success_per_reset,False,False,object_dropped,full,0.2
ACT + Random Reset,157,6000199,metaworld,True,52,0.3920876190004492,0,0,0,0,0.0,post_reset_task_success_per_reset,True,False,,full,0.2
ACT + Random Reset,158,6000200,metaworld,True,54,0.41055713099922286,0,0,0,0,0.0,post_reset_task_success_per_reset,True,False,,full,0.2
ACT + Random Reset,159,6000201,metaworld,True,79,0.6019423210000241,1,1,1,0,0.9,post_reset_task_success_per_reset,True,False,,full,0.2
ACT + Random Reset,160,6000202,metaworld,True,68,0.5398631169991859,1,1,1,0,0.85,post_reset_task_success_per_reset,True,False,,full,0.2
ACT + Random Reset,161,6000203,metaworld,False,200,1.6209653410005558,1,0,1,0,1.0,post_reset_task_success_per_reset,False,False,object_dropped,full,0.2
ACT + Random Reset,162,6000204,metaworld,True,82,0.625313067001116,1,1,1,0,0.9,post_reset_task_success_per_reset,True,False,,full,0.2
ACT + Random Reset,163,6000205,metaworld,True,73,0.5831680209994374,1,1,1,0,0.85,post_reset_task_success_per_reset,True,False,,full,0.2
ACT + Random Reset,164,6000206,metaworld,True,52,0.3950569850003376,0,0,0,0,0.0,post_reset_task_success_per_reset,True,False,,full,0.2
ACT + Random Reset,165,6000207,metaworld,False,200,1.6676742039999226,1,0,1,0,0.9,post_reset_task_success_per_reset,False,False,,full,0.2
ACT + Random Reset,166,6000208,metaworld,False,200,1.839070301000902,1,0,1,0,1.0,post_reset_task_success_per_reset,False,False,object_dropped,full,0.2
ACT + Random Reset,167,6000209,metaworld,False,200,1.6814839700000448,1,0,1,0,0.85,post_reset_task_success_per_reset,False,False,,full,0.2
ACT + Random Reset,168,6000210,metaworld,True,55,0.45095990000118036,0,0,0,0,0.0,post_reset_task_success_per_reset,True,False,,full,0.2
ACT + Random Reset,169,6000211,metaworld,False,200,1.8854652019999776,1,0,1,0,0.9,post_reset_task_success_per_reset,False,False,,full,0.2
ACT + Random Reset,170,6000212,metaworld,True,72,0.6734508920017106,1,1,1,0,0.9,post_reset_task_success_per_reset,True,False,,full,0.2
ACT + Random Reset,171,6000213,metaworld,True,74,0.7553648550001526,1,1,1,0,0.85,post_reset_task_success_per_reset,True,False,,full,0.2
ACT + Random Reset,172,6000214,metaworld,True,70,0.5360266819989192,1,1,1,0,0.85,post_reset_task_success_per_reset,True,False,,full,0.2
ACT + Random Reset,173,6000215,metaworld,True,69,0.5333792170004017,1,1,1,0,0.9,post_reset_task_success_per_reset,True,False,,full,0.2
ACT + Random Reset,174,6000216,metaworld,False,200,1.545258156998898,1,0,1,0,0.9,post_reset_task_success_per_reset,False,False,,full,0.2
ACT + Random Reset,175,6000217,metaworld,False,200,1.5341958890003298,1,0,1,0,0.9,post_reset_task_success_per_reset,False,False,,full,0.2
ACT + Random Reset,176,6000218,metaworld,False,200,1.3835696910009574,1,0,1,0,0.9,post_reset_task_success_per_reset,False,False,,full,0.2
ACT + Random Reset,177,6000219,metaworld,True,69,0.3054387180000049,1,1,1,0,0.85,post_reset_task_success_per_reset,True,False,,full,0.2
ACT + Random Reset,178,6000220,metaworld,True,75,0.5726674159996037,1,1,1,0,0.85,post_reset_task_success_per_reset,True,False,,full,0.2
ACT + Random Reset,179,6000221,metaworld,True,79,0.4456277749995934,1,1,1,0,0.9,post_reset_task_success_per_reset,True,False,,full,0.2
ACT + Random Reset,180,6000222,metaworld,True,74,0.4287153879995458,1,1,1,0,0.85,post_reset_task_success_per_reset,True,False,,full,0.2
ACT + Random Reset,181,6000223,metaworld,True,85,0.42184578699925623,1,1,1,0,0.85,post_reset_task_success_per_reset,True,False,,full,0.2
ACT + Random Reset,182,6000224,metaworld,True,51,0.2110123750007915,0,0,0,0,0.0,post_reset_task_success_per_reset,True,False,,full,0.2
ACT + Random Reset,183,6000225,metaworld,True,72,0.3177195659991412,1,1,1,0,0.85,post_reset_task_success_per_reset,True,False,,full,0.2
ACT + Random Reset,184,6000226,metaworld,True,80,0.3397602309996728,1,1,1,0,0.85,post_reset_task_success_per_reset,True,False,,full,0.2
ACT + Random Reset,185,6000227,metaworld,False,200,1.071136653999929,1,0,1,0,0.9,post_reset_task_success_per_reset,False,False,,full,0.2
ACT + Random Reset,186,6000228,metaworld,True,56,0.23445296399950166,0,0,0,0,0.0,post_reset_task_success_per_reset,True,False,,full,0.2
ACT + Random Reset,187,6000229,metaworld,True,74,0.32766509399880306,1,1,1,0,0.85,post_reset_task_success_per_reset,True,False,,full,0.2
ACT + Random Reset,188,6000230,metaworld,True,74,0.33870441900035075,1,1,1,0,0.85,post_reset_task_success_per_reset,True,False,,full,0.2
ACT + Random Reset,189,6000231,metaworld,True,80,0.3885281299990311,1,1,1,0,0.85,post_reset_task_success_per_reset,True,False,,full,0.2
ACT + Random Reset,190,6000232,metaworld,True,79,0.3545754479982861,1,1,1,0,0.85,post_reset_task_success_per_reset,True,False,,full,0.2
ACT + Random Reset,191,6000233,metaworld,True,55,0.22594691399899602,0,0,0,0,0.0,post_reset_task_success_per_reset,True,False,,full,0.2
ACT + Random Reset,192,6000234,metaworld,True,53,0.2539914000008139,0,0,0,0,0.0,post_reset_task_success_per_reset,True,False,,full,0.2
ACT + Random Reset,193,6000235,metaworld,True,69,0.37115834500036726,1,1,1,0,0.85,post_reset_task_success_per_reset,True,False,,full,0.2
ACT + Random Reset,194,6000236,metaworld,True,72,0.31869834099961736,1,1,1,0,0.85,post_reset_task_success_per_reset,True,False,,full,0.2
ACT + Random Reset,195,6000237,metaworld,True,65,0.29751199500060466,1,1,1,0,0.9,post_reset_task_success_per_reset,True,False,,full,0.2
ACT + Random Reset,196,6000238,metaworld,True,68,0.2914935319986398,1,1,1,0,0.9,post_reset_task_success_per_reset,True,False,,full,0.2
ACT + Random Reset,197,6000239,metaworld,True,60,0.25013577100071416,0,0,0,0,0.0,post_reset_task_success_per_reset,True,False,,full,0.2
ACT + Random Reset,198,6000240,metaworld,True,77,0.3304717739993066,1,1,1,0,0.85,post_reset_task_success_per_reset,True,False,,full,0.2
ACT + Random Reset,199,6000241,metaworld,True,79,0.3489949049999268,1,1,1,0,0.85,post_reset_task_success_per_reset,True,False,,full,0.2
ACT + Random Reset,200,6000242,metaworld,True,69,0.2941671509997832,1,1,1,0,0.9,post_reset_task_success_per_reset,True,False,,full,0.2
ACT + Random Reset,201,6000243,metaworld,True,82,0.34329393100051675,1,1,1,0,0.85,post_reset_task_success_per_reset,True,False,,full,0.2
ACT + Random Reset,202,6000244,metaworld,True,56,0.23710442900119233,0,0,0,0,0.0,post_reset_task_success_per_reset,True,False,,full,0.2
ACT + Random Reset,203,6000245,metaworld,True,70,0.3054372480000893,1,1,1,0,0.85,post_reset_task_success_per_reset,True,False,,full,0.2
ACT + Random Reset,204,6000246,metaworld,True,76,0.3137277299993002,1,1,1,0,0.9,post_reset_task_success_per_reset,True,False,,full,0.2
ACT + Random Reset,205,6000247,metaworld,True,50,0.18956484899899806,0,0,0,0,0.0,post_reset_task_success_per_reset,True,False,,full,0.2
ACT + Random Reset,206,6000248,metaworld,True,130,0.5718797310000809,1,1,1,0,0.85,post_reset_task_success_per_reset,True,False,,full,0.2
ACT + Random Reset,207,6000249,metaworld,True,78,0.3786494509986369,1,1,1,0,0.85,post_reset_task_success_per_reset,True,False,,full,0.2
ACT + Random Reset,208,6000250,metaworld,True,74,0.33459680399937497,1,1,1,0,0.85,post_reset_task_success_per_reset,True,False,,full,0.2
ACT + Random Reset,209,6000251,metaworld,True,74,0.37383141600003,1,1,1,0,0.85,post_reset_task_success_per_reset,True,False,,full,0.2
ACT + Random Reset,210,6000252,metaworld,False,200,1.1740637450002396,1,0,1,0,0.9,post_reset_task_success_per_reset,False,False,,full,0.2
ACT + Random Reset,211,6000253,metaworld,True,67,0.8173583329989924,1,1,1,0,0.9,post_reset_task_success_per_reset,True,False,,full,0.2
ACT + Random Reset,212,6000254,metaworld,True,68,0.3121500149991334,1,1,1,0,0.85,post_reset_task_success_per_reset,True,False,,full,0.2
ACT + Random Reset,213,6000255,metaworld,True,68,0.44649537800069083,1,1,1,0,0.85,post_reset_task_success_per_reset,True,False,,full,0.2
ACT + Random Reset,214,6000256,metaworld,True,77,0.3127767070000118,1,1,1,0,0.85,post_reset_task_success_per_reset,True,False,,full,0.2
ACT + Random Reset,215,6000257,metaworld,False,200,0.8870182310001837,1,0,1,0,0.85,post_reset_task_success_per_reset,False,False,,full,0.2
ACT + Random Reset,216,6000258,metaworld,False,200,0.9529709690013988,1,0,1,0,0.9,post_reset_task_success_per_reset,False,False,,full,0.2
ACT + Random Reset,217,6000259,metaworld,True,73,0.3215768289992411,1,1,1,0,0.85,post_reset_task_success_per_reset,True,False,,full,0.2
ACT + Random Reset,218,6000260,metaworld,True,74,0.32054657400112774,1,1,1,0,0.85,post_reset_task_success_per_reset,True,False,,full,0.2
ACT + Random Reset,219,6000261,metaworld,False,200,0.8366020789999311,1,0,1,0,0.9,post_reset_task_success_per_reset,False,False,,full,0.2
ACT + Random Reset,220,6000262,metaworld,True,76,0.41926683700148715,1,1,1,0,0.85,post_reset_task_success_per_reset,True,False,,full,0.2
ACT + Random Reset,221,6000263,metaworld,False,200,0.9046589949994086,1,0,1,0,0.9,post_reset_task_success_per_reset,False,False,,full,0.2
ACT + Random Reset,222,6000264,metaworld,True,65,0.6066415360000974,1,1,1,0,0.9,post_reset_task_success_per_reset,True,False,,full,0.2
ACT + Random Reset,223,6000265,metaworld,True,71,0.6007314259986742,1,1,1,0,0.9,post_reset_task_success_per_reset,True,False,,full,0.2
ACT + Random Reset,224,6000266,metaworld,True,50,0.43740001199876133,0,0,0,0,0.0,post_reset_task_success_per_reset,True,False,,full,0.2
ACT + Random Reset,225,6000267,metaworld,True,70,0.619628026999635,1,1,1,0,0.85,post_reset_task_success_per_reset,True,False,,full,0.2
ACT + Random Reset,226,6000268,metaworld,True,72,0.6145198100002744,1,1,1,0,0.85,post_reset_task_success_per_reset,True,False,,full,0.2
ACT + Random Reset,227,6000269,metaworld,True,50,0.37535622399991553,0,0,0,0,0.0,post_reset_task_success_per_reset,True,False,,full,0.2
ACT + Random Reset,228,6000270,metaworld,True,49,0.37616429700028675,0,0,0,0,0.0,post_reset_task_success_per_reset,True,False,,full,0.2
ACT + Random Reset,229,6000271,metaworld,True,52,0.6414362420000543,0,0,0,0,0.0,post_reset_task_success_per_reset,True,False,,full,0.2
ACT + Random Reset,230,6000272,metaworld,True,64,0.6181906120000349,1,1,1,0,1.0,post_reset_task_success_per_reset,True,False,,full,0.2
ACT + Random Reset,231,6000273,metaworld,True,66,0.5549419460003264,1,1,1,0,1.0,post_reset_task_success_per_reset,True,False,,full,0.2
ACT + Random Reset,232,6000274,metaworld,False,200,1.8153604950002773,1,0,1,0,0.9,post_reset_task_success_per_reset,False,False,,full,0.2
ACT + Random Reset,233,6000275,metaworld,True,77,0.703023789999861,1,1,1,0,0.85,post_reset_task_success_per_reset,True,False,,full,0.2
ACT + Random Reset,234,6000276,metaworld,True,67,0.592291701999784,1,1,1,0,0.9,post_reset_task_success_per_reset,True,False,,full,0.2
ACT + Random Reset,235,6000277,metaworld,True,79,0.6772847310003272,1,1,1,0,0.85,post_reset_task_success_per_reset,True,False,,full,0.2
ACT + Random Reset,236,6000278,metaworld,True,71,0.7453182990011555,1,1,1,0,0.85,post_reset_task_success_per_reset,True,False,,full,0.2
ACT + Random Reset,237,6000279,metaworld,True,58,0.642440360999899,0,0,0,0,0.0,post_reset_task_success_per_reset,True,False,,full,0.2
ACT + Random Reset,238,6000280,metaworld,True,76,0.6296393869997701,1,1,1,0,0.9,post_reset_task_success_per_reset,True,False,,full,0.2
ACT + Random Reset,239,6000281,metaworld,True,71,0.6397894590008946,1,1,1,0,0.85,post_reset_task_success_per_reset,True,False,,full,0.2
ACT + Random Reset,240,6000282,metaworld,True,58,0.4808136869996815,0,0,0,0,0.0,post_reset_task_success_per_reset,True,False,,full,0.2
ACT + Random Reset,241,6000283,metaworld,True,85,0.5148768929993821,1,1,1,0,0.85,post_reset_task_success_per_reset,True,False,,full,0.2
ACT + Random Reset,242,6000284,metaworld,True,53,0.39231660200130136,0,0,0,0,0.0,post_reset_task_success_per_reset,True,False,,full,0.2
ACT + Random Reset,243,6000285,metaworld,True,75,0.5734294289995887,1,1,1,0,0.85,post_reset_task_success_per_reset,True,False,,full,0.2
ACT + Random Reset,244,6000286,metaworld,False,200,1.4792167180003162,1,0,1,0,1.0,post_reset_task_success_per_reset,False,False,object_dropped,full,0.2
ACT + Random Reset,245,6000287,metaworld,False,200,1.727625616998921,1,0,1,0,0.9,post_reset_task_success_per_reset,False,False,,full,0.2
ACT + Random Reset,246,6000288,metaworld,True,56,0.49802561499927833,0,0,0,0,0.0,post_reset_task_success_per_reset,True,False,,full,0.2
ACT + Random Reset,247,6000289,metaworld,True,44,0.3959973209985037,0,0,0,0,0.0,post_reset_task_success_per_reset,True,False,,full,0.2
ACT + Random Reset,248,6000290,metaworld,True,80,0.6795820830011507,1,1,1,0,0.85,post_reset_task_success_per_reset,True,False,,full,0.2
ACT + Random Reset,249,6000291,metaworld,True,64,0.5139014439992025,1,1,1,0,0.85,post_reset_task_success_per_reset,True,False,,full,0.2
ACT + Random Reset,250,6000292,metaworld,False,200,1.8153715150001517,1,0,1,0,1.0,post_reset_task_success_per_reset,False,False,object_dropped,full,0.2
ACT + Random Reset,251,6000293,metaworld,True,74,0.6208108480004739,1,1,1,0,0.85,post_reset_task_success_per_reset,True,False,,full,0.2
ACT + Random Reset,252,6000294,metaworld,True,57,0.46087410200016166,0,0,0,0,0.0,post_reset_task_success_per_reset,True,False,,full,0.2
ACT + Random Reset,253,6000295,metaworld,False,200,1.5508114830008708,1,0,1,0,1.0,post_reset_task_success_per_reset,False,False,object_dropped,full,0.2
ACT + Random Reset,254,6000296,metaworld,True,72,0.5645351950006443,1,1,1,0,0.9,post_reset_task_success_per_reset,True,False,,full,0.2
ACT + Random Reset,255,6000297,metaworld,False,200,1.586659562000932,1,0,1,0,1.0,post_reset_task_success_per_reset,False,False,object_dropped,full,0.2
ACT + Random Reset,256,6000298,metaworld,False,200,1.5107592910007952,1,0,1,0,0.9,post_reset_task_success_per_reset,False,False,,full,0.2
ACT + Random Reset,257,6000299,metaworld,True,57,0.4178000259998953,0,0,0,0,0.0,post_reset_task_success_per_reset,True,False,,full,0.2
ACT + Random Reset,258,6000300,metaworld,False,200,1.5817478080007277,1,0,1,0,0.9,post_reset_task_success_per_reset,False,False,,full,0.2
ACT + Random Reset,259,6000301,metaworld,True,60,0.47488150899880566,0,0,0,0,0.0,post_reset_task_success_per_reset,True,False,,full,0.2
ACT + Random Reset,260,6000302,metaworld,False,200,1.5551042430015514,1,0,1,0,1.0,post_reset_task_success_per_reset,False,False,object_dropped,full,0.2
ACT + Random Reset,261,6000303,metaworld,True,77,0.6257540280003013,1,1,1,0,0.85,post_reset_task_success_per_reset,True,False,,full,0.2
ACT + Random Reset,262,6000304,metaworld,True,53,0.4203959890000988,0,0,0,0,0.0,post_reset_task_success_per_reset,True,False,,full,0.2
ACT + Random Reset,263,6000305,metaworld,False,200,1.5920086469996022,1,0,1,0,0.9,post_reset_task_success_per_reset,False,False,,full,0.2
ACT + Random Reset,264,6000306,metaworld,True,51,0.3922810340009164,0,0,0,0,0.0,post_reset_task_success_per_reset,True,False,,full,0.2
ACT + Random Reset,265,6000307,metaworld,True,72,0.5783804570000939,1,1,1,0,0.85,post_reset_task_success_per_reset,True,False,,full,0.2
ACT + Random Reset,266,6000308,metaworld,True,55,0.4229628770008276,0,0,0,0,0.0,post_reset_task_success_per_reset,True,False,,full,0.2
ACT + Random Reset,267,6000309,metaworld,False,200,1.5819878530001006,1,0,1,0,0.9,post_reset_task_success_per_reset,False,False,,full,0.2
ACT + Random Reset,268,6000310,metaworld,True,53,0.41374321700095607,0,0,0,0,0.0,post_reset_task_success_per_reset,True,False,,full,0.2
ACT + Random Reset,269,6000311,metaworld,True,80,0.674515958999109,1,1,1,0,0.9,post_reset_task_success_per_reset,True,False,,full,0.2
ACT + Random Reset,270,6000312,metaworld,True,57,0.45142095499977586,0,0,0,0,0.0,post_reset_task_success_per_reset,True,False,,full,0.2
ACT + Random Reset,271,6000313,metaworld,True,80,0.6442905769999925,1,1,1,0,0.9,post_reset_task_success_per_reset,True,False,,full,0.2
ACT + Random Reset,272,6000314,metaworld,True,55,0.4252990269997099,0,0,0,0,0.0,post_reset_task_success_per_reset,True,False,,full,0.2
ACT + Random Reset,273,6000315,metaworld,False,200,1.5487469990002865,1,0,1,0,0.9,post_reset_task_success_per_reset,False,False,,full,0.2
ACT + Random Reset,274,6000316,metaworld,True,72,0.6025883599995723,1,1,1,0,0.85,post_reset_task_success_per_reset,True,False,,full,0.2
ACT + Random Reset,275,6000317,metaworld,True,72,0.6240368199996738,1,1,1,0,0.85,post_reset_task_success_per_reset,True,False,,full,0.2
ACT + Random Reset,276,6000318,metaworld,True,53,0.4148060360003001,0,0,0,0,0.0,post_reset_task_success_per_reset,True,False,,full,0.2
ACT + Random Reset,277,6000319,metaworld,True,78,0.6202582930000062,1,1,1,0,0.85,post_reset_task_success_per_reset,True,False,,full,0.2
ACT + Random Reset,278,6000320,metaworld,True,75,0.6016303670003254,1,1,1,0,0.85,post_reset_task_success_per_reset,True,False,,full,0.2
ACT + Random Reset,279,6000321,metaworld,True,85,0.6781943349997164,1,1,1,0,0.85,post_reset_task_success_per_reset,True,False,,full,0.2
ACT + Random Reset,280,6000322,metaworld,True,65,0.5421976839988929,1,1,1,0,1.0,post_reset_task_success_per_reset,True,False,,full,0.2
ACT + Random Reset,281,6000323,metaworld,True,72,0.5886443780000263,1,1,1,0,0.9,post_reset_task_success_per_reset,True,False,,full,0.2
ACT + Random Reset,282,6000324,metaworld,True,76,0.6091250860008586,1,1,1,0,0.85,post_reset_task_success_per_reset,True,False,,full,0.2
ACT + Random Reset,283,6000325,metaworld,True,74,0.6069424509987584,1,1,1,0,0.85,post_reset_task_success_per_reset,True,False,,full,0.2
ACT + Random Reset,284,6000326,metaworld,True,76,0.5991185980001319,1,1,1,0,0.9,post_reset_task_success_per_reset,True,False,,full,0.2
ACT + Random Reset,285,6000327,metaworld,True,72,0.5745405899997422,1,1,1,0,0.85,post_reset_task_success_per_reset,True,False,,full,0.2
ACT + Random Reset,286,6000328,metaworld,False,200,1.5021668259996659,1,0,1,0,1.0,post_reset_task_success_per_reset,False,False,object_dropped,full,0.2
ACT + Random Reset,287,6000329,metaworld,False,200,1.5536560759992426,1,0,1,0,1.0,post_reset_task_success_per_reset,False,False,object_dropped,full,0.2
ACT + Random Reset,288,6000330,metaworld,True,55,0.4075429290005559,0,0,0,0,0.0,post_reset_task_success_per_reset,True,False,,full,0.2
ACT + Random Reset,289,6000331,metaworld,True,54,0.40637997200065,0,0,0,0,0.0,post_reset_task_success_per_reset,True,False,,full,0.2
ACT + Random Reset,290,6000332,metaworld,True,53,0.3954002179998497,0,0,0,0,0.0,post_reset_task_success_per_reset,True,False,,full,0.2
ACT + Random Reset,291,6000333,metaworld,True,77,0.5857296030008001,1,1,1,0,0.9,post_reset_task_success_per_reset,True,False,,full,0.2
ACT + Random Reset,292,6000334,metaworld,True,74,0.5637867400000687,1,1,1,0,0.9,post_reset_task_success_per_reset,True,False,,full,0.2
ACT + Random Reset,293,6000335,metaworld,True,71,0.5334043990005739,1,1,1,0,0.85,post_reset_task_success_per_reset,True,False,,full,0.2
ACT + Random Reset,294,6000336,metaworld,True,73,0.5832572710005479,1,1,1,0,0.85,post_reset_task_success_per_reset,True,False,,full,0.2
ACT + Random Reset,295,6000337,metaworld,True,54,0.40294852899933176,0,0,0,0,0.0,post_reset_task_success_per_reset,True,False,,full,0.2
ACT + Random Reset,296,6000338,metaworld,True,77,0.6572308180002437,1,1,1,0,0.9,post_reset_task_success_per_reset,True,False,,full,0.2
ACT + Random Reset,297,6000339,metaworld,True,49,0.36893938499997603,0,0,0,0,0.0,post_reset_task_success_per_reset,True,False,,full,0.2
ACT + Random Reset,298,6000340,metaworld,True,53,0.39274291599940625,0,0,0,0,0.0,post_reset_task_success_per_reset,True,False,,full,0.2
ACT + Random Reset,299,6000341,metaworld,True,74,0.5710975720012357,1,1,1,0,0.85,post_reset_task_success_per_reset,True,False,,full,0.2
ACT + Random Reset,300,6000342,metaworld,True,76,0.6048751749985968,1,1,1,0,0.85,post_reset_task_success_per_reset,True,False,,full,0.2
ACT + Random Reset,301,6000343,metaworld,False,200,1.546331065999766,1,0,1,0,0.9,post_reset_task_success_per_reset,False,False,,full,0.2
ACT + Random Reset,302,6000344,metaworld,True,57,0.40474591400015925,0,0,0,0,0.0,post_reset_task_success_per_reset,True,False,,full,0.2
ACT + Random Reset,303,6000345,metaworld,False,200,1.5108299769999576,1,0,1,0,1.0,post_reset_task_success_per_reset,False,False,object_dropped,full,0.2
ACT + Random Reset,304,6000346,metaworld,False,200,1.5732124039986957,1,0,1,0,1.0,post_reset_task_success_per_reset,False,False,object_dropped,full,0.2
ACT + Random Reset,305,6000347,metaworld,True,75,0.5576784360000602,1,1,1,0,0.85,post_reset_task_success_per_reset,True,False,,full,0.2
ACT + Random Reset,306,6000348,metaworld,True,76,0.6030986660007329,1,1,1,0,0.85,post_reset_task_success_per_reset,True,False,,full,0.2
ACT + Random Reset,307,6000349,metaworld,True,64,0.4805902990010509,0,0,0,0,0.0,post_reset_task_success_per_reset,True,False,,full,0.2
ACT + Random Reset,308,6000350,metaworld,True,78,0.6338562310011184,1,1,1,0,0.9,post_reset_task_success_per_reset,True,False,,full,0.2
ACT + Random Reset,309,6000351,metaworld,True,51,0.42600253699856694,0,0,0,0,0.0,post_reset_task_success_per_reset,True,False,,full,0.2
ACT + Random Reset,310,6000352,metaworld,True,72,0.5642938630007848,1,1,1,0,0.9,post_reset_task_success_per_reset,True,False,,full,0.2
ACT + Random Reset,311,6000353,metaworld,True,52,0.3890155120006966,0,0,0,0,0.0,post_reset_task_success_per_reset,True,False,,full,0.2
ACT + Random Reset,312,6000354,metaworld,True,70,0.5450020089992904,1,1,1,0,0.85,post_reset_task_success_per_reset,True,False,,full,0.2
ACT + Random Reset,313,6000355,metaworld,True,55,0.4102701479987445,0,0,0,0,0.0,post_reset_task_success_per_reset,True,False,,full,0.2
ACT + Random Reset,314,6000356,metaworld,True,74,0.5781568330003211,1,1,1,0,0.9,post_reset_task_success_per_reset,True,False,,full,0.2
ACT + Random Reset,315,6000357,metaworld,True,75,0.6063894690014422,1,1,1,0,0.85,post_reset_task_success_per_reset,True,False,,full,0.2
ACT + Random Reset,316,6000358,metaworld,False,200,1.5888754570005403,1,0,1,0,0.9,post_reset_task_success_per_reset,False,False,,full,0.2
ACT + Random Reset,317,6000359,metaworld,True,78,0.6015705089994299,1,1,1,0,0.85,post_reset_task_success_per_reset,True,False,,full,0.2
ACT + Random Reset,318,6000360,metaworld,True,76,0.5883512939999491,1,1,1,0,0.9,post_reset_task_success_per_reset,True,False,,full,0.2
ACT + Random Reset,319,6000361,metaworld,True,74,0.5952829939997173,1,1,1,0,0.9,post_reset_task_success_per_reset,True,False,,full,0.2
ACT + Random Reset,320,6000362,metaworld,False,200,1.5215542709993315,1,0,1,0,1.0,post_reset_task_success_per_reset,False,False,object_dropped,full,0.2
ACT + Random Reset,321,6000363,metaworld,True,76,0.6275940619998437,1,1,1,0,0.85,post_reset_task_success_per_reset,True,False,,full,0.2
ACT + Random Reset,322,6000364,metaworld,True,57,0.4458830139992642,0,0,0,0,0.0,post_reset_task_success_per_reset,True,False,,full,0.2
ACT + Random Reset,323,6000365,metaworld,True,68,0.526187638999545,1,1,1,0,0.9,post_reset_task_success_per_reset,True,False,,full,0.2
ACT + Random Reset,324,6000366,metaworld,True,75,0.5835141029983788,1,1,1,0,0.85,post_reset_task_success_per_reset,True,False,,full,0.2
ACT + Random Reset,325,6000367,metaworld,True,56,0.42117833600059384,0,0,0,0,0.0,post_reset_task_success_per_reset,True,False,,full,0.2
ACT + Random Reset,326,6000368,metaworld,False,200,1.5201681399994413,1,0,1,0,0.9,post_reset_task_success_per_reset,False,False,,full,0.2
ACT + Random Reset,327,6000369,metaworld,True,84,0.6912650960002793,1,1,1,0,0.9,post_reset_task_success_per_reset,True,False,,full,0.2
ACT + Random Reset,328,6000370,metaworld,True,75,0.590097975999015,1,1,1,0,0.9,post_reset_task_success_per_reset,True,False,,full,0.2
ACT + Random Reset,329,6000371,metaworld,True,71,0.5554864299992914,1,1,1,0,0.85,post_reset_task_success_per_reset,True,False,,full,0.2
ACT + Random Reset,330,6000372,metaworld,True,76,0.6068281780007965,1,1,1,0,0.85,post_reset_task_success_per_reset,True,False,,full,0.2
ACT + Random Reset,331,6000373,metaworld,False,200,1.575242339000397,1,0,1,0,1.0,post_reset_task_success_per_reset,False,False,object_dropped,full,0.2
ACT + Random Reset,332,6000374,metaworld,False,200,1.5737748020001163,1,0,1,0,0.9,post_reset_task_success_per_reset,False,False,,full,0.2
ACT + Random Reset,333,6000375,metaworld,True,68,0.5391024250002374,1,1,1,0,0.9,post_reset_task_success_per_reset,True,False,,full,0.2
ACT + Random Reset,334,6000376,metaworld,True,72,0.4398399510009767,1,1,1,0,0.85,post_reset_task_success_per_reset,True,False,,full,0.2
ACT + Random Reset,335,6000377,metaworld,True,73,0.5666578169984859,1,1,1,0,0.85,post_reset_task_success_per_reset,True,False,,full,0.2
ACT + Random Reset,336,6000378,metaworld,False,200,1.5632473360001313,1,0,1,0,0.9,post_reset_task_success_per_reset,False,False,,full,0.2
ACT + Random Reset,337,6000379,metaworld,False,200,1.564110786999663,1,0,1,0,0.9,post_reset_task_success_per_reset,False,False,,full,0.2
ACT + Random Reset,338,6000380,metaworld,True,80,0.6278226919985173,1,1,1,0,0.85,post_reset_task_success_per_reset,True,False,,full,0.2
ACT + Random Reset,339,6000381,metaworld,True,52,0.39070463700045366,0,0,0,0,0.0,post_reset_task_success_per_reset,True,False,,full,0.2
ACT + Random Reset,340,6000382,metaworld,True,73,0.5721671479986981,1,1,1,0,0.9,post_reset_task_success_per_reset,True,False,,full,0.2
ACT + Random Reset,341,6000383,metaworld,True,53,0.4029464760005794,0,0,0,0,0.0,post_reset_task_success_per_reset,True,False,,full,0.2
ACT + Random Reset,342,6000384,metaworld,True,70,0.5464930520010967,1,1,1,0,0.9,post_reset_task_success_per_reset,True,False,,full,0.2
ACT + Random Reset,343,6000385,metaworld,False,200,1.5808915510006045,1,0,1,0,0.9,post_reset_task_success_per_reset,False,False,,full,0.2
ACT + Random Reset,344,6000386,metaworld,True,55,0.42564425700038555,0,0,0,0,0.0,post_reset_task_success_per_reset,True,False,,full,0.2
ACT + Random Reset,345,6000387,metaworld,True,57,0.43349196500093967,0,0,0,0,0.0,post_reset_task_success_per_reset,True,False,,full,0.2
ACT + Random Reset,346,6000388,metaworld,True,75,0.5947617669989995,1,1,1,0,0.9,post_reset_task_success_per_reset,True,False,,full,0.2
ACT + Random Reset,347,6000389,metaworld,True,58,0.445099439999467,0,0,0,0,0.0,post_reset_task_success_per_reset,True,False,,full,0.2
ACT + Random Reset,348,6000390,metaworld,True,58,0.44003909999992175,0,0,0,0,0.0,post_reset_task_success_per_reset,True,False,,full,0.2
ACT + Random Reset,349,6000391,metaworld,True,84,0.7165165910009819,1,1,1,0,0.85,post_reset_task_success_per_reset,True,False,,full,0.2
ACT + Random Reset,350,6000392,metaworld,True,71,0.8230584769989946,1,1,1,0,0.85,post_reset_task_success_per_reset,True,False,,full,0.2
ACT + Random Reset,351,6000393,metaworld,True,72,0.5791698130014993,1,1,1,0,0.85,post_reset_task_success_per_reset,True,False,,full,0.2
ACT + Random Reset,352,6000394,metaworld,False,200,1.5821900339997228,1,0,1,0,0.9,post_reset_task_success_per_reset,False,False,,full,0.2
ACT + Random Reset,353,6000395,metaworld,True,81,0.661261758999899,1,1,1,0,0.9,post_reset_task_success_per_reset,True,False,,full,0.2
ACT + Random Reset,354,6000396,metaworld,True,57,0.44655365599828656,0,0,0,0,0.0,post_reset_task_success_per_reset,True,False,,full,0.2
ACT + Random Reset,355,6000397,metaworld,True,71,0.5809053289995063,1,1,1,0,0.9,post_reset_task_success_per_reset,True,False,,full,0.2
ACT + Random Reset,356,6000398,metaworld,False,200,1.508281997001177,1,0,1,0,1.0,post_reset_task_success_per_reset,False,False,object_dropped,full,0.2
ACT + Random Reset,357,6000399,metaworld,True,60,0.2352136409990635,0,0,0,0,0.0,post_reset_task_success_per_reset,True,False,,full,0.2
ACT + Random Reset,358,6000400,metaworld,True,65,0.41110582500004966,1,1,1,0,1.0,post_reset_task_success_per_reset,True,False,,full,0.2
ACT + Random Reset,359,6000401,metaworld,True,55,0.4397605249996559,0,0,0,0,0.0,post_reset_task_success_per_reset,True,False,,full,0.2
ACT + Random Reset,360,6000402,metaworld,True,53,0.42060732699974324,0,0,0,0,0.0,post_reset_task_success_per_reset,True,False,,full,0.2
ACT + Random Reset,361,6000403,metaworld,False,200,1.5388795500002743,1,0,1,0,0.9,post_reset_task_success_per_reset,False,False,,full,0.2
ACT + Random Reset,362,6000404,metaworld,True,78,0.6300672800007305,1,1,1,0,0.9,post_reset_task_success_per_reset,True,False,,full,0.2
ACT + Random Reset,363,6000405,metaworld,True,57,0.45022997799969744,0,0,0,0,0.0,post_reset_task_success_per_reset,True,False,,full,0.2
ACT + Random Reset,364,6000406,metaworld,True,70,0.5614520149993041,1,1,1,0,0.85,post_reset_task_success_per_reset,True,False,,full,0.2
ACT + Random Reset,365,6000407,metaworld,True,56,0.45188728499852004,0,0,0,0,0.0,post_reset_task_success_per_reset,True,False,,full,0.2
ACT + Random Reset,366,6000408,metaworld,True,80,0.6594809950001945,1,1,1,0,0.9,post_reset_task_success_per_reset,True,False,,full,0.2
ACT + Random Reset,367,6000409,metaworld,True,73,0.596523097001409,1,1,1,0,0.9,post_reset_task_success_per_reset,True,False,,full,0.2
ACT + Random Reset,368,6000410,metaworld,True,75,0.6055653370003711,1,1,1,0,0.85,post_reset_task_success_per_reset,True,False,,full,0.2
ACT + Random Reset,369,6000411,metaworld,True,50,0.40376137400016887,0,0,0,0,0.0,post_reset_task_success_per_reset,True,False,,full,0.2
ACT + Random Reset,370,6000412,metaworld,False,200,1.5627220810001745,1,0,1,0,0.9,post_reset_task_success_per_reset,False,False,,full,0.2
ACT + Random Reset,371,6000413,metaworld,False,200,1.5580931089989463,1,0,1,0,1.0,post_reset_task_success_per_reset,False,False,object_dropped,full,0.2
ACT + Random Reset,372,6000414,metaworld,True,75,0.6234738340008334,1,1,1,0,0.85,post_reset_task_success_per_reset,True,False,,full,0.2
ACT + Random Reset,373,6000415,metaworld,True,77,0.6507813159987563,1,1,1,0,0.85,post_reset_task_success_per_reset,True,False,,full,0.2
ACT + Random Reset,374,6000416,metaworld,True,57,0.4506381410010363,0,0,0,0,0.0,post_reset_task_success_per_reset,True,False,,full,0.2
ACT + Random Reset,375,6000417,metaworld,True,110,0.8946220779998839,1,1,1,0,0.9,post_reset_task_success_per_reset,True,False,,full,0.2
ACT + Random Reset,376,6000418,metaworld,True,78,0.613229943000988,1,1,1,0,0.85,post_reset_task_success_per_reset,True,False,,full,0.2
ACT + Random Reset,377,6000419,metaworld,False,200,1.5353756969998358,1,0,1,0,0.9,post_reset_task_success_per_reset,False,False,,full,0.2
ACT + Random Reset,378,6000420,metaworld,False,200,1.573999977999847,1,0,1,0,1.0,post_reset_task_success_per_reset,False,False,object_dropped,full,0.2
ACT + Random Reset,379,6000421,metaworld,True,80,0.6603036249998695,1,1,1,0,0.85,post_reset_task_success_per_reset,True,False,,full,0.2
ACT + Random Reset,380,6000422,metaworld,True,60,0.47429846599879966,0,0,0,0,0.0,post_reset_task_success_per_reset,True,False,,full,0.2
ACT + Random Reset,381,6000423,metaworld,True,59,0.4781272000000172,0,0,0,0,0.0,post_reset_task_success_per_reset,True,False,,full,0.2
ACT + Random Reset,382,6000424,metaworld,True,77,0.6184044559995527,1,1,1,0,0.85,post_reset_task_success_per_reset,True,False,,full,0.2
ACT + Random Reset,383,6000425,metaworld,True,80,0.4624036410004919,1,1,1,0,0.85,post_reset_task_success_per_reset,True,False,,full,0.2
ACT + Random Reset,384,6000426,metaworld,True,84,0.31033398100043996,1,1,1,0,0.9,post_reset_task_success_per_reset,True,False,,full,0.2
ACT + Random Reset,385,6000427,metaworld,False,200,0.7547223490000761,1,0,1,0,0.9,post_reset_task_success_per_reset,False,False,,full,0.2
ACT + Random Reset,386,6000428,metaworld,False,200,0.710875249998935,1,0,1,0,0.9,post_reset_task_success_per_reset,False,False,,full,0.2
ACT + Random Reset,387,6000429,metaworld,False,200,0.7365400109993061,1,0,1,0,1.0,post_reset_task_success_per_reset,False,False,object_dropped,full,0.2
ACT + Random Reset,388,6000430,metaworld,True,79,0.33146514000145544,1,1,1,0,0.85,post_reset_task_success_per_reset,True,False,,full,0.2
ACT + Random Reset,389,6000431,metaworld,True,77,0.30056843599959393,1,1,1,0,0.85,post_reset_task_success_per_reset,True,False,,full,0.2
ACT + Random Reset,390,6000432,metaworld,True,51,0.18028130300081102,0,0,0,0,0.0,post_reset_task_success_per_reset,True,False,,full,0.2
ACT + Random Reset,391,6000433,metaworld,True,59,0.22728593600004388,0,0,0,0,0.0,post_reset_task_success_per_reset,True,False,,full,0.2
ACT + Random Reset,392,6000434,metaworld,True,69,0.25499088799915626,1,1,1,0,0.85,post_reset_task_success_per_reset,True,False,,full,0.2
ACT + Random Reset,393,6000435,metaworld,True,76,0.28365995500098506,1,1,1,0,0.85,post_reset_task_success_per_reset,True,False,,full,0.2
ACT + Random Reset,394,6000436,metaworld,True,58,0.2051648929991643,0,0,0,0,0.0,post_reset_task_success_per_reset,True,False,,full,0.2
ACT + Random Reset,395,6000437,metaworld,True,56,0.1962305289998767,0,0,0,0,0.0,post_reset_task_success_per_reset,True,False,,full,0.2
ACT + Random Reset,396,6000438,metaworld,False,200,0.7048214839996945,1,0,1,0,1.0,post_reset_task_success_per_reset,False,False,object_dropped,full,0.2
ACT + Random Reset,397,6000439,metaworld,True,74,0.29121447000034095,1,1,1,0,0.9,post_reset_task_success_per_reset,True,False,,full,0.2
ACT + Random Reset,398,6000440,metaworld,True,72,0.29161141800068435,1,1,1,0,0.85,post_reset_task_success_per_reset,True,False,,full,0.2
ACT + Random Reset,399,6000441,metaworld,True,73,0.2693510570006765,1,1,1,0,0.85,post_reset_task_success_per_reset,True,False,,full,0.2
ACT + Random Reset,400,6000442,metaworld,True,58,0.20865998800036323,0,0,0,0,0.0,post_reset_task_success_per_reset,True,False,,full,0.2
ACT + Random Reset,401,6000443,metaworld,True,55,0.19444680600099673,0,0,0,0,0.0,post_reset_task_success_per_reset,True,False,,full,0.2
ACT + Random Reset,402,6000444,metaworld,True,55,0.21503950700025598,0,0,0,0,0.0,post_reset_task_success_per_reset,True,False,,full,0.2
ACT + Random Reset,403,6000445,metaworld,True,80,0.32470614300109446,1,1,1,0,0.85,post_reset_task_success_per_reset,True,False,,full,0.2
ACT + Random Reset,404,6000446,metaworld,True,52,0.19657283699962136,0,0,0,0,0.0,post_reset_task_success_per_reset,True,False,,full,0.2
ACT + Random Reset,405,6000447,metaworld,True,69,0.2561796999998478,1,1,1,0,0.9,post_reset_task_success_per_reset,True,False,,full,0.2
ACT + Random Reset,406,6000448,metaworld,True,72,0.27080783100063854,1,1,1,0,0.85,post_reset_task_success_per_reset,True,False,,full,0.2
ACT + Random Reset,407,6000449,metaworld,False,200,0.7291045270012546,1,0,1,0,0.9,post_reset_task_success_per_reset,False,False,,full,0.2
ACT + Random Reset,408,6000450,metaworld,False,200,0.6828871970010368,1,0,1,0,0.9,post_reset_task_success_per_reset,False,False,,full,0.2
ACT + Random Reset,409,6000451,metaworld,True,56,0.18504965399915818,0,0,0,0,0.0,post_reset_task_success_per_reset,True,False,,full,0.2
ACT + Random Reset,410,6000452,metaworld,True,49,0.1683097370005271,0,0,0,0,0.0,post_reset_task_success_per_reset,True,False,,full,0.2
ACT + Random Reset,411,6000453,metaworld,False,200,0.7193701859996509,1,0,1,0,0.9,post_reset_task_success_per_reset,False,False,,full,0.2
ACT + Random Reset,412,6000454,metaworld,False,200,0.7547973340006138,1,0,1,0,0.9,post_reset_task_success_per_reset,False,False,,full,0.2
ACT + Random Reset,413,6000455,metaworld,True,77,0.30071182000028784,1,1,1,0,0.85,post_reset_task_success_per_reset,True,False,,full,0.2
ACT + Random Reset,414,6000456,metaworld,True,77,0.3169015980001859,1,1,1,0,0.9,post_reset_task_success_per_reset,True,False,,full,0.2
ACT + Random Reset,415,6000457,metaworld,True,73,0.27235248899887665,1,1,1,0,0.9,post_reset_task_success_per_reset,True,False,,full,0.2
ACT + Random Reset,416,6000458,metaworld,False,200,0.7243406350007717,1,0,1,0,0.9,post_reset_task_success_per_reset,False,False,,full,0.2
ACT + Random Reset,417,6000459,metaworld,True,74,0.27401287400061847,1,1,1,0,0.85,post_reset_task_success_per_reset,True,False,,full,0.2
ACT + Random Reset,418,6000460,metaworld,True,84,0.30608753100023023,1,1,1,0,0.9,post_reset_task_success_per_reset,True,False,,full,0.2
ACT + Random Reset,419,6000461,metaworld,False,200,0.7119604740000796,1,0,1,0,1.0,post_reset_task_success_per_reset,False,False,object_dropped,full,0.2
ACT + Random Reset,420,6000462,metaworld,True,80,0.2842527720004,1,1,1,0,0.9,post_reset_task_success_per_reset,True,False,,full,0.2
ACT + Random Reset,421,6000463,metaworld,True,72,0.258387366999159,1,1,1,0,0.85,post_reset_task_success_per_reset,True,False,,full,0.2
ACT + Random Reset,422,6000464,metaworld,True,75,0.28234683299888275,1,1,1,0,0.9,post_reset_task_success_per_reset,True,False,,full,0.2
ACT + Random Reset,423,6000465,metaworld,True,71,0.2694394390000525,1,1,1,0,0.85,post_reset_task_success_per_reset,True,False,,full,0.2
ACT + Random Reset,424,6000466,metaworld,False,200,0.7268512650007324,1,0,1,0,1.0,post_reset_task_success_per_reset,False,False,object_dropped,full,0.2
ACT + Random Reset,425,6000467,metaworld,False,200,0.7713318299993261,1,0,1,0,0.9,post_reset_task_success_per_reset,False,False,,full,0.2
ACT + Random Reset,426,6000468,metaworld,True,77,0.2992691150011524,1,1,1,0,0.9,post_reset_task_success_per_reset,True,False,,full,0.2
ACT + Random Reset,427,6000469,metaworld,True,53,0.18237196500012942,0,0,0,0,0.0,post_reset_task_success_per_reset,True,False,,full,0.2
ACT + Random Reset,428,6000470,metaworld,True,58,0.1996614250001585,0,0,0,0,0.0,post_reset_task_success_per_reset,True,False,,full,0.2
ACT + Random Reset,429,6000471,metaworld,True,58,0.20437529800074117,0,0,0,0,0.0,post_reset_task_success_per_reset,True,False,,full,0.2
ACT + Random Reset,430,6000472,metaworld,True,53,0.1826966149983491,0,0,0,0,0.0,post_reset_task_success_per_reset,True,False,,full,0.2
ACT + Random Reset,431,6000473,metaworld,True,79,0.2907804189999297,1,1,1,0,0.85,post_reset_task_success_per_reset,True,False,,full,0.2
ACT + Random Reset,432,6000474,metaworld,True,109,0.38826897900071344,1,1,1,0,1.0,post_reset_task_success_per_reset,True,False,,full,0.2
ACT + Random Reset,433,6000475,metaworld,True,108,0.3743046379986481,1,1,1,0,0.9,post_reset_task_success_per_reset,True,False,,full,0.2
ACT + Random Reset,434,6000476,metaworld,True,75,0.24037552399931883,1,1,1,0,0.9,post_reset_task_success_per_reset,True,False,,full,0.2
ACT + Random Reset,435,6000477,metaworld,True,79,0.25278276999961236,1,1,1,0,0.9,post_reset_task_success_per_reset,True,False,,full,0.2
ACT + Random Reset,436,6000478,metaworld,True,64,0.20013245300106064,0,0,0,0,0.0,post_reset_task_success_per_reset,True,False,,full,0.2
ACT + Random Reset,437,6000479,metaworld,True,53,0.190754603001551,0,0,0,0,0.0,post_reset_task_success_per_reset,True,False,,full,0.2
ACT + Random Reset,438,6000480,metaworld,True,109,0.46054162600012205,1,1,1,0,0.9,post_reset_task_success_per_reset,True,False,,full,0.2
ACT + Random Reset,439,6000481,metaworld,False,200,1.042343750999862,1,0,1,0,1.0,post_reset_task_success_per_reset,False,False,object_dropped,full,0.2
ACT + Random Reset,440,6000482,metaworld,False,200,1.55240656100068,1,0,1,0,1.0,post_reset_task_success_per_reset,False,False,object_dropped,full,0.2
ACT + Random Reset,441,6000483,metaworld,True,71,0.5551160459999664,1,1,1,0,0.85,post_reset_task_success_per_reset,True,False,,full,0.2
ACT + Random Reset,442,6000484,metaworld,False,200,1.5435624639994785,1,0,1,0,1.0,post_reset_task_success_per_reset,False,False,object_dropped,full,0.2
ACT + Random Reset,443,6000485,metaworld,True,76,0.6155711799983692,1,1,1,0,0.9,post_reset_task_success_per_reset,True,False,,full,0.2
ACT + Random Reset,444,6000486,metaworld,True,50,0.387098667999453,0,0,0,0,0.0,post_reset_task_success_per_reset,True,False,,full,0.2
ACT + Random Reset,445,6000487,metaworld,True,78,0.6221384820000821,1,1,1,0,0.9,post_reset_task_success_per_reset,True,False,,full,0.2
ACT + Random Reset,446,6000488,metaworld,False,200,1.567385328000455,1,0,1,0,0.9,post_reset_task_success_per_reset,False,False,,full,0.2
ACT + Random Reset,447,6000489,metaworld,True,56,0.4515113179986656,0,0,0,0,0.0,post_reset_task_success_per_reset,True,False,,full,0.2
ACT + Random Reset,448,6000490,metaworld,True,73,0.5761801829994511,1,1,1,0,0.9,post_reset_task_success_per_reset,True,False,,full,0.2
ACT + Random Reset,449,6000491,metaworld,True,73,0.5655708750000485,1,1,1,0,0.85,post_reset_task_success_per_reset,True,False,,full,0.2
ACT + Random Reset,450,6000492,metaworld,True,48,0.34503182700063917,0,0,0,0,0.0,post_reset_task_success_per_reset,True,False,,full,0.2
ACT + Random Reset,451,6000493,metaworld,True,51,0.18770696399951703,0,0,0,0,0.0,post_reset_task_success_per_reset,True,False,,full,0.2
ACT + Random Reset,452,6000494,metaworld,False,200,0.714231968000604,1,0,1,0,0.9,post_reset_task_success_per_reset,False,False,,full,0.2
ACT + Random Reset,453,6000495,metaworld,True,75,0.28066261900130485,1,1,1,0,0.85,post_reset_task_success_per_reset,True,False,,full,0.2
ACT + Random Reset,454,6000496,metaworld,True,74,0.3003463439999905,1,1,1,0,0.9,post_reset_task_success_per_reset,True,False,,full,0.2
ACT + Random Reset,455,6000497,metaworld,True,48,0.20392682800047623,0,0,0,0,0.0,post_reset_task_success_per_reset,True,False,,full,0.2
ACT + Random Reset,456,6000498,metaworld,True,76,0.3129798280006071,1,1,1,0,0.9,post_reset_task_success_per_reset,True,False,,full,0.2
ACT + Random Reset,457,6000499,metaworld,True,75,0.3143013080007222,1,1,1,0,0.85,post_reset_task_success_per_reset,True,False,,full,0.2
ACT + Random Reset,458,6000500,metaworld,True,57,0.21606293700097012,0,0,0,0,0.0,post_reset_task_success_per_reset,True,False,,full,0.2
ACT + Random Reset,459,6000501,metaworld,True,74,0.3138358639989747,1,1,1,0,0.85,post_reset_task_success_per_reset,True,False,,full,0.2
ACT + Random Reset,460,6000502,metaworld,True,69,0.2897739990003174,1,1,1,0,0.9,post_reset_task_success_per_reset,True,False,,full,0.2
ACT + Random Reset,461,6000503,metaworld,True,66,0.2534182330000476,1,1,1,0,0.85,post_reset_task_success_per_reset,True,False,,full,0.2
ACT + Random Reset,462,6000504,metaworld,True,76,0.3995761810001568,1,1,1,0,0.9,post_reset_task_success_per_reset,True,False,,full,0.2
ACT + Random Reset,463,6000505,metaworld,False,200,1.5152400240003772,1,0,1,0,0.9,post_reset_task_success_per_reset,False,False,,full,0.2
ACT + Random Reset,464,6000506,metaworld,True,54,0.18526913399909972,0,0,0,0,0.0,post_reset_task_success_per_reset,True,False,,full,0.2
ACT + Random Reset,465,6000507,metaworld,False,200,0.7404619890003232,1,0,1,0,1.0,post_reset_task_success_per_reset,False,False,object_dropped,full,0.2
ACT + Random Reset,466,6000508,metaworld,True,47,0.21522512299998198,0,0,0,0,0.0,post_reset_task_success_per_reset,True,False,,full,0.2
ACT + Random Reset,467,6000509,metaworld,True,75,0.5868703100004495,1,1,1,0,0.85,post_reset_task_success_per_reset,True,False,,full,0.2
ACT + Random Reset,468,6000510,metaworld,True,74,0.5890781939997396,1,1,1,0,0.85,post_reset_task_success_per_reset,True,False,,full,0.2
ACT + Random Reset,469,6000511,metaworld,True,54,0.42949072900046303,0,0,0,0,0.0,post_reset_task_success_per_reset,True,False,,full,0.2
ACT + Random Reset,470,6000512,metaworld,True,72,0.5923988850008755,1,1,1,0,0.85,post_reset_task_success_per_reset,True,False,,full,0.2
ACT + Random Reset,471,6000513,metaworld,True,72,0.5800549039995531,1,1,1,0,0.85,post_reset_task_success_per_reset,True,False,,full,0.2
ACT + Random Reset,472,6000514,metaworld,True,78,0.6751037600006384,1,1,1,0,0.85,post_reset_task_success_per_reset,True,False,,full,0.2
ACT + Random Reset,473,6000515,metaworld,True,76,0.5993662429991673,1,1,1,0,0.9,post_reset_task_success_per_reset,True,False,,full,0.2
ACT + Random Reset,474,6000516,metaworld,True,64,0.4780859580005199,0,0,0,0,0.0,post_reset_task_success_per_reset,True,False,,full,0.2
ACT + Random Reset,475,6000517,metaworld,False,200,1.5930299760002526,1,0,1,0,0.9,post_reset_task_success_per_reset,False,False,,full,0.2
ACT + Random Reset,476,6000518,metaworld,True,79,0.6402649130013742,1,1,1,0,0.85,post_reset_task_success_per_reset,True,False,,full,0.2
ACT + Random Reset,477,6000519,metaworld,False,200,1.5815436390003015,1,0,1,0,0.9,post_reset_task_success_per_reset,False,False,,full,0.2
ACT + Random Reset,478,6000520,metaworld,True,75,0.5828529310001613,1,1,1,0,1.0,post_reset_task_success_per_reset,True,False,,full,0.2
ACT + Random Reset,479,6000521,metaworld,True,56,0.4339296380003361,0,0,0,0,0.0,post_reset_task_success_per_reset,True,False,,full,0.2
ACT + Random Reset,480,6000522,metaworld,True,71,0.5915485179993993,1,1,1,0,0.85,post_reset_task_success_per_reset,True,False,,full,0.2
ACT + Random Reset,481,6000523,metaworld,True,59,0.47071084900017013,0,0,0,0,0.0,post_reset_task_success_per_reset,True,False,,full,0.2
ACT + Random Reset,482,6000524,metaworld,False,200,1.6305452950000472,1,0,1,0,1.0,post_reset_task_success_per_reset,False,False,object_dropped,full,0.2
ACT + Random Reset,483,6000525,metaworld,True,53,0.4067168749988923,0,0,0,0,0.0,post_reset_task_success_per_reset,True,False,,full,0.2
ACT + Random Reset,484,6000526,metaworld,True,64,0.5160905220000132,1,1,1,0,1.0,post_reset_task_success_per_reset,True,False,,full,0.2
ACT + Random Reset,485,6000527,metaworld,True,53,0.41085413099972357,0,0,0,0,0.0,post_reset_task_success_per_reset,True,False,,full,0.2
ACT + Random Reset,486,6000528,metaworld,True,76,0.5840642710008979,1,1,1,0,0.85,post_reset_task_success_per_reset,True,False,,full,0.2
ACT + Random Reset,487,6000529,metaworld,True,73,0.6286137549996056,1,1,1,0,0.9,post_reset_task_success_per_reset,True,False,,full,0.2
ACT + Random Reset,488,6000530,metaworld,True,75,0.6256628640003328,1,1,1,0,0.9,post_reset_task_success_per_reset,True,False,,full,0.2
ACT + Random Reset,489,6000531,metaworld,True,49,0.3820471079998242,0,0,0,0,0.0,post_reset_task_success_per_reset,True,False,,full,0.2
ACT + Random Reset,490,6000532,metaworld,False,200,1.5428366630003438,1,0,1,0,0.9,post_reset_task_success_per_reset,False,False,,full,0.2
ACT + Random Reset,491,6000533,metaworld,True,55,0.45016140000007,0,0,0,0,0.0,post_reset_task_success_per_reset,True,False,,full,0.2
ACT + Random Reset,492,6000534,metaworld,True,47,0.35776580200035824,0,0,0,0,0.0,post_reset_task_success_per_reset,True,False,,full,0.2
ACT + Random Reset,493,6000535,metaworld,True,72,0.5786001609994855,1,1,1,0,0.85,post_reset_task_success_per_reset,True,False,,full,0.2
ACT + Random Reset,494,6000536,metaworld,True,81,0.6688550349990692,1,1,1,0,0.85,post_reset_task_success_per_reset,True,False,,full,0.2
ACT + Random Reset,495,6000537,metaworld,True,69,0.5368533660002868,1,1,1,0,0.85,post_reset_task_success_per_reset,True,False,,full,0.2
ACT + Random Reset,496,6000538,metaworld,True,79,0.6603088690008008,1,1,1,0,0.85,post_reset_task_success_per_reset,True,False,,full,0.2
ACT + Random Reset,497,6000539,metaworld,True,67,0.5626417839994247,1,1,1,0,0.9,post_reset_task_success_per_reset,True,False,,full,0.2
ACT + Random Reset,498,6000540,metaworld,True,54,0.4293579539989878,0,0,0,0,0.0,post_reset_task_success_per_reset,True,False,,full,0.2
ACT + Random Reset,499,6000541,metaworld,True,74,0.585666950999439,1,1,1,0,0.85,post_reset_task_success_per_reset,True,False,,full,0.2
ACT + Random Reset,500,6000542,metaworld,False,200,1.5416061440009798,1,0,1,0,1.0,post_reset_task_success_per_reset,False,False,object_dropped,full,0.2
ACT + Random Reset,501,6000543,metaworld,False,200,1.5793374929999118,1,0,1,0,0.9,post_reset_task_success_per_reset,False,False,,full,0.2
ACT + Random Reset,502,6000544,metaworld,False,200,1.554076135998912,1,0,1,0,0.9,post_reset_task_success_per_reset,False,False,,full,0.2
ACT + Random Reset,503,6000545,metaworld,True,76,0.6299138529993797,1,1,1,0,0.9,post_reset_task_success_per_reset,True,False,,full,0.2
ACT + Random Reset,504,6000546,metaworld,True,106,0.8327227780009707,1,1,1,0,0.85,post_reset_task_success_per_reset,True,False,,full,0.2
ACT + Random Reset,505,6000547,metaworld,True,52,0.39097598000080325,0,0,0,0,0.0,post_reset_task_success_per_reset,True,False,,full,0.2
ACT + Random Reset,506,6000548,metaworld,True,78,0.6248560190015269,1,1,1,0,0.9,post_reset_task_success_per_reset,True,False,,full,0.2
ACT + Random Reset,507,6000549,metaworld,True,52,0.39788658100042085,0,0,0,0,0.0,post_reset_task_success_per_reset,True,False,,full,0.2
ACT + Random Reset,508,6000550,metaworld,False,200,1.5660626900007628,1,0,1,0,1.0,post_reset_task_success_per_reset,False,False,object_dropped,full,0.2
ACT + Random Reset,509,6000551,metaworld,True,58,0.4480871119994845,0,0,0,0,0.0,post_reset_task_success_per_reset,True,False,,full,0.2
ACT + Random Reset,510,6000552,metaworld,True,78,0.6636947690003581,1,1,1,0,0.9,post_reset_task_success_per_reset,True,False,,full,0.2
ACT + Random Reset,511,6000553,metaworld,True,54,0.4197629899990716,0,0,0,0,0.0,post_reset_task_success_per_reset,True,False,,full,0.2
ACT + Random Reset,512,6000554,metaworld,True,77,0.6191503919999377,1,1,1,0,0.85,post_reset_task_success_per_reset,True,False,,full,0.2
ACT + Random Reset,513,6000555,metaworld,True,53,0.4050403199998982,0,0,0,0,0.0,post_reset_task_success_per_reset,True,False,,full,0.2
ACT + Random Reset,514,6000556,metaworld,True,74,0.5998086790004891,1,1,1,0,0.9,post_reset_task_success_per_reset,True,False,,full,0.2
ACT + Random Reset,515,6000557,metaworld,True,65,0.5143063550003717,1,1,1,0,1.0,post_reset_task_success_per_reset,True,False,,full,0.2
ACT + Random Reset,516,6000558,metaworld,False,200,1.5797540530002152,1,0,1,0,0.9,post_reset_task_success_per_reset,False,False,,full,0.2
ACT + Random Reset,517,6000559,metaworld,False,200,1.5346565119998559,1,0,1,0,0.9,post_reset_task_success_per_reset,False,False,,full,0.2
ACT + Random Reset,518,6000560,metaworld,True,57,0.4429016730009607,0,0,0,0,0.0,post_reset_task_success_per_reset,True,False,,full,0.2
ACT + Random Reset,519,6000561,metaworld,True,75,0.6255589639986283,1,1,1,0,0.85,post_reset_task_success_per_reset,True,False,,full,0.2
ACT + Random Reset,520,6000562,metaworld,True,62,0.5619699349990697,0,0,0,0,0.0,post_reset_task_success_per_reset,True,False,,full,0.2
ACT + Random Reset,521,6000563,metaworld,True,76,0.6218195480014401,1,1,1,0,0.85,post_reset_task_success_per_reset,True,False,,full,0.2
ACT + Random Reset,522,6000564,metaworld,True,70,0.5772992519996478,1,1,1,0,0.85,post_reset_task_success_per_reset,True,False,,full,0.2
ACT + Random Reset,523,6000565,metaworld,True,76,0.6266069539997261,1,1,1,0,0.85,post_reset_task_success_per_reset,True,False,,full,0.2
ACT + Random Reset,524,6000566,metaworld,True,59,0.46859446900089097,0,0,0,0,0.0,post_reset_task_success_per_reset,True,False,,full,0.2
ACT + Random Reset,525,6000567,metaworld,True,56,0.44389684700036014,0,0,0,0,0.0,post_reset_task_success_per_reset,True,False,,full,0.2
ACT + Random Reset,526,6000568,metaworld,True,56,0.4620751330003259,1,1,1,0,1.0,post_reset_task_success_per_reset,True,False,,full,0.2
ACT + Random Reset,527,6000569,metaworld,True,70,0.5746917510005005,1,1,1,0,0.85,post_reset_task_success_per_reset,True,False,,full,0.2
ACT + Random Reset,528,6000570,metaworld,True,67,0.589904378999563,1,1,1,0,0.9,post_reset_task_success_per_reset,True,False,,full,0.2
ACT + Random Reset,529,6000571,metaworld,True,72,0.643652763999853,1,1,1,0,0.9,post_reset_task_success_per_reset,True,False,,full,0.2
ACT + Random Reset,530,6000572,metaworld,False,200,1.6153134210017015,1,0,1,0,0.9,post_reset_task_success_per_reset,False,False,,full,0.2
ACT + Random Reset,531,6000573,metaworld,True,73,0.6048406040008558,1,1,1,0,0.85,post_reset_task_success_per_reset,True,False,,full,0.2
ACT + Random Reset,532,6000574,metaworld,True,75,0.6403082220003853,1,1,1,0,0.85,post_reset_task_success_per_reset,True,False,,full,0.2
ACT + Random Reset,533,6000575,metaworld,True,49,0.3812732269998378,0,0,0,0,0.0,post_reset_task_success_per_reset,True,False,,full,0.2
ACT + Random Reset,534,6000576,metaworld,True,68,0.5729905590014823,1,1,1,0,1.0,post_reset_task_success_per_reset,True,False,,full,0.2
ACT + Random Reset,535,6000577,metaworld,True,56,0.4589656610005477,0,0,0,0,0.0,post_reset_task_success_per_reset,True,False,,full,0.2
ACT + Random Reset,536,6000578,metaworld,True,60,0.5013545029996749,0,0,0,0,0.0,post_reset_task_success_per_reset,True,False,,full,0.2
ACT + Random Reset,537,6000579,metaworld,True,55,0.41896158900090086,0,0,0,0,0.0,post_reset_task_success_per_reset,True,False,,full,0.2
ACT + Random Reset,538,6000580,metaworld,True,55,0.434151044999453,0,0,0,0,0.0,post_reset_task_success_per_reset,True,False,,full,0.2
ACT + Random Reset,539,6000581,metaworld,True,75,0.6302752589999727,1,1,1,0,0.85,post_reset_task_success_per_reset,True,False,,full,0.2
ACT + Random Reset,540,6000582,metaworld,True,51,0.40066759299952537,0,0,0,0,0.0,post_reset_task_success_per_reset,True,False,,full,0.2
ACT + Random Reset,541,6000583,metaworld,True,80,0.6486003909994906,1,1,1,0,1.0,post_reset_task_success_per_reset,True,False,,full,0.2
ACT + Random Reset,542,6000584,metaworld,True,75,0.609912625999641,1,1,1,0,0.9,post_reset_task_success_per_reset,True,False,,full,0.2
ACT + Random Reset,543,6000585,metaworld,True,56,0.4629839950011956,0,0,0,0,0.0,post_reset_task_success_per_reset,True,False,,full,0.2
ACT + Random Reset,544,6000586,metaworld,True,48,0.40199068000038096,0,0,0,0,0.0,post_reset_task_success_per_reset,True,False,,full,0.2
ACT + Random Reset,545,6000587,metaworld,True,76,0.6254901180000161,1,1,1,0,0.9,post_reset_task_success_per_reset,True,False,,full,0.2
ACT + Random Reset,546,6000588,metaworld,False,200,1.616484150999895,1,0,1,0,0.9,post_reset_task_success_per_reset,False,False,,full,0.2
ACT + Random Reset,547,6000589,metaworld,True,66,0.534121407999919,1,1,1,0,0.9,post_reset_task_success_per_reset,True,False,,full,0.2
ACT + Random Reset,548,6000590,metaworld,True,72,0.5979225749997568,1,1,1,0,0.9,post_reset_task_success_per_reset,True,False,,full,0.2
ACT + Random Reset,549,6000591,metaworld,False,200,1.5893365140000242,1,0,1,0,0.85,post_reset_task_success_per_reset,False,False,,full,0.2
ACT + Random Reset,550,6000592,metaworld,True,49,0.34159359200020845,0,0,0,0,0.0,post_reset_task_success_per_reset,True,False,,full,0.2
ACT + Random Reset,551,6000593,metaworld,True,53,0.21393511700080126,0,0,0,0,0.0,post_reset_task_success_per_reset,True,False,,full,0.2
ACT + Random Reset,552,6000594,metaworld,True,82,0.5485983419985132,1,1,1,0,0.85,post_reset_task_success_per_reset,True,False,,full,0.2
ACT + Random Reset,553,6000595,metaworld,True,54,0.4304613320000499,0,0,0,0,0.0,post_reset_task_success_per_reset,True,False,,full,0.2
ACT + Random Reset,554,6000596,metaworld,True,58,0.4457546769990586,0,0,0,0,0.0,post_reset_task_success_per_reset,True,False,,full,0.2
ACT + Random Reset,555,6000597,metaworld,True,84,0.6852629669992893,1,1,1,0,0.9,post_reset_task_success_per_reset,True,False,,full,0.2
ACT + Random Reset,556,6000598,metaworld,True,56,0.4477776419989823,0,0,0,0,0.0,post_reset_task_success_per_reset,True,False,,full,0.2
ACT + Random Reset,557,6000599,metaworld,True,73,0.5848172259993589,1,1,1,0,0.85,post_reset_task_success_per_reset,True,False,,full,0.2
ACT + Random Reset,558,6000600,metaworld,True,51,0.4163472880009067,0,0,0,0,0.0,post_reset_task_success_per_reset,True,False,,full,0.2
ACT + Random Reset,559,6000601,metaworld,True,67,0.5553121840002859,1,1,1,0,0.9,post_reset_task_success_per_reset,True,False,,full,0.2
ACT + Random Reset,560,6000602,metaworld,True,72,0.5607757329999004,1,1,1,0,0.85,post_reset_task_success_per_reset,True,False,,full,0.2
ACT + Random Reset,561,6000603,metaworld,False,200,1.2395345189997897,1,0,1,0,0.9,post_reset_task_success_per_reset,False,False,,full,0.2
ACT + Random Reset,562,6000604,metaworld,True,54,0.40492984899901785,0,0,0,0,0.0,post_reset_task_success_per_reset,True,False,,full,0.2
ACT + Random Reset,563,6000605,metaworld,False,200,1.5492106450001302,1,0,1,0,0.9,post_reset_task_success_per_reset,False,False,,full,0.2
ACT + Random Reset,564,6000606,metaworld,True,62,0.5176041109989455,0,0,0,0,0.0,post_reset_task_success_per_reset,True,False,,full,0.2
ACT + Random Reset,565,6000607,metaworld,True,78,0.6101999839993368,1,1,1,0,0.9,post_reset_task_success_per_reset,True,False,,full,0.2
ACT + Random Reset,566,6000608,metaworld,True,71,0.5663301219992718,1,1,1,0,0.85,post_reset_task_success_per_reset,True,False,,full,0.2
ACT + Random Reset,567,6000609,metaworld,True,82,0.648365510000076,1,1,1,0,0.85,post_reset_task_success_per_reset,True,False,,full,0.2
ACT + Random Reset,568,6000610,metaworld,True,73,0.5779011999984505,1,1,1,0,0.85,post_reset_task_success_per_reset,True,False,,full,0.2
ACT + Random Reset,569,6000611,metaworld,True,62,0.47070585199980997,0,0,0,0,0.0,post_reset_task_success_per_reset,True,False,,full,0.2
ACT + Random Reset,570,6000612,metaworld,False,200,1.5780473529994197,1,0,1,0,1.0,post_reset_task_success_per_reset,False,False,object_dropped,full,0.2
ACT + Random Reset,571,6000613,metaworld,True,62,0.49548258699906,0,0,0,0,0.0,post_reset_task_success_per_reset,True,False,,full,0.2
ACT + Random Reset,572,6000614,metaworld,True,51,0.3800777119995473,0,0,0,0,0.0,post_reset_task_success_per_reset,True,False,,full,0.2
ACT + Random Reset,573,6000615,metaworld,True,59,0.44270651299848396,0,0,0,0,0.0,post_reset_task_success_per_reset,True,False,,full,0.2
ACT + Random Reset,574,6000616,metaworld,True,62,0.4634402809988387,0,0,0,0,0.0,post_reset_task_success_per_reset,True,False,,full,0.2
ACT + Random Reset,575,6000617,metaworld,True,77,0.6071976949988311,1,1,1,0,0.85,post_reset_task_success_per_reset,True,False,,full,0.2
ACT + Random Reset,576,6000618,metaworld,True,81,0.6300274679997528,1,1,1,0,0.9,post_reset_task_success_per_reset,True,False,,full,0.2
ACT + Random Reset,577,6000619,metaworld,True,51,0.39001200399980007,0,0,0,0,0.0,post_reset_task_success_per_reset,True,False,,full,0.2
ACT + Random Reset,578,6000620,metaworld,True,72,0.5626351219998469,1,1,1,0,0.85,post_reset_task_success_per_reset,True,False,,full,0.2
ACT + Random Reset,579,6000621,metaworld,True,81,0.662997858999006,1,1,1,0,0.9,post_reset_task_success_per_reset,True,False,,full,0.2
ACT + Random Reset,580,6000622,metaworld,True,58,0.4799538970000867,0,0,0,0,0.0,post_reset_task_success_per_reset,True,False,,full,0.2
ACT + Random Reset,581,6000623,metaworld,True,52,0.41066519799824164,0,0,0,0,0.0,post_reset_task_success_per_reset,True,False,,full,0.2
ACT + Random Reset,582,6000624,metaworld,True,51,0.3966114380000363,0,0,0,0,0.0,post_reset_task_success_per_reset,True,False,,full,0.2
ACT + Random Reset,583,6000625,metaworld,True,123,0.9692856629990274,1,1,1,0,0.9,post_reset_task_success_per_reset,True,False,,full,0.2
ACT + Random Reset,584,6000626,metaworld,True,55,0.43053477499961446,0,0,0,0,0.0,post_reset_task_success_per_reset,True,False,,full,0.2
ACT + Random Reset,585,6000627,metaworld,True,76,0.6227818450006453,1,1,1,0,0.85,post_reset_task_success_per_reset,True,False,,full,0.2
ACT + Random Reset,586,6000628,metaworld,False,200,1.297845929999312,1,0,1,0,1.0,post_reset_task_success_per_reset,False,False,object_dropped,full,0.2
ACT + Random Reset,587,6000629,metaworld,True,57,0.2110592409990204,0,0,0,0,0.0,post_reset_task_success_per_reset,True,False,,full,0.2
ACT + Random Reset,588,6000630,metaworld,True,55,0.2361646560002555,0,0,0,0,0.0,post_reset_task_success_per_reset,True,False,,full,0.2
ACT + Random Reset,589,6000631,metaworld,True,56,0.2244281149996823,0,0,0,0,0.0,post_reset_task_success_per_reset,True,False,,full,0.2
ACT + Random Reset,590,6000632,metaworld,True,46,0.17093407699940144,0,0,0,0,0.0,post_reset_task_success_per_reset,True,False,,full,0.2
ACT + Random Reset,591,6000633,metaworld,True,140,0.5237762950000615,1,1,1,0,0.9,post_reset_task_success_per_reset,True,False,,full,0.2
ACT + Random Reset,592,6000634,metaworld,True,53,0.20081346400002076,0,0,0,0,0.0,post_reset_task_success_per_reset,True,False,,full,0.2
ACT + Random Reset,593,6000635,metaworld,True,83,0.34917631600001187,1,1,1,0,0.9,post_reset_task_success_per_reset,True,False,,full,0.2
ACT + Random Reset,594,6000636,metaworld,True,61,0.23269443699973635,1,1,1,0,1.0,post_reset_task_success_per_reset,True,False,,full,0.2
ACT + Random Reset,595,6000637,metaworld,True,72,0.2700822920014616,1,1,1,0,0.9,post_reset_task_success_per_reset,True,False,,full,0.2
ACT + Random Reset,596,6000638,metaworld,True,57,0.20736290800050483,0,0,0,0,0.0,post_reset_task_success_per_reset,True,False,,full,0.2
ACT + Random Reset,597,6000639,metaworld,True,75,0.2988233539999783,1,1,1,0,0.9,post_reset_task_success_per_reset,True,False,,full,0.2
ACT + Random Reset,598,6000640,metaworld,False,200,0.7312374329994782,1,0,1,0,0.9,post_reset_task_success_per_reset,False,False,,full,0.2
ACT + Random Reset,599,6000641,metaworld,True,77,0.28906697099955636,1,1,1,0,0.9,post_reset_task_success_per_reset,True,False,,full,0.2
ACT + Random Reset,600,6000642,metaworld,True,61,0.21365216000049259,0,0,0,0,0.0,post_reset_task_success_per_reset,True,False,,full,0.2
ACT + Random Reset,601,6000643,metaworld,False,200,0.7768340999991779,1,0,1,0,0.9,post_reset_task_success_per_reset,False,False,,full,0.2
ACT + Random Reset,602,6000644,metaworld,True,77,0.3287799030003953,1,1,1,0,0.85,post_reset_task_success_per_reset,True,False,,full,0.2
ACT + Random Reset,603,6000645,metaworld,True,74,0.395116218000112,1,1,1,0,0.9,post_reset_task_success_per_reset,True,False,,full,0.2
ACT + Random Reset,604,6000646,metaworld,True,79,0.6230249180007377,1,1,1,0,0.85,post_reset_task_success_per_reset,True,False,,full,0.2
ACT + Random Reset,605,6000647,metaworld,True,70,0.5665612890006742,1,1,1,0,0.9,post_reset_task_success_per_reset,True,False,,full,0.2
ACT + Random Reset,606,6000648,metaworld,True,86,0.6891811059995234,1,1,1,0,0.9,post_reset_task_success_per_reset,True,False,,full,0.2
ACT + Random Reset,607,6000649,metaworld,True,86,0.6775798229991778,1,1,1,0,0.85,post_reset_task_success_per_reset,True,False,,full,0.2
ACT + Random Reset,608,6000650,metaworld,True,79,0.6374598149996018,1,1,1,0,0.85,post_reset_task_success_per_reset,True,False,,full,0.2
ACT + Random Reset,609,6000651,metaworld,True,59,0.46215731799929927,0,0,0,0,0.0,post_reset_task_success_per_reset,True,False,,full,0.2
ACT + Random Reset,610,6000652,metaworld,True,70,0.5896566610008449,1,1,1,0,0.9,post_reset_task_success_per_reset,True,False,,full,0.2
ACT + Random Reset,611,6000653,metaworld,False,200,1.5555181780000567,1,0,1,0,0.9,post_reset_task_success_per_reset,False,False,,full,0.2
ACT + Random Reset,612,6000654,metaworld,True,54,0.41175907799879496,0,0,0,0,0.0,post_reset_task_success_per_reset,True,False,,full,0.2
ACT + Random Reset,613,6000655,metaworld,True,76,0.607335898999736,1,1,1,0,0.85,post_reset_task_success_per_reset,True,False,,full,0.2
ACT + Random Reset,614,6000656,metaworld,True,57,0.4903799120002077,0,0,0,0,0.0,post_reset_task_success_per_reset,True,False,,full,0.2
ACT + Random Reset,615,6000657,metaworld,True,50,0.40501784100160876,0,0,0,0,0.0,post_reset_task_success_per_reset,True,False,,full,0.2
ACT + Random Reset,616,6000658,metaworld,False,200,1.5485821769998438,1,0,1,0,0.9,post_reset_task_success_per_reset,False,False,,full,0.2
ACT + Random Reset,617,6000659,metaworld,False,200,1.5458550290004496,1,0,1,0,0.9,post_reset_task_success_per_reset,False,False,,full,0.2
ACT + Random Reset,618,6000660,metaworld,True,82,0.6669196200000442,1,1,1,0,0.85,post_reset_task_success_per_reset,True,False,,full,0.2
ACT + Random Reset,619,6000661,metaworld,True,57,0.45020357700013847,0,0,0,0,0.0,post_reset_task_success_per_reset,True,False,,full,0.2
ACT + Random Reset,620,6000662,metaworld,True,71,0.5776233340002364,1,1,1,0,0.85,post_reset_task_success_per_reset,True,False,,full,0.2
ACT + Random Reset,621,6000663,metaworld,True,75,0.6201133130016387,1,1,1,0,0.85,post_reset_task_success_per_reset,True,False,,full,0.2
ACT + Random Reset,622,6000664,metaworld,True,59,0.4582708010002534,0,0,0,0,0.0,post_reset_task_success_per_reset,True,False,,full,0.2
ACT + Random Reset,623,6000665,metaworld,True,75,0.6113967279998178,1,1,1,0,0.9,post_reset_task_success_per_reset,True,False,,full,0.2
ACT + Random Reset,624,6000666,metaworld,False,200,1.6360634459997527,1,0,1,0,0.9,post_reset_task_success_per_reset,False,False,,full,0.2
ACT + Random Reset,625,6000667,metaworld,False,200,1.571107589001258,1,0,1,0,0.9,post_reset_task_success_per_reset,False,False,,full,0.2
ACT + Random Reset,626,6000668,metaworld,True,59,0.4659234489990922,0,0,0,0,0.0,post_reset_task_success_per_reset,True,False,,full,0.2
ACT + Random Reset,627,6000669,metaworld,True,74,0.6051219660002971,1,1,1,0,0.9,post_reset_task_success_per_reset,True,False,,full,0.2
ACT + Random Reset,628,6000670,metaworld,True,55,0.44912238299912133,0,0,0,0,0.0,post_reset_task_success_per_reset,True,False,,full,0.2
ACT + Random Reset,629,6000671,metaworld,True,48,0.35812413199892035,0,0,0,0,0.0,post_reset_task_success_per_reset,True,False,,full,0.2
ACT + Random Reset,630,6000672,metaworld,True,58,0.44085907000044244,0,0,0,0,0.0,post_reset_task_success_per_reset,True,False,,full,0.2
ACT + Random Reset,631,6000673,metaworld,True,58,0.4475136500004737,0,0,0,0,0.0,post_reset_task_success_per_reset,True,False,,full,0.2
ACT + Random Reset,632,6000674,metaworld,True,56,0.46241718099918216,0,0,0,0,0.0,post_reset_task_success_per_reset,True,False,,full,0.2
ACT + Random Reset,633,6000675,metaworld,True,75,0.6039374499996484,1,1,1,0,0.9,post_reset_task_success_per_reset,True,False,,full,0.2
ACT + Random Reset,634,6000676,metaworld,True,48,0.3684802759999002,0,0,0,0,0.0,post_reset_task_success_per_reset,True,False,,full,0.2
ACT + Random Reset,635,6000677,metaworld,True,78,0.6290667670000403,1,1,1,0,0.85,post_reset_task_success_per_reset,True,False,,full,0.2
ACT + Random Reset,636,6000678,metaworld,True,85,0.7156790690005437,1,1,1,0,0.85,post_reset_task_success_per_reset,True,False,,full,0.2
ACT + Random Reset,637,6000679,metaworld,True,73,0.5962837429997307,1,1,1,0,0.85,post_reset_task_success_per_reset,True,False,,full,0.2
ACT + Random Reset,638,6000680,metaworld,True,60,0.4624039689988422,0,0,0,0,0.0,post_reset_task_success_per_reset,True,False,,full,0.2
ACT + Random Reset,639,6000681,metaworld,True,75,0.601719084999786,1,1,1,0,0.85,post_reset_task_success_per_reset,True,False,,full,0.2
ACT + Random Reset,640,6000682,metaworld,True,70,0.5752216689998022,1,1,1,0,0.9,post_reset_task_success_per_reset,True,False,,full,0.2
ACT + Random Reset,641,6000683,metaworld,True,70,0.5823257179999928,1,1,1,0,0.85,post_reset_task_success_per_reset,True,False,,full,0.2
ACT + Random Reset,642,6000684,metaworld,True,58,0.4567003949996433,0,0,0,0,0.0,post_reset_task_success_per_reset,True,False,,full,0.2
ACT + Random Reset,643,6000685,metaworld,True,81,0.6904486149996956,1,1,1,0,1.0,post_reset_task_success_per_reset,True,False,,full,0.2
ACT + Random Reset,644,6000686,metaworld,False,200,1.579897986001015,1,0,1,0,0.9,post_reset_task_success_per_reset,False,False,,full,0.2
ACT + Random Reset,645,6000687,metaworld,True,76,0.6050509269989561,1,1,1,0,0.85,post_reset_task_success_per_reset,True,False,,full,0.2
ACT + Random Reset,646,6000688,metaworld,False,200,1.5763864119999198,1,0,1,0,0.9,post_reset_task_success_per_reset,False,False,,full,0.2
ACT + Random Reset,647,6000689,metaworld,True,58,0.46758286300064356,0,0,0,0,0.0,post_reset_task_success_per_reset,True,False,,full,0.2
ACT + Random Reset,648,6000690,metaworld,True,74,0.600487190999047,1,1,1,0,0.85,post_reset_task_success_per_reset,True,False,,full,0.2
ACT + Random Reset,649,6000691,metaworld,True,69,0.5543221000007179,1,1,1,0,0.85,post_reset_task_success_per_reset,True,False,,full,0.2
ACT + Random Reset,650,6000692,metaworld,True,51,0.6519182409992936,0,0,0,0,0.0,post_reset_task_success_per_reset,True,False,,full,0.2
ACT + Random Reset,651,6000693,metaworld,True,59,0.48031923300004564,0,0,0,0,0.0,post_reset_task_success_per_reset,True,False,,full,0.2
ACT + Random Reset,652,6000694,metaworld,True,59,0.44197245000032126,0,0,0,0,0.0,post_reset_task_success_per_reset,True,False,,full,0.2
ACT + Random Reset,653,6000695,metaworld,True,71,0.5677755150009034,1,1,1,0,0.85,post_reset_task_success_per_reset,True,False,,full,0.2
ACT + Random Reset,654,6000696,metaworld,True,53,0.4125777979988925,0,0,0,0,0.0,post_reset_task_success_per_reset,True,False,,full,0.2
ACT + Random Reset,655,6000697,metaworld,True,54,0.42269817299893475,0,0,0,0,0.0,post_reset_task_success_per_reset,True,False,,full,0.2
ACT + Random Reset,656,6000698,metaworld,True,70,0.9322668409986363,1,1,1,0,0.85,post_reset_task_success_per_reset,True,False,,full,0.2
ACT + Random Reset,657,6000699,metaworld,True,77,0.9007875029983552,1,1,1,0,0.85,post_reset_task_success_per_reset,True,False,,full,0.2
ACT + Random Reset,658,6000700,metaworld,True,53,0.3954415150001296,0,0,0,0,0.0,post_reset_task_success_per_reset,True,False,,full,0.2
ACT + Random Reset,659,6000701,metaworld,True,74,0.5550608430003194,1,1,1,0,0.85,post_reset_task_success_per_reset,True,False,,full,0.2
ACT + Random Reset,660,6000702,metaworld,True,79,0.2689742170005047,1,1,1,0,0.85,post_reset_task_success_per_reset,True,False,,full,0.2
ACT + Random Reset,661,6000703,metaworld,True,73,0.2445203280003625,1,1,1,0,0.85,post_reset_task_success_per_reset,True,False,,full,0.2
ACT + Random Reset,662,6000704,metaworld,True,80,0.2845540109992726,1,1,1,0,0.9,post_reset_task_success_per_reset,True,False,,full,0.2
ACT + Random Reset,663,6000705,metaworld,True,54,0.17839190300037444,0,0,0,0,0.0,post_reset_task_success_per_reset,True,False,,full,0.2
ACT + Random Reset,664,6000706,metaworld,True,71,0.2187810889990942,1,1,1,0,0.85,post_reset_task_success_per_reset,True,False,,full,0.2
ACT + Random Reset,665,6000707,metaworld,True,60,0.17958830499992473,0,0,0,0,0.0,post_reset_task_success_per_reset,True,False,,full,0.2
ACT + Random Reset,666,6000708,metaworld,True,74,0.22520977400017728,1,1,1,0,0.85,post_reset_task_success_per_reset,True,False,,full,0.2
ACT + Random Reset,667,6000709,metaworld,True,55,0.15905733600084204,0,0,0,0,0.0,post_reset_task_success_per_reset,True,False,,full,0.2
ACT + Random Reset,668,6000710,metaworld,True,72,0.23972319200038328,1,1,1,0,0.85,post_reset_task_success_per_reset,True,False,,full,0.2
ACT + Random Reset,669,6000711,metaworld,True,76,0.25310790199910116,1,1,1,0,0.85,post_reset_task_success_per_reset,True,False,,full,0.2
ACT + Random Reset,670,6000712,metaworld,True,57,0.17670665300101973,0,0,0,0,0.0,post_reset_task_success_per_reset,True,False,,full,0.2
ACT + Random Reset,671,6000713,metaworld,True,53,0.1780115969995677,0,0,0,0,0.0,post_reset_task_success_per_reset,True,False,,full,0.2
ACT + Random Reset,672,6000714,metaworld,True,75,0.2488577650001389,1,1,1,0,0.9,post_reset_task_success_per_reset,True,False,,full,0.2
ACT + Random Reset,673,6000715,metaworld,True,55,0.17196947800039197,0,0,0,0,0.0,post_reset_task_success_per_reset,True,False,,full,0.2
ACT + Random Reset,674,6000716,metaworld,True,77,0.25164921900068293,1,1,1,0,0.85,post_reset_task_success_per_reset,True,False,,full,0.2
ACT + Random Reset,675,6000717,metaworld,True,85,0.280448241999693,1,1,1,0,0.85,post_reset_task_success_per_reset,True,False,,full,0.2
ACT + Random Reset,676,6000718,metaworld,True,50,0.15686762099903717,0,0,0,0,0.0,post_reset_task_success_per_reset,True,False,,full,0.2
ACT + Random Reset,677,6000719,metaworld,False,200,1.2708302119990549,1,0,1,0,0.9,post_reset_task_success_per_reset,False,False,,full,0.2
ACT + Random Reset,678,6000720,metaworld,False,200,1.2519089650013484,1,0,1,0,0.9,post_reset_task_success_per_reset,False,False,,full,0.2
ACT + Random Reset,679,6000721,metaworld,True,84,0.2957462939994002,1,1,1,0,0.85,post_reset_task_success_per_reset,True,False,,full,0.2
ACT + Random Reset,680,6000722,metaworld,True,57,0.20668303899947205,0,0,0,0,0.0,post_reset_task_success_per_reset,True,False,,full,0.2
ACT + Random Reset,681,6000723,metaworld,True,66,0.3943795069990301,1,1,1,0,0.9,post_reset_task_success_per_reset,True,False,,full,0.2
ACT + Random Reset,682,6000724,metaworld,False,200,1.057228635001593,1,0,1,0,0.9,post_reset_task_success_per_reset,False,False,,full,0.2
ACT + Random Reset,683,6000725,metaworld,True,75,0.4025589739994757,1,1,1,0,0.85,post_reset_task_success_per_reset,True,False,,full,0.2
ACT + Random Reset,684,6000726,metaworld,True,74,0.2953833820010914,1,1,1,0,0.9,post_reset_task_success_per_reset,True,False,,full,0.2
ACT + Random Reset,685,6000727,metaworld,True,68,0.23920381000061752,1,1,1,0,0.9,post_reset_task_success_per_reset,True,False,,full,0.2
ACT + Random Reset,686,6000728,metaworld,True,59,0.20483927600071183,0,0,0,0,0.0,post_reset_task_success_per_reset,True,False,,full,0.2
ACT + Random Reset,687,6000729,metaworld,True,52,0.17781482200007304,0,0,0,0,0.0,post_reset_task_success_per_reset,True,False,,full,0.2
ACT + Random Reset,688,6000730,metaworld,True,79,0.33999008200044045,1,1,1,0,0.85,post_reset_task_success_per_reset,True,False,,full,0.2
ACT + Random Reset,689,6000731,metaworld,True,62,0.23174307600129396,0,0,0,0,0.0,post_reset_task_success_per_reset,True,False,,full,0.2
ACT + Random Reset,690,6000732,metaworld,True,71,0.2810218070007977,1,1,1,0,0.85,post_reset_task_success_per_reset,True,False,,full,0.2
ACT + Random Reset,691,6000733,metaworld,True,73,0.3027085160010756,1,1,1,0,0.85,post_reset_task_success_per_reset,True,False,,full,0.2
ACT + Random Reset,692,6000734,metaworld,True,75,0.2746994609988178,1,1,1,0,0.9,post_reset_task_success_per_reset,True,False,,full,0.2
ACT + Random Reset,693,6000735,metaworld,True,70,0.2570982280012686,1,1,1,0,0.85,post_reset_task_success_per_reset,True,False,,full,0.2
ACT + Random Reset,694,6000736,metaworld,False,200,1.2756095710010413,1,0,1,0,0.9,post_reset_task_success_per_reset,False,False,,full,0.2
ACT + Random Reset,695,6000737,metaworld,True,73,0.571560368000064,1,1,1,0,0.9,post_reset_task_success_per_reset,True,False,,full,0.2
ACT + Random Reset,696,6000738,metaworld,True,73,0.6060138609991554,1,1,1,0,0.85,post_reset_task_success_per_reset,True,False,,full,0.2
ACT + Random Reset,697,6000739,metaworld,True,77,0.5700281999997969,1,1,1,0,0.9,post_reset_task_success_per_reset,True,False,,full,0.2
ACT + Random Reset,698,6000740,metaworld,False,200,1.4014760139998543,1,0,1,0,0.9,post_reset_task_success_per_reset,False,False,,full,0.2
ACT + Random Reset,699,6000741,metaworld,True,58,0.4135526310001296,0,0,0,0,0.0,post_reset_task_success_per_reset,True,False,,full,0.2
ACT + Random Reset,700,6000742,metaworld,True,76,0.5610501690007368,1,1,1,0,0.9,post_reset_task_success_per_reset,True,False,,full,0.2
ACT + Random Reset,701,6000743,metaworld,True,73,0.5880985699986923,1,1,1,0,0.85,post_reset_task_success_per_reset,True,False,,full,0.2
ACT + Random Reset,702,6000744,metaworld,True,79,0.6306988390006154,1,1,1,0,0.85,post_reset_task_success_per_reset,True,False,,full,0.2
ACT + Random Reset,703,6000745,metaworld,True,73,0.551275493000503,1,1,1,0,0.85,post_reset_task_success_per_reset,True,False,,full,0.2
ACT + Random Reset,704,6000746,metaworld,True,55,0.4108624159998726,0,0,0,0,0.0,post_reset_task_success_per_reset,True,False,,full,0.2
ACT + Random Reset,705,6000747,metaworld,True,81,0.6481481190003251,1,1,1,0,0.85,post_reset_task_success_per_reset,True,False,,full,0.2
ACT + Random Reset,706,6000748,metaworld,True,74,0.582507954999528,1,1,1,0,0.85,post_reset_task_success_per_reset,True,False,,full,0.2
ACT + Random Reset,707,6000749,metaworld,True,58,0.4404265489993122,0,0,0,0,0.0,post_reset_task_success_per_reset,True,False,,full,0.2
ACT + Random Reset,708,6000750,metaworld,False,200,1.5689589160010655,1,0,1,0,1.0,post_reset_task_success_per_reset,False,False,object_dropped,full,0.2
ACT + Random Reset,709,6000751,metaworld,True,68,0.6178892669995548,1,1,1,0,0.9,post_reset_task_success_per_reset,True,False,,full,0.2
ACT + Random Reset,710,6000752,metaworld,False,200,1.7208282020001207,1,0,1,0,0.9,post_reset_task_success_per_reset,False,False,,full,0.2
ACT + Random Reset,711,6000753,metaworld,True,59,0.5051508530013962,0,0,0,0,0.0,post_reset_task_success_per_reset,True,False,,full,0.2
ACT + Random Reset,712,6000754,metaworld,True,76,0.6688074630001211,1,1,1,0,0.9,post_reset_task_success_per_reset,True,False,,full,0.2
ACT + Random Reset,713,6000755,metaworld,True,76,0.6316377759994793,1,1,1,0,0.9,post_reset_task_success_per_reset,True,False,,full,0.2
ACT + Random Reset,714,6000756,metaworld,False,200,1.6836839469997358,1,0,1,0,0.9,post_reset_task_success_per_reset,False,False,,full,0.2
ACT + Random Reset,715,6000757,metaworld,True,71,0.6183975370004191,1,1,1,0,0.85,post_reset_task_success_per_reset,True,False,,full,0.2
ACT + Random Reset,716,6000758,metaworld,True,74,0.6329180230004567,1,1,1,0,0.85,post_reset_task_success_per_reset,True,False,,full,0.2
ACT + Random Reset,717,6000759,metaworld,True,48,0.3887022880007862,0,0,0,0,0.0,post_reset_task_success_per_reset,True,False,,full,0.2
ACT + Random Reset,718,6000760,metaworld,True,79,0.6647925649995159,1,1,1,0,0.85,post_reset_task_success_per_reset,True,False,,full,0.2
ACT + Random Reset,719,6000761,metaworld,False,200,1.652772746001574,1,0,1,0,1.0,post_reset_task_success_per_reset,False,False,object_dropped,full,0.2
ACT + Random Reset,720,6000762,metaworld,False,200,1.6082596520009247,1,0,1,0,1.0,post_reset_task_success_per_reset,False,False,object_dropped,full,0.2
ACT + Random Reset,721,6000763,metaworld,True,58,0.477545530999123,0,0,0,0,0.0,post_reset_task_success_per_reset,True,False,,full,0.2
ACT + Random Reset,722,6000764,metaworld,True,72,0.5981587879996368,1,1,1,0,0.9,post_reset_task_success_per_reset,True,False,,full,0.2
ACT + Random Reset,723,6000765,metaworld,False,200,1.5926420180003333,1,0,1,0,0.9,post_reset_task_success_per_reset,False,False,,full,0.2
ACT + Random Reset,724,6000766,metaworld,False,200,1.599257972000487,1,0,1,0,1.0,post_reset_task_success_per_reset,False,False,object_dropped,full,0.2
ACT + Random Reset,725,6000767,metaworld,True,73,0.5667747459992825,1,1,1,0,0.85,post_reset_task_success_per_reset,True,False,,full,0.2
ACT + Random Reset,726,6000768,metaworld,True,73,0.5887500249991717,1,1,1,0,0.85,post_reset_task_success_per_reset,True,False,,full,0.2
ACT + Random Reset,727,6000769,metaworld,True,168,1.3076580420001847,1,1,1,0,0.85,post_reset_task_success_per_reset,True,False,,full,0.2
ACT + Random Reset,728,6000770,metaworld,True,74,0.5733903609998379,1,1,1,0,0.9,post_reset_task_success_per_reset,True,False,,full,0.2
ACT + Random Reset,729,6000771,metaworld,True,76,0.31846457999927225,1,1,1,0,0.85,post_reset_task_success_per_reset,True,False,,full,0.2
ACT + Random Reset,730,6000772,metaworld,True,69,0.28323213099974964,1,1,1,0,0.9,post_reset_task_success_per_reset,True,False,,full,0.2
ACT + Random Reset,731,6000773,metaworld,True,56,0.2209812929995678,0,0,0,0,0.0,post_reset_task_success_per_reset,True,False,,full,0.2
ACT + Random Reset,732,6000774,metaworld,False,200,0.7422455089999858,1,0,1,0,0.9,post_reset_task_success_per_reset,False,False,,full,0.2
ACT + Random Reset,733,6000775,metaworld,True,73,0.2661687139989226,1,1,1,0,0.85,post_reset_task_success_per_reset,True,False,,full,0.2
ACT + Random Reset,734,6000776,metaworld,True,70,0.2633752639994782,1,1,1,0,0.9,post_reset_task_success_per_reset,True,False,,full,0.2
ACT + Random Reset,735,6000777,metaworld,True,73,0.5394316700003401,1,1,1,0,0.85,post_reset_task_success_per_reset,True,False,,full,0.2
ACT + Random Reset,736,6000778,metaworld,False,200,0.9060823370000435,1,0,1,0,1.0,post_reset_task_success_per_reset,False,False,object_dropped,full,0.2
ACT + Random Reset,737,6000779,metaworld,True,58,0.4497979640000267,0,0,0,0,0.0,post_reset_task_success_per_reset,True,False,,full,0.2
ACT + Random Reset,738,6000780,metaworld,True,78,0.6006941690011445,1,1,1,0,0.85,post_reset_task_success_per_reset,True,False,,full,0.2
ACT + Random Reset,739,6000781,metaworld,True,76,0.6134366810001666,1,1,1,0,0.9,post_reset_task_success_per_reset,True,False,,full,0.2
ACT + Random Reset,740,6000782,metaworld,True,57,0.45669824899960076,0,0,0,0,0.0,post_reset_task_success_per_reset,True,False,,full,0.2
ACT + Random Reset,741,6000783,metaworld,True,81,0.6479322400009551,1,1,1,0,0.85,post_reset_task_success_per_reset,True,False,,full,0.2
ACT + Random Reset,742,6000784,metaworld,True,51,0.36602674200003094,0,0,0,0,0.0,post_reset_task_success_per_reset,True,False,,full,0.2
ACT + Random Reset,743,6000785,metaworld,True,75,0.6025949280010536,1,1,1,0,0.9,post_reset_task_success_per_reset,True,False,,full,0.2
ACT + Random Reset,744,6000786,metaworld,True,84,0.6677510120007355,1,1,1,0,0.85,post_reset_task_success_per_reset,True,False,,full,0.2
ACT + Random Reset,745,6000787,metaworld,False,200,1.503597617998821,1,0,1,0,0.85,post_reset_task_success_per_reset,False,False,,full,0.2
ACT + Random Reset,746,6000788,metaworld,True,71,0.545355993001067,1,1,1,0,0.85,post_reset_task_success_per_reset,True,False,,full,0.2
ACT + Random Reset,747,6000789,metaworld,True,77,0.6198717629995372,1,1,1,0,0.85,post_reset_task_success_per_reset,True,False,,full,0.2
ACT + Random Reset,748,6000790,metaworld,True,53,0.404536342000938,0,0,0,0,0.0,post_reset_task_success_per_reset,True,False,,full,0.2
ACT + Random Reset,749,6000791,metaworld,True,79,0.6046777639985521,1,1,1,0,0.85,post_reset_task_success_per_reset,True,False,,full,0.2
ACT + Random Reset,750,6000792,metaworld,False,200,1.366933863999293,1,0,1,0,1.0,post_reset_task_success_per_reset,False,False,object_dropped,full,0.2
ACT + Random Reset,751,6000793,metaworld,True,77,0.5720123569990392,1,1,1,0,0.9,post_reset_task_success_per_reset,True,False,,full,0.2
ACT + Random Reset,752,6000794,metaworld,True,56,0.2955855669988523,0,0,0,0,0.0,post_reset_task_success_per_reset,True,False,,full,0.2
ACT + Random Reset,753,6000795,metaworld,False,200,0.7401173409998592,1,0,1,0,1.0,post_reset_task_success_per_reset,False,False,object_dropped,full,0.2
ACT + Random Reset,754,6000796,metaworld,True,73,0.3266580060007982,1,1,1,0,0.85,post_reset_task_success_per_reset,True,False,,full,0.2
ACT + Random Reset,755,6000797,metaworld,False,200,1.3758880410005077,1,0,1,0,0.9,post_reset_task_success_per_reset,False,False,,full,0.2
ACT + Random Reset,756,6000798,metaworld,True,77,0.6201691610003763,1,1,1,0,0.9,post_reset_task_success_per_reset,True,False,,full,0.2
ACT + Random Reset,757,6000799,metaworld,True,74,0.5831196609997278,1,1,1,0,0.9,post_reset_task_success_per_reset,True,False,,full,0.2
ACT + Random Reset,758,6000800,metaworld,True,79,0.6555770839986508,1,1,1,0,0.85,post_reset_task_success_per_reset,True,False,,full,0.2
ACT + Random Reset,759,6000801,metaworld,True,51,0.4235506559998612,0,0,0,0,0.0,post_reset_task_success_per_reset,True,False,,full,0.2
ACT + Random Reset,760,6000802,metaworld,True,76,0.6053405580005347,1,1,1,0,0.85,post_reset_task_success_per_reset,True,False,,full,0.2
ACT + Random Reset,761,6000803,metaworld,True,52,0.39779757899850665,0,0,0,0,0.0,post_reset_task_success_per_reset,True,False,,full,0.2
ACT + Random Reset,762,6000804,metaworld,True,61,0.4662228649995086,0,0,0,0,0.0,post_reset_task_success_per_reset,True,False,,full,0.2
ACT + Random Reset,763,6000805,metaworld,True,72,0.5739681960003509,1,1,1,0,0.9,post_reset_task_success_per_reset,True,False,,full,0.2
ACT + Random Reset,764,6000806,metaworld,True,53,0.41982112799996685,0,0,0,0,0.0,post_reset_task_success_per_reset,True,False,,full,0.2
ACT + Random Reset,765,6000807,metaworld,True,74,0.6027493180008605,1,1,1,0,0.85,post_reset_task_success_per_reset,True,False,,full,0.2
ACT + Random Reset,766,6000808,metaworld,True,71,0.5603886989993043,1,1,1,0,0.85,post_reset_task_success_per_reset,True,False,,full,0.2
ACT + Random Reset,767,6000809,metaworld,True,53,0.42856692299938004,0,0,0,0,0.0,post_reset_task_success_per_reset,True,False,,full,0.2
ACT + Random Reset,768,6000810,metaworld,True,56,0.4381853869999759,0,0,0,0,0.0,post_reset_task_success_per_reset,True,False,,full,0.2
ACT + Random Reset,769,6000811,metaworld,True,74,0.5921128879999742,1,1,1,0,0.85,post_reset_task_success_per_reset,True,False,,full,0.2
ACT + Random Reset,770,6000812,metaworld,True,53,0.40863808700123627,0,0,0,0,0.0,post_reset_task_success_per_reset,True,False,,full,0.2
ACT + Random Reset,771,6000813,metaworld,True,76,0.625362380000297,1,1,1,0,0.85,post_reset_task_success_per_reset,True,False,,full,0.2
ACT + Random Reset,772,6000814,metaworld,True,76,0.6221199420015182,1,1,1,0,0.85,post_reset_task_success_per_reset,True,False,,full,0.2
ACT + Random Reset,773,6000815,metaworld,True,56,0.4354455949996918,0,0,0,0,0.0,post_reset_task_success_per_reset,True,False,,full,0.2
ACT + Random Reset,774,6000816,metaworld,True,114,0.8704520359988237,1,1,1,0,0.9,post_reset_task_success_per_reset,True,False,,full,0.2
ACT + Random Reset,775,6000817,metaworld,False,200,1.586029153000709,1,0,1,0,0.9,post_reset_task_success_per_reset,False,False,,full,0.2
ACT + Random Reset,776,6000818,metaworld,True,59,0.4435711829992215,0,0,0,0,0.0,post_reset_task_success_per_reset,True,False,,full,0.2
ACT + Random Reset,777,6000819,metaworld,True,81,0.6646603469998809,1,1,1,0,0.85,post_reset_task_success_per_reset,True,False,,full,0.2
ACT + Random Reset,778,6000820,metaworld,True,117,0.9140814559996215,1,1,1,0,0.9,post_reset_task_success_per_reset,True,False,,full,0.2
ACT + Random Reset,779,6000821,metaworld,False,200,1.5007643810004083,1,0,1,0,1.0,post_reset_task_success_per_reset,False,False,object_dropped,full,0.2
ACT + Random Reset,780,6000822,metaworld,True,78,0.6611971959991934,1,1,1,0,0.9,post_reset_task_success_per_reset,True,False,,full,0.2
ACT + Random Reset,781,6000823,metaworld,True,73,0.5879973129995051,1,1,1,0,0.9,post_reset_task_success_per_reset,True,False,,full,0.2
ACT + Random Reset,782,6000824,metaworld,True,68,0.5441105350000726,1,1,1,0,0.9,post_reset_task_success_per_reset,True,False,,full,0.2
ACT + Random Reset,783,6000825,metaworld,False,200,1.602432970999871,1,0,1,0,0.9,post_reset_task_success_per_reset,False,False,,full,0.2
ACT + Random Reset,784,6000826,metaworld,True,52,0.40807675500036567,0,0,0,0,0.0,post_reset_task_success_per_reset,True,False,,full,0.2
ACT + Random Reset,785,6000827,metaworld,True,78,0.6277221609998378,1,1,1,0,0.85,post_reset_task_success_per_reset,True,False,,full,0.2
ACT + Random Reset,786,6000828,metaworld,True,76,0.6047293219999119,1,1,1,0,0.9,post_reset_task_success_per_reset,True,False,,full,0.2
ACT + Random Reset,787,6000829,metaworld,True,75,0.6083481290006603,1,1,1,0,0.9,post_reset_task_success_per_reset,True,False,,full,0.2
ACT + Random Reset,788,6000830,metaworld,True,82,0.6952624969999306,1,1,1,0,0.85,post_reset_task_success_per_reset,True,False,,full,0.2
ACT + Random Reset,789,6000831,metaworld,True,49,0.3754796120010724,0,0,0,0,0.0,post_reset_task_success_per_reset,True,False,,full,0.2
ACT + Random Reset,790,6000832,metaworld,True,74,0.5776465479993931,1,1,1,0,0.85,post_reset_task_success_per_reset,True,False,,full,0.2
ACT + Random Reset,791,6000833,metaworld,False,200,1.5470281510006316,1,0,1,0,0.9,post_reset_task_success_per_reset,False,False,,full,0.2
ACT + Random Reset,792,6000834,metaworld,True,51,0.3999995909998688,0,0,0,0,0.0,post_reset_task_success_per_reset,True,False,,full,0.2
ACT + Random Reset,793,6000835,metaworld,False,200,1.5912202470008197,1,0,1,0,1.0,post_reset_task_success_per_reset,False,False,object_dropped,full,0.2
ACT + Random Reset,794,6000836,metaworld,True,72,0.5658228069987672,1,1,1,0,0.9,post_reset_task_success_per_reset,True,False,,full,0.2
ACT + Random Reset,795,6000837,metaworld,True,55,0.40775416500036954,0,0,0,0,0.0,post_reset_task_success_per_reset,True,False,,full,0.2
ACT + Random Reset,796,6000838,metaworld,True,73,0.5762766450006893,1,1,1,0,0.9,post_reset_task_success_per_reset,True,False,,full,0.2
ACT + Random Reset,797,6000839,metaworld,True,106,0.8093586649993085,1,1,1,0,0.9,post_reset_task_success_per_reset,True,False,,full,0.2
ACT + Random Reset,798,6000840,metaworld,False,200,1.5536909490001563,1,0,1,0,0.9,post_reset_task_success_per_reset,False,False,,full,0.2
ACT + Random Reset,799,6000841,metaworld,False,200,1.4968585520000488,1,0,1,0,1.0,post_reset_task_success_per_reset,False,False,object_dropped,full,0.2
ACT + Random Reset,800,6000842,metaworld,True,77,0.5966825850009627,1,1,1,0,0.85,post_reset_task_success_per_reset,True,False,,full,0.2
ACT + Random Reset,801,6000843,metaworld,True,71,0.5492717409997567,1,1,1,0,0.85,post_reset_task_success_per_reset,True,False,,full,0.2
ACT + Random Reset,802,6000844,metaworld,True,56,0.4120543130011356,0,0,0,0,0.0,post_reset_task_success_per_reset,True,False,,full,0.2
ACT + Random Reset,803,6000845,metaworld,True,73,0.5377169309995224,1,1,1,0,0.85,post_reset_task_success_per_reset,True,False,,full,0.2
ACT + Random Reset,804,6000846,metaworld,True,55,0.4133614029997261,0,0,0,0,0.0,post_reset_task_success_per_reset,True,False,,full,0.2
ACT + Random Reset,805,6000847,metaworld,True,70,0.5547949690007954,1,1,1,0,0.85,post_reset_task_success_per_reset,True,False,,full,0.2
ACT + Random Reset,806,6000848,metaworld,True,73,0.5576889379990462,1,1,1,0,0.85,post_reset_task_success_per_reset,True,False,,full,0.2
ACT + Random Reset,807,6000849,metaworld,True,55,0.3836505510007555,0,0,0,0,0.0,post_reset_task_success_per_reset,True,False,,full,0.2
ACT + Random Reset,808,6000850,metaworld,False,200,1.395511243999863,1,0,1,0,0.9,post_reset_task_success_per_reset,False,False,,full,0.2
ACT + Random Reset,809,6000851,metaworld,True,69,0.2725793370009342,1,1,1,0,0.85,post_reset_task_success_per_reset,True,False,,full,0.2
ACT + Random Reset,810,6000852,metaworld,True,77,0.3056339350005146,1,1,1,0,0.9,post_reset_task_success_per_reset,True,False,,full,0.2
ACT + Random Reset,811,6000853,metaworld,False,200,0.6638455419997626,1,0,1,0,0.9,post_reset_task_success_per_reset,False,False,,full,0.2
ACT + Random Reset,812,6000854,metaworld,True,57,0.18304650800018862,0,0,0,0,0.0,post_reset_task_success_per_reset,True,False,,full,0.2
ACT + Random Reset,813,6000855,metaworld,False,200,0.6392402359997504,1,0,1,0,1.0,post_reset_task_success_per_reset,False,False,object_dropped,full,0.2
ACT + Random Reset,814,6000856,metaworld,True,73,0.2437405820001004,1,1,1,0,0.85,post_reset_task_success_per_reset,True,False,,full,0.2
ACT + Random Reset,815,6000857,metaworld,False,200,0.6579999699988548,1,0,1,0,0.9,post_reset_task_success_per_reset,False,False,,full,0.2
ACT + Random Reset,816,6000858,metaworld,True,77,0.26203511099993193,1,1,1,0,0.85,post_reset_task_success_per_reset,True,False,,full,0.2
ACT + Random Reset,817,6000859,metaworld,True,78,0.2822530339999503,1,1,1,0,0.85,post_reset_task_success_per_reset,True,False,,full,0.2
ACT + Random Reset,818,6000860,metaworld,False,200,0.7086971440003254,1,0,1,0,0.9,post_reset_task_success_per_reset,False,False,,full,0.2
ACT + Random Reset,819,6000861,metaworld,True,71,0.23455922699940857,1,1,1,0,0.85,post_reset_task_success_per_reset,True,False,,full,0.2
ACT + Random Reset,820,6000862,metaworld,True,50,0.1581628969997837,0,0,0,0,0.0,post_reset_task_success_per_reset,True,False,,full,0.2
ACT + Random Reset,821,6000863,metaworld,True,52,0.1659572520002257,0,0,0,0,0.0,post_reset_task_success_per_reset,True,False,,full,0.2
ACT + Random Reset,822,6000864,metaworld,True,72,0.2418860699999641,1,1,1,0,0.9,post_reset_task_success_per_reset,True,False,,full,0.2
ACT + Random Reset,823,6000865,metaworld,True,124,0.4147445479993621,1,1,1,0,0.9,post_reset_task_success_per_reset,True,False,,full,0.2
ACT + Random Reset,824,6000866,metaworld,True,49,0.16226842899959593,0,0,0,0,0.0,post_reset_task_success_per_reset,True,False,,full,0.2
ACT + Random Reset,825,6000867,metaworld,True,56,0.18812049000007391,0,0,0,0,0.0,post_reset_task_success_per_reset,True,False,,full,0.2
ACT + Random Reset,826,6000868,metaworld,False,200,0.6636167190008564,1,0,1,0,1.0,post_reset_task_success_per_reset,False,False,object_dropped,full,0.2
ACT + Random Reset,827,6000869,metaworld,True,61,0.22355350900033955,1,1,1,0,1.0,post_reset_task_success_per_reset,True,False,,full,0.2
ACT + Random Reset,828,6000870,metaworld,True,54,0.20145302700075263,0,0,0,0,0.0,post_reset_task_success_per_reset,True,False,,full,0.2
ACT + Random Reset,829,6000871,metaworld,True,82,0.27615263699954085,1,1,1,0,0.9,post_reset_task_success_per_reset,True,False,,full,0.2
ACT + Random Reset,830,6000872,metaworld,True,79,0.2588316540004598,1,1,1,0,0.85,post_reset_task_success_per_reset,True,False,,full,0.2
ACT + Random Reset,831,6000873,metaworld,True,58,0.18615910399967106,0,0,0,0,0.0,post_reset_task_success_per_reset,True,False,,full,0.2
ACT + Random Reset,832,6000874,metaworld,True,70,0.2640931260011712,1,1,1,0,0.85,post_reset_task_success_per_reset,True,False,,full,0.2
ACT + Random Reset,833,6000875,metaworld,True,81,0.2976552370000718,1,1,1,0,0.9,post_reset_task_success_per_reset,True,False,,full,0.2
ACT + Random Reset,834,6000876,metaworld,True,74,0.25271002000044973,1,1,1,0,0.9,post_reset_task_success_per_reset,True,False,,full,0.2
ACT + Random Reset,835,6000877,metaworld,False,200,0.6472171130008064,1,0,1,0,1.0,post_reset_task_success_per_reset,False,False,object_dropped,full,0.2
ACT + Random Reset,836,6000878,metaworld,True,47,0.15067878999980167,0,0,0,0,0.0,post_reset_task_success_per_reset,True,False,,full,0.2
ACT + Random Reset,837,6000879,metaworld,True,77,0.2797869099995296,1,1,1,0,0.85,post_reset_task_success_per_reset,True,False,,full,0.2
ACT + Random Reset,838,6000880,metaworld,False,200,1.0158143139997264,1,0,1,0,1.0,post_reset_task_success_per_reset,False,False,object_dropped,full,0.2
ACT + Random Reset,839,6000881,metaworld,True,118,0.36945573699995293,1,1,1,0,0.9,post_reset_task_success_per_reset,True,False,,full,0.2
ACT + Random Reset,840,6000882,metaworld,True,54,0.17288139399897773,0,0,0,0,0.0,post_reset_task_success_per_reset,True,False,,full,0.2
ACT + Random Reset,841,6000883,metaworld,True,78,0.2720067919999565,1,1,1,0,0.9,post_reset_task_success_per_reset,True,False,,full,0.2
ACT + Random Reset,842,6000884,metaworld,True,68,0.23670352599947364,1,1,1,0,0.9,post_reset_task_success_per_reset,True,False,,full,0.2
ACT + Random Reset,843,6000885,metaworld,True,76,0.2471952779997082,1,1,1,0,0.85,post_reset_task_success_per_reset,True,False,,full,0.2
ACT + Random Reset,844,6000886,metaworld,True,53,0.1633441939993645,0,0,0,0,0.0,post_reset_task_success_per_reset,True,False,,full,0.2
ACT + Random Reset,845,6000887,metaworld,True,110,0.3672996469995269,1,1,1,0,0.9,post_reset_task_success_per_reset,True,False,,full,0.2
ACT + Random Reset,846,6000888,metaworld,True,56,0.16429583799981629,0,0,0,0,0.0,post_reset_task_success_per_reset,True,False,,full,0.2
ACT + Random Reset,847,6000889,metaworld,True,83,0.2533614749991102,1,1,1,0,0.85,post_reset_task_success_per_reset,True,False,,full,0.2
ACT + Random Reset,848,6000890,metaworld,False,200,0.6009193589998176,1,0,1,0,1.0,post_reset_task_success_per_reset,False,False,object_dropped,full,0.2
ACT + Random Reset,849,6000891,metaworld,True,57,0.16886106000129075,0,0,0,0,0.0,post_reset_task_success_per_reset,True,False,,full,0.2
ACT + Random Reset,850,6000892,metaworld,True,71,0.34194101200046134,1,1,1,0,0.85,post_reset_task_success_per_reset,True,False,,full,0.2
ACT + Random Reset,851,6000893,metaworld,True,85,0.2368436130000191,1,1,1,0,0.85,post_reset_task_success_per_reset,True,False,,full,0.2
ACT + Random Reset,852,6000894,metaworld,True,74,0.2078614980000566,1,1,1,0,0.9,post_reset_task_success_per_reset,True,False,,full,0.2
ACT + Random Reset,853,6000895,metaworld,True,66,0.18975462699927448,1,1,1,0,1.0,post_reset_task_success_per_reset,True,False,,full,0.2
ACT + Random Reset,854,6000896,metaworld,True,80,0.2383221540003433,1,1,1,0,0.9,post_reset_task_success_per_reset,True,False,,full,0.2
ACT + Random Reset,855,6000897,metaworld,True,81,0.2311529500002507,1,1,1,0,0.9,post_reset_task_success_per_reset,True,False,,full,0.2
ACT + Random Reset,856,6000898,metaworld,True,58,0.15748548900046444,0,0,0,0,0.0,post_reset_task_success_per_reset,True,False,,full,0.2
ACT + Random Reset,857,6000899,metaworld,True,73,0.20613126599891984,1,1,1,0,0.9,post_reset_task_success_per_reset,True,False,,full,0.2
ACT + Random Reset,858,6000900,metaworld,True,74,0.21751282299919694,1,1,1,0,0.9,post_reset_task_success_per_reset,True,False,,full,0.2
ACT + Random Reset,859,6000901,metaworld,True,55,0.14651923299970804,0,0,0,0,0.0,post_reset_task_success_per_reset,True,False,,full,0.2
ACT + Random Reset,860,6000902,metaworld,False,200,0.5235142390010878,1,0,1,0,0.9,post_reset_task_success_per_reset,False,False,,full,0.2
ACT + Random Reset,861,6000903,metaworld,True,72,0.21708708000005572,1,1,1,0,0.85,post_reset_task_success_per_reset,True,False,,full,0.2
ACT + Random Reset,862,6000904,metaworld,False,200,0.5439160939986323,1,0,1,0,1.0,post_reset_task_success_per_reset,False,False,object_dropped,full,0.2
ACT + Random Reset,863,6000905,metaworld,True,49,0.14351474899922323,0,0,0,0,0.0,post_reset_task_success_per_reset,True,False,,full,0.2
ACT + Random Reset,864,6000906,metaworld,True,49,0.1317752670001937,0,0,0,0,0.0,post_reset_task_success_per_reset,True,False,,full,0.2
ACT + Random Reset,865,6000907,metaworld,True,55,0.15755210499992245,0,0,0,0,0.0,post_reset_task_success_per_reset,True,False,,full,0.2
ACT + Random Reset,866,6000908,metaworld,True,74,0.20806061700022838,1,1,1,0,0.85,post_reset_task_success_per_reset,True,False,,full,0.2
ACT + Random Reset,867,6000909,metaworld,False,200,0.5397694580005918,1,0,1,0,0.9,post_reset_task_success_per_reset,False,False,,full,0.2
ACT + Random Reset,868,6000910,metaworld,True,56,0.15062506699905498,0,0,0,0,0.0,post_reset_task_success_per_reset,True,False,,full,0.2
ACT + Random Reset,869,6000911,metaworld,True,54,0.14972146899890504,0,0,0,0,0.0,post_reset_task_success_per_reset,True,False,,full,0.2
ACT + Random Reset,870,6000912,metaworld,True,82,0.2301263730005303,1,1,1,0,0.85,post_reset_task_success_per_reset,True,False,,full,0.2
ACT + Random Reset,871,6000913,metaworld,True,50,0.13077513600001112,0,0,0,0,0.0,post_reset_task_success_per_reset,True,False,,full,0.2
ACT + Random Reset,872,6000914,metaworld,True,77,0.2131731489989761,1,1,1,0,0.85,post_reset_task_success_per_reset,True,False,,full,0.2
ACT + Random Reset,873,6000915,metaworld,True,75,0.2066726329994708,1,1,1,0,0.9,post_reset_task_success_per_reset,True,False,,full,0.2
ACT + Random Reset,874,6000916,metaworld,True,71,0.2267117089995736,1,1,1,0,0.85,post_reset_task_success_per_reset,True,False,,full,0.2
ACT + Random Reset,875,6000917,metaworld,True,64,0.17474931000106153,0,0,0,0,0.0,post_reset_task_success_per_reset,True,False,,full,0.2
ACT + Random Reset,876,6000918,metaworld,True,72,0.2015254849993653,1,1,1,0,0.9,post_reset_task_success_per_reset,True,False,,full,0.2
ACT + Random Reset,877,6000919,metaworld,False,200,0.5372065560004557,1,0,1,0,0.85,post_reset_task_success_per_reset,False,False,,full,0.2
ACT + Random Reset,878,6000920,metaworld,True,75,0.21103859600043506,1,1,1,0,1.0,post_reset_task_success_per_reset,True,False,,full,0.2
ACT + Random Reset,879,6000921,metaworld,True,51,0.1382216839992907,0,0,0,0,0.0,post_reset_task_success_per_reset,True,False,,full,0.2
ACT + Random Reset,880,6000922,metaworld,False,200,0.5389720219991432,1,0,1,0,1.0,post_reset_task_success_per_reset,False,False,object_dropped,full,0.2
ACT + Random Reset,881,6000923,metaworld,True,67,0.1863782189993799,1,1,1,0,0.85,post_reset_task_success_per_reset,True,False,,full,0.2
ACT + Random Reset,882,6000924,metaworld,True,77,0.20308462300090468,1,1,1,0,0.9,post_reset_task_success_per_reset,True,False,,full,0.2
ACT + Random Reset,883,6000925,metaworld,True,55,0.13611637800022436,0,0,0,0,0.0,post_reset_task_success_per_reset,True,False,,full,0.2
ACT + Random Reset,884,6000926,metaworld,True,75,0.19878627300022345,1,1,1,0,0.9,post_reset_task_success_per_reset,True,False,,full,0.2
ACT + Random Reset,885,6000927,metaworld,True,54,0.17408958400119445,0,0,0,0,0.0,post_reset_task_success_per_reset,True,False,,full,0.2
ACT + Random Reset,886,6000928,metaworld,True,53,0.1417067220008903,0,0,0,0,0.0,post_reset_task_success_per_reset,True,False,,full,0.2
ACT + Random Reset,887,6000929,metaworld,False,200,0.5403304679985013,1,0,1,0,1.0,post_reset_task_success_per_reset,False,False,object_dropped,full,0.2
ACT + Random Reset,888,6000930,metaworld,False,200,0.5479583950000233,1,0,1,0,0.9,post_reset_task_success_per_reset,False,False,,full,0.2
ACT + Random Reset,889,6000931,metaworld,True,74,0.20619823999913933,1,1,1,0,1.0,post_reset_task_success_per_reset,True,False,,full,0.2
ACT + Random Reset,890,6000932,metaworld,True,59,0.1550258870011021,0,0,0,0,0.0,post_reset_task_success_per_reset,True,False,,full,0.2
ACT + Random Reset,891,6000933,metaworld,True,75,0.20796020799934922,1,1,1,0,0.9,post_reset_task_success_per_reset,True,False,,full,0.2
ACT + Random Reset,892,6000934,metaworld,True,55,0.14268544200058386,0,0,0,0,0.0,post_reset_task_success_per_reset,True,False,,full,0.2
ACT + Random Reset,893,6000935,metaworld,True,50,0.12716561399975035,0,0,0,0,0.0,post_reset_task_success_per_reset,True,False,,full,0.2
ACT + Random Reset,894,6000936,metaworld,True,57,0.14581840299979376,0,0,0,0,0.0,post_reset_task_success_per_reset,True,False,,full,0.2
ACT + Random Reset,895,6000937,metaworld,False,200,0.554955395999059,1,0,1,0,1.0,post_reset_task_success_per_reset,False,False,object_dropped,full,0.2
ACT + Random Reset,896,6000938,metaworld,True,72,0.19626960899950063,1,1,1,0,0.85,post_reset_task_success_per_reset,True,False,,full,0.2
ACT + Random Reset,897,6000939,metaworld,True,137,0.3766476880009577,1,1,1,0,0.9,post_reset_task_success_per_reset,True,False,,full,0.2
ACT + Random Reset,898,6000940,metaworld,False,200,0.5392347420001897,1,0,1,0,0.9,post_reset_task_success_per_reset,False,False,,full,0.2
ACT + Random Reset,899,6000941,metaworld,True,71,0.20411348699963128,1,1,1,0,0.9,post_reset_task_success_per_reset,True,False,,full,0.2
ACT + Random Reset,900,6000942,metaworld,False,200,0.5484035270001186,1,0,1,0,1.0,post_reset_task_success_per_reset,False,False,object_dropped,full,0.2
ACT + Random Reset,901,6000943,metaworld,True,73,0.20890240400149196,1,1,1,0,0.9,post_reset_task_success_per_reset,True,False,,full,0.2
ACT + Random Reset,902,6000944,metaworld,True,83,0.2508785260015429,1,1,1,0,0.9,post_reset_task_success_per_reset,True,False,,full,0.2
ACT + Random Reset,903,6000945,metaworld,True,79,0.21799692800050252,1,1,1,0,0.85,post_reset_task_success_per_reset,True,False,,full,0.2
ACT + Random Reset,904,6000946,metaworld,True,74,0.20464311000068847,1,1,1,0,0.85,post_reset_task_success_per_reset,True,False,,full,0.2
ACT + Random Reset,905,6000947,metaworld,False,200,0.5450836330001039,1,0,1,0,1.0,post_reset_task_success_per_reset,False,False,object_dropped,full,0.2
ACT + Random Reset,906,6000948,metaworld,True,69,0.2027944879991992,1,1,1,0,0.85,post_reset_task_success_per_reset,True,False,,full,0.2
ACT + Random Reset,907,6000949,metaworld,True,77,0.21471212199867296,1,1,1,0,0.85,post_reset_task_success_per_reset,True,False,,full,0.2
ACT + Random Reset,908,6000950,metaworld,True,78,0.2124434849993122,1,1,1,0,0.9,post_reset_task_success_per_reset,True,False,,full,0.2
ACT + Random Reset,909,6000951,metaworld,True,77,0.21292850200006797,1,1,1,0,0.85,post_reset_task_success_per_reset,True,False,,full,0.2
ACT + Random Reset,910,6000952,metaworld,True,82,0.21529094200013787,1,1,1,0,0.9,post_reset_task_success_per_reset,True,False,,full,0.2
ACT + Random Reset,911,6000953,metaworld,False,200,0.5676138430007995,1,0,1,0,0.9,post_reset_task_success_per_reset,False,False,,full,0.2
ACT + Random Reset,912,6000954,metaworld,True,60,0.16490070300096704,0,0,0,0,0.0,post_reset_task_success_per_reset,True,False,,full,0.2
ACT + Random Reset,913,6000955,metaworld,False,200,0.5452119510009652,1,0,1,0,0.9,post_reset_task_success_per_reset,False,False,,full,0.2
ACT + Random Reset,914,6000956,metaworld,True,75,0.21494723800060456,1,1,1,0,0.85,post_reset_task_success_per_reset,True,False,,full,0.2
ACT + Random Reset,915,6000957,metaworld,True,76,0.21911201200055075,1,1,1,0,0.85,post_reset_task_success_per_reset,True,False,,full,0.2
ACT + Random Reset,916,6000958,metaworld,True,50,0.13815471999987494,0,0,0,0,0.0,post_reset_task_success_per_reset,True,False,,full,0.2
ACT + Random Reset,917,6000959,metaworld,True,57,0.15256256099928578,0,0,0,0,0.0,post_reset_task_success_per_reset,True,False,,full,0.2
ACT + Random Reset,918,6000960,metaworld,True,59,0.15368533599939838,0,0,0,0,0.0,post_reset_task_success_per_reset,True,False,,full,0.2
ACT + Random Reset,919,6000961,metaworld,False,200,0.5610333760014328,1,0,1,0,0.9,post_reset_task_success_per_reset,False,False,,full,0.2
ACT + Random Reset,920,6000962,metaworld,True,64,0.17161178100104735,0,0,0,0,0.0,post_reset_task_success_per_reset,True,False,,full,0.2
ACT + Random Reset,921,6000963,metaworld,False,200,0.5410787960008747,1,0,1,0,1.0,post_reset_task_success_per_reset,False,False,object_dropped,full,0.2
ACT + Random Reset,922,6000964,metaworld,True,68,0.1923649549989932,1,1,1,0,0.85,post_reset_task_success_per_reset,True,False,,full,0.2
ACT + Random Reset,923,6000965,metaworld,True,67,0.1873935090006853,1,1,1,0,0.85,post_reset_task_success_per_reset,True,False,,full,0.2
ACT + Random Reset,924,6000966,metaworld,True,56,0.1561807050002244,1,1,1,0,1.0,post_reset_task_success_per_reset,True,False,,full,0.2
ACT + Random Reset,925,6000967,metaworld,False,200,0.5367858970002999,1,0,1,0,0.9,post_reset_task_success_per_reset,False,False,,full,0.2
ACT + Random Reset,926,6000968,metaworld,True,73,0.20654759599892714,1,1,1,0,0.9,post_reset_task_success_per_reset,True,False,,full,0.2
ACT + Random Reset,927,6000969,metaworld,False,200,0.544861023001431,1,0,1,0,0.9,post_reset_task_success_per_reset,False,False,,full,0.2
ACT + Random Reset,928,6000970,metaworld,True,57,0.15174380899952666,0,0,0,0,0.0,post_reset_task_success_per_reset,True,False,,full,0.2
ACT + Random Reset,929,6000971,metaworld,True,55,0.14687834399956046,0,0,0,0,0.0,post_reset_task_success_per_reset,True,False,,full,0.2
ACT + Random Reset,930,6000972,metaworld,True,53,0.14151037199917482,0,0,0,0,0.0,post_reset_task_success_per_reset,True,False,,full,0.2
ACT + Random Reset,931,6000973,metaworld,True,71,0.19705908199830446,1,1,1,0,0.85,post_reset_task_success_per_reset,True,False,,full,0.2
ACT + Random Reset,932,6000974,metaworld,False,200,0.5255356870002288,1,0,1,0,1.0,post_reset_task_success_per_reset,False,False,object_dropped,full,0.2
ACT + Random Reset,933,6000975,metaworld,True,78,0.2173846580008103,1,1,1,0,0.85,post_reset_task_success_per_reset,True,False,,full,0.2
ACT + Random Reset,934,6000976,metaworld,True,78,0.21334010700047656,1,1,1,0,0.9,post_reset_task_success_per_reset,True,False,,full,0.2
ACT + Random Reset,935,6000977,metaworld,False,200,0.5572126879997086,1,0,1,0,1.0,post_reset_task_success_per_reset,False,False,object_dropped,full,0.2
ACT + Random Reset,936,6000978,metaworld,True,74,0.21669639399988228,1,1,1,0,0.85,post_reset_task_success_per_reset,True,False,,full,0.2
ACT + Random Reset,937,6000979,metaworld,True,68,0.19223748600052204,1,1,1,0,0.85,post_reset_task_success_per_reset,True,False,,full,0.2
ACT + Random Reset,938,6000980,metaworld,True,69,0.19474102000094717,1,1,1,0,1.0,post_reset_task_success_per_reset,True,False,,full,0.2
ACT + Random Reset,939,6000981,metaworld,False,200,0.5250377850006771,1,0,1,0,1.0,post_reset_task_success_per_reset,False,False,object_dropped,full,0.2
ACT + Random Reset,940,6000982,metaworld,True,76,0.20966960599980666,1,1,1,0,0.85,post_reset_task_success_per_reset,True,False,,full,0.2
ACT + Random Reset,941,6000983,metaworld,True,75,0.2059873250000237,1,1,1,0,0.85,post_reset_task_success_per_reset,True,False,,full,0.2
ACT + Random Reset,942,6000984,metaworld,True,73,0.21130080400143925,1,1,1,0,0.9,post_reset_task_success_per_reset,True,False,,full,0.2
ACT + Random Reset,943,6000985,metaworld,True,54,0.14531973200064385,0,0,0,0,0.0,post_reset_task_success_per_reset,True,False,,full,0.2
ACT + Random Reset,944,6000986,metaworld,True,78,0.2281469700010348,1,1,1,0,0.85,post_reset_task_success_per_reset,True,False,,full,0.2
ACT + Random Reset,945,6000987,metaworld,True,126,0.3582652789991698,1,1,1,0,0.9,post_reset_task_success_per_reset,True,False,,full,0.2
ACT + Random Reset,946,6000988,metaworld,True,79,0.21890051099944685,1,1,1,0,0.85,post_reset_task_success_per_reset,True,False,,full,0.2
ACT + Random Reset,947,6000989,metaworld,True,57,0.15949377400102094,0,0,0,0,0.0,post_reset_task_success_per_reset,True,False,,full,0.2
ACT + Random Reset,948,6000990,metaworld,True,82,0.23338966699884622,1,1,1,0,0.9,post_reset_task_success_per_reset,True,False,,full,0.2
ACT + Random Reset,949,6000991,metaworld,True,76,0.21762599400062754,1,1,1,0,0.85,post_reset_task_success_per_reset,True,False,,full,0.2
ACT + Random Reset,950,6000992,metaworld,True,82,0.39155640799981484,1,1,1,0,0.85,post_reset_task_success_per_reset,True,False,,full,0.2
ACT + Random Reset,951,6000993,metaworld,False,200,0.5763119789990014,1,0,1,0,0.9,post_reset_task_success_per_reset,False,False,,full,0.2
ACT + Random Reset,952,6000994,metaworld,True,76,0.21091452300061064,1,1,1,0,0.85,post_reset_task_success_per_reset,True,False,,full,0.2
ACT + Random Reset,953,6000995,metaworld,True,80,0.217925164000917,1,1,1,0,0.9,post_reset_task_success_per_reset,True,False,,full,0.2
ACT + Random Reset,954,6000996,metaworld,True,50,0.13070213900027738,0,0,0,0,0.0,post_reset_task_success_per_reset,True,False,,full,0.2
ACT + Random Reset,955,6000997,metaworld,True,74,0.2067726679997577,1,1,1,0,0.85,post_reset_task_success_per_reset,True,False,,full,0.2
ACT + Random Reset,956,6000998,metaworld,False,200,0.5391984859998047,1,0,1,0,0.9,post_reset_task_success_per_reset,False,False,,full,0.2
ACT + Random Reset,957,6000999,metaworld,True,72,0.20378674099993077,1,1,1,0,0.85,post_reset_task_success_per_reset,True,False,,full,0.2
ACT + Random Reset,958,6001000,metaworld,True,78,0.21210800699918764,1,1,1,0,0.85,post_reset_task_success_per_reset,True,False,,full,0.2
ACT + Random Reset,959,6001001,metaworld,True,77,0.22598660000039672,1,1,1,0,0.9,post_reset_task_success_per_reset,True,False,,full,0.2
ACT + Random Reset,960,6001002,metaworld,True,82,0.2422067640000023,1,1,1,0,0.85,post_reset_task_success_per_reset,True,False,,full,0.2
ACT + Random Reset,961,6001003,metaworld,True,60,0.16270104800059926,0,0,0,0,0.0,post_reset_task_success_per_reset,True,False,,full,0.2
ACT + Random Reset,962,6001004,metaworld,True,69,0.19076107299952128,1,1,1,0,0.85,post_reset_task_success_per_reset,True,False,,full,0.2
ACT + Random Reset,963,6001005,metaworld,True,80,0.2172552940010064,1,1,1,0,0.85,post_reset_task_success_per_reset,True,False,,full,0.2
ACT + Random Reset,964,6001006,metaworld,True,72,0.19991934400059108,1,1,1,0,0.85,post_reset_task_success_per_reset,True,False,,full,0.2
ACT + Random Reset,965,6001007,metaworld,True,79,0.2195037660003436,1,1,1,0,0.85,post_reset_task_success_per_reset,True,False,,full,0.2
ACT + Random Reset,966,6001008,metaworld,True,70,0.19504809000136447,1,1,1,0,0.85,post_reset_task_success_per_reset,True,False,,full,0.2
ACT + Random Reset,967,6001009,metaworld,False,200,0.5498873930009722,1,0,1,0,1.0,post_reset_task_success_per_reset,False,False,object_dropped,full,0.2
ACT + Random Reset,968,6001010,metaworld,True,72,0.19909002399981546,1,1,1,0,0.9,post_reset_task_success_per_reset,True,False,,full,0.2
ACT + Random Reset,969,6001011,metaworld,False,200,0.5109034130000509,1,0,1,0,0.9,post_reset_task_success_per_reset,False,False,,full,0.2
ACT + Random Reset,970,6001012,metaworld,True,80,0.21573725300004298,1,1,1,0,0.9,post_reset_task_success_per_reset,True,False,,full,0.2
ACT + Random Reset,971,6001013,metaworld,True,56,0.16741057800027193,0,0,0,0,0.0,post_reset_task_success_per_reset,True,False,,full,0.2
ACT + Random Reset,972,6001014,metaworld,True,74,0.20761660300013318,1,1,1,0,0.9,post_reset_task_success_per_reset,True,False,,full,0.2
ACT + Random Reset,973,6001015,metaworld,True,58,0.1532173249997868,0,0,0,0,0.0,post_reset_task_success_per_reset,True,False,,full,0.2
ACT + Random Reset,974,6001016,metaworld,True,57,0.14831539599981625,0,0,0,0,0.0,post_reset_task_success_per_reset,True,False,,full,0.2
ACT + Random Reset,975,6001017,metaworld,True,75,0.2240910119999171,1,1,1,0,0.85,post_reset_task_success_per_reset,True,False,,full,0.2
ACT + Random Reset,976,6001018,metaworld,True,77,0.21321341399925586,1,1,1,0,1.0,post_reset_task_success_per_reset,True,False,,full,0.2
ACT + Random Reset,977,6001019,metaworld,True,52,0.13611131700054102,0,0,0,0,0.0,post_reset_task_success_per_reset,True,False,,full,0.2
ACT + Random Reset,978,6001020,metaworld,True,70,0.18951193999964744,1,1,1,0,0.9,post_reset_task_success_per_reset,True,False,,full,0.2
ACT + Random Reset,979,6001021,metaworld,True,120,0.3238762400014821,1,1,1,0,0.9,post_reset_task_success_per_reset,True,False,,full,0.2
ACT + Random Reset,980,6001022,metaworld,True,74,0.20417188499959593,1,1,1,0,0.9,post_reset_task_success_per_reset,True,False,,full,0.2
ACT + Random Reset,981,6001023,metaworld,False,200,0.5219154540009185,1,0,1,0,0.9,post_reset_task_success_per_reset,False,False,,full,0.2
ACT + Random Reset,982,6001024,metaworld,False,200,0.5613212340012979,1,0,1,0,0.9,post_reset_task_success_per_reset,False,False,,full,0.2
ACT + Random Reset,983,6001025,metaworld,False,200,0.5237537630000588,1,0,1,0,1.0,post_reset_task_success_per_reset,False,False,object_dropped,full,0.2
ACT + Random Reset,984,6001026,metaworld,True,59,0.15313397200043255,0,0,0,0,0.0,post_reset_task_success_per_reset,True,False,,full,0.2
ACT + Random Reset,985,6001027,metaworld,True,80,0.2178324770011386,1,1,1,0,0.85,post_reset_task_success_per_reset,True,False,,full,0.2
ACT + Random Reset,986,6001028,metaworld,True,59,0.15200346900019213,0,0,0,0,0.0,post_reset_task_success_per_reset,True,False,,full,0.2
ACT + Random Reset,987,6001029,metaworld,True,54,0.14048090599862917,0,0,0,0,0.0,post_reset_task_success_per_reset,True,False,,full,0.2
ACT + Random Reset,988,6001030,metaworld,True,68,0.1820580619987595,1,1,1,0,0.9,post_reset_task_success_per_reset,True,False,,full,0.2
ACT + Random Reset,989,6001031,metaworld,True,68,0.1835086989995034,1,1,1,0,0.85,post_reset_task_success_per_reset,True,False,,full,0.2
ACT + Random Reset,990,6001032,metaworld,True,53,0.1263976320005895,0,0,0,0,0.0,post_reset_task_success_per_reset,True,False,,full,0.2
ACT + Random Reset,991,6001033,metaworld,True,55,0.13689872100076173,0,0,0,0,0.0,post_reset_task_success_per_reset,True,False,,full,0.2
ACT + Random Reset,992,6001034,metaworld,True,57,0.14746262900007423,0,0,0,0,0.0,post_reset_task_success_per_reset,True,False,,full,0.2
ACT + Random Reset,993,6001035,metaworld,True,72,0.17786343400075566,1,1,1,0,0.9,post_reset_task_success_per_reset,True,False,,full,0.2
ACT + Random Reset,994,6001036,metaworld,False,200,0.47027435599920864,1,0,1,0,0.9,post_reset_task_success_per_reset,False,False,,full,0.2
ACT + Random Reset,995,6001037,metaworld,True,68,0.17462049500136345,1,1,1,0,0.9,post_reset_task_success_per_reset,True,False,,full,0.2
ACT + Random Reset,996,6001038,metaworld,True,72,0.18470102999890514,1,1,1,0,0.9,post_reset_task_success_per_reset,True,False,,full,0.2
ACT + Random Reset,997,6001039,metaworld,True,81,0.21206640399941534,1,1,1,0,0.85,post_reset_task_success_per_reset,True,False,,full,0.2
ACT + Random Reset,998,6001040,metaworld,False,200,0.565594460000284,1,0,1,0,1.0,post_reset_task_success_per_reset,False,False,object_dropped,full,0.2
ACT + Random Reset,999,6001041,metaworld,True,73,0.22733795600106532,1,1,1,0,0.9,post_reset_task_success_per_reset,True,False,,full,0.2
ACT + RL Recovery,0,6000042,metaworld,True,50,0.6061409510002704,1,1,1,30,0.85,task_success_while_recovery_active_per_intervention,True,False,,full,0.2
ACT + RL Recovery,1,6000043,metaworld,True,52,0.42284117300005164,1,1,1,32,0.85,task_success_while_recovery_active_per_intervention,True,False,,full,0.2
ACT + RL Recovery,2,6000044,metaworld,True,61,0.3857458670008782,1,1,1,40,0.85,task_success_while_recovery_active_per_intervention,True,False,,full,0.2
ACT + RL Recovery,3,6000045,metaworld,True,55,0.18157157299901883,0,0,0,0,0.0,task_success_while_recovery_active_per_intervention,True,False,,full,0.2
ACT + RL Recovery,4,6000046,metaworld,True,56,0.13241416400160233,1,1,1,36,0.85,task_success_while_recovery_active_per_intervention,True,False,,full,0.2
ACT + RL Recovery,5,6000047,metaworld,True,52,0.32844363899857854,1,1,1,32,0.85,task_success_while_recovery_active_per_intervention,True,False,,full,0.2
ACT + RL Recovery,6,6000048,metaworld,True,56,0.2854296929999691,0,0,0,0,0.0,task_success_while_recovery_active_per_intervention,True,False,,full,0.2
ACT + RL Recovery,7,6000049,metaworld,True,55,0.47467959000096016,1,1,1,32,0.85,task_success_while_recovery_active_per_intervention,True,False,,full,0.2
ACT + RL Recovery,8,6000050,metaworld,True,55,0.28251049800019246,0,0,0,0,0.0,task_success_while_recovery_active_per_intervention,True,False,,full,0.2
ACT + RL Recovery,9,6000051,metaworld,True,56,0.6438549189988407,1,1,1,36,0.85,task_success_while_recovery_active_per_intervention,True,False,,full,0.2
ACT + RL Recovery,10,6000052,metaworld,True,48,0.36196807300075307,1,1,1,26,0.85,task_success_while_recovery_active_per_intervention,True,False,,full,0.2
ACT + RL Recovery,11,6000053,metaworld,True,53,0.2758568790013669,0,0,0,0,0.0,task_success_while_recovery_active_per_intervention,True,False,,full,0.2
ACT + RL Recovery,12,6000054,metaworld,False,200,0.9037565519993223,1,0,1,150,1.0,task_success_while_recovery_active_per_intervention,False,True,object_dropped,full,0.2
ACT + RL Recovery,13,6000055,metaworld,False,200,1.0110440700009349,1,0,1,144,1.0,task_success_while_recovery_active_per_intervention,False,True,object_dropped,full,0.2
ACT + RL Recovery,14,6000056,metaworld,True,58,0.21296182599871827,0,0,0,0,0.0,task_success_while_recovery_active_per_intervention,True,False,,full,0.2
ACT + RL Recovery,15,6000057,metaworld,True,51,0.13261168700046255,0,0,0,0,0.0,task_success_while_recovery_active_per_intervention,True,False,,full,0.2
ACT + RL Recovery,16,6000058,metaworld,True,51,0.5008230490002461,1,1,1,42,1.0,task_success_while_recovery_active_per_intervention,True,False,,full,0.2
ACT + RL Recovery,17,6000059,metaworld,True,61,0.5235828069999116,1,1,1,41,0.85,task_success_while_recovery_active_per_intervention,True,False,,full,0.2
ACT + RL Recovery,18,6000060,metaworld,True,47,0.35084749499947065,1,1,1,27,0.85,task_success_while_recovery_active_per_intervention,True,False,,full,0.2
ACT + RL Recovery,19,6000061,metaworld,True,53,0.347455404998982,1,1,1,33,0.85,task_success_while_recovery_active_per_intervention,True,False,,full,0.2
ACT + RL Recovery,20,6000062,metaworld,True,54,0.42756456899951445,0,0,0,0,0.0,task_success_while_recovery_active_per_intervention,True,False,,full,0.2
ACT + RL Recovery,21,6000063,metaworld,True,53,0.14576851099991472,0,0,0,0,0.0,task_success_while_recovery_active_per_intervention,True,False,,full,0.2
ACT + RL Recovery,22,6000064,metaworld,True,51,0.15069448899885174,0,0,0,0,0.0,task_success_while_recovery_active_per_intervention,True,False,,full,0.2
ACT + RL Recovery,23,6000065,metaworld,True,53,0.11349351499848126,1,1,1,33,0.85,task_success_while_recovery_active_per_intervention,True,False,,full,0.2
ACT + RL Recovery,24,6000066,metaworld,False,200,0.3159184350006399,1,0,1,136,1.0,task_success_while_recovery_active_per_intervention,False,True,object_dropped,full,0.2
ACT + RL Recovery,25,6000067,metaworld,True,56,0.3044867159987916,1,1,1,46,1.0,task_success_while_recovery_active_per_intervention,True,False,,full,0.2
ACT + RL Recovery,26,6000068,metaworld,True,56,0.18053882700041868,1,1,1,36,0.85,task_success_while_recovery_active_per_intervention,True,False,,full,0.2
ACT + RL Recovery,27,6000069,metaworld,True,58,0.3507201529992017,1,1,1,38,0.85,task_success_while_recovery_active_per_intervention,True,False,,full,0.2
ACT + RL Recovery,28,6000070,metaworld,True,54,0.2084156279997842,0,0,0,0,0.0,task_success_while_recovery_active_per_intervention,True,False,,full,0.2
ACT + RL Recovery,29,6000071,metaworld,True,61,0.368482309000683,1,1,1,37,0.85,task_success_while_recovery_active_per_intervention,True,False,,full,0.2
ACT + RL Recovery,30,6000072,metaworld,True,65,0.2797733370007336,1,1,1,45,0.9,task_success_while_recovery_active_per_intervention,True,False,,full,0.2
ACT + RL Recovery,31,6000073,metaworld,True,52,0.6059974199997669,1,1,1,32,0.85,task_success_while_recovery_active_per_intervention,True,False,,full,0.2
ACT + RL Recovery,32,6000074,metaworld,True,47,0.2563268550002249,1,1,1,27,0.85,task_success_while_recovery_active_per_intervention,True,False,,full,0.2
ACT + RL Recovery,33,6000075,metaworld,True,58,0.18513718999929552,0,0,0,0,0.0,task_success_while_recovery_active_per_intervention,True,False,,full,0.2
ACT + RL Recovery,34,6000076,metaworld,True,59,0.5253625090008427,1,1,1,39,0.85,task_success_while_recovery_active_per_intervention,True,False,,full,0.2
ACT + RL Recovery,35,6000077,metaworld,True,52,0.21259145600015472,1,1,1,44,1.0,task_success_while_recovery_active_per_intervention,True,False,,full,0.2
ACT + RL Recovery,36,6000078,metaworld,True,155,0.20188376599980984,1,1,1,135,0.85,task_success_while_recovery_active_per_intervention,True,False,,full,0.2
ACT + RL Recovery,37,6000079,metaworld,True,54,0.33915857700048946,1,1,1,33,0.85,task_success_while_recovery_active_per_intervention,True,False,,full,0.2
ACT + RL Recovery,38,6000080,metaworld,True,49,0.13908743200045137,1,1,1,28,0.85,task_success_while_recovery_active_per_intervention,True,False,,full,0.2
ACT + RL Recovery,39,6000081,metaworld,True,62,0.1812425139996776,0,0,0,0,0.0,task_success_while_recovery_active_per_intervention,True,False,,full,0.2
ACT + RL Recovery,40,6000082,metaworld,True,52,0.2024819620000926,0,0,0,0,0.0,task_success_while_recovery_active_per_intervention,True,False,,full,0.2
ACT + RL Recovery,41,6000083,metaworld,True,57,0.4772690910012898,1,1,1,37,0.85,task_success_while_recovery_active_per_intervention,True,False,,full,0.2
ACT + RL Recovery,42,6000084,metaworld,True,54,0.29754696100098954,0,0,0,0,0.0,task_success_while_recovery_active_per_intervention,True,False,,full,0.2
ACT + RL Recovery,43,6000085,metaworld,True,54,0.24233114699927683,0,0,0,0,0.0,task_success_while_recovery_active_per_intervention,True,False,,full,0.2
ACT + RL Recovery,44,6000086,metaworld,True,52,0.2581481389988767,0,0,0,0,0.0,task_success_while_recovery_active_per_intervention,True,False,,full,0.2
ACT + RL Recovery,45,6000087,metaworld,True,53,0.17647262300124567,0,0,0,0,0.0,task_success_while_recovery_active_per_intervention,True,False,,full,0.2
ACT + RL Recovery,46,6000088,metaworld,True,67,0.15629184499994153,1,1,1,47,0.85,task_success_while_recovery_active_per_intervention,True,False,,full,0.2
ACT + RL Recovery,47,6000089,metaworld,False,200,1.7741569480003818,1,0,1,150,0.9,task_success_while_recovery_active_per_intervention,False,True,timeout,full,0.2
ACT + RL Recovery,48,6000090,metaworld,True,54,0.6255427629985206,1,1,1,34,0.85,task_success_while_recovery_active_per_intervention,True,False,,full,0.2
ACT + RL Recovery,49,6000091,metaworld,True,53,0.3337130399995658,1,1,1,33,0.85,task_success_while_recovery_active_per_intervention,True,False,,full,0.2
ACT + RL Recovery,50,6000092,metaworld,True,53,0.09548915000050329,1,1,1,33,0.85,task_success_while_recovery_active_per_intervention,True,False,,full,0.2
ACT + RL Recovery,51,6000093,metaworld,True,61,0.23103486699983478,1,1,1,41,0.85,task_success_while_recovery_active_per_intervention,True,False,,full,0.2
ACT + RL Recovery,52,6000094,metaworld,True,54,0.5041145630002575,1,1,1,34,0.85,task_success_while_recovery_active_per_intervention,True,False,,full,0.2
ACT + RL Recovery,53,6000095,metaworld,True,55,0.6330814949997148,1,1,1,35,0.85,task_success_while_recovery_active_per_intervention,True,False,,full,0.2
ACT + RL Recovery,54,6000096,metaworld,False,200,2.6257801599986124,1,0,1,150,0.9,task_success_while_recovery_active_per_intervention,False,True,timeout,full,0.2
ACT + RL Recovery,55,6000097,metaworld,True,54,0.3856395879993215,0,0,0,0,0.0,task_success_while_recovery_active_per_intervention,True,False,,full,0.2
ACT + RL Recovery,56,6000098,metaworld,True,46,0.3507397690009384,0,0,0,0,0.0,task_success_while_recovery_active_per_intervention,True,False,,full,0.2
ACT + RL Recovery,57,6000099,metaworld,True,53,0.38699618200007535,0,0,0,0,0.0,task_success_while_recovery_active_per_intervention,True,False,,full,0.2
ACT + RL Recovery,58,6000100,metaworld,True,52,0.4602921929999866,0,0,0,0,0.0,task_success_while_recovery_active_per_intervention,True,False,,full,0.2
ACT + RL Recovery,59,6000101,metaworld,False,200,2.432623128001069,1,0,1,150,1.0,task_success_while_recovery_active_per_intervention,False,True,object_dropped,full,0.2
ACT + RL Recovery,60,6000102,metaworld,True,47,0.5347829120000824,1,1,1,27,0.85,task_success_while_recovery_active_per_intervention,True,False,,full,0.2
ACT + RL Recovery,61,6000103,metaworld,True,48,0.1478452200008178,0,0,0,0,0.0,task_success_while_recovery_active_per_intervention,True,False,,full,0.2
ACT + RL Recovery,62,6000104,metaworld,True,56,0.4844497929989302,1,1,1,36,0.85,task_success_while_recovery_active_per_intervention,True,False,,full,0.2
ACT + RL Recovery,63,6000105,metaworld,True,50,0.16833359400152403,0,0,0,0,0.0,task_success_while_recovery_active_per_intervention,True,False,,full,0.2
ACT + RL Recovery,64,6000106,metaworld,True,52,0.2839507139997295,0,0,0,0,0.0,task_success_while_recovery_active_per_intervention,True,False,,full,0.2
ACT + RL Recovery,65,6000107,metaworld,True,66,0.5358152930002689,1,1,1,46,0.85,task_success_while_recovery_active_per_intervention,True,False,,full,0.2
ACT + RL Recovery,66,6000108,metaworld,True,50,0.36860403600076097,1,1,1,30,0.85,task_success_while_recovery_active_per_intervention,True,False,,full,0.2
ACT + RL Recovery,67,6000109,metaworld,True,53,0.3151605559996824,0,0,0,0,0.0,task_success_while_recovery_active_per_intervention,True,False,,full,0.2
ACT + RL Recovery,68,6000110,metaworld,True,57,0.5091634829987015,0,0,0,0,0.0,task_success_while_recovery_active_per_intervention,True,False,,full,0.2
ACT + RL Recovery,69,6000111,metaworld,True,57,0.48147601900018344,1,1,1,35,0.85,task_success_while_recovery_active_per_intervention,True,False,,full,0.2
ACT + RL Recovery,70,6000112,metaworld,True,50,0.6217489689988724,1,1,1,30,0.85,task_success_while_recovery_active_per_intervention,True,False,,full,0.2
ACT + RL Recovery,71,6000113,metaworld,True,54,0.6475931029999629,0,0,0,0,0.0,task_success_while_recovery_active_per_intervention,True,False,,full,0.2
ACT + RL Recovery,72,6000114,metaworld,True,51,0.33766197500153794,0,0,0,0,0.0,task_success_while_recovery_active_per_intervention,True,False,,full,0.2
ACT + RL Recovery,73,6000115,metaworld,False,200,2.196432909999203,1,0,1,150,0.9,task_success_while_recovery_active_per_intervention,False,True,timeout,full,0.2
ACT + RL Recovery,74,6000116,metaworld,True,55,0.5389810929991654,1,1,1,32,0.85,task_success_while_recovery_active_per_intervention,True,False,,full,0.2
ACT + RL Recovery,75,6000117,metaworld,True,56,0.3681515270000091,0,0,0,0,0.0,task_success_while_recovery_active_per_intervention,True,False,,full,0.2
ACT + RL Recovery,76,6000118,metaworld,True,58,0.6765608939986123,1,1,1,38,0.85,task_success_while_recovery_active_per_intervention,True,False,,full,0.2
ACT + RL Recovery,77,6000119,metaworld,True,57,0.4021545100004005,1,1,1,37,0.85,task_success_while_recovery_active_per_intervention,True,False,,full,0.2
ACT + RL Recovery,78,6000120,metaworld,False,200,2.9310943719992792,1,0,1,150,1.0,task_success_while_recovery_active_per_intervention,False,True,object_dropped,full,0.2
ACT + RL Recovery,79,6000121,metaworld,True,59,0.31451250800091657,0,0,0,0,0.0,task_success_while_recovery_active_per_intervention,True,False,,full,0.2
ACT + RL Recovery,80,6000122,metaworld,True,56,0.313925600001312,0,0,0,0,0.0,task_success_while_recovery_active_per_intervention,True,False,,full,0.2
ACT + RL Recovery,81,6000123,metaworld,False,200,2.4049877300003573,1,0,1,150,0.9,task_success_while_recovery_active_per_intervention,False,True,timeout,full,0.2
ACT + RL Recovery,82,6000124,metaworld,True,52,0.291996668000138,0,0,0,0,0.0,task_success_while_recovery_active_per_intervention,True,False,,full,0.2
ACT + RL Recovery,83,6000125,metaworld,True,55,0.31678731300053187,0,0,0,0,0.0,task_success_while_recovery_active_per_intervention,True,False,,full,0.2
ACT + RL Recovery,84,6000126,metaworld,True,58,0.602853768001296,1,1,1,38,0.85,task_success_while_recovery_active_per_intervention,True,False,,full,0.2
ACT + RL Recovery,85,6000127,metaworld,True,51,0.5735399810000672,1,1,1,31,0.85,task_success_while_recovery_active_per_intervention,True,False,,full,0.2
ACT + RL Recovery,86,6000128,metaworld,True,62,0.21208197600026324,0,0,0,0,0.0,task_success_while_recovery_active_per_intervention,True,False,,full,0.2
ACT + RL Recovery,87,6000129,metaworld,True,52,0.17338197800017952,0,0,0,0,0.0,task_success_while_recovery_active_per_intervention,True,False,,full,0.2
ACT + RL Recovery,88,6000130,metaworld,True,60,0.2646615930007101,0,0,0,0,0.0,task_success_while_recovery_active_per_intervention,True,False,,full,0.2
ACT + RL Recovery,89,6000131,metaworld,True,48,0.623424305998924,1,1,1,28,0.85,task_success_while_recovery_active_per_intervention,True,False,,full,0.2
ACT + RL Recovery,90,6000132,metaworld,True,50,0.20640166200064414,0,0,0,0,0.0,task_success_while_recovery_active_per_intervention,True,False,,full,0.2
ACT + RL Recovery,91,6000133,metaworld,True,54,0.4599152259997936,1,1,1,34,0.85,task_success_while_recovery_active_per_intervention,True,False,,full,0.2
ACT + RL Recovery,92,6000134,metaworld,True,56,0.30248662200028775,1,1,1,36,0.85,task_success_while_recovery_active_per_intervention,True,False,,full,0.2
ACT + RL Recovery,93,6000135,metaworld,True,53,0.18671968500166258,0,0,0,0,0.0,task_success_while_recovery_active_per_intervention,True,False,,full,0.2
ACT + RL Recovery,94,6000136,metaworld,True,51,0.1768738079990726,0,0,0,0,0.0,task_success_while_recovery_active_per_intervention,True,False,,full,0.2
ACT + RL Recovery,95,6000137,metaworld,True,58,0.6087355269992258,1,1,1,38,0.85,task_success_while_recovery_active_per_intervention,True,False,,full,0.2
ACT + RL Recovery,96,6000138,metaworld,True,59,0.7152565599990339,1,1,1,39,0.85,task_success_while_recovery_active_per_intervention,True,False,,full,0.2
ACT + RL Recovery,97,6000139,metaworld,True,51,0.5499945879982988,1,1,1,31,0.85,task_success_while_recovery_active_per_intervention,True,False,,full,0.2
ACT + RL Recovery,98,6000140,metaworld,False,200,1.7636948679992202,1,0,1,150,1.0,task_success_while_recovery_active_per_intervention,False,True,object_dropped,full,0.2
ACT + RL Recovery,99,6000141,metaworld,True,45,0.4292332400000305,1,1,1,25,0.85,task_success_while_recovery_active_per_intervention,True,False,,full,0.2
ACT + RL Recovery,100,6000142,metaworld,True,55,0.27508269999998447,0,0,0,0,0.0,task_success_while_recovery_active_per_intervention,True,False,,full,0.2
ACT + RL Recovery,101,6000143,metaworld,True,53,0.1926582670002972,0,0,0,0,0.0,task_success_while_recovery_active_per_intervention,True,False,,full,0.2
ACT + RL Recovery,102,6000144,metaworld,False,200,1.9687917549999838,1,0,1,150,0.9,task_success_while_recovery_active_per_intervention,False,True,timeout,full,0.2
ACT + RL Recovery,103,6000145,metaworld,False,200,2.3325831330002984,1,0,1,150,0.9,task_success_while_recovery_active_per_intervention,False,True,timeout,full,0.2
ACT + RL Recovery,104,6000146,metaworld,True,52,0.5314278290006769,0,0,0,0,0.0,task_success_while_recovery_active_per_intervention,True,False,,full,0.2
ACT + RL Recovery,105,6000147,metaworld,False,200,1.9977274459997716,1,0,1,150,1.0,task_success_while_recovery_active_per_intervention,False,True,object_dropped,full,0.2
ACT + RL Recovery,106,6000148,metaworld,True,53,0.6179004739988159,0,0,0,0,0.0,task_success_while_recovery_active_per_intervention,True,False,,full,0.2
ACT + RL Recovery,107,6000149,metaworld,False,200,2.177411493999898,1,0,1,150,0.9,task_success_while_recovery_active_per_intervention,False,True,timeout,full,0.2
ACT + RL Recovery,108,6000150,metaworld,True,48,0.30219057599970256,0,0,0,0,0.0,task_success_while_recovery_active_per_intervention,True,False,,full,0.2
ACT + RL Recovery,109,6000151,metaworld,False,200,1.4296488909985783,1,0,1,150,1.0,task_success_while_recovery_active_per_intervention,False,True,object_dropped,full,0.2
ACT + RL Recovery,110,6000152,metaworld,True,55,0.5973944569996092,1,1,1,35,0.85,task_success_while_recovery_active_per_intervention,True,False,,full,0.2
ACT + RL Recovery,111,6000153,metaworld,True,51,0.4331953100008832,0,0,0,0,0.0,task_success_while_recovery_active_per_intervention,True,False,,full,0.2
ACT + RL Recovery,112,6000154,metaworld,False,200,1.6276738529995782,1,0,1,150,1.0,task_success_while_recovery_active_per_intervention,False,True,object_dropped,full,0.2
ACT + RL Recovery,113,6000155,metaworld,False,200,1.786791856000491,1,0,1,149,1.0,task_success_while_recovery_active_per_intervention,False,True,object_dropped,full,0.2
ACT + RL Recovery,114,6000156,metaworld,True,56,0.5903422219998902,1,1,1,35,0.85,task_success_while_recovery_active_per_intervention,True,False,,full,0.2
ACT + RL Recovery,115,6000157,metaworld,False,200,1.243335676001152,1,0,1,150,0.9,task_success_while_recovery_active_per_intervention,False,True,timeout,full,0.2
ACT + RL Recovery,116,6000158,metaworld,True,61,0.14092342799995095,1,1,1,41,0.85,task_success_while_recovery_active_per_intervention,True,False,,full,0.2
ACT + RL Recovery,117,6000159,metaworld,True,49,0.13445935700110567,1,1,1,29,0.85,task_success_while_recovery_active_per_intervention,True,False,,full,0.2
ACT + RL Recovery,118,6000160,metaworld,True,61,0.34221302200057835,0,0,0,0,0.0,task_success_while_recovery_active_per_intervention,True,False,,full,0.2
ACT + RL Recovery,119,6000161,metaworld,True,60,0.1819165000015346,0,0,0,0,0.0,task_success_while_recovery_active_per_intervention,True,False,,full,0.2
ACT + RL Recovery,120,6000162,metaworld,True,67,0.45731362600054126,1,1,1,47,0.85,task_success_while_recovery_active_per_intervention,True,False,,full,0.2
ACT + RL Recovery,121,6000163,metaworld,True,64,0.5253551710011379,1,1,1,40,0.85,task_success_while_recovery_active_per_intervention,True,False,,full,0.2
ACT + RL Recovery,122,6000164,metaworld,True,47,0.39505530600035854,1,1,1,26,0.85,task_success_while_recovery_active_per_intervention,True,False,,full,0.2
ACT + RL Recovery,123,6000165,metaworld,True,66,0.491225071998997,1,1,1,44,0.85,task_success_while_recovery_active_per_intervention,True,False,,full,0.2
ACT + RL Recovery,124,6000166,metaworld,True,56,0.09763568699963798,1,1,1,36,0.85,task_success_while_recovery_active_per_intervention,True,False,,full,0.2
ACT + RL Recovery,125,6000167,metaworld,True,65,0.14613939099945128,1,1,1,45,0.85,task_success_while_recovery_active_per_intervention,True,False,,full,0.2
ACT + RL Recovery,126,6000168,metaworld,False,200,1.3736833879993355,1,0,1,150,0.9,task_success_while_recovery_active_per_intervention,False,True,timeout,full,0.2
ACT + RL Recovery,127,6000169,metaworld,True,64,0.4790242879989819,1,1,1,44,0.85,task_success_while_recovery_active_per_intervention,True,False,,full,0.2
ACT + RL Recovery,128,6000170,metaworld,True,54,0.4275032449986611,1,1,1,34,0.85,task_success_while_recovery_active_per_intervention,True,False,,full,0.2
ACT + RL Recovery,129,6000171,metaworld,True,51,0.551553622000938,1,1,1,31,0.85,task_success_while_recovery_active_per_intervention,True,False,,full,0.2
ACT + RL Recovery,130,6000172,metaworld,True,53,0.39393201699931524,1,1,1,33,0.85,task_success_while_recovery_active_per_intervention,True,False,,full,0.2
ACT + RL Recovery,131,6000173,metaworld,True,45,0.14153421000082744,0,0,0,0,0.0,task_success_while_recovery_active_per_intervention,True,False,,full,0.2
ACT + RL Recovery,132,6000174,metaworld,True,56,0.18219773300006636,0,0,0,0,0.0,task_success_while_recovery_active_per_intervention,True,False,,full,0.2
ACT + RL Recovery,133,6000175,metaworld,True,58,0.12518631599959917,1,1,1,36,0.85,task_success_while_recovery_active_per_intervention,True,False,,full,0.2
ACT + RL Recovery,134,6000176,metaworld,True,52,0.3464774240001134,1,1,1,32,0.85,task_success_while_recovery_active_per_intervention,True,False,,full,0.2
ACT + RL Recovery,135,6000177,metaworld,False,200,1.2835595140004443,1,0,1,150,0.9,task_success_while_recovery_active_per_intervention,False,True,timeout,full,0.2
ACT + RL Recovery,136,6000178,metaworld,True,53,0.5034964900005434,1,1,1,33,0.85,task_success_while_recovery_active_per_intervention,True,False,,full,0.2
ACT + RL Recovery,137,6000179,metaworld,True,62,0.6476094590016146,1,1,1,42,0.85,task_success_while_recovery_active_per_intervention,True,False,,full,0.2
ACT + RL Recovery,138,6000180,metaworld,True,66,0.21037742600128695,1,1,1,46,0.85,task_success_while_recovery_active_per_intervention,True,False,,full,0.2
ACT + RL Recovery,139,6000181,metaworld,False,200,0.45617853899966576,1,0,1,150,0.9,task_success_while_recovery_active_per_intervention,False,True,timeout,full,0.2
ACT + RL Recovery,140,6000182,metaworld,True,54,0.4422005510004965,1,1,1,34,0.85,task_success_while_recovery_active_per_intervention,True,False,,full,0.2
ACT + RL Recovery,141,6000183,metaworld,True,61,0.5838430839994544,1,1,1,38,0.85,task_success_while_recovery_active_per_intervention,True,False,,full,0.2
ACT + RL Recovery,142,6000184,metaworld,True,50,0.30059152799913136,0,0,0,0,0.0,task_success_while_recovery_active_per_intervention,True,False,,full,0.2
ACT + RL Recovery,143,6000185,metaworld,True,54,0.574979656999858,1,1,1,34,0.85,task_success_while_recovery_active_per_intervention,True,False,,full,0.2
ACT + RL Recovery,144,6000186,metaworld,True,54,0.5061042109991831,1,1,1,34,0.85,task_success_while_recovery_active_per_intervention,True,False,,full,0.2
ACT + RL Recovery,145,6000187,metaworld,True,52,0.25297350799883134,1,1,1,32,0.85,task_success_while_recovery_active_per_intervention,True,False,,full,0.2
ACT + RL Recovery,146,6000188,metaworld,True,57,0.18066032500064466,0,0,0,0,0.0,task_success_while_recovery_active_per_intervention,True,False,,full,0.2
ACT + RL Recovery,147,6000189,metaworld,True,77,0.29633193200061214,1,1,1,55,0.85,task_success_while_recovery_active_per_intervention,True,False,,full,0.2
ACT + RL Recovery,148,6000190,metaworld,True,50,0.5281188150001981,1,1,1,28,0.85,task_success_while_recovery_active_per_intervention,True,False,,full,0.2
ACT + RL Recovery,149,6000191,metaworld,True,55,0.5965264050009864,1,1,1,35,0.85,task_success_while_recovery_active_per_intervention,True,False,,full,0.2
ACT + RL Recovery,150,6000192,metaworld,False,200,1.583954204001202,1,0,1,150,1.0,task_success_while_recovery_active_per_intervention,False,True,timeout,full,0.2
ACT + RL Recovery,151,6000193,metaworld,True,53,0.1181231549999211,1,1,1,33,0.85,task_success_while_recovery_active_per_intervention,True,False,,full,0.2
ACT + RL Recovery,152,6000194,metaworld,True,53,0.2483614739994664,0,0,0,0,0.0,task_success_while_recovery_active_per_intervention,True,False,,full,0.2
ACT + RL Recovery,153,6000195,metaworld,True,53,0.5094299259999389,1,1,1,33,0.85,task_success_while_recovery_active_per_intervention,True,False,,full,0.2
ACT + RL Recovery,154,6000196,metaworld,False,200,1.641218853999817,1,0,1,144,1.0,task_success_while_recovery_active_per_intervention,False,True,object_dropped,full,0.2
ACT + RL Recovery,155,6000197,metaworld,False,200,1.7955112969993934,1,0,1,150,0.9,task_success_while_recovery_active_per_intervention,False,True,timeout,full,0.2
ACT + RL Recovery,156,6000198,metaworld,True,54,0.459195526998883,1,1,1,45,1.0,task_success_while_recovery_active_per_intervention,True,False,,full,0.2
ACT + RL Recovery,157,6000199,metaworld,True,60,0.3834585139993578,0,0,0,0,0.0,task_success_while_recovery_active_per_intervention,True,False,,full,0.2
ACT + RL Recovery,158,6000200,metaworld,True,55,0.481820663999315,0,0,0,0,0.0,task_success_while_recovery_active_per_intervention,True,False,,full,0.2
ACT + RL Recovery,159,6000201,metaworld,True,50,0.3656314280015067,1,1,1,30,0.85,task_success_while_recovery_active_per_intervention,True,False,,full,0.2
ACT + RL Recovery,160,6000202,metaworld,True,52,0.41300215199953527,1,1,1,32,0.85,task_success_while_recovery_active_per_intervention,True,False,,full,0.2
ACT + RL Recovery,161,6000203,metaworld,False,200,1.771498617999896,1,0,1,150,1.0,task_success_while_recovery_active_per_intervention,False,True,object_dropped,full,0.2
ACT + RL Recovery,162,6000204,metaworld,True,52,0.34332393300064723,1,1,1,31,0.85,task_success_while_recovery_active_per_intervention,True,False,,full,0.2
ACT + RL Recovery,163,6000205,metaworld,False,200,1.7618263300009858,1,0,1,150,0.9,task_success_while_recovery_active_per_intervention,False,True,timeout,full,0.2
ACT + RL Recovery,164,6000206,metaworld,True,50,0.1711669920005079,0,0,0,0,0.0,task_success_while_recovery_active_per_intervention,True,False,,full,0.2
ACT + RL Recovery,165,6000207,metaworld,True,58,0.47901890499997535,1,1,1,38,0.85,task_success_while_recovery_active_per_intervention,True,False,,full,0.2
ACT + RL Recovery,166,6000208,metaworld,True,51,0.3594772540000122,1,1,1,31,0.85,task_success_while_recovery_active_per_intervention,True,False,,full,0.2
ACT + RL Recovery,167,6000209,metaworld,True,53,0.4460080810004001,1,1,1,33,0.85,task_success_while_recovery_active_per_intervention,True,False,,full,0.2
ACT + RL Recovery,168,6000210,metaworld,True,52,0.16866371799915214,0,0,0,0,0.0,task_success_while_recovery_active_per_intervention,True,False,,full,0.2
ACT + RL Recovery,169,6000211,metaworld,False,200,0.6158122369997727,1,0,1,150,0.9,task_success_while_recovery_active_per_intervention,False,True,timeout,full,0.2
ACT + RL Recovery,170,6000212,metaworld,True,54,0.46882298399941646,1,1,1,34,0.85,task_success_while_recovery_active_per_intervention,True,False,,full,0.2
ACT + RL Recovery,171,6000213,metaworld,True,49,0.3011264579999988,1,1,1,29,0.85,task_success_while_recovery_active_per_intervention,True,False,,full,0.2
ACT + RL Recovery,172,6000214,metaworld,True,58,0.4703699700003199,1,1,1,37,0.85,task_success_while_recovery_active_per_intervention,True,False,,full,0.2
ACT + RL Recovery,173,6000215,metaworld,False,200,1.6223428180001065,1,0,1,150,0.85,task_success_while_recovery_active_per_intervention,False,True,timeout,full,0.2
ACT + RL Recovery,174,6000216,metaworld,True,53,0.6485380190006254,1,1,1,32,0.85,task_success_while_recovery_active_per_intervention,True,False,,full,0.2
ACT + RL Recovery,175,6000217,metaworld,True,52,0.4796075109989033,1,1,1,32,0.85,task_success_while_recovery_active_per_intervention,True,False,,full,0.2
ACT + RL Recovery,176,6000218,metaworld,True,50,0.3215523310009303,1,1,1,30,0.85,task_success_while_recovery_active_per_intervention,True,False,,full,0.2
ACT + RL Recovery,177,6000219,metaworld,True,58,0.09344771799987939,1,1,1,38,0.85,task_success_while_recovery_active_per_intervention,True,False,,full,0.2
ACT + RL Recovery,178,6000220,metaworld,False,200,0.39272799199898145,1,0,1,150,1.0,task_success_while_recovery_active_per_intervention,False,True,object_dropped,full,0.2
ACT + RL Recovery,179,6000221,metaworld,True,60,0.565544584998861,1,1,1,39,0.85,task_success_while_recovery_active_per_intervention,True,False,,full,0.2
ACT + RL Recovery,180,6000222,metaworld,True,51,0.45265723599914054,1,1,1,28,0.85,task_success_while_recovery_active_per_intervention,True,False,,full,0.2
ACT + RL Recovery,181,6000223,metaworld,True,51,0.4556639279999217,1,1,1,30,0.85,task_success_while_recovery_active_per_intervention,True,False,,full,0.2
ACT + RL Recovery,182,6000224,metaworld,True,59,0.2473267940004007,0,0,0,0,0.0,task_success_while_recovery_active_per_intervention,True,False,,full,0.2
ACT + RL Recovery,183,6000225,metaworld,True,47,0.2740115690012317,1,1,1,27,0.85,task_success_while_recovery_active_per_intervention,True,False,,full,0.2
ACT + RL Recovery,184,6000226,metaworld,True,54,0.3842651989998558,1,1,1,34,0.85,task_success_while_recovery_active_per_intervention,True,False,,full,0.2
ACT + RL Recovery,185,6000227,metaworld,True,62,0.47167549100049655,1,1,1,39,0.85,task_success_while_recovery_active_per_intervention,True,False,,full,0.2
ACT + RL Recovery,186,6000228,metaworld,True,58,0.33677105700007814,0,0,0,0,0.0,task_success_while_recovery_active_per_intervention,True,False,,full,0.2
ACT + RL Recovery,187,6000229,metaworld,True,52,0.10901623700010532,1,1,1,32,0.85,task_success_while_recovery_active_per_intervention,True,False,,full,0.2
ACT + RL Recovery,188,6000230,metaworld,True,57,0.12860790400009137,1,1,1,37,0.85,task_success_while_recovery_active_per_intervention,True,False,,full,0.2
ACT + RL Recovery,189,6000231,metaworld,True,60,0.11448945200027083,1,1,1,40,0.85,task_success_while_recovery_active_per_intervention,True,False,,full,0.2
ACT + RL Recovery,190,6000232,metaworld,True,56,0.09617034700022487,1,1,1,36,0.85,task_success_while_recovery_active_per_intervention,True,False,,full,0.2
ACT + RL Recovery,191,6000233,metaworld,True,53,0.14666551899972546,0,0,0,0,0.0,task_success_while_recovery_active_per_intervention,True,False,,full,0.2
ACT + RL Recovery,192,6000234,metaworld,True,55,0.15344031200038444,0,0,0,0,0.0,task_success_while_recovery_active_per_intervention,True,False,,full,0.2
ACT + RL Recovery,193,6000235,metaworld,True,51,0.09109120600078313,1,1,1,31,0.85,task_success_while_recovery_active_per_intervention,True,False,,full,0.2
ACT + RL Recovery,194,6000236,metaworld,True,58,0.09703472600085661,1,1,1,38,0.85,task_success_while_recovery_active_per_intervention,True,False,,full,0.2
ACT + RL Recovery,195,6000237,metaworld,True,51,0.0890859660012211,1,1,1,31,0.85,task_success_while_recovery_active_per_intervention,True,False,,full,0.2
ACT + RL Recovery,196,6000238,metaworld,True,51,0.08744003799984057,1,1,1,31,0.85,task_success_while_recovery_active_per_intervention,True,False,,full,0.2
ACT + RL Recovery,197,6000239,metaworld,True,58,0.15937191100056225,0,0,0,0,0.0,task_success_while_recovery_active_per_intervention,True,False,,full,0.2
ACT + RL Recovery,198,6000240,metaworld,True,53,0.41209157899902493,1,1,1,31,0.85,task_success_while_recovery_active_per_intervention,True,False,,full,0.2
ACT + RL Recovery,199,6000241,metaworld,True,62,0.5779795389989886,1,1,1,42,0.85,task_success_while_recovery_active_per_intervention,True,False,,full,0.2
ACT + RL Recovery,200,6000242,metaworld,False,200,1.8532240099993942,1,0,1,150,1.0,task_success_while_recovery_active_per_intervention,False,True,object_dropped,full,0.2
ACT + RL Recovery,201,6000243,metaworld,True,66,0.4398446600007446,1,1,1,44,0.85,task_success_while_recovery_active_per_intervention,True,False,,full,0.2
ACT + RL Recovery,202,6000244,metaworld,True,52,0.2713704220004729,0,0,0,0,0.0,task_success_while_recovery_active_per_intervention,True,False,,full,0.2
ACT + RL Recovery,203,6000245,metaworld,True,66,0.2155179279998265,1,1,1,46,0.85,task_success_while_recovery_active_per_intervention,True,False,,full,0.2
ACT + RL Recovery,204,6000246,metaworld,False,200,1.2920789319996402,1,0,1,150,0.9,task_success_while_recovery_active_per_intervention,False,True,timeout,full,0.2
ACT + RL Recovery,205,6000247,metaworld,True,49,0.2254073279982549,0,0,0,0,0.0,task_success_while_recovery_active_per_intervention,True,False,,full,0.2
ACT + RL Recovery,206,6000248,metaworld,False,200,0.7938827220004896,1,0,1,108,1.0,task_success_while_recovery_active_per_intervention,False,True,timeout,full,0.2
ACT + RL Recovery,207,6000249,metaworld,True,66,0.2789171009990241,1,1,1,46,0.85,task_success_while_recovery_active_per_intervention,True,False,,full,0.2
ACT + RL Recovery,208,6000250,metaworld,True,54,0.49289359800059174,1,1,1,34,0.85,task_success_while_recovery_active_per_intervention,True,False,,full,0.2
ACT + RL Recovery,209,6000251,metaworld,True,51,0.08910674399885465,1,1,1,31,0.85,task_success_while_recovery_active_per_intervention,True,False,,full,0.2
ACT + RL Recovery,210,6000252,metaworld,True,49,0.08284515299965278,1,1,1,29,0.85,task_success_while_recovery_active_per_intervention,True,False,,full,0.2
ACT + RL Recovery,211,6000253,metaworld,True,46,0.16749517599964747,1,1,1,25,0.85,task_success_while_recovery_active_per_intervention,True,False,,full,0.2
ACT + RL Recovery,212,6000254,metaworld,True,57,0.09879090200047358,1,1,1,37,0.85,task_success_while_recovery_active_per_intervention,True,False,,full,0.2
ACT + RL Recovery,213,6000255,metaworld,True,52,0.08863365000070189,1,1,1,32,0.85,task_success_while_recovery_active_per_intervention,True,False,,full,0.2
ACT + RL Recovery,214,6000256,metaworld,True,64,0.09880910599895287,1,1,1,44,0.85,task_success_while_recovery_active_per_intervention,True,False,,full,0.2
ACT + RL Recovery,215,6000257,metaworld,True,54,0.08608491599989065,1,1,1,34,0.85,task_success_while_recovery_active_per_intervention,True,False,,full,0.2
ACT + RL Recovery,216,6000258,metaworld,True,53,0.08647417000065616,1,1,1,33,0.85,task_success_while_recovery_active_per_intervention,True,False,,full,0.2
ACT + RL Recovery,217,6000259,metaworld,True,54,0.08674082100151281,1,1,1,34,0.85,task_success_while_recovery_active_per_intervention,True,False,,full,0.2
ACT + RL Recovery,218,6000260,metaworld,False,200,0.41139003399985086,1,0,1,150,0.9,task_success_while_recovery_active_per_intervention,False,True,timeout,full,0.2
ACT + RL Recovery,219,6000261,metaworld,True,55,0.1208857639994676,1,1,1,35,0.85,task_success_while_recovery_active_per_intervention,True,False,,full,0.2
ACT + RL Recovery,220,6000262,metaworld,True,46,0.3442687050010136,1,1,1,26,0.85,task_success_while_recovery_active_per_intervention,True,False,,full,0.2
ACT + RL Recovery,221,6000263,metaworld,True,61,0.6167154579998169,1,1,1,41,0.85,task_success_while_recovery_active_per_intervention,True,False,,full,0.2
ACT + RL Recovery,222,6000264,metaworld,True,50,0.2352460699985386,1,1,1,30,0.85,task_success_while_recovery_active_per_intervention,True,False,,full,0.2
ACT + RL Recovery,223,6000265,metaworld,True,53,0.31168925400015723,1,1,1,33,0.85,task_success_while_recovery_active_per_intervention,True,False,,full,0.2
ACT + RL Recovery,224,6000266,metaworld,True,58,0.23620013799882145,0,0,0,0,0.0,task_success_while_recovery_active_per_intervention,True,False,,full,0.2
ACT + RL Recovery,225,6000267,metaworld,True,52,0.4825213709991658,1,1,1,32,0.85,task_success_while_recovery_active_per_intervention,True,False,,full,0.2
ACT + RL Recovery,226,6000268,metaworld,True,56,0.4008151039997756,1,1,1,36,0.85,task_success_while_recovery_active_per_intervention,True,False,,full,0.2
ACT + RL Recovery,227,6000269,metaworld,True,55,0.28696570200008864,0,0,0,0,0.0,task_success_while_recovery_active_per_intervention,True,False,,full,0.2
ACT + RL Recovery,228,6000270,metaworld,True,53,0.21160184300060791,0,0,0,0,0.0,task_success_while_recovery_active_per_intervention,True,False,,full,0.2
ACT + RL Recovery,229,6000271,metaworld,True,52,0.12709423700107436,0,0,0,0,0.0,task_success_while_recovery_active_per_intervention,True,False,,full,0.2
ACT + RL Recovery,230,6000272,metaworld,True,56,0.15786648100038292,1,1,1,47,1.0,task_success_while_recovery_active_per_intervention,True,False,,full,0.2
ACT + RL Recovery,231,6000273,metaworld,True,53,0.34172535099969537,1,1,1,43,1.0,task_success_while_recovery_active_per_intervention,True,False,,full,0.2
ACT + RL Recovery,232,6000274,metaworld,True,58,0.3440561360002903,1,1,1,38,0.85,task_success_while_recovery_active_per_intervention,True,False,,full,0.2
ACT + RL Recovery,233,6000275,metaworld,True,56,0.2058430960005353,1,1,1,32,0.85,task_success_while_recovery_active_per_intervention,True,False,,full,0.2
ACT + RL Recovery,234,6000276,metaworld,False,200,0.7985040740004479,1,0,1,150,1.0,task_success_while_recovery_active_per_intervention,False,True,object_dropped,full,0.2
ACT + RL Recovery,235,6000277,metaworld,False,200,0.5070392199995695,1,0,1,150,1.0,task_success_while_recovery_active_per_intervention,False,True,object_dropped,full,0.2
ACT + RL Recovery,236,6000278,metaworld,True,49,0.2711381019998953,1,1,1,29,0.85,task_success_while_recovery_active_per_intervention,True,False,,full,0.2
ACT + RL Recovery,237,6000279,metaworld,True,55,0.29511420100061514,0,0,0,0,0.0,task_success_while_recovery_active_per_intervention,True,False,,full,0.2
ACT + RL Recovery,238,6000280,metaworld,True,53,0.5662838459993509,1,1,1,33,0.85,task_success_while_recovery_active_per_intervention,True,False,,full,0.2
ACT + RL Recovery,239,6000281,metaworld,True,53,0.13624082899877976,1,1,1,32,0.85,task_success_while_recovery_active_per_intervention,True,False,,full,0.2
ACT + RL Recovery,240,6000282,metaworld,True,49,0.12175814799957152,0,0,0,0,0.0,task_success_while_recovery_active_per_intervention,True,False,,full,0.2
ACT + RL Recovery,241,6000283,metaworld,False,200,1.567682352000702,1,0,1,150,0.9,task_success_while_recovery_active_per_intervention,False,True,timeout,full,0.2
ACT + RL Recovery,242,6000284,metaworld,False,200,0.49121491799996875,1,0,1,138,1.0,task_success_while_recovery_active_per_intervention,False,True,object_dropped,full,0.2
ACT + RL Recovery,243,6000285,metaworld,True,49,0.16212490999896545,1,1,1,29,0.85,task_success_while_recovery_active_per_intervention,True,False,,full,0.2
ACT + RL Recovery,244,6000286,metaworld,True,53,0.08449539400135109,1,1,1,33,0.85,task_success_while_recovery_active_per_intervention,True,False,,full,0.2
ACT + RL Recovery,245,6000287,metaworld,True,56,0.6915174469995691,1,1,1,33,0.85,task_success_while_recovery_active_per_intervention,True,False,,full,0.2
ACT + RL Recovery,246,6000288,metaworld,True,55,0.2931454559984559,0,0,0,0,0.0,task_success_while_recovery_active_per_intervention,True,False,,full,0.2
ACT + RL Recovery,247,6000289,metaworld,True,54,0.40132407500095724,0,0,0,0,0.0,task_success_while_recovery_active_per_intervention,True,False,,full,0.2
ACT + RL Recovery,248,6000290,metaworld,False,200,1.4362608740011638,1,0,1,150,1.0,task_success_while_recovery_active_per_intervention,False,True,object_dropped,full,0.2
ACT + RL Recovery,249,6000291,metaworld,True,51,0.22839217700129666,1,1,1,31,0.85,task_success_while_recovery_active_per_intervention,True,False,,full,0.2
ACT + RL Recovery,250,6000292,metaworld,True,60,0.6515557489983621,1,1,1,40,0.85,task_success_while_recovery_active_per_intervention,True,False,,full,0.2
ACT + RL Recovery,251,6000293,metaworld,True,50,0.5040216669985966,1,1,1,30,0.85,task_success_while_recovery_active_per_intervention,True,False,,full,0.2
ACT + RL Recovery,252,6000294,metaworld,True,52,0.3633113249998132,0,0,0,0,0.0,task_success_while_recovery_active_per_intervention,True,False,,full,0.2
ACT + RL Recovery,253,6000295,metaworld,True,56,0.6002433049980027,1,1,1,36,0.85,task_success_while_recovery_active_per_intervention,True,False,,full,0.2
ACT + RL Recovery,254,6000296,metaworld,True,60,0.6596399129994097,1,1,1,40,0.85,task_success_while_recovery_active_per_intervention,True,False,,full,0.2
ACT + RL Recovery,255,6000297,metaworld,True,61,0.5544514110006276,1,1,1,41,0.85,task_success_while_recovery_active_per_intervention,True,False,,full,0.2
ACT + RL Recovery,256,6000298,metaworld,True,55,0.4615368330014462,1,1,1,33,0.85,task_success_while_recovery_active_per_intervention,True,False,,full,0.2
ACT + RL Recovery,257,6000299,metaworld,True,49,0.161134686000878,0,0,0,0,0.0,task_success_while_recovery_active_per_intervention,True,False,,full,0.2
ACT + RL Recovery,258,6000300,metaworld,True,52,0.4957229040010134,1,1,1,32,0.85,task_success_while_recovery_active_per_intervention,True,False,,full,0.2
ACT + RL Recovery,259,6000301,metaworld,False,200,1.911427361999813,1,0,1,133,1.0,task_success_while_recovery_active_per_intervention,False,True,timeout,full,0.2
ACT + RL Recovery,260,6000302,metaworld,True,48,0.30149093399813864,1,1,1,27,0.85,task_success_while_recovery_active_per_intervention,True,False,,full,0.2
ACT + RL Recovery,261,6000303,metaworld,True,55,0.09800885699951323,1,1,1,35,0.85,task_success_while_recovery_active_per_intervention,True,False,,full,0.2
ACT + RL Recovery,262,6000304,metaworld,True,54,0.27589586799877,0,0,0,0,0.0,task_success_while_recovery_active_per_intervention,True,False,,full,0.2
ACT + RL Recovery,263,6000305,metaworld,True,58,0.7186740309989545,1,1,1,38,0.85,task_success_while_recovery_active_per_intervention,True,False,,full,0.2
ACT + RL Recovery,264,6000306,metaworld,True,45,0.17704568300177925,0,0,0,0,0.0,task_success_while_recovery_active_per_intervention,True,False,,full,0.2
ACT + RL Recovery,265,6000307,metaworld,True,46,0.3398582330009958,1,1,1,25,0.85,task_success_while_recovery_active_per_intervention,True,False,,full,0.2
ACT + RL Recovery,266,6000308,metaworld,True,60,0.3203236029985419,0,0,0,0,0.0,task_success_while_recovery_active_per_intervention,True,False,,full,0.2
ACT + RL Recovery,267,6000309,metaworld,True,52,0.12987916099882568,1,1,1,32,0.85,task_success_while_recovery_active_per_intervention,True,False,,full,0.2
ACT + RL Recovery,268,6000310,metaworld,False,200,2.204847796998365,1,0,1,140,1.0,task_success_while_recovery_active_per_intervention,False,True,object_dropped,full,0.2
ACT + RL Recovery,269,6000311,metaworld,True,49,0.7485264349998033,1,1,1,29,0.85,task_success_while_recovery_active_per_intervention,True,False,,full,0.2
ACT + RL Recovery,270,6000312,metaworld,True,60,0.33065740700112656,0,0,0,0,0.0,task_success_while_recovery_active_per_intervention,True,False,,full,0.2
ACT + RL Recovery,271,6000313,metaworld,True,52,0.5237812890009081,1,1,1,30,0.85,task_success_while_recovery_active_per_intervention,True,False,,full,0.2
ACT + RL Recovery,272,6000314,metaworld,True,53,0.4153705850003462,0,0,0,0,0.0,task_success_while_recovery_active_per_intervention,True,False,,full,0.2
ACT + RL Recovery,273,6000315,metaworld,True,58,0.43125135399895953,1,1,1,38,0.85,task_success_while_recovery_active_per_intervention,True,False,,full,0.2
ACT + RL Recovery,274,6000316,metaworld,True,51,0.6021957720004139,1,1,1,29,0.85,task_success_while_recovery_active_per_intervention,True,False,,full,0.2
ACT + RL Recovery,275,6000317,metaworld,True,59,0.7111157139988791,1,1,1,39,0.85,task_success_while_recovery_active_per_intervention,True,False,,full,0.2
ACT + RL Recovery,276,6000318,metaworld,True,50,0.21634675899986178,0,0,0,0,0.0,task_success_while_recovery_active_per_intervention,True,False,,full,0.2
ACT + RL Recovery,277,6000319,metaworld,True,56,0.4361739390005823,1,1,1,33,0.85,task_success_while_recovery_active_per_intervention,True,False,,full,0.2
ACT + RL Recovery,278,6000320,metaworld,True,54,0.5609224950021598,1,1,1,34,0.85,task_success_while_recovery_active_per_intervention,True,False,,full,0.2
ACT + RL Recovery,279,6000321,metaworld,True,63,0.7649836460004735,1,1,1,43,0.85,task_success_while_recovery_active_per_intervention,True,False,,full,0.2
ACT + RL Recovery,280,6000322,metaworld,True,51,0.780030327001441,1,1,1,42,1.0,task_success_while_recovery_active_per_intervention,True,False,,full,0.2
ACT + RL Recovery,281,6000323,metaworld,False,200,2.168165915998543,1,0,1,150,1.0,task_success_while_recovery_active_per_intervention,False,True,object_dropped,full,0.2
ACT + RL Recovery,282,6000324,metaworld,True,56,0.8732810050023545,1,1,1,36,0.85,task_success_while_recovery_active_per_intervention,True,False,,full,0.2
ACT + RL Recovery,283,6000325,metaworld,True,54,0.5543163690017536,1,1,1,34,0.85,task_success_while_recovery_active_per_intervention,True,False,,full,0.2
ACT + RL Recovery,284,6000326,metaworld,True,48,0.4583454819985491,1,1,1,26,0.85,task_success_while_recovery_active_per_intervention,True,False,,full,0.2
ACT + RL Recovery,285,6000327,metaworld,True,55,0.4589967499996419,1,1,1,34,0.85,task_success_while_recovery_active_per_intervention,True,False,,full,0.2
ACT + RL Recovery,286,6000328,metaworld,True,59,0.7188204759986547,1,1,1,39,0.9,task_success_while_recovery_active_per_intervention,True,False,,full,0.2
ACT + RL Recovery,287,6000329,metaworld,True,51,0.4888249690011435,1,1,1,31,0.85,task_success_while_recovery_active_per_intervention,True,False,,full,0.2
ACT + RL Recovery,288,6000330,metaworld,True,56,0.19036710000000312,0,0,0,0,0.0,task_success_while_recovery_active_per_intervention,True,False,,full,0.2
ACT + RL Recovery,289,6000331,metaworld,True,56,0.1807702510013769,0,0,0,0,0.0,task_success_while_recovery_active_per_intervention,True,False,,full,0.2
ACT + RL Recovery,290,6000332,metaworld,True,50,0.26606542999797966,0,0,0,0,0.0,task_success_while_recovery_active_per_intervention,True,False,,full,0.2
ACT + RL Recovery,291,6000333,metaworld,True,58,0.5229973579989746,1,1,1,38,0.85,task_success_while_recovery_active_per_intervention,True,False,,full,0.2
ACT + RL Recovery,292,6000334,metaworld,True,55,0.5229770420010027,1,1,1,35,0.85,task_success_while_recovery_active_per_intervention,True,False,,full,0.2
ACT + RL Recovery,293,6000335,metaworld,True,54,0.32506060900050215,1,1,1,34,0.85,task_success_while_recovery_active_per_intervention,True,False,,full,0.2
ACT + RL Recovery,294,6000336,metaworld,True,55,0.4647351690000505,1,1,1,35,0.85,task_success_while_recovery_active_per_intervention,True,False,,full,0.2
ACT + RL Recovery,295,6000337,metaworld,True,55,0.4098777549988881,0,0,0,0,0.0,task_success_while_recovery_active_per_intervention,True,False,,full,0.2
ACT + RL Recovery,296,6000338,metaworld,True,62,0.3426030990012805,1,1,1,42,0.85,task_success_while_recovery_active_per_intervention,True,False,,full,0.2
ACT + RL Recovery,297,6000339,metaworld,True,55,0.2665985970015754,0,0,0,0,0.0,task_success_while_recovery_active_per_intervention,True,False,,full,0.2
ACT + RL Recovery,298,6000340,metaworld,True,57,0.16734320400064462,0,0,0,0,0.0,task_success_while_recovery_active_per_intervention,True,False,,full,0.2
ACT + RL Recovery,299,6000341,metaworld,True,61,0.549273433000053,1,1,1,41,0.85,task_success_while_recovery_active_per_intervention,True,False,,full,0.2
ACT + RL Recovery,300,6000342,metaworld,True,55,0.31418995299827657,1,1,1,34,0.85,task_success_while_recovery_active_per_intervention,True,False,,full,0.2
ACT + RL Recovery,301,6000343,metaworld,True,59,0.3011573870026041,1,1,1,39,0.85,task_success_while_recovery_active_per_intervention,True,False,,full,0.2
ACT + RL Recovery,302,6000344,metaworld,True,54,0.1930802839997341,0,0,0,0,0.0,task_success_while_recovery_active_per_intervention,True,False,,full,0.2
ACT + RL Recovery,303,6000345,metaworld,True,57,0.6913622230022156,1,1,1,48,1.0,task_success_while_recovery_active_per_intervention,True,False,,full,0.2
ACT + RL Recovery,304,6000346,metaworld,True,62,0.8446165929999552,1,1,1,39,0.85,task_success_while_recovery_active_per_intervention,True,False,,full,0.2
ACT + RL Recovery,305,6000347,metaworld,True,56,0.6042456670002139,1,1,1,36,0.85,task_success_while_recovery_active_per_intervention,True,False,,full,0.2
ACT + RL Recovery,306,6000348,metaworld,True,66,0.3664257570017071,1,1,1,46,0.85,task_success_while_recovery_active_per_intervention,True,False,,full,0.2
ACT + RL Recovery,307,6000349,metaworld,True,54,0.18378310100160888,0,0,0,0,0.0,task_success_while_recovery_active_per_intervention,True,False,,full,0.2
ACT + RL Recovery,308,6000350,metaworld,True,57,0.36372046199903707,1,1,1,37,0.85,task_success_while_recovery_active_per_intervention,True,False,,full,0.2
ACT + RL Recovery,309,6000351,metaworld,True,55,0.2807796540000709,0,0,0,0,0.0,task_success_while_recovery_active_per_intervention,True,False,,full,0.2
ACT + RL Recovery,310,6000352,metaworld,True,82,0.3917355209996458,1,1,1,62,0.85,task_success_while_recovery_active_per_intervention,True,False,,full,0.2
ACT + RL Recovery,311,6000353,metaworld,True,54,0.2734973059996264,0,0,0,0,0.0,task_success_while_recovery_active_per_intervention,True,False,,full,0.2
ACT + RL Recovery,312,6000354,metaworld,True,54,0.18053256900020642,1,1,1,34,0.85,task_success_while_recovery_active_per_intervention,True,False,,full,0.2
ACT + RL Recovery,313,6000355,metaworld,True,58,0.31379549500343273,0,0,0,0,0.0,task_success_while_recovery_active_per_intervention,True,False,,full,0.2
ACT + RL Recovery,314,6000356,metaworld,True,56,0.3797219939988281,1,1,1,33,0.85,task_success_while_recovery_active_per_intervention,True,False,,full,0.2
ACT + RL Recovery,315,6000357,metaworld,True,56,0.4823774180003966,1,1,1,36,0.85,task_success_while_recovery_active_per_intervention,True,False,,full,0.2
ACT + RL Recovery,316,6000358,metaworld,True,54,0.5906110959986108,1,1,1,34,0.85,task_success_while_recovery_active_per_intervention,True,False,,full,0.2
ACT + RL Recovery,317,6000359,metaworld,True,60,0.64044281599854,1,1,1,40,0.85,task_success_while_recovery_active_per_intervention,True,False,,full,0.2
ACT + RL Recovery,318,6000360,metaworld,True,54,0.4057370490008907,1,1,1,33,0.85,task_success_while_recovery_active_per_intervention,True,False,,full,0.2
ACT + RL Recovery,319,6000361,metaworld,True,52,0.17374944599941955,1,1,1,32,0.85,task_success_while_recovery_active_per_intervention,True,False,,full,0.2
ACT + RL Recovery,320,6000362,metaworld,True,61,0.263240484000562,1,1,1,41,0.85,task_success_while_recovery_active_per_intervention,True,False,,full,0.2
ACT + RL Recovery,321,6000363,metaworld,True,57,0.14410522800244507,1,1,1,37,0.85,task_success_while_recovery_active_per_intervention,True,False,,full,0.2
ACT + RL Recovery,322,6000364,metaworld,True,53,0.15327480500127422,0,0,0,0,0.0,task_success_while_recovery_active_per_intervention,True,False,,full,0.2
ACT + RL Recovery,323,6000365,metaworld,True,58,0.37538279299769783,1,1,1,38,0.85,task_success_while_recovery_active_per_intervention,True,False,,full,0.2
ACT + RL Recovery,324,6000366,metaworld,True,51,0.6295872800001234,1,1,1,31,0.85,task_success_while_recovery_active_per_intervention,True,False,,full,0.2
ACT + RL Recovery,325,6000367,metaworld,True,57,0.3177388690019143,0,0,0,0,0.0,task_success_while_recovery_active_per_intervention,True,False,,full,0.2
ACT + RL Recovery,326,6000368,metaworld,True,55,0.5556691040001169,1,1,1,35,0.85,task_success_while_recovery_active_per_intervention,True,False,,full,0.2
ACT + RL Recovery,327,6000369,metaworld,True,56,0.5694612359984603,1,1,1,35,0.85,task_success_while_recovery_active_per_intervention,True,False,,full,0.2
ACT + RL Recovery,328,6000370,metaworld,False,200,2.1368298419984058,1,0,1,150,0.9,task_success_while_recovery_active_per_intervention,False,True,timeout,full,0.2
ACT + RL Recovery,329,6000371,metaworld,True,59,0.49855673300044145,1,1,1,39,0.85,task_success_while_recovery_active_per_intervention,True,False,,full,0.2
ACT + RL Recovery,330,6000372,metaworld,True,50,0.22662548200241872,1,1,1,30,0.85,task_success_while_recovery_active_per_intervention,True,False,,full,0.2
ACT + RL Recovery,331,6000373,metaworld,True,50,0.4424643670026853,1,1,1,30,0.85,task_success_while_recovery_active_per_intervention,True,False,,full,0.2
ACT + RL Recovery,332,6000374,metaworld,True,60,0.5675549150000734,1,1,1,40,0.85,task_success_while_recovery_active_per_intervention,True,False,,full,0.2
ACT + RL Recovery,333,6000375,metaworld,False,200,2.0174068479973357,1,0,1,150,0.9,task_success_while_recovery_active_per_intervention,False,True,timeout,full,0.2
ACT + RL Recovery,334,6000376,metaworld,True,52,0.5043959939976048,1,1,1,30,0.85,task_success_while_recovery_active_per_intervention,True,False,,full,0.2
ACT + RL Recovery,335,6000377,metaworld,True,57,0.640300834998925,1,1,1,37,0.85,task_success_while_recovery_active_per_intervention,True,False,,full,0.2
ACT + RL Recovery,336,6000378,metaworld,False,200,1.6752481350013113,1,0,1,150,0.9,task_success_while_recovery_active_per_intervention,False,True,timeout,full,0.2
ACT + RL Recovery,337,6000379,metaworld,True,53,0.7582409179995011,1,1,1,33,0.85,task_success_while_recovery_active_per_intervention,True,False,,full,0.2
ACT + RL Recovery,338,6000380,metaworld,True,56,0.6865068560000509,1,1,1,35,0.85,task_success_while_recovery_active_per_intervention,True,False,,full,0.2
ACT + RL Recovery,339,6000381,metaworld,True,55,0.24989964099950157,0,0,0,0,0.0,task_success_while_recovery_active_per_intervention,True,False,,full,0.2
ACT + RL Recovery,340,6000382,metaworld,True,57,0.22298892400067416,1,1,1,37,0.85,task_success_while_recovery_active_per_intervention,True,False,,full,0.2
ACT + RL Recovery,341,6000383,metaworld,True,55,0.18705600699831848,0,0,0,0,0.0,task_success_while_recovery_active_per_intervention,True,False,,full,0.2
ACT + RL Recovery,342,6000384,metaworld,True,60,0.6763394869994954,1,1,1,40,0.85,task_success_while_recovery_active_per_intervention,True,False,,full,0.2
ACT + RL Recovery,343,6000385,metaworld,True,53,0.3721390889986651,1,1,1,33,0.85,task_success_while_recovery_active_per_intervention,True,False,,full,0.2
ACT + RL Recovery,344,6000386,metaworld,True,57,0.26341182499891147,0,0,0,0,0.0,task_success_while_recovery_active_per_intervention,True,False,,full,0.2
ACT + RL Recovery,345,6000387,metaworld,True,55,0.2825893549998,0,0,0,0,0.0,task_success_while_recovery_active_per_intervention,True,False,,full,0.2
ACT + RL Recovery,346,6000388,metaworld,True,52,0.7305259460008529,1,1,1,32,0.85,task_success_while_recovery_active_per_intervention,True,False,,full,0.2
ACT + RL Recovery,347,6000389,metaworld,True,60,0.6624482849983906,0,0,0,0,0.0,task_success_while_recovery_active_per_intervention,True,False,,full,0.2
ACT + RL Recovery,348,6000390,metaworld,True,51,0.27981385899693123,0,0,0,0,0.0,task_success_while_recovery_active_per_intervention,True,False,,full,0.2
ACT + RL Recovery,349,6000391,metaworld,False,200,1.8046969619972515,1,0,1,150,0.9,task_success_while_recovery_active_per_intervention,False,True,timeout,full,0.2
ACT + RL Recovery,350,6000392,metaworld,True,53,0.7341591720032739,1,1,1,33,0.85,task_success_while_recovery_active_per_intervention,True,False,,full,0.2
ACT + RL Recovery,351,6000393,metaworld,True,60,0.6933405470008438,1,1,1,40,0.85,task_success_while_recovery_active_per_intervention,True,False,,full,0.2
ACT + RL Recovery,352,6000394,metaworld,True,53,0.39378462699824013,1,1,1,33,0.85,task_success_while_recovery_active_per_intervention,True,False,,full,0.2
ACT + RL Recovery,353,6000395,metaworld,True,49,0.7247593009997217,1,1,1,29,0.85,task_success_while_recovery_active_per_intervention,True,False,,full,0.2
ACT + RL Recovery,354,6000396,metaworld,True,55,0.3365264580024814,0,0,0,0,0.0,task_success_while_recovery_active_per_intervention,True,False,,full,0.2
ACT + RL Recovery,355,6000397,metaworld,True,50,0.49614424100218457,1,1,1,30,0.85,task_success_while_recovery_active_per_intervention,True,False,,full,0.2
ACT + RL Recovery,356,6000398,metaworld,False,200,1.6894932959985454,1,0,1,150,1.0,task_success_while_recovery_active_per_intervention,False,True,object_dropped,full,0.2
ACT + RL Recovery,357,6000399,metaworld,True,52,0.2472935840014543,0,0,0,0,0.0,task_success_while_recovery_active_per_intervention,True,False,,full,0.2
ACT + RL Recovery,358,6000400,metaworld,True,48,0.2231674419999763,1,1,1,38,1.0,task_success_while_recovery_active_per_intervention,True,False,,full,0.2
ACT + RL Recovery,359,6000401,metaworld,True,50,0.14154531200256315,0,0,0,0,0.0,task_success_while_recovery_active_per_intervention,True,False,,full,0.2
ACT + RL Recovery,360,6000402,metaworld,True,57,0.17139822600074694,0,0,0,0,0.0,task_success_while_recovery_active_per_intervention,True,False,,full,0.2
ACT + RL Recovery,361,6000403,metaworld,True,51,0.3092773659991508,1,1,1,31,0.85,task_success_while_recovery_active_per_intervention,True,False,,full,0.2
ACT + RL Recovery,362,6000404,metaworld,True,47,0.5697728850027488,1,1,1,27,0.85,task_success_while_recovery_active_per_intervention,True,False,,full,0.2
ACT + RL Recovery,363,6000405,metaworld,True,58,0.28560736200233805,0,0,0,0,0.0,task_success_while_recovery_active_per_intervention,True,False,,full,0.2
ACT + RL Recovery,364,6000406,metaworld,True,62,1.0012997670019104,1,1,1,42,0.85,task_success_while_recovery_active_per_intervention,True,False,,full,0.2
ACT + RL Recovery,365,6000407,metaworld,True,53,0.41140855900084716,0,0,0,0,0.0,task_success_while_recovery_active_per_intervention,True,False,,full,0.2
ACT + RL Recovery,366,6000408,metaworld,True,51,0.6354561340012879,1,1,1,27,0.85,task_success_while_recovery_active_per_intervention,True,False,,full,0.2
ACT + RL Recovery,367,6000409,metaworld,True,53,0.38069859399911365,1,1,1,33,0.85,task_success_while_recovery_active_per_intervention,True,False,,full,0.2
ACT + RL Recovery,368,6000410,metaworld,True,50,0.2898282409987587,1,1,1,30,0.85,task_success_while_recovery_active_per_intervention,True,False,,full,0.2
ACT + RL Recovery,369,6000411,metaworld,True,52,0.16257120100272004,0,0,0,0,0.0,task_success_while_recovery_active_per_intervention,True,False,,full,0.2
ACT + RL Recovery,370,6000412,metaworld,True,47,0.22584874300082447,1,1,1,27,0.85,task_success_while_recovery_active_per_intervention,True,False,,full,0.2
ACT + RL Recovery,371,6000413,metaworld,True,53,0.5555680979996396,1,1,1,33,0.85,task_success_while_recovery_active_per_intervention,True,False,,full,0.2
ACT + RL Recovery,372,6000414,metaworld,True,55,0.5099284000025364,1,1,1,33,0.85,task_success_while_recovery_active_per_intervention,True,False,,full,0.2
ACT + RL Recovery,373,6000415,metaworld,False,200,1.5978238950010564,1,0,1,150,0.9,task_success_while_recovery_active_per_intervention,False,True,timeout,full,0.2
ACT + RL Recovery,374,6000416,metaworld,True,55,0.1988451939978404,0,0,0,0,0.0,task_success_while_recovery_active_per_intervention,True,False,,full,0.2
ACT + RL Recovery,375,6000417,metaworld,True,51,0.19117704599921126,0,0,0,0,0.0,task_success_while_recovery_active_per_intervention,True,False,,full,0.2
ACT + RL Recovery,376,6000418,metaworld,True,61,0.2489166089981154,1,1,1,41,0.85,task_success_while_recovery_active_per_intervention,True,False,,full,0.2
ACT + RL Recovery,377,6000419,metaworld,True,53,0.1341672849994211,1,1,1,33,0.85,task_success_while_recovery_active_per_intervention,True,False,,full,0.2
ACT + RL Recovery,378,6000420,metaworld,True,55,0.7269255860010162,1,1,1,35,0.85,task_success_while_recovery_active_per_intervention,True,False,,full,0.2
ACT + RL Recovery,379,6000421,metaworld,True,64,0.8266905630007386,1,1,1,44,0.85,task_success_while_recovery_active_per_intervention,True,False,,full,0.2
ACT + RL Recovery,380,6000422,metaworld,True,56,0.36693554900193703,0,0,0,0,0.0,task_success_while_recovery_active_per_intervention,True,False,,full,0.2
ACT + RL Recovery,381,6000423,metaworld,True,60,0.4613597370007483,0,0,0,0,0.0,task_success_while_recovery_active_per_intervention,True,False,,full,0.2
ACT + RL Recovery,382,6000424,metaworld,True,65,0.2714302200001839,1,1,1,45,0.85,task_success_while_recovery_active_per_intervention,True,False,,full,0.2
ACT + RL Recovery,383,6000425,metaworld,True,50,0.37828347599861445,1,1,1,30,0.85,task_success_while_recovery_active_per_intervention,True,False,,full,0.2
ACT + RL Recovery,384,6000426,metaworld,True,57,0.84652006000033,1,1,1,34,0.85,task_success_while_recovery_active_per_intervention,True,False,,full,0.2
ACT + RL Recovery,385,6000427,metaworld,True,53,0.6340620490009314,1,1,1,33,0.85,task_success_while_recovery_active_per_intervention,True,False,,full,0.2
ACT + RL Recovery,386,6000428,metaworld,True,48,0.40065442500053905,1,1,1,28,0.85,task_success_while_recovery_active_per_intervention,True,False,,full,0.2
ACT + RL Recovery,387,6000429,metaworld,False,200,2.0298191540023254,1,0,1,150,1.0,task_success_while_recovery_active_per_intervention,False,True,object_dropped,full,0.2
ACT + RL Recovery,388,6000430,metaworld,True,60,0.6532862409985682,1,1,1,40,0.85,task_success_while_recovery_active_per_intervention,True,False,,full,0.2
ACT + RL Recovery,389,6000431,metaworld,True,53,0.38289685899871984,1,1,1,33,0.85,task_success_while_recovery_active_per_intervention,True,False,,full,0.2
ACT + RL Recovery,390,6000432,metaworld,True,59,0.3664244859974133,0,0,0,0,0.0,task_success_while_recovery_active_per_intervention,True,False,,full,0.2
ACT + RL Recovery,391,6000433,metaworld,True,51,0.2827648739985307,0,0,0,0,0.0,task_success_while_recovery_active_per_intervention,True,False,,full,0.2
ACT + RL Recovery,392,6000434,metaworld,True,51,0.47953151399997296,1,1,1,31,0.85,task_success_while_recovery_active_per_intervention,True,False,,full,0.2
ACT + RL Recovery,393,6000435,metaworld,True,52,0.5653608389984583,1,1,1,32,0.85,task_success_while_recovery_active_per_intervention,True,False,,full,0.2
ACT + RL Recovery,394,6000436,metaworld,True,49,0.2564331920002587,0,0,0,0,0.0,task_success_while_recovery_active_per_intervention,True,False,,full,0.2
ACT + RL Recovery,395,6000437,metaworld,False,200,0.617471158002445,1,0,1,142,1.0,task_success_while_recovery_active_per_intervention,False,True,object_dropped,full,0.2
ACT + RL Recovery,396,6000438,metaworld,True,52,0.28262856799847214,1,1,1,32,0.85,task_success_while_recovery_active_per_intervention,True,False,,full,0.2
ACT + RL Recovery,397,6000439,metaworld,False,200,1.3636729850004485,1,0,1,150,1.0,task_success_while_recovery_active_per_intervention,False,True,object_dropped,full,0.2
ACT + RL Recovery,398,6000440,metaworld,True,57,0.09620280200033449,1,1,1,37,0.85,task_success_while_recovery_active_per_intervention,True,False,,full,0.2
ACT + RL Recovery,399,6000441,metaworld,True,66,0.5833522130014899,1,1,1,46,0.85,task_success_while_recovery_active_per_intervention,True,False,,full,0.2
ACT + RL Recovery,400,6000442,metaworld,True,51,0.358387562999269,0,0,0,0,0.0,task_success_while_recovery_active_per_intervention,True,False,,full,0.2
ACT + RL Recovery,401,6000443,metaworld,True,58,0.305915199998708,0,0,0,0,0.0,task_success_while_recovery_active_per_intervention,True,False,,full,0.2
ACT + RL Recovery,402,6000444,metaworld,True,49,0.21602841300045839,0,0,0,0,0.0,task_success_while_recovery_active_per_intervention,True,False,,full,0.2
ACT + RL Recovery,403,6000445,metaworld,False,200,1.4226896670006681,1,0,1,150,0.9,task_success_while_recovery_active_per_intervention,False,True,timeout,full,0.2
ACT + RL Recovery,404,6000446,metaworld,True,58,0.3351798459989368,0,0,0,0,0.0,task_success_while_recovery_active_per_intervention,True,False,,full,0.2
ACT + RL Recovery,405,6000447,metaworld,True,53,0.43923810699925525,1,1,1,33,0.85,task_success_while_recovery_active_per_intervention,True,False,,full,0.2
ACT + RL Recovery,406,6000448,metaworld,True,52,0.5089862299973902,1,1,1,32,0.85,task_success_while_recovery_active_per_intervention,True,False,,full,0.2
ACT + RL Recovery,407,6000449,metaworld,True,58,0.4447945329993672,1,1,1,38,0.85,task_success_while_recovery_active_per_intervention,True,False,,full,0.2
ACT + RL Recovery,408,6000450,metaworld,True,52,0.3330997129996831,1,1,1,32,0.85,task_success_while_recovery_active_per_intervention,True,False,,full,0.2
ACT + RL Recovery,409,6000451,metaworld,False,200,0.6573023579985602,1,0,1,141,1.0,task_success_while_recovery_active_per_intervention,False,True,object_dropped,full,0.2
ACT + RL Recovery,410,6000452,metaworld,True,49,0.2034985169993888,0,0,0,0,0.0,task_success_while_recovery_active_per_intervention,True,False,,full,0.2
ACT + RL Recovery,411,6000453,metaworld,False,200,2.2180221939997864,1,0,1,150,0.9,task_success_while_recovery_active_per_intervention,False,True,timeout,full,0.2
ACT + RL Recovery,412,6000454,metaworld,True,54,0.7060749759984901,1,1,1,34,0.85,task_success_while_recovery_active_per_intervention,True,False,,full,0.2
ACT + RL Recovery,413,6000455,metaworld,True,61,0.32203552599821705,1,1,1,40,0.85,task_success_while_recovery_active_per_intervention,True,False,,full,0.2
ACT + RL Recovery,414,6000456,metaworld,False,200,1.0613665480013879,1,0,1,150,1.0,task_success_while_recovery_active_per_intervention,False,True,object_dropped,full,0.2
ACT + RL Recovery,415,6000457,metaworld,True,51,0.27138240600106656,1,1,1,31,0.85,task_success_while_recovery_active_per_intervention,True,False,,full,0.2
ACT + RL Recovery,416,6000458,metaworld,False,200,0.8264125059977232,1,0,1,150,1.0,task_success_while_recovery_active_per_intervention,False,True,object_dropped,full,0.2
ACT + RL Recovery,417,6000459,metaworld,True,58,0.45813501899829134,1,1,1,38,0.85,task_success_while_recovery_active_per_intervention,True,False,,full,0.2
ACT + RL Recovery,418,6000460,metaworld,True,61,0.6131870500030345,1,1,1,41,0.85,task_success_while_recovery_active_per_intervention,True,False,,full,0.2
ACT + RL Recovery,419,6000461,metaworld,True,53,0.47439630199733074,1,1,1,30,0.85,task_success_while_recovery_active_per_intervention,True,False,,full,0.2
ACT + RL Recovery,420,6000462,metaworld,True,65,0.30830536899884464,1,1,1,45,0.85,task_success_while_recovery_active_per_intervention,True,False,,full,0.2
ACT + RL Recovery,421,6000463,metaworld,True,51,0.10788413300178945,1,1,1,31,0.85,task_success_while_recovery_active_per_intervention,True,False,,full,0.2
ACT + RL Recovery,422,6000464,metaworld,True,54,0.3799266580026597,1,1,1,31,0.85,task_success_while_recovery_active_per_intervention,True,False,,full,0.2
ACT + RL Recovery,423,6000465,metaworld,True,63,0.8068801389999862,1,1,1,43,0.85,task_success_while_recovery_active_per_intervention,True,False,,full,0.2
ACT + RL Recovery,424,6000466,metaworld,True,61,0.412761979001516,0,0,0,0,0.0,task_success_while_recovery_active_per_intervention,True,False,,full,0.2
ACT + RL Recovery,425,6000467,metaworld,True,54,0.5863513520016568,1,1,1,34,0.85,task_success_while_recovery_active_per_intervention,True,False,,full,0.2
ACT + RL Recovery,426,6000468,metaworld,True,51,0.36878820399942924,1,1,1,31,0.85,task_success_while_recovery_active_per_intervention,True,False,,full,0.2
ACT + RL Recovery,427,6000469,metaworld,True,50,0.2567190509980719,0,0,0,0,0.0,task_success_while_recovery_active_per_intervention,True,False,,full,0.2
ACT + RL Recovery,428,6000470,metaworld,True,61,0.3124773439994897,0,0,0,0,0.0,task_success_while_recovery_active_per_intervention,True,False,,full,0.2
ACT + RL Recovery,429,6000471,metaworld,True,59,0.325988355998561,0,0,0,0,0.0,task_success_while_recovery_active_per_intervention,True,False,,full,0.2
ACT + RL Recovery,430,6000472,metaworld,True,53,0.2184303079993697,0,0,0,0,0.0,task_success_while_recovery_active_per_intervention,True,False,,full,0.2
ACT + RL Recovery,431,6000473,metaworld,False,200,1.2445675430026313,1,0,1,150,0.9,task_success_while_recovery_active_per_intervention,False,True,timeout,full,0.2
ACT + RL Recovery,432,6000474,metaworld,True,54,0.17149182799767004,0,0,0,0,0.0,task_success_while_recovery_active_per_intervention,True,False,,full,0.2
ACT + RL Recovery,433,6000475,metaworld,False,200,1.5877175610003178,1,0,1,138,1.0,task_success_while_recovery_active_per_intervention,False,True,object_dropped,full,0.2
ACT + RL Recovery,434,6000476,metaworld,True,56,0.3172628659995098,1,1,1,36,0.85,task_success_while_recovery_active_per_intervention,True,False,,full,0.2
ACT + RL Recovery,435,6000477,metaworld,True,54,0.1790722609985096,1,1,1,33,0.85,task_success_while_recovery_active_per_intervention,True,False,,full,0.2
ACT + RL Recovery,436,6000478,metaworld,True,58,0.19937141600166797,0,0,0,0,0.0,task_success_while_recovery_active_per_intervention,True,False,,full,0.2
ACT + RL Recovery,437,6000479,metaworld,False,200,1.0047836630001257,1,0,1,132,1.0,task_success_while_recovery_active_per_intervention,False,True,timeout,full,0.2
ACT + RL Recovery,438,6000480,metaworld,True,57,0.20906360899971332,0,0,0,0,0.0,task_success_while_recovery_active_per_intervention,True,False,,full,0.2
ACT + RL Recovery,439,6000481,metaworld,True,57,0.2703557749991887,1,1,1,34,0.85,task_success_while_recovery_active_per_intervention,True,False,,full,0.2
ACT + RL Recovery,440,6000482,metaworld,True,51,0.387604679002834,1,1,1,31,0.85,task_success_while_recovery_active_per_intervention,True,False,,full,0.2
ACT + RL Recovery,441,6000483,metaworld,True,53,0.12577011100074742,1,1,1,33,0.85,task_success_while_recovery_active_per_intervention,True,False,,full,0.2
ACT + RL Recovery,442,6000484,metaworld,True,58,0.2954794809993473,1,1,1,36,0.85,task_success_while_recovery_active_per_intervention,True,False,,full,0.2
ACT + RL Recovery,443,6000485,metaworld,True,54,0.4165118659984728,1,1,1,32,0.85,task_success_while_recovery_active_per_intervention,True,False,,full,0.2
ACT + RL Recovery,444,6000486,metaworld,True,55,0.16194665099828853,0,0,0,0,0.0,task_success_while_recovery_active_per_intervention,True,False,,full,0.2
ACT + RL Recovery,445,6000487,metaworld,False,200,2.0338316179986577,1,0,1,150,0.85,task_success_while_recovery_active_per_intervention,False,True,timeout,full,0.2
ACT + RL Recovery,446,6000488,metaworld,True,51,0.08962616400094703,1,1,1,31,0.85,task_success_while_recovery_active_per_intervention,True,False,,full,0.2
ACT + RL Recovery,447,6000489,metaworld,True,61,0.15084588899844675,0,0,0,0,0.0,task_success_while_recovery_active_per_intervention,True,False,,full,0.2
ACT + RL Recovery,448,6000490,metaworld,True,57,0.37969640499795787,1,1,1,35,0.85,task_success_while_recovery_active_per_intervention,True,False,,full,0.2
ACT + RL Recovery,449,6000491,metaworld,True,55,0.4747951749995991,1,1,1,35,0.85,task_success_while_recovery_active_per_intervention,True,False,,full,0.2
ACT + RL Recovery,450,6000492,metaworld,True,52,0.2839136629991117,0,0,0,0,0.0,task_success_while_recovery_active_per_intervention,True,False,,full,0.2
ACT + RL Recovery,451,6000493,metaworld,True,50,0.2657272950018523,0,0,0,0,0.0,task_success_while_recovery_active_per_intervention,True,False,,full,0.2
ACT + RL Recovery,452,6000494,metaworld,True,62,0.4058241740021913,1,1,1,42,0.85,task_success_while_recovery_active_per_intervention,True,False,,full,0.2
ACT + RL Recovery,453,6000495,metaworld,False,200,1.2230227590007416,1,0,1,150,0.9,task_success_while_recovery_active_per_intervention,False,True,timeout,full,0.2
ACT + RL Recovery,454,6000496,metaworld,False,200,1.7543834600000991,1,0,1,150,0.9,task_success_while_recovery_active_per_intervention,False,True,timeout,full,0.2
ACT + RL Recovery,455,6000497,metaworld,True,53,0.166303493999294,0,0,0,0,0.0,task_success_while_recovery_active_per_intervention,True,False,,full,0.2
ACT + RL Recovery,456,6000498,metaworld,True,54,0.3338724060013192,1,1,1,32,0.85,task_success_while_recovery_active_per_intervention,True,False,,full,0.2
ACT + RL Recovery,457,6000499,metaworld,True,54,0.5395708479991299,1,1,1,34,0.85,task_success_while_recovery_active_per_intervention,True,False,,full,0.2
ACT + RL Recovery,458,6000500,metaworld,True,54,0.37259882999933325,0,0,0,0,0.0,task_success_while_recovery_active_per_intervention,True,False,,full,0.2
ACT + RL Recovery,459,6000501,metaworld,True,54,0.47176538900021114,1,1,1,34,0.85,task_success_while_recovery_active_per_intervention,True,False,,full,0.2
ACT + RL Recovery,460,6000502,metaworld,True,50,0.07857340400005342,1,1,1,30,0.85,task_success_while_recovery_active_per_intervention,True,False,,full,0.2
ACT + RL Recovery,461,6000503,metaworld,True,58,0.35496865599998273,1,1,1,38,0.85,task_success_while_recovery_active_per_intervention,True,False,,full,0.2
ACT + RL Recovery,462,6000504,metaworld,True,52,0.4582468519984104,1,1,1,32,0.85,task_success_while_recovery_active_per_intervention,True,False,,full,0.2
ACT + RL Recovery,463,6000505,metaworld,True,62,0.548345731000154,1,1,1,42,0.85,task_success_while_recovery_active_per_intervention,True,False,,full,0.2
ACT + RL Recovery,464,6000506,metaworld,True,53,0.2012527759980003,0,0,0,0,0.0,task_success_while_recovery_active_per_intervention,True,False,,full,0.2
ACT + RL Recovery,465,6000507,metaworld,False,200,1.142220329002157,1,0,1,150,0.85,task_success_while_recovery_active_per_intervention,False,True,timeout,full,0.2
ACT + RL Recovery,466,6000508,metaworld,True,59,0.16061945399997057,0,0,0,0,0.0,task_success_while_recovery_active_per_intervention,True,False,,full,0.2
ACT + RL Recovery,467,6000509,metaworld,True,57,0.5003125369985355,1,1,1,37,0.85,task_success_while_recovery_active_per_intervention,True,False,,full,0.2
ACT + RL Recovery,468,6000510,metaworld,False,200,1.2080831509993004,1,0,1,150,0.9,task_success_while_recovery_active_per_intervention,False,True,timeout,full,0.2
ACT + RL Recovery,469,6000511,metaworld,True,59,0.18165597900224384,0,0,0,0,0.0,task_success_while_recovery_active_per_intervention,True,False,,full,0.2
ACT + RL Recovery,470,6000512,metaworld,True,57,0.3451160479999089,1,1,1,36,0.85,task_success_while_recovery_active_per_intervention,True,False,,full,0.2
ACT + RL Recovery,471,6000513,metaworld,True,53,0.3128973769998993,1,1,1,30,0.85,task_success_while_recovery_active_per_intervention,True,False,,full,0.2
ACT + RL Recovery,472,6000514,metaworld,True,49,0.3007542910017946,1,1,1,29,0.85,task_success_while_recovery_active_per_intervention,True,False,,full,0.2
ACT + RL Recovery,473,6000515,metaworld,True,55,0.4190496989976964,1,1,1,35,0.85,task_success_while_recovery_active_per_intervention,True,False,,full,0.2
ACT + RL Recovery,474,6000516,metaworld,True,51,0.29480225700172014,0,0,0,0,0.0,task_success_while_recovery_active_per_intervention,True,False,,full,0.2
ACT + RL Recovery,475,6000517,metaworld,True,63,0.4608595229983621,1,1,1,43,0.85,task_success_while_recovery_active_per_intervention,True,False,,full,0.2
ACT + RL Recovery,476,6000518,metaworld,True,59,0.3683474600002228,1,1,1,37,0.85,task_success_while_recovery_active_per_intervention,True,False,,full,0.2
ACT + RL Recovery,477,6000519,metaworld,True,61,0.5119633970025461,1,1,1,41,0.85,task_success_while_recovery_active_per_intervention,True,False,,full,0.2
ACT + RL Recovery,478,6000520,metaworld,True,58,0.42537975699815433,1,1,1,38,0.85,task_success_while_recovery_active_per_intervention,True,False,,full,0.2
ACT + RL Recovery,479,6000521,metaworld,True,49,0.2147473489967524,0,0,0,0,0.0,task_success_while_recovery_active_per_intervention,True,False,,full,0.2
ACT + RL Recovery,480,6000522,metaworld,True,47,0.3142430890002288,1,1,1,23,0.85,task_success_while_recovery_active_per_intervention,True,False,,full,0.2
ACT + RL Recovery,481,6000523,metaworld,True,53,0.15569819699885556,0,0,0,0,0.0,task_success_while_recovery_active_per_intervention,True,False,,full,0.2
ACT + RL Recovery,482,6000524,metaworld,False,200,1.2547587049994036,1,0,1,150,1.0,task_success_while_recovery_active_per_intervention,False,True,timeout,full,0.2
ACT + RL Recovery,483,6000525,metaworld,True,49,0.11222314800033928,0,0,0,0,0.0,task_success_while_recovery_active_per_intervention,True,False,,full,0.2
ACT + RL Recovery,484,6000526,metaworld,True,54,0.49157340899910196,1,1,1,45,1.0,task_success_while_recovery_active_per_intervention,True,False,,full,0.2
ACT + RL Recovery,485,6000527,metaworld,True,53,0.24954172800062224,0,0,0,0,0.0,task_success_while_recovery_active_per_intervention,True,False,,full,0.2
ACT + RL Recovery,486,6000528,metaworld,True,45,0.3143007789985859,1,1,1,25,0.85,task_success_while_recovery_active_per_intervention,True,False,,full,0.2
ACT + RL Recovery,487,6000529,metaworld,True,50,0.2909216160005599,1,1,1,30,0.9,task_success_while_recovery_active_per_intervention,True,False,,full,0.2
ACT + RL Recovery,488,6000530,metaworld,True,61,0.3252578170031484,1,1,1,41,0.85,task_success_while_recovery_active_per_intervention,True,False,,full,0.2
ACT + RL Recovery,489,6000531,metaworld,True,54,0.3419965350003622,0,0,0,0,0.0,task_success_while_recovery_active_per_intervention,True,False,,full,0.2
ACT + RL Recovery,490,6000532,metaworld,False,200,0.4675386749986501,1,0,1,150,1.0,task_success_while_recovery_active_per_intervention,False,True,object_dropped,full,0.2
ACT + RL Recovery,491,6000533,metaworld,True,49,0.31097423400206026,0,0,0,0,0.0,task_success_while_recovery_active_per_intervention,True,False,,full,0.2
ACT + RL Recovery,492,6000534,metaworld,True,61,0.37641028800135246,0,0,0,0,0.0,task_success_while_recovery_active_per_intervention,True,False,,full,0.2
ACT + RL Recovery,493,6000535,metaworld,True,58,0.5361859139993612,1,1,1,35,0.85,task_success_while_recovery_active_per_intervention,True,False,,full,0.2
ACT + RL Recovery,494,6000536,metaworld,True,53,0.554803962000733,1,1,1,33,0.85,task_success_while_recovery_active_per_intervention,True,False,,full,0.2
ACT + RL Recovery,495,6000537,metaworld,True,60,0.5276038009978947,1,1,1,40,0.85,task_success_while_recovery_active_per_intervention,True,False,,full,0.2
ACT + RL Recovery,496,6000538,metaworld,True,55,0.27412731999720563,1,1,1,34,0.85,task_success_while_recovery_active_per_intervention,True,False,,full,0.2
ACT + RL Recovery,497,6000539,metaworld,True,55,0.09822813999926439,1,1,1,35,0.85,task_success_while_recovery_active_per_intervention,True,False,,full,0.2
ACT + RL Recovery,498,6000540,metaworld,True,54,0.29357894599888823,0,0,0,0,0.0,task_success_while_recovery_active_per_intervention,True,False,,full,0.2
ACT + RL Recovery,499,6000541,metaworld,True,56,0.4697613709977304,1,1,1,33,0.85,task_success_while_recovery_active_per_intervention,True,False,,full,0.2
ACT + RL Recovery,500,6000542,metaworld,True,50,0.4080993959978514,1,1,1,30,0.85,task_success_while_recovery_active_per_intervention,True,False,,full,0.2
ACT + RL Recovery,501,6000543,metaworld,True,58,0.3235630229974049,1,1,1,38,0.85,task_success_while_recovery_active_per_intervention,True,False,,full,0.2
ACT + RL Recovery,502,6000544,metaworld,True,51,0.171028461001697,1,1,1,31,0.85,task_success_while_recovery_active_per_intervention,True,False,,full,0.2
ACT + RL Recovery,503,6000545,metaworld,False,200,0.7567263419987285,1,0,1,150,0.9,task_success_while_recovery_active_per_intervention,False,True,timeout,full,0.2
ACT + RL Recovery,504,6000546,metaworld,True,56,0.1878743109991774,0,0,0,0,0.0,task_success_while_recovery_active_per_intervention,True,False,,full,0.2
ACT + RL Recovery,505,6000547,metaworld,True,57,0.4805674929993984,0,0,0,0,0.0,task_success_while_recovery_active_per_intervention,True,False,,full,0.2
ACT + RL Recovery,506,6000548,metaworld,True,54,0.657554840996454,1,1,1,30,0.85,task_success_while_recovery_active_per_intervention,True,False,,full,0.2
ACT + RL Recovery,507,6000549,metaworld,True,44,0.17196850999971502,0,0,0,0,0.0,task_success_while_recovery_active_per_intervention,True,False,,full,0.2
ACT + RL Recovery,508,6000550,metaworld,True,54,0.2948679830005858,1,1,1,33,0.85,task_success_while_recovery_active_per_intervention,True,False,,full,0.2
ACT + RL Recovery,509,6000551,metaworld,True,48,0.13930238300235942,0,0,0,0,0.0,task_success_while_recovery_active_per_intervention,True,False,,full,0.2
ACT + RL Recovery,510,6000552,metaworld,True,90,0.838624643998628,1,1,1,66,0.85,task_success_while_recovery_active_per_intervention,True,False,,full,0.2
ACT + RL Recovery,511,6000553,metaworld,True,52,0.168563504001213,0,0,0,0,0.0,task_success_while_recovery_active_per_intervention,True,False,,full,0.2
ACT + RL Recovery,512,6000554,metaworld,True,54,0.25748912999915774,1,1,1,34,0.85,task_success_while_recovery_active_per_intervention,True,False,,full,0.2
ACT + RL Recovery,513,6000555,metaworld,True,51,0.28616870300174924,0,0,0,0,0.0,task_success_while_recovery_active_per_intervention,True,False,,full,0.2
ACT + RL Recovery,514,6000556,metaworld,False,200,1.524554519000958,1,0,1,150,0.9,task_success_while_recovery_active_per_intervention,False,True,timeout,full,0.2
ACT + RL Recovery,515,6000557,metaworld,True,47,0.07844553800168796,1,1,1,37,1.0,task_success_while_recovery_active_per_intervention,True,False,,full,0.2
ACT + RL Recovery,516,6000558,metaworld,True,57,0.1064050379973196,1,1,1,37,0.85,task_success_while_recovery_active_per_intervention,True,False,,full,0.2
ACT + RL Recovery,517,6000559,metaworld,True,61,0.4918128789977345,1,1,1,41,0.85,task_success_while_recovery_active_per_intervention,True,False,,full,0.2
ACT + RL Recovery,518,6000560,metaworld,True,52,0.28583778100073687,0,0,0,0,0.0,task_success_while_recovery_active_per_intervention,True,False,,full,0.2
ACT + RL Recovery,519,6000561,metaworld,True,57,0.28957271599938395,1,1,1,37,0.85,task_success_while_recovery_active_per_intervention,True,False,,full,0.2
ACT + RL Recovery,520,6000562,metaworld,True,50,0.13798112999938894,0,0,0,0,0.0,task_success_while_recovery_active_per_intervention,True,False,,full,0.2
ACT + RL Recovery,521,6000563,metaworld,True,60,0.4896690519999538,1,1,1,40,0.85,task_success_while_recovery_active_per_intervention,True,False,,full,0.2
ACT + RL Recovery,522,6000564,metaworld,False,200,0.6981211029997212,1,0,1,150,0.9,task_success_while_recovery_active_per_intervention,False,True,timeout,full,0.2
ACT + RL Recovery,523,6000565,metaworld,True,57,0.13782982400152832,1,1,1,37,0.85,task_success_while_recovery_active_per_intervention,True,False,,full,0.2
ACT + RL Recovery,524,6000566,metaworld,True,53,0.1442190199995821,0,0,0,0,0.0,task_success_while_recovery_active_per_intervention,True,False,,full,0.2
ACT + RL Recovery,525,6000567,metaworld,True,52,0.14835590199800208,0,0,0,0,0.0,task_success_while_recovery_active_per_intervention,True,False,,full,0.2
ACT + RL Recovery,526,6000568,metaworld,True,61,0.511336592000589,1,1,1,52,1.0,task_success_while_recovery_active_per_intervention,True,False,,full,0.2
ACT + RL Recovery,527,6000569,metaworld,True,53,0.12557610699877841,1,1,1,33,0.85,task_success_while_recovery_active_per_intervention,True,False,,full,0.2
ACT + RL Recovery,528,6000570,metaworld,True,52,0.33605181999882916,1,1,1,31,0.85,task_success_while_recovery_active_per_intervention,True,False,,full,0.2
ACT + RL Recovery,529,6000571,metaworld,True,60,0.5463290689986025,1,1,1,40,0.85,task_success_while_recovery_active_per_intervention,True,False,,full,0.2
ACT + RL Recovery,530,6000572,metaworld,True,58,0.5407209530021646,1,1,1,38,0.85,task_success_while_recovery_active_per_intervention,True,False,,full,0.2
ACT + RL Recovery,531,6000573,metaworld,False,200,0.5724752450005326,1,0,1,150,0.9,task_success_while_recovery_active_per_intervention,False,True,timeout,full,0.2
ACT + RL Recovery,532,6000574,metaworld,True,53,0.3931822859995009,1,1,1,33,0.85,task_success_while_recovery_active_per_intervention,True,False,,full,0.2
ACT + RL Recovery,533,6000575,metaworld,True,50,0.13887441600309103,0,0,0,0,0.0,task_success_while_recovery_active_per_intervention,True,False,,full,0.2
ACT + RL Recovery,534,6000576,metaworld,True,59,0.08594586300023366,1,1,1,50,1.0,task_success_while_recovery_active_per_intervention,True,False,,full,0.2
ACT + RL Recovery,535,6000577,metaworld,True,50,0.2890569270020933,0,0,0,0,0.0,task_success_while_recovery_active_per_intervention,True,False,,full,0.2
ACT + RL Recovery,536,6000578,metaworld,True,56,0.3137782179983333,0,0,0,0,0.0,task_success_while_recovery_active_per_intervention,True,False,,full,0.2
ACT + RL Recovery,537,6000579,metaworld,True,51,0.3504104319981707,0,0,0,0,0.0,task_success_while_recovery_active_per_intervention,True,False,,full,0.2
ACT + RL Recovery,538,6000580,metaworld,True,50,0.27942647199961357,0,0,0,0,0.0,task_success_while_recovery_active_per_intervention,True,False,,full,0.2
ACT + RL Recovery,539,6000581,metaworld,True,62,0.31215559900010703,1,1,1,42,0.85,task_success_while_recovery_active_per_intervention,True,False,,full,0.2
ACT + RL Recovery,540,6000582,metaworld,True,59,0.29345794300024863,0,0,0,0,0.0,task_success_while_recovery_active_per_intervention,True,False,,full,0.2
ACT + RL Recovery,541,6000583,metaworld,True,51,0.10313735300223925,1,1,1,30,0.85,task_success_while_recovery_active_per_intervention,True,False,,full,0.2
ACT + RL Recovery,542,6000584,metaworld,True,82,0.13672888899964164,1,1,1,62,0.85,task_success_while_recovery_active_per_intervention,True,False,,full,0.2
ACT + RL Recovery,543,6000585,metaworld,True,50,0.14428458900147234,0,0,0,0,0.0,task_success_while_recovery_active_per_intervention,True,False,,full,0.2
ACT + RL Recovery,544,6000586,metaworld,True,50,0.17664244299885468,0,0,0,0,0.0,task_success_while_recovery_active_per_intervention,True,False,,full,0.2
ACT + RL Recovery,545,6000587,metaworld,True,54,0.4491522320022341,1,1,1,31,0.85,task_success_while_recovery_active_per_intervention,True,False,,full,0.2
ACT + RL Recovery,546,6000588,metaworld,True,54,0.29015188100311207,1,1,1,31,0.85,task_success_while_recovery_active_per_intervention,True,False,,full,0.2
ACT + RL Recovery,547,6000589,metaworld,False,200,1.6012450410016754,1,0,1,150,1.0,task_success_while_recovery_active_per_intervention,False,True,object_dropped,full,0.2
ACT + RL Recovery,548,6000590,metaworld,True,53,0.4476371169985214,1,1,1,33,0.85,task_success_while_recovery_active_per_intervention,True,False,,full,0.2
ACT + RL Recovery,549,6000591,metaworld,True,51,0.43496963600046,1,1,1,31,0.85,task_success_while_recovery_active_per_intervention,True,False,,full,0.2
ACT + RL Recovery,550,6000592,metaworld,True,54,0.18504941200080793,0,0,0,0,0.0,task_success_while_recovery_active_per_intervention,True,False,,full,0.2
ACT + RL Recovery,551,6000593,metaworld,False,200,1.5597961020030198,1,0,1,145,1.0,task_success_while_recovery_active_per_intervention,False,True,object_dropped,full,0.2
ACT + RL Recovery,552,6000594,metaworld,True,52,0.245337203003146,1,1,1,32,0.85,task_success_while_recovery_active_per_intervention,True,False,,full,0.2
ACT + RL Recovery,553,6000595,metaworld,True,48,0.19411570399824996,0,0,0,0,0.0,task_success_while_recovery_active_per_intervention,True,False,,full,0.2
ACT + RL Recovery,554,6000596,metaworld,True,57,0.44892794100087485,0,0,0,0,0.0,task_success_while_recovery_active_per_intervention,True,False,,full,0.2
ACT + RL Recovery,555,6000597,metaworld,True,51,0.3628075729975535,1,1,1,31,0.85,task_success_while_recovery_active_per_intervention,True,False,,full,0.2
ACT + RL Recovery,556,6000598,metaworld,True,48,0.3442435489996569,0,0,0,0,0.0,task_success_while_recovery_active_per_intervention,True,False,,full,0.2
ACT + RL Recovery,557,6000599,metaworld,True,58,0.4527831690029416,1,1,1,38,0.85,task_success_while_recovery_active_per_intervention,True,False,,full,0.2
ACT + RL Recovery,558,6000600,metaworld,True,50,0.2665023650006333,0,0,0,0,0.0,task_success_while_recovery_active_per_intervention,True,False,,full,0.2
ACT + RL Recovery,559,6000601,metaworld,True,51,0.2727960730007908,1,1,1,31,0.85,task_success_while_recovery_active_per_intervention,True,False,,full,0.2
ACT + RL Recovery,560,6000602,metaworld,False,200,1.558990322999307,1,0,1,150,1.0,task_success_while_recovery_active_per_intervention,False,True,object_dropped,full,0.2
ACT + RL Recovery,561,6000603,metaworld,True,47,0.34782405700025265,1,1,1,27,0.85,task_success_while_recovery_active_per_intervention,True,False,,full,0.2
ACT + RL Recovery,562,6000604,metaworld,True,53,0.15870200299832504,0,0,0,0,0.0,task_success_while_recovery_active_per_intervention,True,False,,full,0.2
ACT + RL Recovery,563,6000605,metaworld,True,52,0.1619698430004064,1,1,1,30,0.85,task_success_while_recovery_active_per_intervention,True,False,,full,0.2
ACT + RL Recovery,564,6000606,metaworld,True,51,0.22067748100016615,0,0,0,0,0.0,task_success_while_recovery_active_per_intervention,True,False,,full,0.2
ACT + RL Recovery,565,6000607,metaworld,True,56,0.4408786309977586,1,1,1,34,0.85,task_success_while_recovery_active_per_intervention,True,False,,full,0.2
ACT + RL Recovery,566,6000608,metaworld,True,53,0.5091741010000987,1,1,1,33,0.85,task_success_while_recovery_active_per_intervention,True,False,,full,0.2
ACT + RL Recovery,567,6000609,metaworld,True,55,0.3456558790021518,1,1,1,32,0.85,task_success_while_recovery_active_per_intervention,True,False,,full,0.2
ACT + RL Recovery,568,6000610,metaworld,True,50,0.09988797199912369,1,1,1,30,0.85,task_success_while_recovery_active_per_intervention,True,False,,full,0.2
ACT + RL Recovery,569,6000611,metaworld,True,54,0.14768787400316796,0,0,0,0,0.0,task_success_while_recovery_active_per_intervention,True,False,,full,0.2
ACT + RL Recovery,570,6000612,metaworld,True,62,0.19590628900186857,1,1,1,42,0.85,task_success_while_recovery_active_per_intervention,True,False,,full,0.2
ACT + RL Recovery,571,6000613,metaworld,True,59,0.22245685500092804,0,0,0,0,0.0,task_success_while_recovery_active_per_intervention,True,False,,full,0.2
ACT + RL Recovery,572,6000614,metaworld,True,51,0.2649664329983352,0,0,0,0,0.0,task_success_while_recovery_active_per_intervention,True,False,,full,0.2
ACT + RL Recovery,573,6000615,metaworld,True,53,0.1576194899971597,0,0,0,0,0.0,task_success_while_recovery_active_per_intervention,True,False,,full,0.2
ACT + RL Recovery,574,6000616,metaworld,False,200,1.1887910190016555,1,0,1,147,1.0,task_success_while_recovery_active_per_intervention,False,True,object_dropped,full,0.2
ACT + RL Recovery,575,6000617,metaworld,True,65,0.17092495099859661,1,1,1,44,0.85,task_success_while_recovery_active_per_intervention,True,False,,full,0.2
ACT + RL Recovery,576,6000618,metaworld,True,53,0.3894434780013398,1,1,1,29,0.85,task_success_while_recovery_active_per_intervention,True,False,,full,0.2
ACT + RL Recovery,577,6000619,metaworld,True,54,0.17393118100153515,0,0,0,0,0.0,task_success_while_recovery_active_per_intervention,True,False,,full,0.2
ACT + RL Recovery,578,6000620,metaworld,True,53,0.44338215600146214,1,1,1,32,0.85,task_success_while_recovery_active_per_intervention,True,False,,full,0.2
ACT + RL Recovery,579,6000621,metaworld,True,46,0.3816963499994017,1,1,1,26,0.85,task_success_while_recovery_active_per_intervention,True,False,,full,0.2
ACT + RL Recovery,580,6000622,metaworld,False,200,1.2692293340005563,1,0,1,117,1.0,task_success_while_recovery_active_per_intervention,False,True,timeout,full,0.2
ACT + RL Recovery,581,6000623,metaworld,True,53,0.17098054199959734,0,0,0,0,0.0,task_success_while_recovery_active_per_intervention,True,False,,full,0.2
ACT + RL Recovery,582,6000624,metaworld,True,53,0.16581436499836855,0,0,0,0,0.0,task_success_while_recovery_active_per_intervention,True,False,,full,0.2
ACT + RL Recovery,583,6000625,metaworld,True,58,0.16639393299919902,0,0,0,0,0.0,task_success_while_recovery_active_per_intervention,True,False,,full,0.2
ACT + RL Recovery,584,6000626,metaworld,False,200,0.862436154999159,1,0,1,133,1.0,task_success_while_recovery_active_per_intervention,False,True,timeout,full,0.2
ACT + RL Recovery,585,6000627,metaworld,True,61,0.22455645900117815,1,1,1,41,0.85,task_success_while_recovery_active_per_intervention,True,False,,full,0.2
ACT + RL Recovery,586,6000628,metaworld,True,47,0.4048465159976331,1,1,1,26,0.85,task_success_while_recovery_active_per_intervention,True,False,,full,0.2
ACT + RL Recovery,587,6000629,metaworld,True,55,0.14682411600006162,0,0,0,0,0.0,task_success_while_recovery_active_per_intervention,True,False,,full,0.2
ACT + RL Recovery,588,6000630,metaworld,True,50,0.21948043900192715,0,0,0,0,0.0,task_success_while_recovery_active_per_intervention,True,False,,full,0.2
ACT + RL Recovery,589,6000631,metaworld,True,58,0.3529736460004642,0,0,0,0,0.0,task_success_while_recovery_active_per_intervention,True,False,,full,0.2
ACT + RL Recovery,590,6000632,metaworld,True,50,0.27802688899828354,0,0,0,0,0.0,task_success_while_recovery_active_per_intervention,True,False,,full,0.2
ACT + RL Recovery,591,6000633,metaworld,True,50,0.2651402629999211,0,0,0,0,0.0,task_success_while_recovery_active_per_intervention,True,False,,full,0.2
ACT + RL Recovery,592,6000634,metaworld,True,49,0.3151863620005315,0,0,0,0,0.0,task_success_while_recovery_active_per_intervention,True,False,,full,0.2
ACT + RL Recovery,593,6000635,metaworld,True,51,0.4065167090011528,1,1,1,29,0.85,task_success_while_recovery_active_per_intervention,True,False,,full,0.2
ACT + RL Recovery,594,6000636,metaworld,True,54,0.556771146999381,1,1,1,45,1.0,task_success_while_recovery_active_per_intervention,True,False,,full,0.2
ACT + RL Recovery,595,6000637,metaworld,True,52,0.46713070899932063,1,1,1,32,0.85,task_success_while_recovery_active_per_intervention,True,False,,full,0.2
ACT + RL Recovery,596,6000638,metaworld,True,50,0.2943968389990914,0,0,0,0,0.0,task_success_while_recovery_active_per_intervention,True,False,,full,0.2
ACT + RL Recovery,597,6000639,metaworld,False,200,0.5550053269980708,1,0,1,150,0.9,task_success_while_recovery_active_per_intervention,False,True,timeout,full,0.2
ACT + RL Recovery,598,6000640,metaworld,True,51,0.3565513399989868,1,1,1,31,0.85,task_success_while_recovery_active_per_intervention,True,False,,full,0.2
ACT + RL Recovery,599,6000641,metaworld,True,48,0.3482258650001313,1,1,1,28,0.85,task_success_while_recovery_active_per_intervention,True,False,,full,0.2
ACT + RL Recovery,600,6000642,metaworld,True,50,0.27413545699891984,0,0,0,0,0.0,task_success_while_recovery_active_per_intervention,True,False,,full,0.2
ACT + RL Recovery,601,6000643,metaworld,False,200,1.2444158010002866,1,0,1,150,0.9,task_success_while_recovery_active_per_intervention,False,True,timeout,full,0.2
ACT + RL Recovery,602,6000644,metaworld,True,52,0.09457544699762366,1,1,1,32,0.85,task_success_while_recovery_active_per_intervention,True,False,,full,0.2
ACT + RL Recovery,603,6000645,metaworld,True,52,0.09116228399943793,1,1,1,31,0.85,task_success_while_recovery_active_per_intervention,True,False,,full,0.2
ACT + RL Recovery,604,6000646,metaworld,True,52,0.22786917900157277,1,1,1,29,0.85,task_success_while_recovery_active_per_intervention,True,False,,full,0.2
ACT + RL Recovery,605,6000647,metaworld,True,55,0.37819365699760965,1,1,1,35,0.85,task_success_while_recovery_active_per_intervention,True,False,,full,0.2
ACT + RL Recovery,606,6000648,metaworld,True,51,0.37601767699743505,1,1,1,31,0.85,task_success_while_recovery_active_per_intervention,True,False,,full,0.2
ACT + RL Recovery,607,6000649,metaworld,True,62,0.49923846700039576,1,1,1,42,0.85,task_success_while_recovery_active_per_intervention,True,False,,full,0.2
ACT + RL Recovery,608,6000650,metaworld,False,200,0.4112169250001898,1,0,1,150,1.0,task_success_while_recovery_active_per_intervention,False,True,object_dropped,full,0.2
ACT + RL Recovery,609,6000651,metaworld,True,51,0.24282617599965306,0,0,0,0,0.0,task_success_while_recovery_active_per_intervention,True,False,,full,0.2
ACT + RL Recovery,610,6000652,metaworld,False,200,1.0326031359982153,1,0,1,150,0.9,task_success_while_recovery_active_per_intervention,False,True,timeout,full,0.2
ACT + RL Recovery,611,6000653,metaworld,True,54,0.42834828500053845,1,1,1,31,0.85,task_success_while_recovery_active_per_intervention,True,False,,full,0.2
ACT + RL Recovery,612,6000654,metaworld,True,60,0.32680701999925077,0,0,0,0,0.0,task_success_while_recovery_active_per_intervention,True,False,,full,0.2
ACT + RL Recovery,613,6000655,metaworld,False,200,1.63699622599961,1,0,1,150,0.9,task_success_while_recovery_active_per_intervention,False,True,timeout,full,0.2
ACT + RL Recovery,614,6000656,metaworld,True,53,0.2941595190022781,0,0,0,0,0.0,task_success_while_recovery_active_per_intervention,True,False,,full,0.2
ACT + RL Recovery,615,6000657,metaworld,True,60,0.33040676299788174,0,0,0,0,0.0,task_success_while_recovery_active_per_intervention,True,False,,full,0.2
ACT + RL Recovery,616,6000658,metaworld,True,49,0.33341749900137074,1,1,1,29,0.85,task_success_while_recovery_active_per_intervention,True,False,,full,0.2
ACT + RL Recovery,617,6000659,metaworld,False,200,0.6374044949989184,1,0,1,145,1.0,task_success_while_recovery_active_per_intervention,False,True,object_dropped,full,0.2
ACT + RL Recovery,618,6000660,metaworld,True,49,0.4358784510004625,1,1,1,29,0.85,task_success_while_recovery_active_per_intervention,True,False,,full,0.2
ACT + RL Recovery,619,6000661,metaworld,True,53,0.2830348240022431,0,0,0,0,0.0,task_success_while_recovery_active_per_intervention,True,False,,full,0.2
ACT + RL Recovery,620,6000662,metaworld,True,57,0.5259132579994912,1,1,1,37,0.85,task_success_while_recovery_active_per_intervention,True,False,,full,0.2
ACT + RL Recovery,621,6000663,metaworld,True,55,0.3714301330001035,1,1,1,35,0.85,task_success_while_recovery_active_per_intervention,True,False,,full,0.2
ACT + RL Recovery,622,6000664,metaworld,True,59,0.3363048790015455,0,0,0,0,0.0,task_success_while_recovery_active_per_intervention,True,False,,full,0.2
ACT + RL Recovery,623,6000665,metaworld,True,52,0.12903224700130522,1,1,1,32,0.85,task_success_while_recovery_active_per_intervention,True,False,,full,0.2
ACT + RL Recovery,624,6000666,metaworld,True,59,0.37755282600119244,1,1,1,39,0.85,task_success_while_recovery_active_per_intervention,True,False,,full,0.2
ACT + RL Recovery,625,6000667,metaworld,True,54,0.12237438900046982,1,1,1,34,0.85,task_success_while_recovery_active_per_intervention,True,False,,full,0.2
ACT + RL Recovery,626,6000668,metaworld,True,52,0.18424337599935825,0,0,0,0,0.0,task_success_while_recovery_active_per_intervention,True,False,,full,0.2
ACT + RL Recovery,627,6000669,metaworld,True,59,0.35324340099759866,1,1,1,38,0.85,task_success_while_recovery_active_per_intervention,True,False,,full,0.2
ACT + RL Recovery,628,6000670,metaworld,True,51,0.27371710400257143,0,0,0,0,0.0,task_success_while_recovery_active_per_intervention,True,False,,full,0.2
ACT + RL Recovery,629,6000671,metaworld,True,49,0.215036671001144,0,0,0,0,0.0,task_success_while_recovery_active_per_intervention,True,False,,full,0.2
ACT + RL Recovery,630,6000672,metaworld,True,48,0.13160682300076587,0,0,0,0,0.0,task_success_while_recovery_active_per_intervention,True,False,,full,0.2
ACT + RL Recovery,631,6000673,metaworld,True,58,0.24680837900086772,0,0,0,0,0.0,task_success_while_recovery_active_per_intervention,True,False,,full,0.2
ACT + RL Recovery,632,6000674,metaworld,True,49,0.31624940000256174,0,0,0,0,0.0,task_success_while_recovery_active_per_intervention,True,False,,full,0.2
ACT + RL Recovery,633,6000675,metaworld,False,200,0.8803971490015101,1,0,1,150,1.0,task_success_while_recovery_active_per_intervention,False,True,object_dropped,full,0.2
ACT + RL Recovery,634,6000676,metaworld,True,53,0.14164650500242715,0,0,0,0,0.0,task_success_while_recovery_active_per_intervention,True,False,,full,0.2
ACT + RL Recovery,635,6000677,metaworld,True,52,0.3125900819977687,1,1,1,32,0.85,task_success_while_recovery_active_per_intervention,True,False,,full,0.2
ACT + RL Recovery,636,6000678,metaworld,True,58,0.5259709969977848,1,1,1,38,0.85,task_success_while_recovery_active_per_intervention,True,False,,full,0.2
ACT + RL Recovery,637,6000679,metaworld,True,52,0.263583132000349,1,1,1,31,0.85,task_success_while_recovery_active_per_intervention,True,False,,full,0.2
ACT + RL Recovery,638,6000680,metaworld,True,58,0.16577286399842706,0,0,0,0,0.0,task_success_while_recovery_active_per_intervention,True,False,,full,0.2
ACT + RL Recovery,639,6000681,metaworld,True,51,0.22785379599736189,1,1,1,31,0.85,task_success_while_recovery_active_per_intervention,True,False,,full,0.2
ACT + RL Recovery,640,6000682,metaworld,True,58,0.2404219420022855,1,1,1,38,0.85,task_success_while_recovery_active_per_intervention,True,False,,full,0.2
ACT + RL Recovery,641,6000683,metaworld,True,60,0.4492380109986698,1,1,1,40,0.85,task_success_while_recovery_active_per_intervention,True,False,,full,0.2
ACT + RL Recovery,642,6000684,metaworld,True,48,0.2643112320001819,0,0,0,0,0.0,task_success_while_recovery_active_per_intervention,True,False,,full,0.2
ACT + RL Recovery,643,6000685,metaworld,False,200,1.272501357998408,1,0,1,150,1.0,task_success_while_recovery_active_per_intervention,False,True,object_dropped,full,0.2
ACT + RL Recovery,644,6000686,metaworld,True,59,0.2183659579968662,1,1,1,36,0.85,task_success_while_recovery_active_per_intervention,True,False,,full,0.2
ACT + RL Recovery,645,6000687,metaworld,True,50,0.3322523409988207,1,1,1,30,0.85,task_success_while_recovery_active_per_intervention,True,False,,full,0.2
ACT + RL Recovery,646,6000688,metaworld,True,54,0.3928909019996354,1,1,1,34,0.85,task_success_while_recovery_active_per_intervention,True,False,,full,0.2
ACT + RL Recovery,647,6000689,metaworld,True,59,0.38034666100065806,0,0,0,0,0.0,task_success_while_recovery_active_per_intervention,True,False,,full,0.2
ACT + RL Recovery,648,6000690,metaworld,True,52,0.46177214500130503,1,1,1,32,0.85,task_success_while_recovery_active_per_intervention,True,False,,full,0.2
ACT + RL Recovery,649,6000691,metaworld,True,58,0.47096135299943853,1,1,1,38,0.85,task_success_while_recovery_active_per_intervention,True,False,,full,0.2
ACT + RL Recovery,650,6000692,metaworld,True,48,0.3263919109995186,0,0,0,0,0.0,task_success_while_recovery_active_per_intervention,True,False,,full,0.2
ACT + RL Recovery,651,6000693,metaworld,True,48,0.2951362180028809,0,0,0,0,0.0,task_success_while_recovery_active_per_intervention,True,False,,full,0.2
ACT + RL Recovery,652,6000694,metaworld,True,57,0.1752888740011258,0,0,0,0,0.0,task_success_while_recovery_active_per_intervention,True,False,,full,0.2
ACT + RL Recovery,653,6000695,metaworld,True,51,0.09191291100069066,1,1,1,31,0.85,task_success_while_recovery_active_per_intervention,True,False,,full,0.2
ACT + RL Recovery,654,6000696,metaworld,True,49,0.13958298100260436,0,0,0,0,0.0,task_success_while_recovery_active_per_intervention,True,False,,full,0.2
ACT + RL Recovery,655,6000697,metaworld,True,54,0.15885863799849176,0,0,0,0,0.0,task_success_while_recovery_active_per_intervention,True,False,,full,0.2
ACT + RL Recovery,656,6000698,metaworld,True,55,0.4782384780010034,1,1,1,35,0.85,task_success_while_recovery_active_per_intervention,True,False,,full,0.2
ACT + RL Recovery,657,6000699,metaworld,True,56,0.4321950810008275,1,1,1,36,0.85,task_success_while_recovery_active_per_intervention,True,False,,full,0.2
ACT + RL Recovery,658,6000700,metaworld,True,51,0.22780493699974613,0,0,0,0,0.0,task_success_while_recovery_active_per_intervention,True,False,,full,0.2
ACT + RL Recovery,659,6000701,metaworld,True,49,0.2907617740020214,1,1,1,29,0.85,task_success_while_recovery_active_per_intervention,True,False,,full,0.2
ACT + RL Recovery,660,6000702,metaworld,True,52,0.20205951600291883,1,1,1,32,0.85,task_success_while_recovery_active_per_intervention,True,False,,full,0.2
ACT + RL Recovery,661,6000703,metaworld,False,200,0.8178843009991397,1,0,1,150,0.9,task_success_while_recovery_active_per_intervention,False,True,timeout,full,0.2
ACT + RL Recovery,662,6000704,metaworld,True,57,0.38574199299910106,1,1,1,37,0.85,task_success_while_recovery_active_per_intervention,True,False,,full,0.2
ACT + RL Recovery,663,6000705,metaworld,True,54,0.28962952100118855,0,0,0,0,0.0,task_success_while_recovery_active_per_intervention,True,False,,full,0.2
ACT + RL Recovery,664,6000706,metaworld,True,44,0.2904165420004574,1,1,1,24,0.85,task_success_while_recovery_active_per_intervention,True,False,,full,0.2
ACT + RL Recovery,665,6000707,metaworld,True,53,0.27853909799887333,0,0,0,0,0.0,task_success_while_recovery_active_per_intervention,True,False,,full,0.2
ACT + RL Recovery,666,6000708,metaworld,False,200,0.5878099850015133,1,0,1,150,0.9,task_success_while_recovery_active_per_intervention,False,True,timeout,full,0.2
ACT + RL Recovery,667,6000709,metaworld,True,46,0.1388416160007182,0,0,0,0,0.0,task_success_while_recovery_active_per_intervention,True,False,,full,0.2
ACT + RL Recovery,668,6000710,metaworld,True,58,0.4418202790002397,1,1,1,36,0.85,task_success_while_recovery_active_per_intervention,True,False,,full,0.2
ACT + RL Recovery,669,6000711,metaworld,True,56,0.3983427560015116,1,1,1,33,0.85,task_success_while_recovery_active_per_intervention,True,False,,full,0.2
ACT + RL Recovery,670,6000712,metaworld,True,52,0.16930730900276103,0,0,0,0,0.0,task_success_while_recovery_active_per_intervention,True,False,,full,0.2
ACT + RL Recovery,671,6000713,metaworld,True,52,0.17152180800258066,0,0,0,0,0.0,task_success_while_recovery_active_per_intervention,True,False,,full,0.2
ACT + RL Recovery,672,6000714,metaworld,True,49,0.3773612269978912,1,1,1,26,0.85,task_success_while_recovery_active_per_intervention,True,False,,full,0.2
ACT + RL Recovery,673,6000715,metaworld,True,59,0.24408698600018397,0,0,0,0,0.0,task_success_while_recovery_active_per_intervention,True,False,,full,0.2
ACT + RL Recovery,674,6000716,metaworld,True,52,0.2396845929979463,1,1,1,32,0.85,task_success_while_recovery_active_per_intervention,True,False,,full,0.2
ACT + RL Recovery,675,6000717,metaworld,True,53,0.3435796490011853,1,1,1,33,0.85,task_success_while_recovery_active_per_intervention,True,False,,full,0.2
ACT + RL Recovery,676,6000718,metaworld,True,51,0.43250137599898153,0,0,0,0,0.0,task_success_while_recovery_active_per_intervention,True,False,,full,0.2
ACT + RL Recovery,677,6000719,metaworld,True,58,0.563750188000995,1,1,1,38,0.85,task_success_while_recovery_active_per_intervention,True,False,,full,0.2
ACT + RL Recovery,678,6000720,metaworld,True,58,0.5001404190006724,1,1,1,38,0.85,task_success_while_recovery_active_per_intervention,True,False,,full,0.2
ACT + RL Recovery,679,6000721,metaworld,True,58,0.20493050900040544,1,1,1,36,0.85,task_success_while_recovery_active_per_intervention,True,False,,full,0.2
ACT + RL Recovery,680,6000722,metaworld,True,58,0.16113286800100468,0,0,0,0,0.0,task_success_while_recovery_active_per_intervention,True,False,,full,0.2
ACT + RL Recovery,681,6000723,metaworld,True,65,0.23194326799784903,1,1,1,43,0.85,task_success_while_recovery_active_per_intervention,True,False,,full,0.2
ACT + RL Recovery,682,6000724,metaworld,False,200,1.474611449000804,1,0,1,150,0.9,task_success_while_recovery_active_per_intervention,False,True,timeout,full,0.2
ACT + RL Recovery,683,6000725,metaworld,True,50,0.34996763999879477,1,1,1,30,0.85,task_success_while_recovery_active_per_intervention,True,False,,full,0.2
ACT + RL Recovery,684,6000726,metaworld,True,51,0.4899487089969625,1,1,1,31,0.85,task_success_while_recovery_active_per_intervention,True,False,,full,0.2
ACT + RL Recovery,685,6000727,metaworld,True,53,0.45510990300317644,1,1,1,33,0.85,task_success_while_recovery_active_per_intervention,True,False,,full,0.2
ACT + RL Recovery,686,6000728,metaworld,True,58,0.3146625759982271,0,0,0,0,0.0,task_success_while_recovery_active_per_intervention,True,False,,full,0.2
ACT + RL Recovery,687,6000729,metaworld,True,56,0.22798441399936564,0,0,0,0,0.0,task_success_while_recovery_active_per_intervention,True,False,,full,0.2
ACT + RL Recovery,688,6000730,metaworld,True,62,0.1012935800026753,1,1,1,42,0.85,task_success_while_recovery_active_per_intervention,True,False,,full,0.2
ACT + RL Recovery,689,6000731,metaworld,True,47,0.130375451000873,0,0,0,0,0.0,task_success_while_recovery_active_per_intervention,True,False,,full,0.2
ACT + RL Recovery,690,6000732,metaworld,True,52,0.09390415600137203,1,1,1,32,0.85,task_success_while_recovery_active_per_intervention,True,False,,full,0.2
ACT + RL Recovery,691,6000733,metaworld,True,55,0.41108220699970843,1,1,1,35,0.85,task_success_while_recovery_active_per_intervention,True,False,,full,0.2
ACT + RL Recovery,692,6000734,metaworld,True,57,0.5768165689987654,1,1,1,37,0.85,task_success_while_recovery_active_per_intervention,True,False,,full,0.2
ACT + RL Recovery,693,6000735,metaworld,True,55,0.5408055740008422,1,1,1,35,0.85,task_success_while_recovery_active_per_intervention,True,False,,full,0.2
ACT + RL Recovery,694,6000736,metaworld,True,58,0.4183337920003396,1,1,1,38,0.85,task_success_while_recovery_active_per_intervention,True,False,,full,0.2
ACT + RL Recovery,695,6000737,metaworld,True,53,0.399103419000312,1,1,1,32,0.85,task_success_while_recovery_active_per_intervention,True,False,,full,0.2
ACT + RL Recovery,696,6000738,metaworld,True,52,0.3872261790020275,1,1,1,32,0.85,task_success_while_recovery_active_per_intervention,True,False,,full,0.2
ACT + RL Recovery,697,6000739,metaworld,True,61,0.49469949700142024,1,1,1,41,0.85,task_success_while_recovery_active_per_intervention,True,False,,full,0.2
ACT + RL Recovery,698,6000740,metaworld,True,58,0.3652705509994121,1,1,1,38,0.85,task_success_while_recovery_active_per_intervention,True,False,,full,0.2
ACT + RL Recovery,699,6000741,metaworld,True,56,0.19470071400064626,0,0,0,0,0.0,task_success_while_recovery_active_per_intervention,True,False,,full,0.2
ACT + RL Recovery,700,6000742,metaworld,True,55,0.3132290159992408,1,1,1,33,0.85,task_success_while_recovery_active_per_intervention,True,False,,full,0.2
ACT + RL Recovery,701,6000743,metaworld,True,66,0.5763033980001637,1,1,1,46,0.85,task_success_while_recovery_active_per_intervention,True,False,,full,0.2
ACT + RL Recovery,702,6000744,metaworld,True,55,0.4698305950005306,1,1,1,35,0.85,task_success_while_recovery_active_per_intervention,True,False,,full,0.2
ACT + RL Recovery,703,6000745,metaworld,False,200,1.2838550630003738,1,0,1,150,0.9,task_success_while_recovery_active_per_intervention,False,True,timeout,full,0.2
ACT + RL Recovery,704,6000746,metaworld,True,50,0.22580068900060724,0,0,0,0,0.0,task_success_while_recovery_active_per_intervention,True,False,,full,0.2
ACT + RL Recovery,705,6000747,metaworld,True,54,0.18198453500008327,1,1,1,34,0.85,task_success_while_recovery_active_per_intervention,True,False,,full,0.2
ACT + RL Recovery,706,6000748,metaworld,True,48,0.19796207500257879,1,1,1,28,0.85,task_success_while_recovery_active_per_intervention,True,False,,full,0.2
ACT + RL Recovery,707,6000749,metaworld,True,58,0.1996060999990732,0,0,0,0,0.0,task_success_while_recovery_active_per_intervention,True,False,,full,0.2
ACT + RL Recovery,708,6000750,metaworld,True,67,0.28005174699865165,1,1,1,47,0.85,task_success_while_recovery_active_per_intervention,True,False,,full,0.2
ACT + RL Recovery,709,6000751,metaworld,True,48,0.14192629900207976,1,1,1,28,0.85,task_success_while_recovery_active_per_intervention,True,False,,full,0.2
ACT + RL Recovery,710,6000752,metaworld,False,200,0.6283072469996114,1,0,1,129,1.0,task_success_while_recovery_active_per_intervention,False,True,timeout,full,0.2
ACT + RL Recovery,711,6000753,metaworld,True,55,0.30112772099892027,0,0,0,0,0.0,task_success_while_recovery_active_per_intervention,True,False,,full,0.2
ACT + RL Recovery,712,6000754,metaworld,True,52,0.4013308030007465,1,1,1,32,0.85,task_success_while_recovery_active_per_intervention,True,False,,full,0.2
ACT + RL Recovery,713,6000755,metaworld,False,200,0.5140543609995802,1,0,1,150,0.9,task_success_while_recovery_active_per_intervention,False,True,timeout,full,0.2
ACT + RL Recovery,714,6000756,metaworld,True,53,0.08974910300094052,1,1,1,33,0.85,task_success_while_recovery_active_per_intervention,True,False,,full,0.2
ACT + RL Recovery,715,6000757,metaworld,True,50,0.08571709099851432,1,1,1,30,0.85,task_success_while_recovery_active_per_intervention,True,False,,full,0.2
ACT + RL Recovery,716,6000758,metaworld,True,54,0.6188441810008953,1,1,1,34,0.85,task_success_while_recovery_active_per_intervention,True,False,,full,0.2
ACT + RL Recovery,717,6000759,metaworld,True,51,0.5148430820008798,0,0,0,0,0.0,task_success_while_recovery_active_per_intervention,True,False,,full,0.2
ACT + RL Recovery,718,6000760,metaworld,True,60,0.6240250320006453,1,1,1,40,0.85,task_success_while_recovery_active_per_intervention,True,False,,full,0.2
ACT + RL Recovery,719,6000761,metaworld,True,57,0.5537805990024935,1,1,1,37,0.85,task_success_while_recovery_active_per_intervention,True,False,,full,0.2
ACT + RL Recovery,720,6000762,metaworld,True,52,0.4778346649982268,1,1,1,32,0.85,task_success_while_recovery_active_per_intervention,True,False,,full,0.2
ACT + RL Recovery,721,6000763,metaworld,True,55,0.2652230169987888,0,0,0,0,0.0,task_success_while_recovery_active_per_intervention,True,False,,full,0.2
ACT + RL Recovery,722,6000764,metaworld,True,49,0.3473746810013836,1,1,1,29,0.85,task_success_while_recovery_active_per_intervention,True,False,,full,0.2
ACT + RL Recovery,723,6000765,metaworld,True,55,0.5147538540004462,1,1,1,34,0.85,task_success_while_recovery_active_per_intervention,True,False,,full,0.2
ACT + RL Recovery,724,6000766,metaworld,True,53,0.41366493299938156,1,1,1,33,0.85,task_success_while_recovery_active_per_intervention,True,False,,full,0.2
ACT + RL Recovery,725,6000767,metaworld,True,61,0.34171896200132323,1,1,1,41,0.85,task_success_while_recovery_active_per_intervention,True,False,,full,0.2
ACT + RL Recovery,726,6000768,metaworld,True,55,0.3251894919994811,1,1,1,35,0.85,task_success_while_recovery_active_per_intervention,True,False,,full,0.2
ACT + RL Recovery,727,6000769,metaworld,True,53,0.27884119599912083,0,0,0,0,0.0,task_success_while_recovery_active_per_intervention,True,False,,full,0.2
ACT + RL Recovery,728,6000770,metaworld,True,51,0.10488211399933789,1,1,1,31,0.85,task_success_while_recovery_active_per_intervention,True,False,,full,0.2
ACT + RL Recovery,729,6000771,metaworld,True,50,0.40522847100146464,1,1,1,30,0.85,task_success_while_recovery_active_per_intervention,True,False,,full,0.2
ACT + RL Recovery,730,6000772,metaworld,True,46,0.13442233399837278,1,1,1,26,0.85,task_success_while_recovery_active_per_intervention,True,False,,full,0.2
ACT + RL Recovery,731,6000773,metaworld,True,48,0.24810014299873728,0,0,0,0,0.0,task_success_while_recovery_active_per_intervention,True,False,,full,0.2
ACT + RL Recovery,732,6000774,metaworld,True,50,0.23054496500117239,1,1,1,29,0.85,task_success_while_recovery_active_per_intervention,True,False,,full,0.2
ACT + RL Recovery,733,6000775,metaworld,False,200,1.3792130960027862,1,0,1,150,0.9,task_success_while_recovery_active_per_intervention,False,True,timeout,full,0.2
ACT + RL Recovery,734,6000776,metaworld,False,200,1.2295834329997888,1,0,1,150,0.9,task_success_while_recovery_active_per_intervention,False,True,timeout,full,0.2
ACT + RL Recovery,735,6000777,metaworld,True,62,0.47043820600083563,1,1,1,42,0.85,task_success_while_recovery_active_per_intervention,True,False,,full,0.2
ACT + RL Recovery,736,6000778,metaworld,True,51,0.42778896299932967,1,1,1,31,0.85,task_success_while_recovery_active_per_intervention,True,False,,full,0.2
ACT + RL Recovery,737,6000779,metaworld,True,55,0.28862635100085754,0,0,0,0,0.0,task_success_while_recovery_active_per_intervention,True,False,,full,0.2
ACT + RL Recovery,738,6000780,metaworld,True,56,0.4819106049981201,1,1,1,36,0.85,task_success_while_recovery_active_per_intervention,True,False,,full,0.2
ACT + RL Recovery,739,6000781,metaworld,True,52,0.1770522639999399,1,1,1,32,0.85,task_success_while_recovery_active_per_intervention,True,False,,full,0.2
ACT + RL Recovery,740,6000782,metaworld,True,55,0.12935744100104785,0,0,0,0,0.0,task_success_while_recovery_active_per_intervention,True,False,,full,0.2
ACT + RL Recovery,741,6000783,metaworld,False,200,1.483571799002675,1,0,1,150,0.9,task_success_while_recovery_active_per_intervention,False,True,timeout,full,0.2
ACT + RL Recovery,742,6000784,metaworld,True,49,0.12165552800070145,0,0,0,0,0.0,task_success_while_recovery_active_per_intervention,True,False,,full,0.2
ACT + RL Recovery,743,6000785,metaworld,True,57,0.0929173529984837,1,1,1,36,0.85,task_success_while_recovery_active_per_intervention,True,False,,full,0.2
ACT + RL Recovery,744,6000786,metaworld,True,57,0.2720747509993089,1,1,1,37,0.85,task_success_while_recovery_active_per_intervention,True,False,,full,0.2
ACT + RL Recovery,745,6000787,metaworld,True,60,0.31906126700050663,1,1,1,38,0.85,task_success_while_recovery_active_per_intervention,True,False,,full,0.2
ACT + RL Recovery,746,6000788,metaworld,True,50,0.25338365499919746,1,1,1,30,0.85,task_success_while_recovery_active_per_intervention,True,False,,full,0.2
ACT + RL Recovery,747,6000789,metaworld,True,58,0.11215093200007686,1,1,1,38,0.85,task_success_while_recovery_active_per_intervention,True,False,,full,0.2
ACT + RL Recovery,748,6000790,metaworld,True,53,0.1341594730001816,0,0,0,0,0.0,task_success_while_recovery_active_per_intervention,True,False,,full,0.2
ACT + RL Recovery,749,6000791,metaworld,False,200,1.3987417120006285,1,0,1,150,1.0,task_success_while_recovery_active_per_intervention,False,True,object_dropped,full,0.2
ACT + RL Recovery,750,6000792,metaworld,True,58,0.3412965860006807,1,1,1,38,0.85,task_success_while_recovery_active_per_intervention,True,False,,full,0.2
ACT + RL Recovery,751,6000793,metaworld,True,57,0.40175061500121956,1,1,1,37,0.85,task_success_while_recovery_active_per_intervention,True,False,,full,0.2
ACT + RL Recovery,752,6000794,metaworld,True,61,0.3887970280011359,0,0,0,0,0.0,task_success_while_recovery_active_per_intervention,True,False,,full,0.2
ACT + RL Recovery,753,6000795,metaworld,True,58,0.5717281469987938,1,1,1,38,0.85,task_success_while_recovery_active_per_intervention,True,False,,full,0.2
ACT + RL Recovery,754,6000796,metaworld,True,56,0.23964054800308077,1,1,1,36,0.85,task_success_while_recovery_active_per_intervention,True,False,,full,0.2
ACT + RL Recovery,755,6000797,metaworld,True,47,0.07125263999841991,1,1,1,27,0.85,task_success_while_recovery_active_per_intervention,True,False,,full,0.2
ACT + RL Recovery,756,6000798,metaworld,True,60,0.08920073300032527,1,1,1,37,0.85,task_success_while_recovery_active_per_intervention,True,False,,full,0.2
ACT + RL Recovery,757,6000799,metaworld,True,57,0.08496437999929185,1,1,1,36,0.85,task_success_while_recovery_active_per_intervention,True,False,,full,0.2
ACT + RL Recovery,758,6000800,metaworld,True,53,0.22880423500100733,1,1,1,33,0.85,task_success_while_recovery_active_per_intervention,True,False,,full,0.2
ACT + RL Recovery,759,6000801,metaworld,True,51,0.12140159599948674,0,0,0,0,0.0,task_success_while_recovery_active_per_intervention,True,False,,full,0.2
ACT + RL Recovery,760,6000802,metaworld,True,51,0.21724076899772626,1,1,1,31,0.85,task_success_while_recovery_active_per_intervention,True,False,,full,0.2
ACT + RL Recovery,761,6000803,metaworld,True,59,0.14784552499986603,0,0,0,0,0.0,task_success_while_recovery_active_per_intervention,True,False,,full,0.2
ACT + RL Recovery,762,6000804,metaworld,True,57,0.14684085699991556,0,0,0,0,0.0,task_success_while_recovery_active_per_intervention,True,False,,full,0.2
ACT + RL Recovery,763,6000805,metaworld,True,49,0.22728146699955687,1,1,1,27,0.85,task_success_while_recovery_active_per_intervention,True,False,,full,0.2
ACT + RL Recovery,764,6000806,metaworld,True,50,0.1355085040013364,0,0,0,0,0.0,task_success_while_recovery_active_per_intervention,True,False,,full,0.2
ACT + RL Recovery,765,6000807,metaworld,True,53,0.3452748169984261,1,1,1,32,0.85,task_success_while_recovery_active_per_intervention,True,False,,full,0.2
ACT + RL Recovery,766,6000808,metaworld,True,56,0.38965770899812924,1,1,1,34,0.85,task_success_while_recovery_active_per_intervention,True,False,,full,0.2
ACT + RL Recovery,767,6000809,metaworld,True,55,0.13556315899768379,0,0,0,0,0.0,task_success_while_recovery_active_per_intervention,True,False,,full,0.2
ACT + RL Recovery,768,6000810,metaworld,True,54,0.12173891899874434,0,0,0,0,0.0,task_success_while_recovery_active_per_intervention,True,False,,full,0.2
ACT + RL Recovery,769,6000811,metaworld,False,200,1.0999257860021316,1,0,1,150,0.9,task_success_while_recovery_active_per_intervention,False,True,timeout,full,0.2
ACT + RL Recovery,770,6000812,metaworld,True,50,0.11557311400247272,0,0,0,0,0.0,task_success_while_recovery_active_per_intervention,True,False,,full,0.2
ACT + RL Recovery,771,6000813,metaworld,True,60,0.282592998999462,1,1,1,38,0.85,task_success_while_recovery_active_per_intervention,True,False,,full,0.2
ACT + RL Recovery,772,6000814,metaworld,True,55,0.2836161289997108,1,1,1,35,0.85,task_success_while_recovery_active_per_intervention,True,False,,full,0.2
ACT + RL Recovery,773,6000815,metaworld,True,53,0.12016210400179261,0,0,0,0,0.0,task_success_while_recovery_active_per_intervention,True,False,,full,0.2
ACT + RL Recovery,774,6000816,metaworld,True,52,0.14942287099984242,0,0,0,0,0.0,task_success_while_recovery_active_per_intervention,True,False,,full,0.2
ACT + RL Recovery,775,6000817,metaworld,True,60,0.47693885100306943,1,1,1,40,0.85,task_success_while_recovery_active_per_intervention,True,False,,full,0.2
ACT + RL Recovery,776,6000818,metaworld,True,54,0.16586562300290097,0,0,0,0,0.0,task_success_while_recovery_active_per_intervention,True,False,,full,0.2
ACT + RL Recovery,777,6000819,metaworld,True,64,0.411777928002266,1,1,1,44,0.85,task_success_while_recovery_active_per_intervention,True,False,,full,0.2
ACT + RL Recovery,778,6000820,metaworld,True,47,0.11528829700182541,0,0,0,0,0.0,task_success_while_recovery_active_per_intervention,True,False,,full,0.2
ACT + RL Recovery,779,6000821,metaworld,True,54,0.1773392920003971,1,1,1,34,0.85,task_success_while_recovery_active_per_intervention,True,False,,full,0.2
ACT + RL Recovery,780,6000822,metaworld,True,63,0.408459166999819,1,1,1,43,0.85,task_success_while_recovery_active_per_intervention,True,False,,full,0.2
ACT + RL Recovery,781,6000823,metaworld,True,60,0.5190769900000305,1,1,1,40,0.85,task_success_while_recovery_active_per_intervention,True,False,,full,0.2
ACT + RL Recovery,782,6000824,metaworld,True,57,0.33648560700021335,1,1,1,37,0.85,task_success_while_recovery_active_per_intervention,True,False,,full,0.2
ACT + RL Recovery,783,6000825,metaworld,True,53,0.370039954999811,1,1,1,33,0.85,task_success_while_recovery_active_per_intervention,True,False,,full,0.2
ACT + RL Recovery,784,6000826,metaworld,True,57,0.1529784109989123,0,0,0,0,0.0,task_success_while_recovery_active_per_intervention,True,False,,full,0.2
ACT + RL Recovery,785,6000827,metaworld,True,55,0.2668511169977137,1,1,1,34,0.85,task_success_while_recovery_active_per_intervention,True,False,,full,0.2
ACT + RL Recovery,786,6000828,metaworld,True,67,0.3980915499996627,1,1,1,47,0.85,task_success_while_recovery_active_per_intervention,True,False,,full,0.2
ACT + RL Recovery,787,6000829,metaworld,True,57,0.478627280001092,1,1,1,37,0.85,task_success_while_recovery_active_per_intervention,True,False,,full,0.2
ACT + RL Recovery,788,6000830,metaworld,True,55,0.36705536000226857,1,1,1,32,0.85,task_success_while_recovery_active_per_intervention,True,False,,full,0.2
ACT + RL Recovery,789,6000831,metaworld,True,56,0.14748505600073258,0,0,0,0,0.0,task_success_while_recovery_active_per_intervention,True,False,,full,0.2
ACT + RL Recovery,790,6000832,metaworld,True,64,0.463116810999054,1,1,1,44,0.85,task_success_while_recovery_active_per_intervention,True,False,,full,0.2
ACT + RL Recovery,791,6000833,metaworld,True,67,0.46891912700084504,1,1,1,47,0.85,task_success_while_recovery_active_per_intervention,True,False,,full,0.2
ACT + RL Recovery,792,6000834,metaworld,True,57,0.2833669359970372,0,0,0,0,0.0,task_success_while_recovery_active_per_intervention,True,False,,full,0.2
ACT + RL Recovery,793,6000835,metaworld,False,200,1.2010519229988859,1,0,1,150,0.9,task_success_while_recovery_active_per_intervention,False,True,timeout,full,0.2
ACT + RL Recovery,794,6000836,metaworld,True,55,0.34773507499994594,1,1,1,35,0.85,task_success_while_recovery_active_per_intervention,True,False,,full,0.2
ACT + RL Recovery,795,6000837,metaworld,True,60,0.2030270630020823,0,0,0,0,0.0,task_success_while_recovery_active_per_intervention,True,False,,full,0.2
ACT + RL Recovery,796,6000838,metaworld,True,70,0.45621784399918397,1,1,1,47,0.85,task_success_while_recovery_active_per_intervention,True,False,,full,0.2
ACT + RL Recovery,797,6000839,metaworld,True,57,0.34662691300036386,0,0,0,0,0.0,task_success_while_recovery_active_per_intervention,True,False,,full,0.2
ACT + RL Recovery,798,6000840,metaworld,True,58,0.38787749399853055,1,1,1,38,0.85,task_success_while_recovery_active_per_intervention,True,False,,full,0.2
ACT + RL Recovery,799,6000841,metaworld,True,68,0.5376271090026421,1,1,1,45,0.85,task_success_while_recovery_active_per_intervention,True,False,,full,0.2
ACT + RL Recovery,800,6000842,metaworld,True,61,0.4794094810022216,1,1,1,39,0.85,task_success_while_recovery_active_per_intervention,True,False,,full,0.2
ACT + RL Recovery,801,6000843,metaworld,True,60,0.34283100699758506,1,1,1,40,0.85,task_success_while_recovery_active_per_intervention,True,False,,full,0.2
ACT + RL Recovery,802,6000844,metaworld,True,49,0.18694744399908814,0,0,0,0,0.0,task_success_while_recovery_active_per_intervention,True,False,,full,0.2
ACT + RL Recovery,803,6000845,metaworld,True,53,0.3368919989989081,1,1,1,33,0.85,task_success_while_recovery_active_per_intervention,True,False,,full,0.2
ACT + RL Recovery,804,6000846,metaworld,True,50,0.2458145249984227,0,0,0,0,0.0,task_success_while_recovery_active_per_intervention,True,False,,full,0.2
ACT + RL Recovery,805,6000847,metaworld,True,49,0.11050937999971211,1,1,1,29,0.85,task_success_while_recovery_active_per_intervention,True,False,,full,0.2
ACT + RL Recovery,806,6000848,metaworld,True,48,0.07239468999978271,1,1,1,28,0.85,task_success_while_recovery_active_per_intervention,True,False,,full,0.2
ACT + RL Recovery,807,6000849,metaworld,True,49,0.2059425059997011,0,0,0,0,0.0,task_success_while_recovery_active_per_intervention,True,False,,full,0.2
ACT + RL Recovery,808,6000850,metaworld,True,54,0.388747280001553,1,1,1,34,0.85,task_success_while_recovery_active_per_intervention,True,False,,full,0.2
ACT + RL Recovery,809,6000851,metaworld,True,60,0.41120592299921555,1,1,1,40,0.85,task_success_while_recovery_active_per_intervention,True,False,,full,0.2
ACT + RL Recovery,810,6000852,metaworld,True,58,0.39480638800159795,1,1,1,38,0.85,task_success_while_recovery_active_per_intervention,True,False,,full,0.2
ACT + RL Recovery,811,6000853,metaworld,True,51,0.37342997700034175,1,1,1,31,0.85,task_success_while_recovery_active_per_intervention,True,False,,full,0.2
ACT + RL Recovery,812,6000854,metaworld,True,55,0.1586720810009865,0,0,0,0,0.0,task_success_while_recovery_active_per_intervention,True,False,,full,0.2
ACT + RL Recovery,813,6000855,metaworld,True,59,0.3701088920024631,1,1,1,39,0.85,task_success_while_recovery_active_per_intervention,True,False,,full,0.2
ACT + RL Recovery,814,6000856,metaworld,True,56,0.38556826900094165,1,1,1,36,0.85,task_success_while_recovery_active_per_intervention,True,False,,full,0.2
ACT + RL Recovery,815,6000857,metaworld,True,53,0.4300684869995166,1,1,1,33,0.85,task_success_while_recovery_active_per_intervention,True,False,,full,0.2
ACT + RL Recovery,816,6000858,metaworld,True,59,0.18049693900320563,1,1,1,37,0.85,task_success_while_recovery_active_per_intervention,True,False,,full,0.2
ACT + RL Recovery,817,6000859,metaworld,True,50,0.07729057200049283,1,1,1,30,0.85,task_success_while_recovery_active_per_intervention,True,False,,full,0.2
ACT + RL Recovery,818,6000860,metaworld,True,53,0.0817674289974093,1,1,1,33,0.85,task_success_while_recovery_active_per_intervention,True,False,,full,0.2
ACT + RL Recovery,819,6000861,metaworld,False,200,0.5671766479972575,1,0,1,150,0.9,task_success_while_recovery_active_per_intervention,False,True,timeout,full,0.2
ACT + RL Recovery,820,6000862,metaworld,True,51,0.13622163299805834,0,0,0,0,0.0,task_success_while_recovery_active_per_intervention,True,False,,full,0.2
ACT + RL Recovery,821,6000863,metaworld,True,48,0.13304300799791235,0,0,0,0,0.0,task_success_while_recovery_active_per_intervention,True,False,,full,0.2
ACT + RL Recovery,822,6000864,metaworld,True,53,0.3168486020003911,1,1,1,33,0.85,task_success_while_recovery_active_per_intervention,True,False,,full,0.2
ACT + RL Recovery,823,6000865,metaworld,True,62,0.19883203000063077,0,0,0,0,0.0,task_success_while_recovery_active_per_intervention,True,False,,full,0.2
ACT + RL Recovery,824,6000866,metaworld,True,52,0.2598648780003714,0,0,0,0,0.0,task_success_while_recovery_active_per_intervention,True,False,,full,0.2
ACT + RL Recovery,825,6000867,metaworld,False,200,1.4776401509989228,1,0,1,135,1.0,task_success_while_recovery_active_per_intervention,False,True,object_dropped,full,0.2
ACT + RL Recovery,826,6000868,metaworld,False,200,1.2020504310021352,1,0,1,150,0.9,task_success_while_recovery_active_per_intervention,False,True,timeout,full,0.2
ACT + RL Recovery,827,6000869,metaworld,True,56,0.6346644499972172,1,1,1,48,1.0,task_success_while_recovery_active_per_intervention,True,False,,full,0.2
ACT + RL Recovery,828,6000870,metaworld,True,61,0.2928783930001373,0,0,0,0,0.0,task_success_while_recovery_active_per_intervention,True,False,,full,0.2
ACT + RL Recovery,829,6000871,metaworld,True,49,0.18852254100056598,1,1,1,29,0.85,task_success_while_recovery_active_per_intervention,True,False,,full,0.2
ACT + RL Recovery,830,6000872,metaworld,True,55,0.18988303299920517,1,1,1,32,0.85,task_success_while_recovery_active_per_intervention,True,False,,full,0.2
ACT + RL Recovery,831,6000873,metaworld,True,51,0.21670525400259066,0,0,0,0,0.0,task_success_while_recovery_active_per_intervention,True,False,,full,0.2
ACT + RL Recovery,832,6000874,metaworld,True,48,0.25926922199869296,1,1,1,25,0.85,task_success_while_recovery_active_per_intervention,True,False,,full,0.2
ACT + RL Recovery,833,6000875,metaworld,False,200,1.3845754289977776,1,0,1,150,0.9,task_success_while_recovery_active_per_intervention,False,True,timeout,full,0.2
ACT + RL Recovery,834,6000876,metaworld,True,61,0.42018985799950315,1,1,1,41,0.85,task_success_while_recovery_active_per_intervention,True,False,,full,0.2
ACT + RL Recovery,835,6000877,metaworld,True,50,0.3211488820015802,1,1,1,30,0.85,task_success_while_recovery_active_per_intervention,True,False,,full,0.2
ACT + RL Recovery,836,6000878,metaworld,True,54,0.27501533800023026,0,0,0,0,0.0,task_success_while_recovery_active_per_intervention,True,False,,full,0.2
ACT + RL Recovery,837,6000879,metaworld,True,59,0.3559997989978001,1,1,1,39,0.85,task_success_while_recovery_active_per_intervention,True,False,,full,0.2
ACT + RL Recovery,838,6000880,metaworld,True,58,0.11767255000086152,1,1,1,38,0.85,task_success_while_recovery_active_per_intervention,True,False,,full,0.2
ACT + RL Recovery,839,6000881,metaworld,True,50,0.12345867499971064,0,0,0,0,0.0,task_success_while_recovery_active_per_intervention,True,False,,full,0.2
ACT + RL Recovery,840,6000882,metaworld,True,57,0.17774036300033913,0,0,0,0,0.0,task_success_while_recovery_active_per_intervention,True,False,,full,0.2
ACT + RL Recovery,841,6000883,metaworld,True,58,0.5135032529979071,1,1,1,38,0.85,task_success_while_recovery_active_per_intervention,True,False,,full,0.2
ACT + RL Recovery,842,6000884,metaworld,True,53,0.34863669900005334,1,1,1,33,0.85,task_success_while_recovery_active_per_intervention,True,False,,full,0.2
ACT + RL Recovery,843,6000885,metaworld,True,57,0.3246669229993131,1,1,1,37,0.85,task_success_while_recovery_active_per_intervention,True,False,,full,0.2
ACT + RL Recovery,844,6000886,metaworld,True,58,0.1949189379993186,0,0,0,0,0.0,task_success_while_recovery_active_per_intervention,True,False,,full,0.2
ACT + RL Recovery,845,6000887,metaworld,True,50,0.12410534800073947,0,0,0,0,0.0,task_success_while_recovery_active_per_intervention,True,False,,full,0.2
ACT + RL Recovery,846,6000888,metaworld,True,58,0.1431547380016127,0,0,0,0,0.0,task_success_while_recovery_active_per_intervention,True,False,,full,0.2
ACT + RL Recovery,847,6000889,metaworld,True,51,0.27140823299851036,1,1,1,27,0.85,task_success_while_recovery_active_per_intervention,True,False,,full,0.2
ACT + RL Recovery,848,6000890,metaworld,True,57,0.30732609600090655,1,1,1,37,0.85,task_success_while_recovery_active_per_intervention,True,False,,full,0.2
ACT + RL Recovery,849,6000891,metaworld,True,55,0.2458726969998679,0,0,0,0,0.0,task_success_while_recovery_active_per_intervention,True,False,,full,0.2
ACT + RL Recovery,850,6000892,metaworld,True,61,0.1393585189980513,1,1,1,41,0.85,task_success_while_recovery_active_per_intervention,True,False,,full,0.2
ACT + RL Recovery,851,6000893,metaworld,True,50,0.26994137200017576,1,1,1,30,0.85,task_success_while_recovery_active_per_intervention,True,False,,full,0.2
ACT + RL Recovery,852,6000894,metaworld,True,50,0.3877102059996105,1,1,1,30,0.85,task_success_while_recovery_active_per_intervention,True,False,,full,0.2
ACT + RL Recovery,853,6000895,metaworld,True,46,0.45591081099701114,1,1,1,37,1.0,task_success_while_recovery_active_per_intervention,True,False,,full,0.2
ACT + RL Recovery,854,6000896,metaworld,True,59,0.37720489099956467,1,1,1,39,0.85,task_success_while_recovery_active_per_intervention,True,False,,full,0.2
ACT + RL Recovery,855,6000897,metaworld,True,50,0.35398835700107156,1,1,1,30,0.85,task_success_while_recovery_active_per_intervention,True,False,,full,0.2
ACT + RL Recovery,856,6000898,metaworld,True,54,0.28947964899998624,0,0,0,0,0.0,task_success_while_recovery_active_per_intervention,True,False,,full,0.2
ACT + RL Recovery,857,6000899,metaworld,True,57,0.44743091900090803,1,1,1,37,0.85,task_success_while_recovery_active_per_intervention,True,False,,full,0.2
ACT + RL Recovery,858,6000900,metaworld,True,64,0.37161864199879346,1,1,1,44,0.85,task_success_while_recovery_active_per_intervention,True,False,,full,0.2
ACT + RL Recovery,859,6000901,metaworld,True,54,0.1532399540010374,0,0,0,0,0.0,task_success_while_recovery_active_per_intervention,True,False,,full,0.2
ACT + RL Recovery,860,6000902,metaworld,False,200,1.3342737700004363,1,0,1,150,0.9,task_success_while_recovery_active_per_intervention,False,True,timeout,full,0.2
ACT + RL Recovery,861,6000903,metaworld,True,54,0.09100568799840403,1,1,1,34,0.85,task_success_while_recovery_active_per_intervention,True,False,,full,0.2
ACT + RL Recovery,862,6000904,metaworld,True,58,0.10504036999918753,1,1,1,38,0.85,task_success_while_recovery_active_per_intervention,True,False,,full,0.2
ACT + RL Recovery,863,6000905,metaworld,True,53,0.11543217899816227,0,0,0,0,0.0,task_success_while_recovery_active_per_intervention,True,False,,full,0.2
ACT + RL Recovery,864,6000906,metaworld,True,63,0.24666299700038508,0,0,0,0,0.0,task_success_while_recovery_active_per_intervention,True,False,,full,0.2
ACT + RL Recovery,865,6000907,metaworld,True,58,0.29736729900105274,0,0,0,0,0.0,task_success_while_recovery_active_per_intervention,True,False,,full,0.2
ACT + RL Recovery,866,6000908,metaworld,True,55,0.6638911590016505,1,1,1,35,0.85,task_success_while_recovery_active_per_intervention,True,False,,full,0.2
ACT + RL Recovery,867,6000909,metaworld,True,59,0.3699504079995677,1,1,1,39,0.85,task_success_while_recovery_active_per_intervention,True,False,,full,0.2
ACT + RL Recovery,868,6000910,metaworld,True,48,0.10489906600196264,0,0,0,0,0.0,task_success_while_recovery_active_per_intervention,True,False,,full,0.2
ACT + RL Recovery,869,6000911,metaworld,True,49,0.26327640900126426,0,0,0,0,0.0,task_success_while_recovery_active_per_intervention,True,False,,full,0.2
ACT + RL Recovery,870,6000912,metaworld,True,54,0.5037811170004716,1,1,1,34,0.85,task_success_while_recovery_active_per_intervention,True,False,,full,0.2
ACT + RL Recovery,871,6000913,metaworld,True,46,0.2972265620010148,0,0,0,0,0.0,task_success_while_recovery_active_per_intervention,True,False,,full,0.2
ACT + RL Recovery,872,6000914,metaworld,True,50,0.28416154899969115,1,1,1,30,0.85,task_success_while_recovery_active_per_intervention,True,False,,full,0.2
ACT + RL Recovery,873,6000915,metaworld,True,55,0.10044943300090381,1,1,1,35,0.85,task_success_while_recovery_active_per_intervention,True,False,,full,0.2
ACT + RL Recovery,874,6000916,metaworld,False,200,0.7243862870018347,1,0,1,150,0.9,task_success_while_recovery_active_per_intervention,False,True,timeout,full,0.2
ACT + RL Recovery,875,6000917,metaworld,True,54,0.2761475250008516,0,0,0,0,0.0,task_success_while_recovery_active_per_intervention,True,False,,full,0.2
ACT + RL Recovery,876,6000918,metaworld,True,58,0.2589136669994332,1,1,1,38,0.85,task_success_while_recovery_active_per_intervention,True,False,,full,0.2
ACT + RL Recovery,877,6000919,metaworld,True,60,0.2808381040013046,1,1,1,40,0.85,task_success_while_recovery_active_per_intervention,True,False,,full,0.2
ACT + RL Recovery,878,6000920,metaworld,True,52,0.3574313350000011,1,1,1,32,0.85,task_success_while_recovery_active_per_intervention,True,False,,full,0.2
ACT + RL Recovery,879,6000921,metaworld,True,53,0.136776239000028,0,0,0,0,0.0,task_success_while_recovery_active_per_intervention,True,False,,full,0.2
ACT + RL Recovery,880,6000922,metaworld,False,200,1.5013404160017672,1,0,1,150,1.0,task_success_while_recovery_active_per_intervention,False,True,object_dropped,full,0.2
ACT + RL Recovery,881,6000923,metaworld,True,50,0.4643408970005112,1,1,1,30,0.85,task_success_while_recovery_active_per_intervention,True,False,,full,0.2
ACT + RL Recovery,882,6000924,metaworld,False,200,1.2574713520007208,1,0,1,150,1.0,task_success_while_recovery_active_per_intervention,False,True,object_dropped,full,0.2
ACT + RL Recovery,883,6000925,metaworld,True,53,0.24408227499952773,0,0,0,0,0.0,task_success_while_recovery_active_per_intervention,True,False,,full,0.2
ACT + RL Recovery,884,6000926,metaworld,True,54,0.3484287640021648,1,1,1,34,0.85,task_success_while_recovery_active_per_intervention,True,False,,full,0.2
ACT + RL Recovery,885,6000927,metaworld,True,57,0.1365766380004061,0,0,0,0,0.0,task_success_while_recovery_active_per_intervention,True,False,,full,0.2
ACT + RL Recovery,886,6000928,metaworld,True,54,0.11915932799820439,0,0,0,0,0.0,task_success_while_recovery_active_per_intervention,True,False,,full,0.2
ACT + RL Recovery,887,6000929,metaworld,True,60,0.3008087189991784,1,1,1,37,0.85,task_success_while_recovery_active_per_intervention,True,False,,full,0.2
ACT + RL Recovery,888,6000930,metaworld,True,61,0.34749235499839415,1,1,1,41,0.85,task_success_while_recovery_active_per_intervention,True,False,,full,0.2
ACT + RL Recovery,889,6000931,metaworld,True,57,0.4767834479971498,1,1,1,37,0.85,task_success_while_recovery_active_per_intervention,True,False,,full,0.2
ACT + RL Recovery,890,6000932,metaworld,True,57,0.2257075090019498,0,0,0,0,0.0,task_success_while_recovery_active_per_intervention,True,False,,full,0.2
ACT + RL Recovery,891,6000933,metaworld,True,48,0.36124290299994755,1,1,1,28,0.85,task_success_while_recovery_active_per_intervention,True,False,,full,0.2
ACT + RL Recovery,892,6000934,metaworld,True,54,0.13799130199913634,0,0,0,0,0.0,task_success_while_recovery_active_per_intervention,True,False,,full,0.2
ACT + RL Recovery,893,6000935,metaworld,True,58,0.1504897409977275,0,0,0,0,0.0,task_success_while_recovery_active_per_intervention,True,False,,full,0.2
ACT + RL Recovery,894,6000936,metaworld,True,51,0.12407643999904394,0,0,0,0,0.0,task_success_while_recovery_active_per_intervention,True,False,,full,0.2
ACT + RL Recovery,895,6000937,metaworld,True,54,0.27557904700006475,1,1,1,34,0.85,task_success_while_recovery_active_per_intervention,True,False,,full,0.2
ACT + RL Recovery,896,6000938,metaworld,True,62,0.4583990610008186,1,1,1,42,0.85,task_success_while_recovery_active_per_intervention,True,False,,full,0.2
ACT + RL Recovery,897,6000939,metaworld,True,55,0.16411722399789141,0,0,0,0,0.0,task_success_while_recovery_active_per_intervention,True,False,,full,0.2
ACT + RL Recovery,898,6000940,metaworld,True,49,0.3345017870014999,1,1,1,29,0.85,task_success_while_recovery_active_per_intervention,True,False,,full,0.2
ACT + RL Recovery,899,6000941,metaworld,True,49,0.29345619499872555,1,1,1,29,0.85,task_success_while_recovery_active_per_intervention,True,False,,full,0.2
ACT + RL Recovery,900,6000942,metaworld,False,200,1.0506421129975934,1,0,1,150,1.0,task_success_while_recovery_active_per_intervention,False,True,object_dropped,full,0.2
ACT + RL Recovery,901,6000943,metaworld,True,48,0.2707934900026885,1,1,1,28,0.85,task_success_while_recovery_active_per_intervention,True,False,,full,0.2
ACT + RL Recovery,902,6000944,metaworld,True,62,0.20294242599993595,1,1,1,41,0.85,task_success_while_recovery_active_per_intervention,True,False,,full,0.2
ACT + RL Recovery,903,6000945,metaworld,True,62,0.3661059340010979,1,1,1,40,0.85,task_success_while_recovery_active_per_intervention,True,False,,full,0.2
ACT + RL Recovery,904,6000946,metaworld,True,59,0.37499631700120517,1,1,1,39,0.85,task_success_while_recovery_active_per_intervention,True,False,,full,0.2
ACT + RL Recovery,905,6000947,metaworld,True,52,0.43429181600004085,1,1,1,32,0.85,task_success_while_recovery_active_per_intervention,True,False,,full,0.2
ACT + RL Recovery,906,6000948,metaworld,True,51,0.417636454996682,1,1,1,31,0.85,task_success_while_recovery_active_per_intervention,True,False,,full,0.2
ACT + RL Recovery,907,6000949,metaworld,True,59,0.17320580600062385,1,1,1,38,0.85,task_success_while_recovery_active_per_intervention,True,False,,full,0.2
ACT + RL Recovery,908,6000950,metaworld,True,51,0.1533558900009666,1,1,1,31,0.85,task_success_while_recovery_active_per_intervention,True,False,,full,0.2
ACT + RL Recovery,909,6000951,metaworld,False,200,1.550698648999969,1,0,1,150,0.9,task_success_while_recovery_active_per_intervention,False,True,timeout,full,0.2
ACT + RL Recovery,910,6000952,metaworld,False,200,0.5701741030025005,1,0,1,150,1.0,task_success_while_recovery_active_per_intervention,False,True,object_dropped,full,0.2
ACT + RL Recovery,911,6000953,metaworld,True,55,0.11043531900213566,0,0,0,0,0.0,task_success_while_recovery_active_per_intervention,True,False,,full,0.2
ACT + RL Recovery,912,6000954,metaworld,True,57,0.11286624599961215,0,0,0,0,0.0,task_success_while_recovery_active_per_intervention,True,False,,full,0.2
ACT + RL Recovery,913,6000955,metaworld,False,200,0.3358027089998359,1,0,1,150,1.0,task_success_while_recovery_active_per_intervention,False,True,object_dropped,full,0.2
ACT + RL Recovery,914,6000956,metaworld,True,60,0.10074540499772411,1,1,1,40,0.85,task_success_while_recovery_active_per_intervention,True,False,,full,0.2
ACT + RL Recovery,915,6000957,metaworld,False,200,0.35571157799859066,1,0,1,150,1.0,task_success_while_recovery_active_per_intervention,False,True,object_dropped,full,0.2
ACT + RL Recovery,916,6000958,metaworld,True,55,0.14905724900017958,0,0,0,0,0.0,task_success_while_recovery_active_per_intervention,True,False,,full,0.2
ACT + RL Recovery,917,6000959,metaworld,True,66,0.13304138500097906,0,0,0,0,0.0,task_success_while_recovery_active_per_intervention,True,False,,full,0.2
ACT + RL Recovery,918,6000960,metaworld,True,57,0.11369412099884357,0,0,0,0,0.0,task_success_while_recovery_active_per_intervention,True,False,,full,0.2
ACT + RL Recovery,919,6000961,metaworld,False,200,0.33369303600193234,1,0,1,150,1.0,task_success_while_recovery_active_per_intervention,False,True,object_dropped,full,0.2
ACT + RL Recovery,920,6000962,metaworld,True,57,0.11362745500082383,0,0,0,0,0.0,task_success_while_recovery_active_per_intervention,True,False,,full,0.2
ACT + RL Recovery,921,6000963,metaworld,True,52,0.07383033099904424,1,1,1,32,0.85,task_success_while_recovery_active_per_intervention,True,False,,full,0.2
ACT + RL Recovery,922,6000964,metaworld,True,53,0.08821018699745764,1,1,1,33,0.85,task_success_while_recovery_active_per_intervention,True,False,,full,0.2
ACT + RL Recovery,923,6000965,metaworld,True,61,0.11230310799874132,1,1,1,40,0.85,task_success_while_recovery_active_per_intervention,True,False,,full,0.2
ACT + RL Recovery,924,6000966,metaworld,True,47,0.056543635997513775,1,1,1,38,1.0,task_success_while_recovery_active_per_intervention,True,False,,full,0.2
ACT + RL Recovery,925,6000967,metaworld,True,51,0.07059092800045619,1,1,1,31,0.85,task_success_while_recovery_active_per_intervention,True,False,,full,0.2
ACT + RL Recovery,926,6000968,metaworld,False,200,0.42298641500019585,1,0,1,150,0.9,task_success_while_recovery_active_per_intervention,False,True,timeout,full,0.2
ACT + RL Recovery,927,6000969,metaworld,True,50,0.07698240500030806,1,1,1,30,0.85,task_success_while_recovery_active_per_intervention,True,False,,full,0.2
ACT + RL Recovery,928,6000970,metaworld,True,55,0.2789228430010553,0,0,0,0,0.0,task_success_while_recovery_active_per_intervention,True,False,,full,0.2
ACT + RL Recovery,929,6000971,metaworld,True,61,0.1846266700013075,0,0,0,0,0.0,task_success_while_recovery_active_per_intervention,True,False,,full,0.2
ACT + RL Recovery,930,6000972,metaworld,True,59,0.1159515500003181,0,0,0,0,0.0,task_success_while_recovery_active_per_intervention,True,False,,full,0.2
ACT + RL Recovery,931,6000973,metaworld,True,52,0.1839393080008449,1,1,1,32,0.85,task_success_while_recovery_active_per_intervention,True,False,,full,0.2
ACT + RL Recovery,932,6000974,metaworld,True,47,0.06748994800000219,1,1,1,25,0.85,task_success_while_recovery_active_per_intervention,True,False,,full,0.2
ACT + RL Recovery,933,6000975,metaworld,True,61,0.30350910400011344,1,1,1,41,0.85,task_success_while_recovery_active_per_intervention,True,False,,full,0.2
ACT + RL Recovery,934,6000976,metaworld,True,50,0.28718334500081255,1,1,1,30,0.85,task_success_while_recovery_active_per_intervention,True,False,,full,0.2
ACT + RL Recovery,935,6000977,metaworld,True,60,0.16524138099703123,1,1,1,38,0.85,task_success_while_recovery_active_per_intervention,True,False,,full,0.2
ACT + RL Recovery,936,6000978,metaworld,True,67,0.09076004699818441,1,1,1,47,0.85,task_success_while_recovery_active_per_intervention,True,False,,full,0.2
ACT + RL Recovery,937,6000979,metaworld,True,49,0.0702020620010444,1,1,1,29,0.85,task_success_while_recovery_active_per_intervention,True,False,,full,0.2
ACT + RL Recovery,938,6000980,metaworld,True,53,0.06616278999717906,1,1,1,44,1.0,task_success_while_recovery_active_per_intervention,True,False,,full,0.2
ACT + RL Recovery,939,6000981,metaworld,False,200,0.2541274280010839,1,0,1,150,0.9,task_success_while_recovery_active_per_intervention,False,True,timeout,full,0.2
ACT + RL Recovery,940,6000982,metaworld,True,50,0.24074904400185915,1,1,1,30,0.85,task_success_while_recovery_active_per_intervention,True,False,,full,0.2
ACT + RL Recovery,941,6000983,metaworld,True,60,0.2962696930007951,1,1,1,40,0.85,task_success_while_recovery_active_per_intervention,True,False,,full,0.2
ACT + RL Recovery,942,6000984,metaworld,True,58,0.1736870810018445,1,1,1,36,0.85,task_success_while_recovery_active_per_intervention,True,False,,full,0.2
ACT + RL Recovery,943,6000985,metaworld,True,49,0.09796785099752015,0,0,0,0,0.0,task_success_while_recovery_active_per_intervention,True,False,,full,0.2
ACT + RL Recovery,944,6000986,metaworld,True,53,0.12410312800057,1,1,1,33,0.85,task_success_while_recovery_active_per_intervention,True,False,,full,0.2
ACT + RL Recovery,945,6000987,metaworld,True,62,0.14857081999798538,0,0,0,0,0.0,task_success_while_recovery_active_per_intervention,True,False,,full,0.2
ACT + RL Recovery,946,6000988,metaworld,True,54,0.08141404100024374,1,1,1,33,0.85,task_success_while_recovery_active_per_intervention,True,False,,full,0.2
ACT + RL Recovery,947,6000989,metaworld,True,54,0.10867275499913376,0,0,0,0,0.0,task_success_while_recovery_active_per_intervention,True,False,,full,0.2
ACT + RL Recovery,948,6000990,metaworld,True,56,0.07418099699862069,1,1,1,36,0.85,task_success_while_recovery_active_per_intervention,True,False,,full,0.2
ACT + RL Recovery,949,6000991,metaworld,True,67,0.09139527899969835,1,1,1,47,0.85,task_success_while_recovery_active_per_intervention,True,False,,full,0.2
ACT + RL Recovery,950,6000992,metaworld,True,53,0.07748239200009266,1,1,1,33,0.85,task_success_while_recovery_active_per_intervention,True,False,,full,0.2
ACT + RL Recovery,951,6000993,metaworld,True,57,0.08174120799958473,1,1,1,36,0.85,task_success_while_recovery_active_per_intervention,True,False,,full,0.2
ACT + RL Recovery,952,6000994,metaworld,False,200,0.38760241299678455,1,0,1,150,0.9,task_success_while_recovery_active_per_intervention,False,True,timeout,full,0.2
ACT + RL Recovery,953,6000995,metaworld,False,200,0.262306222000916,1,0,1,150,1.0,task_success_while_recovery_active_per_intervention,False,True,object_dropped,full,0.2
ACT + RL Recovery,954,6000996,metaworld,True,50,0.11837977100003627,0,0,0,0,0.0,task_success_while_recovery_active_per_intervention,True,False,,full,0.2
ACT + RL Recovery,955,6000997,metaworld,True,62,0.334857022997312,1,1,1,42,0.85,task_success_while_recovery_active_per_intervention,True,False,,full,0.2
ACT + RL Recovery,956,6000998,metaworld,True,56,0.2675825780024752,1,1,1,36,0.85,task_success_while_recovery_active_per_intervention,True,False,,full,0.2
ACT + RL Recovery,957,6000999,metaworld,True,48,0.07790104300147505,1,1,1,28,0.85,task_success_while_recovery_active_per_intervention,True,False,,full,0.2
ACT + RL Recovery,958,6001000,metaworld,True,57,0.07795155200074078,1,1,1,37,0.85,task_success_while_recovery_active_per_intervention,True,False,,full,0.2
ACT + RL Recovery,959,6001001,metaworld,True,57,0.08456634299727739,1,1,1,35,0.85,task_success_while_recovery_active_per_intervention,True,False,,full,0.2
ACT + RL Recovery,960,6001002,metaworld,True,49,0.0728872190011316,1,1,1,29,0.85,task_success_while_recovery_active_per_intervention,True,False,,full,0.2
ACT + RL Recovery,961,6001003,metaworld,True,53,0.10768690599797992,0,0,0,0,0.0,task_success_while_recovery_active_per_intervention,True,False,,full,0.2
ACT + RL Recovery,962,6001004,metaworld,True,59,0.13602257800084772,1,1,1,38,0.85,task_success_while_recovery_active_per_intervention,True,False,,full,0.2
ACT + RL Recovery,963,6001005,metaworld,True,52,0.17043735699917306,1,1,1,32,0.85,task_success_while_recovery_active_per_intervention,True,False,,full,0.2
ACT + RL Recovery,964,6001006,metaworld,True,61,0.10326430300119682,1,1,1,39,0.85,task_success_while_recovery_active_per_intervention,True,False,,full,0.2
ACT + RL Recovery,965,6001007,metaworld,True,53,0.07994975200199406,1,1,1,33,0.85,task_success_while_recovery_active_per_intervention,True,False,,full,0.2
ACT + RL Recovery,966,6001008,metaworld,True,60,0.23397707899857778,1,1,1,40,0.85,task_success_while_recovery_active_per_intervention,True,False,,full,0.2
ACT + RL Recovery,967,6001009,metaworld,True,58,0.1753771819967369,1,1,1,38,0.85,task_success_while_recovery_active_per_intervention,True,False,,full,0.2
ACT + RL Recovery,968,6001010,metaworld,True,63,0.11510690900104237,1,1,1,43,0.85,task_success_while_recovery_active_per_intervention,True,False,,full,0.2
ACT + RL Recovery,969,6001011,metaworld,True,60,0.24032572499709204,1,1,1,40,0.85,task_success_while_recovery_active_per_intervention,True,False,,full,0.2
ACT + RL Recovery,970,6001012,metaworld,True,52,0.10198234900235548,1,1,1,31,0.85,task_success_while_recovery_active_per_intervention,True,False,,full,0.2
ACT + RL Recovery,971,6001013,metaworld,False,200,0.3388407989987172,1,0,1,137,1.0,task_success_while_recovery_active_per_intervention,False,True,object_dropped,full,0.2
ACT + RL Recovery,972,6001014,metaworld,True,54,0.09546005100128241,1,1,1,34,0.9,task_success_while_recovery_active_per_intervention,True,False,,full,0.2
ACT + RL Recovery,973,6001015,metaworld,True,56,0.1375201599985303,0,0,0,0,0.0,task_success_while_recovery_active_per_intervention,True,False,,full,0.2
ACT + RL Recovery,974,6001016,metaworld,True,53,0.15308334700239357,0,0,0,0,0.0,task_success_while_recovery_active_per_intervention,True,False,,full,0.2
ACT + RL Recovery,975,6001017,metaworld,False,200,0.6927260039992689,1,0,1,150,0.85,task_success_while_recovery_active_per_intervention,False,True,timeout,full,0.2
ACT + RL Recovery,976,6001018,metaworld,False,200,0.6106520429966622,1,0,1,150,0.85,task_success_while_recovery_active_per_intervention,False,True,timeout,full,0.2
ACT + RL Recovery,977,6001019,metaworld,True,55,0.1288533719998668,0,0,0,0,0.0,task_success_while_recovery_active_per_intervention,True,False,,full,0.2
ACT + RL Recovery,978,6001020,metaworld,True,57,0.16888299900165293,1,1,1,35,0.85,task_success_while_recovery_active_per_intervention,True,False,,full,0.2
ACT + RL Recovery,979,6001021,metaworld,True,58,0.11582142300176201,0,0,0,0,0.0,task_success_while_recovery_active_per_intervention,True,False,,full,0.2
ACT + RL Recovery,980,6001022,metaworld,True,57,0.2871858260004956,1,1,1,37,0.85,task_success_while_recovery_active_per_intervention,True,False,,full,0.2
ACT + RL Recovery,981,6001023,metaworld,True,58,0.2696533289999934,1,1,1,37,0.85,task_success_while_recovery_active_per_intervention,True,False,,full,0.2
ACT + RL Recovery,982,6001024,metaworld,True,49,0.23427988500043284,1,1,1,29,0.85,task_success_while_recovery_active_per_intervention,True,False,,full,0.2
ACT + RL Recovery,983,6001025,metaworld,True,60,0.09530745700249099,1,1,1,38,0.85,task_success_while_recovery_active_per_intervention,True,False,,full,0.2
ACT + RL Recovery,984,6001026,metaworld,True,52,0.10063503899800708,0,0,0,0,0.0,task_success_while_recovery_active_per_intervention,True,False,,full,0.2
ACT + RL Recovery,985,6001027,metaworld,True,56,0.09547262400155887,1,1,1,36,0.85,task_success_while_recovery_active_per_intervention,True,False,,full,0.2
ACT + RL Recovery,986,6001028,metaworld,True,49,0.09473870800138684,0,0,0,0,0.0,task_success_while_recovery_active_per_intervention,True,False,,full,0.2
ACT + RL Recovery,987,6001029,metaworld,True,48,0.09965620600269176,0,0,0,0,0.0,task_success_while_recovery_active_per_intervention,True,False,,full,0.2
ACT + RL Recovery,988,6001030,metaworld,True,56,0.10797702700074296,1,1,1,36,0.85,task_success_while_recovery_active_per_intervention,True,False,,full,0.2
ACT + RL Recovery,989,6001031,metaworld,True,52,0.07289762100117514,1,1,1,32,0.85,task_success_while_recovery_active_per_intervention,True,False,,full,0.2
ACT + RL Recovery,990,6001032,metaworld,True,55,0.161355365999043,0,0,0,0,0.0,task_success_while_recovery_active_per_intervention,True,False,,full,0.2
ACT + RL Recovery,991,6001033,metaworld,True,56,0.11316255600104341,0,0,0,0,0.0,task_success_while_recovery_active_per_intervention,True,False,,full,0.2
ACT + RL Recovery,992,6001034,metaworld,True,58,0.14334073699865257,0,0,0,0,0.0,task_success_while_recovery_active_per_intervention,True,False,,full,0.2
ACT + RL Recovery,993,6001035,metaworld,True,65,0.3026953250009683,1,1,1,44,0.85,task_success_while_recovery_active_per_intervention,True,False,,full,0.2
ACT + RL Recovery,994,6001036,metaworld,True,55,0.22761484700095025,1,1,1,35,0.85,task_success_while_recovery_active_per_intervention,True,False,,full,0.2
ACT + RL Recovery,995,6001037,metaworld,True,51,0.07173462100035977,1,1,1,31,0.85,task_success_while_recovery_active_per_intervention,True,False,,full,0.2
ACT + RL Recovery,996,6001038,metaworld,True,54,0.07461707000038587,1,1,1,34,0.85,task_success_while_recovery_active_per_intervention,True,False,,full,0.2
ACT + RL Recovery,997,6001039,metaworld,True,57,0.07943627100030426,1,1,1,37,0.85,task_success_while_recovery_active_per_intervention,True,False,,full,0.2
ACT + RL Recovery,998,6001040,metaworld,True,51,0.19435874999908265,1,1,1,31,0.85,task_success_while_recovery_active_per_intervention,True,False,,full,0.2
ACT + RL Recovery,999,6001041,metaworld,True,49,0.27823479899961967,1,1,1,28,0.85,task_success_while_recovery_active_per_intervention,True,False,,full,0.2
REIM (ACT + Detector + Recovery),0,6000042,metaworld,True,50,0.5600317170010385,0,0,0,0,0.17666028439998627,task_success_while_recovery_active_per_intervention,True,False,,full,0.2
REIM (ACT + Detector + Recovery),1,6000043,metaworld,True,51,0.22773760900054185,0,0,0,0,0.18855030834674835,task_success_while_recovery_active_per_intervention,True,False,,full,0.2
REIM (ACT + Detector + Recovery),2,6000044,metaworld,True,65,0.42590330299935886,1,1,1,30,0.2029482126235962,task_success_while_recovery_active_per_intervention,True,False,,full,0.2
REIM (ACT + Detector + Recovery),3,6000045,metaworld,True,55,0.5867031269990548,0,0,0,0,0.1590830236673355,task_success_while_recovery_active_per_intervention,True,False,,full,0.2
REIM (ACT + Detector + Recovery),4,6000046,metaworld,True,54,0.8084031050002523,1,1,1,39,0.2078421413898468,task_success_while_recovery_active_per_intervention,True,False,,full,0.2
REIM (ACT + Detector + Recovery),5,6000047,metaworld,True,52,0.5316400949996023,1,1,1,33,0.20451079308986664,task_success_while_recovery_active_per_intervention,True,False,,full,0.2
REIM (ACT + Detector + Recovery),6,6000048,metaworld,True,56,0.3074182960008329,0,0,0,0,0.15030185878276825,task_success_while_recovery_active_per_intervention,True,False,,full,0.2
REIM (ACT + Detector + Recovery),7,6000049,metaworld,True,54,0.6045532040006947,1,1,1,39,0.252267062664032,task_success_while_recovery_active_per_intervention,True,False,,full,0.2
REIM (ACT + Detector + Recovery),8,6000050,metaworld,True,55,0.37433488100032264,0,0,0,0,0.1465797871351242,task_success_while_recovery_active_per_intervention,True,False,,full,0.2
REIM (ACT + Detector + Recovery),9,6000051,metaworld,True,56,0.5810431179997977,1,1,1,36,0.20303675532341003,task_success_while_recovery_active_per_intervention,True,False,,full,0.2
REIM (ACT + Detector + Recovery),10,6000052,metaworld,True,49,0.2617461820009339,1,1,1,30,0.20942427217960358,task_success_while_recovery_active_per_intervention,True,False,,full,0.2
REIM (ACT + Detector + Recovery),11,6000053,metaworld,True,53,0.283666130999336,0,0,0,0,0.14510659873485565,task_success_while_recovery_active_per_intervention,True,False,,full,0.2
REIM (ACT + Detector + Recovery),12,6000054,metaworld,False,200,2.276869692999753,1,0,1,150,0.9988510608673096,task_success_while_recovery_active_per_intervention,False,True,object_dropped,full,0.2
REIM (ACT + Detector + Recovery),13,6000055,metaworld,True,53,0.28908672199941066,1,1,1,29,0.20265068113803864,task_success_while_recovery_active_per_intervention,True,False,,full,0.2
REIM (ACT + Detector + Recovery),14,6000056,metaworld,True,58,0.3244348589996662,0,0,0,0,0.15852712094783783,task_success_while_recovery_active_per_intervention,True,False,,full,0.2
REIM (ACT + Detector + Recovery),15,6000057,metaworld,True,45,0.4517609150007047,1,1,1,38,0.5034635066986084,task_success_while_recovery_active_per_intervention,True,False,,full,0.2
REIM (ACT + Detector + Recovery),16,6000058,metaworld,True,56,0.54480908000005,1,1,1,38,0.2918922007083893,task_success_while_recovery_active_per_intervention,True,False,,full,0.2
REIM (ACT + Detector + Recovery),17,6000059,metaworld,True,61,0.4093933990006917,1,1,1,42,0.2275463193655014,task_success_while_recovery_active_per_intervention,True,False,,full,0.2
REIM (ACT + Detector + Recovery),18,6000060,metaworld,True,45,0.29841592800039507,1,1,1,31,0.35080814361572266,task_success_while_recovery_active_per_intervention,True,False,,full,0.2
REIM (ACT + Detector + Recovery),19,6000061,metaworld,True,53,0.6314932029999909,1,1,1,39,0.20885534584522247,task_success_while_recovery_active_per_intervention,True,False,,full,0.2
REIM (ACT + Detector + Recovery),20,6000062,metaworld,True,54,0.3377475940014847,0,0,0,0,0.18567954003810883,task_success_while_recovery_active_per_intervention,True,False,,full,0.2
REIM (ACT + Detector + Recovery),21,6000063,metaworld,True,56,0.6039001080007438,1,1,1,37,0.24000802636146545,task_success_while_recovery_active_per_intervention,True,False,,full,0.2
REIM (ACT + Detector + Recovery),22,6000064,metaworld,True,51,0.3747580689996539,0,0,0,0,0.1487804800271988,task_success_while_recovery_active_per_intervention,True,False,,full,0.2
REIM (ACT + Detector + Recovery),23,6000065,metaworld,True,51,0.45454107299883617,1,1,1,38,0.2560744285583496,task_success_while_recovery_active_per_intervention,True,False,,full,0.2
REIM (ACT + Detector + Recovery),24,6000066,metaworld,False,200,1.520216539998728,1,0,1,135,0.9985865354537964,task_success_while_recovery_active_per_intervention,False,True,object_dropped,full,0.2
REIM (ACT + Detector + Recovery),25,6000067,metaworld,True,55,0.286396806999619,0,0,0,0,0.16984562575817108,task_success_while_recovery_active_per_intervention,True,False,,full,0.2
REIM (ACT + Detector + Recovery),26,6000068,metaworld,True,56,0.3242818520011497,1,1,1,35,0.36202454566955566,task_success_while_recovery_active_per_intervention,True,False,,full,0.2
REIM (ACT + Detector + Recovery),27,6000069,metaworld,False,200,2.5461474080002517,1,0,1,150,0.9963110089302063,task_success_while_recovery_active_per_intervention,False,True,timeout,full,0.2
REIM (ACT + Detector + Recovery),28,6000070,metaworld,True,54,0.2746329710007558,0,0,0,0,0.1723783314228058,task_success_while_recovery_active_per_intervention,True,False,,full,0.2
REIM (ACT + Detector + Recovery),29,6000071,metaworld,True,56,0.28221598800155334,0,0,0,0,0.15013714134693146,task_success_while_recovery_active_per_intervention,True,False,,full,0.2
REIM (ACT + Detector + Recovery),30,6000072,metaworld,False,200,2.974762738998834,1,0,1,150,0.9893079400062561,task_success_while_recovery_active_per_intervention,False,True,timeout,full,0.2
REIM (ACT + Detector + Recovery),31,6000073,metaworld,True,50,0.31004971400034265,0,0,0,0,0.1809110790491104,task_success_while_recovery_active_per_intervention,True,False,,full,0.2
REIM (ACT + Detector + Recovery),32,6000074,metaworld,True,47,0.7172080190011911,1,1,1,33,0.2597091495990753,task_success_while_recovery_active_per_intervention,True,False,,full,0.2
REIM (ACT + Detector + Recovery),33,6000075,metaworld,True,52,0.9488833129998966,1,1,1,41,0.2930806577205658,task_success_while_recovery_active_per_intervention,True,False,,full,0.2
REIM (ACT + Detector + Recovery),34,6000076,metaworld,True,55,0.7525369220002176,1,1,1,41,0.3081681728363037,task_success_while_recovery_active_per_intervention,True,False,,full,0.2
REIM (ACT + Detector + Recovery),35,6000077,metaworld,True,54,0.9991863349987398,1,1,1,38,0.28629833459854126,task_success_while_recovery_active_per_intervention,True,False,,full,0.2
REIM (ACT + Detector + Recovery),36,6000078,metaworld,True,143,2.5652917600000364,1,1,1,124,0.3397628366947174,task_success_while_recovery_active_per_intervention,True,False,,full,0.2
REIM (ACT + Detector + Recovery),37,6000079,metaworld,True,53,0.4880744920010329,1,1,1,33,0.24098411202430725,task_success_while_recovery_active_per_intervention,True,False,,full,0.2
REIM (ACT + Detector + Recovery),38,6000080,metaworld,True,48,0.6618248740014678,1,1,1,29,0.22838111221790314,task_success_while_recovery_active_per_intervention,True,False,,full,0.2
REIM (ACT + Detector + Recovery),39,6000081,metaworld,False,200,2.928970062001099,1,0,1,150,0.35897284746170044,task_success_while_recovery_active_per_intervention,False,True,timeout,full,0.2
REIM (ACT + Detector + Recovery),40,6000082,metaworld,True,52,0.56083948199921,0,0,0,0,0.12540066242218018,task_success_while_recovery_active_per_intervention,True,False,,full,0.2
REIM (ACT + Detector + Recovery),41,6000083,metaworld,True,57,1.0372911829999794,1,1,1,35,0.29493841528892517,task_success_while_recovery_active_per_intervention,True,False,,full,0.2
REIM (ACT + Detector + Recovery),42,6000084,metaworld,True,54,0.8997260460000689,1,1,1,29,0.30629369616508484,task_success_while_recovery_active_per_intervention,True,False,,full,0.2
REIM (ACT + Detector + Recovery),43,6000085,metaworld,True,54,0.4943237269999372,0,0,0,0,0.16346806287765503,task_success_while_recovery_active_per_intervention,True,False,,full,0.2
REIM (ACT + Detector + Recovery),44,6000086,metaworld,True,53,0.7622130519994244,1,1,1,33,0.3123546540737152,task_success_while_recovery_active_per_intervention,True,False,,full,0.2
REIM (ACT + Detector + Recovery),45,6000087,metaworld,True,53,0.491487908999261,0,0,0,0,0.19780844449996948,task_success_while_recovery_active_per_intervention,True,False,,full,0.2
REIM (ACT + Detector + Recovery),46,6000088,metaworld,True,66,0.9868678029997682,1,1,1,52,0.3065299689769745,task_success_while_recovery_active_per_intervention,True,False,,full,0.2
REIM (ACT + Detector + Recovery),47,6000089,metaworld,True,52,0.44163587000002735,0,0,0,0,0.11729240417480469,task_success_while_recovery_active_per_intervention,True,False,,full,0.2
REIM (ACT + Detector + Recovery),48,6000090,metaworld,True,53,1.0494756829994003,1,1,1,43,0.36377960443496704,task_success_while_recovery_active_per_intervention,True,False,,full,0.2
REIM (ACT + Detector + Recovery),49,6000091,metaworld,True,54,0.3686922249999043,0,0,0,0,0.17819233238697052,task_success_while_recovery_active_per_intervention,True,False,,full,0.2
REIM (ACT + Detector + Recovery),50,6000092,metaworld,True,51,0.2950787039990246,0,0,0,0,0.12962710857391357,task_success_while_recovery_active_per_intervention,True,False,,full,0.2
REIM (ACT + Detector + Recovery),51,6000093,metaworld,True,56,0.3572704870002781,0,0,0,0,0.19766594469547272,task_success_while_recovery_active_per_intervention,True,False,,full,0.2
REIM (ACT + Detector + Recovery),52,6000094,metaworld,True,51,0.7904866009994294,1,1,1,41,0.36169204115867615,task_success_while_recovery_active_per_intervention,True,False,,full,0.2
REIM (ACT + Detector + Recovery),53,6000095,metaworld,False,200,2.2229401640015567,1,0,1,150,0.9899887442588806,task_success_while_recovery_active_per_intervention,False,True,object_dropped,full,0.2
REIM (ACT + Detector + Recovery),54,6000096,metaworld,True,64,0.9408332860002702,1,1,1,48,0.3470139503479004,task_success_while_recovery_active_per_intervention,True,False,,full,0.2
REIM (ACT + Detector + Recovery),55,6000097,metaworld,True,51,0.7505000359997211,1,1,1,43,0.4120008647441864,task_success_while_recovery_active_per_intervention,True,False,,full,0.2
REIM (ACT + Detector + Recovery),56,6000098,metaworld,True,45,0.5840277849983977,1,1,1,23,0.20386981964111328,task_success_while_recovery_active_per_intervention,True,False,,full,0.2
REIM (ACT + Detector + Recovery),57,6000099,metaworld,True,52,0.7919271560003835,1,1,1,43,0.3943820893764496,task_success_while_recovery_active_per_intervention,True,False,,full,0.2
REIM (ACT + Detector + Recovery),58,6000100,metaworld,True,52,0.4743101399999432,0,0,0,0,0.17486198246479034,task_success_while_recovery_active_per_intervention,True,False,,full,0.2
REIM (ACT + Detector + Recovery),59,6000101,metaworld,False,200,3.821312856000077,1,0,1,150,0.9977641105651855,task_success_while_recovery_active_per_intervention,False,True,object_dropped,full,0.2
REIM (ACT + Detector + Recovery),60,6000102,metaworld,True,43,0.5511341040000843,1,1,1,35,0.2937302589416504,task_success_while_recovery_active_per_intervention,True,False,,full,0.2
REIM (ACT + Detector + Recovery),61,6000103,metaworld,True,49,0.47010764900005597,1,1,1,28,0.20663240551948547,task_success_while_recovery_active_per_intervention,True,False,,full,0.2
REIM (ACT + Detector + Recovery),62,6000104,metaworld,True,58,0.46330104699882213,0,0,0,0,0.165674090385437,task_success_while_recovery_active_per_intervention,True,False,,full,0.2
REIM (ACT + Detector + Recovery),63,6000105,metaworld,True,50,0.42310118100067484,0,0,0,0,0.16312167048454285,task_success_while_recovery_active_per_intervention,True,False,,full,0.2
REIM (ACT + Detector + Recovery),64,6000106,metaworld,True,52,0.24979267400158278,0,0,0,0,0.10022587329149246,task_success_while_recovery_active_per_intervention,True,False,,full,0.2
REIM (ACT + Detector + Recovery),65,6000107,metaworld,True,62,0.5391470989998197,0,0,0,0,0.1661897450685501,task_success_while_recovery_active_per_intervention,True,False,,full,0.2
REIM (ACT + Detector + Recovery),66,6000108,metaworld,True,51,0.3712568470000406,0,0,0,0,0.13331063091754913,task_success_while_recovery_active_per_intervention,True,False,,full,0.2
REIM (ACT + Detector + Recovery),67,6000109,metaworld,True,53,0.28440180200050236,0,0,0,0,0.1345893293619156,task_success_while_recovery_active_per_intervention,True,False,,full,0.2
REIM (ACT + Detector + Recovery),68,6000110,metaworld,True,57,0.4959751940004935,0,0,0,0,0.07865229994058609,task_success_while_recovery_active_per_intervention,True,False,,full,0.2
REIM (ACT + Detector + Recovery),69,6000111,metaworld,True,57,1.2287372169994342,1,1,1,40,0.24405688047409058,task_success_while_recovery_active_per_intervention,True,False,,full,0.2
REIM (ACT + Detector + Recovery),70,6000112,metaworld,True,52,0.5501823430004151,0,0,0,0,0.18941468000411987,task_success_while_recovery_active_per_intervention,True,False,,full,0.2
REIM (ACT + Detector + Recovery),71,6000113,metaworld,True,54,0.9171112779986288,1,1,1,40,0.25535476207733154,task_success_while_recovery_active_per_intervention,True,False,,full,0.2
REIM (ACT + Detector + Recovery),72,6000114,metaworld,True,44,0.7273162580004282,1,1,1,37,0.5011609196662903,task_success_while_recovery_active_per_intervention,True,False,,full,0.2
REIM (ACT + Detector + Recovery),73,6000115,metaworld,False,200,2.6967547750009544,1,0,1,146,0.9706386923789978,task_success_while_recovery_active_per_intervention,False,True,timeout,full,0.2
REIM (ACT + Detector + Recovery),74,6000116,metaworld,True,55,0.7443431970004895,1,1,1,30,0.20115229487419128,task_success_while_recovery_active_per_intervention,True,False,,full,0.2
REIM (ACT + Detector + Recovery),75,6000117,metaworld,True,57,0.8595697470009327,1,1,1,34,0.2038663625717163,task_success_while_recovery_active_per_intervention,True,False,,full,0.2
REIM (ACT + Detector + Recovery),76,6000118,metaworld,False,200,2.968136207000498,1,0,1,150,0.9874731302261353,task_success_while_recovery_active_per_intervention,False,True,object_dropped,full,0.2
REIM (ACT + Detector + Recovery),77,6000119,metaworld,True,58,0.7549742930004868,1,1,1,28,0.21347589790821075,task_success_while_recovery_active_per_intervention,True,False,,full,0.2
REIM (ACT + Detector + Recovery),78,6000120,metaworld,False,200,2.996758855000735,1,0,1,150,0.9956606030464172,task_success_while_recovery_active_per_intervention,False,True,object_dropped,full,0.2
REIM (ACT + Detector + Recovery),79,6000121,metaworld,True,59,0.5476546239988238,0,0,0,0,0.14099189639091492,task_success_while_recovery_active_per_intervention,True,False,,full,0.2
REIM (ACT + Detector + Recovery),80,6000122,metaworld,True,56,0.4406966860005923,0,0,0,0,0.1471080183982849,task_success_while_recovery_active_per_intervention,True,False,,full,0.2
REIM (ACT + Detector + Recovery),81,6000123,metaworld,False,200,2.423314088000552,1,0,1,150,0.999430239200592,task_success_while_recovery_active_per_intervention,False,True,timeout,full,0.2
REIM (ACT + Detector + Recovery),82,6000124,metaworld,True,53,0.6785700429991266,1,1,1,35,0.36771097779273987,task_success_while_recovery_active_per_intervention,True,False,,full,0.2
REIM (ACT + Detector + Recovery),83,6000125,metaworld,True,48,0.8170112490006431,1,1,1,40,0.3605943024158478,task_success_while_recovery_active_per_intervention,True,False,,full,0.2
REIM (ACT + Detector + Recovery),84,6000126,metaworld,True,56,0.4913627109999652,0,0,0,0,0.17012284696102142,task_success_while_recovery_active_per_intervention,True,False,,full,0.2
REIM (ACT + Detector + Recovery),85,6000127,metaworld,True,50,0.8002960409994557,1,1,1,33,0.3471611738204956,task_success_while_recovery_active_per_intervention,True,False,,full,0.2
REIM (ACT + Detector + Recovery),86,6000128,metaworld,True,62,0.4112049110008229,0,0,0,0,0.16528818011283875,task_success_while_recovery_active_per_intervention,True,False,,full,0.2
REIM (ACT + Detector + Recovery),87,6000129,metaworld,True,52,0.3903297759989073,0,0,0,0,0.18156678974628448,task_success_while_recovery_active_per_intervention,True,False,,full,0.2
REIM (ACT + Detector + Recovery),88,6000130,metaworld,True,60,0.3568435060005868,0,0,0,0,0.1098279282450676,task_success_while_recovery_active_per_intervention,True,False,,full,0.2
REIM (ACT + Detector + Recovery),89,6000131,metaworld,True,43,0.5677683520007122,1,1,1,36,0.420805960893631,task_success_while_recovery_active_per_intervention,True,False,,full,0.2
REIM (ACT + Detector + Recovery),90,6000132,metaworld,True,50,0.35316737399989506,0,0,0,0,0.15958239138126373,task_success_while_recovery_active_per_intervention,True,False,,full,0.2
REIM (ACT + Detector + Recovery),91,6000133,metaworld,False,200,1.9492686800003867,1,0,1,150,0.9981960654258728,task_success_while_recovery_active_per_intervention,False,True,object_dropped,full,0.2
REIM (ACT + Detector + Recovery),92,6000134,metaworld,True,55,0.6664967510005226,1,1,1,38,0.38293319940567017,task_success_while_recovery_active_per_intervention,True,False,,full,0.2
REIM (ACT + Detector + Recovery),93,6000135,metaworld,True,53,0.5033921239992196,0,0,0,0,0.1263786107301712,task_success_while_recovery_active_per_intervention,True,False,,full,0.2
REIM (ACT + Detector + Recovery),94,6000136,metaworld,True,51,0.4759284789997764,0,0,0,0,0.19153866171836853,task_success_while_recovery_active_per_intervention,True,False,,full,0.2
REIM (ACT + Detector + Recovery),95,6000137,metaworld,True,58,0.9701858240005095,1,1,1,40,0.2954477071762085,task_success_while_recovery_active_per_intervention,True,False,,full,0.2
REIM (ACT + Detector + Recovery),96,6000138,metaworld,True,58,0.4975843310003256,0,0,0,0,0.13058090209960938,task_success_while_recovery_active_per_intervention,True,False,,full,0.2
REIM (ACT + Detector + Recovery),97,6000139,metaworld,True,53,0.3230502200003684,0,0,0,0,0.15946316719055176,task_success_while_recovery_active_per_intervention,True,False,,full,0.2
REIM (ACT + Detector + Recovery),98,6000140,metaworld,False,200,2.927040377000594,1,0,1,150,0.8950543999671936,task_success_while_recovery_active_per_intervention,False,True,object_dropped,full,0.2
REIM (ACT + Detector + Recovery),99,6000141,metaworld,True,44,0.3787878270013607,1,1,1,28,0.34426552057266235,task_success_while_recovery_active_per_intervention,True,False,,full,0.2
REIM (ACT + Detector + Recovery),100,6000142,metaworld,True,55,0.3165254649993585,0,0,0,0,0.19636236131191254,task_success_while_recovery_active_per_intervention,True,False,,full,0.2
REIM (ACT + Detector + Recovery),101,6000143,metaworld,True,53,0.3505481249994773,0,0,0,0,0.18538206815719604,task_success_while_recovery_active_per_intervention,True,False,,full,0.2
REIM (ACT + Detector + Recovery),102,6000144,metaworld,True,55,0.5288390749992686,1,1,1,44,0.24281594157218933,task_success_while_recovery_active_per_intervention,True,False,,full,0.2
REIM (ACT + Detector + Recovery),103,6000145,metaworld,False,200,2.7389734089993,1,0,1,150,0.9980682730674744,task_success_while_recovery_active_per_intervention,False,True,timeout,full,0.2
REIM (ACT + Detector + Recovery),104,6000146,metaworld,True,51,0.7071767580000596,1,1,1,34,0.22854064404964447,task_success_while_recovery_active_per_intervention,True,False,,full,0.2
REIM (ACT + Detector + Recovery),105,6000147,metaworld,True,58,0.779194025999459,1,1,1,41,0.2909978926181793,task_success_while_recovery_active_per_intervention,True,False,,full,0.2
REIM (ACT + Detector + Recovery),106,6000148,metaworld,True,55,0.7320653980004863,1,1,1,39,0.23706956207752228,task_success_while_recovery_active_per_intervention,True,False,,full,0.2
REIM (ACT + Detector + Recovery),107,6000149,metaworld,True,51,0.7516831609991641,1,1,1,40,0.22534984350204468,task_success_while_recovery_active_per_intervention,True,False,,full,0.2
REIM (ACT + Detector + Recovery),108,6000150,metaworld,True,48,0.45140836400059925,0,0,0,0,0.1897231638431549,task_success_while_recovery_active_per_intervention,True,False,,full,0.2
REIM (ACT + Detector + Recovery),109,6000151,metaworld,False,200,2.4574006570001075,1,0,1,150,0.9952050447463989,task_success_while_recovery_active_per_intervention,False,True,object_dropped,full,0.2
REIM (ACT + Detector + Recovery),110,6000152,metaworld,True,54,0.8464796949992888,1,1,1,30,0.20797573029994965,task_success_while_recovery_active_per_intervention,True,False,,full,0.2
REIM (ACT + Detector + Recovery),111,6000153,metaworld,True,49,0.6569270929994673,1,1,1,36,0.284929484128952,task_success_while_recovery_active_per_intervention,True,False,,full,0.2
REIM (ACT + Detector + Recovery),112,6000154,metaworld,False,200,2.5108588369985227,1,0,1,150,0.9992169141769409,task_success_while_recovery_active_per_intervention,False,True,object_dropped,full,0.2
REIM (ACT + Detector + Recovery),113,6000155,metaworld,False,200,2.566837255999417,1,0,1,150,0.9993153810501099,task_success_while_recovery_active_per_intervention,False,True,object_dropped,full,0.2
REIM (ACT + Detector + Recovery),114,6000156,metaworld,True,56,0.31819196000105876,0,0,0,0,0.17934823036193848,task_success_while_recovery_active_per_intervention,True,False,,full,0.2
REIM (ACT + Detector + Recovery),115,6000157,metaworld,False,200,1.971295500999986,1,0,1,143,0.9990818500518799,task_success_while_recovery_active_per_intervention,False,True,timeout,full,0.2
REIM (ACT + Detector + Recovery),116,6000158,metaworld,True,64,0.3150594680009817,0,0,0,0,0.18034227192401886,task_success_while_recovery_active_per_intervention,True,False,,full,0.2
REIM (ACT + Detector + Recovery),117,6000159,metaworld,True,48,0.34929299999930663,1,1,1,32,0.3371518552303314,task_success_while_recovery_active_per_intervention,True,False,,full,0.2
REIM (ACT + Detector + Recovery),118,6000160,metaworld,True,68,0.5103036969994719,1,1,1,36,0.2070857137441635,task_success_while_recovery_active_per_intervention,True,False,,full,0.2
REIM (ACT + Detector + Recovery),119,6000161,metaworld,True,67,0.45063345699963975,1,1,1,30,0.21965715289115906,task_success_while_recovery_active_per_intervention,True,False,,full,0.2
REIM (ACT + Detector + Recovery),120,6000162,metaworld,True,63,0.35285623500021757,0,0,0,0,0.10714000463485718,task_success_while_recovery_active_per_intervention,True,False,,full,0.2
REIM (ACT + Detector + Recovery),121,6000163,metaworld,True,62,0.45300430600036634,0,0,0,0,0.19879001379013062,task_success_while_recovery_active_per_intervention,True,False,,full,0.2
REIM (ACT + Detector + Recovery),122,6000164,metaworld,True,49,0.26133491299879097,0,0,0,0,0.19849078357219696,task_success_while_recovery_active_per_intervention,True,False,,full,0.2
REIM (ACT + Detector + Recovery),123,6000165,metaworld,False,200,1.7090039800004888,1,0,1,150,0.9806212782859802,task_success_while_recovery_active_per_intervention,False,True,timeout,full,0.2
REIM (ACT + Detector + Recovery),124,6000166,metaworld,True,55,0.8300484279989178,1,1,1,37,0.25855663418769836,task_success_while_recovery_active_per_intervention,True,False,,full,0.2
REIM (ACT + Detector + Recovery),125,6000167,metaworld,False,200,1.4038853609999933,1,0,1,136,0.9988096952438354,task_success_while_recovery_active_per_intervention,False,True,object_dropped,full,0.2
REIM (ACT + Detector + Recovery),126,6000168,metaworld,False,200,1.6840378670003702,1,0,1,150,0.9907784461975098,task_success_while_recovery_active_per_intervention,False,True,timeout,full,0.2
REIM (ACT + Detector + Recovery),127,6000169,metaworld,True,84,0.6736966210009996,1,1,1,55,0.23327741026878357,task_success_while_recovery_active_per_intervention,True,False,,full,0.2
REIM (ACT + Detector + Recovery),128,6000170,metaworld,True,53,0.2936475309998059,0,0,0,0,0.16833187639713287,task_success_while_recovery_active_per_intervention,True,False,,full,0.2
REIM (ACT + Detector + Recovery),129,6000171,metaworld,True,51,0.5286618730006012,1,1,1,31,0.22302863001823425,task_success_while_recovery_active_per_intervention,True,False,,full,0.2
REIM (ACT + Detector + Recovery),130,6000172,metaworld,True,53,0.21222049300013168,0,0,0,0,0.15895967185497284,task_success_while_recovery_active_per_intervention,True,False,,full,0.2
REIM (ACT + Detector + Recovery),131,6000173,metaworld,True,46,0.24123729900020408,1,1,1,25,0.23219558596611023,task_success_while_recovery_active_per_intervention,True,False,,full,0.2
REIM (ACT + Detector + Recovery),132,6000174,metaworld,True,56,0.23723510900163092,0,0,0,0,0.16494698822498322,task_success_while_recovery_active_per_intervention,True,False,,full,0.2
REIM (ACT + Detector + Recovery),133,6000175,metaworld,True,56,0.23485011199954897,0,0,0,0,0.08812430500984192,task_success_while_recovery_active_per_intervention,True,False,,full,0.2
REIM (ACT + Detector + Recovery),134,6000176,metaworld,True,52,0.27787839400116354,1,1,1,30,0.23134462535381317,task_success_while_recovery_active_per_intervention,True,False,,full,0.2
REIM (ACT + Detector + Recovery),135,6000177,metaworld,False,200,1.8177421199998207,1,0,1,138,0.9996122717857361,task_success_while_recovery_active_per_intervention,False,True,timeout,full,0.2
REIM (ACT + Detector + Recovery),136,6000178,metaworld,True,52,0.24153077699884307,0,0,0,0,0.10550197213888168,task_success_while_recovery_active_per_intervention,True,False,,full,0.2
REIM (ACT + Detector + Recovery),137,6000179,metaworld,True,61,0.7258639479987323,1,1,1,34,0.20709511637687683,task_success_while_recovery_active_per_intervention,True,False,,full,0.2
REIM (ACT + Detector + Recovery),138,6000180,metaworld,True,67,0.6031171520007774,1,1,1,44,0.2939262390136719,task_success_while_recovery_active_per_intervention,True,False,,full,0.2
REIM (ACT + Detector + Recovery),139,6000181,metaworld,False,200,1.2732819699995161,1,0,1,138,0.9981541037559509,task_success_while_recovery_active_per_intervention,False,True,timeout,full,0.2
REIM (ACT + Detector + Recovery),140,6000182,metaworld,True,53,0.2369625219998852,0,0,0,0,0.14803051948547363,task_success_while_recovery_active_per_intervention,True,False,,full,0.2
REIM (ACT + Detector + Recovery),141,6000183,metaworld,True,57,0.568459760001133,1,1,1,44,0.49622464179992676,task_success_while_recovery_active_per_intervention,True,False,,full,0.2
REIM (ACT + Detector + Recovery),142,6000184,metaworld,True,50,0.22313465700062807,0,0,0,0,0.13641543686389923,task_success_while_recovery_active_per_intervention,True,False,,full,0.2
REIM (ACT + Detector + Recovery),143,6000185,metaworld,True,52,0.25877949399909994,0,0,0,0,0.10954445600509644,task_success_while_recovery_active_per_intervention,True,False,,full,0.2
REIM (ACT + Detector + Recovery),144,6000186,metaworld,True,51,0.32214671799920325,1,1,1,41,0.30028417706489563,task_success_while_recovery_active_per_intervention,True,False,,full,0.2
REIM (ACT + Detector + Recovery),145,6000187,metaworld,True,51,0.31242054799986363,1,1,1,36,0.25832271575927734,task_success_while_recovery_active_per_intervention,True,False,,full,0.2
REIM (ACT + Detector + Recovery),146,6000188,metaworld,True,60,0.6326520599996002,1,1,1,29,0.20459473133087158,task_success_while_recovery_active_per_intervention,True,False,,full,0.2
REIM (ACT + Detector + Recovery),147,6000189,metaworld,False,200,1.8815275639990432,1,0,1,147,0.9929606318473816,task_success_while_recovery_active_per_intervention,False,True,timeout,full,0.2
REIM (ACT + Detector + Recovery),148,6000190,metaworld,True,50,0.2444225990002451,0,0,0,0,0.09186691045761108,task_success_while_recovery_active_per_intervention,True,False,,full,0.2
REIM (ACT + Detector + Recovery),149,6000191,metaworld,False,200,1.7940982830004941,1,0,1,135,0.9994223117828369,task_success_while_recovery_active_per_intervention,False,True,object_dropped,full,0.2
REIM (ACT + Detector + Recovery),150,6000192,metaworld,True,54,0.6966985830003978,1,1,1,35,0.4553931653499603,task_success_while_recovery_active_per_intervention,True,False,,full,0.2
REIM (ACT + Detector + Recovery),151,6000193,metaworld,True,56,0.35220996099997137,0,0,0,0,0.1795915812253952,task_success_while_recovery_active_per_intervention,True,False,,full,0.2
REIM (ACT + Detector + Recovery),152,6000194,metaworld,True,53,0.340984276999734,0,0,0,0,0.18444940447807312,task_success_while_recovery_active_per_intervention,True,False,,full,0.2
REIM (ACT + Detector + Recovery),153,6000195,metaworld,True,53,0.25603557499925955,1,1,1,38,0.26241329312324524,task_success_while_recovery_active_per_intervention,True,False,,full,0.2
REIM (ACT + Detector + Recovery),154,6000196,metaworld,True,50,0.31124434800040035,1,1,1,38,0.20690244436264038,task_success_while_recovery_active_per_intervention,True,False,,full,0.2
REIM (ACT + Detector + Recovery),155,6000197,metaworld,True,50,0.2778450259993406,1,1,1,42,0.32640889286994934,task_success_while_recovery_active_per_intervention,True,False,,full,0.2
REIM (ACT + Detector + Recovery),156,6000198,metaworld,True,53,0.3451745349993871,0,0,0,0,0.10514456033706665,task_success_while_recovery_active_per_intervention,True,False,,full,0.2
REIM (ACT + Detector + Recovery),157,6000199,metaworld,True,60,0.34700997099935194,0,0,0,0,0.12765273451805115,task_success_while_recovery_active_per_intervention,True,False,,full,0.2
REIM (ACT + Detector + Recovery),158,6000200,metaworld,True,55,0.166171785998813,0,0,0,0,0.11211332678794861,task_success_while_recovery_active_per_intervention,True,False,,full,0.2
REIM (ACT + Detector + Recovery),159,6000201,metaworld,True,52,0.16031967900016753,0,0,0,0,0.1852402538061142,task_success_while_recovery_active_per_intervention,True,False,,full,0.2
REIM (ACT + Detector + Recovery),160,6000202,metaworld,True,51,0.23470500499934133,1,1,1,37,0.210599884390831,task_success_while_recovery_active_per_intervention,True,False,,full,0.2
REIM (ACT + Detector + Recovery),161,6000203,metaworld,False,200,0.8782902439997997,1,0,1,150,0.999345600605011,task_success_while_recovery_active_per_intervention,False,True,object_dropped,full,0.2
REIM (ACT + Detector + Recovery),162,6000204,metaworld,True,54,0.17148029999952996,0,0,0,0,0.19202934205532074,task_success_while_recovery_active_per_intervention,True,False,,full,0.2
REIM (ACT + Detector + Recovery),163,6000205,metaworld,False,200,0.43745309800033283,1,0,1,150,0.9847821593284607,task_success_while_recovery_active_per_intervention,False,True,timeout,full,0.2
REIM (ACT + Detector + Recovery),164,6000206,metaworld,True,50,0.11325760500039905,0,0,0,0,0.15716058015823364,task_success_while_recovery_active_per_intervention,True,False,,full,0.2
REIM (ACT + Detector + Recovery),165,6000207,metaworld,True,59,0.13605814800030203,0,0,0,0,0.1690492182970047,task_success_while_recovery_active_per_intervention,True,False,,full,0.2
REIM (ACT + Detector + Recovery),166,6000208,metaworld,True,51,0.10646912500124017,1,1,1,29,0.21924787759780884,task_success_while_recovery_active_per_intervention,True,False,,full,0.2
REIM (ACT + Detector + Recovery),167,6000209,metaworld,True,53,0.12221985200085328,0,0,0,0,0.1374010294675827,task_success_while_recovery_active_per_intervention,True,False,,full,0.2
REIM (ACT + Detector + Recovery),168,6000210,metaworld,True,52,0.10546903700014809,1,1,1,44,0.39632609486579895,task_success_while_recovery_active_per_intervention,True,False,,full,0.2
REIM (ACT + Detector + Recovery),169,6000211,metaworld,False,200,0.4332319410004857,1,0,1,150,0.9886075854301453,task_success_while_recovery_active_per_intervention,False,True,timeout,full,0.2
REIM (ACT + Detector + Recovery),170,6000212,metaworld,True,50,0.11016082700007246,1,1,1,42,0.5007631182670593,task_success_while_recovery_active_per_intervention,True,False,,full,0.2
REIM (ACT + Detector + Recovery),171,6000213,metaworld,True,48,0.10220552500140911,1,1,1,32,0.2985341250896454,task_success_while_recovery_active_per_intervention,True,False,,full,0.2
REIM (ACT + Detector + Recovery),172,6000214,metaworld,True,56,0.12371464999887394,1,1,1,42,0.2608799934387207,task_success_while_recovery_active_per_intervention,True,False,,full,0.2
REIM (ACT + Detector + Recovery),173,6000215,metaworld,True,56,0.12357466200046474,1,1,1,43,0.28700146079063416,task_success_while_recovery_active_per_intervention,True,False,,full,0.2
REIM (ACT + Detector + Recovery),174,6000216,metaworld,True,54,0.1253155100002914,0,0,0,0,0.13775213062763214,task_success_while_recovery_active_per_intervention,True,False,,full,0.2
REIM (ACT + Detector + Recovery),175,6000217,metaworld,True,51,0.11660744099935982,0,0,0,0,0.1925128698348999,task_success_while_recovery_active_per_intervention,True,False,,full,0.2
REIM (ACT + Detector + Recovery),176,6000218,metaworld,True,50,0.10195229999953881,1,1,1,28,0.23686189949512482,task_success_while_recovery_active_per_intervention,True,False,,full,0.2
REIM (ACT + Detector + Recovery),177,6000219,metaworld,True,55,0.12649598099960713,0,0,0,0,0.17493689060211182,task_success_while_recovery_active_per_intervention,True,False,,full,0.2
REIM (ACT + Detector + Recovery),178,6000220,metaworld,True,65,0.12386156199863763,1,1,1,53,0.3610330820083618,task_success_while_recovery_active_per_intervention,True,False,,full,0.2
REIM (ACT + Detector + Recovery),179,6000221,metaworld,True,54,0.1123093139995035,1,1,1,43,0.34259191155433655,task_success_while_recovery_active_per_intervention,True,False,,full,0.2
REIM (ACT + Detector + Recovery),180,6000222,metaworld,True,52,0.11734912200154213,0,0,0,0,0.13936422765254974,task_success_while_recovery_active_per_intervention,True,False,,full,0.2
REIM (ACT + Detector + Recovery),181,6000223,metaworld,True,52,0.1190376809990994,0,0,0,0,0.1733216792345047,task_success_while_recovery_active_per_intervention,True,False,,full,0.2
REIM (ACT + Detector + Recovery),182,6000224,metaworld,True,59,0.1335061219997442,0,0,0,0,0.1715516448020935,task_success_while_recovery_active_per_intervention,True,False,,full,0.2
REIM (ACT + Detector + Recovery),183,6000225,metaworld,True,47,0.0933541359991068,1,1,1,31,0.24512523412704468,task_success_while_recovery_active_per_intervention,True,False,,full,0.2
REIM (ACT + Detector + Recovery),184,6000226,metaworld,True,52,0.10495391699987522,1,1,1,43,0.3759210705757141,task_success_while_recovery_active_per_intervention,True,False,,full,0.2
REIM (ACT + Detector + Recovery),185,6000227,metaworld,False,200,0.43762236400107213,1,0,1,142,0.9993852376937866,task_success_while_recovery_active_per_intervention,False,True,object_dropped,full,0.2
REIM (ACT + Detector + Recovery),186,6000228,metaworld,True,58,0.13741012900027272,0,0,0,0,0.15009646117687225,task_success_while_recovery_active_per_intervention,True,False,,full,0.2
REIM (ACT + Detector + Recovery),187,6000229,metaworld,True,55,0.12839505500051018,0,0,0,0,0.16355933248996735,task_success_while_recovery_active_per_intervention,True,False,,full,0.2
REIM (ACT + Detector + Recovery),188,6000230,metaworld,True,57,0.13740894199872855,0,0,0,0,0.13354220986366272,task_success_while_recovery_active_per_intervention,True,False,,full,0.2
REIM (ACT + Detector + Recovery),189,6000231,metaworld,True,55,0.1056638859990926,1,1,1,45,0.42850935459136963,task_success_while_recovery_active_per_intervention,True,False,,full,0.2
REIM (ACT + Detector + Recovery),190,6000232,metaworld,True,54,0.11424417700072809,1,1,1,38,0.3042391240596771,task_success_while_recovery_active_per_intervention,True,False,,full,0.2
REIM (ACT + Detector + Recovery),191,6000233,metaworld,True,53,0.12198329300008481,0,0,0,0,0.1590542495250702,task_success_while_recovery_active_per_intervention,True,False,,full,0.2
REIM (ACT + Detector + Recovery),192,6000234,metaworld,True,55,0.12608626800101774,0,0,0,0,0.1684189885854721,task_success_while_recovery_active_per_intervention,True,False,,full,0.2
REIM (ACT + Detector + Recovery),193,6000235,metaworld,True,51,0.09903978600050323,1,1,1,35,0.36787545680999756,task_success_while_recovery_active_per_intervention,True,False,,full,0.2
REIM (ACT + Detector + Recovery),194,6000236,metaworld,True,59,0.12065929599884839,1,1,1,31,0.2522578537464142,task_success_while_recovery_active_per_intervention,True,False,,full,0.2
REIM (ACT + Detector + Recovery),195,6000237,metaworld,True,49,0.10414112900070904,1,1,1,39,0.2853092849254608,task_success_while_recovery_active_per_intervention,True,False,,full,0.2
REIM (ACT + Detector + Recovery),196,6000238,metaworld,True,57,0.13043736599865952,0,0,0,0,0.16256247460842133,task_success_while_recovery_active_per_intervention,True,False,,full,0.2
REIM (ACT + Detector + Recovery),197,6000239,metaworld,True,58,0.13571149299968965,0,0,0,0,0.15297725796699524,task_success_while_recovery_active_per_intervention,True,False,,full,0.2
REIM (ACT + Detector + Recovery),198,6000240,metaworld,False,200,0.42161427899918635,1,0,1,150,0.9991638660430908,task_success_while_recovery_active_per_intervention,False,True,object_dropped,full,0.2
REIM (ACT + Detector + Recovery),199,6000241,metaworld,True,59,0.1379137730000366,0,0,0,0,0.13614697754383087,task_success_while_recovery_active_per_intervention,True,False,,full,0.2
REIM (ACT + Detector + Recovery),200,6000242,metaworld,False,200,0.43631206300051417,1,0,1,150,0.9990459084510803,task_success_while_recovery_active_per_intervention,False,True,object_dropped,full,0.2
REIM (ACT + Detector + Recovery),201,6000243,metaworld,True,60,0.13865102699855925,0,0,0,0,0.14614740014076233,task_success_while_recovery_active_per_intervention,True,False,,full,0.2
REIM (ACT + Detector + Recovery),202,6000244,metaworld,True,53,0.10490966199904506,1,1,1,33,0.23589274287223816,task_success_while_recovery_active_per_intervention,True,False,,full,0.2
REIM (ACT + Detector + Recovery),203,6000245,metaworld,True,67,0.15477034300056403,0,0,0,0,0.1873464733362198,task_success_while_recovery_active_per_intervention,True,False,,full,0.2
REIM (ACT + Detector + Recovery),204,6000246,metaworld,False,200,0.4207523109998874,1,0,1,150,0.9662904739379883,task_success_while_recovery_active_per_intervention,False,True,timeout,full,0.2
REIM (ACT + Detector + Recovery),205,6000247,metaworld,True,52,0.11148791599953256,1,1,1,33,0.24088895320892334,task_success_while_recovery_active_per_intervention,True,False,,full,0.2
REIM (ACT + Detector + Recovery),206,6000248,metaworld,False,200,0.43243998900106817,1,0,1,150,0.9991994500160217,task_success_while_recovery_active_per_intervention,False,True,timeout,full,0.2
REIM (ACT + Detector + Recovery),207,6000249,metaworld,True,60,0.1364780999992945,0,0,0,0,0.15923471748828888,task_success_while_recovery_active_per_intervention,True,False,,full,0.2
REIM (ACT + Detector + Recovery),208,6000250,metaworld,True,54,0.11255884499951208,1,1,1,30,0.20723435282707214,task_success_while_recovery_active_per_intervention,True,False,,full,0.2
REIM (ACT + Detector + Recovery),209,6000251,metaworld,True,49,0.12451738100025977,0,0,0,0,0.17232388257980347,task_success_while_recovery_active_per_intervention,True,False,,full,0.2
REIM (ACT + Detector + Recovery),210,6000252,metaworld,True,43,0.10534163299962529,1,1,1,35,0.42896100878715515,task_success_while_recovery_active_per_intervention,True,False,,full,0.2
REIM (ACT + Detector + Recovery),211,6000253,metaworld,True,47,0.2745675570004096,1,1,1,29,0.20140428841114044,task_success_while_recovery_active_per_intervention,True,False,,full,0.2
REIM (ACT + Detector + Recovery),212,6000254,metaworld,True,57,0.13867264299915405,1,1,1,30,0.29787594079971313,task_success_while_recovery_active_per_intervention,True,False,,full,0.2
REIM (ACT + Detector + Recovery),213,6000255,metaworld,True,53,0.12947474900101952,0,0,0,0,0.15730150043964386,task_success_while_recovery_active_per_intervention,True,False,,full,0.2
REIM (ACT + Detector + Recovery),214,6000256,metaworld,False,200,0.47303352700146206,1,0,1,137,0.9963255524635315,task_success_while_recovery_active_per_intervention,False,True,object_dropped,full,0.2
REIM (ACT + Detector + Recovery),215,6000257,metaworld,True,54,0.19863689599878853,1,1,1,35,0.33153700828552246,task_success_while_recovery_active_per_intervention,True,False,,full,0.2
REIM (ACT + Detector + Recovery),216,6000258,metaworld,True,52,0.15583413100102916,1,1,1,36,0.35749855637550354,task_success_while_recovery_active_per_intervention,True,False,,full,0.2
REIM (ACT + Detector + Recovery),217,6000259,metaworld,True,51,0.1287566840001091,1,1,1,42,0.33815798163414,task_success_while_recovery_active_per_intervention,True,False,,full,0.2
REIM (ACT + Detector + Recovery),218,6000260,metaworld,True,52,0.13236996800151246,1,1,1,38,0.3025926649570465,task_success_while_recovery_active_per_intervention,True,False,,full,0.2
REIM (ACT + Detector + Recovery),219,6000261,metaworld,True,54,0.13022187299975485,1,1,1,39,0.26104244589805603,task_success_while_recovery_active_per_intervention,True,False,,full,0.2
REIM (ACT + Detector + Recovery),220,6000262,metaworld,True,48,0.11936646200047107,0,0,0,0,0.17903980612754822,task_success_while_recovery_active_per_intervention,True,False,,full,0.2
REIM (ACT + Detector + Recovery),221,6000263,metaworld,True,61,0.1563005770003656,1,1,1,41,0.2308090180158615,task_success_while_recovery_active_per_intervention,True,False,,full,0.2
REIM (ACT + Detector + Recovery),222,6000264,metaworld,True,49,0.38455929399970046,1,1,1,34,0.3432025909423828,task_success_while_recovery_active_per_intervention,True,False,,full,0.2
REIM (ACT + Detector + Recovery),223,6000265,metaworld,True,51,0.36006909599927894,0,0,0,0,0.17268505692481995,task_success_while_recovery_active_per_intervention,True,False,,full,0.2
REIM (ACT + Detector + Recovery),224,6000266,metaworld,True,58,0.19902195599934203,0,0,0,0,0.16055166721343994,task_success_while_recovery_active_per_intervention,True,False,,full,0.2
REIM (ACT + Detector + Recovery),225,6000267,metaworld,True,50,0.16160080000008747,1,1,1,33,0.32354187965393066,task_success_while_recovery_active_per_intervention,True,False,,full,0.2
REIM (ACT + Detector + Recovery),226,6000268,metaworld,True,54,0.1361541109999962,0,0,0,0,0.12275181710720062,task_success_while_recovery_active_per_intervention,True,False,,full,0.2
REIM (ACT + Detector + Recovery),227,6000269,metaworld,True,52,0.12646410500019556,1,1,1,43,0.31533685326576233,task_success_while_recovery_active_per_intervention,True,False,,full,0.2
REIM (ACT + Detector + Recovery),228,6000270,metaworld,True,51,0.18890810499942745,1,1,1,37,0.2219068706035614,task_success_while_recovery_active_per_intervention,True,False,,full,0.2
REIM (ACT + Detector + Recovery),229,6000271,metaworld,True,52,0.15563271700011683,0,0,0,0,0.15957865118980408,task_success_while_recovery_active_per_intervention,True,False,,full,0.2
REIM (ACT + Detector + Recovery),230,6000272,metaworld,False,200,0.5483450249994348,1,0,1,150,0.9398506879806519,task_success_while_recovery_active_per_intervention,False,True,object_dropped,full,0.2
REIM (ACT + Detector + Recovery),231,6000273,metaworld,True,54,0.21963138899991463,0,0,0,0,0.15449489653110504,task_success_while_recovery_active_per_intervention,True,False,,full,0.2
REIM (ACT + Detector + Recovery),232,6000274,metaworld,True,58,0.24594193499979156,1,1,1,37,0.2531941533088684,task_success_while_recovery_active_per_intervention,True,False,,full,0.2
REIM (ACT + Detector + Recovery),233,6000275,metaworld,True,55,0.27043523999964236,1,1,1,40,0.2581988573074341,task_success_while_recovery_active_per_intervention,True,False,,full,0.2
REIM (ACT + Detector + Recovery),234,6000276,metaworld,False,200,1.232379918999868,1,0,1,150,0.9898720383644104,task_success_while_recovery_active_per_intervention,False,True,object_dropped,full,0.2
REIM (ACT + Detector + Recovery),235,6000277,metaworld,False,200,1.2679560180004046,1,0,1,142,0.9773844480514526,task_success_while_recovery_active_per_intervention,False,True,object_dropped,full,0.2
REIM (ACT + Detector + Recovery),236,6000278,metaworld,True,48,0.23044944399953238,1,1,1,31,0.2766636908054352,task_success_while_recovery_active_per_intervention,True,False,,full,0.2
REIM (ACT + Detector + Recovery),237,6000279,metaworld,True,54,0.7279529810002714,1,1,1,44,0.2577846944332123,task_success_while_recovery_active_per_intervention,True,False,,full,0.2
REIM (ACT + Detector + Recovery),238,6000280,metaworld,True,54,0.4547015809985169,0,0,0,0,0.14414580166339874,task_success_while_recovery_active_per_intervention,True,False,,full,0.2
REIM (ACT + Detector + Recovery),239,6000281,metaworld,True,57,0.3856374239985598,0,0,0,0,0.1761440932750702,task_success_while_recovery_active_per_intervention,True,False,,full,0.2
REIM (ACT + Detector + Recovery),240,6000282,metaworld,True,49,0.28226131700102997,1,1,1,30,0.22514383494853973,task_success_while_recovery_active_per_intervention,True,False,,full,0.2
REIM (ACT + Detector + Recovery),241,6000283,metaworld,True,57,0.2344928520014946,0,0,0,0,0.10518424957990646,task_success_while_recovery_active_per_intervention,True,False,,full,0.2
REIM (ACT + Detector + Recovery),242,6000284,metaworld,True,63,0.5620769649995054,1,1,1,29,0.3644607663154602,task_success_while_recovery_active_per_intervention,True,False,,full,0.2
REIM (ACT + Detector + Recovery),243,6000285,metaworld,True,48,0.38961792000009154,1,1,1,30,0.2665456235408783,task_success_while_recovery_active_per_intervention,True,False,,full,0.2
REIM (ACT + Detector + Recovery),244,6000286,metaworld,True,54,0.45022097199944255,1,1,1,26,0.23152866959571838,task_success_while_recovery_active_per_intervention,True,False,,full,0.2
REIM (ACT + Detector + Recovery),245,6000287,metaworld,True,57,0.2504494969998632,0,0,0,0,0.1372254341840744,task_success_while_recovery_active_per_intervention,True,False,,full,0.2
REIM (ACT + Detector + Recovery),246,6000288,metaworld,True,55,0.23455731200010632,0,0,0,0,0.1603960394859314,task_success_while_recovery_active_per_intervention,True,False,,full,0.2
REIM (ACT + Detector + Recovery),247,6000289,metaworld,True,51,0.20508317100029672,1,1,1,34,0.28406256437301636,task_success_while_recovery_active_per_intervention,True,False,,full,0.2
REIM (ACT + Detector + Recovery),248,6000290,metaworld,True,71,0.3461261779993947,1,1,1,54,0.30281272530555725,task_success_while_recovery_active_per_intervention,True,False,,full,0.2
REIM (ACT + Detector + Recovery),249,6000291,metaworld,True,51,0.3278718130004563,1,1,1,32,0.24212436378002167,task_success_while_recovery_active_per_intervention,True,False,,full,0.2
REIM (ACT + Detector + Recovery),250,6000292,metaworld,False,200,2.678664752998884,1,0,1,142,0.9984934329986572,task_success_while_recovery_active_per_intervention,False,True,object_dropped,full,0.2
REIM (ACT + Detector + Recovery),251,6000293,metaworld,True,51,0.5733235839979898,1,1,1,32,0.23649409413337708,task_success_while_recovery_active_per_intervention,True,False,,full,0.2
REIM (ACT + Detector + Recovery),252,6000294,metaworld,True,52,0.23628069100232096,0,0,0,0,0.18091769516468048,task_success_while_recovery_active_per_intervention,True,False,,full,0.2
REIM (ACT + Detector + Recovery),253,6000295,metaworld,True,56,0.6414557610005431,1,1,1,34,0.20212700963020325,task_success_while_recovery_active_per_intervention,True,False,,full,0.2
REIM (ACT + Detector + Recovery),254,6000296,metaworld,False,200,2.6009586740001396,1,0,1,150,0.9751073718070984,task_success_while_recovery_active_per_intervention,False,True,timeout,full,0.2
REIM (ACT + Detector + Recovery),255,6000297,metaworld,True,61,0.7204258710007707,1,1,1,41,0.27721545100212097,task_success_while_recovery_active_per_intervention,True,False,,full,0.2
REIM (ACT + Detector + Recovery),256,6000298,metaworld,True,55,0.7159644009989279,1,1,1,36,0.2847093343734741,task_success_while_recovery_active_per_intervention,True,False,,full,0.2
REIM (ACT + Detector + Recovery),257,6000299,metaworld,True,50,0.4309112279988767,1,1,1,26,0.2122596800327301,task_success_while_recovery_active_per_intervention,True,False,,full,0.2
REIM (ACT + Detector + Recovery),258,6000300,metaworld,True,52,0.679127053997945,1,1,1,32,0.22290314733982086,task_success_while_recovery_active_per_intervention,True,False,,full,0.2
REIM (ACT + Detector + Recovery),259,6000301,metaworld,False,200,3.2944558009985485,1,0,1,148,0.9944650530815125,task_success_while_recovery_active_per_intervention,False,True,timeout,full,0.2
REIM (ACT + Detector + Recovery),260,6000302,metaworld,True,50,0.3417096640005184,0,0,0,0,0.16096781194210052,task_success_while_recovery_active_per_intervention,True,False,,full,0.2
REIM (ACT + Detector + Recovery),261,6000303,metaworld,True,54,0.41074877199935145,0,0,0,0,0.18395310640335083,task_success_while_recovery_active_per_intervention,True,False,,full,0.2
REIM (ACT + Detector + Recovery),262,6000304,metaworld,True,53,0.7634755180006323,1,1,1,37,0.20042815804481506,task_success_while_recovery_active_per_intervention,True,False,,full,0.2
REIM (ACT + Detector + Recovery),263,6000305,metaworld,False,200,3.033335914999043,1,0,1,142,0.9894922971725464,task_success_while_recovery_active_per_intervention,False,True,object_dropped,full,0.2
REIM (ACT + Detector + Recovery),264,6000306,metaworld,True,44,0.8300424209992343,1,1,1,30,0.23658297955989838,task_success_while_recovery_active_per_intervention,True,False,,full,0.2
REIM (ACT + Detector + Recovery),265,6000307,metaworld,True,45,0.7002522720031266,1,1,1,30,0.2677082121372223,task_success_while_recovery_active_per_intervention,True,False,,full,0.2
REIM (ACT + Detector + Recovery),266,6000308,metaworld,True,60,0.6883064240028034,0,0,0,0,0.15942220389842987,task_success_while_recovery_active_per_intervention,True,False,,full,0.2
REIM (ACT + Detector + Recovery),267,6000309,metaworld,True,51,0.38158864799697767,0,0,0,0,0.14550350606441498,task_success_while_recovery_active_per_intervention,True,False,,full,0.2
REIM (ACT + Detector + Recovery),268,6000310,metaworld,True,51,0.9530779419983446,1,1,1,42,0.31846898794174194,task_success_while_recovery_active_per_intervention,True,False,,full,0.2
REIM (ACT + Detector + Recovery),269,6000311,metaworld,True,48,0.7360252780017618,1,1,1,32,0.3100711405277252,task_success_while_recovery_active_per_intervention,True,False,,full,0.2
REIM (ACT + Detector + Recovery),270,6000312,metaworld,True,60,0.704064940000535,0,0,0,0,0.14899516105651855,task_success_while_recovery_active_per_intervention,True,False,,full,0.2
REIM (ACT + Detector + Recovery),271,6000313,metaworld,True,50,0.7871242410001287,1,1,1,40,0.2644962668418884,task_success_while_recovery_active_per_intervention,True,False,,full,0.2
REIM (ACT + Detector + Recovery),272,6000314,metaworld,True,53,0.5041869489978126,0,0,0,0,0.15058918297290802,task_success_while_recovery_active_per_intervention,True,False,,full,0.2
REIM (ACT + Detector + Recovery),273,6000315,metaworld,True,72,0.4847794540000905,0,0,0,0,0.12403464317321777,task_success_while_recovery_active_per_intervention,True,False,,full,0.2
REIM (ACT + Detector + Recovery),274,6000316,metaworld,False,200,2.4711902130002272,1,0,1,147,0.9987708926200867,task_success_while_recovery_active_per_intervention,False,True,object_dropped,full,0.2
REIM (ACT + Detector + Recovery),275,6000317,metaworld,True,59,0.503091909999057,1,1,1,48,0.2592175602912903,task_success_while_recovery_active_per_intervention,True,False,,full,0.2
REIM (ACT + Detector + Recovery),276,6000318,metaworld,True,50,0.45110606100206496,0,0,0,0,0.15256495773792267,task_success_while_recovery_active_per_intervention,True,False,,full,0.2
REIM (ACT + Detector + Recovery),277,6000319,metaworld,True,56,0.567024403000687,0,0,0,0,0.12099029868841171,task_success_while_recovery_active_per_intervention,True,False,,full,0.2
REIM (ACT + Detector + Recovery),278,6000320,metaworld,True,56,0.43887799399817595,0,0,0,0,0.161887988448143,task_success_while_recovery_active_per_intervention,True,False,,full,0.2
REIM (ACT + Detector + Recovery),279,6000321,metaworld,True,60,0.3198976659987238,0,0,0,0,0.11779709160327911,task_success_while_recovery_active_per_intervention,True,False,,full,0.2
REIM (ACT + Detector + Recovery),280,6000322,metaworld,True,53,0.842295054000715,1,1,1,38,0.28402164578437805,task_success_while_recovery_active_per_intervention,True,False,,full,0.2
REIM (ACT + Detector + Recovery),281,6000323,metaworld,True,58,1.05171482500009,1,1,1,46,0.2641502916812897,task_success_while_recovery_active_per_intervention,True,False,,full,0.2
REIM (ACT + Detector + Recovery),282,6000324,metaworld,True,55,0.45600495399776264,0,0,0,0,0.15264910459518433,task_success_while_recovery_active_per_intervention,True,False,,full,0.2
REIM (ACT + Detector + Recovery),283,6000325,metaworld,True,51,0.49131584399947315,1,1,1,41,0.2935676574707031,task_success_while_recovery_active_per_intervention,True,False,,full,0.2
REIM (ACT + Detector + Recovery),284,6000326,metaworld,True,48,0.33591733800130896,1,1,1,33,0.3376452326774597,task_success_while_recovery_active_per_intervention,True,False,,full,0.2
REIM (ACT + Detector + Recovery),285,6000327,metaworld,True,55,0.4148158450007031,1,1,1,34,0.2842777967453003,task_success_while_recovery_active_per_intervention,True,False,,full,0.2
REIM (ACT + Detector + Recovery),286,6000328,metaworld,True,58,0.32855602400013595,0,0,0,0,0.13771791756153107,task_success_while_recovery_active_per_intervention,True,False,,full,0.2
REIM (ACT + Detector + Recovery),287,6000329,metaworld,True,47,0.503224173997296,1,1,1,37,0.35031044483184814,task_success_while_recovery_active_per_intervention,True,False,,full,0.2
REIM (ACT + Detector + Recovery),288,6000330,metaworld,True,56,0.4949831899975834,0,0,0,0,0.1924421638250351,task_success_while_recovery_active_per_intervention,True,False,,full,0.2
REIM (ACT + Detector + Recovery),289,6000331,metaworld,True,56,0.6320133859990165,0,0,0,0,0.13109825551509857,task_success_while_recovery_active_per_intervention,True,False,,full,0.2
REIM (ACT + Detector + Recovery),290,6000332,metaworld,True,50,0.5806223310028145,1,1,1,26,0.20059095323085785,task_success_while_recovery_active_per_intervention,True,False,,full,0.2
REIM (ACT + Detector + Recovery),291,6000333,metaworld,True,58,0.8607702469998912,1,1,1,36,0.2575276494026184,task_success_while_recovery_active_per_intervention,True,False,,full,0.2
REIM (ACT + Detector + Recovery),292,6000334,metaworld,True,52,0.42783288300051936,0,0,0,0,0.17322170734405518,task_success_while_recovery_active_per_intervention,True,False,,full,0.2
REIM (ACT + Detector + Recovery),293,6000335,metaworld,False,200,1.8275802459975239,1,0,1,150,0.9873836636543274,task_success_while_recovery_active_per_intervention,False,True,timeout,full,0.2
REIM (ACT + Detector + Recovery),294,6000336,metaworld,False,200,2.7577529920017696,1,0,1,149,0.9665257930755615,task_success_while_recovery_active_per_intervention,False,True,timeout,full,0.2
REIM (ACT + Detector + Recovery),295,6000337,metaworld,True,55,0.32903270899987547,0,0,0,0,0.12500272691249847,task_success_while_recovery_active_per_intervention,True,False,,full,0.2
REIM (ACT + Detector + Recovery),296,6000338,metaworld,True,61,0.543302539997967,0,0,0,0,0.17474007606506348,task_success_while_recovery_active_per_intervention,True,False,,full,0.2
REIM (ACT + Detector + Recovery),297,6000339,metaworld,True,55,0.3341480609997234,0,0,0,0,0.08801236748695374,task_success_while_recovery_active_per_intervention,True,False,,full,0.2
REIM (ACT + Detector + Recovery),298,6000340,metaworld,True,57,0.32236889300111216,0,0,0,0,0.1578408032655716,task_success_while_recovery_active_per_intervention,True,False,,full,0.2
REIM (ACT + Detector + Recovery),299,6000341,metaworld,False,200,3.1621975029993337,1,0,1,150,0.9991298317909241,task_success_while_recovery_active_per_intervention,False,True,object_dropped,full,0.2
REIM (ACT + Detector + Recovery),300,6000342,metaworld,True,55,0.7595898040017346,0,0,0,0,0.12078409641981125,task_success_while_recovery_active_per_intervention,True,False,,full,0.2
REIM (ACT + Detector + Recovery),301,6000343,metaworld,False,200,2.8815447660017526,1,0,1,150,0.9979088306427002,task_success_while_recovery_active_per_intervention,False,True,timeout,full,0.2
REIM (ACT + Detector + Recovery),302,6000344,metaworld,True,54,0.5607891750005365,0,0,0,0,0.15092092752456665,task_success_while_recovery_active_per_intervention,True,False,,full,0.2
REIM (ACT + Detector + Recovery),303,6000345,metaworld,True,60,0.9117500070024107,1,1,1,43,0.27330872416496277,task_success_while_recovery_active_per_intervention,True,False,,full,0.2
REIM (ACT + Detector + Recovery),304,6000346,metaworld,True,60,0.5457200730015757,0,0,0,0,0.1509838104248047,task_success_while_recovery_active_per_intervention,True,False,,full,0.2
REIM (ACT + Detector + Recovery),305,6000347,metaworld,True,56,0.4935634229987045,0,0,0,0,0.10727454721927643,task_success_while_recovery_active_per_intervention,True,False,,full,0.2
REIM (ACT + Detector + Recovery),306,6000348,metaworld,False,200,1.6764713539996592,1,0,1,134,0.9920485615730286,task_success_while_recovery_active_per_intervention,False,True,object_dropped,full,0.2
REIM (ACT + Detector + Recovery),307,6000349,metaworld,True,54,0.7788995669980068,1,1,1,33,0.21644048392772675,task_success_while_recovery_active_per_intervention,True,False,,full,0.2
REIM (ACT + Detector + Recovery),308,6000350,metaworld,True,56,0.35825711799770943,0,0,0,0,0.1956614851951599,task_success_while_recovery_active_per_intervention,True,False,,full,0.2
REIM (ACT + Detector + Recovery),309,6000351,metaworld,True,55,0.3559958190016914,0,0,0,0,0.1333926022052765,task_success_while_recovery_active_per_intervention,True,False,,full,0.2
REIM (ACT + Detector + Recovery),310,6000352,metaworld,False,200,3.0980138209997676,1,0,1,149,0.9385197758674622,task_success_while_recovery_active_per_intervention,False,True,timeout,full,0.2
REIM (ACT + Detector + Recovery),311,6000353,metaworld,True,54,0.5750181800030987,0,0,0,0,0.17499940097332,task_success_while_recovery_active_per_intervention,True,False,,full,0.2
REIM (ACT + Detector + Recovery),312,6000354,metaworld,True,52,0.29158987200207775,0,0,0,0,0.19693341851234436,task_success_while_recovery_active_per_intervention,True,False,,full,0.2
REIM (ACT + Detector + Recovery),313,6000355,metaworld,True,58,0.5217475649988046,0,0,0,0,0.17740963399410248,task_success_while_recovery_active_per_intervention,True,False,,full,0.2
REIM (ACT + Detector + Recovery),314,6000356,metaworld,True,52,0.6594271889989614,1,1,1,38,0.23533523082733154,task_success_while_recovery_active_per_intervention,True,False,,full,0.2
REIM (ACT + Detector + Recovery),315,6000357,metaworld,True,58,0.4606542330002412,0,0,0,0,0.16282232105731964,task_success_while_recovery_active_per_intervention,True,False,,full,0.2
REIM (ACT + Detector + Recovery),316,6000358,metaworld,True,54,0.39720349500203156,0,0,0,0,0.1135798767209053,task_success_while_recovery_active_per_intervention,True,False,,full,0.2
REIM (ACT + Detector + Recovery),317,6000359,metaworld,False,200,2.796726391003176,1,0,1,148,0.9989836812019348,task_success_while_recovery_active_per_intervention,False,True,object_dropped,full,0.2
REIM (ACT + Detector + Recovery),318,6000360,metaworld,True,52,0.7864307740019285,1,1,1,43,0.27071407437324524,task_success_while_recovery_active_per_intervention,True,False,,full,0.2
REIM (ACT + Detector + Recovery),319,6000361,metaworld,True,54,0.6033544780002558,0,0,0,0,0.13449862599372864,task_success_while_recovery_active_per_intervention,True,False,,full,0.2
REIM (ACT + Detector + Recovery),320,6000362,metaworld,True,61,0.6606070490015554,0,0,0,0,0.1701466143131256,task_success_while_recovery_active_per_intervention,True,False,,full,0.2
REIM (ACT + Detector + Recovery),321,6000363,metaworld,True,50,0.6012641970010009,0,0,0,0,0.18308161199092865,task_success_while_recovery_active_per_intervention,True,False,,full,0.2
REIM (ACT + Detector + Recovery),322,6000364,metaworld,True,53,0.7021263329988869,0,0,0,0,0.16780726611614227,task_success_while_recovery_active_per_intervention,True,False,,full,0.2
REIM (ACT + Detector + Recovery),323,6000365,metaworld,True,58,0.7052410910000617,0,0,0,0,0.12351725250482559,task_success_while_recovery_active_per_intervention,True,False,,full,0.2
REIM (ACT + Detector + Recovery),324,6000366,metaworld,True,47,0.6617962369964516,1,1,1,38,0.418914794921875,task_success_while_recovery_active_per_intervention,True,False,,full,0.2
REIM (ACT + Detector + Recovery),325,6000367,metaworld,True,57,0.4299044139988837,0,0,0,0,0.14330565929412842,task_success_while_recovery_active_per_intervention,True,False,,full,0.2
REIM (ACT + Detector + Recovery),326,6000368,metaworld,True,55,0.7879304220004997,0,0,0,0,0.10381542146205902,task_success_while_recovery_active_per_intervention,True,False,,full,0.2
REIM (ACT + Detector + Recovery),327,6000369,metaworld,True,56,0.9329532570009178,1,1,1,31,0.2048259973526001,task_success_while_recovery_active_per_intervention,True,False,,full,0.2
REIM (ACT + Detector + Recovery),328,6000370,metaworld,True,50,0.7277946850008448,1,1,1,38,0.3310697078704834,task_success_while_recovery_active_per_intervention,True,False,,full,0.2
REIM (ACT + Detector + Recovery),329,6000371,metaworld,True,56,0.5834529210005712,0,0,0,0,0.162162184715271,task_success_while_recovery_active_per_intervention,True,False,,full,0.2
REIM (ACT + Detector + Recovery),330,6000372,metaworld,True,49,0.9692950650023704,1,1,1,37,0.2931608259677887,task_success_while_recovery_active_per_intervention,True,False,,full,0.2
REIM (ACT + Detector + Recovery),331,6000373,metaworld,True,49,0.8303609560025507,1,1,1,27,0.21192772686481476,task_success_while_recovery_active_per_intervention,True,False,,full,0.2
REIM (ACT + Detector + Recovery),332,6000374,metaworld,True,58,0.6076743930025259,1,1,1,49,0.33637720346450806,task_success_while_recovery_active_per_intervention,True,False,,full,0.2
REIM (ACT + Detector + Recovery),333,6000375,metaworld,False,200,2.2580785819991434,1,0,1,150,0.8961806893348694,task_success_while_recovery_active_per_intervention,False,True,timeout,full,0.2
REIM (ACT + Detector + Recovery),334,6000376,metaworld,True,52,0.37896575199920335,0,0,0,0,0.13770122826099396,task_success_while_recovery_active_per_intervention,True,False,,full,0.2
REIM (ACT + Detector + Recovery),335,6000377,metaworld,True,53,0.44247756299955654,0,0,0,0,0.1700301468372345,task_success_while_recovery_active_per_intervention,True,False,,full,0.2
REIM (ACT + Detector + Recovery),336,6000378,metaworld,False,200,2.18152218600153,1,0,1,150,0.9727268815040588,task_success_while_recovery_active_per_intervention,False,True,timeout,full,0.2
REIM (ACT + Detector + Recovery),337,6000379,metaworld,True,50,0.38252677300260984,0,0,0,0,0.14579401910305023,task_success_while_recovery_active_per_intervention,True,False,,full,0.2
REIM (ACT + Detector + Recovery),338,6000380,metaworld,True,56,0.3921767730025749,0,0,0,0,0.12472481280565262,task_success_while_recovery_active_per_intervention,True,False,,full,0.2
REIM (ACT + Detector + Recovery),339,6000381,metaworld,True,55,0.4466025270012324,0,0,0,0,0.11367059499025345,task_success_while_recovery_active_per_intervention,True,False,,full,0.2
REIM (ACT + Detector + Recovery),340,6000382,metaworld,True,55,0.4583202540015918,1,1,1,28,0.21194995939731598,task_success_while_recovery_active_per_intervention,True,False,,full,0.2
REIM (ACT + Detector + Recovery),341,6000383,metaworld,True,55,0.2849597009990248,0,0,0,0,0.17047569155693054,task_success_while_recovery_active_per_intervention,True,False,,full,0.2
REIM (ACT + Detector + Recovery),342,6000384,metaworld,True,58,0.6056044010001642,1,1,1,46,0.2786925435066223,task_success_while_recovery_active_per_intervention,True,False,,full,0.2
REIM (ACT + Detector + Recovery),343,6000385,metaworld,True,52,0.37388146499870345,0,0,0,0,0.12835799157619476,task_success_while_recovery_active_per_intervention,True,False,,full,0.2
REIM (ACT + Detector + Recovery),344,6000386,metaworld,True,57,0.401093837001099,0,0,0,0,0.12423168122768402,task_success_while_recovery_active_per_intervention,True,False,,full,0.2
REIM (ACT + Detector + Recovery),345,6000387,metaworld,True,55,0.4514424900007725,0,0,0,0,0.16076844930648804,task_success_while_recovery_active_per_intervention,True,False,,full,0.2
REIM (ACT + Detector + Recovery),346,6000388,metaworld,True,53,0.215458345002844,0,0,0,0,0.14118698239326477,task_success_while_recovery_active_per_intervention,True,False,,full,0.2
REIM (ACT + Detector + Recovery),347,6000389,metaworld,True,61,0.6634815529978368,1,1,1,42,0.20512548089027405,task_success_while_recovery_active_per_intervention,True,False,,full,0.2
REIM (ACT + Detector + Recovery),348,6000390,metaworld,True,51,0.38323016299909796,0,0,0,0,0.15769396722316742,task_success_while_recovery_active_per_intervention,True,False,,full,0.2
REIM (ACT + Detector + Recovery),349,6000391,metaworld,True,60,0.9802006410027388,1,1,1,47,0.33779245615005493,task_success_while_recovery_active_per_intervention,True,False,,full,0.2
REIM (ACT + Detector + Recovery),350,6000392,metaworld,True,53,0.48625861900291056,0,0,0,0,0.19579622149467468,task_success_while_recovery_active_per_intervention,True,False,,full,0.2
REIM (ACT + Detector + Recovery),351,6000393,metaworld,True,62,0.4194407089999004,0,0,0,0,0.11953239887952805,task_success_while_recovery_active_per_intervention,True,False,,full,0.2
REIM (ACT + Detector + Recovery),352,6000394,metaworld,True,51,0.20981459299946437,0,0,0,0,0.17441263794898987,task_success_while_recovery_active_per_intervention,True,False,,full,0.2
REIM (ACT + Detector + Recovery),353,6000395,metaworld,True,49,0.3802479759979178,1,1,1,29,0.25407326221466064,task_success_while_recovery_active_per_intervention,True,False,,full,0.2
REIM (ACT + Detector + Recovery),354,6000396,metaworld,True,49,0.4834581100003561,1,1,1,40,0.23366758227348328,task_success_while_recovery_active_per_intervention,True,False,,full,0.2
REIM (ACT + Detector + Recovery),355,6000397,metaworld,True,50,0.7793043590027082,1,1,1,36,0.22096964716911316,task_success_while_recovery_active_per_intervention,True,False,,full,0.2
REIM (ACT + Detector + Recovery),356,6000398,metaworld,False,200,2.0464518970002246,1,0,1,144,0.9891819357872009,task_success_while_recovery_active_per_intervention,False,True,object_dropped,full,0.2
REIM (ACT + Detector + Recovery),357,6000399,metaworld,True,52,0.21954979699876276,0,0,0,0,0.15500348806381226,task_success_while_recovery_active_per_intervention,True,False,,full,0.2
REIM (ACT + Detector + Recovery),358,6000400,metaworld,True,51,0.26871507900068536,0,0,0,0,0.19636501371860504,task_success_while_recovery_active_per_intervention,True,False,,full,0.2
REIM (ACT + Detector + Recovery),359,6000401,metaworld,True,50,0.3024647530000948,0,0,0,0,0.18945688009262085,task_success_while_recovery_active_per_intervention,True,False,,full,0.2
REIM (ACT + Detector + Recovery),360,6000402,metaworld,True,57,0.23221616400041967,0,0,0,0,0.1289185881614685,task_success_while_recovery_active_per_intervention,True,False,,full,0.2
REIM (ACT + Detector + Recovery),361,6000403,metaworld,True,50,0.2772031690001313,1,1,1,33,0.23764561116695404,task_success_while_recovery_active_per_intervention,True,False,,full,0.2
REIM (ACT + Detector + Recovery),362,6000404,metaworld,True,44,0.18402197899922612,1,1,1,34,0.32930275797843933,task_success_while_recovery_active_per_intervention,True,False,,full,0.2
REIM (ACT + Detector + Recovery),363,6000405,metaworld,True,60,0.3371377969997411,1,1,1,35,0.23869991302490234,task_success_while_recovery_active_per_intervention,True,False,,full,0.2
REIM (ACT + Detector + Recovery),364,6000406,metaworld,True,62,0.27582362400062266,0,0,0,0,0.18852131068706512,task_success_while_recovery_active_per_intervention,True,False,,full,0.2
REIM (ACT + Detector + Recovery),365,6000407,metaworld,True,53,0.22394643199731945,0,0,0,0,0.15552008152008057,task_success_while_recovery_active_per_intervention,True,False,,full,0.2
REIM (ACT + Detector + Recovery),366,6000408,metaworld,True,51,0.2096347299993795,0,0,0,0,0.1824342906475067,task_success_while_recovery_active_per_intervention,True,False,,full,0.2
REIM (ACT + Detector + Recovery),367,6000409,metaworld,True,51,0.3413301600012346,0,0,0,0,0.1525973379611969,task_success_while_recovery_active_per_intervention,True,False,,full,0.2
REIM (ACT + Detector + Recovery),368,6000410,metaworld,True,52,0.524025962997257,0,0,0,0,0.12083346396684647,task_success_while_recovery_active_per_intervention,True,False,,full,0.2
REIM (ACT + Detector + Recovery),369,6000411,metaworld,True,51,0.5594643760014151,1,1,1,38,0.2140897661447525,task_success_while_recovery_active_per_intervention,True,False,,full,0.2
REIM (ACT + Detector + Recovery),370,6000412,metaworld,True,47,0.3108572679993813,1,1,1,28,0.2352883666753769,task_success_while_recovery_active_per_intervention,True,False,,full,0.2
REIM (ACT + Detector + Recovery),371,6000413,metaworld,True,53,0.21058990500023356,0,0,0,0,0.1837705373764038,task_success_while_recovery_active_per_intervention,True,False,,full,0.2
REIM (ACT + Detector + Recovery),372,6000414,metaworld,True,51,0.5389678940009617,1,1,1,42,0.2980823218822479,task_success_while_recovery_active_per_intervention,True,False,,full,0.2
REIM (ACT + Detector + Recovery),373,6000415,metaworld,False,200,1.843613262000872,1,0,1,150,0.9826776385307312,task_success_while_recovery_active_per_intervention,False,True,timeout,full,0.2
REIM (ACT + Detector + Recovery),374,6000416,metaworld,True,55,0.37940505200094776,0,0,0,0,0.12707962095737457,task_success_while_recovery_active_per_intervention,True,False,,full,0.2
REIM (ACT + Detector + Recovery),375,6000417,metaworld,True,50,0.35623960699740564,1,1,1,30,0.23794035613536835,task_success_while_recovery_active_per_intervention,True,False,,full,0.2
REIM (ACT + Detector + Recovery),376,6000418,metaworld,False,200,1.9996654239985219,1,0,1,137,0.9995527863502502,task_success_while_recovery_active_per_intervention,False,True,object_dropped,full,0.2
REIM (ACT + Detector + Recovery),377,6000419,metaworld,True,51,0.6475706419987546,1,1,1,39,0.317329078912735,task_success_while_recovery_active_per_intervention,True,False,,full,0.2
REIM (ACT + Detector + Recovery),378,6000420,metaworld,True,55,0.7432466070022201,1,1,1,38,0.20360657572746277,task_success_while_recovery_active_per_intervention,True,False,,full,0.2
REIM (ACT + Detector + Recovery),379,6000421,metaworld,True,62,0.470445449998806,0,0,0,0,0.17783720791339874,task_success_while_recovery_active_per_intervention,True,False,,full,0.2
REIM (ACT + Detector + Recovery),380,6000422,metaworld,True,52,0.4236006870014535,1,1,1,43,0.2927730679512024,task_success_while_recovery_active_per_intervention,True,False,,full,0.2
REIM (ACT + Detector + Recovery),381,6000423,metaworld,True,60,0.6033196950011188,0,0,0,0,0.09909582138061523,task_success_while_recovery_active_per_intervention,True,False,,full,0.2
REIM (ACT + Detector + Recovery),382,6000424,metaworld,True,59,0.4009414409993042,0,0,0,0,0.1086188405752182,task_success_while_recovery_active_per_intervention,True,False,,full,0.2
REIM (ACT + Detector + Recovery),383,6000425,metaworld,True,50,0.5688922549998097,1,1,1,35,0.3130550980567932,task_success_while_recovery_active_per_intervention,True,False,,full,0.2
REIM (ACT + Detector + Recovery),384,6000426,metaworld,True,58,0.27540163099911297,0,0,0,0,0.14384423196315765,task_success_while_recovery_active_per_intervention,True,False,,full,0.2
REIM (ACT + Detector + Recovery),385,6000427,metaworld,True,53,0.5243683740009146,1,1,1,25,0.20435099303722382,task_success_while_recovery_active_per_intervention,True,False,,full,0.2
REIM (ACT + Detector + Recovery),386,6000428,metaworld,True,49,0.7407682080011,1,1,1,34,0.2485581785440445,task_success_while_recovery_active_per_intervention,True,False,,full,0.2
REIM (ACT + Detector + Recovery),387,6000429,metaworld,True,54,0.8607391049990838,1,1,1,42,0.2351846694946289,task_success_while_recovery_active_per_intervention,True,False,,full,0.2
REIM (ACT + Detector + Recovery),388,6000430,metaworld,True,57,0.5338812260015402,1,1,1,46,0.27455535531044006,task_success_while_recovery_active_per_intervention,True,False,,full,0.2
REIM (ACT + Detector + Recovery),389,6000431,metaworld,True,52,0.23086032200080808,0,0,0,0,0.19148187339305878,task_success_while_recovery_active_per_intervention,True,False,,full,0.2
REIM (ACT + Detector + Recovery),390,6000432,metaworld,True,59,0.5627652109978953,0,0,0,0,0.15519490838050842,task_success_while_recovery_active_per_intervention,True,False,,full,0.2
REIM (ACT + Detector + Recovery),391,6000433,metaworld,True,51,0.7245902579998074,1,1,1,33,0.25063058733940125,task_success_while_recovery_active_per_intervention,True,False,,full,0.2
REIM (ACT + Detector + Recovery),392,6000434,metaworld,True,51,0.39537159300016356,0,0,0,0,0.16365034878253937,task_success_while_recovery_active_per_intervention,True,False,,full,0.2
REIM (ACT + Detector + Recovery),393,6000435,metaworld,True,53,0.5252372340000875,0,0,0,0,0.12058503925800323,task_success_while_recovery_active_per_intervention,True,False,,full,0.2
REIM (ACT + Detector + Recovery),394,6000436,metaworld,True,49,0.3851899080000294,0,0,0,0,0.19963012635707855,task_success_while_recovery_active_per_intervention,True,False,,full,0.2
REIM (ACT + Detector + Recovery),395,6000437,metaworld,False,200,2.1759795190009754,1,0,1,142,0.9988547563552856,task_success_while_recovery_active_per_intervention,False,True,object_dropped,full,0.2
REIM (ACT + Detector + Recovery),396,6000438,metaworld,True,53,0.3738358579976193,0,0,0,0,0.1456451267004013,task_success_while_recovery_active_per_intervention,True,False,,full,0.2
REIM (ACT + Detector + Recovery),397,6000439,metaworld,True,58,0.7541831560010905,1,1,1,43,0.25923997163772583,task_success_while_recovery_active_per_intervention,True,False,,full,0.2
REIM (ACT + Detector + Recovery),398,6000440,metaworld,True,57,0.5758346340007847,1,1,1,35,0.22448500990867615,task_success_while_recovery_active_per_intervention,True,False,,full,0.2
REIM (ACT + Detector + Recovery),399,6000441,metaworld,False,200,2.544076516998757,1,0,1,144,0.9805404543876648,task_success_while_recovery_active_per_intervention,False,True,object_dropped,full,0.2
REIM (ACT + Detector + Recovery),400,6000442,metaworld,True,51,0.4995271400002821,0,0,0,0,0.1470782309770584,task_success_while_recovery_active_per_intervention,True,False,,full,0.2
REIM (ACT + Detector + Recovery),401,6000443,metaworld,True,62,0.6800117960010539,1,1,1,45,0.22993603348731995,task_success_while_recovery_active_per_intervention,True,False,,full,0.2
REIM (ACT + Detector + Recovery),402,6000444,metaworld,True,49,0.5140651119982067,0,0,0,0,0.1309262365102768,task_success_while_recovery_active_per_intervention,True,False,,full,0.2
REIM (ACT + Detector + Recovery),403,6000445,metaworld,True,49,0.5577839910001785,1,1,1,32,0.21526357531547546,task_success_while_recovery_active_per_intervention,True,False,,full,0.2
REIM (ACT + Detector + Recovery),404,6000446,metaworld,True,58,0.22091250000084983,0,0,0,0,0.1600486785173416,task_success_while_recovery_active_per_intervention,True,False,,full,0.2
REIM (ACT + Detector + Recovery),405,6000447,metaworld,True,51,0.26404475700110197,1,1,1,36,0.21834543347358704,task_success_while_recovery_active_per_intervention,True,False,,full,0.2
REIM (ACT + Detector + Recovery),406,6000448,metaworld,True,50,0.17686390000017127,0,0,0,0,0.16415566205978394,task_success_while_recovery_active_per_intervention,True,False,,full,0.2
REIM (ACT + Detector + Recovery),407,6000449,metaworld,True,58,0.30989568199947826,1,1,1,41,0.22540804743766785,task_success_while_recovery_active_per_intervention,True,False,,full,0.2
REIM (ACT + Detector + Recovery),408,6000450,metaworld,False,200,1.6745933500023966,1,0,1,138,0.9988716244697571,task_success_while_recovery_active_per_intervention,False,True,timeout,full,0.2
REIM (ACT + Detector + Recovery),409,6000451,metaworld,False,200,1.3815941770008067,1,0,1,141,0.9995298385620117,task_success_while_recovery_active_per_intervention,False,True,object_dropped,full,0.2
REIM (ACT + Detector + Recovery),410,6000452,metaworld,True,46,0.2935609910018684,1,1,1,24,0.21985776722431183,task_success_while_recovery_active_per_intervention,True,False,,full,0.2
REIM (ACT + Detector + Recovery),411,6000453,metaworld,True,57,0.4863668370016967,1,1,1,44,0.2976597249507904,task_success_while_recovery_active_per_intervention,True,False,,full,0.2
REIM (ACT + Detector + Recovery),412,6000454,metaworld,True,53,0.7162153339995712,1,1,1,36,0.22399213910102844,task_success_while_recovery_active_per_intervention,True,False,,full,0.2
REIM (ACT + Detector + Recovery),413,6000455,metaworld,True,59,0.2721513069991488,0,0,0,0,0.12511642277240753,task_success_while_recovery_active_per_intervention,True,False,,full,0.2
REIM (ACT + Detector + Recovery),414,6000456,metaworld,True,60,0.5822008239993011,1,1,1,50,0.3294304609298706,task_success_while_recovery_active_per_intervention,True,False,,full,0.2
REIM (ACT + Detector + Recovery),415,6000457,metaworld,True,52,0.329863156999636,0,0,0,0,0.1980571746826172,task_success_while_recovery_active_per_intervention,True,False,,full,0.2
REIM (ACT + Detector + Recovery),416,6000458,metaworld,True,59,0.509044880996953,1,1,1,47,0.32307419180870056,task_success_while_recovery_active_per_intervention,True,False,,full,0.2
REIM (ACT + Detector + Recovery),417,6000459,metaworld,True,56,0.3455466810009966,1,1,1,42,0.2959996461868286,task_success_while_recovery_active_per_intervention,True,False,,full,0.2
REIM (ACT + Detector + Recovery),418,6000460,metaworld,True,59,0.32736601699798484,1,1,1,48,0.26030343770980835,task_success_while_recovery_active_per_intervention,True,False,,full,0.2
REIM (ACT + Detector + Recovery),419,6000461,metaworld,True,53,0.27683454200087,0,0,0,0,0.1754714846611023,task_success_while_recovery_active_per_intervention,True,False,,full,0.2
REIM (ACT + Detector + Recovery),420,6000462,metaworld,True,63,0.37546948999806773,0,0,0,0,0.18751266598701477,task_success_while_recovery_active_per_intervention,True,False,,full,0.2
REIM (ACT + Detector + Recovery),421,6000463,metaworld,True,54,0.496303888001421,0,0,0,0,0.172686368227005,task_success_while_recovery_active_per_intervention,True,False,,full,0.2
REIM (ACT + Detector + Recovery),422,6000464,metaworld,True,52,0.6456838019985298,1,1,1,38,0.2788989245891571,task_success_while_recovery_active_per_intervention,True,False,,full,0.2
REIM (ACT + Detector + Recovery),423,6000465,metaworld,True,56,0.9070039939979324,1,1,1,44,0.2793934643268585,task_success_while_recovery_active_per_intervention,True,False,,full,0.2
REIM (ACT + Detector + Recovery),424,6000466,metaworld,True,61,0.4543355860005249,0,0,0,0,0.15304435789585114,task_success_while_recovery_active_per_intervention,True,False,,full,0.2
REIM (ACT + Detector + Recovery),425,6000467,metaworld,False,200,1.7130720090026443,1,0,1,150,0.9972010850906372,task_success_while_recovery_active_per_intervention,False,True,object_dropped,full,0.2
REIM (ACT + Detector + Recovery),426,6000468,metaworld,True,50,0.27183573600268574,1,1,1,31,0.21546900272369385,task_success_while_recovery_active_per_intervention,True,False,,full,0.2
REIM (ACT + Detector + Recovery),427,6000469,metaworld,True,50,0.22220725700026378,0,0,0,0,0.1694169044494629,task_success_while_recovery_active_per_intervention,True,False,,full,0.2
REIM (ACT + Detector + Recovery),428,6000470,metaworld,True,61,0.375057065000874,0,0,0,0,0.1417556256055832,task_success_while_recovery_active_per_intervention,True,False,,full,0.2
REIM (ACT + Detector + Recovery),429,6000471,metaworld,True,59,0.48565379200226744,0,0,0,0,0.09410172700881958,task_success_while_recovery_active_per_intervention,True,False,,full,0.2
REIM (ACT + Detector + Recovery),430,6000472,metaworld,True,50,0.525103140000283,1,1,1,36,0.21034501492977142,task_success_while_recovery_active_per_intervention,True,False,,full,0.2
REIM (ACT + Detector + Recovery),431,6000473,metaworld,False,200,0.8524674119980773,1,0,1,143,0.9984812140464783,task_success_while_recovery_active_per_intervention,False,True,timeout,full,0.2
REIM (ACT + Detector + Recovery),432,6000474,metaworld,True,54,0.2433901500007778,0,0,0,0,0.15825948119163513,task_success_while_recovery_active_per_intervention,True,False,,full,0.2
REIM (ACT + Detector + Recovery),433,6000475,metaworld,True,61,0.4671641159984574,1,1,1,47,0.23848067224025726,task_success_while_recovery_active_per_intervention,True,False,,full,0.2
REIM (ACT + Detector + Recovery),434,6000476,metaworld,True,55,0.3081164159993932,0,0,0,0,0.1910371035337448,task_success_while_recovery_active_per_intervention,True,False,,full,0.2
REIM (ACT + Detector + Recovery),435,6000477,metaworld,True,54,0.28360188499937067,0,0,0,0,0.17526951432228088,task_success_while_recovery_active_per_intervention,True,False,,full,0.2
REIM (ACT + Detector + Recovery),436,6000478,metaworld,True,58,0.2876454780016502,0,0,0,0,0.11272385716438293,task_success_while_recovery_active_per_intervention,True,False,,full,0.2
REIM (ACT + Detector + Recovery),437,6000479,metaworld,True,57,0.45107919099973515,1,1,1,31,0.23271037638187408,task_success_while_recovery_active_per_intervention,True,False,,full,0.2
REIM (ACT + Detector + Recovery),438,6000480,metaworld,True,57,0.41394750800100155,0,0,0,0,0.1867498755455017,task_success_while_recovery_active_per_intervention,True,False,,full,0.2
REIM (ACT + Detector + Recovery),439,6000481,metaworld,True,58,0.30923678999897675,0,0,0,0,0.17830243706703186,task_success_while_recovery_active_per_intervention,True,False,,full,0.2
REIM (ACT + Detector + Recovery),440,6000482,metaworld,True,53,0.24315326599753462,0,0,0,0,0.18929925560951233,task_success_while_recovery_active_per_intervention,True,False,,full,0.2
REIM (ACT + Detector + Recovery),441,6000483,metaworld,True,52,0.24683762899803696,0,0,0,0,0.14943821728229523,task_success_while_recovery_active_per_intervention,True,False,,full,0.2
REIM (ACT + Detector + Recovery),442,6000484,metaworld,True,57,0.6977998490001482,1,1,1,36,0.21876424551010132,task_success_while_recovery_active_per_intervention,True,False,,full,0.2
REIM (ACT + Detector + Recovery),443,6000485,metaworld,True,53,0.26114955399680184,1,1,1,29,0.22576934099197388,task_success_while_recovery_active_per_intervention,True,False,,full,0.2
REIM (ACT + Detector + Recovery),444,6000486,metaworld,True,55,0.2448466030000418,0,0,0,0,0.11502894014120102,task_success_while_recovery_active_per_intervention,True,False,,full,0.2
REIM (ACT + Detector + Recovery),445,6000487,metaworld,False,200,1.1971481969994784,1,0,1,150,0.9953951239585876,task_success_while_recovery_active_per_intervention,False,True,timeout,full,0.2
REIM (ACT + Detector + Recovery),446,6000488,metaworld,True,50,0.2584463940002024,0,0,0,0,0.1645442247390747,task_success_while_recovery_active_per_intervention,True,False,,full,0.2
REIM (ACT + Detector + Recovery),447,6000489,metaworld,True,61,0.30744008700276027,0,0,0,0,0.11577553302049637,task_success_while_recovery_active_per_intervention,True,False,,full,0.2
REIM (ACT + Detector + Recovery),448,6000490,metaworld,True,57,0.2625563929977943,0,0,0,0,0.13023453950881958,task_success_while_recovery_active_per_intervention,True,False,,full,0.2
REIM (ACT + Detector + Recovery),449,6000491,metaworld,True,55,0.3428035680008179,1,1,1,37,0.2925620675086975,task_success_while_recovery_active_per_intervention,True,False,,full,0.2
REIM (ACT + Detector + Recovery),450,6000492,metaworld,True,52,0.25114319899876136,0,0,0,0,0.1284836083650589,task_success_while_recovery_active_per_intervention,True,False,,full,0.2
REIM (ACT + Detector + Recovery),451,6000493,metaworld,True,50,0.2320531530021981,0,0,0,0,0.14840830862522125,task_success_while_recovery_active_per_intervention,True,False,,full,0.2
REIM (ACT + Detector + Recovery),452,6000494,metaworld,True,56,0.6290569150005467,1,1,1,47,0.37737733125686646,task_success_while_recovery_active_per_intervention,True,False,,full,0.2
REIM (ACT + Detector + Recovery),453,6000495,metaworld,True,58,0.38332171400179504,1,1,1,42,0.3493870794773102,task_success_while_recovery_active_per_intervention,True,False,,full,0.2
REIM (ACT + Detector + Recovery),454,6000496,metaworld,False,200,1.8711895260021265,1,0,1,150,0.9986476302146912,task_success_while_recovery_active_per_intervention,False,True,timeout,full,0.2
REIM (ACT + Detector + Recovery),455,6000497,metaworld,True,53,0.4674652079993393,0,0,0,0,0.17663665115833282,task_success_while_recovery_active_per_intervention,True,False,,full,0.2
REIM (ACT + Detector + Recovery),456,6000498,metaworld,True,51,0.3862697750009829,0,0,0,0,0.19451740384101868,task_success_while_recovery_active_per_intervention,True,False,,full,0.2
REIM (ACT + Detector + Recovery),457,6000499,metaworld,True,54,0.4400030090000655,0,0,0,0,0.179514080286026,task_success_while_recovery_active_per_intervention,True,False,,full,0.2
REIM (ACT + Detector + Recovery),458,6000500,metaworld,True,54,0.38526945099874865,0,0,0,0,0.1489456295967102,task_success_while_recovery_active_per_intervention,True,False,,full,0.2
REIM (ACT + Detector + Recovery),459,6000501,metaworld,True,54,0.2736461899985443,1,1,1,40,0.23385731875896454,task_success_while_recovery_active_per_intervention,True,False,,full,0.2
REIM (ACT + Detector + Recovery),460,6000502,metaworld,True,49,0.35060752400022466,1,1,1,37,0.2718416750431061,task_success_while_recovery_active_per_intervention,True,False,,full,0.2
REIM (ACT + Detector + Recovery),461,6000503,metaworld,True,58,0.2606586520014389,0,0,0,0,0.14655974507331848,task_success_while_recovery_active_per_intervention,True,False,,full,0.2
REIM (ACT + Detector + Recovery),462,6000504,metaworld,True,51,0.421769314998528,1,1,1,37,0.24762015044689178,task_success_while_recovery_active_per_intervention,True,False,,full,0.2
REIM (ACT + Detector + Recovery),463,6000505,metaworld,True,60,0.2779408619971946,0,0,0,0,0.13829807937145233,task_success_while_recovery_active_per_intervention,True,False,,full,0.2
REIM (ACT + Detector + Recovery),464,6000506,metaworld,True,53,0.24204121400180156,0,0,0,0,0.15449850261211395,task_success_while_recovery_active_per_intervention,True,False,,full,0.2
REIM (ACT + Detector + Recovery),465,6000507,metaworld,False,200,1.767469604001235,1,0,1,136,0.9996386766433716,task_success_while_recovery_active_per_intervention,False,True,timeout,full,0.2
REIM (ACT + Detector + Recovery),466,6000508,metaworld,True,59,0.42329401100141695,0,0,0,0,0.18231922388076782,task_success_while_recovery_active_per_intervention,True,False,,full,0.2
REIM (ACT + Detector + Recovery),467,6000509,metaworld,True,57,0.4291221419989597,0,0,0,0,0.12255784869194031,task_success_while_recovery_active_per_intervention,True,False,,full,0.2
REIM (ACT + Detector + Recovery),468,6000510,metaworld,False,200,2.5151287369990314,1,0,1,150,0.9984756112098694,task_success_while_recovery_active_per_intervention,False,True,timeout,full,0.2
REIM (ACT + Detector + Recovery),469,6000511,metaworld,True,59,0.4402628720017674,0,0,0,0,0.19246073067188263,task_success_while_recovery_active_per_intervention,True,False,,full,0.2
REIM (ACT + Detector + Recovery),470,6000512,metaworld,True,55,0.35548552500040387,0,0,0,0,0.19683995842933655,task_success_while_recovery_active_per_intervention,True,False,,full,0.2
REIM (ACT + Detector + Recovery),471,6000513,metaworld,True,52,0.3120136880024802,0,0,0,0,0.18122141063213348,task_success_while_recovery_active_per_intervention,True,False,,full,0.2
REIM (ACT + Detector + Recovery),472,6000514,metaworld,True,50,0.7066413470020052,1,1,1,33,0.2391827255487442,task_success_while_recovery_active_per_intervention,True,False,,full,0.2
REIM (ACT + Detector + Recovery),473,6000515,metaworld,True,54,0.5108539100001508,0,0,0,0,0.15683341026306152,task_success_while_recovery_active_per_intervention,True,False,,full,0.2
REIM (ACT + Detector + Recovery),474,6000516,metaworld,True,51,0.4447703719997662,0,0,0,0,0.13102932274341583,task_success_while_recovery_active_per_intervention,True,False,,full,0.2
REIM (ACT + Detector + Recovery),475,6000517,metaworld,False,200,1.7354839139989053,1,0,1,137,0.9983970522880554,task_success_while_recovery_active_per_intervention,False,True,timeout,full,0.2
REIM (ACT + Detector + Recovery),476,6000518,metaworld,False,200,1.3705932579978253,1,0,1,150,0.9920424818992615,task_success_while_recovery_active_per_intervention,False,True,timeout,full,0.2
REIM (ACT + Detector + Recovery),477,6000519,metaworld,True,60,0.7078967439992994,1,1,1,44,0.22811613976955414,task_success_while_recovery_active_per_intervention,True,False,,full,0.2
REIM (ACT + Detector + Recovery),478,6000520,metaworld,True,50,0.32471150499986834,0,0,0,0,0.19414876401424408,task_success_while_recovery_active_per_intervention,True,False,,full,0.2
REIM (ACT + Detector + Recovery),479,6000521,metaworld,True,48,0.3296177769989299,1,1,1,36,0.24932637810707092,task_success_while_recovery_active_per_intervention,True,False,,full,0.2
REIM (ACT + Detector + Recovery),480,6000522,metaworld,True,47,0.450495981000131,1,1,1,31,0.31608378887176514,task_success_while_recovery_active_per_intervention,True,False,,full,0.2
REIM (ACT + Detector + Recovery),481,6000523,metaworld,True,53,0.36467185800211155,0,0,0,0,0.17898307740688324,task_success_while_recovery_active_per_intervention,True,False,,full,0.2
REIM (ACT + Detector + Recovery),482,6000524,metaworld,True,54,0.35059513699889067,1,1,1,42,0.29808011651039124,task_success_while_recovery_active_per_intervention,True,False,,full,0.2
REIM (ACT + Detector + Recovery),483,6000525,metaworld,True,50,0.5557442379977147,1,1,1,32,0.2721822261810303,task_success_while_recovery_active_per_intervention,True,False,,full,0.2
REIM (ACT + Detector + Recovery),484,6000526,metaworld,True,55,0.36815767000007327,0,0,0,0,0.12701033055782318,task_success_while_recovery_active_per_intervention,True,False,,full,0.2
REIM (ACT + Detector + Recovery),485,6000527,metaworld,True,57,0.257843542000046,1,1,1,28,0.21320174634456635,task_success_while_recovery_active_per_intervention,True,False,,full,0.2
REIM (ACT + Detector + Recovery),486,6000528,metaworld,True,45,0.37215967099837144,1,1,1,28,0.244353249669075,task_success_while_recovery_active_per_intervention,True,False,,full,0.2
REIM (ACT + Detector + Recovery),487,6000529,metaworld,True,46,0.4075208020003629,1,1,1,33,0.2720496654510498,task_success_while_recovery_active_per_intervention,True,False,,full,0.2
REIM (ACT + Detector + Recovery),488,6000530,metaworld,True,59,0.3728300170005241,0,0,0,0,0.15723611414432526,task_success_while_recovery_active_per_intervention,True,False,,full,0.2
REIM (ACT + Detector + Recovery),489,6000531,metaworld,True,54,0.2352232510020258,0,0,0,0,0.17065943777561188,task_success_while_recovery_active_per_intervention,True,False,,full,0.2
REIM (ACT + Detector + Recovery),490,6000532,metaworld,False,200,1.320559037001658,1,0,1,150,0.9914261102676392,task_success_while_recovery_active_per_intervention,False,True,timeout,full,0.2
REIM (ACT + Detector + Recovery),491,6000533,metaworld,True,49,0.3339450069979648,1,1,1,33,0.24839970469474792,task_success_while_recovery_active_per_intervention,True,False,,full,0.2
REIM (ACT + Detector + Recovery),492,6000534,metaworld,True,61,0.43801256000006106,0,0,0,0,0.15706296265125275,task_success_while_recovery_active_per_intervention,True,False,,full,0.2
REIM (ACT + Detector + Recovery),493,6000535,metaworld,True,58,0.4190419210026448,1,1,1,35,0.2859659790992737,task_success_while_recovery_active_per_intervention,True,False,,full,0.2
REIM (ACT + Detector + Recovery),494,6000536,metaworld,True,51,0.3033691779965011,1,1,1,40,0.25532832741737366,task_success_while_recovery_active_per_intervention,True,False,,full,0.2
REIM (ACT + Detector + Recovery),495,6000537,metaworld,True,61,0.3989316750012222,0,0,0,0,0.10938186198472977,task_success_while_recovery_active_per_intervention,True,False,,full,0.2
REIM (ACT + Detector + Recovery),496,6000538,metaworld,True,57,0.3363952940017043,0,0,0,0,0.10148326307535172,task_success_while_recovery_active_per_intervention,True,False,,full,0.2
REIM (ACT + Detector + Recovery),497,6000539,metaworld,True,55,0.41381799100054195,0,0,0,0,0.17323487997055054,task_success_while_recovery_active_per_intervention,True,False,,full,0.2
REIM (ACT + Detector + Recovery),498,6000540,metaworld,True,54,0.2738172069985012,0,0,0,0,0.17921550571918488,task_success_while_recovery_active_per_intervention,True,False,,full,0.2
REIM (ACT + Detector + Recovery),499,6000541,metaworld,True,56,0.40021256399995764,1,1,1,31,0.2621105909347534,task_success_while_recovery_active_per_intervention,True,False,,full,0.2
REIM (ACT + Detector + Recovery),500,6000542,metaworld,True,51,0.5927921239999705,0,0,0,0,0.18307606875896454,task_success_while_recovery_active_per_intervention,True,False,,full,0.2
REIM (ACT + Detector + Recovery),501,6000543,metaworld,False,200,1.9740716759988572,1,0,1,150,0.9803342223167419,task_success_while_recovery_active_per_intervention,False,True,timeout,full,0.2
REIM (ACT + Detector + Recovery),502,6000544,metaworld,True,47,0.35668690400052583,1,1,1,41,0.5991955995559692,task_success_while_recovery_active_per_intervention,True,False,,full,0.2
REIM (ACT + Detector + Recovery),503,6000545,metaworld,False,200,1.5707244149998587,1,0,1,150,0.9988466501235962,task_success_while_recovery_active_per_intervention,False,True,timeout,full,0.2
REIM (ACT + Detector + Recovery),504,6000546,metaworld,True,54,0.4923315339983674,1,1,1,31,0.2101968675851822,task_success_while_recovery_active_per_intervention,True,False,,full,0.2
REIM (ACT + Detector + Recovery),505,6000547,metaworld,True,57,0.2694428120012162,0,0,0,0,0.11068063974380493,task_success_while_recovery_active_per_intervention,True,False,,full,0.2
REIM (ACT + Detector + Recovery),506,6000548,metaworld,True,52,0.23071268599960604,0,0,0,0,0.18387733399868011,task_success_while_recovery_active_per_intervention,True,False,,full,0.2
REIM (ACT + Detector + Recovery),507,6000549,metaworld,True,44,0.3846637130009185,1,1,1,24,0.20199087262153625,task_success_while_recovery_active_per_intervention,True,False,,full,0.2
REIM (ACT + Detector + Recovery),508,6000550,metaworld,True,54,0.2859920599985344,0,0,0,0,0.13939690589904785,task_success_while_recovery_active_per_intervention,True,False,,full,0.2
REIM (ACT + Detector + Recovery),509,6000551,metaworld,True,48,0.25289240299753146,0,0,0,0,0.1768905222415924,task_success_while_recovery_active_per_intervention,True,False,,full,0.2
REIM (ACT + Detector + Recovery),510,6000552,metaworld,True,94,0.8591907869995339,1,1,1,69,0.20820578932762146,task_success_while_recovery_active_per_intervention,True,False,,full,0.2
REIM (ACT + Detector + Recovery),511,6000553,metaworld,True,52,0.2947528289987531,0,0,0,0,0.13584841787815094,task_success_while_recovery_active_per_intervention,True,False,,full,0.2
REIM (ACT + Detector + Recovery),512,6000554,metaworld,True,54,0.6451863729998877,1,1,1,40,0.24631857872009277,task_success_while_recovery_active_per_intervention,True,False,,full,0.2
REIM (ACT + Detector + Recovery),513,6000555,metaworld,True,51,0.47826711499874364,0,0,0,0,0.14942842721939087,task_success_while_recovery_active_per_intervention,True,False,,full,0.2
REIM (ACT + Detector + Recovery),514,6000556,metaworld,True,60,0.3812671509986103,0,0,0,0,0.15636976063251495,task_success_while_recovery_active_per_intervention,True,False,,full,0.2
REIM (ACT + Detector + Recovery),515,6000557,metaworld,True,46,0.6090528120003,1,1,1,28,0.20782071352005005,task_success_while_recovery_active_per_intervention,True,False,,full,0.2
REIM (ACT + Detector + Recovery),516,6000558,metaworld,True,57,0.4160397749983531,1,1,1,30,0.23015600442886353,task_success_while_recovery_active_per_intervention,True,False,,full,0.2
REIM (ACT + Detector + Recovery),517,6000559,metaworld,True,60,1.0951555620013096,1,1,1,50,0.33091309666633606,task_success_while_recovery_active_per_intervention,True,False,,full,0.2
REIM (ACT + Detector + Recovery),518,6000560,metaworld,True,52,0.4356466220015136,0,0,0,0,0.14655418694019318,task_success_while_recovery_active_per_intervention,True,False,,full,0.2
REIM (ACT + Detector + Recovery),519,6000561,metaworld,True,57,0.5251557349984068,1,1,1,37,0.21690741181373596,task_success_while_recovery_active_per_intervention,True,False,,full,0.2
REIM (ACT + Detector + Recovery),520,6000562,metaworld,True,50,0.27849858599802246,0,0,0,0,0.1874048262834549,task_success_while_recovery_active_per_intervention,True,False,,full,0.2
REIM (ACT + Detector + Recovery),521,6000563,metaworld,True,55,0.4096138390013948,1,1,1,46,0.35209983587265015,task_success_while_recovery_active_per_intervention,True,False,,full,0.2
REIM (ACT + Detector + Recovery),522,6000564,metaworld,True,51,0.5353170339985809,1,1,1,38,0.23001526296138763,task_success_while_recovery_active_per_intervention,True,False,,full,0.2
REIM (ACT + Detector + Recovery),523,6000565,metaworld,True,57,0.5557003969988727,1,1,1,33,0.33068859577178955,task_success_while_recovery_active_per_intervention,True,False,,full,0.2
REIM (ACT + Detector + Recovery),524,6000566,metaworld,True,53,0.2937963670010504,0,0,0,0,0.10148897767066956,task_success_while_recovery_active_per_intervention,True,False,,full,0.2
REIM (ACT + Detector + Recovery),525,6000567,metaworld,True,52,0.30888109900115523,0,0,0,0,0.1354898363351822,task_success_while_recovery_active_per_intervention,True,False,,full,0.2
REIM (ACT + Detector + Recovery),526,6000568,metaworld,False,200,1.6802378089996637,1,0,1,150,0.9992365837097168,task_success_while_recovery_active_per_intervention,False,True,object_dropped,full,0.2
REIM (ACT + Detector + Recovery),527,6000569,metaworld,True,51,0.6576455520007585,1,1,1,44,0.4560481607913971,task_success_while_recovery_active_per_intervention,True,False,,full,0.2
REIM (ACT + Detector + Recovery),528,6000570,metaworld,True,53,0.40288768699974753,0,0,0,0,0.17851047217845917,task_success_while_recovery_active_per_intervention,True,False,,full,0.2
REIM (ACT + Detector + Recovery),529,6000571,metaworld,True,54,0.4540219020018412,1,1,1,42,0.2777412235736847,task_success_while_recovery_active_per_intervention,True,False,,full,0.2
REIM (ACT + Detector + Recovery),530,6000572,metaworld,False,200,2.333743866001896,1,0,1,150,0.9895197153091431,task_success_while_recovery_active_per_intervention,False,True,object_dropped,full,0.2
REIM (ACT + Detector + Recovery),531,6000573,metaworld,False,200,1.8466296660008084,1,0,1,150,0.9946720004081726,task_success_while_recovery_active_per_intervention,False,True,timeout,full,0.2
REIM (ACT + Detector + Recovery),532,6000574,metaworld,True,54,0.458614346000104,0,0,0,0,0.1445377767086029,task_success_while_recovery_active_per_intervention,True,False,,full,0.2
REIM (ACT + Detector + Recovery),533,6000575,metaworld,True,51,0.5522287669991783,1,1,1,38,0.21551921963691711,task_success_while_recovery_active_per_intervention,True,False,,full,0.2
REIM (ACT + Detector + Recovery),534,6000576,metaworld,True,60,0.9028923040023074,1,1,1,42,0.33537977933883667,task_success_while_recovery_active_per_intervention,True,False,,full,0.2
REIM (ACT + Detector + Recovery),535,6000577,metaworld,True,49,0.40577581399702467,1,1,1,27,0.21261177957057953,task_success_while_recovery_active_per_intervention,True,False,,full,0.2
REIM (ACT + Detector + Recovery),536,6000578,metaworld,True,56,0.37848791899887146,0,0,0,0,0.17334988713264465,task_success_while_recovery_active_per_intervention,True,False,,full,0.2
REIM (ACT + Detector + Recovery),537,6000579,metaworld,True,51,0.2659932120004669,0,0,0,0,0.13377705216407776,task_success_while_recovery_active_per_intervention,True,False,,full,0.2
REIM (ACT + Detector + Recovery),538,6000580,metaworld,True,48,0.43251300799965975,1,1,1,35,0.29022008180618286,task_success_while_recovery_active_per_intervention,True,False,,full,0.2
REIM (ACT + Detector + Recovery),539,6000581,metaworld,True,65,0.7921099699997285,1,1,1,37,0.23505516350269318,task_success_while_recovery_active_per_intervention,True,False,,full,0.2
REIM (ACT + Detector + Recovery),540,6000582,metaworld,True,59,0.43757872999776737,0,0,0,0,0.12101130187511444,task_success_while_recovery_active_per_intervention,True,False,,full,0.2
REIM (ACT + Detector + Recovery),541,6000583,metaworld,True,51,0.25522064300093916,0,0,0,0,0.1438637226819992,task_success_while_recovery_active_per_intervention,True,False,,full,0.2
REIM (ACT + Detector + Recovery),542,6000584,metaworld,True,79,0.46750242599955527,1,1,1,60,0.25668635964393616,task_success_while_recovery_active_per_intervention,True,False,,full,0.2
REIM (ACT + Detector + Recovery),543,6000585,metaworld,True,50,0.26430026199886925,0,0,0,0,0.17836478352546692,task_success_while_recovery_active_per_intervention,True,False,,full,0.2
REIM (ACT + Detector + Recovery),544,6000586,metaworld,True,50,0.2505864869999641,0,0,0,0,0.16740120947360992,task_success_while_recovery_active_per_intervention,True,False,,full,0.2
REIM (ACT + Detector + Recovery),545,6000587,metaworld,True,52,0.24575108399949386,0,0,0,0,0.13776923716068268,task_success_while_recovery_active_per_intervention,True,False,,full,0.2
REIM (ACT + Detector + Recovery),546,6000588,metaworld,True,54,0.5098205419999431,1,1,1,37,0.20972014963626862,task_success_while_recovery_active_per_intervention,True,False,,full,0.2
REIM (ACT + Detector + Recovery),547,6000589,metaworld,False,200,2.1417945159992087,1,0,1,150,0.9990971088409424,task_success_while_recovery_active_per_intervention,False,True,timeout,full,0.2
REIM (ACT + Detector + Recovery),548,6000590,metaworld,True,50,0.6312208849994931,1,1,1,39,0.30669233202934265,task_success_while_recovery_active_per_intervention,True,False,,full,0.2
REIM (ACT + Detector + Recovery),549,6000591,metaworld,True,51,0.5146858380030608,1,1,1,36,0.20128890872001648,task_success_while_recovery_active_per_intervention,True,False,,full,0.2
REIM (ACT + Detector + Recovery),550,6000592,metaworld,True,54,0.26333252800031914,0,0,0,0,0.11895536631345749,task_success_while_recovery_active_per_intervention,True,False,,full,0.2
REIM (ACT + Detector + Recovery),551,6000593,metaworld,True,51,0.5169930550000572,1,1,1,43,0.4744241237640381,task_success_while_recovery_active_per_intervention,True,False,,full,0.2
REIM (ACT + Detector + Recovery),552,6000594,metaworld,True,67,0.4103414210003393,0,0,0,0,0.14082428812980652,task_success_while_recovery_active_per_intervention,True,False,,full,0.2
REIM (ACT + Detector + Recovery),553,6000595,metaworld,True,47,0.30214415099908365,1,1,1,34,0.2139032483100891,task_success_while_recovery_active_per_intervention,True,False,,full,0.2
REIM (ACT + Detector + Recovery),554,6000596,metaworld,True,57,0.328948759000923,0,0,0,0,0.18957848846912384,task_success_while_recovery_active_per_intervention,True,False,,full,0.2
REIM (ACT + Detector + Recovery),555,6000597,metaworld,True,51,0.24578484399899025,0,0,0,0,0.1461024284362793,task_success_while_recovery_active_per_intervention,True,False,,full,0.2
REIM (ACT + Detector + Recovery),556,6000598,metaworld,True,48,0.3000542689987924,1,1,1,35,0.28561702370643616,task_success_while_recovery_active_per_intervention,True,False,,full,0.2
REIM (ACT + Detector + Recovery),557,6000599,metaworld,True,53,0.35859817000164185,1,1,1,40,0.26887980103492737,task_success_while_recovery_active_per_intervention,True,False,,full,0.2
REIM (ACT + Detector + Recovery),558,6000600,metaworld,True,48,0.39759098200011067,1,1,1,39,0.33408936858177185,task_success_while_recovery_active_per_intervention,True,False,,full,0.2
REIM (ACT + Detector + Recovery),559,6000601,metaworld,True,48,0.2404443040031765,1,1,1,38,0.2606472969055176,task_success_while_recovery_active_per_intervention,True,False,,full,0.2
REIM (ACT + Detector + Recovery),560,6000602,metaworld,False,200,1.6738546110027528,1,0,1,150,0.9986273050308228,task_success_while_recovery_active_per_intervention,False,True,timeout,full,0.2
REIM (ACT + Detector + Recovery),561,6000603,metaworld,True,48,0.26081254000018816,1,1,1,33,0.21426284313201904,task_success_while_recovery_active_per_intervention,True,False,,full,0.2
REIM (ACT + Detector + Recovery),562,6000604,metaworld,True,53,0.22384334800153738,0,0,0,0,0.17411115765571594,task_success_while_recovery_active_per_intervention,True,False,,full,0.2
REIM (ACT + Detector + Recovery),563,6000605,metaworld,True,52,0.35270531100104563,1,1,1,28,0.20581072568893433,task_success_while_recovery_active_per_intervention,True,False,,full,0.2
REIM (ACT + Detector + Recovery),564,6000606,metaworld,True,51,0.23413178499686182,0,0,0,0,0.1344279944896698,task_success_while_recovery_active_per_intervention,True,False,,full,0.2
REIM (ACT + Detector + Recovery),565,6000607,metaworld,True,55,0.42557392199887545,1,1,1,41,0.24626611173152924,task_success_while_recovery_active_per_intervention,True,False,,full,0.2
REIM (ACT + Detector + Recovery),566,6000608,metaworld,True,51,0.4116597959982755,1,1,1,40,0.290792852640152,task_success_while_recovery_active_per_intervention,True,False,,full,0.2
REIM (ACT + Detector + Recovery),567,6000609,metaworld,True,55,0.4928098400014278,1,1,1,31,0.2155090570449829,task_success_while_recovery_active_per_intervention,True,False,,full,0.2
REIM (ACT + Detector + Recovery),568,6000610,metaworld,False,200,1.0797642399993492,1,0,1,17,0.8881080150604248,task_success_while_recovery_active_per_intervention,False,True,timeout,full,0.2
REIM (ACT + Detector + Recovery),569,6000611,metaworld,True,55,0.4359166210015246,1,1,1,32,0.2075231671333313,task_success_while_recovery_active_per_intervention,True,False,,full,0.2
REIM (ACT + Detector + Recovery),570,6000612,metaworld,True,75,0.6216481909978029,1,1,1,44,0.2150489240884781,task_success_while_recovery_active_per_intervention,True,False,,full,0.2
REIM (ACT + Detector + Recovery),571,6000613,metaworld,True,59,0.2602296020013455,0,0,0,0,0.08002577722072601,task_success_while_recovery_active_per_intervention,True,False,,full,0.2
REIM (ACT + Detector + Recovery),572,6000614,metaworld,True,51,0.3072966699983226,0,0,0,0,0.13497813045978546,task_success_while_recovery_active_per_intervention,True,False,,full,0.2
REIM (ACT + Detector + Recovery),573,6000615,metaworld,True,50,0.4105509159999201,1,1,1,35,0.24637599289417267,task_success_while_recovery_active_per_intervention,True,False,,full,0.2
REIM (ACT + Detector + Recovery),574,6000616,metaworld,False,200,1.9228701590000128,1,0,1,148,0.9712575674057007,task_success_while_recovery_active_per_intervention,False,True,object_dropped,full,0.2
REIM (ACT + Detector + Recovery),575,6000617,metaworld,False,200,2.059577504001936,1,0,1,150,0.9857515692710876,task_success_while_recovery_active_per_intervention,False,True,object_dropped,full,0.2
REIM (ACT + Detector + Recovery),576,6000618,metaworld,True,51,0.3452470319971326,0,0,0,0,0.14044684171676636,task_success_while_recovery_active_per_intervention,True,False,,full,0.2
REIM (ACT + Detector + Recovery),577,6000619,metaworld,True,54,0.37762785899758455,0,0,0,0,0.10639124363660812,task_success_while_recovery_active_per_intervention,True,False,,full,0.2
REIM (ACT + Detector + Recovery),578,6000620,metaworld,True,48,0.6692941289984446,1,1,1,41,0.5274046063423157,task_success_while_recovery_active_per_intervention,True,False,,full,0.2
REIM (ACT + Detector + Recovery),579,6000621,metaworld,True,45,0.5133188780018827,1,1,1,31,0.2087375968694687,task_success_while_recovery_active_per_intervention,True,False,,full,0.2
REIM (ACT + Detector + Recovery),580,6000622,metaworld,True,55,0.6328598549989692,1,1,1,45,0.29143035411834717,task_success_while_recovery_active_per_intervention,True,False,,full,0.2
REIM (ACT + Detector + Recovery),581,6000623,metaworld,True,53,0.3188986079985625,0,0,0,0,0.11848411709070206,task_success_while_recovery_active_per_intervention,True,False,,full,0.2
REIM (ACT + Detector + Recovery),582,6000624,metaworld,True,53,0.3877548759992351,0,0,0,0,0.14552059769630432,task_success_while_recovery_active_per_intervention,True,False,,full,0.2
REIM (ACT + Detector + Recovery),583,6000625,metaworld,True,58,0.38596708700060844,0,0,0,0,0.13504178822040558,task_success_while_recovery_active_per_intervention,True,False,,full,0.2
REIM (ACT + Detector + Recovery),584,6000626,metaworld,False,200,1.4556489620008506,1,0,1,30,0.8229519128799438,task_success_while_recovery_active_per_intervention,False,True,timeout,full,0.2
REIM (ACT + Detector + Recovery),585,6000627,metaworld,True,58,0.44494737800050643,0,0,0,0,0.09637045860290527,task_success_while_recovery_active_per_intervention,True,False,,full,0.2
REIM (ACT + Detector + Recovery),586,6000628,metaworld,True,47,0.3891821590004838,0,0,0,0,0.19188770651817322,task_success_while_recovery_active_per_intervention,True,False,,full,0.2
REIM (ACT + Detector + Recovery),587,6000629,metaworld,True,55,0.2843035019977833,0,0,0,0,0.14320309460163116,task_success_while_recovery_active_per_intervention,True,False,,full,0.2
REIM (ACT + Detector + Recovery),588,6000630,metaworld,True,50,0.23053600399725838,0,0,0,0,0.19594357907772064,task_success_while_recovery_active_per_intervention,True,False,,full,0.2
REIM (ACT + Detector + Recovery),589,6000631,metaworld,True,60,0.5564218440013065,1,1,1,35,0.21806438267230988,task_success_while_recovery_active_per_intervention,True,False,,full,0.2
REIM (ACT + Detector + Recovery),590,6000632,metaworld,True,50,0.28636967100101174,0,0,0,0,0.1087641790509224,task_success_while_recovery_active_per_intervention,True,False,,full,0.2
REIM (ACT + Detector + Recovery),591,6000633,metaworld,True,50,0.39062734699837165,0,0,0,0,0.13111457228660583,task_success_while_recovery_active_per_intervention,True,False,,full,0.2
REIM (ACT + Detector + Recovery),592,6000634,metaworld,True,47,0.4434117690034327,1,1,1,40,0.4586819112300873,task_success_while_recovery_active_per_intervention,True,False,,full,0.2
REIM (ACT + Detector + Recovery),593,6000635,metaworld,True,52,0.6123092730013013,1,1,1,28,0.2151709496974945,task_success_while_recovery_active_per_intervention,True,False,,full,0.2
REIM (ACT + Detector + Recovery),594,6000636,metaworld,True,51,0.4429567949991906,0,0,0,0,0.13635922968387604,task_success_while_recovery_active_per_intervention,True,False,,full,0.2
REIM (ACT + Detector + Recovery),595,6000637,metaworld,True,49,0.6078495770016161,1,1,1,40,0.4493010640144348,task_success_while_recovery_active_per_intervention,True,False,,full,0.2
REIM (ACT + Detector + Recovery),596,6000638,metaworld,True,50,0.2533439719991293,0,0,0,0,0.14789444208145142,task_success_while_recovery_active_per_intervention,True,False,,full,0.2
REIM (ACT + Detector + Recovery),597,6000639,metaworld,False,200,1.770503194999037,1,0,1,150,0.9661478996276855,task_success_while_recovery_active_per_intervention,False,True,timeout,full,0.2
REIM (ACT + Detector + Recovery),598,6000640,metaworld,True,47,0.5801074450027954,1,1,1,41,0.5291662216186523,task_success_while_recovery_active_per_intervention,True,False,,full,0.2
REIM (ACT + Detector + Recovery),599,6000641,metaworld,True,48,0.5415568459975475,1,1,1,28,0.2432139366865158,task_success_while_recovery_active_per_intervention,True,False,,full,0.2
REIM (ACT + Detector + Recovery),600,6000642,metaworld,True,50,0.27002264600014314,0,0,0,0,0.14000044763088226,task_success_while_recovery_active_per_intervention,True,False,,full,0.2
REIM (ACT + Detector + Recovery),601,6000643,metaworld,False,200,1.7999358360029873,1,0,1,137,0.991620659828186,task_success_while_recovery_active_per_intervention,False,True,timeout,full,0.2
REIM (ACT + Detector + Recovery),602,6000644,metaworld,True,52,0.48746330799986026,0,0,0,0,0.15950705111026764,task_success_while_recovery_active_per_intervention,True,False,,full,0.2
REIM (ACT + Detector + Recovery),603,6000645,metaworld,True,54,0.3513013750016398,0,0,0,0,0.12431056052446365,task_success_while_recovery_active_per_intervention,True,False,,full,0.2
REIM (ACT + Detector + Recovery),604,6000646,metaworld,True,52,0.39585952699781046,1,1,1,36,0.2584083378314972,task_success_while_recovery_active_per_intervention,True,False,,full,0.2
REIM (ACT + Detector + Recovery),605,6000647,metaworld,True,55,0.4620012779996614,1,1,1,32,0.2120441198348999,task_success_while_recovery_active_per_intervention,True,False,,full,0.2
REIM (ACT + Detector + Recovery),606,6000648,metaworld,True,50,0.37073608599894214,0,0,0,0,0.13275334239006042,task_success_while_recovery_active_per_intervention,True,False,,full,0.2
REIM (ACT + Detector + Recovery),607,6000649,metaworld,True,61,0.4349158300028648,0,0,0,0,0.17952661216259003,task_success_while_recovery_active_per_intervention,True,False,,full,0.2
REIM (ACT + Detector + Recovery),608,6000650,metaworld,False,200,2.1455368529968837,1,0,1,150,0.9946514964103699,task_success_while_recovery_active_per_intervention,False,True,timeout,full,0.2
REIM (ACT + Detector + Recovery),609,6000651,metaworld,True,51,0.24431299999923795,0,0,0,0,0.1315198391675949,task_success_while_recovery_active_per_intervention,True,False,,full,0.2
REIM (ACT + Detector + Recovery),610,6000652,metaworld,False,200,2.1632624250014487,1,0,1,150,0.9931610822677612,task_success_while_recovery_active_per_intervention,False,True,timeout,full,0.2
REIM (ACT + Detector + Recovery),611,6000653,metaworld,True,54,0.33139886900244164,0,0,0,0,0.11271563917398453,task_success_while_recovery_active_per_intervention,True,False,,full,0.2
REIM (ACT + Detector + Recovery),612,6000654,metaworld,True,56,0.7341035879981064,1,1,1,47,0.27809661626815796,task_success_while_recovery_active_per_intervention,True,False,,full,0.2
REIM (ACT + Detector + Recovery),613,6000655,metaworld,False,200,2.2018550479988335,1,0,1,150,0.9969308972358704,task_success_while_recovery_active_per_intervention,False,True,timeout,full,0.2
REIM (ACT + Detector + Recovery),614,6000656,metaworld,True,53,0.2635932060002233,0,0,0,0,0.1740618348121643,task_success_while_recovery_active_per_intervention,True,False,,full,0.2
REIM (ACT + Detector + Recovery),615,6000657,metaworld,True,60,0.30268886200065026,0,0,0,0,0.089646115899086,task_success_while_recovery_active_per_intervention,True,False,,full,0.2
REIM (ACT + Detector + Recovery),616,6000658,metaworld,True,49,0.25798025900076027,0,0,0,0,0.13541783392429352,task_success_while_recovery_active_per_intervention,True,False,,full,0.2
REIM (ACT + Detector + Recovery),617,6000659,metaworld,False,200,2.2279474969982402,1,0,1,149,0.9187350869178772,task_success_while_recovery_active_per_intervention,False,True,object_dropped,full,0.2
REIM (ACT + Detector + Recovery),618,6000660,metaworld,True,51,0.5824194759989041,1,1,1,42,0.34764593839645386,task_success_while_recovery_active_per_intervention,True,False,,full,0.2
REIM (ACT + Detector + Recovery),619,6000661,metaworld,True,53,0.7785737150006753,1,1,1,37,0.23651403188705444,task_success_while_recovery_active_per_intervention,True,False,,full,0.2
REIM (ACT + Detector + Recovery),620,6000662,metaworld,False,200,2.3981938530014304,1,0,1,138,0.9907073974609375,task_success_while_recovery_active_per_intervention,False,True,object_dropped,full,0.2
REIM (ACT + Detector + Recovery),621,6000663,metaworld,True,52,0.36394719400050235,0,0,0,0,0.17850267887115479,task_success_while_recovery_active_per_intervention,True,False,,full,0.2
REIM (ACT + Detector + Recovery),622,6000664,metaworld,True,59,0.4436800349976693,1,1,1,32,0.27832546830177307,task_success_while_recovery_active_per_intervention,True,False,,full,0.2
REIM (ACT + Detector + Recovery),623,6000665,metaworld,True,53,0.33893775300020934,0,0,0,0,0.10513314604759216,task_success_while_recovery_active_per_intervention,True,False,,full,0.2
REIM (ACT + Detector + Recovery),624,6000666,metaworld,True,61,0.4685552219998499,0,0,0,0,0.19965919852256775,task_success_while_recovery_active_per_intervention,True,False,,full,0.2
REIM (ACT + Detector + Recovery),625,6000667,metaworld,True,55,0.4285851159984304,0,0,0,0,0.12452979385852814,task_success_while_recovery_active_per_intervention,True,False,,full,0.2
REIM (ACT + Detector + Recovery),626,6000668,metaworld,True,52,0.3831045540027844,0,0,0,0,0.16776910424232483,task_success_while_recovery_active_per_intervention,True,False,,full,0.2
REIM (ACT + Detector + Recovery),627,6000669,metaworld,True,55,0.5129095160009456,1,1,1,42,0.22430114448070526,task_success_while_recovery_active_per_intervention,True,False,,full,0.2
REIM (ACT + Detector + Recovery),628,6000670,metaworld,True,51,0.3924025199994503,0,0,0,0,0.15474653244018555,task_success_while_recovery_active_per_intervention,True,False,,full,0.2
REIM (ACT + Detector + Recovery),629,6000671,metaworld,True,49,0.28584994000266306,0,0,0,0,0.12305887043476105,task_success_while_recovery_active_per_intervention,True,False,,full,0.2
REIM (ACT + Detector + Recovery),630,6000672,metaworld,True,48,0.21178082299957168,0,0,0,0,0.1557958871126175,task_success_while_recovery_active_per_intervention,True,False,,full,0.2
REIM (ACT + Detector + Recovery),631,6000673,metaworld,True,58,0.7305314840014034,1,1,1,42,0.20893923938274384,task_success_while_recovery_active_per_intervention,True,False,,full,0.2
REIM (ACT + Detector + Recovery),632,6000674,metaworld,True,47,0.4361960040005215,1,1,1,28,0.20505914092063904,task_success_while_recovery_active_per_intervention,True,False,,full,0.2
REIM (ACT + Detector + Recovery),633,6000675,metaworld,False,200,2.157175399999687,1,0,1,150,0.9882810711860657,task_success_while_recovery_active_per_intervention,False,True,timeout,full,0.2
REIM (ACT + Detector + Recovery),634,6000676,metaworld,True,53,0.22244467500058818,0,0,0,0,0.14413638412952423,task_success_while_recovery_active_per_intervention,True,False,,full,0.2
REIM (ACT + Detector + Recovery),635,6000677,metaworld,True,47,0.5065005050018954,1,1,1,38,0.4754001200199127,task_success_while_recovery_active_per_intervention,True,False,,full,0.2
REIM (ACT + Detector + Recovery),636,6000678,metaworld,False,200,1.2080234389977704,1,0,1,149,0.9994994401931763,task_success_while_recovery_active_per_intervention,False,True,object_dropped,full,0.2
REIM (ACT + Detector + Recovery),637,6000679,metaworld,True,52,0.3021005439986766,0,0,0,0,0.1602112501859665,task_success_while_recovery_active_per_intervention,True,False,,full,0.2
REIM (ACT + Detector + Recovery),638,6000680,metaworld,True,57,0.5214092120004352,1,1,1,48,0.24298347532749176,task_success_while_recovery_active_per_intervention,True,False,,full,0.2
REIM (ACT + Detector + Recovery),639,6000681,metaworld,True,48,0.2909688889994868,1,1,1,37,0.34933048486709595,task_success_while_recovery_active_per_intervention,True,False,,full,0.2
REIM (ACT + Detector + Recovery),640,6000682,metaworld,True,57,0.350277838002512,0,0,0,0,0.17268319427967072,task_success_while_recovery_active_per_intervention,True,False,,full,0.2
REIM (ACT + Detector + Recovery),641,6000683,metaworld,True,59,0.23959736699907808,0,0,0,0,0.19722531735897064,task_success_while_recovery_active_per_intervention,True,False,,full,0.2
REIM (ACT + Detector + Recovery),642,6000684,metaworld,True,48,0.19427488400106085,0,0,0,0,0.18521103262901306,task_success_while_recovery_active_per_intervention,True,False,,full,0.2
REIM (ACT + Detector + Recovery),643,6000685,metaworld,False,200,1.730504800001654,1,0,1,150,0.9981904625892639,task_success_while_recovery_active_per_intervention,False,True,object_dropped,full,0.2
REIM (ACT + Detector + Recovery),644,6000686,metaworld,False,200,2.1603995000004943,1,0,1,150,0.2407895177602768,task_success_while_recovery_active_per_intervention,False,True,timeout,full,0.2
REIM (ACT + Detector + Recovery),645,6000687,metaworld,True,52,0.2574858410007437,0,0,0,0,0.1488937884569168,task_success_while_recovery_active_per_intervention,True,False,,full,0.2
REIM (ACT + Detector + Recovery),646,6000688,metaworld,True,55,0.2406404930006829,0,0,0,0,0.11957181990146637,task_success_while_recovery_active_per_intervention,True,False,,full,0.2
REIM (ACT + Detector + Recovery),647,6000689,metaworld,True,55,0.628570184999262,1,1,1,45,0.333499014377594,task_success_while_recovery_active_per_intervention,True,False,,full,0.2
REIM (ACT + Detector + Recovery),648,6000690,metaworld,True,48,0.49107768400062923,1,1,1,41,0.38963139057159424,task_success_while_recovery_active_per_intervention,True,False,,full,0.2
REIM (ACT + Detector + Recovery),649,6000691,metaworld,True,57,0.2431800509984896,0,0,0,0,0.11538972705602646,task_success_while_recovery_active_per_intervention,True,False,,full,0.2
REIM (ACT + Detector + Recovery),650,6000692,metaworld,True,48,0.22201815000153147,0,0,0,0,0.17562443017959595,task_success_while_recovery_active_per_intervention,True,False,,full,0.2
REIM (ACT + Detector + Recovery),651,6000693,metaworld,True,48,0.4241118789977918,0,0,0,0,0.1628907471895218,task_success_while_recovery_active_per_intervention,True,False,,full,0.2
REIM (ACT + Detector + Recovery),652,6000694,metaworld,True,57,0.36760237400085316,0,0,0,0,0.1191549301147461,task_success_while_recovery_active_per_intervention,True,False,,full,0.2
REIM (ACT + Detector + Recovery),653,6000695,metaworld,True,52,0.23217817800104967,0,0,0,0,0.16603265702724457,task_success_while_recovery_active_per_intervention,True,False,,full,0.2
REIM (ACT + Detector + Recovery),654,6000696,metaworld,True,48,0.4511408479993406,1,1,1,36,0.24911905825138092,task_success_while_recovery_active_per_intervention,True,False,,full,0.2
REIM (ACT + Detector + Recovery),655,6000697,metaworld,True,54,0.23154166799940867,0,0,0,0,0.122551329433918,task_success_while_recovery_active_per_intervention,True,False,,full,0.2
REIM (ACT + Detector + Recovery),656,6000698,metaworld,True,50,0.5609493199990538,1,1,1,44,0.7055492997169495,task_success_while_recovery_active_per_intervention,True,False,,full,0.2
REIM (ACT + Detector + Recovery),657,6000699,metaworld,True,54,0.19790355499935686,0,0,0,0,0.19624346494674683,task_success_while_recovery_active_per_intervention,True,False,,full,0.2
REIM (ACT + Detector + Recovery),658,6000700,metaworld,True,48,0.2796062229972449,1,1,1,40,0.3643268346786499,task_success_while_recovery_active_per_intervention,True,False,,full,0.2
REIM (ACT + Detector + Recovery),659,6000701,metaworld,False,200,0.7785931950020313,1,0,1,21,0.9754828214645386,task_success_while_recovery_active_per_intervention,False,True,timeout,full,0.2
REIM (ACT + Detector + Recovery),660,6000702,metaworld,True,52,0.267119100997661,1,1,1,30,0.2115255445241928,task_success_while_recovery_active_per_intervention,True,False,,full,0.2
REIM (ACT + Detector + Recovery),661,6000703,metaworld,False,200,1.2813557850022335,1,0,1,150,0.998772919178009,task_success_while_recovery_active_per_intervention,False,True,timeout,full,0.2
REIM (ACT + Detector + Recovery),662,6000704,metaworld,False,200,1.294638630002737,1,0,1,139,0.9993348717689514,task_success_while_recovery_active_per_intervention,False,True,object_dropped,full,0.2
REIM (ACT + Detector + Recovery),663,6000705,metaworld,True,54,0.19067161500061047,0,0,0,0,0.16174530982971191,task_success_while_recovery_active_per_intervention,True,False,,full,0.2
REIM (ACT + Detector + Recovery),664,6000706,metaworld,True,45,0.12708216300234199,0,0,0,0,0.17366640269756317,task_success_while_recovery_active_per_intervention,True,False,,full,0.2
REIM (ACT + Detector + Recovery),665,6000707,metaworld,True,53,0.15853884999887669,0,0,0,0,0.11634062975645065,task_success_while_recovery_active_per_intervention,True,False,,full,0.2
REIM (ACT + Detector + Recovery),666,6000708,metaworld,False,200,0.9733012770011555,1,0,1,150,0.966199517250061,task_success_while_recovery_active_per_intervention,False,True,timeout,full,0.2
REIM (ACT + Detector + Recovery),667,6000709,metaworld,True,44,0.3852936809998937,1,1,1,21,0.2674853503704071,task_success_while_recovery_active_per_intervention,True,False,,full,0.2
REIM (ACT + Detector + Recovery),668,6000710,metaworld,False,200,0.9530828040005872,1,0,1,146,0.9947185516357422,task_success_while_recovery_active_per_intervention,False,True,object_dropped,full,0.2
REIM (ACT + Detector + Recovery),669,6000711,metaworld,True,57,0.16487647400208516,0,0,0,0,0.16230501234531403,task_success_while_recovery_active_per_intervention,True,False,,full,0.2
REIM (ACT + Detector + Recovery),670,6000712,metaworld,True,52,0.15255486900059623,0,0,0,0,0.1353628784418106,task_success_while_recovery_active_per_intervention,True,False,,full,0.2
REIM (ACT + Detector + Recovery),671,6000713,metaworld,True,52,0.15580343499823357,0,0,0,0,0.1683589518070221,task_success_while_recovery_active_per_intervention,True,False,,full,0.2
REIM (ACT + Detector + Recovery),672,6000714,metaworld,True,48,0.13973664200239,0,0,0,0,0.18947675824165344,task_success_while_recovery_active_per_intervention,True,False,,full,0.2
REIM (ACT + Detector + Recovery),673,6000715,metaworld,True,53,0.24192091999793774,1,1,1,43,0.27901604771614075,task_success_while_recovery_active_per_intervention,True,False,,full,0.2
REIM (ACT + Detector + Recovery),674,6000716,metaworld,True,52,0.2371950039996591,1,1,1,36,0.21576523780822754,task_success_while_recovery_active_per_intervention,True,False,,full,0.2
REIM (ACT + Detector + Recovery),675,6000717,metaworld,True,52,0.2821124769980088,1,1,1,31,0.2410859316587448,task_success_while_recovery_active_per_intervention,True,False,,full,0.2
REIM (ACT + Detector + Recovery),676,6000718,metaworld,True,51,0.31535606200122857,0,0,0,0,0.14473757147789001,task_success_while_recovery_active_per_intervention,True,False,,full,0.2
REIM (ACT + Detector + Recovery),677,6000719,metaworld,True,54,0.15652536199922906,0,0,0,0,0.1290263682603836,task_success_while_recovery_active_per_intervention,True,False,,full,0.2
REIM (ACT + Detector + Recovery),678,6000720,metaworld,True,54,0.14663081600156147,1,1,1,42,0.29422062635421753,task_success_while_recovery_active_per_intervention,True,False,,full,0.2
REIM (ACT + Detector + Recovery),679,6000721,metaworld,True,55,0.17297906299791066,0,0,0,0,0.18767543137073517,task_success_while_recovery_active_per_intervention,True,False,,full,0.2
REIM (ACT + Detector + Recovery),680,6000722,metaworld,True,75,0.3990433530016162,1,1,1,53,0.2014622539281845,task_success_while_recovery_active_per_intervention,True,False,,full,0.2
REIM (ACT + Detector + Recovery),681,6000723,metaworld,True,63,0.22322652699949685,0,0,0,0,0.09788483381271362,task_success_while_recovery_active_per_intervention,True,False,,full,0.2
REIM (ACT + Detector + Recovery),682,6000724,metaworld,True,65,0.24397620300078415,1,1,1,48,0.22585755586624146,task_success_while_recovery_active_per_intervention,True,False,,full,0.2
REIM (ACT + Detector + Recovery),683,6000725,metaworld,True,51,0.1313531640007568,0,0,0,0,0.11454448848962784,task_success_while_recovery_active_per_intervention,True,False,,full,0.2
REIM (ACT + Detector + Recovery),684,6000726,metaworld,True,49,0.11740581399863004,0,0,0,0,0.17759807407855988,task_success_while_recovery_active_per_intervention,True,False,,full,0.2
REIM (ACT + Detector + Recovery),685,6000727,metaworld,True,51,0.12169121999977506,0,0,0,0,0.13063666224479675,task_success_while_recovery_active_per_intervention,True,False,,full,0.2
REIM (ACT + Detector + Recovery),686,6000728,metaworld,True,58,0.1379673690025811,0,0,0,0,0.07748723030090332,task_success_while_recovery_active_per_intervention,True,False,,full,0.2
REIM (ACT + Detector + Recovery),687,6000729,metaworld,True,56,0.1313517700000375,0,0,0,0,0.1732839196920395,task_success_while_recovery_active_per_intervention,True,False,,full,0.2
REIM (ACT + Detector + Recovery),688,6000730,metaworld,False,200,0.7701956569981121,1,0,1,150,0.9980465173721313,task_success_while_recovery_active_per_intervention,False,True,object_dropped,full,0.2
REIM (ACT + Detector + Recovery),689,6000731,metaworld,True,49,0.10915783499876852,1,1,1,40,0.26174136996269226,task_success_while_recovery_active_per_intervention,True,False,,full,0.2
REIM (ACT + Detector + Recovery),690,6000732,metaworld,True,55,0.1250744319986552,0,0,0,0,0.11832176148891449,task_success_while_recovery_active_per_intervention,True,False,,full,0.2
REIM (ACT + Detector + Recovery),691,6000733,metaworld,False,200,0.4295229390008899,1,0,1,150,0.9859263896942139,task_success_while_recovery_active_per_intervention,False,True,object_dropped,full,0.2
REIM (ACT + Detector + Recovery),692,6000734,metaworld,True,55,0.1278277290002734,0,0,0,0,0.11936356872320175,task_success_while_recovery_active_per_intervention,True,False,,full,0.2
REIM (ACT + Detector + Recovery),693,6000735,metaworld,True,54,0.12793220599996857,0,0,0,0,0.16639097034931183,task_success_while_recovery_active_per_intervention,True,False,,full,0.2
REIM (ACT + Detector + Recovery),694,6000736,metaworld,True,59,0.12240805299734347,1,1,1,36,0.24623911082744598,task_success_while_recovery_active_per_intervention,True,False,,full,0.2
REIM (ACT + Detector + Recovery),695,6000737,metaworld,True,52,0.1210296120007115,0,0,0,0,0.1347111165523529,task_success_while_recovery_active_per_intervention,True,False,,full,0.2
REIM (ACT + Detector + Recovery),696,6000738,metaworld,True,48,0.09954131199992844,1,1,1,39,0.38821330666542053,task_success_while_recovery_active_per_intervention,True,False,,full,0.2
REIM (ACT + Detector + Recovery),697,6000739,metaworld,True,59,0.13844547600092483,0,0,0,0,0.1942872554063797,task_success_while_recovery_active_per_intervention,True,False,,full,0.2
REIM (ACT + Detector + Recovery),698,6000740,metaworld,True,64,0.13663540099878446,1,1,1,42,0.2343766689300537,task_success_while_recovery_active_per_intervention,True,False,,full,0.2
REIM (ACT + Detector + Recovery),699,6000741,metaworld,True,56,0.12951231700208155,0,0,0,0,0.17653681337833405,task_success_while_recovery_active_per_intervention,True,False,,full,0.2
REIM (ACT + Detector + Recovery),700,6000742,metaworld,True,55,0.12819966100141755,0,0,0,0,0.12274403125047684,task_success_while_recovery_active_per_intervention,True,False,,full,0.2
REIM (ACT + Detector + Recovery),701,6000743,metaworld,True,59,0.13658784099970944,0,0,0,0,0.17577558755874634,task_success_while_recovery_active_per_intervention,True,False,,full,0.2
REIM (ACT + Detector + Recovery),702,6000744,metaworld,True,55,0.10786259299857193,1,1,1,40,0.24015523493289948,task_success_while_recovery_active_per_intervention,True,False,,full,0.2
REIM (ACT + Detector + Recovery),703,6000745,metaworld,True,60,0.13268105500173988,1,1,1,52,0.31514549255371094,task_success_while_recovery_active_per_intervention,True,False,,full,0.2
REIM (ACT + Detector + Recovery),704,6000746,metaworld,True,51,0.11301043400089839,1,1,1,37,0.2000221312046051,task_success_while_recovery_active_per_intervention,True,False,,full,0.2
REIM (ACT + Detector + Recovery),705,6000747,metaworld,True,52,0.11724356899867416,0,0,0,0,0.12064281851053238,task_success_while_recovery_active_per_intervention,True,False,,full,0.2
REIM (ACT + Detector + Recovery),706,6000748,metaworld,True,49,0.09870011000020895,1,1,1,28,0.23388318717479706,task_success_while_recovery_active_per_intervention,True,False,,full,0.2
REIM (ACT + Detector + Recovery),707,6000749,metaworld,True,58,0.1378396750005777,0,0,0,0,0.13071538507938385,task_success_while_recovery_active_per_intervention,True,False,,full,0.2
REIM (ACT + Detector + Recovery),708,6000750,metaworld,False,200,0.4427223789971322,1,0,1,134,0.9910156726837158,task_success_while_recovery_active_per_intervention,False,True,object_dropped,full,0.2
REIM (ACT + Detector + Recovery),709,6000751,metaworld,True,49,0.11320210700068856,0,0,0,0,0.1619219183921814,task_success_while_recovery_active_per_intervention,True,False,,full,0.2
REIM (ACT + Detector + Recovery),710,6000752,metaworld,True,51,0.11136735899708583,1,1,1,41,0.3613629639148712,task_success_while_recovery_active_per_intervention,True,False,,full,0.2
REIM (ACT + Detector + Recovery),711,6000753,metaworld,True,55,0.12730922999980976,0,0,0,0,0.18470555543899536,task_success_while_recovery_active_per_intervention,True,False,,full,0.2
REIM (ACT + Detector + Recovery),712,6000754,metaworld,True,48,0.10315287399862427,1,1,1,39,0.2933235764503479,task_success_while_recovery_active_per_intervention,True,False,,full,0.2
REIM (ACT + Detector + Recovery),713,6000755,metaworld,False,200,0.43688103400199907,1,0,1,150,0.9791063070297241,task_success_while_recovery_active_per_intervention,False,True,timeout,full,0.2
REIM (ACT + Detector + Recovery),714,6000756,metaworld,False,200,0.4657095830007165,1,0,1,150,0.9978429079055786,task_success_while_recovery_active_per_intervention,False,True,object_dropped,full,0.2
REIM (ACT + Detector + Recovery),715,6000757,metaworld,True,50,0.1309042960019724,1,1,1,35,0.21626393496990204,task_success_while_recovery_active_per_intervention,True,False,,full,0.2
REIM (ACT + Detector + Recovery),716,6000758,metaworld,True,52,0.11909111299974029,0,0,0,0,0.17010186612606049,task_success_while_recovery_active_per_intervention,True,False,,full,0.2
REIM (ACT + Detector + Recovery),717,6000759,metaworld,True,47,0.10409361599886324,1,1,1,38,0.29015934467315674,task_success_while_recovery_active_per_intervention,True,False,,full,0.2
REIM (ACT + Detector + Recovery),718,6000760,metaworld,True,55,0.12586691300020902,1,1,1,46,0.25769704580307007,task_success_while_recovery_active_per_intervention,True,False,,full,0.2
REIM (ACT + Detector + Recovery),719,6000761,metaworld,True,57,0.13153245400098967,0,0,0,0,0.17183496057987213,task_success_while_recovery_active_per_intervention,True,False,,full,0.2
REIM (ACT + Detector + Recovery),720,6000762,metaworld,True,50,0.11161370799891301,1,1,1,37,0.2858125567436218,task_success_while_recovery_active_per_intervention,True,False,,full,0.2
REIM (ACT + Detector + Recovery),721,6000763,metaworld,True,55,0.15497902799688745,0,0,0,0,0.08702392876148224,task_success_while_recovery_active_per_intervention,True,False,,full,0.2
REIM (ACT + Detector + Recovery),722,6000764,metaworld,True,52,0.12351961300009862,0,0,0,0,0.19985315203666687,task_success_while_recovery_active_per_intervention,True,False,,full,0.2
REIM (ACT + Detector + Recovery),723,6000765,metaworld,True,52,0.12219012200148427,0,0,0,0,0.1424216330051422,task_success_while_recovery_active_per_intervention,True,False,,full,0.2
REIM (ACT + Detector + Recovery),724,6000766,metaworld,True,55,0.1272771889998694,0,0,0,0,0.1418963521718979,task_success_while_recovery_active_per_intervention,True,False,,full,0.2
REIM (ACT + Detector + Recovery),725,6000767,metaworld,True,62,0.13046502100041835,1,1,1,35,0.3158876895904541,task_success_while_recovery_active_per_intervention,True,False,,full,0.2
REIM (ACT + Detector + Recovery),726,6000768,metaworld,True,55,0.1608643529980327,1,1,1,35,0.23722462356090546,task_success_while_recovery_active_per_intervention,True,False,,full,0.2
REIM (ACT + Detector + Recovery),727,6000769,metaworld,True,53,0.15652183299971512,0,0,0,0,0.14873239398002625,task_success_while_recovery_active_per_intervention,True,False,,full,0.2
REIM (ACT + Detector + Recovery),728,6000770,metaworld,True,52,0.1255195369994908,0,0,0,0,0.18236710131168365,task_success_while_recovery_active_per_intervention,True,False,,full,0.2
REIM (ACT + Detector + Recovery),729,6000771,metaworld,True,50,0.12414789299873519,1,1,1,41,0.3609941899776459,task_success_while_recovery_active_per_intervention,True,False,,full,0.2
REIM (ACT + Detector + Recovery),730,6000772,metaworld,True,46,0.1064920879980491,1,1,1,25,0.2012629210948944,task_success_while_recovery_active_per_intervention,True,False,,full,0.2
REIM (ACT + Detector + Recovery),731,6000773,metaworld,True,48,0.10826198299764656,0,0,0,0,0.18866103887557983,task_success_while_recovery_active_per_intervention,True,False,,full,0.2
REIM (ACT + Detector + Recovery),732,6000774,metaworld,True,50,0.11597759000142105,1,1,1,30,0.2304028868675232,task_success_while_recovery_active_per_intervention,True,False,,full,0.2
REIM (ACT + Detector + Recovery),733,6000775,metaworld,False,200,0.4671301519992994,1,0,1,150,0.9842584133148193,task_success_while_recovery_active_per_intervention,False,True,timeout,full,0.2
REIM (ACT + Detector + Recovery),734,6000776,metaworld,False,200,0.5055428090017813,1,0,1,150,0.9961579442024231,task_success_while_recovery_active_per_intervention,False,True,timeout,full,0.2
REIM (ACT + Detector + Recovery),735,6000777,metaworld,True,62,0.208984987999429,1,1,1,39,0.3419727385044098,task_success_while_recovery_active_per_intervention,True,False,,full,0.2
REIM (ACT + Detector + Recovery),736,6000778,metaworld,True,51,0.19210058499811566,1,1,1,38,0.261299192905426,task_success_while_recovery_active_per_intervention,True,False,,full,0.2
REIM (ACT + Detector + Recovery),737,6000779,metaworld,True,55,0.18720671799746924,1,1,1,37,0.26381105184555054,task_success_while_recovery_active_per_intervention,True,False,,full,0.2
REIM (ACT + Detector + Recovery),738,6000780,metaworld,True,56,0.17462072800117312,0,0,0,0,0.12875738739967346,task_success_while_recovery_active_per_intervention,True,False,,full,0.2
REIM (ACT + Detector + Recovery),739,6000781,metaworld,True,51,0.14870804700331064,1,1,1,30,0.2022630274295807,task_success_while_recovery_active_per_intervention,True,False,,full,0.2
REIM (ACT + Detector + Recovery),740,6000782,metaworld,True,55,0.17784682600176893,0,0,0,0,0.10877292603254318,task_success_while_recovery_active_per_intervention,True,False,,full,0.2
REIM (ACT + Detector + Recovery),741,6000783,metaworld,False,200,1.00007111299783,1,0,1,141,0.9992683529853821,task_success_while_recovery_active_per_intervention,False,True,timeout,full,0.2
REIM (ACT + Detector + Recovery),742,6000784,metaworld,True,49,0.18776026499836007,1,1,1,29,0.24604175984859467,task_success_while_recovery_active_per_intervention,True,False,,full,0.2
REIM (ACT + Detector + Recovery),743,6000785,metaworld,True,55,0.1552552229986759,0,0,0,0,0.12067919969558716,task_success_while_recovery_active_per_intervention,True,False,,full,0.2
REIM (ACT + Detector + Recovery),744,6000786,metaworld,True,58,0.18384854199757683,1,1,1,27,0.24118593335151672,task_success_while_recovery_active_per_intervention,True,False,,full,0.2
REIM (ACT + Detector + Recovery),745,6000787,metaworld,True,56,0.30769479100126773,1,1,1,46,0.25953203439712524,task_success_while_recovery_active_per_intervention,True,False,,full,0.2
REIM (ACT + Detector + Recovery),746,6000788,metaworld,True,50,0.16304149799907464,0,0,0,0,0.18118971586227417,task_success_while_recovery_active_per_intervention,True,False,,full,0.2
REIM (ACT + Detector + Recovery),747,6000789,metaworld,False,200,1.0422776229970623,1,0,1,150,0.9944108128547668,task_success_while_recovery_active_per_intervention,False,True,timeout,full,0.2
REIM (ACT + Detector + Recovery),748,6000790,metaworld,True,53,0.4892672079986369,1,1,1,31,0.20152996480464935,task_success_while_recovery_active_per_intervention,True,False,,full,0.2
REIM (ACT + Detector + Recovery),749,6000791,metaworld,True,68,0.35226137100107735,1,1,1,54,0.26083993911743164,task_success_while_recovery_active_per_intervention,True,False,,full,0.2
REIM (ACT + Detector + Recovery),750,6000792,metaworld,False,200,2.1019811680016574,1,0,1,150,0.9983956217765808,task_success_while_recovery_active_per_intervention,False,True,timeout,full,0.2
REIM (ACT + Detector + Recovery),751,6000793,metaworld,True,59,0.284282393000467,0,0,0,0,0.17738741636276245,task_success_while_recovery_active_per_intervention,True,False,,full,0.2
REIM (ACT + Detector + Recovery),752,6000794,metaworld,True,61,0.34564147900164244,0,0,0,0,0.1515091508626938,task_success_while_recovery_active_per_intervention,True,False,,full,0.2
REIM (ACT + Detector + Recovery),753,6000795,metaworld,True,56,0.4170247369984281,1,1,1,42,0.22472316026687622,task_success_while_recovery_active_per_intervention,True,False,,full,0.2
REIM (ACT + Detector + Recovery),754,6000796,metaworld,True,56,0.3661407660001714,1,1,1,32,0.2287072241306305,task_success_while_recovery_active_per_intervention,True,False,,full,0.2
REIM (ACT + Detector + Recovery),755,6000797,metaworld,True,47,0.28645653599960497,1,1,1,28,0.2460663914680481,task_success_while_recovery_active_per_intervention,True,False,,full,0.2
REIM (ACT + Detector + Recovery),756,6000798,metaworld,True,59,0.458814491998055,1,1,1,40,0.2974405884742737,task_success_while_recovery_active_per_intervention,True,False,,full,0.2
REIM (ACT + Detector + Recovery),757,6000799,metaworld,True,58,0.19776694000029238,0,0,0,0,0.14168696105480194,task_success_while_recovery_active_per_intervention,True,False,,full,0.2
REIM (ACT + Detector + Recovery),758,6000800,metaworld,True,50,0.17246299099861062,0,0,0,0,0.12044010311365128,task_success_while_recovery_active_per_intervention,True,False,,full,0.2
REIM (ACT + Detector + Recovery),759,6000801,metaworld,True,51,0.1843216460001713,0,0,0,0,0.1805010437965393,task_success_while_recovery_active_per_intervention,True,False,,full,0.2
REIM (ACT + Detector + Recovery),760,6000802,metaworld,True,49,0.4593948339970666,1,1,1,37,0.2961207926273346,task_success_while_recovery_active_per_intervention,True,False,,full,0.2
REIM (ACT + Detector + Recovery),761,6000803,metaworld,True,59,0.21709759999794187,0,0,0,0,0.1586477905511856,task_success_while_recovery_active_per_intervention,True,False,,full,0.2
REIM (ACT + Detector + Recovery),762,6000804,metaworld,True,57,0.21449298999868915,0,0,0,0,0.11867933720350266,task_success_while_recovery_active_per_intervention,True,False,,full,0.2
REIM (ACT + Detector + Recovery),763,6000805,metaworld,True,48,0.15927515200019116,0,0,0,0,0.187912255525589,task_success_while_recovery_active_per_intervention,True,False,,full,0.2
REIM (ACT + Detector + Recovery),764,6000806,metaworld,True,50,0.2028018669989251,0,0,0,0,0.12460633367300034,task_success_while_recovery_active_per_intervention,True,False,,full,0.2
REIM (ACT + Detector + Recovery),765,6000807,metaworld,True,53,0.2189468090000446,0,0,0,0,0.1599050909280777,task_success_while_recovery_active_per_intervention,True,False,,full,0.2
REIM (ACT + Detector + Recovery),766,6000808,metaworld,False,200,1.4167528079997282,1,0,1,144,0.995274007320404,task_success_while_recovery_active_per_intervention,False,True,object_dropped,full,0.2
REIM (ACT + Detector + Recovery),767,6000809,metaworld,True,54,0.20338373800041154,1,1,1,31,0.2063131332397461,task_success_while_recovery_active_per_intervention,True,False,,full,0.2
REIM (ACT + Detector + Recovery),768,6000810,metaworld,True,54,0.19942410200019367,0,0,0,0,0.13132309913635254,task_success_while_recovery_active_per_intervention,True,False,,full,0.2
REIM (ACT + Detector + Recovery),769,6000811,metaworld,False,200,1.719517714001995,1,0,1,150,0.9945250749588013,task_success_while_recovery_active_per_intervention,False,True,timeout,full,0.2
REIM (ACT + Detector + Recovery),770,6000812,metaworld,True,50,0.1760179849989072,0,0,0,0,0.1576230823993683,task_success_while_recovery_active_per_intervention,True,False,,full,0.2
REIM (ACT + Detector + Recovery),771,6000813,metaworld,False,200,1.5716365560001577,1,0,1,138,0.9939150214195251,task_success_while_recovery_active_per_intervention,False,True,object_dropped,full,0.2
REIM (ACT + Detector + Recovery),772,6000814,metaworld,True,52,0.369033650997153,1,1,1,42,0.30379223823547363,task_success_while_recovery_active_per_intervention,True,False,,full,0.2
REIM (ACT + Detector + Recovery),773,6000815,metaworld,True,53,0.20978767099950346,0,0,0,0,0.15621933341026306,task_success_while_recovery_active_per_intervention,True,False,,full,0.2
REIM (ACT + Detector + Recovery),774,6000816,metaworld,True,52,0.4242006130007212,1,1,1,31,0.23302076756954193,task_success_while_recovery_active_per_intervention,True,False,,full,0.2
REIM (ACT + Detector + Recovery),775,6000817,metaworld,True,58,0.20600526499765692,0,0,0,0,0.11916317790746689,task_success_while_recovery_active_per_intervention,True,False,,full,0.2
REIM (ACT + Detector + Recovery),776,6000818,metaworld,True,54,0.27540888499788707,1,1,1,40,0.263149619102478,task_success_while_recovery_active_per_intervention,True,False,,full,0.2
REIM (ACT + Detector + Recovery),777,6000819,metaworld,True,60,0.7462232360012422,1,1,1,51,0.28721606731414795,task_success_while_recovery_active_per_intervention,True,False,,full,0.2
REIM (ACT + Detector + Recovery),778,6000820,metaworld,True,49,0.41155525900103385,1,1,1,30,0.20182198286056519,task_success_while_recovery_active_per_intervention,True,False,,full,0.2
REIM (ACT + Detector + Recovery),779,6000821,metaworld,False,200,1.2950328050028475,1,0,1,150,0.9988161325454712,task_success_while_recovery_active_per_intervention,False,True,object_dropped,full,0.2
REIM (ACT + Detector + Recovery),780,6000822,metaworld,False,200,1.7039933870000823,1,0,1,146,0.9977261424064636,task_success_while_recovery_active_per_intervention,False,True,object_dropped,full,0.2
REIM (ACT + Detector + Recovery),781,6000823,metaworld,True,58,0.34392955300063477,0,0,0,0,0.18096108734607697,task_success_while_recovery_active_per_intervention,True,False,,full,0.2
REIM (ACT + Detector + Recovery),782,6000824,metaworld,True,55,0.3429334669999662,0,0,0,0,0.1525564342737198,task_success_while_recovery_active_per_intervention,True,False,,full,0.2
REIM (ACT + Detector + Recovery),783,6000825,metaworld,True,56,0.23841144700054429,0,0,0,0,0.17359738051891327,task_success_while_recovery_active_per_intervention,True,False,,full,0.2
REIM (ACT + Detector + Recovery),784,6000826,metaworld,True,57,0.3371563190012239,0,0,0,0,0.11832352727651596,task_success_while_recovery_active_per_intervention,True,False,,full,0.2
REIM (ACT + Detector + Recovery),785,6000827,metaworld,True,54,0.48627945499902125,1,1,1,37,0.21115268766880035,task_success_while_recovery_active_per_intervention,True,False,,full,0.2
REIM (ACT + Detector + Recovery),786,6000828,metaworld,False,200,1.7569771069975104,1,0,1,150,0.9384437799453735,task_success_while_recovery_active_per_intervention,False,True,timeout,full,0.2
REIM (ACT + Detector + Recovery),787,6000829,metaworld,True,59,0.6290473549997841,1,1,1,32,0.22066810727119446,task_success_while_recovery_active_per_intervention,True,False,,full,0.2
REIM (ACT + Detector + Recovery),788,6000830,metaworld,True,54,0.27637885000149254,0,0,0,0,0.10818403214216232,task_success_while_recovery_active_per_intervention,True,False,,full,0.2
REIM (ACT + Detector + Recovery),789,6000831,metaworld,True,56,0.18831442500231788,0,0,0,0,0.0985054075717926,task_success_while_recovery_active_per_intervention,True,False,,full,0.2
REIM (ACT + Detector + Recovery),790,6000832,metaworld,True,63,0.4994742889975896,1,1,1,48,0.21577689051628113,task_success_while_recovery_active_per_intervention,True,False,,full,0.2
REIM (ACT + Detector + Recovery),791,6000833,metaworld,True,67,0.5165199910006777,1,1,1,56,0.21097281575202942,task_success_while_recovery_active_per_intervention,True,False,,full,0.2
REIM (ACT + Detector + Recovery),792,6000834,metaworld,True,57,0.2891300700030115,1,1,1,31,0.22447742521762848,task_success_while_recovery_active_per_intervention,True,False,,full,0.2
REIM (ACT + Detector + Recovery),793,6000835,metaworld,False,200,1.4445993199988152,1,0,1,150,0.9998028874397278,task_success_while_recovery_active_per_intervention,False,True,object_dropped,full,0.2
REIM (ACT + Detector + Recovery),794,6000836,metaworld,True,52,0.45892810900113545,1,1,1,43,0.36556121706962585,task_success_while_recovery_active_per_intervention,True,False,,full,0.2
REIM (ACT + Detector + Recovery),795,6000837,metaworld,True,60,0.2096429379998881,0,0,0,0,0.18488386273384094,task_success_while_recovery_active_per_intervention,True,False,,full,0.2
REIM (ACT + Detector + Recovery),796,6000838,metaworld,True,62,0.5975018509998336,1,1,1,50,0.44078317284584045,task_success_while_recovery_active_per_intervention,True,False,,full,0.2
REIM (ACT + Detector + Recovery),797,6000839,metaworld,True,56,0.6411465870005486,1,1,1,45,0.20285320281982422,task_success_while_recovery_active_per_intervention,True,False,,full,0.2
REIM (ACT + Detector + Recovery),798,6000840,metaworld,True,58,0.4006682319995889,1,1,1,35,0.31678515672683716,task_success_while_recovery_active_per_intervention,True,False,,full,0.2
REIM (ACT + Detector + Recovery),799,6000841,metaworld,True,61,0.22738024499994935,0,0,0,0,0.12635129690170288,task_success_while_recovery_active_per_intervention,True,False,,full,0.2
REIM (ACT + Detector + Recovery),800,6000842,metaworld,True,58,0.21620467799948528,0,0,0,0,0.15704219043254852,task_success_while_recovery_active_per_intervention,True,False,,full,0.2
REIM (ACT + Detector + Recovery),801,6000843,metaworld,True,60,0.37833791600132827,1,1,1,40,0.21733811497688293,task_success_while_recovery_active_per_intervention,True,False,,full,0.2
REIM (ACT + Detector + Recovery),802,6000844,metaworld,True,49,0.311727381998935,0,0,0,0,0.1818496733903885,task_success_while_recovery_active_per_intervention,True,False,,full,0.2
REIM (ACT + Detector + Recovery),803,6000845,metaworld,True,53,0.7004422579993843,1,1,1,35,0.2659129798412323,task_success_while_recovery_active_per_intervention,True,False,,full,0.2
REIM (ACT + Detector + Recovery),804,6000846,metaworld,True,51,0.3840214260017092,1,1,1,34,0.21896009147167206,task_success_while_recovery_active_per_intervention,True,False,,full,0.2
REIM (ACT + Detector + Recovery),805,6000847,metaworld,True,46,0.3552874380002322,1,1,1,38,0.4199444055557251,task_success_while_recovery_active_per_intervention,True,False,,full,0.2
REIM (ACT + Detector + Recovery),806,6000848,metaworld,True,48,0.3165582559995528,1,1,1,23,0.20222537219524384,task_success_while_recovery_active_per_intervention,True,False,,full,0.2
REIM (ACT + Detector + Recovery),807,6000849,metaworld,True,49,0.17606136099857395,0,0,0,0,0.18939490616321564,task_success_while_recovery_active_per_intervention,True,False,,full,0.2
REIM (ACT + Detector + Recovery),808,6000850,metaworld,True,52,0.1812306499996339,0,0,0,0,0.18582193553447723,task_success_while_recovery_active_per_intervention,True,False,,full,0.2
REIM (ACT + Detector + Recovery),809,6000851,metaworld,True,61,0.3835092240005906,1,1,1,32,0.2001907080411911,task_success_while_recovery_active_per_intervention,True,False,,full,0.2
REIM (ACT + Detector + Recovery),810,6000852,metaworld,False,200,1.3301686119993974,1,0,1,150,0.9920550584793091,task_success_while_recovery_active_per_intervention,False,True,timeout,full,0.2
REIM (ACT + Detector + Recovery),811,6000853,metaworld,True,52,0.3205195740010822,0,0,0,0,0.18548911809921265,task_success_while_recovery_active_per_intervention,True,False,,full,0.2
REIM (ACT + Detector + Recovery),812,6000854,metaworld,True,55,0.30158701699838275,0,0,0,0,0.12476993352174759,task_success_while_recovery_active_per_intervention,True,False,,full,0.2
REIM (ACT + Detector + Recovery),813,6000855,metaworld,True,56,0.3556874509995396,0,0,0,0,0.19517935812473297,task_success_while_recovery_active_per_intervention,True,False,,full,0.2
REIM (ACT + Detector + Recovery),814,6000856,metaworld,True,53,0.3263169409983675,0,0,0,0,0.12988127768039703,task_success_while_recovery_active_per_intervention,True,False,,full,0.2
REIM (ACT + Detector + Recovery),815,6000857,metaworld,True,51,0.25122862300122506,1,1,1,36,0.20473065972328186,task_success_while_recovery_active_per_intervention,True,False,,full,0.2
REIM (ACT + Detector + Recovery),816,6000858,metaworld,True,57,0.24923204500009888,0,0,0,0,0.17918874323368073,task_success_while_recovery_active_per_intervention,True,False,,full,0.2
REIM (ACT + Detector + Recovery),817,6000859,metaworld,False,200,1.9189632089983206,1,0,1,150,0.965977132320404,task_success_while_recovery_active_per_intervention,False,True,object_dropped,full,0.2
REIM (ACT + Detector + Recovery),818,6000860,metaworld,True,58,0.20531599900277797,0,0,0,0,0.15411557257175446,task_success_while_recovery_active_per_intervention,True,False,,full,0.2
REIM (ACT + Detector + Recovery),819,6000861,metaworld,False,200,1.3227791030003573,1,0,1,150,0.8002806901931763,task_success_while_recovery_active_per_intervention,False,True,timeout,full,0.2
REIM (ACT + Detector + Recovery),820,6000862,metaworld,True,51,0.33869181699992623,0,0,0,0,0.18862049281597137,task_success_while_recovery_active_per_intervention,True,False,,full,0.2
REIM (ACT + Detector + Recovery),821,6000863,metaworld,True,48,0.2586799279997649,0,0,0,0,0.15268594026565552,task_success_while_recovery_active_per_intervention,True,False,,full,0.2
REIM (ACT + Detector + Recovery),822,6000864,metaworld,True,52,0.40759953900123946,1,1,1,40,0.24050235748291016,task_success_while_recovery_active_per_intervention,True,False,,full,0.2
REIM (ACT + Detector + Recovery),823,6000865,metaworld,True,62,0.20811129399953643,0,0,0,0,0.19882501661777496,task_success_while_recovery_active_per_intervention,True,False,,full,0.2
REIM (ACT + Detector + Recovery),824,6000866,metaworld,True,52,0.18726381299711647,0,0,0,0,0.16323129832744598,task_success_while_recovery_active_per_intervention,True,False,,full,0.2
REIM (ACT + Detector + Recovery),825,6000867,metaworld,False,200,1.3740571960006491,1,0,1,131,0.9991483688354492,task_success_while_recovery_active_per_intervention,False,True,object_dropped,full,0.2
REIM (ACT + Detector + Recovery),826,6000868,metaworld,False,200,1.2936636650010769,1,0,1,138,0.9987831711769104,task_success_while_recovery_active_per_intervention,False,True,timeout,full,0.2
REIM (ACT + Detector + Recovery),827,6000869,metaworld,True,54,0.3303023240005132,0,0,0,0,0.11388739943504333,task_success_while_recovery_active_per_intervention,True,False,,full,0.2
REIM (ACT + Detector + Recovery),828,6000870,metaworld,True,61,0.3331516530015506,0,0,0,0,0.1261308342218399,task_success_while_recovery_active_per_intervention,True,False,,full,0.2
REIM (ACT + Detector + Recovery),829,6000871,metaworld,True,49,0.5602103540004464,1,1,1,29,0.23130439221858978,task_success_while_recovery_active_per_intervention,True,False,,full,0.2
REIM (ACT + Detector + Recovery),830,6000872,metaworld,True,52,0.3406116900005145,0,0,0,0,0.15884149074554443,task_success_while_recovery_active_per_intervention,True,False,,full,0.2
REIM (ACT + Detector + Recovery),831,6000873,metaworld,True,51,0.2855985630012583,0,0,0,0,0.19048166275024414,task_success_while_recovery_active_per_intervention,True,False,,full,0.2
REIM (ACT + Detector + Recovery),832,6000874,metaworld,True,49,0.6580662790001952,1,1,1,40,0.2588357925415039,task_success_while_recovery_active_per_intervention,True,False,,full,0.2
REIM (ACT + Detector + Recovery),833,6000875,metaworld,False,200,2.1067092399971443,1,0,1,147,0.9988821148872375,task_success_while_recovery_active_per_intervention,False,True,timeout,full,0.2
REIM (ACT + Detector + Recovery),834,6000876,metaworld,False,200,1.962113863999548,1,0,1,150,0.9976429343223572,task_success_while_recovery_active_per_intervention,False,True,object_dropped,full,0.2
REIM (ACT + Detector + Recovery),835,6000877,metaworld,True,50,0.22885808200226165,0,0,0,0,0.16971737146377563,task_success_while_recovery_active_per_intervention,True,False,,full,0.2
REIM (ACT + Detector + Recovery),836,6000878,metaworld,True,54,0.3361257939977804,0,0,0,0,0.18061135709285736,task_success_while_recovery_active_per_intervention,True,False,,full,0.2
REIM (ACT + Detector + Recovery),837,6000879,metaworld,True,59,0.6921944419991632,1,1,1,36,0.31515437364578247,task_success_while_recovery_active_per_intervention,True,False,,full,0.2
REIM (ACT + Detector + Recovery),838,6000880,metaworld,True,53,0.23737339000217617,1,1,1,43,0.3237547278404236,task_success_while_recovery_active_per_intervention,True,False,,full,0.2
REIM (ACT + Detector + Recovery),839,6000881,metaworld,True,48,0.40684370800227043,1,1,1,36,0.2801797389984131,task_success_while_recovery_active_per_intervention,True,False,,full,0.2
REIM (ACT + Detector + Recovery),840,6000882,metaworld,True,57,0.2844614600035129,0,0,0,0,0.11626731604337692,task_success_while_recovery_active_per_intervention,True,False,,full,0.2
REIM (ACT + Detector + Recovery),841,6000883,metaworld,False,200,1.6661359839999932,1,0,1,141,0.9985877275466919,task_success_while_recovery_active_per_intervention,False,True,object_dropped,full,0.2
REIM (ACT + Detector + Recovery),842,6000884,metaworld,True,53,0.5208929969994642,1,1,1,32,0.2187052071094513,task_success_while_recovery_active_per_intervention,True,False,,full,0.2
REIM (ACT + Detector + Recovery),843,6000885,metaworld,True,58,0.4201822329996503,0,0,0,0,0.16944603621959686,task_success_while_recovery_active_per_intervention,True,False,,full,0.2
REIM (ACT + Detector + Recovery),844,6000886,metaworld,True,58,0.4488183640023635,0,0,0,0,0.1695428341627121,task_success_while_recovery_active_per_intervention,True,False,,full,0.2
REIM (ACT + Detector + Recovery),845,6000887,metaworld,True,50,0.2375651629990898,0,0,0,0,0.1353331208229065,task_success_while_recovery_active_per_intervention,True,False,,full,0.2
REIM (ACT + Detector + Recovery),846,6000888,metaworld,True,59,0.48448661899965373,1,1,1,50,0.32873985171318054,task_success_while_recovery_active_per_intervention,True,False,,full,0.2
REIM (ACT + Detector + Recovery),847,6000889,metaworld,True,51,0.5112071730000025,1,1,1,29,0.21758702397346497,task_success_while_recovery_active_per_intervention,True,False,,full,0.2
REIM (ACT + Detector + Recovery),848,6000890,metaworld,True,57,0.4936214640001708,1,1,1,34,0.21962149441242218,task_success_while_recovery_active_per_intervention,True,False,,full,0.2
REIM (ACT + Detector + Recovery),849,6000891,metaworld,True,55,0.19415207800193457,0,0,0,0,0.12193529307842255,task_success_while_recovery_active_per_intervention,True,False,,full,0.2
REIM (ACT + Detector + Recovery),850,6000892,metaworld,True,59,0.3058245309985068,1,1,1,48,0.23134516179561615,task_success_while_recovery_active_per_intervention,True,False,,full,0.2
REIM (ACT + Detector + Recovery),851,6000893,metaworld,True,50,0.4125684659993567,1,1,1,31,0.30441728234291077,task_success_while_recovery_active_per_intervention,True,False,,full,0.2
REIM (ACT + Detector + Recovery),852,6000894,metaworld,True,50,0.3782365770020988,1,1,1,27,0.22440622746944427,task_success_while_recovery_active_per_intervention,True,False,,full,0.2
REIM (ACT + Detector + Recovery),853,6000895,metaworld,True,47,0.4306035410008917,1,1,1,36,0.3992554247379303,task_success_while_recovery_active_per_intervention,True,False,,full,0.2
REIM (ACT + Detector + Recovery),854,6000896,metaworld,True,61,0.17484993299876805,0,0,0,0,0.1419396996498108,task_success_while_recovery_active_per_intervention,True,False,,full,0.2
REIM (ACT + Detector + Recovery),855,6000897,metaworld,True,49,0.32218694199764286,1,1,1,36,0.27204397320747375,task_success_while_recovery_active_per_intervention,True,False,,full,0.2
REIM (ACT + Detector + Recovery),856,6000898,metaworld,True,54,0.1566696480003884,0,0,0,0,0.16394995152950287,task_success_while_recovery_active_per_intervention,True,False,,full,0.2
REIM (ACT + Detector + Recovery),857,6000899,metaworld,True,57,0.15696572700107936,0,0,0,0,0.15613755583763123,task_success_while_recovery_active_per_intervention,True,False,,full,0.2
REIM (ACT + Detector + Recovery),858,6000900,metaworld,True,60,0.16380457000195747,0,0,0,0,0.13182854652404785,task_success_while_recovery_active_per_intervention,True,False,,full,0.2
REIM (ACT + Detector + Recovery),859,6000901,metaworld,True,54,0.15763963499921374,0,0,0,0,0.1469893753528595,task_success_while_recovery_active_per_intervention,True,False,,full,0.2
REIM (ACT + Detector + Recovery),860,6000902,metaworld,True,54,0.15223230599804083,0,0,0,0,0.0912390798330307,task_success_while_recovery_active_per_intervention,True,False,,full,0.2
REIM (ACT + Detector + Recovery),861,6000903,metaworld,True,53,0.14963756399811246,0,0,0,0,0.14899343252182007,task_success_while_recovery_active_per_intervention,True,False,,full,0.2
REIM (ACT + Detector + Recovery),862,6000904,metaworld,True,57,0.167327180999564,0,0,0,0,0.16214203834533691,task_success_while_recovery_active_per_intervention,True,False,,full,0.2
REIM (ACT + Detector + Recovery),863,6000905,metaworld,True,51,0.1423677780003345,1,1,1,35,0.2112680822610855,task_success_while_recovery_active_per_intervention,True,False,,full,0.2
REIM (ACT + Detector + Recovery),864,6000906,metaworld,True,63,0.17282488899945747,0,0,0,0,0.16219784319400787,task_success_while_recovery_active_per_intervention,True,False,,full,0.2
REIM (ACT + Detector + Recovery),865,6000907,metaworld,True,58,0.15566880500045954,0,0,0,0,0.18851837515830994,task_success_while_recovery_active_per_intervention,True,False,,full,0.2
REIM (ACT + Detector + Recovery),866,6000908,metaworld,True,56,0.14437134300169419,0,0,0,0,0.18136851489543915,task_success_while_recovery_active_per_intervention,True,False,,full,0.2
REIM (ACT + Detector + Recovery),867,6000909,metaworld,True,58,0.163788478999777,0,0,0,0,0.18746758997440338,task_success_while_recovery_active_per_intervention,True,False,,full,0.2
REIM (ACT + Detector + Recovery),868,6000910,metaworld,True,48,0.12923507000232348,0,0,0,0,0.1587035059928894,task_success_while_recovery_active_per_intervention,True,False,,full,0.2
REIM (ACT + Detector + Recovery),869,6000911,metaworld,True,49,0.12679010499778087,0,0,0,0,0.19689226150512695,task_success_while_recovery_active_per_intervention,True,False,,full,0.2
REIM (ACT + Detector + Recovery),870,6000912,metaworld,True,54,0.15059148799991817,0,0,0,0,0.1932487040758133,task_success_while_recovery_active_per_intervention,True,False,,full,0.2
REIM (ACT + Detector + Recovery),871,6000913,metaworld,True,46,0.1299066790015786,0,0,0,0,0.1595744490623474,task_success_while_recovery_active_per_intervention,True,False,,full,0.2
REIM (ACT + Detector + Recovery),872,6000914,metaworld,True,50,0.15506757299954188,0,0,0,0,0.1575905978679657,task_success_while_recovery_active_per_intervention,True,False,,full,0.2
REIM (ACT + Detector + Recovery),873,6000915,metaworld,True,52,0.2716787209974427,1,1,1,43,0.3662528395652771,task_success_while_recovery_active_per_intervention,True,False,,full,0.2
REIM (ACT + Detector + Recovery),874,6000916,metaworld,False,200,0.5427171449991874,1,0,1,150,0.9983305335044861,task_success_while_recovery_active_per_intervention,False,True,object_dropped,full,0.2
REIM (ACT + Detector + Recovery),875,6000917,metaworld,True,54,0.14558690000194474,0,0,0,0,0.18048949539661407,task_success_while_recovery_active_per_intervention,True,False,,full,0.2
REIM (ACT + Detector + Recovery),876,6000918,metaworld,True,58,0.1904422789993987,1,1,1,39,0.21082206070423126,task_success_while_recovery_active_per_intervention,True,False,,full,0.2
REIM (ACT + Detector + Recovery),877,6000919,metaworld,False,200,0.8517290609997872,1,0,1,150,0.9676185250282288,task_success_while_recovery_active_per_intervention,False,True,timeout,full,0.2
REIM (ACT + Detector + Recovery),878,6000920,metaworld,True,50,0.20550557499882416,0,0,0,0,0.18647238612174988,task_success_while_recovery_active_per_intervention,True,False,,full,0.2
REIM (ACT + Detector + Recovery),879,6000921,metaworld,True,53,0.2523885180016805,0,0,0,0,0.13388592004776,task_success_while_recovery_active_per_intervention,True,False,,full,0.2
REIM (ACT + Detector + Recovery),880,6000922,metaworld,False,200,0.8365298839999014,1,0,1,150,0.9983990788459778,task_success_while_recovery_active_per_intervention,False,True,object_dropped,full,0.2
REIM (ACT + Detector + Recovery),881,6000923,metaworld,True,48,0.12821360700036166,1,1,1,38,0.3044987618923187,task_success_while_recovery_active_per_intervention,True,False,,full,0.2
REIM (ACT + Detector + Recovery),882,6000924,metaworld,True,68,0.20154457600074238,1,1,1,50,0.22743122279644012,task_success_while_recovery_active_per_intervention,True,False,,full,0.2
REIM (ACT + Detector + Recovery),883,6000925,metaworld,True,53,0.17610571299883304,0,0,0,0,0.13670556247234344,task_success_while_recovery_active_per_intervention,True,False,,full,0.2
REIM (ACT + Detector + Recovery),884,6000926,metaworld,True,53,0.16138746200158494,0,0,0,0,0.1651247888803482,task_success_while_recovery_active_per_intervention,True,False,,full,0.2
REIM (ACT + Detector + Recovery),885,6000927,metaworld,True,57,0.16216390999761643,0,0,0,0,0.19860190153121948,task_success_while_recovery_active_per_intervention,True,False,,full,0.2
REIM (ACT + Detector + Recovery),886,6000928,metaworld,True,58,0.30037127700052224,1,1,1,30,0.20110438764095306,task_success_while_recovery_active_per_intervention,True,False,,full,0.2
REIM (ACT + Detector + Recovery),887,6000929,metaworld,True,57,0.19807417500123847,0,0,0,0,0.11962603032588959,task_success_while_recovery_active_per_intervention,True,False,,full,0.2
REIM (ACT + Detector + Recovery),888,6000930,metaworld,False,200,1.0506827649987827,1,0,1,150,0.8448875546455383,task_success_while_recovery_active_per_intervention,False,True,timeout,full,0.2
REIM (ACT + Detector + Recovery),889,6000931,metaworld,True,55,0.16781258700211765,0,0,0,0,0.10527492314577103,task_success_while_recovery_active_per_intervention,True,False,,full,0.2
REIM (ACT + Detector + Recovery),890,6000932,metaworld,True,57,0.15827181300119264,0,0,0,0,0.13891740143299103,task_success_while_recovery_active_per_intervention,True,False,,full,0.2
REIM (ACT + Detector + Recovery),891,6000933,metaworld,True,47,0.2268520180004998,1,1,1,37,0.22997160255908966,task_success_while_recovery_active_per_intervention,True,False,,full,0.2
REIM (ACT + Detector + Recovery),892,6000934,metaworld,True,54,0.22505333500157576,0,0,0,0,0.1875903159379959,task_success_while_recovery_active_per_intervention,True,False,,full,0.2
REIM (ACT + Detector + Recovery),893,6000935,metaworld,True,60,0.3709940340013418,1,1,1,38,0.26061463356018066,task_success_while_recovery_active_per_intervention,True,False,,full,0.2
REIM (ACT + Detector + Recovery),894,6000936,metaworld,True,51,0.17760058100247988,0,0,0,0,0.18501925468444824,task_success_while_recovery_active_per_intervention,True,False,,full,0.2
REIM (ACT + Detector + Recovery),895,6000937,metaworld,True,54,0.2686100900027668,1,1,1,32,0.20111291110515594,task_success_while_recovery_active_per_intervention,True,False,,full,0.2
REIM (ACT + Detector + Recovery),896,6000938,metaworld,True,61,0.20797464799761656,0,0,0,0,0.17396894097328186,task_success_while_recovery_active_per_intervention,True,False,,full,0.2
REIM (ACT + Detector + Recovery),897,6000939,metaworld,True,55,0.27492608800093876,0,0,0,0,0.1361454278230667,task_success_while_recovery_active_per_intervention,True,False,,full,0.2
REIM (ACT + Detector + Recovery),898,6000940,metaworld,True,48,0.18725011399874347,0,0,0,0,0.1798306405544281,task_success_while_recovery_active_per_intervention,True,False,,full,0.2
REIM (ACT + Detector + Recovery),899,6000941,metaworld,True,49,0.14447855400067056,1,1,1,27,0.2056180089712143,task_success_while_recovery_active_per_intervention,True,False,,full,0.2
REIM (ACT + Detector + Recovery),900,6000942,metaworld,False,200,0.8585087979990931,1,0,1,148,0.9885218143463135,task_success_while_recovery_active_per_intervention,False,True,object_dropped,full,0.2
REIM (ACT + Detector + Recovery),901,6000943,metaworld,True,48,0.3597497309965547,1,1,1,25,0.2187768667936325,task_success_while_recovery_active_per_intervention,True,False,,full,0.2
REIM (ACT + Detector + Recovery),902,6000944,metaworld,True,62,0.18351194099886925,1,1,1,47,0.2608221173286438,task_success_while_recovery_active_per_intervention,True,False,,full,0.2
REIM (ACT + Detector + Recovery),903,6000945,metaworld,True,61,0.17467626800134894,1,1,1,48,0.2489326447248459,task_success_while_recovery_active_per_intervention,True,False,,full,0.2
REIM (ACT + Detector + Recovery),904,6000946,metaworld,False,200,0.9688118529993517,1,0,1,140,0.2491561770439148,task_success_while_recovery_active_per_intervention,False,True,timeout,full,0.2
REIM (ACT + Detector + Recovery),905,6000947,metaworld,False,200,0.52627521300019,1,0,1,25,0.5591717958450317,task_success_while_recovery_active_per_intervention,False,True,timeout,full,0.2
REIM (ACT + Detector + Recovery),906,6000948,metaworld,True,51,0.14513535800142563,0,0,0,0,0.18164370954036713,task_success_while_recovery_active_per_intervention,True,False,,full,0.2
REIM (ACT + Detector + Recovery),907,6000949,metaworld,True,60,0.16964234600163763,1,1,1,28,0.23571528494358063,task_success_while_recovery_active_per_intervention,True,False,,full,0.2
REIM (ACT + Detector + Recovery),908,6000950,metaworld,True,52,0.14520305499900132,0,0,0,0,0.1839248239994049,task_success_while_recovery_active_per_intervention,True,False,,full,0.2
REIM (ACT + Detector + Recovery),909,6000951,metaworld,False,200,0.7679047150013503,1,0,1,150,0.9939579963684082,task_success_while_recovery_active_per_intervention,False,True,timeout,full,0.2
REIM (ACT + Detector + Recovery),910,6000952,metaworld,False,200,0.874415753998619,1,0,1,148,0.9979749321937561,task_success_while_recovery_active_per_intervention,False,True,object_dropped,full,0.2
REIM (ACT + Detector + Recovery),911,6000953,metaworld,True,54,0.12355256599767017,1,1,1,39,0.2214813530445099,task_success_while_recovery_active_per_intervention,True,False,,full,0.2
REIM (ACT + Detector + Recovery),912,6000954,metaworld,True,57,0.12956155100255273,0,0,0,0,0.17159688472747803,task_success_while_recovery_active_per_intervention,True,False,,full,0.2
REIM (ACT + Detector + Recovery),913,6000955,metaworld,True,59,0.147121199999674,1,1,1,47,0.22199232876300812,task_success_while_recovery_active_per_intervention,True,False,,full,0.2
REIM (ACT + Detector + Recovery),914,6000956,metaworld,False,200,0.5037370849968283,1,0,1,150,0.9851787686347961,task_success_while_recovery_active_per_intervention,False,True,timeout,full,0.2
REIM (ACT + Detector + Recovery),915,6000957,metaworld,False,200,0.4407983899982355,1,0,1,150,0.9977450966835022,task_success_while_recovery_active_per_intervention,False,True,object_dropped,full,0.2
REIM (ACT + Detector + Recovery),916,6000958,metaworld,True,55,0.1275478089992248,0,0,0,0,0.15805691480636597,task_success_while_recovery_active_per_intervention,True,False,,full,0.2
REIM (ACT + Detector + Recovery),917,6000959,metaworld,True,63,0.13439591999849654,1,1,1,32,0.22361469268798828,task_success_while_recovery_active_per_intervention,True,False,,full,0.2
REIM (ACT + Detector + Recovery),918,6000960,metaworld,True,57,0.13132037700052024,0,0,0,0,0.09560070186853409,task_success_while_recovery_active_per_intervention,True,False,,full,0.2
REIM (ACT + Detector + Recovery),919,6000961,metaworld,False,200,0.4381540789981955,1,0,1,150,0.9518060088157654,task_success_while_recovery_active_per_intervention,False,True,timeout,full,0.2
REIM (ACT + Detector + Recovery),920,6000962,metaworld,True,57,0.13476976899983129,0,0,0,0,0.13458244502544403,task_success_while_recovery_active_per_intervention,True,False,,full,0.2
REIM (ACT + Detector + Recovery),921,6000963,metaworld,True,54,0.12805160700008855,0,0,0,0,0.1749001145362854,task_success_while_recovery_active_per_intervention,True,False,,full,0.2
REIM (ACT + Detector + Recovery),922,6000964,metaworld,True,49,0.09695694599940907,1,1,1,39,0.35307830572128296,task_success_while_recovery_active_per_intervention,True,False,,full,0.2
REIM (ACT + Detector + Recovery),923,6000965,metaworld,True,63,0.14812928399987868,0,0,0,0,0.18821801245212555,task_success_while_recovery_active_per_intervention,True,False,,full,0.2
REIM (ACT + Detector + Recovery),924,6000966,metaworld,True,48,0.11098347199731506,0,0,0,0,0.1854398250579834,task_success_while_recovery_active_per_intervention,True,False,,full,0.2
REIM (ACT + Detector + Recovery),925,6000967,metaworld,True,52,0.12258552799903555,0,0,0,0,0.16876453161239624,task_success_while_recovery_active_per_intervention,True,False,,full,0.2
REIM (ACT + Detector + Recovery),926,6000968,metaworld,False,200,0.41419309900084045,1,0,1,145,0.9991449117660522,task_success_while_recovery_active_per_intervention,False,True,timeout,full,0.2
REIM (ACT + Detector + Recovery),927,6000969,metaworld,True,50,0.10676501900161384,1,1,1,29,0.22290028631687164,task_success_while_recovery_active_per_intervention,True,False,,full,0.2
REIM (ACT + Detector + Recovery),928,6000970,metaworld,True,55,0.12415811000028043,0,0,0,0,0.19989562034606934,task_success_while_recovery_active_per_intervention,True,False,,full,0.2
REIM (ACT + Detector + Recovery),929,6000971,metaworld,True,61,0.14023534299849416,0,0,0,0,0.1674005091190338,task_success_while_recovery_active_per_intervention,True,False,,full,0.2
REIM (ACT + Detector + Recovery),930,6000972,metaworld,True,57,0.11588115400081733,1,1,1,32,0.2063169926404953,task_success_while_recovery_active_per_intervention,True,False,,full,0.2
REIM (ACT + Detector + Recovery),931,6000973,metaworld,True,53,0.11412130999815417,1,1,1,32,0.25296929478645325,task_success_while_recovery_active_per_intervention,True,False,,full,0.2
REIM (ACT + Detector + Recovery),932,6000974,metaworld,True,44,0.09630852800182765,1,1,1,34,0.2971284091472626,task_success_while_recovery_active_per_intervention,True,False,,full,0.2
REIM (ACT + Detector + Recovery),933,6000975,metaworld,True,59,0.1374101410001458,0,0,0,0,0.10497411340475082,task_success_while_recovery_active_per_intervention,True,False,,full,0.2
REIM (ACT + Detector + Recovery),934,6000976,metaworld,True,48,0.09614555000007385,1,1,1,39,0.3213697373867035,task_success_while_recovery_active_per_intervention,True,False,,full,0.2
REIM (ACT + Detector + Recovery),935,6000977,metaworld,True,60,0.13124432399854413,1,1,1,41,0.23498323559761047,task_success_while_recovery_active_per_intervention,True,False,,full,0.2
REIM (ACT + Detector + Recovery),936,6000978,metaworld,True,63,0.1400636719990871,1,1,1,54,0.44146591424942017,task_success_while_recovery_active_per_intervention,True,False,,full,0.2
REIM (ACT + Detector + Recovery),937,6000979,metaworld,True,46,0.09953633400073159,1,1,1,38,0.5083917379379272,task_success_while_recovery_active_per_intervention,True,False,,full,0.2
REIM (ACT + Detector + Recovery),938,6000980,metaworld,True,53,0.1251148129995272,0,0,0,0,0.141865536570549,task_success_while_recovery_active_per_intervention,True,False,,full,0.2
REIM (ACT + Detector + Recovery),939,6000981,metaworld,False,200,0.43105360100162216,1,0,1,148,0.9971112012863159,task_success_while_recovery_active_per_intervention,False,True,timeout,full,0.2
REIM (ACT + Detector + Recovery),940,6000982,metaworld,True,46,0.09994996699970216,1,1,1,37,0.3631798028945923,task_success_while_recovery_active_per_intervention,True,False,,full,0.2
REIM (ACT + Detector + Recovery),941,6000983,metaworld,True,60,0.17340887099999236,1,1,1,44,0.2218475490808487,task_success_while_recovery_active_per_intervention,True,False,,full,0.2
REIM (ACT + Detector + Recovery),942,6000984,metaworld,True,57,0.16373977400144213,1,1,1,39,0.23537352681159973,task_success_while_recovery_active_per_intervention,True,False,,full,0.2
REIM (ACT + Detector + Recovery),943,6000985,metaworld,True,49,0.1407313659983629,0,0,0,0,0.1550498902797699,task_success_while_recovery_active_per_intervention,True,False,,full,0.2
REIM (ACT + Detector + Recovery),944,6000986,metaworld,True,48,0.11511301800055662,1,1,1,40,0.3988928496837616,task_success_while_recovery_active_per_intervention,True,False,,full,0.2
REIM (ACT + Detector + Recovery),945,6000987,metaworld,True,62,0.14334515100199496,0,0,0,0,0.12695078551769257,task_success_while_recovery_active_per_intervention,True,False,,full,0.2
REIM (ACT + Detector + Recovery),946,6000988,metaworld,True,54,0.12598940300085815,0,0,0,0,0.10956332087516785,task_success_while_recovery_active_per_intervention,True,False,,full,0.2
REIM (ACT + Detector + Recovery),947,6000989,metaworld,True,54,0.12566650599910645,0,0,0,0,0.12559330463409424,task_success_while_recovery_active_per_intervention,True,False,,full,0.2
REIM (ACT + Detector + Recovery),948,6000990,metaworld,True,57,0.13419061400054488,0,0,0,0,0.17187348008155823,task_success_while_recovery_active_per_intervention,True,False,,full,0.2
REIM (ACT + Detector + Recovery),949,6000991,metaworld,True,60,0.13915395599906333,0,0,0,0,0.10582759231328964,task_success_while_recovery_active_per_intervention,True,False,,full,0.2
REIM (ACT + Detector + Recovery),950,6000992,metaworld,True,51,0.11764229400068871,0,0,0,0,0.12379849702119827,task_success_while_recovery_active_per_intervention,True,False,,full,0.2
REIM (ACT + Detector + Recovery),951,6000993,metaworld,True,59,0.17866466300256434,1,1,1,35,0.22172848880290985,task_success_while_recovery_active_per_intervention,True,False,,full,0.2
REIM (ACT + Detector + Recovery),952,6000994,metaworld,False,200,0.43368443400322576,1,0,1,150,0.9703400135040283,task_success_while_recovery_active_per_intervention,False,True,timeout,full,0.2
REIM (ACT + Detector + Recovery),953,6000995,metaworld,True,61,0.13388331200258108,1,1,1,52,0.277773916721344,task_success_while_recovery_active_per_intervention,True,False,,full,0.2
REIM (ACT + Detector + Recovery),954,6000996,metaworld,True,50,0.11268795000069076,0,0,0,0,0.19694380462169647,task_success_while_recovery_active_per_intervention,True,False,,full,0.2
REIM (ACT + Detector + Recovery),955,6000997,metaworld,True,58,0.12560159900021972,1,1,1,47,0.37703216075897217,task_success_while_recovery_active_per_intervention,True,False,,full,0.2
REIM (ACT + Detector + Recovery),956,6000998,metaworld,True,54,0.11884370600091643,1,1,1,43,0.3026610016822815,task_success_while_recovery_active_per_intervention,True,False,,full,0.2
REIM (ACT + Detector + Recovery),957,6000999,metaworld,True,44,0.09975190399927669,1,1,1,36,0.4016779959201813,task_success_while_recovery_active_per_intervention,True,False,,full,0.2
REIM (ACT + Detector + Recovery),958,6001000,metaworld,True,57,0.12905952400251408,1,1,1,36,0.23873215913772583,task_success_while_recovery_active_per_intervention,True,False,,full,0.2
REIM (ACT + Detector + Recovery),959,6001001,metaworld,True,57,0.12561803800053895,1,1,1,38,0.32132020592689514,task_success_while_recovery_active_per_intervention,True,False,,full,0.2
REIM (ACT + Detector + Recovery),960,6001002,metaworld,True,50,0.11191719800262945,1,1,1,1,0.21665094792842865,task_success_while_recovery_active_per_intervention,True,False,,full,0.2
REIM (ACT + Detector + Recovery),961,6001003,metaworld,True,52,0.11541530099930242,1,1,1,33,0.20448696613311768,task_success_while_recovery_active_per_intervention,True,False,,full,0.2
REIM (ACT + Detector + Recovery),962,6001004,metaworld,True,61,0.14075277200026903,0,0,0,0,0.15080103278160095,task_success_while_recovery_active_per_intervention,True,False,,full,0.2
REIM (ACT + Detector + Recovery),963,6001005,metaworld,True,51,0.11330535500019323,1,1,1,37,0.23071806132793427,task_success_while_recovery_active_per_intervention,True,False,,full,0.2
REIM (ACT + Detector + Recovery),964,6001006,metaworld,True,57,0.12892495499909273,1,1,1,47,0.39668339490890503,task_success_while_recovery_active_per_intervention,True,False,,full,0.2
REIM (ACT + Detector + Recovery),965,6001007,metaworld,True,49,0.10870287199941231,1,1,1,39,0.40215373039245605,task_success_while_recovery_active_per_intervention,True,False,,full,0.2
REIM (ACT + Detector + Recovery),966,6001008,metaworld,False,200,0.4796126849978464,1,0,1,144,0.9596153497695923,task_success_while_recovery_active_per_intervention,False,True,timeout,full,0.2
REIM (ACT + Detector + Recovery),967,6001009,metaworld,True,59,0.2502294879996043,0,0,0,0,0.1688137650489807,task_success_while_recovery_active_per_intervention,True,False,,full,0.2
REIM (ACT + Detector + Recovery),968,6001010,metaworld,True,65,0.15111257099852082,1,1,1,33,0.28581851720809937,task_success_while_recovery_active_per_intervention,True,False,,full,0.2
REIM (ACT + Detector + Recovery),969,6001011,metaworld,True,60,0.13695682500110706,0,0,0,0,0.18432272970676422,task_success_while_recovery_active_per_intervention,True,False,,full,0.2
REIM (ACT + Detector + Recovery),970,6001012,metaworld,True,52,0.11454466699797194,1,1,1,36,0.2011769711971283,task_success_while_recovery_active_per_intervention,True,False,,full,0.2
REIM (ACT + Detector + Recovery),971,6001013,metaworld,False,200,0.4543978399997286,1,0,1,150,0.9995438456535339,task_success_while_recovery_active_per_intervention,False,True,object_dropped,full,0.2
REIM (ACT + Detector + Recovery),972,6001014,metaworld,True,54,0.12026892799985944,1,1,1,30,0.20861177146434784,task_success_while_recovery_active_per_intervention,True,False,,full,0.2
REIM (ACT + Detector + Recovery),973,6001015,metaworld,True,56,0.12549039000077755,0,0,0,0,0.11031060665845871,task_success_while_recovery_active_per_intervention,True,False,,full,0.2
REIM (ACT + Detector + Recovery),974,6001016,metaworld,True,53,0.11409698699935689,0,0,0,0,0.1767086237668991,task_success_while_recovery_active_per_intervention,True,False,,full,0.2
REIM (ACT + Detector + Recovery),975,6001017,metaworld,False,200,0.5511062309997214,1,0,1,150,0.9963602423667908,task_success_while_recovery_active_per_intervention,False,True,timeout,full,0.2
REIM (ACT + Detector + Recovery),976,6001018,metaworld,True,54,0.1307752739994612,1,1,1,42,0.2898874282836914,task_success_while_recovery_active_per_intervention,True,False,,full,0.2
REIM (ACT + Detector + Recovery),977,6001019,metaworld,True,55,0.12312556200049585,0,0,0,0,0.15952827036380768,task_success_while_recovery_active_per_intervention,True,False,,full,0.2
REIM (ACT + Detector + Recovery),978,6001020,metaworld,True,57,0.12431005500184256,1,1,1,33,0.2160414308309555,task_success_while_recovery_active_per_intervention,True,False,,full,0.2
REIM (ACT + Detector + Recovery),979,6001021,metaworld,True,58,0.13258049199794186,1,1,1,42,0.25781241059303284,task_success_while_recovery_active_per_intervention,True,False,,full,0.2
REIM (ACT + Detector + Recovery),980,6001022,metaworld,True,58,0.13156181999875116,0,0,0,0,0.13752511143684387,task_success_while_recovery_active_per_intervention,True,False,,full,0.2
REIM (ACT + Detector + Recovery),981,6001023,metaworld,True,58,0.14589342399995076,0,0,0,0,0.14895932376384735,task_success_while_recovery_active_per_intervention,True,False,,full,0.2
REIM (ACT + Detector + Recovery),982,6001024,metaworld,True,49,0.17395900599876768,1,1,1,31,0.20257475972175598,task_success_while_recovery_active_per_intervention,True,False,,full,0.2
REIM (ACT + Detector + Recovery),983,6001025,metaworld,True,60,0.19445731100131525,1,1,1,37,0.2244044989347458,task_success_while_recovery_active_per_intervention,True,False,,full,0.2
REIM (ACT + Detector + Recovery),984,6001026,metaworld,True,52,0.11728617100015981,1,1,1,39,0.23637408018112183,task_success_while_recovery_active_per_intervention,True,False,,full,0.2
REIM (ACT + Detector + Recovery),985,6001027,metaworld,True,59,0.12858909500209847,0,0,0,0,0.13828842341899872,task_success_while_recovery_active_per_intervention,True,False,,full,0.2
REIM (ACT + Detector + Recovery),986,6001028,metaworld,True,49,0.10640387699822895,0,0,0,0,0.1994444727897644,task_success_while_recovery_active_per_intervention,True,False,,full,0.2
REIM (ACT + Detector + Recovery),987,6001029,metaworld,True,47,0.09620792100031395,1,1,1,38,0.271402508020401,task_success_while_recovery_active_per_intervention,True,False,,full,0.2
REIM (ACT + Detector + Recovery),988,6001030,metaworld,True,56,0.12602568299917039,0,0,0,0,0.1561487764120102,task_success_while_recovery_active_per_intervention,True,False,,full,0.2
REIM (ACT + Detector + Recovery),989,6001031,metaworld,True,54,0.11926620500162244,0,0,0,0,0.13370759785175323,task_success_while_recovery_active_per_intervention,True,False,,full,0.2
REIM (ACT + Detector + Recovery),990,6001032,metaworld,True,55,0.12409366399879218,0,0,0,0,0.16285869479179382,task_success_while_recovery_active_per_intervention,True,False,,full,0.2
REIM (ACT + Detector + Recovery),991,6001033,metaworld,True,56,0.1294213180008228,0,0,0,0,0.10920266807079315,task_success_while_recovery_active_per_intervention,True,False,,full,0.2
REIM (ACT + Detector + Recovery),992,6001034,metaworld,True,58,0.13232600300034392,0,0,0,0,0.15009598433971405,task_success_while_recovery_active_per_intervention,True,False,,full,0.2
REIM (ACT + Detector + Recovery),993,6001035,metaworld,False,200,0.6624845989972528,1,0,1,131,0.9994211196899414,task_success_while_recovery_active_per_intervention,False,True,object_dropped,full,0.2
REIM (ACT + Detector + Recovery),994,6001036,metaworld,True,54,0.11921667100250488,0,0,0,0,0.16260646283626556,task_success_while_recovery_active_per_intervention,True,False,,full,0.2
REIM (ACT + Detector + Recovery),995,6001037,metaworld,True,50,0.16973137800232507,1,1,1,39,0.27041006088256836,task_success_while_recovery_active_per_intervention,True,False,,full,0.2
REIM (ACT + Detector + Recovery),996,6001038,metaworld,True,53,0.11494236399812507,1,1,1,34,0.29833585023880005,task_success_while_recovery_active_per_intervention,True,False,,full,0.2
REIM (ACT + Detector + Recovery),997,6001039,metaworld,True,58,0.12664542000129586,0,0,0,0,0.1720888763666153,task_success_while_recovery_active_per_intervention,True,False,,full,0.2
REIM (ACT + Detector + Recovery),998,6001040,metaworld,True,51,0.1095909350005968,1,1,1,24,0.20582999289035797,task_success_while_recovery_active_per_intervention,True,False,,full,0.2
REIM (ACT + Detector + Recovery),999,6001041,metaworld,True,50,0.10933213700263877,0,0,0,0,0.19143889844417572,task_success_while_recovery_active_per_intervention,True,False,,full,0.2
