method,episode,seed,backend,success,steps,elapsed_seconds,recovery_attempts,recovery_successes,detector_triggers,recovery_steps,failure_probability_max,recovery_definition,terminated,truncated,failure_reason,episode_specification_sha256,episode_bank_sha256,metaworld_task_sha256,retry_specification_sha256s,retry_task_sha256s,Profile,noise_level,Benchmark Eligible
ACT + Detector,0,8000042,metaworld,False,200,1.1830579759989632,0,0,1,0,0.985663890838623,,False,True,timeout,14e48f83a083b78eb4af5dc37d02e21b04a314c3c31b36f5a62b13e4add4f2a5,8c503c07dc6dcdd904e948f14d270410c2fbd4d9796f8d9e08451dc34c7d4399,f82ceac6f8787ac22c378edc1f141cedcc86bf9309b43f1aff6633ae0a963abb,,,full,0.2,True
ACT + Detector,1,8000043,metaworld,True,59,0.34211078300359077,0,0,0,0,0.1756892055273056,,True,False,,5db0a8f9e6d6bd6ef5c15f040f9f154f255e36a365af820faa97ca3d60f4450f,8c503c07dc6dcdd904e948f14d270410c2fbd4d9796f8d9e08451dc34c7d4399,06d355d7aff3b944ab4199c02a94c63d062e5c414c0b195f7b232b607e0ab1ed,,,full,0.2,True
ACT + Detector,2,8000044,metaworld,True,60,0.3394837390005705,0,0,0,0,0.14332593977451324,,True,False,,a465539695523fa7de2784bf02081a919b5a3de9a14c98e511df211c298c1ee2,8c503c07dc6dcdd904e948f14d270410c2fbd4d9796f8d9e08451dc34c7d4399,f6a9ed9055e00c868d6771022c2c557a6a48990bdacbed585d07cde857d4755a,,,full,0.2,True
ACT + Detector,3,8000045,metaworld,True,51,0.2976257549998991,0,0,0,0,0.19307976961135864,,True,False,,126bd203ec38252825c8befe6f6198c98a7a024ba44c52618f3f3fe35078f4c6,8c503c07dc6dcdd904e948f14d270410c2fbd4d9796f8d9e08451dc34c7d4399,5d73f28d4d24cdbcb36a5e5cd61ec1a82f7287ce56d88da8cea912ed757b164c,,,full,0.2,True
ACT + Detector,4,8000046,metaworld,True,48,0.27824403200065717,0,0,1,0,0.21147161722183228,,True,False,,4170194bcfe3841a7cfb0c3b09b2aa25f522a2c3b5ff3eb10715d8fce8c039a3,8c503c07dc6dcdd904e948f14d270410c2fbd4d9796f8d9e08451dc34c7d4399,27e1ed8c670f23dae46752497e383610e58c248d638e3b9b707808a32ce33d4e,,,full,0.2,True
ACT + Detector,5,8000047,metaworld,True,77,0.43834908899953007,0,0,1,0,0.209486186504364,,True,False,,9fa661de69328d26c027384cf31722da103cd753d557e7a172d987d52fbc4d0a,8c503c07dc6dcdd904e948f14d270410c2fbd4d9796f8d9e08451dc34c7d4399,38329c6b97bbe7d133bf007c22742dca5f0cd7258f8d7199135c6c2371ae591d,,,full,0.2,True
ACT + Detector,6,8000048,metaworld,False,200,1.1480052990009426,0,0,1,0,0.99853515625,,False,True,timeout,9c84beaab136edd4c1632709ff45c174ec3c717d220eaf94b7d668ee34962c9a,8c503c07dc6dcdd904e948f14d270410c2fbd4d9796f8d9e08451dc34c7d4399,aba21ef1c98d0573e36116c9757115227fd3793cba96aea7eda95c2547314ca3,,,full,0.2,True
ACT + Detector,7,8000049,metaworld,True,55,0.322165399997175,0,0,0,0,0.12680180370807648,,True,False,,97ec25208265f89d11873f30142175e1e9164935e3849bfb439c16f9d0e10bba,8c503c07dc6dcdd904e948f14d270410c2fbd4d9796f8d9e08451dc34c7d4399,4e97203f8ce1a96cef19545d4c4c300d0de39e4f94bd1941cef7ebc3dd48be02,,,full,0.2,True
ACT + Detector,8,8000050,metaworld,False,200,1.1608546190000197,0,0,1,0,0.8587558269500732,,False,True,timeout,8769fe32964b96f67dc224fb90afd6d8797de02464877632840a2ce91db8e4a8,8c503c07dc6dcdd904e948f14d270410c2fbd4d9796f8d9e08451dc34c7d4399,64ee837add19202e84553431fdab118462cf5265eeae19a4d044b5a6818f771d,,,full,0.2,True
ACT + Detector,9,8000051,metaworld,True,56,0.3187671080013388,0,0,0,0,0.15803071856498718,,True,False,,16fd46334c762cf781c8537208c1d9c4dd0181204c1ce7b3ac83d9e6d9d6f33e,8c503c07dc6dcdd904e948f14d270410c2fbd4d9796f8d9e08451dc34c7d4399,6cb8d983459a8e57d4ae53a86da2394015cabba2d7c306dcaf7b14af979ca230,,,full,0.2,True
ACT + Detector,10,8000052,metaworld,False,200,1.169426292002754,0,0,1,0,0.9839809536933899,,False,True,timeout,4f3fb14aa7e8db1e8ccb3ee0be823a18ee391b9a93de96be600c72195fb4d5b4,8c503c07dc6dcdd904e948f14d270410c2fbd4d9796f8d9e08451dc34c7d4399,504c23f653f6cdee9d659d9320b164606b319d4f0e9cdf0f3a87e2fc7a98160a,,,full,0.2,True
ACT + Detector,11,8000053,metaworld,False,200,1.1091111269997782,0,0,1,0,0.9961315393447876,,False,True,timeout,fe0db2c8aa66264f9560b08bdf6be0b6525e05ada642ed85cb141ac5e8f8069e,8c503c07dc6dcdd904e948f14d270410c2fbd4d9796f8d9e08451dc34c7d4399,06d355d7aff3b944ab4199c02a94c63d062e5c414c0b195f7b232b607e0ab1ed,,,full,0.2,True
ACT + Detector,12,8000054,metaworld,False,200,1.1126825740029744,0,0,1,0,0.9783279895782471,,False,True,object_dropped,fc927d94df69cca4afa4a7b379c8ccd356a7b601a898f93accdbe4b8522a04d9,8c503c07dc6dcdd904e948f14d270410c2fbd4d9796f8d9e08451dc34c7d4399,742509487aeb71d366f1ddafa1cb12db2f7cfefe17c4ca89c98cffb67c1c8619,,,full,0.2,True
ACT + Detector,13,8000055,metaworld,False,200,1.291533078001521,0,0,1,0,0.6896254420280457,,False,True,timeout,73ca07205929864fb3976db97eb251eee24217110ff234855314e16dbe73d3d7,8c503c07dc6dcdd904e948f14d270410c2fbd4d9796f8d9e08451dc34c7d4399,e216352c7f1c7392270c7c501bb599f2a46f420613a124fda0729ab88160cdf2,,,full,0.2,True
ACT + Detector,14,8000056,metaworld,False,200,1.1244499080021342,0,0,1,0,0.9995343685150146,,False,True,object_dropped,4e4f19233a2a1078e55fc938d6c8ed524bf6d2a6ce9ca238d59275317ff0403d,8c503c07dc6dcdd904e948f14d270410c2fbd4d9796f8d9e08451dc34c7d4399,64ee837add19202e84553431fdab118462cf5265eeae19a4d044b5a6818f771d,,,full,0.2,True
ACT + Detector,15,8000057,metaworld,False,200,1.1836698039987823,0,0,1,0,0.9970585107803345,,False,True,object_dropped,0274b408db235c17f1e98c2ddbd68d882a533d73d6492a6500df3efa4ae8d250,8c503c07dc6dcdd904e948f14d270410c2fbd4d9796f8d9e08451dc34c7d4399,c40fedd273cade53989af8adc3ca66d02f2d92ca4d97b2f6391a0dd0ab6dbca3,,,full,0.2,True
ACT + Detector,16,8000058,metaworld,False,200,1.1141531399989617,0,0,1,0,0.9967747330665588,,False,True,timeout,a899d69383c7ae5c5ba4c88e8fc1244e0ac8260f029d876042b44598980a0baa,8c503c07dc6dcdd904e948f14d270410c2fbd4d9796f8d9e08451dc34c7d4399,942fb6a87dc1e3eb7bf7bb111c97e7096138256b4a9a6b4c62a012fabe8bec38,,,full,0.2,True
ACT + Detector,17,8000059,metaworld,False,200,1.0945262700006424,0,0,1,0,0.9857607483863831,,False,True,timeout,d0e880776b41e9a7346c3b47514d531d86d209be30e687fe00a4827c90b28aa7,8c503c07dc6dcdd904e948f14d270410c2fbd4d9796f8d9e08451dc34c7d4399,0f719f94ef165c0b816b8b10c3f4f5fcf802c9f5a25141035590310315749280,,,full,0.2,True
ACT + Detector,18,8000060,metaworld,True,57,0.31207992100098636,0,0,0,0,0.1684080958366394,,True,False,,2644e948ed889fe95e4fd4a6ed0788dc22ab06c85be67ed0b50d61b254adcf59,8c503c07dc6dcdd904e948f14d270410c2fbd4d9796f8d9e08451dc34c7d4399,b8e45a2f8f553d53c6eef0305347f910b9999bcae6df6ccaf0eaee6ac864e670,,,full,0.2,True
ACT + Detector,19,8000061,metaworld,True,57,0.3127519619993109,0,0,0,0,0.11880413442850113,,True,False,,443ac5e35a84ec38bb96c2d12c88ca78502179195d8a15b9f452d95e41514b52,8c503c07dc6dcdd904e948f14d270410c2fbd4d9796f8d9e08451dc34c7d4399,06d355d7aff3b944ab4199c02a94c63d062e5c414c0b195f7b232b607e0ab1ed,,,full,0.2,True
ACT + Detector,20,8000062,metaworld,False,200,1.0813804419994995,0,0,1,0,0.9641962051391602,,False,True,timeout,c7d69573c4f76c60b75c060138d0756619c6361cd0935a166c3801181c86532e,8c503c07dc6dcdd904e948f14d270410c2fbd4d9796f8d9e08451dc34c7d4399,5e1df472084de78052388a34f03cad3de438ca9b5dc801b5759dd57c66a7482a,,,full,0.2,True
ACT + Detector,21,8000063,metaworld,True,57,0.3225575110009231,0,0,0,0,0.15661534667015076,,True,False,,5e6e40c9dbc4d50ece5f16d594e2390170fba4f858df63efa6a872b6c1e468c3,8c503c07dc6dcdd904e948f14d270410c2fbd4d9796f8d9e08451dc34c7d4399,0cda21f8ffacf0a1e40e7b0e858a8e2ddc276972106d4bced99d4404b4a13fd8,,,full,0.2,True
ACT + Detector,22,8000064,metaworld,True,56,0.32590891899963026,0,0,0,0,0.172805517911911,,True,False,,dc058a3aec13295017acb9e064e07c8d6e960eb272b3ac74f9d9fe4e1f91f705,8c503c07dc6dcdd904e948f14d270410c2fbd4d9796f8d9e08451dc34c7d4399,6cb8d983459a8e57d4ae53a86da2394015cabba2d7c306dcaf7b14af979ca230,,,full,0.2,True
ACT + Detector,23,8000065,metaworld,False,200,1.1157737959983933,0,0,1,0,0.9017876982688904,,False,True,timeout,2468e85877d284d96fc63097ff010690ffa63ee3b783b18d988b43b9ef9e9fc4,8c503c07dc6dcdd904e948f14d270410c2fbd4d9796f8d9e08451dc34c7d4399,39001749c902e2ab9d015efb8c7644faffff99810b709d3203dc359d5eacdcbd,,,full,0.2,True
ACT + Detector,24,8000066,metaworld,False,200,1.0743844940006966,0,0,1,0,0.8230029344558716,,False,True,timeout,c7b96f51ae8f4bd013faa30e9467a9ecae3ebf2ecc099f58b64e64f8347e02a1,8c503c07dc6dcdd904e948f14d270410c2fbd4d9796f8d9e08451dc34c7d4399,56b7f182edcfeefa9301e1edd53d7f36e4418de7e6df1b54b0f0c298cde1b3cd,,,full,0.2,True
ACT + Detector,25,8000067,metaworld,False,200,1.0921093879987893,0,0,1,0,0.5961359143257141,,False,True,timeout,004cd1697ce866365cc7c06636882e544c13fb2f5525a94b1b9455f9bfa9a362,8c503c07dc6dcdd904e948f14d270410c2fbd4d9796f8d9e08451dc34c7d4399,e216352c7f1c7392270c7c501bb599f2a46f420613a124fda0729ab88160cdf2,,,full,0.2,True
ACT + Detector,26,8000068,metaworld,True,53,0.2946419709987822,0,0,1,0,0.21183936297893524,,True,False,,fb23a0a15ce3dc647b991d0909df165243cf5426dd7af985baf3d5641ab978c1,8c503c07dc6dcdd904e948f14d270410c2fbd4d9796f8d9e08451dc34c7d4399,2eb279a724955c1a9d173681940490ec9cc8ed4fdc15a95533884a23d4ccdb4e,,,full,0.2,True
ACT + Detector,27,8000069,metaworld,True,50,0.27264270700106863,0,0,0,0,0.1444644331932068,,True,False,,60df108b1dd97283f8da38259cc00e3238603ee577d29e2551c6c45e234f67c6,8c503c07dc6dcdd904e948f14d270410c2fbd4d9796f8d9e08451dc34c7d4399,15a9adece7ebea14bdf37f5376e274c6dce4711281025cf35060933ba9ab8ad3,,,full,0.2,True
ACT + Detector,28,8000070,metaworld,True,49,0.26560447299925727,0,0,0,0,0.1593252271413803,,True,False,,bac2f948bde8d6e90aa580cfc8be1d500acbc6205c40221a57c64b0ff881e88f,8c503c07dc6dcdd904e948f14d270410c2fbd4d9796f8d9e08451dc34c7d4399,5d73f28d4d24cdbcb36a5e5cd61ec1a82f7287ce56d88da8cea912ed757b164c,,,full,0.2,True
ACT + Detector,29,8000071,metaworld,True,54,0.2891870220009878,0,0,1,0,0.20522217452526093,,True,False,,20be4c7a46c48debaec1c2e252e20f005acca36c32a102483a854c1b35859af9,8c503c07dc6dcdd904e948f14d270410c2fbd4d9796f8d9e08451dc34c7d4399,5e1df472084de78052388a34f03cad3de438ca9b5dc801b5759dd57c66a7482a,,,full,0.2,True
ACT + Detector,30,8000072,metaworld,False,200,1.0818385479979042,0,0,1,0,0.9987611770629883,,False,True,timeout,da4a80a3406a8aa9fab61844fce0359a15336c1049592f59f943fb62e2495797,8c503c07dc6dcdd904e948f14d270410c2fbd4d9796f8d9e08451dc34c7d4399,aba21ef1c98d0573e36116c9757115227fd3793cba96aea7eda95c2547314ca3,,,full,0.2,True
ACT + Detector,31,8000073,metaworld,True,58,0.3098811480012955,0,0,0,0,0.16320697963237762,,True,False,,4da9be26fa79b672a30c577b358fecdb4e205973320427b65c217bd53026afd7,8c503c07dc6dcdd904e948f14d270410c2fbd4d9796f8d9e08451dc34c7d4399,b8e45a2f8f553d53c6eef0305347f910b9999bcae6df6ccaf0eaee6ac864e670,,,full,0.2,True
ACT + Detector,32,8000074,metaworld,False,200,1.057578852000006,0,0,1,0,0.9948843121528625,,False,True,timeout,36a62bd222580c04aad46f87461657ffa1593e0a5681dc38570c863d18420546,8c503c07dc6dcdd904e948f14d270410c2fbd4d9796f8d9e08451dc34c7d4399,ba19e0623fe05add91e00811bacb33e27305f5fcb6549be6f6278ebce6046101,,,full,0.2,True
ACT + Detector,33,8000075,metaworld,False,200,1.0630965610034764,0,0,1,0,0.8944041132926941,,False,True,timeout,1154e789c5513e3bb2e6881367a6b62dd738bcebb9dc85d38aaa1f0ddf8bedf2,8c503c07dc6dcdd904e948f14d270410c2fbd4d9796f8d9e08451dc34c7d4399,8a99d46d6d04afe3e2ef92bb607dde5e178b5c37506006c4f364e345976453b1,,,full,0.2,True
ACT + Detector,34,8000076,metaworld,False,200,1.061201484000776,0,0,1,0,0.9927224516868591,,False,True,object_dropped,433ad95382b3c52ecdc5a79f751560a26743a56b007fb46ea99e04b58e2724c0,8c503c07dc6dcdd904e948f14d270410c2fbd4d9796f8d9e08451dc34c7d4399,4e97203f8ce1a96cef19545d4c4c300d0de39e4f94bd1941cef7ebc3dd48be02,,,full,0.2,True
ACT + Detector,35,8000077,metaworld,False,200,1.1373723530014104,0,0,1,0,0.9970690608024597,,False,True,timeout,02a5a89c5dd2451b2217ed8eba4032c9201efb37e38f02b0cf030dd549b8d6a9,8c503c07dc6dcdd904e948f14d270410c2fbd4d9796f8d9e08451dc34c7d4399,06d355d7aff3b944ab4199c02a94c63d062e5c414c0b195f7b232b607e0ab1ed,,,full,0.2,True
ACT + Detector,36,8000078,metaworld,False,200,1.080963388998498,0,0,1,0,0.8956001996994019,,False,True,timeout,22b3b34a1aef225432a3fd84829ba466190fa1ba12ac14e7e20dd61f7249c69f,8c503c07dc6dcdd904e948f14d270410c2fbd4d9796f8d9e08451dc34c7d4399,39001749c902e2ab9d015efb8c7644faffff99810b709d3203dc359d5eacdcbd,,,full,0.2,True
ACT + Detector,37,8000079,metaworld,False,200,1.0899326729995664,0,0,1,0,0.8764883279800415,,False,True,timeout,07fa6a4261d0585806cf03e3c9398380b2e60d65f4e688cc01c18a7160262694,8c503c07dc6dcdd904e948f14d270410c2fbd4d9796f8d9e08451dc34c7d4399,8a99d46d6d04afe3e2ef92bb607dde5e178b5c37506006c4f364e345976453b1,,,full,0.2,True
ACT + Detector,38,8000080,metaworld,False,200,1.111872212997696,0,0,1,0,0.7515451312065125,,False,True,timeout,e2a7104cbdb91402bae7f29fdee8ce2826881cb1775044067eae5c1169e01160,8c503c07dc6dcdd904e948f14d270410c2fbd4d9796f8d9e08451dc34c7d4399,5d73f28d4d24cdbcb36a5e5cd61ec1a82f7287ce56d88da8cea912ed757b164c,,,full,0.2,True
ACT + Detector,39,8000081,metaworld,True,60,0.352226723000058,0,0,0,0,0.18542325496673584,,True,False,,3b630c411d109f0c8489766d9daa1f5528f5877721e4e6813ea1ee1398490f00,8c503c07dc6dcdd904e948f14d270410c2fbd4d9796f8d9e08451dc34c7d4399,a8cfe6e2276fbd15230c5555255b87d17333bdd29f84f687df7405d0311fae7f,,,full,0.2,True
ACT + Detector,40,8000082,metaworld,True,57,0.31281304200092563,0,0,1,0,0.23959770798683167,,True,False,,03cd26d21dcb24e30ab212648f3dea212c394cb946b2ac94bb229e77506c4417,8c503c07dc6dcdd904e948f14d270410c2fbd4d9796f8d9e08451dc34c7d4399,f82ceac6f8787ac22c378edc1f141cedcc86bf9309b43f1aff6633ae0a963abb,,,full,0.2,True
ACT + Detector,41,8000083,metaworld,True,59,0.3252486980018148,0,0,0,0,0.13154928386211395,,True,False,,445b54820c006dd7a5c46b3f4824df2608016ab376cca782546d503a96b49bbb,8c503c07dc6dcdd904e948f14d270410c2fbd4d9796f8d9e08451dc34c7d4399,4e97203f8ce1a96cef19545d4c4c300d0de39e4f94bd1941cef7ebc3dd48be02,,,full,0.2,True
ACT + Detector,42,8000084,metaworld,False,200,1.0993464790008147,0,0,1,0,0.9995371103286743,,False,True,timeout,00544922f8d22cdb19acb1a83062d6c6953731238069f15c1aba4405db6bbcb0,8c503c07dc6dcdd904e948f14d270410c2fbd4d9796f8d9e08451dc34c7d4399,5d73f28d4d24cdbcb36a5e5cd61ec1a82f7287ce56d88da8cea912ed757b164c,,,full,0.2,True
ACT + Detector,43,8000085,metaworld,False,200,1.1204427030024817,0,0,1,0,0.9993802309036255,,False,True,timeout,924b952ec037139bf8a6ecc872bb49ef7e104dc13554ec0de8604bfd1270ae2e,8c503c07dc6dcdd904e948f14d270410c2fbd4d9796f8d9e08451dc34c7d4399,aba21ef1c98d0573e36116c9757115227fd3793cba96aea7eda95c2547314ca3,,,full,0.2,True
ACT + Detector,44,8000086,metaworld,False,200,1.1428320390004956,0,0,1,0,0.9983001351356506,,False,True,timeout,0b2fd969d7a30a9ea70bcc57ae43e9dbde135754384f8a1c1fda98c63590f2bd,8c503c07dc6dcdd904e948f14d270410c2fbd4d9796f8d9e08451dc34c7d4399,27e1ed8c670f23dae46752497e383610e58c248d638e3b9b707808a32ce33d4e,,,full,0.2,True
ACT + Detector,45,8000087,metaworld,False,200,1.1628387519995158,0,0,1,0,0.9774333834648132,,False,True,timeout,6a12ab6fb500f57e437123fd7babdf9672a62cddc0cb86b9376ed02ab126a2ee,8c503c07dc6dcdd904e948f14d270410c2fbd4d9796f8d9e08451dc34c7d4399,ba19e0623fe05add91e00811bacb33e27305f5fcb6549be6f6278ebce6046101,,,full,0.2,True
ACT + Detector,46,8000088,metaworld,True,62,0.515660826000385,0,0,1,0,0.2140459418296814,,True,False,,5edaf61ae02143431983521542fa523523b183eddc6c6df6b9bbfce21a1532ad,8c503c07dc6dcdd904e948f14d270410c2fbd4d9796f8d9e08451dc34c7d4399,e216352c7f1c7392270c7c501bb599f2a46f420613a124fda0729ab88160cdf2,,,full,0.2,True
ACT + Detector,47,8000089,metaworld,True,52,0.30228252799861366,0,0,1,0,0.23581287264823914,,True,False,,c1ab7fc45de2ecf404c3cd591d84c96bd1062b994a51b2a01e940e0018657fee,8c503c07dc6dcdd904e948f14d270410c2fbd4d9796f8d9e08451dc34c7d4399,f82ceac6f8787ac22c378edc1f141cedcc86bf9309b43f1aff6633ae0a963abb,,,full,0.2,True
ACT + Detector,48,8000090,metaworld,True,60,0.35237086599954637,0,0,0,0,0.1756661832332611,,True,False,,dfb345b4d2d255f18d997c82b851d4dc26bbbfcce8e6d31a2e7f1c5fdf7e7d6f,8c503c07dc6dcdd904e948f14d270410c2fbd4d9796f8d9e08451dc34c7d4399,b8e45a2f8f553d53c6eef0305347f910b9999bcae6df6ccaf0eaee6ac864e670,,,full,0.2,True
ACT + Detector,49,8000091,metaworld,True,50,0.3027896799976588,0,0,0,0,0.184936985373497,,True,False,,e5779ad13c5e4e1056ef6f9bd6643be7c2921ad2ad377b4830503ce222a0aebe,8c503c07dc6dcdd904e948f14d270410c2fbd4d9796f8d9e08451dc34c7d4399,c40fedd273cade53989af8adc3ca66d02f2d92ca4d97b2f6391a0dd0ab6dbca3,,,full,0.2,True
ACT + Detector,50,8000092,metaworld,True,58,0.32462838200081023,0,0,0,0,0.1329340636730194,,True,False,,0187525f347697417ad051e27f4cd38a55d41354c0180527d311e0a48208a098,8c503c07dc6dcdd904e948f14d270410c2fbd4d9796f8d9e08451dc34c7d4399,48ce9609a38b32e56f7e6a43ffef71c21c8b1d17ed5a63d47701bc1dfc3ff271,,,full,0.2,True
ACT + Detector,51,8000093,metaworld,True,51,0.2968342700005451,0,0,0,0,0.1674814224243164,,True,False,,6160f8edb60468986e845d9121f5cf54a8aac9e91aac546ba63e6b6b3b31708b,8c503c07dc6dcdd904e948f14d270410c2fbd4d9796f8d9e08451dc34c7d4399,2ad5907877cc42b4447b9630988e3a1f0da0d83e1f696f71e22dc69905e631b6,,,full,0.2,True
ACT + Detector,52,8000094,metaworld,True,83,0.48487956800090615,0,0,1,0,0.3278791010379791,,True,False,,5bae5ed20e5f9c5098fa2f109ab750f522add63f7f2f1e2b244c9493da411da6,8c503c07dc6dcdd904e948f14d270410c2fbd4d9796f8d9e08451dc34c7d4399,8a99d46d6d04afe3e2ef92bb607dde5e178b5c37506006c4f364e345976453b1,,,full,0.2,True
ACT + Detector,53,8000095,metaworld,True,59,0.34090554200156475,0,0,1,0,0.23624669015407562,,True,False,,dad88b69dcd17e4ae9c59f7275773c36e667ce6dd2e3b0b9cd4ec6ddcc263a8e,8c503c07dc6dcdd904e948f14d270410c2fbd4d9796f8d9e08451dc34c7d4399,942fb6a87dc1e3eb7bf7bb111c97e7096138256b4a9a6b4c62a012fabe8bec38,,,full,0.2,True
ACT + Detector,54,8000096,metaworld,False,200,1.1985182509997685,0,0,1,0,0.9974117875099182,,False,True,object_dropped,e32b8da9f59f35a5bff67b0dcfd186e1ea2bdc555390d21ab245e637374b7438,8c503c07dc6dcdd904e948f14d270410c2fbd4d9796f8d9e08451dc34c7d4399,4e97203f8ce1a96cef19545d4c4c300d0de39e4f94bd1941cef7ebc3dd48be02,,,full,0.2,True
ACT + Detector,55,8000097,metaworld,True,52,0.295557450997876,0,0,0,0,0.10913034528493881,,True,False,,e2fe0a23b629980b7977ff966fac25c327e2c86beede181e5caa131615d10ff1,8c503c07dc6dcdd904e948f14d270410c2fbd4d9796f8d9e08451dc34c7d4399,742509487aeb71d366f1ddafa1cb12db2f7cfefe17c4ca89c98cffb67c1c8619,,,full,0.2,True
ACT + Detector,56,8000098,metaworld,True,52,0.2980962780020491,0,0,1,0,0.21252402663230896,,True,False,,160976d0415295ba619332c08ed3352136d2a533ff2f491491a49e2348970c06,8c503c07dc6dcdd904e948f14d270410c2fbd4d9796f8d9e08451dc34c7d4399,08a97a6dfa17f78b5cc5b1351d60038e4a40a68fc93722672482714333b1d9b5,,,full,0.2,True
ACT + Detector,57,8000099,metaworld,False,200,1.1257675679989916,0,0,1,0,0.9987015724182129,,False,True,timeout,d6afb88d82f5aff8e8c841880adbb5c352b59aa106342da93075e364a75ebf1d,8c503c07dc6dcdd904e948f14d270410c2fbd4d9796f8d9e08451dc34c7d4399,35203d16cfa98b5f2e002fcb1ffde2400abf9459c161f6a289efa0c46eddb36f,,,full,0.2,True
ACT + Detector,58,8000100,metaworld,False,200,1.1060037509996619,0,0,1,0,0.9884321093559265,,False,True,timeout,cf65b1e17cfaf490e49b7002bfa28326afa980b2692d0d744df608b2124fdde0,8c503c07dc6dcdd904e948f14d270410c2fbd4d9796f8d9e08451dc34c7d4399,64ee837add19202e84553431fdab118462cf5265eeae19a4d044b5a6818f771d,,,full,0.2,True
ACT + Detector,59,8000101,metaworld,False,200,1.1256466199993156,0,0,1,0,0.9976882934570312,,False,True,timeout,b2f6ec852f1ecfd961eae67fc9cc2019462e3d5a70e11f0f90a41222646901f0,8c503c07dc6dcdd904e948f14d270410c2fbd4d9796f8d9e08451dc34c7d4399,06d355d7aff3b944ab4199c02a94c63d062e5c414c0b195f7b232b607e0ab1ed,,,full,0.2,True
ACT + Detector,60,8000102,metaworld,False,200,1.1216249339995557,0,0,1,0,0.9995334148406982,,False,True,timeout,6979123f4789d9c0ff0d1ef23eb30c83fbe89b85fe610f2747696f569caaec5c,8c503c07dc6dcdd904e948f14d270410c2fbd4d9796f8d9e08451dc34c7d4399,08a97a6dfa17f78b5cc5b1351d60038e4a40a68fc93722672482714333b1d9b5,,,full,0.2,True
ACT + Detector,61,8000103,metaworld,False,200,1.1422697339985461,0,0,1,0,0.9513363242149353,,False,True,timeout,84809919ce53a28565bcb1b3352a068db79cd9cca30093d0fe7d45e781a0ee0a,8c503c07dc6dcdd904e948f14d270410c2fbd4d9796f8d9e08451dc34c7d4399,0f719f94ef165c0b816b8b10c3f4f5fcf802c9f5a25141035590310315749280,,,full,0.2,True
ACT + Detector,62,8000104,metaworld,False,200,1.1445622200008074,0,0,1,0,0.9581515192985535,,False,True,timeout,81af240b8647e3487bb24605abfb9d9a128354e089f7b7e4e6e8921c61232f83,8c503c07dc6dcdd904e948f14d270410c2fbd4d9796f8d9e08451dc34c7d4399,35203d16cfa98b5f2e002fcb1ffde2400abf9459c161f6a289efa0c46eddb36f,,,full,0.2,True
ACT + Detector,63,8000105,metaworld,True,58,0.33330322499750764,0,0,0,0,0.1362585872411728,,True,False,,32e8a2e68343de7c8a957571f30c3a503d19bf150a05d5358a16a71060aa6c16,8c503c07dc6dcdd904e948f14d270410c2fbd4d9796f8d9e08451dc34c7d4399,4e97203f8ce1a96cef19545d4c4c300d0de39e4f94bd1941cef7ebc3dd48be02,,,full,0.2,True
ACT + Detector,64,8000106,metaworld,True,58,0.3322101769990695,0,0,0,0,0.13302692770957947,,True,False,,7c8dfcd78c17b150edbd77c03c52794423861adba685a782107b4807a039704c,8c503c07dc6dcdd904e948f14d270410c2fbd4d9796f8d9e08451dc34c7d4399,06d355d7aff3b944ab4199c02a94c63d062e5c414c0b195f7b232b607e0ab1ed,,,full,0.2,True
ACT + Detector,65,8000107,metaworld,False,200,1.1499104930007888,0,0,1,0,0.9053574204444885,,False,True,timeout,034e6f8edd9e32919aa5bfd6a8f57cead5bd384952f6164c27c2902cbd71a6fa,8c503c07dc6dcdd904e948f14d270410c2fbd4d9796f8d9e08451dc34c7d4399,0cda21f8ffacf0a1e40e7b0e858a8e2ddc276972106d4bced99d4404b4a13fd8,,,full,0.2,True
ACT + Detector,66,8000108,metaworld,True,51,0.2921259860013379,0,0,0,0,0.1757526844739914,,True,False,,fc854c85b8f3930786925bf59b1650d812d507443b891597f9bfe5a5c208af7e,8c503c07dc6dcdd904e948f14d270410c2fbd4d9796f8d9e08451dc34c7d4399,2ad5907877cc42b4447b9630988e3a1f0da0d83e1f696f71e22dc69905e631b6,,,full,0.2,True
ACT + Detector,67,8000109,metaworld,True,58,0.33786812200196437,0,0,0,0,0.15356753766536713,,True,False,,8d702f48e913c9ca4da97bb2ee29c7323de2670806cd815bd82577380575d48a,8c503c07dc6dcdd904e948f14d270410c2fbd4d9796f8d9e08451dc34c7d4399,a8cfe6e2276fbd15230c5555255b87d17333bdd29f84f687df7405d0311fae7f,,,full,0.2,True
ACT + Detector,68,8000110,metaworld,False,200,1.08383023100032,0,0,1,0,0.9855830669403076,,False,True,timeout,6ad4d11e1b113511ef59e39f620bd6fb9897dbbe32f024747d1a17ac5d57bf49,8c503c07dc6dcdd904e948f14d270410c2fbd4d9796f8d9e08451dc34c7d4399,0f719f94ef165c0b816b8b10c3f4f5fcf802c9f5a25141035590310315749280,,,full,0.2,True
ACT + Detector,69,8000111,metaworld,False,200,1.0882156010011386,0,0,1,0,0.9997202754020691,,False,True,timeout,5669bd18266d523b66bcd3e91e8922f8f98da898ad4a5b7ccc276a19d7f9dc91,8c503c07dc6dcdd904e948f14d270410c2fbd4d9796f8d9e08451dc34c7d4399,3183afb500ebb9a5af177cccb5b5889a8321eb35261f8ec571269f8b5ed9cd1a,,,full,0.2,True
ACT + Detector,70,8000112,metaworld,True,58,0.31699923899941496,0,0,0,0,0.09744438529014587,,True,False,,0e65ce13b3121b6c798a76e6298f8de8fd5eccb06fe6f5dac1b24f759cc29588,8c503c07dc6dcdd904e948f14d270410c2fbd4d9796f8d9e08451dc34c7d4399,a8cfe6e2276fbd15230c5555255b87d17333bdd29f84f687df7405d0311fae7f,,,full,0.2,True
ACT + Detector,71,8000113,metaworld,False,200,1.060891321998497,0,0,1,0,0.965756356716156,,False,True,timeout,11294e3f352dee934c5574151f1e37b1f24f4b9f3b47fe10e5b886c51d70a676,8c503c07dc6dcdd904e948f14d270410c2fbd4d9796f8d9e08451dc34c7d4399,f82ceac6f8787ac22c378edc1f141cedcc86bf9309b43f1aff6633ae0a963abb,,,full,0.2,True
ACT + Detector,72,8000114,metaworld,True,48,0.26159899899721495,0,0,0,0,0.187981516122818,,True,False,,ddb80678b6ad6ee1a6cbb53813f7c62bab4a3b4c7635bf8b5fcfd7e03dd0fe23,8c503c07dc6dcdd904e948f14d270410c2fbd4d9796f8d9e08451dc34c7d4399,e6e55bdbd77dc052facbc072d20b08a21d116978c37627b9a3d9dc7989dfbe62,,,full,0.2,True
ACT + Detector,73,8000115,metaworld,True,61,0.3246126749982068,0,0,0,0,0.14462673664093018,,True,False,,06066075c1bee718dc37cb57cbb342bcd1179c8bfdd2d8f56d2d4d0de8079d2e,8c503c07dc6dcdd904e948f14d270410c2fbd4d9796f8d9e08451dc34c7d4399,1c856fdcb5da12c3fa2d15b38741aa980fa3a47e64fb99f8635817590128f9ea,,,full,0.2,True
ACT + Detector,74,8000116,metaworld,False,200,1.0650398590005352,0,0,1,0,0.9995415210723877,,False,True,timeout,d164eabf2d9f406a91dd06c767dfff1599b4a570c40f557bfbd78b64cf625794,8c503c07dc6dcdd904e948f14d270410c2fbd4d9796f8d9e08451dc34c7d4399,27e1ed8c670f23dae46752497e383610e58c248d638e3b9b707808a32ce33d4e,,,full,0.2,True
ACT + Detector,75,8000117,metaworld,False,200,1.0775590570010536,0,0,1,0,0.9997712969779968,,False,True,timeout,649901a9bca53a75d48164a1726be3ca3166f47904e86bb0e74e4a39ea35d093,8c503c07dc6dcdd904e948f14d270410c2fbd4d9796f8d9e08451dc34c7d4399,3183afb500ebb9a5af177cccb5b5889a8321eb35261f8ec571269f8b5ed9cd1a,,,full,0.2,True
ACT + Detector,76,8000118,metaworld,True,53,0.28965006900034496,0,0,1,0,0.20650707185268402,,True,False,,53509cf568a46a011aa4689ecffbf91d5369ac34567c5d45039ea1c70544dc7c,8c503c07dc6dcdd904e948f14d270410c2fbd4d9796f8d9e08451dc34c7d4399,acfaed29b052207b47b4b7fa76672795fd08de3add8565db05f141de82ece90b,,,full,0.2,True
ACT + Detector,77,8000119,metaworld,True,54,0.29792147600164753,0,0,0,0,0.18549367785453796,,True,False,,a4fac0771631f2d248f1bd4894ac3b6eec7d2a8a8843adc521698c46814b76fe,8c503c07dc6dcdd904e948f14d270410c2fbd4d9796f8d9e08451dc34c7d4399,7c3391ee418e26d47c002810bc00065e4dd0b6728c969d2338ad549ad01ebb0a,,,full,0.2,True
ACT + Detector,78,8000120,metaworld,True,54,0.2938840140013781,0,0,0,0,0.1858866661787033,,True,False,,ec01291b887a6da8ed70ca6444d82694267916f363ced9ef25dbf0fb430256a0,8c503c07dc6dcdd904e948f14d270410c2fbd4d9796f8d9e08451dc34c7d4399,64ee837add19202e84553431fdab118462cf5265eeae19a4d044b5a6818f771d,,,full,0.2,True
ACT + Detector,79,8000121,metaworld,True,59,0.3195693570014555,0,0,1,0,0.20524846017360687,,True,False,,148c040c8dde2ddd0d7b9cfbfea068e1466c10b5af103bb0ffe9e41462569266,8c503c07dc6dcdd904e948f14d270410c2fbd4d9796f8d9e08451dc34c7d4399,25805a097f1f4b8c203ec3c130dcd3e66b5fb3ad298114a08662aae6c86fa673,,,full,0.2,True
ACT + Detector,80,8000122,metaworld,False,200,1.0977008519985247,0,0,1,0,0.8984941244125366,,False,True,timeout,4205e5508577e9439acfcbe7a3354c222eb1855555fd776739ba2f0ca257bd96,8c503c07dc6dcdd904e948f14d270410c2fbd4d9796f8d9e08451dc34c7d4399,2eb279a724955c1a9d173681940490ec9cc8ed4fdc15a95533884a23d4ccdb4e,,,full,0.2,True
ACT + Detector,81,8000123,metaworld,True,56,0.31477289000031305,0,0,0,0,0.15601161122322083,,True,False,,7967450762ddf8c1b9255bca1913c691c11e144442e413a7649b70dbf92793f7,8c503c07dc6dcdd904e948f14d270410c2fbd4d9796f8d9e08451dc34c7d4399,25805a097f1f4b8c203ec3c130dcd3e66b5fb3ad298114a08662aae6c86fa673,,,full,0.2,True
ACT + Detector,82,8000124,metaworld,False,200,1.1030310749993077,0,0,1,0,0.9770475625991821,,False,True,timeout,11b263f2c0155df4470e53736bbe94ef82a4b17ecd11a12f786c4e8947d2e84e,8c503c07dc6dcdd904e948f14d270410c2fbd4d9796f8d9e08451dc34c7d4399,bb2c6b1aed959fa3ddddb1c215ce67cbb5b0ec080eb65fb58e06b7776849a096,,,full,0.2,True
ACT + Detector,83,8000125,metaworld,True,50,0.2725650129978021,0,0,0,0,0.19060920178890228,,True,False,,fcb89244acada579319d61021d3ad136961f17641ffe4d08fd75037465a17b0d,8c503c07dc6dcdd904e948f14d270410c2fbd4d9796f8d9e08451dc34c7d4399,08a97a6dfa17f78b5cc5b1351d60038e4a40a68fc93722672482714333b1d9b5,,,full,0.2,True
ACT + Detector,84,8000126,metaworld,True,56,0.30492882299949997,0,0,0,0,0.11904693394899368,,True,False,,26061e13fab6f25c73460040db432b1976348dd4675e5c2d1fb5c4d7d8e97056,8c503c07dc6dcdd904e948f14d270410c2fbd4d9796f8d9e08451dc34c7d4399,25805a097f1f4b8c203ec3c130dcd3e66b5fb3ad298114a08662aae6c86fa673,,,full,0.2,True
ACT + Detector,85,8000127,metaworld,True,59,0.32530366200080607,0,0,0,0,0.17405183613300323,,True,False,,dc5a5b439ff547e06b4e93c9795b1110bd9a5b38dd1159a444f62d4450800785,8c503c07dc6dcdd904e948f14d270410c2fbd4d9796f8d9e08451dc34c7d4399,1c856fdcb5da12c3fa2d15b38741aa980fa3a47e64fb99f8635817590128f9ea,,,full,0.2,True
ACT + Detector,86,8000128,metaworld,False,200,1.1019927669985918,0,0,1,0,0.936427652835846,,False,True,timeout,380467ac86e628c4af1fb5958c2bd879e33d3af7f70d69a1bc2034d5ebfcdb6c,8c503c07dc6dcdd904e948f14d270410c2fbd4d9796f8d9e08451dc34c7d4399,5e1df472084de78052388a34f03cad3de438ca9b5dc801b5759dd57c66a7482a,,,full,0.2,True
ACT + Detector,87,8000129,metaworld,True,59,0.3287469429997145,0,0,0,0,0.18339242041110992,,True,False,,6fd64fed90e7d4372e717b1ca2b89a84c801b3fdd729c102aff93b53dcf21269,8c503c07dc6dcdd904e948f14d270410c2fbd4d9796f8d9e08451dc34c7d4399,1c856fdcb5da12c3fa2d15b38741aa980fa3a47e64fb99f8635817590128f9ea,,,full,0.2,True
ACT + Detector,88,8000130,metaworld,True,60,0.33674715800225385,0,0,1,0,0.2734665870666504,,True,False,,11e5f19d8b8962b9ed1e8b42e8e43b1a30f3f5f6577449ee22916843a5998229,8c503c07dc6dcdd904e948f14d270410c2fbd4d9796f8d9e08451dc34c7d4399,942fb6a87dc1e3eb7bf7bb111c97e7096138256b4a9a6b4c62a012fabe8bec38,,,full,0.2,True
ACT + Detector,89,8000131,metaworld,False,200,1.0893577030001325,0,0,1,0,0.980093240737915,,False,True,timeout,bb06790d587640bac71c02af660fd26cc7048f338fb8cf1cfa4baecb56853868,8c503c07dc6dcdd904e948f14d270410c2fbd4d9796f8d9e08451dc34c7d4399,0f719f94ef165c0b816b8b10c3f4f5fcf802c9f5a25141035590310315749280,,,full,0.2,True
ACT + Detector,90,8000132,metaworld,True,53,0.29390672399676987,0,0,0,0,0.19508738815784454,,True,False,,a615edfd7dc38255c3dafbb55b7811b70ce1699c1aabd8c70b22d3e05631e264,8c503c07dc6dcdd904e948f14d270410c2fbd4d9796f8d9e08451dc34c7d4399,c40fedd273cade53989af8adc3ca66d02f2d92ca4d97b2f6391a0dd0ab6dbca3,,,full,0.2,True
ACT + Detector,91,8000133,metaworld,False,200,1.1142020570005116,0,0,1,0,0.9395034909248352,,False,True,timeout,f81156c2cdfb1c41e9b1f56d9fed85da97559f4a3f699a42dea976d59538252f,8c503c07dc6dcdd904e948f14d270410c2fbd4d9796f8d9e08451dc34c7d4399,38329c6b97bbe7d133bf007c22742dca5f0cd7258f8d7199135c6c2371ae591d,,,full,0.2,True
ACT + Detector,92,8000134,metaworld,True,58,0.31856723400051123,0,0,0,0,0.13667085766792297,,True,False,,b26162d8032ac6168826bcba51cd31aa177a6b45bdaaba22dcb55856813df307,8c503c07dc6dcdd904e948f14d270410c2fbd4d9796f8d9e08451dc34c7d4399,48ce9609a38b32e56f7e6a43ffef71c21c8b1d17ed5a63d47701bc1dfc3ff271,,,full,0.2,True
ACT + Detector,93,8000135,metaworld,True,64,0.35270477599988226,0,0,0,0,0.11502934247255325,,True,False,,8f6de0b1c3ee994e2dc002d5fbadbc6c63fa2100ba2a99e74a5d8fbde6e28946,8c503c07dc6dcdd904e948f14d270410c2fbd4d9796f8d9e08451dc34c7d4399,48ce9609a38b32e56f7e6a43ffef71c21c8b1d17ed5a63d47701bc1dfc3ff271,,,full,0.2,True
ACT + Detector,94,8000136,metaworld,False,200,1.060447320000094,0,0,1,0,0.9751803874969482,,False,True,timeout,dc7d73319dae71a252328b45b3677ee8d53589d89c3d0bd9d13fe3e27987f8cb,8c503c07dc6dcdd904e948f14d270410c2fbd4d9796f8d9e08451dc34c7d4399,bb2c6b1aed959fa3ddddb1c215ce67cbb5b0ec080eb65fb58e06b7776849a096,,,full,0.2,True
ACT + Detector,95,8000137,metaworld,False,200,1.0550539430005301,0,0,1,0,0.9989804625511169,,False,True,timeout,63a3a9b845d47aa96669257d0a57025ac2597f5d3ca4870c876919bc14aa59e2,8c503c07dc6dcdd904e948f14d270410c2fbd4d9796f8d9e08451dc34c7d4399,27e1ed8c670f23dae46752497e383610e58c248d638e3b9b707808a32ce33d4e,,,full,0.2,True
ACT + Detector,96,8000138,metaworld,True,52,0.2859305909987597,0,0,0,0,0.19611749053001404,,True,False,,cc593aa9a4572450ddb2a40c42d79377909769fea195ea73920d8b05256642a3,8c503c07dc6dcdd904e948f14d270410c2fbd4d9796f8d9e08451dc34c7d4399,08a97a6dfa17f78b5cc5b1351d60038e4a40a68fc93722672482714333b1d9b5,,,full,0.2,True
ACT + Detector,97,8000139,metaworld,True,59,0.3260008420002123,0,0,1,0,0.2202947735786438,,True,False,,8b208accdadbaa7aa6770da9a5e0b33b86b52082e1117a01d6d9c7b56a8b649c,8c503c07dc6dcdd904e948f14d270410c2fbd4d9796f8d9e08451dc34c7d4399,b8e45a2f8f553d53c6eef0305347f910b9999bcae6df6ccaf0eaee6ac864e670,,,full,0.2,True
ACT + Detector,98,8000140,metaworld,True,54,0.29304403199785156,0,0,1,0,0.21709802746772766,,True,False,,8af51917bdea956dcdd16ed0b1b01e2a1cc95729aa0c5c7f5c25b84bb5df7ec1,8c503c07dc6dcdd904e948f14d270410c2fbd4d9796f8d9e08451dc34c7d4399,f82ceac6f8787ac22c378edc1f141cedcc86bf9309b43f1aff6633ae0a963abb,,,full,0.2,True
ACT + Detector,99,8000141,metaworld,True,61,0.3323553879999963,0,0,1,0,0.23395895957946777,,True,False,,f999583bbc128eaf766aa3bad7d98a1a429f79b42c0d42bec76a1976192da45d,8c503c07dc6dcdd904e948f14d270410c2fbd4d9796f8d9e08451dc34c7d4399,f82ceac6f8787ac22c378edc1f141cedcc86bf9309b43f1aff6633ae0a963abb,,,full,0.2,True
ACT + Detector,100,8000142,metaworld,False,200,1.0515119330011657,0,0,1,0,0.994688868522644,,False,True,object_dropped,e27526cb2517ae4f68fb82dea49b36ee0627873a67f0bd08d44231489adfaa01,8c503c07dc6dcdd904e948f14d270410c2fbd4d9796f8d9e08451dc34c7d4399,e216352c7f1c7392270c7c501bb599f2a46f420613a124fda0729ab88160cdf2,,,full,0.2,True
ACT + Detector,101,8000143,metaworld,False,200,1.0270930790029524,0,0,1,0,0.9980947375297546,,False,True,timeout,428818778ba61c14190210330e727c3cbe1237e2f980818c0c0d21ed52127311,8c503c07dc6dcdd904e948f14d270410c2fbd4d9796f8d9e08451dc34c7d4399,35203d16cfa98b5f2e002fcb1ffde2400abf9459c161f6a289efa0c46eddb36f,,,full,0.2,True
ACT + Detector,102,8000144,metaworld,False,200,0.9849591390011483,0,0,1,0,0.8684312105178833,,False,True,timeout,3f94814fb424506afbb979e6f5dfaafcc3144168d2f098a950bc971ff3a0b7e6,8c503c07dc6dcdd904e948f14d270410c2fbd4d9796f8d9e08451dc34c7d4399,504c23f653f6cdee9d659d9320b164606b319d4f0e9cdf0f3a87e2fc7a98160a,,,full,0.2,True
ACT + Detector,103,8000145,metaworld,True,58,0.2995257149996178,0,0,0,0,0.1469237357378006,,True,False,,a0ed016bbbc04406ce5a755d07e2c624fe57cb840607e1c9fc28457daf5e6e95,8c503c07dc6dcdd904e948f14d270410c2fbd4d9796f8d9e08451dc34c7d4399,a0b103bf3e43f4aa92753185301eba5e2e31594285004b99f51a59b33bd2d620,,,full,0.2,True
ACT + Detector,104,8000146,metaworld,True,55,0.2725186229981773,0,0,0,0,0.13029398024082184,,True,False,,8dbf347fc874c915b5cce2e8e011aec4062fc699a861342c0bce653794abfbac,8c503c07dc6dcdd904e948f14d270410c2fbd4d9796f8d9e08451dc34c7d4399,56b7f182edcfeefa9301e1edd53d7f36e4418de7e6df1b54b0f0c298cde1b3cd,,,full,0.2,True
ACT + Detector,105,8000147,metaworld,True,51,0.2516155940029421,0,0,0,0,0.17939627170562744,,True,False,,8cf1847e3c7ba597fff8b19f75c993cc87c1e5bff80c6e67ba21b3ed19ec8316,8c503c07dc6dcdd904e948f14d270410c2fbd4d9796f8d9e08451dc34c7d4399,08a97a6dfa17f78b5cc5b1351d60038e4a40a68fc93722672482714333b1d9b5,,,full,0.2,True
ACT + Detector,106,8000148,metaworld,False,200,0.996038530000078,0,0,1,0,0.9875659346580505,,False,True,timeout,4c908e10e761f2d22627e9e1110b583947653c675243b1da75025249bc10c5d0,8c503c07dc6dcdd904e948f14d270410c2fbd4d9796f8d9e08451dc34c7d4399,08a97a6dfa17f78b5cc5b1351d60038e4a40a68fc93722672482714333b1d9b5,,,full,0.2,True
ACT + Detector,107,8000149,metaworld,True,57,0.28252061899911496,0,0,0,0,0.17955972254276276,,True,False,,f4dcf26ca9f6cfe24bc16debf9c27c550242af4fbd01bf40783ac491011275ed,8c503c07dc6dcdd904e948f14d270410c2fbd4d9796f8d9e08451dc34c7d4399,524e161a612d94c222d06154bcd0129d0851b8fad51ae883abbef6e86d43cbb0,,,full,0.2,True
ACT + Detector,108,8000150,metaworld,True,46,0.22713443500106223,0,0,0,0,0.16442234814167023,,True,False,,78a8afdd79b2abfd1618d20ee6aeb806a69af8b49816641c1ad7d0b2bda64c5c,8c503c07dc6dcdd904e948f14d270410c2fbd4d9796f8d9e08451dc34c7d4399,5d73f28d4d24cdbcb36a5e5cd61ec1a82f7287ce56d88da8cea912ed757b164c,,,full,0.2,True
ACT + Detector,109,8000151,metaworld,False,200,1.0176898860008805,0,0,1,0,0.9922389984130859,,False,True,timeout,343ce894157b28096af7019ec4e54e7d07b7fb3e430641e46e6c9d335851a9c8,8c503c07dc6dcdd904e948f14d270410c2fbd4d9796f8d9e08451dc34c7d4399,aa1f17aacdf569c3a2930a2ebbf742ff43f8d3acfc772731a5c344cabcd52570,,,full,0.2,True
ACT + Detector,110,8000152,metaworld,False,200,0.963312740001129,0,0,1,0,0.9500352740287781,,False,True,timeout,d9e2895944fe711adf37157a40b97b5340d757fcdb125bad36387f35814e5795,8c503c07dc6dcdd904e948f14d270410c2fbd4d9796f8d9e08451dc34c7d4399,cea0b9105255f82e0ee99bfb3998a6edce02b446d4b14afb0747282cd18aa202,,,full,0.2,True
ACT + Detector,111,8000153,metaworld,True,47,0.22981329600224853,0,0,0,0,0.15798543393611908,,True,False,,198bd80e98c40bde8a3b065eaa90dfc309f62439df20ec06d93d620bcf4411c1,8c503c07dc6dcdd904e948f14d270410c2fbd4d9796f8d9e08451dc34c7d4399,e6e55bdbd77dc052facbc072d20b08a21d116978c37627b9a3d9dc7989dfbe62,,,full,0.2,True
ACT + Detector,112,8000154,metaworld,False,200,1.0161426199993002,0,0,1,0,0.9634366035461426,,False,True,timeout,a3e703b7aa74ae534234e107eb739ea225ff5356759bbbbb3630c8fab5c013ca,8c503c07dc6dcdd904e948f14d270410c2fbd4d9796f8d9e08451dc34c7d4399,5e1df472084de78052388a34f03cad3de438ca9b5dc801b5759dd57c66a7482a,,,full,0.2,True
ACT + Detector,113,8000155,metaworld,True,71,0.37355428999944706,0,0,1,0,0.3073979616165161,,True,False,,302bf9d6fc3af8b67b7720a6937f8817d98259a806336f03c174de43282675f1,8c503c07dc6dcdd904e948f14d270410c2fbd4d9796f8d9e08451dc34c7d4399,8a99d46d6d04afe3e2ef92bb607dde5e178b5c37506006c4f364e345976453b1,,,full,0.2,True
ACT + Detector,114,8000156,metaworld,False,200,1.0364850019977894,0,0,1,0,0.9992117881774902,,False,True,timeout,01033617e984155c155f825045f284f327e8083675002ff029f6ef803c737953,8c503c07dc6dcdd904e948f14d270410c2fbd4d9796f8d9e08451dc34c7d4399,a8cfe6e2276fbd15230c5555255b87d17333bdd29f84f687df7405d0311fae7f,,,full,0.2,True
ACT + Detector,115,8000157,metaworld,False,200,1.0347457780007971,0,0,1,0,0.673220694065094,,False,True,timeout,167793ccd1711b70b981c1f2526f32876b9c8898e8bcae934967327d8c7eb7b3,8c503c07dc6dcdd904e948f14d270410c2fbd4d9796f8d9e08451dc34c7d4399,08a97a6dfa17f78b5cc5b1351d60038e4a40a68fc93722672482714333b1d9b5,,,full,0.2,True
ACT + Detector,116,8000158,metaworld,False,200,1.0168814149983518,0,0,1,0,0.6376495957374573,,False,True,timeout,5b65b7a8751e56edb0fcfcd755e7a62be6a8e8959f7c5cdedb32dc496d1ace58,8c503c07dc6dcdd904e948f14d270410c2fbd4d9796f8d9e08451dc34c7d4399,b8e45a2f8f553d53c6eef0305347f910b9999bcae6df6ccaf0eaee6ac864e670,,,full,0.2,True
ACT + Detector,117,8000159,metaworld,False,200,1.029769466000289,0,0,1,0,0.9907618165016174,,False,True,timeout,84030802b072c9eafaee8a5ddc10ea57b1d1392c4769ac0b616f12e5ade0aed4,8c503c07dc6dcdd904e948f14d270410c2fbd4d9796f8d9e08451dc34c7d4399,0f719f94ef165c0b816b8b10c3f4f5fcf802c9f5a25141035590310315749280,,,full,0.2,True
ACT + Detector,118,8000160,metaworld,False,200,1.0476560429997335,0,0,1,0,0.9997238516807556,,False,True,timeout,dd5a06d39c7a7caa7dfd198655304556031bbd1714299832eb57b4a4fe09e2f2,8c503c07dc6dcdd904e948f14d270410c2fbd4d9796f8d9e08451dc34c7d4399,342b72dafe0e47ecf8a937cb01e62ac02c2d77bf93dafca59574cbbbfc4ad77b,,,full,0.2,True
ACT + Detector,119,8000161,metaworld,False,200,1.0196900449991517,0,0,1,0,0.9783638119697571,,False,True,timeout,e38a92dc400fb4f37b8da94d79f3a88b2391dc1da2a5fc9fc05f60c9a8373f84,8c503c07dc6dcdd904e948f14d270410c2fbd4d9796f8d9e08451dc34c7d4399,ba19e0623fe05add91e00811bacb33e27305f5fcb6549be6f6278ebce6046101,,,full,0.2,True
ACT + Detector,120,8000162,metaworld,False,200,0.9891569469982642,0,0,1,0,0.9945265650749207,,False,True,timeout,19b11f4aa4ba6ee05d37a4e3ef51be9967db766f85e9121c6beb6097b1c7104e,8c503c07dc6dcdd904e948f14d270410c2fbd4d9796f8d9e08451dc34c7d4399,acfaed29b052207b47b4b7fa76672795fd08de3add8565db05f141de82ece90b,,,full,0.2,True
ACT + Detector,121,8000163,metaworld,True,55,0.267073345999961,0,0,0,0,0.14579613506793976,,True,False,,af40ac9a1861b100f177ad3f46638da10a62a282cea63f5a0433b58f5aa3fe79,8c503c07dc6dcdd904e948f14d270410c2fbd4d9796f8d9e08451dc34c7d4399,0cda21f8ffacf0a1e40e7b0e858a8e2ddc276972106d4bced99d4404b4a13fd8,,,full,0.2,True
ACT + Detector,122,8000164,metaworld,False,200,1.0154759069991997,0,0,1,0,0.9969467520713806,,False,True,timeout,367f1e67644619c23de9ab24e4ea980359d4def3cb4090d6568afe1a694d5219,8c503c07dc6dcdd904e948f14d270410c2fbd4d9796f8d9e08451dc34c7d4399,15a9adece7ebea14bdf37f5376e274c6dce4711281025cf35060933ba9ab8ad3,,,full,0.2,True
ACT + Detector,123,8000165,metaworld,False,200,1.051438201997371,0,0,1,0,0.9785388112068176,,False,True,timeout,df5cee6bdf9da33acca1ccdebe67ad63f8ef85dcdff9fc485d5109e5cd8abbcd,8c503c07dc6dcdd904e948f14d270410c2fbd4d9796f8d9e08451dc34c7d4399,0f719f94ef165c0b816b8b10c3f4f5fcf802c9f5a25141035590310315749280,,,full,0.2,True
ACT + Detector,124,8000166,metaworld,False,200,1.0292674530028307,0,0,1,0,0.9972062706947327,,False,True,timeout,26fa0b82c9a5deefbb245931f68bee549b75c6c002fee4ecb29f50c174aacbc8,8c503c07dc6dcdd904e948f14d270410c2fbd4d9796f8d9e08451dc34c7d4399,aa1f17aacdf569c3a2930a2ebbf742ff43f8d3acfc772731a5c344cabcd52570,,,full,0.2,True
ACT + Detector,125,8000167,metaworld,False,200,1.011248593997152,0,0,1,0,0.9973005652427673,,False,True,timeout,1d600a553cc641a82a9ff71753f457b0e7211107ae3ae03ce4a87f01b54f4e41,8c503c07dc6dcdd904e948f14d270410c2fbd4d9796f8d9e08451dc34c7d4399,a0b103bf3e43f4aa92753185301eba5e2e31594285004b99f51a59b33bd2d620,,,full,0.2,True
ACT + Detector,126,8000168,metaworld,True,52,0.256201009000506,0,0,1,0,0.2092849761247635,,True,False,,e89a3f178e9ade12ff2ff3a7a1ef93ccf25fe29e227a1eab59eadcb410c14326,8c503c07dc6dcdd904e948f14d270410c2fbd4d9796f8d9e08451dc34c7d4399,15a9adece7ebea14bdf37f5376e274c6dce4711281025cf35060933ba9ab8ad3,,,full,0.2,True
ACT + Detector,127,8000169,metaworld,False,200,1.0339205300006142,0,0,1,0,0.997418999671936,,False,True,timeout,52eae8931c2fa5f9779b1d2b3202a4944329f0cb39e4bc19f92de63a8b559d95,8c503c07dc6dcdd904e948f14d270410c2fbd4d9796f8d9e08451dc34c7d4399,2ad5907877cc42b4447b9630988e3a1f0da0d83e1f696f71e22dc69905e631b6,,,full,0.2,True
ACT + Detector,128,8000170,metaworld,True,61,0.32006108799760113,0,0,1,0,0.20029990375041962,,True,False,,7a048d2f5b32f17beb069d11374d577135582aaa4bb7551d4bd070bab008b3d6,8c503c07dc6dcdd904e948f14d270410c2fbd4d9796f8d9e08451dc34c7d4399,8a99d46d6d04afe3e2ef92bb607dde5e178b5c37506006c4f364e345976453b1,,,full,0.2,True
ACT + Detector,129,8000171,metaworld,True,51,0.2757461559995136,0,0,0,0,0.18710049986839294,,True,False,,1eb285376b16e344536a3917d533ec5955dcac169c4029500f84456b6409e20a,8c503c07dc6dcdd904e948f14d270410c2fbd4d9796f8d9e08451dc34c7d4399,08a97a6dfa17f78b5cc5b1351d60038e4a40a68fc93722672482714333b1d9b5,,,full,0.2,True
ACT + Detector,130,8000172,metaworld,False,200,1.079310886998428,0,0,1,0,0.9634010791778564,,False,True,timeout,1f8b03c5941c810e87a999d5224062b2315a111fc4a0e75257a0f91046957c0c,8c503c07dc6dcdd904e948f14d270410c2fbd4d9796f8d9e08451dc34c7d4399,7c3391ee418e26d47c002810bc00065e4dd0b6728c969d2338ad549ad01ebb0a,,,full,0.2,True
ACT + Detector,131,8000173,metaworld,False,200,1.006158852000226,0,0,1,0,0.9415460824966431,,False,True,timeout,f76277b122c8e87f78cfd675c327d4aa84b28e53b07d1eb1a168966add789365,8c503c07dc6dcdd904e948f14d270410c2fbd4d9796f8d9e08451dc34c7d4399,bb2c6b1aed959fa3ddddb1c215ce67cbb5b0ec080eb65fb58e06b7776849a096,,,full,0.2,True
ACT + Detector,132,8000174,metaworld,False,200,0.9683365739983856,0,0,1,0,0.9821919798851013,,False,True,timeout,55c44d88ccb99380515bcb5bc84218a2cfc1b0713e132539089f57794c6ffdd5,8c503c07dc6dcdd904e948f14d270410c2fbd4d9796f8d9e08451dc34c7d4399,c40fedd273cade53989af8adc3ca66d02f2d92ca4d97b2f6391a0dd0ab6dbca3,,,full,0.2,True
ACT + Detector,133,8000175,metaworld,False,200,0.9956463730013638,0,0,1,0,0.9937781095504761,,False,True,timeout,f11a97da0ff743e8b045304550d412fbadc1f2c42d395fdf043b7dd54915188a,8c503c07dc6dcdd904e948f14d270410c2fbd4d9796f8d9e08451dc34c7d4399,bb2c6b1aed959fa3ddddb1c215ce67cbb5b0ec080eb65fb58e06b7776849a096,,,full,0.2,True
ACT + Detector,134,8000176,metaworld,False,200,0.9916467020011623,0,0,1,0,0.9992362260818481,,False,True,object_dropped,2ba0b183a40c09fcf377cadf4cf4f4fd281dd6ba57e40dd54ce30441f8e57e0e,8c503c07dc6dcdd904e948f14d270410c2fbd4d9796f8d9e08451dc34c7d4399,6338b57c8983138382fa5c9ee7bb2d2c200be44368697f7ffa8216ea26ddccaf,,,full,0.2,True
ACT + Detector,135,8000177,metaworld,True,61,0.30667615000129445,0,0,0,0,0.13840524852275848,,True,False,,82c7f86131fbd18142eb8e21c15601731ec14e78cb8390cc016d29cfa98decfc,8c503c07dc6dcdd904e948f14d270410c2fbd4d9796f8d9e08451dc34c7d4399,1c856fdcb5da12c3fa2d15b38741aa980fa3a47e64fb99f8635817590128f9ea,,,full,0.2,True
ACT + Detector,136,8000178,metaworld,False,200,1.0030809050003882,0,0,1,0,0.9983845949172974,,False,True,object_dropped,24f43dee3d57357bbdb445a7595edf3c95f1f4746b1903e1f77c9c2e1025e37c,8c503c07dc6dcdd904e948f14d270410c2fbd4d9796f8d9e08451dc34c7d4399,acfaed29b052207b47b4b7fa76672795fd08de3add8565db05f141de82ece90b,,,full,0.2,True
ACT + Detector,137,8000179,metaworld,True,53,0.26390205999996397,0,0,0,0,0.1755971908569336,,True,False,,1f1d070fcfa1481831605e75deb31a87022c1d0fd01892f5b868df78d72dc065,8c503c07dc6dcdd904e948f14d270410c2fbd4d9796f8d9e08451dc34c7d4399,2ad5907877cc42b4447b9630988e3a1f0da0d83e1f696f71e22dc69905e631b6,,,full,0.2,True
ACT + Detector,138,8000180,metaworld,True,53,0.2642883839980641,0,0,0,0,0.18165773153305054,,True,False,,0604f007c176ca535f3edf3f0b186eb0e4037d7551eec735cb3bb92f416e791d,8c503c07dc6dcdd904e948f14d270410c2fbd4d9796f8d9e08451dc34c7d4399,56b7f182edcfeefa9301e1edd53d7f36e4418de7e6df1b54b0f0c298cde1b3cd,,,full,0.2,True
ACT + Detector,139,8000181,metaworld,False,200,0.9551148139980796,0,0,1,0,0.9757762551307678,,False,True,timeout,d1750b3be079c63c99a208b11d71b18c303e035fc387bc4c7cddeab8829bfa9f,8c503c07dc6dcdd904e948f14d270410c2fbd4d9796f8d9e08451dc34c7d4399,0f719f94ef165c0b816b8b10c3f4f5fcf802c9f5a25141035590310315749280,,,full,0.2,True
ACT + Detector,140,8000182,metaworld,True,55,0.259966274999897,0,0,1,0,0.20547258853912354,,True,False,,3e676be21ae0868ec9e5c0b624e426127586bf6ff0416381a6ec327a9c4d9447,8c503c07dc6dcdd904e948f14d270410c2fbd4d9796f8d9e08451dc34c7d4399,6cb8d983459a8e57d4ae53a86da2394015cabba2d7c306dcaf7b14af979ca230,,,full,0.2,True
ACT + Detector,141,8000183,metaworld,True,66,0.309054258003016,0,0,1,0,0.251295804977417,,True,False,,95f9472e3a60fdeebc5bf7d5396c3789c5aa1c38d9a555f2fba5e597a443e221,8c503c07dc6dcdd904e948f14d270410c2fbd4d9796f8d9e08451dc34c7d4399,39001749c902e2ab9d015efb8c7644faffff99810b709d3203dc359d5eacdcbd,,,full,0.2,True
ACT + Detector,142,8000184,metaworld,True,57,0.2682835819978209,0,0,0,0,0.1413864940404892,,True,False,,a4c8a6810904e8130e719920fa0d526659ad1eaf212c842e6f6104af75b21132,8c503c07dc6dcdd904e948f14d270410c2fbd4d9796f8d9e08451dc34c7d4399,f6a9ed9055e00c868d6771022c2c557a6a48990bdacbed585d07cde857d4755a,,,full,0.2,True
ACT + Detector,143,8000185,metaworld,True,59,0.27426529099830077,0,0,1,0,0.21513964235782623,,True,False,,95b5ce343cfdd5b1b5978a83535b59f969f2bdc4f556399f41a9a472817d91ee,8c503c07dc6dcdd904e948f14d270410c2fbd4d9796f8d9e08451dc34c7d4399,39001749c902e2ab9d015efb8c7644faffff99810b709d3203dc359d5eacdcbd,,,full,0.2,True
ACT + Detector,144,8000186,metaworld,False,200,0.940478100998007,0,0,1,0,0.6436161398887634,,False,True,timeout,5a8616fcbb04f2ecf1a28f3152a71adb5233c40714ec27c74dc8f2aaf4a70c72,8c503c07dc6dcdd904e948f14d270410c2fbd4d9796f8d9e08451dc34c7d4399,588df85fb38ef87f822932ad2f702be807974873e4a07ea43084bbdeeaac6604,,,full,0.2,True
ACT + Detector,145,8000187,metaworld,True,64,0.30246979299772647,0,0,1,0,0.20002947747707367,,True,False,,80c8b7a15a3be6252bd883e79871c571a728006e66b0e0c1f30146d0ff255930,8c503c07dc6dcdd904e948f14d270410c2fbd4d9796f8d9e08451dc34c7d4399,c5023b3d25031a103b9549b6e8c83ba09d69e708ef117c31128a38e03616e5d8,,,full,0.2,True
ACT + Detector,146,8000188,metaworld,False,200,0.928840067001147,0,0,1,0,0.9963878393173218,,False,True,timeout,8aca1f179766a78c79a5ac30654ce84d2209de2a0a5bb7f1fe5cebcd5afade41,8c503c07dc6dcdd904e948f14d270410c2fbd4d9796f8d9e08451dc34c7d4399,942fb6a87dc1e3eb7bf7bb111c97e7096138256b4a9a6b4c62a012fabe8bec38,,,full,0.2,True
ACT + Detector,147,8000189,metaworld,True,53,0.2553786290009157,0,0,0,0,0.18499921262264252,,True,False,,4d23a8d9dd4919dc79229406b6d08160f97ae690b2bb0e3a629b057dfda7d1e0,8c503c07dc6dcdd904e948f14d270410c2fbd4d9796f8d9e08451dc34c7d4399,7c3391ee418e26d47c002810bc00065e4dd0b6728c969d2338ad549ad01ebb0a,,,full,0.2,True
ACT + Detector,148,8000190,metaworld,True,48,0.22186805999808712,0,0,0,0,0.18195058405399323,,True,False,,b3c3447d16f90ab8d81259d629f68ce314aff532f0e8226e112dc208f57340c1,8c503c07dc6dcdd904e948f14d270410c2fbd4d9796f8d9e08451dc34c7d4399,cea0b9105255f82e0ee99bfb3998a6edce02b446d4b14afb0747282cd18aa202,,,full,0.2,True
ACT + Detector,149,8000191,metaworld,True,61,0.2858087339991471,0,0,0,0,0.19261854887008667,,True,False,,af3d24834e5d4e55e9857534f94f475d116e1351d0b5e7fec1fa1f448fe79c2b,8c503c07dc6dcdd904e948f14d270410c2fbd4d9796f8d9e08451dc34c7d4399,e216352c7f1c7392270c7c501bb599f2a46f420613a124fda0729ab88160cdf2,,,full,0.2,True
ACT + Detector,150,8000192,metaworld,True,55,0.2564718260000518,0,0,0,0,0.1335875689983368,,True,False,,5a6f0749f71faf3c839e9e25ecfb49fb62d202b3fab4f526c21107c8d3cd1b16,8c503c07dc6dcdd904e948f14d270410c2fbd4d9796f8d9e08451dc34c7d4399,25805a097f1f4b8c203ec3c130dcd3e66b5fb3ad298114a08662aae6c86fa673,,,full,0.2,True
ACT + Detector,151,8000193,metaworld,False,200,0.9260455640032887,0,0,1,0,0.998051643371582,,False,True,timeout,323e457ec4fbfbebdfb75ca94a293f25e3ee0b446c916b8d5901b8ffcde99192,8c503c07dc6dcdd904e948f14d270410c2fbd4d9796f8d9e08451dc34c7d4399,1c856fdcb5da12c3fa2d15b38741aa980fa3a47e64fb99f8635817590128f9ea,,,full,0.2,True
ACT + Detector,152,8000194,metaworld,True,57,0.2654990490009368,0,0,0,0,0.1414082944393158,,True,False,,8d347fb9720e44c44b0c5b430ea7d4da64ef1c72a6dc01530e1dd034f9d43aac,8c503c07dc6dcdd904e948f14d270410c2fbd4d9796f8d9e08451dc34c7d4399,64ee837add19202e84553431fdab118462cf5265eeae19a4d044b5a6818f771d,,,full,0.2,True
ACT + Detector,153,8000195,metaworld,True,54,0.2497824230013066,0,0,1,0,0.2848099172115326,,True,False,,f796f36f13b0918c9bb949253f6265728ef55c573df6463d5a704f65bb8f798c,8c503c07dc6dcdd904e948f14d270410c2fbd4d9796f8d9e08451dc34c7d4399,2eb279a724955c1a9d173681940490ec9cc8ed4fdc15a95533884a23d4ccdb4e,,,full,0.2,True
ACT + Detector,154,8000196,metaworld,False,200,0.9295321030003834,0,0,1,0,0.999887228012085,,False,True,timeout,f8e7921f76dda62c2369973f047bb9056b6040814da0e78e36f7845fc416e2fd,8c503c07dc6dcdd904e948f14d270410c2fbd4d9796f8d9e08451dc34c7d4399,342b72dafe0e47ecf8a937cb01e62ac02c2d77bf93dafca59574cbbbfc4ad77b,,,full,0.2,True
ACT + Detector,155,8000197,metaworld,True,57,0.2648816320033802,0,0,0,0,0.1634901762008667,,True,False,,9982be9cfa46b440b51bc916329491cd12d766b98fc65fb3b23cd8da41a43af0,8c503c07dc6dcdd904e948f14d270410c2fbd4d9796f8d9e08451dc34c7d4399,524e161a612d94c222d06154bcd0129d0851b8fad51ae883abbef6e86d43cbb0,,,full,0.2,True
ACT + Detector,156,8000198,metaworld,False,200,0.9275421029997233,0,0,1,0,0.9513170123100281,,False,True,object_dropped,19ba117b291365a193cc8aab9fb1d50912f830b79264710bb79103d51ba229cd,8c503c07dc6dcdd904e948f14d270410c2fbd4d9796f8d9e08451dc34c7d4399,56b7f182edcfeefa9301e1edd53d7f36e4418de7e6df1b54b0f0c298cde1b3cd,,,full,0.2,True
ACT + Detector,157,8000199,metaworld,True,55,0.2599740049990942,0,0,1,0,0.20109684765338898,,True,False,,2d188ac66d28db50c707df10f5fd494d3baf736de663b64bf80a4a4e34dbc6c4,8c503c07dc6dcdd904e948f14d270410c2fbd4d9796f8d9e08451dc34c7d4399,3183afb500ebb9a5af177cccb5b5889a8321eb35261f8ec571269f8b5ed9cd1a,,,full,0.2,True
ACT + Detector,158,8000200,metaworld,True,61,0.28558901699943817,0,0,0,0,0.15169191360473633,,True,False,,4e1bcd80d16f0b036f12c9043d3aec15e0d250e4e666d1c5ef4b27a5a45d569d,8c503c07dc6dcdd904e948f14d270410c2fbd4d9796f8d9e08451dc34c7d4399,524e161a612d94c222d06154bcd0129d0851b8fad51ae883abbef6e86d43cbb0,,,full,0.2,True
ACT + Detector,159,8000201,metaworld,True,51,0.23796488600055454,0,0,0,0,0.1312195509672165,,True,False,,c4b5e116217ec92a693bda33259abf8d6d888903490c669c82279d3845a3eb09,8c503c07dc6dcdd904e948f14d270410c2fbd4d9796f8d9e08451dc34c7d4399,56b7f182edcfeefa9301e1edd53d7f36e4418de7e6df1b54b0f0c298cde1b3cd,,,full,0.2,True
ACT + Detector,160,8000202,metaworld,True,66,0.3080966340021405,0,0,0,0,0.1723160743713379,,True,False,,74e2251336909dfe8a7412e2b779a8af351a594ddde58bb5ed7e620d50a9e4fa,8c503c07dc6dcdd904e948f14d270410c2fbd4d9796f8d9e08451dc34c7d4399,c5023b3d25031a103b9549b6e8c83ba09d69e708ef117c31128a38e03616e5d8,,,full,0.2,True
ACT + Detector,161,8000203,metaworld,False,200,0.9372333489991433,0,0,1,0,0.9994204044342041,,False,True,timeout,9556a6bbe59aeda22432242f14d93255df2104fa486c020d6c7768fbf3cd56b2,8c503c07dc6dcdd904e948f14d270410c2fbd4d9796f8d9e08451dc34c7d4399,942fb6a87dc1e3eb7bf7bb111c97e7096138256b4a9a6b4c62a012fabe8bec38,,,full,0.2,True
ACT + Detector,162,8000204,metaworld,False,200,0.95442761799859,0,0,1,0,0.9202525615692139,,False,True,timeout,17cb5f9b511150b6f60c91cb069c8ff460d60f9292d3468d67304be29ff2884b,8c503c07dc6dcdd904e948f14d270410c2fbd4d9796f8d9e08451dc34c7d4399,5e1df472084de78052388a34f03cad3de438ca9b5dc801b5759dd57c66a7482a,,,full,0.2,True
ACT + Detector,163,8000205,metaworld,True,56,0.2683523750019958,0,0,0,0,0.14330750703811646,,True,False,,40283a338c205d5924df6f3cfe18e3e348ada497a1fb26d69f326360d8efab1a,8c503c07dc6dcdd904e948f14d270410c2fbd4d9796f8d9e08451dc34c7d4399,6cb8d983459a8e57d4ae53a86da2394015cabba2d7c306dcaf7b14af979ca230,,,full,0.2,True
ACT + Detector,164,8000206,metaworld,True,58,0.2793565550018684,0,0,0,0,0.1452341377735138,,True,False,,44b92c02a6a8d61ed56f75424dc222cec8b8e38e6b610be7a977995d8626c64d,8c503c07dc6dcdd904e948f14d270410c2fbd4d9796f8d9e08451dc34c7d4399,06d355d7aff3b944ab4199c02a94c63d062e5c414c0b195f7b232b607e0ab1ed,,,full,0.2,True
ACT + Detector,165,8000207,metaworld,True,51,0.24560235799799557,0,0,0,0,0.10553864389657974,,True,False,,2c773b06993a2f500a70a83d3a0ed175e73e1208b06f81892dbd04d8fd55cd50,8c503c07dc6dcdd904e948f14d270410c2fbd4d9796f8d9e08451dc34c7d4399,6338b57c8983138382fa5c9ee7bb2d2c200be44368697f7ffa8216ea26ddccaf,,,full,0.2,True
ACT + Detector,166,8000208,metaworld,False,200,0.9209180960024241,0,0,1,0,0.9984777569770813,,False,True,timeout,33e7e3532929384bdd113a3419f24d952bd4d9b3e370e62f3691610acf8ad49d,8c503c07dc6dcdd904e948f14d270410c2fbd4d9796f8d9e08451dc34c7d4399,35203d16cfa98b5f2e002fcb1ffde2400abf9459c161f6a289efa0c46eddb36f,,,full,0.2,True
ACT + Detector,167,8000209,metaworld,False,200,0.9244676540001819,0,0,1,0,0.998935878276825,,False,True,timeout,56cbae39ab2cb128de25373f2cb36d4fb4186fe87a4ced65f2b7b36bbfad3c53,8c503c07dc6dcdd904e948f14d270410c2fbd4d9796f8d9e08451dc34c7d4399,71488b32995fa40c6ec3f77f6bcd912b1929aef29d90a66307ad46cd584acf29,,,full,0.2,True
ACT + Detector,168,8000210,metaworld,True,49,0.22799608100103796,0,0,1,0,0.254763126373291,,True,False,,2c69791080dbe782c61d4e1f04eb75b9e5d5f888a1068ddd58d56c28d45a2094,8c503c07dc6dcdd904e948f14d270410c2fbd4d9796f8d9e08451dc34c7d4399,27e1ed8c670f23dae46752497e383610e58c248d638e3b9b707808a32ce33d4e,,,full,0.2,True
ACT + Detector,169,8000211,metaworld,True,53,0.24471524299951852,0,0,0,0,0.1917802393436432,,True,False,,873f8d4c9f83eac8df54ed01c04ba3d3b1b5df2c089f265c75500693a829df9f,8c503c07dc6dcdd904e948f14d270410c2fbd4d9796f8d9e08451dc34c7d4399,2ad5907877cc42b4447b9630988e3a1f0da0d83e1f696f71e22dc69905e631b6,,,full,0.2,True
ACT + Detector,170,8000212,metaworld,False,200,0.9519255140003224,0,0,1,0,0.696499764919281,,False,True,timeout,b9c51a6a72bc2b6ab87f3f56cee68aa27f38415120333141a1f0ab4b2b46c3cb,8c503c07dc6dcdd904e948f14d270410c2fbd4d9796f8d9e08451dc34c7d4399,2eb279a724955c1a9d173681940490ec9cc8ed4fdc15a95533884a23d4ccdb4e,,,full,0.2,True
ACT + Detector,171,8000213,metaworld,True,49,0.2337478950030345,0,0,1,0,0.22591188549995422,,True,False,,00d0c55f62ade598c4fe6b49c663ad76168cd150e019dfd388f7f7f8c146942c,8c503c07dc6dcdd904e948f14d270410c2fbd4d9796f8d9e08451dc34c7d4399,35203d16cfa98b5f2e002fcb1ffde2400abf9459c161f6a289efa0c46eddb36f,,,full,0.2,True
ACT + Detector,172,8000214,metaworld,True,60,0.2852172819984844,0,0,0,0,0.14688248932361603,,True,False,,f942da803663ff78889828b19b4cca6b032dc487383b960ccfa3e19a752bf986,8c503c07dc6dcdd904e948f14d270410c2fbd4d9796f8d9e08451dc34c7d4399,64ee837add19202e84553431fdab118462cf5265eeae19a4d044b5a6818f771d,,,full,0.2,True
ACT + Detector,173,8000215,metaworld,True,60,0.2918943130025582,0,0,0,0,0.1952468603849411,,True,False,,63b592cc8433500589dd427919fb148204581094c62e04af23dffc7fd910c9b0,8c503c07dc6dcdd904e948f14d270410c2fbd4d9796f8d9e08451dc34c7d4399,a8cfe6e2276fbd15230c5555255b87d17333bdd29f84f687df7405d0311fae7f,,,full,0.2,True
ACT + Detector,174,8000216,metaworld,False,200,0.9845881510009349,0,0,1,0,0.9962634444236755,,False,True,timeout,6716dc684df16c2e3b18b621765b729fa9f491cd6503320c3e29cd2df76706b8,8c503c07dc6dcdd904e948f14d270410c2fbd4d9796f8d9e08451dc34c7d4399,504c23f653f6cdee9d659d9320b164606b319d4f0e9cdf0f3a87e2fc7a98160a,,,full,0.2,True
ACT + Detector,175,8000217,metaworld,False,200,0.939756091000163,0,0,1,0,0.999330997467041,,False,True,timeout,be26e3deff3b992c068bcf5c50b6b5027005dca7c8a16f339d8fa4fe4eccd9e9,8c503c07dc6dcdd904e948f14d270410c2fbd4d9796f8d9e08451dc34c7d4399,20cf3cfee33051ea4ca25b64648f05450b0068ae0136ae52c3108d28b02f3691,,,full,0.2,True
ACT + Detector,176,8000218,metaworld,True,54,0.2520988040014345,0,0,0,0,0.17178727686405182,,True,False,,e9f1968a62b7150ae5c13f85515eb13ea6e0573af4dc8f84ce85174b05bbadd4,8c503c07dc6dcdd904e948f14d270410c2fbd4d9796f8d9e08451dc34c7d4399,f82ceac6f8787ac22c378edc1f141cedcc86bf9309b43f1aff6633ae0a963abb,,,full,0.2,True
ACT + Detector,177,8000219,metaworld,True,66,0.3181532380003773,0,0,1,0,0.2947448194026947,,True,False,,ea1c2380d73069f89c2283f28366399b930f4559795746611b94bbfb614cbbd7,8c503c07dc6dcdd904e948f14d270410c2fbd4d9796f8d9e08451dc34c7d4399,942fb6a87dc1e3eb7bf7bb111c97e7096138256b4a9a6b4c62a012fabe8bec38,,,full,0.2,True
ACT + Detector,178,8000220,metaworld,False,200,0.9432807430021057,0,0,1,0,0.9966117739677429,,False,True,timeout,38bd67fb5617cfb65a4d1643bfc092c0b7b006bf1bb5d72ea770ac45d7aaf535,8c503c07dc6dcdd904e948f14d270410c2fbd4d9796f8d9e08451dc34c7d4399,acfaed29b052207b47b4b7fa76672795fd08de3add8565db05f141de82ece90b,,,full,0.2,True
ACT + Detector,179,8000221,metaworld,True,57,0.2797488899996097,0,0,0,0,0.09753609448671341,,True,False,,5c60610d5cff6e2ccd8af1e4fce2890979cb5cab1b372b31110b22f3c343ea28,8c503c07dc6dcdd904e948f14d270410c2fbd4d9796f8d9e08451dc34c7d4399,f6a9ed9055e00c868d6771022c2c557a6a48990bdacbed585d07cde857d4755a,,,full,0.2,True
ACT + Detector,180,8000222,metaworld,True,60,0.2941224179994606,0,0,0,0,0.13593783974647522,,True,False,,392264f8f8b19341906911dc92b7689d0a8a6e75633f8a9ebc0d3721a283a551,8c503c07dc6dcdd904e948f14d270410c2fbd4d9796f8d9e08451dc34c7d4399,25805a097f1f4b8c203ec3c130dcd3e66b5fb3ad298114a08662aae6c86fa673,,,full,0.2,True
ACT + Detector,181,8000223,metaworld,False,200,0.9696967480012972,0,0,1,0,0.9939223527908325,,False,True,object_dropped,db2d64a16b1d4b3f50f7392641b915c253f9aab8bbad81410b126656ecdda276,8c503c07dc6dcdd904e948f14d270410c2fbd4d9796f8d9e08451dc34c7d4399,25805a097f1f4b8c203ec3c130dcd3e66b5fb3ad298114a08662aae6c86fa673,,,full,0.2,True
ACT + Detector,182,8000224,metaworld,False,200,0.9336405579997518,0,0,1,0,0.9996261596679688,,False,True,timeout,642d33bfcbb6b5d887e0a7834e08dff14ebe8430ea24f98420b6f628963cc60c,8c503c07dc6dcdd904e948f14d270410c2fbd4d9796f8d9e08451dc34c7d4399,342b72dafe0e47ecf8a937cb01e62ac02c2d77bf93dafca59574cbbbfc4ad77b,,,full,0.2,True
ACT + Detector,183,8000225,metaworld,False,200,0.9405753270002606,0,0,1,0,0.9805870056152344,,False,True,object_dropped,8fc5ddc209b3b3ca9f81d000a29b001f52ffc3d3f17efd4d81880f1f08c76d5e,8c503c07dc6dcdd904e948f14d270410c2fbd4d9796f8d9e08451dc34c7d4399,bb2c6b1aed959fa3ddddb1c215ce67cbb5b0ec080eb65fb58e06b7776849a096,,,full,0.2,True
ACT + Detector,184,8000226,metaworld,True,64,0.30258486100137816,0,0,0,0,0.13163527846336365,,True,False,,0a62b613f409cb6f37cabd44e5b9c3460a765d644eb50dac23fd1d366b443206,8c503c07dc6dcdd904e948f14d270410c2fbd4d9796f8d9e08451dc34c7d4399,e216352c7f1c7392270c7c501bb599f2a46f420613a124fda0729ab88160cdf2,,,full,0.2,True
ACT + Detector,185,8000227,metaworld,False,200,0.9254562220012303,0,0,1,0,0.7209541201591492,,False,True,timeout,d5992319571babba77dd246dbc6cf7f0d8d04a0d6169f95e68371e598287129e,8c503c07dc6dcdd904e948f14d270410c2fbd4d9796f8d9e08451dc34c7d4399,342b72dafe0e47ecf8a937cb01e62ac02c2d77bf93dafca59574cbbbfc4ad77b,,,full,0.2,True
ACT + Detector,186,8000228,metaworld,False,200,0.921149048001098,0,0,1,0,0.8277414441108704,,False,True,timeout,d38914792c68c5ce04e53cf722b1298b39dbd43a01539d2ad53059401ff594c4,8c503c07dc6dcdd904e948f14d270410c2fbd4d9796f8d9e08451dc34c7d4399,cea0b9105255f82e0ee99bfb3998a6edce02b446d4b14afb0747282cd18aa202,,,full,0.2,True
ACT + Detector,187,8000229,metaworld,False,200,0.915029327999946,0,0,1,0,0.9984683394432068,,False,True,timeout,d44fcf1045c9afdf56a6c888cbfdf0dc0aa61b4a6ed01d20d96be630a2530147,8c503c07dc6dcdd904e948f14d270410c2fbd4d9796f8d9e08451dc34c7d4399,acfaed29b052207b47b4b7fa76672795fd08de3add8565db05f141de82ece90b,,,full,0.2,True
ACT + Detector,188,8000230,metaworld,False,200,0.9234621950017754,0,0,1,0,0.9984025359153748,,False,True,timeout,62fa050c6c67598685ca42cc7353cea9a0b9cbccbd0fe42031675bd1785d831e,8c503c07dc6dcdd904e948f14d270410c2fbd4d9796f8d9e08451dc34c7d4399,6943489118fc060756e24fd47685e2c10173293d54af0af7e8afa9e287c9c5f1,,,full,0.2,True
ACT + Detector,189,8000231,metaworld,False,200,0.9071783799990953,0,0,1,0,0.9588122367858887,,False,True,timeout,38809d524195d171e28cc02ea50209eb964b0dd4e64bc5f41819599fcd99421a,8c503c07dc6dcdd904e948f14d270410c2fbd4d9796f8d9e08451dc34c7d4399,588df85fb38ef87f822932ad2f702be807974873e4a07ea43084bbdeeaac6604,,,full,0.2,True
ACT + Detector,190,8000232,metaworld,False,200,0.9152482960016641,0,0,1,0,0.5526767373085022,,False,True,timeout,de90b645a71295d71dfab8cd9b51a93846af55a51b5612039d399af7d6d68560,8c503c07dc6dcdd904e948f14d270410c2fbd4d9796f8d9e08451dc34c7d4399,b8e45a2f8f553d53c6eef0305347f910b9999bcae6df6ccaf0eaee6ac864e670,,,full,0.2,True
ACT + Detector,191,8000233,metaworld,False,200,0.9167356019970612,0,0,1,0,0.978086531162262,,False,True,timeout,dbf9e83a97ef9ad7e8ecb62a7c17113fa219b3c773d7f8286114d3f6f7e106aa,8c503c07dc6dcdd904e948f14d270410c2fbd4d9796f8d9e08451dc34c7d4399,aa1f17aacdf569c3a2930a2ebbf742ff43f8d3acfc772731a5c344cabcd52570,,,full,0.2,True
ACT + Detector,192,8000234,metaworld,True,61,0.2835640859993873,0,0,0,0,0.15412606298923492,,True,False,,aa9eba9f5498f5735575f13bfbed2585b14a776d89a41d198a43391284f00c76,8c503c07dc6dcdd904e948f14d270410c2fbd4d9796f8d9e08451dc34c7d4399,c5023b3d25031a103b9549b6e8c83ba09d69e708ef117c31128a38e03616e5d8,,,full,0.2,True
ACT + Detector,193,8000235,metaworld,False,200,0.921459296001558,0,0,1,0,0.9996986389160156,,False,True,timeout,78e5bb5e01efba4f1a130a8a2b156f8c65942e8374fb5e70b562f7a5a957ffe9,8c503c07dc6dcdd904e948f14d270410c2fbd4d9796f8d9e08451dc34c7d4399,aba21ef1c98d0573e36116c9757115227fd3793cba96aea7eda95c2547314ca3,,,full,0.2,True
ACT + Detector,194,8000236,metaworld,True,59,0.26911785600168514,0,0,0,0,0.17466376721858978,,True,False,,4e586c8f1ee18dce696f7c6b9321faff78181c07aae11ef4ce41128e05b2c299,8c503c07dc6dcdd904e948f14d270410c2fbd4d9796f8d9e08451dc34c7d4399,64ee837add19202e84553431fdab118462cf5265eeae19a4d044b5a6818f771d,,,full,0.2,True
ACT + Detector,195,8000237,metaworld,False,200,0.9112274270009948,0,0,1,0,0.9982153177261353,,False,True,timeout,d49ef440666d1f9870509df2c54d75af2b3e87ec807f6e18cbcbee5190bde27f,8c503c07dc6dcdd904e948f14d270410c2fbd4d9796f8d9e08451dc34c7d4399,aba21ef1c98d0573e36116c9757115227fd3793cba96aea7eda95c2547314ca3,,,full,0.2,True
ACT + Detector,196,8000238,metaworld,True,52,0.23986669499936397,0,0,0,0,0.1917368769645691,,True,False,,df7ffef0f8d68afd8b7827c4275093449bd07b37e89592013bee27e636bcfad9,8c503c07dc6dcdd904e948f14d270410c2fbd4d9796f8d9e08451dc34c7d4399,acfaed29b052207b47b4b7fa76672795fd08de3add8565db05f141de82ece90b,,,full,0.2,True
ACT + Detector,197,8000239,metaworld,True,58,0.26765439700102434,0,0,0,0,0.19005374610424042,,True,False,,3a66e96cc237d4cb5d4ac4c67706ec95ea47cbfa9997043158bb3bb465a0808e,8c503c07dc6dcdd904e948f14d270410c2fbd4d9796f8d9e08451dc34c7d4399,6cb8d983459a8e57d4ae53a86da2394015cabba2d7c306dcaf7b14af979ca230,,,full,0.2,True
ACT + Detector,198,8000240,metaworld,False,200,0.912893961998634,0,0,1,0,0.872887372970581,,False,True,object_dropped,308665724a2e37cec7f5bf20121bce41e4187b2779aa8e916d000c5b8597fc4b,8c503c07dc6dcdd904e948f14d270410c2fbd4d9796f8d9e08451dc34c7d4399,742509487aeb71d366f1ddafa1cb12db2f7cfefe17c4ca89c98cffb67c1c8619,,,full,0.2,True
ACT + Detector,199,8000241,metaworld,True,56,0.2702073869986634,0,0,1,0,0.20770782232284546,,True,False,,29081c26d6691692208bff228f4ae665959f2925f011d52892d4f405c3e68a62,8c503c07dc6dcdd904e948f14d270410c2fbd4d9796f8d9e08451dc34c7d4399,5e1df472084de78052388a34f03cad3de438ca9b5dc801b5759dd57c66a7482a,,,full,0.2,True
ACT + Detector,200,8000242,metaworld,True,54,0.2528877040022053,0,0,1,0,0.21708595752716064,,True,False,,0e99aaeb5688aaefe51eb62c3c2f960d71e8640dfb4ebea90331e626731a1cd3,8c503c07dc6dcdd904e948f14d270410c2fbd4d9796f8d9e08451dc34c7d4399,588df85fb38ef87f822932ad2f702be807974873e4a07ea43084bbdeeaac6604,,,full,0.2,True
ACT + Detector,201,8000243,metaworld,True,51,0.2207055250000849,0,0,1,0,0.2334902286529541,,True,False,,84c1e0a6c02ae3ead4fce8ddebc1993a38afea0cfd02718b51c63eb57a00c929,8c503c07dc6dcdd904e948f14d270410c2fbd4d9796f8d9e08451dc34c7d4399,aa1f17aacdf569c3a2930a2ebbf742ff43f8d3acfc772731a5c344cabcd52570,,,full,0.2,True
ACT + Detector,202,8000244,metaworld,True,53,0.23508151699934388,0,0,0,0,0.18284668028354645,,True,False,,adc7b84ca5aa72565c19e631bf97a4ef6e08a72dc095773c3018e12295fdbdfa,8c503c07dc6dcdd904e948f14d270410c2fbd4d9796f8d9e08451dc34c7d4399,56b7f182edcfeefa9301e1edd53d7f36e4418de7e6df1b54b0f0c298cde1b3cd,,,full,0.2,True
ACT + Detector,203,8000245,metaworld,True,51,0.24086986900147167,0,0,0,0,0.18236438930034637,,True,False,,7288af12dbc3dee0e330fa60583e8406a4e60b3dd1467e32d0577627b9a8ca68,8c503c07dc6dcdd904e948f14d270410c2fbd4d9796f8d9e08451dc34c7d4399,5e1df472084de78052388a34f03cad3de438ca9b5dc801b5759dd57c66a7482a,,,full,0.2,True
ACT + Detector,204,8000246,metaworld,False,200,0.822355948999757,0,0,1,0,0.7923232316970825,,False,True,timeout,53a506eeedc2c62e53654f1b4822820373cef5f863be6c182a0ac29c3b07a103,8c503c07dc6dcdd904e948f14d270410c2fbd4d9796f8d9e08451dc34c7d4399,2eb279a724955c1a9d173681940490ec9cc8ed4fdc15a95533884a23d4ccdb4e,,,full,0.2,True
ACT + Detector,205,8000247,metaworld,True,62,0.2574836099993263,0,0,0,0,0.18435001373291016,,True,False,,6317a610f9cf6eb878d8cfde04bbe3de38fe0b593e4312937ec0566d7b055604,8c503c07dc6dcdd904e948f14d270410c2fbd4d9796f8d9e08451dc34c7d4399,c5023b3d25031a103b9549b6e8c83ba09d69e708ef117c31128a38e03616e5d8,,,full,0.2,True
ACT + Detector,206,8000248,metaworld,False,200,0.8214848930001608,0,0,1,0,0.991617739200592,,False,True,timeout,eb7d54e25cf988c94a3fad62183f0ba1117f26669fbc239809c57557fefe1d1b,8c503c07dc6dcdd904e948f14d270410c2fbd4d9796f8d9e08451dc34c7d4399,5d73f28d4d24cdbcb36a5e5cd61ec1a82f7287ce56d88da8cea912ed757b164c,,,full,0.2,True
ACT + Detector,207,8000249,metaworld,False,200,0.8410374900013267,0,0,1,0,0.9983646273612976,,False,True,timeout,f35426c94884742b036d8e283f52995943a73aa8abc384dcb1c07dd376e003e5,8c503c07dc6dcdd904e948f14d270410c2fbd4d9796f8d9e08451dc34c7d4399,20cf3cfee33051ea4ca25b64648f05450b0068ae0136ae52c3108d28b02f3691,,,full,0.2,True
ACT + Detector,208,8000250,metaworld,True,48,0.19673044199953438,0,0,0,0,0.19999900460243225,,True,False,,a7ca029c87b0283f4cc30a77407038759e3d945acd8b3a015cec99315b5a38cd,8c503c07dc6dcdd904e948f14d270410c2fbd4d9796f8d9e08451dc34c7d4399,e6e55bdbd77dc052facbc072d20b08a21d116978c37627b9a3d9dc7989dfbe62,,,full,0.2,True
ACT + Detector,209,8000251,metaworld,False,200,0.834563041000365,0,0,1,0,0.9997950196266174,,False,True,timeout,11ae3dac31a31c75566a1291321e06797e8967acbbcdb9c18f83471142c0c76e,8c503c07dc6dcdd904e948f14d270410c2fbd4d9796f8d9e08451dc34c7d4399,3183afb500ebb9a5af177cccb5b5889a8321eb35261f8ec571269f8b5ed9cd1a,,,full,0.2,True
ACT + Detector,210,8000252,metaworld,True,56,0.23705713399976958,0,0,1,0,0.23792140185832977,,True,False,,409eff25166a15104d99293dc29b9a8e2c8922db995b42df96aaecff4adc244e,8c503c07dc6dcdd904e948f14d270410c2fbd4d9796f8d9e08451dc34c7d4399,64ee837add19202e84553431fdab118462cf5265eeae19a4d044b5a6818f771d,,,full,0.2,True
ACT + Detector,211,8000253,metaworld,True,58,0.24577331999898888,0,0,0,0,0.16055898368358612,,True,False,,049d6c16abdd1f043478b766cb9d9511ad903fc4b45d95b6104c9f1a35caf4e3,8c503c07dc6dcdd904e948f14d270410c2fbd4d9796f8d9e08451dc34c7d4399,b8e45a2f8f553d53c6eef0305347f910b9999bcae6df6ccaf0eaee6ac864e670,,,full,0.2,True
ACT + Detector,212,8000254,metaworld,False,200,0.8624176900011662,0,0,1,0,0.9121279120445251,,False,True,timeout,a5fb38aa460f63359f3ae03e92d9b2f7a2987abc4bd53b6d3eea4c08b49894b5,8c503c07dc6dcdd904e948f14d270410c2fbd4d9796f8d9e08451dc34c7d4399,8a99d46d6d04afe3e2ef92bb607dde5e178b5c37506006c4f364e345976453b1,,,full,0.2,True
ACT + Detector,213,8000255,metaworld,False,200,0.8374591659994621,0,0,1,0,0.9883697032928467,,False,True,timeout,d375df25a6192e892858258c3e550d12f4e276f2279ed8c549cf377d03a69c6a,8c503c07dc6dcdd904e948f14d270410c2fbd4d9796f8d9e08451dc34c7d4399,aa1f17aacdf569c3a2930a2ebbf742ff43f8d3acfc772731a5c344cabcd52570,,,full,0.2,True
ACT + Detector,214,8000256,metaworld,True,50,0.2025207689985109,0,0,0,0,0.15433581173419952,,True,False,,25ac0388e14490ec211be1e2514fa341ef8a58d74610d296af94439ad28b665c,8c503c07dc6dcdd904e948f14d270410c2fbd4d9796f8d9e08451dc34c7d4399,2ad5907877cc42b4447b9630988e3a1f0da0d83e1f696f71e22dc69905e631b6,,,full,0.2,True
ACT + Detector,215,8000257,metaworld,True,64,0.27065820999996504,0,0,0,0,0.1770266592502594,,True,False,,56241fcc9327754aa12b61d19de04ff8ed2d0110c9959a1eabdda7540148d3d5,8c503c07dc6dcdd904e948f14d270410c2fbd4d9796f8d9e08451dc34c7d4399,c5023b3d25031a103b9549b6e8c83ba09d69e708ef117c31128a38e03616e5d8,,,full,0.2,True
ACT + Detector,216,8000258,metaworld,False,200,0.8776265729975421,0,0,1,0,0.9989540576934814,,False,True,timeout,2b43a762a003c8fbd0bb840fe11f57638679a789c0ff200827aab19530867030,8c503c07dc6dcdd904e948f14d270410c2fbd4d9796f8d9e08451dc34c7d4399,aba21ef1c98d0573e36116c9757115227fd3793cba96aea7eda95c2547314ca3,,,full,0.2,True
ACT + Detector,217,8000259,metaworld,False,200,0.844186708000052,0,0,1,0,0.9996582269668579,,False,True,timeout,20f242e745c0b9186a2990a82dd75a0a1787cd898b4a412f474705c8f4158b94,8c503c07dc6dcdd904e948f14d270410c2fbd4d9796f8d9e08451dc34c7d4399,342b72dafe0e47ecf8a937cb01e62ac02c2d77bf93dafca59574cbbbfc4ad77b,,,full,0.2,True
ACT + Detector,218,8000260,metaworld,True,54,0.23541216300145607,0,0,0,0,0.10001815110445023,,True,False,,d95c008539cfd9cfcf9e45aaf53cc58f89f9db33495ec5e4d50593991889a2f8,8c503c07dc6dcdd904e948f14d270410c2fbd4d9796f8d9e08451dc34c7d4399,742509487aeb71d366f1ddafa1cb12db2f7cfefe17c4ca89c98cffb67c1c8619,,,full,0.2,True
ACT + Detector,219,8000261,metaworld,False,200,0.8281986600013624,0,0,1,0,0.997912585735321,,False,True,object_dropped,814777b97c68e0d333fa2b4d2caa7fe9833e983dcfee4548faf6c41a84293787,8c503c07dc6dcdd904e948f14d270410c2fbd4d9796f8d9e08451dc34c7d4399,e6e55bdbd77dc052facbc072d20b08a21d116978c37627b9a3d9dc7989dfbe62,,,full,0.2,True
ACT + Detector,220,8000262,metaworld,False,200,0.8372092059980787,0,0,1,0,0.9997711777687073,,False,True,timeout,f2ccbcf316af9506c3c26337a540729ba188bd50fdd451ee7f5955880f230b06,8c503c07dc6dcdd904e948f14d270410c2fbd4d9796f8d9e08451dc34c7d4399,6cb8d983459a8e57d4ae53a86da2394015cabba2d7c306dcaf7b14af979ca230,,,full,0.2,True
ACT + Detector,221,8000263,metaworld,True,53,0.22607868400154985,0,0,0,0,0.10478616505861282,,True,False,,78bc28f0c0e3c58375e3ee2b10bb082e60108bb0a96a593f630927c0d8b0fdcf,8c503c07dc6dcdd904e948f14d270410c2fbd4d9796f8d9e08451dc34c7d4399,742509487aeb71d366f1ddafa1cb12db2f7cfefe17c4ca89c98cffb67c1c8619,,,full,0.2,True
ACT + Detector,222,8000264,metaworld,False,200,0.9663429239990364,0,0,1,0,0.6984691619873047,,False,True,timeout,a0d355ff3b6e782935ec2a805390a9e33ba37a143a6b0888c81f2768bb5a6376,8c503c07dc6dcdd904e948f14d270410c2fbd4d9796f8d9e08451dc34c7d4399,08a97a6dfa17f78b5cc5b1351d60038e4a40a68fc93722672482714333b1d9b5,,,full,0.2,True
ACT + Detector,223,8000265,metaworld,True,58,0.30041205900124623,0,0,1,0,0.27396413683891296,,True,False,,6a6664f15c4b334c64098b6a75c865d9c1fec6176735e7c9a8cb5fe7af532c06,8c503c07dc6dcdd904e948f14d270410c2fbd4d9796f8d9e08451dc34c7d4399,f82ceac6f8787ac22c378edc1f141cedcc86bf9309b43f1aff6633ae0a963abb,,,full,0.2,True
ACT + Detector,224,8000266,metaworld,False,200,0.8807898019986169,0,0,1,0,0.9996662139892578,,False,True,timeout,49a09476a0fc5b05834662241953d430f9871ce8023dbdb50859842af0fee4eb,8c503c07dc6dcdd904e948f14d270410c2fbd4d9796f8d9e08451dc34c7d4399,3183afb500ebb9a5af177cccb5b5889a8321eb35261f8ec571269f8b5ed9cd1a,,,full,0.2,True
ACT + Detector,225,8000267,metaworld,False,200,0.853338430999429,0,0,1,0,0.9583439826965332,,False,True,timeout,40c45da2404f13709ed3eef019ac68634f2d5eab91a3351e2d3242023f7f3891,8c503c07dc6dcdd904e948f14d270410c2fbd4d9796f8d9e08451dc34c7d4399,acfaed29b052207b47b4b7fa76672795fd08de3add8565db05f141de82ece90b,,,full,0.2,True
ACT + Detector,226,8000268,metaworld,True,49,0.20992490900243865,0,0,0,0,0.183892160654068,,True,False,,f465aac26912c5770e881c368548de819e4c821d0156784f48b9c0ab3db5561c,8c503c07dc6dcdd904e948f14d270410c2fbd4d9796f8d9e08451dc34c7d4399,08a97a6dfa17f78b5cc5b1351d60038e4a40a68fc93722672482714333b1d9b5,,,full,0.2,True
ACT + Detector,227,8000269,metaworld,False,200,0.8367548409987648,0,0,1,0,0.501075267791748,,False,True,timeout,6b6edfa086f9113ddc5d3df2896c8a8249fb2c3ea4115238a52f47e637cda0ad,8c503c07dc6dcdd904e948f14d270410c2fbd4d9796f8d9e08451dc34c7d4399,27e1ed8c670f23dae46752497e383610e58c248d638e3b9b707808a32ce33d4e,,,full,0.2,True
ACT + Detector,228,8000270,metaworld,True,55,0.23226288400110207,0,0,1,0,0.2328982651233673,,True,False,,0d1c95452d7bf7575613961de8b3972f8c00e647c0031856296f8b23f9dd3243,8c503c07dc6dcdd904e948f14d270410c2fbd4d9796f8d9e08451dc34c7d4399,f82ceac6f8787ac22c378edc1f141cedcc86bf9309b43f1aff6633ae0a963abb,,,full,0.2,True
ACT + Detector,229,8000271,metaworld,False,200,0.8768806450025295,0,0,1,0,0.995746910572052,,False,True,timeout,55a352332ff28e077db3e948a602ff2e04620a957a28e6cadaed6d0c642823d9,8c503c07dc6dcdd904e948f14d270410c2fbd4d9796f8d9e08451dc34c7d4399,0f719f94ef165c0b816b8b10c3f4f5fcf802c9f5a25141035590310315749280,,,full,0.2,True
ACT + Detector,230,8000272,metaworld,False,200,0.8356125339996652,0,0,1,0,0.9986006617546082,,False,True,object_dropped,4a69949dc1f6b365df17291001c58908f52b54429c124b32a6d17766eee7c892,8c503c07dc6dcdd904e948f14d270410c2fbd4d9796f8d9e08451dc34c7d4399,5732f26a5a3acd61cb38107328c80d8fadad8368570aba69b803668406e8f53d,,,full,0.2,True
ACT + Detector,231,8000273,metaworld,False,200,0.8486257010008558,0,0,1,0,0.9998514652252197,,False,True,timeout,26bbfde43cc04fa591381121c7420eb5cb50847b0b2f938156f3ce2fd84968c4,8c503c07dc6dcdd904e948f14d270410c2fbd4d9796f8d9e08451dc34c7d4399,342b72dafe0e47ecf8a937cb01e62ac02c2d77bf93dafca59574cbbbfc4ad77b,,,full,0.2,True
ACT + Detector,232,8000274,metaworld,False,200,0.8483968929976982,0,0,1,0,0.9191229343414307,,False,True,timeout,ba9be12121a1ff6d819cb8f4fd9595e0ed71dfbe65647a6c6c49db57335a2336,8c503c07dc6dcdd904e948f14d270410c2fbd4d9796f8d9e08451dc34c7d4399,35aa26efb4a8651c1d8f46a573d3d4fea76add87b5c76a00531e1cea9ad04412,,,full,0.2,True
ACT + Detector,233,8000275,metaworld,True,54,0.23405400299816392,0,0,0,0,0.1217007115483284,,True,False,,51dfdb3055a231c0b7567a655a6ab480c0c4a11acd2a9ab73ffa108a72be93b5,8c503c07dc6dcdd904e948f14d270410c2fbd4d9796f8d9e08451dc34c7d4399,64ee837add19202e84553431fdab118462cf5265eeae19a4d044b5a6818f771d,,,full,0.2,True
ACT + Detector,234,8000276,metaworld,False,200,0.8536100320015976,0,0,1,0,0.7426409721374512,,False,True,timeout,9151ed727125111163e0e9055029be8ef41790007d3d7cf25fddc6f7033fbaaf,8c503c07dc6dcdd904e948f14d270410c2fbd4d9796f8d9e08451dc34c7d4399,cea0b9105255f82e0ee99bfb3998a6edce02b446d4b14afb0747282cd18aa202,,,full,0.2,True
ACT + Detector,235,8000277,metaworld,True,54,0.23562306300300406,0,0,0,0,0.18722914159297943,,True,False,,1b34ae6a6957ce398feff1a8b7c6999a17da471989dd7925e674ea7bc1cbe4b8,8c503c07dc6dcdd904e948f14d270410c2fbd4d9796f8d9e08451dc34c7d4399,6943489118fc060756e24fd47685e2c10173293d54af0af7e8afa9e287c9c5f1,,,full,0.2,True
ACT + Detector,236,8000278,metaworld,True,61,0.2639026440010639,0,0,0,0,0.16579271852970123,,True,False,,c346c1d2189dcd2725a7fe93355d82f20f2de2baeec7743a9577a5e0639f10cb,8c503c07dc6dcdd904e948f14d270410c2fbd4d9796f8d9e08451dc34c7d4399,e216352c7f1c7392270c7c501bb599f2a46f420613a124fda0729ab88160cdf2,,,full,0.2,True
ACT + Detector,237,8000279,metaworld,False,200,0.853880039001524,0,0,1,0,0.9939905405044556,,False,True,object_dropped,24120bbe87bfbe94d9d36c83865d1e613c576c1b384d5e0847df707295614dd6,8c503c07dc6dcdd904e948f14d270410c2fbd4d9796f8d9e08451dc34c7d4399,504c23f653f6cdee9d659d9320b164606b319d4f0e9cdf0f3a87e2fc7a98160a,,,full,0.2,True
ACT + Detector,238,8000280,metaworld,False,200,0.8414246959982847,0,0,1,0,0.9873375296592712,,False,True,timeout,b89e3698b049e3313ccbf1404dda57b257c347e0525901ede1c115bee9e74ffc,8c503c07dc6dcdd904e948f14d270410c2fbd4d9796f8d9e08451dc34c7d4399,ba19e0623fe05add91e00811bacb33e27305f5fcb6549be6f6278ebce6046101,,,full,0.2,True
ACT + Detector,239,8000281,metaworld,True,50,0.20975138400172,0,0,1,0,0.21287818253040314,,True,False,,ed9f5ee96c61008a492ca87b268dd1a0d586fbbf1620f98c501c4146a607600a,8c503c07dc6dcdd904e948f14d270410c2fbd4d9796f8d9e08451dc34c7d4399,08a97a6dfa17f78b5cc5b1351d60038e4a40a68fc93722672482714333b1d9b5,,,full,0.2,True
ACT + Detector,240,8000282,metaworld,True,50,0.20460916500087478,0,0,0,0,0.1559719443321228,,True,False,,a854bc5eb119af89249c83c21828240ee35413eee84f4c5d4bf40e8de16371d0,8c503c07dc6dcdd904e948f14d270410c2fbd4d9796f8d9e08451dc34c7d4399,56b7f182edcfeefa9301e1edd53d7f36e4418de7e6df1b54b0f0c298cde1b3cd,,,full,0.2,True
ACT + Detector,241,8000283,metaworld,True,57,0.24429505100124516,0,0,0,0,0.1219194158911705,,True,False,,0bcbd68cebc7193f758fd8d355ca1757aa7fb66af19cac7d829dfbe53e6a22b3,8c503c07dc6dcdd904e948f14d270410c2fbd4d9796f8d9e08451dc34c7d4399,a0b103bf3e43f4aa92753185301eba5e2e31594285004b99f51a59b33bd2d620,,,full,0.2,True
ACT + Detector,242,8000284,metaworld,True,54,0.22844601299948408,0,0,0,0,0.1925297975540161,,True,False,,e6df674e7aa64714ec72809c2285f48362947cd9295f0bb4249449ddcb2c1de9,8c503c07dc6dcdd904e948f14d270410c2fbd4d9796f8d9e08451dc34c7d4399,5e1df472084de78052388a34f03cad3de438ca9b5dc801b5759dd57c66a7482a,,,full,0.2,True
ACT + Detector,243,8000285,metaworld,False,200,0.8455923459987389,0,0,1,0,0.9883040189743042,,False,True,timeout,dfb9f1a8e84a901c057deeb77404e506d15bc23587f9f0f8543fc68a710cd799,8c503c07dc6dcdd904e948f14d270410c2fbd4d9796f8d9e08451dc34c7d4399,504c23f653f6cdee9d659d9320b164606b319d4f0e9cdf0f3a87e2fc7a98160a,,,full,0.2,True
ACT + Detector,244,8000286,metaworld,True,51,0.2166964479984017,0,0,0,0,0.1674126386642456,,True,False,,e5cf8f03fc32103b2146e9684f9db653e9cc9ecff8a2a89c4753244794e44515,8c503c07dc6dcdd904e948f14d270410c2fbd4d9796f8d9e08451dc34c7d4399,2ad5907877cc42b4447b9630988e3a1f0da0d83e1f696f71e22dc69905e631b6,,,full,0.2,True
ACT + Detector,245,8000287,metaworld,True,57,0.2387309190016822,0,0,0,0,0.17312246561050415,,True,False,,b78f5441e3311b76b5de34f7b1db85316fb976ce18189166b42d6a74f65b4a15,8c503c07dc6dcdd904e948f14d270410c2fbd4d9796f8d9e08451dc34c7d4399,a0b103bf3e43f4aa92753185301eba5e2e31594285004b99f51a59b33bd2d620,,,full,0.2,True
ACT + Detector,246,8000288,metaworld,True,61,0.26285029200153076,0,0,1,0,0.2809150516986847,,True,False,,91becfe017c179d5436f0a7fb29e02ac009e090744aa5495cf12eb2dd28b1c02,8c503c07dc6dcdd904e948f14d270410c2fbd4d9796f8d9e08451dc34c7d4399,8a99d46d6d04afe3e2ef92bb607dde5e178b5c37506006c4f364e345976453b1,,,full,0.2,True
ACT + Detector,247,8000289,metaworld,False,200,0.8500882459993591,0,0,1,0,0.9962474703788757,,False,True,timeout,fca9c8a79653c60ac0043625027e1c93f5bd8fc801ee1afd3c10149f19e83d03,8c503c07dc6dcdd904e948f14d270410c2fbd4d9796f8d9e08451dc34c7d4399,f82ceac6f8787ac22c378edc1f141cedcc86bf9309b43f1aff6633ae0a963abb,,,full,0.2,True
ACT + Detector,248,8000290,metaworld,False,200,0.8500444799974503,0,0,1,0,0.9990226030349731,,False,True,timeout,594875d3784f28c90816cd2c54b5ab3d0c6be9c9ead70b0c432cdbaccfa70171,8c503c07dc6dcdd904e948f14d270410c2fbd4d9796f8d9e08451dc34c7d4399,35aa26efb4a8651c1d8f46a573d3d4fea76add87b5c76a00531e1cea9ad04412,,,full,0.2,True
ACT + Detector,249,8000291,metaworld,True,60,0.26357324900163803,0,0,0,0,0.14947834610939026,,True,False,,f21b9decb2278df2a5bc0b2db03d8663cae00374371bb3c72df35590e6d4754d,8c503c07dc6dcdd904e948f14d270410c2fbd4d9796f8d9e08451dc34c7d4399,5732f26a5a3acd61cb38107328c80d8fadad8368570aba69b803668406e8f53d,,,full,0.2,True
ACT + Detector,250,8000292,metaworld,False,200,0.8550795129995095,0,0,1,0,0.992559552192688,,False,True,timeout,249df828bc5aeda20d6c83c79f128d8221add27e30b78f8318e234ff574e76f1,8c503c07dc6dcdd904e948f14d270410c2fbd4d9796f8d9e08451dc34c7d4399,942fb6a87dc1e3eb7bf7bb111c97e7096138256b4a9a6b4c62a012fabe8bec38,,,full,0.2,True
ACT + Detector,251,8000293,metaworld,False,200,0.8641867430014827,0,0,1,0,0.725911557674408,,False,True,timeout,58b66834454962ef9859c6b0ead4d4557af87a9a40625cb473b49ed86d0a808d,8c503c07dc6dcdd904e948f14d270410c2fbd4d9796f8d9e08451dc34c7d4399,588df85fb38ef87f822932ad2f702be807974873e4a07ea43084bbdeeaac6604,,,full,0.2,True
ACT + Detector,252,8000294,metaworld,False,200,0.8603360009983589,0,0,1,0,0.9257843494415283,,False,True,timeout,aa410d0276e7d82c962771eb550591e573c29d4e2acd8644f13066f540114adc,8c503c07dc6dcdd904e948f14d270410c2fbd4d9796f8d9e08451dc34c7d4399,0f719f94ef165c0b816b8b10c3f4f5fcf802c9f5a25141035590310315749280,,,full,0.2,True
ACT + Detector,253,8000295,metaworld,False,200,0.8402798610004538,0,0,1,0,0.8745486736297607,,False,True,timeout,fb15aab2c598f92ae49d160c6c4908a817cbd3c4d231081f912a7772acc28aa5,8c503c07dc6dcdd904e948f14d270410c2fbd4d9796f8d9e08451dc34c7d4399,39001749c902e2ab9d015efb8c7644faffff99810b709d3203dc359d5eacdcbd,,,full,0.2,True
ACT + Detector,254,8000296,metaworld,False,200,0.9305539859997225,0,0,1,0,0.9067657589912415,,False,True,timeout,77f79dc12dc01b50678b350ccba7496d5f0a50d593c1bc8374651b0e2170aa0d,8c503c07dc6dcdd904e948f14d270410c2fbd4d9796f8d9e08451dc34c7d4399,bb2c6b1aed959fa3ddddb1c215ce67cbb5b0ec080eb65fb58e06b7776849a096,,,full,0.2,True
ACT + Detector,255,8000297,metaworld,True,54,0.23536371699810843,0,0,0,0,0.15796685218811035,,True,False,,405d2778dcc9d10507d15969330706f7ac53f22af4a838d40e168037ef9f0f6b,8c503c07dc6dcdd904e948f14d270410c2fbd4d9796f8d9e08451dc34c7d4399,0f719f94ef165c0b816b8b10c3f4f5fcf802c9f5a25141035590310315749280,,,full,0.2,True
ACT + Detector,256,8000298,metaworld,False,200,0.8734558969990758,0,0,1,0,0.9984830021858215,,False,True,timeout,8c5470be69556757ca7cf3bea960553b39820f4444afc2e634a56cbe01813fef,8c503c07dc6dcdd904e948f14d270410c2fbd4d9796f8d9e08451dc34c7d4399,aba21ef1c98d0573e36116c9757115227fd3793cba96aea7eda95c2547314ca3,,,full,0.2,True
ACT + Detector,257,8000299,metaworld,True,51,0.22359478200087324,0,0,1,0,0.22428961098194122,,True,False,,2a7b37452c9b89a9ec21ca375c29782b2f831e97d0d7e9e208addcd2d9046a07,8c503c07dc6dcdd904e948f14d270410c2fbd4d9796f8d9e08451dc34c7d4399,342b72dafe0e47ecf8a937cb01e62ac02c2d77bf93dafca59574cbbbfc4ad77b,,,full,0.2,True
ACT + Detector,258,8000300,metaworld,True,58,0.24190786400140496,0,0,0,0,0.13230262696743011,,True,False,,409fdc001402ea4d2c0de9bc5d204fdf740d0afd6b9406fb5a02cb014b4ed1fb,8c503c07dc6dcdd904e948f14d270410c2fbd4d9796f8d9e08451dc34c7d4399,48ce9609a38b32e56f7e6a43ffef71c21c8b1d17ed5a63d47701bc1dfc3ff271,,,full,0.2,True
ACT + Detector,259,8000301,metaworld,False,200,0.8384626139995817,0,0,1,0,0.9994719624519348,,False,True,object_dropped,0bf2e8e1b571b82641fcb082687713aa98221f24721af326b610cc19fa11de34,8c503c07dc6dcdd904e948f14d270410c2fbd4d9796f8d9e08451dc34c7d4399,64ee837add19202e84553431fdab118462cf5265eeae19a4d044b5a6818f771d,,,full,0.2,True
ACT + Detector,260,8000302,metaworld,False,200,0.7931382999995549,0,0,1,0,0.9991372227668762,,False,True,timeout,a584fc0ed39660aacaa0cf1711f0b65a289be0081abd3ec6dbf1399a4211001c,8c503c07dc6dcdd904e948f14d270410c2fbd4d9796f8d9e08451dc34c7d4399,942fb6a87dc1e3eb7bf7bb111c97e7096138256b4a9a6b4c62a012fabe8bec38,,,full,0.2,True
ACT + Detector,261,8000303,metaworld,True,57,0.21954683199874125,0,0,1,0,0.2056809514760971,,True,False,,bef4dfa480d74e317e31f1a64b64f6fc94fd9f9b046d80da8db7dabd074a1771,8c503c07dc6dcdd904e948f14d270410c2fbd4d9796f8d9e08451dc34c7d4399,4e97203f8ce1a96cef19545d4c4c300d0de39e4f94bd1941cef7ebc3dd48be02,,,full,0.2,True
ACT + Detector,262,8000304,metaworld,True,48,0.184526470999117,0,0,1,0,0.2449529618024826,,True,False,,1fc27e4ccd409bdc2fa3faea38925f5005d3f14688a78cbe23b4a821c9157070,8c503c07dc6dcdd904e948f14d270410c2fbd4d9796f8d9e08451dc34c7d4399,27e1ed8c670f23dae46752497e383610e58c248d638e3b9b707808a32ce33d4e,,,full,0.2,True
ACT + Detector,263,8000305,metaworld,False,200,0.7976620289991843,0,0,1,0,0.7490308880805969,,False,True,timeout,9fe9fa3ebd87e6a9054a8b2efa028aade649deca74766f413923627c2c71ac1f,8c503c07dc6dcdd904e948f14d270410c2fbd4d9796f8d9e08451dc34c7d4399,15a9adece7ebea14bdf37f5376e274c6dce4711281025cf35060933ba9ab8ad3,,,full,0.2,True
ACT + Detector,264,8000306,metaworld,True,62,0.24679233099959674,0,0,0,0,0.17904166877269745,,True,False,,8d522c343e4eb5958e7b305372dcc35b86e56704d729988bf065b44993c1885c,8c503c07dc6dcdd904e948f14d270410c2fbd4d9796f8d9e08451dc34c7d4399,1c856fdcb5da12c3fa2d15b38741aa980fa3a47e64fb99f8635817590128f9ea,,,full,0.2,True
ACT + Detector,265,8000307,metaworld,True,64,0.2586127470021893,0,0,0,0,0.1581830531358719,,True,False,,9b9e6d093cf9e44f769e05a401560cf152a20e88638426979f0d501daf934a3f,8c503c07dc6dcdd904e948f14d270410c2fbd4d9796f8d9e08451dc34c7d4399,c5023b3d25031a103b9549b6e8c83ba09d69e708ef117c31128a38e03616e5d8,,,full,0.2,True
ACT + Detector,266,8000308,metaworld,False,200,0.7946112630015705,0,0,1,0,0.8204954266548157,,False,True,timeout,6255f2b699a7dc44e1481929c06544ae54bf0622df1452cf04d5b87776f033e1,8c503c07dc6dcdd904e948f14d270410c2fbd4d9796f8d9e08451dc34c7d4399,b8e45a2f8f553d53c6eef0305347f910b9999bcae6df6ccaf0eaee6ac864e670,,,full,0.2,True
ACT + Detector,267,8000309,metaworld,False,200,0.820006893001846,0,0,1,0,0.8262156248092651,,False,True,timeout,39cf10c33797fe3d25fe591b9ef79b49e2a8882967922ff041331b1a37855e69,8c503c07dc6dcdd904e948f14d270410c2fbd4d9796f8d9e08451dc34c7d4399,504c23f653f6cdee9d659d9320b164606b319d4f0e9cdf0f3a87e2fc7a98160a,,,full,0.2,True
ACT + Detector,268,8000310,metaworld,False,200,0.7877950160000182,0,0,1,0,0.9994845390319824,,False,True,timeout,f4a5781ca05621d05c5e3d08f59447d1d62fad9b7f5454868a42c18ae06cba64,8c503c07dc6dcdd904e948f14d270410c2fbd4d9796f8d9e08451dc34c7d4399,27e1ed8c670f23dae46752497e383610e58c248d638e3b9b707808a32ce33d4e,,,full,0.2,True
ACT + Detector,269,8000311,metaworld,True,53,0.20343433000016375,0,0,1,0,0.2584754526615143,,True,False,,c6aba29278d9f1ee459fc1cee0fe2b45e45de65ac2fc380975fcf329f78a2291,8c503c07dc6dcdd904e948f14d270410c2fbd4d9796f8d9e08451dc34c7d4399,e6e55bdbd77dc052facbc072d20b08a21d116978c37627b9a3d9dc7989dfbe62,,,full,0.2,True
ACT + Detector,270,8000312,metaworld,False,200,0.7948389239973039,0,0,1,0,0.9815815687179565,,False,True,timeout,f9f9bc456dc7a20c6a3e7452a94b4c8bac43308b44c9d21b6cfe53687247a813,8c503c07dc6dcdd904e948f14d270410c2fbd4d9796f8d9e08451dc34c7d4399,0f719f94ef165c0b816b8b10c3f4f5fcf802c9f5a25141035590310315749280,,,full,0.2,True
ACT + Detector,271,8000313,metaworld,True,58,0.25295602199912537,0,0,0,0,0.18567489087581635,,True,False,,0d84cf53bb41dd9ac5d2fc0cc4cb0b087abe32b34ce288bf17d4144583b49ce3,8c503c07dc6dcdd904e948f14d270410c2fbd4d9796f8d9e08451dc34c7d4399,524e161a612d94c222d06154bcd0129d0851b8fad51ae883abbef6e86d43cbb0,,,full,0.2,True
ACT + Detector,272,8000314,metaworld,True,47,0.18894678699871292,0,0,1,0,0.20304840803146362,,True,False,,2ee73cf9805009420276f883dfc7f11e4ee909b376287458c71a2bf80ec4fdc0,8c503c07dc6dcdd904e948f14d270410c2fbd4d9796f8d9e08451dc34c7d4399,08a97a6dfa17f78b5cc5b1351d60038e4a40a68fc93722672482714333b1d9b5,,,full,0.2,True
ACT + Detector,273,8000315,metaworld,False,200,0.8023792280000634,0,0,1,0,0.9873321652412415,,False,True,timeout,de40af20ef0526c21677762beea42dcff16007f8106b224ad116ef57bd42d719,8c503c07dc6dcdd904e948f14d270410c2fbd4d9796f8d9e08451dc34c7d4399,0f719f94ef165c0b816b8b10c3f4f5fcf802c9f5a25141035590310315749280,,,full,0.2,True
ACT + Detector,274,8000316,metaworld,True,56,0.22150772399982088,0,0,0,0,0.12244898825883865,,True,False,,6b4a260efac82fcf5605400c71b27e735376ec6217b7965a71bdac9d1895486f,8c503c07dc6dcdd904e948f14d270410c2fbd4d9796f8d9e08451dc34c7d4399,f6a9ed9055e00c868d6771022c2c557a6a48990bdacbed585d07cde857d4755a,,,full,0.2,True
ACT + Detector,275,8000317,metaworld,False,200,0.7764424790002522,0,0,1,0,0.9893500208854675,,False,True,timeout,97d1e4f028c73c9e3ad2af569b0ad7cafd88f27343ef326d69cdf205962fe321,8c503c07dc6dcdd904e948f14d270410c2fbd4d9796f8d9e08451dc34c7d4399,0f719f94ef165c0b816b8b10c3f4f5fcf802c9f5a25141035590310315749280,,,full,0.2,True
ACT + Detector,276,8000318,metaworld,True,50,0.1993566089986416,0,0,0,0,0.16583503782749176,,True,False,,5c4f5bc4c3962d9d0a917745fda30c6fc9b85921eddc1fd8a877279373d39030,8c503c07dc6dcdd904e948f14d270410c2fbd4d9796f8d9e08451dc34c7d4399,5d73f28d4d24cdbcb36a5e5cd61ec1a82f7287ce56d88da8cea912ed757b164c,,,full,0.2,True
ACT + Detector,277,8000319,metaworld,True,59,0.24547393000102602,0,0,0,0,0.15207654237747192,,True,False,,4d20feb35b0e3995d90d1362c7e580aedd0dfd8527201cb4266257144ced66f3,8c503c07dc6dcdd904e948f14d270410c2fbd4d9796f8d9e08451dc34c7d4399,a0b103bf3e43f4aa92753185301eba5e2e31594285004b99f51a59b33bd2d620,,,full,0.2,True
ACT + Detector,278,8000320,metaworld,False,200,0.8202346819998638,0,0,1,0,0.9989944100379944,,False,True,timeout,7947e7e69e25d138143c0ae68cc73ce4cf22d6b0cb1cc00b738a4d57235a7316,8c503c07dc6dcdd904e948f14d270410c2fbd4d9796f8d9e08451dc34c7d4399,35aa26efb4a8651c1d8f46a573d3d4fea76add87b5c76a00531e1cea9ad04412,,,full,0.2,True
ACT + Detector,279,8000321,metaworld,True,57,0.23137823999786633,0,0,1,0,0.2099764496088028,,True,False,,8ae2759428c573487c26a45a64b9cfa1d540808c586ba605fd802b617a7646f0,8c503c07dc6dcdd904e948f14d270410c2fbd4d9796f8d9e08451dc34c7d4399,0cda21f8ffacf0a1e40e7b0e858a8e2ddc276972106d4bced99d4404b4a13fd8,,,full,0.2,True
ACT + Detector,280,8000322,metaworld,False,200,0.8510007740005676,0,0,1,0,0.9991875290870667,,False,True,timeout,cfb8d0a1e6e9e2934e8fbae9eb72e4548b7013b9dd8d7530bc99b952b8e70550,8c503c07dc6dcdd904e948f14d270410c2fbd4d9796f8d9e08451dc34c7d4399,20cf3cfee33051ea4ca25b64648f05450b0068ae0136ae52c3108d28b02f3691,,,full,0.2,True
ACT + Detector,281,8000323,metaworld,True,59,0.24876097500236938,0,0,0,0,0.18384937942028046,,True,False,,452e20d692f62bdd12607994be2b77969885fff38091b77968aa8f68ee4c1772,8c503c07dc6dcdd904e948f14d270410c2fbd4d9796f8d9e08451dc34c7d4399,6cb8d983459a8e57d4ae53a86da2394015cabba2d7c306dcaf7b14af979ca230,,,full,0.2,True
ACT + Detector,282,8000324,metaworld,True,59,0.23964740199880907,0,0,0,0,0.11415579169988632,,True,False,,8f3f143b7af54e58e6376ef308636318e50e7db149bcb3741259cea9d12f93e4,8c503c07dc6dcdd904e948f14d270410c2fbd4d9796f8d9e08451dc34c7d4399,f6a9ed9055e00c868d6771022c2c557a6a48990bdacbed585d07cde857d4755a,,,full,0.2,True
ACT + Detector,283,8000325,metaworld,True,49,0.19723398499991163,0,0,1,0,0.22616879642009735,,True,False,,c195abd7cee7e0de0b6be8ab485544ba8597c2b88bd81fbae0fcefe831f1a2c9,8c503c07dc6dcdd904e948f14d270410c2fbd4d9796f8d9e08451dc34c7d4399,27e1ed8c670f23dae46752497e383610e58c248d638e3b9b707808a32ce33d4e,,,full,0.2,True
ACT + Detector,284,8000326,metaworld,True,52,0.22952443400208722,0,0,0,0,0.15017695724964142,,True,False,,811707dc45c2ba3524fd301b964986cb00099774b6a955b41f27aedd42ffa913,8c503c07dc6dcdd904e948f14d270410c2fbd4d9796f8d9e08451dc34c7d4399,15a9adece7ebea14bdf37f5376e274c6dce4711281025cf35060933ba9ab8ad3,,,full,0.2,True
ACT + Detector,285,8000327,metaworld,True,54,0.23383226999794715,0,0,1,0,0.20552189648151398,,True,False,,56d88e6772e83f191826614164c0288a972e50d23b0980215802e1a912dc457e,8c503c07dc6dcdd904e948f14d270410c2fbd4d9796f8d9e08451dc34c7d4399,6943489118fc060756e24fd47685e2c10173293d54af0af7e8afa9e287c9c5f1,,,full,0.2,True
ACT + Detector,286,8000328,metaworld,True,57,0.26177109100171947,0,0,0,0,0.12723177671432495,,True,False,,7779538051273cec52ebc804bbc0aed363d19ff44684188b1f969f427d383bdc,8c503c07dc6dcdd904e948f14d270410c2fbd4d9796f8d9e08451dc34c7d4399,25805a097f1f4b8c203ec3c130dcd3e66b5fb3ad298114a08662aae6c86fa673,,,full,0.2,True
ACT + Detector,287,8000329,metaworld,False,200,0.8529377380000369,0,0,1,0,0.8976548314094543,,False,True,timeout,0eceb9faeee0e3e2ee29059b5193aebb8df4d360ff084ddd2892ed536e6cf482,8c503c07dc6dcdd904e948f14d270410c2fbd4d9796f8d9e08451dc34c7d4399,2eb279a724955c1a9d173681940490ec9cc8ed4fdc15a95533884a23d4ccdb4e,,,full,0.2,True
ACT + Detector,288,8000330,metaworld,False,200,0.8299369260021194,0,0,1,0,0.9950469732284546,,False,True,timeout,9b4f1c650387a41c8fc8ce7d0b4893cd9dcedae9ebeb0465ae15f019c233ccc1,8c503c07dc6dcdd904e948f14d270410c2fbd4d9796f8d9e08451dc34c7d4399,6943489118fc060756e24fd47685e2c10173293d54af0af7e8afa9e287c9c5f1,,,full,0.2,True
ACT + Detector,289,8000331,metaworld,False,200,0.8385566090000793,0,0,1,0,0.9973185658454895,,False,True,timeout,8d551e683d8dff8a4ebe514aa548c8c0f27b0e0753223ee2d6d81fd4d63cd34c,8c503c07dc6dcdd904e948f14d270410c2fbd4d9796f8d9e08451dc34c7d4399,942fb6a87dc1e3eb7bf7bb111c97e7096138256b4a9a6b4c62a012fabe8bec38,,,full,0.2,True
ACT + Detector,290,8000332,metaworld,True,74,0.3122247259998403,0,0,1,0,0.2818640172481537,,True,False,,c5a2b5ace3a234b9bc1e141c73800f7444bb7d8e9f3248cb20c4af07182e2efe,8c503c07dc6dcdd904e948f14d270410c2fbd4d9796f8d9e08451dc34c7d4399,39001749c902e2ab9d015efb8c7644faffff99810b709d3203dc359d5eacdcbd,,,full,0.2,True
ACT + Detector,291,8000333,metaworld,True,53,0.22338324899828876,0,0,0,0,0.18903017044067383,,True,False,,e8ee7bcfe9b736ba17e75fba22e3d89d0b586bd561ecd21223c2f9c81440e0b5,8c503c07dc6dcdd904e948f14d270410c2fbd4d9796f8d9e08451dc34c7d4399,4e97203f8ce1a96cef19545d4c4c300d0de39e4f94bd1941cef7ebc3dd48be02,,,full,0.2,True
ACT + Detector,292,8000334,metaworld,False,200,0.8041615080001066,0,0,1,0,0.9893925189971924,,False,True,timeout,49664183a1a149c78a44b0faa2f04a7298178660bb978fddc2a311ffb3ac7571,8c503c07dc6dcdd904e948f14d270410c2fbd4d9796f8d9e08451dc34c7d4399,0f719f94ef165c0b816b8b10c3f4f5fcf802c9f5a25141035590310315749280,,,full,0.2,True
ACT + Detector,293,8000335,metaworld,False,200,0.7938088769988099,0,0,1,0,0.6512421369552612,,False,True,timeout,fea03bc21d9e5f1da535c4d8fd5e5d341e1ec69a36912061d0509bacdeb97a14,8c503c07dc6dcdd904e948f14d270410c2fbd4d9796f8d9e08451dc34c7d4399,588df85fb38ef87f822932ad2f702be807974873e4a07ea43084bbdeeaac6604,,,full,0.2,True
ACT + Detector,294,8000336,metaworld,True,177,0.706229710001935,0,0,1,0,0.6684274077415466,,True,False,,36cfcc75d76b223bba3b5c881c81c9b15188bd636d19419bcbaecefcb26f26f0,8c503c07dc6dcdd904e948f14d270410c2fbd4d9796f8d9e08451dc34c7d4399,aba21ef1c98d0573e36116c9757115227fd3793cba96aea7eda95c2547314ca3,,,full,0.2,True
ACT + Detector,295,8000337,metaworld,False,200,0.7857820429999265,0,0,1,0,0.3450551927089691,,False,True,timeout,1230f1bcaf7bb1a48098ae6b6a051f74ba984932162fdf5ee7ac327efbbba87b,8c503c07dc6dcdd904e948f14d270410c2fbd4d9796f8d9e08451dc34c7d4399,c40fedd273cade53989af8adc3ca66d02f2d92ca4d97b2f6391a0dd0ab6dbca3,,,full,0.2,True
ACT + Detector,296,8000338,metaworld,True,57,0.22756054400088033,0,0,0,0,0.15016679465770721,,True,False,,6e61d16f64c1beb75ce33e3e969e7be4c908bf5f3d0437340312ad803327b45c,8c503c07dc6dcdd904e948f14d270410c2fbd4d9796f8d9e08451dc34c7d4399,b8e45a2f8f553d53c6eef0305347f910b9999bcae6df6ccaf0eaee6ac864e670,,,full,0.2,True
ACT + Detector,297,8000339,metaworld,False,200,0.7867087769991485,0,0,1,0,0.9964834451675415,,False,True,timeout,ee130e5c9db65a3cf606ee1ecd7af9a9ad704f125b3772a02c67ed705cff2abe,8c503c07dc6dcdd904e948f14d270410c2fbd4d9796f8d9e08451dc34c7d4399,942fb6a87dc1e3eb7bf7bb111c97e7096138256b4a9a6b4c62a012fabe8bec38,,,full,0.2,True
ACT + Detector,298,8000340,metaworld,False,200,0.7930519909969007,0,0,1,0,0.9942983984947205,,False,True,timeout,e6c1c547d287c474f8784ed8d6aa103e00b0624328e96369eb97986631f45186,8c503c07dc6dcdd904e948f14d270410c2fbd4d9796f8d9e08451dc34c7d4399,942fb6a87dc1e3eb7bf7bb111c97e7096138256b4a9a6b4c62a012fabe8bec38,,,full,0.2,True
ACT + Detector,299,8000341,metaworld,True,56,0.22478842200143845,0,0,1,0,0.21081744134426117,,True,False,,31a5d66e31c0b59bb963871cf160d60478478fe357cbd90ae723cccb313ea2bb,8c503c07dc6dcdd904e948f14d270410c2fbd4d9796f8d9e08451dc34c7d4399,524e161a612d94c222d06154bcd0129d0851b8fad51ae883abbef6e86d43cbb0,,,full,0.2,True
ACT + Detector,300,8000342,metaworld,False,200,0.8750434389985458,0,0,1,0,0.9998747110366821,,False,True,object_dropped,22d83e10c4b769931c864ed27e30c3e8fac186beea8624414de68a07b96e3ca3,8c503c07dc6dcdd904e948f14d270410c2fbd4d9796f8d9e08451dc34c7d4399,f82ceac6f8787ac22c378edc1f141cedcc86bf9309b43f1aff6633ae0a963abb,,,full,0.2,True
ACT + Detector,301,8000343,metaworld,True,58,0.2283945199997106,0,0,0,0,0.13379763066768646,,True,False,,2c8bc1fe75ac16136f7c32b18c54e1412c8f3192eb13313bc038c857a7542611,8c503c07dc6dcdd904e948f14d270410c2fbd4d9796f8d9e08451dc34c7d4399,0cda21f8ffacf0a1e40e7b0e858a8e2ddc276972106d4bced99d4404b4a13fd8,,,full,0.2,True
ACT + Detector,302,8000344,metaworld,True,66,0.25681812000038917,0,0,1,0,0.24618449807167053,,True,False,,fd3920622d30e5e6d0619b89e04b9d0429bd4cd1b5d73e8ed957aaabdc46cffe,8c503c07dc6dcdd904e948f14d270410c2fbd4d9796f8d9e08451dc34c7d4399,588df85fb38ef87f822932ad2f702be807974873e4a07ea43084bbdeeaac6604,,,full,0.2,True
ACT + Detector,303,8000345,metaworld,False,200,0.789520927999547,0,0,1,0,0.9994679093360901,,False,True,timeout,a61bd0b4afbbc6a5f5cfb473afc37b98d74c76d00f36156e1ed685d42bbd82f9,8c503c07dc6dcdd904e948f14d270410c2fbd4d9796f8d9e08451dc34c7d4399,20cf3cfee33051ea4ca25b64648f05450b0068ae0136ae52c3108d28b02f3691,,,full,0.2,True
ACT + Detector,304,8000346,metaworld,True,58,0.22284682900135522,0,0,0,0,0.11962272971868515,,True,False,,da7dc9b6c18e3580f714346f1c784c547cb45ac27a7611192ba8d4ef0528ce8b,8c503c07dc6dcdd904e948f14d270410c2fbd4d9796f8d9e08451dc34c7d4399,b8e45a2f8f553d53c6eef0305347f910b9999bcae6df6ccaf0eaee6ac864e670,,,full,0.2,True
ACT + Detector,305,8000347,metaworld,True,59,0.22909730600076728,0,0,0,0,0.17957444489002228,,True,False,,1c9986b8a5ee760ce6654b0730a9462a2f576b6a2656d0e81344ab6570a73e58,8c503c07dc6dcdd904e948f14d270410c2fbd4d9796f8d9e08451dc34c7d4399,a0b103bf3e43f4aa92753185301eba5e2e31594285004b99f51a59b33bd2d620,,,full,0.2,True
ACT + Detector,306,8000348,metaworld,False,200,0.7744797209998069,0,0,1,0,0.8258469104766846,,False,True,timeout,97dc22d3a8635af913410951ce8ae3875b7251962d5180886ce1b7765012ab96,8c503c07dc6dcdd904e948f14d270410c2fbd4d9796f8d9e08451dc34c7d4399,2eb279a724955c1a9d173681940490ec9cc8ed4fdc15a95533884a23d4ccdb4e,,,full,0.2,True
ACT + Detector,307,8000349,metaworld,True,54,0.21221197500199196,0,0,0,0,0.17375610768795013,,True,False,,5e4bc2271095b7fb065ec61303694ae68024f4a9762766e88d88ffc88d9d1f51,8c503c07dc6dcdd904e948f14d270410c2fbd4d9796f8d9e08451dc34c7d4399,38329c6b97bbe7d133bf007c22742dca5f0cd7258f8d7199135c6c2371ae591d,,,full,0.2,True
ACT + Detector,308,8000350,metaworld,False,200,0.7888779159984551,0,0,1,0,0.9739739894866943,,False,True,timeout,b622d7784dbe14f4add391b4405d420fafd0163116204436a42cc765359d6a59,8c503c07dc6dcdd904e948f14d270410c2fbd4d9796f8d9e08451dc34c7d4399,38329c6b97bbe7d133bf007c22742dca5f0cd7258f8d7199135c6c2371ae591d,,,full,0.2,True
ACT + Detector,309,8000351,metaworld,True,57,0.22553764599797432,0,0,1,0,0.2538646161556244,,True,False,,bdf334ffcbe481d661c3d31dae9e104e0437a4b98d6662f60405495bef9793a6,8c503c07dc6dcdd904e948f14d270410c2fbd4d9796f8d9e08451dc34c7d4399,588df85fb38ef87f822932ad2f702be807974873e4a07ea43084bbdeeaac6604,,,full,0.2,True
ACT + Detector,310,8000352,metaworld,True,57,0.23794888600241393,0,0,0,0,0.15138466656208038,,True,False,,fe792bad882ab6fda234e1e71a77f3d9407ce078d524cf17da4ffeb055980cf1,8c503c07dc6dcdd904e948f14d270410c2fbd4d9796f8d9e08451dc34c7d4399,25805a097f1f4b8c203ec3c130dcd3e66b5fb3ad298114a08662aae6c86fa673,,,full,0.2,True
ACT + Detector,311,8000353,metaworld,True,48,0.191000292001263,0,0,0,0,0.15043945610523224,,True,False,,b1cb2eec99bfc5b3d3ce7f3f0275854d38e9aa863aeeb13db421bf0a24359b94,8c503c07dc6dcdd904e948f14d270410c2fbd4d9796f8d9e08451dc34c7d4399,5d73f28d4d24cdbcb36a5e5cd61ec1a82f7287ce56d88da8cea912ed757b164c,,,full,0.2,True
ACT + Detector,312,8000354,metaworld,True,58,0.23284954599876073,0,0,1,0,0.21851830184459686,,True,False,,140d48db26bd113575fe3b5b8f65d10563e51a8b4018c5f16faba24cdc646401,8c503c07dc6dcdd904e948f14d270410c2fbd4d9796f8d9e08451dc34c7d4399,39001749c902e2ab9d015efb8c7644faffff99810b709d3203dc359d5eacdcbd,,,full,0.2,True
ACT + Detector,313,8000355,metaworld,True,62,0.24944994000179577,0,0,0,0,0.15195868909358978,,True,False,,5d9939680a0765e079d65375b10ed8613f7c0c8562bf6eae817fecb8ef223530,8c503c07dc6dcdd904e948f14d270410c2fbd4d9796f8d9e08451dc34c7d4399,a8cfe6e2276fbd15230c5555255b87d17333bdd29f84f687df7405d0311fae7f,,,full,0.2,True
ACT + Detector,314,8000356,metaworld,True,46,0.18422925299819326,0,0,0,0,0.15482276678085327,,True,False,,c71c5edde634aff040b4e01607ea4a4f88c42d3abd0150031159486b30bb9d9a,8c503c07dc6dcdd904e948f14d270410c2fbd4d9796f8d9e08451dc34c7d4399,e6e55bdbd77dc052facbc072d20b08a21d116978c37627b9a3d9dc7989dfbe62,,,full,0.2,True
ACT + Detector,315,8000357,metaworld,True,54,0.21901806999812834,0,0,1,0,0.25505658984184265,,True,False,,9d50601d1d7ea3d97cfbf3d6bf753d4f420f10d63a68d80e648d523cf9a67373,8c503c07dc6dcdd904e948f14d270410c2fbd4d9796f8d9e08451dc34c7d4399,08a97a6dfa17f78b5cc5b1351d60038e4a40a68fc93722672482714333b1d9b5,,,full,0.2,True
ACT + Detector,316,8000358,metaworld,True,59,0.24264101299922913,0,0,1,0,0.2133759707212448,,True,False,,423f62d3a7e2b9105d2ab481014ed021b26d3fa248bbb409f5484c6227190934,8c503c07dc6dcdd904e948f14d270410c2fbd4d9796f8d9e08451dc34c7d4399,a0b103bf3e43f4aa92753185301eba5e2e31594285004b99f51a59b33bd2d620,,,full,0.2,True
ACT + Detector,317,8000359,metaworld,True,53,0.21844270499786944,0,0,1,0,0.21758799254894257,,True,False,,bcde689f0ebb31fae5436336acee734d992ffc9cc9c1c16b620844edac279bc6,8c503c07dc6dcdd904e948f14d270410c2fbd4d9796f8d9e08451dc34c7d4399,2ad5907877cc42b4447b9630988e3a1f0da0d83e1f696f71e22dc69905e631b6,,,full,0.2,True
ACT + Detector,318,8000360,metaworld,True,57,0.23479828199924668,0,0,0,0,0.1430753618478775,,True,False,,5e7b3a6532fe8e8eafb02126758b80bf288020e65c6dd9b82e3985722e4eb1b5,8c503c07dc6dcdd904e948f14d270410c2fbd4d9796f8d9e08451dc34c7d4399,25805a097f1f4b8c203ec3c130dcd3e66b5fb3ad298114a08662aae6c86fa673,,,full,0.2,True
ACT + Detector,319,8000361,metaworld,False,200,0.820378823998908,0,0,1,0,0.6409690976142883,,False,True,timeout,973fdcbb461d63bbeb565dd53dce5ecb5621ac585d5bd2c3d0dd8262170eb0ba,8c503c07dc6dcdd904e948f14d270410c2fbd4d9796f8d9e08451dc34c7d4399,08a97a6dfa17f78b5cc5b1351d60038e4a40a68fc93722672482714333b1d9b5,,,full,0.2,True
ACT + Detector,320,8000362,metaworld,False,200,0.815699589002179,0,0,1,0,0.9980260729789734,,False,True,timeout,043dbf2e5564978f52430425657ff2e6b1988f32141791a8428f4a84a75d92c8,8c503c07dc6dcdd904e948f14d270410c2fbd4d9796f8d9e08451dc34c7d4399,acfaed29b052207b47b4b7fa76672795fd08de3add8565db05f141de82ece90b,,,full,0.2,True
ACT + Detector,321,8000363,metaworld,False,200,0.8037421720000566,0,0,1,0,0.9611907601356506,,False,True,timeout,77d9d8f91faca647f6b8df13afb6882c41375cfdada73a55d1fe9c0933b67ee6,8c503c07dc6dcdd904e948f14d270410c2fbd4d9796f8d9e08451dc34c7d4399,e216352c7f1c7392270c7c501bb599f2a46f420613a124fda0729ab88160cdf2,,,full,0.2,True
ACT + Detector,322,8000364,metaworld,True,48,0.19566160799877252,0,0,1,0,0.20674782991409302,,True,False,,5141d567b1a5f6b70eb9a6d2f78957098c1043a732762c044606fbdc10980f25,8c503c07dc6dcdd904e948f14d270410c2fbd4d9796f8d9e08451dc34c7d4399,27e1ed8c670f23dae46752497e383610e58c248d638e3b9b707808a32ce33d4e,,,full,0.2,True
ACT + Detector,323,8000365,metaworld,True,61,0.24800421699910657,0,0,1,0,0.25149253010749817,,True,False,,c3b1828c93a2433f96317ff8e1a4af6a7b79222ed0589ec55b1c65072b98c511,8c503c07dc6dcdd904e948f14d270410c2fbd4d9796f8d9e08451dc34c7d4399,588df85fb38ef87f822932ad2f702be807974873e4a07ea43084bbdeeaac6604,,,full,0.2,True
ACT + Detector,324,8000366,metaworld,False,200,0.7915867320007237,0,0,1,0,0.9049447774887085,,False,True,timeout,da4c66ae32245582263b02de1812e702aaaa420fe6410ef90e194d15b9059601,8c503c07dc6dcdd904e948f14d270410c2fbd4d9796f8d9e08451dc34c7d4399,5d73f28d4d24cdbcb36a5e5cd61ec1a82f7287ce56d88da8cea912ed757b164c,,,full,0.2,True
ACT + Detector,325,8000367,metaworld,False,200,0.7913413900023443,0,0,1,0,0.7802815437316895,,False,True,timeout,951d96ef917f054059af4cb95cded9bd5164c7a6f32d2da6dd238e62d5779bdf,8c503c07dc6dcdd904e948f14d270410c2fbd4d9796f8d9e08451dc34c7d4399,6943489118fc060756e24fd47685e2c10173293d54af0af7e8afa9e287c9c5f1,,,full,0.2,True
ACT + Detector,326,8000368,metaworld,True,49,0.20695628500106977,0,0,1,0,0.21356534957885742,,True,False,,d06a503125a900bba449ecdcf023985f5a3c2999189ba9d6dc4dde66e72851a8,8c503c07dc6dcdd904e948f14d270410c2fbd4d9796f8d9e08451dc34c7d4399,e6e55bdbd77dc052facbc072d20b08a21d116978c37627b9a3d9dc7989dfbe62,,,full,0.2,True
ACT + Detector,327,8000369,metaworld,False,200,0.8012039419991197,0,0,1,0,0.9990154504776001,,False,True,timeout,4df202b344ec7a4ffdbd6079f9346af6454e54c4a09d3f4373a82c7bab18529c,8c503c07dc6dcdd904e948f14d270410c2fbd4d9796f8d9e08451dc34c7d4399,942fb6a87dc1e3eb7bf7bb111c97e7096138256b4a9a6b4c62a012fabe8bec38,,,full,0.2,True
ACT + Detector,328,8000370,metaworld,True,59,0.23975379599869484,0,0,0,0,0.12355151027441025,,True,False,,2e72981d6e281f57b818bca7577b214757e9b45301f4c59af20c67e9a1879484,8c503c07dc6dcdd904e948f14d270410c2fbd4d9796f8d9e08451dc34c7d4399,a0b103bf3e43f4aa92753185301eba5e2e31594285004b99f51a59b33bd2d620,,,full,0.2,True
ACT + Detector,329,8000371,metaworld,True,56,0.22467880100157345,0,0,0,0,0.13667479157447815,,True,False,,7f8c2daf21930c5553511c4eebae816fb77eaf404e8d467be43871b54d710068,8c503c07dc6dcdd904e948f14d270410c2fbd4d9796f8d9e08451dc34c7d4399,0cda21f8ffacf0a1e40e7b0e858a8e2ddc276972106d4bced99d4404b4a13fd8,,,full,0.2,True
ACT + Detector,330,8000372,metaworld,True,60,0.25580164099665126,0,0,0,0,0.14443692564964294,,True,False,,fd71fc45c9b99c9686fd5e4b17dfc44892a85daff8535d7af571ec6bf8fcb073,8c503c07dc6dcdd904e948f14d270410c2fbd4d9796f8d9e08451dc34c7d4399,b8e45a2f8f553d53c6eef0305347f910b9999bcae6df6ccaf0eaee6ac864e670,,,full,0.2,True
ACT + Detector,331,8000373,metaworld,False,200,0.8168064059973403,0,0,1,0,0.9997174143791199,,False,True,timeout,5b5cddd34fecfdfec052ab2e05ba821e59eca294c0bcaba2292ac38d70da3e22,8c503c07dc6dcdd904e948f14d270410c2fbd4d9796f8d9e08451dc34c7d4399,342b72dafe0e47ecf8a937cb01e62ac02c2d77bf93dafca59574cbbbfc4ad77b,,,full,0.2,True
ACT + Detector,332,8000374,metaworld,False,200,0.8412590309999359,0,0,1,0,0.5778311491012573,,False,True,timeout,90b2993a24a22ed89b1901df7a3a85520377e7ee3508f44c929e58eda5907be6,8c503c07dc6dcdd904e948f14d270410c2fbd4d9796f8d9e08451dc34c7d4399,c40fedd273cade53989af8adc3ca66d02f2d92ca4d97b2f6391a0dd0ab6dbca3,,,full,0.2,True
ACT + Detector,333,8000375,metaworld,True,52,0.19524989400088089,0,0,1,0,0.20491668581962585,,True,False,,ce14a7bac321fc1b020edfe58bceeca7456de2a3f843377d4b7c091b97b789ad,8c503c07dc6dcdd904e948f14d270410c2fbd4d9796f8d9e08451dc34c7d4399,38329c6b97bbe7d133bf007c22742dca5f0cd7258f8d7199135c6c2371ae591d,,,full,0.2,True
ACT + Detector,334,8000376,metaworld,False,200,0.7415159060001315,0,0,1,0,0.9868956208229065,,False,True,timeout,2bbd562ac711f84f93cb18a7804e485b21f547227e34819cd86186bc544f67f2,8c503c07dc6dcdd904e948f14d270410c2fbd4d9796f8d9e08451dc34c7d4399,0cda21f8ffacf0a1e40e7b0e858a8e2ddc276972106d4bced99d4404b4a13fd8,,,full,0.2,True
ACT + Detector,335,8000377,metaworld,False,200,0.7506148599968583,0,0,1,0,0.9978316426277161,,False,True,timeout,8d342ea034af5e52269b30581965f7f182e50216686c75e3b3319e18faddd3f3,8c503c07dc6dcdd904e948f14d270410c2fbd4d9796f8d9e08451dc34c7d4399,06d355d7aff3b944ab4199c02a94c63d062e5c414c0b195f7b232b607e0ab1ed,,,full,0.2,True
ACT + Detector,336,8000378,metaworld,False,200,0.7477623439990566,0,0,1,0,0.9935113787651062,,False,True,timeout,be1803098f8bfbbc77df7d5985741a3c7f12958f13799f00ecee5238b694cea8,8c503c07dc6dcdd904e948f14d270410c2fbd4d9796f8d9e08451dc34c7d4399,ba19e0623fe05add91e00811bacb33e27305f5fcb6549be6f6278ebce6046101,,,full,0.2,True
ACT + Detector,337,8000379,metaworld,False,200,0.7554204059997573,0,0,1,0,0.9976810216903687,,False,True,timeout,2527e49b2c819331cda8709eee78f7c985f1c53ee9f3086d76a9fc142227a731,8c503c07dc6dcdd904e948f14d270410c2fbd4d9796f8d9e08451dc34c7d4399,acfaed29b052207b47b4b7fa76672795fd08de3add8565db05f141de82ece90b,,,full,0.2,True
ACT + Detector,338,8000380,metaworld,False,200,0.7648615149992111,0,0,1,0,0.9910219311714172,,False,True,timeout,25e03db569621cb64ae59ffc1c32792aa028d9b63635cd64e5140f7b6878f808,8c503c07dc6dcdd904e948f14d270410c2fbd4d9796f8d9e08451dc34c7d4399,0f719f94ef165c0b816b8b10c3f4f5fcf802c9f5a25141035590310315749280,,,full,0.2,True
ACT + Detector,339,8000381,metaworld,True,52,0.20042563599781715,0,0,0,0,0.1951083391904831,,True,False,,4ab856a4608fddc07da07ae7695cb668367d4507a40b1652546b9f198c632468,8c503c07dc6dcdd904e948f14d270410c2fbd4d9796f8d9e08451dc34c7d4399,e6e55bdbd77dc052facbc072d20b08a21d116978c37627b9a3d9dc7989dfbe62,,,full,0.2,True
ACT + Detector,340,8000382,metaworld,False,200,0.7677277930015407,0,0,1,0,0.9998511075973511,,False,True,object_dropped,47aa07c1219ebcff4e2fc306acdbc66b0420a42e162b06e7d242e99f207cc1a2,8c503c07dc6dcdd904e948f14d270410c2fbd4d9796f8d9e08451dc34c7d4399,aa1f17aacdf569c3a2930a2ebbf742ff43f8d3acfc772731a5c344cabcd52570,,,full,0.2,True
ACT + Detector,341,8000383,metaworld,False,200,0.7730073049970088,0,0,1,0,0.9989907145500183,,False,True,timeout,f8b54e5fe228701738bcf538341f960a4c3883ded3d4a3ccc0a316b6cae64803,8c503c07dc6dcdd904e948f14d270410c2fbd4d9796f8d9e08451dc34c7d4399,e6e55bdbd77dc052facbc072d20b08a21d116978c37627b9a3d9dc7989dfbe62,,,full,0.2,True
ACT + Detector,342,8000384,metaworld,False,200,0.8041991579993919,0,0,1,0,0.9902997016906738,,False,True,timeout,ab40776d579f81c3d2f328a76a00b7b93a8d5bef645ab522bc87ded1eff195fa,8c503c07dc6dcdd904e948f14d270410c2fbd4d9796f8d9e08451dc34c7d4399,0f719f94ef165c0b816b8b10c3f4f5fcf802c9f5a25141035590310315749280,,,full,0.2,True
ACT + Detector,343,8000385,metaworld,False,200,0.7754750439999043,0,0,1,0,0.9944186210632324,,False,True,timeout,a3c65a9f164d06a0590653143b2ba3fd5cc2a1cb952233f6040fa621bcfee330,8c503c07dc6dcdd904e948f14d270410c2fbd4d9796f8d9e08451dc34c7d4399,27e1ed8c670f23dae46752497e383610e58c248d638e3b9b707808a32ce33d4e,,,full,0.2,True
ACT + Detector,344,8000386,metaworld,False,200,0.7686331879995123,0,0,1,0,0.9983977675437927,,False,True,timeout,7c0a4645ca9a09becad003ebc1cefa4490ba398275f9983ab39f0e6f94344cae,8c503c07dc6dcdd904e948f14d270410c2fbd4d9796f8d9e08451dc34c7d4399,35aa26efb4a8651c1d8f46a573d3d4fea76add87b5c76a00531e1cea9ad04412,,,full,0.2,True
ACT + Detector,345,8000387,metaworld,True,54,0.21271226599856163,0,0,1,0,0.2108653038740158,,True,False,,3b49116da0ed87e9e76aacd91681a7500e36872c5898a323808e53a39d25a76a,8c503c07dc6dcdd904e948f14d270410c2fbd4d9796f8d9e08451dc34c7d4399,38329c6b97bbe7d133bf007c22742dca5f0cd7258f8d7199135c6c2371ae591d,,,full,0.2,True
ACT + Detector,346,8000388,metaworld,True,57,0.22353740199832828,0,0,0,0,0.11981748044490814,,True,False,,d3083ded7c6b4f9d60b7a13586c580ccb857484d291f48073214ce9eb67c1d4d,8c503c07dc6dcdd904e948f14d270410c2fbd4d9796f8d9e08451dc34c7d4399,48ce9609a38b32e56f7e6a43ffef71c21c8b1d17ed5a63d47701bc1dfc3ff271,,,full,0.2,True
ACT + Detector,347,8000389,metaworld,False,200,0.7696029969993106,0,0,1,0,0.9997878670692444,,False,True,timeout,d515dac7877029eed6c661526edfe7b6770dea4198afce78d1a874663a3bc04c,8c503c07dc6dcdd904e948f14d270410c2fbd4d9796f8d9e08451dc34c7d4399,4e97203f8ce1a96cef19545d4c4c300d0de39e4f94bd1941cef7ebc3dd48be02,,,full,0.2,True
ACT + Detector,348,8000390,metaworld,False,200,0.7785999810002977,0,0,1,0,0.9999191761016846,,False,True,object_dropped,686f88c6f2f2febe51b7933cf21061ff1f4b21215a90949d9fbf1a577866d463,8c503c07dc6dcdd904e948f14d270410c2fbd4d9796f8d9e08451dc34c7d4399,7c3391ee418e26d47c002810bc00065e4dd0b6728c969d2338ad549ad01ebb0a,,,full,0.2,True
ACT + Detector,349,8000391,metaworld,True,59,0.2340571060012735,0,0,0,0,0.1143982782959938,,True,False,,6033937acd83949aec369b728260b3c1a86c112eb27b3d767628c52748b2ba1f,8c503c07dc6dcdd904e948f14d270410c2fbd4d9796f8d9e08451dc34c7d4399,f6a9ed9055e00c868d6771022c2c557a6a48990bdacbed585d07cde857d4755a,,,full,0.2,True
ACT + Detector,350,8000392,metaworld,True,57,0.22926743499920121,0,0,0,0,0.15172794461250305,,True,False,,e2624e38b2add8db5e34087f347f55dfe82096c8ee7666e8182d1af35522d56e,8c503c07dc6dcdd904e948f14d270410c2fbd4d9796f8d9e08451dc34c7d4399,f6a9ed9055e00c868d6771022c2c557a6a48990bdacbed585d07cde857d4755a,,,full,0.2,True
ACT + Detector,351,8000393,metaworld,True,59,0.23095212300177081,0,0,0,0,0.14946523308753967,,True,False,,6cc80169b2786dc9333e676e0cfdbe6de1f10baaaa13bd1ece7468a42f69c17f,8c503c07dc6dcdd904e948f14d270410c2fbd4d9796f8d9e08451dc34c7d4399,a0b103bf3e43f4aa92753185301eba5e2e31594285004b99f51a59b33bd2d620,,,full,0.2,True
ACT + Detector,352,8000394,metaworld,True,64,0.24734858199735754,0,0,0,0,0.135189950466156,,True,False,,6e48c8272994462549cd840ef2a979c75b6d2d9397c1ce70e5d0336a09520068,8c503c07dc6dcdd904e948f14d270410c2fbd4d9796f8d9e08451dc34c7d4399,48ce9609a38b32e56f7e6a43ffef71c21c8b1d17ed5a63d47701bc1dfc3ff271,,,full,0.2,True
ACT + Detector,353,8000395,metaworld,True,60,0.24305651800023043,0,0,0,0,0.12693312764167786,,True,False,,d6666780e22cdac8e74429e4688a565e2f89e490553d1533c3182e625a13ef53,8c503c07dc6dcdd904e948f14d270410c2fbd4d9796f8d9e08451dc34c7d4399,5732f26a5a3acd61cb38107328c80d8fadad8368570aba69b803668406e8f53d,,,full,0.2,True
ACT + Detector,354,8000396,metaworld,True,55,0.234055578999687,0,0,1,0,0.2107633650302887,,True,False,,9526b44fe3369ef30c95ab719fe5098a33f85f5e7ac93cf91e20074df56626e7,8c503c07dc6dcdd904e948f14d270410c2fbd4d9796f8d9e08451dc34c7d4399,6cb8d983459a8e57d4ae53a86da2394015cabba2d7c306dcaf7b14af979ca230,,,full,0.2,True
ACT + Detector,355,8000397,metaworld,True,51,0.2063902779991622,0,0,0,0,0.1942388266324997,,True,False,,71941c6799939e11d935064111eec1071b38ae10bf69c7998a18ff8cf741565d,8c503c07dc6dcdd904e948f14d270410c2fbd4d9796f8d9e08451dc34c7d4399,5e1df472084de78052388a34f03cad3de438ca9b5dc801b5759dd57c66a7482a,,,full,0.2,True
ACT + Detector,356,8000398,metaworld,True,56,0.22207451199938077,0,0,0,0,0.14591088891029358,,True,False,,7fdc35cfe56cc5b87c0f0f79caf95fb8d4cbf36f4745801da05e919b53799324,8c503c07dc6dcdd904e948f14d270410c2fbd4d9796f8d9e08451dc34c7d4399,524e161a612d94c222d06154bcd0129d0851b8fad51ae883abbef6e86d43cbb0,,,full,0.2,True
ACT + Detector,357,8000399,metaworld,True,54,0.21221430000150576,0,0,0,0,0.1852620244026184,,True,False,,b9f013e504e5c86fdeaf3fd9136d2362ce11c781eef34525cfe907382aea6456,8c503c07dc6dcdd904e948f14d270410c2fbd4d9796f8d9e08451dc34c7d4399,71488b32995fa40c6ec3f77f6bcd912b1929aef29d90a66307ad46cd584acf29,,,full,0.2,True
ACT + Detector,358,8000400,metaworld,False,200,0.7825253329974657,0,0,1,0,0.999636173248291,,False,True,object_dropped,e4e166c7fdfafbd22dea4fa94230b409994aec3c1a34986680684eef6c223e97,8c503c07dc6dcdd904e948f14d270410c2fbd4d9796f8d9e08451dc34c7d4399,f82ceac6f8787ac22c378edc1f141cedcc86bf9309b43f1aff6633ae0a963abb,,,full,0.2,True
ACT + Detector,359,8000401,metaworld,True,52,0.20328599399726954,0,0,1,0,0.24495598673820496,,True,False,,18258d72cdf97c5c6340c293297972b8a3bd3e50c76ca05b17568f98807d750f,8c503c07dc6dcdd904e948f14d270410c2fbd4d9796f8d9e08451dc34c7d4399,342b72dafe0e47ecf8a937cb01e62ac02c2d77bf93dafca59574cbbbfc4ad77b,,,full,0.2,True
ACT + Detector,360,8000402,metaworld,False,200,0.7815636390005238,0,0,1,0,0.6689279675483704,,False,True,timeout,412b30938fc743c03108b14afbd4ff004f34bdd6b032e632bc10ba51dc0eb55b,8c503c07dc6dcdd904e948f14d270410c2fbd4d9796f8d9e08451dc34c7d4399,742509487aeb71d366f1ddafa1cb12db2f7cfefe17c4ca89c98cffb67c1c8619,,,full,0.2,True
ACT + Detector,361,8000403,metaworld,True,52,0.20713783700193744,0,0,0,0,0.18132154643535614,,True,False,,333c514461586a1132d0a5022ac16b5740b163106fb9e920c1f6881048077a24,8c503c07dc6dcdd904e948f14d270410c2fbd4d9796f8d9e08451dc34c7d4399,5e1df472084de78052388a34f03cad3de438ca9b5dc801b5759dd57c66a7482a,,,full,0.2,True
ACT + Detector,362,8000404,metaworld,False,200,0.7801699490009923,0,0,1,0,0.6429756879806519,,False,True,timeout,ce21d679606e6f46a33b287030576d513c9a8b25b723075651c2d0d2edba38b0,8c503c07dc6dcdd904e948f14d270410c2fbd4d9796f8d9e08451dc34c7d4399,e216352c7f1c7392270c7c501bb599f2a46f420613a124fda0729ab88160cdf2,,,full,0.2,True
ACT + Detector,363,8000405,metaworld,False,200,0.7905912729984266,0,0,1,0,0.7868421673774719,,False,True,timeout,2806a3eb5348aeab5cd848f2ed17311959669afa46208be0159e3c4fa83ee7b6,8c503c07dc6dcdd904e948f14d270410c2fbd4d9796f8d9e08451dc34c7d4399,6943489118fc060756e24fd47685e2c10173293d54af0af7e8afa9e287c9c5f1,,,full,0.2,True
ACT + Detector,364,8000406,metaworld,True,53,0.210072031000891,0,0,0,0,0.17431175708770752,,True,False,,93a656b63d6106f40912fffba50c61f7aa6c8ac95dfd630dc1e3c04c31357073,8c503c07dc6dcdd904e948f14d270410c2fbd4d9796f8d9e08451dc34c7d4399,5e1df472084de78052388a34f03cad3de438ca9b5dc801b5759dd57c66a7482a,,,full,0.2,True
ACT + Detector,365,8000407,metaworld,False,200,0.7918150520017662,0,0,1,0,0.9990390539169312,,False,True,timeout,1111cc5628cdf8cf3e5f54820ac249fa24933bd89dffd6571a633bddbb653d77,8c503c07dc6dcdd904e948f14d270410c2fbd4d9796f8d9e08451dc34c7d4399,35203d16cfa98b5f2e002fcb1ffde2400abf9459c161f6a289efa0c46eddb36f,,,full,0.2,True
ACT + Detector,366,8000408,metaworld,False,200,0.7870248469989747,0,0,1,0,0.9890372157096863,,False,True,timeout,c71fecba4d570fd7df6927be6eea93e44de205502980dc4612d531d74c72657f,8c503c07dc6dcdd904e948f14d270410c2fbd4d9796f8d9e08451dc34c7d4399,aa1f17aacdf569c3a2930a2ebbf742ff43f8d3acfc772731a5c344cabcd52570,,,full,0.2,True
ACT + Detector,367,8000409,metaworld,False,200,0.7935242220009968,0,0,1,0,0.9326889514923096,,False,True,timeout,7e8e60cdc0637a37b76be9df214b92ed55accd94bdcddfff93206cd6e6cea173,8c503c07dc6dcdd904e948f14d270410c2fbd4d9796f8d9e08451dc34c7d4399,bb2c6b1aed959fa3ddddb1c215ce67cbb5b0ec080eb65fb58e06b7776849a096,,,full,0.2,True
ACT + Detector,368,8000410,metaworld,True,54,0.21805463299824623,0,0,1,0,0.21669986844062805,,True,False,,286ec1de04e2289ad093fb033a33b962df107f74c2a835c6e5d3328888d9af6c,8c503c07dc6dcdd904e948f14d270410c2fbd4d9796f8d9e08451dc34c7d4399,342b72dafe0e47ecf8a937cb01e62ac02c2d77bf93dafca59574cbbbfc4ad77b,,,full,0.2,True
ACT + Detector,369,8000411,metaworld,False,200,0.8202895009999338,0,0,1,0,0.9969919919967651,,False,True,timeout,36671faf505eb1226e4c85695127d2bf5f78f8f5e42982e83378fda5fdd4d2f1,8c503c07dc6dcdd904e948f14d270410c2fbd4d9796f8d9e08451dc34c7d4399,f82ceac6f8787ac22c378edc1f141cedcc86bf9309b43f1aff6633ae0a963abb,,,full,0.2,True
ACT + Detector,370,8000412,metaworld,False,200,0.8912311890017008,0,0,1,0,0.9991523027420044,,False,True,timeout,deeef6964c5eaba46be17b242d5bacdb646690982c16eefe98970b2f70cfc327,8c503c07dc6dcdd904e948f14d270410c2fbd4d9796f8d9e08451dc34c7d4399,35aa26efb4a8651c1d8f46a573d3d4fea76add87b5c76a00531e1cea9ad04412,,,full,0.2,True
ACT + Detector,371,8000413,metaworld,False,200,0.7896789229998831,0,0,1,0,0.9983817338943481,,False,True,timeout,42ecb225856ead5df9a67eebae89e418055ce3bb9750097eacfa98de53b65da3,8c503c07dc6dcdd904e948f14d270410c2fbd4d9796f8d9e08451dc34c7d4399,38329c6b97bbe7d133bf007c22742dca5f0cd7258f8d7199135c6c2371ae591d,,,full,0.2,True
ACT + Detector,372,8000414,metaworld,True,57,0.24990957699992578,0,0,0,0,0.11147298663854599,,True,False,,1f146db1822d7b99b9b07695c583497b2554b4efbd80c39fa70ceb7843e8c696,8c503c07dc6dcdd904e948f14d270410c2fbd4d9796f8d9e08451dc34c7d4399,4e97203f8ce1a96cef19545d4c4c300d0de39e4f94bd1941cef7ebc3dd48be02,,,full,0.2,True
ACT + Detector,373,8000415,metaworld,True,51,0.22490473200014094,0,0,1,0,0.24780811369419098,,True,False,,fe8061fac3d5629c0cb9d70a8f9d813d8474ce0c5d51280a0ec7efc03f56f880,8c503c07dc6dcdd904e948f14d270410c2fbd4d9796f8d9e08451dc34c7d4399,27e1ed8c670f23dae46752497e383610e58c248d638e3b9b707808a32ce33d4e,,,full,0.2,True
ACT + Detector,374,8000416,metaworld,True,65,0.2929934880012297,0,0,1,0,0.2323475480079651,,True,False,,62868a6b375c0d65b6b178625f75b73d32e07c23b5ae4dbd04f4e878da063372,8c503c07dc6dcdd904e948f14d270410c2fbd4d9796f8d9e08451dc34c7d4399,0cda21f8ffacf0a1e40e7b0e858a8e2ddc276972106d4bced99d4404b4a13fd8,,,full,0.2,True
ACT + Detector,375,8000417,metaworld,True,50,0.2215081399990595,0,0,0,0,0.18104320764541626,,True,False,,afaa5214de822a4c6205125a3e8e0e0becaa2abafa811e5e95168d942486bbeb,8c503c07dc6dcdd904e948f14d270410c2fbd4d9796f8d9e08451dc34c7d4399,2ad5907877cc42b4447b9630988e3a1f0da0d83e1f696f71e22dc69905e631b6,,,full,0.2,True
ACT + Detector,376,8000418,metaworld,False,200,0.8882900899989181,0,0,1,0,0.8115009069442749,,False,True,timeout,d5209f43e05c99a562f5d53c5f7274292b80aef69594eaebe3b093428122c9fa,8c503c07dc6dcdd904e948f14d270410c2fbd4d9796f8d9e08451dc34c7d4399,2eb279a724955c1a9d173681940490ec9cc8ed4fdc15a95533884a23d4ccdb4e,,,full,0.2,True
ACT + Detector,377,8000419,metaworld,True,57,0.24863763200119138,0,0,1,0,0.21782232820987701,,True,False,,644b6015988db52f27dc40c8c16c507d4010da10e7585a2c23c83bed98b64bb6,8c503c07dc6dcdd904e948f14d270410c2fbd4d9796f8d9e08451dc34c7d4399,8a99d46d6d04afe3e2ef92bb607dde5e178b5c37506006c4f364e345976453b1,,,full,0.2,True
ACT + Detector,378,8000420,metaworld,True,55,0.2423760029996629,0,0,0,0,0.11106371879577637,,True,False,,0daa8318bf0c74629a9c4e13397c1a6eda106cc0a6a867f73ace56f6c0591028,8c503c07dc6dcdd904e948f14d270410c2fbd4d9796f8d9e08451dc34c7d4399,25805a097f1f4b8c203ec3c130dcd3e66b5fb3ad298114a08662aae6c86fa673,,,full,0.2,True
ACT + Detector,379,8000421,metaworld,False,200,0.8717236830016191,0,0,1,0,0.5522500872612,,False,True,timeout,13a45a7dfaf50e7bb0940d0be4f36facfae1ec000e0cb12856e327a3197443ac,8c503c07dc6dcdd904e948f14d270410c2fbd4d9796f8d9e08451dc34c7d4399,a8cfe6e2276fbd15230c5555255b87d17333bdd29f84f687df7405d0311fae7f,,,full,0.2,True
ACT + Detector,380,8000422,metaworld,False,200,0.816475129002356,0,0,1,0,0.9601213335990906,,False,True,object_dropped,a6bf74a64b76e4d1519c1d9f9d8143d723286713aab93632645216020ce67a28,8c503c07dc6dcdd904e948f14d270410c2fbd4d9796f8d9e08451dc34c7d4399,6943489118fc060756e24fd47685e2c10173293d54af0af7e8afa9e287c9c5f1,,,full,0.2,True
ACT + Detector,381,8000423,metaworld,True,53,0.2239965549997578,0,0,0,0,0.1759394258260727,,True,False,,68e7502331d43bad81d8312022b5a080061072f23dbc1c1f7d2aec428a11cedc,8c503c07dc6dcdd904e948f14d270410c2fbd4d9796f8d9e08451dc34c7d4399,71488b32995fa40c6ec3f77f6bcd912b1929aef29d90a66307ad46cd584acf29,,,full,0.2,True
ACT + Detector,382,8000424,metaworld,False,200,0.8533979210005782,0,0,1,0,0.99739009141922,,False,True,timeout,e67e23d7ccb2b743da9e67018b69e58cd034f03526f8540de7ca0c7170a9d523,8c503c07dc6dcdd904e948f14d270410c2fbd4d9796f8d9e08451dc34c7d4399,35aa26efb4a8651c1d8f46a573d3d4fea76add87b5c76a00531e1cea9ad04412,,,full,0.2,True
ACT + Detector,383,8000425,metaworld,True,62,0.3118250759980583,0,0,0,0,0.12345274537801743,,True,False,,e11d0e82cd334b46f46885f5e098db52df11f0df769d2af2190b3a69250e6642,8c503c07dc6dcdd904e948f14d270410c2fbd4d9796f8d9e08451dc34c7d4399,1c856fdcb5da12c3fa2d15b38741aa980fa3a47e64fb99f8635817590128f9ea,,,full,0.2,True
ACT + Detector,384,8000426,metaworld,True,50,0.3191540610023367,0,0,0,0,0.17547588050365448,,True,False,,e79abd26a2d41de730561438b783e4f70a915b75dc71f5300f3627f22e7064a0,8c503c07dc6dcdd904e948f14d270410c2fbd4d9796f8d9e08451dc34c7d4399,15a9adece7ebea14bdf37f5376e274c6dce4711281025cf35060933ba9ab8ad3,,,full,0.2,True
ACT + Detector,385,8000427,metaworld,True,52,0.22270009799831314,0,0,0,0,0.18199443817138672,,True,False,,60be5e009a20f3f82a95be30e9169b32bd31a9bedcddabb77b0cfd61cdb8d20b,8c503c07dc6dcdd904e948f14d270410c2fbd4d9796f8d9e08451dc34c7d4399,56b7f182edcfeefa9301e1edd53d7f36e4418de7e6df1b54b0f0c298cde1b3cd,,,full,0.2,True
ACT + Detector,386,8000428,metaworld,False,200,0.795133468000131,0,0,1,0,0.996641993522644,,False,True,object_dropped,1a87fe024d858569a0ac1d8432e16d91906d316916faaf584c15621a21a84677,8c503c07dc6dcdd904e948f14d270410c2fbd4d9796f8d9e08451dc34c7d4399,0f719f94ef165c0b816b8b10c3f4f5fcf802c9f5a25141035590310315749280,,,full,0.2,True
ACT + Detector,387,8000429,metaworld,False,200,0.8226352160017996,0,0,1,0,0.9916213750839233,,False,True,timeout,c91b0d3f00e2e03a638a609c4ac7e7f896fa909a6a14f2d5c6e77286cd59477b,8c503c07dc6dcdd904e948f14d270410c2fbd4d9796f8d9e08451dc34c7d4399,942fb6a87dc1e3eb7bf7bb111c97e7096138256b4a9a6b4c62a012fabe8bec38,,,full,0.2,True
ACT + Detector,388,8000430,metaworld,False,200,0.8121674080030061,0,0,1,0,0.9803025722503662,,False,True,timeout,9a5fb5baa9031009a2ef06e1650524a0927e48012d7a1ba676141b66c2e3c95d,8c503c07dc6dcdd904e948f14d270410c2fbd4d9796f8d9e08451dc34c7d4399,35aa26efb4a8651c1d8f46a573d3d4fea76add87b5c76a00531e1cea9ad04412,,,full,0.2,True
ACT + Detector,389,8000431,metaworld,False,200,0.8055750470011844,0,0,1,0,0.9962199330329895,,False,True,timeout,e3da86c4a49c71946d3a2d4c03c69bbaf46b73fce838cc94a7b446afbe5f249c,8c503c07dc6dcdd904e948f14d270410c2fbd4d9796f8d9e08451dc34c7d4399,1c856fdcb5da12c3fa2d15b38741aa980fa3a47e64fb99f8635817590128f9ea,,,full,0.2,True
ACT + Detector,390,8000432,metaworld,False,200,0.8108569669966528,0,0,1,0,0.9900462031364441,,False,True,timeout,f02b3dfc0a8f450067aeb2f7f2dad5e827b93d52101d95092e4d25c49f3ebbd5,8c503c07dc6dcdd904e948f14d270410c2fbd4d9796f8d9e08451dc34c7d4399,bb2c6b1aed959fa3ddddb1c215ce67cbb5b0ec080eb65fb58e06b7776849a096,,,full,0.2,True
ACT + Detector,391,8000433,metaworld,False,200,0.8152984830012429,0,0,1,0,0.9987632036209106,,False,True,timeout,819fbe058a008a810e15f0e029712fe4b97d3ef77f81fd7c6f6eb851e8fe0103,8c503c07dc6dcdd904e948f14d270410c2fbd4d9796f8d9e08451dc34c7d4399,20cf3cfee33051ea4ca25b64648f05450b0068ae0136ae52c3108d28b02f3691,,,full,0.2,True
ACT + Detector,392,8000434,metaworld,True,54,0.2196410040014598,0,0,1,0,0.24128608405590057,,True,False,,57227b8a01a216536025f9b417c35c50fcc13ec266967bf339c12bfd112c8089,8c503c07dc6dcdd904e948f14d270410c2fbd4d9796f8d9e08451dc34c7d4399,f82ceac6f8787ac22c378edc1f141cedcc86bf9309b43f1aff6633ae0a963abb,,,full,0.2,True
ACT + Detector,393,8000435,metaworld,False,200,0.8368766519997735,0,0,1,0,0.9983945488929749,,False,True,object_dropped,bf62458f032e40fc5ac23de35c41206db0ee0db198dd6f251a578363151d7fb2,8c503c07dc6dcdd904e948f14d270410c2fbd4d9796f8d9e08451dc34c7d4399,71488b32995fa40c6ec3f77f6bcd912b1929aef29d90a66307ad46cd584acf29,,,full,0.2,True
ACT + Detector,394,8000436,metaworld,False,200,0.8308905260018946,0,0,1,0,0.9202784895896912,,False,True,timeout,ad1a9cccc381ce8de9522e7b6234a65819888375315f0ad54e4ae27bac6e4584,8c503c07dc6dcdd904e948f14d270410c2fbd4d9796f8d9e08451dc34c7d4399,942fb6a87dc1e3eb7bf7bb111c97e7096138256b4a9a6b4c62a012fabe8bec38,,,full,0.2,True
ACT + Detector,395,8000437,metaworld,False,200,0.8210050359994057,0,0,1,0,0.9702118635177612,,False,True,timeout,726d4e449f7a2f31be10cc1e2d3a6725191a5c4840f45ada6bb4d84500106977,8c503c07dc6dcdd904e948f14d270410c2fbd4d9796f8d9e08451dc34c7d4399,bb2c6b1aed959fa3ddddb1c215ce67cbb5b0ec080eb65fb58e06b7776849a096,,,full,0.2,True
ACT + Detector,396,8000438,metaworld,False,200,0.9432942159983213,0,0,1,0,0.7004403471946716,,False,True,timeout,215487a33438feb13e209ed9021e0fb62474bece36907759f606e53caebd058d,8c503c07dc6dcdd904e948f14d270410c2fbd4d9796f8d9e08451dc34c7d4399,e216352c7f1c7392270c7c501bb599f2a46f420613a124fda0729ab88160cdf2,,,full,0.2,True
ACT + Detector,397,8000439,metaworld,False,200,0.79971125800148,0,0,1,0,0.9961424469947815,,False,True,timeout,c31ead0a97593f4cfdd1dcb7bf90e9cac41e63bf785f1a1e3100544f5b2294bf,8c503c07dc6dcdd904e948f14d270410c2fbd4d9796f8d9e08451dc34c7d4399,2eb279a724955c1a9d173681940490ec9cc8ed4fdc15a95533884a23d4ccdb4e,,,full,0.2,True
ACT + Detector,398,8000440,metaworld,False,200,0.8118528490012977,0,0,1,0,0.9161542654037476,,False,True,timeout,42f4202188e6fad715a6e4dd1341dabb1372d8aa773e970d03aee478e79e0ad6,8c503c07dc6dcdd904e948f14d270410c2fbd4d9796f8d9e08451dc34c7d4399,5d73f28d4d24cdbcb36a5e5cd61ec1a82f7287ce56d88da8cea912ed757b164c,,,full,0.2,True
ACT + Detector,399,8000441,metaworld,True,59,0.24392676500065136,0,0,0,0,0.12492780387401581,,True,False,,0d41bea179cce44e86ce28e726f1a27184f843398605ddae12c1a04cb6339651,8c503c07dc6dcdd904e948f14d270410c2fbd4d9796f8d9e08451dc34c7d4399,a8cfe6e2276fbd15230c5555255b87d17333bdd29f84f687df7405d0311fae7f,,,full,0.2,True
ACT + Detector,400,8000442,metaworld,True,51,0.22137882900278782,0,0,0,0,0.185002863407135,,True,False,,6d3c55057167039e1fef2ea61711bac34ec42ed4cdff8917d4954ddafbe263d4,8c503c07dc6dcdd904e948f14d270410c2fbd4d9796f8d9e08451dc34c7d4399,2ad5907877cc42b4447b9630988e3a1f0da0d83e1f696f71e22dc69905e631b6,,,full,0.2,True
ACT + Detector,401,8000443,metaworld,False,200,0.8322768420002831,0,0,1,0,0.6448643207550049,,False,True,timeout,df3d24a79f9a29cc5b67c71e5d1f5aae0672f87aacce219dec0577225e014343,8c503c07dc6dcdd904e948f14d270410c2fbd4d9796f8d9e08451dc34c7d4399,15a9adece7ebea14bdf37f5376e274c6dce4711281025cf35060933ba9ab8ad3,,,full,0.2,True
ACT + Detector,402,8000444,metaworld,True,59,0.24517410000044038,0,0,0,0,0.169965460896492,,True,False,,76b115f9ce4af1292a8682710aea730f3cc7197cc379363897094604b904c301,8c503c07dc6dcdd904e948f14d270410c2fbd4d9796f8d9e08451dc34c7d4399,1c856fdcb5da12c3fa2d15b38741aa980fa3a47e64fb99f8635817590128f9ea,,,full,0.2,True
ACT + Detector,403,8000445,metaworld,True,60,0.24224849399979576,0,0,0,0,0.1802811175584793,,True,False,,1803f73fd69b442edcd8276287cb892d9a707da90cbf9a5588367c1b83c732ba,8c503c07dc6dcdd904e948f14d270410c2fbd4d9796f8d9e08451dc34c7d4399,c5023b3d25031a103b9549b6e8c83ba09d69e708ef117c31128a38e03616e5d8,,,full,0.2,True
ACT + Detector,404,8000446,metaworld,True,55,0.22848780099957366,0,0,0,0,0.19365264475345612,,True,False,,260cb90d6e988b1dc28340becbc6c7d0a4955e7e516012c2134048de3fc7d58b,8c503c07dc6dcdd904e948f14d270410c2fbd4d9796f8d9e08451dc34c7d4399,7c3391ee418e26d47c002810bc00065e4dd0b6728c969d2338ad549ad01ebb0a,,,full,0.2,True
ACT + Detector,405,8000447,metaworld,False,200,0.8342597490009211,0,0,1,0,0.7855722904205322,,False,True,timeout,024d43b1c93c390c32eb8de746637a659046d6649f7b7d7afce15cc966472bf7,8c503c07dc6dcdd904e948f14d270410c2fbd4d9796f8d9e08451dc34c7d4399,71488b32995fa40c6ec3f77f6bcd912b1929aef29d90a66307ad46cd584acf29,,,full,0.2,True
ACT + Detector,406,8000448,metaworld,True,54,0.22398559999783174,0,0,1,0,0.208544060587883,,True,False,,96dcede9368106560a98cf50912d35f5eac3d54fd388ee048e7ccbd42f797f53,8c503c07dc6dcdd904e948f14d270410c2fbd4d9796f8d9e08451dc34c7d4399,f82ceac6f8787ac22c378edc1f141cedcc86bf9309b43f1aff6633ae0a963abb,,,full,0.2,True
ACT + Detector,407,8000449,metaworld,False,200,0.8158863929966174,0,0,1,0,0.9915542006492615,,False,True,timeout,2fc264bb2e311031c0cec7371c247aa3e71988041e9e48f87d00b45f21249904,8c503c07dc6dcdd904e948f14d270410c2fbd4d9796f8d9e08451dc34c7d4399,f82ceac6f8787ac22c378edc1f141cedcc86bf9309b43f1aff6633ae0a963abb,,,full,0.2,True
ACT + Detector,408,8000450,metaworld,False,200,0.825262386999384,0,0,1,0,0.9683517217636108,,False,True,object_dropped,4a000529a2614d59e9bcd57eaf6a05cf3276b667474203ca97bc6f90737e90fc,8c503c07dc6dcdd904e948f14d270410c2fbd4d9796f8d9e08451dc34c7d4399,742509487aeb71d366f1ddafa1cb12db2f7cfefe17c4ca89c98cffb67c1c8619,,,full,0.2,True
ACT + Detector,409,8000451,metaworld,False,200,0.8146381389997259,0,0,1,0,0.588395357131958,,False,True,timeout,e2cc18a64a742dcf45ffb046534f1ba175c355ddf2db2a7f17f833017c44de04,8c503c07dc6dcdd904e948f14d270410c2fbd4d9796f8d9e08451dc34c7d4399,c40fedd273cade53989af8adc3ca66d02f2d92ca4d97b2f6391a0dd0ab6dbca3,,,full,0.2,True
ACT + Detector,410,8000452,metaworld,False,200,0.8763639889984915,0,0,1,0,0.9995366334915161,,False,True,timeout,f517e32194081be4eb2180fa7b4daeddefb08a755b8ae291630001c38613c2bf,8c503c07dc6dcdd904e948f14d270410c2fbd4d9796f8d9e08451dc34c7d4399,27e1ed8c670f23dae46752497e383610e58c248d638e3b9b707808a32ce33d4e,,,full,0.2,True
ACT + Detector,411,8000453,metaworld,False,200,0.853855941000802,0,0,1,0,0.9995808005332947,,False,True,timeout,7cce0f46b8f9739214064bfa50815635b27f26b8caeb6b727deff3a466f9bcd0,8c503c07dc6dcdd904e948f14d270410c2fbd4d9796f8d9e08451dc34c7d4399,6338b57c8983138382fa5c9ee7bb2d2c200be44368697f7ffa8216ea26ddccaf,,,full,0.2,True
ACT + Detector,412,8000454,metaworld,False,200,0.8263113990033162,0,0,1,0,0.9991697072982788,,False,True,timeout,45b7a3795961a37327f0ea9537b1245c8b86551481288138b1f1bff595db9ee1,8c503c07dc6dcdd904e948f14d270410c2fbd4d9796f8d9e08451dc34c7d4399,27e1ed8c670f23dae46752497e383610e58c248d638e3b9b707808a32ce33d4e,,,full,0.2,True
ACT + Detector,413,8000455,metaworld,False,200,0.8120479780009191,0,0,1,0,0.9988896250724792,,False,True,timeout,943cc3da741b5b8feae8b7688b9dd0a6b52fba479da463a657303bab530d03b5,8c503c07dc6dcdd904e948f14d270410c2fbd4d9796f8d9e08451dc34c7d4399,35aa26efb4a8651c1d8f46a573d3d4fea76add87b5c76a00531e1cea9ad04412,,,full,0.2,True
ACT + Detector,414,8000456,metaworld,True,58,0.23823778299993137,0,0,0,0,0.15088434517383575,,True,False,,d0706dadff5bbc194923f256258454ffe6cfd6d9f14a88a5a6e08aa24ebe1357,8c503c07dc6dcdd904e948f14d270410c2fbd4d9796f8d9e08451dc34c7d4399,48ce9609a38b32e56f7e6a43ffef71c21c8b1d17ed5a63d47701bc1dfc3ff271,,,full,0.2,True
ACT + Detector,415,8000457,metaworld,False,200,0.8228911609985516,0,0,1,0,0.886293351650238,,False,True,timeout,63bb4a2cc89953f602924d60131b54b2f2bc3f3bea9b286318eafd234b54b214,8c503c07dc6dcdd904e948f14d270410c2fbd4d9796f8d9e08451dc34c7d4399,524e161a612d94c222d06154bcd0129d0851b8fad51ae883abbef6e86d43cbb0,,,full,0.2,True
ACT + Detector,416,8000458,metaworld,True,59,0.24011445100040874,0,0,0,0,0.16976387798786163,,True,False,,00fa86c0dd368dcf201bbfbd62c5ed40da58659034e1c738733930f4ba1dd534,8c503c07dc6dcdd904e948f14d270410c2fbd4d9796f8d9e08451dc34c7d4399,5732f26a5a3acd61cb38107328c80d8fadad8368570aba69b803668406e8f53d,,,full,0.2,True
ACT + Detector,417,8000459,metaworld,True,57,0.2364295890001813,0,0,0,0,0.16042588651180267,,True,False,,8316999a352d05bf07c56109953a1d83c21219d73a0fa9b919925c2c9521fb74,8c503c07dc6dcdd904e948f14d270410c2fbd4d9796f8d9e08451dc34c7d4399,48ce9609a38b32e56f7e6a43ffef71c21c8b1d17ed5a63d47701bc1dfc3ff271,,,full,0.2,True
ACT + Detector,418,8000460,metaworld,False,200,0.7925036579981679,0,0,1,0,0.906417965888977,,False,True,timeout,6daf574176d073b76a56958bbe92e671a45ea9ec82e6756db400b4843c314045,8c503c07dc6dcdd904e948f14d270410c2fbd4d9796f8d9e08451dc34c7d4399,5732f26a5a3acd61cb38107328c80d8fadad8368570aba69b803668406e8f53d,,,full,0.2,True
ACT + Detector,419,8000461,metaworld,False,200,0.801399649000814,0,0,1,0,0.6531736254692078,,False,True,timeout,67779c2e151997ea1ed2e645d47256580bbc61429fa44082db17f3bc8968cdc3,8c503c07dc6dcdd904e948f14d270410c2fbd4d9796f8d9e08451dc34c7d4399,b8e45a2f8f553d53c6eef0305347f910b9999bcae6df6ccaf0eaee6ac864e670,,,full,0.2,True
ACT + Detector,420,8000462,metaworld,True,54,0.22958152400315157,0,0,0,0,0.18321126699447632,,True,False,,7159e1ea6940bcc93436d852e34d86ecd519514a51b16a7811777fb84897fb06,8c503c07dc6dcdd904e948f14d270410c2fbd4d9796f8d9e08451dc34c7d4399,6943489118fc060756e24fd47685e2c10173293d54af0af7e8afa9e287c9c5f1,,,full,0.2,True
ACT + Detector,421,8000463,metaworld,True,55,0.2165770280007564,0,0,1,0,0.2179126888513565,,True,False,,decca89dc9f7ddb925bb89ab78a96cae53dc60eac14dc03a42665111536e881d,8c503c07dc6dcdd904e948f14d270410c2fbd4d9796f8d9e08451dc34c7d4399,588df85fb38ef87f822932ad2f702be807974873e4a07ea43084bbdeeaac6604,,,full,0.2,True
ACT + Detector,422,8000464,metaworld,True,55,0.2164323990000412,0,0,0,0,0.14188435673713684,,True,False,,764d92c4220026da2d3c3af04c2ce9f9be6714b4e6ce2d2d50fc72e8c5452f29,8c503c07dc6dcdd904e948f14d270410c2fbd4d9796f8d9e08451dc34c7d4399,64ee837add19202e84553431fdab118462cf5265eeae19a4d044b5a6818f771d,,,full,0.2,True
ACT + Detector,423,8000465,metaworld,True,60,0.23420413499843562,0,0,0,0,0.16821271181106567,,True,False,,492264ee745d0e38f2633f5c9cef418216759774547e86c4d4a492fc0a4e9e32,8c503c07dc6dcdd904e948f14d270410c2fbd4d9796f8d9e08451dc34c7d4399,1c856fdcb5da12c3fa2d15b38741aa980fa3a47e64fb99f8635817590128f9ea,,,full,0.2,True
ACT + Detector,424,8000466,metaworld,True,58,0.2435864479994052,0,0,0,0,0.19419416785240173,,True,False,,00d644be4198637f92354e2d43156c6a8a487ce601062a1baa4c26ddc662e83d,8c503c07dc6dcdd904e948f14d270410c2fbd4d9796f8d9e08451dc34c7d4399,a8cfe6e2276fbd15230c5555255b87d17333bdd29f84f687df7405d0311fae7f,,,full,0.2,True
ACT + Detector,425,8000467,metaworld,False,200,0.805886318001285,0,0,1,0,0.9990480542182922,,False,True,timeout,bf99ceee86a832388ccec25cc7bd45c2efc3e1987f9bf036e9a542df2bd4dd15,8c503c07dc6dcdd904e948f14d270410c2fbd4d9796f8d9e08451dc34c7d4399,35aa26efb4a8651c1d8f46a573d3d4fea76add87b5c76a00531e1cea9ad04412,,,full,0.2,True
ACT + Detector,426,8000468,metaworld,True,56,0.22827376400164212,0,0,0,0,0.09598667174577713,,True,False,,fb390528964e1d49bf39f1ba0be13eb43ced85c8bfec068c79ce9f6863e27047,8c503c07dc6dcdd904e948f14d270410c2fbd4d9796f8d9e08451dc34c7d4399,f6a9ed9055e00c868d6771022c2c557a6a48990bdacbed585d07cde857d4755a,,,full,0.2,True
ACT + Detector,427,8000469,metaworld,False,200,0.8205263309973816,0,0,1,0,0.9738963842391968,,False,True,timeout,702b89b234af82ae7c8d7f771abb8fc79ee05f8bde8d6ff6470b26f8a30c481f,8c503c07dc6dcdd904e948f14d270410c2fbd4d9796f8d9e08451dc34c7d4399,ba19e0623fe05add91e00811bacb33e27305f5fcb6549be6f6278ebce6046101,,,full,0.2,True
ACT + Detector,428,8000470,metaworld,False,200,0.8069805410013942,0,0,1,0,0.9830883145332336,,False,True,timeout,949fa3c1ea93f4a0edfc30f2c5c4c9f46c76b35f4cd0cfb221ee7087579a1c16,8c503c07dc6dcdd904e948f14d270410c2fbd4d9796f8d9e08451dc34c7d4399,aa1f17aacdf569c3a2930a2ebbf742ff43f8d3acfc772731a5c344cabcd52570,,,full,0.2,True
ACT + Detector,429,8000471,metaworld,True,51,0.2152555949978705,0,0,0,0,0.12685854732990265,,True,False,,4373c313d43f50b550b030afd3214514827ac4babad391e9cab8c19ea1cf0c3b,8c503c07dc6dcdd904e948f14d270410c2fbd4d9796f8d9e08451dc34c7d4399,15a9adece7ebea14bdf37f5376e274c6dce4711281025cf35060933ba9ab8ad3,,,full,0.2,True
ACT + Detector,430,8000472,metaworld,False,200,0.8114387860005081,0,0,1,0,0.9878310561180115,,False,True,timeout,56053db978eaf2cab605ec8645eac3cb789ab92d60a8a88c2d52b863571b21e0,8c503c07dc6dcdd904e948f14d270410c2fbd4d9796f8d9e08451dc34c7d4399,0f719f94ef165c0b816b8b10c3f4f5fcf802c9f5a25141035590310315749280,,,full,0.2,True
ACT + Detector,431,8000473,metaworld,True,56,0.22524854299990693,0,0,0,0,0.13573507964611053,,True,False,,af0fd23c865b68f3f7de7fa7e1c4109ee107a742937cea4957d5dfb95982e977,8c503c07dc6dcdd904e948f14d270410c2fbd4d9796f8d9e08451dc34c7d4399,4e97203f8ce1a96cef19545d4c4c300d0de39e4f94bd1941cef7ebc3dd48be02,,,full,0.2,True
ACT + Detector,432,8000474,metaworld,False,200,0.7943978390030679,0,0,1,0,0.8639414310455322,,False,True,timeout,130c049891ab4ace8bf6b1bff677c4460e04c69d5933869dacf2cdd67db40247,8c503c07dc6dcdd904e948f14d270410c2fbd4d9796f8d9e08451dc34c7d4399,aa1f17aacdf569c3a2930a2ebbf742ff43f8d3acfc772731a5c344cabcd52570,,,full,0.2,True
ACT + Detector,433,8000475,metaworld,True,51,0.20664347499769065,0,0,0,0,0.10179280489683151,,True,False,,da54b65d3ea6d154356409982ee6ffdbfd3e5b1f5bd1a60e537d047e799aa1ea,8c503c07dc6dcdd904e948f14d270410c2fbd4d9796f8d9e08451dc34c7d4399,6338b57c8983138382fa5c9ee7bb2d2c200be44368697f7ffa8216ea26ddccaf,,,full,0.2,True
ACT + Detector,434,8000476,metaworld,False,200,0.8180623510015721,0,0,1,0,0.9292165040969849,,False,True,timeout,95f6f5afedb90991bd0177f74404a81d5a2b541022a233da46e3bfaa0f7fd5e1,8c503c07dc6dcdd904e948f14d270410c2fbd4d9796f8d9e08451dc34c7d4399,504c23f653f6cdee9d659d9320b164606b319d4f0e9cdf0f3a87e2fc7a98160a,,,full,0.2,True
ACT + Detector,435,8000477,metaworld,False,200,0.8057502249976096,0,0,1,0,0.9058133363723755,,False,True,timeout,a588650ff438aa8cc672659084efdc5135d27d605562a58afa9978b478b23a05,8c503c07dc6dcdd904e948f14d270410c2fbd4d9796f8d9e08451dc34c7d4399,8a99d46d6d04afe3e2ef92bb607dde5e178b5c37506006c4f364e345976453b1,,,full,0.2,True
ACT + Detector,436,8000478,metaworld,True,53,0.2134933679990354,0,0,1,0,0.23948659002780914,,True,False,,88b8eececdc798ac43154bbe1dfce86dc300756be4c53e94975296452c50c0fc,8c503c07dc6dcdd904e948f14d270410c2fbd4d9796f8d9e08451dc34c7d4399,bb2c6b1aed959fa3ddddb1c215ce67cbb5b0ec080eb65fb58e06b7776849a096,,,full,0.2,True
ACT + Detector,437,8000479,metaworld,False,200,0.8013776979969407,0,0,1,0,0.999152421951294,,False,True,timeout,aae4dbc3e4f0c8eeca2426c060f07fc595e0cecdfb5c593cd9c236e216ab9a7f,8c503c07dc6dcdd904e948f14d270410c2fbd4d9796f8d9e08451dc34c7d4399,aba21ef1c98d0573e36116c9757115227fd3793cba96aea7eda95c2547314ca3,,,full,0.2,True
ACT + Detector,438,8000480,metaworld,False,200,0.8256273429979046,0,0,1,0,0.9995645880699158,,False,True,timeout,0e7ab1feda6e294ffe413b046ee466eaea17607bae9576dc3247a981ffdf4be1,8c503c07dc6dcdd904e948f14d270410c2fbd4d9796f8d9e08451dc34c7d4399,20cf3cfee33051ea4ca25b64648f05450b0068ae0136ae52c3108d28b02f3691,,,full,0.2,True
ACT + Detector,439,8000481,metaworld,False,200,0.7950617540009262,0,0,1,0,0.9998675584793091,,False,True,timeout,0635edb295e559f1016271fd15020280ef0643d4d19e4d332c3adac0b8e0ed50,8c503c07dc6dcdd904e948f14d270410c2fbd4d9796f8d9e08451dc34c7d4399,342b72dafe0e47ecf8a937cb01e62ac02c2d77bf93dafca59574cbbbfc4ad77b,,,full,0.2,True
ACT + Detector,440,8000482,metaworld,False,200,0.7928792339989741,0,0,1,0,0.9886893630027771,,False,True,object_dropped,bdbf07412004b572830541ae6e07105e3c2161cdcfe5e083b7ba12e884670e20,8c503c07dc6dcdd904e948f14d270410c2fbd4d9796f8d9e08451dc34c7d4399,f6a9ed9055e00c868d6771022c2c557a6a48990bdacbed585d07cde857d4755a,,,full,0.2,True
ACT + Detector,441,8000483,metaworld,True,79,0.3282865799992578,0,0,1,0,0.3493986427783966,,True,False,,cd664639ac4533e42d0be25f0a21a02bd18566d5912f9fe8a97a561ac6f55be9,8c503c07dc6dcdd904e948f14d270410c2fbd4d9796f8d9e08451dc34c7d4399,39001749c902e2ab9d015efb8c7644faffff99810b709d3203dc359d5eacdcbd,,,full,0.2,True
ACT + Detector,442,8000484,metaworld,True,57,0.23369870799797354,0,0,1,0,0.21260806918144226,,True,False,,3fea51516dfb9bbc031e0146aae0fbf42dc1f24ff1acd184606011b428b6c186,8c503c07dc6dcdd904e948f14d270410c2fbd4d9796f8d9e08451dc34c7d4399,1c856fdcb5da12c3fa2d15b38741aa980fa3a47e64fb99f8635817590128f9ea,,,full,0.2,True
ACT + Detector,443,8000485,metaworld,True,55,0.23176418900038698,0,0,0,0,0.10371200740337372,,True,False,,396bf36395fbe537593b3734955c1d1c1900970ea45cda046d841ad08bd3b8eb,8c503c07dc6dcdd904e948f14d270410c2fbd4d9796f8d9e08451dc34c7d4399,742509487aeb71d366f1ddafa1cb12db2f7cfefe17c4ca89c98cffb67c1c8619,,,full,0.2,True
ACT + Detector,444,8000486,metaworld,False,200,0.8310103629992227,0,0,1,0,0.7839041948318481,,False,True,timeout,335e744735c7b1f0e08c4504ca1f6ddcbca823256f8aa39e2b5973d321e0bea2,8c503c07dc6dcdd904e948f14d270410c2fbd4d9796f8d9e08451dc34c7d4399,742509487aeb71d366f1ddafa1cb12db2f7cfefe17c4ca89c98cffb67c1c8619,,,full,0.2,True
ACT + Detector,445,8000487,metaworld,True,55,0.21415290300137713,0,0,1,0,0.24490201473236084,,True,False,,2f836b95ad700c3bdd11788fac8a5ebeb00603941c238ccc9003960844c8ade2,8c503c07dc6dcdd904e948f14d270410c2fbd4d9796f8d9e08451dc34c7d4399,0f719f94ef165c0b816b8b10c3f4f5fcf802c9f5a25141035590310315749280,,,full,0.2,True
ACT + Detector,446,8000488,metaworld,False,200,0.7976185090010404,0,0,1,0,0.9145834445953369,,False,True,object_dropped,a916eb50a41c4d2d06725268fbde028c5bc1cc225c3efaad1f0cd8e9206dfd08,8c503c07dc6dcdd904e948f14d270410c2fbd4d9796f8d9e08451dc34c7d4399,cea0b9105255f82e0ee99bfb3998a6edce02b446d4b14afb0747282cd18aa202,,,full,0.2,True
ACT + Detector,447,8000489,metaworld,False,200,0.8145170330026303,0,0,1,0,0.9893781542778015,,False,True,timeout,6658f33aeee5446d5224a13ac8e2dc53ce9363f3abbaae696f8cd40c1c4e0023,8c503c07dc6dcdd904e948f14d270410c2fbd4d9796f8d9e08451dc34c7d4399,ba19e0623fe05add91e00811bacb33e27305f5fcb6549be6f6278ebce6046101,,,full,0.2,True
ACT + Detector,448,8000490,metaworld,False,200,0.7943479979985568,0,0,1,0,0.8987505435943604,,False,True,timeout,673e045fd9ae6e0fea6bf7b4c8bbd5e295232832aa447943972ef043696cc3e5,8c503c07dc6dcdd904e948f14d270410c2fbd4d9796f8d9e08451dc34c7d4399,5e1df472084de78052388a34f03cad3de438ca9b5dc801b5759dd57c66a7482a,,,full,0.2,True
ACT + Detector,449,8000491,metaworld,True,63,0.25336194899864495,0,0,1,0,0.29009556770324707,,True,False,,2dfccb7b118b8673ede8a38af60a64bb505ba28d9286419b9b5183c523611960,8c503c07dc6dcdd904e948f14d270410c2fbd4d9796f8d9e08451dc34c7d4399,2eb279a724955c1a9d173681940490ec9cc8ed4fdc15a95533884a23d4ccdb4e,,,full,0.2,True
ACT + Detector,450,8000492,metaworld,False,200,0.8128774350007006,0,0,1,0,0.8465291857719421,,False,True,timeout,7712ea687bbaa1515f666ef5d7e22343f0e56cfbd99a5a8b9a94acd885dc0e53,8c503c07dc6dcdd904e948f14d270410c2fbd4d9796f8d9e08451dc34c7d4399,15a9adece7ebea14bdf37f5376e274c6dce4711281025cf35060933ba9ab8ad3,,,full,0.2,True
ACT + Detector,451,8000493,metaworld,False,200,0.8031123520013352,0,0,1,0,0.9981741905212402,,False,True,timeout,228ed71bb7381fe6da85e209ee2ae174be5b3166e5c692c1ad18015785a22e1b,8c503c07dc6dcdd904e948f14d270410c2fbd4d9796f8d9e08451dc34c7d4399,acfaed29b052207b47b4b7fa76672795fd08de3add8565db05f141de82ece90b,,,full,0.2,True
ACT + Detector,452,8000494,metaworld,False,200,0.8059036200029368,0,0,1,0,0.9975525736808777,,False,True,timeout,0d3b19c79047f27d71a396aa4efda1e96e2b40dab9075c36eefeee8f3a559c80,8c503c07dc6dcdd904e948f14d270410c2fbd4d9796f8d9e08451dc34c7d4399,aa1f17aacdf569c3a2930a2ebbf742ff43f8d3acfc772731a5c344cabcd52570,,,full,0.2,True
ACT + Detector,453,8000495,metaworld,False,200,0.8184797489993798,0,0,1,0,0.6578965783119202,,False,True,timeout,d9264302af5f9a3fa4b345bce1636fc61f0a1c302a64d96b8816c65007ae8ae7,8c503c07dc6dcdd904e948f14d270410c2fbd4d9796f8d9e08451dc34c7d4399,524e161a612d94c222d06154bcd0129d0851b8fad51ae883abbef6e86d43cbb0,,,full,0.2,True
ACT + Detector,454,8000496,metaworld,True,57,0.2348656399990432,0,0,0,0,0.1041271984577179,,True,False,,ea4ac1a7d54dd4172732e86fe3287b7ba44bec67c24edc62e7277941dcefa602,8c503c07dc6dcdd904e948f14d270410c2fbd4d9796f8d9e08451dc34c7d4399,742509487aeb71d366f1ddafa1cb12db2f7cfefe17c4ca89c98cffb67c1c8619,,,full,0.2,True
ACT + Detector,455,8000497,metaworld,True,51,0.2086508700012928,0,0,0,0,0.18171419203281403,,True,False,,88c9d21910b474942cc2a5ed9bfea3d98c06b0f80ff768574a54990a8077e882,8c503c07dc6dcdd904e948f14d270410c2fbd4d9796f8d9e08451dc34c7d4399,38329c6b97bbe7d133bf007c22742dca5f0cd7258f8d7199135c6c2371ae591d,,,full,0.2,True
ACT + Detector,456,8000498,metaworld,False,200,0.7990566549997311,0,0,1,0,0.9926718473434448,,False,True,timeout,3b732e30fd9f72db419c1336f138ed32b91a1f6dc6c1880f1ff9b83deaa39be1,8c503c07dc6dcdd904e948f14d270410c2fbd4d9796f8d9e08451dc34c7d4399,ba19e0623fe05add91e00811bacb33e27305f5fcb6549be6f6278ebce6046101,,,full,0.2,True
ACT + Detector,457,8000499,metaworld,False,200,0.8179716749982617,0,0,1,0,0.9420691728591919,,False,True,timeout,4b09c78a965b867a277074cb0030557205d15019f43f6a65b4d182fcd4a5e18d,8c503c07dc6dcdd904e948f14d270410c2fbd4d9796f8d9e08451dc34c7d4399,8a99d46d6d04afe3e2ef92bb607dde5e178b5c37506006c4f364e345976453b1,,,full,0.2,True
ACT + Detector,458,8000500,metaworld,False,200,0.8032643280021148,0,0,1,0,0.9923452734947205,,False,True,object_dropped,3a58037f9d67549d77d4ab3114bae1f2b7ab07e965e3c6988aa3b1d44cc94dc1,8c503c07dc6dcdd904e948f14d270410c2fbd4d9796f8d9e08451dc34c7d4399,e216352c7f1c7392270c7c501bb599f2a46f420613a124fda0729ab88160cdf2,,,full,0.2,True
ACT + Detector,459,8000501,metaworld,True,55,0.22309385300104623,0,0,1,0,0.20452602207660675,,True,False,,e29b1b937306470d9f676fcf5d673a50dea9bc9f7b34fdb07aa6bfabb1aafb23,8c503c07dc6dcdd904e948f14d270410c2fbd4d9796f8d9e08451dc34c7d4399,64ee837add19202e84553431fdab118462cf5265eeae19a4d044b5a6818f771d,,,full,0.2,True
ACT + Detector,460,8000502,metaworld,False,200,0.7854190220023156,0,0,1,0,0.9938661456108093,,False,True,timeout,83d6ed2ed6351af8de98fe35f4c5155a83c72e567e34b50ae44b354a08c55f72,8c503c07dc6dcdd904e948f14d270410c2fbd4d9796f8d9e08451dc34c7d4399,f82ceac6f8787ac22c378edc1f141cedcc86bf9309b43f1aff6633ae0a963abb,,,full,0.2,True
ACT + Detector,461,8000503,metaworld,False,200,0.7884530980009004,0,0,1,0,0.5100285410881042,,False,True,timeout,5ab294fa03e41f308caedd4c42ef6369c14520f873a24b198de3b1ddd33ab631,8c503c07dc6dcdd904e948f14d270410c2fbd4d9796f8d9e08451dc34c7d4399,e6e55bdbd77dc052facbc072d20b08a21d116978c37627b9a3d9dc7989dfbe62,,,full,0.2,True
ACT + Detector,462,8000504,metaworld,True,54,0.21554841699980898,0,0,0,0,0.19454891979694366,,True,False,,4f3a516be0079d59737559ac76df0c326f9f414bf90404a6a0a91d2337c8af7a,8c503c07dc6dcdd904e948f14d270410c2fbd4d9796f8d9e08451dc34c7d4399,f82ceac6f8787ac22c378edc1f141cedcc86bf9309b43f1aff6633ae0a963abb,,,full,0.2,True
ACT + Detector,463,8000505,metaworld,True,53,0.21313231000021915,0,0,0,0,0.16688917577266693,,True,False,,8c8b7807eca9b6645c4177f00a597ca33650e82c2f98a061bd0c631500304789,8c503c07dc6dcdd904e948f14d270410c2fbd4d9796f8d9e08451dc34c7d4399,7c3391ee418e26d47c002810bc00065e4dd0b6728c969d2338ad549ad01ebb0a,,,full,0.2,True
ACT + Detector,464,8000506,metaworld,False,200,0.7892679329997918,0,0,1,0,0.9991881251335144,,False,True,timeout,1c6a132d029c348b76c4d787540a639e62bde7117513ba6e16c99448fba18d82,8c503c07dc6dcdd904e948f14d270410c2fbd4d9796f8d9e08451dc34c7d4399,27e1ed8c670f23dae46752497e383610e58c248d638e3b9b707808a32ce33d4e,,,full,0.2,True
ACT + Detector,465,8000507,metaworld,False,200,0.8060426240008383,0,0,1,0,0.9974562525749207,,False,True,timeout,f176ee4b81ed94be2bee5b256d71ca3fc13367476519bb06ad8418cabf7b1143,8c503c07dc6dcdd904e948f14d270410c2fbd4d9796f8d9e08451dc34c7d4399,5d73f28d4d24cdbcb36a5e5cd61ec1a82f7287ce56d88da8cea912ed757b164c,,,full,0.2,True
ACT + Detector,466,8000508,metaworld,True,54,0.21531191499889246,0,0,0,0,0.19909048080444336,,True,False,,b76d04ad090e2485d60d7d069a2352600a9d738e914d8c5456bd8f8e8c2cbee9,8c503c07dc6dcdd904e948f14d270410c2fbd4d9796f8d9e08451dc34c7d4399,f82ceac6f8787ac22c378edc1f141cedcc86bf9309b43f1aff6633ae0a963abb,,,full,0.2,True
ACT + Detector,467,8000509,metaworld,True,61,0.25431324199962546,0,0,1,0,0.2679491937160492,,True,False,,3028a2b65cc5674009c131cc2f76da991097e9c74d66a25c1e56f7ae83f669b7,8c503c07dc6dcdd904e948f14d270410c2fbd4d9796f8d9e08451dc34c7d4399,8a99d46d6d04afe3e2ef92bb607dde5e178b5c37506006c4f364e345976453b1,,,full,0.2,True
ACT + Detector,468,8000510,metaworld,False,200,0.7964292210017447,0,0,1,0,0.9720451831817627,,False,True,timeout,4d2a03dbe6a7b2553a2c22f6dc9e818a120c457762b7a7f1476e9f6bfd6f7ea2,8c503c07dc6dcdd904e948f14d270410c2fbd4d9796f8d9e08451dc34c7d4399,0f719f94ef165c0b816b8b10c3f4f5fcf802c9f5a25141035590310315749280,,,full,0.2,True
ACT + Detector,469,8000511,metaworld,True,50,0.19684860300185392,0,0,0,0,0.16906581819057465,,True,False,,d25f56f1502ba054f2fac05e11d21637e6fc5237871b5e9181136c51b654472a,8c503c07dc6dcdd904e948f14d270410c2fbd4d9796f8d9e08451dc34c7d4399,15a9adece7ebea14bdf37f5376e274c6dce4711281025cf35060933ba9ab8ad3,,,full,0.2,True
ACT + Detector,470,8000512,metaworld,False,200,0.7994849550013896,0,0,1,0,0.9377017021179199,,False,True,timeout,cc89ea61aa905b0878fe59e9eca5757e06fe5d42f27c76e02f8c865ddd4c8c48,8c503c07dc6dcdd904e948f14d270410c2fbd4d9796f8d9e08451dc34c7d4399,b8e45a2f8f553d53c6eef0305347f910b9999bcae6df6ccaf0eaee6ac864e670,,,full,0.2,True
ACT + Detector,471,8000513,metaworld,False,200,0.8114735239978472,0,0,1,0,0.9212287068367004,,False,True,timeout,4f0e5906bc9e20c08314bc892a4ddb37a66edb0d7fe1b00af0442adb74e29d63,8c503c07dc6dcdd904e948f14d270410c2fbd4d9796f8d9e08451dc34c7d4399,38329c6b97bbe7d133bf007c22742dca5f0cd7258f8d7199135c6c2371ae591d,,,full,0.2,True
ACT + Detector,472,8000514,metaworld,False,200,0.7964127409977664,0,0,1,0,0.6861485838890076,,False,True,timeout,dc61727bba0722e9db8295fbb9fbffc35fc775384250d54875516cc61052c783,8c503c07dc6dcdd904e948f14d270410c2fbd4d9796f8d9e08451dc34c7d4399,588df85fb38ef87f822932ad2f702be807974873e4a07ea43084bbdeeaac6604,,,full,0.2,True
ACT + Detector,473,8000515,metaworld,False,200,0.7989252659972408,0,0,1,0,0.9931522607803345,,False,True,timeout,6f58f8db78f471be1cf6bbafcc55bba060c196ad7265dc070ceaae879fd457b9,8c503c07dc6dcdd904e948f14d270410c2fbd4d9796f8d9e08451dc34c7d4399,a0b103bf3e43f4aa92753185301eba5e2e31594285004b99f51a59b33bd2d620,,,full,0.2,True
ACT + Detector,474,8000516,metaworld,False,200,0.7987959099991713,0,0,1,0,0.9808331727981567,,False,True,timeout,edd30a5a06cf01b92be462b8f92bf16510f55445f8ec9bf2640ec016356cabc7,8c503c07dc6dcdd904e948f14d270410c2fbd4d9796f8d9e08451dc34c7d4399,5e1df472084de78052388a34f03cad3de438ca9b5dc801b5759dd57c66a7482a,,,full,0.2,True
ACT + Detector,475,8000517,metaworld,True,56,0.2228156189994479,0,0,0,0,0.11784941703081131,,True,False,,ec0386a5a14dc2a14f3d3235ca7bf383ddb7f07bcd9cbe3d70415ed1cc70b562,8c503c07dc6dcdd904e948f14d270410c2fbd4d9796f8d9e08451dc34c7d4399,48ce9609a38b32e56f7e6a43ffef71c21c8b1d17ed5a63d47701bc1dfc3ff271,,,full,0.2,True
ACT + Detector,476,8000518,metaworld,True,52,0.20962136799789732,0,0,0,0,0.1570950448513031,,True,False,,aea2b3b9e7ed81184d17cc25fe01c15225da491f1e5206edd6b56e28fd687f0e,8c503c07dc6dcdd904e948f14d270410c2fbd4d9796f8d9e08451dc34c7d4399,15a9adece7ebea14bdf37f5376e274c6dce4711281025cf35060933ba9ab8ad3,,,full,0.2,True
ACT + Detector,477,8000519,metaworld,True,57,0.22112809000100242,0,0,0,0,0.1368655413389206,,True,False,,173fdcc140b7940e46943a4c444864d87082501a444eaa1d8854e3fc99816776,8c503c07dc6dcdd904e948f14d270410c2fbd4d9796f8d9e08451dc34c7d4399,06d355d7aff3b944ab4199c02a94c63d062e5c414c0b195f7b232b607e0ab1ed,,,full,0.2,True
ACT + Detector,478,8000520,metaworld,True,55,0.2209022349998122,0,0,1,0,0.2190147340297699,,True,False,,7b8769de12b4a6611b63bde3dc7074dd88b62ac85be6bc4e1a7d1f0dca7caff7,8c503c07dc6dcdd904e948f14d270410c2fbd4d9796f8d9e08451dc34c7d4399,0f719f94ef165c0b816b8b10c3f4f5fcf802c9f5a25141035590310315749280,,,full,0.2,True
ACT + Detector,479,8000521,metaworld,False,200,0.7857736250007292,0,0,1,0,0.9958125948905945,,False,True,timeout,122d05189dbeaac2c20a4360393088e8a3e955fbb0fc6e4deffe8d662a1e91fd,8c503c07dc6dcdd904e948f14d270410c2fbd4d9796f8d9e08451dc34c7d4399,35aa26efb4a8651c1d8f46a573d3d4fea76add87b5c76a00531e1cea9ad04412,,,full,0.2,True
ACT + Detector,480,8000522,metaworld,False,200,0.7816385539990733,0,0,1,0,0.9975243210792542,,False,True,object_dropped,7101fe959e121ba5d4e98544b30acace21c9f16e2f3b95106c7fea07d7156a7d,8c503c07dc6dcdd904e948f14d270410c2fbd4d9796f8d9e08451dc34c7d4399,5732f26a5a3acd61cb38107328c80d8fadad8368570aba69b803668406e8f53d,,,full,0.2,True
ACT + Detector,481,8000523,metaworld,False,200,0.8034957830022904,0,0,1,0,0.6453564167022705,,False,True,timeout,1319c1a5e5135dfd28643305b030987cbd5a0a0b20ed99242ca91097e91489cc,8c503c07dc6dcdd904e948f14d270410c2fbd4d9796f8d9e08451dc34c7d4399,8a99d46d6d04afe3e2ef92bb607dde5e178b5c37506006c4f364e345976453b1,,,full,0.2,True
ACT + Detector,482,8000524,metaworld,False,200,0.8097122949984623,0,0,1,0,0.7076747417449951,,False,True,timeout,461f411703a18c4269ba9dcfed5e61753db8c0ee7edad8d279a1f4bfbbe31299,8c503c07dc6dcdd904e948f14d270410c2fbd4d9796f8d9e08451dc34c7d4399,e216352c7f1c7392270c7c501bb599f2a46f420613a124fda0729ab88160cdf2,,,full,0.2,True
ACT + Detector,483,8000525,metaworld,True,59,0.24376099800065276,0,0,0,0,0.19269868731498718,,True,False,,f58e1026a2d9e13799fa4d1764fb97e3834ed36d61027a76e69b32ea3be449e3,8c503c07dc6dcdd904e948f14d270410c2fbd4d9796f8d9e08451dc34c7d4399,524e161a612d94c222d06154bcd0129d0851b8fad51ae883abbef6e86d43cbb0,,,full,0.2,True
ACT + Detector,484,8000526,metaworld,True,53,0.2166507099973387,0,0,0,0,0.1396341770887375,,True,False,,ece2fe2a2703bad2a8bd8ca8642bd15baf23b91ffc65b94558bb3e372de78ed6,8c503c07dc6dcdd904e948f14d270410c2fbd4d9796f8d9e08451dc34c7d4399,56b7f182edcfeefa9301e1edd53d7f36e4418de7e6df1b54b0f0c298cde1b3cd,,,full,0.2,True
ACT + Detector,485,8000527,metaworld,True,57,0.23010005499963881,0,0,0,0,0.15409712493419647,,True,False,,aad7616d72a542944fe0533c0aee00af76618c350b3276bede634abb9720de2e,8c503c07dc6dcdd904e948f14d270410c2fbd4d9796f8d9e08451dc34c7d4399,588df85fb38ef87f822932ad2f702be807974873e4a07ea43084bbdeeaac6604,,,full,0.2,True
ACT + Detector,486,8000528,metaworld,False,200,0.7679641609975079,0,0,1,0,0.9889209270477295,,False,True,timeout,bc2df5cf8b45f56f3b10893d8e50e82ff276c76c8a2d60f19900aa031cb4fdd2,8c503c07dc6dcdd904e948f14d270410c2fbd4d9796f8d9e08451dc34c7d4399,bb2c6b1aed959fa3ddddb1c215ce67cbb5b0ec080eb65fb58e06b7776849a096,,,full,0.2,True
ACT + Detector,487,8000529,metaworld,True,58,0.2265215609986626,0,0,0,0,0.1545601785182953,,True,False,,b50a8f05169cc39d8cc71a77828d68f2fee93f4717e6a7925ef456d82e30ad8c,8c503c07dc6dcdd904e948f14d270410c2fbd4d9796f8d9e08451dc34c7d4399,f6a9ed9055e00c868d6771022c2c557a6a48990bdacbed585d07cde857d4755a,,,full,0.2,True
ACT + Detector,488,8000530,metaworld,True,52,0.20885515799818677,0,0,0,0,0.1536891609430313,,True,False,,c47ffe701a4357b10becca3f316fc8cfb2ca0f2a53d908d156bb21efd6ed5042,8c503c07dc6dcdd904e948f14d270410c2fbd4d9796f8d9e08451dc34c7d4399,2ad5907877cc42b4447b9630988e3a1f0da0d83e1f696f71e22dc69905e631b6,,,full,0.2,True
ACT + Detector,489,8000531,metaworld,False,200,0.8029791020017001,0,0,1,0,0.9949475526809692,,False,True,timeout,1e4d31236d63227cf2b7a910a1426c5dd31616de8e1fb90c806eebb5ad8c96b9,8c503c07dc6dcdd904e948f14d270410c2fbd4d9796f8d9e08451dc34c7d4399,942fb6a87dc1e3eb7bf7bb111c97e7096138256b4a9a6b4c62a012fabe8bec38,,,full,0.2,True
ACT + Detector,490,8000532,metaworld,False,200,0.8010006959993916,0,0,1,0,0.7609033584594727,,False,True,timeout,36a0c650f516d0418320f9fc427f138b4166688fb6a8ee4751755c1030f044d5,8c503c07dc6dcdd904e948f14d270410c2fbd4d9796f8d9e08451dc34c7d4399,15a9adece7ebea14bdf37f5376e274c6dce4711281025cf35060933ba9ab8ad3,,,full,0.2,True
ACT + Detector,491,8000533,metaworld,True,57,0.22431758099992294,0,0,0,0,0.19738787412643433,,True,False,,d5d889aa4b9905768b8df1bd2321b9de5a43fb820a03b3a8a6fa331cac25f30f,8c503c07dc6dcdd904e948f14d270410c2fbd4d9796f8d9e08451dc34c7d4399,b8e45a2f8f553d53c6eef0305347f910b9999bcae6df6ccaf0eaee6ac864e670,,,full,0.2,True
ACT + Detector,492,8000534,metaworld,False,200,0.7930200180016982,0,0,1,0,0.9996174573898315,,False,True,timeout,857d6b9b823325a2561d3d461e96886fccdd26e3209f083977635a4a3fb3c8fd,8c503c07dc6dcdd904e948f14d270410c2fbd4d9796f8d9e08451dc34c7d4399,20cf3cfee33051ea4ca25b64648f05450b0068ae0136ae52c3108d28b02f3691,,,full,0.2,True
ACT + Detector,493,8000535,metaworld,False,200,0.8398345720015641,0,0,1,0,0.9511824250221252,,False,True,timeout,927ed87fd7f3e6b23d12985fb581ed1ac6d9495e14ab00baa4aa4b4dcf20083d,8c503c07dc6dcdd904e948f14d270410c2fbd4d9796f8d9e08451dc34c7d4399,5e1df472084de78052388a34f03cad3de438ca9b5dc801b5759dd57c66a7482a,,,full,0.2,True
ACT + Detector,494,8000536,metaworld,False,200,0.7897807590015873,0,0,1,0,0.9974580407142639,,False,True,timeout,e2426eab2d8ffe87393bb7881e59190aeeabf83c1294856c83217c669eb3822d,8c503c07dc6dcdd904e948f14d270410c2fbd4d9796f8d9e08451dc34c7d4399,1c856fdcb5da12c3fa2d15b38741aa980fa3a47e64fb99f8635817590128f9ea,,,full,0.2,True
ACT + Detector,495,8000537,metaworld,True,53,0.20735465499819838,0,0,0,0,0.19571134448051453,,True,False,,3f0d6a176a8366ac2762d37e1269fa703a7a5b7412d9b447bfceafb23bc7c2df,8c503c07dc6dcdd904e948f14d270410c2fbd4d9796f8d9e08451dc34c7d4399,6943489118fc060756e24fd47685e2c10173293d54af0af7e8afa9e287c9c5f1,,,full,0.2,True
ACT + Detector,496,8000538,metaworld,False,200,0.7853438189995359,0,0,1,0,0.7866972088813782,,False,True,timeout,5f213cd19558d7e01f7be6ee25c681e5f28f84a62866a5e80bf2b2f52a813a44,8c503c07dc6dcdd904e948f14d270410c2fbd4d9796f8d9e08451dc34c7d4399,aa1f17aacdf569c3a2930a2ebbf742ff43f8d3acfc772731a5c344cabcd52570,,,full,0.2,True
ACT + Detector,497,8000539,metaworld,False,200,0.7896375189993705,0,0,1,0,0.9992989301681519,,False,True,timeout,451dc2ef8f7232f2a12aa62eac6b43806af4536fb734bb7fb17cd83a3cc195de,8c503c07dc6dcdd904e948f14d270410c2fbd4d9796f8d9e08451dc34c7d4399,20cf3cfee33051ea4ca25b64648f05450b0068ae0136ae52c3108d28b02f3691,,,full,0.2,True
ACT + Detector,498,8000540,metaworld,False,200,0.778354987000057,0,0,1,0,0.9877288341522217,,False,True,timeout,8ede7a35a91e4872f7315767322a5647162f903f444f162c4e3bc67253a0aebe,8c503c07dc6dcdd904e948f14d270410c2fbd4d9796f8d9e08451dc34c7d4399,0f719f94ef165c0b816b8b10c3f4f5fcf802c9f5a25141035590310315749280,,,full,0.2,True
ACT + Detector,499,8000541,metaworld,True,56,0.21864964599808445,0,0,0,0,0.12161590903997421,,True,False,,af464ea8998bdb040e8e646e98e9a37b699248a242c37c98b971e16442cccbcc,8c503c07dc6dcdd904e948f14d270410c2fbd4d9796f8d9e08451dc34c7d4399,a0b103bf3e43f4aa92753185301eba5e2e31594285004b99f51a59b33bd2d620,,,full,0.2,True
ACT + Detector,500,8000542,metaworld,False,200,0.7857870660009212,0,0,1,0,0.9893280863761902,,False,True,timeout,bc2ca476accc2cc663ae466a74eeba4a0dc11a391c01f0d5555965cce046d9b8,8c503c07dc6dcdd904e948f14d270410c2fbd4d9796f8d9e08451dc34c7d4399,aa1f17aacdf569c3a2930a2ebbf742ff43f8d3acfc772731a5c344cabcd52570,,,full,0.2,True
ACT + Detector,501,8000543,metaworld,True,52,0.2045831100003852,0,0,0,0,0.16596469283103943,,True,False,,51284ae553d7fcc8e2b371a1d8130ecf248d7669c1ba24e79303a4b4a0b74697,8c503c07dc6dcdd904e948f14d270410c2fbd4d9796f8d9e08451dc34c7d4399,38329c6b97bbe7d133bf007c22742dca5f0cd7258f8d7199135c6c2371ae591d,,,full,0.2,True
ACT + Detector,502,8000544,metaworld,True,52,0.20466072500130394,0,0,0,0,0.18382702767848969,,True,False,,bc58074285c0a5eca506fa9c58b45b90692bd9bc24920e33811c3ea77246dbfc,8c503c07dc6dcdd904e948f14d270410c2fbd4d9796f8d9e08451dc34c7d4399,38329c6b97bbe7d133bf007c22742dca5f0cd7258f8d7199135c6c2371ae591d,,,full,0.2,True
ACT + Detector,503,8000545,metaworld,False,200,0.8008185500002583,0,0,1,0,0.9775328040122986,,False,True,object_dropped,c6244ba983c81d662c54989ba3d0a56b99caa6211d997dee25ec9f88a705be24,8c503c07dc6dcdd904e948f14d270410c2fbd4d9796f8d9e08451dc34c7d4399,25805a097f1f4b8c203ec3c130dcd3e66b5fb3ad298114a08662aae6c86fa673,,,full,0.2,True
ACT + Detector,504,8000546,metaworld,False,200,0.8040144970000256,0,0,1,0,0.9524422287940979,,False,True,timeout,deebc61330b2440439fe498ec59e64c5ea6e52d52b5ac2709dd815adb93917e4,8c503c07dc6dcdd904e948f14d270410c2fbd4d9796f8d9e08451dc34c7d4399,7c3391ee418e26d47c002810bc00065e4dd0b6728c969d2338ad549ad01ebb0a,,,full,0.2,True
ACT + Detector,505,8000547,metaworld,True,63,0.2510742209997261,0,0,0,0,0.19751417636871338,,True,False,,7867e180dc1a88910c9810b74babfcaee913d5395fbb43da6476a0208143a53a,8c503c07dc6dcdd904e948f14d270410c2fbd4d9796f8d9e08451dc34c7d4399,c5023b3d25031a103b9549b6e8c83ba09d69e708ef117c31128a38e03616e5d8,,,full,0.2,True
ACT + Detector,506,8000548,metaworld,True,57,0.23267177600064315,0,0,0,0,0.17141062021255493,,True,False,,86a66c39a2edbe8996ed666c7c4d6cd29568897818a08842fc4d081310041e48,8c503c07dc6dcdd904e948f14d270410c2fbd4d9796f8d9e08451dc34c7d4399,06d355d7aff3b944ab4199c02a94c63d062e5c414c0b195f7b232b607e0ab1ed,,,full,0.2,True
ACT + Detector,507,8000549,metaworld,False,200,0.7846152239981166,0,0,1,0,0.9981978535652161,,False,True,timeout,2a07291dcdc884fe586bb77e9292f51048272289652234ef45b3c8a12c8b44aa,8c503c07dc6dcdd904e948f14d270410c2fbd4d9796f8d9e08451dc34c7d4399,742509487aeb71d366f1ddafa1cb12db2f7cfefe17c4ca89c98cffb67c1c8619,,,full,0.2,True
ACT + Detector,508,8000550,metaworld,False,200,0.7847991779999575,0,0,1,0,0.8910334706306458,,False,True,timeout,666c52e530f1becd2d29a579007200364e55fd84bc257bd2d1a3e8d8b885dbbe,8c503c07dc6dcdd904e948f14d270410c2fbd4d9796f8d9e08451dc34c7d4399,504c23f653f6cdee9d659d9320b164606b319d4f0e9cdf0f3a87e2fc7a98160a,,,full,0.2,True
ACT + Detector,509,8000551,metaworld,False,200,0.767400724998879,0,0,1,0,0.9993027448654175,,False,True,object_dropped,9cf41cb02ccc7e49e1f2b6b8c2c2dec005ee9c6fd90c4a2b3c957736f73f34ab,8c503c07dc6dcdd904e948f14d270410c2fbd4d9796f8d9e08451dc34c7d4399,20cf3cfee33051ea4ca25b64648f05450b0068ae0136ae52c3108d28b02f3691,,,full,0.2,True
ACT + Detector,510,8000552,metaworld,False,200,0.7945124460020452,0,0,1,0,0.9665552377700806,,False,True,timeout,7260bc6a80142072d58708e20cb342dda87937257d5025743b66bb828f050707,8c503c07dc6dcdd904e948f14d270410c2fbd4d9796f8d9e08451dc34c7d4399,bb2c6b1aed959fa3ddddb1c215ce67cbb5b0ec080eb65fb58e06b7776849a096,,,full,0.2,True
ACT + Detector,511,8000553,metaworld,False,200,0.7869556990008277,0,0,1,0,0.9543984532356262,,False,True,timeout,bec4d15db2ae7a35f8f35282e963aa0eeb9a6f02dc20dd21c26bae6105c833a6,8c503c07dc6dcdd904e948f14d270410c2fbd4d9796f8d9e08451dc34c7d4399,bb2c6b1aed959fa3ddddb1c215ce67cbb5b0ec080eb65fb58e06b7776849a096,,,full,0.2,True
ACT + Detector,512,8000554,metaworld,False,200,0.7974300460009545,0,0,1,0,0.9934707880020142,,False,True,timeout,f843e31bbd29568823276fac18ab71a00a2a7b77f2ab978b09cacd6132d99f34,8c503c07dc6dcdd904e948f14d270410c2fbd4d9796f8d9e08451dc34c7d4399,504c23f653f6cdee9d659d9320b164606b319d4f0e9cdf0f3a87e2fc7a98160a,,,full,0.2,True
ACT + Detector,513,8000555,metaworld,False,200,0.7906675990016083,0,0,1,0,0.886449933052063,,False,True,timeout,7d0272e9257f17975bc5abd4d848aa6dd6572c6eed5313017a932ac0f1edcd98,8c503c07dc6dcdd904e948f14d270410c2fbd4d9796f8d9e08451dc34c7d4399,2eb279a724955c1a9d173681940490ec9cc8ed4fdc15a95533884a23d4ccdb4e,,,full,0.2,True
ACT + Detector,514,8000556,metaworld,False,200,0.8072453679997125,0,0,1,0,0.9956408739089966,,False,True,timeout,450e937532e9c2f22e8066f3eaf6ff940dd2bcf2011bba7306d78d0f339020a0,8c503c07dc6dcdd904e948f14d270410c2fbd4d9796f8d9e08451dc34c7d4399,942fb6a87dc1e3eb7bf7bb111c97e7096138256b4a9a6b4c62a012fabe8bec38,,,full,0.2,True
ACT + Detector,515,8000557,metaworld,True,60,0.24092342000221834,0,0,0,0,0.12676073610782623,,True,False,,f1adb40d3cec6c1a2d3851ef89ccec72b1c99c31ea808c748234fbffbf2e8b16,8c503c07dc6dcdd904e948f14d270410c2fbd4d9796f8d9e08451dc34c7d4399,06d355d7aff3b944ab4199c02a94c63d062e5c414c0b195f7b232b607e0ab1ed,,,full,0.2,True
ACT + Detector,516,8000558,metaworld,False,200,0.8045917150011519,0,0,1,0,0.2175828218460083,,False,True,timeout,2eaef5fc853af5e5d58c047a41c63415291ab3abecc2835053e89ba5f1e7c930,8c503c07dc6dcdd904e948f14d270410c2fbd4d9796f8d9e08451dc34c7d4399,a0b103bf3e43f4aa92753185301eba5e2e31594285004b99f51a59b33bd2d620,,,full,0.2,True
ACT + Detector,517,8000559,metaworld,True,57,0.2368200640012219,0,0,0,0,0.14087165892124176,,True,False,,b43d85c5c489686fec6033a1c06ca112bac93f6b3c210312b08d9cf0196e76ca,8c503c07dc6dcdd904e948f14d270410c2fbd4d9796f8d9e08451dc34c7d4399,b8e45a2f8f553d53c6eef0305347f910b9999bcae6df6ccaf0eaee6ac864e670,,,full,0.2,True
ACT + Detector,518,8000560,metaworld,False,200,0.8011638440002571,0,0,1,0,0.9847072958946228,,False,True,timeout,a34e0d5b745035d40242e15f2be487ed1a9c114a13675117a29d9c480bb0dd33,8c503c07dc6dcdd904e948f14d270410c2fbd4d9796f8d9e08451dc34c7d4399,48ce9609a38b32e56f7e6a43ffef71c21c8b1d17ed5a63d47701bc1dfc3ff271,,,full,0.2,True
ACT + Detector,519,8000561,metaworld,False,200,0.792928746999678,0,0,1,0,0.9016762375831604,,False,True,timeout,43a66495768bffe5ed7d38998c01206d5e1b64eda1c3dfadb4114f04ee37125b,8c503c07dc6dcdd904e948f14d270410c2fbd4d9796f8d9e08451dc34c7d4399,8a99d46d6d04afe3e2ef92bb607dde5e178b5c37506006c4f364e345976453b1,,,full,0.2,True
ACT + Detector,520,8000562,metaworld,False,200,0.7926572799988207,0,0,1,0,0.9550531506538391,,False,True,timeout,c3e08e01bceb28aaa952defdbe445b5175d38754c5be953a4234d1629d4ffa19,8c503c07dc6dcdd904e948f14d270410c2fbd4d9796f8d9e08451dc34c7d4399,5e1df472084de78052388a34f03cad3de438ca9b5dc801b5759dd57c66a7482a,,,full,0.2,True
ACT + Detector,521,8000563,metaworld,False,200,0.7993660920001275,0,0,1,0,0.9212372899055481,,False,True,timeout,c355f81c4333224a359af4b873f9410b3592cd774ebea268c099963c8deb547d,8c503c07dc6dcdd904e948f14d270410c2fbd4d9796f8d9e08451dc34c7d4399,f6a9ed9055e00c868d6771022c2c557a6a48990bdacbed585d07cde857d4755a,,,full,0.2,True
ACT + Detector,522,8000564,metaworld,True,57,0.22880702000111341,0,0,1,0,0.2352449744939804,,True,False,,91f960aa6905d8e11fba05efc3a66e5dd40cedfd8a002f805cb2ddcf1fe57fb2,8c503c07dc6dcdd904e948f14d270410c2fbd4d9796f8d9e08451dc34c7d4399,588df85fb38ef87f822932ad2f702be807974873e4a07ea43084bbdeeaac6604,,,full,0.2,True
ACT + Detector,523,8000565,metaworld,False,200,0.7908843270015495,0,0,1,0,0.9984449744224548,,False,True,timeout,8e55b1c6b64cfe9bbe13c0d72a31814d4f2ce704e866a0fee18fd878f206bbbf,8c503c07dc6dcdd904e948f14d270410c2fbd4d9796f8d9e08451dc34c7d4399,35203d16cfa98b5f2e002fcb1ffde2400abf9459c161f6a289efa0c46eddb36f,,,full,0.2,True
ACT + Detector,524,8000566,metaworld,True,98,0.39388590100134024,0,0,1,0,0.49355390667915344,,True,False,,5e4a6a137f2d68856edb1f5d03c4f8d7ecface3248752f593ec82ebcd8d56a03,8c503c07dc6dcdd904e948f14d270410c2fbd4d9796f8d9e08451dc34c7d4399,5e1df472084de78052388a34f03cad3de438ca9b5dc801b5759dd57c66a7482a,,,full,0.2,True
ACT + Detector,525,8000567,metaworld,False,200,0.8052766760010854,0,0,1,0,0.9977177381515503,,False,True,timeout,df740975eabd32158d9f2a58e7502b134366b518eb7f89b4a24753e91b963528,8c503c07dc6dcdd904e948f14d270410c2fbd4d9796f8d9e08451dc34c7d4399,06d355d7aff3b944ab4199c02a94c63d062e5c414c0b195f7b232b607e0ab1ed,,,full,0.2,True
ACT + Detector,526,8000568,metaworld,False,200,0.8011811710020993,0,0,1,0,0.7530683875083923,,False,True,timeout,b0a380cc99ada47d060adcc2c01067f8fa32f0643accb47c84b216873437d117,8c503c07dc6dcdd904e948f14d270410c2fbd4d9796f8d9e08451dc34c7d4399,56b7f182edcfeefa9301e1edd53d7f36e4418de7e6df1b54b0f0c298cde1b3cd,,,full,0.2,True
ACT + Detector,527,8000569,metaworld,True,54,0.21596010699795443,0,0,0,0,0.18472231924533844,,True,False,,c5d9efd65468c2e6859c5ae5d7287d95854d87235b0ac768df3f08f7d06d901d,8c503c07dc6dcdd904e948f14d270410c2fbd4d9796f8d9e08451dc34c7d4399,6943489118fc060756e24fd47685e2c10173293d54af0af7e8afa9e287c9c5f1,,,full,0.2,True
ACT + Detector,528,8000570,metaworld,True,48,0.19421285999851534,0,0,0,0,0.17914941906929016,,True,False,,b87efa8ab59c25209fcde952f2fad7f9ed8b1f5130d617909afb03b402df08a9,8c503c07dc6dcdd904e948f14d270410c2fbd4d9796f8d9e08451dc34c7d4399,e6e55bdbd77dc052facbc072d20b08a21d116978c37627b9a3d9dc7989dfbe62,,,full,0.2,True
ACT + Detector,529,8000571,metaworld,False,200,0.7916824730018561,0,0,1,0,0.9536634683609009,,False,True,timeout,6f94efdafa7dafbc957e3ed6374c9a9f62449f17ef74aeff98179547c355479a,8c503c07dc6dcdd904e948f14d270410c2fbd4d9796f8d9e08451dc34c7d4399,aa1f17aacdf569c3a2930a2ebbf742ff43f8d3acfc772731a5c344cabcd52570,,,full,0.2,True
ACT + Detector,530,8000572,metaworld,False,200,0.802991328000644,0,0,1,0,0.9998679161071777,,False,True,timeout,3ac96bb2731ea2ca9293b69071f030851fcb7e8fd455e2e84302491b8aa09908,8c503c07dc6dcdd904e948f14d270410c2fbd4d9796f8d9e08451dc34c7d4399,3183afb500ebb9a5af177cccb5b5889a8321eb35261f8ec571269f8b5ed9cd1a,,,full,0.2,True
ACT + Detector,531,8000573,metaworld,False,200,0.8281320780006354,0,0,1,0,0.9980064034461975,,False,True,timeout,e995047697ec9ac2cdadc9916581e867cb91c58325c647116561256a0c0caa33,8c503c07dc6dcdd904e948f14d270410c2fbd4d9796f8d9e08451dc34c7d4399,0cda21f8ffacf0a1e40e7b0e858a8e2ddc276972106d4bced99d4404b4a13fd8,,,full,0.2,True
ACT + Detector,532,8000574,metaworld,False,200,0.8328228390018921,0,0,1,0,0.9974936246871948,,False,True,timeout,0a51cbc71054cb49607133d1a70fa821ecdcf18f5f704fcda7de412bac70858b,8c503c07dc6dcdd904e948f14d270410c2fbd4d9796f8d9e08451dc34c7d4399,942fb6a87dc1e3eb7bf7bb111c97e7096138256b4a9a6b4c62a012fabe8bec38,,,full,0.2,True
ACT + Detector,533,8000575,metaworld,True,62,0.24507095300214132,0,0,1,0,0.24926340579986572,,True,False,,d597c0ca857fd83d1dcd12a4c21b51d6cd1af8be018f75c98d8633f97f5dbd9c,8c503c07dc6dcdd904e948f14d270410c2fbd4d9796f8d9e08451dc34c7d4399,8a99d46d6d04afe3e2ef92bb607dde5e178b5c37506006c4f364e345976453b1,,,full,0.2,True
ACT + Detector,534,8000576,metaworld,True,62,0.24842426300165243,0,0,0,0,0.1605023741722107,,True,False,,de5b9715b70ab0b18f4703f2d2962260b43b93d82bbad97a9c59a0f5046c45d7,8c503c07dc6dcdd904e948f14d270410c2fbd4d9796f8d9e08451dc34c7d4399,c5023b3d25031a103b9549b6e8c83ba09d69e708ef117c31128a38e03616e5d8,,,full,0.2,True
ACT + Detector,535,8000577,metaworld,True,56,0.22296953800105257,0,0,0,0,0.16585232317447662,,True,False,,4529e4da480f395b23a663ca524df9d6b1814a3c1fda0c50e02fcbf6aa57a9df,8c503c07dc6dcdd904e948f14d270410c2fbd4d9796f8d9e08451dc34c7d4399,524e161a612d94c222d06154bcd0129d0851b8fad51ae883abbef6e86d43cbb0,,,full,0.2,True
ACT + Detector,536,8000578,metaworld,False,200,0.7984575359987502,0,0,1,0,0.9887511134147644,,False,True,timeout,f6e86e6e093b7031a733f523bbc6dd2f901a87b58ca0cc6c442d2fe0c67c4f39,8c503c07dc6dcdd904e948f14d270410c2fbd4d9796f8d9e08451dc34c7d4399,bb2c6b1aed959fa3ddddb1c215ce67cbb5b0ec080eb65fb58e06b7776849a096,,,full,0.2,True
ACT + Detector,537,8000579,metaworld,False,200,0.7947111969988327,0,0,1,0,0.992116391658783,,False,True,timeout,3919fc93a121deae70eaa80d09bb1d9187554a6da8b0ffc8e5b6d269e3500d7f,8c503c07dc6dcdd904e948f14d270410c2fbd4d9796f8d9e08451dc34c7d4399,0f719f94ef165c0b816b8b10c3f4f5fcf802c9f5a25141035590310315749280,,,full,0.2,True
ACT + Detector,538,8000580,metaworld,False,200,0.7878072710009292,0,0,1,0,0.9512619972229004,,False,True,timeout,da0f9a14ecadc556f9d49653bbffc636b56196652b2b3a30dd668aa1d681f7ad,8c503c07dc6dcdd904e948f14d270410c2fbd4d9796f8d9e08451dc34c7d4399,504c23f653f6cdee9d659d9320b164606b319d4f0e9cdf0f3a87e2fc7a98160a,,,full,0.2,True
ACT + Detector,539,8000581,metaworld,False,200,0.7898358700003882,0,0,1,0,0.9992850422859192,,False,True,timeout,e3f57669d98d547fef1681bd5c880884d2d0839739464a0cdfe914a61ea4ddad,8c503c07dc6dcdd904e948f14d270410c2fbd4d9796f8d9e08451dc34c7d4399,35aa26efb4a8651c1d8f46a573d3d4fea76add87b5c76a00531e1cea9ad04412,,,full,0.2,True
ACT + Detector,540,8000582,metaworld,True,57,0.23491610500059323,0,0,0,0,0.15249665081501007,,True,False,,6f7d2222cde2c208555c7cb13d98f46a0ca314afae58fda1bb6cd743d15fcda8,8c503c07dc6dcdd904e948f14d270410c2fbd4d9796f8d9e08451dc34c7d4399,15a9adece7ebea14bdf37f5376e274c6dce4711281025cf35060933ba9ab8ad3,,,full,0.2,True
ACT + Detector,541,8000583,metaworld,True,53,0.21423261200106936,0,0,0,0,0.17733250558376312,,True,False,,9b2eda421106cc5663aacbfe878199f51640ef88a1ad113bec24c911cdd0db4f,8c503c07dc6dcdd904e948f14d270410c2fbd4d9796f8d9e08451dc34c7d4399,acfaed29b052207b47b4b7fa76672795fd08de3add8565db05f141de82ece90b,,,full,0.2,True
ACT + Detector,542,8000584,metaworld,True,60,0.23830174099930446,0,0,0,0,0.1354440450668335,,True,False,,e76665867adfd7a3cc18ae738445dbefcc5df12d5c73b00988aaa304fa9ddb55,8c503c07dc6dcdd904e948f14d270410c2fbd4d9796f8d9e08451dc34c7d4399,a0b103bf3e43f4aa92753185301eba5e2e31594285004b99f51a59b33bd2d620,,,full,0.2,True
ACT + Detector,543,8000585,metaworld,True,75,0.30409557900202344,0,0,1,0,0.4316924810409546,,True,False,,88716444b703fdf363f37b97225d2dd15afc4de9a1c7b23a7a3e08319d321ac1,8c503c07dc6dcdd904e948f14d270410c2fbd4d9796f8d9e08451dc34c7d4399,2eb279a724955c1a9d173681940490ec9cc8ed4fdc15a95533884a23d4ccdb4e,,,full,0.2,True
ACT + Detector,544,8000586,metaworld,False,200,0.788835236999148,0,0,1,0,0.9954250454902649,,False,True,object_dropped,b428487b7bb0b91b133cbaf5c66cb534e65396adff781761c61fc52e1bc25410,8c503c07dc6dcdd904e948f14d270410c2fbd4d9796f8d9e08451dc34c7d4399,f6a9ed9055e00c868d6771022c2c557a6a48990bdacbed585d07cde857d4755a,,,full,0.2,True
ACT + Detector,545,8000587,metaworld,True,54,0.20775762700213818,0,0,0,0,0.17109796404838562,,True,False,,983a1fec92f40b06ce3aaefe68d4a86dab5c44a96732ba2d9c83d2a485dfecf3,8c503c07dc6dcdd904e948f14d270410c2fbd4d9796f8d9e08451dc34c7d4399,56b7f182edcfeefa9301e1edd53d7f36e4418de7e6df1b54b0f0c298cde1b3cd,,,full,0.2,True
ACT + Detector,546,8000588,metaworld,False,200,0.7946165679968544,0,0,1,0,0.998856782913208,,False,True,timeout,01da7c33b22951d8c73136e17a93e0302038ebc47a9a2be08c9a05aaf7edb2ad,8c503c07dc6dcdd904e948f14d270410c2fbd4d9796f8d9e08451dc34c7d4399,35aa26efb4a8651c1d8f46a573d3d4fea76add87b5c76a00531e1cea9ad04412,,,full,0.2,True
ACT + Detector,547,8000589,metaworld,True,59,0.23357021199990413,0,0,0,0,0.15168067812919617,,True,False,,0d03c74d5250a83475306dd95a99c4868c7b649f8bf3422387dc3996b9698467,8c503c07dc6dcdd904e948f14d270410c2fbd4d9796f8d9e08451dc34c7d4399,a0b103bf3e43f4aa92753185301eba5e2e31594285004b99f51a59b33bd2d620,,,full,0.2,True
ACT + Detector,548,8000590,metaworld,True,53,0.20551097499992466,0,0,1,0,0.27669087052345276,,True,False,,3374562665338dbed143427fdadd2252c7a7072f87c514033757604da68f9eb7,8c503c07dc6dcdd904e948f14d270410c2fbd4d9796f8d9e08451dc34c7d4399,2ad5907877cc42b4447b9630988e3a1f0da0d83e1f696f71e22dc69905e631b6,,,full,0.2,True
ACT + Detector,549,8000591,metaworld,True,57,0.23979713500011712,0,0,0,0,0.1580783873796463,,True,False,,a1ac83f3bd17b74353ea8e94404038b0720969e89de758630d50586a76d1b489,8c503c07dc6dcdd904e948f14d270410c2fbd4d9796f8d9e08451dc34c7d4399,6cb8d983459a8e57d4ae53a86da2394015cabba2d7c306dcaf7b14af979ca230,,,full,0.2,True
ACT + Detector,550,8000592,metaworld,True,51,0.20725458900051308,0,0,0,0,0.19348163902759552,,True,False,,261b47f75f047416a981517f8124125c7f99f76456f0cdc1ba7c2eb8c0c09e40,8c503c07dc6dcdd904e948f14d270410c2fbd4d9796f8d9e08451dc34c7d4399,5e1df472084de78052388a34f03cad3de438ca9b5dc801b5759dd57c66a7482a,,,full,0.2,True
ACT + Detector,551,8000593,metaworld,True,65,0.26291105799828074,0,0,1,0,0.30686745047569275,,True,False,,2beab1aa5a134734fcbae556e8033fdec51263dd98e92ce1d172a5c04141c22d,8c503c07dc6dcdd904e948f14d270410c2fbd4d9796f8d9e08451dc34c7d4399,504c23f653f6cdee9d659d9320b164606b319d4f0e9cdf0f3a87e2fc7a98160a,,,full,0.2,True
ACT + Detector,552,8000594,metaworld,False,200,0.8209274370019557,0,0,1,0,0.9998390674591064,,False,True,timeout,25d572eccad4dc2ff778f66064353470316cc9765ed06c2d488dc786601077fc,8c503c07dc6dcdd904e948f14d270410c2fbd4d9796f8d9e08451dc34c7d4399,342b72dafe0e47ecf8a937cb01e62ac02c2d77bf93dafca59574cbbbfc4ad77b,,,full,0.2,True
ACT + Detector,553,8000595,metaworld,False,200,0.7989695579999534,0,0,1,0,0.6328226923942566,,False,True,timeout,9a3973b8d35b2d422cf62c5d9ed5218ffda7f7a6889bfc0eaa46e6459d58dec3,8c503c07dc6dcdd904e948f14d270410c2fbd4d9796f8d9e08451dc34c7d4399,08a97a6dfa17f78b5cc5b1351d60038e4a40a68fc93722672482714333b1d9b5,,,full,0.2,True
ACT + Detector,554,8000596,metaworld,False,200,0.8109398540000257,0,0,1,0,0.9111426472663879,,False,True,object_dropped,ec4f8d248873e0a95d665c454d1cf7d3aa179164a1487bcdd7315fdbbf64c8f3,8c503c07dc6dcdd904e948f14d270410c2fbd4d9796f8d9e08451dc34c7d4399,acfaed29b052207b47b4b7fa76672795fd08de3add8565db05f141de82ece90b,,,full,0.2,True
ACT + Detector,555,8000597,metaworld,True,57,0.23174989900144283,0,0,0,0,0.19138677418231964,,True,False,,1705294168533e3e6aa525444d231e2f959a0fd3024a64dff741409f908f2fd9,8c503c07dc6dcdd904e948f14d270410c2fbd4d9796f8d9e08451dc34c7d4399,3183afb500ebb9a5af177cccb5b5889a8321eb35261f8ec571269f8b5ed9cd1a,,,full,0.2,True
ACT + Detector,556,8000598,metaworld,True,49,0.19574836600077106,0,0,0,0,0.1447329819202423,,True,False,,73e0dd248460af9c70360bfb429d766cf7191171eee6cb5bb1192a722f228bc1,8c503c07dc6dcdd904e948f14d270410c2fbd4d9796f8d9e08451dc34c7d4399,15a9adece7ebea14bdf37f5376e274c6dce4711281025cf35060933ba9ab8ad3,,,full,0.2,True
ACT + Detector,557,8000599,metaworld,True,55,0.2197470209976018,0,0,0,0,0.13418203592300415,,True,False,,eec9206e0229565d04a4cc9ed93b685347836d65c80e5b4ac63f0b4396ad7131,8c503c07dc6dcdd904e948f14d270410c2fbd4d9796f8d9e08451dc34c7d4399,64ee837add19202e84553431fdab118462cf5265eeae19a4d044b5a6818f771d,,,full,0.2,True
ACT + Detector,558,8000600,metaworld,False,200,0.7797649050007749,0,0,1,0,0.9990399479866028,,False,True,object_dropped,c13747a49dd6977d9e662ee2a0c2267fad772f6f4476bb13f88319a2fb374625,8c503c07dc6dcdd904e948f14d270410c2fbd4d9796f8d9e08451dc34c7d4399,a8cfe6e2276fbd15230c5555255b87d17333bdd29f84f687df7405d0311fae7f,,,full,0.2,True
ACT + Detector,559,8000601,metaworld,True,61,0.24676860899853637,0,0,0,0,0.19435007870197296,,True,False,,7d9d80c1d6c569ab768c283e588d6eb7d56f74d63757f10dff85ad0de4ac8238,8c503c07dc6dcdd904e948f14d270410c2fbd4d9796f8d9e08451dc34c7d4399,c5023b3d25031a103b9549b6e8c83ba09d69e708ef117c31128a38e03616e5d8,,,full,0.2,True
ACT + Detector,560,8000602,metaworld,False,200,0.8018495489995985,0,0,1,0,0.9942896366119385,,False,True,timeout,b95dc734574109a67805ee59c6be0c8497285a3ff8dd710f24ebd20cbd8437b6,8c503c07dc6dcdd904e948f14d270410c2fbd4d9796f8d9e08451dc34c7d4399,bb2c6b1aed959fa3ddddb1c215ce67cbb5b0ec080eb65fb58e06b7776849a096,,,full,0.2,True
ACT + Detector,561,8000603,metaworld,False,200,0.7916459510015557,0,0,1,0,0.9256911873817444,,False,True,object_dropped,b5fdc938122d6bee03a6afee96cdfcef94c1234fd9270f1a54eca5ec1bf0a72f,8c503c07dc6dcdd904e948f14d270410c2fbd4d9796f8d9e08451dc34c7d4399,25805a097f1f4b8c203ec3c130dcd3e66b5fb3ad298114a08662aae6c86fa673,,,full,0.2,True
ACT + Detector,562,8000604,metaworld,True,53,0.22075906399913947,0,0,1,0,0.2083517611026764,,True,False,,f72847c953d0a8fe07e11834722e0c5e5629367540ce8656a2fe89a875f4b217,8c503c07dc6dcdd904e948f14d270410c2fbd4d9796f8d9e08451dc34c7d4399,2eb279a724955c1a9d173681940490ec9cc8ed4fdc15a95533884a23d4ccdb4e,,,full,0.2,True
ACT + Detector,563,8000605,metaworld,False,200,0.8063767089988687,0,0,1,0,0.9974395036697388,,False,True,timeout,11849815a7acdfaba6c3e438b547c936ddc86a93bc43290b75922bc86f89d31b,8c503c07dc6dcdd904e948f14d270410c2fbd4d9796f8d9e08451dc34c7d4399,35aa26efb4a8651c1d8f46a573d3d4fea76add87b5c76a00531e1cea9ad04412,,,full,0.2,True
ACT + Detector,564,8000606,metaworld,False,200,0.8209626099996967,0,0,1,0,0.933024525642395,,False,True,timeout,7dcf4db987b6107ba3306d01ffb5957927bdcb1478dab61e614eed6c6a53e098,8c503c07dc6dcdd904e948f14d270410c2fbd4d9796f8d9e08451dc34c7d4399,ba19e0623fe05add91e00811bacb33e27305f5fcb6549be6f6278ebce6046101,,,full,0.2,True
ACT + Detector,565,8000607,metaworld,False,200,0.8064248000009684,0,0,1,0,0.9997753500938416,,False,True,timeout,5415c9bed1d3c4a8e32d95ce16db349c951e9ae1eb2c10197d5cd2a6147e8d76,8c503c07dc6dcdd904e948f14d270410c2fbd4d9796f8d9e08451dc34c7d4399,342b72dafe0e47ecf8a937cb01e62ac02c2d77bf93dafca59574cbbbfc4ad77b,,,full,0.2,True
ACT + Detector,566,8000608,metaworld,True,59,0.23586307799996575,0,0,0,0,0.13730011880397797,,True,False,,5e98eb5a747d2628313a3f3de25c7749488df9ac9dacdc47c5b8c4c7970dd9ee,8c503c07dc6dcdd904e948f14d270410c2fbd4d9796f8d9e08451dc34c7d4399,a8cfe6e2276fbd15230c5555255b87d17333bdd29f84f687df7405d0311fae7f,,,full,0.2,True
ACT + Detector,567,8000609,metaworld,False,200,0.7794374139994034,0,0,1,0,0.9526606798171997,,False,True,timeout,bfd73316ad9665b14aef3ee12738e0b467f15c11e6be4d5abab2c03f83208ee2,8c503c07dc6dcdd904e948f14d270410c2fbd4d9796f8d9e08451dc34c7d4399,7c3391ee418e26d47c002810bc00065e4dd0b6728c969d2338ad549ad01ebb0a,,,full,0.2,True
ACT + Detector,568,8000610,metaworld,True,56,0.2328152299996873,0,0,1,0,0.21064697206020355,,True,False,,6feb5ee9cc7ba038c8df86bb8f1aa42790fccb16fc5368b848e268efd7cc18b8,8c503c07dc6dcdd904e948f14d270410c2fbd4d9796f8d9e08451dc34c7d4399,588df85fb38ef87f822932ad2f702be807974873e4a07ea43084bbdeeaac6604,,,full,0.2,True
ACT + Detector,569,8000611,metaworld,False,200,0.7903002240018395,0,0,1,0,0.9988221526145935,,False,True,timeout,1727210531c5ebfb63f389476b95a39d80fa2520dc595ffa6efb46564b0925fb,8c503c07dc6dcdd904e948f14d270410c2fbd4d9796f8d9e08451dc34c7d4399,35aa26efb4a8651c1d8f46a573d3d4fea76add87b5c76a00531e1cea9ad04412,,,full,0.2,True
ACT + Detector,570,8000612,metaworld,False,200,0.7707481770012237,0,0,1,0,0.9997561573982239,,False,True,timeout,3a15af68e044f071b80eff8c00f71a9a3aee58a8c27735bbaaf979c8992280e3,8c503c07dc6dcdd904e948f14d270410c2fbd4d9796f8d9e08451dc34c7d4399,3183afb500ebb9a5af177cccb5b5889a8321eb35261f8ec571269f8b5ed9cd1a,,,full,0.2,True
ACT + Detector,571,8000613,metaworld,True,50,0.1908804170016083,0,0,0,0,0.16273292899131775,,True,False,,f8d37f1c8dde9c5f296f8f942b06afea76e7aeb982402c85634ca53d461e1452,8c503c07dc6dcdd904e948f14d270410c2fbd4d9796f8d9e08451dc34c7d4399,5d73f28d4d24cdbcb36a5e5cd61ec1a82f7287ce56d88da8cea912ed757b164c,,,full,0.2,True
ACT + Detector,572,8000614,metaworld,False,200,0.7781942399997206,0,0,1,0,0.9557218551635742,,False,True,object_dropped,c7dfb4579fc14662e84aeaf9a94397b7af3d4bddd198a7c8f5ffb4130efe7c70,8c503c07dc6dcdd904e948f14d270410c2fbd4d9796f8d9e08451dc34c7d4399,6943489118fc060756e24fd47685e2c10173293d54af0af7e8afa9e287c9c5f1,,,full,0.2,True
ACT + Detector,573,8000615,metaworld,True,73,0.29848765399947297,0,0,1,0,0.2746979892253876,,True,False,,823422a9420f2f5bae2e634a010ad949866466c74519f4723a8ef2680fa9f0c9,8c503c07dc6dcdd904e948f14d270410c2fbd4d9796f8d9e08451dc34c7d4399,2eb279a724955c1a9d173681940490ec9cc8ed4fdc15a95533884a23d4ccdb4e,,,full,0.2,True
ACT + Detector,574,8000616,metaworld,True,47,0.1881924759982212,0,0,0,0,0.18203842639923096,,True,False,,9c1e9041b390b466ab0143299a8d72803fd406f753211c794be45b9d86e81618,8c503c07dc6dcdd904e948f14d270410c2fbd4d9796f8d9e08451dc34c7d4399,5d73f28d4d24cdbcb36a5e5cd61ec1a82f7287ce56d88da8cea912ed757b164c,,,full,0.2,True
ACT + Detector,575,8000617,metaworld,True,54,0.21574727700135554,0,0,0,0,0.16689817607402802,,True,False,,acb4079af8e85eff38e4475a912dcf5dfae29d303f162eabbe07c0344121759e,8c503c07dc6dcdd904e948f14d270410c2fbd4d9796f8d9e08451dc34c7d4399,f82ceac6f8787ac22c378edc1f141cedcc86bf9309b43f1aff6633ae0a963abb,,,full,0.2,True
ACT + Detector,576,8000618,metaworld,False,200,0.7912282270008291,0,0,1,0,0.9993521571159363,,False,True,timeout,cd5151462cf8c485ab5448d557a795123bf5b410f52031af6b9f8bc8dfbeb9a0,8c503c07dc6dcdd904e948f14d270410c2fbd4d9796f8d9e08451dc34c7d4399,20cf3cfee33051ea4ca25b64648f05450b0068ae0136ae52c3108d28b02f3691,,,full,0.2,True
ACT + Detector,577,8000619,metaworld,False,200,0.8042947449976054,0,0,1,0,0.8149972558021545,,False,True,timeout,06c4c5f6a98c2b5e5077ac8ea69ee087812113ee407c9b593180bd1f1958242b,8c503c07dc6dcdd904e948f14d270410c2fbd4d9796f8d9e08451dc34c7d4399,71488b32995fa40c6ec3f77f6bcd912b1929aef29d90a66307ad46cd584acf29,,,full,0.2,True
ACT + Detector,578,8000620,metaworld,True,54,0.21474080000189133,0,0,1,0,0.20131763815879822,,True,False,,50bf1663a929c07460222df910de966d3b5a8e166fa25da7ab4f5b438af0c202,8c503c07dc6dcdd904e948f14d270410c2fbd4d9796f8d9e08451dc34c7d4399,acfaed29b052207b47b4b7fa76672795fd08de3add8565db05f141de82ece90b,,,full,0.2,True
ACT + Detector,579,8000621,metaworld,True,61,0.253150488002575,0,0,0,0,0.13439308106899261,,True,False,,38aec9e61bf929b4cf5291d561eee94282dbfacbe75d1142ed0fccbd6d4c8690,8c503c07dc6dcdd904e948f14d270410c2fbd4d9796f8d9e08451dc34c7d4399,a8cfe6e2276fbd15230c5555255b87d17333bdd29f84f687df7405d0311fae7f,,,full,0.2,True
ACT + Detector,580,8000622,metaworld,True,54,0.21760740000172518,0,0,1,0,0.22793133556842804,,True,False,,aa9e420772dfdd1f7ac16c839ddf5d181f0a071c833d80b3c2f0c10530e7713f,8c503c07dc6dcdd904e948f14d270410c2fbd4d9796f8d9e08451dc34c7d4399,342b72dafe0e47ecf8a937cb01e62ac02c2d77bf93dafca59574cbbbfc4ad77b,,,full,0.2,True
ACT + Detector,581,8000623,metaworld,True,63,0.25917605599897797,0,0,0,0,0.1936018019914627,,True,False,,37e3cd2a2a4d492ca7b11eebaa2e8fb05f9962297b86da9c8cd38d74639f7769,8c503c07dc6dcdd904e948f14d270410c2fbd4d9796f8d9e08451dc34c7d4399,5732f26a5a3acd61cb38107328c80d8fadad8368570aba69b803668406e8f53d,,,full,0.2,True
ACT + Detector,582,8000624,metaworld,True,58,0.23377516099935747,0,0,0,0,0.18341118097305298,,True,False,,d7409e3b0cb75ac8609565951eeec878a516650508aacf3903e9409fea2db8b7,8c503c07dc6dcdd904e948f14d270410c2fbd4d9796f8d9e08451dc34c7d4399,f6a9ed9055e00c868d6771022c2c557a6a48990bdacbed585d07cde857d4755a,,,full,0.2,True
ACT + Detector,583,8000625,metaworld,True,52,0.20473386400044546,0,0,0,0,0.10614612698554993,,True,False,,949bcfff99af9f9a48b251b263dbdb72230163b449a70192725788a7c992d13a,8c503c07dc6dcdd904e948f14d270410c2fbd4d9796f8d9e08451dc34c7d4399,742509487aeb71d366f1ddafa1cb12db2f7cfefe17c4ca89c98cffb67c1c8619,,,full,0.2,True
ACT + Detector,584,8000626,metaworld,False,200,0.8453096519988321,0,0,1,0,0.999087929725647,,False,True,timeout,ea138a562f3bda7df6413420ce1f02ddd7c654e55cc901b10b065a924f75f657,8c503c07dc6dcdd904e948f14d270410c2fbd4d9796f8d9e08451dc34c7d4399,35aa26efb4a8651c1d8f46a573d3d4fea76add87b5c76a00531e1cea9ad04412,,,full,0.2,True
ACT + Detector,585,8000627,metaworld,False,200,0.8185340769996401,0,0,1,0,0.9988929629325867,,False,True,timeout,4d28f20c1340017c145dcc53a019ee5b88ab08bc8bd01519cc078af11cee4328,8c503c07dc6dcdd904e948f14d270410c2fbd4d9796f8d9e08451dc34c7d4399,504c23f653f6cdee9d659d9320b164606b319d4f0e9cdf0f3a87e2fc7a98160a,,,full,0.2,True
ACT + Detector,586,8000628,metaworld,True,52,0.21449893699900713,0,0,1,0,0.20661087334156036,,True,False,,23f05358de0ac68714618cf777938ddf8d401a4a78e5475dd64ddae2f4172d60,8c503c07dc6dcdd904e948f14d270410c2fbd4d9796f8d9e08451dc34c7d4399,27e1ed8c670f23dae46752497e383610e58c248d638e3b9b707808a32ce33d4e,,,full,0.2,True
ACT + Detector,587,8000629,metaworld,True,61,0.2341555300008622,0,0,0,0,0.1963324397802353,,True,False,,95d96ce86b6ef80c6a815d65974567c0c40b3e6cc77a3c3a04c522c29fe3181b,8c503c07dc6dcdd904e948f14d270410c2fbd4d9796f8d9e08451dc34c7d4399,a8cfe6e2276fbd15230c5555255b87d17333bdd29f84f687df7405d0311fae7f,,,full,0.2,True
ACT + Detector,588,8000630,metaworld,True,59,0.2285783379993518,0,0,0,0,0.11959211528301239,,True,False,,8991846f0b1545dce76f1b08cc173e67f0f36770ee6a13b26810ce02f2b296ed,8c503c07dc6dcdd904e948f14d270410c2fbd4d9796f8d9e08451dc34c7d4399,25805a097f1f4b8c203ec3c130dcd3e66b5fb3ad298114a08662aae6c86fa673,,,full,0.2,True
ACT + Detector,589,8000631,metaworld,True,54,0.2090220730024157,0,0,0,0,0.1796378642320633,,True,False,,1af98da21a8148f66b78ee069bca4e7bafe639138143d2201ed999668c670f88,8c503c07dc6dcdd904e948f14d270410c2fbd4d9796f8d9e08451dc34c7d4399,588df85fb38ef87f822932ad2f702be807974873e4a07ea43084bbdeeaac6604,,,full,0.2,True
ACT + Detector,590,8000632,metaworld,False,200,0.7905805050031631,0,0,1,0,0.9795336723327637,,False,True,timeout,f832eb4ae53324a48780f572591637b5f1115ef9c711d087384b2581833f16a3,8c503c07dc6dcdd904e948f14d270410c2fbd4d9796f8d9e08451dc34c7d4399,aa1f17aacdf569c3a2930a2ebbf742ff43f8d3acfc772731a5c344cabcd52570,,,full,0.2,True
ACT + Detector,591,8000633,metaworld,True,56,0.218307643001026,0,0,0,0,0.1771499216556549,,True,False,,53a76b77c8cdae774326bc66c8d336670e81b373da24af065e86729f110f1907,8c503c07dc6dcdd904e948f14d270410c2fbd4d9796f8d9e08451dc34c7d4399,3183afb500ebb9a5af177cccb5b5889a8321eb35261f8ec571269f8b5ed9cd1a,,,full,0.2,True
ACT + Detector,592,8000634,metaworld,True,53,0.23233536499901675,0,0,0,0,0.13074974715709686,,True,False,,18fa1a6e5d5157cc3edb8ec004f1d87eaadaa5c31cb77521ace584142cf58477,8c503c07dc6dcdd904e948f14d270410c2fbd4d9796f8d9e08451dc34c7d4399,25805a097f1f4b8c203ec3c130dcd3e66b5fb3ad298114a08662aae6c86fa673,,,full,0.2,True
ACT + Detector,593,8000635,metaworld,True,57,0.2416450230011833,0,0,1,0,0.21318352222442627,,True,False,,96e267768b10f9577327f5017aa3db4b3836442614b848d2f656c610280d3b51,8c503c07dc6dcdd904e948f14d270410c2fbd4d9796f8d9e08451dc34c7d4399,f82ceac6f8787ac22c378edc1f141cedcc86bf9309b43f1aff6633ae0a963abb,,,full,0.2,True
ACT + Detector,594,8000636,metaworld,False,200,0.7772585310012801,0,0,1,0,0.9966536164283752,,False,True,timeout,1e291f7eb1c71f3d0730ed5d343d885c6c6677892d5fedfe13ec574276b346fe,8c503c07dc6dcdd904e948f14d270410c2fbd4d9796f8d9e08451dc34c7d4399,35aa26efb4a8651c1d8f46a573d3d4fea76add87b5c76a00531e1cea9ad04412,,,full,0.2,True
ACT + Detector,595,8000637,metaworld,True,55,0.21777604399903794,0,0,0,0,0.18191979825496674,,True,False,,313bd557a11fae06e0938581f677b169e9fcf1bc1a9379857f7a673847ea97cf,8c503c07dc6dcdd904e948f14d270410c2fbd4d9796f8d9e08451dc34c7d4399,acfaed29b052207b47b4b7fa76672795fd08de3add8565db05f141de82ece90b,,,full,0.2,True
ACT + Detector,596,8000638,metaworld,False,200,0.773394369000016,0,0,1,0,0.997408926486969,,False,True,timeout,a5a897ea9ef437f896b9f7b41bde3140e74382a3c35f94b52bd8d13a5bb9a005,8c503c07dc6dcdd904e948f14d270410c2fbd4d9796f8d9e08451dc34c7d4399,48ce9609a38b32e56f7e6a43ffef71c21c8b1d17ed5a63d47701bc1dfc3ff271,,,full,0.2,True
ACT + Detector,597,8000639,metaworld,True,55,0.21663584999987506,0,0,0,0,0.10897793620824814,,True,False,,4266b611f171053b9018be0cc72d51ccdbcc900066627f30bdfadfb0f98c48ea,8c503c07dc6dcdd904e948f14d270410c2fbd4d9796f8d9e08451dc34c7d4399,742509487aeb71d366f1ddafa1cb12db2f7cfefe17c4ca89c98cffb67c1c8619,,,full,0.2,True
ACT + Detector,598,8000640,metaworld,True,47,0.18226707999929204,0,0,1,0,0.20633801817893982,,True,False,,0e8cf5b66459a7f84cb5a191e7a1f82488b84fb131a0b065b0dd19cb6c26c43c,8c503c07dc6dcdd904e948f14d270410c2fbd4d9796f8d9e08451dc34c7d4399,27e1ed8c670f23dae46752497e383610e58c248d638e3b9b707808a32ce33d4e,,,full,0.2,True
ACT + Detector,599,8000641,metaworld,True,54,0.21363599899996188,0,0,1,0,0.2551632225513458,,True,False,,1def4eddf51ed172864b77dcf8822643f158445f04688506ef641c8c90d65768,8c503c07dc6dcdd904e948f14d270410c2fbd4d9796f8d9e08451dc34c7d4399,f82ceac6f8787ac22c378edc1f141cedcc86bf9309b43f1aff6633ae0a963abb,,,full,0.2,True
ACT + Detector,600,8000642,metaworld,False,200,0.8953025489972788,0,0,1,0,0.985340416431427,,False,True,timeout,99e07260a4867cc8a05e548de9ecad8d362a5687730c423b29228ca17747b618,8c503c07dc6dcdd904e948f14d270410c2fbd4d9796f8d9e08451dc34c7d4399,2ad5907877cc42b4447b9630988e3a1f0da0d83e1f696f71e22dc69905e631b6,,,full,0.2,True
ACT + Detector,601,8000643,metaworld,True,57,0.21830722999948193,0,0,0,0,0.1574062556028366,,True,False,,2b53197b3b498c228d21e477ba0e2c5135b229e9305d0e374c8f9da500a5146c,8c503c07dc6dcdd904e948f14d270410c2fbd4d9796f8d9e08451dc34c7d4399,0cda21f8ffacf0a1e40e7b0e858a8e2ddc276972106d4bced99d4404b4a13fd8,,,full,0.2,True
ACT + Detector,602,8000644,metaworld,False,200,0.7776887990003161,0,0,1,0,0.9245362877845764,,False,True,timeout,ec4eab49519ca7a0c8dfd1f2efb16b2751e8762c303b2577d20f905f05b6b7c0,8c503c07dc6dcdd904e948f14d270410c2fbd4d9796f8d9e08451dc34c7d4399,56b7f182edcfeefa9301e1edd53d7f36e4418de7e6df1b54b0f0c298cde1b3cd,,,full,0.2,True
ACT + Detector,603,8000645,metaworld,True,48,0.18701278599837678,0,0,0,0,0.18210838735103607,,True,False,,4c660e087b84230a5a17731f2d8ff2a8646443677a525861d12c239e9b2dc0f0,8c503c07dc6dcdd904e948f14d270410c2fbd4d9796f8d9e08451dc34c7d4399,e6e55bdbd77dc052facbc072d20b08a21d116978c37627b9a3d9dc7989dfbe62,,,full,0.2,True
ACT + Detector,604,8000646,metaworld,True,58,0.2304450369992992,0,0,0,0,0.13459329307079315,,True,False,,5c7d34c8bde43ffb9affbcd35c8ee324920dfeed41e0e371461599fbfaba5632,8c503c07dc6dcdd904e948f14d270410c2fbd4d9796f8d9e08451dc34c7d4399,a8cfe6e2276fbd15230c5555255b87d17333bdd29f84f687df7405d0311fae7f,,,full,0.2,True
ACT + Detector,605,8000647,metaworld,True,48,0.18990097899950342,0,0,0,0,0.18023179471492767,,True,False,,f58eaafb3ec3583912a5867f1400082fb1a70f1938993e7cce64965a03fe2fad,8c503c07dc6dcdd904e948f14d270410c2fbd4d9796f8d9e08451dc34c7d4399,cea0b9105255f82e0ee99bfb3998a6edce02b446d4b14afb0747282cd18aa202,,,full,0.2,True
ACT + Detector,606,8000648,metaworld,True,50,0.1985971989997779,0,0,1,0,0.2099861204624176,,True,False,,23fc5112377acc673410d7fe821e6935fa8270478777546f9e08090fe853c19c,8c503c07dc6dcdd904e948f14d270410c2fbd4d9796f8d9e08451dc34c7d4399,08a97a6dfa17f78b5cc5b1351d60038e4a40a68fc93722672482714333b1d9b5,,,full,0.2,True
ACT + Detector,607,8000649,metaworld,True,52,0.20756007399904775,0,0,0,0,0.1702583283185959,,True,False,,cac440d7f0b7568128b033d867b31a19f3318e3fcbf9972840274ab1d4c9cb20,8c503c07dc6dcdd904e948f14d270410c2fbd4d9796f8d9e08451dc34c7d4399,5e1df472084de78052388a34f03cad3de438ca9b5dc801b5759dd57c66a7482a,,,full,0.2,True
ACT + Detector,608,8000650,metaworld,True,54,0.21656447100031073,0,0,0,0,0.19732274115085602,,True,False,,9327f878fa9f6c678edb42dc999dc69a62f1a8ad1d54d4a9cc9f0608b785a7a7,8c503c07dc6dcdd904e948f14d270410c2fbd4d9796f8d9e08451dc34c7d4399,64ee837add19202e84553431fdab118462cf5265eeae19a4d044b5a6818f771d,,,full,0.2,True
ACT + Detector,609,8000651,metaworld,True,56,0.22355142299784347,0,0,0,0,0.12778784334659576,,True,False,,057c401eea3566dcb0f0c6ec7644caf0330e08c988f29e52edaae326807b2f5d,8c503c07dc6dcdd904e948f14d270410c2fbd4d9796f8d9e08451dc34c7d4399,25805a097f1f4b8c203ec3c130dcd3e66b5fb3ad298114a08662aae6c86fa673,,,full,0.2,True
ACT + Detector,610,8000652,metaworld,False,200,0.8285548059975554,0,0,1,0,0.9987164735794067,,False,True,timeout,3583aa98920153e8219ac360362d8e7abec26f95100fa28dff7b23d5a2e09a98,8c503c07dc6dcdd904e948f14d270410c2fbd4d9796f8d9e08451dc34c7d4399,5d73f28d4d24cdbcb36a5e5cd61ec1a82f7287ce56d88da8cea912ed757b164c,,,full,0.2,True
ACT + Detector,611,8000653,metaworld,True,63,0.25865659700139076,0,0,0,0,0.1969967931509018,,True,False,,28c60a2fb79f21c416940226660df70d1e4f8f0d55c1300499766d2fec23b771,8c503c07dc6dcdd904e948f14d270410c2fbd4d9796f8d9e08451dc34c7d4399,39001749c902e2ab9d015efb8c7644faffff99810b709d3203dc359d5eacdcbd,,,full,0.2,True
ACT + Detector,612,8000654,metaworld,True,59,0.22989736900126445,0,0,0,0,0.1875528246164322,,True,False,,73ffa2a425a8ffd5fb85b019b95cad960d9d16ba13e21d2cb2d013b055ea52e2,8c503c07dc6dcdd904e948f14d270410c2fbd4d9796f8d9e08451dc34c7d4399,f6a9ed9055e00c868d6771022c2c557a6a48990bdacbed585d07cde857d4755a,,,full,0.2,True
ACT + Detector,613,8000655,metaworld,True,53,0.21334067899806541,0,0,0,0,0.1839539259672165,,True,False,,6efd1100f85efee9d732119d01a442b41be806aafaa96625a38d9771a8edfe02,8c503c07dc6dcdd904e948f14d270410c2fbd4d9796f8d9e08451dc34c7d4399,6943489118fc060756e24fd47685e2c10173293d54af0af7e8afa9e287c9c5f1,,,full,0.2,True
ACT + Detector,614,8000656,metaworld,True,52,0.20321280500138528,0,0,1,0,0.2346617579460144,,True,False,,c99d8abf216f7a56acd8ca1894e3c101cadfa5bd128651e8059238f4338310c4,8c503c07dc6dcdd904e948f14d270410c2fbd4d9796f8d9e08451dc34c7d4399,2ad5907877cc42b4447b9630988e3a1f0da0d83e1f696f71e22dc69905e631b6,,,full,0.2,True
ACT + Detector,615,8000657,metaworld,False,200,0.7781708570000774,0,0,1,0,0.478173166513443,,False,True,timeout,e0141921305bf1399a60e0fd725b877cd2f215defe7d87daf817d26911fcf4b9,8c503c07dc6dcdd904e948f14d270410c2fbd4d9796f8d9e08451dc34c7d4399,c40fedd273cade53989af8adc3ca66d02f2d92ca4d97b2f6391a0dd0ab6dbca3,,,full,0.2,True
ACT + Detector,616,8000658,metaworld,True,57,0.2266071859994554,0,0,0,0,0.10151226073503494,,True,False,,acdee6d1ab8e9d541495f2c74f4184265981c56d6b9ad052cd79727f40ae60b1,8c503c07dc6dcdd904e948f14d270410c2fbd4d9796f8d9e08451dc34c7d4399,f6a9ed9055e00c868d6771022c2c557a6a48990bdacbed585d07cde857d4755a,,,full,0.2,True
ACT + Detector,617,8000659,metaworld,False,200,0.7814032280002721,0,0,1,0,0.9806709289550781,,False,True,timeout,0ddf8666827ca34cb04957bae7d71249e204768efdb755485dfbe38da53e73c1,8c503c07dc6dcdd904e948f14d270410c2fbd4d9796f8d9e08451dc34c7d4399,38329c6b97bbe7d133bf007c22742dca5f0cd7258f8d7199135c6c2371ae591d,,,full,0.2,True
ACT + Detector,618,8000660,metaworld,False,200,0.7853593569998338,0,0,1,0,0.9997519850730896,,False,True,timeout,c4fbda9eb3337db4be2721581014347ce51d1a1077ea9bd0fbe9164a97a6db9b,8c503c07dc6dcdd904e948f14d270410c2fbd4d9796f8d9e08451dc34c7d4399,3183afb500ebb9a5af177cccb5b5889a8321eb35261f8ec571269f8b5ed9cd1a,,,full,0.2,True
ACT + Detector,619,8000661,metaworld,True,53,0.20790991299872985,0,0,1,0,0.20884764194488525,,True,False,,1b95625f479d3c3e66388dd72ae5839dd514ce57ea18ed6d302bad050b9c4dbf,8c503c07dc6dcdd904e948f14d270410c2fbd4d9796f8d9e08451dc34c7d4399,6943489118fc060756e24fd47685e2c10173293d54af0af7e8afa9e287c9c5f1,,,full,0.2,True
ACT + Detector,620,8000662,metaworld,False,200,0.8035741540006711,0,0,1,0,0.8758804798126221,,False,True,timeout,ea803db20ce6296fb22596f9239d99f359ae825b6de6cc67d8381320ea9683d1,8c503c07dc6dcdd904e948f14d270410c2fbd4d9796f8d9e08451dc34c7d4399,39001749c902e2ab9d015efb8c7644faffff99810b709d3203dc359d5eacdcbd,,,full,0.2,True
ACT + Detector,621,8000663,metaworld,True,52,0.2065331910016539,0,0,0,0,0.19145610928535461,,True,False,,998de79b31af443f6a41fc0b983c4855f9fc16cc91ad93718e1413ab93d6f2a6,8c503c07dc6dcdd904e948f14d270410c2fbd4d9796f8d9e08451dc34c7d4399,7c3391ee418e26d47c002810bc00065e4dd0b6728c969d2338ad549ad01ebb0a,,,full,0.2,True
ACT + Detector,622,8000664,metaworld,False,200,0.7980372040001384,0,0,1,0,0.9987843632698059,,False,True,timeout,48a56ae2b450fa2e23c1546bcec7aa32f05d98e18cc39c252d4e1f02b645c871,8c503c07dc6dcdd904e948f14d270410c2fbd4d9796f8d9e08451dc34c7d4399,f6a9ed9055e00c868d6771022c2c557a6a48990bdacbed585d07cde857d4755a,,,full,0.2,True
ACT + Detector,623,8000665,metaworld,True,48,0.1919208979998075,0,0,0,0,0.14479641616344452,,True,False,,0d578a9d4234831bb6090752bf5fea7c5d243bd51785136213452dba403c2f6d,8c503c07dc6dcdd904e948f14d270410c2fbd4d9796f8d9e08451dc34c7d4399,5d73f28d4d24cdbcb36a5e5cd61ec1a82f7287ce56d88da8cea912ed757b164c,,,full,0.2,True
ACT + Detector,624,8000666,metaworld,True,57,0.23434390900001745,0,0,0,0,0.1426733285188675,,True,False,,9f21af7eddd0d37f3af10b09fc5f4057f1bd3228600cad99eaff8f8736a08c27,8c503c07dc6dcdd904e948f14d270410c2fbd4d9796f8d9e08451dc34c7d4399,a0b103bf3e43f4aa92753185301eba5e2e31594285004b99f51a59b33bd2d620,,,full,0.2,True
ACT + Detector,625,8000667,metaworld,True,60,0.2440712520001398,0,0,0,0,0.18689486384391785,,True,False,,6412270742a54508d5427f9cb47dfb5c447dc23ad3c206dc99c3397dcafee0ae,8c503c07dc6dcdd904e948f14d270410c2fbd4d9796f8d9e08451dc34c7d4399,e216352c7f1c7392270c7c501bb599f2a46f420613a124fda0729ab88160cdf2,,,full,0.2,True
ACT + Detector,626,8000668,metaworld,False,200,0.8150183520010614,0,0,1,0,0.8749816417694092,,False,True,timeout,a5296098c17db7ddc9858aa51def4b686d6c9d30e72ad990f1abefb317324e19,8c503c07dc6dcdd904e948f14d270410c2fbd4d9796f8d9e08451dc34c7d4399,71488b32995fa40c6ec3f77f6bcd912b1929aef29d90a66307ad46cd584acf29,,,full,0.2,True
ACT + Detector,627,8000669,metaworld,True,59,0.23651383699689177,0,0,0,0,0.13890622556209564,,True,False,,7bb73d51ffa742ce1196f14fbfe072b9750854026f64e26b968f9f57bca8b2a8,8c503c07dc6dcdd904e948f14d270410c2fbd4d9796f8d9e08451dc34c7d4399,48ce9609a38b32e56f7e6a43ffef71c21c8b1d17ed5a63d47701bc1dfc3ff271,,,full,0.2,True
ACT + Detector,628,8000670,metaworld,False,200,0.8290353410011448,0,0,1,0,0.36943480372428894,,False,True,timeout,69975be6204fb0c27eb3968d742ce3e533fe70e7fed63da1e4718b5a1eb6ed91,8c503c07dc6dcdd904e948f14d270410c2fbd4d9796f8d9e08451dc34c7d4399,c40fedd273cade53989af8adc3ca66d02f2d92ca4d97b2f6391a0dd0ab6dbca3,,,full,0.2,True
ACT + Detector,629,8000671,metaworld,True,52,0.2159844849993533,0,0,0,0,0.10620592534542084,,True,False,,14f186d3e94f2ff69a5087b5c41bbff2d408daaa4023478c1a094312a72fb591,8c503c07dc6dcdd904e948f14d270410c2fbd4d9796f8d9e08451dc34c7d4399,6338b57c8983138382fa5c9ee7bb2d2c200be44368697f7ffa8216ea26ddccaf,,,full,0.2,True
ACT + Detector,630,8000672,metaworld,False,200,0.7976661089996924,0,0,1,0,0.5296385288238525,,False,True,timeout,ef85991cad2cdbb516eb2c367a142cf384be07eca0fb5b70340576391ec7fe57,8c503c07dc6dcdd904e948f14d270410c2fbd4d9796f8d9e08451dc34c7d4399,e216352c7f1c7392270c7c501bb599f2a46f420613a124fda0729ab88160cdf2,,,full,0.2,True
ACT + Detector,631,8000673,metaworld,False,200,0.789488901002187,0,0,1,0,0.7726926803588867,,False,True,timeout,5c90da32cdde53516afc69c73baa0126679a7f3c06083b01ed4d0b0847934e97,8c503c07dc6dcdd904e948f14d270410c2fbd4d9796f8d9e08451dc34c7d4399,39001749c902e2ab9d015efb8c7644faffff99810b709d3203dc359d5eacdcbd,,,full,0.2,True
ACT + Detector,632,8000674,metaworld,False,200,0.7862698040007672,0,0,1,0,0.9881241917610168,,False,True,timeout,91f73ea6b53f4b8d6c6b69d5d12d9002c9621665487c7a3327875a13f7dc1e23,8c503c07dc6dcdd904e948f14d270410c2fbd4d9796f8d9e08451dc34c7d4399,a0b103bf3e43f4aa92753185301eba5e2e31594285004b99f51a59b33bd2d620,,,full,0.2,True
ACT + Detector,633,8000675,metaworld,False,200,0.780492673999106,0,0,1,0,0.6864180564880371,,False,True,timeout,797078c1d983490708a39b649fac8873ff7bc94901a2f9dde9ed8ddbf529bf3c,8c503c07dc6dcdd904e948f14d270410c2fbd4d9796f8d9e08451dc34c7d4399,588df85fb38ef87f822932ad2f702be807974873e4a07ea43084bbdeeaac6604,,,full,0.2,True
ACT + Detector,634,8000676,metaworld,False,200,0.7881963120016735,0,0,1,0,0.997108519077301,,False,True,timeout,af0d2248e53d50c073576f6e7c2c6934de28cd3910b8ed4730ec3eff6d1b09d5,8c503c07dc6dcdd904e948f14d270410c2fbd4d9796f8d9e08451dc34c7d4399,56b7f182edcfeefa9301e1edd53d7f36e4418de7e6df1b54b0f0c298cde1b3cd,,,full,0.2,True
ACT + Detector,635,8000677,metaworld,False,200,0.7895505529995717,0,0,1,0,0.8649556636810303,,False,True,timeout,e8e1c21cbb7aaf5b80fb3565bc3dff99d58181e3d9cc00cca3181e4091a4f200,8c503c07dc6dcdd904e948f14d270410c2fbd4d9796f8d9e08451dc34c7d4399,7c3391ee418e26d47c002810bc00065e4dd0b6728c969d2338ad549ad01ebb0a,,,full,0.2,True
ACT + Detector,636,8000678,metaworld,False,200,0.7863671910017729,0,0,1,0,0.739264190196991,,False,True,timeout,95b860db58f4f424aca012acd417e54a8dcd975eeee91ab4666c419118872c11,8c503c07dc6dcdd904e948f14d270410c2fbd4d9796f8d9e08451dc34c7d4399,f82ceac6f8787ac22c378edc1f141cedcc86bf9309b43f1aff6633ae0a963abb,,,full,0.2,True
ACT + Detector,637,8000679,metaworld,False,200,0.8057000420012628,0,0,1,0,0.7850015759468079,,False,True,timeout,35b50671aa5c85387a10881247011bbdcb855855f8c8bc4e48625e91bd2a10fa,8c503c07dc6dcdd904e948f14d270410c2fbd4d9796f8d9e08451dc34c7d4399,5d73f28d4d24cdbcb36a5e5cd61ec1a82f7287ce56d88da8cea912ed757b164c,,,full,0.2,True
ACT + Detector,638,8000680,metaworld,False,200,0.800975213998754,0,0,1,0,0.9918434023857117,,False,True,timeout,403605cbdbeba7735a048d93fd21e511eb6b02e5c517bd764d896b58bdc6b8fc,8c503c07dc6dcdd904e948f14d270410c2fbd4d9796f8d9e08451dc34c7d4399,bb2c6b1aed959fa3ddddb1c215ce67cbb5b0ec080eb65fb58e06b7776849a096,,,full,0.2,True
ACT + Detector,639,8000681,metaworld,True,53,0.2122820069998852,0,0,1,0,0.2082994133234024,,True,False,,906a748df24e82692a9190b5ed681e60fedee3d689336b223bce0f01b2f72f8f,8c503c07dc6dcdd904e948f14d270410c2fbd4d9796f8d9e08451dc34c7d4399,2eb279a724955c1a9d173681940490ec9cc8ed4fdc15a95533884a23d4ccdb4e,,,full,0.2,True
ACT + Detector,640,8000682,metaworld,False,200,0.7882695650005189,0,0,1,0,0.9978526830673218,,False,True,timeout,9d41d62f104c3b424c4374a502a4c6344b9e886b0a29070118a6915bb7e4e8da,8c503c07dc6dcdd904e948f14d270410c2fbd4d9796f8d9e08451dc34c7d4399,35aa26efb4a8651c1d8f46a573d3d4fea76add87b5c76a00531e1cea9ad04412,,,full,0.2,True
ACT + Detector,641,8000683,metaworld,False,200,0.8046146890010277,0,0,1,0,0.8583596348762512,,False,True,timeout,46806dbbfe490b795eb66dcf4687d9945573aa1e56fe90970fc06d8f8d133d42,8c503c07dc6dcdd904e948f14d270410c2fbd4d9796f8d9e08451dc34c7d4399,2eb279a724955c1a9d173681940490ec9cc8ed4fdc15a95533884a23d4ccdb4e,,,full,0.2,True
ACT + Detector,642,8000684,metaworld,False,200,0.7917461539982469,0,0,1,0,0.7326362729072571,,False,True,timeout,0a7fd86f011e2f677f1e30e1f807b0c2fda533e6deaa5e9d85003134b92340b8,8c503c07dc6dcdd904e948f14d270410c2fbd4d9796f8d9e08451dc34c7d4399,71488b32995fa40c6ec3f77f6bcd912b1929aef29d90a66307ad46cd584acf29,,,full,0.2,True
ACT + Detector,643,8000685,metaworld,True,61,0.24305191900202772,0,0,0,0,0.17123863101005554,,True,False,,094eef19534ac8c7083ab9d6d5e04eaa1c32c56bc8fc866d2f72792433a41350,8c503c07dc6dcdd904e948f14d270410c2fbd4d9796f8d9e08451dc34c7d4399,c5023b3d25031a103b9549b6e8c83ba09d69e708ef117c31128a38e03616e5d8,,,full,0.2,True
ACT + Detector,644,8000686,metaworld,False,200,0.7960783050002647,0,0,1,0,0.9985837936401367,,False,True,timeout,77edb107d1417689fdbec09363f6ee363596d1680c99af7396565b294364f827,8c503c07dc6dcdd904e948f14d270410c2fbd4d9796f8d9e08451dc34c7d4399,6338b57c8983138382fa5c9ee7bb2d2c200be44368697f7ffa8216ea26ddccaf,,,full,0.2,True
ACT + Detector,645,8000687,metaworld,False,200,0.8219159090003814,0,0,1,0,0.5448871850967407,,False,True,timeout,7060f5edf0dbd187b1e870d4936a7a17342747556aadbe9ced700dd43d9ba009,8c503c07dc6dcdd904e948f14d270410c2fbd4d9796f8d9e08451dc34c7d4399,5732f26a5a3acd61cb38107328c80d8fadad8368570aba69b803668406e8f53d,,,full,0.2,True
ACT + Detector,646,8000688,metaworld,True,52,0.2063177869968058,0,0,0,0,0.11924278736114502,,True,False,,5917db3f525f2865067eea19e30e8dbcc602a87c0245b8d39ceab116102373d8,8c503c07dc6dcdd904e948f14d270410c2fbd4d9796f8d9e08451dc34c7d4399,6338b57c8983138382fa5c9ee7bb2d2c200be44368697f7ffa8216ea26ddccaf,,,full,0.2,True
ACT + Detector,647,8000689,metaworld,True,60,0.24206869599947822,0,0,1,0,0.20421113073825836,,True,False,,b276f025fa69d634fc7f251435b1b9ef3be91c3542f7cfea13cf230f62f17800,8c503c07dc6dcdd904e948f14d270410c2fbd4d9796f8d9e08451dc34c7d4399,e216352c7f1c7392270c7c501bb599f2a46f420613a124fda0729ab88160cdf2,,,full,0.2,True
ACT + Detector,648,8000690,metaworld,False,200,0.7925871840016043,0,0,1,0,0.9994327425956726,,False,True,timeout,b25efd28a90a6f3e9a0af04b994929f1b9735bc18e4c5a4585ef9087b529ae1f,8c503c07dc6dcdd904e948f14d270410c2fbd4d9796f8d9e08451dc34c7d4399,20cf3cfee33051ea4ca25b64648f05450b0068ae0136ae52c3108d28b02f3691,,,full,0.2,True
ACT + Detector,649,8000691,metaworld,False,200,0.803173964999587,0,0,1,0,0.999480664730072,,False,True,object_dropped,72876da62c741f92d5a04d20d7222be9e682357b060c8a409bfcb3eb22721715,8c503c07dc6dcdd904e948f14d270410c2fbd4d9796f8d9e08451dc34c7d4399,2ad5907877cc42b4447b9630988e3a1f0da0d83e1f696f71e22dc69905e631b6,,,full,0.2,True
ACT + Detector,650,8000692,metaworld,False,200,0.7846107939985814,0,0,1,0,0.9991686344146729,,False,True,timeout,4bebd92c0bf39e3b242b1257a1e5d7dc9d99b7e7c645480edc7f25d9907dc68c,8c503c07dc6dcdd904e948f14d270410c2fbd4d9796f8d9e08451dc34c7d4399,504c23f653f6cdee9d659d9320b164606b319d4f0e9cdf0f3a87e2fc7a98160a,,,full,0.2,True
ACT + Detector,651,8000693,metaworld,False,200,0.7798833640008525,0,0,1,0,0.9995487332344055,,False,True,timeout,2ab9fd8e6ff2d8cd72c92a10b5894e32b6a0d30555d167d8285189a137ff88f4,8c503c07dc6dcdd904e948f14d270410c2fbd4d9796f8d9e08451dc34c7d4399,20cf3cfee33051ea4ca25b64648f05450b0068ae0136ae52c3108d28b02f3691,,,full,0.2,True
ACT + Detector,652,8000694,metaworld,True,78,0.3144876030019077,0,0,1,0,0.3326270878314972,,True,False,,5bd211ee103d6635b0c76ef94093273e32bba69b799426bc48a1004aa4b76027,8c503c07dc6dcdd904e948f14d270410c2fbd4d9796f8d9e08451dc34c7d4399,39001749c902e2ab9d015efb8c7644faffff99810b709d3203dc359d5eacdcbd,,,full,0.2,True
ACT + Detector,653,8000695,metaworld,True,59,0.22831473099722643,0,0,0,0,0.15377850830554962,,True,False,,ac069760a6f51552343c46ea9eff44930e6698ded9cb682c4e425032a2e746d1,8c503c07dc6dcdd904e948f14d270410c2fbd4d9796f8d9e08451dc34c7d4399,b8e45a2f8f553d53c6eef0305347f910b9999bcae6df6ccaf0eaee6ac864e670,,,full,0.2,True
ACT + Detector,654,8000696,metaworld,False,200,0.7842259600001853,0,0,1,0,0.897249698638916,,False,True,timeout,dca4c745cbc6d6c443a3f36d7f82d3852bdf0519e913be88a3d3f5f253f08f16,8c503c07dc6dcdd904e948f14d270410c2fbd4d9796f8d9e08451dc34c7d4399,6943489118fc060756e24fd47685e2c10173293d54af0af7e8afa9e287c9c5f1,,,full,0.2,True
ACT + Detector,655,8000697,metaworld,True,54,0.21640591700270306,0,0,0,0,0.1956959366798401,,True,False,,3e80c147d4a2ccca04181aefd7c985b631562f533add462bf0b763b1419bdf27,8c503c07dc6dcdd904e948f14d270410c2fbd4d9796f8d9e08451dc34c7d4399,38329c6b97bbe7d133bf007c22742dca5f0cd7258f8d7199135c6c2371ae591d,,,full,0.2,True
ACT + Detector,656,8000698,metaworld,False,200,0.7967482630010636,0,0,1,0,0.9997856020927429,,False,True,timeout,b6379ef7b00aaad95b7afb0c65fe27cc77fe600f9d1506eb105089b587b8698f,8c503c07dc6dcdd904e948f14d270410c2fbd4d9796f8d9e08451dc34c7d4399,3183afb500ebb9a5af177cccb5b5889a8321eb35261f8ec571269f8b5ed9cd1a,,,full,0.2,True
ACT + Detector,657,8000699,metaworld,False,200,0.814462779002497,0,0,1,0,0.9923356175422668,,False,True,timeout,d43575a3f1f82a5dfc7a7845760b924505e5f6507fa809f3ec5a9f569b1e691a,8c503c07dc6dcdd904e948f14d270410c2fbd4d9796f8d9e08451dc34c7d4399,bb2c6b1aed959fa3ddddb1c215ce67cbb5b0ec080eb65fb58e06b7776849a096,,,full,0.2,True
ACT + Detector,658,8000700,metaworld,False,200,0.7972590509998554,0,0,1,0,0.5708468556404114,,False,True,timeout,f7c439fc3691f4dd0b37498f2a7c7db201b689074cc1826382806a36328f996f,8c503c07dc6dcdd904e948f14d270410c2fbd4d9796f8d9e08451dc34c7d4399,e216352c7f1c7392270c7c501bb599f2a46f420613a124fda0729ab88160cdf2,,,full,0.2,True
ACT + Detector,659,8000701,metaworld,True,56,0.22078382900144788,0,0,0,0,0.13844141364097595,,True,False,,7d4dc0b5a60203a1643b5a1baaa02c962625abf3520be5bdfc66ec86203c7aa8,8c503c07dc6dcdd904e948f14d270410c2fbd4d9796f8d9e08451dc34c7d4399,0cda21f8ffacf0a1e40e7b0e858a8e2ddc276972106d4bced99d4404b4a13fd8,,,full,0.2,True
ACT + Detector,660,8000702,metaworld,False,200,0.8406992970012652,0,0,1,0,0.3893599808216095,,False,True,timeout,706eb28137e8b8f957c4c70b70c136697eb2917b5ad98925e292ae896bec8d5e,8c503c07dc6dcdd904e948f14d270410c2fbd4d9796f8d9e08451dc34c7d4399,8a99d46d6d04afe3e2ef92bb607dde5e178b5c37506006c4f364e345976453b1,,,full,0.2,True
ACT + Detector,661,8000703,metaworld,False,200,0.8190970369978459,0,0,1,0,0.997752845287323,,False,True,timeout,190c35b08807965fea01da20d3a2e6c19a53f3808deaeedf4979bc5aa9fdea68,8c503c07dc6dcdd904e948f14d270410c2fbd4d9796f8d9e08451dc34c7d4399,942fb6a87dc1e3eb7bf7bb111c97e7096138256b4a9a6b4c62a012fabe8bec38,,,full,0.2,True
ACT + Detector,662,8000704,metaworld,True,48,0.1886938729985559,0,0,1,0,0.24784840643405914,,True,False,,086b04a718f1c649e8431d4497d578ec8e3d1e7c48de968d7e828101f0c57a85,8c503c07dc6dcdd904e948f14d270410c2fbd4d9796f8d9e08451dc34c7d4399,27e1ed8c670f23dae46752497e383610e58c248d638e3b9b707808a32ce33d4e,,,full,0.2,True
ACT + Detector,663,8000705,metaworld,True,62,0.24221895300070173,0,0,0,0,0.19710347056388855,,True,False,,ceb3cbd8708a3161bac150f1c8fc00e7e196aad63112bbf4f693f44f89d07e29,8c503c07dc6dcdd904e948f14d270410c2fbd4d9796f8d9e08451dc34c7d4399,c5023b3d25031a103b9549b6e8c83ba09d69e708ef117c31128a38e03616e5d8,,,full,0.2,True
ACT + Detector,664,8000706,metaworld,True,55,0.21656101700136787,0,0,0,0,0.13788294792175293,,True,False,,b4d1527f99ccb33e05bc24b8e3cbac7b94448c08c412a7599ea31502e524f7c8,8c503c07dc6dcdd904e948f14d270410c2fbd4d9796f8d9e08451dc34c7d4399,742509487aeb71d366f1ddafa1cb12db2f7cfefe17c4ca89c98cffb67c1c8619,,,full,0.2,True
ACT + Detector,665,8000707,metaworld,True,61,0.23674735400345526,0,0,1,0,0.209131121635437,,True,False,,5a9b4968e9983bd1bf0e7856bb99daa50216e4110857f471f12db80a897ff0ef,8c503c07dc6dcdd904e948f14d270410c2fbd4d9796f8d9e08451dc34c7d4399,e216352c7f1c7392270c7c501bb599f2a46f420613a124fda0729ab88160cdf2,,,full,0.2,True
ACT + Detector,666,8000708,metaworld,False,200,0.7800828590006859,0,0,1,0,0.9996106028556824,,False,True,timeout,8799a4afaa2c751353aa110f366cbd3277289b7ebf8dc151d51a03ce6c9c46fa,8c503c07dc6dcdd904e948f14d270410c2fbd4d9796f8d9e08451dc34c7d4399,0cda21f8ffacf0a1e40e7b0e858a8e2ddc276972106d4bced99d4404b4a13fd8,,,full,0.2,True
ACT + Detector,667,8000709,metaworld,True,55,0.2260762469995825,0,0,0,0,0.1511092483997345,,True,False,,54d1302bd4b29fd0e5df12ee03fa2e6e3db37ed5829d6eee413037d8cca21721,8c503c07dc6dcdd904e948f14d270410c2fbd4d9796f8d9e08451dc34c7d4399,6cb8d983459a8e57d4ae53a86da2394015cabba2d7c306dcaf7b14af979ca230,,,full,0.2,True
ACT + Detector,668,8000710,metaworld,False,200,0.8546592950006016,0,0,1,0,0.9661620259284973,,False,True,timeout,9eb00f74aec5bc1fb20832e1d7723ccc9250981f394ff7ef6e20d70ffb604036,8c503c07dc6dcdd904e948f14d270410c2fbd4d9796f8d9e08451dc34c7d4399,38329c6b97bbe7d133bf007c22742dca5f0cd7258f8d7199135c6c2371ae591d,,,full,0.2,True
ACT + Detector,669,8000711,metaworld,True,48,0.20155943200006732,0,0,0,0,0.19565236568450928,,True,False,,d7899d605fa4a1d3e3d9a4e18a391ce346066b1084e99bdefa576dd5fc7c624f,8c503c07dc6dcdd904e948f14d270410c2fbd4d9796f8d9e08451dc34c7d4399,5d73f28d4d24cdbcb36a5e5cd61ec1a82f7287ce56d88da8cea912ed757b164c,,,full,0.2,True
ACT + Detector,670,8000712,metaworld,True,73,0.29877014799785684,0,0,1,0,0.30656662583351135,,True,False,,53458e9578deb55a05b9c13fc8db49463a211d401f1236a4bf6d8bdb398f348a,8c503c07dc6dcdd904e948f14d270410c2fbd4d9796f8d9e08451dc34c7d4399,8a99d46d6d04afe3e2ef92bb607dde5e178b5c37506006c4f364e345976453b1,,,full,0.2,True
ACT + Detector,671,8000713,metaworld,True,55,0.2110224889984238,0,0,0,0,0.15410147607326508,,True,False,,7fdaf32edcffab8101082ac8d73bdfc7db212a04d0ee9dca3abc7cc9d33c592f,8c503c07dc6dcdd904e948f14d270410c2fbd4d9796f8d9e08451dc34c7d4399,48ce9609a38b32e56f7e6a43ffef71c21c8b1d17ed5a63d47701bc1dfc3ff271,,,full,0.2,True
ACT + Detector,672,8000714,metaworld,True,61,0.23436347999813734,0,0,0,0,0.16566623747348785,,True,False,,52f7f80801ca73bceccb1d79f487b58530aafad9687bae414bc3cb305c925f62,8c503c07dc6dcdd904e948f14d270410c2fbd4d9796f8d9e08451dc34c7d4399,c5023b3d25031a103b9549b6e8c83ba09d69e708ef117c31128a38e03616e5d8,,,full,0.2,True
ACT + Detector,673,8000715,metaworld,False,200,0.7846174959995551,0,0,1,0,0.989279568195343,,False,True,timeout,540d2889b35e795cb05fcf5e6eaa21dd3b8ce3266e99ebc378aee29f11802e7c,8c503c07dc6dcdd904e948f14d270410c2fbd4d9796f8d9e08451dc34c7d4399,ba19e0623fe05add91e00811bacb33e27305f5fcb6549be6f6278ebce6046101,,,full,0.2,True
ACT + Detector,674,8000716,metaworld,True,73,0.2796833289976348,0,0,1,0,0.2518245279788971,,True,False,,1c9d1c0e5e45ab9ca2347af1be9f649a742e78e0a9677d9d69dc14b0b3ada738,8c503c07dc6dcdd904e948f14d270410c2fbd4d9796f8d9e08451dc34c7d4399,39001749c902e2ab9d015efb8c7644faffff99810b709d3203dc359d5eacdcbd,,,full,0.2,True
ACT + Detector,675,8000717,metaworld,False,200,0.776600375000271,0,0,1,0,0.9991207718849182,,False,True,timeout,1baccf3f8c80a5776f13f16053e3cd6e5e9064b99b20f09dbd0c4953a97dca5e,8c503c07dc6dcdd904e948f14d270410c2fbd4d9796f8d9e08451dc34c7d4399,20cf3cfee33051ea4ca25b64648f05450b0068ae0136ae52c3108d28b02f3691,,,full,0.2,True
ACT + Detector,676,8000718,metaworld,True,57,0.2185960780007008,0,0,0,0,0.14511241018772125,,True,False,,aca993a1857a812f4bac5c9ef6f236eac8bbcda1720818a4f0cf5c5a33eb07ae,8c503c07dc6dcdd904e948f14d270410c2fbd4d9796f8d9e08451dc34c7d4399,a0b103bf3e43f4aa92753185301eba5e2e31594285004b99f51a59b33bd2d620,,,full,0.2,True
ACT + Detector,677,8000719,metaworld,True,49,0.192737073997705,0,0,0,0,0.19695213437080383,,True,False,,0a09ce251d65c0fc0fe9cc291ac1ff95860ab8b59d14b159de9e97e34d7b2fb7,8c503c07dc6dcdd904e948f14d270410c2fbd4d9796f8d9e08451dc34c7d4399,cea0b9105255f82e0ee99bfb3998a6edce02b446d4b14afb0747282cd18aa202,,,full,0.2,True
ACT + Detector,678,8000720,metaworld,False,200,0.7750346079992596,0,0,1,0,0.9994820952415466,,False,True,object_dropped,726910c51cb7abc3c7035b62bf61a7e99964040229dd840d0cc24c4893984e39,8c503c07dc6dcdd904e948f14d270410c2fbd4d9796f8d9e08451dc34c7d4399,8a99d46d6d04afe3e2ef92bb607dde5e178b5c37506006c4f364e345976453b1,,,full,0.2,True
ACT + Detector,679,8000721,metaworld,False,200,0.7689276529999916,0,0,1,0,0.969710111618042,,False,True,timeout,1230b113aec782d01993b89a825d0c512cdb5d74cc9268b7fff7f4fd255eb9f7,8c503c07dc6dcdd904e948f14d270410c2fbd4d9796f8d9e08451dc34c7d4399,38329c6b97bbe7d133bf007c22742dca5f0cd7258f8d7199135c6c2371ae591d,,,full,0.2,True
ACT + Detector,680,8000722,metaworld,False,200,0.7763568829977885,0,0,1,0,0.8499659299850464,,False,True,timeout,7343be28805e8d8cba165046d1afe895be67b875a9ebd32f88b1c2d78cf3a946,8c503c07dc6dcdd904e948f14d270410c2fbd4d9796f8d9e08451dc34c7d4399,56b7f182edcfeefa9301e1edd53d7f36e4418de7e6df1b54b0f0c298cde1b3cd,,,full,0.2,True
ACT + Detector,681,8000723,metaworld,False,200,0.7617634999987786,0,0,1,0,0.998562753200531,,False,True,timeout,c0ca70b18c602dedd371fc8fce0086b2a1fd49575d83a2992d9e3401e45f1e25,8c503c07dc6dcdd904e948f14d270410c2fbd4d9796f8d9e08451dc34c7d4399,35203d16cfa98b5f2e002fcb1ffde2400abf9459c161f6a289efa0c46eddb36f,,,full,0.2,True
ACT + Detector,682,8000724,metaworld,True,57,0.218483622000349,0,0,1,0,0.2523108720779419,,True,False,,7d81555d7b067b8c5809fe61bbacf68f888625960c8c0a25398ad19c2f2d3ea7,8c503c07dc6dcdd904e948f14d270410c2fbd4d9796f8d9e08451dc34c7d4399,8a99d46d6d04afe3e2ef92bb607dde5e178b5c37506006c4f364e345976453b1,,,full,0.2,True
ACT + Detector,683,8000725,metaworld,True,50,0.19406854800035944,0,0,1,0,0.21440474689006805,,True,False,,5e924bf9f0400fd4dd4af65d259895f4ec4865a300e4ad97ebcbd8fc1ebe82b7,8c503c07dc6dcdd904e948f14d270410c2fbd4d9796f8d9e08451dc34c7d4399,08a97a6dfa17f78b5cc5b1351d60038e4a40a68fc93722672482714333b1d9b5,,,full,0.2,True
ACT + Detector,684,8000726,metaworld,True,47,0.1778431359998649,0,0,0,0,0.18317565321922302,,True,False,,8f3ccb46ee05721ef5fea49751791098de908f570982e2184de91e14c85b45d8,8c503c07dc6dcdd904e948f14d270410c2fbd4d9796f8d9e08451dc34c7d4399,e6e55bdbd77dc052facbc072d20b08a21d116978c37627b9a3d9dc7989dfbe62,,,full,0.2,True
ACT + Detector,685,8000727,metaworld,False,200,0.7885346290022426,0,0,1,0,0.9036784172058105,,False,True,timeout,797f70286b1674061de027d3c8193f985c637a1a763fece776f0607e0d984f0e,8c503c07dc6dcdd904e948f14d270410c2fbd4d9796f8d9e08451dc34c7d4399,504c23f653f6cdee9d659d9320b164606b319d4f0e9cdf0f3a87e2fc7a98160a,,,full,0.2,True
ACT + Detector,686,8000728,metaworld,False,200,0.7649620409974887,0,0,1,0,0.9880641102790833,,False,True,timeout,2419f41e2691ff7012f1419b5311c67360da1404de840d2832ed975cb3aa00a0,8c503c07dc6dcdd904e948f14d270410c2fbd4d9796f8d9e08451dc34c7d4399,1c856fdcb5da12c3fa2d15b38741aa980fa3a47e64fb99f8635817590128f9ea,,,full,0.2,True
ACT + Detector,687,8000729,metaworld,True,57,0.2294227950005734,0,0,1,0,0.2501763701438904,,True,False,,61c1ffd50e190ceb81b804eb44b0c5bb637387c7f8a6781d5b48c85c1f9f5c7a,8c503c07dc6dcdd904e948f14d270410c2fbd4d9796f8d9e08451dc34c7d4399,64ee837add19202e84553431fdab118462cf5265eeae19a4d044b5a6818f771d,,,full,0.2,True
ACT + Detector,688,8000730,metaworld,True,52,0.20874364900009823,0,0,0,0,0.12548795342445374,,True,False,,a4f1cb7eae1152ccc7f3fd937eaa0806c98437906ad38f2387a8e2fb8ca307a1,8c503c07dc6dcdd904e948f14d270410c2fbd4d9796f8d9e08451dc34c7d4399,15a9adece7ebea14bdf37f5376e274c6dce4711281025cf35060933ba9ab8ad3,,,full,0.2,True
ACT + Detector,689,8000731,metaworld,False,200,0.7876577649985848,0,0,1,0,0.6163813471794128,,False,True,timeout,3c7d7165dd8116e74a798c88e62300dda08d4faa872fb1409a31049eea8c60f6,8c503c07dc6dcdd904e948f14d270410c2fbd4d9796f8d9e08451dc34c7d4399,742509487aeb71d366f1ddafa1cb12db2f7cfefe17c4ca89c98cffb67c1c8619,,,full,0.2,True
ACT + Detector,690,8000732,metaworld,False,200,0.7838043270021444,0,0,1,0,0.7957739233970642,,False,True,timeout,a22d5db308af69c2df79c4d3a201e43d86a73e69b475146dae49d3880881047a,8c503c07dc6dcdd904e948f14d270410c2fbd4d9796f8d9e08451dc34c7d4399,524e161a612d94c222d06154bcd0129d0851b8fad51ae883abbef6e86d43cbb0,,,full,0.2,True
ACT + Detector,691,8000733,metaworld,False,200,0.7857456909987377,0,0,1,0,0.6189576387405396,,False,True,timeout,ad1319418b2fea365c76aaae6cc4f332aa6f59cb4c9c9f6e6028150ec1da2e9e,8c503c07dc6dcdd904e948f14d270410c2fbd4d9796f8d9e08451dc34c7d4399,c40fedd273cade53989af8adc3ca66d02f2d92ca4d97b2f6391a0dd0ab6dbca3,,,full,0.2,True
ACT + Detector,692,8000734,metaworld,False,200,0.7784177339999587,0,0,1,0,0.9616169929504395,,False,True,timeout,cc5a5d805b5bb8a295a24e2df41dbf88720f81dece0f9df7309b1dfd926e835a,8c503c07dc6dcdd904e948f14d270410c2fbd4d9796f8d9e08451dc34c7d4399,2eb279a724955c1a9d173681940490ec9cc8ed4fdc15a95533884a23d4ccdb4e,,,full,0.2,True
ACT + Detector,693,8000735,metaworld,False,200,0.7916231470007915,0,0,1,0,0.9983351826667786,,False,True,timeout,9cce6c3003309207808a9ce94a722ed1dfe1f69eb4c85ab640d2bc2acd979c6b,8c503c07dc6dcdd904e948f14d270410c2fbd4d9796f8d9e08451dc34c7d4399,35aa26efb4a8651c1d8f46a573d3d4fea76add87b5c76a00531e1cea9ad04412,,,full,0.2,True
ACT + Detector,694,8000736,metaworld,True,53,0.22282451199862408,0,0,0,0,0.14547710120677948,,True,False,,41634b39b360ee3422240f90270902fcacb8c6d4c48705668d4c22a2522d97bb,8c503c07dc6dcdd904e948f14d270410c2fbd4d9796f8d9e08451dc34c7d4399,15a9adece7ebea14bdf37f5376e274c6dce4711281025cf35060933ba9ab8ad3,,,full,0.2,True
ACT + Detector,695,8000737,metaworld,True,58,0.24135989699789206,0,0,0,0,0.1584659069776535,,True,False,,05284f34eabaf238767d277ccfb6ad5b125ee2f0cf78c7a15771e56747465444,8c503c07dc6dcdd904e948f14d270410c2fbd4d9796f8d9e08451dc34c7d4399,b8e45a2f8f553d53c6eef0305347f910b9999bcae6df6ccaf0eaee6ac864e670,,,full,0.2,True
ACT + Detector,696,8000738,metaworld,True,50,0.2001119189990277,0,0,1,0,0.20429256558418274,,True,False,,8ec8b9b68cb1093c9cca33d0f5a7433372252da79c8a4af43544e1ac6797cc95,8c503c07dc6dcdd904e948f14d270410c2fbd4d9796f8d9e08451dc34c7d4399,08a97a6dfa17f78b5cc5b1351d60038e4a40a68fc93722672482714333b1d9b5,,,full,0.2,True
ACT + Detector,697,8000739,metaworld,True,63,0.2509288609981013,0,0,1,0,0.23385554552078247,,True,False,,f158f0baea373b606be843ebe076fa15fb07257fef9e0c88cf921ddd60d99a15,8c503c07dc6dcdd904e948f14d270410c2fbd4d9796f8d9e08451dc34c7d4399,39001749c902e2ab9d015efb8c7644faffff99810b709d3203dc359d5eacdcbd,,,full,0.2,True
ACT + Detector,698,8000740,metaworld,True,54,0.21676266299982672,0,0,0,0,0.1647970825433731,,True,False,,a81e82c11549ca56a8e1f1711a5f9d3749abe6e47b4de5cf9fbc92cc3b90c9ad,8c503c07dc6dcdd904e948f14d270410c2fbd4d9796f8d9e08451dc34c7d4399,0cda21f8ffacf0a1e40e7b0e858a8e2ddc276972106d4bced99d4404b4a13fd8,,,full,0.2,True
ACT + Detector,699,8000741,metaworld,True,52,0.2108686100000341,0,0,0,0,0.15367355942726135,,True,False,,2fa14dbe17f14bc900edd704a3c430c41a0fcdc6e4590de2bf1722175c8d75de,8c503c07dc6dcdd904e948f14d270410c2fbd4d9796f8d9e08451dc34c7d4399,acfaed29b052207b47b4b7fa76672795fd08de3add8565db05f141de82ece90b,,,full,0.2,True
ACT + Detector,700,8000742,metaworld,True,48,0.18769695299852174,0,0,0,0,0.19763469696044922,,True,False,,062cffdc639fe3bc4995933c88eefeb25f9331fcf122b33bbac2f0285eb43e94,8c503c07dc6dcdd904e948f14d270410c2fbd4d9796f8d9e08451dc34c7d4399,e6e55bdbd77dc052facbc072d20b08a21d116978c37627b9a3d9dc7989dfbe62,,,full,0.2,True
ACT + Detector,701,8000743,metaworld,False,200,0.7678213170001982,0,0,1,0,0.688770055770874,,False,True,timeout,02c5781162a021901741a2e2c2ae6c0ffd3c508e62391d866f19858972ae815d,8c503c07dc6dcdd904e948f14d270410c2fbd4d9796f8d9e08451dc34c7d4399,e216352c7f1c7392270c7c501bb599f2a46f420613a124fda0729ab88160cdf2,,,full,0.2,True
ACT + Detector,702,8000744,metaworld,False,200,0.7785886049969122,0,0,1,0,0.7731260061264038,,False,True,timeout,e136a2ef0c209da3bb3893728c0287f31a0a143ceb8f67e38b4108ef219f6339,8c503c07dc6dcdd904e948f14d270410c2fbd4d9796f8d9e08451dc34c7d4399,588df85fb38ef87f822932ad2f702be807974873e4a07ea43084bbdeeaac6604,,,full,0.2,True
ACT + Detector,703,8000745,metaworld,True,56,0.21813479699994787,0,0,0,0,0.11223365366458893,,True,False,,5eeeac512896fc9c54c3706bfd8560cc48242a266ba021157e0d67d041345396,8c503c07dc6dcdd904e948f14d270410c2fbd4d9796f8d9e08451dc34c7d4399,4e97203f8ce1a96cef19545d4c4c300d0de39e4f94bd1941cef7ebc3dd48be02,,,full,0.2,True
ACT + Detector,704,8000746,metaworld,True,58,0.22759325899824034,0,0,1,0,0.20364196598529816,,True,False,,0fc60d12f7c5e3bca091f516c57cd22c12585586b622ef511dd27d1effe3aae5,8c503c07dc6dcdd904e948f14d270410c2fbd4d9796f8d9e08451dc34c7d4399,6cb8d983459a8e57d4ae53a86da2394015cabba2d7c306dcaf7b14af979ca230,,,full,0.2,True
ACT + Detector,705,8000747,metaworld,True,59,0.23340126599941868,0,0,1,0,0.20044390857219696,,True,False,,b8a723c128a74dc7422956b7e0f1992e91f5f912a59218602b247f4258bc4c5f,8c503c07dc6dcdd904e948f14d270410c2fbd4d9796f8d9e08451dc34c7d4399,a0b103bf3e43f4aa92753185301eba5e2e31594285004b99f51a59b33bd2d620,,,full,0.2,True
ACT + Detector,706,8000748,metaworld,True,55,0.21188816400172072,0,0,1,0,0.3443797826766968,,True,False,,c3412a0ae6db5fbacbf463d1bdf1b632ade657bcb1905c3a8cfad9942ed95e53,8c503c07dc6dcdd904e948f14d270410c2fbd4d9796f8d9e08451dc34c7d4399,acfaed29b052207b47b4b7fa76672795fd08de3add8565db05f141de82ece90b,,,full,0.2,True
ACT + Detector,707,8000749,metaworld,True,50,0.1992684670003655,0,0,0,0,0.17838723957538605,,True,False,,0b8151b0d2d27da42ed04fef57fa71d0900172126a066a2857ebe38dd9d08e9a,8c503c07dc6dcdd904e948f14d270410c2fbd4d9796f8d9e08451dc34c7d4399,e6e55bdbd77dc052facbc072d20b08a21d116978c37627b9a3d9dc7989dfbe62,,,full,0.2,True
ACT + Detector,708,8000750,metaworld,False,200,0.7876569129985,0,0,1,0,0.9992963075637817,,False,True,timeout,6a66a7ffc64860070f5bab59d1e4ca3fe788cd13687a1e8f2988d9811f24ad9b,8c503c07dc6dcdd904e948f14d270410c2fbd4d9796f8d9e08451dc34c7d4399,aba21ef1c98d0573e36116c9757115227fd3793cba96aea7eda95c2547314ca3,,,full,0.2,True
ACT + Detector,709,8000751,metaworld,False,200,0.7978761890008172,0,0,1,0,0.9981368780136108,,False,True,timeout,e91ac2e8c971d947e868dde1079bc171026c7abff0d65d222ae07ff80dc532af,8c503c07dc6dcdd904e948f14d270410c2fbd4d9796f8d9e08451dc34c7d4399,35203d16cfa98b5f2e002fcb1ffde2400abf9459c161f6a289efa0c46eddb36f,,,full,0.2,True
ACT + Detector,710,8000752,metaworld,True,54,0.2215661900008854,0,0,1,0,0.24703694880008698,,True,False,,ef5bc61b193b6f38e480e37a01744d8a3315cab71460216903417e762ff23626,8c503c07dc6dcdd904e948f14d270410c2fbd4d9796f8d9e08451dc34c7d4399,342b72dafe0e47ecf8a937cb01e62ac02c2d77bf93dafca59574cbbbfc4ad77b,,,full,0.2,True
ACT + Detector,711,8000753,metaworld,False,200,0.7934984499988786,0,0,1,0,0.9913507699966431,,False,True,object_dropped,c92ec268ee550f6385d4e741afcf7d87ef9293a340beeceaa735533c0ae3dfdd,8c503c07dc6dcdd904e948f14d270410c2fbd4d9796f8d9e08451dc34c7d4399,524e161a612d94c222d06154bcd0129d0851b8fad51ae883abbef6e86d43cbb0,,,full,0.2,True
ACT + Detector,712,8000754,metaworld,False,200,0.8168722400005208,0,0,1,0,0.9997155070304871,,False,True,object_dropped,8b26de7e0379e564b842e91159894219c280d0619285014fa182a2c10a1ec4cf,8c503c07dc6dcdd904e948f14d270410c2fbd4d9796f8d9e08451dc34c7d4399,39001749c902e2ab9d015efb8c7644faffff99810b709d3203dc359d5eacdcbd,,,full,0.2,True
ACT + Detector,713,8000755,metaworld,True,57,0.2314772619974974,0,0,0,0,0.13579967617988586,,True,False,,8444940cd28e6c7d44f2dcd551c5007b2bddab155c8834c80cc28b8821bb7d81,8c503c07dc6dcdd904e948f14d270410c2fbd4d9796f8d9e08451dc34c7d4399,a0b103bf3e43f4aa92753185301eba5e2e31594285004b99f51a59b33bd2d620,,,full,0.2,True
ACT + Detector,714,8000756,metaworld,False,200,0.7985394049974275,0,0,1,0,0.981864333152771,,False,True,timeout,ba976cf63bd121cdf393a356ad398669f5c3f04c319f1aaaf6522d5abaeb3bb3,8c503c07dc6dcdd904e948f14d270410c2fbd4d9796f8d9e08451dc34c7d4399,ba19e0623fe05add91e00811bacb33e27305f5fcb6549be6f6278ebce6046101,,,full,0.2,True
ACT + Detector,715,8000757,metaworld,True,57,0.22775755799739272,0,0,0,0,0.15481972694396973,,True,False,,107c4dd8ef8b46b9c2819ed967b9604620a703fdc0aa75d0123785e6c5d7a907,8c503c07dc6dcdd904e948f14d270410c2fbd4d9796f8d9e08451dc34c7d4399,6cb8d983459a8e57d4ae53a86da2394015cabba2d7c306dcaf7b14af979ca230,,,full,0.2,True
ACT + Detector,716,8000758,metaworld,True,50,0.2005109169986099,0,0,0,0,0.18375848233699799,,True,False,,75d22c425d2ff1464fb60c5de7f7aea07ba34f5261ba25cfa7a55c1a8d645916,8c503c07dc6dcdd904e948f14d270410c2fbd4d9796f8d9e08451dc34c7d4399,e6e55bdbd77dc052facbc072d20b08a21d116978c37627b9a3d9dc7989dfbe62,,,full,0.2,True
ACT + Detector,717,8000759,metaworld,False,200,0.7941343500024232,0,0,1,0,0.9315314888954163,,False,True,timeout,46143e2013923f9ec1fadb40fd842cf5eeba929fad8b63956b93bc2ebc916a49,8c503c07dc6dcdd904e948f14d270410c2fbd4d9796f8d9e08451dc34c7d4399,aa1f17aacdf569c3a2930a2ebbf742ff43f8d3acfc772731a5c344cabcd52570,,,full,0.2,True
ACT + Detector,718,8000760,metaworld,True,59,0.2385553300009633,0,0,1,0,0.22339601814746857,,True,False,,65570c15b190ba52c86663997996b2d533446f307b5c61a537857ecae095d5d3,8c503c07dc6dcdd904e948f14d270410c2fbd4d9796f8d9e08451dc34c7d4399,cea0b9105255f82e0ee99bfb3998a6edce02b446d4b14afb0747282cd18aa202,,,full,0.2,True
ACT + Detector,719,8000761,metaworld,False,200,0.7863010889996076,0,0,1,0,0.6389152407646179,,False,True,timeout,aef2c2443cce6e5671a4d3e21424b86523bda031280ad385bdb22fe98bba1a74,8c503c07dc6dcdd904e948f14d270410c2fbd4d9796f8d9e08451dc34c7d4399,e216352c7f1c7392270c7c501bb599f2a46f420613a124fda0729ab88160cdf2,,,full,0.2,True
ACT + Detector,720,8000762,metaworld,False,200,0.7865083969991247,0,0,1,0,0.8627688884735107,,False,True,timeout,333e4174c2cfa88ee22360e1bccab9ef233cbbcdd0364dfad0f3ca5bf52a7ccb,8c503c07dc6dcdd904e948f14d270410c2fbd4d9796f8d9e08451dc34c7d4399,742509487aeb71d366f1ddafa1cb12db2f7cfefe17c4ca89c98cffb67c1c8619,,,full,0.2,True
ACT + Detector,721,8000763,metaworld,False,200,0.779569189002359,0,0,1,0,0.998816728591919,,False,True,timeout,7ae9cb77bbd0c4b5dbf572174a6bce0342ae08d5f228f7e24c6e23aac2d10ef1,8c503c07dc6dcdd904e948f14d270410c2fbd4d9796f8d9e08451dc34c7d4399,a8cfe6e2276fbd15230c5555255b87d17333bdd29f84f687df7405d0311fae7f,,,full,0.2,True
ACT + Detector,722,8000764,metaworld,False,200,0.8128328149978188,0,0,1,0,0.8645595908164978,,False,True,timeout,a4d9a1a27d67b521ea5a4bf4a9e454f74ed3f5051d27f56a6971b869f0d794cf,8c503c07dc6dcdd904e948f14d270410c2fbd4d9796f8d9e08451dc34c7d4399,08a97a6dfa17f78b5cc5b1351d60038e4a40a68fc93722672482714333b1d9b5,,,full,0.2,True
ACT + Detector,723,8000765,metaworld,False,200,0.8076418879973062,0,0,1,0,0.9997027516365051,,False,True,timeout,4186fdc896a936119c06613c3d1b72af48d92fd36082b5acde80aaa443af8036,8c503c07dc6dcdd904e948f14d270410c2fbd4d9796f8d9e08451dc34c7d4399,342b72dafe0e47ecf8a937cb01e62ac02c2d77bf93dafca59574cbbbfc4ad77b,,,full,0.2,True
ACT + Detector,724,8000766,metaworld,True,51,0.2072680000019318,0,0,0,0,0.15355154871940613,,True,False,,48a2e2499626bd188451a8a7e9a2159fc6ba917ae8a6269718bb20a8aa27a40b,8c503c07dc6dcdd904e948f14d270410c2fbd4d9796f8d9e08451dc34c7d4399,15a9adece7ebea14bdf37f5376e274c6dce4711281025cf35060933ba9ab8ad3,,,full,0.2,True
ACT + Detector,725,8000767,metaworld,True,66,0.26858368400280597,0,0,1,0,0.20995350182056427,,True,False,,750647e1100e2baa179f77e0e1caa4ae82afb197c615ca2ee51af78acb51dbc5,8c503c07dc6dcdd904e948f14d270410c2fbd4d9796f8d9e08451dc34c7d4399,c5023b3d25031a103b9549b6e8c83ba09d69e708ef117c31128a38e03616e5d8,,,full,0.2,True
ACT + Detector,726,8000768,metaworld,False,200,0.7942571549974673,0,0,1,0,0.9360293745994568,,False,True,timeout,728630eee3d9ae0787d630bcdceb5764d3df5f166d726f926c6d83e896c2d620,8c503c07dc6dcdd904e948f14d270410c2fbd4d9796f8d9e08451dc34c7d4399,2eb279a724955c1a9d173681940490ec9cc8ed4fdc15a95533884a23d4ccdb4e,,,full,0.2,True
ACT + Detector,727,8000769,metaworld,False,200,0.8080255099994247,0,0,1,0,0.9997690320014954,,False,True,timeout,75b1d27c9540d6d7f144d5240e6fba091ce635a4d621cfbd2635c24d00b40c1b,8c503c07dc6dcdd904e948f14d270410c2fbd4d9796f8d9e08451dc34c7d4399,3183afb500ebb9a5af177cccb5b5889a8321eb35261f8ec571269f8b5ed9cd1a,,,full,0.2,True
ACT + Detector,728,8000770,metaworld,True,57,0.22944078100044862,0,0,1,0,0.2623918652534485,,True,False,,7afe5c25d98a1de1644e5f9a7bdf59d424df22912c29dc45b74202b5c070ca28,8c503c07dc6dcdd904e948f14d270410c2fbd4d9796f8d9e08451dc34c7d4399,942fb6a87dc1e3eb7bf7bb111c97e7096138256b4a9a6b4c62a012fabe8bec38,,,full,0.2,True
ACT + Detector,729,8000771,metaworld,False,200,0.7917118260011193,0,0,1,0,0.9829784035682678,,False,True,timeout,8d2f06c1103d944656d33a622bb963272429251aa82fa7878fe17224a8e574ee,8c503c07dc6dcdd904e948f14d270410c2fbd4d9796f8d9e08451dc34c7d4399,2eb279a724955c1a9d173681940490ec9cc8ed4fdc15a95533884a23d4ccdb4e,,,full,0.2,True
ACT + Detector,730,8000772,metaworld,True,52,0.20171156200012774,0,0,0,0,0.17140249907970428,,True,False,,d75ebb995002fb98cb14e92cfe460628c3ecae2a4a646ce0011ecaa3bc68d083,8c503c07dc6dcdd904e948f14d270410c2fbd4d9796f8d9e08451dc34c7d4399,38329c6b97bbe7d133bf007c22742dca5f0cd7258f8d7199135c6c2371ae591d,,,full,0.2,True
ACT + Detector,731,8000773,metaworld,False,200,0.7950292890018318,0,0,1,0,0.9988151788711548,,False,True,timeout,8b18b44a58927efff0883a85eee36df9acdebae2284c068cef22c61ffbabf5ac,8c503c07dc6dcdd904e948f14d270410c2fbd4d9796f8d9e08451dc34c7d4399,aba21ef1c98d0573e36116c9757115227fd3793cba96aea7eda95c2547314ca3,,,full,0.2,True
ACT + Detector,732,8000774,metaworld,False,200,0.7982147210022958,0,0,1,0,0.9996806383132935,,False,True,object_dropped,a8b833b0cd91f9b8c24da1e887fd4c95c4a6f67f0a37d00091151451a384ab08,8c503c07dc6dcdd904e948f14d270410c2fbd4d9796f8d9e08451dc34c7d4399,7c3391ee418e26d47c002810bc00065e4dd0b6728c969d2338ad549ad01ebb0a,,,full,0.2,True
ACT + Detector,733,8000775,metaworld,True,56,0.21982370499972603,0,0,0,0,0.11593087762594223,,True,False,,1a643be80af3bb2bcbbb0eea8c457ce4fc19e44492e6a5b19865aed7c6fe05c1,8c503c07dc6dcdd904e948f14d270410c2fbd4d9796f8d9e08451dc34c7d4399,f6a9ed9055e00c868d6771022c2c557a6a48990bdacbed585d07cde857d4755a,,,full,0.2,True
ACT + Detector,734,8000776,metaworld,False,200,0.7906915389976348,0,0,1,0,0.9861955642700195,,False,True,timeout,558e7034bce04f67b0c10d75aa7c3b310c1b415982ef2560116b741157a7fc75,8c503c07dc6dcdd904e948f14d270410c2fbd4d9796f8d9e08451dc34c7d4399,bb2c6b1aed959fa3ddddb1c215ce67cbb5b0ec080eb65fb58e06b7776849a096,,,full,0.2,True
ACT + Detector,735,8000777,metaworld,True,48,0.18797583100240445,0,0,0,0,0.19417399168014526,,True,False,,ef99449e962c5cc2aa0abc2a889562c481a110516bdfae1a3905882cc2cae2ce,8c503c07dc6dcdd904e948f14d270410c2fbd4d9796f8d9e08451dc34c7d4399,e6e55bdbd77dc052facbc072d20b08a21d116978c37627b9a3d9dc7989dfbe62,,,full,0.2,True
ACT + Detector,736,8000778,metaworld,False,200,0.777331534998666,0,0,1,0,0.8687204718589783,,False,True,timeout,0323226805d11267012ebbaaa8804544b5adf52a9c8694fe9cb22e16f0c3d52f,8c503c07dc6dcdd904e948f14d270410c2fbd4d9796f8d9e08451dc34c7d4399,39001749c902e2ab9d015efb8c7644faffff99810b709d3203dc359d5eacdcbd,,,full,0.2,True
ACT + Detector,737,8000779,metaworld,False,200,0.7775855280015094,0,0,1,0,0.8789507150650024,,False,True,timeout,f44f47aebae209b4fdd9c1d9f70f74949c9c00cfb4e8b55734412b310251e9e0,8c503c07dc6dcdd904e948f14d270410c2fbd4d9796f8d9e08451dc34c7d4399,08a97a6dfa17f78b5cc5b1351d60038e4a40a68fc93722672482714333b1d9b5,,,full,0.2,True
ACT + Detector,738,8000780,metaworld,True,68,0.27134242499960237,0,0,1,0,0.2634204030036926,,True,False,,07990b1438253d29868f500ddf56ec87f148b4f4501a279d27e3bc882081334f,8c503c07dc6dcdd904e948f14d270410c2fbd4d9796f8d9e08451dc34c7d4399,2eb279a724955c1a9d173681940490ec9cc8ed4fdc15a95533884a23d4ccdb4e,,,full,0.2,True
ACT + Detector,739,8000781,metaworld,False,200,0.7832813909990364,0,0,1,0,0.9139341115951538,,False,True,timeout,3d6e2f78b0cc1a62b4445c0dda9296152a49a8aa3ca214d5b036a29aad8d7468,8c503c07dc6dcdd904e948f14d270410c2fbd4d9796f8d9e08451dc34c7d4399,bb2c6b1aed959fa3ddddb1c215ce67cbb5b0ec080eb65fb58e06b7776849a096,,,full,0.2,True
ACT + Detector,740,8000782,metaworld,False,200,0.7682339769999089,0,0,1,0,0.9990566372871399,,False,True,timeout,f76b3141075e12de3bdb0fb9a5d4e177d1696a768deb639f1be8942462b57ab9,8c503c07dc6dcdd904e948f14d270410c2fbd4d9796f8d9e08451dc34c7d4399,20cf3cfee33051ea4ca25b64648f05450b0068ae0136ae52c3108d28b02f3691,,,full,0.2,True
ACT + Detector,741,8000783,metaworld,False,200,0.7927166299996316,0,0,1,0,0.9408661127090454,,False,True,timeout,7236d204907430bcea8810e7c6761e3fc0dbba985941ac15586e45b2e688ac1e,8c503c07dc6dcdd904e948f14d270410c2fbd4d9796f8d9e08451dc34c7d4399,5d73f28d4d24cdbcb36a5e5cd61ec1a82f7287ce56d88da8cea912ed757b164c,,,full,0.2,True
ACT + Detector,742,8000784,metaworld,False,200,0.7708130869978049,0,0,1,0,0.9470534920692444,,False,True,timeout,89a0bf1ae9dc62c18286d85ed1025ef7e7a187740ce910c810d8eb70fb04fac6,8c503c07dc6dcdd904e948f14d270410c2fbd4d9796f8d9e08451dc34c7d4399,15a9adece7ebea14bdf37f5376e274c6dce4711281025cf35060933ba9ab8ad3,,,full,0.2,True
ACT + Detector,743,8000785,metaworld,False,200,0.8061545109994768,0,0,1,0,0.9944865107536316,,False,True,object_dropped,888ef395ab056a229e636cfc6ace1c98c2902669d9cf2291c8cc17aedf940c92,8c503c07dc6dcdd904e948f14d270410c2fbd4d9796f8d9e08451dc34c7d4399,06d355d7aff3b944ab4199c02a94c63d062e5c414c0b195f7b232b607e0ab1ed,,,full,0.2,True
ACT + Detector,744,8000786,metaworld,False,200,0.8017360039993946,0,0,1,0,0.9776225090026855,,False,True,timeout,a491863eb527973b1836fd4c96d2a68191b4cf148bc7461df5a89c3a23023240,8c503c07dc6dcdd904e948f14d270410c2fbd4d9796f8d9e08451dc34c7d4399,8a99d46d6d04afe3e2ef92bb607dde5e178b5c37506006c4f364e345976453b1,,,full,0.2,True
ACT + Detector,745,8000787,metaworld,False,200,0.8099043370020809,0,0,1,0,0.8523342609405518,,False,True,timeout,2c3094325bd65d9cafd80f4e06d7cd66dfe6ae2dadf911e4f8ef3b0c61fb3d3e,8c503c07dc6dcdd904e948f14d270410c2fbd4d9796f8d9e08451dc34c7d4399,39001749c902e2ab9d015efb8c7644faffff99810b709d3203dc359d5eacdcbd,,,full,0.2,True
ACT + Detector,746,8000788,metaworld,True,54,0.22323821200188831,0,0,0,0,0.10034302622079849,,True,False,,149995a63e5308056bc0f088a4d7bb91764c79a2301726cbb0343ea194a60165,8c503c07dc6dcdd904e948f14d270410c2fbd4d9796f8d9e08451dc34c7d4399,742509487aeb71d366f1ddafa1cb12db2f7cfefe17c4ca89c98cffb67c1c8619,,,full,0.2,True
ACT + Detector,747,8000789,metaworld,True,55,0.2238656549998268,0,0,0,0,0.18796516954898834,,True,False,,4bad701592642487d093a7e3c2a35ad316ba79bd3359f6374aedd9405ccc3e6f,8c503c07dc6dcdd904e948f14d270410c2fbd4d9796f8d9e08451dc34c7d4399,588df85fb38ef87f822932ad2f702be807974873e4a07ea43084bbdeeaac6604,,,full,0.2,True
ACT + Detector,748,8000790,metaworld,True,57,0.22646632300165948,0,0,0,0,0.12011773884296417,,True,False,,3a039055ff8db020182a01217704fb945a483114344b72c1f13b064ee4dcfc1a,8c503c07dc6dcdd904e948f14d270410c2fbd4d9796f8d9e08451dc34c7d4399,524e161a612d94c222d06154bcd0129d0851b8fad51ae883abbef6e86d43cbb0,,,full,0.2,True
ACT + Detector,749,8000791,metaworld,False,200,0.7881973310031753,0,0,1,0,0.9982039928436279,,False,True,timeout,0a661c14822516d80a7f7d07d52361e3d3053cf0f4dd41c8fff605854497ca24,8c503c07dc6dcdd904e948f14d270410c2fbd4d9796f8d9e08451dc34c7d4399,35203d16cfa98b5f2e002fcb1ffde2400abf9459c161f6a289efa0c46eddb36f,,,full,0.2,True
ACT + Detector,750,8000792,metaworld,False,200,0.7880575199997111,0,0,1,0,0.9971789121627808,,False,True,object_dropped,b31ae7582a00aad7f5d0e1c9aad6158eb89c30ee3d7dac6850a1918138da90e9,8c503c07dc6dcdd904e948f14d270410c2fbd4d9796f8d9e08451dc34c7d4399,71488b32995fa40c6ec3f77f6bcd912b1929aef29d90a66307ad46cd584acf29,,,full,0.2,True
ACT + Detector,751,8000793,metaworld,True,50,0.20012541100004455,0,0,1,0,0.20569907128810883,,True,False,,c7efb61cdaa8c25a379b158dd4ecd93ac83ab7ddb19d05d355db3f59da3eabab,8c503c07dc6dcdd904e948f14d270410c2fbd4d9796f8d9e08451dc34c7d4399,08a97a6dfa17f78b5cc5b1351d60038e4a40a68fc93722672482714333b1d9b5,,,full,0.2,True
ACT + Detector,752,8000794,metaworld,False,200,0.782051115998911,0,0,1,0,0.6408393979072571,,False,True,timeout,93b4cb4d0d53d6678ccdc07d574577dd5213b1aa8a53a7b96037f3c879a46dbb,8c503c07dc6dcdd904e948f14d270410c2fbd4d9796f8d9e08451dc34c7d4399,588df85fb38ef87f822932ad2f702be807974873e4a07ea43084bbdeeaac6604,,,full,0.2,True
ACT + Detector,753,8000795,metaworld,True,48,0.19222309299948392,0,0,0,0,0.19457325339317322,,True,False,,8f498ff9bb09746908c62f70ab4080ebeac140aa5a02471cd1730ae89c3465aa,8c503c07dc6dcdd904e948f14d270410c2fbd4d9796f8d9e08451dc34c7d4399,e6e55bdbd77dc052facbc072d20b08a21d116978c37627b9a3d9dc7989dfbe62,,,full,0.2,True
ACT + Detector,754,8000796,metaworld,True,53,0.20965296500071418,0,0,1,0,0.2238045483827591,,True,False,,23e0dca1ed164b2dcdd4fdabd27d4e932549a94f74339ee499ac276dffd5b88f,8c503c07dc6dcdd904e948f14d270410c2fbd4d9796f8d9e08451dc34c7d4399,aa1f17aacdf569c3a2930a2ebbf742ff43f8d3acfc772731a5c344cabcd52570,,,full,0.2,True
ACT + Detector,755,8000797,metaworld,False,200,0.7996273799981282,0,0,1,0,0.999803364276886,,False,True,timeout,ba7e6b32b58e637f6645bd72b8bd45852fd2d05cb136d524c76b56a7c95cd345,8c503c07dc6dcdd904e948f14d270410c2fbd4d9796f8d9e08451dc34c7d4399,342b72dafe0e47ecf8a937cb01e62ac02c2d77bf93dafca59574cbbbfc4ad77b,,,full,0.2,True
ACT + Detector,756,8000798,metaworld,True,57,0.22937547699984862,0,0,0,0,0.11491548269987106,,True,False,,4e0c9f755ee4be0490d62f686b554b38ec7525538d1addc90af646af4d1a8cde,8c503c07dc6dcdd904e948f14d270410c2fbd4d9796f8d9e08451dc34c7d4399,f6a9ed9055e00c868d6771022c2c557a6a48990bdacbed585d07cde857d4755a,,,full,0.2,True
ACT + Detector,757,8000799,metaworld,True,56,0.21544930799791473,0,0,0,0,0.17372480034828186,,True,False,,a483e46a9937e93aa9ce2cac53579da65a65ece52a897ebb384472ec51de1887,8c503c07dc6dcdd904e948f14d270410c2fbd4d9796f8d9e08451dc34c7d4399,6cb8d983459a8e57d4ae53a86da2394015cabba2d7c306dcaf7b14af979ca230,,,full,0.2,True
ACT + Detector,758,8000800,metaworld,True,58,0.22350004100007936,0,0,0,0,0.15287506580352783,,True,False,,318cca8810fce686e523f9cf23f03dfba22f8b6877595a373148496c93120a1f,8c503c07dc6dcdd904e948f14d270410c2fbd4d9796f8d9e08451dc34c7d4399,3183afb500ebb9a5af177cccb5b5889a8321eb35261f8ec571269f8b5ed9cd1a,,,full,0.2,True
ACT + Detector,759,8000801,metaworld,True,48,0.1849424940010067,0,0,0,0,0.1737385243177414,,True,False,,4975e424f8c41aa17c5973ef04ecdb76f3c3b423908dc869459cd2c80d363b9b,8c503c07dc6dcdd904e948f14d270410c2fbd4d9796f8d9e08451dc34c7d4399,e6e55bdbd77dc052facbc072d20b08a21d116978c37627b9a3d9dc7989dfbe62,,,full,0.2,True
ACT + Detector,760,8000802,metaworld,False,200,0.7771758849994512,0,0,1,0,0.9461686015129089,,False,True,timeout,ebed10eff94f3a56f8987f99b380da3609b22fc1eec14e2704887ab4d2961f5d,8c503c07dc6dcdd904e948f14d270410c2fbd4d9796f8d9e08451dc34c7d4399,2eb279a724955c1a9d173681940490ec9cc8ed4fdc15a95533884a23d4ccdb4e,,,full,0.2,True
ACT + Detector,761,8000803,metaworld,True,49,0.1933501530002104,0,0,1,0,0.23113134503364563,,True,False,,4b2cea65e83018ea5b194a9537782c48935a149e9c75c9668f18551f1524b71e,8c503c07dc6dcdd904e948f14d270410c2fbd4d9796f8d9e08451dc34c7d4399,e6e55bdbd77dc052facbc072d20b08a21d116978c37627b9a3d9dc7989dfbe62,,,full,0.2,True
ACT + Detector,762,8000804,metaworld,True,55,0.21923663200141164,0,0,0,0,0.16219283640384674,,True,False,,cc16580c84f26aabd40e4d3a45bfb9dfc90a6379b9b470f49c45449d10a5c91d,8c503c07dc6dcdd904e948f14d270410c2fbd4d9796f8d9e08451dc34c7d4399,524e161a612d94c222d06154bcd0129d0851b8fad51ae883abbef6e86d43cbb0,,,full,0.2,True
ACT + Detector,763,8000805,metaworld,True,55,0.21967025699996157,0,0,1,0,0.2053854763507843,,True,False,,e194f5852824571dcbcaafc25a5810de65664a526e5ffae839a4ffbbc9d1a015,8c503c07dc6dcdd904e948f14d270410c2fbd4d9796f8d9e08451dc34c7d4399,588df85fb38ef87f822932ad2f702be807974873e4a07ea43084bbdeeaac6604,,,full,0.2,True
ACT + Detector,764,8000806,metaworld,True,66,0.26051417000053334,0,0,0,0,0.16566996276378632,,True,False,,f9ed20d751bd477706680d50a04bc48019989c756a4a2cc782fd91db964a1dbc,8c503c07dc6dcdd904e948f14d270410c2fbd4d9796f8d9e08451dc34c7d4399,1c856fdcb5da12c3fa2d15b38741aa980fa3a47e64fb99f8635817590128f9ea,,,full,0.2,True
ACT + Detector,765,8000807,metaworld,False,200,0.7869548620001297,0,0,1,0,0.9986220598220825,,False,True,timeout,3dc76e9eef30c5afaa5efec7c19e3085625eddea4a2ecaa8edb47b135dcb3d00,8c503c07dc6dcdd904e948f14d270410c2fbd4d9796f8d9e08451dc34c7d4399,aba21ef1c98d0573e36116c9757115227fd3793cba96aea7eda95c2547314ca3,,,full,0.2,True
ACT + Detector,766,8000808,metaworld,True,56,0.22476700500192237,0,0,1,0,0.20100532472133636,,True,False,,dfeb9cc0a7609390332982c27f80cd91d1d756f4b295e2ba0ad1106301171e81,8c503c07dc6dcdd904e948f14d270410c2fbd4d9796f8d9e08451dc34c7d4399,0f719f94ef165c0b816b8b10c3f4f5fcf802c9f5a25141035590310315749280,,,full,0.2,True
ACT + Detector,767,8000809,metaworld,False,200,0.8955413170006068,0,0,1,0,0.9684969186782837,,False,True,object_dropped,7d1287562dd457107a9926fd0127c4b538d4639df7164da3ec30d0fdb9225b05,8c503c07dc6dcdd904e948f14d270410c2fbd4d9796f8d9e08451dc34c7d4399,6943489118fc060756e24fd47685e2c10173293d54af0af7e8afa9e287c9c5f1,,,full,0.2,True
ACT + Detector,768,8000810,metaworld,False,200,0.7731494519975968,0,0,1,0,0.8669773936271667,,False,True,timeout,113348605d999046f3abf4135075bfc4c90af9f7503c3e3b46196caca8bea23a,8c503c07dc6dcdd904e948f14d270410c2fbd4d9796f8d9e08451dc34c7d4399,08a97a6dfa17f78b5cc5b1351d60038e4a40a68fc93722672482714333b1d9b5,,,full,0.2,True
ACT + Detector,769,8000811,metaworld,True,55,0.21854738500042004,0,0,0,0,0.11823952198028564,,True,False,,a218c20702dbae1fd9dd12ca25e82ccec13482d80f852595b2f6f9dfb32f8665,8c503c07dc6dcdd904e948f14d270410c2fbd4d9796f8d9e08451dc34c7d4399,48ce9609a38b32e56f7e6a43ffef71c21c8b1d17ed5a63d47701bc1dfc3ff271,,,full,0.2,True
ACT + Detector,770,8000812,metaworld,False,200,0.7768895490007708,0,0,1,0,0.9989833235740662,,False,True,timeout,e92b9368c1d5a7bf2a522f2678f4d349cb163d85bf2caa1db36918a5f10fc8ba,8c503c07dc6dcdd904e948f14d270410c2fbd4d9796f8d9e08451dc34c7d4399,48ce9609a38b32e56f7e6a43ffef71c21c8b1d17ed5a63d47701bc1dfc3ff271,,,full,0.2,True
ACT + Detector,771,8000813,metaworld,True,59,0.2346942849981133,0,0,0,0,0.10934329032897949,,True,False,,886086f28e5ad747886e48d71809427845390ba64d72f9cbebc4a11d49535a5d,8c503c07dc6dcdd904e948f14d270410c2fbd4d9796f8d9e08451dc34c7d4399,e216352c7f1c7392270c7c501bb599f2a46f420613a124fda0729ab88160cdf2,,,full,0.2,True
ACT + Detector,772,8000814,metaworld,False,200,0.7796090339979855,0,0,1,0,0.4720666706562042,,False,True,timeout,1e6154f14514a80e6531d7426c7216f6cc79ad821732381a2489312418dae325,8c503c07dc6dcdd904e948f14d270410c2fbd4d9796f8d9e08451dc34c7d4399,08a97a6dfa17f78b5cc5b1351d60038e4a40a68fc93722672482714333b1d9b5,,,full,0.2,True
ACT + Detector,773,8000815,metaworld,False,200,0.7785080030007521,0,0,1,0,0.9997439980506897,,False,True,timeout,b6d7844eb3a5f6b1f2c3e73b5a5115b0efa90a01574afae4e16a96f2998fd6c3,8c503c07dc6dcdd904e948f14d270410c2fbd4d9796f8d9e08451dc34c7d4399,342b72dafe0e47ecf8a937cb01e62ac02c2d77bf93dafca59574cbbbfc4ad77b,,,full,0.2,True
ACT + Detector,774,8000816,metaworld,True,61,0.2489596849991358,0,0,0,0,0.16166555881500244,,True,False,,3c4ddb5b2e3252ea5a6a7454ac4b8cb846c378ad7390149707e085129503dca7,8c503c07dc6dcdd904e948f14d270410c2fbd4d9796f8d9e08451dc34c7d4399,1c856fdcb5da12c3fa2d15b38741aa980fa3a47e64fb99f8635817590128f9ea,,,full,0.2,True
ACT + Detector,775,8000817,metaworld,True,47,0.1827919400020619,0,0,0,0,0.1710175722837448,,True,False,,792b29bb17245d37c7004a459781b50a51e3754827b9a45e780a9580c1a73f5f,8c503c07dc6dcdd904e948f14d270410c2fbd4d9796f8d9e08451dc34c7d4399,e6e55bdbd77dc052facbc072d20b08a21d116978c37627b9a3d9dc7989dfbe62,,,full,0.2,True
ACT + Detector,776,8000818,metaworld,False,200,0.7554787890003354,0,0,1,0,0.9913203120231628,,False,True,timeout,826a8b91016c41deadfd6c05929281d788a6afaca983abf98c8baa2e72c56b7d,8c503c07dc6dcdd904e948f14d270410c2fbd4d9796f8d9e08451dc34c7d4399,942fb6a87dc1e3eb7bf7bb111c97e7096138256b4a9a6b4c62a012fabe8bec38,,,full,0.2,True
ACT + Detector,777,8000819,metaworld,False,200,0.7868868370023847,0,0,1,0,0.9994008541107178,,False,True,object_dropped,5f1482db5e289be0b23187079a9e4c46397e6bfd7627240e1b1e34085152780a,8c503c07dc6dcdd904e948f14d270410c2fbd4d9796f8d9e08451dc34c7d4399,5732f26a5a3acd61cb38107328c80d8fadad8368570aba69b803668406e8f53d,,,full,0.2,True
ACT + Detector,778,8000820,metaworld,True,59,0.23748718400020152,0,0,0,0,0.17804618179798126,,True,False,,28ffdbb9896af26352c26f184dc0b002927e00708eb40c5248fb083502e6f625,8c503c07dc6dcdd904e948f14d270410c2fbd4d9796f8d9e08451dc34c7d4399,06d355d7aff3b944ab4199c02a94c63d062e5c414c0b195f7b232b607e0ab1ed,,,full,0.2,True
ACT + Detector,779,8000821,metaworld,True,51,0.20625441199808847,0,0,0,0,0.19449429214000702,,True,False,,472f93f6ee21c4cd99b9717451681ce57642c00fc856b05b0af1a60b8fc55637,8c503c07dc6dcdd904e948f14d270410c2fbd4d9796f8d9e08451dc34c7d4399,5e1df472084de78052388a34f03cad3de438ca9b5dc801b5759dd57c66a7482a,,,full,0.2,True
ACT + Detector,780,8000822,metaworld,False,200,0.8141771990012785,0,0,1,0,0.9972526431083679,,False,True,timeout,231d15e68d48fcdee269c5707342b2e8151e6672d113ab31afcff494c4ff1802,8c503c07dc6dcdd904e948f14d270410c2fbd4d9796f8d9e08451dc34c7d4399,942fb6a87dc1e3eb7bf7bb111c97e7096138256b4a9a6b4c62a012fabe8bec38,,,full,0.2,True
ACT + Detector,781,8000823,metaworld,False,200,0.8041128089971608,0,0,1,0,0.9975518584251404,,False,True,object_dropped,cac2f7c3c6a59d0d24ab26fed2ba6bb41e68d50807f7bcbd4d49a78f2dcd627c,8c503c07dc6dcdd904e948f14d270410c2fbd4d9796f8d9e08451dc34c7d4399,6338b57c8983138382fa5c9ee7bb2d2c200be44368697f7ffa8216ea26ddccaf,,,full,0.2,True
ACT + Detector,782,8000824,metaworld,False,200,0.7912649050012988,0,0,1,0,0.9995850920677185,,False,True,timeout,5e2efb18d5cd72b595601959e116bd542b09afec1b16281d285ab45acddec824,8c503c07dc6dcdd904e948f14d270410c2fbd4d9796f8d9e08451dc34c7d4399,20cf3cfee33051ea4ca25b64648f05450b0068ae0136ae52c3108d28b02f3691,,,full,0.2,True
ACT + Detector,783,8000825,metaworld,False,200,0.7737507969977742,0,0,1,0,0.9942823648452759,,False,True,timeout,09d7772b80fedc80c9c2773ecfc79ed219750563757a137778d9d8f8abbe6ec7,8c503c07dc6dcdd904e948f14d270410c2fbd4d9796f8d9e08451dc34c7d4399,7c3391ee418e26d47c002810bc00065e4dd0b6728c969d2338ad549ad01ebb0a,,,full,0.2,True
ACT + Detector,784,8000826,metaworld,False,200,0.7781832030013902,0,0,1,0,0.9997988343238831,,False,True,timeout,5bda6f304aa2b767484a7cf23c619660771aebcca5e992253b327d4e0b7b5de0,8c503c07dc6dcdd904e948f14d270410c2fbd4d9796f8d9e08451dc34c7d4399,342b72dafe0e47ecf8a937cb01e62ac02c2d77bf93dafca59574cbbbfc4ad77b,,,full,0.2,True
ACT + Detector,785,8000827,metaworld,True,57,0.23313940799926058,0,0,0,0,0.19226808845996857,,True,False,,cb991eff92e331ef191d16421bc3fff2e6f6ea1a212f444f015d053bc4c57c5b,8c503c07dc6dcdd904e948f14d270410c2fbd4d9796f8d9e08451dc34c7d4399,64ee837add19202e84553431fdab118462cf5265eeae19a4d044b5a6818f771d,,,full,0.2,True
ACT + Detector,786,8000828,metaworld,False,200,0.7656519880001724,0,0,1,0,0.9896323680877686,,False,True,timeout,5d00bc89323f862d8feef1c5af11064ad8d90ff5516a19e9fda9ce4202c14e2f,8c503c07dc6dcdd904e948f14d270410c2fbd4d9796f8d9e08451dc34c7d4399,6943489118fc060756e24fd47685e2c10173293d54af0af7e8afa9e287c9c5f1,,,full,0.2,True
ACT + Detector,787,8000829,metaworld,False,200,0.7891661700014083,0,0,1,0,0.9780047535896301,,False,True,timeout,f920d5e43c3548bfcab174645a9863b6129e0073da26a0b3e85f0a23a144d1d5,8c503c07dc6dcdd904e948f14d270410c2fbd4d9796f8d9e08451dc34c7d4399,e6e55bdbd77dc052facbc072d20b08a21d116978c37627b9a3d9dc7989dfbe62,,,full,0.2,True
ACT + Detector,788,8000830,metaworld,False,200,0.8746652099980565,0,0,1,0,0.678381621837616,,False,True,timeout,5f7580e2ecb41ad9dc1a480a687cf77c956ce8f11c5640928547fad879242b88,8c503c07dc6dcdd904e948f14d270410c2fbd4d9796f8d9e08451dc34c7d4399,a8cfe6e2276fbd15230c5555255b87d17333bdd29f84f687df7405d0311fae7f,,,full,0.2,True
ACT + Detector,789,8000831,metaworld,True,51,0.25305902500258526,0,0,0,0,0.19625060260295868,,True,False,,c53816e5059737c6346665dafb2b92593a5d4bb9a5a5a0066c131fd8f16ac6ed,8c503c07dc6dcdd904e948f14d270410c2fbd4d9796f8d9e08451dc34c7d4399,cea0b9105255f82e0ee99bfb3998a6edce02b446d4b14afb0747282cd18aa202,,,full,0.2,True
ACT + Detector,790,8000832,metaworld,False,200,0.8078427190012007,0,0,1,0,0.9998875856399536,,False,True,object_dropped,a027ef7d1a80877c7140fb1ad5686146da0c35c7dc1c162f60fde0219f1fd798,8c503c07dc6dcdd904e948f14d270410c2fbd4d9796f8d9e08451dc34c7d4399,f82ceac6f8787ac22c378edc1f141cedcc86bf9309b43f1aff6633ae0a963abb,,,full,0.2,True
ACT + Detector,791,8000833,metaworld,False,200,1.0255561689991737,0,0,1,0,0.9988242983818054,,False,True,timeout,90d8ff1e5c3f29b4ca23c187df551db837283cdcdf838b8b30d4df36fdaf34fb,8c503c07dc6dcdd904e948f14d270410c2fbd4d9796f8d9e08451dc34c7d4399,0cda21f8ffacf0a1e40e7b0e858a8e2ddc276972106d4bced99d4404b4a13fd8,,,full,0.2,True
ACT + Detector,792,8000834,metaworld,True,52,0.2187103290016239,0,0,1,0,0.21132810413837433,,True,False,,3b363334bbb1e3d495f49e4c277fff56f84d90a1c077dedae5a41e9364a9e4f1,8c503c07dc6dcdd904e948f14d270410c2fbd4d9796f8d9e08451dc34c7d4399,38329c6b97bbe7d133bf007c22742dca5f0cd7258f8d7199135c6c2371ae591d,,,full,0.2,True
ACT + Detector,793,8000835,metaworld,False,200,0.7600009989982937,0,0,1,0,0.9982388019561768,,False,True,timeout,6cecdf620be03b41d0eb4bc5e79c5636edcd410f9bf2b2b0145108e3481a49fe,8c503c07dc6dcdd904e948f14d270410c2fbd4d9796f8d9e08451dc34c7d4399,a0b103bf3e43f4aa92753185301eba5e2e31594285004b99f51a59b33bd2d620,,,full,0.2,True
ACT + Detector,794,8000836,metaworld,True,55,0.2113899269970716,0,0,0,0,0.18195727467536926,,True,False,,9b43b9299708fb52825867a3c75f95d829609d12f4b471ad68b728476021d17e,8c503c07dc6dcdd904e948f14d270410c2fbd4d9796f8d9e08451dc34c7d4399,6cb8d983459a8e57d4ae53a86da2394015cabba2d7c306dcaf7b14af979ca230,,,full,0.2,True
ACT + Detector,795,8000837,metaworld,True,48,0.20826084399959655,0,0,0,0,0.19911189377307892,,True,False,,fe5e707bec30f31290d7dd32709b39a3703da8e7e5d9b2c5bb183d3f5cbc2f87,8c503c07dc6dcdd904e948f14d270410c2fbd4d9796f8d9e08451dc34c7d4399,27e1ed8c670f23dae46752497e383610e58c248d638e3b9b707808a32ce33d4e,,,full,0.2,True
ACT + Detector,796,8000838,metaworld,True,55,0.24672490500233835,0,0,0,0,0.14468485116958618,,True,False,,e61f53e3ad1880c9d804ae6d912b311f9749d6be9870791192a5ce11552c67b4,8c503c07dc6dcdd904e948f14d270410c2fbd4d9796f8d9e08451dc34c7d4399,4e97203f8ce1a96cef19545d4c4c300d0de39e4f94bd1941cef7ebc3dd48be02,,,full,0.2,True
ACT + Detector,797,8000839,metaworld,True,58,0.2626830560002418,0,0,0,0,0.19224227964878082,,True,False,,f471ac93c1d6aafb393fb7cb5897dfbbfd80edd4e624a9fa2219a1f9f080fa48,8c503c07dc6dcdd904e948f14d270410c2fbd4d9796f8d9e08451dc34c7d4399,3183afb500ebb9a5af177cccb5b5889a8321eb35261f8ec571269f8b5ed9cd1a,,,full,0.2,True
ACT + Detector,798,8000840,metaworld,True,54,0.24607486900276854,0,0,0,0,0.11492408812046051,,True,False,,bd04c9b974384e9c2ef4452a367009ea224181cd24c0688fad7213918ad07160,8c503c07dc6dcdd904e948f14d270410c2fbd4d9796f8d9e08451dc34c7d4399,f6a9ed9055e00c868d6771022c2c557a6a48990bdacbed585d07cde857d4755a,,,full,0.2,True
ACT + Detector,799,8000841,metaworld,False,200,0.8786133079993306,0,0,1,0,0.8244355916976929,,False,True,timeout,1a28a5291d4b01411236c79018ca818d21e52ee86a993dbdfad7027764589e2d,8c503c07dc6dcdd904e948f14d270410c2fbd4d9796f8d9e08451dc34c7d4399,38329c6b97bbe7d133bf007c22742dca5f0cd7258f8d7199135c6c2371ae591d,,,full,0.2,True
ACT + Detector,800,8000842,metaworld,True,50,0.2043586769977992,0,0,1,0,0.24867288768291473,,True,False,,b7c46dee019834c3b2f6350cfdbf2a3583369c55d02e3c984071c90eaa62b03c,8c503c07dc6dcdd904e948f14d270410c2fbd4d9796f8d9e08451dc34c7d4399,e6e55bdbd77dc052facbc072d20b08a21d116978c37627b9a3d9dc7989dfbe62,,,full,0.2,True
ACT + Detector,801,8000843,metaworld,False,200,0.7968177499969897,0,0,1,0,0.9998989105224609,,False,True,object_dropped,f69cc23e7126a7091d001b3929d14f1d3032d0d60c040abdc802dbc4ec192619,8c503c07dc6dcdd904e948f14d270410c2fbd4d9796f8d9e08451dc34c7d4399,f82ceac6f8787ac22c378edc1f141cedcc86bf9309b43f1aff6633ae0a963abb,,,full,0.2,True
ACT + Detector,802,8000844,metaworld,False,200,0.8242430209975282,0,0,1,0,0.9998304843902588,,False,True,object_dropped,ff7ab9200ff23391a6c9a4ff63744daab684713d32e1a8f23c9722b877f95dd9,8c503c07dc6dcdd904e948f14d270410c2fbd4d9796f8d9e08451dc34c7d4399,7c3391ee418e26d47c002810bc00065e4dd0b6728c969d2338ad549ad01ebb0a,,,full,0.2,True
ACT + Detector,803,8000845,metaworld,True,63,0.25501377200271236,0,0,1,0,0.2513887286186218,,True,False,,a0f3d200e95501655490046d407eaf62d7674cc89dc6f22d929d098ab2bf6849,8c503c07dc6dcdd904e948f14d270410c2fbd4d9796f8d9e08451dc34c7d4399,8a99d46d6d04afe3e2ef92bb607dde5e178b5c37506006c4f364e345976453b1,,,full,0.2,True
ACT + Detector,804,8000846,metaworld,True,53,0.21428472600018722,0,0,0,0,0.19775831699371338,,True,False,,87f9482c095be1520fcf52c6e32d4a257b001b479b1984f7eba47ccf2d58b6fa,8c503c07dc6dcdd904e948f14d270410c2fbd4d9796f8d9e08451dc34c7d4399,71488b32995fa40c6ec3f77f6bcd912b1929aef29d90a66307ad46cd584acf29,,,full,0.2,True
ACT + Detector,805,8000847,metaworld,True,57,0.22737065800174605,0,0,0,0,0.1928064078092575,,True,False,,706105f72315b28b5d3564e8d675ef9a64fc2eb1cdef0f3c9dd96b25de0397c0,8c503c07dc6dcdd904e948f14d270410c2fbd4d9796f8d9e08451dc34c7d4399,7c3391ee418e26d47c002810bc00065e4dd0b6728c969d2338ad549ad01ebb0a,,,full,0.2,True
ACT + Detector,806,8000848,metaworld,False,200,0.8026439940003911,0,0,1,0,0.994292140007019,,False,True,timeout,b434e06f0be0a96525e9b57d147c41cd229595451c4f5d2e90020fbb23213310,8c503c07dc6dcdd904e948f14d270410c2fbd4d9796f8d9e08451dc34c7d4399,bb2c6b1aed959fa3ddddb1c215ce67cbb5b0ec080eb65fb58e06b7776849a096,,,full,0.2,True
ACT + Detector,807,8000849,metaworld,True,59,0.23876946100062924,0,0,0,0,0.18707430362701416,,True,False,,44445e6b1c6cc80008112b33a4fbf989e713b03f0a90cb958a94e51a0fd7752c,8c503c07dc6dcdd904e948f14d270410c2fbd4d9796f8d9e08451dc34c7d4399,6cb8d983459a8e57d4ae53a86da2394015cabba2d7c306dcaf7b14af979ca230,,,full,0.2,True
ACT + Detector,808,8000850,metaworld,False,200,0.8043634640016535,0,0,1,0,0.9998441934585571,,False,True,timeout,824778b67f665db123050f95dce5b2aa2d4d736b40a7d28eac18dbcdf795a755,8c503c07dc6dcdd904e948f14d270410c2fbd4d9796f8d9e08451dc34c7d4399,342b72dafe0e47ecf8a937cb01e62ac02c2d77bf93dafca59574cbbbfc4ad77b,,,full,0.2,True
ACT + Detector,809,8000851,metaworld,True,51,0.2081073049994302,0,0,1,0,0.2444220632314682,,True,False,,89fca2cdaf1bf91f96efb92ffc78a907587a3a4d8fae5a00bebfe31a707709be,8c503c07dc6dcdd904e948f14d270410c2fbd4d9796f8d9e08451dc34c7d4399,5d73f28d4d24cdbcb36a5e5cd61ec1a82f7287ce56d88da8cea912ed757b164c,,,full,0.2,True
ACT + Detector,810,8000852,metaworld,True,54,0.21710594999967725,0,0,0,0,0.16798944771289825,,True,False,,8b62806c60ee9be961d391c559779a09a225706b0e2f3643660407433252e5e2,8c503c07dc6dcdd904e948f14d270410c2fbd4d9796f8d9e08451dc34c7d4399,6943489118fc060756e24fd47685e2c10173293d54af0af7e8afa9e287c9c5f1,,,full,0.2,True
ACT + Detector,811,8000853,metaworld,True,54,0.21911582899701898,0,0,0,0,0.16022969782352448,,True,False,,2dcc59c89589cdf7e9ee31b3821257b889081fd21775eb88769ae7ef1d14ea98,8c503c07dc6dcdd904e948f14d270410c2fbd4d9796f8d9e08451dc34c7d4399,15a9adece7ebea14bdf37f5376e274c6dce4711281025cf35060933ba9ab8ad3,,,full,0.2,True
ACT + Detector,812,8000854,metaworld,False,200,0.8082966770016355,0,0,1,0,0.9996538162231445,,False,True,timeout,8b8580180c79fef19427a270eaf691ed0c5e762122388726b3d512400fb134f6,8c503c07dc6dcdd904e948f14d270410c2fbd4d9796f8d9e08451dc34c7d4399,3183afb500ebb9a5af177cccb5b5889a8321eb35261f8ec571269f8b5ed9cd1a,,,full,0.2,True
ACT + Detector,813,8000855,metaworld,False,200,0.793340004998754,0,0,1,0,0.9993793964385986,,False,True,timeout,704a43b5620ca6cfc7344ce172e171f28a8564a926256b15a04fa5a52d5d80a1,8c503c07dc6dcdd904e948f14d270410c2fbd4d9796f8d9e08451dc34c7d4399,35aa26efb4a8651c1d8f46a573d3d4fea76add87b5c76a00531e1cea9ad04412,,,full,0.2,True
ACT + Detector,814,8000856,metaworld,True,58,0.22888269100076286,0,0,0,0,0.16356946527957916,,True,False,,e0fee9a81a0f9193e3a8367b1b21eae4f939acc78c7ee6515a23f85a3da945e6,8c503c07dc6dcdd904e948f14d270410c2fbd4d9796f8d9e08451dc34c7d4399,5732f26a5a3acd61cb38107328c80d8fadad8368570aba69b803668406e8f53d,,,full,0.2,True
ACT + Detector,815,8000857,metaworld,False,200,0.7775733529997524,0,0,1,0,0.9994922876358032,,False,True,object_dropped,30f3b89df72e8f8d4e3d334972939df8c8e14f405279f4eb9d2f3119a4f9fc95,8c503c07dc6dcdd904e948f14d270410c2fbd4d9796f8d9e08451dc34c7d4399,64ee837add19202e84553431fdab118462cf5265eeae19a4d044b5a6818f771d,,,full,0.2,True
ACT + Detector,816,8000858,metaworld,False,200,0.7827807969988498,0,0,1,0,0.9935373663902283,,False,True,timeout,e987ce7dd6be2c78267847938a75c1bae7159bed991c837bc0ba0511c600e593,8c503c07dc6dcdd904e948f14d270410c2fbd4d9796f8d9e08451dc34c7d4399,8a99d46d6d04afe3e2ef92bb607dde5e178b5c37506006c4f364e345976453b1,,,full,0.2,True
ACT + Detector,817,8000859,metaworld,False,200,0.7830574910003634,0,0,1,0,0.9963533878326416,,False,True,timeout,f9d26acc81a67a26f332d64ff6e78bd36d47c964c24f859b99b10adae1984826,8c503c07dc6dcdd904e948f14d270410c2fbd4d9796f8d9e08451dc34c7d4399,aa1f17aacdf569c3a2930a2ebbf742ff43f8d3acfc772731a5c344cabcd52570,,,full,0.2,True
ACT + Detector,818,8000860,metaworld,True,58,0.22681410199948004,0,0,0,0,0.18731525540351868,,True,False,,be868859dafb5d8c613e06957e3d1c727ca55d51ff8ec5e209e9cf545dc82c64,8c503c07dc6dcdd904e948f14d270410c2fbd4d9796f8d9e08451dc34c7d4399,b8e45a2f8f553d53c6eef0305347f910b9999bcae6df6ccaf0eaee6ac864e670,,,full,0.2,True
ACT + Detector,819,8000861,metaworld,False,200,0.7891479869977047,0,0,1,0,0.984961748123169,,False,True,timeout,6077a2d90abdd696df9c2202bb8861487bee3abfa14b2e7eb5ebe073b0596dce,8c503c07dc6dcdd904e948f14d270410c2fbd4d9796f8d9e08451dc34c7d4399,504c23f653f6cdee9d659d9320b164606b319d4f0e9cdf0f3a87e2fc7a98160a,,,full,0.2,True
ACT + Detector,820,8000862,metaworld,False,200,0.7855017159999989,0,0,1,0,0.9960122108459473,,False,True,timeout,2382230e71fb2c69086e0da07b4d5533ea2cb616203a130b95f1127aebd4593d,8c503c07dc6dcdd904e948f14d270410c2fbd4d9796f8d9e08451dc34c7d4399,1c856fdcb5da12c3fa2d15b38741aa980fa3a47e64fb99f8635817590128f9ea,,,full,0.2,True
ACT + Detector,821,8000863,metaworld,True,60,0.23560311499750242,0,0,1,0,0.2031880021095276,,True,False,,4af5e243901e773fcb408fa519d8c2632cebd2fbf205f14333ab5aa20c3bc907,8c503c07dc6dcdd904e948f14d270410c2fbd4d9796f8d9e08451dc34c7d4399,588df85fb38ef87f822932ad2f702be807974873e4a07ea43084bbdeeaac6604,,,full,0.2,True
ACT + Detector,822,8000864,metaworld,True,54,0.21109211899965885,0,0,0,0,0.1636718213558197,,True,False,,c8fa57efb9fc2f92d274d3bf852ead4fdf77573c27b921a68eaaac9b1fbc6a2e,8c503c07dc6dcdd904e948f14d270410c2fbd4d9796f8d9e08451dc34c7d4399,0cda21f8ffacf0a1e40e7b0e858a8e2ddc276972106d4bced99d4404b4a13fd8,,,full,0.2,True
ACT + Detector,823,8000865,metaworld,False,200,0.7788824899980682,0,0,1,0,0.9517272710800171,,False,True,timeout,f3ecf4e67cdad0c1d3f94823489bb044253ed75832b9f706594a096bfcfe2774,8c503c07dc6dcdd904e948f14d270410c2fbd4d9796f8d9e08451dc34c7d4399,39001749c902e2ab9d015efb8c7644faffff99810b709d3203dc359d5eacdcbd,,,full,0.2,True
ACT + Detector,824,8000866,metaworld,False,200,0.7815937200030021,0,0,1,0,0.9750993251800537,,False,True,timeout,4bafadfb86d28507f039b67a9ce62930565699dab48d24e6edc42e5647f71264,8c503c07dc6dcdd904e948f14d270410c2fbd4d9796f8d9e08451dc34c7d4399,bb2c6b1aed959fa3ddddb1c215ce67cbb5b0ec080eb65fb58e06b7776849a096,,,full,0.2,True
ACT + Detector,825,8000867,metaworld,False,200,0.7827223780004715,0,0,1,0,0.998640239238739,,False,True,object_dropped,c5c3ecc7942093b93e444085ff0bbf139dd942c54ff6a8c0a30a69a7c8c523ee,8c503c07dc6dcdd904e948f14d270410c2fbd4d9796f8d9e08451dc34c7d4399,35203d16cfa98b5f2e002fcb1ffde2400abf9459c161f6a289efa0c46eddb36f,,,full,0.2,True
ACT + Detector,826,8000868,metaworld,False,200,0.787894419998338,0,0,1,0,0.9984802603721619,,False,True,timeout,b4bd64b956554091180df07adc9bdfff740a3818ed677886ec4ecd266901ac78,8c503c07dc6dcdd904e948f14d270410c2fbd4d9796f8d9e08451dc34c7d4399,5d73f28d4d24cdbcb36a5e5cd61ec1a82f7287ce56d88da8cea912ed757b164c,,,full,0.2,True
ACT + Detector,827,8000869,metaworld,False,200,0.7925729439994029,0,0,1,0,0.9907196760177612,,False,True,timeout,9a637acc8875d904c9068af25a031addfffcfcf005db0445511a3b2d9532a059,8c503c07dc6dcdd904e948f14d270410c2fbd4d9796f8d9e08451dc34c7d4399,35aa26efb4a8651c1d8f46a573d3d4fea76add87b5c76a00531e1cea9ad04412,,,full,0.2,True
ACT + Detector,828,8000870,metaworld,True,59,0.23816938800155185,0,0,0,0,0.11650357395410538,,True,False,,f4f845eba701b8a558f7317f8820067b85627021382d40accb28cd467f6034cf,8c503c07dc6dcdd904e948f14d270410c2fbd4d9796f8d9e08451dc34c7d4399,a8cfe6e2276fbd15230c5555255b87d17333bdd29f84f687df7405d0311fae7f,,,full,0.2,True
ACT + Detector,829,8000871,metaworld,True,56,0.22845068600145169,0,0,1,0,0.20916634798049927,,True,False,,17050214b838d272bd4090f98a99f800fca0b2e0759b2c2b0da97e28541d97a3,8c503c07dc6dcdd904e948f14d270410c2fbd4d9796f8d9e08451dc34c7d4399,6cb8d983459a8e57d4ae53a86da2394015cabba2d7c306dcaf7b14af979ca230,,,full,0.2,True
ACT + Detector,830,8000872,metaworld,True,58,0.2356604939996032,0,0,0,0,0.1306603103876114,,True,False,,635131bf5e4d13003c81262276e175aef787a326f16ef520982c7206c1f1ac8d,8c503c07dc6dcdd904e948f14d270410c2fbd4d9796f8d9e08451dc34c7d4399,5732f26a5a3acd61cb38107328c80d8fadad8368570aba69b803668406e8f53d,,,full,0.2,True
ACT + Detector,831,8000873,metaworld,False,200,0.8852825190006115,0,0,1,0,0.782279908657074,,False,True,timeout,1fca7e0e1c6f122ad9f84e3b77b09023d1f00125a93780ed56a6ce1583340764,8c503c07dc6dcdd904e948f14d270410c2fbd4d9796f8d9e08451dc34c7d4399,56b7f182edcfeefa9301e1edd53d7f36e4418de7e6df1b54b0f0c298cde1b3cd,,,full,0.2,True
ACT + Detector,832,8000874,metaworld,True,59,0.24293781900269096,0,0,0,0,0.19791923463344574,,True,False,,ff8ae35d1c3b1151432988efc52443c9f0990f645063a083da61ce5f0b4360a9,8c503c07dc6dcdd904e948f14d270410c2fbd4d9796f8d9e08451dc34c7d4399,a0b103bf3e43f4aa92753185301eba5e2e31594285004b99f51a59b33bd2d620,,,full,0.2,True
ACT + Detector,833,8000875,metaworld,False,200,0.8104846629976237,0,0,1,0,0.6746807098388672,,False,True,timeout,f195aa7bbb18aae5df438a2294093f4267040b7f9747e0075c304308e2049653,8c503c07dc6dcdd904e948f14d270410c2fbd4d9796f8d9e08451dc34c7d4399,08a97a6dfa17f78b5cc5b1351d60038e4a40a68fc93722672482714333b1d9b5,,,full,0.2,True
ACT + Detector,834,8000876,metaworld,False,200,0.8017682919999061,0,0,1,0,0.9893105030059814,,False,True,object_dropped,fe9aee47ac911dffe1097edf0573ac0bd07cdfd9f63eacc0eef1a4f8c918f72a,8c503c07dc6dcdd904e948f14d270410c2fbd4d9796f8d9e08451dc34c7d4399,f6a9ed9055e00c868d6771022c2c557a6a48990bdacbed585d07cde857d4755a,,,full,0.2,True
ACT + Detector,835,8000877,metaworld,False,200,0.8120881960021507,0,0,1,0,0.9969794750213623,,False,True,timeout,43de08e8f88c23efbb3e98cb57ce0f180dd435ac86ba1c51af24731db3278e0d,8c503c07dc6dcdd904e948f14d270410c2fbd4d9796f8d9e08451dc34c7d4399,942fb6a87dc1e3eb7bf7bb111c97e7096138256b4a9a6b4c62a012fabe8bec38,,,full,0.2,True
ACT + Detector,836,8000878,metaworld,False,200,0.8032036229997175,0,0,1,0,0.9911906719207764,,False,True,timeout,5185d09a507c34ade224c0062c996edddf15b653bb1498f33ea44b1e5e342328,8c503c07dc6dcdd904e948f14d270410c2fbd4d9796f8d9e08451dc34c7d4399,504c23f653f6cdee9d659d9320b164606b319d4f0e9cdf0f3a87e2fc7a98160a,,,full,0.2,True
ACT + Detector,837,8000879,metaworld,True,54,0.22075309899810236,0,0,0,0,0.1911824345588684,,True,False,,d171d4a27307ff4bbbddd4a3d8dad68609e8957709633c282426bf7c70848165,8c503c07dc6dcdd904e948f14d270410c2fbd4d9796f8d9e08451dc34c7d4399,7c3391ee418e26d47c002810bc00065e4dd0b6728c969d2338ad549ad01ebb0a,,,full,0.2,True
ACT + Detector,838,8000880,metaworld,True,48,0.1994554259981669,0,0,1,0,0.2135767936706543,,True,False,,b00f6908e398eeb7cdeff4389c5b6a4add5a517229e92d2c99a32618827e925b,8c503c07dc6dcdd904e948f14d270410c2fbd4d9796f8d9e08451dc34c7d4399,35203d16cfa98b5f2e002fcb1ffde2400abf9459c161f6a289efa0c46eddb36f,,,full,0.2,True
ACT + Detector,839,8000881,metaworld,True,57,0.23840378100067028,0,0,0,0,0.12852579355239868,,True,False,,8f0a471dab2670a465bbbae03c9aeec6c297edd7ea253818e3be5678371592a7,8c503c07dc6dcdd904e948f14d270410c2fbd4d9796f8d9e08451dc34c7d4399,4e97203f8ce1a96cef19545d4c4c300d0de39e4f94bd1941cef7ebc3dd48be02,,,full,0.2,True
ACT + Detector,840,8000882,metaworld,True,53,0.217087179000373,0,0,0,0,0.1766326129436493,,True,False,,be3a12be9b9745e76873200eecbe7b9923a2bf9cb2ff60e4f262d1aed1c1c05b,8c503c07dc6dcdd904e948f14d270410c2fbd4d9796f8d9e08451dc34c7d4399,38329c6b97bbe7d133bf007c22742dca5f0cd7258f8d7199135c6c2371ae591d,,,full,0.2,True
ACT + Detector,841,8000883,metaworld,False,200,0.8036713109977427,0,0,1,0,0.9984850287437439,,False,True,timeout,0458332f5d92ffc5d3ffd92c765518ac244d51a6ec89e71bca396aff52b01312,8c503c07dc6dcdd904e948f14d270410c2fbd4d9796f8d9e08451dc34c7d4399,35aa26efb4a8651c1d8f46a573d3d4fea76add87b5c76a00531e1cea9ad04412,,,full,0.2,True
ACT + Detector,842,8000884,metaworld,False,200,0.8055869989984785,0,0,1,0,0.3475254476070404,,False,True,timeout,38e41ef9541b0e7bfca91eb89c0152d2b0591723799408045d6ebe424a9def20,8c503c07dc6dcdd904e948f14d270410c2fbd4d9796f8d9e08451dc34c7d4399,38329c6b97bbe7d133bf007c22742dca5f0cd7258f8d7199135c6c2371ae591d,,,full,0.2,True
ACT + Detector,843,8000885,metaworld,False,200,0.8052217209988157,0,0,1,0,0.9982224106788635,,False,True,timeout,674c877d3a38602b7ef059e5f807e68bdeabd356a2f6d13cf8cac4c5fabcb307,8c503c07dc6dcdd904e948f14d270410c2fbd4d9796f8d9e08451dc34c7d4399,3183afb500ebb9a5af177cccb5b5889a8321eb35261f8ec571269f8b5ed9cd1a,,,full,0.2,True
ACT + Detector,844,8000886,metaworld,False,200,0.8051147680016584,0,0,1,0,0.9992766976356506,,False,True,timeout,66145edf418f1b52cc69a3f97e30bcba895b5352bc3b54b7626262ff36457e58,8c503c07dc6dcdd904e948f14d270410c2fbd4d9796f8d9e08451dc34c7d4399,20cf3cfee33051ea4ca25b64648f05450b0068ae0136ae52c3108d28b02f3691,,,full,0.2,True
ACT + Detector,845,8000887,metaworld,False,200,0.8233440190015244,0,0,1,0,0.8978913426399231,,False,True,timeout,17b501cd74ab22e9e704f17343fd388ad3f1bc123e383e15d673c55b82e4a9d4,8c503c07dc6dcdd904e948f14d270410c2fbd4d9796f8d9e08451dc34c7d4399,cea0b9105255f82e0ee99bfb3998a6edce02b446d4b14afb0747282cd18aa202,,,full,0.2,True
ACT + Detector,846,8000888,metaworld,True,57,0.24947984900063602,0,0,0,0,0.15669037401676178,,True,False,,a7d45b843ceab50c65cdd78bacc69025c7fbfd553cc6225e2fa89bb1c83a6e0c,8c503c07dc6dcdd904e948f14d270410c2fbd4d9796f8d9e08451dc34c7d4399,0cda21f8ffacf0a1e40e7b0e858a8e2ddc276972106d4bced99d4404b4a13fd8,,,full,0.2,True
ACT + Detector,847,8000889,metaworld,False,200,0.7904021479989751,0,0,1,0,0.9985706806182861,,False,True,timeout,ca9fa74a921c83620e14e30953205d89d86fda737901f20b5185a977b8c09e78,8c503c07dc6dcdd904e948f14d270410c2fbd4d9796f8d9e08451dc34c7d4399,35aa26efb4a8651c1d8f46a573d3d4fea76add87b5c76a00531e1cea9ad04412,,,full,0.2,True
ACT + Detector,848,8000890,metaworld,True,51,0.20395720500164316,0,0,0,0,0.14449508488178253,,True,False,,0e01b74738208d3a6458cb504b7978a33afd7608ba1aa27d5fd4f71721aac781,8c503c07dc6dcdd904e948f14d270410c2fbd4d9796f8d9e08451dc34c7d4399,5d73f28d4d24cdbcb36a5e5cd61ec1a82f7287ce56d88da8cea912ed757b164c,,,full,0.2,True
ACT + Detector,849,8000891,metaworld,True,53,0.2162903530006588,0,0,0,0,0.17299383878707886,,True,False,,31651fd3cc63438ad5fcd0e4856a4e06186a69f88c0e6ab124b0c9f81f86bc22,8c503c07dc6dcdd904e948f14d270410c2fbd4d9796f8d9e08451dc34c7d4399,6943489118fc060756e24fd47685e2c10173293d54af0af7e8afa9e287c9c5f1,,,full,0.2,True
ACT + Detector,850,8000892,metaworld,False,200,0.8024832459996105,0,0,1,0,0.9899682402610779,,False,True,timeout,4186efdd7f1a10b0b260a88bbe72c5265621849f37a31d791a209502be1eb43f,8c503c07dc6dcdd904e948f14d270410c2fbd4d9796f8d9e08451dc34c7d4399,cea0b9105255f82e0ee99bfb3998a6edce02b446d4b14afb0747282cd18aa202,,,full,0.2,True
ACT + Detector,851,8000893,metaworld,True,70,0.2939861730010307,0,0,1,0,0.22205501794815063,,True,False,,8e1bc3a71c72de008144c1348d8b50dd0cefc672b630d7810632d25f163421f9,8c503c07dc6dcdd904e948f14d270410c2fbd4d9796f8d9e08451dc34c7d4399,38329c6b97bbe7d133bf007c22742dca5f0cd7258f8d7199135c6c2371ae591d,,,full,0.2,True
ACT + Detector,852,8000894,metaworld,False,200,0.7981329820031533,0,0,1,0,0.9945882558822632,,False,True,timeout,3eccebe22d38447297e32725c23880f83934e15454a4a8c64fb8092519ab21d3,8c503c07dc6dcdd904e948f14d270410c2fbd4d9796f8d9e08451dc34c7d4399,71488b32995fa40c6ec3f77f6bcd912b1929aef29d90a66307ad46cd584acf29,,,full,0.2,True
ACT + Detector,853,8000895,metaworld,True,51,0.2079479159983748,0,0,0,0,0.18696007132530212,,True,False,,89c608d9284fe8e85cac718090dfe90675a9459d6f61dcf7eeffd2796b8ef28d,8c503c07dc6dcdd904e948f14d270410c2fbd4d9796f8d9e08451dc34c7d4399,5e1df472084de78052388a34f03cad3de438ca9b5dc801b5759dd57c66a7482a,,,full,0.2,True
ACT + Detector,854,8000896,metaworld,True,56,0.22277304900126182,0,0,0,0,0.16873382031917572,,True,False,,9ebf4bc897e4543bfe2fa5b9d3635d09842bc1c66b1e42c98a26a41a4e290f85,8c503c07dc6dcdd904e948f14d270410c2fbd4d9796f8d9e08451dc34c7d4399,3183afb500ebb9a5af177cccb5b5889a8321eb35261f8ec571269f8b5ed9cd1a,,,full,0.2,True
ACT + Detector,855,8000897,metaworld,True,58,0.23617290400216007,0,0,0,0,0.15638476610183716,,True,False,,75b6ea49c36dff70ef686d59b2b354538f81556c4aacf81d0abd6ed934501842,8c503c07dc6dcdd904e948f14d270410c2fbd4d9796f8d9e08451dc34c7d4399,524e161a612d94c222d06154bcd0129d0851b8fad51ae883abbef6e86d43cbb0,,,full,0.2,True
ACT + Detector,856,8000898,metaworld,False,200,0.8062778560015431,0,0,1,0,0.9984329342842102,,False,True,timeout,fdf15d8641323ef72013f2399269716cece6c355954de3ccffdb50a5c1ad4037,8c503c07dc6dcdd904e948f14d270410c2fbd4d9796f8d9e08451dc34c7d4399,35203d16cfa98b5f2e002fcb1ffde2400abf9459c161f6a289efa0c46eddb36f,,,full,0.2,True
ACT + Detector,857,8000899,metaworld,False,200,0.8273969549991307,0,0,1,0,0.6719950437545776,,False,True,timeout,019bf77b22f30a8a8e1068bd5daba3b5704410f5038fb98b7beb21fc468af743,8c503c07dc6dcdd904e948f14d270410c2fbd4d9796f8d9e08451dc34c7d4399,c40fedd273cade53989af8adc3ca66d02f2d92ca4d97b2f6391a0dd0ab6dbca3,,,full,0.2,True
ACT + Detector,858,8000900,metaworld,False,200,0.7989794770001026,0,0,1,0,0.8182456493377686,,False,True,timeout,f9114c087b95dbca7762a633f33e48910ef471380ce60b8b922e514bb4a32dd2,8c503c07dc6dcdd904e948f14d270410c2fbd4d9796f8d9e08451dc34c7d4399,742509487aeb71d366f1ddafa1cb12db2f7cfefe17c4ca89c98cffb67c1c8619,,,full,0.2,True
ACT + Detector,859,8000901,metaworld,True,57,0.23220965799919213,0,0,1,0,0.2570524513721466,,True,False,,2095cc310e89d08632505606b15f6799522c6d06d0b769c548ba20781f2cec54,8c503c07dc6dcdd904e948f14d270410c2fbd4d9796f8d9e08451dc34c7d4399,588df85fb38ef87f822932ad2f702be807974873e4a07ea43084bbdeeaac6604,,,full,0.2,True
ACT + Detector,860,8000902,metaworld,True,55,0.22569901799943182,0,0,0,0,0.14558570086956024,,True,False,,177e6a685249f4eb1ae4267e07282462832cf7184ee1b90c0917bd2a1b3803f8,8c503c07dc6dcdd904e948f14d270410c2fbd4d9796f8d9e08451dc34c7d4399,3183afb500ebb9a5af177cccb5b5889a8321eb35261f8ec571269f8b5ed9cd1a,,,full,0.2,True
ACT + Detector,861,8000903,metaworld,True,54,0.2193345119994774,0,0,0,0,0.18160779774188995,,True,False,,8d90b48bab2c373b348b32d7cfd5d7112ec7dc83a5676cfefbf90197dd7d94e4,8c503c07dc6dcdd904e948f14d270410c2fbd4d9796f8d9e08451dc34c7d4399,6943489118fc060756e24fd47685e2c10173293d54af0af7e8afa9e287c9c5f1,,,full,0.2,True
ACT + Detector,862,8000904,metaworld,False,200,0.8163864189991727,0,0,1,0,0.9939768314361572,,False,True,timeout,95540341b961c8f2207a5bcb754bb95db31868d5769f0e1d87340b342c165ed7,8c503c07dc6dcdd904e948f14d270410c2fbd4d9796f8d9e08451dc34c7d4399,bb2c6b1aed959fa3ddddb1c215ce67cbb5b0ec080eb65fb58e06b7776849a096,,,full,0.2,True
ACT + Detector,863,8000905,metaworld,False,200,0.8088770419999491,0,0,1,0,0.9996304512023926,,False,True,timeout,8cada6e909eb15f5faaca21a606fc2ebe35767caa4c5a0fa02c208d685188629,8c503c07dc6dcdd904e948f14d270410c2fbd4d9796f8d9e08451dc34c7d4399,27e1ed8c670f23dae46752497e383610e58c248d638e3b9b707808a32ce33d4e,,,full,0.2,True
ACT + Detector,864,8000906,metaworld,False,200,0.8076099099998828,0,0,1,0,0.9872881174087524,,False,True,object_dropped,e9b7e53992b136e0066f51be022b56024b5c287bdac21a74a72695b2170e7384,8c503c07dc6dcdd904e948f14d270410c2fbd4d9796f8d9e08451dc34c7d4399,742509487aeb71d366f1ddafa1cb12db2f7cfefe17c4ca89c98cffb67c1c8619,,,full,0.2,True
ACT + Detector,865,8000907,metaworld,False,200,0.8078637830003572,0,0,1,0,0.8584721684455872,,False,True,timeout,36663ad46e66dbd7aa34e0cae2f51d5872c70fe007b4fb8b371df0334d3857e1,8c503c07dc6dcdd904e948f14d270410c2fbd4d9796f8d9e08451dc34c7d4399,39001749c902e2ab9d015efb8c7644faffff99810b709d3203dc359d5eacdcbd,,,full,0.2,True
ACT + Detector,866,8000908,metaworld,False,200,0.8114293739999994,0,0,1,0,0.596279501914978,,False,True,timeout,f747282f01cd45e3b93542bcae8458009921ed37e697fede137dac87bc74cb69,8c503c07dc6dcdd904e948f14d270410c2fbd4d9796f8d9e08451dc34c7d4399,742509487aeb71d366f1ddafa1cb12db2f7cfefe17c4ca89c98cffb67c1c8619,,,full,0.2,True
ACT + Detector,867,8000909,metaworld,True,52,0.21964934800053015,0,0,0,0,0.13293275237083435,,True,False,,b77be07027535fc3e2a63f4d8b61634f990600e1b9ac2d0b4bc073a450becf08,8c503c07dc6dcdd904e948f14d270410c2fbd4d9796f8d9e08451dc34c7d4399,56b7f182edcfeefa9301e1edd53d7f36e4418de7e6df1b54b0f0c298cde1b3cd,,,full,0.2,True
ACT + Detector,868,8000910,metaworld,False,200,0.8740484910013038,0,0,1,0,0.9848509430885315,,False,True,timeout,d9e4528b24e13e120fb99284c2b4a0e1487e40d9866b26e71c2b04aa2dc6f1a6,8c503c07dc6dcdd904e948f14d270410c2fbd4d9796f8d9e08451dc34c7d4399,0f719f94ef165c0b816b8b10c3f4f5fcf802c9f5a25141035590310315749280,,,full,0.2,True
ACT + Detector,869,8000911,metaworld,True,56,0.21852509699965594,0,0,0,0,0.09382376819849014,,True,False,,fe6481faedc730492e806ac603a6c577132effc630d5d6c3f48bfda89b4b4745,8c503c07dc6dcdd904e948f14d270410c2fbd4d9796f8d9e08451dc34c7d4399,f6a9ed9055e00c868d6771022c2c557a6a48990bdacbed585d07cde857d4755a,,,full,0.2,True
ACT + Detector,870,8000912,metaworld,True,53,0.2076932210002269,0,0,0,0,0.16842462122440338,,True,False,,b98d8612d5c3936c1707a397b07b6d588b7a48828fceaf5c36cd8511a36c320c,8c503c07dc6dcdd904e948f14d270410c2fbd4d9796f8d9e08451dc34c7d4399,5e1df472084de78052388a34f03cad3de438ca9b5dc801b5759dd57c66a7482a,,,full,0.2,True
ACT + Detector,871,8000913,metaworld,True,60,0.23383250199913164,0,0,0,0,0.12097377330064774,,True,False,,461d9a03b1dd516ed1414709a738926161a97816141de902c8876d96b7923ff7,8c503c07dc6dcdd904e948f14d270410c2fbd4d9796f8d9e08451dc34c7d4399,a0b103bf3e43f4aa92753185301eba5e2e31594285004b99f51a59b33bd2d620,,,full,0.2,True
ACT + Detector,872,8000914,metaworld,False,200,0.8024701940012164,0,0,1,0,0.9588876366615295,,False,True,timeout,48ea924c95fb5343f2250e4b889a5b800f7310017aa2b79787a773860f2db012,8c503c07dc6dcdd904e948f14d270410c2fbd4d9796f8d9e08451dc34c7d4399,504c23f653f6cdee9d659d9320b164606b319d4f0e9cdf0f3a87e2fc7a98160a,,,full,0.2,True
ACT + Detector,873,8000915,metaworld,False,200,0.7913661649981805,0,0,1,0,0.9984071850776672,,False,True,timeout,2bab1359919545c6c8d8b1ce09ec25b33ad0613e73c121e7f75ddd553635b820,8c503c07dc6dcdd904e948f14d270410c2fbd4d9796f8d9e08451dc34c7d4399,942fb6a87dc1e3eb7bf7bb111c97e7096138256b4a9a6b4c62a012fabe8bec38,,,full,0.2,True
ACT + Detector,874,8000916,metaworld,False,200,0.7726867199999106,0,0,1,0,0.999193012714386,,False,True,timeout,ac4e7f69745cf130c04f56514a93b561c0242689e07143cb4a4706d011a66e1a,8c503c07dc6dcdd904e948f14d270410c2fbd4d9796f8d9e08451dc34c7d4399,aa1f17aacdf569c3a2930a2ebbf742ff43f8d3acfc772731a5c344cabcd52570,,,full,0.2,True
ACT + Detector,875,8000917,metaworld,False,200,0.8029560539980594,0,0,1,0,0.9962009787559509,,False,True,timeout,c140e4b04a8fba52eb9ec1c6aa2ec94334a5903b90a88a18cce809b40126a07c,8c503c07dc6dcdd904e948f14d270410c2fbd4d9796f8d9e08451dc34c7d4399,64ee837add19202e84553431fdab118462cf5265eeae19a4d044b5a6818f771d,,,full,0.2,True
ACT + Detector,876,8000918,metaworld,True,61,0.2738231449984596,0,0,0,0,0.16596192121505737,,True,False,,37a841a47eaf4da1a09c241fa95c521016e7b0c70f35f4af5193a04f742067a5,8c503c07dc6dcdd904e948f14d270410c2fbd4d9796f8d9e08451dc34c7d4399,5732f26a5a3acd61cb38107328c80d8fadad8368570aba69b803668406e8f53d,,,full,0.2,True
ACT + Detector,877,8000919,metaworld,False,200,0.8264202089994797,0,0,1,0,0.8611639142036438,,False,True,timeout,f19f0435fc4c41a1955269170d95c8453e8842307ec2e29bbc545a5c527c15fb,8c503c07dc6dcdd904e948f14d270410c2fbd4d9796f8d9e08451dc34c7d4399,0cda21f8ffacf0a1e40e7b0e858a8e2ddc276972106d4bced99d4404b4a13fd8,,,full,0.2,True
ACT + Detector,878,8000920,metaworld,False,200,0.8077364529999613,0,0,1,0,0.998213529586792,,False,True,timeout,6413a416a0317a3a420e29eb9c78ad8f88235a4313fd583ec238f555ff2a04a5,8c503c07dc6dcdd904e948f14d270410c2fbd4d9796f8d9e08451dc34c7d4399,35203d16cfa98b5f2e002fcb1ffde2400abf9459c161f6a289efa0c46eddb36f,,,full,0.2,True
ACT + Detector,879,8000921,metaworld,False,200,0.7872163600004569,0,0,1,0,0.5385736227035522,,False,True,timeout,5067cdae565122700476610da3e536b18e7c871b638327b5e43abe2571c4027e,8c503c07dc6dcdd904e948f14d270410c2fbd4d9796f8d9e08451dc34c7d4399,a8cfe6e2276fbd15230c5555255b87d17333bdd29f84f687df7405d0311fae7f,,,full,0.2,True
ACT + Detector,880,8000922,metaworld,False,200,0.7897411580015614,0,0,1,0,0.9996113181114197,,False,True,object_dropped,810ad617e932b1ec987059d98c55be2f621a0df3fc0f93efccacd46b6eb87c55,8c503c07dc6dcdd904e948f14d270410c2fbd4d9796f8d9e08451dc34c7d4399,1c856fdcb5da12c3fa2d15b38741aa980fa3a47e64fb99f8635817590128f9ea,,,full,0.2,True
ACT + Detector,881,8000923,metaworld,True,49,0.2045880900004704,0,0,1,0,0.2584126889705658,,True,False,,51503d39f5491dd18ef9c53c7a766b7cb87cd263002765cca7ef59637a8414d1,8c503c07dc6dcdd904e948f14d270410c2fbd4d9796f8d9e08451dc34c7d4399,08a97a6dfa17f78b5cc5b1351d60038e4a40a68fc93722672482714333b1d9b5,,,full,0.2,True
ACT + Detector,882,8000924,metaworld,False,200,0.8178079209974385,0,0,1,0,0.5518674254417419,,False,True,timeout,7db17eb168b9ac33773648e47ad5ecfd5741256328c6fac46277c19931ead506,8c503c07dc6dcdd904e948f14d270410c2fbd4d9796f8d9e08451dc34c7d4399,08a97a6dfa17f78b5cc5b1351d60038e4a40a68fc93722672482714333b1d9b5,,,full,0.2,True
ACT + Detector,883,8000925,metaworld,True,57,0.2242917440016754,0,0,1,0,0.24104316532611847,,True,False,,06fcf120965317acfebd7f21ef14440c42294e4c11da5e1ccdbcc4d8726c44bd,8c503c07dc6dcdd904e948f14d270410c2fbd4d9796f8d9e08451dc34c7d4399,2eb279a724955c1a9d173681940490ec9cc8ed4fdc15a95533884a23d4ccdb4e,,,full,0.2,True
ACT + Detector,884,8000926,metaworld,True,60,0.23043400799724623,0,0,0,0,0.16683979332447052,,True,False,,f456444d72c34a8bd52a5419d4d7e484c2767caabc0d7e36c47a125890a20880,8c503c07dc6dcdd904e948f14d270410c2fbd4d9796f8d9e08451dc34c7d4399,1c856fdcb5da12c3fa2d15b38741aa980fa3a47e64fb99f8635817590128f9ea,,,full,0.2,True
ACT + Detector,885,8000927,metaworld,False,200,0.827713094997307,0,0,1,0,0.9954038858413696,,False,True,object_dropped,375d7e09224a2709e43842dc9163643f3eef2af8f9e0e6d7dd181b9bb1376186,8c503c07dc6dcdd904e948f14d270410c2fbd4d9796f8d9e08451dc34c7d4399,4e97203f8ce1a96cef19545d4c4c300d0de39e4f94bd1941cef7ebc3dd48be02,,,full,0.2,True
ACT + Detector,886,8000928,metaworld,True,56,0.23163225700045587,0,0,1,0,0.21253249049186707,,True,False,,28b0045afc2d86e4dfe9dcb905805a5713d538e5d89189faa4b6f6d3f3081fbb,8c503c07dc6dcdd904e948f14d270410c2fbd4d9796f8d9e08451dc34c7d4399,7c3391ee418e26d47c002810bc00065e4dd0b6728c969d2338ad549ad01ebb0a,,,full,0.2,True
ACT + Detector,887,8000929,metaworld,True,56,0.23931785500099068,0,0,0,0,0.14867599308490753,,True,False,,35ae6090012e7455db98f21f93a271aefa02df5f6f3723529e212e16c5c787f1,8c503c07dc6dcdd904e948f14d270410c2fbd4d9796f8d9e08451dc34c7d4399,4e97203f8ce1a96cef19545d4c4c300d0de39e4f94bd1941cef7ebc3dd48be02,,,full,0.2,True
ACT + Detector,888,8000930,metaworld,False,200,0.8172145289972832,0,0,1,0,0.7942903637886047,,False,True,timeout,aff716f04814888443355b0fdc9b1f858ba89f5d7fd9bf9e98195a2b8bbbe623,8c503c07dc6dcdd904e948f14d270410c2fbd4d9796f8d9e08451dc34c7d4399,08a97a6dfa17f78b5cc5b1351d60038e4a40a68fc93722672482714333b1d9b5,,,full,0.2,True
ACT + Detector,889,8000931,metaworld,True,50,0.20898892200057162,0,0,0,0,0.1336326152086258,,True,False,,5be455a2c2e7eac6f2a69864257ee82d8e4a7e587dd6e2edadc6ba87f57e3045,8c503c07dc6dcdd904e948f14d270410c2fbd4d9796f8d9e08451dc34c7d4399,56b7f182edcfeefa9301e1edd53d7f36e4418de7e6df1b54b0f0c298cde1b3cd,,,full,0.2,True
ACT + Detector,890,8000932,metaworld,True,49,0.21116925500245998,0,0,0,0,0.1637798398733139,,True,False,,2e17e5b0d5f5283e42929011e82ab93a311cfe226dfdae1ad705d9cf72dcaa1d,8c503c07dc6dcdd904e948f14d270410c2fbd4d9796f8d9e08451dc34c7d4399,2ad5907877cc42b4447b9630988e3a1f0da0d83e1f696f71e22dc69905e631b6,,,full,0.2,True
ACT + Detector,891,8000933,metaworld,False,200,0.8326450179993117,0,0,1,0,0.8807336688041687,,False,True,timeout,4f698fc3851f82fbfdf7374d88f12e0e783480a7e1573ec3e82d8b1956afbf83,8c503c07dc6dcdd904e948f14d270410c2fbd4d9796f8d9e08451dc34c7d4399,56b7f182edcfeefa9301e1edd53d7f36e4418de7e6df1b54b0f0c298cde1b3cd,,,full,0.2,True
ACT + Detector,892,8000934,metaworld,True,61,0.24846875300136162,0,0,0,0,0.13233689963817596,,True,False,,f4b58e8a6ae8c4ab6a4606f17b8a869e13919546eed9740840c6c410fe6acb69,8c503c07dc6dcdd904e948f14d270410c2fbd4d9796f8d9e08451dc34c7d4399,1c856fdcb5da12c3fa2d15b38741aa980fa3a47e64fb99f8635817590128f9ea,,,full,0.2,True
ACT + Detector,893,8000935,metaworld,False,200,0.8050088370000594,0,0,1,0,0.6217126846313477,,False,True,timeout,e4e47ed3b0f312499f87a18acd7e3846fadefe57ded9b5190d11295f7393f037,8c503c07dc6dcdd904e948f14d270410c2fbd4d9796f8d9e08451dc34c7d4399,588df85fb38ef87f822932ad2f702be807974873e4a07ea43084bbdeeaac6604,,,full,0.2,True
ACT + Detector,894,8000936,metaworld,True,60,0.24070742600088124,0,0,0,0,0.191128209233284,,True,False,,f4647ce85348fb28e151dbab666351d1ee8ef299e652f93608733ca54e88be7c,8c503c07dc6dcdd904e948f14d270410c2fbd4d9796f8d9e08451dc34c7d4399,5732f26a5a3acd61cb38107328c80d8fadad8368570aba69b803668406e8f53d,,,full,0.2,True
ACT + Detector,895,8000937,metaworld,True,57,0.22870549900108017,0,0,0,0,0.11112719774246216,,True,False,,c8903e3c04c69da3830a20ca58a6e3cf2860e228046d476d97142b7175e3de9a,8c503c07dc6dcdd904e948f14d270410c2fbd4d9796f8d9e08451dc34c7d4399,25805a097f1f4b8c203ec3c130dcd3e66b5fb3ad298114a08662aae6c86fa673,,,full,0.2,True
ACT + Detector,896,8000938,metaworld,True,55,0.2198219070014602,0,0,0,0,0.16094662249088287,,True,False,,0364e82a5b0783dfd829fd589f95a8a08e64c90e61d3e87eeac249a8e647ffb6,8c503c07dc6dcdd904e948f14d270410c2fbd4d9796f8d9e08451dc34c7d4399,48ce9609a38b32e56f7e6a43ffef71c21c8b1d17ed5a63d47701bc1dfc3ff271,,,full,0.2,True
ACT + Detector,897,8000939,metaworld,False,200,0.8135427750021336,0,0,1,0,0.9741415977478027,,False,True,timeout,ca0f8461d7f07b692c046761297d3a259d7f13d62279c5158da76f8ee0bc63df,8c503c07dc6dcdd904e948f14d270410c2fbd4d9796f8d9e08451dc34c7d4399,27e1ed8c670f23dae46752497e383610e58c248d638e3b9b707808a32ce33d4e,,,full,0.2,True
ACT + Detector,898,8000940,metaworld,False,200,0.8133954400000221,0,0,1,0,0.9997811913490295,,False,True,object_dropped,e8229c177bb687d33f4e10e61d528dbca3756f48e53fcca0ce6bd8e273613ecc,8c503c07dc6dcdd904e948f14d270410c2fbd4d9796f8d9e08451dc34c7d4399,f82ceac6f8787ac22c378edc1f141cedcc86bf9309b43f1aff6633ae0a963abb,,,full,0.2,True
ACT + Detector,899,8000941,metaworld,True,62,0.24979496199739515,0,0,0,0,0.1622641384601593,,True,False,,0598d2f2f512df1d8cc5becc14aeaff135071a6a8660e47337ebbd9f57d11798,8c503c07dc6dcdd904e948f14d270410c2fbd4d9796f8d9e08451dc34c7d4399,e216352c7f1c7392270c7c501bb599f2a46f420613a124fda0729ab88160cdf2,,,full,0.2,True
ACT + Detector,900,8000942,metaworld,True,51,0.2029369019983278,0,0,0,0,0.14186318218708038,,True,False,,3e4d19f414aece2cf8e58a8ac5097ae2e9abbeafd4a17c8f94797dd382c3cb2a,8c503c07dc6dcdd904e948f14d270410c2fbd4d9796f8d9e08451dc34c7d4399,15a9adece7ebea14bdf37f5376e274c6dce4711281025cf35060933ba9ab8ad3,,,full,0.2,True
ACT + Detector,901,8000943,metaworld,True,78,0.3209893329985789,0,0,1,0,0.3291710615158081,,True,False,,c83386164ee170fd84117b8b21a00873ca54741c89d7a863ae81edc773bd7ec8,8c503c07dc6dcdd904e948f14d270410c2fbd4d9796f8d9e08451dc34c7d4399,8a99d46d6d04afe3e2ef92bb607dde5e178b5c37506006c4f364e345976453b1,,,full,0.2,True
ACT + Detector,902,8000944,metaworld,False,200,0.8372712080017664,0,0,1,0,0.5154894590377808,,False,True,timeout,c30bfc9b93b9486cf830ca1afcdd371924b56fdfa29391bba374d9ef4ce54a57,8c503c07dc6dcdd904e948f14d270410c2fbd4d9796f8d9e08451dc34c7d4399,c40fedd273cade53989af8adc3ca66d02f2d92ca4d97b2f6391a0dd0ab6dbca3,,,full,0.2,True
ACT + Detector,903,8000945,metaworld,True,58,0.2380014860027586,0,0,0,0,0.16009169816970825,,True,False,,1f535e286c50a56f3faf2a13bd686b127ed5b99ec9f212e060138a621e5a1249,8c503c07dc6dcdd904e948f14d270410c2fbd4d9796f8d9e08451dc34c7d4399,1c856fdcb5da12c3fa2d15b38741aa980fa3a47e64fb99f8635817590128f9ea,,,full,0.2,True
ACT + Detector,904,8000946,metaworld,False,200,0.8095232090017817,0,0,1,0,0.9919306635856628,,False,True,timeout,5b9f985132a0c27d8941efdf1e7dd8630c3b69b344c05f96bd89e6eb6f90c3d3,8c503c07dc6dcdd904e948f14d270410c2fbd4d9796f8d9e08451dc34c7d4399,35aa26efb4a8651c1d8f46a573d3d4fea76add87b5c76a00531e1cea9ad04412,,,full,0.2,True
ACT + Detector,905,8000947,metaworld,True,58,0.22808985999654396,0,0,0,0,0.12329701334238052,,True,False,,69758b1812381598b1367ac321d36f917e020415f67969c6fe02e932bf800980,8c503c07dc6dcdd904e948f14d270410c2fbd4d9796f8d9e08451dc34c7d4399,48ce9609a38b32e56f7e6a43ffef71c21c8b1d17ed5a63d47701bc1dfc3ff271,,,full,0.2,True
ACT + Detector,906,8000948,metaworld,True,47,0.18771283599926392,0,0,0,0,0.1791413277387619,,True,False,,77e94579dbcc43c907e6d03d564abb76fabfdd63b728baf4686a60cbfdcff544,8c503c07dc6dcdd904e948f14d270410c2fbd4d9796f8d9e08451dc34c7d4399,e6e55bdbd77dc052facbc072d20b08a21d116978c37627b9a3d9dc7989dfbe62,,,full,0.2,True
ACT + Detector,907,8000949,metaworld,False,200,0.8102654430003895,0,0,1,0,0.9996789693832397,,False,True,timeout,6aeb082248630e6e932baefb9669d492d3ffa91f1f77d57b7911d37f95f8c9a0,8c503c07dc6dcdd904e948f14d270410c2fbd4d9796f8d9e08451dc34c7d4399,6cb8d983459a8e57d4ae53a86da2394015cabba2d7c306dcaf7b14af979ca230,,,full,0.2,True
ACT + Detector,908,8000950,metaworld,True,55,0.2255312050001521,0,0,0,0,0.1350538730621338,,True,False,,6272956a14b77b7ecee660bd45a9e861a048ca044365cb291bc22ee9af88890b,8c503c07dc6dcdd904e948f14d270410c2fbd4d9796f8d9e08451dc34c7d4399,6338b57c8983138382fa5c9ee7bb2d2c200be44368697f7ffa8216ea26ddccaf,,,full,0.2,True
ACT + Detector,909,8000951,metaworld,False,200,0.7902643909983453,0,0,1,0,0.9901458621025085,,False,True,timeout,1c65d816fd36041b4eaf6154ca658d03c27d27f6e4b725ed03530cf100885144,8c503c07dc6dcdd904e948f14d270410c2fbd4d9796f8d9e08451dc34c7d4399,aa1f17aacdf569c3a2930a2ebbf742ff43f8d3acfc772731a5c344cabcd52570,,,full,0.2,True
ACT + Detector,910,8000952,metaworld,True,54,0.21711728399895946,0,0,1,0,0.2277529090642929,,True,False,,bc20415bcd5a117b753ec329f9b3b694a7f87b578c8d73f472f41e7c09f7430a,8c503c07dc6dcdd904e948f14d270410c2fbd4d9796f8d9e08451dc34c7d4399,38329c6b97bbe7d133bf007c22742dca5f0cd7258f8d7199135c6c2371ae591d,,,full,0.2,True
ACT + Detector,911,8000953,metaworld,False,200,0.9133166090032319,0,0,1,0,0.9761156439781189,,False,True,timeout,bf0d23123adae77bae902c57132602961c45154734057bd8c600830921b4eab1,8c503c07dc6dcdd904e948f14d270410c2fbd4d9796f8d9e08451dc34c7d4399,504c23f653f6cdee9d659d9320b164606b319d4f0e9cdf0f3a87e2fc7a98160a,,,full,0.2,True
ACT + Detector,912,8000954,metaworld,True,58,0.2250817569984065,0,0,1,0,0.23512141406536102,,True,False,,4ab44534b108c9ce48733b5b64bf4e5305576a204afadb58f15f6753663165db,8c503c07dc6dcdd904e948f14d270410c2fbd4d9796f8d9e08451dc34c7d4399,6cb8d983459a8e57d4ae53a86da2394015cabba2d7c306dcaf7b14af979ca230,,,full,0.2,True
ACT + Detector,913,8000955,metaworld,False,200,0.7569470509988605,0,0,1,0,0.9791121482849121,,False,True,timeout,01405fc5e30d2627403a9f2113cb948e06d7212d43a382fdc5f07d711010fbfe,8c503c07dc6dcdd904e948f14d270410c2fbd4d9796f8d9e08451dc34c7d4399,25805a097f1f4b8c203ec3c130dcd3e66b5fb3ad298114a08662aae6c86fa673,,,full,0.2,True
ACT + Detector,914,8000956,metaworld,False,200,0.7589965659972222,0,0,1,0,0.9932916164398193,,False,True,timeout,a4a84a13e6edf2d9369bb34650ed2fb700a418dc88c97d7353d8c6f7eff98968,8c503c07dc6dcdd904e948f14d270410c2fbd4d9796f8d9e08451dc34c7d4399,bb2c6b1aed959fa3ddddb1c215ce67cbb5b0ec080eb65fb58e06b7776849a096,,,full,0.2,True
ACT + Detector,915,8000957,metaworld,False,200,0.7450917739988654,0,0,1,0,0.9985139966011047,,False,True,timeout,1c924171bdc431b73e0960436a4d8b75ce066e42493e228f49719da9e17804b8,8c503c07dc6dcdd904e948f14d270410c2fbd4d9796f8d9e08451dc34c7d4399,64ee837add19202e84553431fdab118462cf5265eeae19a4d044b5a6818f771d,,,full,0.2,True
ACT + Detector,916,8000958,metaworld,False,200,0.7781481300007727,0,0,1,0,0.8028042912483215,,False,True,object_dropped,3d9deb609b70e38da7df835c08744d6dd2238e2b28f7700748b39a6d4c9f09ec,8c503c07dc6dcdd904e948f14d270410c2fbd4d9796f8d9e08451dc34c7d4399,56b7f182edcfeefa9301e1edd53d7f36e4418de7e6df1b54b0f0c298cde1b3cd,,,full,0.2,True
ACT + Detector,917,8000959,metaworld,False,200,0.7800021439979901,0,0,1,0,0.7419251799583435,,False,True,timeout,fd01e68b0cacf5e7641192c156498d40575f02b9ba03d773f6ac1546903d5f63,8c503c07dc6dcdd904e948f14d270410c2fbd4d9796f8d9e08451dc34c7d4399,71488b32995fa40c6ec3f77f6bcd912b1929aef29d90a66307ad46cd584acf29,,,full,0.2,True
ACT + Detector,918,8000960,metaworld,False,200,0.8503261020014179,0,0,1,0,0.9997084736824036,,False,True,timeout,35cb047aee9c10e3bcccaed74826d0129c03237c830be532b06a4f5335612545,8c503c07dc6dcdd904e948f14d270410c2fbd4d9796f8d9e08451dc34c7d4399,942fb6a87dc1e3eb7bf7bb111c97e7096138256b4a9a6b4c62a012fabe8bec38,,,full,0.2,True
ACT + Detector,919,8000961,metaworld,False,200,0.7847521920011786,0,0,1,0,0.9959675073623657,,False,True,timeout,052c5d7f721c28f4ac8619b685bc14b7cbc196907637312141008bb6448e9b4a,8c503c07dc6dcdd904e948f14d270410c2fbd4d9796f8d9e08451dc34c7d4399,f82ceac6f8787ac22c378edc1f141cedcc86bf9309b43f1aff6633ae0a963abb,,,full,0.2,True
ACT + Detector,920,8000962,metaworld,False,200,0.7756987040011154,0,0,1,0,0.9995543360710144,,False,True,timeout,119a0bf01f9f4b0e87d2fdfb44e19d189cb806dfbf7041233d43b4d58ebc7d8e,8c503c07dc6dcdd904e948f14d270410c2fbd4d9796f8d9e08451dc34c7d4399,20cf3cfee33051ea4ca25b64648f05450b0068ae0136ae52c3108d28b02f3691,,,full,0.2,True
ACT + Detector,921,8000963,metaworld,False,200,0.7729103929996199,0,0,1,0,0.9998338222503662,,False,True,timeout,54dbb139b4c0151c810ec89104f3483f36f74a73be0b68e2ab73c700bd4ab545,8c503c07dc6dcdd904e948f14d270410c2fbd4d9796f8d9e08451dc34c7d4399,342b72dafe0e47ecf8a937cb01e62ac02c2d77bf93dafca59574cbbbfc4ad77b,,,full,0.2,True
ACT + Detector,922,8000964,metaworld,True,62,0.24400824699841905,0,0,0,0,0.150050550699234,,True,False,,1fbc58eea67af31d92d84bb1e026dc7913cf6d303977605858edd6d2179e22cf,8c503c07dc6dcdd904e948f14d270410c2fbd4d9796f8d9e08451dc34c7d4399,06d355d7aff3b944ab4199c02a94c63d062e5c414c0b195f7b232b607e0ab1ed,,,full,0.2,True
ACT + Detector,923,8000965,metaworld,False,200,0.7658200049991137,0,0,1,0,0.8961313962936401,,False,True,timeout,4323031f4aa75a3674c0748125b08ce5787fb3ccc218a690eef3449f1a2eb07e,8c503c07dc6dcdd904e948f14d270410c2fbd4d9796f8d9e08451dc34c7d4399,5732f26a5a3acd61cb38107328c80d8fadad8368570aba69b803668406e8f53d,,,full,0.2,True
ACT + Detector,924,8000966,metaworld,True,57,0.22155603600185714,0,0,0,0,0.1609475016593933,,True,False,,b05270a09330080af886964189351edb0f1a0df30dd554052dd1a6dafc68c9df,8c503c07dc6dcdd904e948f14d270410c2fbd4d9796f8d9e08451dc34c7d4399,524e161a612d94c222d06154bcd0129d0851b8fad51ae883abbef6e86d43cbb0,,,full,0.2,True
ACT + Detector,925,8000967,metaworld,True,55,0.21478559099705308,0,0,0,0,0.1846991628408432,,True,False,,ce52597f2a911f21deab5f64610cfc2728277aeee68b55455664503f2e7ad708,8c503c07dc6dcdd904e948f14d270410c2fbd4d9796f8d9e08451dc34c7d4399,71488b32995fa40c6ec3f77f6bcd912b1929aef29d90a66307ad46cd584acf29,,,full,0.2,True
ACT + Detector,926,8000968,metaworld,True,49,0.19126711399803753,0,0,0,0,0.1508345603942871,,True,False,,da66bffd958a98ad7bb911e852e42a94d7702fccdf3181e896d4483604948456,8c503c07dc6dcdd904e948f14d270410c2fbd4d9796f8d9e08451dc34c7d4399,56b7f182edcfeefa9301e1edd53d7f36e4418de7e6df1b54b0f0c298cde1b3cd,,,full,0.2,True
ACT + Detector,927,8000969,metaworld,False,200,0.8028843739994045,0,0,1,0,0.903425931930542,,False,True,timeout,a89d2bf2b619ede10ca2df8c364ac7194e403eda2afde820dda4efb3373add7a,8c503c07dc6dcdd904e948f14d270410c2fbd4d9796f8d9e08451dc34c7d4399,5e1df472084de78052388a34f03cad3de438ca9b5dc801b5759dd57c66a7482a,,,full,0.2,True
ACT + Detector,928,8000970,metaworld,False,200,0.7764081450004596,0,0,1,0,0.9977388381958008,,False,True,timeout,3e318834cec27fff9974f815dbfe203ee23a8f1e7cd4631b6b455759671a82fa,8c503c07dc6dcdd904e948f14d270410c2fbd4d9796f8d9e08451dc34c7d4399,06d355d7aff3b944ab4199c02a94c63d062e5c414c0b195f7b232b607e0ab1ed,,,full,0.2,True
ACT + Detector,929,8000971,metaworld,True,65,0.25666611199994804,0,0,0,0,0.19271160662174225,,True,False,,7dd8caed46cbea8536edff3a2461aec03ba91ba414847dfa2fe4e472ad8e8389,8c503c07dc6dcdd904e948f14d270410c2fbd4d9796f8d9e08451dc34c7d4399,c5023b3d25031a103b9549b6e8c83ba09d69e708ef117c31128a38e03616e5d8,,,full,0.2,True
ACT + Detector,930,8000972,metaworld,False,200,0.7772762649983633,0,0,1,0,0.9163867235183716,,False,True,timeout,e4476d7e0b68c3a439e2dbeea06db2833fde70314b895e4f587b1dfbc3ad918b,8c503c07dc6dcdd904e948f14d270410c2fbd4d9796f8d9e08451dc34c7d4399,5e1df472084de78052388a34f03cad3de438ca9b5dc801b5759dd57c66a7482a,,,full,0.2,True
ACT + Detector,931,8000973,metaworld,False,200,0.7846186089991534,0,0,1,0,0.9875375628471375,,False,True,timeout,9efc73ef8a78d76dc8b5af23b04c5212f7918e3e69a2eea3f4131e1c04451965,8c503c07dc6dcdd904e948f14d270410c2fbd4d9796f8d9e08451dc34c7d4399,bb2c6b1aed959fa3ddddb1c215ce67cbb5b0ec080eb65fb58e06b7776849a096,,,full,0.2,True
ACT + Detector,932,8000974,metaworld,True,50,0.19747118500163197,0,0,0,0,0.1768188774585724,,True,False,,b8185d4ea7f5a9442f1c4603dc1bf19accccfc60666cf1e8e9b3c07529deca50,8c503c07dc6dcdd904e948f14d270410c2fbd4d9796f8d9e08451dc34c7d4399,08a97a6dfa17f78b5cc5b1351d60038e4a40a68fc93722672482714333b1d9b5,,,full,0.2,True
ACT + Detector,933,8000975,metaworld,False,200,0.7949275259998103,0,0,1,0,0.9997001886367798,,False,True,timeout,8c4a595154633f380bb4b7a91f158043359fc49e1342ff10a9da10eade96fd6a,8c503c07dc6dcdd904e948f14d270410c2fbd4d9796f8d9e08451dc34c7d4399,3183afb500ebb9a5af177cccb5b5889a8321eb35261f8ec571269f8b5ed9cd1a,,,full,0.2,True
ACT + Detector,934,8000976,metaworld,True,102,0.40524942699994426,0,0,1,0,0.3765874207019806,,True,False,,e51eec9f172aadb81d2ff98780053f1444221b16c223a94647804c8812df75aa,8c503c07dc6dcdd904e948f14d270410c2fbd4d9796f8d9e08451dc34c7d4399,27e1ed8c670f23dae46752497e383610e58c248d638e3b9b707808a32ce33d4e,,,full,0.2,True
ACT + Detector,935,8000977,metaworld,False,200,0.8243959259998519,0,0,1,0,0.8069693446159363,,False,True,timeout,494829247b472e1bf76b8675a6b04f084dbac220865dfd4bc3045b6db13901aa,8c503c07dc6dcdd904e948f14d270410c2fbd4d9796f8d9e08451dc34c7d4399,b8e45a2f8f553d53c6eef0305347f910b9999bcae6df6ccaf0eaee6ac864e670,,,full,0.2,True
ACT + Detector,936,8000978,metaworld,True,54,0.21441256600155612,0,0,0,0,0.17370617389678955,,True,False,,58ca8721d01c7aa9e421be9e89e99600e1b9b5c7fd2c980f431920e654f59aa3,8c503c07dc6dcdd904e948f14d270410c2fbd4d9796f8d9e08451dc34c7d4399,38329c6b97bbe7d133bf007c22742dca5f0cd7258f8d7199135c6c2371ae591d,,,full,0.2,True
ACT + Detector,937,8000979,metaworld,True,53,0.22724140900027123,0,0,1,0,0.21112468838691711,,True,False,,3bd6244914b24d3205ef0f22c28cf56038f053cebe283c86479a1ce88f5c8f3c,8c503c07dc6dcdd904e948f14d270410c2fbd4d9796f8d9e08451dc34c7d4399,2ad5907877cc42b4447b9630988e3a1f0da0d83e1f696f71e22dc69905e631b6,,,full,0.2,True
ACT + Detector,938,8000980,metaworld,False,200,0.8037862380006118,0,0,1,0,0.9907929301261902,,False,True,timeout,80859810f8e01cbf1751bb23d6783533e2941974545201927c4730686d7577f1,8c503c07dc6dcdd904e948f14d270410c2fbd4d9796f8d9e08451dc34c7d4399,ba19e0623fe05add91e00811bacb33e27305f5fcb6549be6f6278ebce6046101,,,full,0.2,True
ACT + Detector,939,8000981,metaworld,True,53,0.20708107999962522,0,0,0,0,0.17289043962955475,,True,False,,1352e3be087063787a9095d1d7087b0c26b7141fb7f7d5bb0b1d3c875c09d6d7,8c503c07dc6dcdd904e948f14d270410c2fbd4d9796f8d9e08451dc34c7d4399,acfaed29b052207b47b4b7fa76672795fd08de3add8565db05f141de82ece90b,,,full,0.2,True
ACT + Detector,940,8000982,metaworld,True,59,0.23607128300136537,0,0,0,0,0.09817768633365631,,True,False,,454f718cbad3ee1ce65351569ae8f9057ae9fab8248369cc84644e07985fa897,8c503c07dc6dcdd904e948f14d270410c2fbd4d9796f8d9e08451dc34c7d4399,a8cfe6e2276fbd15230c5555255b87d17333bdd29f84f687df7405d0311fae7f,,,full,0.2,True
ACT + Detector,941,8000983,metaworld,False,200,0.7799003649997758,0,0,1,0,0.9480013251304626,,False,True,timeout,5bd325714819874a91685014345b33d09af444b576dabb05bec3eec81785862b,8c503c07dc6dcdd904e948f14d270410c2fbd4d9796f8d9e08451dc34c7d4399,38329c6b97bbe7d133bf007c22742dca5f0cd7258f8d7199135c6c2371ae591d,,,full,0.2,True
ACT + Detector,942,8000984,metaworld,True,55,0.216447769998922,0,0,0,0,0.10669625550508499,,True,False,,98d19c2452327898a0c00931cd6f7c72b1ec047b84c42f165c5367c97f1f32b6,8c503c07dc6dcdd904e948f14d270410c2fbd4d9796f8d9e08451dc34c7d4399,742509487aeb71d366f1ddafa1cb12db2f7cfefe17c4ca89c98cffb67c1c8619,,,full,0.2,True
ACT + Detector,943,8000985,metaworld,True,56,0.2210957179995603,0,0,1,0,0.20537561178207397,,True,False,,9b74c57fb383c480fe969ab56c36359b4423f7e2905238486d92ba204c9af378,8c503c07dc6dcdd904e948f14d270410c2fbd4d9796f8d9e08451dc34c7d4399,6943489118fc060756e24fd47685e2c10173293d54af0af7e8afa9e287c9c5f1,,,full,0.2,True
ACT + Detector,944,8000986,metaworld,True,49,0.19348389399965527,0,0,0,0,0.1547258347272873,,True,False,,6ff07826dafdf009cfa38ea722c1ff9a6788724cdb40493b3817c24f15f92466,8c503c07dc6dcdd904e948f14d270410c2fbd4d9796f8d9e08451dc34c7d4399,5d73f28d4d24cdbcb36a5e5cd61ec1a82f7287ce56d88da8cea912ed757b164c,,,full,0.2,True
ACT + Detector,945,8000987,metaworld,True,52,0.2029413160016702,0,0,0,0,0.1984063684940338,,True,False,,0420c0ee86d8c0c4a24a98bbe1f8bc3c1de6e4a256a346fe58a97a433ae4e199,8c503c07dc6dcdd904e948f14d270410c2fbd4d9796f8d9e08451dc34c7d4399,2eb279a724955c1a9d173681940490ec9cc8ed4fdc15a95533884a23d4ccdb4e,,,full,0.2,True
ACT + Detector,946,8000988,metaworld,True,55,0.21232755899836775,0,0,0,0,0.09972836822271347,,True,False,,847343fd92903ae8fa1619e66571e334506ba610d4a8e53ec1459cec4b5948fc,8c503c07dc6dcdd904e948f14d270410c2fbd4d9796f8d9e08451dc34c7d4399,742509487aeb71d366f1ddafa1cb12db2f7cfefe17c4ca89c98cffb67c1c8619,,,full,0.2,True
ACT + Detector,947,8000989,metaworld,False,200,0.7533858019996842,0,0,1,0,0.9995404481887817,,False,True,timeout,3e1122c71b22704030608e4812f79016fd05e4802e260316508562d8b6dbb917,8c503c07dc6dcdd904e948f14d270410c2fbd4d9796f8d9e08451dc34c7d4399,20cf3cfee33051ea4ca25b64648f05450b0068ae0136ae52c3108d28b02f3691,,,full,0.2,True
ACT + Detector,948,8000990,metaworld,True,54,0.279838695001672,0,0,0,0,0.19237111508846283,,True,False,,1548aa8de0fee19b3d237a7e8cd519157d0fe2478cacce31102a529ce1609cb0,8c503c07dc6dcdd904e948f14d270410c2fbd4d9796f8d9e08451dc34c7d4399,2eb279a724955c1a9d173681940490ec9cc8ed4fdc15a95533884a23d4ccdb4e,,,full,0.2,True
ACT + Detector,949,8000991,metaworld,True,58,0.26327771700016456,0,0,0,0,0.19056321680545807,,True,False,,792fc7bde5d98e371529e8e21789341da4901ec75b5b1a472cc9fab8fd803a37,8c503c07dc6dcdd904e948f14d270410c2fbd4d9796f8d9e08451dc34c7d4399,f6a9ed9055e00c868d6771022c2c557a6a48990bdacbed585d07cde857d4755a,,,full,0.2,True
ACT + Detector,950,8000992,metaworld,True,50,0.1930334099997708,0,0,1,0,0.26629140973091125,,True,False,,6eab8067cfd992993cadfe2b2d671289bff0f5b41bdebb6d28f2aa9f03fe48ba,8c503c07dc6dcdd904e948f14d270410c2fbd4d9796f8d9e08451dc34c7d4399,2eb279a724955c1a9d173681940490ec9cc8ed4fdc15a95533884a23d4ccdb4e,,,full,0.2,True
ACT + Detector,951,8000993,metaworld,True,53,0.20545379399845842,0,0,1,0,0.20844696462154388,,True,False,,c4591b81dd2e441bfac6cc86f5d7b17a7876e6cc018ccee2e3f3c92d1f114f35,8c503c07dc6dcdd904e948f14d270410c2fbd4d9796f8d9e08451dc34c7d4399,2eb279a724955c1a9d173681940490ec9cc8ed4fdc15a95533884a23d4ccdb4e,,,full,0.2,True
ACT + Detector,952,8000994,metaworld,True,60,0.23557506300130626,0,0,0,0,0.13066963851451874,,True,False,,b585aa8dc5b4c8f2795c0a7291b9498a36740d2f31dadfcb04e633932f769e0c,8c503c07dc6dcdd904e948f14d270410c2fbd4d9796f8d9e08451dc34c7d4399,5732f26a5a3acd61cb38107328c80d8fadad8368570aba69b803668406e8f53d,,,full,0.2,True
ACT + Detector,953,8000995,metaworld,False,200,0.7548733630028437,0,0,1,0,0.9725766777992249,,False,True,object_dropped,424b0e4f088fa08e6c0c4f5d0fcc11942afe6a7d634dd431b79097939014413e,8c503c07dc6dcdd904e948f14d270410c2fbd4d9796f8d9e08451dc34c7d4399,8a99d46d6d04afe3e2ef92bb607dde5e178b5c37506006c4f364e345976453b1,,,full,0.2,True
ACT + Detector,954,8000996,metaworld,False,200,0.7761118460002763,0,0,1,0,0.7677487730979919,,False,True,timeout,ad948e75e4b9ecbdd3156b377fb8989e3195f37a2bd5223eb39561212256c8f9,8c503c07dc6dcdd904e948f14d270410c2fbd4d9796f8d9e08451dc34c7d4399,39001749c902e2ab9d015efb8c7644faffff99810b709d3203dc359d5eacdcbd,,,full,0.2,True
ACT + Detector,955,8000997,metaworld,False,200,0.7651085010002134,0,0,1,0,0.9057295322418213,,False,True,timeout,06853ccfb10d15edb70029db7fc49bd8fe364daf4e91805acaa86907d6e9af03,8c503c07dc6dcdd904e948f14d270410c2fbd4d9796f8d9e08451dc34c7d4399,6338b57c8983138382fa5c9ee7bb2d2c200be44368697f7ffa8216ea26ddccaf,,,full,0.2,True
ACT + Detector,956,8000998,metaworld,True,57,0.22108501399998204,0,0,0,0,0.11842227727174759,,True,False,,3395fe5e56fc283f05306f1b68e3390ba6cccaf911495f6c7f7163a6384b9dc8,8c503c07dc6dcdd904e948f14d270410c2fbd4d9796f8d9e08451dc34c7d4399,f6a9ed9055e00c868d6771022c2c557a6a48990bdacbed585d07cde857d4755a,,,full,0.2,True
ACT + Detector,957,8000999,metaworld,False,200,0.7560184510002728,0,0,1,0,0.975967526435852,,False,True,timeout,0aa92a10410d244dd4047e1cf1d7515d2006ac2f29a91476637631028556f7be,8c503c07dc6dcdd904e948f14d270410c2fbd4d9796f8d9e08451dc34c7d4399,aa1f17aacdf569c3a2930a2ebbf742ff43f8d3acfc772731a5c344cabcd52570,,,full,0.2,True
ACT + Detector,958,8001000,metaworld,False,200,0.7664594529996975,0,0,1,0,0.6481925249099731,,False,True,timeout,90ea6c8978d574d9ad489fab5d7dc0950f93a02a363bfe77e6d90e713699e814,8c503c07dc6dcdd904e948f14d270410c2fbd4d9796f8d9e08451dc34c7d4399,588df85fb38ef87f822932ad2f702be807974873e4a07ea43084bbdeeaac6604,,,full,0.2,True
ACT + Detector,959,8001001,metaworld,True,55,0.20830624099835404,0,0,0,0,0.13445819914340973,,True,False,,c6da5e66e2e9d1f0ab813557ba38944babd0873529a184b87d899be2ff094842,8c503c07dc6dcdd904e948f14d270410c2fbd4d9796f8d9e08451dc34c7d4399,4e97203f8ce1a96cef19545d4c4c300d0de39e4f94bd1941cef7ebc3dd48be02,,,full,0.2,True
ACT + Detector,960,8001002,metaworld,False,200,0.7889009009995789,0,0,1,0,0.7591326832771301,,False,True,timeout,977720dd939b1f66f9f761f92e367a2b550bb380fcda778ec6b805239b2b060f,8c503c07dc6dcdd904e948f14d270410c2fbd4d9796f8d9e08451dc34c7d4399,cea0b9105255f82e0ee99bfb3998a6edce02b446d4b14afb0747282cd18aa202,,,full,0.2,True
ACT + Detector,961,8001003,metaworld,False,200,0.8253039820010599,0,0,1,0,0.9998210072517395,,False,True,timeout,6c5b03243e944351023798d454017dd327b9386453f2295a577975dec95d8798,8c503c07dc6dcdd904e948f14d270410c2fbd4d9796f8d9e08451dc34c7d4399,3183afb500ebb9a5af177cccb5b5889a8321eb35261f8ec571269f8b5ed9cd1a,,,full,0.2,True
ACT + Detector,962,8001004,metaworld,True,49,0.2087705640005879,0,0,1,0,0.21101653575897217,,True,False,,e9dedc4589d61ceb5e9124675e908c3963443def8941409b5d78e6ba87dc49f8,8c503c07dc6dcdd904e948f14d270410c2fbd4d9796f8d9e08451dc34c7d4399,08a97a6dfa17f78b5cc5b1351d60038e4a40a68fc93722672482714333b1d9b5,,,full,0.2,True
ACT + Detector,963,8001005,metaworld,False,200,0.8095419710007263,0,0,1,0,0.9988862872123718,,False,True,timeout,57830a8f0a4c158dfb73288f66c2efbce44cb8ee7b7bcc51180520e8d6bacc09,8c503c07dc6dcdd904e948f14d270410c2fbd4d9796f8d9e08451dc34c7d4399,aba21ef1c98d0573e36116c9757115227fd3793cba96aea7eda95c2547314ca3,,,full,0.2,True
ACT + Detector,964,8001006,metaworld,True,62,0.24826692500209901,0,0,0,0,0.1667620837688446,,True,False,,780c3f356dcba1ff95898c073a59e9ce3f9fdcf992722ee97b5b4c894ecdcbe6,8c503c07dc6dcdd904e948f14d270410c2fbd4d9796f8d9e08451dc34c7d4399,1c856fdcb5da12c3fa2d15b38741aa980fa3a47e64fb99f8635817590128f9ea,,,full,0.2,True
ACT + Detector,965,8001007,metaworld,False,200,0.934914048997598,0,0,1,0,0.9673882722854614,,False,True,timeout,d340ec159b58636a886da7e02720f1587439d7e78fefe4f709d668389ec767d4,8c503c07dc6dcdd904e948f14d270410c2fbd4d9796f8d9e08451dc34c7d4399,ba19e0623fe05add91e00811bacb33e27305f5fcb6549be6f6278ebce6046101,,,full,0.2,True
ACT + Detector,966,8001008,metaworld,False,200,0.8638868279995222,0,0,1,0,0.9793197512626648,,False,True,timeout,21e55bf6a5f530ca563c2f12706b40333778abcccdff129642bdf78fc4e2b81a,8c503c07dc6dcdd904e948f14d270410c2fbd4d9796f8d9e08451dc34c7d4399,2ad5907877cc42b4447b9630988e3a1f0da0d83e1f696f71e22dc69905e631b6,,,full,0.2,True
ACT + Detector,967,8001009,metaworld,False,200,0.8372092760000669,0,0,1,0,0.9911428689956665,,False,True,timeout,9c1c18ee2cace5b16aa18053db4ef4d22b74f70aa7ecf1cbf3ff2c6f6e22767c,8c503c07dc6dcdd904e948f14d270410c2fbd4d9796f8d9e08451dc34c7d4399,6943489118fc060756e24fd47685e2c10173293d54af0af7e8afa9e287c9c5f1,,,full,0.2,True
ACT + Detector,968,8001010,metaworld,False,200,0.8328418659984891,0,0,1,0,0.9987421631813049,,False,True,timeout,1698c0422a3a8dcec5ee097e52b4b03df2805c5e1179101f04b67dfa6235d4f4,8c503c07dc6dcdd904e948f14d270410c2fbd4d9796f8d9e08451dc34c7d4399,aba21ef1c98d0573e36116c9757115227fd3793cba96aea7eda95c2547314ca3,,,full,0.2,True
ACT + Detector,969,8001011,metaworld,False,200,0.8134215229983965,0,0,1,0,0.9201114177703857,,False,True,timeout,14c8a6664139e15dbc3e80caa7425c7202a3624515c9a0c424558ca3880edbf1,8c503c07dc6dcdd904e948f14d270410c2fbd4d9796f8d9e08451dc34c7d4399,6338b57c8983138382fa5c9ee7bb2d2c200be44368697f7ffa8216ea26ddccaf,,,full,0.2,True
ACT + Detector,970,8001012,metaworld,True,80,0.33297972599757486,0,0,1,0,0.40648412704467773,,True,False,,20c8daafc2d6813fffa41fbcd2e25494520a27586f45f67053b9edb7faa38285,8c503c07dc6dcdd904e948f14d270410c2fbd4d9796f8d9e08451dc34c7d4399,8a99d46d6d04afe3e2ef92bb607dde5e178b5c37506006c4f364e345976453b1,,,full,0.2,True
ACT + Detector,971,8001013,metaworld,True,51,0.20952966500044568,0,0,1,0,0.209537535905838,,True,False,,95dcd189f78a4e301d4ce106fdcee3b9c07808336fb2f68373237f108af5572f,8c503c07dc6dcdd904e948f14d270410c2fbd4d9796f8d9e08451dc34c7d4399,aa1f17aacdf569c3a2930a2ebbf742ff43f8d3acfc772731a5c344cabcd52570,,,full,0.2,True
ACT + Detector,972,8001014,metaworld,True,55,0.22968675899755908,0,0,1,0,0.2029479742050171,,True,False,,72db4932dbbe77dc654af4d4613ad7fd1dd8d7803bde824ce02234948b97107e,8c503c07dc6dcdd904e948f14d270410c2fbd4d9796f8d9e08451dc34c7d4399,f82ceac6f8787ac22c378edc1f141cedcc86bf9309b43f1aff6633ae0a963abb,,,full,0.2,True
ACT + Detector,973,8001015,metaworld,True,55,0.2278002060011204,0,0,0,0,0.13034209609031677,,True,False,,d2aae1846245f9402ff8eafe70a076049301660cea0ba772eacaf03f71b8161c,8c503c07dc6dcdd904e948f14d270410c2fbd4d9796f8d9e08451dc34c7d4399,0cda21f8ffacf0a1e40e7b0e858a8e2ddc276972106d4bced99d4404b4a13fd8,,,full,0.2,True
ACT + Detector,974,8001016,metaworld,False,200,0.8403778790016077,0,0,1,0,0.8440423011779785,,False,True,timeout,c50d18bec91e81ce8ec0c2d920aced0ba6742ec13518f5ccf3cc6e8a4971b2d1,8c503c07dc6dcdd904e948f14d270410c2fbd4d9796f8d9e08451dc34c7d4399,5e1df472084de78052388a34f03cad3de438ca9b5dc801b5759dd57c66a7482a,,,full,0.2,True
ACT + Detector,975,8001017,metaworld,False,200,0.8306719559986959,0,0,1,0,0.9769598245620728,,False,True,timeout,7ec1a3ac61d0b2eea1f380c5c5ed1831ffecbf12563d784ef69cc1a57d2154e8,8c503c07dc6dcdd904e948f14d270410c2fbd4d9796f8d9e08451dc34c7d4399,a0b103bf3e43f4aa92753185301eba5e2e31594285004b99f51a59b33bd2d620,,,full,0.2,True
ACT + Detector,976,8001018,metaworld,False,200,0.8062707950011827,0,0,1,0,0.9903990626335144,,False,True,timeout,c06c4985580bc898e81d50cfbfc52e53aa047ec283ba308fac12070d43059597,8c503c07dc6dcdd904e948f14d270410c2fbd4d9796f8d9e08451dc34c7d4399,0f719f94ef165c0b816b8b10c3f4f5fcf802c9f5a25141035590310315749280,,,full,0.2,True
ACT + Detector,977,8001019,metaworld,True,53,0.21724479499971494,0,0,0,0,0.17419587075710297,,True,False,,f9b15670e25cbedc3f7d6b306e33961be7f6127cfb69a86c3ad62c223d8e2721,8c503c07dc6dcdd904e948f14d270410c2fbd4d9796f8d9e08451dc34c7d4399,38329c6b97bbe7d133bf007c22742dca5f0cd7258f8d7199135c6c2371ae591d,,,full,0.2,True
ACT + Detector,978,8001020,metaworld,True,60,0.2494950529980997,0,0,0,0,0.18527847528457642,,True,False,,078297182f2007221eda584c979c240d85cda5f6de615f2b3101c4bacadc3ebf,8c503c07dc6dcdd904e948f14d270410c2fbd4d9796f8d9e08451dc34c7d4399,5732f26a5a3acd61cb38107328c80d8fadad8368570aba69b803668406e8f53d,,,full,0.2,True
ACT + Detector,979,8001021,metaworld,True,53,0.2176957189985842,0,0,0,0,0.15990476310253143,,True,False,,8cb0ea1b60e6aef73f550e46256e155ca16fe7a8790db746c3744d810202cf33,8c503c07dc6dcdd904e948f14d270410c2fbd4d9796f8d9e08451dc34c7d4399,588df85fb38ef87f822932ad2f702be807974873e4a07ea43084bbdeeaac6604,,,full,0.2,True
ACT + Detector,980,8001022,metaworld,True,51,0.21465497600001981,0,0,0,0,0.15405350923538208,,True,False,,69b2d337111674b540ebfb296837eabba18340fe716b0398a9c9a782b10c294b,8c503c07dc6dcdd904e948f14d270410c2fbd4d9796f8d9e08451dc34c7d4399,2ad5907877cc42b4447b9630988e3a1f0da0d83e1f696f71e22dc69905e631b6,,,full,0.2,True
ACT + Detector,981,8001023,metaworld,False,200,0.832184604001668,0,0,1,0,0.9991270899772644,,False,True,timeout,6d80372bcd595afa9927702e585086435cfdaaf3845b6ca697437aa2f45256c1,8c503c07dc6dcdd904e948f14d270410c2fbd4d9796f8d9e08451dc34c7d4399,35aa26efb4a8651c1d8f46a573d3d4fea76add87b5c76a00531e1cea9ad04412,,,full,0.2,True
ACT + Detector,982,8001024,metaworld,True,55,0.23322457800168195,0,0,1,0,0.2881844639778137,,True,False,,2f75a8f6405a8aeb41c9bce073208f65518efa83b282126eb060adbfb272601a,8c503c07dc6dcdd904e948f14d270410c2fbd4d9796f8d9e08451dc34c7d4399,f82ceac6f8787ac22c378edc1f141cedcc86bf9309b43f1aff6633ae0a963abb,,,full,0.2,True
ACT + Detector,983,8001025,metaworld,False,200,0.8160714439982257,0,0,1,0,0.9452300071716309,,False,True,timeout,2fac53e1b1361108c06d2f0588f26451260febd71c77a0cc49057522516be052,8c503c07dc6dcdd904e948f14d270410c2fbd4d9796f8d9e08451dc34c7d4399,8a99d46d6d04afe3e2ef92bb607dde5e178b5c37506006c4f364e345976453b1,,,full,0.2,True
ACT + Detector,984,8001026,metaworld,True,57,0.23453879799853894,0,0,0,0,0.1452329307794571,,True,False,,da5f900161ee49e663b261aca742d9d6769bfdc9857280826d841a428b5ee2b8,8c503c07dc6dcdd904e948f14d270410c2fbd4d9796f8d9e08451dc34c7d4399,b8e45a2f8f553d53c6eef0305347f910b9999bcae6df6ccaf0eaee6ac864e670,,,full,0.2,True
ACT + Detector,985,8001027,metaworld,False,200,0.8113013610018243,0,0,1,0,0.4220335781574249,,False,True,timeout,017750e17c2421df0e4fe40ce4fe5cc00ad8419496072ce45ba8b0de709b2b60,8c503c07dc6dcdd904e948f14d270410c2fbd4d9796f8d9e08451dc34c7d4399,c40fedd273cade53989af8adc3ca66d02f2d92ca4d97b2f6391a0dd0ab6dbca3,,,full,0.2,True
ACT + Detector,986,8001028,metaworld,False,200,0.9316852369993285,0,0,1,0,0.5551427602767944,,False,True,timeout,9365a2ffe829a0b017cb6eaddd0441fcff9193b12b82c18ec350bad7da4b9a74,8c503c07dc6dcdd904e948f14d270410c2fbd4d9796f8d9e08451dc34c7d4399,c40fedd273cade53989af8adc3ca66d02f2d92ca4d97b2f6391a0dd0ab6dbca3,,,full,0.2,True
ACT + Detector,987,8001029,metaworld,False,200,0.8667046330010635,0,0,1,0,0.9965337514877319,,False,True,object_dropped,680718ce9e5f6c842380ba06eafca56a0b3c240e5cb0927f191d48ce340833c0,8c503c07dc6dcdd904e948f14d270410c2fbd4d9796f8d9e08451dc34c7d4399,e6e55bdbd77dc052facbc072d20b08a21d116978c37627b9a3d9dc7989dfbe62,,,full,0.2,True
ACT + Detector,988,8001030,metaworld,True,59,0.31940803800171125,0,0,1,0,0.20347993075847626,,True,False,,50a48e47d37cff441db407d5c85bebaee171992ec254d0d49996c0cee7e3c95f,8c503c07dc6dcdd904e948f14d270410c2fbd4d9796f8d9e08451dc34c7d4399,06d355d7aff3b944ab4199c02a94c63d062e5c414c0b195f7b232b607e0ab1ed,,,full,0.2,True
ACT + Detector,989,8001031,metaworld,False,200,0.9692242900018755,0,0,1,0,0.556307852268219,,False,True,timeout,09239d06cca232e9e5b0102ffd96aecdc22ea4774db8038343d1e5c754799159,8c503c07dc6dcdd904e948f14d270410c2fbd4d9796f8d9e08451dc34c7d4399,b8e45a2f8f553d53c6eef0305347f910b9999bcae6df6ccaf0eaee6ac864e670,,,full,0.2,True
ACT + Detector,990,8001032,metaworld,True,56,0.30966645800072,0,0,0,0,0.1745741367340088,,True,False,,4e1cfe0837b7bf1af3636cde944f11f9abc242045a952c5e2a4da0ee36004563,8c503c07dc6dcdd904e948f14d270410c2fbd4d9796f8d9e08451dc34c7d4399,25805a097f1f4b8c203ec3c130dcd3e66b5fb3ad298114a08662aae6c86fa673,,,full,0.2,True
ACT + Detector,991,8001033,metaworld,True,54,0.21638837799764588,0,0,1,0,0.203518807888031,,True,False,,25b9642d072ccf4bb9a164a6ca3f9ca34aaa629b6a237af56004a7eece24d88c,8c503c07dc6dcdd904e948f14d270410c2fbd4d9796f8d9e08451dc34c7d4399,7c3391ee418e26d47c002810bc00065e4dd0b6728c969d2338ad549ad01ebb0a,,,full,0.2,True
ACT + Detector,992,8001034,metaworld,False,200,0.7895640410024498,0,0,1,0,0.39765018224716187,,False,True,timeout,47ae3e92147da1fac2d65db5923cb291fa5c5e8e5ce5b2518fd339adae69bfbb,8c503c07dc6dcdd904e948f14d270410c2fbd4d9796f8d9e08451dc34c7d4399,c40fedd273cade53989af8adc3ca66d02f2d92ca4d97b2f6391a0dd0ab6dbca3,,,full,0.2,True
ACT + Detector,993,8001035,metaworld,True,51,0.21401958299975377,0,0,0,0,0.15088015794754028,,True,False,,0f6b07fabbf131927aad1c0f6957c88f7ba5cb4376a64904572351ac9015647c,8c503c07dc6dcdd904e948f14d270410c2fbd4d9796f8d9e08451dc34c7d4399,15a9adece7ebea14bdf37f5376e274c6dce4711281025cf35060933ba9ab8ad3,,,full,0.2,True
ACT + Detector,994,8001036,metaworld,True,55,0.2217333009975846,0,0,0,0,0.1977822631597519,,True,False,,3f1c66114c7d72f09d8a4138e6dbd9e6d624f7cddac41d9df75d9b1163f5c383,8c503c07dc6dcdd904e948f14d270410c2fbd4d9796f8d9e08451dc34c7d4399,64ee837add19202e84553431fdab118462cf5265eeae19a4d044b5a6818f771d,,,full,0.2,True
ACT + Detector,995,8001037,metaworld,False,200,0.7931156100021326,0,0,1,0,0.8790528774261475,,False,True,timeout,186afe0a658e5074e9ceff9f3ff1139573b13a9bd4779138b9f04f782f0bd4c9,8c503c07dc6dcdd904e948f14d270410c2fbd4d9796f8d9e08451dc34c7d4399,b8e45a2f8f553d53c6eef0305347f910b9999bcae6df6ccaf0eaee6ac864e670,,,full,0.2,True
ACT + Detector,996,8001038,metaworld,True,57,0.22520938199886587,0,0,0,0,0.09063366800546646,,True,False,,498fd9abbf8eaf3603cf3133e43b9a6890961a9369fdc9fbd7a14015f4094693,8c503c07dc6dcdd904e948f14d270410c2fbd4d9796f8d9e08451dc34c7d4399,f6a9ed9055e00c868d6771022c2c557a6a48990bdacbed585d07cde857d4755a,,,full,0.2,True
ACT + Detector,997,8001039,metaworld,False,200,0.8089240519984742,0,0,1,0,0.9847590327262878,,False,True,object_dropped,54ebba5db844ab6800a5369552f454a682afa36a2c83c2b1a35573187666150d,8c503c07dc6dcdd904e948f14d270410c2fbd4d9796f8d9e08451dc34c7d4399,8a99d46d6d04afe3e2ef92bb607dde5e178b5c37506006c4f364e345976453b1,,,full,0.2,True
ACT + Detector,998,8001040,metaworld,False,200,0.8065854550004588,0,0,1,0,0.8816749453544617,,False,True,timeout,7d92bf48aab6edb9ae95189a0196cdd92cb8a9628d929eb8e00a25b16c29f44c,8c503c07dc6dcdd904e948f14d270410c2fbd4d9796f8d9e08451dc34c7d4399,8a99d46d6d04afe3e2ef92bb607dde5e178b5c37506006c4f364e345976453b1,,,full,0.2,True
ACT + Detector,999,8001041,metaworld,True,59,0.23368933799793012,0,0,1,0,0.2626291513442993,,True,False,,30e5b42498154950202ec6ba41f9f4ffa76f7911aececf2cf1b81ee090ae050b,8c503c07dc6dcdd904e948f14d270410c2fbd4d9796f8d9e08451dc34c7d4399,aa1f17aacdf569c3a2930a2ebbf742ff43f8d3acfc772731a5c344cabcd52570,,,full,0.2,True
