run_fingerprint,benchmark,condition,task_name,task_id,task_variant,method,success,intervention_count,recovery_success,steps,paired_episode_id,episode_seed,task_payload_sha256,max_failure_probability,trigger_step,attempt_count,recovery_steps_total
7d6a384ee870fb8bb67405177701bc9bd559a5cfc4d5934151269762adb939f5,MT10,official_clean,reach-v3,0,0,MT-REIM,1,0,0,48,00-0000-544af2449e9a,42,544af2449e9add2b9cd16d9f72aa365fa18c03ef5e1391e8b7a8eab1c928d2d5,0.549322783946991,-1,1,0
7d6a384ee870fb8bb67405177701bc9bd559a5cfc4d5934151269762adb939f5,MT10,official_clean,reach-v3,0,1,MT-REIM,1,0,0,57,00-0001-96a17741a324,43,96a17741a324c195de87602cf847511c415b9d2824c6debe59d90bb5118c3390,0.5089316964149475,-1,1,0
7d6a384ee870fb8bb67405177701bc9bd559a5cfc4d5934151269762adb939f5,MT10,official_clean,reach-v3,0,2,MT-REIM,1,0,0,53,00-0002-29f33b963e4e,44,29f33b963e4e54ccdb63961996af3411570838b12fc3d21e8140ae14117e60c4,0.5611072182655334,-1,1,0
7d6a384ee870fb8bb67405177701bc9bd559a5cfc4d5934151269762adb939f5,MT10,official_clean,reach-v3,0,3,MT-REIM,1,0,0,49,00-0003-46156b6a7b55,45,46156b6a7b55debfd6e0d00f920bd3b15f1d5dfe619fecccacaf360ed7f0ecde,0.5230576992034912,-1,1,0
7d6a384ee870fb8bb67405177701bc9bd559a5cfc4d5934151269762adb939f5,MT10,official_clean,reach-v3,0,4,MT-REIM,1,0,0,32,00-0004-155c6e32ef87,46,155c6e32ef873e1f5c6c6c8e741b77794e69890d9b9526cdf0b028517c5127eb,0.49795207381248474,-1,1,0
7d6a384ee870fb8bb67405177701bc9bd559a5cfc4d5934151269762adb939f5,MT10,official_clean,reach-v3,0,5,MT-REIM,1,0,0,37,00-0005-bc65f1c36808,47,bc65f1c36808c99cc648d755af1b80598c3b3c46095e98af17bd1168ad5374cc,0.5173019766807556,-1,1,0
7d6a384ee870fb8bb67405177701bc9bd559a5cfc4d5934151269762adb939f5,MT10,official_clean,reach-v3,0,6,MT-REIM,1,0,0,47,00-0006-32673d8ca346,48,32673d8ca34676987cd39ac7e2b10043d7546a805721acab0daee5a1954f9775,0.5166860818862915,-1,1,0
7d6a384ee870fb8bb67405177701bc9bd559a5cfc4d5934151269762adb939f5,MT10,official_clean,reach-v3,0,7,MT-REIM,1,0,0,44,00-0007-f6b3831b8af9,49,f6b3831b8af9412f00b31756ce7e039d7c9954d348d4b4e897c7b47a96a20b48,0.5285079479217529,-1,1,0
7d6a384ee870fb8bb67405177701bc9bd559a5cfc4d5934151269762adb939f5,MT10,official_clean,reach-v3,0,8,MT-REIM,1,0,0,51,00-0008-fcce8f48f9da,50,fcce8f48f9dadb98d71ea8cf308f4795f4cd4b8f33b0a780a11a93adbf05edd6,0.5360935926437378,-1,1,0
7d6a384ee870fb8bb67405177701bc9bd559a5cfc4d5934151269762adb939f5,MT10,official_clean,reach-v3,0,9,MT-REIM,1,0,0,55,00-0009-0e15d0c915a0,51,0e15d0c915a093aa5c6b2aa33517cacfeed694cdde89bde42cec2159d5a298d1,0.534304678440094,-1,1,0
7d6a384ee870fb8bb67405177701bc9bd559a5cfc4d5934151269762adb939f5,MT10,official_clean,reach-v3,0,10,MT-REIM,1,0,0,33,00-0010-00c1fc33dee2,52,00c1fc33dee25139e532fdde47b7a90383696695df2bba389fb813f7c51d51e6,0.5330755114555359,-1,1,0
7d6a384ee870fb8bb67405177701bc9bd559a5cfc4d5934151269762adb939f5,MT10,official_clean,reach-v3,0,11,MT-REIM,1,0,0,36,00-0011-32989476e412,53,32989476e41214d29462fa1e343ee2756f0fd57b1906ce90eddcb3dea5619acb,0.4973561763763428,-1,1,0
7d6a384ee870fb8bb67405177701bc9bd559a5cfc4d5934151269762adb939f5,MT10,official_clean,reach-v3,0,12,MT-REIM,1,0,0,36,00-0012-367fa86ddcdc,54,367fa86ddcdcb254dc5513ecf0c72c7070939d494dc6f28943b0221c90fa4da1,0.4899241030216217,-1,1,0
7d6a384ee870fb8bb67405177701bc9bd559a5cfc4d5934151269762adb939f5,MT10,official_clean,reach-v3,0,13,MT-REIM,1,0,0,49,00-0013-8fca8b340cf3,55,8fca8b340cf344cc9fb1d6587ae6fb754d55bbc57e75054ad79e370849aca5c7,0.5325801372528076,-1,1,0
7d6a384ee870fb8bb67405177701bc9bd559a5cfc4d5934151269762adb939f5,MT10,official_clean,reach-v3,0,14,MT-REIM,1,0,0,45,00-0014-8efbdac8b061,56,8efbdac8b061454bc51a54f9ab40fafd5af851d0f538bf5a90a820c5c08fbbec,0.5374271273612976,-1,1,0
7d6a384ee870fb8bb67405177701bc9bd559a5cfc4d5934151269762adb939f5,MT10,official_clean,reach-v3,0,15,MT-REIM,1,0,0,32,00-0015-9ac076b093b1,57,9ac076b093b1ff60c383b93ce9976a5fa5ee11e2b3078953f10dc3fe97004e08,0.5040867328643799,-1,1,0
7d6a384ee870fb8bb67405177701bc9bd559a5cfc4d5934151269762adb939f5,MT10,official_clean,reach-v3,0,16,MT-REIM,1,0,0,50,00-0016-9a7e9edea234,58,9a7e9edea234d83be8f1d88ad32da7ce6ff0f0f73a45db1bb53835fe96a7fc1a,0.5122035145759583,-1,1,0
7d6a384ee870fb8bb67405177701bc9bd559a5cfc4d5934151269762adb939f5,MT10,official_clean,reach-v3,0,17,MT-REIM,1,0,0,60,00-0017-2d000de5f469,59,2d000de5f4695be2c6bb916fbc2ef727dd33314ebf20166a0cf5d816d3c20aeb,0.5312601327896118,-1,1,0
7d6a384ee870fb8bb67405177701bc9bd559a5cfc4d5934151269762adb939f5,MT10,official_clean,reach-v3,0,18,MT-REIM,1,0,0,47,00-0018-9e1017c9e2e6,60,9e1017c9e2e65b00e24c58fb1d757c41fe8364ad8f7dd4ba318a9fe34dd4fbd0,0.5083815455436707,-1,1,0
7d6a384ee870fb8bb67405177701bc9bd559a5cfc4d5934151269762adb939f5,MT10,official_clean,reach-v3,0,19,MT-REIM,1,0,0,43,00-0019-d7a9f5042dbc,61,d7a9f5042dbc70fcfc338aeb87113e63e2f3113f942a5d2877e119e1793b6b47,0.5168547630310059,-1,1,0
7d6a384ee870fb8bb67405177701bc9bd559a5cfc4d5934151269762adb939f5,MT10,official_clean,reach-v3,0,20,MT-REIM,1,0,0,47,00-0020-f07c6b8dc0c3,62,f07c6b8dc0c3b61f214c4be556f2b886b9585eb816a63d357c261996bd41dbc6,0.5042804479598999,-1,1,0
7d6a384ee870fb8bb67405177701bc9bd559a5cfc4d5934151269762adb939f5,MT10,official_clean,reach-v3,0,21,MT-REIM,1,0,0,61,00-0021-8c1a3709a842,63,8c1a3709a842eb814e043eef45c607962898529928a1340e586a744e3c621b3e,0.5051029920578003,-1,1,0
7d6a384ee870fb8bb67405177701bc9bd559a5cfc4d5934151269762adb939f5,MT10,official_clean,reach-v3,0,22,MT-REIM,1,0,0,58,00-0022-136be52a4a66,64,136be52a4a6684e35c7336e0ef31eb5fa23bb02583e4beea95b0f8757b0c3fa5,0.5423791408538818,-1,1,0
7d6a384ee870fb8bb67405177701bc9bd559a5cfc4d5934151269762adb939f5,MT10,official_clean,reach-v3,0,23,MT-REIM,1,0,0,41,00-0023-d6e5b19eefe8,65,d6e5b19eefe8292b0616319e0e58c81ae20ad8ff750061c6690dc59e5c2f9051,0.5070332288742065,-1,1,0
7d6a384ee870fb8bb67405177701bc9bd559a5cfc4d5934151269762adb939f5,MT10,official_clean,reach-v3,0,24,MT-REIM,1,0,0,46,00-0024-84b3e62f79b7,66,84b3e62f79b7c98c5969d92a9c9394e5ebfd2cd0d2e6956587323c89ffe1a0d0,0.5505810379981995,-1,1,0
7d6a384ee870fb8bb67405177701bc9bd559a5cfc4d5934151269762adb939f5,MT10,official_clean,reach-v3,0,25,MT-REIM,1,0,0,47,00-0025-d240ac98a595,67,d240ac98a595214369be21d966e42d2d0736d9831569833c43b9022b9487cfa4,0.510116457939148,-1,1,0
7d6a384ee870fb8bb67405177701bc9bd559a5cfc4d5934151269762adb939f5,MT10,official_clean,reach-v3,0,26,MT-REIM,1,0,0,48,00-0026-797855f29002,68,797855f290026c3832ab9e446559f29f15f852e449746f35c71f959606421d85,0.5401312708854675,-1,1,0
7d6a384ee870fb8bb67405177701bc9bd559a5cfc4d5934151269762adb939f5,MT10,official_clean,reach-v3,0,27,MT-REIM,1,0,0,36,00-0027-81236adb20c0,69,81236adb20c05dbb1b876b2f2eb550de66aebdfe5ee779d51757447bc1541f17,0.5169965624809265,-1,1,0
7d6a384ee870fb8bb67405177701bc9bd559a5cfc4d5934151269762adb939f5,MT10,official_clean,reach-v3,0,28,MT-REIM,1,0,0,57,00-0028-1365e77e6b61,70,1365e77e6b61320c338781372bd18ae72c4a74fbf79d1f7f8baa8a0e0b7471d8,0.5153989791870117,-1,1,0
7d6a384ee870fb8bb67405177701bc9bd559a5cfc4d5934151269762adb939f5,MT10,official_clean,reach-v3,0,29,MT-REIM,0,0,0,500,00-0029-5d016203e179,71,5d016203e1792bfb0634975ed9620e6e7bdcd5e841b75b05accc572a4a02eb86,0.6146515607833862,-1,1,0
7d6a384ee870fb8bb67405177701bc9bd559a5cfc4d5934151269762adb939f5,MT10,official_clean,reach-v3,0,30,MT-REIM,1,0,0,54,00-0030-8d9235b8b7cf,72,8d9235b8b7cf2a6f9d7039c68175761b712e13bf2406c82dd3cc1f23c6667569,0.5299041867256165,-1,1,0
7d6a384ee870fb8bb67405177701bc9bd559a5cfc4d5934151269762adb939f5,MT10,official_clean,reach-v3,0,31,MT-REIM,1,0,0,42,00-0031-aa034019c6d4,73,aa034019c6d4492e9f0bbfc4f67b9dc3a8805b53e114e6ce486a0f5108fbddd2,0.5003873109817505,-1,1,0
7d6a384ee870fb8bb67405177701bc9bd559a5cfc4d5934151269762adb939f5,MT10,official_clean,reach-v3,0,32,MT-REIM,1,0,0,46,00-0032-ee007e92bdf0,74,ee007e92bdf076dd2769825622d1b07a981eb864c09e197c15d1b794680931ec,0.5027424097061157,-1,1,0
7d6a384ee870fb8bb67405177701bc9bd559a5cfc4d5934151269762adb939f5,MT10,official_clean,reach-v3,0,33,MT-REIM,1,0,0,34,00-0033-fa7153fb0fd4,75,fa7153fb0fd48800b699849a5b04c03b870b8896eb76e4b83a24cb2baa121fe6,0.5098010301589966,-1,1,0
7d6a384ee870fb8bb67405177701bc9bd559a5cfc4d5934151269762adb939f5,MT10,official_clean,reach-v3,0,34,MT-REIM,1,0,0,46,00-0034-d43949f70347,76,d43949f70347aa0675a2684300272bb9973f6450579f9db3605bb812669e4133,0.5481467247009277,-1,1,0
7d6a384ee870fb8bb67405177701bc9bd559a5cfc4d5934151269762adb939f5,MT10,official_clean,reach-v3,0,35,MT-REIM,1,0,0,58,00-0035-cbbfd58f1253,77,cbbfd58f12534f2fa316366fbf486d1a5c1765340395b4c263e4030e17a45bc7,0.5173990726470947,-1,1,0
7d6a384ee870fb8bb67405177701bc9bd559a5cfc4d5934151269762adb939f5,MT10,official_clean,reach-v3,0,36,MT-REIM,1,0,0,47,00-0036-61597ec2c2fd,78,61597ec2c2fd5af0413fc40cf80d84b9a0459bc69c37cb5289516925f33546ac,0.5123476386070251,-1,1,0
7d6a384ee870fb8bb67405177701bc9bd559a5cfc4d5934151269762adb939f5,MT10,official_clean,reach-v3,0,37,MT-REIM,1,0,0,36,00-0037-843dc86b0324,79,843dc86b03249cb1f8d7bc8989a5856c8ca36e26a4acc936d56c807686447e94,0.48761191964149475,-1,1,0
7d6a384ee870fb8bb67405177701bc9bd559a5cfc4d5934151269762adb939f5,MT10,official_clean,reach-v3,0,38,MT-REIM,1,0,0,48,00-0038-f2a5a7389f7a,80,f2a5a7389f7aa2ad67997a40dd2e3731c7002ff547fdb131a72aa127e2c4d1cf,0.5157376527786255,-1,1,0
7d6a384ee870fb8bb67405177701bc9bd559a5cfc4d5934151269762adb939f5,MT10,official_clean,reach-v3,0,39,MT-REIM,1,0,0,32,00-0039-2364b42f8deb,81,2364b42f8deb0cbed6db9e347ce32d043f9b2cd9ef8361a5afe7546336c8d9f2,0.516079306602478,-1,1,0
7d6a384ee870fb8bb67405177701bc9bd559a5cfc4d5934151269762adb939f5,MT10,official_clean,reach-v3,0,40,MT-REIM,1,0,0,38,00-0040-c39abb06dd91,82,c39abb06dd91a7829b42daa21308ee0a5c27f7a52484e65893c77d198fb441d3,0.50544673204422,-1,1,0
7d6a384ee870fb8bb67405177701bc9bd559a5cfc4d5934151269762adb939f5,MT10,official_clean,reach-v3,0,41,MT-REIM,1,0,0,55,00-0041-0e7f737201af,83,0e7f737201af51cd1a5a4d6acde2f5bf72d2ec0b18ffb28d21c38a45ecc66d4c,0.5034158229827881,-1,1,0
7d6a384ee870fb8bb67405177701bc9bd559a5cfc4d5934151269762adb939f5,MT10,official_clean,reach-v3,0,42,MT-REIM,1,0,0,42,00-0042-70e9e1982d85,84,70e9e1982d85fbc6e1aa7a26bd69ececfc5cfe4e73cc58d7d5d96eb5bb9908c1,0.5128289461135864,-1,1,0
7d6a384ee870fb8bb67405177701bc9bd559a5cfc4d5934151269762adb939f5,MT10,official_clean,reach-v3,0,43,MT-REIM,1,0,0,32,00-0043-394b7aa22daf,85,394b7aa22daf5bfc58a65e46d96ded2d526e2a021327d56d5599e773b41ce9b1,0.5069882273674011,-1,1,0
7d6a384ee870fb8bb67405177701bc9bd559a5cfc4d5934151269762adb939f5,MT10,official_clean,reach-v3,0,44,MT-REIM,1,0,0,52,00-0044-88406cc3ccd4,86,88406cc3ccd48ca719c611a9739599e1da09d0eacd0c313710bb1675bcbd7109,0.5357376337051392,-1,1,0
7d6a384ee870fb8bb67405177701bc9bd559a5cfc4d5934151269762adb939f5,MT10,official_clean,reach-v3,0,45,MT-REIM,1,0,0,46,00-0045-66c84db98a78,87,66c84db98a7856455aa7899bb16cd1674a42c2f7e506c8afa8c657aede110ff6,0.5189235806465149,-1,1,0
7d6a384ee870fb8bb67405177701bc9bd559a5cfc4d5934151269762adb939f5,MT10,official_clean,reach-v3,0,46,MT-REIM,1,0,0,70,00-0046-ea36d3e10220,88,ea36d3e10220da50f318d689617ae19c3adbcc82eea89ba260b23fa393e7eaa0,0.5416291356086731,-1,1,0
7d6a384ee870fb8bb67405177701bc9bd559a5cfc4d5934151269762adb939f5,MT10,official_clean,reach-v3,0,47,MT-REIM,1,0,0,55,00-0047-c08bcd93628f,89,c08bcd93628f986c0dfe1f33af874de4d95cebecddc200c39d6cd0336d2cbbca,0.5293174982070923,-1,1,0
7d6a384ee870fb8bb67405177701bc9bd559a5cfc4d5934151269762adb939f5,MT10,official_clean,reach-v3,0,48,MT-REIM,1,0,0,44,00-0048-697e14447bf4,90,697e14447bf486ba187acb780c342e9dacb8962143e81e406b84525388c8977e,0.5104455947875977,-1,1,0
7d6a384ee870fb8bb67405177701bc9bd559a5cfc4d5934151269762adb939f5,MT10,official_clean,reach-v3,0,49,MT-REIM,1,0,0,52,00-0049-d48a5ce69638,91,d48a5ce6963809f59bc10f413194db4b25cd982a2e9e96cf0386a5ce0b0984db,0.5345758199691772,-1,1,0
7d6a384ee870fb8bb67405177701bc9bd559a5cfc4d5934151269762adb939f5,MT10,official_clean,push-v3,1,0,MT-REIM,1,0,0,66,01-0000-2025daed0bc6,100042,2025daed0bc6ecfe2628201ebf64d251595a2f5f25dd9afe64a89d1738a0b9e2,0.473400741815567,-1,1,0
7d6a384ee870fb8bb67405177701bc9bd559a5cfc4d5934151269762adb939f5,MT10,official_clean,push-v3,1,1,MT-REIM,1,0,0,56,01-0001-5d12101231e4,100043,5d12101231e4d2ff6f1a5ea37649c33687584f845459034cd84c2f2dfdd55446,0.44790276885032654,-1,1,0
7d6a384ee870fb8bb67405177701bc9bd559a5cfc4d5934151269762adb939f5,MT10,official_clean,push-v3,1,2,MT-REIM,1,0,0,55,01-0002-54231d12bd66,100044,54231d12bd668977d671a9f5f719ad7c25d14ae9d5ef553f4e7e3d2ac71bc8a3,0.4287813901901245,-1,1,0
7d6a384ee870fb8bb67405177701bc9bd559a5cfc4d5934151269762adb939f5,MT10,official_clean,push-v3,1,3,MT-REIM,1,0,0,64,01-0003-2902c6755384,100045,2902c6755384f42355fda7c198795f615069366cc4ba84d126886a5286918609,0.4389108121395111,-1,1,0
7d6a384ee870fb8bb67405177701bc9bd559a5cfc4d5934151269762adb939f5,MT10,official_clean,push-v3,1,4,MT-REIM,1,0,0,55,01-0004-c0932f6c62d5,100046,c0932f6c62d564dab89133a132ed309a682bd7a5df2a25e1e9357e0fd57d4130,0.4442985951900482,-1,1,0
7d6a384ee870fb8bb67405177701bc9bd559a5cfc4d5934151269762adb939f5,MT10,official_clean,push-v3,1,5,MT-REIM,1,0,0,66,01-0005-de74d60b9a4e,100047,de74d60b9a4ec8786cd9dea397f51552c1499edc2cdb10fab86ded9661e98225,0.4245675802230835,-1,1,0
7d6a384ee870fb8bb67405177701bc9bd559a5cfc4d5934151269762adb939f5,MT10,official_clean,push-v3,1,6,MT-REIM,1,0,0,53,01-0006-b28559109b8a,100048,b28559109b8afae29f0c1df3cb17799f93784e37a9a7415290ab5021c6edbbab,0.45560434460639954,-1,1,0
7d6a384ee870fb8bb67405177701bc9bd559a5cfc4d5934151269762adb939f5,MT10,official_clean,push-v3,1,7,MT-REIM,1,0,0,65,01-0007-b2d2be3e5f87,100049,b2d2be3e5f87c8a008d998444c0aaaa9ad0a2afc6b4c48bb05b425a129b94625,0.445678174495697,-1,1,0
7d6a384ee870fb8bb67405177701bc9bd559a5cfc4d5934151269762adb939f5,MT10,official_clean,push-v3,1,8,MT-REIM,1,0,0,75,01-0008-4e2fa65b29f5,100050,4e2fa65b29f5db0f4f433b36f792657f45e83dddd0953f41999e2e57e785925d,0.44462716579437256,-1,1,0
7d6a384ee870fb8bb67405177701bc9bd559a5cfc4d5934151269762adb939f5,MT10,official_clean,push-v3,1,9,MT-REIM,1,0,0,64,01-0009-fd57ddadd7a4,100051,fd57ddadd7a41653b7a3d551ce1c1ca8ab4a98f67d5d6fb529414218db028f1e,0.43302783370018005,-1,1,0
7d6a384ee870fb8bb67405177701bc9bd559a5cfc4d5934151269762adb939f5,MT10,official_clean,push-v3,1,10,MT-REIM,1,0,0,61,01-0010-e3a9cf3e1ab2,100052,e3a9cf3e1ab2408e2b3cd1427e0d05eb4f01bf2085c11957158ddd81bb1167dc,0.43717196583747864,-1,1,0
7d6a384ee870fb8bb67405177701bc9bd559a5cfc4d5934151269762adb939f5,MT10,official_clean,push-v3,1,11,MT-REIM,1,0,0,70,01-0011-8ed76ef179aa,100053,8ed76ef179aaa80be636655cec0f74dd224ef59dee1fbda91e739137f6cbd748,0.4599023461341858,-1,1,0
7d6a384ee870fb8bb67405177701bc9bd559a5cfc4d5934151269762adb939f5,MT10,official_clean,push-v3,1,12,MT-REIM,1,0,0,60,01-0012-9c91f73d0571,100054,9c91f73d0571f84afdfeff6235d4d03aa9f59ac2c9476b00e698e61d683d2488,0.434247761964798,-1,1,0
7d6a384ee870fb8bb67405177701bc9bd559a5cfc4d5934151269762adb939f5,MT10,official_clean,push-v3,1,13,MT-REIM,1,0,0,58,01-0013-33f062c4feb7,100055,33f062c4feb76806722072cb46c8edb09ba4a01954e4bfd29f4aa62cb3e07f55,0.47180840373039246,-1,1,0
7d6a384ee870fb8bb67405177701bc9bd559a5cfc4d5934151269762adb939f5,MT10,official_clean,push-v3,1,14,MT-REIM,1,0,0,47,01-0014-d8edf5eee1e5,100056,d8edf5eee1e5318e9d5f7ecaec974285f9374317bb975fe475bc04a31bc2c50c,0.43877655267715454,-1,1,0
7d6a384ee870fb8bb67405177701bc9bd559a5cfc4d5934151269762adb939f5,MT10,official_clean,push-v3,1,15,MT-REIM,1,0,0,65,01-0015-84be35430246,100057,84be3543024617bd95a4fe1e49e592844d9387a5368fc69364d0c72ff28df8f0,0.43532276153564453,-1,1,0
7d6a384ee870fb8bb67405177701bc9bd559a5cfc4d5934151269762adb939f5,MT10,official_clean,push-v3,1,16,MT-REIM,1,0,0,59,01-0016-aac41bc36b2e,100058,aac41bc36b2e3129ea35ae1285a7dd8e78ca98cb64ba8e413a9990a467923302,0.44965505599975586,-1,1,0
7d6a384ee870fb8bb67405177701bc9bd559a5cfc4d5934151269762adb939f5,MT10,official_clean,push-v3,1,17,MT-REIM,1,0,0,53,01-0017-6b8e083b1fb4,100059,6b8e083b1fb497f765f0015e58bb62407cda22edbac8d0d1a9788e0252f88695,0.43246203660964966,-1,1,0
7d6a384ee870fb8bb67405177701bc9bd559a5cfc4d5934151269762adb939f5,MT10,official_clean,push-v3,1,18,MT-REIM,1,0,0,62,01-0018-b1bb657172df,100060,b1bb657172dfa0aaccd41ceb2863e9724ef64ee51316c9d108986a2debd19034,0.4158220589160919,-1,1,0
7d6a384ee870fb8bb67405177701bc9bd559a5cfc4d5934151269762adb939f5,MT10,official_clean,push-v3,1,19,MT-REIM,1,0,0,70,01-0019-91ebe5838495,100061,91ebe58384959dfe56946715adfe841b4697ab640029ff327fcca64919c3ae65,0.4563916325569153,-1,1,0
7d6a384ee870fb8bb67405177701bc9bd559a5cfc4d5934151269762adb939f5,MT10,official_clean,push-v3,1,20,MT-REIM,1,0,0,57,01-0020-586074f7f884,100062,586074f7f884e4d6830a357a0c927e56df2292345c7cd51e913e552568d514c3,0.4416746497154236,-1,1,0
7d6a384ee870fb8bb67405177701bc9bd559a5cfc4d5934151269762adb939f5,MT10,official_clean,push-v3,1,21,MT-REIM,1,0,0,57,01-0021-2ea9fb55097a,100063,2ea9fb55097a5fc1f9e22b6b6523abfb6401b701e8bf006bf2258e249482cf34,0.42295965552330017,-1,1,0
7d6a384ee870fb8bb67405177701bc9bd559a5cfc4d5934151269762adb939f5,MT10,official_clean,push-v3,1,22,MT-REIM,1,0,0,58,01-0022-ab2b79ccd297,100064,ab2b79ccd29762741ef7db334a6b1ed890bb2958643cb8cd959adcf5bf9c263f,0.43540284037590027,-1,1,0
7d6a384ee870fb8bb67405177701bc9bd559a5cfc4d5934151269762adb939f5,MT10,official_clean,push-v3,1,23,MT-REIM,1,0,0,64,01-0023-0a6a3bd5d672,100065,0a6a3bd5d672ea0a496b9f367100659c60bfce7c0d82ae67c6e017f140a2e44f,0.42567381262779236,-1,1,0
7d6a384ee870fb8bb67405177701bc9bd559a5cfc4d5934151269762adb939f5,MT10,official_clean,push-v3,1,24,MT-REIM,1,0,0,55,01-0024-051fd12aa98b,100066,051fd12aa98b42f50f72a6556f03c6f43327945372daf66e4f353a8503c9952f,0.4648374915122986,-1,1,0
7d6a384ee870fb8bb67405177701bc9bd559a5cfc4d5934151269762adb939f5,MT10,official_clean,push-v3,1,25,MT-REIM,1,0,0,57,01-0025-fcf992aaa7dc,100067,fcf992aaa7dcd95725cf296a20f6f6b2c36e6a7ca2804d6fbf80445318e8343b,0.43475934863090515,-1,1,0
7d6a384ee870fb8bb67405177701bc9bd559a5cfc4d5934151269762adb939f5,MT10,official_clean,push-v3,1,26,MT-REIM,1,0,0,58,01-0026-441bb40b4f96,100068,441bb40b4f965f91aaa055f5b0cb55eb6beda6b377827799381b4d2f92b5354d,0.4434494972229004,-1,1,0
7d6a384ee870fb8bb67405177701bc9bd559a5cfc4d5934151269762adb939f5,MT10,official_clean,push-v3,1,27,MT-REIM,1,0,0,55,01-0027-b96c1b963fee,100069,b96c1b963feea0c54311a838a299768e95e5135a5b8b1173e10fb61bfb62fa23,0.47148430347442627,-1,1,0
7d6a384ee870fb8bb67405177701bc9bd559a5cfc4d5934151269762adb939f5,MT10,official_clean,push-v3,1,28,MT-REIM,1,0,0,57,01-0028-687108ecbaf6,100070,687108ecbaf61cc8ea407f2d59d12712793ce2fd8a9fa5b5fef8be11a85e772c,0.44932448863983154,-1,1,0
7d6a384ee870fb8bb67405177701bc9bd559a5cfc4d5934151269762adb939f5,MT10,official_clean,push-v3,1,29,MT-REIM,1,0,0,54,01-0029-63c5070445cf,100071,63c5070445cfee62e7bfeec4622271439ede81ec53dd8c3d24959d19585029a6,0.45382940769195557,-1,1,0
7d6a384ee870fb8bb67405177701bc9bd559a5cfc4d5934151269762adb939f5,MT10,official_clean,push-v3,1,30,MT-REIM,1,0,0,63,01-0030-fb1e1ee36ac4,100072,fb1e1ee36ac4a348e5de83a111206e7de7a22fe961d0b550229a7f0672951eba,0.47104591131210327,-1,1,0
7d6a384ee870fb8bb67405177701bc9bd559a5cfc4d5934151269762adb939f5,MT10,official_clean,push-v3,1,31,MT-REIM,1,0,0,60,01-0031-3082bc335e48,100073,3082bc335e4848642c8d478c5c0d007f92710ed27d7bcd420bb890de4d4410df,0.4321228563785553,-1,1,0
7d6a384ee870fb8bb67405177701bc9bd559a5cfc4d5934151269762adb939f5,MT10,official_clean,push-v3,1,32,MT-REIM,1,0,0,65,01-0032-cf708c83c77d,100074,cf708c83c77db888276f967943c3f9c3ef6e8dbce58e574cb8843e4321635ea0,0.44594067335128784,-1,1,0
7d6a384ee870fb8bb67405177701bc9bd559a5cfc4d5934151269762adb939f5,MT10,official_clean,push-v3,1,33,MT-REIM,1,0,0,64,01-0033-e272314dad5d,100075,e272314dad5d99a7443c53c55652dd6682acafd7337abb3ae3e7b76fdfdb3307,0.43250858783721924,-1,1,0
7d6a384ee870fb8bb67405177701bc9bd559a5cfc4d5934151269762adb939f5,MT10,official_clean,push-v3,1,34,MT-REIM,1,0,0,77,01-0034-76dd6cf1857f,100076,76dd6cf1857fff4eea3e6f35c9eaa351c405ead03823d449df02f3514eba0e69,0.4559033513069153,-1,1,0
7d6a384ee870fb8bb67405177701bc9bd559a5cfc4d5934151269762adb939f5,MT10,official_clean,push-v3,1,35,MT-REIM,1,0,0,58,01-0035-2d251eb80ea0,100077,2d251eb80ea0b73529f1879319ed32787b1509b0d3652e6f2acf0cf7e1ef16a3,0.4462614357471466,-1,1,0
7d6a384ee870fb8bb67405177701bc9bd559a5cfc4d5934151269762adb939f5,MT10,official_clean,push-v3,1,36,MT-REIM,1,0,0,63,01-0036-445c80d40225,100078,445c80d4022519003d649694024eed7276ee8cb0c184a424bf01c1de24e3d2a6,0.44187045097351074,-1,1,0
7d6a384ee870fb8bb67405177701bc9bd559a5cfc4d5934151269762adb939f5,MT10,official_clean,push-v3,1,37,MT-REIM,1,0,0,57,01-0037-31655d067a94,100079,31655d067a94a40b6d0550c1ad260c857596a90986c3c1e65c461680ba3fe48f,0.4405282139778137,-1,1,0
7d6a384ee870fb8bb67405177701bc9bd559a5cfc4d5934151269762adb939f5,MT10,official_clean,push-v3,1,38,MT-REIM,1,0,0,63,01-0038-bbaeb2c37041,100080,bbaeb2c3704136ce32e4f337c0d0c3d2ba07e2882892a177213b28fc54d95d88,0.4634353518486023,-1,1,0
7d6a384ee870fb8bb67405177701bc9bd559a5cfc4d5934151269762adb939f5,MT10,official_clean,push-v3,1,39,MT-REIM,1,0,0,61,01-0039-37df6a145275,100081,37df6a145275967f75dfdb65138184d9153093b3bcbb30e0cb3607a693d4286a,0.4188023507595062,-1,1,0
7d6a384ee870fb8bb67405177701bc9bd559a5cfc4d5934151269762adb939f5,MT10,official_clean,push-v3,1,40,MT-REIM,1,0,0,60,01-0040-d6afc8852bed,100082,d6afc8852bed46007f618a21dc1834c7762e588b20bca81dc5d09ce06b1eb801,0.429958313703537,-1,1,0
7d6a384ee870fb8bb67405177701bc9bd559a5cfc4d5934151269762adb939f5,MT10,official_clean,push-v3,1,41,MT-REIM,1,0,0,68,01-0041-30fac26bf41a,100083,30fac26bf41a35bd02797d1204b6cb51107097013e846a8b2b6471da0a62bc41,0.4213903844356537,-1,1,0
7d6a384ee870fb8bb67405177701bc9bd559a5cfc4d5934151269762adb939f5,MT10,official_clean,push-v3,1,42,MT-REIM,1,0,0,59,01-0042-ee873e3bb6b9,100084,ee873e3bb6b98807be147a8e0cdc7963bb810603ba352b9b900677d29a49687d,0.44954949617385864,-1,1,0
7d6a384ee870fb8bb67405177701bc9bd559a5cfc4d5934151269762adb939f5,MT10,official_clean,push-v3,1,43,MT-REIM,1,0,0,64,01-0043-ddcfa101c715,100085,ddcfa101c71557f4675cbd0ac489ed6f3eddec5084806fc973136a10f9a7e1ca,0.42042094469070435,-1,1,0
7d6a384ee870fb8bb67405177701bc9bd559a5cfc4d5934151269762adb939f5,MT10,official_clean,push-v3,1,44,MT-REIM,1,0,0,57,01-0044-be500d706a7e,100086,be500d706a7e1c6be6e3c9bf9aaeb080a75e5a601ca4aa48f046b69f0470f2c3,0.4518316984176636,-1,1,0
7d6a384ee870fb8bb67405177701bc9bd559a5cfc4d5934151269762adb939f5,MT10,official_clean,push-v3,1,45,MT-REIM,1,0,0,70,01-0045-a747356c015a,100087,a747356c015ad6b77e6c360c5a49cb6ad77f8a939ec5cf070c48f0cc708045ec,0.43017488718032837,-1,1,0
7d6a384ee870fb8bb67405177701bc9bd559a5cfc4d5934151269762adb939f5,MT10,official_clean,push-v3,1,46,MT-REIM,1,0,0,68,01-0046-6ea2b5d1dd57,100088,6ea2b5d1dd57bc1ca1933302f0c7f3cec553630e32a5220098d751201cfe19bb,0.45668378472328186,-1,1,0
7d6a384ee870fb8bb67405177701bc9bd559a5cfc4d5934151269762adb939f5,MT10,official_clean,push-v3,1,47,MT-REIM,1,0,0,56,01-0047-110f5eb17112,100089,110f5eb17112981daa304c074ff1a7eebd0cd42012279797e67bcf2579f4cf8d,0.43391504883766174,-1,1,0
7d6a384ee870fb8bb67405177701bc9bd559a5cfc4d5934151269762adb939f5,MT10,official_clean,push-v3,1,48,MT-REIM,1,0,0,59,01-0048-2f5adc212471,100090,2f5adc21247131ec22f18371be3f0d11fdd65c5bd3d7f2798ebcd32dc2eed4b1,0.4359543025493622,-1,1,0
7d6a384ee870fb8bb67405177701bc9bd559a5cfc4d5934151269762adb939f5,MT10,official_clean,push-v3,1,49,MT-REIM,1,0,0,65,01-0049-343d3986e8e7,100091,343d3986e8e771d44bdc63f47cd328f2f87a8fe706200fac0850f1aaebd93c8e,0.4470219016075134,-1,1,0
7d6a384ee870fb8bb67405177701bc9bd559a5cfc4d5934151269762adb939f5,MT10,official_clean,pick-place-v3,2,0,MT-REIM,1,0,0,60,02-0000-9df42786b8a5,200042,9df42786b8a5c543e09de9b4d9abe487b593555ce8892792d231dcab0577b905,0.44871899485588074,-1,1,0
7d6a384ee870fb8bb67405177701bc9bd559a5cfc4d5934151269762adb939f5,MT10,official_clean,pick-place-v3,2,1,MT-REIM,1,0,0,57,02-0001-297026817233,200043,297026817233401d6455ae780999ba9436d5ae1fda84d46172bac6a48e640d83,0.42456039786338806,-1,1,0
7d6a384ee870fb8bb67405177701bc9bd559a5cfc4d5934151269762adb939f5,MT10,official_clean,pick-place-v3,2,2,MT-REIM,1,0,0,55,02-0002-ddea61371cd3,200044,ddea61371cd35e1341e7c874312e581c215b4ec62fdbbfaa816651c9ed38d963,0.4359985589981079,-1,1,0
7d6a384ee870fb8bb67405177701bc9bd559a5cfc4d5934151269762adb939f5,MT10,official_clean,pick-place-v3,2,3,MT-REIM,1,0,0,55,02-0003-d15552375760,200045,d1555237576083eced5fc9ee3a72bbbafbcebd9b2393330f420d3c373b0e9707,0.4355383515357971,-1,1,0
7d6a384ee870fb8bb67405177701bc9bd559a5cfc4d5934151269762adb939f5,MT10,official_clean,pick-place-v3,2,4,MT-REIM,1,0,0,55,02-0004-d74e0b063d3c,200046,d74e0b063d3c330559dc7e63ca636cf157daf7a360f7d9af2b3d95ecd5a6bad0,0.4349557161331177,-1,1,0
7d6a384ee870fb8bb67405177701bc9bd559a5cfc4d5934151269762adb939f5,MT10,official_clean,pick-place-v3,2,5,MT-REIM,1,0,0,49,02-0005-a912710e0cdd,200047,a912710e0cdda6b31c66d0f3a83ed778e7918933fdc65b7d2d27a54fca6486e7,0.4375435709953308,-1,1,0
7d6a384ee870fb8bb67405177701bc9bd559a5cfc4d5934151269762adb939f5,MT10,official_clean,pick-place-v3,2,6,MT-REIM,1,0,0,56,02-0006-762f0bc4743c,200048,762f0bc4743ca78b9959da441b24a94aea6ce2bbe5d82db56278e74762fe30fe,0.4459349811077118,-1,1,0
7d6a384ee870fb8bb67405177701bc9bd559a5cfc4d5934151269762adb939f5,MT10,official_clean,pick-place-v3,2,7,MT-REIM,1,0,0,56,02-0007-ab1245afc73a,200049,ab1245afc73a9dbfd3c266a7ec2e5982ac905a7c4b21e02e6e1a79b0898c34a2,0.42769554257392883,-1,1,0
7d6a384ee870fb8bb67405177701bc9bd559a5cfc4d5934151269762adb939f5,MT10,official_clean,pick-place-v3,2,8,MT-REIM,1,0,0,57,02-0008-9abb1c0f1057,200050,9abb1c0f1057f37d493a18355f2c82996188dd87e24f1521be8f1faab0a7fe3c,0.4280725121498108,-1,1,0
7d6a384ee870fb8bb67405177701bc9bd559a5cfc4d5934151269762adb939f5,MT10,official_clean,pick-place-v3,2,9,MT-REIM,1,0,0,52,02-0009-131c612197e7,200051,131c612197e7e64c11d6b82a4ef0ea545d522a6790c014a0b37c488958f3fd47,0.444180965423584,-1,1,0
7d6a384ee870fb8bb67405177701bc9bd559a5cfc4d5934151269762adb939f5,MT10,official_clean,pick-place-v3,2,10,MT-REIM,1,0,0,59,02-0010-b7f1c098ff4d,200052,b7f1c098ff4d301f0352a68aea668b6f461b7c089f978c52494e05bdd2846a31,0.4476299285888672,-1,1,0
7d6a384ee870fb8bb67405177701bc9bd559a5cfc4d5934151269762adb939f5,MT10,official_clean,pick-place-v3,2,11,MT-REIM,1,0,0,54,02-0011-d219fedca9d3,200053,d219fedca9d34eef25b7b145c4020a5ecf85fa5382a6a85d8bcd8bfc50fbd77e,0.4361739754676819,-1,1,0
7d6a384ee870fb8bb67405177701bc9bd559a5cfc4d5934151269762adb939f5,MT10,official_clean,pick-place-v3,2,12,MT-REIM,1,0,0,60,02-0012-8d4a7e08507a,200054,8d4a7e08507a989378181f80682a71111d9a424d2d4e38ca728499783e7d2593,0.4466615617275238,-1,1,0
7d6a384ee870fb8bb67405177701bc9bd559a5cfc4d5934151269762adb939f5,MT10,official_clean,pick-place-v3,2,13,MT-REIM,1,0,0,55,02-0013-b136651124f8,200055,b136651124f827e79217550b6fec2945d4d37b9166b19b12e64843aa6ad797d2,0.43598464131355286,-1,1,0
7d6a384ee870fb8bb67405177701bc9bd559a5cfc4d5934151269762adb939f5,MT10,official_clean,pick-place-v3,2,14,MT-REIM,1,0,0,57,02-0014-8f687324078e,200056,8f687324078e0e899e3fac0a0b1bf2c19fc58ccce38e200ed21fd7adf1213a08,0.4290885329246521,-1,1,0
7d6a384ee870fb8bb67405177701bc9bd559a5cfc4d5934151269762adb939f5,MT10,official_clean,pick-place-v3,2,15,MT-REIM,1,0,0,59,02-0015-86457bf6bcf1,200057,86457bf6bcf16e8d4be6f838808ba530758450d7749565681cc16fb7670cbc27,0.4452441334724426,-1,1,0
7d6a384ee870fb8bb67405177701bc9bd559a5cfc4d5934151269762adb939f5,MT10,official_clean,pick-place-v3,2,16,MT-REIM,1,0,0,56,02-0016-d9b2d9672cad,200058,d9b2d9672cad682231fdfca15a5d65fab5bcce571ca238cf709fbda3454bed2c,0.43529629707336426,-1,1,0
7d6a384ee870fb8bb67405177701bc9bd559a5cfc4d5934151269762adb939f5,MT10,official_clean,pick-place-v3,2,17,MT-REIM,1,0,0,62,02-0017-d10cf553ac2f,200059,d10cf553ac2f1cf32b10700165f8d6724c7fd6bba3bb975e63988f47cbfa62ef,0.4353891611099243,-1,1,0
7d6a384ee870fb8bb67405177701bc9bd559a5cfc4d5934151269762adb939f5,MT10,official_clean,pick-place-v3,2,18,MT-REIM,1,0,0,51,02-0018-27d06c4aa700,200060,27d06c4aa700bb531bd464f5e526854b7879b981fbb6f5d01bec66da3c88b2c3,0.4279974400997162,-1,1,0
7d6a384ee870fb8bb67405177701bc9bd559a5cfc4d5934151269762adb939f5,MT10,official_clean,pick-place-v3,2,19,MT-REIM,1,0,0,52,02-0019-0e53589d3bc9,200061,0e53589d3bc9342d67155ca0290379848e25e614d9e6897e02ec32622f9b0177,0.43103745579719543,-1,1,0
7d6a384ee870fb8bb67405177701bc9bd559a5cfc4d5934151269762adb939f5,MT10,official_clean,pick-place-v3,2,20,MT-REIM,1,0,0,60,02-0020-c279cb250c55,200062,c279cb250c558c7aae4467a984caebc81610d2723668f45d94ede110ac282f70,0.43312856554985046,-1,1,0
7d6a384ee870fb8bb67405177701bc9bd559a5cfc4d5934151269762adb939f5,MT10,official_clean,pick-place-v3,2,21,MT-REIM,1,0,0,50,02-0021-7114553167d8,200063,7114553167d897fcbebb1178a110eb1d1a2146efdfd46eae9fbf91dd0744ad77,0.42712852358818054,-1,1,0
7d6a384ee870fb8bb67405177701bc9bd559a5cfc4d5934151269762adb939f5,MT10,official_clean,pick-place-v3,2,22,MT-REIM,1,0,0,49,02-0022-6ee1e39f8d36,200064,6ee1e39f8d36dfc2e7ba1624ba962635d39584fb4f1ab6d3c86ad86f83e4ddd9,0.428084135055542,-1,1,0
7d6a384ee870fb8bb67405177701bc9bd559a5cfc4d5934151269762adb939f5,MT10,official_clean,pick-place-v3,2,23,MT-REIM,1,0,0,53,02-0023-326de6c038fc,200065,326de6c038fce9ed04daff2d8a2feec240910a5bbcea2fc016a7546a43e1543b,0.4412620961666107,-1,1,0
7d6a384ee870fb8bb67405177701bc9bd559a5cfc4d5934151269762adb939f5,MT10,official_clean,pick-place-v3,2,24,MT-REIM,1,0,0,56,02-0024-55c035998392,200066,55c035998392efd9f34226c84c95363eee463f3cb22a2973d369429fc8153739,0.4377070665359497,-1,1,0
7d6a384ee870fb8bb67405177701bc9bd559a5cfc4d5934151269762adb939f5,MT10,official_clean,pick-place-v3,2,25,MT-REIM,1,0,0,50,02-0025-4de2aaf36d56,200067,4de2aaf36d563a082ec8ac90531beb449cd27689366866b33d77a5ba8341a295,0.4319479167461395,-1,1,0
7d6a384ee870fb8bb67405177701bc9bd559a5cfc4d5934151269762adb939f5,MT10,official_clean,pick-place-v3,2,26,MT-REIM,1,0,0,57,02-0026-0b5fe6f97af3,200068,0b5fe6f97af3bc380f800686a3ea965d5acec20544d94a7724b3c92038e8033d,0.4313189387321472,-1,1,0
7d6a384ee870fb8bb67405177701bc9bd559a5cfc4d5934151269762adb939f5,MT10,official_clean,pick-place-v3,2,27,MT-REIM,1,0,0,48,02-0027-4504af752e0c,200069,4504af752e0c23d15c04eae4a963a52ce25992398db3df3a50ddf4fc0a1aed87,0.44743433594703674,-1,1,0
7d6a384ee870fb8bb67405177701bc9bd559a5cfc4d5934151269762adb939f5,MT10,official_clean,pick-place-v3,2,28,MT-REIM,1,0,0,52,02-0028-7d01fa1ea81a,200070,7d01fa1ea81ae5d81a3e1a1a6f6c96e5149bf046ba9426403df7505e83038279,0.4496130049228668,-1,1,0
7d6a384ee870fb8bb67405177701bc9bd559a5cfc4d5934151269762adb939f5,MT10,official_clean,pick-place-v3,2,29,MT-REIM,1,0,0,50,02-0029-5ebf687474ba,200071,5ebf687474ba436225898afc827da322619d1b0581f6d78ae28c631435b7384c,0.4277224838733673,-1,1,0
7d6a384ee870fb8bb67405177701bc9bd559a5cfc4d5934151269762adb939f5,MT10,official_clean,pick-place-v3,2,30,MT-REIM,1,0,0,57,02-0030-fa61d3cfad46,200072,fa61d3cfad46c673173a02a4c01704f86bd2a8c2e0916d64ffeaed22aaa5373a,0.4365978538990021,-1,1,0
7d6a384ee870fb8bb67405177701bc9bd559a5cfc4d5934151269762adb939f5,MT10,official_clean,pick-place-v3,2,31,MT-REIM,1,0,0,50,02-0031-cc8b8cde91a5,200073,cc8b8cde91a5eebee7e9b664004900792d2cae7ce82c54767926ee94f24e912b,0.4280306398868561,-1,1,0
7d6a384ee870fb8bb67405177701bc9bd559a5cfc4d5934151269762adb939f5,MT10,official_clean,pick-place-v3,2,32,MT-REIM,1,0,0,52,02-0032-8492e82d6471,200074,8492e82d647131fe6359ba371859d19904a6818e942f29a7359711c77209fd1f,0.43089327216148376,-1,1,0
7d6a384ee870fb8bb67405177701bc9bd559a5cfc4d5934151269762adb939f5,MT10,official_clean,pick-place-v3,2,33,MT-REIM,1,0,0,48,02-0033-8fa86b566dba,200075,8fa86b566dba462bcddda799653db61095e055abcb8964d5fac0d8cbb0176d73,0.4454898536205292,-1,1,0
7d6a384ee870fb8bb67405177701bc9bd559a5cfc4d5934151269762adb939f5,MT10,official_clean,pick-place-v3,2,34,MT-REIM,1,0,0,55,02-0034-510c6c21a0d6,200076,510c6c21a0d69efc709d37ca5222f8a3a6ef62abc87dc8ba09ae941e465a0aad,0.4373233914375305,-1,1,0
7d6a384ee870fb8bb67405177701bc9bd559a5cfc4d5934151269762adb939f5,MT10,official_clean,pick-place-v3,2,35,MT-REIM,1,0,0,52,02-0035-2df0b516b0c6,200077,2df0b516b0c662b3dc6716f60349bdce3cc06bdd7c5bcaff9d16b62f5afcb3b5,0.4287322461605072,-1,1,0
7d6a384ee870fb8bb67405177701bc9bd559a5cfc4d5934151269762adb939f5,MT10,official_clean,pick-place-v3,2,36,MT-REIM,1,0,0,58,02-0036-f5f00de94010,200078,f5f00de940101aaf6fc0bbede14b7b91049ced4eaeb38fc925bdaf26b33a32ed,0.4363056421279907,-1,1,0
7d6a384ee870fb8bb67405177701bc9bd559a5cfc4d5934151269762adb939f5,MT10,official_clean,pick-place-v3,2,37,MT-REIM,1,0,0,52,02-0037-558460aec3b2,200079,558460aec3b26f87da70b5c0a7eb6677b59f7e800d19f4e5d0e67d477323bd18,0.4488007128238678,-1,1,0
7d6a384ee870fb8bb67405177701bc9bd559a5cfc4d5934151269762adb939f5,MT10,official_clean,pick-place-v3,2,38,MT-REIM,1,0,0,53,02-0038-d9f5c2ac314e,200080,d9f5c2ac314e65f3c64b174ea3536a439d5e873431331e9c5a3e7ff61883d8f5,0.43154236674308777,-1,1,0
7d6a384ee870fb8bb67405177701bc9bd559a5cfc4d5934151269762adb939f5,MT10,official_clean,pick-place-v3,2,39,MT-REIM,1,0,0,53,02-0039-fc2c17bf90bb,200081,fc2c17bf90bb0deaff388b21720f1095903c7bc855c4a445dc36d439c1f8ca2a,0.43137481808662415,-1,1,0
7d6a384ee870fb8bb67405177701bc9bd559a5cfc4d5934151269762adb939f5,MT10,official_clean,pick-place-v3,2,40,MT-REIM,1,0,0,57,02-0040-4b9107952fe0,200082,4b9107952fe09a129264b140fb1ed8bf746fab804d75ed9462f367c655793fe9,0.4428586959838867,-1,1,0
7d6a384ee870fb8bb67405177701bc9bd559a5cfc4d5934151269762adb939f5,MT10,official_clean,pick-place-v3,2,41,MT-REIM,1,0,0,48,02-0041-3a3bf7a73e64,200083,3a3bf7a73e6494718591822faa7b570b5cbe519d3cb9a906f6cf470292e9cf07,0.4394504427909851,-1,1,0
7d6a384ee870fb8bb67405177701bc9bd559a5cfc4d5934151269762adb939f5,MT10,official_clean,pick-place-v3,2,42,MT-REIM,1,0,0,56,02-0042-2766d846ab8b,200084,2766d846ab8beda298303bbc11692bda20af1e9171f576f508de7f6024cccd27,0.43633154034614563,-1,1,0
7d6a384ee870fb8bb67405177701bc9bd559a5cfc4d5934151269762adb939f5,MT10,official_clean,pick-place-v3,2,43,MT-REIM,1,0,0,59,02-0043-e0b84d6c47cf,200085,e0b84d6c47cfd660f471644afc2d6cec2743dbd97cb3dec9c34b84927bc7e61f,0.4451002776622772,-1,1,0
7d6a384ee870fb8bb67405177701bc9bd559a5cfc4d5934151269762adb939f5,MT10,official_clean,pick-place-v3,2,44,MT-REIM,1,0,0,50,02-0044-069d09e6c83e,200086,069d09e6c83e68183b58afcc0476e5f59e9f1e6c56e39c3be2f34744deb20515,0.44083166122436523,-1,1,0
7d6a384ee870fb8bb67405177701bc9bd559a5cfc4d5934151269762adb939f5,MT10,official_clean,pick-place-v3,2,45,MT-REIM,1,0,0,57,02-0045-e10cbab9b778,200087,e10cbab9b77899fc0968907145d79b4ce19fd31f6d5506f17555325fd03fb738,0.4260222315788269,-1,1,0
7d6a384ee870fb8bb67405177701bc9bd559a5cfc4d5934151269762adb939f5,MT10,official_clean,pick-place-v3,2,46,MT-REIM,1,0,0,58,02-0046-dd5dbd7e3ef7,200088,dd5dbd7e3ef7735d54cd57f13187b1342c7ba3150d40ea15b1f4657ce7f74cad,0.43155911564826965,-1,1,0
7d6a384ee870fb8bb67405177701bc9bd559a5cfc4d5934151269762adb939f5,MT10,official_clean,pick-place-v3,2,47,MT-REIM,1,0,0,56,02-0047-856a2165f464,200089,856a2165f46424806f6b295963b39a84fc62612b11e7ddcb8353e4912fc2b76a,0.427948534488678,-1,1,0
7d6a384ee870fb8bb67405177701bc9bd559a5cfc4d5934151269762adb939f5,MT10,official_clean,pick-place-v3,2,48,MT-REIM,1,0,0,60,02-0048-421c5468515c,200090,421c5468515c3cde668cf1c61bb214bff6ab58e4de5943054fcafb4b0ecf2a7a,0.43598473072052,-1,1,0
7d6a384ee870fb8bb67405177701bc9bd559a5cfc4d5934151269762adb939f5,MT10,official_clean,pick-place-v3,2,49,MT-REIM,1,0,0,54,02-0049-038621a6f6dc,200091,038621a6f6dc802d88aa1e85a1b36f38e352f04f8e3865a340d24ce503dff7b8,0.44700369238853455,-1,1,0
7d6a384ee870fb8bb67405177701bc9bd559a5cfc4d5934151269762adb939f5,MT10,official_clean,door-open-v3,3,0,MT-REIM,1,1,1,82,03-0000-0d3cac695735,300042,0d3cac695735c70136fa3f33680a3f6d1ff2be008e6301fd78a23759693ab9a2,0.8393666744232178,53,1,29
7d6a384ee870fb8bb67405177701bc9bd559a5cfc4d5934151269762adb939f5,MT10,official_clean,door-open-v3,3,1,MT-REIM,1,1,1,75,03-0001-26787494a669,300043,26787494a669c0d2bece16b85db00228369606097f80dd7dd3dcefbe899a62e8,0.7912880778312683,56,1,19
7d6a384ee870fb8bb67405177701bc9bd559a5cfc4d5934151269762adb939f5,MT10,official_clean,door-open-v3,3,2,MT-REIM,1,1,1,81,03-0002-d7d212308e25,300044,d7d212308e252b03b23666dc6aeab9e284681bab9ac9db936d5e9e98fa79509a,0.7893458604812622,2,1,79
7d6a384ee870fb8bb67405177701bc9bd559a5cfc4d5934151269762adb939f5,MT10,official_clean,door-open-v3,3,3,MT-REIM,1,1,1,81,03-0003-528dd223943e,300045,528dd223943ed6b504910cc5b9ab340a1f1bc5e613ab4dc24ce6def328ca133d,0.7494345307350159,66,1,15
7d6a384ee870fb8bb67405177701bc9bd559a5cfc4d5934151269762adb939f5,MT10,official_clean,door-open-v3,3,4,MT-REIM,1,1,1,78,03-0004-818ccf84bb4e,300046,818ccf84bb4ee137911d18d731b5055f1fa25cca632151a3767579b55fcee8e6,0.780680775642395,2,1,76
7d6a384ee870fb8bb67405177701bc9bd559a5cfc4d5934151269762adb939f5,MT10,official_clean,door-open-v3,3,5,MT-REIM,1,1,1,75,03-0005-775c6e197d52,300047,775c6e197d52456edd6d9a1654a1a59e87600efaf0d6acf061bf4758e7321167,0.7640582919120789,59,1,16
7d6a384ee870fb8bb67405177701bc9bd559a5cfc4d5934151269762adb939f5,MT10,official_clean,door-open-v3,3,6,MT-REIM,0,2,0,500,03-0006-bc14a4377819,300048,bc14a43778195e60e52024207fb4ca1099d02b96ee8162b4ff0782bdfcd98651,0.9466301798820496,47,1,444
7d6a384ee870fb8bb67405177701bc9bd559a5cfc4d5934151269762adb939f5,MT10,official_clean,door-open-v3,3,7,MT-REIM,1,1,1,82,03-0007-c6ed3438bc5a,300049,c6ed3438bc5a389e9c4b58ecec624fe9992d94599ffa0b72814fbed9d8921ef2,0.7998787760734558,2,1,80
7d6a384ee870fb8bb67405177701bc9bd559a5cfc4d5934151269762adb939f5,MT10,official_clean,door-open-v3,3,8,MT-REIM,1,1,1,84,03-0008-f6271aed2aee,300050,f6271aed2aeec0d86abb0784025f92cc7b3461d4630b3092afee20e5baac8666,0.7672527432441711,56,1,28
7d6a384ee870fb8bb67405177701bc9bd559a5cfc4d5934151269762adb939f5,MT10,official_clean,door-open-v3,3,9,MT-REIM,1,1,1,70,03-0009-b2f900939bd7,300051,b2f900939bd712da8b9f031ff3dfce9a50730f315d085b0b646118795cd25e2d,0.7975587248802185,54,1,16
7d6a384ee870fb8bb67405177701bc9bd559a5cfc4d5934151269762adb939f5,MT10,official_clean,door-open-v3,3,10,MT-REIM,1,1,1,75,03-0010-2b46eb3528fb,300052,2b46eb3528fb756c076c57183f67a0dee4971ad4ae8b582d9cc843d545bff6fe,0.7754242420196533,57,1,18
7d6a384ee870fb8bb67405177701bc9bd559a5cfc4d5934151269762adb939f5,MT10,official_clean,door-open-v3,3,11,MT-REIM,1,1,1,85,03-0011-ba5d08484ff6,300053,ba5d08484ff68117c0b99e9b9033999686b673645c29e25939678264553bd9ae,0.7164971232414246,64,1,21
7d6a384ee870fb8bb67405177701bc9bd559a5cfc4d5934151269762adb939f5,MT10,official_clean,door-open-v3,3,12,MT-REIM,1,1,1,233,03-0012-b6193f2b7619,300054,b6193f2b761946f8cd223c501f6fdb4d1a3d9f7117ec6690b7840500fe79bc89,0.8080869317054749,185,1,48
7d6a384ee870fb8bb67405177701bc9bd559a5cfc4d5934151269762adb939f5,MT10,official_clean,door-open-v3,3,13,MT-REIM,1,1,1,85,03-0013-e95efd788395,300055,e95efd7883954f989eb95a0ffb0863379659157e977d59c680d9c79fde5d913f,0.794904887676239,1,1,84
7d6a384ee870fb8bb67405177701bc9bd559a5cfc4d5934151269762adb939f5,MT10,official_clean,door-open-v3,3,14,MT-REIM,1,1,1,100,03-0014-e28ef5662f2c,300056,e28ef5662f2c4204770a537c68a2666cc2046b380e498b0bcea1dc67338cbde7,0.7013276815414429,46,1,54
7d6a384ee870fb8bb67405177701bc9bd559a5cfc4d5934151269762adb939f5,MT10,official_clean,door-open-v3,3,15,MT-REIM,1,1,1,79,03-0015-5bbb6ecf1b78,300057,5bbb6ecf1b78da6c5e6f495931413402bbc358fa9f53dc553434b10ebe7b0bfa,0.7493719458580017,64,1,15
7d6a384ee870fb8bb67405177701bc9bd559a5cfc4d5934151269762adb939f5,MT10,official_clean,door-open-v3,3,16,MT-REIM,1,1,1,80,03-0016-212d2e492bf7,300058,212d2e492bf7a762659641ac91c87c737df1db6b398fa99dd564657dae2cc86f,0.7999415397644043,56,1,24
7d6a384ee870fb8bb67405177701bc9bd559a5cfc4d5934151269762adb939f5,MT10,official_clean,door-open-v3,3,17,MT-REIM,1,1,1,76,03-0017-25544ece3cf4,300059,25544ece3cf44b915ea4d9f80bf880742885393e7e7b86366a8c7ab2f8d15e63,0.8086887001991272,2,1,74
7d6a384ee870fb8bb67405177701bc9bd559a5cfc4d5934151269762adb939f5,MT10,official_clean,door-open-v3,3,18,MT-REIM,1,1,1,83,03-0018-8d3a2d3d9a03,300060,8d3a2d3d9a03a0bac679d83d1199c2bb94dbc76267f2b510f63c46f983bb6be2,0.8001828193664551,1,1,82
7d6a384ee870fb8bb67405177701bc9bd559a5cfc4d5934151269762adb939f5,MT10,official_clean,door-open-v3,3,19,MT-REIM,1,1,1,73,03-0019-be2814369d19,300061,be2814369d19aaf57f447fb50b159e8e2ec90e36130e9438348be2f32d05a09c,0.7946198582649231,59,1,14
7d6a384ee870fb8bb67405177701bc9bd559a5cfc4d5934151269762adb939f5,MT10,official_clean,door-open-v3,3,20,MT-REIM,1,1,1,86,03-0020-78163bf69c49,300062,78163bf69c49c79b45249269e6a579b17edeeae1ff527c9ff1345db7447a9a66,0.7139727473258972,65,1,21
7d6a384ee870fb8bb67405177701bc9bd559a5cfc4d5934151269762adb939f5,MT10,official_clean,door-open-v3,3,21,MT-REIM,1,1,1,76,03-0021-67a3e34cd65e,300063,67a3e34cd65e0626256c90e2cfef6bd715dc9d3cb547b0daa27daa511ee2927c,0.7667238116264343,61,1,15
7d6a384ee870fb8bb67405177701bc9bd559a5cfc4d5934151269762adb939f5,MT10,official_clean,door-open-v3,3,22,MT-REIM,1,1,1,81,03-0022-954361429a4d,300064,954361429a4d2f29cdf0770bb750c5d02381e45599b6d62b3d70693391543b02,0.7876576781272888,2,1,79
7d6a384ee870fb8bb67405177701bc9bd559a5cfc4d5934151269762adb939f5,MT10,official_clean,door-open-v3,3,23,MT-REIM,1,1,1,111,03-0023-b1b673e72e44,300065,b1b673e72e447798dcb8a5984b4b680ce181d02eb60f84e3a562467becd77e76,0.7459806799888611,48,1,63
7d6a384ee870fb8bb67405177701bc9bd559a5cfc4d5934151269762adb939f5,MT10,official_clean,door-open-v3,3,24,MT-REIM,1,1,1,83,03-0024-41b624a6bdcf,300066,41b624a6bdcffe21a1ef8a68bf765b983c776813da5c71b420d0f94543c9ac3f,0.8037298321723938,1,1,82
7d6a384ee870fb8bb67405177701bc9bd559a5cfc4d5934151269762adb939f5,MT10,official_clean,door-open-v3,3,25,MT-REIM,1,1,1,74,03-0025-a66b2397ed90,300067,a66b2397ed90adf2b3641379663d0f40572620b51b3261670b13d6058532732b,0.7574036717414856,59,1,15
7d6a384ee870fb8bb67405177701bc9bd559a5cfc4d5934151269762adb939f5,MT10,official_clean,door-open-v3,3,26,MT-REIM,1,1,1,81,03-0026-d407cadc8452,300068,d407cadc84526065c84f4551bf212ed2d96f5807be01c61594a05d2501af6155,0.8029876351356506,2,1,79
7d6a384ee870fb8bb67405177701bc9bd559a5cfc4d5934151269762adb939f5,MT10,official_clean,door-open-v3,3,27,MT-REIM,1,1,1,74,03-0027-d2d385a7c01d,300069,d2d385a7c01dec56f8449c8da12009db14efd91647caf366dc2b019bec143ae5,0.7898588180541992,59,1,15
7d6a384ee870fb8bb67405177701bc9bd559a5cfc4d5934151269762adb939f5,MT10,official_clean,door-open-v3,3,28,MT-REIM,1,1,1,101,03-0028-3407eb4e4bb5,300070,3407eb4e4bb52d775c2e7fa47e565e1f0e1a702ea3d54bafd1502c9e924dd557,0.6862797737121582,46,1,55
7d6a384ee870fb8bb67405177701bc9bd559a5cfc4d5934151269762adb939f5,MT10,official_clean,door-open-v3,3,29,MT-REIM,1,1,1,77,03-0029-9552aea6cd99,300071,9552aea6cd9961f4db7fbd10f4a75aa72885ac3de18bb810dcb784e65d3343b7,0.7508817315101624,62,1,15
7d6a384ee870fb8bb67405177701bc9bd559a5cfc4d5934151269762adb939f5,MT10,official_clean,door-open-v3,3,30,MT-REIM,1,1,1,79,03-0030-1f3b42309ee4,300072,1f3b42309ee412b839bc84e644cca3b842cfbfa59f5837db06562d817182f074,0.7765421867370605,2,1,77
7d6a384ee870fb8bb67405177701bc9bd559a5cfc4d5934151269762adb939f5,MT10,official_clean,door-open-v3,3,31,MT-REIM,1,1,1,80,03-0031-51e24d2ae96a,300073,51e24d2ae96a672d99d471ad9ed794f2b6b2f17de65d7331665e095e58961064,0.7935198545455933,2,1,78
7d6a384ee870fb8bb67405177701bc9bd559a5cfc4d5934151269762adb939f5,MT10,official_clean,door-open-v3,3,32,MT-REIM,1,1,1,76,03-0032-03c13ad59e6b,300074,03c13ad59e6b52d0465a2ffa6f8bf416e31a2740b6c8b43a79c86e1c46aa8a2c,0.765267550945282,62,1,14
7d6a384ee870fb8bb67405177701bc9bd559a5cfc4d5934151269762adb939f5,MT10,official_clean,door-open-v3,3,33,MT-REIM,1,1,1,74,03-0033-2f7940aa6aff,300075,2f7940aa6aff46c36fa1456666fe03893cca15d85f7839d17223951ab4f48d3e,0.793811023235321,55,1,19
7d6a384ee870fb8bb67405177701bc9bd559a5cfc4d5934151269762adb939f5,MT10,official_clean,door-open-v3,3,34,MT-REIM,1,1,1,80,03-0034-774bbc504172,300076,774bbc5041729a1d4061e276b11c61f570c2f8329e05ad7dbc7d4f112f1c42d5,0.7693642973899841,66,1,14
7d6a384ee870fb8bb67405177701bc9bd559a5cfc4d5934151269762adb939f5,MT10,official_clean,door-open-v3,3,35,MT-REIM,1,1,1,79,03-0035-461dd525c5ea,300077,461dd525c5ea1804c3371961eae75fa550c8ced50460b95e89f6ec22c7d6ba38,0.7461220026016235,64,1,15
7d6a384ee870fb8bb67405177701bc9bd559a5cfc4d5934151269762adb939f5,MT10,official_clean,door-open-v3,3,36,MT-REIM,1,1,1,78,03-0036-d448f4fd6e82,300078,d448f4fd6e82b4b3d73bc22b4209827968427b708260c0ce1ff7f47fd70c640f,0.7761609554290771,56,1,22
7d6a384ee870fb8bb67405177701bc9bd559a5cfc4d5934151269762adb939f5,MT10,official_clean,door-open-v3,3,37,MT-REIM,1,1,1,82,03-0037-27d468bdb13b,300079,27d468bdb13b87135405dd575db2bf67acb3e367f60e8c5bdc49684c789aeaff,0.7496334314346313,58,1,24
7d6a384ee870fb8bb67405177701bc9bd559a5cfc4d5934151269762adb939f5,MT10,official_clean,door-open-v3,3,38,MT-REIM,1,1,1,78,03-0038-5dd53d23bdac,300080,5dd53d23bdaccd1fb9b9e3ccebeadec71f30fd1560e520bbd789e6cb217151c3,0.803724467754364,2,1,76
7d6a384ee870fb8bb67405177701bc9bd559a5cfc4d5934151269762adb939f5,MT10,official_clean,door-open-v3,3,39,MT-REIM,1,1,1,83,03-0039-390b8e7babf9,300081,390b8e7babf921aaefeafcce9d7c912b16178c841903928c41ebe27dec275931,0.7672184109687805,2,1,81
7d6a384ee870fb8bb67405177701bc9bd559a5cfc4d5934151269762adb939f5,MT10,official_clean,door-open-v3,3,40,MT-REIM,1,1,1,79,03-0040-d46e1cacd00e,300082,d46e1cacd00e62e9dff396c03fe9d70351a5d429ba6d6b5d33327e00e35bee39,0.7692056894302368,2,1,77
7d6a384ee870fb8bb67405177701bc9bd559a5cfc4d5934151269762adb939f5,MT10,official_clean,door-open-v3,3,41,MT-REIM,1,1,1,74,03-0041-82f76e1dc96a,300083,82f76e1dc96ae25ce6776b6c523e417392f7cd3c38a417e0ce034f6cc3218760,0.7873448133468628,58,1,16
7d6a384ee870fb8bb67405177701bc9bd559a5cfc4d5934151269762adb939f5,MT10,official_clean,door-open-v3,3,42,MT-REIM,1,1,1,215,03-0042-2335d0a1ebbb,300084,2335d0a1ebbb75bfb6fb986c075e6abd7e4db07cccec71cf31fd33b147ee3bd6,0.8002575039863586,169,1,46
7d6a384ee870fb8bb67405177701bc9bd559a5cfc4d5934151269762adb939f5,MT10,official_clean,door-open-v3,3,43,MT-REIM,1,1,1,77,03-0043-b701a59b5092,300085,b701a59b5092a160da7eeef50cc6848e0649d9b1a0361b81b2f320707f369614,0.7536184787750244,62,1,15
7d6a384ee870fb8bb67405177701bc9bd559a5cfc4d5934151269762adb939f5,MT10,official_clean,door-open-v3,3,44,MT-REIM,1,1,1,71,03-0044-ebae7cc477cd,300086,ebae7cc477cde49fbc553232dc25a631a37f32fe6fb0f2bc099bb468b20108a9,0.8018292784690857,52,1,19
7d6a384ee870fb8bb67405177701bc9bd559a5cfc4d5934151269762adb939f5,MT10,official_clean,door-open-v3,3,45,MT-REIM,1,1,1,75,03-0045-8c98b80b4f76,300087,8c98b80b4f768322e6b40147519d3bcf0922403de8da791c4807ff6324aa9de7,0.7792141437530518,60,1,15
7d6a384ee870fb8bb67405177701bc9bd559a5cfc4d5934151269762adb939f5,MT10,official_clean,door-open-v3,3,46,MT-REIM,1,1,1,76,03-0046-d018cc7cd286,300088,d018cc7cd286b0732f0214e7d3eb85a50421674be301e5d87506b426cef5e2eb,0.788331925868988,57,1,19
7d6a384ee870fb8bb67405177701bc9bd559a5cfc4d5934151269762adb939f5,MT10,official_clean,door-open-v3,3,47,MT-REIM,1,1,1,265,03-0047-232ca8666e6d,300089,232ca8666e6d6b0ac011147952a14256fc57d1d499ed7c8bf9b005b83f7c649a,0.8114460706710815,217,1,48
7d6a384ee870fb8bb67405177701bc9bd559a5cfc4d5934151269762adb939f5,MT10,official_clean,door-open-v3,3,48,MT-REIM,1,1,1,87,03-0048-6f17cfeb7823,300090,6f17cfeb78235a65f635d1626263dc2e536fccf51e3e8133ab25a26150f8b7cf,0.6849372386932373,51,1,36
7d6a384ee870fb8bb67405177701bc9bd559a5cfc4d5934151269762adb939f5,MT10,official_clean,door-open-v3,3,49,MT-REIM,1,1,1,97,03-0049-8d79a635074d,300091,8d79a635074d9d49f3a4f5e95b04eaf4562beca3d78a01716bb56c6aeb0c4baa,0.6571494340896606,60,1,37
7d6a384ee870fb8bb67405177701bc9bd559a5cfc4d5934151269762adb939f5,MT10,official_clean,drawer-open-v3,4,0,MT-REIM,1,1,1,86,04-0000-76ab3ebf75b1,400042,76ab3ebf75b1f2c276ea6cd38ec236821a02e095df968442e675e3d893587b46,0.929103434085846,71,1,15
7d6a384ee870fb8bb67405177701bc9bd559a5cfc4d5934151269762adb939f5,MT10,official_clean,drawer-open-v3,4,1,MT-REIM,1,1,1,89,04-0001-e073a47c5aa4,400043,e073a47c5aa4044a03687790991204423de01c340a56d38839db0ce26e7f3c9c,0.9366869926452637,75,1,14
7d6a384ee870fb8bb67405177701bc9bd559a5cfc4d5934151269762adb939f5,MT10,official_clean,drawer-open-v3,4,2,MT-REIM,1,1,1,87,04-0002-c86290b37e3c,400044,c86290b37e3c4fb2c18c971e76b41c7c2521ecc6c1a43aeb843fffea14215ae4,0.9278882145881653,71,1,16
7d6a384ee870fb8bb67405177701bc9bd559a5cfc4d5934151269762adb939f5,MT10,official_clean,drawer-open-v3,4,3,MT-REIM,1,1,1,87,04-0003-b5bc3c09044c,400045,b5bc3c09044ce1f07decd3bb28acf1104f035dfc0feb921c32098e1eb09c096e,0.9380149841308594,72,1,15
7d6a384ee870fb8bb67405177701bc9bd559a5cfc4d5934151269762adb939f5,MT10,official_clean,drawer-open-v3,4,4,MT-REIM,1,1,1,86,04-0004-ec51d2f68d1e,400046,ec51d2f68d1e704d9ceb55461418d2cb882e3747345a04be89c86c6968e5ce15,0.9339205622673035,70,1,16
7d6a384ee870fb8bb67405177701bc9bd559a5cfc4d5934151269762adb939f5,MT10,official_clean,drawer-open-v3,4,5,MT-REIM,1,1,1,86,04-0005-e8e820225829,400047,e8e820225829c4a7ee20dab05dc7c32a87ec34e5d903d841bf8fbf6286b9ea39,0.9334811568260193,70,1,16
7d6a384ee870fb8bb67405177701bc9bd559a5cfc4d5934151269762adb939f5,MT10,official_clean,drawer-open-v3,4,6,MT-REIM,1,1,1,91,04-0006-d3b4a505f57f,400048,d3b4a505f57f221db022d1df6adf2a1c5a1d9af5c1932581ad483f3a39b9d633,0.9307450652122498,78,1,13
7d6a384ee870fb8bb67405177701bc9bd559a5cfc4d5934151269762adb939f5,MT10,official_clean,drawer-open-v3,4,7,MT-REIM,1,1,1,88,04-0007-1cde565376f0,400049,1cde565376f09e5030714fa936f84c8d54a773e4b7f0c7fcf595d14f3c953ac3,0.9111457467079163,72,1,16
7d6a384ee870fb8bb67405177701bc9bd559a5cfc4d5934151269762adb939f5,MT10,official_clean,drawer-open-v3,4,8,MT-REIM,1,1,1,89,04-0008-9777d1460218,400050,9777d14602187dde6648969aef654cfc15fa4b1456e47cef575fb5cd2ae80528,0.9328098893165588,75,1,14
7d6a384ee870fb8bb67405177701bc9bd559a5cfc4d5934151269762adb939f5,MT10,official_clean,drawer-open-v3,4,9,MT-REIM,1,1,1,87,04-0009-1edfabd1b6fd,400051,1edfabd1b6fd967d06081a77c992c5b8d73ef9c4034ce8e631d668bf2cf7d71a,0.9277909398078918,71,1,16
7d6a384ee870fb8bb67405177701bc9bd559a5cfc4d5934151269762adb939f5,MT10,official_clean,drawer-open-v3,4,10,MT-REIM,1,1,1,86,04-0010-db2f8a12136b,400052,db2f8a12136bf2ab7002817190b35c0109d4c1084fec0e3c259e07f52562acf3,0.933477520942688,70,1,16
7d6a384ee870fb8bb67405177701bc9bd559a5cfc4d5934151269762adb939f5,MT10,official_clean,drawer-open-v3,4,11,MT-REIM,1,1,1,89,04-0011-da0cebe89871,400053,da0cebe8987104900adc3a7440992d00d99d9bb491d6c2ec95060643466e546c,0.9191380143165588,73,1,16
7d6a384ee870fb8bb67405177701bc9bd559a5cfc4d5934151269762adb939f5,MT10,official_clean,drawer-open-v3,4,12,MT-REIM,1,1,1,90,04-0012-9f3b137868e0,400054,9f3b137868e06c98c63c4c636bad3c0300faa8ad62e0f10c28cba851facf93e1,0.9342511296272278,77,1,13
7d6a384ee870fb8bb67405177701bc9bd559a5cfc4d5934151269762adb939f5,MT10,official_clean,drawer-open-v3,4,13,MT-REIM,1,1,1,91,04-0013-f275579d5adf,400055,f275579d5adf71c304b37756ef5437e4c463e4dec3438c92efd1914232807ad9,0.9295507669448853,78,1,13
7d6a384ee870fb8bb67405177701bc9bd559a5cfc4d5934151269762adb939f5,MT10,official_clean,drawer-open-v3,4,14,MT-REIM,1,1,1,87,04-0014-ad89e0cc2a96,400056,ad89e0cc2a9689d2c04aca3f5560ef14193b8aaef4e63864632049247f4dc461,0.9244173765182495,71,1,16
7d6a384ee870fb8bb67405177701bc9bd559a5cfc4d5934151269762adb939f5,MT10,official_clean,drawer-open-v3,4,15,MT-REIM,1,1,1,89,04-0015-b39807685d00,400057,b39807685d00ca9602f5b35f0d5c2c7095ae76828c660abe65ce65f8a2ac8327,0.935537576675415,75,1,14
7d6a384ee870fb8bb67405177701bc9bd559a5cfc4d5934151269762adb939f5,MT10,official_clean,drawer-open-v3,4,16,MT-REIM,1,1,1,88,04-0016-64ca2d381cff,400058,64ca2d381cff30ae06b4324e2c81c1b9cec818351909063fdef0af5d6ebe9b12,0.9133842587471008,72,1,16
7d6a384ee870fb8bb67405177701bc9bd559a5cfc4d5934151269762adb939f5,MT10,official_clean,drawer-open-v3,4,17,MT-REIM,1,1,1,90,04-0017-a84e8de1429d,400059,a84e8de1429d1055ae935d98f738dff7b34a477fa3df171a3856a997efa362d3,0.9029653668403625,74,1,16
7d6a384ee870fb8bb67405177701bc9bd559a5cfc4d5934151269762adb939f5,MT10,official_clean,drawer-open-v3,4,18,MT-REIM,1,1,1,87,04-0018-bb7871fa90b5,400060,bb7871fa90b59b70de88a85a7121a13398b2b3431a3a1b707d23754e7dcba7ac,0.9268971085548401,71,1,16
7d6a384ee870fb8bb67405177701bc9bd559a5cfc4d5934151269762adb939f5,MT10,official_clean,drawer-open-v3,4,19,MT-REIM,1,1,1,88,04-0019-7a4e9de61ab2,400061,7a4e9de61ab2692f7d78d35615d986158961d6ed5fcab69b5bd43239565ba9c4,0.9198876023292542,72,1,16
7d6a384ee870fb8bb67405177701bc9bd559a5cfc4d5934151269762adb939f5,MT10,official_clean,drawer-open-v3,4,20,MT-REIM,1,1,1,87,04-0020-6a53b913e6df,400062,6a53b913e6df588d45d3e338fd9e6999acc47d7fa965ec55f72b152dacdea7d9,0.9379534125328064,72,1,15
7d6a384ee870fb8bb67405177701bc9bd559a5cfc4d5934151269762adb939f5,MT10,official_clean,drawer-open-v3,4,21,MT-REIM,1,1,1,91,04-0021-22a40a12166b,400063,22a40a12166b69fd45d59a92706cac8532ba82052af46e9d27242478fbdeea79,0.9001567959785461,75,1,16
7d6a384ee870fb8bb67405177701bc9bd559a5cfc4d5934151269762adb939f5,MT10,official_clean,drawer-open-v3,4,22,MT-REIM,1,1,1,91,04-0022-5e0b369ad59c,400064,5e0b369ad59c39aa870252a0c89b301983dbeb7194cb9eaf6efe4f40866d8276,0.9221773147583008,79,1,12
7d6a384ee870fb8bb67405177701bc9bd559a5cfc4d5934151269762adb939f5,MT10,official_clean,drawer-open-v3,4,23,MT-REIM,1,1,1,86,04-0023-3cf8901d4567,400065,3cf8901d45677acd67d153756c84433dcbdfe4474c1615e38cf5df0522dbd983,0.9338833093643188,71,1,15
7d6a384ee870fb8bb67405177701bc9bd559a5cfc4d5934151269762adb939f5,MT10,official_clean,drawer-open-v3,4,24,MT-REIM,1,1,1,91,04-0024-ee66c8c02d5a,400066,ee66c8c02d5a4cf03a441a8a63109107cc335f560415cf812c69af9e527fac74,0.8934022784233093,75,1,16
7d6a384ee870fb8bb67405177701bc9bd559a5cfc4d5934151269762adb939f5,MT10,official_clean,drawer-open-v3,4,25,MT-REIM,1,1,1,87,04-0025-50a05571042b,400067,50a05571042b692a039f12ab89a995448460a26805d1d2f6724a4c27766fecdc,0.9326854348182678,72,1,15
7d6a384ee870fb8bb67405177701bc9bd559a5cfc4d5934151269762adb939f5,MT10,official_clean,drawer-open-v3,4,26,MT-REIM,1,1,1,89,04-0026-9f7fdd675643,400068,9f7fdd675643efb2809ec9972847f83c49b977ea610b8aa0b9612805f21750fe,0.9331214427947998,75,1,14
7d6a384ee870fb8bb67405177701bc9bd559a5cfc4d5934151269762adb939f5,MT10,official_clean,drawer-open-v3,4,27,MT-REIM,1,1,1,89,04-0027-6c46241df410,400069,6c46241df410a5e53ddddfa1477d8fc99f0075e2d5c05b77e631fd52e3fc9eb2,0.9341131448745728,75,1,14
7d6a384ee870fb8bb67405177701bc9bd559a5cfc4d5934151269762adb939f5,MT10,official_clean,drawer-open-v3,4,28,MT-REIM,1,1,1,87,04-0028-3405c8eee932,400070,3405c8eee93244ba4d65f2e0d2d6b8c278108969e1fe752e46aae794affa7da4,0.9380103945732117,72,1,15
7d6a384ee870fb8bb67405177701bc9bd559a5cfc4d5934151269762adb939f5,MT10,official_clean,drawer-open-v3,4,29,MT-REIM,1,1,1,88,04-0029-d2a7896cd1ee,400071,d2a7896cd1eebc0709b1a015b50dda05a589185c40ce98cfc906d06fcaa00902,0.9115661382675171,73,1,15
7d6a384ee870fb8bb67405177701bc9bd559a5cfc4d5934151269762adb939f5,MT10,official_clean,drawer-open-v3,4,30,MT-REIM,1,1,1,92,04-0030-723ae3cd9b28,400072,723ae3cd9b282f71930523a6e9808b9e2070641f04bccff8e73380397db33150,0.8989278674125671,76,1,16
7d6a384ee870fb8bb67405177701bc9bd559a5cfc4d5934151269762adb939f5,MT10,official_clean,drawer-open-v3,4,31,MT-REIM,1,1,1,89,04-0031-b33161b31dfb,400073,b33161b31dfb1f032fbd243ad74ec5985db3c58e0682cc5d31aa212fabe6e9e3,0.9327237010002136,75,1,14
7d6a384ee870fb8bb67405177701bc9bd559a5cfc4d5934151269762adb939f5,MT10,official_clean,drawer-open-v3,4,32,MT-REIM,1,1,1,90,04-0032-94a2f2a94ab1,400074,94a2f2a94ab1be8c39e8f911f76a961934a6d9fb7f7c2a3370f8f961b046a818,0.9353249669075012,76,1,14
7d6a384ee870fb8bb67405177701bc9bd559a5cfc4d5934151269762adb939f5,MT10,official_clean,drawer-open-v3,4,33,MT-REIM,1,1,1,90,04-0033-e2772710f8f5,400075,e2772710f8f5429cd316fce1163ff8557cba1811dd4f659b7477eeba749b46fe,0.9020740985870361,74,1,16
7d6a384ee870fb8bb67405177701bc9bd559a5cfc4d5934151269762adb939f5,MT10,official_clean,drawer-open-v3,4,34,MT-REIM,1,1,1,87,04-0034-c0dea45f2b53,400076,c0dea45f2b536b109244e14f62d55397e7719dff0e09670c76b1d864800b45a6,0.9380695223808289,72,1,15
7d6a384ee870fb8bb67405177701bc9bd559a5cfc4d5934151269762adb939f5,MT10,official_clean,drawer-open-v3,4,35,MT-REIM,1,1,1,91,04-0035-c40ea786b5f0,400077,c40ea786b5f0530a50ce2d6a622022626ccfa096ecb32b9acf6fb9d868325dbe,0.8907696008682251,75,1,16
7d6a384ee870fb8bb67405177701bc9bd559a5cfc4d5934151269762adb939f5,MT10,official_clean,drawer-open-v3,4,36,MT-REIM,1,1,1,88,04-0036-9fc69b405a15,400078,9fc69b405a15c7488535e0b47974cc9e25a920fab41ca67904bbd781dc549de4,0.9132974743843079,72,1,16
7d6a384ee870fb8bb67405177701bc9bd559a5cfc4d5934151269762adb939f5,MT10,official_clean,drawer-open-v3,4,37,MT-REIM,1,1,1,86,04-0037-26190c57eb05,400079,26190c57eb051689b3a965b6366a75e8a7ccfcfe1b1f137115456c13d86d1be7,0.9290503263473511,70,1,16
7d6a384ee870fb8bb67405177701bc9bd559a5cfc4d5934151269762adb939f5,MT10,official_clean,drawer-open-v3,4,38,MT-REIM,1,1,1,87,04-0038-1ae39c42ee69,400080,1ae39c42ee69de0dc81cd83bfc8a5459cea50d18e84d8f3c3933f2af3dcb5edc,0.9309450387954712,71,1,16
7d6a384ee870fb8bb67405177701bc9bd559a5cfc4d5934151269762adb939f5,MT10,official_clean,drawer-open-v3,4,39,MT-REIM,1,1,1,87,04-0039-1a977853bcf8,400081,1a977853bcf801212d6db5ea0c4a026f44777bc1a16f4d12ee2da5a96015d7c2,0.9226486682891846,71,1,16
7d6a384ee870fb8bb67405177701bc9bd559a5cfc4d5934151269762adb939f5,MT10,official_clean,drawer-open-v3,4,40,MT-REIM,1,1,1,87,04-0040-2bd7e4f6c7ca,400082,2bd7e4f6c7ca7ffd30feb48040714e0522c9972127c309139c56f4692b28f1b9,0.9250680804252625,71,1,16
7d6a384ee870fb8bb67405177701bc9bd559a5cfc4d5934151269762adb939f5,MT10,official_clean,drawer-open-v3,4,41,MT-REIM,1,1,1,86,04-0041-2162e1cdc775,400083,2162e1cdc7754681bf1e08d9441c8911f206fb6b25892106499606969199e91b,0.9335953593254089,70,1,16
7d6a384ee870fb8bb67405177701bc9bd559a5cfc4d5934151269762adb939f5,MT10,official_clean,drawer-open-v3,4,42,MT-REIM,1,1,1,87,04-0042-03f85a073ddf,400084,03f85a073ddf30f309a0f40eab3cb07f33c7693178b4fe60af9cf9cb7b09c84a,0.936762273311615,72,1,15
7d6a384ee870fb8bb67405177701bc9bd559a5cfc4d5934151269762adb939f5,MT10,official_clean,drawer-open-v3,4,43,MT-REIM,1,1,1,88,04-0043-8f0aeefd01c0,400085,8f0aeefd01c0da7ee163337d334c03ff329913753965ab9bea22537cdb4934d9,0.9100419282913208,73,1,15
7d6a384ee870fb8bb67405177701bc9bd559a5cfc4d5934151269762adb939f5,MT10,official_clean,drawer-open-v3,4,44,MT-REIM,1,1,1,89,04-0044-50d1f3cac45f,400086,50d1f3cac45f7620ce7a79cb7682b13a7c2b4943ec986c3f03642fb67de88d42,0.9329148530960083,75,1,14
7d6a384ee870fb8bb67405177701bc9bd559a5cfc4d5934151269762adb939f5,MT10,official_clean,drawer-open-v3,4,45,MT-REIM,1,1,1,90,04-0045-1cfa11ba3e9e,400087,1cfa11ba3e9e208ca2ffb8fed749c608f9004e91065014886fde147cdf0bb2d2,0.8951505422592163,75,1,15
7d6a384ee870fb8bb67405177701bc9bd559a5cfc4d5934151269762adb939f5,MT10,official_clean,drawer-open-v3,4,46,MT-REIM,1,1,1,89,04-0046-403c23b45c1e,400088,403c23b45c1e082fc277ff522a460f2d78aeac6f8d85fe0665b33afa36bb6dbf,0.9330281615257263,75,1,14
7d6a384ee870fb8bb67405177701bc9bd559a5cfc4d5934151269762adb939f5,MT10,official_clean,drawer-open-v3,4,47,MT-REIM,1,1,1,87,04-0047-8c18254d761c,400089,8c18254d761c0b857235cde4b626623155c5be1affe65c26287d7cc746e40030,0.9263980984687805,71,1,16
7d6a384ee870fb8bb67405177701bc9bd559a5cfc4d5934151269762adb939f5,MT10,official_clean,drawer-open-v3,4,48,MT-REIM,1,1,1,89,04-0048-d7b1af799bff,400090,d7b1af799bff13179a2df2bf9143b73775ba309d1113b0c236ffed020240e77c,0.9107681512832642,73,1,16
7d6a384ee870fb8bb67405177701bc9bd559a5cfc4d5934151269762adb939f5,MT10,official_clean,drawer-open-v3,4,49,MT-REIM,1,1,1,86,04-0049-8ba65c1c21cc,400091,8ba65c1c21ccb0e6aab55999c21954eaa16f19b9755baf04f2b3b19d16a74865,0.9338904023170471,71,1,15
7d6a384ee870fb8bb67405177701bc9bd559a5cfc4d5934151269762adb939f5,MT10,official_clean,drawer-close-v3,5,0,MT-REIM,1,1,1,79,05-0000-2812634fb71f,500042,2812634fb71f91b767b8876f236b76917fa5f2622ee6af91ea129cf1c11aad3a,0.8828710317611694,35,1,44
7d6a384ee870fb8bb67405177701bc9bd559a5cfc4d5934151269762adb939f5,MT10,official_clean,drawer-close-v3,5,1,MT-REIM,1,1,1,79,05-0001-2dc6e1ed2ec9,500043,2dc6e1ed2ec9d47e0fe21a2ee71f54bc09b34d69f883841139ec40486043229c,0.8803080916404724,35,1,44
7d6a384ee870fb8bb67405177701bc9bd559a5cfc4d5934151269762adb939f5,MT10,official_clean,drawer-close-v3,5,2,MT-REIM,1,0,0,78,05-0002-35c66324284c,500044,35c66324284c5e1c295e8643eefd44fe4597950bb4f74df6c0b00ff19a702288,0.4701336622238159,-1,1,0
7d6a384ee870fb8bb67405177701bc9bd559a5cfc4d5934151269762adb939f5,MT10,official_clean,drawer-close-v3,5,3,MT-REIM,1,0,0,78,05-0003-cead4376b6e5,500045,cead4376b6e52b97657b6fee5773d250ec978c80a0d1fe7d89015b12eb00d150,0.4708831310272217,-1,1,0
7d6a384ee870fb8bb67405177701bc9bd559a5cfc4d5934151269762adb939f5,MT10,official_clean,drawer-close-v3,5,4,MT-REIM,1,1,1,79,05-0004-b3a0fe657caf,500046,b3a0fe657caf17edc9815c44468d156455b114bb0836841ef694d4127f2ab459,0.8799801468849182,36,1,43
7d6a384ee870fb8bb67405177701bc9bd559a5cfc4d5934151269762adb939f5,MT10,official_clean,drawer-close-v3,5,5,MT-REIM,1,0,0,78,05-0005-d6e638347192,500047,d6e6383471925e8f49ab4174173ec1d88913a1a6b1513314b05813e7227ba3b5,0.47026553750038147,-1,1,0
7d6a384ee870fb8bb67405177701bc9bd559a5cfc4d5934151269762adb939f5,MT10,official_clean,drawer-close-v3,5,6,MT-REIM,1,0,0,79,05-0006-4a2e69c82849,500048,4a2e69c82849fb28b9128540c59de3fb7087331d5e96352bad359e831cae239d,0.5319252014160156,-1,1,0
7d6a384ee870fb8bb67405177701bc9bd559a5cfc4d5934151269762adb939f5,MT10,official_clean,drawer-close-v3,5,7,MT-REIM,1,0,0,78,05-0007-e4b94e94f1ef,500049,e4b94e94f1efe512f6cc2db33fb586a929ba2bbad3d2e02a42479732cf36d313,0.47057852149009705,-1,1,0
7d6a384ee870fb8bb67405177701bc9bd559a5cfc4d5934151269762adb939f5,MT10,official_clean,drawer-close-v3,5,8,MT-REIM,1,0,0,78,05-0008-e6da6aa9d9b1,500050,e6da6aa9d9b1806ea5bed90c61d135d9151cb1b4043e8c32633f613290c90404,0.6172428131103516,-1,1,0
7d6a384ee870fb8bb67405177701bc9bd559a5cfc4d5934151269762adb939f5,MT10,official_clean,drawer-close-v3,5,9,MT-REIM,1,0,0,78,05-0009-9f01335b565a,500051,9f01335b565a882ab5843fc2b685a03b91c246c66a981d971370a42060977019,0.4715249538421631,-1,1,0
7d6a384ee870fb8bb67405177701bc9bd559a5cfc4d5934151269762adb939f5,MT10,official_clean,drawer-close-v3,5,10,MT-REIM,1,1,1,79,05-0010-3861a80a5941,500052,3861a80a59411c6b5705d09480af731a361aaeab69983807c980f52b8b3237fc,0.8785680532455444,35,1,44
7d6a384ee870fb8bb67405177701bc9bd559a5cfc4d5934151269762adb939f5,MT10,official_clean,drawer-close-v3,5,11,MT-REIM,1,0,0,78,05-0011-979ff2842faa,500053,979ff2842faaea6db77bd8377d65666fb1292092aebdef293a37a668288c5526,0.46975255012512207,-1,1,0
7d6a384ee870fb8bb67405177701bc9bd559a5cfc4d5934151269762adb939f5,MT10,official_clean,drawer-close-v3,5,12,MT-REIM,1,1,1,79,05-0012-d68d98f6b954,500054,d68d98f6b95448abe01f6366601bb2f4afb7fdb6fc25ed25fd605189eacd02bc,0.7728713154792786,39,1,40
7d6a384ee870fb8bb67405177701bc9bd559a5cfc4d5934151269762adb939f5,MT10,official_clean,drawer-close-v3,5,13,MT-REIM,1,0,0,79,05-0013-5fc6748d202d,500055,5fc6748d202d2ee33bfe990c5aea143cb75798b791df0b842d75ad265da491ce,0.5312363505363464,-1,1,0
7d6a384ee870fb8bb67405177701bc9bd559a5cfc4d5934151269762adb939f5,MT10,official_clean,drawer-close-v3,5,14,MT-REIM,1,1,1,79,05-0014-1d37c47af6dd,500056,1d37c47af6ddac6fad1bfe97e747d327ca411d2afec2982b90f5ae1912f08638,0.6999908089637756,41,1,38
7d6a384ee870fb8bb67405177701bc9bd559a5cfc4d5934151269762adb939f5,MT10,official_clean,drawer-close-v3,5,15,MT-REIM,1,0,0,78,05-0015-0920be838724,500057,0920be8387244dab727fe3562b36d1bebd4932e97320a10f874f929e01584b06,0.47028306126594543,-1,1,0
7d6a384ee870fb8bb67405177701bc9bd559a5cfc4d5934151269762adb939f5,MT10,official_clean,drawer-close-v3,5,16,MT-REIM,1,1,1,79,05-0016-a4c113ac5808,500058,a4c113ac5808e43570846af6c4ea09264b94ddcb1a3b80a8082fe4e5f91e5d0a,0.8255327343940735,38,1,41
7d6a384ee870fb8bb67405177701bc9bd559a5cfc4d5934151269762adb939f5,MT10,official_clean,drawer-close-v3,5,17,MT-REIM,1,1,1,79,05-0017-4171f469e972,500059,4171f469e972bdef8f99c49b5d7584c0f1cc3c39876d94a36e7572291e214c58,0.8790887594223022,36,1,43
7d6a384ee870fb8bb67405177701bc9bd559a5cfc4d5934151269762adb939f5,MT10,official_clean,drawer-close-v3,5,18,MT-REIM,1,1,1,79,05-0018-c09a37bc0f8b,500060,c09a37bc0f8bd1c5fbcfc43fbee76444a9abf051489a8a1544a8d1a1efdf6f22,0.8826238512992859,36,1,43
7d6a384ee870fb8bb67405177701bc9bd559a5cfc4d5934151269762adb939f5,MT10,official_clean,drawer-close-v3,5,19,MT-REIM,1,0,0,78,05-0019-a29b6ce261d1,500061,a29b6ce261d1c1ba5b4393ffb87494802977584219479f0ac2e7f5c84f77c50d,0.4699670970439911,-1,1,0
7d6a384ee870fb8bb67405177701bc9bd559a5cfc4d5934151269762adb939f5,MT10,official_clean,drawer-close-v3,5,20,MT-REIM,1,0,0,78,05-0020-a19cf863c220,500062,a19cf863c2203dbffb0e51512df479fbefc76ad738318ed333ad902eb048e69e,0.5030284523963928,-1,1,0
7d6a384ee870fb8bb67405177701bc9bd559a5cfc4d5934151269762adb939f5,MT10,official_clean,drawer-close-v3,5,21,MT-REIM,1,1,1,79,05-0021-36146523d644,500063,36146523d6446b34a2510c66c50f12d27faafb6ac49076af012094e02f0ede80,0.7395926713943481,40,1,39
7d6a384ee870fb8bb67405177701bc9bd559a5cfc4d5934151269762adb939f5,MT10,official_clean,drawer-close-v3,5,22,MT-REIM,1,0,0,79,05-0022-9c2838d6fdaf,500064,9c2838d6fdafbe9008ced488397f6ee10e76e8d21f84b0f5a76a8c384352ad0f,0.5412895083427429,-1,1,0
7d6a384ee870fb8bb67405177701bc9bd559a5cfc4d5934151269762adb939f5,MT10,official_clean,drawer-close-v3,5,23,MT-REIM,1,1,1,79,05-0023-181e6f5f301a,500065,181e6f5f301acdac752977428823726c50a54422093a8bf288ac5d18225c7a49,0.873256266117096,35,1,44
7d6a384ee870fb8bb67405177701bc9bd559a5cfc4d5934151269762adb939f5,MT10,official_clean,drawer-close-v3,5,24,MT-REIM,1,1,1,79,05-0024-9616d4d44267,500066,9616d4d44267831bb4b4f190023b71c40024ce1b361d9d9d22bd0723357033de,0.8812873959541321,36,1,43
7d6a384ee870fb8bb67405177701bc9bd559a5cfc4d5934151269762adb939f5,MT10,official_clean,drawer-close-v3,5,25,MT-REIM,1,1,1,79,05-0025-c5fa464207e2,500067,c5fa464207e2f60866299ecbc3666eea75d013ade66764cdbf3082ed552469e6,0.8787954449653625,35,1,44
7d6a384ee870fb8bb67405177701bc9bd559a5cfc4d5934151269762adb939f5,MT10,official_clean,drawer-close-v3,5,26,MT-REIM,1,1,1,79,05-0026-299f6e757d86,500068,299f6e757d86bbc660a28490169f4f17be3f80515387db2e2b924bd14de25664,0.8801602125167847,35,1,44
7d6a384ee870fb8bb67405177701bc9bd559a5cfc4d5934151269762adb939f5,MT10,official_clean,drawer-close-v3,5,27,MT-REIM,1,0,0,78,05-0027-1be0e2e34b2e,500069,1be0e2e34b2e613dac9d668d28cf5f8ef52aa6e07c33ac73b35f98b8f390e4c6,0.6213357448577881,-1,1,0
7d6a384ee870fb8bb67405177701bc9bd559a5cfc4d5934151269762adb939f5,MT10,official_clean,drawer-close-v3,5,28,MT-REIM,1,0,0,79,05-0028-3168431aea76,500070,3168431aea760902e3e43120a5bf712feff56b3ef3e7b29fb8ed193854a50007,0.5628542304039001,-1,1,0
7d6a384ee870fb8bb67405177701bc9bd559a5cfc4d5934151269762adb939f5,MT10,official_clean,drawer-close-v3,5,29,MT-REIM,1,1,1,79,05-0029-bda3caaca2a0,500071,bda3caaca2a0347cff5a767427d5874e21785a813b52f1af626ef9cd11613261,0.6971132159233093,41,1,38
7d6a384ee870fb8bb67405177701bc9bd559a5cfc4d5934151269762adb939f5,MT10,official_clean,drawer-close-v3,5,30,MT-REIM,1,0,0,78,05-0030-bfe535d11876,500072,bfe535d1187694abfbe4245141b9b98cb9222609c2a7a5de6e0ea44ca8d3edbd,0.5395494699478149,-1,1,0
7d6a384ee870fb8bb67405177701bc9bd559a5cfc4d5934151269762adb939f5,MT10,official_clean,drawer-close-v3,5,31,MT-REIM,1,0,0,78,05-0031-94b7bb100395,500073,94b7bb10039545438973c42058d981ff01c678a3a675bbcfddbc2b28fcd65952,0.47104114294052124,-1,1,0
7d6a384ee870fb8bb67405177701bc9bd559a5cfc4d5934151269762adb939f5,MT10,official_clean,drawer-close-v3,5,32,MT-REIM,1,1,1,79,05-0032-289723bb2e29,500074,289723bb2e29c4c77b09a913572313632da1b5e750648e8325622b2557ac288d,0.7894662618637085,39,1,40
7d6a384ee870fb8bb67405177701bc9bd559a5cfc4d5934151269762adb939f5,MT10,official_clean,drawer-close-v3,5,33,MT-REIM,1,0,0,78,05-0033-f8ea841fedbb,500075,f8ea841fedbb4785b090411a22f3382639ee4568c0c4d1c6cde06031ed0be6d8,0.47182559967041016,-1,1,0
7d6a384ee870fb8bb67405177701bc9bd559a5cfc4d5934151269762adb939f5,MT10,official_clean,drawer-close-v3,5,34,MT-REIM,1,1,1,79,05-0034-2cf8190a0cea,500076,2cf8190a0cea99d6c83064aa237c48607375579904976fd2441104d37372419a,0.8811873197555542,36,1,43
7d6a384ee870fb8bb67405177701bc9bd559a5cfc4d5934151269762adb939f5,MT10,official_clean,drawer-close-v3,5,35,MT-REIM,1,0,0,78,05-0035-55e121bc9ebb,500077,55e121bc9ebb2617f32c7eb936a926a389d26f41f9e7f4f4efaab4ecd1e48586,0.4706406593322754,-1,1,0
7d6a384ee870fb8bb67405177701bc9bd559a5cfc4d5934151269762adb939f5,MT10,official_clean,drawer-close-v3,5,36,MT-REIM,1,1,1,79,05-0036-fb63be57d4fe,500078,fb63be57d4fe76b941a4c888d3705f5b22e995a3fee9fcf943250e61e01fbf01,0.8510839939117432,36,1,43
7d6a384ee870fb8bb67405177701bc9bd559a5cfc4d5934151269762adb939f5,MT10,official_clean,drawer-close-v3,5,37,MT-REIM,1,1,1,79,05-0037-2677f091744d,500079,2677f091744d4d487c0dd790ca3fe5de0606728d59abb4acb8e21158a00f5417,0.8590301275253296,36,1,43
7d6a384ee870fb8bb67405177701bc9bd559a5cfc4d5934151269762adb939f5,MT10,official_clean,drawer-close-v3,5,38,MT-REIM,1,0,0,78,05-0038-562237847d81,500080,562237847d818a718f1fd8dc1067725bc0b982e16333b072a1af034268f74d35,0.4697478711605072,-1,1,0
7d6a384ee870fb8bb67405177701bc9bd559a5cfc4d5934151269762adb939f5,MT10,official_clean,drawer-close-v3,5,39,MT-REIM,1,0,0,78,05-0039-af9f5a4b054e,500081,af9f5a4b054e1cff3be54ab078c531051da2ef8f2d022af51fa4456ae7b46962,0.47176939249038696,-1,1,0
7d6a384ee870fb8bb67405177701bc9bd559a5cfc4d5934151269762adb939f5,MT10,official_clean,drawer-close-v3,5,40,MT-REIM,1,0,0,78,05-0040-d9f59d5028de,500082,d9f59d5028de1c3c38e5add5cf9076e4ba50caab8fd286964fd24eff9d02ce61,0.576718807220459,-1,1,0
7d6a384ee870fb8bb67405177701bc9bd559a5cfc4d5934151269762adb939f5,MT10,official_clean,drawer-close-v3,5,41,MT-REIM,1,0,0,78,05-0041-5b02ba13c79c,500083,5b02ba13c79c9b746470c7caff5e969aa1a8d068bcdc6a8027a7d860612d9818,0.4703231155872345,-1,1,0
7d6a384ee870fb8bb67405177701bc9bd559a5cfc4d5934151269762adb939f5,MT10,official_clean,drawer-close-v3,5,42,MT-REIM,1,0,0,78,05-0042-02977cd72391,500084,02977cd72391482b67cd2da5f47036459536e7eb2bd2c7393609203c2d9841ba,0.5167685747146606,-1,1,0
7d6a384ee870fb8bb67405177701bc9bd559a5cfc4d5934151269762adb939f5,MT10,official_clean,drawer-close-v3,5,43,MT-REIM,1,1,1,79,05-0043-d45d9ec7d07e,500085,d45d9ec7d07e9d5513cf6d0c4b9177f828ded96afda70bca0f0619e302eace31,0.8784487843513489,35,1,44
7d6a384ee870fb8bb67405177701bc9bd559a5cfc4d5934151269762adb939f5,MT10,official_clean,drawer-close-v3,5,44,MT-REIM,1,1,1,79,05-0044-b1dad9ecf4b8,500086,b1dad9ecf4b8417e307182ae4c9ac47a9af64b38b2268f99302e1144d390b7b8,0.8782181739807129,35,1,44
7d6a384ee870fb8bb67405177701bc9bd559a5cfc4d5934151269762adb939f5,MT10,official_clean,drawer-close-v3,5,45,MT-REIM,1,1,1,79,05-0045-748f966fcd92,500087,748f966fcd92530ef26d75d20e7502f028257aa5a3e89a277be1cd8fd8cb8359,0.8539775609970093,36,1,43
7d6a384ee870fb8bb67405177701bc9bd559a5cfc4d5934151269762adb939f5,MT10,official_clean,drawer-close-v3,5,46,MT-REIM,1,0,0,78,05-0046-3b09922e5e9d,500088,3b09922e5e9d31238e371c0d91d6714ec156a046c2dd509520d89ffb8271346c,0.5645710825920105,-1,1,0
7d6a384ee870fb8bb67405177701bc9bd559a5cfc4d5934151269762adb939f5,MT10,official_clean,drawer-close-v3,5,47,MT-REIM,1,0,0,78,05-0047-74c31bcb66db,500089,74c31bcb66db7d8824b6670594bf9d307c52af2abd6aef624f99e644fb36dbdf,0.47039517760276794,-1,1,0
7d6a384ee870fb8bb67405177701bc9bd559a5cfc4d5934151269762adb939f5,MT10,official_clean,drawer-close-v3,5,48,MT-REIM,1,1,1,79,05-0048-5246f3716fa4,500090,5246f3716fa48a2954a5256ea678fa911ca66a51e1fcca742eb5ce0ae777d2d5,0.883010983467102,35,1,44
7d6a384ee870fb8bb67405177701bc9bd559a5cfc4d5934151269762adb939f5,MT10,official_clean,drawer-close-v3,5,49,MT-REIM,1,1,1,80,05-0049-618b1ab5ee56,500091,618b1ab5ee5680f4c78db0570ce60a721a2842fe01f423010bbb42e20badaca8,0.7171068787574768,27,1,53
7d6a384ee870fb8bb67405177701bc9bd559a5cfc4d5934151269762adb939f5,MT10,official_clean,button-press-topdown-v3,6,0,MT-REIM,1,1,1,67,06-0000-afba0c595eae,600042,afba0c595eaeadefc7fce0064ac6806ab9d4c8fefb95bb842f8c2dd96cc30ca2,0.6911282539367676,1,1,66
7d6a384ee870fb8bb67405177701bc9bd559a5cfc4d5934151269762adb939f5,MT10,official_clean,button-press-topdown-v3,6,1,MT-REIM,1,1,1,68,06-0001-c6113574e6fc,600043,c6113574e6fc0e0c9248819e5731525992f24ed60a09d9fb8659f4d0a1812404,0.666159987449646,1,1,67
7d6a384ee870fb8bb67405177701bc9bd559a5cfc4d5934151269762adb939f5,MT10,official_clean,button-press-topdown-v3,6,2,MT-REIM,1,1,1,65,06-0002-835e87f97da5,600044,835e87f97da5f6af31d6c7fcae694df5ebce76b8da3c574c6001aa4184498712,0.6682753562927246,1,1,64
7d6a384ee870fb8bb67405177701bc9bd559a5cfc4d5934151269762adb939f5,MT10,official_clean,button-press-topdown-v3,6,3,MT-REIM,1,1,1,79,06-0003-23a73ac7cc70,600045,23a73ac7cc7039f9e5075711b7e1e7f92292a22941bfaa83b198e7cf01736199,0.6572996973991394,1,1,78
7d6a384ee870fb8bb67405177701bc9bd559a5cfc4d5934151269762adb939f5,MT10,official_clean,button-press-topdown-v3,6,4,MT-REIM,1,0,0,73,06-0004-2c6457bbab1d,600046,2c6457bbab1d36b50fd6427a9a837d29181281dc33d43d1ff7a6b699d956de37,0.6478797197341919,-1,1,0
7d6a384ee870fb8bb67405177701bc9bd559a5cfc4d5934151269762adb939f5,MT10,official_clean,button-press-topdown-v3,6,5,MT-REIM,1,1,1,62,06-0005-db0b97b9db60,600047,db0b97b9db60d6a5afc9e91d19d12228a4e18b1e9f2cdd238d392aa68f777629,0.6685547232627869,1,1,61
7d6a384ee870fb8bb67405177701bc9bd559a5cfc4d5934151269762adb939f5,MT10,official_clean,button-press-topdown-v3,6,6,MT-REIM,1,1,1,63,06-0006-19da05546a82,600048,19da05546a82486e7d4608362c88d4078df445a31c9e791b01bdc5df57b8bac4,0.6685791611671448,1,1,62
7d6a384ee870fb8bb67405177701bc9bd559a5cfc4d5934151269762adb939f5,MT10,official_clean,button-press-topdown-v3,6,7,MT-REIM,1,1,1,67,06-0007-baf1b331a951,600049,baf1b331a95128bdbf83e8237607b5c727e8996e91b0803a7a1929b87ca770f5,0.6912310123443604,1,1,66
7d6a384ee870fb8bb67405177701bc9bd559a5cfc4d5934151269762adb939f5,MT10,official_clean,button-press-topdown-v3,6,8,MT-REIM,1,1,1,71,06-0008-eee7ebe3c4dc,600050,eee7ebe3c4dc29644604a3852bbac99bfbdb430eb4ff81316c8db7ef8f57b798,0.6771407723426819,1,1,70
7d6a384ee870fb8bb67405177701bc9bd559a5cfc4d5934151269762adb939f5,MT10,official_clean,button-press-topdown-v3,6,9,MT-REIM,1,1,1,64,06-0009-b873be571bde,600051,b873be571bde2f1abe2e12cb6e9ddc09f7172a4e7a68ae00c47cfd843b3c29dd,0.6558415293693542,1,1,63
7d6a384ee870fb8bb67405177701bc9bd559a5cfc4d5934151269762adb939f5,MT10,official_clean,button-press-topdown-v3,6,10,MT-REIM,1,1,1,70,06-0010-c74020b73cdd,600052,c74020b73cdd103d7b5b84c11a4e8494f02f92c9413c3b5498da0c6be9e5ac0d,0.6765145063400269,1,1,69
7d6a384ee870fb8bb67405177701bc9bd559a5cfc4d5934151269762adb939f5,MT10,official_clean,button-press-topdown-v3,6,11,MT-REIM,1,1,1,66,06-0011-2338e59fe446,600053,2338e59fe44643df0383ee77ff45c5055e60832457ae79fd9d01123abd62486c,0.6803823709487915,1,1,65
7d6a384ee870fb8bb67405177701bc9bd559a5cfc4d5934151269762adb939f5,MT10,official_clean,button-press-topdown-v3,6,12,MT-REIM,1,1,1,80,06-0012-955cf2fa621e,600054,955cf2fa621e1d8a2d12f00e257a0a6a6bed70c5493ae9e55adaa06f300887f0,0.7034450769424438,1,1,79
7d6a384ee870fb8bb67405177701bc9bd559a5cfc4d5934151269762adb939f5,MT10,official_clean,button-press-topdown-v3,6,13,MT-REIM,1,1,1,72,06-0013-0c02b22f09ee,600055,0c02b22f09ee7daa97be6c086bde1b9efcd5789ab6e00081ad51d0b29041c749,0.6662759184837341,1,1,71
7d6a384ee870fb8bb67405177701bc9bd559a5cfc4d5934151269762adb939f5,MT10,official_clean,button-press-topdown-v3,6,14,MT-REIM,1,1,1,63,06-0014-eeef3b5d33ee,600056,eeef3b5d33eef0dfcd937799a603b931b60c8dd4618f0a87ba981e39828be1b7,0.6705061197280884,1,1,62
7d6a384ee870fb8bb67405177701bc9bd559a5cfc4d5934151269762adb939f5,MT10,official_clean,button-press-topdown-v3,6,15,MT-REIM,1,1,1,69,06-0015-2d5754b18341,600057,2d5754b18341d1ca692ef84b1a455e5275ae88795b11c93da79490811e0cad5a,0.6695616841316223,1,1,68
7d6a384ee870fb8bb67405177701bc9bd559a5cfc4d5934151269762adb939f5,MT10,official_clean,button-press-topdown-v3,6,16,MT-REIM,1,1,1,66,06-0016-0539becf538b,600058,0539becf538bd5ecd7e1f16c44bb35189ed644651943f4dc1a4182f65810ffc9,0.6573901176452637,1,1,65
7d6a384ee870fb8bb67405177701bc9bd559a5cfc4d5934151269762adb939f5,MT10,official_clean,button-press-topdown-v3,6,17,MT-REIM,1,1,1,80,06-0017-3c74a43fd503,600059,3c74a43fd503f125909fdb2ba1c0c36ab05340dc9d8a5494d71a8466f387ed45,0.6767185926437378,1,1,79
7d6a384ee870fb8bb67405177701bc9bd559a5cfc4d5934151269762adb939f5,MT10,official_clean,button-press-topdown-v3,6,18,MT-REIM,1,1,1,66,06-0018-d825f42b31e4,600060,d825f42b31e4c39825ec09434e266768172db7d0c66271bab0c147f39351b524,0.6717652678489685,1,1,65
7d6a384ee870fb8bb67405177701bc9bd559a5cfc4d5934151269762adb939f5,MT10,official_clean,button-press-topdown-v3,6,19,MT-REIM,1,1,1,81,06-0019-37604a94d71a,600061,37604a94d71a6d9d7de55019c948568f2c75ba91188704c8557b3cfc8e60504e,0.6898544430732727,1,1,80
7d6a384ee870fb8bb67405177701bc9bd559a5cfc4d5934151269762adb939f5,MT10,official_clean,button-press-topdown-v3,6,20,MT-REIM,1,1,1,70,06-0020-bd7f5a4ec20a,600062,bd7f5a4ec20a4a51dc9374910f9f8209b12a53a55009b1304294c47b2e4bd8a2,0.6656786203384399,1,1,69
7d6a384ee870fb8bb67405177701bc9bd559a5cfc4d5934151269762adb939f5,MT10,official_clean,button-press-topdown-v3,6,21,MT-REIM,1,1,1,70,06-0021-1d5ecb16f22a,600063,1d5ecb16f22a3a629709c383016cbf55f9fb68646bb4196f8f14b79d2ffddc0d,0.6884368062019348,1,1,69
7d6a384ee870fb8bb67405177701bc9bd559a5cfc4d5934151269762adb939f5,MT10,official_clean,button-press-topdown-v3,6,22,MT-REIM,1,1,1,77,06-0022-e3a3afd24e0c,600064,e3a3afd24e0cedf41c5cdf830fbc5262c38855a7cbc5ef083fabe4cca06d4c78,0.6671331524848938,1,1,76
7d6a384ee870fb8bb67405177701bc9bd559a5cfc4d5934151269762adb939f5,MT10,official_clean,button-press-topdown-v3,6,23,MT-REIM,1,1,1,74,06-0023-9185893671d1,600065,9185893671d14355ba2f17cab6626a9d63fa59adca39fd8734a929e732a5e80d,0.678036630153656,1,1,73
7d6a384ee870fb8bb67405177701bc9bd559a5cfc4d5934151269762adb939f5,MT10,official_clean,button-press-topdown-v3,6,24,MT-REIM,1,1,1,64,06-0024-4bb6d784bbb9,600066,4bb6d784bbb966da1329b9064d9e19c87c95b7d7882a0ff6b8219a5c0009e95a,0.6741012930870056,1,1,63
7d6a384ee870fb8bb67405177701bc9bd559a5cfc4d5934151269762adb939f5,MT10,official_clean,button-press-topdown-v3,6,25,MT-REIM,1,1,1,82,06-0025-540153539d4a,600067,540153539d4a287750a9d63b4423d87469e44a6802bb445f9ed5aff2db0bf4e7,0.6748289465904236,1,1,81
7d6a384ee870fb8bb67405177701bc9bd559a5cfc4d5934151269762adb939f5,MT10,official_clean,button-press-topdown-v3,6,26,MT-REIM,1,1,1,62,06-0026-6d908e5ef877,600068,6d908e5ef877f74014ca846b46f9f6556c85ffb839e593785ff82dde46b7833d,0.6800727248191833,1,1,61
7d6a384ee870fb8bb67405177701bc9bd559a5cfc4d5934151269762adb939f5,MT10,official_clean,button-press-topdown-v3,6,27,MT-REIM,1,1,1,80,06-0027-4644160b6372,600069,4644160b637207a95a8391b967243023a5edf742b4535a55ff79b896119bf5a8,0.6579880714416504,1,1,79
7d6a384ee870fb8bb67405177701bc9bd559a5cfc4d5934151269762adb939f5,MT10,official_clean,button-press-topdown-v3,6,28,MT-REIM,1,1,1,62,06-0028-f41ceaf7752a,600070,f41ceaf7752a97c97a4051c1e3b59efc1939d4c2e1bc5ca32e59ec3c90fd4553,0.6645055413246155,1,1,61
7d6a384ee870fb8bb67405177701bc9bd559a5cfc4d5934151269762adb939f5,MT10,official_clean,button-press-topdown-v3,6,29,MT-REIM,1,1,1,63,06-0029-98749fe3f6ed,600071,98749fe3f6ed72e0c6b75a71fc4f194065d863007a84c273eeff4ae04c071182,0.6710485219955444,1,1,62
7d6a384ee870fb8bb67405177701bc9bd559a5cfc4d5934151269762adb939f5,MT10,official_clean,button-press-topdown-v3,6,30,MT-REIM,1,0,0,62,06-0030-3e41a6b1cc0d,600072,3e41a6b1cc0dac595c08dfbe104d825de19a221cfbf416f8f0b686f969949513,0.6469440460205078,-1,1,0
7d6a384ee870fb8bb67405177701bc9bd559a5cfc4d5934151269762adb939f5,MT10,official_clean,button-press-topdown-v3,6,31,MT-REIM,1,1,1,72,06-0031-44f2bfa8a306,600073,44f2bfa8a306c97b260083f4f92df90bb37b2f85cd44456fdbd77025eceaee94,0.6833705306053162,1,1,71
7d6a384ee870fb8bb67405177701bc9bd559a5cfc4d5934151269762adb939f5,MT10,official_clean,button-press-topdown-v3,6,32,MT-REIM,1,1,1,64,06-0032-02d9052073cb,600074,02d9052073cb7a0d7ef8bfe49384494d2a5f4a402e43efcc8722dd8d369fbf0d,0.6546194553375244,1,1,63
7d6a384ee870fb8bb67405177701bc9bd559a5cfc4d5934151269762adb939f5,MT10,official_clean,button-press-topdown-v3,6,33,MT-REIM,1,1,1,80,06-0033-42f6b238e99b,600075,42f6b238e99bce6a442c7359bf68abde717c51988dbbfb5c9f916bbfcf4b8148,0.6801030039787292,1,1,79
7d6a384ee870fb8bb67405177701bc9bd559a5cfc4d5934151269762adb939f5,MT10,official_clean,button-press-topdown-v3,6,34,MT-REIM,1,1,1,72,06-0034-5c1ffcc8f5ef,600076,5c1ffcc8f5efa3489ea0e1fd170f0005b9267c8f3aad4f1990e5fa17a69a4bdf,0.6869942545890808,1,1,71
7d6a384ee870fb8bb67405177701bc9bd559a5cfc4d5934151269762adb939f5,MT10,official_clean,button-press-topdown-v3,6,35,MT-REIM,1,1,1,75,06-0035-85286156da97,600077,85286156da97a1aa0ea86c3e371f30e13f1f451eba72899b281563aa97d812b4,0.6914798617362976,1,1,74
7d6a384ee870fb8bb67405177701bc9bd559a5cfc4d5934151269762adb939f5,MT10,official_clean,button-press-topdown-v3,6,36,MT-REIM,1,1,1,74,06-0036-7cd9e9d919da,600078,7cd9e9d919daf9705afaae419e340235e4dda87db9fe6e5e945ecc48ef96e59c,0.6625359654426575,1,1,73
7d6a384ee870fb8bb67405177701bc9bd559a5cfc4d5934151269762adb939f5,MT10,official_clean,button-press-topdown-v3,6,37,MT-REIM,1,1,1,73,06-0037-6199ce251ca5,600079,6199ce251ca5eb0fc71bd88a1fd97bfd8980c107fb1f5740bf957d55bc697d95,0.6720957159996033,1,1,72
7d6a384ee870fb8bb67405177701bc9bd559a5cfc4d5934151269762adb939f5,MT10,official_clean,button-press-topdown-v3,6,38,MT-REIM,1,1,1,83,06-0038-fca3463759e5,600080,fca3463759e5d6e01d749fa79879f2c15f5a9ad4632f5767bd24733d1724547c,0.6685783267021179,1,1,82
7d6a384ee870fb8bb67405177701bc9bd559a5cfc4d5934151269762adb939f5,MT10,official_clean,button-press-topdown-v3,6,39,MT-REIM,1,1,1,74,06-0039-47ddeb4329f5,600081,47ddeb4329f571e2dbb2151e7e07089c2a543493e44fa83f09ccc4431a950273,0.6909418702125549,1,1,73
7d6a384ee870fb8bb67405177701bc9bd559a5cfc4d5934151269762adb939f5,MT10,official_clean,button-press-topdown-v3,6,40,MT-REIM,1,1,1,69,06-0040-e2d310af2701,600082,e2d310af27010fde681e34dede85b36233208410a539ff03a98fb14643c12c7a,0.6524190306663513,1,1,68
7d6a384ee870fb8bb67405177701bc9bd559a5cfc4d5934151269762adb939f5,MT10,official_clean,button-press-topdown-v3,6,41,MT-REIM,1,1,1,80,06-0041-a04e55965c89,600083,a04e55965c89b9003b75b882065ddc116f8f3fc91c7fcc79ebc6f5537bb5d4c9,0.6607208251953125,1,1,79
7d6a384ee870fb8bb67405177701bc9bd559a5cfc4d5934151269762adb939f5,MT10,official_clean,button-press-topdown-v3,6,42,MT-REIM,1,0,0,58,06-0042-253b33e92f4d,600084,253b33e92f4ddfb889573c79d20c7c021326c919684b53201a3d07b52186a086,0.6488972306251526,-1,1,0
7d6a384ee870fb8bb67405177701bc9bd559a5cfc4d5934151269762adb939f5,MT10,official_clean,button-press-topdown-v3,6,43,MT-REIM,1,1,1,63,06-0043-47b7e5a45010,600085,47b7e5a45010ee632721ff5baedc8313502d0aa9a31fd4fd80870890626b3fe5,0.6521400809288025,1,1,62
7d6a384ee870fb8bb67405177701bc9bd559a5cfc4d5934151269762adb939f5,MT10,official_clean,button-press-topdown-v3,6,44,MT-REIM,1,1,1,63,06-0044-82125fc160b7,600086,82125fc160b723cfa518c46ad01958e1b539b196fd0a71ef2003f1c5eedead7f,0.6712283492088318,1,1,62
7d6a384ee870fb8bb67405177701bc9bd559a5cfc4d5934151269762adb939f5,MT10,official_clean,button-press-topdown-v3,6,45,MT-REIM,1,1,1,62,06-0045-fb4a117e9ece,600087,fb4a117e9ecea731063d21ac606a81437e7322b1b235852048de960e00eb6d24,0.6600590944290161,1,1,61
7d6a384ee870fb8bb67405177701bc9bd559a5cfc4d5934151269762adb939f5,MT10,official_clean,button-press-topdown-v3,6,46,MT-REIM,1,1,1,64,06-0046-180832198f09,600088,180832198f09b08f3d3a012976a2181cd766a1af0dfd154cb86eedc308aafecc,0.667644739151001,1,1,63
7d6a384ee870fb8bb67405177701bc9bd559a5cfc4d5934151269762adb939f5,MT10,official_clean,button-press-topdown-v3,6,47,MT-REIM,1,1,1,71,06-0047-c4da2b46388f,600089,c4da2b46388f14f9988126f0fd8899d9e1ba3be5cafc6c8e26cb5aafb0bbf1bd,0.6743159890174866,1,1,70
7d6a384ee870fb8bb67405177701bc9bd559a5cfc4d5934151269762adb939f5,MT10,official_clean,button-press-topdown-v3,6,48,MT-REIM,1,1,1,68,06-0048-12a66a00f35e,600090,12a66a00f35ebee923e90ac8f24f1ed56056fd3a4ee43122dd6f0e2198927645,0.6739328503608704,1,1,67
7d6a384ee870fb8bb67405177701bc9bd559a5cfc4d5934151269762adb939f5,MT10,official_clean,button-press-topdown-v3,6,49,MT-REIM,1,1,1,72,06-0049-cb0e0e5d5a63,600091,cb0e0e5d5a6345829e826d7ac0265e7679e031603cd9bc04296adee8099e1d4c,0.667152464389801,1,1,71
7d6a384ee870fb8bb67405177701bc9bd559a5cfc4d5934151269762adb939f5,MT10,official_clean,peg-insert-side-v3,7,0,MT-REIM,1,0,0,94,07-0000-8f106159f57a,700042,8f106159f57a6c0bf008c5a1632797d4e22973d3ed5443cdd77836d5dee2d8b9,0.6122279167175293,-1,1,0
7d6a384ee870fb8bb67405177701bc9bd559a5cfc4d5934151269762adb939f5,MT10,official_clean,peg-insert-side-v3,7,1,MT-REIM,1,1,1,105,07-0001-03fee8bde97a,700043,03fee8bde97aecb1b25bf391710ee3f874a4b1b075364283876b283521c798f3,0.7314597964286804,100,1,5
7d6a384ee870fb8bb67405177701bc9bd559a5cfc4d5934151269762adb939f5,MT10,official_clean,peg-insert-side-v3,7,2,MT-REIM,1,1,1,93,07-0002-bad0fe773167,700044,bad0fe7731674eeecd6db38d91b9568188a891bf97861b214d91f914d3bcda4d,0.7518395781517029,90,1,3
7d6a384ee870fb8bb67405177701bc9bd559a5cfc4d5934151269762adb939f5,MT10,official_clean,peg-insert-side-v3,7,3,MT-REIM,0,0,0,500,07-0003-9785f7e8e573,700045,9785f7e8e573d98b6628741bf7e79228b819b79ca5e3bfb301894d0609e39ef5,0.6439582705497742,-1,1,0
7d6a384ee870fb8bb67405177701bc9bd559a5cfc4d5934151269762adb939f5,MT10,official_clean,peg-insert-side-v3,7,4,MT-REIM,1,0,0,132,07-0004-29d52c5d276d,700046,29d52c5d276dcc48558160611dda20abc49d9f33f7b53a698ad10a6d61352f2e,0.571033239364624,-1,1,0
7d6a384ee870fb8bb67405177701bc9bd559a5cfc4d5934151269762adb939f5,MT10,official_clean,peg-insert-side-v3,7,5,MT-REIM,1,0,0,134,07-0005-95909c200f9b,700047,95909c200f9b470e6c5f19c7b304d823664b74fda04a3afb254d90e352aefc94,0.5295851826667786,-1,1,0
7d6a384ee870fb8bb67405177701bc9bd559a5cfc4d5934151269762adb939f5,MT10,official_clean,peg-insert-side-v3,7,6,MT-REIM,1,1,1,89,07-0006-9927770690e0,700048,9927770690e0898a99f8a455401e0724a348f2d7f4143231f22df82311e96768,0.7160717248916626,84,1,5
7d6a384ee870fb8bb67405177701bc9bd559a5cfc4d5934151269762adb939f5,MT10,official_clean,peg-insert-side-v3,7,7,MT-REIM,1,0,0,78,07-0007-aa028e6fa1d3,700049,aa028e6fa1d3123faa93805d49d448cd908b123702395278efb11b548055f300,0.6411665678024292,-1,1,0
7d6a384ee870fb8bb67405177701bc9bd559a5cfc4d5934151269762adb939f5,MT10,official_clean,peg-insert-side-v3,7,8,MT-REIM,0,0,0,500,07-0008-032c74113d92,700050,032c74113d92642a8eb358c788167db216406248f67cba391797e3d8d7cbb5a8,0.5392512083053589,-1,1,0
7d6a384ee870fb8bb67405177701bc9bd559a5cfc4d5934151269762adb939f5,MT10,official_clean,peg-insert-side-v3,7,9,MT-REIM,1,0,0,82,07-0009-b4cbe0f8b6b0,700051,b4cbe0f8b6b04429c20b4b44ff81da81074ccb9d27114eff25319527ab058177,0.5906952023506165,-1,1,0
7d6a384ee870fb8bb67405177701bc9bd559a5cfc4d5934151269762adb939f5,MT10,official_clean,peg-insert-side-v3,7,10,MT-REIM,1,1,1,82,07-0010-b10e27d39b0e,700052,b10e27d39b0e41af1c3009b7d7ff5da9a4dd5dd4c5b9a795b7a810a65f9345d1,0.6853448152542114,80,1,2
7d6a384ee870fb8bb67405177701bc9bd559a5cfc4d5934151269762adb939f5,MT10,official_clean,peg-insert-side-v3,7,11,MT-REIM,0,0,0,500,07-0011-b9a45d38219e,700053,b9a45d38219e65c975203c8418dd8d1832f7b6c6db3e11edfc32d9be1ee5d180,0.5665102601051331,-1,1,0
7d6a384ee870fb8bb67405177701bc9bd559a5cfc4d5934151269762adb939f5,MT10,official_clean,peg-insert-side-v3,7,12,MT-REIM,1,0,0,92,07-0012-dd39deac2c73,700054,dd39deac2c731f948123c31199a55d01e995124d442e98297bc6949ae8ba371a,0.6450164318084717,-1,1,0
7d6a384ee870fb8bb67405177701bc9bd559a5cfc4d5934151269762adb939f5,MT10,official_clean,peg-insert-side-v3,7,13,MT-REIM,1,0,0,92,07-0013-51bfeb429311,700055,51bfeb429311c6e5423a945dd661ef95a0fe2683783cb475e558f2344a2f4cf1,0.5340586304664612,-1,1,0
7d6a384ee870fb8bb67405177701bc9bd559a5cfc4d5934151269762adb939f5,MT10,official_clean,peg-insert-side-v3,7,14,MT-REIM,1,0,0,81,07-0014-366b9c9a5f72,700056,366b9c9a5f720848c4ef7bd1d784d3fafe15df37d268f917357309a11a62bb31,0.6063330173492432,-1,1,0
7d6a384ee870fb8bb67405177701bc9bd559a5cfc4d5934151269762adb939f5,MT10,official_clean,peg-insert-side-v3,7,15,MT-REIM,1,0,0,248,07-0015-321336deb2a0,700057,321336deb2a03519f01a280162c6be087df519804ab5a69bc82e0d4eaa773373,0.5179390907287598,-1,1,0
7d6a384ee870fb8bb67405177701bc9bd559a5cfc4d5934151269762adb939f5,MT10,official_clean,peg-insert-side-v3,7,16,MT-REIM,1,0,0,237,07-0016-e93e644d1d0b,700058,e93e644d1d0b04ec287ed84561d605db92f8ab551c720f4f7bc7daa28d1897bc,0.5223625302314758,-1,1,0
7d6a384ee870fb8bb67405177701bc9bd559a5cfc4d5934151269762adb939f5,MT10,official_clean,peg-insert-side-v3,7,17,MT-REIM,1,1,1,88,07-0017-f6dd3f54aad2,700059,f6dd3f54aad2501dfdd760b80804a78d80aec88ad06c87d2325fbfb33cdfa21e,0.656383216381073,87,1,1
7d6a384ee870fb8bb67405177701bc9bd559a5cfc4d5934151269762adb939f5,MT10,official_clean,peg-insert-side-v3,7,18,MT-REIM,1,0,0,235,07-0018-8ddaf27cb1af,700060,8ddaf27cb1af1eb16efd40eaa6228ff6925ba0688012236ad963cfecaf10d84f,0.532598078250885,-1,1,0
7d6a384ee870fb8bb67405177701bc9bd559a5cfc4d5934151269762adb939f5,MT10,official_clean,peg-insert-side-v3,7,19,MT-REIM,1,0,0,81,07-0019-5f0db64d152e,700061,5f0db64d152e8736b219de66e633675c67e31d431263ea22424e464cec225286,0.5889491438865662,-1,1,0
7d6a384ee870fb8bb67405177701bc9bd559a5cfc4d5934151269762adb939f5,MT10,official_clean,peg-insert-side-v3,7,20,MT-REIM,0,0,0,500,07-0020-5d6ce2c9eaa5,700062,5d6ce2c9eaa5c64e3b4fe88e1b2836fc67b150090ab68217359de4fee42bd43f,0.5246012806892395,-1,1,0
7d6a384ee870fb8bb67405177701bc9bd559a5cfc4d5934151269762adb939f5,MT10,official_clean,peg-insert-side-v3,7,21,MT-REIM,1,1,1,58,07-0021-71a08d25aca4,700063,71a08d25aca474a1e35de2c3c89920c356494b31376ad633b2494a67dbef60a7,0.65993332862854,57,1,1
7d6a384ee870fb8bb67405177701bc9bd559a5cfc4d5934151269762adb939f5,MT10,official_clean,peg-insert-side-v3,7,22,MT-REIM,1,1,1,114,07-0022-82bec966bb62,700064,82bec966bb62483a7557f393b54d51945462ab882f5d3c19b3ec1b09bc499134,0.7026391625404358,110,1,4
7d6a384ee870fb8bb67405177701bc9bd559a5cfc4d5934151269762adb939f5,MT10,official_clean,peg-insert-side-v3,7,23,MT-REIM,1,1,1,81,07-0023-bb698d989d28,700065,bb698d989d28b71e210a0d40f4bb7e94935a26979ac298889c6b3b3870cf7a65,0.7272639274597168,74,1,7
7d6a384ee870fb8bb67405177701bc9bd559a5cfc4d5934151269762adb939f5,MT10,official_clean,peg-insert-side-v3,7,24,MT-REIM,1,1,1,76,07-0024-7ecdc0c609d0,700066,7ecdc0c609d0e01a50319c533aa8fa34f46a78e85db1557f145f0dba43ca22b1,0.6694926023483276,75,1,1
7d6a384ee870fb8bb67405177701bc9bd559a5cfc4d5934151269762adb939f5,MT10,official_clean,peg-insert-side-v3,7,25,MT-REIM,0,0,0,500,07-0025-d9a56d7ce29f,700067,d9a56d7ce29f35f45d6c2c4c84139667bccad4132bd5bf144f93ff68355e579e,0.5237028002738953,-1,1,0
7d6a384ee870fb8bb67405177701bc9bd559a5cfc4d5934151269762adb939f5,MT10,official_clean,peg-insert-side-v3,7,26,MT-REIM,1,2,1,376,07-0026-bdecdb032f7a,700068,bdecdb032f7a19cb9f1a66ea58f74434d9d9781542f12dbd2761927bd082af43,0.6677660942077637,80,1,251
7d6a384ee870fb8bb67405177701bc9bd559a5cfc4d5934151269762adb939f5,MT10,official_clean,peg-insert-side-v3,7,27,MT-REIM,0,1,1,500,07-0027-58db89fcfb80,700069,58db89fcfb80a29e6f98f5bbc879e621eb9b8368894e19d3bc2ad8ca456b0491,0.670708417892456,223,1,55
7d6a384ee870fb8bb67405177701bc9bd559a5cfc4d5934151269762adb939f5,MT10,official_clean,peg-insert-side-v3,7,28,MT-REIM,1,0,0,67,07-0028-5b15bad8c53b,700070,5b15bad8c53b41a0a081dce63c50266b977bcb9019d17ebc2e0c1f6179144b22,0.62245774269104,-1,1,0
7d6a384ee870fb8bb67405177701bc9bd559a5cfc4d5934151269762adb939f5,MT10,official_clean,peg-insert-side-v3,7,29,MT-REIM,1,0,0,150,07-0029-179fcf41ca89,700071,179fcf41ca89760347e595b94c7bef5260ae91b54b460cbfc7d7ae320dcde379,0.5964008569717407,-1,1,0
7d6a384ee870fb8bb67405177701bc9bd559a5cfc4d5934151269762adb939f5,MT10,official_clean,peg-insert-side-v3,7,30,MT-REIM,1,1,1,94,07-0030-b216b7d74f50,700072,b216b7d74f50b5e27643d1ed3eab66148202c64704fbd5cac399d8ce367aad35,0.7257065176963806,90,1,4
7d6a384ee870fb8bb67405177701bc9bd559a5cfc4d5934151269762adb939f5,MT10,official_clean,peg-insert-side-v3,7,31,MT-REIM,1,0,0,87,07-0031-787130ee4944,700073,787130ee4944f5eb00055c95f4ba81c2cb8dbbd1f67643d743fb4455f96abdd5,0.5682845115661621,-1,1,0
7d6a384ee870fb8bb67405177701bc9bd559a5cfc4d5934151269762adb939f5,MT10,official_clean,peg-insert-side-v3,7,32,MT-REIM,1,0,0,91,07-0032-a24362accd26,700074,a24362accd2659914aca24be931e0a0e94b1a79954075e4cbe036fc6e349b184,0.5140556693077087,-1,1,0
7d6a384ee870fb8bb67405177701bc9bd559a5cfc4d5934151269762adb939f5,MT10,official_clean,peg-insert-side-v3,7,33,MT-REIM,1,0,0,73,07-0033-2c02365c16ce,700075,2c02365c16ce172ce81c5ca47a46ffefc269a5738a3ed3ecb1974c7dc28c2028,0.5688092708587646,-1,1,0
7d6a384ee870fb8bb67405177701bc9bd559a5cfc4d5934151269762adb939f5,MT10,official_clean,peg-insert-side-v3,7,34,MT-REIM,1,0,0,80,07-0034-3be0417df1a7,700076,3be0417df1a7360df7b6901e2ae45817c649f595faddbb984b313f1de9dfd759,0.628007709980011,-1,1,0
7d6a384ee870fb8bb67405177701bc9bd559a5cfc4d5934151269762adb939f5,MT10,official_clean,peg-insert-side-v3,7,35,MT-REIM,0,0,0,500,07-0035-33a1f8ca992a,700077,33a1f8ca992a60c107d8d5b070911e1121a999ae3b70f895bc0bb3bb2887c4f4,0.5454710721969604,-1,1,0
7d6a384ee870fb8bb67405177701bc9bd559a5cfc4d5934151269762adb939f5,MT10,official_clean,peg-insert-side-v3,7,36,MT-REIM,1,0,0,93,07-0036-45fc1350a85a,700078,45fc1350a85acb9349d0f2827bda73593cfd338d21d0855117226582365d520e,0.5468055605888367,-1,1,0
7d6a384ee870fb8bb67405177701bc9bd559a5cfc4d5934151269762adb939f5,MT10,official_clean,peg-insert-side-v3,7,37,MT-REIM,0,0,0,500,07-0037-1fe3b99f2916,700079,1fe3b99f2916c91c5f1a418e3fb620b4b8cd7600cb15963ca1096e51b10c0d14,0.5833737850189209,-1,1,0
7d6a384ee870fb8bb67405177701bc9bd559a5cfc4d5934151269762adb939f5,MT10,official_clean,peg-insert-side-v3,7,38,MT-REIM,0,0,0,500,07-0038-0abbc589ff3a,700080,0abbc589ff3a1480a20f9d66c23099d25e91481a80531450a4a1f319d4907815,0.5156934261322021,-1,1,0
7d6a384ee870fb8bb67405177701bc9bd559a5cfc4d5934151269762adb939f5,MT10,official_clean,peg-insert-side-v3,7,39,MT-REIM,1,0,0,90,07-0039-2459a0aa21ba,700081,2459a0aa21ba3dd78733540433f67b01d9b1dbbb9adcc7843fb2ed72379c9d97,0.5112019777297974,-1,1,0
7d6a384ee870fb8bb67405177701bc9bd559a5cfc4d5934151269762adb939f5,MT10,official_clean,peg-insert-side-v3,7,40,MT-REIM,1,1,1,208,07-0040-31a452dde716,700082,31a452dde71666c7744e220367177317fa02911cf6ea1bdafd1493cf264f72b9,0.7320613861083984,183,1,25
7d6a384ee870fb8bb67405177701bc9bd559a5cfc4d5934151269762adb939f5,MT10,official_clean,peg-insert-side-v3,7,41,MT-REIM,0,0,0,500,07-0041-8752c483e641,700083,8752c483e641d246a0d0120f25897b3ddecd98ce2c35ba670ba27234c64983bb,0.5193057656288147,-1,1,0
7d6a384ee870fb8bb67405177701bc9bd559a5cfc4d5934151269762adb939f5,MT10,official_clean,peg-insert-side-v3,7,42,MT-REIM,0,0,0,500,07-0042-21eb2fe419a6,700084,21eb2fe419a613084bc1d7bd7598b9ec490c0e64bb5bb188204b3505e6e13b34,0.5917788147926331,-1,1,0
7d6a384ee870fb8bb67405177701bc9bd559a5cfc4d5934151269762adb939f5,MT10,official_clean,peg-insert-side-v3,7,43,MT-REIM,1,0,0,92,07-0043-6ac26e75c6d8,700085,6ac26e75c6d8be10e330c74d2e21bc9a0f4441291eb1709dbb9f7ef2f8c4ce45,0.5351137518882751,-1,1,0
7d6a384ee870fb8bb67405177701bc9bd559a5cfc4d5934151269762adb939f5,MT10,official_clean,peg-insert-side-v3,7,44,MT-REIM,1,0,0,78,07-0044-03a140c267d7,700086,03a140c267d75b8e91080deb1df24527ebd36e00de81207e4e894eb14d421deb,0.5893366932868958,-1,1,0
7d6a384ee870fb8bb67405177701bc9bd559a5cfc4d5934151269762adb939f5,MT10,official_clean,peg-insert-side-v3,7,45,MT-REIM,1,0,0,84,07-0045-217ba918f694,700087,217ba918f69462986fefa91273704235d085f9626fb62a9f8b2281963dd02073,0.6088128089904785,-1,1,0
7d6a384ee870fb8bb67405177701bc9bd559a5cfc4d5934151269762adb939f5,MT10,official_clean,peg-insert-side-v3,7,46,MT-REIM,0,0,0,500,07-0046-81ccea7132c5,700088,81ccea7132c50d8cd476b0561148ff7ebd03073ce37e3677355f82ce8f5d0dc0,0.5300029516220093,-1,1,0
7d6a384ee870fb8bb67405177701bc9bd559a5cfc4d5934151269762adb939f5,MT10,official_clean,peg-insert-side-v3,7,47,MT-REIM,1,1,1,143,07-0047-9931a239e86a,700089,9931a239e86a943676002e287a364ce2e0fe7004fbc8bd75dfb35b45e0b9d3c4,0.7620784044265747,125,1,18
7d6a384ee870fb8bb67405177701bc9bd559a5cfc4d5934151269762adb939f5,MT10,official_clean,peg-insert-side-v3,7,48,MT-REIM,1,1,1,69,07-0048-cb5c14114c98,700090,cb5c14114c9831edc5ffbec2d63eaa3cb9e87870eeabd06d645d984c609bc9db,0.6678327322006226,67,1,2
7d6a384ee870fb8bb67405177701bc9bd559a5cfc4d5934151269762adb939f5,MT10,official_clean,peg-insert-side-v3,7,49,MT-REIM,1,1,1,80,07-0049-49e87e819b0f,700091,49e87e819b0fd3b407d305e53c160fec024ed94ffceac68ed9eec9aa619ad06c,0.6894944906234741,77,1,3
7d6a384ee870fb8bb67405177701bc9bd559a5cfc4d5934151269762adb939f5,MT10,official_clean,window-open-v3,8,0,MT-REIM,1,1,1,88,08-0000-2b8a00450ddd,800042,2b8a00450dddc2bd6344278756f736245c38810d249f2f6e6f3fb2788a8a8968,0.671637773513794,1,1,87
7d6a384ee870fb8bb67405177701bc9bd559a5cfc4d5934151269762adb939f5,MT10,official_clean,window-open-v3,8,1,MT-REIM,1,1,1,85,08-0001-5add1fcc8654,800043,5add1fcc865448e2ef6d738c02aa1be913c8b6a22ec6d40063104f7f0f098fea,0.671362578868866,1,1,84
7d6a384ee870fb8bb67405177701bc9bd559a5cfc4d5934151269762adb939f5,MT10,official_clean,window-open-v3,8,2,MT-REIM,1,1,1,86,08-0002-731fcba9fbad,800044,731fcba9fbadf7f12c35b2deec55ad2b61cd0518c619d349dde9e849be5cc102,0.6683092713356018,1,1,85
7d6a384ee870fb8bb67405177701bc9bd559a5cfc4d5934151269762adb939f5,MT10,official_clean,window-open-v3,8,3,MT-REIM,1,1,1,89,08-0003-08609e0ef97c,800045,08609e0ef97c2eb10887b6225491bdbb6b28d78c3de1bdb29dc5093b1ad9c0e6,0.7101337909698486,1,1,88
7d6a384ee870fb8bb67405177701bc9bd559a5cfc4d5934151269762adb939f5,MT10,official_clean,window-open-v3,8,4,MT-REIM,1,1,1,84,08-0004-2acc9de5a13b,800046,2acc9de5a13b29763a4c99024fc716b8cd70bd9f413157ecbe8df6a5651b05f1,0.8579422831535339,1,1,83
7d6a384ee870fb8bb67405177701bc9bd559a5cfc4d5934151269762adb939f5,MT10,official_clean,window-open-v3,8,5,MT-REIM,1,1,1,95,08-0005-4112396a65bd,800047,4112396a65bd8a12437936cb44005a4d71dbc73d09a8b491e7f5470ed01857b5,0.6643320322036743,1,1,94
7d6a384ee870fb8bb67405177701bc9bd559a5cfc4d5934151269762adb939f5,MT10,official_clean,window-open-v3,8,6,MT-REIM,1,1,1,89,08-0006-a70e619382fa,800048,a70e619382fa789cf9453d73a484971ad04a4286b9ab6cf0d4609aef1fd7ab86,0.6894642114639282,1,1,88
7d6a384ee870fb8bb67405177701bc9bd559a5cfc4d5934151269762adb939f5,MT10,official_clean,window-open-v3,8,7,MT-REIM,1,1,1,81,08-0007-8e7219affb6d,800049,8e7219affb6d314a05725411050e8ac9288d841639eacd73617dca3165965423,0.8261866569519043,1,1,80
7d6a384ee870fb8bb67405177701bc9bd559a5cfc4d5934151269762adb939f5,MT10,official_clean,window-open-v3,8,8,MT-REIM,1,1,1,93,08-0008-351706c1e345,800050,351706c1e345cd4d345dda500d0576de1280dd86f7342958c872d3f05616919f,0.662967324256897,1,1,92
7d6a384ee870fb8bb67405177701bc9bd559a5cfc4d5934151269762adb939f5,MT10,official_clean,window-open-v3,8,9,MT-REIM,1,1,1,96,08-0009-71bd80812369,800051,71bd80812369d34501e48666a74cdb9aefff9d0f9a628c998f68f63bd969e741,0.6707184314727783,1,1,95
7d6a384ee870fb8bb67405177701bc9bd559a5cfc4d5934151269762adb939f5,MT10,official_clean,window-open-v3,8,10,MT-REIM,1,1,1,89,08-0010-66070d11bbd7,800052,66070d11bbd7a965da4f0e405e06bbe32d41657574b30be24e8262218852d2a6,0.668635904788971,1,1,88
7d6a384ee870fb8bb67405177701bc9bd559a5cfc4d5934151269762adb939f5,MT10,official_clean,window-open-v3,8,11,MT-REIM,1,1,1,90,08-0011-9f92d3b5ed14,800053,9f92d3b5ed1416b067d24a3649e29e5e7006a6084140f30e62cf3bbcd0e9dd2f,0.6808810234069824,1,1,89
7d6a384ee870fb8bb67405177701bc9bd559a5cfc4d5934151269762adb939f5,MT10,official_clean,window-open-v3,8,12,MT-REIM,1,1,1,97,08-0012-d38088912ffc,800054,d38088912ffc8a2e03e5d2c3f753b9f86487fb57b5f33ef4212ebe43fe239e26,0.6827064752578735,1,1,96
7d6a384ee870fb8bb67405177701bc9bd559a5cfc4d5934151269762adb939f5,MT10,official_clean,window-open-v3,8,13,MT-REIM,1,1,1,99,08-0013-8f0336cfa31e,800055,8f0336cfa31e76342b9c42b372e4b6263b4301411f474ee7bf668735dbd16b73,0.6837605237960815,1,1,98
7d6a384ee870fb8bb67405177701bc9bd559a5cfc4d5934151269762adb939f5,MT10,official_clean,window-open-v3,8,14,MT-REIM,1,1,1,96,08-0014-7b29ee1603b0,800056,7b29ee1603b03d75bd69f8308c2304260766ab3ecb9353e7a4e10fe46f4dea00,0.6958661675453186,1,1,95
7d6a384ee870fb8bb67405177701bc9bd559a5cfc4d5934151269762adb939f5,MT10,official_clean,window-open-v3,8,15,MT-REIM,1,1,1,99,08-0015-bdd8f57ffaa7,800057,bdd8f57ffaa73c59f8b3fdb17da1f6b24d6ddcd5d4f56548782edfeb8c8cbc32,0.6660939455032349,1,1,82
7d6a384ee870fb8bb67405177701bc9bd559a5cfc4d5934151269762adb939f5,MT10,official_clean,window-open-v3,8,16,MT-REIM,1,1,1,81,08-0016-73ed88b32590,800058,73ed88b325904137e82ac95a505e53d389f26e443304d417443c9f3f994c6780,0.7838912010192871,1,1,80
7d6a384ee870fb8bb67405177701bc9bd559a5cfc4d5934151269762adb939f5,MT10,official_clean,window-open-v3,8,17,MT-REIM,1,1,1,90,08-0017-4df0a615dbf1,800059,4df0a615dbf192b46593d0d013736c1497992e76db1193eb07eb512f4abb87f0,0.6855295300483704,1,1,89
7d6a384ee870fb8bb67405177701bc9bd559a5cfc4d5934151269762adb939f5,MT10,official_clean,window-open-v3,8,18,MT-REIM,1,1,1,90,08-0018-df3249849e58,800060,df3249849e580e7676aa574af5ff7adc51a3ee9e1b6f7993eab90ef1fee7953e,0.6919546723365784,1,1,89
7d6a384ee870fb8bb67405177701bc9bd559a5cfc4d5934151269762adb939f5,MT10,official_clean,window-open-v3,8,19,MT-REIM,1,1,1,86,08-0019-b65bd6519902,800061,b65bd6519902f922502229ded2c15c44e9d6a9e896d22c239eb43c9be1d0a78c,0.6802705526351929,1,1,85
7d6a384ee870fb8bb67405177701bc9bd559a5cfc4d5934151269762adb939f5,MT10,official_clean,window-open-v3,8,20,MT-REIM,1,1,1,90,08-0020-7f46802d0ad3,800062,7f46802d0ad38607f48f1d780450e3d9b6077361337b307ba01dbb28af9921f6,0.6735736131668091,1,1,89
7d6a384ee870fb8bb67405177701bc9bd559a5cfc4d5934151269762adb939f5,MT10,official_clean,window-open-v3,8,21,MT-REIM,1,1,1,86,08-0021-b7ee2ca334cf,800063,b7ee2ca334cf0c3581dbbe6aa44fe398610f0c8c0080e96ad08686ccd349692f,0.6769064664840698,1,1,85
7d6a384ee870fb8bb67405177701bc9bd559a5cfc4d5934151269762adb939f5,MT10,official_clean,window-open-v3,8,22,MT-REIM,1,1,1,84,08-0022-9cb3a1fe1abe,800064,9cb3a1fe1abe84e88ef0cdb5183b6aa81ef53377bb5a0c76730df4e68f59d85b,0.6758705377578735,1,1,83
7d6a384ee870fb8bb67405177701bc9bd559a5cfc4d5934151269762adb939f5,MT10,official_clean,window-open-v3,8,23,MT-REIM,1,1,1,100,08-0023-c5e00478861c,800065,c5e00478861c5c8d6b90a4a8f18c21d4c8ccd305d97a960ef183fc674d4315b6,0.6687653064727783,1,1,99
7d6a384ee870fb8bb67405177701bc9bd559a5cfc4d5934151269762adb939f5,MT10,official_clean,window-open-v3,8,24,MT-REIM,1,1,1,83,08-0024-656cffa192b1,800066,656cffa192b1bb0c4eb987feb8fa8b6b1c8130b47f4dda3ef2c75e4150358a40,0.8701184988021851,1,1,82
7d6a384ee870fb8bb67405177701bc9bd559a5cfc4d5934151269762adb939f5,MT10,official_clean,window-open-v3,8,25,MT-REIM,1,1,1,88,08-0025-49ab4204fd7b,800067,49ab4204fd7b00e996c57b2938510e49d6c90857bab79690e8e5f41eb37bd52a,0.6713018417358398,1,1,87
7d6a384ee870fb8bb67405177701bc9bd559a5cfc4d5934151269762adb939f5,MT10,official_clean,window-open-v3,8,26,MT-REIM,1,1,1,82,08-0026-6c0973a2ca30,800068,6c0973a2ca308737d049e22388948d7998fcde5231d87fa6d0127741eb785876,0.7130687832832336,1,1,81
7d6a384ee870fb8bb67405177701bc9bd559a5cfc4d5934151269762adb939f5,MT10,official_clean,window-open-v3,8,27,MT-REIM,1,1,1,92,08-0027-5e708fbb01da,800069,5e708fbb01da4e1bc131c97d3f7febc58a1e85344ada6eba2b9caab2e8c04a5f,0.690774142742157,1,1,91
7d6a384ee870fb8bb67405177701bc9bd559a5cfc4d5934151269762adb939f5,MT10,official_clean,window-open-v3,8,28,MT-REIM,1,1,1,95,08-0028-95ed3e452520,800070,95ed3e45252032003a363bf2b5b7b67be20ae5fb43cf13a8d11247acc2ed2e54,0.6671887636184692,1,1,94
7d6a384ee870fb8bb67405177701bc9bd559a5cfc4d5934151269762adb939f5,MT10,official_clean,window-open-v3,8,29,MT-REIM,1,1,1,91,08-0029-f57d85ecaff7,800071,f57d85ecaff74c4cb27dfb68e0049e5a0cc3e691a2b6dbd90aa12e91882f26b7,0.6708056330680847,1,1,90
7d6a384ee870fb8bb67405177701bc9bd559a5cfc4d5934151269762adb939f5,MT10,official_clean,window-open-v3,8,30,MT-REIM,1,1,1,89,08-0030-5671eaee4d6b,800072,5671eaee4d6b80f605ed54f88f69fd140da532c02a4d2e9f63dc4a73b74ec73a,0.6736385226249695,1,1,88
7d6a384ee870fb8bb67405177701bc9bd559a5cfc4d5934151269762adb939f5,MT10,official_clean,window-open-v3,8,31,MT-REIM,1,1,1,91,08-0031-c3130990846d,800073,c3130990846d3b03128efd840732d0fd93592b4cb8d6cd3bbabeb3b18c4f95fa,0.71741783618927,1,1,90
7d6a384ee870fb8bb67405177701bc9bd559a5cfc4d5934151269762adb939f5,MT10,official_clean,window-open-v3,8,32,MT-REIM,1,1,1,90,08-0032-344353675981,800074,3443536759813906ff44b27f283b9bc198df8a6e43127d774da2a210e970dbd5,0.6676535606384277,1,1,89
7d6a384ee870fb8bb67405177701bc9bd559a5cfc4d5934151269762adb939f5,MT10,official_clean,window-open-v3,8,33,MT-REIM,1,1,1,87,08-0033-0e7c82f664b2,800075,0e7c82f664b2911b0433951441bde2d752c32a36feb68176d41f651cbfc1b29f,0.7406017780303955,1,1,86
7d6a384ee870fb8bb67405177701bc9bd559a5cfc4d5934151269762adb939f5,MT10,official_clean,window-open-v3,8,34,MT-REIM,1,1,1,96,08-0034-eead4cdd2782,800076,eead4cdd27821f56454afe4bd7d82a8a081e31e1d81685f05c092af51ca74b43,0.6691768169403076,1,1,95
7d6a384ee870fb8bb67405177701bc9bd559a5cfc4d5934151269762adb939f5,MT10,official_clean,window-open-v3,8,35,MT-REIM,1,1,1,88,08-0035-8e67f539133f,800077,8e67f539133f783394ef40b46c6c43d7446f9181d62130fc431746619c8fb451,0.6972351670265198,1,1,87
7d6a384ee870fb8bb67405177701bc9bd559a5cfc4d5934151269762adb939f5,MT10,official_clean,window-open-v3,8,36,MT-REIM,1,1,1,96,08-0036-b4a2239b2c8c,800078,b4a2239b2c8cf0a8593b67a74fc7dec0c08dac9be33b43fd0ecaea2d784f27c3,0.7005005478858948,1,1,95
7d6a384ee870fb8bb67405177701bc9bd559a5cfc4d5934151269762adb939f5,MT10,official_clean,window-open-v3,8,37,MT-REIM,1,1,1,82,08-0037-edda6d41958d,800079,edda6d41958dc04af33e4a2193fa015fb75fe6386a69c571e00cd1e4ee2f9f0b,0.6788347959518433,1,1,81
7d6a384ee870fb8bb67405177701bc9bd559a5cfc4d5934151269762adb939f5,MT10,official_clean,window-open-v3,8,38,MT-REIM,1,1,1,96,08-0038-cfaeee39b501,800080,cfaeee39b50190606a00f088efb8265de697e2be0179b369ebb1b988cb721274,0.6634992957115173,1,1,95
7d6a384ee870fb8bb67405177701bc9bd559a5cfc4d5934151269762adb939f5,MT10,official_clean,window-open-v3,8,39,MT-REIM,1,1,1,90,08-0039-95fc3ef6c2c8,800081,95fc3ef6c2c82e8a9cf0d25f6bb96c9475d88f6ee9003af98d84ee2b1db74d05,0.6947163939476013,1,1,89
7d6a384ee870fb8bb67405177701bc9bd559a5cfc4d5934151269762adb939f5,MT10,official_clean,window-open-v3,8,40,MT-REIM,1,1,1,81,08-0040-c241398b140c,800082,c241398b140c2f33f64d53705340ceb30c4f9f91474d1cf7524f2b875dc68ab0,0.7227478623390198,1,1,80
7d6a384ee870fb8bb67405177701bc9bd559a5cfc4d5934151269762adb939f5,MT10,official_clean,window-open-v3,8,41,MT-REIM,1,1,1,88,08-0041-d1f2a00f9e5e,800083,d1f2a00f9e5e2dbcdda9faeef55bf1210d6865193294bdb274279d5e8f0afdcb,0.6739997863769531,1,1,87
7d6a384ee870fb8bb67405177701bc9bd559a5cfc4d5934151269762adb939f5,MT10,official_clean,window-open-v3,8,42,MT-REIM,1,1,1,92,08-0042-83db24de1284,800084,83db24de1284e4b263c5d03bb13990fffec9218354b96700f1f2e548fa2d94c4,0.6643056273460388,1,1,91
7d6a384ee870fb8bb67405177701bc9bd559a5cfc4d5934151269762adb939f5,MT10,official_clean,window-open-v3,8,43,MT-REIM,1,1,1,92,08-0043-6816afed5994,800085,6816afed59947d79639f6b495046e5e8fe69cbece673bc9592295172100c9596,0.6651413440704346,1,1,91
7d6a384ee870fb8bb67405177701bc9bd559a5cfc4d5934151269762adb939f5,MT10,official_clean,window-open-v3,8,44,MT-REIM,1,1,1,92,08-0044-bc096c4a51c1,800086,bc096c4a51c19d5c5ac4df6ca9745a4c1394997de0a17f0ed88ad60ea23b846c,0.6650301814079285,1,1,91
7d6a384ee870fb8bb67405177701bc9bd559a5cfc4d5934151269762adb939f5,MT10,official_clean,window-open-v3,8,45,MT-REIM,1,1,1,96,08-0045-ac79692c1450,800087,ac79692c1450c962d5ae306d672fc23bffa225b9fdc57122fd707c74b366942f,0.6664211750030518,1,1,95
7d6a384ee870fb8bb67405177701bc9bd559a5cfc4d5934151269762adb939f5,MT10,official_clean,window-open-v3,8,46,MT-REIM,1,1,1,94,08-0046-48a1a4d9a664,800088,48a1a4d9a664d5eb49a5ef67da6b20c1517e046786f163ded33b0e58912e41f3,0.7098749279975891,1,1,93
7d6a384ee870fb8bb67405177701bc9bd559a5cfc4d5934151269762adb939f5,MT10,official_clean,window-open-v3,8,47,MT-REIM,1,1,1,92,08-0047-7ef5663a6e60,800089,7ef5663a6e60686d26e43295908dfb02db8ae631c971da9519f3e8e56fffc4f9,0.6955780982971191,1,1,91
7d6a384ee870fb8bb67405177701bc9bd559a5cfc4d5934151269762adb939f5,MT10,official_clean,window-open-v3,8,48,MT-REIM,1,1,1,95,08-0048-431dcd526f3a,800090,431dcd526f3acaa2a32edb68d6945edfbc73317b072187cbd5613e134a93fdb4,0.6753444671630859,1,1,94
7d6a384ee870fb8bb67405177701bc9bd559a5cfc4d5934151269762adb939f5,MT10,official_clean,window-open-v3,8,49,MT-REIM,1,1,1,87,08-0049-5ee226aa0328,800091,5ee226aa0328d91ebed4fa2a43941848744e7babfb6f589980b5b8e9e9fbf965,0.6949607729911804,1,1,86
7d6a384ee870fb8bb67405177701bc9bd559a5cfc4d5934151269762adb939f5,MT10,official_clean,window-close-v3,9,0,MT-REIM,1,1,1,77,09-0000-bd78d3bfcf77,900042,bd78d3bfcf77a98a74b5b177fad85851dfd978c81807df8e4742341772e6ee77,0.742049515247345,1,1,76
7d6a384ee870fb8bb67405177701bc9bd559a5cfc4d5934151269762adb939f5,MT10,official_clean,window-close-v3,9,1,MT-REIM,1,1,1,83,09-0001-90f1fe27f668,900043,90f1fe27f668ad23ce47faa01a52e5d933e0c8bf0ec7eb227103f4da21eb917d,0.7477588057518005,0,1,83
7d6a384ee870fb8bb67405177701bc9bd559a5cfc4d5934151269762adb939f5,MT10,official_clean,window-close-v3,9,2,MT-REIM,1,1,1,82,09-0002-b002428a3370,900044,b002428a3370490a8ccacb218bf95a01ce0ebe099b4ea93b55acfb1279375e61,0.7453987002372742,0,1,82
7d6a384ee870fb8bb67405177701bc9bd559a5cfc4d5934151269762adb939f5,MT10,official_clean,window-close-v3,9,3,MT-REIM,1,1,1,80,09-0003-4681d606ade5,900045,4681d606ade580435f1cf05ba1a9d595f6960c0c5c5713eb0e157ba337599394,0.7389817237854004,0,1,80
7d6a384ee870fb8bb67405177701bc9bd559a5cfc4d5934151269762adb939f5,MT10,official_clean,window-close-v3,9,4,MT-REIM,1,1,1,79,09-0004-e10c637b5db5,900046,e10c637b5db5526c2430a267d8f03b411128a8324114d152355e50fec60f5ce7,0.7424574494361877,1,1,78
7d6a384ee870fb8bb67405177701bc9bd559a5cfc4d5934151269762adb939f5,MT10,official_clean,window-close-v3,9,5,MT-REIM,1,1,1,88,09-0005-a22eddedb3fa,900047,a22eddedb3fad9f0f81ec8bba083529a07bb3f62c5605487408d46d8029b751a,0.753399133682251,0,1,88
7d6a384ee870fb8bb67405177701bc9bd559a5cfc4d5934151269762adb939f5,MT10,official_clean,window-close-v3,9,6,MT-REIM,1,1,1,85,09-0006-c6bbc5d5d56d,900048,c6bbc5d5d56da8ad41c553bd723b3db93161a1e135583e52ea844c35fb954b6d,0.7514600157737732,0,1,85
7d6a384ee870fb8bb67405177701bc9bd559a5cfc4d5934151269762adb939f5,MT10,official_clean,window-close-v3,9,7,MT-REIM,1,1,1,82,09-0007-4610393c15de,900049,4610393c15deee673d78bd96b494480e8b9ca7c3ea29b05d782ad6cf8bd60e64,0.7435342073440552,0,1,82
7d6a384ee870fb8bb67405177701bc9bd559a5cfc4d5934151269762adb939f5,MT10,official_clean,window-close-v3,9,8,MT-REIM,1,1,1,90,09-0008-d1346940a106,900050,d1346940a1062845891ab99fbf488daa656bbe12d436e7a0606cfc98004a925f,0.7543936371803284,0,1,90
7d6a384ee870fb8bb67405177701bc9bd559a5cfc4d5934151269762adb939f5,MT10,official_clean,window-close-v3,9,9,MT-REIM,1,1,1,89,09-0009-0cf213b39861,900051,0cf213b39861fa4c4ac2d4817bcb502b23924ff6446aa010e355ccfafd4378c0,0.7541866302490234,0,1,89
7d6a384ee870fb8bb67405177701bc9bd559a5cfc4d5934151269762adb939f5,MT10,official_clean,window-close-v3,9,10,MT-REIM,1,1,1,82,09-0010-bc2a2722e3ab,900052,bc2a2722e3abed09008a268ffac8af0a9ffd59191fb761127f2f3f161506acc3,0.7446967363357544,0,1,82
7d6a384ee870fb8bb67405177701bc9bd559a5cfc4d5934151269762adb939f5,MT10,official_clean,window-close-v3,9,11,MT-REIM,1,1,1,80,09-0011-4a59b655c768,900053,4a59b655c768aa246934a825ade6e1fa87b82148aa1420174410b2c166b75442,0.7383503317832947,1,1,79
7d6a384ee870fb8bb67405177701bc9bd559a5cfc4d5934151269762adb939f5,MT10,official_clean,window-close-v3,9,12,MT-REIM,1,1,1,79,09-0012-7458aecab982,900054,7458aecab98212d5d2199f8a1f6f89816f8b159f75b333ffee81efca424ad8ec,0.7419864535331726,1,1,78
7d6a384ee870fb8bb67405177701bc9bd559a5cfc4d5934151269762adb939f5,MT10,official_clean,window-close-v3,9,13,MT-REIM,1,1,1,87,09-0013-045342ea977d,900055,045342ea977d61e9acc404c6e9f0e0554883360e6e85495efedc4b78763ce30a,0.7525661587715149,0,1,87
7d6a384ee870fb8bb67405177701bc9bd559a5cfc4d5934151269762adb939f5,MT10,official_clean,window-close-v3,9,14,MT-REIM,1,1,1,86,09-0014-61316649df6b,900056,61316649df6bd6bf04409faccc6abc4b55059a6a03aec2d402542abcb77f2344,0.7518202662467957,0,1,86
7d6a384ee870fb8bb67405177701bc9bd559a5cfc4d5934151269762adb939f5,MT10,official_clean,window-close-v3,9,15,MT-REIM,1,1,1,79,09-0015-c2e1338af78f,900057,c2e1338af78f0a9d5fdc297dafd9434b296788a9e2dc56f17b3c1d3ce607e2d7,0.7400891184806824,1,1,78
7d6a384ee870fb8bb67405177701bc9bd559a5cfc4d5934151269762adb939f5,MT10,official_clean,window-close-v3,9,16,MT-REIM,1,1,1,90,09-0016-2918c4841d5f,900058,2918c4841d5f2ebae4cd1c2710b824391ad17009a7d9846d02eff395f8703f8c,0.7543672919273376,0,1,90
7d6a384ee870fb8bb67405177701bc9bd559a5cfc4d5934151269762adb939f5,MT10,official_clean,window-close-v3,9,17,MT-REIM,1,1,1,77,09-0017-31ca06263b71,900059,31ca06263b71b25d1369d133e34e1c498201a10251da993e12306e4bb9e121d0,0.7420599460601807,1,1,76
7d6a384ee870fb8bb67405177701bc9bd559a5cfc4d5934151269762adb939f5,MT10,official_clean,window-close-v3,9,18,MT-REIM,1,1,1,81,09-0018-0f8baa81bf22,900060,0f8baa81bf22af5afba775b66f4187a69493030b59988e158f4ed6d57c9835c4,0.7413556575775146,0,1,81
7d6a384ee870fb8bb67405177701bc9bd559a5cfc4d5934151269762adb939f5,MT10,official_clean,window-close-v3,9,19,MT-REIM,1,1,1,77,09-0019-dec433d2afcf,900061,dec433d2afcfd83dc6c35e7324978859ca98a9aeb7887663ab03f0d6f5818fda,0.7416801452636719,1,1,76
7d6a384ee870fb8bb67405177701bc9bd559a5cfc4d5934151269762adb939f5,MT10,official_clean,window-close-v3,9,20,MT-REIM,1,1,1,77,09-0020-e1f7b40cc040,900062,e1f7b40cc040e40d9242f2b3475a82f2e0ccfced957cbd7e36eecf22faef9d77,0.7438098192214966,1,1,76
7d6a384ee870fb8bb67405177701bc9bd559a5cfc4d5934151269762adb939f5,MT10,official_clean,window-close-v3,9,21,MT-REIM,1,1,1,87,09-0021-3eefce240874,900063,3eefce240874b8af3e087fe5dab57edb95b0eb8f6f458c16561f27c363885a21,0.7531297206878662,0,1,87
7d6a384ee870fb8bb67405177701bc9bd559a5cfc4d5934151269762adb939f5,MT10,official_clean,window-close-v3,9,22,MT-REIM,1,1,1,82,09-0022-fe24bca936e4,900064,fe24bca936e460e54eb2d50fb157d534d51a7edfceac35d93287ef2b338f5660,0.7451678514480591,0,1,82
7d6a384ee870fb8bb67405177701bc9bd559a5cfc4d5934151269762adb939f5,MT10,official_clean,window-close-v3,9,23,MT-REIM,1,1,1,78,09-0023-3599d35fede3,900065,3599d35fede37dc236f900c50884a5cf2e99e1f0a3b28e156164a54e35b01668,0.7433875203132629,1,1,77
7d6a384ee870fb8bb67405177701bc9bd559a5cfc4d5934151269762adb939f5,MT10,official_clean,window-close-v3,9,24,MT-REIM,1,1,1,82,09-0024-ebc65002e65c,900066,ebc65002e65c2bcbbac4d6f3128ef3564e08ff3f4dd335b21d645986a8e1fc20,0.7443727254867554,0,1,82
7d6a384ee870fb8bb67405177701bc9bd559a5cfc4d5934151269762adb939f5,MT10,official_clean,window-close-v3,9,25,MT-REIM,1,1,1,80,09-0025-f85a7aaf48bf,900067,f85a7aaf48bf404bad0606020c7eee0e2ef129bed5e25e02f2fb8b6b4f576b3b,0.739574670791626,0,1,80
7d6a384ee870fb8bb67405177701bc9bd559a5cfc4d5934151269762adb939f5,MT10,official_clean,window-close-v3,9,26,MT-REIM,1,1,1,79,09-0026-499739e91492,900068,499739e91492f073b8e525ed0bc7de46fec83d40735dbd2df206a84e40b16746,0.7374298572540283,1,1,78
7d6a384ee870fb8bb67405177701bc9bd559a5cfc4d5934151269762adb939f5,MT10,official_clean,window-close-v3,9,27,MT-REIM,1,1,1,77,09-0027-6f9c7f41dc5d,900069,6f9c7f41dc5d35f25a12f27a7407345c49adc25df783a77194148618ab003678,0.7435669898986816,1,1,76
7d6a384ee870fb8bb67405177701bc9bd559a5cfc4d5934151269762adb939f5,MT10,official_clean,window-close-v3,9,28,MT-REIM,1,1,1,86,09-0028-4987353d6568,900070,4987353d6568327a12fb7156ec40e577f74c61d39305fd6515b2e97e0f0271af,0.7523707151412964,0,1,86
7d6a384ee870fb8bb67405177701bc9bd559a5cfc4d5934151269762adb939f5,MT10,official_clean,window-close-v3,9,29,MT-REIM,1,1,1,83,09-0029-e8bb4fc78fbf,900071,e8bb4fc78fbf043437c0a3b1ab659c08ff555b807d7525981254f6ca06425cea,0.748012125492096,0,1,83
7d6a384ee870fb8bb67405177701bc9bd559a5cfc4d5934151269762adb939f5,MT10,official_clean,window-close-v3,9,30,MT-REIM,1,1,1,79,09-0030-e7023c16b45c,900072,e7023c16b45c7615f514841076fdb399db9da4b326cb632b37191ada8f4b720e,0.741972029209137,1,1,78
7d6a384ee870fb8bb67405177701bc9bd559a5cfc4d5934151269762adb939f5,MT10,official_clean,window-close-v3,9,31,MT-REIM,1,1,1,80,09-0031-1b80974c7d63,900073,1b80974c7d63d5185da7af3d26e605b4690ba4d8b8b1340e3bd9a2c1a9af7160,0.7398679256439209,0,1,80
7d6a384ee870fb8bb67405177701bc9bd559a5cfc4d5934151269762adb939f5,MT10,official_clean,window-close-v3,9,32,MT-REIM,1,1,1,82,09-0032-79b6dd1b99fd,900074,79b6dd1b99fda39b0efbd5efb9d3cf542edd8b508e03ccc047523d880cae658d,0.7444562911987305,0,1,82
7d6a384ee870fb8bb67405177701bc9bd559a5cfc4d5934151269762adb939f5,MT10,official_clean,window-close-v3,9,33,MT-REIM,1,1,1,79,09-0033-d2950a7ae805,900075,d2950a7ae805b134ed8722eb39ad797b1fee8e01e2632d889474418a65d50d1b,0.7400951981544495,1,1,78
7d6a384ee870fb8bb67405177701bc9bd559a5cfc4d5934151269762adb939f5,MT10,official_clean,window-close-v3,9,34,MT-REIM,1,1,1,88,09-0034-42de9a3773c2,900076,42de9a3773c22a66ed6a1db419c9cdf454dcb0c224c449966d5b53036250c5c2,0.7538437843322754,0,1,88
7d6a384ee870fb8bb67405177701bc9bd559a5cfc4d5934151269762adb939f5,MT10,official_clean,window-close-v3,9,35,MT-REIM,1,1,1,89,09-0035-919639f3691f,900077,919639f3691fe67d3a4e1e4e5dd186f68d0773feaac3c38e5114b560ea610096,0.7541941404342651,0,1,89
7d6a384ee870fb8bb67405177701bc9bd559a5cfc4d5934151269762adb939f5,MT10,official_clean,window-close-v3,9,36,MT-REIM,1,1,1,80,09-0036-c0656de5f26f,900078,c0656de5f26f6e8f0547be56a4f7dc33866477e007b8487fc5cc5da9125d69d5,0.7396355867385864,0,1,80
7d6a384ee870fb8bb67405177701bc9bd559a5cfc4d5934151269762adb939f5,MT10,official_clean,window-close-v3,9,37,MT-REIM,1,1,1,89,09-0037-4fbd3f76b3bf,900079,4fbd3f76b3bfc4ebc2c6efdacf57c45fccd07984d807a5ad758c2cc0ce81934d,0.7538496851921082,0,1,89
7d6a384ee870fb8bb67405177701bc9bd559a5cfc4d5934151269762adb939f5,MT10,official_clean,window-close-v3,9,38,MT-REIM,1,1,1,80,09-0038-9af7f7e595b4,900080,9af7f7e595b41230d932ccc4bfcddb26f23b6a93bc6b29408d1b827e0a5192ab,0.7380974888801575,1,1,79
7d6a384ee870fb8bb67405177701bc9bd559a5cfc4d5934151269762adb939f5,MT10,official_clean,window-close-v3,9,39,MT-REIM,1,1,1,80,09-0039-d738dfdfcad6,900081,d738dfdfcad6dd4f0cfe3f0f1eab580ebbb3b7f4431ab01ea997441f18190f25,0.7394840121269226,0,1,80
7d6a384ee870fb8bb67405177701bc9bd559a5cfc4d5934151269762adb939f5,MT10,official_clean,window-close-v3,9,40,MT-REIM,1,1,1,84,09-0040-f6839515c432,900082,f6839515c432b358e3bc6fe32555f5ad1931b17d39770be77f4076ad901b973f,0.748384416103363,0,1,84
7d6a384ee870fb8bb67405177701bc9bd559a5cfc4d5934151269762adb939f5,MT10,official_clean,window-close-v3,9,41,MT-REIM,1,1,1,89,09-0041-ac97506990ec,900083,ac97506990ec749cfd3dd482e0d715342b79b145dd93456f0ee6d459267d5a5a,0.7542998790740967,0,1,89
7d6a384ee870fb8bb67405177701bc9bd559a5cfc4d5934151269762adb939f5,MT10,official_clean,window-close-v3,9,42,MT-REIM,1,1,1,83,09-0042-7a523badee5a,900084,7a523badee5ac03c917f5e8e5866c32fdb11846926f603c7b159e01665035699,0.7472171783447266,0,1,83
7d6a384ee870fb8bb67405177701bc9bd559a5cfc4d5934151269762adb939f5,MT10,official_clean,window-close-v3,9,43,MT-REIM,1,1,1,81,09-0043-ac919fe3bff0,900085,ac919fe3bff0517280772c6a251497eeeb0eae17dfb769c4df509a934ff2e387,0.7422456741333008,0,1,81
7d6a384ee870fb8bb67405177701bc9bd559a5cfc4d5934151269762adb939f5,MT10,official_clean,window-close-v3,9,44,MT-REIM,1,1,1,77,09-0044-f1409d2cc175,900086,f1409d2cc1758e200afd0671e595995f8110d7f7ac731ba507eed74a446e3f3d,0.7417182326316833,1,1,76
7d6a384ee870fb8bb67405177701bc9bd559a5cfc4d5934151269762adb939f5,MT10,official_clean,window-close-v3,9,45,MT-REIM,1,1,1,85,09-0045-7b87ff210982,900087,7b87ff2109827cb93be250e2bc66a4747017eedede98882c80b47971e55abd0f,0.7515511512756348,0,1,85
7d6a384ee870fb8bb67405177701bc9bd559a5cfc4d5934151269762adb939f5,MT10,official_clean,window-close-v3,9,46,MT-REIM,1,1,1,81,09-0046-9e6059328b6e,900088,9e6059328b6ef8d9f0e41d8d213f712b109bde46b43527b9b247e2076cc03df2,0.7418836355209351,0,1,81
7d6a384ee870fb8bb67405177701bc9bd559a5cfc4d5934151269762adb939f5,MT10,official_clean,window-close-v3,9,47,MT-REIM,1,1,1,89,09-0047-a0156b1e1b3c,900089,a0156b1e1b3c9ce2f2b0f7fbda6fdfdd830b453138c539ef5ffca903ba49ccc0,0.7542078495025635,0,1,89
7d6a384ee870fb8bb67405177701bc9bd559a5cfc4d5934151269762adb939f5,MT10,official_clean,window-close-v3,9,48,MT-REIM,1,1,1,80,09-0048-d871ac89e9df,900090,d871ac89e9df00f37c44a9294c536921c5ef31afcecdba5e482190b9214f72ef,0.7381722331047058,1,1,79
7d6a384ee870fb8bb67405177701bc9bd559a5cfc4d5934151269762adb939f5,MT10,official_clean,window-close-v3,9,49,MT-REIM,1,1,1,87,09-0049-73dfd8f00ae0,900091,73dfd8f00ae095181a5c053e842809fd0205a79b20373e7b80785963ee8a189b,0.753165602684021,0,1,87
