run_fingerprint,benchmark,condition,task_name,task_id,task_variant,method,success,intervention_count,recovery_success,steps,paired_episode_id,episode_seed,task_payload_sha256,max_failure_probability,trigger_step,attempt_count,recovery_steps_total
4654de3cc2b4593076d440ba282905a7e7fd8e7e5f5bb6453ed4e617dc3c1963,MT10,official_clean,reach-v3,0,0,MT-MLP BC,1,0,0,39,00-0000-544af2449e9a,42,544af2449e9add2b9cd16d9f72aa365fa18c03ef5e1391e8b7a8eab1c928d2d5,0.0,-1,1,0
4654de3cc2b4593076d440ba282905a7e7fd8e7e5f5bb6453ed4e617dc3c1963,MT10,official_clean,reach-v3,0,0,MT-ACT,1,0,0,48,00-0000-544af2449e9a,42,544af2449e9add2b9cd16d9f72aa365fa18c03ef5e1391e8b7a8eab1c928d2d5,0.0,-1,1,0
4654de3cc2b4593076d440ba282905a7e7fd8e7e5f5bb6453ed4e617dc3c1963,MT10,official_clean,reach-v3,0,0,MT-ACT + Heuristic-Gated Learned Recovery,1,0,0,48,00-0000-544af2449e9a,42,544af2449e9add2b9cd16d9f72aa365fa18c03ef5e1391e8b7a8eab1c928d2d5,0.0,-1,1,0
4654de3cc2b4593076d440ba282905a7e7fd8e7e5f5bb6453ed4e617dc3c1963,MT10,official_clean,reach-v3,0,0,MT-REIM,1,0,0,48,00-0000-544af2449e9a,42,544af2449e9add2b9cd16d9f72aa365fa18c03ef5e1391e8b7a8eab1c928d2d5,0.473074346780777,-1,1,0
4654de3cc2b4593076d440ba282905a7e7fd8e7e5f5bb6453ed4e617dc3c1963,MT10,official_clean,reach-v3,0,1,MT-MLP BC,1,0,0,58,00-0001-96a17741a324,43,96a17741a324c195de87602cf847511c415b9d2824c6debe59d90bb5118c3390,0.0,-1,1,0
4654de3cc2b4593076d440ba282905a7e7fd8e7e5f5bb6453ed4e617dc3c1963,MT10,official_clean,reach-v3,0,1,MT-ACT,1,0,0,57,00-0001-96a17741a324,43,96a17741a324c195de87602cf847511c415b9d2824c6debe59d90bb5118c3390,0.0,-1,1,0
4654de3cc2b4593076d440ba282905a7e7fd8e7e5f5bb6453ed4e617dc3c1963,MT10,official_clean,reach-v3,0,1,MT-ACT + Heuristic-Gated Learned Recovery,1,0,0,57,00-0001-96a17741a324,43,96a17741a324c195de87602cf847511c415b9d2824c6debe59d90bb5118c3390,0.0,-1,1,0
4654de3cc2b4593076d440ba282905a7e7fd8e7e5f5bb6453ed4e617dc3c1963,MT10,official_clean,reach-v3,0,1,MT-REIM,1,0,0,57,00-0001-96a17741a324,43,96a17741a324c195de87602cf847511c415b9d2824c6debe59d90bb5118c3390,0.4785303771495819,-1,1,0
4654de3cc2b4593076d440ba282905a7e7fd8e7e5f5bb6453ed4e617dc3c1963,MT10,official_clean,reach-v3,0,2,MT-MLP BC,0,0,0,500,00-0002-29f33b963e4e,44,29f33b963e4e54ccdb63961996af3411570838b12fc3d21e8140ae14117e60c4,0.0,-1,1,0
4654de3cc2b4593076d440ba282905a7e7fd8e7e5f5bb6453ed4e617dc3c1963,MT10,official_clean,reach-v3,0,2,MT-ACT,1,0,0,53,00-0002-29f33b963e4e,44,29f33b963e4e54ccdb63961996af3411570838b12fc3d21e8140ae14117e60c4,0.0,-1,1,0
4654de3cc2b4593076d440ba282905a7e7fd8e7e5f5bb6453ed4e617dc3c1963,MT10,official_clean,reach-v3,0,2,MT-ACT + Heuristic-Gated Learned Recovery,1,0,0,53,00-0002-29f33b963e4e,44,29f33b963e4e54ccdb63961996af3411570838b12fc3d21e8140ae14117e60c4,0.0,-1,1,0
4654de3cc2b4593076d440ba282905a7e7fd8e7e5f5bb6453ed4e617dc3c1963,MT10,official_clean,reach-v3,0,2,MT-REIM,1,0,0,53,00-0002-29f33b963e4e,44,29f33b963e4e54ccdb63961996af3411570838b12fc3d21e8140ae14117e60c4,0.4744977653026581,-1,1,0
4654de3cc2b4593076d440ba282905a7e7fd8e7e5f5bb6453ed4e617dc3c1963,MT10,official_clean,reach-v3,0,3,MT-MLP BC,1,0,0,46,00-0003-46156b6a7b55,45,46156b6a7b55debfd6e0d00f920bd3b15f1d5dfe619fecccacaf360ed7f0ecde,0.0,-1,1,0
4654de3cc2b4593076d440ba282905a7e7fd8e7e5f5bb6453ed4e617dc3c1963,MT10,official_clean,reach-v3,0,3,MT-ACT,1,0,0,49,00-0003-46156b6a7b55,45,46156b6a7b55debfd6e0d00f920bd3b15f1d5dfe619fecccacaf360ed7f0ecde,0.0,-1,1,0
4654de3cc2b4593076d440ba282905a7e7fd8e7e5f5bb6453ed4e617dc3c1963,MT10,official_clean,reach-v3,0,3,MT-ACT + Heuristic-Gated Learned Recovery,1,0,0,49,00-0003-46156b6a7b55,45,46156b6a7b55debfd6e0d00f920bd3b15f1d5dfe619fecccacaf360ed7f0ecde,0.0,-1,1,0
4654de3cc2b4593076d440ba282905a7e7fd8e7e5f5bb6453ed4e617dc3c1963,MT10,official_clean,reach-v3,0,3,MT-REIM,1,0,0,49,00-0003-46156b6a7b55,45,46156b6a7b55debfd6e0d00f920bd3b15f1d5dfe619fecccacaf360ed7f0ecde,0.4701087176799774,-1,1,0
4654de3cc2b4593076d440ba282905a7e7fd8e7e5f5bb6453ed4e617dc3c1963,MT10,official_clean,reach-v3,0,4,MT-MLP BC,1,0,0,30,00-0004-155c6e32ef87,46,155c6e32ef873e1f5c6c6c8e741b77794e69890d9b9526cdf0b028517c5127eb,0.0,-1,1,0
4654de3cc2b4593076d440ba282905a7e7fd8e7e5f5bb6453ed4e617dc3c1963,MT10,official_clean,reach-v3,0,4,MT-ACT,1,0,0,32,00-0004-155c6e32ef87,46,155c6e32ef873e1f5c6c6c8e741b77794e69890d9b9526cdf0b028517c5127eb,0.0,-1,1,0
4654de3cc2b4593076d440ba282905a7e7fd8e7e5f5bb6453ed4e617dc3c1963,MT10,official_clean,reach-v3,0,4,MT-ACT + Heuristic-Gated Learned Recovery,1,0,0,32,00-0004-155c6e32ef87,46,155c6e32ef873e1f5c6c6c8e741b77794e69890d9b9526cdf0b028517c5127eb,0.0,-1,1,0
4654de3cc2b4593076d440ba282905a7e7fd8e7e5f5bb6453ed4e617dc3c1963,MT10,official_clean,reach-v3,0,4,MT-REIM,1,0,0,32,00-0004-155c6e32ef87,46,155c6e32ef873e1f5c6c6c8e741b77794e69890d9b9526cdf0b028517c5127eb,0.470552533864975,-1,1,0
4654de3cc2b4593076d440ba282905a7e7fd8e7e5f5bb6453ed4e617dc3c1963,MT10,official_clean,reach-v3,0,5,MT-MLP BC,1,0,0,32,00-0005-bc65f1c36808,47,bc65f1c36808c99cc648d755af1b80598c3b3c46095e98af17bd1168ad5374cc,0.0,-1,1,0
4654de3cc2b4593076d440ba282905a7e7fd8e7e5f5bb6453ed4e617dc3c1963,MT10,official_clean,reach-v3,0,5,MT-ACT,1,0,0,37,00-0005-bc65f1c36808,47,bc65f1c36808c99cc648d755af1b80598c3b3c46095e98af17bd1168ad5374cc,0.0,-1,1,0
4654de3cc2b4593076d440ba282905a7e7fd8e7e5f5bb6453ed4e617dc3c1963,MT10,official_clean,reach-v3,0,5,MT-ACT + Heuristic-Gated Learned Recovery,1,0,0,37,00-0005-bc65f1c36808,47,bc65f1c36808c99cc648d755af1b80598c3b3c46095e98af17bd1168ad5374cc,0.0,-1,1,0
4654de3cc2b4593076d440ba282905a7e7fd8e7e5f5bb6453ed4e617dc3c1963,MT10,official_clean,reach-v3,0,5,MT-REIM,1,0,0,37,00-0005-bc65f1c36808,47,bc65f1c36808c99cc648d755af1b80598c3b3c46095e98af17bd1168ad5374cc,0.47192472219467163,-1,1,0
4654de3cc2b4593076d440ba282905a7e7fd8e7e5f5bb6453ed4e617dc3c1963,MT10,official_clean,reach-v3,0,6,MT-MLP BC,1,0,0,39,00-0006-32673d8ca346,48,32673d8ca34676987cd39ac7e2b10043d7546a805721acab0daee5a1954f9775,0.0,-1,1,0
4654de3cc2b4593076d440ba282905a7e7fd8e7e5f5bb6453ed4e617dc3c1963,MT10,official_clean,reach-v3,0,6,MT-ACT,1,0,0,47,00-0006-32673d8ca346,48,32673d8ca34676987cd39ac7e2b10043d7546a805721acab0daee5a1954f9775,0.0,-1,1,0
4654de3cc2b4593076d440ba282905a7e7fd8e7e5f5bb6453ed4e617dc3c1963,MT10,official_clean,reach-v3,0,6,MT-ACT + Heuristic-Gated Learned Recovery,1,0,0,47,00-0006-32673d8ca346,48,32673d8ca34676987cd39ac7e2b10043d7546a805721acab0daee5a1954f9775,0.0,-1,1,0
4654de3cc2b4593076d440ba282905a7e7fd8e7e5f5bb6453ed4e617dc3c1963,MT10,official_clean,reach-v3,0,6,MT-REIM,1,0,0,47,00-0006-32673d8ca346,48,32673d8ca34676987cd39ac7e2b10043d7546a805721acab0daee5a1954f9775,0.47138598561286926,-1,1,0
4654de3cc2b4593076d440ba282905a7e7fd8e7e5f5bb6453ed4e617dc3c1963,MT10,official_clean,reach-v3,0,7,MT-MLP BC,1,0,0,36,00-0007-f6b3831b8af9,49,f6b3831b8af9412f00b31756ce7e039d7c9954d348d4b4e897c7b47a96a20b48,0.0,-1,1,0
4654de3cc2b4593076d440ba282905a7e7fd8e7e5f5bb6453ed4e617dc3c1963,MT10,official_clean,reach-v3,0,7,MT-ACT,1,0,0,44,00-0007-f6b3831b8af9,49,f6b3831b8af9412f00b31756ce7e039d7c9954d348d4b4e897c7b47a96a20b48,0.0,-1,1,0
4654de3cc2b4593076d440ba282905a7e7fd8e7e5f5bb6453ed4e617dc3c1963,MT10,official_clean,reach-v3,0,7,MT-ACT + Heuristic-Gated Learned Recovery,1,0,0,44,00-0007-f6b3831b8af9,49,f6b3831b8af9412f00b31756ce7e039d7c9954d348d4b4e897c7b47a96a20b48,0.0,-1,1,0
4654de3cc2b4593076d440ba282905a7e7fd8e7e5f5bb6453ed4e617dc3c1963,MT10,official_clean,reach-v3,0,7,MT-REIM,1,0,0,44,00-0007-f6b3831b8af9,49,f6b3831b8af9412f00b31756ce7e039d7c9954d348d4b4e897c7b47a96a20b48,0.48201408982276917,-1,1,0
4654de3cc2b4593076d440ba282905a7e7fd8e7e5f5bb6453ed4e617dc3c1963,MT10,official_clean,reach-v3,0,8,MT-MLP BC,1,0,0,49,00-0008-fcce8f48f9da,50,fcce8f48f9dadb98d71ea8cf308f4795f4cd4b8f33b0a780a11a93adbf05edd6,0.0,-1,1,0
4654de3cc2b4593076d440ba282905a7e7fd8e7e5f5bb6453ed4e617dc3c1963,MT10,official_clean,reach-v3,0,8,MT-ACT,1,0,0,51,00-0008-fcce8f48f9da,50,fcce8f48f9dadb98d71ea8cf308f4795f4cd4b8f33b0a780a11a93adbf05edd6,0.0,-1,1,0
4654de3cc2b4593076d440ba282905a7e7fd8e7e5f5bb6453ed4e617dc3c1963,MT10,official_clean,reach-v3,0,8,MT-ACT + Heuristic-Gated Learned Recovery,1,0,0,51,00-0008-fcce8f48f9da,50,fcce8f48f9dadb98d71ea8cf308f4795f4cd4b8f33b0a780a11a93adbf05edd6,0.0,-1,1,0
4654de3cc2b4593076d440ba282905a7e7fd8e7e5f5bb6453ed4e617dc3c1963,MT10,official_clean,reach-v3,0,8,MT-REIM,1,0,0,51,00-0008-fcce8f48f9da,50,fcce8f48f9dadb98d71ea8cf308f4795f4cd4b8f33b0a780a11a93adbf05edd6,0.4782167673110962,-1,1,0
4654de3cc2b4593076d440ba282905a7e7fd8e7e5f5bb6453ed4e617dc3c1963,MT10,official_clean,reach-v3,0,9,MT-MLP BC,0,0,0,500,00-0009-0e15d0c915a0,51,0e15d0c915a093aa5c6b2aa33517cacfeed694cdde89bde42cec2159d5a298d1,0.0,-1,1,0
4654de3cc2b4593076d440ba282905a7e7fd8e7e5f5bb6453ed4e617dc3c1963,MT10,official_clean,reach-v3,0,9,MT-ACT,1,0,0,55,00-0009-0e15d0c915a0,51,0e15d0c915a093aa5c6b2aa33517cacfeed694cdde89bde42cec2159d5a298d1,0.0,-1,1,0
4654de3cc2b4593076d440ba282905a7e7fd8e7e5f5bb6453ed4e617dc3c1963,MT10,official_clean,reach-v3,0,9,MT-ACT + Heuristic-Gated Learned Recovery,1,0,0,55,00-0009-0e15d0c915a0,51,0e15d0c915a093aa5c6b2aa33517cacfeed694cdde89bde42cec2159d5a298d1,0.0,-1,1,0
4654de3cc2b4593076d440ba282905a7e7fd8e7e5f5bb6453ed4e617dc3c1963,MT10,official_clean,reach-v3,0,9,MT-REIM,1,0,0,55,00-0009-0e15d0c915a0,51,0e15d0c915a093aa5c6b2aa33517cacfeed694cdde89bde42cec2159d5a298d1,0.4851303994655609,-1,1,0
4654de3cc2b4593076d440ba282905a7e7fd8e7e5f5bb6453ed4e617dc3c1963,MT10,official_clean,reach-v3,0,10,MT-MLP BC,1,0,0,27,00-0010-00c1fc33dee2,52,00c1fc33dee25139e532fdde47b7a90383696695df2bba389fb813f7c51d51e6,0.0,-1,1,0
4654de3cc2b4593076d440ba282905a7e7fd8e7e5f5bb6453ed4e617dc3c1963,MT10,official_clean,reach-v3,0,10,MT-ACT,1,0,0,33,00-0010-00c1fc33dee2,52,00c1fc33dee25139e532fdde47b7a90383696695df2bba389fb813f7c51d51e6,0.0,-1,1,0
4654de3cc2b4593076d440ba282905a7e7fd8e7e5f5bb6453ed4e617dc3c1963,MT10,official_clean,reach-v3,0,10,MT-ACT + Heuristic-Gated Learned Recovery,1,0,0,33,00-0010-00c1fc33dee2,52,00c1fc33dee25139e532fdde47b7a90383696695df2bba389fb813f7c51d51e6,0.0,-1,1,0
4654de3cc2b4593076d440ba282905a7e7fd8e7e5f5bb6453ed4e617dc3c1963,MT10,official_clean,reach-v3,0,10,MT-REIM,1,0,0,33,00-0010-00c1fc33dee2,52,00c1fc33dee25139e532fdde47b7a90383696695df2bba389fb813f7c51d51e6,0.47037914395332336,-1,1,0
4654de3cc2b4593076d440ba282905a7e7fd8e7e5f5bb6453ed4e617dc3c1963,MT10,official_clean,reach-v3,0,11,MT-MLP BC,1,0,0,33,00-0011-32989476e412,53,32989476e41214d29462fa1e343ee2756f0fd57b1906ce90eddcb3dea5619acb,0.0,-1,1,0
4654de3cc2b4593076d440ba282905a7e7fd8e7e5f5bb6453ed4e617dc3c1963,MT10,official_clean,reach-v3,0,11,MT-ACT,1,0,0,36,00-0011-32989476e412,53,32989476e41214d29462fa1e343ee2756f0fd57b1906ce90eddcb3dea5619acb,0.0,-1,1,0
4654de3cc2b4593076d440ba282905a7e7fd8e7e5f5bb6453ed4e617dc3c1963,MT10,official_clean,reach-v3,0,11,MT-ACT + Heuristic-Gated Learned Recovery,1,0,0,36,00-0011-32989476e412,53,32989476e41214d29462fa1e343ee2756f0fd57b1906ce90eddcb3dea5619acb,0.0,-1,1,0
4654de3cc2b4593076d440ba282905a7e7fd8e7e5f5bb6453ed4e617dc3c1963,MT10,official_clean,reach-v3,0,11,MT-REIM,1,0,0,36,00-0011-32989476e412,53,32989476e41214d29462fa1e343ee2756f0fd57b1906ce90eddcb3dea5619acb,0.47017809748649597,-1,1,0
4654de3cc2b4593076d440ba282905a7e7fd8e7e5f5bb6453ed4e617dc3c1963,MT10,official_clean,reach-v3,0,12,MT-MLP BC,0,0,0,500,00-0012-367fa86ddcdc,54,367fa86ddcdcb254dc5513ecf0c72c7070939d494dc6f28943b0221c90fa4da1,0.0,-1,1,0
4654de3cc2b4593076d440ba282905a7e7fd8e7e5f5bb6453ed4e617dc3c1963,MT10,official_clean,reach-v3,0,12,MT-ACT,1,0,0,36,00-0012-367fa86ddcdc,54,367fa86ddcdcb254dc5513ecf0c72c7070939d494dc6f28943b0221c90fa4da1,0.0,-1,1,0
4654de3cc2b4593076d440ba282905a7e7fd8e7e5f5bb6453ed4e617dc3c1963,MT10,official_clean,reach-v3,0,12,MT-ACT + Heuristic-Gated Learned Recovery,1,0,0,36,00-0012-367fa86ddcdc,54,367fa86ddcdcb254dc5513ecf0c72c7070939d494dc6f28943b0221c90fa4da1,0.0,-1,1,0
4654de3cc2b4593076d440ba282905a7e7fd8e7e5f5bb6453ed4e617dc3c1963,MT10,official_clean,reach-v3,0,12,MT-REIM,1,0,0,36,00-0012-367fa86ddcdc,54,367fa86ddcdcb254dc5513ecf0c72c7070939d494dc6f28943b0221c90fa4da1,0.4807763993740082,-1,1,0
4654de3cc2b4593076d440ba282905a7e7fd8e7e5f5bb6453ed4e617dc3c1963,MT10,official_clean,reach-v3,0,13,MT-MLP BC,1,0,0,41,00-0013-8fca8b340cf3,55,8fca8b340cf344cc9fb1d6587ae6fb754d55bbc57e75054ad79e370849aca5c7,0.0,-1,1,0
4654de3cc2b4593076d440ba282905a7e7fd8e7e5f5bb6453ed4e617dc3c1963,MT10,official_clean,reach-v3,0,13,MT-ACT,1,0,0,49,00-0013-8fca8b340cf3,55,8fca8b340cf344cc9fb1d6587ae6fb754d55bbc57e75054ad79e370849aca5c7,0.0,-1,1,0
4654de3cc2b4593076d440ba282905a7e7fd8e7e5f5bb6453ed4e617dc3c1963,MT10,official_clean,reach-v3,0,13,MT-ACT + Heuristic-Gated Learned Recovery,1,0,0,49,00-0013-8fca8b340cf3,55,8fca8b340cf344cc9fb1d6587ae6fb754d55bbc57e75054ad79e370849aca5c7,0.0,-1,1,0
4654de3cc2b4593076d440ba282905a7e7fd8e7e5f5bb6453ed4e617dc3c1963,MT10,official_clean,reach-v3,0,13,MT-REIM,1,0,0,49,00-0013-8fca8b340cf3,55,8fca8b340cf344cc9fb1d6587ae6fb754d55bbc57e75054ad79e370849aca5c7,0.46645960211753845,-1,1,0
4654de3cc2b4593076d440ba282905a7e7fd8e7e5f5bb6453ed4e617dc3c1963,MT10,official_clean,reach-v3,0,14,MT-MLP BC,1,0,0,41,00-0014-8efbdac8b061,56,8efbdac8b061454bc51a54f9ab40fafd5af851d0f538bf5a90a820c5c08fbbec,0.0,-1,1,0
4654de3cc2b4593076d440ba282905a7e7fd8e7e5f5bb6453ed4e617dc3c1963,MT10,official_clean,reach-v3,0,14,MT-ACT,1,0,0,45,00-0014-8efbdac8b061,56,8efbdac8b061454bc51a54f9ab40fafd5af851d0f538bf5a90a820c5c08fbbec,0.0,-1,1,0
4654de3cc2b4593076d440ba282905a7e7fd8e7e5f5bb6453ed4e617dc3c1963,MT10,official_clean,reach-v3,0,14,MT-ACT + Heuristic-Gated Learned Recovery,1,0,0,45,00-0014-8efbdac8b061,56,8efbdac8b061454bc51a54f9ab40fafd5af851d0f538bf5a90a820c5c08fbbec,0.0,-1,1,0
4654de3cc2b4593076d440ba282905a7e7fd8e7e5f5bb6453ed4e617dc3c1963,MT10,official_clean,reach-v3,0,14,MT-REIM,1,0,0,45,00-0014-8efbdac8b061,56,8efbdac8b061454bc51a54f9ab40fafd5af851d0f538bf5a90a820c5c08fbbec,0.4644547998905182,-1,1,0
4654de3cc2b4593076d440ba282905a7e7fd8e7e5f5bb6453ed4e617dc3c1963,MT10,official_clean,reach-v3,0,15,MT-MLP BC,1,0,0,31,00-0015-9ac076b093b1,57,9ac076b093b1ff60c383b93ce9976a5fa5ee11e2b3078953f10dc3fe97004e08,0.0,-1,1,0
4654de3cc2b4593076d440ba282905a7e7fd8e7e5f5bb6453ed4e617dc3c1963,MT10,official_clean,reach-v3,0,15,MT-ACT,1,0,0,32,00-0015-9ac076b093b1,57,9ac076b093b1ff60c383b93ce9976a5fa5ee11e2b3078953f10dc3fe97004e08,0.0,-1,1,0
4654de3cc2b4593076d440ba282905a7e7fd8e7e5f5bb6453ed4e617dc3c1963,MT10,official_clean,reach-v3,0,15,MT-ACT + Heuristic-Gated Learned Recovery,1,0,0,32,00-0015-9ac076b093b1,57,9ac076b093b1ff60c383b93ce9976a5fa5ee11e2b3078953f10dc3fe97004e08,0.0,-1,1,0
4654de3cc2b4593076d440ba282905a7e7fd8e7e5f5bb6453ed4e617dc3c1963,MT10,official_clean,reach-v3,0,15,MT-REIM,1,0,0,32,00-0015-9ac076b093b1,57,9ac076b093b1ff60c383b93ce9976a5fa5ee11e2b3078953f10dc3fe97004e08,0.473407506942749,-1,1,0
4654de3cc2b4593076d440ba282905a7e7fd8e7e5f5bb6453ed4e617dc3c1963,MT10,official_clean,reach-v3,0,16,MT-MLP BC,0,0,0,500,00-0016-9a7e9edea234,58,9a7e9edea234d83be8f1d88ad32da7ce6ff0f0f73a45db1bb53835fe96a7fc1a,0.0,-1,1,0
4654de3cc2b4593076d440ba282905a7e7fd8e7e5f5bb6453ed4e617dc3c1963,MT10,official_clean,reach-v3,0,16,MT-ACT,1,0,0,50,00-0016-9a7e9edea234,58,9a7e9edea234d83be8f1d88ad32da7ce6ff0f0f73a45db1bb53835fe96a7fc1a,0.0,-1,1,0
4654de3cc2b4593076d440ba282905a7e7fd8e7e5f5bb6453ed4e617dc3c1963,MT10,official_clean,reach-v3,0,16,MT-ACT + Heuristic-Gated Learned Recovery,1,0,0,50,00-0016-9a7e9edea234,58,9a7e9edea234d83be8f1d88ad32da7ce6ff0f0f73a45db1bb53835fe96a7fc1a,0.0,-1,1,0
4654de3cc2b4593076d440ba282905a7e7fd8e7e5f5bb6453ed4e617dc3c1963,MT10,official_clean,reach-v3,0,16,MT-REIM,1,0,0,50,00-0016-9a7e9edea234,58,9a7e9edea234d83be8f1d88ad32da7ce6ff0f0f73a45db1bb53835fe96a7fc1a,0.46430522203445435,-1,1,0
4654de3cc2b4593076d440ba282905a7e7fd8e7e5f5bb6453ed4e617dc3c1963,MT10,official_clean,reach-v3,0,17,MT-MLP BC,0,0,0,500,00-0017-2d000de5f469,59,2d000de5f4695be2c6bb916fbc2ef727dd33314ebf20166a0cf5d816d3c20aeb,0.0,-1,1,0
4654de3cc2b4593076d440ba282905a7e7fd8e7e5f5bb6453ed4e617dc3c1963,MT10,official_clean,reach-v3,0,17,MT-ACT,1,0,0,60,00-0017-2d000de5f469,59,2d000de5f4695be2c6bb916fbc2ef727dd33314ebf20166a0cf5d816d3c20aeb,0.0,-1,1,0
4654de3cc2b4593076d440ba282905a7e7fd8e7e5f5bb6453ed4e617dc3c1963,MT10,official_clean,reach-v3,0,17,MT-ACT + Heuristic-Gated Learned Recovery,1,0,0,60,00-0017-2d000de5f469,59,2d000de5f4695be2c6bb916fbc2ef727dd33314ebf20166a0cf5d816d3c20aeb,0.0,-1,1,0
4654de3cc2b4593076d440ba282905a7e7fd8e7e5f5bb6453ed4e617dc3c1963,MT10,official_clean,reach-v3,0,17,MT-REIM,1,0,0,60,00-0017-2d000de5f469,59,2d000de5f4695be2c6bb916fbc2ef727dd33314ebf20166a0cf5d816d3c20aeb,0.4752839207649231,-1,1,0
4654de3cc2b4593076d440ba282905a7e7fd8e7e5f5bb6453ed4e617dc3c1963,MT10,official_clean,reach-v3,0,18,MT-MLP BC,1,0,0,42,00-0018-9e1017c9e2e6,60,9e1017c9e2e65b00e24c58fb1d757c41fe8364ad8f7dd4ba318a9fe34dd4fbd0,0.0,-1,1,0
4654de3cc2b4593076d440ba282905a7e7fd8e7e5f5bb6453ed4e617dc3c1963,MT10,official_clean,reach-v3,0,18,MT-ACT,1,0,0,47,00-0018-9e1017c9e2e6,60,9e1017c9e2e65b00e24c58fb1d757c41fe8364ad8f7dd4ba318a9fe34dd4fbd0,0.0,-1,1,0
4654de3cc2b4593076d440ba282905a7e7fd8e7e5f5bb6453ed4e617dc3c1963,MT10,official_clean,reach-v3,0,18,MT-ACT + Heuristic-Gated Learned Recovery,1,0,0,47,00-0018-9e1017c9e2e6,60,9e1017c9e2e65b00e24c58fb1d757c41fe8364ad8f7dd4ba318a9fe34dd4fbd0,0.0,-1,1,0
4654de3cc2b4593076d440ba282905a7e7fd8e7e5f5bb6453ed4e617dc3c1963,MT10,official_clean,reach-v3,0,18,MT-REIM,1,0,0,47,00-0018-9e1017c9e2e6,60,9e1017c9e2e65b00e24c58fb1d757c41fe8364ad8f7dd4ba318a9fe34dd4fbd0,0.47365739941596985,-1,1,0
4654de3cc2b4593076d440ba282905a7e7fd8e7e5f5bb6453ed4e617dc3c1963,MT10,official_clean,reach-v3,0,19,MT-MLP BC,1,0,0,38,00-0019-d7a9f5042dbc,61,d7a9f5042dbc70fcfc338aeb87113e63e2f3113f942a5d2877e119e1793b6b47,0.0,-1,1,0
4654de3cc2b4593076d440ba282905a7e7fd8e7e5f5bb6453ed4e617dc3c1963,MT10,official_clean,reach-v3,0,19,MT-ACT,1,0,0,43,00-0019-d7a9f5042dbc,61,d7a9f5042dbc70fcfc338aeb87113e63e2f3113f942a5d2877e119e1793b6b47,0.0,-1,1,0
4654de3cc2b4593076d440ba282905a7e7fd8e7e5f5bb6453ed4e617dc3c1963,MT10,official_clean,reach-v3,0,19,MT-ACT + Heuristic-Gated Learned Recovery,1,0,0,43,00-0019-d7a9f5042dbc,61,d7a9f5042dbc70fcfc338aeb87113e63e2f3113f942a5d2877e119e1793b6b47,0.0,-1,1,0
4654de3cc2b4593076d440ba282905a7e7fd8e7e5f5bb6453ed4e617dc3c1963,MT10,official_clean,reach-v3,0,19,MT-REIM,1,0,0,43,00-0019-d7a9f5042dbc,61,d7a9f5042dbc70fcfc338aeb87113e63e2f3113f942a5d2877e119e1793b6b47,0.47567981481552124,-1,1,0
4654de3cc2b4593076d440ba282905a7e7fd8e7e5f5bb6453ed4e617dc3c1963,MT10,official_clean,reach-v3,0,20,MT-MLP BC,1,0,0,42,00-0020-f07c6b8dc0c3,62,f07c6b8dc0c3b61f214c4be556f2b886b9585eb816a63d357c261996bd41dbc6,0.0,-1,1,0
4654de3cc2b4593076d440ba282905a7e7fd8e7e5f5bb6453ed4e617dc3c1963,MT10,official_clean,reach-v3,0,20,MT-ACT,1,0,0,47,00-0020-f07c6b8dc0c3,62,f07c6b8dc0c3b61f214c4be556f2b886b9585eb816a63d357c261996bd41dbc6,0.0,-1,1,0
4654de3cc2b4593076d440ba282905a7e7fd8e7e5f5bb6453ed4e617dc3c1963,MT10,official_clean,reach-v3,0,20,MT-ACT + Heuristic-Gated Learned Recovery,1,0,0,47,00-0020-f07c6b8dc0c3,62,f07c6b8dc0c3b61f214c4be556f2b886b9585eb816a63d357c261996bd41dbc6,0.0,-1,1,0
4654de3cc2b4593076d440ba282905a7e7fd8e7e5f5bb6453ed4e617dc3c1963,MT10,official_clean,reach-v3,0,20,MT-REIM,1,0,0,47,00-0020-f07c6b8dc0c3,62,f07c6b8dc0c3b61f214c4be556f2b886b9585eb816a63d357c261996bd41dbc6,0.46741440892219543,-1,1,0
4654de3cc2b4593076d440ba282905a7e7fd8e7e5f5bb6453ed4e617dc3c1963,MT10,official_clean,reach-v3,0,21,MT-MLP BC,0,0,0,500,00-0021-8c1a3709a842,63,8c1a3709a842eb814e043eef45c607962898529928a1340e586a744e3c621b3e,0.0,-1,1,0
4654de3cc2b4593076d440ba282905a7e7fd8e7e5f5bb6453ed4e617dc3c1963,MT10,official_clean,reach-v3,0,21,MT-ACT,1,0,0,61,00-0021-8c1a3709a842,63,8c1a3709a842eb814e043eef45c607962898529928a1340e586a744e3c621b3e,0.0,-1,1,0
4654de3cc2b4593076d440ba282905a7e7fd8e7e5f5bb6453ed4e617dc3c1963,MT10,official_clean,reach-v3,0,21,MT-ACT + Heuristic-Gated Learned Recovery,1,0,0,61,00-0021-8c1a3709a842,63,8c1a3709a842eb814e043eef45c607962898529928a1340e586a744e3c621b3e,0.0,-1,1,0
4654de3cc2b4593076d440ba282905a7e7fd8e7e5f5bb6453ed4e617dc3c1963,MT10,official_clean,reach-v3,0,21,MT-REIM,1,0,0,61,00-0021-8c1a3709a842,63,8c1a3709a842eb814e043eef45c607962898529928a1340e586a744e3c621b3e,0.4737318754196167,-1,1,0
4654de3cc2b4593076d440ba282905a7e7fd8e7e5f5bb6453ed4e617dc3c1963,MT10,official_clean,reach-v3,0,22,MT-MLP BC,0,0,0,500,00-0022-136be52a4a66,64,136be52a4a6684e35c7336e0ef31eb5fa23bb02583e4beea95b0f8757b0c3fa5,0.0,-1,1,0
4654de3cc2b4593076d440ba282905a7e7fd8e7e5f5bb6453ed4e617dc3c1963,MT10,official_clean,reach-v3,0,22,MT-ACT,1,0,0,58,00-0022-136be52a4a66,64,136be52a4a6684e35c7336e0ef31eb5fa23bb02583e4beea95b0f8757b0c3fa5,0.0,-1,1,0
4654de3cc2b4593076d440ba282905a7e7fd8e7e5f5bb6453ed4e617dc3c1963,MT10,official_clean,reach-v3,0,22,MT-ACT + Heuristic-Gated Learned Recovery,1,0,0,58,00-0022-136be52a4a66,64,136be52a4a6684e35c7336e0ef31eb5fa23bb02583e4beea95b0f8757b0c3fa5,0.0,-1,1,0
4654de3cc2b4593076d440ba282905a7e7fd8e7e5f5bb6453ed4e617dc3c1963,MT10,official_clean,reach-v3,0,22,MT-REIM,1,0,0,58,00-0022-136be52a4a66,64,136be52a4a6684e35c7336e0ef31eb5fa23bb02583e4beea95b0f8757b0c3fa5,0.47667354345321655,-1,1,0
4654de3cc2b4593076d440ba282905a7e7fd8e7e5f5bb6453ed4e617dc3c1963,MT10,official_clean,reach-v3,0,23,MT-MLP BC,1,0,0,36,00-0023-d6e5b19eefe8,65,d6e5b19eefe8292b0616319e0e58c81ae20ad8ff750061c6690dc59e5c2f9051,0.0,-1,1,0
4654de3cc2b4593076d440ba282905a7e7fd8e7e5f5bb6453ed4e617dc3c1963,MT10,official_clean,reach-v3,0,23,MT-ACT,1,0,0,41,00-0023-d6e5b19eefe8,65,d6e5b19eefe8292b0616319e0e58c81ae20ad8ff750061c6690dc59e5c2f9051,0.0,-1,1,0
4654de3cc2b4593076d440ba282905a7e7fd8e7e5f5bb6453ed4e617dc3c1963,MT10,official_clean,reach-v3,0,23,MT-ACT + Heuristic-Gated Learned Recovery,1,0,0,41,00-0023-d6e5b19eefe8,65,d6e5b19eefe8292b0616319e0e58c81ae20ad8ff750061c6690dc59e5c2f9051,0.0,-1,1,0
4654de3cc2b4593076d440ba282905a7e7fd8e7e5f5bb6453ed4e617dc3c1963,MT10,official_clean,reach-v3,0,23,MT-REIM,1,0,0,41,00-0023-d6e5b19eefe8,65,d6e5b19eefe8292b0616319e0e58c81ae20ad8ff750061c6690dc59e5c2f9051,0.4725630283355713,-1,1,0
4654de3cc2b4593076d440ba282905a7e7fd8e7e5f5bb6453ed4e617dc3c1963,MT10,official_clean,reach-v3,0,24,MT-MLP BC,0,0,0,500,00-0024-84b3e62f79b7,66,84b3e62f79b7c98c5969d92a9c9394e5ebfd2cd0d2e6956587323c89ffe1a0d0,0.0,-1,1,0
4654de3cc2b4593076d440ba282905a7e7fd8e7e5f5bb6453ed4e617dc3c1963,MT10,official_clean,reach-v3,0,24,MT-ACT,1,0,0,46,00-0024-84b3e62f79b7,66,84b3e62f79b7c98c5969d92a9c9394e5ebfd2cd0d2e6956587323c89ffe1a0d0,0.0,-1,1,0
4654de3cc2b4593076d440ba282905a7e7fd8e7e5f5bb6453ed4e617dc3c1963,MT10,official_clean,reach-v3,0,24,MT-ACT + Heuristic-Gated Learned Recovery,1,0,0,46,00-0024-84b3e62f79b7,66,84b3e62f79b7c98c5969d92a9c9394e5ebfd2cd0d2e6956587323c89ffe1a0d0,0.0,-1,1,0
4654de3cc2b4593076d440ba282905a7e7fd8e7e5f5bb6453ed4e617dc3c1963,MT10,official_clean,reach-v3,0,24,MT-REIM,1,0,0,46,00-0024-84b3e62f79b7,66,84b3e62f79b7c98c5969d92a9c9394e5ebfd2cd0d2e6956587323c89ffe1a0d0,0.4839770793914795,-1,1,0
4654de3cc2b4593076d440ba282905a7e7fd8e7e5f5bb6453ed4e617dc3c1963,MT10,official_clean,reach-v3,0,25,MT-MLP BC,1,0,0,43,00-0025-d240ac98a595,67,d240ac98a595214369be21d966e42d2d0736d9831569833c43b9022b9487cfa4,0.0,-1,1,0
4654de3cc2b4593076d440ba282905a7e7fd8e7e5f5bb6453ed4e617dc3c1963,MT10,official_clean,reach-v3,0,25,MT-ACT,1,0,0,47,00-0025-d240ac98a595,67,d240ac98a595214369be21d966e42d2d0736d9831569833c43b9022b9487cfa4,0.0,-1,1,0
4654de3cc2b4593076d440ba282905a7e7fd8e7e5f5bb6453ed4e617dc3c1963,MT10,official_clean,reach-v3,0,25,MT-ACT + Heuristic-Gated Learned Recovery,1,0,0,47,00-0025-d240ac98a595,67,d240ac98a595214369be21d966e42d2d0736d9831569833c43b9022b9487cfa4,0.0,-1,1,0
4654de3cc2b4593076d440ba282905a7e7fd8e7e5f5bb6453ed4e617dc3c1963,MT10,official_clean,reach-v3,0,25,MT-REIM,1,0,0,47,00-0025-d240ac98a595,67,d240ac98a595214369be21d966e42d2d0736d9831569833c43b9022b9487cfa4,0.46954670548439026,-1,1,0
4654de3cc2b4593076d440ba282905a7e7fd8e7e5f5bb6453ed4e617dc3c1963,MT10,official_clean,reach-v3,0,26,MT-MLP BC,0,0,0,500,00-0026-797855f29002,68,797855f290026c3832ab9e446559f29f15f852e449746f35c71f959606421d85,0.0,-1,1,0
4654de3cc2b4593076d440ba282905a7e7fd8e7e5f5bb6453ed4e617dc3c1963,MT10,official_clean,reach-v3,0,26,MT-ACT,1,0,0,48,00-0026-797855f29002,68,797855f290026c3832ab9e446559f29f15f852e449746f35c71f959606421d85,0.0,-1,1,0
4654de3cc2b4593076d440ba282905a7e7fd8e7e5f5bb6453ed4e617dc3c1963,MT10,official_clean,reach-v3,0,26,MT-ACT + Heuristic-Gated Learned Recovery,1,0,0,48,00-0026-797855f29002,68,797855f290026c3832ab9e446559f29f15f852e449746f35c71f959606421d85,0.0,-1,1,0
4654de3cc2b4593076d440ba282905a7e7fd8e7e5f5bb6453ed4e617dc3c1963,MT10,official_clean,reach-v3,0,26,MT-REIM,1,0,0,48,00-0026-797855f29002,68,797855f290026c3832ab9e446559f29f15f852e449746f35c71f959606421d85,0.4817558825016022,-1,1,0
4654de3cc2b4593076d440ba282905a7e7fd8e7e5f5bb6453ed4e617dc3c1963,MT10,official_clean,reach-v3,0,27,MT-MLP BC,1,0,0,35,00-0027-81236adb20c0,69,81236adb20c05dbb1b876b2f2eb550de66aebdfe5ee779d51757447bc1541f17,0.0,-1,1,0
4654de3cc2b4593076d440ba282905a7e7fd8e7e5f5bb6453ed4e617dc3c1963,MT10,official_clean,reach-v3,0,27,MT-ACT,1,0,0,36,00-0027-81236adb20c0,69,81236adb20c05dbb1b876b2f2eb550de66aebdfe5ee779d51757447bc1541f17,0.0,-1,1,0
4654de3cc2b4593076d440ba282905a7e7fd8e7e5f5bb6453ed4e617dc3c1963,MT10,official_clean,reach-v3,0,27,MT-ACT + Heuristic-Gated Learned Recovery,1,0,0,36,00-0027-81236adb20c0,69,81236adb20c05dbb1b876b2f2eb550de66aebdfe5ee779d51757447bc1541f17,0.0,-1,1,0
4654de3cc2b4593076d440ba282905a7e7fd8e7e5f5bb6453ed4e617dc3c1963,MT10,official_clean,reach-v3,0,27,MT-REIM,1,0,0,36,00-0027-81236adb20c0,69,81236adb20c05dbb1b876b2f2eb550de66aebdfe5ee779d51757447bc1541f17,0.4703889489173889,-1,1,0
4654de3cc2b4593076d440ba282905a7e7fd8e7e5f5bb6453ed4e617dc3c1963,MT10,official_clean,reach-v3,0,28,MT-MLP BC,1,0,0,42,00-0028-1365e77e6b61,70,1365e77e6b61320c338781372bd18ae72c4a74fbf79d1f7f8baa8a0e0b7471d8,0.0,-1,1,0
4654de3cc2b4593076d440ba282905a7e7fd8e7e5f5bb6453ed4e617dc3c1963,MT10,official_clean,reach-v3,0,28,MT-ACT,1,0,0,57,00-0028-1365e77e6b61,70,1365e77e6b61320c338781372bd18ae72c4a74fbf79d1f7f8baa8a0e0b7471d8,0.0,-1,1,0
4654de3cc2b4593076d440ba282905a7e7fd8e7e5f5bb6453ed4e617dc3c1963,MT10,official_clean,reach-v3,0,28,MT-ACT + Heuristic-Gated Learned Recovery,1,0,0,57,00-0028-1365e77e6b61,70,1365e77e6b61320c338781372bd18ae72c4a74fbf79d1f7f8baa8a0e0b7471d8,0.0,-1,1,0
4654de3cc2b4593076d440ba282905a7e7fd8e7e5f5bb6453ed4e617dc3c1963,MT10,official_clean,reach-v3,0,28,MT-REIM,1,0,0,57,00-0028-1365e77e6b61,70,1365e77e6b61320c338781372bd18ae72c4a74fbf79d1f7f8baa8a0e0b7471d8,0.4700997769832611,-1,1,0
4654de3cc2b4593076d440ba282905a7e7fd8e7e5f5bb6453ed4e617dc3c1963,MT10,official_clean,reach-v3,0,29,MT-MLP BC,0,0,0,500,00-0029-5d016203e179,71,5d016203e1792bfb0634975ed9620e6e7bdcd5e841b75b05accc572a4a02eb86,0.0,-1,1,0
4654de3cc2b4593076d440ba282905a7e7fd8e7e5f5bb6453ed4e617dc3c1963,MT10,official_clean,reach-v3,0,29,MT-ACT,0,0,0,500,00-0029-5d016203e179,71,5d016203e1792bfb0634975ed9620e6e7bdcd5e841b75b05accc572a4a02eb86,0.0,-1,1,0
4654de3cc2b4593076d440ba282905a7e7fd8e7e5f5bb6453ed4e617dc3c1963,MT10,official_clean,reach-v3,0,29,MT-ACT + Heuristic-Gated Learned Recovery,1,1,1,76,00-0029-5d016203e179,71,5d016203e1792bfb0634975ed9620e6e7bdcd5e841b75b05accc572a4a02eb86,0.0,71,1,5
4654de3cc2b4593076d440ba282905a7e7fd8e7e5f5bb6453ed4e617dc3c1963,MT10,official_clean,reach-v3,0,29,MT-REIM,0,0,0,500,00-0029-5d016203e179,71,5d016203e1792bfb0634975ed9620e6e7bdcd5e841b75b05accc572a4a02eb86,0.4914775788784027,-1,1,0
4654de3cc2b4593076d440ba282905a7e7fd8e7e5f5bb6453ed4e617dc3c1963,MT10,official_clean,reach-v3,0,30,MT-MLP BC,1,0,0,46,00-0030-8d9235b8b7cf,72,8d9235b8b7cf2a6f9d7039c68175761b712e13bf2406c82dd3cc1f23c6667569,0.0,-1,1,0
4654de3cc2b4593076d440ba282905a7e7fd8e7e5f5bb6453ed4e617dc3c1963,MT10,official_clean,reach-v3,0,30,MT-ACT,1,0,0,54,00-0030-8d9235b8b7cf,72,8d9235b8b7cf2a6f9d7039c68175761b712e13bf2406c82dd3cc1f23c6667569,0.0,-1,1,0
4654de3cc2b4593076d440ba282905a7e7fd8e7e5f5bb6453ed4e617dc3c1963,MT10,official_clean,reach-v3,0,30,MT-ACT + Heuristic-Gated Learned Recovery,1,0,0,54,00-0030-8d9235b8b7cf,72,8d9235b8b7cf2a6f9d7039c68175761b712e13bf2406c82dd3cc1f23c6667569,0.0,-1,1,0
4654de3cc2b4593076d440ba282905a7e7fd8e7e5f5bb6453ed4e617dc3c1963,MT10,official_clean,reach-v3,0,30,MT-REIM,1,0,0,54,00-0030-8d9235b8b7cf,72,8d9235b8b7cf2a6f9d7039c68175761b712e13bf2406c82dd3cc1f23c6667569,0.4706394672393799,-1,1,0
4654de3cc2b4593076d440ba282905a7e7fd8e7e5f5bb6453ed4e617dc3c1963,MT10,official_clean,reach-v3,0,31,MT-MLP BC,1,0,0,46,00-0031-aa034019c6d4,73,aa034019c6d4492e9f0bbfc4f67b9dc3a8805b53e114e6ce486a0f5108fbddd2,0.0,-1,1,0
4654de3cc2b4593076d440ba282905a7e7fd8e7e5f5bb6453ed4e617dc3c1963,MT10,official_clean,reach-v3,0,31,MT-ACT,1,0,0,42,00-0031-aa034019c6d4,73,aa034019c6d4492e9f0bbfc4f67b9dc3a8805b53e114e6ce486a0f5108fbddd2,0.0,-1,1,0
4654de3cc2b4593076d440ba282905a7e7fd8e7e5f5bb6453ed4e617dc3c1963,MT10,official_clean,reach-v3,0,31,MT-ACT + Heuristic-Gated Learned Recovery,1,0,0,42,00-0031-aa034019c6d4,73,aa034019c6d4492e9f0bbfc4f67b9dc3a8805b53e114e6ce486a0f5108fbddd2,0.0,-1,1,0
4654de3cc2b4593076d440ba282905a7e7fd8e7e5f5bb6453ed4e617dc3c1963,MT10,official_clean,reach-v3,0,31,MT-REIM,1,0,0,42,00-0031-aa034019c6d4,73,aa034019c6d4492e9f0bbfc4f67b9dc3a8805b53e114e6ce486a0f5108fbddd2,0.4776585102081299,-1,1,0
4654de3cc2b4593076d440ba282905a7e7fd8e7e5f5bb6453ed4e617dc3c1963,MT10,official_clean,reach-v3,0,32,MT-MLP BC,1,0,0,38,00-0032-ee007e92bdf0,74,ee007e92bdf076dd2769825622d1b07a981eb864c09e197c15d1b794680931ec,0.0,-1,1,0
4654de3cc2b4593076d440ba282905a7e7fd8e7e5f5bb6453ed4e617dc3c1963,MT10,official_clean,reach-v3,0,32,MT-ACT,1,0,0,46,00-0032-ee007e92bdf0,74,ee007e92bdf076dd2769825622d1b07a981eb864c09e197c15d1b794680931ec,0.0,-1,1,0
4654de3cc2b4593076d440ba282905a7e7fd8e7e5f5bb6453ed4e617dc3c1963,MT10,official_clean,reach-v3,0,32,MT-ACT + Heuristic-Gated Learned Recovery,1,0,0,46,00-0032-ee007e92bdf0,74,ee007e92bdf076dd2769825622d1b07a981eb864c09e197c15d1b794680931ec,0.0,-1,1,0
4654de3cc2b4593076d440ba282905a7e7fd8e7e5f5bb6453ed4e617dc3c1963,MT10,official_clean,reach-v3,0,32,MT-REIM,1,0,0,46,00-0032-ee007e92bdf0,74,ee007e92bdf076dd2769825622d1b07a981eb864c09e197c15d1b794680931ec,0.4718819558620453,-1,1,0
4654de3cc2b4593076d440ba282905a7e7fd8e7e5f5bb6453ed4e617dc3c1963,MT10,official_clean,reach-v3,0,33,MT-MLP BC,1,0,0,31,00-0033-fa7153fb0fd4,75,fa7153fb0fd48800b699849a5b04c03b870b8896eb76e4b83a24cb2baa121fe6,0.0,-1,1,0
4654de3cc2b4593076d440ba282905a7e7fd8e7e5f5bb6453ed4e617dc3c1963,MT10,official_clean,reach-v3,0,33,MT-ACT,1,0,0,34,00-0033-fa7153fb0fd4,75,fa7153fb0fd48800b699849a5b04c03b870b8896eb76e4b83a24cb2baa121fe6,0.0,-1,1,0
4654de3cc2b4593076d440ba282905a7e7fd8e7e5f5bb6453ed4e617dc3c1963,MT10,official_clean,reach-v3,0,33,MT-ACT + Heuristic-Gated Learned Recovery,1,0,0,34,00-0033-fa7153fb0fd4,75,fa7153fb0fd48800b699849a5b04c03b870b8896eb76e4b83a24cb2baa121fe6,0.0,-1,1,0
4654de3cc2b4593076d440ba282905a7e7fd8e7e5f5bb6453ed4e617dc3c1963,MT10,official_clean,reach-v3,0,33,MT-REIM,1,0,0,34,00-0033-fa7153fb0fd4,75,fa7153fb0fd48800b699849a5b04c03b870b8896eb76e4b83a24cb2baa121fe6,0.4697483777999878,-1,1,0
4654de3cc2b4593076d440ba282905a7e7fd8e7e5f5bb6453ed4e617dc3c1963,MT10,official_clean,reach-v3,0,34,MT-MLP BC,1,0,0,39,00-0034-d43949f70347,76,d43949f70347aa0675a2684300272bb9973f6450579f9db3605bb812669e4133,0.0,-1,1,0
4654de3cc2b4593076d440ba282905a7e7fd8e7e5f5bb6453ed4e617dc3c1963,MT10,official_clean,reach-v3,0,34,MT-ACT,1,0,0,46,00-0034-d43949f70347,76,d43949f70347aa0675a2684300272bb9973f6450579f9db3605bb812669e4133,0.0,-1,1,0
4654de3cc2b4593076d440ba282905a7e7fd8e7e5f5bb6453ed4e617dc3c1963,MT10,official_clean,reach-v3,0,34,MT-ACT + Heuristic-Gated Learned Recovery,1,0,0,46,00-0034-d43949f70347,76,d43949f70347aa0675a2684300272bb9973f6450579f9db3605bb812669e4133,0.0,-1,1,0
4654de3cc2b4593076d440ba282905a7e7fd8e7e5f5bb6453ed4e617dc3c1963,MT10,official_clean,reach-v3,0,34,MT-REIM,1,0,0,46,00-0034-d43949f70347,76,d43949f70347aa0675a2684300272bb9973f6450579f9db3605bb812669e4133,0.48267701268196106,-1,1,0
4654de3cc2b4593076d440ba282905a7e7fd8e7e5f5bb6453ed4e617dc3c1963,MT10,official_clean,reach-v3,0,35,MT-MLP BC,1,0,0,53,00-0035-cbbfd58f1253,77,cbbfd58f12534f2fa316366fbf486d1a5c1765340395b4c263e4030e17a45bc7,0.0,-1,1,0
4654de3cc2b4593076d440ba282905a7e7fd8e7e5f5bb6453ed4e617dc3c1963,MT10,official_clean,reach-v3,0,35,MT-ACT,1,0,0,58,00-0035-cbbfd58f1253,77,cbbfd58f12534f2fa316366fbf486d1a5c1765340395b4c263e4030e17a45bc7,0.0,-1,1,0
4654de3cc2b4593076d440ba282905a7e7fd8e7e5f5bb6453ed4e617dc3c1963,MT10,official_clean,reach-v3,0,35,MT-ACT + Heuristic-Gated Learned Recovery,1,0,0,58,00-0035-cbbfd58f1253,77,cbbfd58f12534f2fa316366fbf486d1a5c1765340395b4c263e4030e17a45bc7,0.0,-1,1,0
4654de3cc2b4593076d440ba282905a7e7fd8e7e5f5bb6453ed4e617dc3c1963,MT10,official_clean,reach-v3,0,35,MT-REIM,1,0,0,58,00-0035-cbbfd58f1253,77,cbbfd58f12534f2fa316366fbf486d1a5c1765340395b4c263e4030e17a45bc7,0.48070815205574036,-1,1,0
4654de3cc2b4593076d440ba282905a7e7fd8e7e5f5bb6453ed4e617dc3c1963,MT10,official_clean,reach-v3,0,36,MT-MLP BC,1,0,0,39,00-0036-61597ec2c2fd,78,61597ec2c2fd5af0413fc40cf80d84b9a0459bc69c37cb5289516925f33546ac,0.0,-1,1,0
4654de3cc2b4593076d440ba282905a7e7fd8e7e5f5bb6453ed4e617dc3c1963,MT10,official_clean,reach-v3,0,36,MT-ACT,1,0,0,47,00-0036-61597ec2c2fd,78,61597ec2c2fd5af0413fc40cf80d84b9a0459bc69c37cb5289516925f33546ac,0.0,-1,1,0
4654de3cc2b4593076d440ba282905a7e7fd8e7e5f5bb6453ed4e617dc3c1963,MT10,official_clean,reach-v3,0,36,MT-ACT + Heuristic-Gated Learned Recovery,1,0,0,47,00-0036-61597ec2c2fd,78,61597ec2c2fd5af0413fc40cf80d84b9a0459bc69c37cb5289516925f33546ac,0.0,-1,1,0
4654de3cc2b4593076d440ba282905a7e7fd8e7e5f5bb6453ed4e617dc3c1963,MT10,official_clean,reach-v3,0,36,MT-REIM,1,0,0,47,00-0036-61597ec2c2fd,78,61597ec2c2fd5af0413fc40cf80d84b9a0459bc69c37cb5289516925f33546ac,0.47209134697914124,-1,1,0
4654de3cc2b4593076d440ba282905a7e7fd8e7e5f5bb6453ed4e617dc3c1963,MT10,official_clean,reach-v3,0,37,MT-MLP BC,1,0,0,35,00-0037-843dc86b0324,79,843dc86b03249cb1f8d7bc8989a5856c8ca36e26a4acc936d56c807686447e94,0.0,-1,1,0
4654de3cc2b4593076d440ba282905a7e7fd8e7e5f5bb6453ed4e617dc3c1963,MT10,official_clean,reach-v3,0,37,MT-ACT,1,0,0,36,00-0037-843dc86b0324,79,843dc86b03249cb1f8d7bc8989a5856c8ca36e26a4acc936d56c807686447e94,0.0,-1,1,0
4654de3cc2b4593076d440ba282905a7e7fd8e7e5f5bb6453ed4e617dc3c1963,MT10,official_clean,reach-v3,0,37,MT-ACT + Heuristic-Gated Learned Recovery,1,0,0,36,00-0037-843dc86b0324,79,843dc86b03249cb1f8d7bc8989a5856c8ca36e26a4acc936d56c807686447e94,0.0,-1,1,0
4654de3cc2b4593076d440ba282905a7e7fd8e7e5f5bb6453ed4e617dc3c1963,MT10,official_clean,reach-v3,0,37,MT-REIM,1,0,0,36,00-0037-843dc86b0324,79,843dc86b03249cb1f8d7bc8989a5856c8ca36e26a4acc936d56c807686447e94,0.47656339406967163,-1,1,0
4654de3cc2b4593076d440ba282905a7e7fd8e7e5f5bb6453ed4e617dc3c1963,MT10,official_clean,reach-v3,0,38,MT-MLP BC,1,0,0,38,00-0038-f2a5a7389f7a,80,f2a5a7389f7aa2ad67997a40dd2e3731c7002ff547fdb131a72aa127e2c4d1cf,0.0,-1,1,0
4654de3cc2b4593076d440ba282905a7e7fd8e7e5f5bb6453ed4e617dc3c1963,MT10,official_clean,reach-v3,0,38,MT-ACT,1,0,0,48,00-0038-f2a5a7389f7a,80,f2a5a7389f7aa2ad67997a40dd2e3731c7002ff547fdb131a72aa127e2c4d1cf,0.0,-1,1,0
4654de3cc2b4593076d440ba282905a7e7fd8e7e5f5bb6453ed4e617dc3c1963,MT10,official_clean,reach-v3,0,38,MT-ACT + Heuristic-Gated Learned Recovery,1,0,0,48,00-0038-f2a5a7389f7a,80,f2a5a7389f7aa2ad67997a40dd2e3731c7002ff547fdb131a72aa127e2c4d1cf,0.0,-1,1,0
4654de3cc2b4593076d440ba282905a7e7fd8e7e5f5bb6453ed4e617dc3c1963,MT10,official_clean,reach-v3,0,38,MT-REIM,1,0,0,48,00-0038-f2a5a7389f7a,80,f2a5a7389f7aa2ad67997a40dd2e3731c7002ff547fdb131a72aa127e2c4d1cf,0.4690319895744324,-1,1,0
4654de3cc2b4593076d440ba282905a7e7fd8e7e5f5bb6453ed4e617dc3c1963,MT10,official_clean,reach-v3,0,39,MT-MLP BC,1,0,0,29,00-0039-2364b42f8deb,81,2364b42f8deb0cbed6db9e347ce32d043f9b2cd9ef8361a5afe7546336c8d9f2,0.0,-1,1,0
4654de3cc2b4593076d440ba282905a7e7fd8e7e5f5bb6453ed4e617dc3c1963,MT10,official_clean,reach-v3,0,39,MT-ACT,1,0,0,32,00-0039-2364b42f8deb,81,2364b42f8deb0cbed6db9e347ce32d043f9b2cd9ef8361a5afe7546336c8d9f2,0.0,-1,1,0
4654de3cc2b4593076d440ba282905a7e7fd8e7e5f5bb6453ed4e617dc3c1963,MT10,official_clean,reach-v3,0,39,MT-ACT + Heuristic-Gated Learned Recovery,1,0,0,32,00-0039-2364b42f8deb,81,2364b42f8deb0cbed6db9e347ce32d043f9b2cd9ef8361a5afe7546336c8d9f2,0.0,-1,1,0
4654de3cc2b4593076d440ba282905a7e7fd8e7e5f5bb6453ed4e617dc3c1963,MT10,official_clean,reach-v3,0,39,MT-REIM,1,0,0,32,00-0039-2364b42f8deb,81,2364b42f8deb0cbed6db9e347ce32d043f9b2cd9ef8361a5afe7546336c8d9f2,0.4722152352333069,-1,1,0
4654de3cc2b4593076d440ba282905a7e7fd8e7e5f5bb6453ed4e617dc3c1963,MT10,official_clean,reach-v3,0,40,MT-MLP BC,1,0,0,35,00-0040-c39abb06dd91,82,c39abb06dd91a7829b42daa21308ee0a5c27f7a52484e65893c77d198fb441d3,0.0,-1,1,0
4654de3cc2b4593076d440ba282905a7e7fd8e7e5f5bb6453ed4e617dc3c1963,MT10,official_clean,reach-v3,0,40,MT-ACT,1,0,0,38,00-0040-c39abb06dd91,82,c39abb06dd91a7829b42daa21308ee0a5c27f7a52484e65893c77d198fb441d3,0.0,-1,1,0
4654de3cc2b4593076d440ba282905a7e7fd8e7e5f5bb6453ed4e617dc3c1963,MT10,official_clean,reach-v3,0,40,MT-ACT + Heuristic-Gated Learned Recovery,1,0,0,38,00-0040-c39abb06dd91,82,c39abb06dd91a7829b42daa21308ee0a5c27f7a52484e65893c77d198fb441d3,0.0,-1,1,0
4654de3cc2b4593076d440ba282905a7e7fd8e7e5f5bb6453ed4e617dc3c1963,MT10,official_clean,reach-v3,0,40,MT-REIM,1,0,0,38,00-0040-c39abb06dd91,82,c39abb06dd91a7829b42daa21308ee0a5c27f7a52484e65893c77d198fb441d3,0.47236207127571106,-1,1,0
4654de3cc2b4593076d440ba282905a7e7fd8e7e5f5bb6453ed4e617dc3c1963,MT10,official_clean,reach-v3,0,41,MT-MLP BC,1,0,0,51,00-0041-0e7f737201af,83,0e7f737201af51cd1a5a4d6acde2f5bf72d2ec0b18ffb28d21c38a45ecc66d4c,0.0,-1,1,0
4654de3cc2b4593076d440ba282905a7e7fd8e7e5f5bb6453ed4e617dc3c1963,MT10,official_clean,reach-v3,0,41,MT-ACT,1,0,0,55,00-0041-0e7f737201af,83,0e7f737201af51cd1a5a4d6acde2f5bf72d2ec0b18ffb28d21c38a45ecc66d4c,0.0,-1,1,0
4654de3cc2b4593076d440ba282905a7e7fd8e7e5f5bb6453ed4e617dc3c1963,MT10,official_clean,reach-v3,0,41,MT-ACT + Heuristic-Gated Learned Recovery,1,0,0,55,00-0041-0e7f737201af,83,0e7f737201af51cd1a5a4d6acde2f5bf72d2ec0b18ffb28d21c38a45ecc66d4c,0.0,-1,1,0
4654de3cc2b4593076d440ba282905a7e7fd8e7e5f5bb6453ed4e617dc3c1963,MT10,official_clean,reach-v3,0,41,MT-REIM,1,0,0,55,00-0041-0e7f737201af,83,0e7f737201af51cd1a5a4d6acde2f5bf72d2ec0b18ffb28d21c38a45ecc66d4c,0.4748222231864929,-1,1,0
4654de3cc2b4593076d440ba282905a7e7fd8e7e5f5bb6453ed4e617dc3c1963,MT10,official_clean,reach-v3,0,42,MT-MLP BC,1,0,0,33,00-0042-70e9e1982d85,84,70e9e1982d85fbc6e1aa7a26bd69ececfc5cfe4e73cc58d7d5d96eb5bb9908c1,0.0,-1,1,0
4654de3cc2b4593076d440ba282905a7e7fd8e7e5f5bb6453ed4e617dc3c1963,MT10,official_clean,reach-v3,0,42,MT-ACT,1,0,0,42,00-0042-70e9e1982d85,84,70e9e1982d85fbc6e1aa7a26bd69ececfc5cfe4e73cc58d7d5d96eb5bb9908c1,0.0,-1,1,0
4654de3cc2b4593076d440ba282905a7e7fd8e7e5f5bb6453ed4e617dc3c1963,MT10,official_clean,reach-v3,0,42,MT-ACT + Heuristic-Gated Learned Recovery,1,0,0,42,00-0042-70e9e1982d85,84,70e9e1982d85fbc6e1aa7a26bd69ececfc5cfe4e73cc58d7d5d96eb5bb9908c1,0.0,-1,1,0
4654de3cc2b4593076d440ba282905a7e7fd8e7e5f5bb6453ed4e617dc3c1963,MT10,official_clean,reach-v3,0,42,MT-REIM,1,0,0,42,00-0042-70e9e1982d85,84,70e9e1982d85fbc6e1aa7a26bd69ececfc5cfe4e73cc58d7d5d96eb5bb9908c1,0.4727751314640045,-1,1,0
4654de3cc2b4593076d440ba282905a7e7fd8e7e5f5bb6453ed4e617dc3c1963,MT10,official_clean,reach-v3,0,43,MT-MLP BC,1,0,0,30,00-0043-394b7aa22daf,85,394b7aa22daf5bfc58a65e46d96ded2d526e2a021327d56d5599e773b41ce9b1,0.0,-1,1,0
4654de3cc2b4593076d440ba282905a7e7fd8e7e5f5bb6453ed4e617dc3c1963,MT10,official_clean,reach-v3,0,43,MT-ACT,1,0,0,32,00-0043-394b7aa22daf,85,394b7aa22daf5bfc58a65e46d96ded2d526e2a021327d56d5599e773b41ce9b1,0.0,-1,1,0
4654de3cc2b4593076d440ba282905a7e7fd8e7e5f5bb6453ed4e617dc3c1963,MT10,official_clean,reach-v3,0,43,MT-ACT + Heuristic-Gated Learned Recovery,1,0,0,32,00-0043-394b7aa22daf,85,394b7aa22daf5bfc58a65e46d96ded2d526e2a021327d56d5599e773b41ce9b1,0.0,-1,1,0
4654de3cc2b4593076d440ba282905a7e7fd8e7e5f5bb6453ed4e617dc3c1963,MT10,official_clean,reach-v3,0,43,MT-REIM,1,0,0,32,00-0043-394b7aa22daf,85,394b7aa22daf5bfc58a65e46d96ded2d526e2a021327d56d5599e773b41ce9b1,0.4740146994590759,-1,1,0
4654de3cc2b4593076d440ba282905a7e7fd8e7e5f5bb6453ed4e617dc3c1963,MT10,official_clean,reach-v3,0,44,MT-MLP BC,1,0,0,55,00-0044-88406cc3ccd4,86,88406cc3ccd48ca719c611a9739599e1da09d0eacd0c313710bb1675bcbd7109,0.0,-1,1,0
4654de3cc2b4593076d440ba282905a7e7fd8e7e5f5bb6453ed4e617dc3c1963,MT10,official_clean,reach-v3,0,44,MT-ACT,1,0,0,52,00-0044-88406cc3ccd4,86,88406cc3ccd48ca719c611a9739599e1da09d0eacd0c313710bb1675bcbd7109,0.0,-1,1,0
4654de3cc2b4593076d440ba282905a7e7fd8e7e5f5bb6453ed4e617dc3c1963,MT10,official_clean,reach-v3,0,44,MT-ACT + Heuristic-Gated Learned Recovery,1,0,0,52,00-0044-88406cc3ccd4,86,88406cc3ccd48ca719c611a9739599e1da09d0eacd0c313710bb1675bcbd7109,0.0,-1,1,0
4654de3cc2b4593076d440ba282905a7e7fd8e7e5f5bb6453ed4e617dc3c1963,MT10,official_clean,reach-v3,0,44,MT-REIM,1,0,0,52,00-0044-88406cc3ccd4,86,88406cc3ccd48ca719c611a9739599e1da09d0eacd0c313710bb1675bcbd7109,0.47862666845321655,-1,1,0
4654de3cc2b4593076d440ba282905a7e7fd8e7e5f5bb6453ed4e617dc3c1963,MT10,official_clean,reach-v3,0,45,MT-MLP BC,1,0,0,37,00-0045-66c84db98a78,87,66c84db98a7856455aa7899bb16cd1674a42c2f7e506c8afa8c657aede110ff6,0.0,-1,1,0
4654de3cc2b4593076d440ba282905a7e7fd8e7e5f5bb6453ed4e617dc3c1963,MT10,official_clean,reach-v3,0,45,MT-ACT,1,0,0,46,00-0045-66c84db98a78,87,66c84db98a7856455aa7899bb16cd1674a42c2f7e506c8afa8c657aede110ff6,0.0,-1,1,0
4654de3cc2b4593076d440ba282905a7e7fd8e7e5f5bb6453ed4e617dc3c1963,MT10,official_clean,reach-v3,0,45,MT-ACT + Heuristic-Gated Learned Recovery,1,0,0,46,00-0045-66c84db98a78,87,66c84db98a7856455aa7899bb16cd1674a42c2f7e506c8afa8c657aede110ff6,0.0,-1,1,0
4654de3cc2b4593076d440ba282905a7e7fd8e7e5f5bb6453ed4e617dc3c1963,MT10,official_clean,reach-v3,0,45,MT-REIM,1,0,0,46,00-0045-66c84db98a78,87,66c84db98a7856455aa7899bb16cd1674a42c2f7e506c8afa8c657aede110ff6,0.4709806442260742,-1,1,0
4654de3cc2b4593076d440ba282905a7e7fd8e7e5f5bb6453ed4e617dc3c1963,MT10,official_clean,reach-v3,0,46,MT-MLP BC,0,0,0,500,00-0046-ea36d3e10220,88,ea36d3e10220da50f318d689617ae19c3adbcc82eea89ba260b23fa393e7eaa0,0.0,-1,1,0
4654de3cc2b4593076d440ba282905a7e7fd8e7e5f5bb6453ed4e617dc3c1963,MT10,official_clean,reach-v3,0,46,MT-ACT,1,0,0,70,00-0046-ea36d3e10220,88,ea36d3e10220da50f318d689617ae19c3adbcc82eea89ba260b23fa393e7eaa0,0.0,-1,1,0
4654de3cc2b4593076d440ba282905a7e7fd8e7e5f5bb6453ed4e617dc3c1963,MT10,official_clean,reach-v3,0,46,MT-ACT + Heuristic-Gated Learned Recovery,1,0,0,70,00-0046-ea36d3e10220,88,ea36d3e10220da50f318d689617ae19c3adbcc82eea89ba260b23fa393e7eaa0,0.0,-1,1,0
4654de3cc2b4593076d440ba282905a7e7fd8e7e5f5bb6453ed4e617dc3c1963,MT10,official_clean,reach-v3,0,46,MT-REIM,1,0,0,70,00-0046-ea36d3e10220,88,ea36d3e10220da50f318d689617ae19c3adbcc82eea89ba260b23fa393e7eaa0,0.4751947820186615,-1,1,0
4654de3cc2b4593076d440ba282905a7e7fd8e7e5f5bb6453ed4e617dc3c1963,MT10,official_clean,reach-v3,0,47,MT-MLP BC,0,0,0,500,00-0047-c08bcd93628f,89,c08bcd93628f986c0dfe1f33af874de4d95cebecddc200c39d6cd0336d2cbbca,0.0,-1,1,0
4654de3cc2b4593076d440ba282905a7e7fd8e7e5f5bb6453ed4e617dc3c1963,MT10,official_clean,reach-v3,0,47,MT-ACT,1,0,0,55,00-0047-c08bcd93628f,89,c08bcd93628f986c0dfe1f33af874de4d95cebecddc200c39d6cd0336d2cbbca,0.0,-1,1,0
4654de3cc2b4593076d440ba282905a7e7fd8e7e5f5bb6453ed4e617dc3c1963,MT10,official_clean,reach-v3,0,47,MT-ACT + Heuristic-Gated Learned Recovery,1,0,0,55,00-0047-c08bcd93628f,89,c08bcd93628f986c0dfe1f33af874de4d95cebecddc200c39d6cd0336d2cbbca,0.0,-1,1,0
4654de3cc2b4593076d440ba282905a7e7fd8e7e5f5bb6453ed4e617dc3c1963,MT10,official_clean,reach-v3,0,47,MT-REIM,1,0,0,55,00-0047-c08bcd93628f,89,c08bcd93628f986c0dfe1f33af874de4d95cebecddc200c39d6cd0336d2cbbca,0.4829302132129669,-1,1,0
4654de3cc2b4593076d440ba282905a7e7fd8e7e5f5bb6453ed4e617dc3c1963,MT10,official_clean,reach-v3,0,48,MT-MLP BC,1,0,0,39,00-0048-697e14447bf4,90,697e14447bf486ba187acb780c342e9dacb8962143e81e406b84525388c8977e,0.0,-1,1,0
4654de3cc2b4593076d440ba282905a7e7fd8e7e5f5bb6453ed4e617dc3c1963,MT10,official_clean,reach-v3,0,48,MT-ACT,1,0,0,44,00-0048-697e14447bf4,90,697e14447bf486ba187acb780c342e9dacb8962143e81e406b84525388c8977e,0.0,-1,1,0
4654de3cc2b4593076d440ba282905a7e7fd8e7e5f5bb6453ed4e617dc3c1963,MT10,official_clean,reach-v3,0,48,MT-ACT + Heuristic-Gated Learned Recovery,1,0,0,44,00-0048-697e14447bf4,90,697e14447bf486ba187acb780c342e9dacb8962143e81e406b84525388c8977e,0.0,-1,1,0
4654de3cc2b4593076d440ba282905a7e7fd8e7e5f5bb6453ed4e617dc3c1963,MT10,official_clean,reach-v3,0,48,MT-REIM,1,0,0,44,00-0048-697e14447bf4,90,697e14447bf486ba187acb780c342e9dacb8962143e81e406b84525388c8977e,0.4705193340778351,-1,1,0
4654de3cc2b4593076d440ba282905a7e7fd8e7e5f5bb6453ed4e617dc3c1963,MT10,official_clean,reach-v3,0,49,MT-MLP BC,1,0,0,47,00-0049-d48a5ce69638,91,d48a5ce6963809f59bc10f413194db4b25cd982a2e9e96cf0386a5ce0b0984db,0.0,-1,1,0
4654de3cc2b4593076d440ba282905a7e7fd8e7e5f5bb6453ed4e617dc3c1963,MT10,official_clean,reach-v3,0,49,MT-ACT,1,0,0,52,00-0049-d48a5ce69638,91,d48a5ce6963809f59bc10f413194db4b25cd982a2e9e96cf0386a5ce0b0984db,0.0,-1,1,0
4654de3cc2b4593076d440ba282905a7e7fd8e7e5f5bb6453ed4e617dc3c1963,MT10,official_clean,reach-v3,0,49,MT-ACT + Heuristic-Gated Learned Recovery,1,0,0,52,00-0049-d48a5ce69638,91,d48a5ce6963809f59bc10f413194db4b25cd982a2e9e96cf0386a5ce0b0984db,0.0,-1,1,0
4654de3cc2b4593076d440ba282905a7e7fd8e7e5f5bb6453ed4e617dc3c1963,MT10,official_clean,reach-v3,0,49,MT-REIM,1,0,0,52,00-0049-d48a5ce69638,91,d48a5ce6963809f59bc10f413194db4b25cd982a2e9e96cf0386a5ce0b0984db,0.4727463126182556,-1,1,0
4654de3cc2b4593076d440ba282905a7e7fd8e7e5f5bb6453ed4e617dc3c1963,MT10,official_clean,push-v3,1,0,MT-MLP BC,0,0,0,500,01-0000-2025daed0bc6,100042,2025daed0bc6ecfe2628201ebf64d251595a2f5f25dd9afe64a89d1738a0b9e2,0.0,-1,1,0
4654de3cc2b4593076d440ba282905a7e7fd8e7e5f5bb6453ed4e617dc3c1963,MT10,official_clean,push-v3,1,0,MT-ACT,1,0,0,66,01-0000-2025daed0bc6,100042,2025daed0bc6ecfe2628201ebf64d251595a2f5f25dd9afe64a89d1738a0b9e2,0.0,-1,1,0
4654de3cc2b4593076d440ba282905a7e7fd8e7e5f5bb6453ed4e617dc3c1963,MT10,official_clean,push-v3,1,0,MT-ACT + Heuristic-Gated Learned Recovery,1,0,0,66,01-0000-2025daed0bc6,100042,2025daed0bc6ecfe2628201ebf64d251595a2f5f25dd9afe64a89d1738a0b9e2,0.0,-1,1,0
4654de3cc2b4593076d440ba282905a7e7fd8e7e5f5bb6453ed4e617dc3c1963,MT10,official_clean,push-v3,1,0,MT-REIM,1,0,0,66,01-0000-2025daed0bc6,100042,2025daed0bc6ecfe2628201ebf64d251595a2f5f25dd9afe64a89d1738a0b9e2,0.45979079604148865,-1,1,0
4654de3cc2b4593076d440ba282905a7e7fd8e7e5f5bb6453ed4e617dc3c1963,MT10,official_clean,push-v3,1,1,MT-MLP BC,1,0,0,57,01-0001-5d12101231e4,100043,5d12101231e4d2ff6f1a5ea37649c33687584f845459034cd84c2f2dfdd55446,0.0,-1,1,0
4654de3cc2b4593076d440ba282905a7e7fd8e7e5f5bb6453ed4e617dc3c1963,MT10,official_clean,push-v3,1,1,MT-ACT,1,0,0,56,01-0001-5d12101231e4,100043,5d12101231e4d2ff6f1a5ea37649c33687584f845459034cd84c2f2dfdd55446,0.0,-1,1,0
4654de3cc2b4593076d440ba282905a7e7fd8e7e5f5bb6453ed4e617dc3c1963,MT10,official_clean,push-v3,1,1,MT-ACT + Heuristic-Gated Learned Recovery,1,0,0,56,01-0001-5d12101231e4,100043,5d12101231e4d2ff6f1a5ea37649c33687584f845459034cd84c2f2dfdd55446,0.0,-1,1,0
4654de3cc2b4593076d440ba282905a7e7fd8e7e5f5bb6453ed4e617dc3c1963,MT10,official_clean,push-v3,1,1,MT-REIM,1,0,0,56,01-0001-5d12101231e4,100043,5d12101231e4d2ff6f1a5ea37649c33687584f845459034cd84c2f2dfdd55446,0.4164937138557434,-1,1,0
4654de3cc2b4593076d440ba282905a7e7fd8e7e5f5bb6453ed4e617dc3c1963,MT10,official_clean,push-v3,1,2,MT-MLP BC,1,0,0,57,01-0002-54231d12bd66,100044,54231d12bd668977d671a9f5f719ad7c25d14ae9d5ef553f4e7e3d2ac71bc8a3,0.0,-1,1,0
4654de3cc2b4593076d440ba282905a7e7fd8e7e5f5bb6453ed4e617dc3c1963,MT10,official_clean,push-v3,1,2,MT-ACT,1,0,0,55,01-0002-54231d12bd66,100044,54231d12bd668977d671a9f5f719ad7c25d14ae9d5ef553f4e7e3d2ac71bc8a3,0.0,-1,1,0
4654de3cc2b4593076d440ba282905a7e7fd8e7e5f5bb6453ed4e617dc3c1963,MT10,official_clean,push-v3,1,2,MT-ACT + Heuristic-Gated Learned Recovery,1,0,0,55,01-0002-54231d12bd66,100044,54231d12bd668977d671a9f5f719ad7c25d14ae9d5ef553f4e7e3d2ac71bc8a3,0.0,-1,1,0
4654de3cc2b4593076d440ba282905a7e7fd8e7e5f5bb6453ed4e617dc3c1963,MT10,official_clean,push-v3,1,2,MT-REIM,1,0,0,55,01-0002-54231d12bd66,100044,54231d12bd668977d671a9f5f719ad7c25d14ae9d5ef553f4e7e3d2ac71bc8a3,0.4198371469974518,-1,1,0
4654de3cc2b4593076d440ba282905a7e7fd8e7e5f5bb6453ed4e617dc3c1963,MT10,official_clean,push-v3,1,3,MT-MLP BC,1,0,0,65,01-0003-2902c6755384,100045,2902c6755384f42355fda7c198795f615069366cc4ba84d126886a5286918609,0.0,-1,1,0
4654de3cc2b4593076d440ba282905a7e7fd8e7e5f5bb6453ed4e617dc3c1963,MT10,official_clean,push-v3,1,3,MT-ACT,1,0,0,64,01-0003-2902c6755384,100045,2902c6755384f42355fda7c198795f615069366cc4ba84d126886a5286918609,0.0,-1,1,0
4654de3cc2b4593076d440ba282905a7e7fd8e7e5f5bb6453ed4e617dc3c1963,MT10,official_clean,push-v3,1,3,MT-ACT + Heuristic-Gated Learned Recovery,1,0,0,64,01-0003-2902c6755384,100045,2902c6755384f42355fda7c198795f615069366cc4ba84d126886a5286918609,0.0,-1,1,0
4654de3cc2b4593076d440ba282905a7e7fd8e7e5f5bb6453ed4e617dc3c1963,MT10,official_clean,push-v3,1,3,MT-REIM,1,0,0,64,01-0003-2902c6755384,100045,2902c6755384f42355fda7c198795f615069366cc4ba84d126886a5286918609,0.4169237017631531,-1,1,0
4654de3cc2b4593076d440ba282905a7e7fd8e7e5f5bb6453ed4e617dc3c1963,MT10,official_clean,push-v3,1,4,MT-MLP BC,1,0,0,53,01-0004-c0932f6c62d5,100046,c0932f6c62d564dab89133a132ed309a682bd7a5df2a25e1e9357e0fd57d4130,0.0,-1,1,0
4654de3cc2b4593076d440ba282905a7e7fd8e7e5f5bb6453ed4e617dc3c1963,MT10,official_clean,push-v3,1,4,MT-ACT,1,0,0,55,01-0004-c0932f6c62d5,100046,c0932f6c62d564dab89133a132ed309a682bd7a5df2a25e1e9357e0fd57d4130,0.0,-1,1,0
4654de3cc2b4593076d440ba282905a7e7fd8e7e5f5bb6453ed4e617dc3c1963,MT10,official_clean,push-v3,1,4,MT-ACT + Heuristic-Gated Learned Recovery,1,0,0,55,01-0004-c0932f6c62d5,100046,c0932f6c62d564dab89133a132ed309a682bd7a5df2a25e1e9357e0fd57d4130,0.0,-1,1,0
4654de3cc2b4593076d440ba282905a7e7fd8e7e5f5bb6453ed4e617dc3c1963,MT10,official_clean,push-v3,1,4,MT-REIM,1,0,0,55,01-0004-c0932f6c62d5,100046,c0932f6c62d564dab89133a132ed309a682bd7a5df2a25e1e9357e0fd57d4130,0.41898536682128906,-1,1,0
4654de3cc2b4593076d440ba282905a7e7fd8e7e5f5bb6453ed4e617dc3c1963,MT10,official_clean,push-v3,1,5,MT-MLP BC,1,0,0,67,01-0005-de74d60b9a4e,100047,de74d60b9a4ec8786cd9dea397f51552c1499edc2cdb10fab86ded9661e98225,0.0,-1,1,0
4654de3cc2b4593076d440ba282905a7e7fd8e7e5f5bb6453ed4e617dc3c1963,MT10,official_clean,push-v3,1,5,MT-ACT,1,0,0,66,01-0005-de74d60b9a4e,100047,de74d60b9a4ec8786cd9dea397f51552c1499edc2cdb10fab86ded9661e98225,0.0,-1,1,0
4654de3cc2b4593076d440ba282905a7e7fd8e7e5f5bb6453ed4e617dc3c1963,MT10,official_clean,push-v3,1,5,MT-ACT + Heuristic-Gated Learned Recovery,1,0,0,66,01-0005-de74d60b9a4e,100047,de74d60b9a4ec8786cd9dea397f51552c1499edc2cdb10fab86ded9661e98225,0.0,-1,1,0
4654de3cc2b4593076d440ba282905a7e7fd8e7e5f5bb6453ed4e617dc3c1963,MT10,official_clean,push-v3,1,5,MT-REIM,1,0,0,66,01-0005-de74d60b9a4e,100047,de74d60b9a4ec8786cd9dea397f51552c1499edc2cdb10fab86ded9661e98225,0.41801974177360535,-1,1,0
4654de3cc2b4593076d440ba282905a7e7fd8e7e5f5bb6453ed4e617dc3c1963,MT10,official_clean,push-v3,1,6,MT-MLP BC,1,0,0,54,01-0006-b28559109b8a,100048,b28559109b8afae29f0c1df3cb17799f93784e37a9a7415290ab5021c6edbbab,0.0,-1,1,0
4654de3cc2b4593076d440ba282905a7e7fd8e7e5f5bb6453ed4e617dc3c1963,MT10,official_clean,push-v3,1,6,MT-ACT,1,0,0,53,01-0006-b28559109b8a,100048,b28559109b8afae29f0c1df3cb17799f93784e37a9a7415290ab5021c6edbbab,0.0,-1,1,0
4654de3cc2b4593076d440ba282905a7e7fd8e7e5f5bb6453ed4e617dc3c1963,MT10,official_clean,push-v3,1,6,MT-ACT + Heuristic-Gated Learned Recovery,1,0,0,53,01-0006-b28559109b8a,100048,b28559109b8afae29f0c1df3cb17799f93784e37a9a7415290ab5021c6edbbab,0.0,-1,1,0
4654de3cc2b4593076d440ba282905a7e7fd8e7e5f5bb6453ed4e617dc3c1963,MT10,official_clean,push-v3,1,6,MT-REIM,1,0,0,53,01-0006-b28559109b8a,100048,b28559109b8afae29f0c1df3cb17799f93784e37a9a7415290ab5021c6edbbab,0.4149459898471832,-1,1,0
4654de3cc2b4593076d440ba282905a7e7fd8e7e5f5bb6453ed4e617dc3c1963,MT10,official_clean,push-v3,1,7,MT-MLP BC,1,0,0,63,01-0007-b2d2be3e5f87,100049,b2d2be3e5f87c8a008d998444c0aaaa9ad0a2afc6b4c48bb05b425a129b94625,0.0,-1,1,0
4654de3cc2b4593076d440ba282905a7e7fd8e7e5f5bb6453ed4e617dc3c1963,MT10,official_clean,push-v3,1,7,MT-ACT,1,0,0,65,01-0007-b2d2be3e5f87,100049,b2d2be3e5f87c8a008d998444c0aaaa9ad0a2afc6b4c48bb05b425a129b94625,0.0,-1,1,0
4654de3cc2b4593076d440ba282905a7e7fd8e7e5f5bb6453ed4e617dc3c1963,MT10,official_clean,push-v3,1,7,MT-ACT + Heuristic-Gated Learned Recovery,1,0,0,65,01-0007-b2d2be3e5f87,100049,b2d2be3e5f87c8a008d998444c0aaaa9ad0a2afc6b4c48bb05b425a129b94625,0.0,-1,1,0
4654de3cc2b4593076d440ba282905a7e7fd8e7e5f5bb6453ed4e617dc3c1963,MT10,official_clean,push-v3,1,7,MT-REIM,1,0,0,65,01-0007-b2d2be3e5f87,100049,b2d2be3e5f87c8a008d998444c0aaaa9ad0a2afc6b4c48bb05b425a129b94625,0.42094215750694275,-1,1,0
4654de3cc2b4593076d440ba282905a7e7fd8e7e5f5bb6453ed4e617dc3c1963,MT10,official_clean,push-v3,1,8,MT-MLP BC,1,0,0,72,01-0008-4e2fa65b29f5,100050,4e2fa65b29f5db0f4f433b36f792657f45e83dddd0953f41999e2e57e785925d,0.0,-1,1,0
4654de3cc2b4593076d440ba282905a7e7fd8e7e5f5bb6453ed4e617dc3c1963,MT10,official_clean,push-v3,1,8,MT-ACT,1,0,0,75,01-0008-4e2fa65b29f5,100050,4e2fa65b29f5db0f4f433b36f792657f45e83dddd0953f41999e2e57e785925d,0.0,-1,1,0
4654de3cc2b4593076d440ba282905a7e7fd8e7e5f5bb6453ed4e617dc3c1963,MT10,official_clean,push-v3,1,8,MT-ACT + Heuristic-Gated Learned Recovery,1,0,0,75,01-0008-4e2fa65b29f5,100050,4e2fa65b29f5db0f4f433b36f792657f45e83dddd0953f41999e2e57e785925d,0.0,-1,1,0
4654de3cc2b4593076d440ba282905a7e7fd8e7e5f5bb6453ed4e617dc3c1963,MT10,official_clean,push-v3,1,8,MT-REIM,1,0,0,75,01-0008-4e2fa65b29f5,100050,4e2fa65b29f5db0f4f433b36f792657f45e83dddd0953f41999e2e57e785925d,0.41688627004623413,-1,1,0
4654de3cc2b4593076d440ba282905a7e7fd8e7e5f5bb6453ed4e617dc3c1963,MT10,official_clean,push-v3,1,9,MT-MLP BC,1,0,0,65,01-0009-fd57ddadd7a4,100051,fd57ddadd7a41653b7a3d551ce1c1ca8ab4a98f67d5d6fb529414218db028f1e,0.0,-1,1,0
4654de3cc2b4593076d440ba282905a7e7fd8e7e5f5bb6453ed4e617dc3c1963,MT10,official_clean,push-v3,1,9,MT-ACT,1,0,0,64,01-0009-fd57ddadd7a4,100051,fd57ddadd7a41653b7a3d551ce1c1ca8ab4a98f67d5d6fb529414218db028f1e,0.0,-1,1,0
4654de3cc2b4593076d440ba282905a7e7fd8e7e5f5bb6453ed4e617dc3c1963,MT10,official_clean,push-v3,1,9,MT-ACT + Heuristic-Gated Learned Recovery,1,0,0,64,01-0009-fd57ddadd7a4,100051,fd57ddadd7a41653b7a3d551ce1c1ca8ab4a98f67d5d6fb529414218db028f1e,0.0,-1,1,0
4654de3cc2b4593076d440ba282905a7e7fd8e7e5f5bb6453ed4e617dc3c1963,MT10,official_clean,push-v3,1,9,MT-REIM,1,0,0,64,01-0009-fd57ddadd7a4,100051,fd57ddadd7a41653b7a3d551ce1c1ca8ab4a98f67d5d6fb529414218db028f1e,0.41623687744140625,-1,1,0
4654de3cc2b4593076d440ba282905a7e7fd8e7e5f5bb6453ed4e617dc3c1963,MT10,official_clean,push-v3,1,10,MT-MLP BC,1,0,0,59,01-0010-e3a9cf3e1ab2,100052,e3a9cf3e1ab2408e2b3cd1427e0d05eb4f01bf2085c11957158ddd81bb1167dc,0.0,-1,1,0
4654de3cc2b4593076d440ba282905a7e7fd8e7e5f5bb6453ed4e617dc3c1963,MT10,official_clean,push-v3,1,10,MT-ACT,1,0,0,61,01-0010-e3a9cf3e1ab2,100052,e3a9cf3e1ab2408e2b3cd1427e0d05eb4f01bf2085c11957158ddd81bb1167dc,0.0,-1,1,0
4654de3cc2b4593076d440ba282905a7e7fd8e7e5f5bb6453ed4e617dc3c1963,MT10,official_clean,push-v3,1,10,MT-ACT + Heuristic-Gated Learned Recovery,1,0,0,61,01-0010-e3a9cf3e1ab2,100052,e3a9cf3e1ab2408e2b3cd1427e0d05eb4f01bf2085c11957158ddd81bb1167dc,0.0,-1,1,0
4654de3cc2b4593076d440ba282905a7e7fd8e7e5f5bb6453ed4e617dc3c1963,MT10,official_clean,push-v3,1,10,MT-REIM,1,0,0,61,01-0010-e3a9cf3e1ab2,100052,e3a9cf3e1ab2408e2b3cd1427e0d05eb4f01bf2085c11957158ddd81bb1167dc,0.4185240566730499,-1,1,0
4654de3cc2b4593076d440ba282905a7e7fd8e7e5f5bb6453ed4e617dc3c1963,MT10,official_clean,push-v3,1,11,MT-MLP BC,1,0,0,70,01-0011-8ed76ef179aa,100053,8ed76ef179aaa80be636655cec0f74dd224ef59dee1fbda91e739137f6cbd748,0.0,-1,1,0
4654de3cc2b4593076d440ba282905a7e7fd8e7e5f5bb6453ed4e617dc3c1963,MT10,official_clean,push-v3,1,11,MT-ACT,1,0,0,70,01-0011-8ed76ef179aa,100053,8ed76ef179aaa80be636655cec0f74dd224ef59dee1fbda91e739137f6cbd748,0.0,-1,1,0
4654de3cc2b4593076d440ba282905a7e7fd8e7e5f5bb6453ed4e617dc3c1963,MT10,official_clean,push-v3,1,11,MT-ACT + Heuristic-Gated Learned Recovery,1,0,0,70,01-0011-8ed76ef179aa,100053,8ed76ef179aaa80be636655cec0f74dd224ef59dee1fbda91e739137f6cbd748,0.0,-1,1,0
4654de3cc2b4593076d440ba282905a7e7fd8e7e5f5bb6453ed4e617dc3c1963,MT10,official_clean,push-v3,1,11,MT-REIM,1,0,0,70,01-0011-8ed76ef179aa,100053,8ed76ef179aaa80be636655cec0f74dd224ef59dee1fbda91e739137f6cbd748,0.42080187797546387,-1,1,0
4654de3cc2b4593076d440ba282905a7e7fd8e7e5f5bb6453ed4e617dc3c1963,MT10,official_clean,push-v3,1,12,MT-MLP BC,1,0,0,61,01-0012-9c91f73d0571,100054,9c91f73d0571f84afdfeff6235d4d03aa9f59ac2c9476b00e698e61d683d2488,0.0,-1,1,0
4654de3cc2b4593076d440ba282905a7e7fd8e7e5f5bb6453ed4e617dc3c1963,MT10,official_clean,push-v3,1,12,MT-ACT,1,0,0,60,01-0012-9c91f73d0571,100054,9c91f73d0571f84afdfeff6235d4d03aa9f59ac2c9476b00e698e61d683d2488,0.0,-1,1,0
4654de3cc2b4593076d440ba282905a7e7fd8e7e5f5bb6453ed4e617dc3c1963,MT10,official_clean,push-v3,1,12,MT-ACT + Heuristic-Gated Learned Recovery,1,0,0,60,01-0012-9c91f73d0571,100054,9c91f73d0571f84afdfeff6235d4d03aa9f59ac2c9476b00e698e61d683d2488,0.0,-1,1,0
4654de3cc2b4593076d440ba282905a7e7fd8e7e5f5bb6453ed4e617dc3c1963,MT10,official_clean,push-v3,1,12,MT-REIM,1,0,0,60,01-0012-9c91f73d0571,100054,9c91f73d0571f84afdfeff6235d4d03aa9f59ac2c9476b00e698e61d683d2488,0.41650235652923584,-1,1,0
4654de3cc2b4593076d440ba282905a7e7fd8e7e5f5bb6453ed4e617dc3c1963,MT10,official_clean,push-v3,1,13,MT-MLP BC,1,0,0,72,01-0013-33f062c4feb7,100055,33f062c4feb76806722072cb46c8edb09ba4a01954e4bfd29f4aa62cb3e07f55,0.0,-1,1,0
4654de3cc2b4593076d440ba282905a7e7fd8e7e5f5bb6453ed4e617dc3c1963,MT10,official_clean,push-v3,1,13,MT-ACT,1,0,0,58,01-0013-33f062c4feb7,100055,33f062c4feb76806722072cb46c8edb09ba4a01954e4bfd29f4aa62cb3e07f55,0.0,-1,1,0
4654de3cc2b4593076d440ba282905a7e7fd8e7e5f5bb6453ed4e617dc3c1963,MT10,official_clean,push-v3,1,13,MT-ACT + Heuristic-Gated Learned Recovery,1,0,0,58,01-0013-33f062c4feb7,100055,33f062c4feb76806722072cb46c8edb09ba4a01954e4bfd29f4aa62cb3e07f55,0.0,-1,1,0
4654de3cc2b4593076d440ba282905a7e7fd8e7e5f5bb6453ed4e617dc3c1963,MT10,official_clean,push-v3,1,13,MT-REIM,1,0,0,58,01-0013-33f062c4feb7,100055,33f062c4feb76806722072cb46c8edb09ba4a01954e4bfd29f4aa62cb3e07f55,0.4207374155521393,-1,1,0
4654de3cc2b4593076d440ba282905a7e7fd8e7e5f5bb6453ed4e617dc3c1963,MT10,official_clean,push-v3,1,14,MT-MLP BC,1,0,0,52,01-0014-d8edf5eee1e5,100056,d8edf5eee1e5318e9d5f7ecaec974285f9374317bb975fe475bc04a31bc2c50c,0.0,-1,1,0
4654de3cc2b4593076d440ba282905a7e7fd8e7e5f5bb6453ed4e617dc3c1963,MT10,official_clean,push-v3,1,14,MT-ACT,1,0,0,47,01-0014-d8edf5eee1e5,100056,d8edf5eee1e5318e9d5f7ecaec974285f9374317bb975fe475bc04a31bc2c50c,0.0,-1,1,0
4654de3cc2b4593076d440ba282905a7e7fd8e7e5f5bb6453ed4e617dc3c1963,MT10,official_clean,push-v3,1,14,MT-ACT + Heuristic-Gated Learned Recovery,1,0,0,47,01-0014-d8edf5eee1e5,100056,d8edf5eee1e5318e9d5f7ecaec974285f9374317bb975fe475bc04a31bc2c50c,0.0,-1,1,0
4654de3cc2b4593076d440ba282905a7e7fd8e7e5f5bb6453ed4e617dc3c1963,MT10,official_clean,push-v3,1,14,MT-REIM,1,0,0,47,01-0014-d8edf5eee1e5,100056,d8edf5eee1e5318e9d5f7ecaec974285f9374317bb975fe475bc04a31bc2c50c,0.41876423358917236,-1,1,0
4654de3cc2b4593076d440ba282905a7e7fd8e7e5f5bb6453ed4e617dc3c1963,MT10,official_clean,push-v3,1,15,MT-MLP BC,1,0,0,66,01-0015-84be35430246,100057,84be3543024617bd95a4fe1e49e592844d9387a5368fc69364d0c72ff28df8f0,0.0,-1,1,0
4654de3cc2b4593076d440ba282905a7e7fd8e7e5f5bb6453ed4e617dc3c1963,MT10,official_clean,push-v3,1,15,MT-ACT,1,0,0,65,01-0015-84be35430246,100057,84be3543024617bd95a4fe1e49e592844d9387a5368fc69364d0c72ff28df8f0,0.0,-1,1,0
4654de3cc2b4593076d440ba282905a7e7fd8e7e5f5bb6453ed4e617dc3c1963,MT10,official_clean,push-v3,1,15,MT-ACT + Heuristic-Gated Learned Recovery,1,0,0,65,01-0015-84be35430246,100057,84be3543024617bd95a4fe1e49e592844d9387a5368fc69364d0c72ff28df8f0,0.0,-1,1,0
4654de3cc2b4593076d440ba282905a7e7fd8e7e5f5bb6453ed4e617dc3c1963,MT10,official_clean,push-v3,1,15,MT-REIM,1,0,0,65,01-0015-84be35430246,100057,84be3543024617bd95a4fe1e49e592844d9387a5368fc69364d0c72ff28df8f0,0.41477882862091064,-1,1,0
4654de3cc2b4593076d440ba282905a7e7fd8e7e5f5bb6453ed4e617dc3c1963,MT10,official_clean,push-v3,1,16,MT-MLP BC,1,0,0,61,01-0016-aac41bc36b2e,100058,aac41bc36b2e3129ea35ae1285a7dd8e78ca98cb64ba8e413a9990a467923302,0.0,-1,1,0
4654de3cc2b4593076d440ba282905a7e7fd8e7e5f5bb6453ed4e617dc3c1963,MT10,official_clean,push-v3,1,16,MT-ACT,1,0,0,59,01-0016-aac41bc36b2e,100058,aac41bc36b2e3129ea35ae1285a7dd8e78ca98cb64ba8e413a9990a467923302,0.0,-1,1,0
4654de3cc2b4593076d440ba282905a7e7fd8e7e5f5bb6453ed4e617dc3c1963,MT10,official_clean,push-v3,1,16,MT-ACT + Heuristic-Gated Learned Recovery,1,0,0,59,01-0016-aac41bc36b2e,100058,aac41bc36b2e3129ea35ae1285a7dd8e78ca98cb64ba8e413a9990a467923302,0.0,-1,1,0
4654de3cc2b4593076d440ba282905a7e7fd8e7e5f5bb6453ed4e617dc3c1963,MT10,official_clean,push-v3,1,16,MT-REIM,1,0,0,59,01-0016-aac41bc36b2e,100058,aac41bc36b2e3129ea35ae1285a7dd8e78ca98cb64ba8e413a9990a467923302,0.41697973012924194,-1,1,0
4654de3cc2b4593076d440ba282905a7e7fd8e7e5f5bb6453ed4e617dc3c1963,MT10,official_clean,push-v3,1,17,MT-MLP BC,1,0,0,54,01-0017-6b8e083b1fb4,100059,6b8e083b1fb497f765f0015e58bb62407cda22edbac8d0d1a9788e0252f88695,0.0,-1,1,0
4654de3cc2b4593076d440ba282905a7e7fd8e7e5f5bb6453ed4e617dc3c1963,MT10,official_clean,push-v3,1,17,MT-ACT,1,0,0,53,01-0017-6b8e083b1fb4,100059,6b8e083b1fb497f765f0015e58bb62407cda22edbac8d0d1a9788e0252f88695,0.0,-1,1,0
4654de3cc2b4593076d440ba282905a7e7fd8e7e5f5bb6453ed4e617dc3c1963,MT10,official_clean,push-v3,1,17,MT-ACT + Heuristic-Gated Learned Recovery,1,0,0,53,01-0017-6b8e083b1fb4,100059,6b8e083b1fb497f765f0015e58bb62407cda22edbac8d0d1a9788e0252f88695,0.0,-1,1,0
4654de3cc2b4593076d440ba282905a7e7fd8e7e5f5bb6453ed4e617dc3c1963,MT10,official_clean,push-v3,1,17,MT-REIM,1,0,0,53,01-0017-6b8e083b1fb4,100059,6b8e083b1fb497f765f0015e58bb62407cda22edbac8d0d1a9788e0252f88695,0.42063772678375244,-1,1,0
4654de3cc2b4593076d440ba282905a7e7fd8e7e5f5bb6453ed4e617dc3c1963,MT10,official_clean,push-v3,1,18,MT-MLP BC,1,0,0,63,01-0018-b1bb657172df,100060,b1bb657172dfa0aaccd41ceb2863e9724ef64ee51316c9d108986a2debd19034,0.0,-1,1,0
4654de3cc2b4593076d440ba282905a7e7fd8e7e5f5bb6453ed4e617dc3c1963,MT10,official_clean,push-v3,1,18,MT-ACT,1,0,0,62,01-0018-b1bb657172df,100060,b1bb657172dfa0aaccd41ceb2863e9724ef64ee51316c9d108986a2debd19034,0.0,-1,1,0
4654de3cc2b4593076d440ba282905a7e7fd8e7e5f5bb6453ed4e617dc3c1963,MT10,official_clean,push-v3,1,18,MT-ACT + Heuristic-Gated Learned Recovery,1,0,0,62,01-0018-b1bb657172df,100060,b1bb657172dfa0aaccd41ceb2863e9724ef64ee51316c9d108986a2debd19034,0.0,-1,1,0
4654de3cc2b4593076d440ba282905a7e7fd8e7e5f5bb6453ed4e617dc3c1963,MT10,official_clean,push-v3,1,18,MT-REIM,1,0,0,62,01-0018-b1bb657172df,100060,b1bb657172dfa0aaccd41ceb2863e9724ef64ee51316c9d108986a2debd19034,0.42336505651474,-1,1,0
4654de3cc2b4593076d440ba282905a7e7fd8e7e5f5bb6453ed4e617dc3c1963,MT10,official_clean,push-v3,1,19,MT-MLP BC,1,0,0,70,01-0019-91ebe5838495,100061,91ebe58384959dfe56946715adfe841b4697ab640029ff327fcca64919c3ae65,0.0,-1,1,0
4654de3cc2b4593076d440ba282905a7e7fd8e7e5f5bb6453ed4e617dc3c1963,MT10,official_clean,push-v3,1,19,MT-ACT,1,0,0,70,01-0019-91ebe5838495,100061,91ebe58384959dfe56946715adfe841b4697ab640029ff327fcca64919c3ae65,0.0,-1,1,0
4654de3cc2b4593076d440ba282905a7e7fd8e7e5f5bb6453ed4e617dc3c1963,MT10,official_clean,push-v3,1,19,MT-ACT + Heuristic-Gated Learned Recovery,1,0,0,70,01-0019-91ebe5838495,100061,91ebe58384959dfe56946715adfe841b4697ab640029ff327fcca64919c3ae65,0.0,-1,1,0
4654de3cc2b4593076d440ba282905a7e7fd8e7e5f5bb6453ed4e617dc3c1963,MT10,official_clean,push-v3,1,19,MT-REIM,1,0,0,70,01-0019-91ebe5838495,100061,91ebe58384959dfe56946715adfe841b4697ab640029ff327fcca64919c3ae65,0.4139380156993866,-1,1,0
4654de3cc2b4593076d440ba282905a7e7fd8e7e5f5bb6453ed4e617dc3c1963,MT10,official_clean,push-v3,1,20,MT-MLP BC,1,0,0,58,01-0020-586074f7f884,100062,586074f7f884e4d6830a357a0c927e56df2292345c7cd51e913e552568d514c3,0.0,-1,1,0
4654de3cc2b4593076d440ba282905a7e7fd8e7e5f5bb6453ed4e617dc3c1963,MT10,official_clean,push-v3,1,20,MT-ACT,1,0,0,57,01-0020-586074f7f884,100062,586074f7f884e4d6830a357a0c927e56df2292345c7cd51e913e552568d514c3,0.0,-1,1,0
4654de3cc2b4593076d440ba282905a7e7fd8e7e5f5bb6453ed4e617dc3c1963,MT10,official_clean,push-v3,1,20,MT-ACT + Heuristic-Gated Learned Recovery,1,0,0,57,01-0020-586074f7f884,100062,586074f7f884e4d6830a357a0c927e56df2292345c7cd51e913e552568d514c3,0.0,-1,1,0
4654de3cc2b4593076d440ba282905a7e7fd8e7e5f5bb6453ed4e617dc3c1963,MT10,official_clean,push-v3,1,20,MT-REIM,1,0,0,57,01-0020-586074f7f884,100062,586074f7f884e4d6830a357a0c927e56df2292345c7cd51e913e552568d514c3,0.4156355559825897,-1,1,0
4654de3cc2b4593076d440ba282905a7e7fd8e7e5f5bb6453ed4e617dc3c1963,MT10,official_clean,push-v3,1,21,MT-MLP BC,1,0,0,59,01-0021-2ea9fb55097a,100063,2ea9fb55097a5fc1f9e22b6b6523abfb6401b701e8bf006bf2258e249482cf34,0.0,-1,1,0
4654de3cc2b4593076d440ba282905a7e7fd8e7e5f5bb6453ed4e617dc3c1963,MT10,official_clean,push-v3,1,21,MT-ACT,1,0,0,57,01-0021-2ea9fb55097a,100063,2ea9fb55097a5fc1f9e22b6b6523abfb6401b701e8bf006bf2258e249482cf34,0.0,-1,1,0
4654de3cc2b4593076d440ba282905a7e7fd8e7e5f5bb6453ed4e617dc3c1963,MT10,official_clean,push-v3,1,21,MT-ACT + Heuristic-Gated Learned Recovery,1,0,0,57,01-0021-2ea9fb55097a,100063,2ea9fb55097a5fc1f9e22b6b6523abfb6401b701e8bf006bf2258e249482cf34,0.0,-1,1,0
4654de3cc2b4593076d440ba282905a7e7fd8e7e5f5bb6453ed4e617dc3c1963,MT10,official_clean,push-v3,1,21,MT-REIM,1,0,0,57,01-0021-2ea9fb55097a,100063,2ea9fb55097a5fc1f9e22b6b6523abfb6401b701e8bf006bf2258e249482cf34,0.42159634828567505,-1,1,0
4654de3cc2b4593076d440ba282905a7e7fd8e7e5f5bb6453ed4e617dc3c1963,MT10,official_clean,push-v3,1,22,MT-MLP BC,1,0,0,58,01-0022-ab2b79ccd297,100064,ab2b79ccd29762741ef7db334a6b1ed890bb2958643cb8cd959adcf5bf9c263f,0.0,-1,1,0
4654de3cc2b4593076d440ba282905a7e7fd8e7e5f5bb6453ed4e617dc3c1963,MT10,official_clean,push-v3,1,22,MT-ACT,1,0,0,58,01-0022-ab2b79ccd297,100064,ab2b79ccd29762741ef7db334a6b1ed890bb2958643cb8cd959adcf5bf9c263f,0.0,-1,1,0
4654de3cc2b4593076d440ba282905a7e7fd8e7e5f5bb6453ed4e617dc3c1963,MT10,official_clean,push-v3,1,22,MT-ACT + Heuristic-Gated Learned Recovery,1,0,0,58,01-0022-ab2b79ccd297,100064,ab2b79ccd29762741ef7db334a6b1ed890bb2958643cb8cd959adcf5bf9c263f,0.0,-1,1,0
4654de3cc2b4593076d440ba282905a7e7fd8e7e5f5bb6453ed4e617dc3c1963,MT10,official_clean,push-v3,1,22,MT-REIM,1,0,0,58,01-0022-ab2b79ccd297,100064,ab2b79ccd29762741ef7db334a6b1ed890bb2958643cb8cd959adcf5bf9c263f,0.41835707426071167,-1,1,0
4654de3cc2b4593076d440ba282905a7e7fd8e7e5f5bb6453ed4e617dc3c1963,MT10,official_clean,push-v3,1,23,MT-MLP BC,1,0,0,66,01-0023-0a6a3bd5d672,100065,0a6a3bd5d672ea0a496b9f367100659c60bfce7c0d82ae67c6e017f140a2e44f,0.0,-1,1,0
4654de3cc2b4593076d440ba282905a7e7fd8e7e5f5bb6453ed4e617dc3c1963,MT10,official_clean,push-v3,1,23,MT-ACT,1,0,0,64,01-0023-0a6a3bd5d672,100065,0a6a3bd5d672ea0a496b9f367100659c60bfce7c0d82ae67c6e017f140a2e44f,0.0,-1,1,0
4654de3cc2b4593076d440ba282905a7e7fd8e7e5f5bb6453ed4e617dc3c1963,MT10,official_clean,push-v3,1,23,MT-ACT + Heuristic-Gated Learned Recovery,1,0,0,64,01-0023-0a6a3bd5d672,100065,0a6a3bd5d672ea0a496b9f367100659c60bfce7c0d82ae67c6e017f140a2e44f,0.0,-1,1,0
4654de3cc2b4593076d440ba282905a7e7fd8e7e5f5bb6453ed4e617dc3c1963,MT10,official_clean,push-v3,1,23,MT-REIM,1,0,0,64,01-0023-0a6a3bd5d672,100065,0a6a3bd5d672ea0a496b9f367100659c60bfce7c0d82ae67c6e017f140a2e44f,0.41782841086387634,-1,1,0
4654de3cc2b4593076d440ba282905a7e7fd8e7e5f5bb6453ed4e617dc3c1963,MT10,official_clean,push-v3,1,24,MT-MLP BC,1,0,0,60,01-0024-051fd12aa98b,100066,051fd12aa98b42f50f72a6556f03c6f43327945372daf66e4f353a8503c9952f,0.0,-1,1,0
4654de3cc2b4593076d440ba282905a7e7fd8e7e5f5bb6453ed4e617dc3c1963,MT10,official_clean,push-v3,1,24,MT-ACT,1,0,0,55,01-0024-051fd12aa98b,100066,051fd12aa98b42f50f72a6556f03c6f43327945372daf66e4f353a8503c9952f,0.0,-1,1,0
4654de3cc2b4593076d440ba282905a7e7fd8e7e5f5bb6453ed4e617dc3c1963,MT10,official_clean,push-v3,1,24,MT-ACT + Heuristic-Gated Learned Recovery,1,0,0,55,01-0024-051fd12aa98b,100066,051fd12aa98b42f50f72a6556f03c6f43327945372daf66e4f353a8503c9952f,0.0,-1,1,0
4654de3cc2b4593076d440ba282905a7e7fd8e7e5f5bb6453ed4e617dc3c1963,MT10,official_clean,push-v3,1,24,MT-REIM,1,0,0,55,01-0024-051fd12aa98b,100066,051fd12aa98b42f50f72a6556f03c6f43327945372daf66e4f353a8503c9952f,0.5022709965705872,-1,1,0
4654de3cc2b4593076d440ba282905a7e7fd8e7e5f5bb6453ed4e617dc3c1963,MT10,official_clean,push-v3,1,25,MT-MLP BC,1,0,0,59,01-0025-fcf992aaa7dc,100067,fcf992aaa7dcd95725cf296a20f6f6b2c36e6a7ca2804d6fbf80445318e8343b,0.0,-1,1,0
4654de3cc2b4593076d440ba282905a7e7fd8e7e5f5bb6453ed4e617dc3c1963,MT10,official_clean,push-v3,1,25,MT-ACT,1,0,0,57,01-0025-fcf992aaa7dc,100067,fcf992aaa7dcd95725cf296a20f6f6b2c36e6a7ca2804d6fbf80445318e8343b,0.0,-1,1,0
4654de3cc2b4593076d440ba282905a7e7fd8e7e5f5bb6453ed4e617dc3c1963,MT10,official_clean,push-v3,1,25,MT-ACT + Heuristic-Gated Learned Recovery,1,0,0,57,01-0025-fcf992aaa7dc,100067,fcf992aaa7dcd95725cf296a20f6f6b2c36e6a7ca2804d6fbf80445318e8343b,0.0,-1,1,0
4654de3cc2b4593076d440ba282905a7e7fd8e7e5f5bb6453ed4e617dc3c1963,MT10,official_clean,push-v3,1,25,MT-REIM,1,0,0,57,01-0025-fcf992aaa7dc,100067,fcf992aaa7dcd95725cf296a20f6f6b2c36e6a7ca2804d6fbf80445318e8343b,0.417197048664093,-1,1,0
4654de3cc2b4593076d440ba282905a7e7fd8e7e5f5bb6453ed4e617dc3c1963,MT10,official_clean,push-v3,1,26,MT-MLP BC,1,0,0,58,01-0026-441bb40b4f96,100068,441bb40b4f965f91aaa055f5b0cb55eb6beda6b377827799381b4d2f92b5354d,0.0,-1,1,0
4654de3cc2b4593076d440ba282905a7e7fd8e7e5f5bb6453ed4e617dc3c1963,MT10,official_clean,push-v3,1,26,MT-ACT,1,0,0,58,01-0026-441bb40b4f96,100068,441bb40b4f965f91aaa055f5b0cb55eb6beda6b377827799381b4d2f92b5354d,0.0,-1,1,0
4654de3cc2b4593076d440ba282905a7e7fd8e7e5f5bb6453ed4e617dc3c1963,MT10,official_clean,push-v3,1,26,MT-ACT + Heuristic-Gated Learned Recovery,1,0,0,58,01-0026-441bb40b4f96,100068,441bb40b4f965f91aaa055f5b0cb55eb6beda6b377827799381b4d2f92b5354d,0.0,-1,1,0
4654de3cc2b4593076d440ba282905a7e7fd8e7e5f5bb6453ed4e617dc3c1963,MT10,official_clean,push-v3,1,26,MT-REIM,1,0,0,58,01-0026-441bb40b4f96,100068,441bb40b4f965f91aaa055f5b0cb55eb6beda6b377827799381b4d2f92b5354d,0.41796767711639404,-1,1,0
4654de3cc2b4593076d440ba282905a7e7fd8e7e5f5bb6453ed4e617dc3c1963,MT10,official_clean,push-v3,1,27,MT-MLP BC,1,0,0,68,01-0027-b96c1b963fee,100069,b96c1b963feea0c54311a838a299768e95e5135a5b8b1173e10fb61bfb62fa23,0.0,-1,1,0
4654de3cc2b4593076d440ba282905a7e7fd8e7e5f5bb6453ed4e617dc3c1963,MT10,official_clean,push-v3,1,27,MT-ACT,1,0,0,55,01-0027-b96c1b963fee,100069,b96c1b963feea0c54311a838a299768e95e5135a5b8b1173e10fb61bfb62fa23,0.0,-1,1,0
4654de3cc2b4593076d440ba282905a7e7fd8e7e5f5bb6453ed4e617dc3c1963,MT10,official_clean,push-v3,1,27,MT-ACT + Heuristic-Gated Learned Recovery,1,0,0,55,01-0027-b96c1b963fee,100069,b96c1b963feea0c54311a838a299768e95e5135a5b8b1173e10fb61bfb62fa23,0.0,-1,1,0
4654de3cc2b4593076d440ba282905a7e7fd8e7e5f5bb6453ed4e617dc3c1963,MT10,official_clean,push-v3,1,27,MT-REIM,1,0,0,55,01-0027-b96c1b963fee,100069,b96c1b963feea0c54311a838a299768e95e5135a5b8b1173e10fb61bfb62fa23,0.4200323820114136,-1,1,0
4654de3cc2b4593076d440ba282905a7e7fd8e7e5f5bb6453ed4e617dc3c1963,MT10,official_clean,push-v3,1,28,MT-MLP BC,1,0,0,57,01-0028-687108ecbaf6,100070,687108ecbaf61cc8ea407f2d59d12712793ce2fd8a9fa5b5fef8be11a85e772c,0.0,-1,1,0
4654de3cc2b4593076d440ba282905a7e7fd8e7e5f5bb6453ed4e617dc3c1963,MT10,official_clean,push-v3,1,28,MT-ACT,1,0,0,57,01-0028-687108ecbaf6,100070,687108ecbaf61cc8ea407f2d59d12712793ce2fd8a9fa5b5fef8be11a85e772c,0.0,-1,1,0
4654de3cc2b4593076d440ba282905a7e7fd8e7e5f5bb6453ed4e617dc3c1963,MT10,official_clean,push-v3,1,28,MT-ACT + Heuristic-Gated Learned Recovery,1,0,0,57,01-0028-687108ecbaf6,100070,687108ecbaf61cc8ea407f2d59d12712793ce2fd8a9fa5b5fef8be11a85e772c,0.0,-1,1,0
4654de3cc2b4593076d440ba282905a7e7fd8e7e5f5bb6453ed4e617dc3c1963,MT10,official_clean,push-v3,1,28,MT-REIM,1,0,0,57,01-0028-687108ecbaf6,100070,687108ecbaf61cc8ea407f2d59d12712793ce2fd8a9fa5b5fef8be11a85e772c,0.417259156703949,-1,1,0
4654de3cc2b4593076d440ba282905a7e7fd8e7e5f5bb6453ed4e617dc3c1963,MT10,official_clean,push-v3,1,29,MT-MLP BC,1,0,0,53,01-0029-63c5070445cf,100071,63c5070445cfee62e7bfeec4622271439ede81ec53dd8c3d24959d19585029a6,0.0,-1,1,0
4654de3cc2b4593076d440ba282905a7e7fd8e7e5f5bb6453ed4e617dc3c1963,MT10,official_clean,push-v3,1,29,MT-ACT,1,0,0,54,01-0029-63c5070445cf,100071,63c5070445cfee62e7bfeec4622271439ede81ec53dd8c3d24959d19585029a6,0.0,-1,1,0
4654de3cc2b4593076d440ba282905a7e7fd8e7e5f5bb6453ed4e617dc3c1963,MT10,official_clean,push-v3,1,29,MT-ACT + Heuristic-Gated Learned Recovery,1,0,0,54,01-0029-63c5070445cf,100071,63c5070445cfee62e7bfeec4622271439ede81ec53dd8c3d24959d19585029a6,0.0,-1,1,0
4654de3cc2b4593076d440ba282905a7e7fd8e7e5f5bb6453ed4e617dc3c1963,MT10,official_clean,push-v3,1,29,MT-REIM,1,0,0,54,01-0029-63c5070445cf,100071,63c5070445cfee62e7bfeec4622271439ede81ec53dd8c3d24959d19585029a6,0.4403459429740906,-1,1,0
4654de3cc2b4593076d440ba282905a7e7fd8e7e5f5bb6453ed4e617dc3c1963,MT10,official_clean,push-v3,1,30,MT-MLP BC,1,0,0,64,01-0030-fb1e1ee36ac4,100072,fb1e1ee36ac4a348e5de83a111206e7de7a22fe961d0b550229a7f0672951eba,0.0,-1,1,0
4654de3cc2b4593076d440ba282905a7e7fd8e7e5f5bb6453ed4e617dc3c1963,MT10,official_clean,push-v3,1,30,MT-ACT,1,0,0,63,01-0030-fb1e1ee36ac4,100072,fb1e1ee36ac4a348e5de83a111206e7de7a22fe961d0b550229a7f0672951eba,0.0,-1,1,0
4654de3cc2b4593076d440ba282905a7e7fd8e7e5f5bb6453ed4e617dc3c1963,MT10,official_clean,push-v3,1,30,MT-ACT + Heuristic-Gated Learned Recovery,1,0,0,63,01-0030-fb1e1ee36ac4,100072,fb1e1ee36ac4a348e5de83a111206e7de7a22fe961d0b550229a7f0672951eba,0.0,-1,1,0
4654de3cc2b4593076d440ba282905a7e7fd8e7e5f5bb6453ed4e617dc3c1963,MT10,official_clean,push-v3,1,30,MT-REIM,1,0,0,63,01-0030-fb1e1ee36ac4,100072,fb1e1ee36ac4a348e5de83a111206e7de7a22fe961d0b550229a7f0672951eba,0.5084083080291748,-1,1,0
4654de3cc2b4593076d440ba282905a7e7fd8e7e5f5bb6453ed4e617dc3c1963,MT10,official_clean,push-v3,1,31,MT-MLP BC,1,0,0,61,01-0031-3082bc335e48,100073,3082bc335e4848642c8d478c5c0d007f92710ed27d7bcd420bb890de4d4410df,0.0,-1,1,0
4654de3cc2b4593076d440ba282905a7e7fd8e7e5f5bb6453ed4e617dc3c1963,MT10,official_clean,push-v3,1,31,MT-ACT,1,0,0,60,01-0031-3082bc335e48,100073,3082bc335e4848642c8d478c5c0d007f92710ed27d7bcd420bb890de4d4410df,0.0,-1,1,0
4654de3cc2b4593076d440ba282905a7e7fd8e7e5f5bb6453ed4e617dc3c1963,MT10,official_clean,push-v3,1,31,MT-ACT + Heuristic-Gated Learned Recovery,1,0,0,60,01-0031-3082bc335e48,100073,3082bc335e4848642c8d478c5c0d007f92710ed27d7bcd420bb890de4d4410df,0.0,-1,1,0
4654de3cc2b4593076d440ba282905a7e7fd8e7e5f5bb6453ed4e617dc3c1963,MT10,official_clean,push-v3,1,31,MT-REIM,1,0,0,60,01-0031-3082bc335e48,100073,3082bc335e4848642c8d478c5c0d007f92710ed27d7bcd420bb890de4d4410df,0.41803982853889465,-1,1,0
4654de3cc2b4593076d440ba282905a7e7fd8e7e5f5bb6453ed4e617dc3c1963,MT10,official_clean,push-v3,1,32,MT-MLP BC,1,0,0,61,01-0032-cf708c83c77d,100074,cf708c83c77db888276f967943c3f9c3ef6e8dbce58e574cb8843e4321635ea0,0.0,-1,1,0
4654de3cc2b4593076d440ba282905a7e7fd8e7e5f5bb6453ed4e617dc3c1963,MT10,official_clean,push-v3,1,32,MT-ACT,1,0,0,65,01-0032-cf708c83c77d,100074,cf708c83c77db888276f967943c3f9c3ef6e8dbce58e574cb8843e4321635ea0,0.0,-1,1,0
4654de3cc2b4593076d440ba282905a7e7fd8e7e5f5bb6453ed4e617dc3c1963,MT10,official_clean,push-v3,1,32,MT-ACT + Heuristic-Gated Learned Recovery,1,0,0,65,01-0032-cf708c83c77d,100074,cf708c83c77db888276f967943c3f9c3ef6e8dbce58e574cb8843e4321635ea0,0.0,-1,1,0
4654de3cc2b4593076d440ba282905a7e7fd8e7e5f5bb6453ed4e617dc3c1963,MT10,official_clean,push-v3,1,32,MT-REIM,1,0,0,65,01-0032-cf708c83c77d,100074,cf708c83c77db888276f967943c3f9c3ef6e8dbce58e574cb8843e4321635ea0,0.41852855682373047,-1,1,0
4654de3cc2b4593076d440ba282905a7e7fd8e7e5f5bb6453ed4e617dc3c1963,MT10,official_clean,push-v3,1,33,MT-MLP BC,1,0,0,64,01-0033-e272314dad5d,100075,e272314dad5d99a7443c53c55652dd6682acafd7337abb3ae3e7b76fdfdb3307,0.0,-1,1,0
4654de3cc2b4593076d440ba282905a7e7fd8e7e5f5bb6453ed4e617dc3c1963,MT10,official_clean,push-v3,1,33,MT-ACT,1,0,0,64,01-0033-e272314dad5d,100075,e272314dad5d99a7443c53c55652dd6682acafd7337abb3ae3e7b76fdfdb3307,0.0,-1,1,0
4654de3cc2b4593076d440ba282905a7e7fd8e7e5f5bb6453ed4e617dc3c1963,MT10,official_clean,push-v3,1,33,MT-ACT + Heuristic-Gated Learned Recovery,1,0,0,64,01-0033-e272314dad5d,100075,e272314dad5d99a7443c53c55652dd6682acafd7337abb3ae3e7b76fdfdb3307,0.0,-1,1,0
4654de3cc2b4593076d440ba282905a7e7fd8e7e5f5bb6453ed4e617dc3c1963,MT10,official_clean,push-v3,1,33,MT-REIM,1,0,0,64,01-0033-e272314dad5d,100075,e272314dad5d99a7443c53c55652dd6682acafd7337abb3ae3e7b76fdfdb3307,0.4159296751022339,-1,1,0
4654de3cc2b4593076d440ba282905a7e7fd8e7e5f5bb6453ed4e617dc3c1963,MT10,official_clean,push-v3,1,34,MT-MLP BC,1,0,0,73,01-0034-76dd6cf1857f,100076,76dd6cf1857fff4eea3e6f35c9eaa351c405ead03823d449df02f3514eba0e69,0.0,-1,1,0
4654de3cc2b4593076d440ba282905a7e7fd8e7e5f5bb6453ed4e617dc3c1963,MT10,official_clean,push-v3,1,34,MT-ACT,1,0,0,77,01-0034-76dd6cf1857f,100076,76dd6cf1857fff4eea3e6f35c9eaa351c405ead03823d449df02f3514eba0e69,0.0,-1,1,0
4654de3cc2b4593076d440ba282905a7e7fd8e7e5f5bb6453ed4e617dc3c1963,MT10,official_clean,push-v3,1,34,MT-ACT + Heuristic-Gated Learned Recovery,1,0,0,77,01-0034-76dd6cf1857f,100076,76dd6cf1857fff4eea3e6f35c9eaa351c405ead03823d449df02f3514eba0e69,0.0,-1,1,0
4654de3cc2b4593076d440ba282905a7e7fd8e7e5f5bb6453ed4e617dc3c1963,MT10,official_clean,push-v3,1,34,MT-REIM,1,0,0,77,01-0034-76dd6cf1857f,100076,76dd6cf1857fff4eea3e6f35c9eaa351c405ead03823d449df02f3514eba0e69,0.42167624831199646,-1,1,0
4654de3cc2b4593076d440ba282905a7e7fd8e7e5f5bb6453ed4e617dc3c1963,MT10,official_clean,push-v3,1,35,MT-MLP BC,1,0,0,59,01-0035-2d251eb80ea0,100077,2d251eb80ea0b73529f1879319ed32787b1509b0d3652e6f2acf0cf7e1ef16a3,0.0,-1,1,0
4654de3cc2b4593076d440ba282905a7e7fd8e7e5f5bb6453ed4e617dc3c1963,MT10,official_clean,push-v3,1,35,MT-ACT,1,0,0,58,01-0035-2d251eb80ea0,100077,2d251eb80ea0b73529f1879319ed32787b1509b0d3652e6f2acf0cf7e1ef16a3,0.0,-1,1,0
4654de3cc2b4593076d440ba282905a7e7fd8e7e5f5bb6453ed4e617dc3c1963,MT10,official_clean,push-v3,1,35,MT-ACT + Heuristic-Gated Learned Recovery,1,0,0,58,01-0035-2d251eb80ea0,100077,2d251eb80ea0b73529f1879319ed32787b1509b0d3652e6f2acf0cf7e1ef16a3,0.0,-1,1,0
4654de3cc2b4593076d440ba282905a7e7fd8e7e5f5bb6453ed4e617dc3c1963,MT10,official_clean,push-v3,1,35,MT-REIM,1,0,0,58,01-0035-2d251eb80ea0,100077,2d251eb80ea0b73529f1879319ed32787b1509b0d3652e6f2acf0cf7e1ef16a3,0.4137743413448334,-1,1,0
4654de3cc2b4593076d440ba282905a7e7fd8e7e5f5bb6453ed4e617dc3c1963,MT10,official_clean,push-v3,1,36,MT-MLP BC,1,0,0,66,01-0036-445c80d40225,100078,445c80d4022519003d649694024eed7276ee8cb0c184a424bf01c1de24e3d2a6,0.0,-1,1,0
4654de3cc2b4593076d440ba282905a7e7fd8e7e5f5bb6453ed4e617dc3c1963,MT10,official_clean,push-v3,1,36,MT-ACT,1,0,0,63,01-0036-445c80d40225,100078,445c80d4022519003d649694024eed7276ee8cb0c184a424bf01c1de24e3d2a6,0.0,-1,1,0
4654de3cc2b4593076d440ba282905a7e7fd8e7e5f5bb6453ed4e617dc3c1963,MT10,official_clean,push-v3,1,36,MT-ACT + Heuristic-Gated Learned Recovery,1,0,0,63,01-0036-445c80d40225,100078,445c80d4022519003d649694024eed7276ee8cb0c184a424bf01c1de24e3d2a6,0.0,-1,1,0
4654de3cc2b4593076d440ba282905a7e7fd8e7e5f5bb6453ed4e617dc3c1963,MT10,official_clean,push-v3,1,36,MT-REIM,1,0,0,63,01-0036-445c80d40225,100078,445c80d4022519003d649694024eed7276ee8cb0c184a424bf01c1de24e3d2a6,0.4130755662918091,-1,1,0
4654de3cc2b4593076d440ba282905a7e7fd8e7e5f5bb6453ed4e617dc3c1963,MT10,official_clean,push-v3,1,37,MT-MLP BC,1,0,0,59,01-0037-31655d067a94,100079,31655d067a94a40b6d0550c1ad260c857596a90986c3c1e65c461680ba3fe48f,0.0,-1,1,0
4654de3cc2b4593076d440ba282905a7e7fd8e7e5f5bb6453ed4e617dc3c1963,MT10,official_clean,push-v3,1,37,MT-ACT,1,0,0,57,01-0037-31655d067a94,100079,31655d067a94a40b6d0550c1ad260c857596a90986c3c1e65c461680ba3fe48f,0.0,-1,1,0
4654de3cc2b4593076d440ba282905a7e7fd8e7e5f5bb6453ed4e617dc3c1963,MT10,official_clean,push-v3,1,37,MT-ACT + Heuristic-Gated Learned Recovery,1,0,0,57,01-0037-31655d067a94,100079,31655d067a94a40b6d0550c1ad260c857596a90986c3c1e65c461680ba3fe48f,0.0,-1,1,0
4654de3cc2b4593076d440ba282905a7e7fd8e7e5f5bb6453ed4e617dc3c1963,MT10,official_clean,push-v3,1,37,MT-REIM,1,0,0,57,01-0037-31655d067a94,100079,31655d067a94a40b6d0550c1ad260c857596a90986c3c1e65c461680ba3fe48f,0.4157193601131439,-1,1,0
4654de3cc2b4593076d440ba282905a7e7fd8e7e5f5bb6453ed4e617dc3c1963,MT10,official_clean,push-v3,1,38,MT-MLP BC,1,0,0,69,01-0038-bbaeb2c37041,100080,bbaeb2c3704136ce32e4f337c0d0c3d2ba07e2882892a177213b28fc54d95d88,0.0,-1,1,0
4654de3cc2b4593076d440ba282905a7e7fd8e7e5f5bb6453ed4e617dc3c1963,MT10,official_clean,push-v3,1,38,MT-ACT,1,0,0,63,01-0038-bbaeb2c37041,100080,bbaeb2c3704136ce32e4f337c0d0c3d2ba07e2882892a177213b28fc54d95d88,0.0,-1,1,0
4654de3cc2b4593076d440ba282905a7e7fd8e7e5f5bb6453ed4e617dc3c1963,MT10,official_clean,push-v3,1,38,MT-ACT + Heuristic-Gated Learned Recovery,1,0,0,63,01-0038-bbaeb2c37041,100080,bbaeb2c3704136ce32e4f337c0d0c3d2ba07e2882892a177213b28fc54d95d88,0.0,-1,1,0
4654de3cc2b4593076d440ba282905a7e7fd8e7e5f5bb6453ed4e617dc3c1963,MT10,official_clean,push-v3,1,38,MT-REIM,1,0,0,63,01-0038-bbaeb2c37041,100080,bbaeb2c3704136ce32e4f337c0d0c3d2ba07e2882892a177213b28fc54d95d88,0.41766783595085144,-1,1,0
4654de3cc2b4593076d440ba282905a7e7fd8e7e5f5bb6453ed4e617dc3c1963,MT10,official_clean,push-v3,1,39,MT-MLP BC,1,0,0,65,01-0039-37df6a145275,100081,37df6a145275967f75dfdb65138184d9153093b3bcbb30e0cb3607a693d4286a,0.0,-1,1,0
4654de3cc2b4593076d440ba282905a7e7fd8e7e5f5bb6453ed4e617dc3c1963,MT10,official_clean,push-v3,1,39,MT-ACT,1,0,0,61,01-0039-37df6a145275,100081,37df6a145275967f75dfdb65138184d9153093b3bcbb30e0cb3607a693d4286a,0.0,-1,1,0
4654de3cc2b4593076d440ba282905a7e7fd8e7e5f5bb6453ed4e617dc3c1963,MT10,official_clean,push-v3,1,39,MT-ACT + Heuristic-Gated Learned Recovery,1,0,0,61,01-0039-37df6a145275,100081,37df6a145275967f75dfdb65138184d9153093b3bcbb30e0cb3607a693d4286a,0.0,-1,1,0
4654de3cc2b4593076d440ba282905a7e7fd8e7e5f5bb6453ed4e617dc3c1963,MT10,official_clean,push-v3,1,39,MT-REIM,1,0,0,61,01-0039-37df6a145275,100081,37df6a145275967f75dfdb65138184d9153093b3bcbb30e0cb3607a693d4286a,0.42079663276672363,-1,1,0
4654de3cc2b4593076d440ba282905a7e7fd8e7e5f5bb6453ed4e617dc3c1963,MT10,official_clean,push-v3,1,40,MT-MLP BC,1,0,0,63,01-0040-d6afc8852bed,100082,d6afc8852bed46007f618a21dc1834c7762e588b20bca81dc5d09ce06b1eb801,0.0,-1,1,0
4654de3cc2b4593076d440ba282905a7e7fd8e7e5f5bb6453ed4e617dc3c1963,MT10,official_clean,push-v3,1,40,MT-ACT,1,0,0,60,01-0040-d6afc8852bed,100082,d6afc8852bed46007f618a21dc1834c7762e588b20bca81dc5d09ce06b1eb801,0.0,-1,1,0
4654de3cc2b4593076d440ba282905a7e7fd8e7e5f5bb6453ed4e617dc3c1963,MT10,official_clean,push-v3,1,40,MT-ACT + Heuristic-Gated Learned Recovery,1,0,0,60,01-0040-d6afc8852bed,100082,d6afc8852bed46007f618a21dc1834c7762e588b20bca81dc5d09ce06b1eb801,0.0,-1,1,0
4654de3cc2b4593076d440ba282905a7e7fd8e7e5f5bb6453ed4e617dc3c1963,MT10,official_clean,push-v3,1,40,MT-REIM,1,0,0,60,01-0040-d6afc8852bed,100082,d6afc8852bed46007f618a21dc1834c7762e588b20bca81dc5d09ce06b1eb801,0.4180976450443268,-1,1,0
4654de3cc2b4593076d440ba282905a7e7fd8e7e5f5bb6453ed4e617dc3c1963,MT10,official_clean,push-v3,1,41,MT-MLP BC,1,0,0,72,01-0041-30fac26bf41a,100083,30fac26bf41a35bd02797d1204b6cb51107097013e846a8b2b6471da0a62bc41,0.0,-1,1,0
4654de3cc2b4593076d440ba282905a7e7fd8e7e5f5bb6453ed4e617dc3c1963,MT10,official_clean,push-v3,1,41,MT-ACT,1,0,0,68,01-0041-30fac26bf41a,100083,30fac26bf41a35bd02797d1204b6cb51107097013e846a8b2b6471da0a62bc41,0.0,-1,1,0
4654de3cc2b4593076d440ba282905a7e7fd8e7e5f5bb6453ed4e617dc3c1963,MT10,official_clean,push-v3,1,41,MT-ACT + Heuristic-Gated Learned Recovery,1,0,0,68,01-0041-30fac26bf41a,100083,30fac26bf41a35bd02797d1204b6cb51107097013e846a8b2b6471da0a62bc41,0.0,-1,1,0
4654de3cc2b4593076d440ba282905a7e7fd8e7e5f5bb6453ed4e617dc3c1963,MT10,official_clean,push-v3,1,41,MT-REIM,1,0,0,68,01-0041-30fac26bf41a,100083,30fac26bf41a35bd02797d1204b6cb51107097013e846a8b2b6471da0a62bc41,0.4176371395587921,-1,1,0
4654de3cc2b4593076d440ba282905a7e7fd8e7e5f5bb6453ed4e617dc3c1963,MT10,official_clean,push-v3,1,42,MT-MLP BC,1,0,0,59,01-0042-ee873e3bb6b9,100084,ee873e3bb6b98807be147a8e0cdc7963bb810603ba352b9b900677d29a49687d,0.0,-1,1,0
4654de3cc2b4593076d440ba282905a7e7fd8e7e5f5bb6453ed4e617dc3c1963,MT10,official_clean,push-v3,1,42,MT-ACT,1,0,0,59,01-0042-ee873e3bb6b9,100084,ee873e3bb6b98807be147a8e0cdc7963bb810603ba352b9b900677d29a49687d,0.0,-1,1,0
4654de3cc2b4593076d440ba282905a7e7fd8e7e5f5bb6453ed4e617dc3c1963,MT10,official_clean,push-v3,1,42,MT-ACT + Heuristic-Gated Learned Recovery,1,0,0,59,01-0042-ee873e3bb6b9,100084,ee873e3bb6b98807be147a8e0cdc7963bb810603ba352b9b900677d29a49687d,0.0,-1,1,0
4654de3cc2b4593076d440ba282905a7e7fd8e7e5f5bb6453ed4e617dc3c1963,MT10,official_clean,push-v3,1,42,MT-REIM,1,0,0,59,01-0042-ee873e3bb6b9,100084,ee873e3bb6b98807be147a8e0cdc7963bb810603ba352b9b900677d29a49687d,0.4192543923854828,-1,1,0
4654de3cc2b4593076d440ba282905a7e7fd8e7e5f5bb6453ed4e617dc3c1963,MT10,official_clean,push-v3,1,43,MT-MLP BC,1,0,0,67,01-0043-ddcfa101c715,100085,ddcfa101c71557f4675cbd0ac489ed6f3eddec5084806fc973136a10f9a7e1ca,0.0,-1,1,0
4654de3cc2b4593076d440ba282905a7e7fd8e7e5f5bb6453ed4e617dc3c1963,MT10,official_clean,push-v3,1,43,MT-ACT,1,0,0,64,01-0043-ddcfa101c715,100085,ddcfa101c71557f4675cbd0ac489ed6f3eddec5084806fc973136a10f9a7e1ca,0.0,-1,1,0
4654de3cc2b4593076d440ba282905a7e7fd8e7e5f5bb6453ed4e617dc3c1963,MT10,official_clean,push-v3,1,43,MT-ACT + Heuristic-Gated Learned Recovery,1,0,0,64,01-0043-ddcfa101c715,100085,ddcfa101c71557f4675cbd0ac489ed6f3eddec5084806fc973136a10f9a7e1ca,0.0,-1,1,0
4654de3cc2b4593076d440ba282905a7e7fd8e7e5f5bb6453ed4e617dc3c1963,MT10,official_clean,push-v3,1,43,MT-REIM,1,0,0,64,01-0043-ddcfa101c715,100085,ddcfa101c71557f4675cbd0ac489ed6f3eddec5084806fc973136a10f9a7e1ca,0.42034533619880676,-1,1,0
4654de3cc2b4593076d440ba282905a7e7fd8e7e5f5bb6453ed4e617dc3c1963,MT10,official_clean,push-v3,1,44,MT-MLP BC,1,0,0,61,01-0044-be500d706a7e,100086,be500d706a7e1c6be6e3c9bf9aaeb080a75e5a601ca4aa48f046b69f0470f2c3,0.0,-1,1,0
4654de3cc2b4593076d440ba282905a7e7fd8e7e5f5bb6453ed4e617dc3c1963,MT10,official_clean,push-v3,1,44,MT-ACT,1,0,0,57,01-0044-be500d706a7e,100086,be500d706a7e1c6be6e3c9bf9aaeb080a75e5a601ca4aa48f046b69f0470f2c3,0.0,-1,1,0
4654de3cc2b4593076d440ba282905a7e7fd8e7e5f5bb6453ed4e617dc3c1963,MT10,official_clean,push-v3,1,44,MT-ACT + Heuristic-Gated Learned Recovery,1,0,0,57,01-0044-be500d706a7e,100086,be500d706a7e1c6be6e3c9bf9aaeb080a75e5a601ca4aa48f046b69f0470f2c3,0.0,-1,1,0
4654de3cc2b4593076d440ba282905a7e7fd8e7e5f5bb6453ed4e617dc3c1963,MT10,official_clean,push-v3,1,44,MT-REIM,1,0,0,57,01-0044-be500d706a7e,100086,be500d706a7e1c6be6e3c9bf9aaeb080a75e5a601ca4aa48f046b69f0470f2c3,0.4189908802509308,-1,1,0
4654de3cc2b4593076d440ba282905a7e7fd8e7e5f5bb6453ed4e617dc3c1963,MT10,official_clean,push-v3,1,45,MT-MLP BC,1,0,0,74,01-0045-a747356c015a,100087,a747356c015ad6b77e6c360c5a49cb6ad77f8a939ec5cf070c48f0cc708045ec,0.0,-1,1,0
4654de3cc2b4593076d440ba282905a7e7fd8e7e5f5bb6453ed4e617dc3c1963,MT10,official_clean,push-v3,1,45,MT-ACT,1,0,0,70,01-0045-a747356c015a,100087,a747356c015ad6b77e6c360c5a49cb6ad77f8a939ec5cf070c48f0cc708045ec,0.0,-1,1,0
4654de3cc2b4593076d440ba282905a7e7fd8e7e5f5bb6453ed4e617dc3c1963,MT10,official_clean,push-v3,1,45,MT-ACT + Heuristic-Gated Learned Recovery,1,0,0,70,01-0045-a747356c015a,100087,a747356c015ad6b77e6c360c5a49cb6ad77f8a939ec5cf070c48f0cc708045ec,0.0,-1,1,0
4654de3cc2b4593076d440ba282905a7e7fd8e7e5f5bb6453ed4e617dc3c1963,MT10,official_clean,push-v3,1,45,MT-REIM,1,0,0,70,01-0045-a747356c015a,100087,a747356c015ad6b77e6c360c5a49cb6ad77f8a939ec5cf070c48f0cc708045ec,0.41459932923316956,-1,1,0
4654de3cc2b4593076d440ba282905a7e7fd8e7e5f5bb6453ed4e617dc3c1963,MT10,official_clean,push-v3,1,46,MT-MLP BC,1,0,0,69,01-0046-6ea2b5d1dd57,100088,6ea2b5d1dd57bc1ca1933302f0c7f3cec553630e32a5220098d751201cfe19bb,0.0,-1,1,0
4654de3cc2b4593076d440ba282905a7e7fd8e7e5f5bb6453ed4e617dc3c1963,MT10,official_clean,push-v3,1,46,MT-ACT,1,0,0,68,01-0046-6ea2b5d1dd57,100088,6ea2b5d1dd57bc1ca1933302f0c7f3cec553630e32a5220098d751201cfe19bb,0.0,-1,1,0
4654de3cc2b4593076d440ba282905a7e7fd8e7e5f5bb6453ed4e617dc3c1963,MT10,official_clean,push-v3,1,46,MT-ACT + Heuristic-Gated Learned Recovery,1,0,0,68,01-0046-6ea2b5d1dd57,100088,6ea2b5d1dd57bc1ca1933302f0c7f3cec553630e32a5220098d751201cfe19bb,0.0,-1,1,0
4654de3cc2b4593076d440ba282905a7e7fd8e7e5f5bb6453ed4e617dc3c1963,MT10,official_clean,push-v3,1,46,MT-REIM,1,0,0,68,01-0046-6ea2b5d1dd57,100088,6ea2b5d1dd57bc1ca1933302f0c7f3cec553630e32a5220098d751201cfe19bb,0.41489502787590027,-1,1,0
4654de3cc2b4593076d440ba282905a7e7fd8e7e5f5bb6453ed4e617dc3c1963,MT10,official_clean,push-v3,1,47,MT-MLP BC,1,0,0,53,01-0047-110f5eb17112,100089,110f5eb17112981daa304c074ff1a7eebd0cd42012279797e67bcf2579f4cf8d,0.0,-1,1,0
4654de3cc2b4593076d440ba282905a7e7fd8e7e5f5bb6453ed4e617dc3c1963,MT10,official_clean,push-v3,1,47,MT-ACT,1,0,0,56,01-0047-110f5eb17112,100089,110f5eb17112981daa304c074ff1a7eebd0cd42012279797e67bcf2579f4cf8d,0.0,-1,1,0
4654de3cc2b4593076d440ba282905a7e7fd8e7e5f5bb6453ed4e617dc3c1963,MT10,official_clean,push-v3,1,47,MT-ACT + Heuristic-Gated Learned Recovery,1,0,0,56,01-0047-110f5eb17112,100089,110f5eb17112981daa304c074ff1a7eebd0cd42012279797e67bcf2579f4cf8d,0.0,-1,1,0
4654de3cc2b4593076d440ba282905a7e7fd8e7e5f5bb6453ed4e617dc3c1963,MT10,official_clean,push-v3,1,47,MT-REIM,1,0,0,56,01-0047-110f5eb17112,100089,110f5eb17112981daa304c074ff1a7eebd0cd42012279797e67bcf2579f4cf8d,0.42035314440727234,-1,1,0
4654de3cc2b4593076d440ba282905a7e7fd8e7e5f5bb6453ed4e617dc3c1963,MT10,official_clean,push-v3,1,48,MT-MLP BC,1,0,0,65,01-0048-2f5adc212471,100090,2f5adc21247131ec22f18371be3f0d11fdd65c5bd3d7f2798ebcd32dc2eed4b1,0.0,-1,1,0
4654de3cc2b4593076d440ba282905a7e7fd8e7e5f5bb6453ed4e617dc3c1963,MT10,official_clean,push-v3,1,48,MT-ACT,1,0,0,59,01-0048-2f5adc212471,100090,2f5adc21247131ec22f18371be3f0d11fdd65c5bd3d7f2798ebcd32dc2eed4b1,0.0,-1,1,0
4654de3cc2b4593076d440ba282905a7e7fd8e7e5f5bb6453ed4e617dc3c1963,MT10,official_clean,push-v3,1,48,MT-ACT + Heuristic-Gated Learned Recovery,1,0,0,59,01-0048-2f5adc212471,100090,2f5adc21247131ec22f18371be3f0d11fdd65c5bd3d7f2798ebcd32dc2eed4b1,0.0,-1,1,0
4654de3cc2b4593076d440ba282905a7e7fd8e7e5f5bb6453ed4e617dc3c1963,MT10,official_clean,push-v3,1,48,MT-REIM,1,0,0,59,01-0048-2f5adc212471,100090,2f5adc21247131ec22f18371be3f0d11fdd65c5bd3d7f2798ebcd32dc2eed4b1,0.4180867075920105,-1,1,0
4654de3cc2b4593076d440ba282905a7e7fd8e7e5f5bb6453ed4e617dc3c1963,MT10,official_clean,push-v3,1,49,MT-MLP BC,1,0,0,64,01-0049-343d3986e8e7,100091,343d3986e8e771d44bdc63f47cd328f2f87a8fe706200fac0850f1aaebd93c8e,0.0,-1,1,0
4654de3cc2b4593076d440ba282905a7e7fd8e7e5f5bb6453ed4e617dc3c1963,MT10,official_clean,push-v3,1,49,MT-ACT,1,0,0,65,01-0049-343d3986e8e7,100091,343d3986e8e771d44bdc63f47cd328f2f87a8fe706200fac0850f1aaebd93c8e,0.0,-1,1,0
4654de3cc2b4593076d440ba282905a7e7fd8e7e5f5bb6453ed4e617dc3c1963,MT10,official_clean,push-v3,1,49,MT-ACT + Heuristic-Gated Learned Recovery,1,0,0,65,01-0049-343d3986e8e7,100091,343d3986e8e771d44bdc63f47cd328f2f87a8fe706200fac0850f1aaebd93c8e,0.0,-1,1,0
4654de3cc2b4593076d440ba282905a7e7fd8e7e5f5bb6453ed4e617dc3c1963,MT10,official_clean,push-v3,1,49,MT-REIM,1,0,0,65,01-0049-343d3986e8e7,100091,343d3986e8e771d44bdc63f47cd328f2f87a8fe706200fac0850f1aaebd93c8e,0.4139314889907837,-1,1,0
4654de3cc2b4593076d440ba282905a7e7fd8e7e5f5bb6453ed4e617dc3c1963,MT10,official_clean,pick-place-v3,2,0,MT-MLP BC,1,0,0,60,02-0000-9df42786b8a5,200042,9df42786b8a5c543e09de9b4d9abe487b593555ce8892792d231dcab0577b905,0.0,-1,1,0
4654de3cc2b4593076d440ba282905a7e7fd8e7e5f5bb6453ed4e617dc3c1963,MT10,official_clean,pick-place-v3,2,0,MT-ACT,1,0,0,60,02-0000-9df42786b8a5,200042,9df42786b8a5c543e09de9b4d9abe487b593555ce8892792d231dcab0577b905,0.0,-1,1,0
4654de3cc2b4593076d440ba282905a7e7fd8e7e5f5bb6453ed4e617dc3c1963,MT10,official_clean,pick-place-v3,2,0,MT-ACT + Heuristic-Gated Learned Recovery,1,0,0,60,02-0000-9df42786b8a5,200042,9df42786b8a5c543e09de9b4d9abe487b593555ce8892792d231dcab0577b905,0.0,-1,1,0
4654de3cc2b4593076d440ba282905a7e7fd8e7e5f5bb6453ed4e617dc3c1963,MT10,official_clean,pick-place-v3,2,0,MT-REIM,1,0,0,60,02-0000-9df42786b8a5,200042,9df42786b8a5c543e09de9b4d9abe487b593555ce8892792d231dcab0577b905,0.45218145847320557,-1,1,0
4654de3cc2b4593076d440ba282905a7e7fd8e7e5f5bb6453ed4e617dc3c1963,MT10,official_clean,pick-place-v3,2,1,MT-MLP BC,1,0,0,57,02-0001-297026817233,200043,297026817233401d6455ae780999ba9436d5ae1fda84d46172bac6a48e640d83,0.0,-1,1,0
4654de3cc2b4593076d440ba282905a7e7fd8e7e5f5bb6453ed4e617dc3c1963,MT10,official_clean,pick-place-v3,2,1,MT-ACT,1,0,0,57,02-0001-297026817233,200043,297026817233401d6455ae780999ba9436d5ae1fda84d46172bac6a48e640d83,0.0,-1,1,0
4654de3cc2b4593076d440ba282905a7e7fd8e7e5f5bb6453ed4e617dc3c1963,MT10,official_clean,pick-place-v3,2,1,MT-ACT + Heuristic-Gated Learned Recovery,1,0,0,57,02-0001-297026817233,200043,297026817233401d6455ae780999ba9436d5ae1fda84d46172bac6a48e640d83,0.0,-1,1,0
4654de3cc2b4593076d440ba282905a7e7fd8e7e5f5bb6453ed4e617dc3c1963,MT10,official_clean,pick-place-v3,2,1,MT-REIM,1,0,0,57,02-0001-297026817233,200043,297026817233401d6455ae780999ba9436d5ae1fda84d46172bac6a48e640d83,0.4340958595275879,-1,1,0
4654de3cc2b4593076d440ba282905a7e7fd8e7e5f5bb6453ed4e617dc3c1963,MT10,official_clean,pick-place-v3,2,2,MT-MLP BC,1,0,0,53,02-0002-ddea61371cd3,200044,ddea61371cd35e1341e7c874312e581c215b4ec62fdbbfaa816651c9ed38d963,0.0,-1,1,0
4654de3cc2b4593076d440ba282905a7e7fd8e7e5f5bb6453ed4e617dc3c1963,MT10,official_clean,pick-place-v3,2,2,MT-ACT,1,0,0,55,02-0002-ddea61371cd3,200044,ddea61371cd35e1341e7c874312e581c215b4ec62fdbbfaa816651c9ed38d963,0.0,-1,1,0
4654de3cc2b4593076d440ba282905a7e7fd8e7e5f5bb6453ed4e617dc3c1963,MT10,official_clean,pick-place-v3,2,2,MT-ACT + Heuristic-Gated Learned Recovery,1,0,0,55,02-0002-ddea61371cd3,200044,ddea61371cd35e1341e7c874312e581c215b4ec62fdbbfaa816651c9ed38d963,0.0,-1,1,0
4654de3cc2b4593076d440ba282905a7e7fd8e7e5f5bb6453ed4e617dc3c1963,MT10,official_clean,pick-place-v3,2,2,MT-REIM,1,0,0,55,02-0002-ddea61371cd3,200044,ddea61371cd35e1341e7c874312e581c215b4ec62fdbbfaa816651c9ed38d963,0.4293515980243683,-1,1,0
4654de3cc2b4593076d440ba282905a7e7fd8e7e5f5bb6453ed4e617dc3c1963,MT10,official_clean,pick-place-v3,2,3,MT-MLP BC,1,0,0,59,02-0003-d15552375760,200045,d1555237576083eced5fc9ee3a72bbbafbcebd9b2393330f420d3c373b0e9707,0.0,-1,1,0
4654de3cc2b4593076d440ba282905a7e7fd8e7e5f5bb6453ed4e617dc3c1963,MT10,official_clean,pick-place-v3,2,3,MT-ACT,1,0,0,55,02-0003-d15552375760,200045,d1555237576083eced5fc9ee3a72bbbafbcebd9b2393330f420d3c373b0e9707,0.0,-1,1,0
4654de3cc2b4593076d440ba282905a7e7fd8e7e5f5bb6453ed4e617dc3c1963,MT10,official_clean,pick-place-v3,2,3,MT-ACT + Heuristic-Gated Learned Recovery,1,0,0,55,02-0003-d15552375760,200045,d1555237576083eced5fc9ee3a72bbbafbcebd9b2393330f420d3c373b0e9707,0.0,-1,1,0
4654de3cc2b4593076d440ba282905a7e7fd8e7e5f5bb6453ed4e617dc3c1963,MT10,official_clean,pick-place-v3,2,3,MT-REIM,1,0,0,55,02-0003-d15552375760,200045,d1555237576083eced5fc9ee3a72bbbafbcebd9b2393330f420d3c373b0e9707,0.4606178402900696,-1,1,0
4654de3cc2b4593076d440ba282905a7e7fd8e7e5f5bb6453ed4e617dc3c1963,MT10,official_clean,pick-place-v3,2,4,MT-MLP BC,1,0,0,56,02-0004-d74e0b063d3c,200046,d74e0b063d3c330559dc7e63ca636cf157daf7a360f7d9af2b3d95ecd5a6bad0,0.0,-1,1,0
4654de3cc2b4593076d440ba282905a7e7fd8e7e5f5bb6453ed4e617dc3c1963,MT10,official_clean,pick-place-v3,2,4,MT-ACT,1,0,0,55,02-0004-d74e0b063d3c,200046,d74e0b063d3c330559dc7e63ca636cf157daf7a360f7d9af2b3d95ecd5a6bad0,0.0,-1,1,0
4654de3cc2b4593076d440ba282905a7e7fd8e7e5f5bb6453ed4e617dc3c1963,MT10,official_clean,pick-place-v3,2,4,MT-ACT + Heuristic-Gated Learned Recovery,1,0,0,55,02-0004-d74e0b063d3c,200046,d74e0b063d3c330559dc7e63ca636cf157daf7a360f7d9af2b3d95ecd5a6bad0,0.0,-1,1,0
4654de3cc2b4593076d440ba282905a7e7fd8e7e5f5bb6453ed4e617dc3c1963,MT10,official_clean,pick-place-v3,2,4,MT-REIM,1,0,0,55,02-0004-d74e0b063d3c,200046,d74e0b063d3c330559dc7e63ca636cf157daf7a360f7d9af2b3d95ecd5a6bad0,0.4390386641025543,-1,1,0
4654de3cc2b4593076d440ba282905a7e7fd8e7e5f5bb6453ed4e617dc3c1963,MT10,official_clean,pick-place-v3,2,5,MT-MLP BC,1,0,0,52,02-0005-a912710e0cdd,200047,a912710e0cdda6b31c66d0f3a83ed778e7918933fdc65b7d2d27a54fca6486e7,0.0,-1,1,0
4654de3cc2b4593076d440ba282905a7e7fd8e7e5f5bb6453ed4e617dc3c1963,MT10,official_clean,pick-place-v3,2,5,MT-ACT,1,0,0,49,02-0005-a912710e0cdd,200047,a912710e0cdda6b31c66d0f3a83ed778e7918933fdc65b7d2d27a54fca6486e7,0.0,-1,1,0
4654de3cc2b4593076d440ba282905a7e7fd8e7e5f5bb6453ed4e617dc3c1963,MT10,official_clean,pick-place-v3,2,5,MT-ACT + Heuristic-Gated Learned Recovery,1,0,0,49,02-0005-a912710e0cdd,200047,a912710e0cdda6b31c66d0f3a83ed778e7918933fdc65b7d2d27a54fca6486e7,0.0,-1,1,0
4654de3cc2b4593076d440ba282905a7e7fd8e7e5f5bb6453ed4e617dc3c1963,MT10,official_clean,pick-place-v3,2,5,MT-REIM,1,0,0,49,02-0005-a912710e0cdd,200047,a912710e0cdda6b31c66d0f3a83ed778e7918933fdc65b7d2d27a54fca6486e7,0.44245532155036926,-1,1,0
4654de3cc2b4593076d440ba282905a7e7fd8e7e5f5bb6453ed4e617dc3c1963,MT10,official_clean,pick-place-v3,2,6,MT-MLP BC,1,0,0,57,02-0006-762f0bc4743c,200048,762f0bc4743ca78b9959da441b24a94aea6ce2bbe5d82db56278e74762fe30fe,0.0,-1,1,0
4654de3cc2b4593076d440ba282905a7e7fd8e7e5f5bb6453ed4e617dc3c1963,MT10,official_clean,pick-place-v3,2,6,MT-ACT,1,0,0,56,02-0006-762f0bc4743c,200048,762f0bc4743ca78b9959da441b24a94aea6ce2bbe5d82db56278e74762fe30fe,0.0,-1,1,0
4654de3cc2b4593076d440ba282905a7e7fd8e7e5f5bb6453ed4e617dc3c1963,MT10,official_clean,pick-place-v3,2,6,MT-ACT + Heuristic-Gated Learned Recovery,1,0,0,56,02-0006-762f0bc4743c,200048,762f0bc4743ca78b9959da441b24a94aea6ce2bbe5d82db56278e74762fe30fe,0.0,-1,1,0
4654de3cc2b4593076d440ba282905a7e7fd8e7e5f5bb6453ed4e617dc3c1963,MT10,official_clean,pick-place-v3,2,6,MT-REIM,1,0,0,56,02-0006-762f0bc4743c,200048,762f0bc4743ca78b9959da441b24a94aea6ce2bbe5d82db56278e74762fe30fe,0.44570204615592957,-1,1,0
4654de3cc2b4593076d440ba282905a7e7fd8e7e5f5bb6453ed4e617dc3c1963,MT10,official_clean,pick-place-v3,2,7,MT-MLP BC,1,0,0,57,02-0007-ab1245afc73a,200049,ab1245afc73a9dbfd3c266a7ec2e5982ac905a7c4b21e02e6e1a79b0898c34a2,0.0,-1,1,0
4654de3cc2b4593076d440ba282905a7e7fd8e7e5f5bb6453ed4e617dc3c1963,MT10,official_clean,pick-place-v3,2,7,MT-ACT,1,0,0,56,02-0007-ab1245afc73a,200049,ab1245afc73a9dbfd3c266a7ec2e5982ac905a7c4b21e02e6e1a79b0898c34a2,0.0,-1,1,0
4654de3cc2b4593076d440ba282905a7e7fd8e7e5f5bb6453ed4e617dc3c1963,MT10,official_clean,pick-place-v3,2,7,MT-ACT + Heuristic-Gated Learned Recovery,1,0,0,56,02-0007-ab1245afc73a,200049,ab1245afc73a9dbfd3c266a7ec2e5982ac905a7c4b21e02e6e1a79b0898c34a2,0.0,-1,1,0
4654de3cc2b4593076d440ba282905a7e7fd8e7e5f5bb6453ed4e617dc3c1963,MT10,official_clean,pick-place-v3,2,7,MT-REIM,1,0,0,56,02-0007-ab1245afc73a,200049,ab1245afc73a9dbfd3c266a7ec2e5982ac905a7c4b21e02e6e1a79b0898c34a2,0.4448854923248291,-1,1,0
4654de3cc2b4593076d440ba282905a7e7fd8e7e5f5bb6453ed4e617dc3c1963,MT10,official_clean,pick-place-v3,2,8,MT-MLP BC,1,0,0,55,02-0008-9abb1c0f1057,200050,9abb1c0f1057f37d493a18355f2c82996188dd87e24f1521be8f1faab0a7fe3c,0.0,-1,1,0
4654de3cc2b4593076d440ba282905a7e7fd8e7e5f5bb6453ed4e617dc3c1963,MT10,official_clean,pick-place-v3,2,8,MT-ACT,1,0,0,57,02-0008-9abb1c0f1057,200050,9abb1c0f1057f37d493a18355f2c82996188dd87e24f1521be8f1faab0a7fe3c,0.0,-1,1,0
4654de3cc2b4593076d440ba282905a7e7fd8e7e5f5bb6453ed4e617dc3c1963,MT10,official_clean,pick-place-v3,2,8,MT-ACT + Heuristic-Gated Learned Recovery,1,0,0,57,02-0008-9abb1c0f1057,200050,9abb1c0f1057f37d493a18355f2c82996188dd87e24f1521be8f1faab0a7fe3c,0.0,-1,1,0
4654de3cc2b4593076d440ba282905a7e7fd8e7e5f5bb6453ed4e617dc3c1963,MT10,official_clean,pick-place-v3,2,8,MT-REIM,1,0,0,57,02-0008-9abb1c0f1057,200050,9abb1c0f1057f37d493a18355f2c82996188dd87e24f1521be8f1faab0a7fe3c,0.43755045533180237,-1,1,0
4654de3cc2b4593076d440ba282905a7e7fd8e7e5f5bb6453ed4e617dc3c1963,MT10,official_clean,pick-place-v3,2,9,MT-MLP BC,1,0,0,55,02-0009-131c612197e7,200051,131c612197e7e64c11d6b82a4ef0ea545d522a6790c014a0b37c488958f3fd47,0.0,-1,1,0
4654de3cc2b4593076d440ba282905a7e7fd8e7e5f5bb6453ed4e617dc3c1963,MT10,official_clean,pick-place-v3,2,9,MT-ACT,1,0,0,52,02-0009-131c612197e7,200051,131c612197e7e64c11d6b82a4ef0ea545d522a6790c014a0b37c488958f3fd47,0.0,-1,1,0
4654de3cc2b4593076d440ba282905a7e7fd8e7e5f5bb6453ed4e617dc3c1963,MT10,official_clean,pick-place-v3,2,9,MT-ACT + Heuristic-Gated Learned Recovery,1,0,0,52,02-0009-131c612197e7,200051,131c612197e7e64c11d6b82a4ef0ea545d522a6790c014a0b37c488958f3fd47,0.0,-1,1,0
4654de3cc2b4593076d440ba282905a7e7fd8e7e5f5bb6453ed4e617dc3c1963,MT10,official_clean,pick-place-v3,2,9,MT-REIM,1,0,0,52,02-0009-131c612197e7,200051,131c612197e7e64c11d6b82a4ef0ea545d522a6790c014a0b37c488958f3fd47,0.42318370938301086,-1,1,0
4654de3cc2b4593076d440ba282905a7e7fd8e7e5f5bb6453ed4e617dc3c1963,MT10,official_clean,pick-place-v3,2,10,MT-MLP BC,1,0,0,62,02-0010-b7f1c098ff4d,200052,b7f1c098ff4d301f0352a68aea668b6f461b7c089f978c52494e05bdd2846a31,0.0,-1,1,0
4654de3cc2b4593076d440ba282905a7e7fd8e7e5f5bb6453ed4e617dc3c1963,MT10,official_clean,pick-place-v3,2,10,MT-ACT,1,0,0,59,02-0010-b7f1c098ff4d,200052,b7f1c098ff4d301f0352a68aea668b6f461b7c089f978c52494e05bdd2846a31,0.0,-1,1,0
4654de3cc2b4593076d440ba282905a7e7fd8e7e5f5bb6453ed4e617dc3c1963,MT10,official_clean,pick-place-v3,2,10,MT-ACT + Heuristic-Gated Learned Recovery,1,0,0,59,02-0010-b7f1c098ff4d,200052,b7f1c098ff4d301f0352a68aea668b6f461b7c089f978c52494e05bdd2846a31,0.0,-1,1,0
4654de3cc2b4593076d440ba282905a7e7fd8e7e5f5bb6453ed4e617dc3c1963,MT10,official_clean,pick-place-v3,2,10,MT-REIM,1,0,0,59,02-0010-b7f1c098ff4d,200052,b7f1c098ff4d301f0352a68aea668b6f461b7c089f978c52494e05bdd2846a31,0.45603445172309875,-1,1,0
4654de3cc2b4593076d440ba282905a7e7fd8e7e5f5bb6453ed4e617dc3c1963,MT10,official_clean,pick-place-v3,2,11,MT-MLP BC,1,0,0,53,02-0011-d219fedca9d3,200053,d219fedca9d34eef25b7b145c4020a5ecf85fa5382a6a85d8bcd8bfc50fbd77e,0.0,-1,1,0
4654de3cc2b4593076d440ba282905a7e7fd8e7e5f5bb6453ed4e617dc3c1963,MT10,official_clean,pick-place-v3,2,11,MT-ACT,1,0,0,54,02-0011-d219fedca9d3,200053,d219fedca9d34eef25b7b145c4020a5ecf85fa5382a6a85d8bcd8bfc50fbd77e,0.0,-1,1,0
4654de3cc2b4593076d440ba282905a7e7fd8e7e5f5bb6453ed4e617dc3c1963,MT10,official_clean,pick-place-v3,2,11,MT-ACT + Heuristic-Gated Learned Recovery,1,0,0,54,02-0011-d219fedca9d3,200053,d219fedca9d34eef25b7b145c4020a5ecf85fa5382a6a85d8bcd8bfc50fbd77e,0.0,-1,1,0
4654de3cc2b4593076d440ba282905a7e7fd8e7e5f5bb6453ed4e617dc3c1963,MT10,official_clean,pick-place-v3,2,11,MT-REIM,1,0,0,54,02-0011-d219fedca9d3,200053,d219fedca9d34eef25b7b145c4020a5ecf85fa5382a6a85d8bcd8bfc50fbd77e,0.44398921728134155,-1,1,0
4654de3cc2b4593076d440ba282905a7e7fd8e7e5f5bb6453ed4e617dc3c1963,MT10,official_clean,pick-place-v3,2,12,MT-MLP BC,1,0,0,59,02-0012-8d4a7e08507a,200054,8d4a7e08507a989378181f80682a71111d9a424d2d4e38ca728499783e7d2593,0.0,-1,1,0
4654de3cc2b4593076d440ba282905a7e7fd8e7e5f5bb6453ed4e617dc3c1963,MT10,official_clean,pick-place-v3,2,12,MT-ACT,1,0,0,60,02-0012-8d4a7e08507a,200054,8d4a7e08507a989378181f80682a71111d9a424d2d4e38ca728499783e7d2593,0.0,-1,1,0
4654de3cc2b4593076d440ba282905a7e7fd8e7e5f5bb6453ed4e617dc3c1963,MT10,official_clean,pick-place-v3,2,12,MT-ACT + Heuristic-Gated Learned Recovery,1,0,0,60,02-0012-8d4a7e08507a,200054,8d4a7e08507a989378181f80682a71111d9a424d2d4e38ca728499783e7d2593,0.0,-1,1,0
4654de3cc2b4593076d440ba282905a7e7fd8e7e5f5bb6453ed4e617dc3c1963,MT10,official_clean,pick-place-v3,2,12,MT-REIM,1,0,0,60,02-0012-8d4a7e08507a,200054,8d4a7e08507a989378181f80682a71111d9a424d2d4e38ca728499783e7d2593,0.4548245668411255,-1,1,0
4654de3cc2b4593076d440ba282905a7e7fd8e7e5f5bb6453ed4e617dc3c1963,MT10,official_clean,pick-place-v3,2,13,MT-MLP BC,1,0,0,56,02-0013-b136651124f8,200055,b136651124f827e79217550b6fec2945d4d37b9166b19b12e64843aa6ad797d2,0.0,-1,1,0
4654de3cc2b4593076d440ba282905a7e7fd8e7e5f5bb6453ed4e617dc3c1963,MT10,official_clean,pick-place-v3,2,13,MT-ACT,1,0,0,55,02-0013-b136651124f8,200055,b136651124f827e79217550b6fec2945d4d37b9166b19b12e64843aa6ad797d2,0.0,-1,1,0
4654de3cc2b4593076d440ba282905a7e7fd8e7e5f5bb6453ed4e617dc3c1963,MT10,official_clean,pick-place-v3,2,13,MT-ACT + Heuristic-Gated Learned Recovery,1,0,0,55,02-0013-b136651124f8,200055,b136651124f827e79217550b6fec2945d4d37b9166b19b12e64843aa6ad797d2,0.0,-1,1,0
4654de3cc2b4593076d440ba282905a7e7fd8e7e5f5bb6453ed4e617dc3c1963,MT10,official_clean,pick-place-v3,2,13,MT-REIM,1,0,0,55,02-0013-b136651124f8,200055,b136651124f827e79217550b6fec2945d4d37b9166b19b12e64843aa6ad797d2,0.4307714104652405,-1,1,0
4654de3cc2b4593076d440ba282905a7e7fd8e7e5f5bb6453ed4e617dc3c1963,MT10,official_clean,pick-place-v3,2,14,MT-MLP BC,1,0,0,58,02-0014-8f687324078e,200056,8f687324078e0e899e3fac0a0b1bf2c19fc58ccce38e200ed21fd7adf1213a08,0.0,-1,1,0
4654de3cc2b4593076d440ba282905a7e7fd8e7e5f5bb6453ed4e617dc3c1963,MT10,official_clean,pick-place-v3,2,14,MT-ACT,1,0,0,57,02-0014-8f687324078e,200056,8f687324078e0e899e3fac0a0b1bf2c19fc58ccce38e200ed21fd7adf1213a08,0.0,-1,1,0
4654de3cc2b4593076d440ba282905a7e7fd8e7e5f5bb6453ed4e617dc3c1963,MT10,official_clean,pick-place-v3,2,14,MT-ACT + Heuristic-Gated Learned Recovery,1,0,0,57,02-0014-8f687324078e,200056,8f687324078e0e899e3fac0a0b1bf2c19fc58ccce38e200ed21fd7adf1213a08,0.0,-1,1,0
4654de3cc2b4593076d440ba282905a7e7fd8e7e5f5bb6453ed4e617dc3c1963,MT10,official_clean,pick-place-v3,2,14,MT-REIM,1,0,0,57,02-0014-8f687324078e,200056,8f687324078e0e899e3fac0a0b1bf2c19fc58ccce38e200ed21fd7adf1213a08,0.4344406723976135,-1,1,0
4654de3cc2b4593076d440ba282905a7e7fd8e7e5f5bb6453ed4e617dc3c1963,MT10,official_clean,pick-place-v3,2,15,MT-MLP BC,1,0,0,58,02-0015-86457bf6bcf1,200057,86457bf6bcf16e8d4be6f838808ba530758450d7749565681cc16fb7670cbc27,0.0,-1,1,0
4654de3cc2b4593076d440ba282905a7e7fd8e7e5f5bb6453ed4e617dc3c1963,MT10,official_clean,pick-place-v3,2,15,MT-ACT,1,0,0,59,02-0015-86457bf6bcf1,200057,86457bf6bcf16e8d4be6f838808ba530758450d7749565681cc16fb7670cbc27,0.0,-1,1,0
4654de3cc2b4593076d440ba282905a7e7fd8e7e5f5bb6453ed4e617dc3c1963,MT10,official_clean,pick-place-v3,2,15,MT-ACT + Heuristic-Gated Learned Recovery,1,0,0,59,02-0015-86457bf6bcf1,200057,86457bf6bcf16e8d4be6f838808ba530758450d7749565681cc16fb7670cbc27,0.0,-1,1,0
4654de3cc2b4593076d440ba282905a7e7fd8e7e5f5bb6453ed4e617dc3c1963,MT10,official_clean,pick-place-v3,2,15,MT-REIM,1,0,0,59,02-0015-86457bf6bcf1,200057,86457bf6bcf16e8d4be6f838808ba530758450d7749565681cc16fb7670cbc27,0.453556627035141,-1,1,0
4654de3cc2b4593076d440ba282905a7e7fd8e7e5f5bb6453ed4e617dc3c1963,MT10,official_clean,pick-place-v3,2,16,MT-MLP BC,1,0,0,52,02-0016-d9b2d9672cad,200058,d9b2d9672cad682231fdfca15a5d65fab5bcce571ca238cf709fbda3454bed2c,0.0,-1,1,0
4654de3cc2b4593076d440ba282905a7e7fd8e7e5f5bb6453ed4e617dc3c1963,MT10,official_clean,pick-place-v3,2,16,MT-ACT,1,0,0,56,02-0016-d9b2d9672cad,200058,d9b2d9672cad682231fdfca15a5d65fab5bcce571ca238cf709fbda3454bed2c,0.0,-1,1,0
4654de3cc2b4593076d440ba282905a7e7fd8e7e5f5bb6453ed4e617dc3c1963,MT10,official_clean,pick-place-v3,2,16,MT-ACT + Heuristic-Gated Learned Recovery,1,0,0,56,02-0016-d9b2d9672cad,200058,d9b2d9672cad682231fdfca15a5d65fab5bcce571ca238cf709fbda3454bed2c,0.0,-1,1,0
4654de3cc2b4593076d440ba282905a7e7fd8e7e5f5bb6453ed4e617dc3c1963,MT10,official_clean,pick-place-v3,2,16,MT-REIM,1,0,0,56,02-0016-d9b2d9672cad,200058,d9b2d9672cad682231fdfca15a5d65fab5bcce571ca238cf709fbda3454bed2c,0.437533974647522,-1,1,0
4654de3cc2b4593076d440ba282905a7e7fd8e7e5f5bb6453ed4e617dc3c1963,MT10,official_clean,pick-place-v3,2,17,MT-MLP BC,1,0,0,61,02-0017-d10cf553ac2f,200059,d10cf553ac2f1cf32b10700165f8d6724c7fd6bba3bb975e63988f47cbfa62ef,0.0,-1,1,0
4654de3cc2b4593076d440ba282905a7e7fd8e7e5f5bb6453ed4e617dc3c1963,MT10,official_clean,pick-place-v3,2,17,MT-ACT,1,0,0,62,02-0017-d10cf553ac2f,200059,d10cf553ac2f1cf32b10700165f8d6724c7fd6bba3bb975e63988f47cbfa62ef,0.0,-1,1,0
4654de3cc2b4593076d440ba282905a7e7fd8e7e5f5bb6453ed4e617dc3c1963,MT10,official_clean,pick-place-v3,2,17,MT-ACT + Heuristic-Gated Learned Recovery,1,0,0,62,02-0017-d10cf553ac2f,200059,d10cf553ac2f1cf32b10700165f8d6724c7fd6bba3bb975e63988f47cbfa62ef,0.0,-1,1,0
4654de3cc2b4593076d440ba282905a7e7fd8e7e5f5bb6453ed4e617dc3c1963,MT10,official_clean,pick-place-v3,2,17,MT-REIM,1,0,0,62,02-0017-d10cf553ac2f,200059,d10cf553ac2f1cf32b10700165f8d6724c7fd6bba3bb975e63988f47cbfa62ef,0.4600291848182678,-1,1,0
4654de3cc2b4593076d440ba282905a7e7fd8e7e5f5bb6453ed4e617dc3c1963,MT10,official_clean,pick-place-v3,2,18,MT-MLP BC,1,0,0,47,02-0018-27d06c4aa700,200060,27d06c4aa700bb531bd464f5e526854b7879b981fbb6f5d01bec66da3c88b2c3,0.0,-1,1,0
4654de3cc2b4593076d440ba282905a7e7fd8e7e5f5bb6453ed4e617dc3c1963,MT10,official_clean,pick-place-v3,2,18,MT-ACT,1,0,0,51,02-0018-27d06c4aa700,200060,27d06c4aa700bb531bd464f5e526854b7879b981fbb6f5d01bec66da3c88b2c3,0.0,-1,1,0
4654de3cc2b4593076d440ba282905a7e7fd8e7e5f5bb6453ed4e617dc3c1963,MT10,official_clean,pick-place-v3,2,18,MT-ACT + Heuristic-Gated Learned Recovery,1,0,0,51,02-0018-27d06c4aa700,200060,27d06c4aa700bb531bd464f5e526854b7879b981fbb6f5d01bec66da3c88b2c3,0.0,-1,1,0
4654de3cc2b4593076d440ba282905a7e7fd8e7e5f5bb6453ed4e617dc3c1963,MT10,official_clean,pick-place-v3,2,18,MT-REIM,1,0,0,51,02-0018-27d06c4aa700,200060,27d06c4aa700bb531bd464f5e526854b7879b981fbb6f5d01bec66da3c88b2c3,0.42596927285194397,-1,1,0
4654de3cc2b4593076d440ba282905a7e7fd8e7e5f5bb6453ed4e617dc3c1963,MT10,official_clean,pick-place-v3,2,19,MT-MLP BC,1,0,0,50,02-0019-0e53589d3bc9,200061,0e53589d3bc9342d67155ca0290379848e25e614d9e6897e02ec32622f9b0177,0.0,-1,1,0
4654de3cc2b4593076d440ba282905a7e7fd8e7e5f5bb6453ed4e617dc3c1963,MT10,official_clean,pick-place-v3,2,19,MT-ACT,1,0,0,52,02-0019-0e53589d3bc9,200061,0e53589d3bc9342d67155ca0290379848e25e614d9e6897e02ec32622f9b0177,0.0,-1,1,0
4654de3cc2b4593076d440ba282905a7e7fd8e7e5f5bb6453ed4e617dc3c1963,MT10,official_clean,pick-place-v3,2,19,MT-ACT + Heuristic-Gated Learned Recovery,1,0,0,52,02-0019-0e53589d3bc9,200061,0e53589d3bc9342d67155ca0290379848e25e614d9e6897e02ec32622f9b0177,0.0,-1,1,0
4654de3cc2b4593076d440ba282905a7e7fd8e7e5f5bb6453ed4e617dc3c1963,MT10,official_clean,pick-place-v3,2,19,MT-REIM,1,0,0,52,02-0019-0e53589d3bc9,200061,0e53589d3bc9342d67155ca0290379848e25e614d9e6897e02ec32622f9b0177,0.4345548152923584,-1,1,0
4654de3cc2b4593076d440ba282905a7e7fd8e7e5f5bb6453ed4e617dc3c1963,MT10,official_clean,pick-place-v3,2,20,MT-MLP BC,1,0,0,63,02-0020-c279cb250c55,200062,c279cb250c558c7aae4467a984caebc81610d2723668f45d94ede110ac282f70,0.0,-1,1,0
4654de3cc2b4593076d440ba282905a7e7fd8e7e5f5bb6453ed4e617dc3c1963,MT10,official_clean,pick-place-v3,2,20,MT-ACT,1,0,0,60,02-0020-c279cb250c55,200062,c279cb250c558c7aae4467a984caebc81610d2723668f45d94ede110ac282f70,0.0,-1,1,0
4654de3cc2b4593076d440ba282905a7e7fd8e7e5f5bb6453ed4e617dc3c1963,MT10,official_clean,pick-place-v3,2,20,MT-ACT + Heuristic-Gated Learned Recovery,1,0,0,60,02-0020-c279cb250c55,200062,c279cb250c558c7aae4467a984caebc81610d2723668f45d94ede110ac282f70,0.0,-1,1,0
4654de3cc2b4593076d440ba282905a7e7fd8e7e5f5bb6453ed4e617dc3c1963,MT10,official_clean,pick-place-v3,2,20,MT-REIM,1,0,0,60,02-0020-c279cb250c55,200062,c279cb250c558c7aae4467a984caebc81610d2723668f45d94ede110ac282f70,0.4309912323951721,-1,1,0
4654de3cc2b4593076d440ba282905a7e7fd8e7e5f5bb6453ed4e617dc3c1963,MT10,official_clean,pick-place-v3,2,21,MT-MLP BC,1,0,0,49,02-0021-7114553167d8,200063,7114553167d897fcbebb1178a110eb1d1a2146efdfd46eae9fbf91dd0744ad77,0.0,-1,1,0
4654de3cc2b4593076d440ba282905a7e7fd8e7e5f5bb6453ed4e617dc3c1963,MT10,official_clean,pick-place-v3,2,21,MT-ACT,1,0,0,50,02-0021-7114553167d8,200063,7114553167d897fcbebb1178a110eb1d1a2146efdfd46eae9fbf91dd0744ad77,0.0,-1,1,0
4654de3cc2b4593076d440ba282905a7e7fd8e7e5f5bb6453ed4e617dc3c1963,MT10,official_clean,pick-place-v3,2,21,MT-ACT + Heuristic-Gated Learned Recovery,1,0,0,50,02-0021-7114553167d8,200063,7114553167d897fcbebb1178a110eb1d1a2146efdfd46eae9fbf91dd0744ad77,0.0,-1,1,0
4654de3cc2b4593076d440ba282905a7e7fd8e7e5f5bb6453ed4e617dc3c1963,MT10,official_clean,pick-place-v3,2,21,MT-REIM,1,0,0,50,02-0021-7114553167d8,200063,7114553167d897fcbebb1178a110eb1d1a2146efdfd46eae9fbf91dd0744ad77,0.45162707567214966,-1,1,0
4654de3cc2b4593076d440ba282905a7e7fd8e7e5f5bb6453ed4e617dc3c1963,MT10,official_clean,pick-place-v3,2,22,MT-MLP BC,1,0,0,49,02-0022-6ee1e39f8d36,200064,6ee1e39f8d36dfc2e7ba1624ba962635d39584fb4f1ab6d3c86ad86f83e4ddd9,0.0,-1,1,0
4654de3cc2b4593076d440ba282905a7e7fd8e7e5f5bb6453ed4e617dc3c1963,MT10,official_clean,pick-place-v3,2,22,MT-ACT,1,0,0,49,02-0022-6ee1e39f8d36,200064,6ee1e39f8d36dfc2e7ba1624ba962635d39584fb4f1ab6d3c86ad86f83e4ddd9,0.0,-1,1,0
4654de3cc2b4593076d440ba282905a7e7fd8e7e5f5bb6453ed4e617dc3c1963,MT10,official_clean,pick-place-v3,2,22,MT-ACT + Heuristic-Gated Learned Recovery,1,0,0,49,02-0022-6ee1e39f8d36,200064,6ee1e39f8d36dfc2e7ba1624ba962635d39584fb4f1ab6d3c86ad86f83e4ddd9,0.0,-1,1,0
4654de3cc2b4593076d440ba282905a7e7fd8e7e5f5bb6453ed4e617dc3c1963,MT10,official_clean,pick-place-v3,2,22,MT-REIM,1,0,0,49,02-0022-6ee1e39f8d36,200064,6ee1e39f8d36dfc2e7ba1624ba962635d39584fb4f1ab6d3c86ad86f83e4ddd9,0.43882280588150024,-1,1,0
4654de3cc2b4593076d440ba282905a7e7fd8e7e5f5bb6453ed4e617dc3c1963,MT10,official_clean,pick-place-v3,2,23,MT-MLP BC,1,0,0,50,02-0023-326de6c038fc,200065,326de6c038fce9ed04daff2d8a2feec240910a5bbcea2fc016a7546a43e1543b,0.0,-1,1,0
4654de3cc2b4593076d440ba282905a7e7fd8e7e5f5bb6453ed4e617dc3c1963,MT10,official_clean,pick-place-v3,2,23,MT-ACT,1,0,0,53,02-0023-326de6c038fc,200065,326de6c038fce9ed04daff2d8a2feec240910a5bbcea2fc016a7546a43e1543b,0.0,-1,1,0
4654de3cc2b4593076d440ba282905a7e7fd8e7e5f5bb6453ed4e617dc3c1963,MT10,official_clean,pick-place-v3,2,23,MT-ACT + Heuristic-Gated Learned Recovery,1,0,0,53,02-0023-326de6c038fc,200065,326de6c038fce9ed04daff2d8a2feec240910a5bbcea2fc016a7546a43e1543b,0.0,-1,1,0
4654de3cc2b4593076d440ba282905a7e7fd8e7e5f5bb6453ed4e617dc3c1963,MT10,official_clean,pick-place-v3,2,23,MT-REIM,1,0,0,53,02-0023-326de6c038fc,200065,326de6c038fce9ed04daff2d8a2feec240910a5bbcea2fc016a7546a43e1543b,0.43356621265411377,-1,1,0
4654de3cc2b4593076d440ba282905a7e7fd8e7e5f5bb6453ed4e617dc3c1963,MT10,official_clean,pick-place-v3,2,24,MT-MLP BC,1,0,0,59,02-0024-55c035998392,200066,55c035998392efd9f34226c84c95363eee463f3cb22a2973d369429fc8153739,0.0,-1,1,0
4654de3cc2b4593076d440ba282905a7e7fd8e7e5f5bb6453ed4e617dc3c1963,MT10,official_clean,pick-place-v3,2,24,MT-ACT,1,0,0,56,02-0024-55c035998392,200066,55c035998392efd9f34226c84c95363eee463f3cb22a2973d369429fc8153739,0.0,-1,1,0
4654de3cc2b4593076d440ba282905a7e7fd8e7e5f5bb6453ed4e617dc3c1963,MT10,official_clean,pick-place-v3,2,24,MT-ACT + Heuristic-Gated Learned Recovery,1,0,0,56,02-0024-55c035998392,200066,55c035998392efd9f34226c84c95363eee463f3cb22a2973d369429fc8153739,0.0,-1,1,0
4654de3cc2b4593076d440ba282905a7e7fd8e7e5f5bb6453ed4e617dc3c1963,MT10,official_clean,pick-place-v3,2,24,MT-REIM,1,0,0,56,02-0024-55c035998392,200066,55c035998392efd9f34226c84c95363eee463f3cb22a2973d369429fc8153739,0.44300827383995056,-1,1,0
4654de3cc2b4593076d440ba282905a7e7fd8e7e5f5bb6453ed4e617dc3c1963,MT10,official_clean,pick-place-v3,2,25,MT-MLP BC,1,0,0,51,02-0025-4de2aaf36d56,200067,4de2aaf36d563a082ec8ac90531beb449cd27689366866b33d77a5ba8341a295,0.0,-1,1,0
4654de3cc2b4593076d440ba282905a7e7fd8e7e5f5bb6453ed4e617dc3c1963,MT10,official_clean,pick-place-v3,2,25,MT-ACT,1,0,0,50,02-0025-4de2aaf36d56,200067,4de2aaf36d563a082ec8ac90531beb449cd27689366866b33d77a5ba8341a295,0.0,-1,1,0
4654de3cc2b4593076d440ba282905a7e7fd8e7e5f5bb6453ed4e617dc3c1963,MT10,official_clean,pick-place-v3,2,25,MT-ACT + Heuristic-Gated Learned Recovery,1,0,0,50,02-0025-4de2aaf36d56,200067,4de2aaf36d563a082ec8ac90531beb449cd27689366866b33d77a5ba8341a295,0.0,-1,1,0
4654de3cc2b4593076d440ba282905a7e7fd8e7e5f5bb6453ed4e617dc3c1963,MT10,official_clean,pick-place-v3,2,25,MT-REIM,1,0,0,50,02-0025-4de2aaf36d56,200067,4de2aaf36d563a082ec8ac90531beb449cd27689366866b33d77a5ba8341a295,0.4325154721736908,-1,1,0
4654de3cc2b4593076d440ba282905a7e7fd8e7e5f5bb6453ed4e617dc3c1963,MT10,official_clean,pick-place-v3,2,26,MT-MLP BC,1,0,0,58,02-0026-0b5fe6f97af3,200068,0b5fe6f97af3bc380f800686a3ea965d5acec20544d94a7724b3c92038e8033d,0.0,-1,1,0
4654de3cc2b4593076d440ba282905a7e7fd8e7e5f5bb6453ed4e617dc3c1963,MT10,official_clean,pick-place-v3,2,26,MT-ACT,1,0,0,57,02-0026-0b5fe6f97af3,200068,0b5fe6f97af3bc380f800686a3ea965d5acec20544d94a7724b3c92038e8033d,0.0,-1,1,0
4654de3cc2b4593076d440ba282905a7e7fd8e7e5f5bb6453ed4e617dc3c1963,MT10,official_clean,pick-place-v3,2,26,MT-ACT + Heuristic-Gated Learned Recovery,1,0,0,57,02-0026-0b5fe6f97af3,200068,0b5fe6f97af3bc380f800686a3ea965d5acec20544d94a7724b3c92038e8033d,0.0,-1,1,0
4654de3cc2b4593076d440ba282905a7e7fd8e7e5f5bb6453ed4e617dc3c1963,MT10,official_clean,pick-place-v3,2,26,MT-REIM,1,0,0,57,02-0026-0b5fe6f97af3,200068,0b5fe6f97af3bc380f800686a3ea965d5acec20544d94a7724b3c92038e8033d,0.43931400775909424,-1,1,0
4654de3cc2b4593076d440ba282905a7e7fd8e7e5f5bb6453ed4e617dc3c1963,MT10,official_clean,pick-place-v3,2,27,MT-MLP BC,1,0,0,48,02-0027-4504af752e0c,200069,4504af752e0c23d15c04eae4a963a52ce25992398db3df3a50ddf4fc0a1aed87,0.0,-1,1,0
4654de3cc2b4593076d440ba282905a7e7fd8e7e5f5bb6453ed4e617dc3c1963,MT10,official_clean,pick-place-v3,2,27,MT-ACT,1,0,0,48,02-0027-4504af752e0c,200069,4504af752e0c23d15c04eae4a963a52ce25992398db3df3a50ddf4fc0a1aed87,0.0,-1,1,0
4654de3cc2b4593076d440ba282905a7e7fd8e7e5f5bb6453ed4e617dc3c1963,MT10,official_clean,pick-place-v3,2,27,MT-ACT + Heuristic-Gated Learned Recovery,1,0,0,48,02-0027-4504af752e0c,200069,4504af752e0c23d15c04eae4a963a52ce25992398db3df3a50ddf4fc0a1aed87,0.0,-1,1,0
4654de3cc2b4593076d440ba282905a7e7fd8e7e5f5bb6453ed4e617dc3c1963,MT10,official_clean,pick-place-v3,2,27,MT-REIM,1,0,0,48,02-0027-4504af752e0c,200069,4504af752e0c23d15c04eae4a963a52ce25992398db3df3a50ddf4fc0a1aed87,0.42033833265304565,-1,1,0
4654de3cc2b4593076d440ba282905a7e7fd8e7e5f5bb6453ed4e617dc3c1963,MT10,official_clean,pick-place-v3,2,28,MT-MLP BC,0,0,0,500,02-0028-7d01fa1ea81a,200070,7d01fa1ea81ae5d81a3e1a1a6f6c96e5149bf046ba9426403df7505e83038279,0.0,-1,1,0
4654de3cc2b4593076d440ba282905a7e7fd8e7e5f5bb6453ed4e617dc3c1963,MT10,official_clean,pick-place-v3,2,28,MT-ACT,1,0,0,52,02-0028-7d01fa1ea81a,200070,7d01fa1ea81ae5d81a3e1a1a6f6c96e5149bf046ba9426403df7505e83038279,0.0,-1,1,0
4654de3cc2b4593076d440ba282905a7e7fd8e7e5f5bb6453ed4e617dc3c1963,MT10,official_clean,pick-place-v3,2,28,MT-ACT + Heuristic-Gated Learned Recovery,1,0,0,52,02-0028-7d01fa1ea81a,200070,7d01fa1ea81ae5d81a3e1a1a6f6c96e5149bf046ba9426403df7505e83038279,0.0,-1,1,0
4654de3cc2b4593076d440ba282905a7e7fd8e7e5f5bb6453ed4e617dc3c1963,MT10,official_clean,pick-place-v3,2,28,MT-REIM,1,0,0,52,02-0028-7d01fa1ea81a,200070,7d01fa1ea81ae5d81a3e1a1a6f6c96e5149bf046ba9426403df7505e83038279,0.43413013219833374,-1,1,0
4654de3cc2b4593076d440ba282905a7e7fd8e7e5f5bb6453ed4e617dc3c1963,MT10,official_clean,pick-place-v3,2,29,MT-MLP BC,1,0,0,48,02-0029-5ebf687474ba,200071,5ebf687474ba436225898afc827da322619d1b0581f6d78ae28c631435b7384c,0.0,-1,1,0
4654de3cc2b4593076d440ba282905a7e7fd8e7e5f5bb6453ed4e617dc3c1963,MT10,official_clean,pick-place-v3,2,29,MT-ACT,1,0,0,50,02-0029-5ebf687474ba,200071,5ebf687474ba436225898afc827da322619d1b0581f6d78ae28c631435b7384c,0.0,-1,1,0
4654de3cc2b4593076d440ba282905a7e7fd8e7e5f5bb6453ed4e617dc3c1963,MT10,official_clean,pick-place-v3,2,29,MT-ACT + Heuristic-Gated Learned Recovery,1,0,0,50,02-0029-5ebf687474ba,200071,5ebf687474ba436225898afc827da322619d1b0581f6d78ae28c631435b7384c,0.0,-1,1,0
4654de3cc2b4593076d440ba282905a7e7fd8e7e5f5bb6453ed4e617dc3c1963,MT10,official_clean,pick-place-v3,2,29,MT-REIM,1,0,0,50,02-0029-5ebf687474ba,200071,5ebf687474ba436225898afc827da322619d1b0581f6d78ae28c631435b7384c,0.4380272924900055,-1,1,0
4654de3cc2b4593076d440ba282905a7e7fd8e7e5f5bb6453ed4e617dc3c1963,MT10,official_clean,pick-place-v3,2,30,MT-MLP BC,1,0,0,59,02-0030-fa61d3cfad46,200072,fa61d3cfad46c673173a02a4c01704f86bd2a8c2e0916d64ffeaed22aaa5373a,0.0,-1,1,0
4654de3cc2b4593076d440ba282905a7e7fd8e7e5f5bb6453ed4e617dc3c1963,MT10,official_clean,pick-place-v3,2,30,MT-ACT,1,0,0,57,02-0030-fa61d3cfad46,200072,fa61d3cfad46c673173a02a4c01704f86bd2a8c2e0916d64ffeaed22aaa5373a,0.0,-1,1,0
4654de3cc2b4593076d440ba282905a7e7fd8e7e5f5bb6453ed4e617dc3c1963,MT10,official_clean,pick-place-v3,2,30,MT-ACT + Heuristic-Gated Learned Recovery,1,0,0,57,02-0030-fa61d3cfad46,200072,fa61d3cfad46c673173a02a4c01704f86bd2a8c2e0916d64ffeaed22aaa5373a,0.0,-1,1,0
4654de3cc2b4593076d440ba282905a7e7fd8e7e5f5bb6453ed4e617dc3c1963,MT10,official_clean,pick-place-v3,2,30,MT-REIM,1,0,0,57,02-0030-fa61d3cfad46,200072,fa61d3cfad46c673173a02a4c01704f86bd2a8c2e0916d64ffeaed22aaa5373a,0.45130231976509094,-1,1,0
4654de3cc2b4593076d440ba282905a7e7fd8e7e5f5bb6453ed4e617dc3c1963,MT10,official_clean,pick-place-v3,2,31,MT-MLP BC,1,0,0,51,02-0031-cc8b8cde91a5,200073,cc8b8cde91a5eebee7e9b664004900792d2cae7ce82c54767926ee94f24e912b,0.0,-1,1,0
4654de3cc2b4593076d440ba282905a7e7fd8e7e5f5bb6453ed4e617dc3c1963,MT10,official_clean,pick-place-v3,2,31,MT-ACT,1,0,0,50,02-0031-cc8b8cde91a5,200073,cc8b8cde91a5eebee7e9b664004900792d2cae7ce82c54767926ee94f24e912b,0.0,-1,1,0
4654de3cc2b4593076d440ba282905a7e7fd8e7e5f5bb6453ed4e617dc3c1963,MT10,official_clean,pick-place-v3,2,31,MT-ACT + Heuristic-Gated Learned Recovery,1,0,0,50,02-0031-cc8b8cde91a5,200073,cc8b8cde91a5eebee7e9b664004900792d2cae7ce82c54767926ee94f24e912b,0.0,-1,1,0
4654de3cc2b4593076d440ba282905a7e7fd8e7e5f5bb6453ed4e617dc3c1963,MT10,official_clean,pick-place-v3,2,31,MT-REIM,1,0,0,50,02-0031-cc8b8cde91a5,200073,cc8b8cde91a5eebee7e9b664004900792d2cae7ce82c54767926ee94f24e912b,0.44714540243148804,-1,1,0
4654de3cc2b4593076d440ba282905a7e7fd8e7e5f5bb6453ed4e617dc3c1963,MT10,official_clean,pick-place-v3,2,32,MT-MLP BC,1,0,0,52,02-0032-8492e82d6471,200074,8492e82d647131fe6359ba371859d19904a6818e942f29a7359711c77209fd1f,0.0,-1,1,0
4654de3cc2b4593076d440ba282905a7e7fd8e7e5f5bb6453ed4e617dc3c1963,MT10,official_clean,pick-place-v3,2,32,MT-ACT,1,0,0,52,02-0032-8492e82d6471,200074,8492e82d647131fe6359ba371859d19904a6818e942f29a7359711c77209fd1f,0.0,-1,1,0
4654de3cc2b4593076d440ba282905a7e7fd8e7e5f5bb6453ed4e617dc3c1963,MT10,official_clean,pick-place-v3,2,32,MT-ACT + Heuristic-Gated Learned Recovery,1,0,0,52,02-0032-8492e82d6471,200074,8492e82d647131fe6359ba371859d19904a6818e942f29a7359711c77209fd1f,0.0,-1,1,0
4654de3cc2b4593076d440ba282905a7e7fd8e7e5f5bb6453ed4e617dc3c1963,MT10,official_clean,pick-place-v3,2,32,MT-REIM,1,0,0,52,02-0032-8492e82d6471,200074,8492e82d647131fe6359ba371859d19904a6818e942f29a7359711c77209fd1f,0.4420536458492279,-1,1,0
4654de3cc2b4593076d440ba282905a7e7fd8e7e5f5bb6453ed4e617dc3c1963,MT10,official_clean,pick-place-v3,2,33,MT-MLP BC,1,0,0,50,02-0033-8fa86b566dba,200075,8fa86b566dba462bcddda799653db61095e055abcb8964d5fac0d8cbb0176d73,0.0,-1,1,0
4654de3cc2b4593076d440ba282905a7e7fd8e7e5f5bb6453ed4e617dc3c1963,MT10,official_clean,pick-place-v3,2,33,MT-ACT,1,0,0,48,02-0033-8fa86b566dba,200075,8fa86b566dba462bcddda799653db61095e055abcb8964d5fac0d8cbb0176d73,0.0,-1,1,0
4654de3cc2b4593076d440ba282905a7e7fd8e7e5f5bb6453ed4e617dc3c1963,MT10,official_clean,pick-place-v3,2,33,MT-ACT + Heuristic-Gated Learned Recovery,1,0,0,48,02-0033-8fa86b566dba,200075,8fa86b566dba462bcddda799653db61095e055abcb8964d5fac0d8cbb0176d73,0.0,-1,1,0
4654de3cc2b4593076d440ba282905a7e7fd8e7e5f5bb6453ed4e617dc3c1963,MT10,official_clean,pick-place-v3,2,33,MT-REIM,1,0,0,48,02-0033-8fa86b566dba,200075,8fa86b566dba462bcddda799653db61095e055abcb8964d5fac0d8cbb0176d73,0.44284820556640625,-1,1,0
4654de3cc2b4593076d440ba282905a7e7fd8e7e5f5bb6453ed4e617dc3c1963,MT10,official_clean,pick-place-v3,2,34,MT-MLP BC,1,0,0,55,02-0034-510c6c21a0d6,200076,510c6c21a0d69efc709d37ca5222f8a3a6ef62abc87dc8ba09ae941e465a0aad,0.0,-1,1,0
4654de3cc2b4593076d440ba282905a7e7fd8e7e5f5bb6453ed4e617dc3c1963,MT10,official_clean,pick-place-v3,2,34,MT-ACT,1,0,0,55,02-0034-510c6c21a0d6,200076,510c6c21a0d69efc709d37ca5222f8a3a6ef62abc87dc8ba09ae941e465a0aad,0.0,-1,1,0
4654de3cc2b4593076d440ba282905a7e7fd8e7e5f5bb6453ed4e617dc3c1963,MT10,official_clean,pick-place-v3,2,34,MT-ACT + Heuristic-Gated Learned Recovery,1,0,0,55,02-0034-510c6c21a0d6,200076,510c6c21a0d69efc709d37ca5222f8a3a6ef62abc87dc8ba09ae941e465a0aad,0.0,-1,1,0
4654de3cc2b4593076d440ba282905a7e7fd8e7e5f5bb6453ed4e617dc3c1963,MT10,official_clean,pick-place-v3,2,34,MT-REIM,1,0,0,55,02-0034-510c6c21a0d6,200076,510c6c21a0d69efc709d37ca5222f8a3a6ef62abc87dc8ba09ae941e465a0aad,0.454944372177124,-1,1,0
4654de3cc2b4593076d440ba282905a7e7fd8e7e5f5bb6453ed4e617dc3c1963,MT10,official_clean,pick-place-v3,2,35,MT-MLP BC,1,0,0,50,02-0035-2df0b516b0c6,200077,2df0b516b0c662b3dc6716f60349bdce3cc06bdd7c5bcaff9d16b62f5afcb3b5,0.0,-1,1,0
4654de3cc2b4593076d440ba282905a7e7fd8e7e5f5bb6453ed4e617dc3c1963,MT10,official_clean,pick-place-v3,2,35,MT-ACT,1,0,0,52,02-0035-2df0b516b0c6,200077,2df0b516b0c662b3dc6716f60349bdce3cc06bdd7c5bcaff9d16b62f5afcb3b5,0.0,-1,1,0
4654de3cc2b4593076d440ba282905a7e7fd8e7e5f5bb6453ed4e617dc3c1963,MT10,official_clean,pick-place-v3,2,35,MT-ACT + Heuristic-Gated Learned Recovery,1,0,0,52,02-0035-2df0b516b0c6,200077,2df0b516b0c662b3dc6716f60349bdce3cc06bdd7c5bcaff9d16b62f5afcb3b5,0.0,-1,1,0
4654de3cc2b4593076d440ba282905a7e7fd8e7e5f5bb6453ed4e617dc3c1963,MT10,official_clean,pick-place-v3,2,35,MT-REIM,1,0,0,52,02-0035-2df0b516b0c6,200077,2df0b516b0c662b3dc6716f60349bdce3cc06bdd7c5bcaff9d16b62f5afcb3b5,0.45388469099998474,-1,1,0
4654de3cc2b4593076d440ba282905a7e7fd8e7e5f5bb6453ed4e617dc3c1963,MT10,official_clean,pick-place-v3,2,36,MT-MLP BC,1,0,0,60,02-0036-f5f00de94010,200078,f5f00de940101aaf6fc0bbede14b7b91049ced4eaeb38fc925bdaf26b33a32ed,0.0,-1,1,0
4654de3cc2b4593076d440ba282905a7e7fd8e7e5f5bb6453ed4e617dc3c1963,MT10,official_clean,pick-place-v3,2,36,MT-ACT,1,0,0,58,02-0036-f5f00de94010,200078,f5f00de940101aaf6fc0bbede14b7b91049ced4eaeb38fc925bdaf26b33a32ed,0.0,-1,1,0
4654de3cc2b4593076d440ba282905a7e7fd8e7e5f5bb6453ed4e617dc3c1963,MT10,official_clean,pick-place-v3,2,36,MT-ACT + Heuristic-Gated Learned Recovery,1,0,0,58,02-0036-f5f00de94010,200078,f5f00de940101aaf6fc0bbede14b7b91049ced4eaeb38fc925bdaf26b33a32ed,0.0,-1,1,0
4654de3cc2b4593076d440ba282905a7e7fd8e7e5f5bb6453ed4e617dc3c1963,MT10,official_clean,pick-place-v3,2,36,MT-REIM,1,0,0,58,02-0036-f5f00de94010,200078,f5f00de940101aaf6fc0bbede14b7b91049ced4eaeb38fc925bdaf26b33a32ed,0.44867369532585144,-1,1,0
4654de3cc2b4593076d440ba282905a7e7fd8e7e5f5bb6453ed4e617dc3c1963,MT10,official_clean,pick-place-v3,2,37,MT-MLP BC,1,0,0,54,02-0037-558460aec3b2,200079,558460aec3b26f87da70b5c0a7eb6677b59f7e800d19f4e5d0e67d477323bd18,0.0,-1,1,0
4654de3cc2b4593076d440ba282905a7e7fd8e7e5f5bb6453ed4e617dc3c1963,MT10,official_clean,pick-place-v3,2,37,MT-ACT,1,0,0,52,02-0037-558460aec3b2,200079,558460aec3b26f87da70b5c0a7eb6677b59f7e800d19f4e5d0e67d477323bd18,0.0,-1,1,0
4654de3cc2b4593076d440ba282905a7e7fd8e7e5f5bb6453ed4e617dc3c1963,MT10,official_clean,pick-place-v3,2,37,MT-ACT + Heuristic-Gated Learned Recovery,1,0,0,52,02-0037-558460aec3b2,200079,558460aec3b26f87da70b5c0a7eb6677b59f7e800d19f4e5d0e67d477323bd18,0.0,-1,1,0
4654de3cc2b4593076d440ba282905a7e7fd8e7e5f5bb6453ed4e617dc3c1963,MT10,official_clean,pick-place-v3,2,37,MT-REIM,1,0,0,52,02-0037-558460aec3b2,200079,558460aec3b26f87da70b5c0a7eb6677b59f7e800d19f4e5d0e67d477323bd18,0.4484013319015503,-1,1,0
4654de3cc2b4593076d440ba282905a7e7fd8e7e5f5bb6453ed4e617dc3c1963,MT10,official_clean,pick-place-v3,2,38,MT-MLP BC,1,0,0,54,02-0038-d9f5c2ac314e,200080,d9f5c2ac314e65f3c64b174ea3536a439d5e873431331e9c5a3e7ff61883d8f5,0.0,-1,1,0
4654de3cc2b4593076d440ba282905a7e7fd8e7e5f5bb6453ed4e617dc3c1963,MT10,official_clean,pick-place-v3,2,38,MT-ACT,1,0,0,53,02-0038-d9f5c2ac314e,200080,d9f5c2ac314e65f3c64b174ea3536a439d5e873431331e9c5a3e7ff61883d8f5,0.0,-1,1,0
4654de3cc2b4593076d440ba282905a7e7fd8e7e5f5bb6453ed4e617dc3c1963,MT10,official_clean,pick-place-v3,2,38,MT-ACT + Heuristic-Gated Learned Recovery,1,0,0,53,02-0038-d9f5c2ac314e,200080,d9f5c2ac314e65f3c64b174ea3536a439d5e873431331e9c5a3e7ff61883d8f5,0.0,-1,1,0
4654de3cc2b4593076d440ba282905a7e7fd8e7e5f5bb6453ed4e617dc3c1963,MT10,official_clean,pick-place-v3,2,38,MT-REIM,1,0,0,53,02-0038-d9f5c2ac314e,200080,d9f5c2ac314e65f3c64b174ea3536a439d5e873431331e9c5a3e7ff61883d8f5,0.43304625153541565,-1,1,0
4654de3cc2b4593076d440ba282905a7e7fd8e7e5f5bb6453ed4e617dc3c1963,MT10,official_clean,pick-place-v3,2,39,MT-MLP BC,1,0,0,51,02-0039-fc2c17bf90bb,200081,fc2c17bf90bb0deaff388b21720f1095903c7bc855c4a445dc36d439c1f8ca2a,0.0,-1,1,0
4654de3cc2b4593076d440ba282905a7e7fd8e7e5f5bb6453ed4e617dc3c1963,MT10,official_clean,pick-place-v3,2,39,MT-ACT,1,0,0,53,02-0039-fc2c17bf90bb,200081,fc2c17bf90bb0deaff388b21720f1095903c7bc855c4a445dc36d439c1f8ca2a,0.0,-1,1,0
4654de3cc2b4593076d440ba282905a7e7fd8e7e5f5bb6453ed4e617dc3c1963,MT10,official_clean,pick-place-v3,2,39,MT-ACT + Heuristic-Gated Learned Recovery,1,0,0,53,02-0039-fc2c17bf90bb,200081,fc2c17bf90bb0deaff388b21720f1095903c7bc855c4a445dc36d439c1f8ca2a,0.0,-1,1,0
4654de3cc2b4593076d440ba282905a7e7fd8e7e5f5bb6453ed4e617dc3c1963,MT10,official_clean,pick-place-v3,2,39,MT-REIM,1,0,0,53,02-0039-fc2c17bf90bb,200081,fc2c17bf90bb0deaff388b21720f1095903c7bc855c4a445dc36d439c1f8ca2a,0.4579467475414276,-1,1,0
4654de3cc2b4593076d440ba282905a7e7fd8e7e5f5bb6453ed4e617dc3c1963,MT10,official_clean,pick-place-v3,2,40,MT-MLP BC,1,0,0,57,02-0040-4b9107952fe0,200082,4b9107952fe09a129264b140fb1ed8bf746fab804d75ed9462f367c655793fe9,0.0,-1,1,0
4654de3cc2b4593076d440ba282905a7e7fd8e7e5f5bb6453ed4e617dc3c1963,MT10,official_clean,pick-place-v3,2,40,MT-ACT,1,0,0,57,02-0040-4b9107952fe0,200082,4b9107952fe09a129264b140fb1ed8bf746fab804d75ed9462f367c655793fe9,0.0,-1,1,0
4654de3cc2b4593076d440ba282905a7e7fd8e7e5f5bb6453ed4e617dc3c1963,MT10,official_clean,pick-place-v3,2,40,MT-ACT + Heuristic-Gated Learned Recovery,1,0,0,57,02-0040-4b9107952fe0,200082,4b9107952fe09a129264b140fb1ed8bf746fab804d75ed9462f367c655793fe9,0.0,-1,1,0
4654de3cc2b4593076d440ba282905a7e7fd8e7e5f5bb6453ed4e617dc3c1963,MT10,official_clean,pick-place-v3,2,40,MT-REIM,1,0,0,57,02-0040-4b9107952fe0,200082,4b9107952fe09a129264b140fb1ed8bf746fab804d75ed9462f367c655793fe9,0.4457303583621979,-1,1,0
4654de3cc2b4593076d440ba282905a7e7fd8e7e5f5bb6453ed4e617dc3c1963,MT10,official_clean,pick-place-v3,2,41,MT-MLP BC,1,0,0,48,02-0041-3a3bf7a73e64,200083,3a3bf7a73e6494718591822faa7b570b5cbe519d3cb9a906f6cf470292e9cf07,0.0,-1,1,0
4654de3cc2b4593076d440ba282905a7e7fd8e7e5f5bb6453ed4e617dc3c1963,MT10,official_clean,pick-place-v3,2,41,MT-ACT,1,0,0,48,02-0041-3a3bf7a73e64,200083,3a3bf7a73e6494718591822faa7b570b5cbe519d3cb9a906f6cf470292e9cf07,0.0,-1,1,0
4654de3cc2b4593076d440ba282905a7e7fd8e7e5f5bb6453ed4e617dc3c1963,MT10,official_clean,pick-place-v3,2,41,MT-ACT + Heuristic-Gated Learned Recovery,1,0,0,48,02-0041-3a3bf7a73e64,200083,3a3bf7a73e6494718591822faa7b570b5cbe519d3cb9a906f6cf470292e9cf07,0.0,-1,1,0
4654de3cc2b4593076d440ba282905a7e7fd8e7e5f5bb6453ed4e617dc3c1963,MT10,official_clean,pick-place-v3,2,41,MT-REIM,1,0,0,48,02-0041-3a3bf7a73e64,200083,3a3bf7a73e6494718591822faa7b570b5cbe519d3cb9a906f6cf470292e9cf07,0.4305538535118103,-1,1,0
4654de3cc2b4593076d440ba282905a7e7fd8e7e5f5bb6453ed4e617dc3c1963,MT10,official_clean,pick-place-v3,2,42,MT-MLP BC,1,0,0,55,02-0042-2766d846ab8b,200084,2766d846ab8beda298303bbc11692bda20af1e9171f576f508de7f6024cccd27,0.0,-1,1,0
4654de3cc2b4593076d440ba282905a7e7fd8e7e5f5bb6453ed4e617dc3c1963,MT10,official_clean,pick-place-v3,2,42,MT-ACT,1,0,0,56,02-0042-2766d846ab8b,200084,2766d846ab8beda298303bbc11692bda20af1e9171f576f508de7f6024cccd27,0.0,-1,1,0
4654de3cc2b4593076d440ba282905a7e7fd8e7e5f5bb6453ed4e617dc3c1963,MT10,official_clean,pick-place-v3,2,42,MT-ACT + Heuristic-Gated Learned Recovery,1,0,0,56,02-0042-2766d846ab8b,200084,2766d846ab8beda298303bbc11692bda20af1e9171f576f508de7f6024cccd27,0.0,-1,1,0
4654de3cc2b4593076d440ba282905a7e7fd8e7e5f5bb6453ed4e617dc3c1963,MT10,official_clean,pick-place-v3,2,42,MT-REIM,1,0,0,56,02-0042-2766d846ab8b,200084,2766d846ab8beda298303bbc11692bda20af1e9171f576f508de7f6024cccd27,0.4523372948169708,-1,1,0
4654de3cc2b4593076d440ba282905a7e7fd8e7e5f5bb6453ed4e617dc3c1963,MT10,official_clean,pick-place-v3,2,43,MT-MLP BC,1,0,0,59,02-0043-e0b84d6c47cf,200085,e0b84d6c47cfd660f471644afc2d6cec2743dbd97cb3dec9c34b84927bc7e61f,0.0,-1,1,0
4654de3cc2b4593076d440ba282905a7e7fd8e7e5f5bb6453ed4e617dc3c1963,MT10,official_clean,pick-place-v3,2,43,MT-ACT,1,0,0,59,02-0043-e0b84d6c47cf,200085,e0b84d6c47cfd660f471644afc2d6cec2743dbd97cb3dec9c34b84927bc7e61f,0.0,-1,1,0
4654de3cc2b4593076d440ba282905a7e7fd8e7e5f5bb6453ed4e617dc3c1963,MT10,official_clean,pick-place-v3,2,43,MT-ACT + Heuristic-Gated Learned Recovery,1,0,0,59,02-0043-e0b84d6c47cf,200085,e0b84d6c47cfd660f471644afc2d6cec2743dbd97cb3dec9c34b84927bc7e61f,0.0,-1,1,0
4654de3cc2b4593076d440ba282905a7e7fd8e7e5f5bb6453ed4e617dc3c1963,MT10,official_clean,pick-place-v3,2,43,MT-REIM,1,0,0,59,02-0043-e0b84d6c47cf,200085,e0b84d6c47cfd660f471644afc2d6cec2743dbd97cb3dec9c34b84927bc7e61f,0.4545256793498993,-1,1,0
4654de3cc2b4593076d440ba282905a7e7fd8e7e5f5bb6453ed4e617dc3c1963,MT10,official_clean,pick-place-v3,2,44,MT-MLP BC,1,0,0,45,02-0044-069d09e6c83e,200086,069d09e6c83e68183b58afcc0476e5f59e9f1e6c56e39c3be2f34744deb20515,0.0,-1,1,0
4654de3cc2b4593076d440ba282905a7e7fd8e7e5f5bb6453ed4e617dc3c1963,MT10,official_clean,pick-place-v3,2,44,MT-ACT,1,0,0,50,02-0044-069d09e6c83e,200086,069d09e6c83e68183b58afcc0476e5f59e9f1e6c56e39c3be2f34744deb20515,0.0,-1,1,0
4654de3cc2b4593076d440ba282905a7e7fd8e7e5f5bb6453ed4e617dc3c1963,MT10,official_clean,pick-place-v3,2,44,MT-ACT + Heuristic-Gated Learned Recovery,1,0,0,50,02-0044-069d09e6c83e,200086,069d09e6c83e68183b58afcc0476e5f59e9f1e6c56e39c3be2f34744deb20515,0.0,-1,1,0
4654de3cc2b4593076d440ba282905a7e7fd8e7e5f5bb6453ed4e617dc3c1963,MT10,official_clean,pick-place-v3,2,44,MT-REIM,1,0,0,50,02-0044-069d09e6c83e,200086,069d09e6c83e68183b58afcc0476e5f59e9f1e6c56e39c3be2f34744deb20515,0.41879215836524963,-1,1,0
4654de3cc2b4593076d440ba282905a7e7fd8e7e5f5bb6453ed4e617dc3c1963,MT10,official_clean,pick-place-v3,2,45,MT-MLP BC,1,0,0,58,02-0045-e10cbab9b778,200087,e10cbab9b77899fc0968907145d79b4ce19fd31f6d5506f17555325fd03fb738,0.0,-1,1,0
4654de3cc2b4593076d440ba282905a7e7fd8e7e5f5bb6453ed4e617dc3c1963,MT10,official_clean,pick-place-v3,2,45,MT-ACT,1,0,0,57,02-0045-e10cbab9b778,200087,e10cbab9b77899fc0968907145d79b4ce19fd31f6d5506f17555325fd03fb738,0.0,-1,1,0
4654de3cc2b4593076d440ba282905a7e7fd8e7e5f5bb6453ed4e617dc3c1963,MT10,official_clean,pick-place-v3,2,45,MT-ACT + Heuristic-Gated Learned Recovery,1,0,0,57,02-0045-e10cbab9b778,200087,e10cbab9b77899fc0968907145d79b4ce19fd31f6d5506f17555325fd03fb738,0.0,-1,1,0
4654de3cc2b4593076d440ba282905a7e7fd8e7e5f5bb6453ed4e617dc3c1963,MT10,official_clean,pick-place-v3,2,45,MT-REIM,1,0,0,57,02-0045-e10cbab9b778,200087,e10cbab9b77899fc0968907145d79b4ce19fd31f6d5506f17555325fd03fb738,0.4290802478790283,-1,1,0
4654de3cc2b4593076d440ba282905a7e7fd8e7e5f5bb6453ed4e617dc3c1963,MT10,official_clean,pick-place-v3,2,46,MT-MLP BC,1,0,0,54,02-0046-dd5dbd7e3ef7,200088,dd5dbd7e3ef7735d54cd57f13187b1342c7ba3150d40ea15b1f4657ce7f74cad,0.0,-1,1,0
4654de3cc2b4593076d440ba282905a7e7fd8e7e5f5bb6453ed4e617dc3c1963,MT10,official_clean,pick-place-v3,2,46,MT-ACT,1,0,0,58,02-0046-dd5dbd7e3ef7,200088,dd5dbd7e3ef7735d54cd57f13187b1342c7ba3150d40ea15b1f4657ce7f74cad,0.0,-1,1,0
4654de3cc2b4593076d440ba282905a7e7fd8e7e5f5bb6453ed4e617dc3c1963,MT10,official_clean,pick-place-v3,2,46,MT-ACT + Heuristic-Gated Learned Recovery,1,0,0,58,02-0046-dd5dbd7e3ef7,200088,dd5dbd7e3ef7735d54cd57f13187b1342c7ba3150d40ea15b1f4657ce7f74cad,0.0,-1,1,0
4654de3cc2b4593076d440ba282905a7e7fd8e7e5f5bb6453ed4e617dc3c1963,MT10,official_clean,pick-place-v3,2,46,MT-REIM,1,0,0,58,02-0046-dd5dbd7e3ef7,200088,dd5dbd7e3ef7735d54cd57f13187b1342c7ba3150d40ea15b1f4657ce7f74cad,0.45717543363571167,-1,1,0
4654de3cc2b4593076d440ba282905a7e7fd8e7e5f5bb6453ed4e617dc3c1963,MT10,official_clean,pick-place-v3,2,47,MT-MLP BC,1,0,0,59,02-0047-856a2165f464,200089,856a2165f46424806f6b295963b39a84fc62612b11e7ddcb8353e4912fc2b76a,0.0,-1,1,0
4654de3cc2b4593076d440ba282905a7e7fd8e7e5f5bb6453ed4e617dc3c1963,MT10,official_clean,pick-place-v3,2,47,MT-ACT,1,0,0,56,02-0047-856a2165f464,200089,856a2165f46424806f6b295963b39a84fc62612b11e7ddcb8353e4912fc2b76a,0.0,-1,1,0
4654de3cc2b4593076d440ba282905a7e7fd8e7e5f5bb6453ed4e617dc3c1963,MT10,official_clean,pick-place-v3,2,47,MT-ACT + Heuristic-Gated Learned Recovery,1,0,0,56,02-0047-856a2165f464,200089,856a2165f46424806f6b295963b39a84fc62612b11e7ddcb8353e4912fc2b76a,0.0,-1,1,0
4654de3cc2b4593076d440ba282905a7e7fd8e7e5f5bb6453ed4e617dc3c1963,MT10,official_clean,pick-place-v3,2,47,MT-REIM,1,0,0,56,02-0047-856a2165f464,200089,856a2165f46424806f6b295963b39a84fc62612b11e7ddcb8353e4912fc2b76a,0.4266084134578705,-1,1,0
4654de3cc2b4593076d440ba282905a7e7fd8e7e5f5bb6453ed4e617dc3c1963,MT10,official_clean,pick-place-v3,2,48,MT-MLP BC,1,0,0,53,02-0048-421c5468515c,200090,421c5468515c3cde668cf1c61bb214bff6ab58e4de5943054fcafb4b0ecf2a7a,0.0,-1,1,0
4654de3cc2b4593076d440ba282905a7e7fd8e7e5f5bb6453ed4e617dc3c1963,MT10,official_clean,pick-place-v3,2,48,MT-ACT,1,0,0,60,02-0048-421c5468515c,200090,421c5468515c3cde668cf1c61bb214bff6ab58e4de5943054fcafb4b0ecf2a7a,0.0,-1,1,0
4654de3cc2b4593076d440ba282905a7e7fd8e7e5f5bb6453ed4e617dc3c1963,MT10,official_clean,pick-place-v3,2,48,MT-ACT + Heuristic-Gated Learned Recovery,1,0,0,60,02-0048-421c5468515c,200090,421c5468515c3cde668cf1c61bb214bff6ab58e4de5943054fcafb4b0ecf2a7a,0.0,-1,1,0
4654de3cc2b4593076d440ba282905a7e7fd8e7e5f5bb6453ed4e617dc3c1963,MT10,official_clean,pick-place-v3,2,48,MT-REIM,1,0,0,60,02-0048-421c5468515c,200090,421c5468515c3cde668cf1c61bb214bff6ab58e4de5943054fcafb4b0ecf2a7a,0.434756875038147,-1,1,0
4654de3cc2b4593076d440ba282905a7e7fd8e7e5f5bb6453ed4e617dc3c1963,MT10,official_clean,pick-place-v3,2,49,MT-MLP BC,1,0,0,52,02-0049-038621a6f6dc,200091,038621a6f6dc802d88aa1e85a1b36f38e352f04f8e3865a340d24ce503dff7b8,0.0,-1,1,0
4654de3cc2b4593076d440ba282905a7e7fd8e7e5f5bb6453ed4e617dc3c1963,MT10,official_clean,pick-place-v3,2,49,MT-ACT,1,0,0,54,02-0049-038621a6f6dc,200091,038621a6f6dc802d88aa1e85a1b36f38e352f04f8e3865a340d24ce503dff7b8,0.0,-1,1,0
4654de3cc2b4593076d440ba282905a7e7fd8e7e5f5bb6453ed4e617dc3c1963,MT10,official_clean,pick-place-v3,2,49,MT-ACT + Heuristic-Gated Learned Recovery,1,0,0,54,02-0049-038621a6f6dc,200091,038621a6f6dc802d88aa1e85a1b36f38e352f04f8e3865a340d24ce503dff7b8,0.0,-1,1,0
4654de3cc2b4593076d440ba282905a7e7fd8e7e5f5bb6453ed4e617dc3c1963,MT10,official_clean,pick-place-v3,2,49,MT-REIM,1,0,0,54,02-0049-038621a6f6dc,200091,038621a6f6dc802d88aa1e85a1b36f38e352f04f8e3865a340d24ce503dff7b8,0.4357537031173706,-1,1,0
4654de3cc2b4593076d440ba282905a7e7fd8e7e5f5bb6453ed4e617dc3c1963,MT10,official_clean,door-open-v3,3,0,MT-MLP BC,1,0,0,74,03-0000-0d3cac695735,300042,0d3cac695735c70136fa3f33680a3f6d1ff2be008e6301fd78a23759693ab9a2,0.0,-1,1,0
4654de3cc2b4593076d440ba282905a7e7fd8e7e5f5bb6453ed4e617dc3c1963,MT10,official_clean,door-open-v3,3,0,MT-ACT,1,0,0,80,03-0000-0d3cac695735,300042,0d3cac695735c70136fa3f33680a3f6d1ff2be008e6301fd78a23759693ab9a2,0.0,-1,1,0
4654de3cc2b4593076d440ba282905a7e7fd8e7e5f5bb6453ed4e617dc3c1963,MT10,official_clean,door-open-v3,3,0,MT-ACT + Heuristic-Gated Learned Recovery,1,0,0,80,03-0000-0d3cac695735,300042,0d3cac695735c70136fa3f33680a3f6d1ff2be008e6301fd78a23759693ab9a2,0.0,-1,1,0
4654de3cc2b4593076d440ba282905a7e7fd8e7e5f5bb6453ed4e617dc3c1963,MT10,official_clean,door-open-v3,3,0,MT-REIM,1,0,0,80,03-0000-0d3cac695735,300042,0d3cac695735c70136fa3f33680a3f6d1ff2be008e6301fd78a23759693ab9a2,0.6087446808815002,-1,1,0
4654de3cc2b4593076d440ba282905a7e7fd8e7e5f5bb6453ed4e617dc3c1963,MT10,official_clean,door-open-v3,3,1,MT-MLP BC,1,0,0,77,03-0001-26787494a669,300043,26787494a669c0d2bece16b85db00228369606097f80dd7dd3dcefbe899a62e8,0.0,-1,1,0
4654de3cc2b4593076d440ba282905a7e7fd8e7e5f5bb6453ed4e617dc3c1963,MT10,official_clean,door-open-v3,3,1,MT-ACT,1,0,0,75,03-0001-26787494a669,300043,26787494a669c0d2bece16b85db00228369606097f80dd7dd3dcefbe899a62e8,0.0,-1,1,0
4654de3cc2b4593076d440ba282905a7e7fd8e7e5f5bb6453ed4e617dc3c1963,MT10,official_clean,door-open-v3,3,1,MT-ACT + Heuristic-Gated Learned Recovery,1,0,0,75,03-0001-26787494a669,300043,26787494a669c0d2bece16b85db00228369606097f80dd7dd3dcefbe899a62e8,0.0,-1,1,0
4654de3cc2b4593076d440ba282905a7e7fd8e7e5f5bb6453ed4e617dc3c1963,MT10,official_clean,door-open-v3,3,1,MT-REIM,1,0,0,75,03-0001-26787494a669,300043,26787494a669c0d2bece16b85db00228369606097f80dd7dd3dcefbe899a62e8,0.6075413227081299,-1,1,0
4654de3cc2b4593076d440ba282905a7e7fd8e7e5f5bb6453ed4e617dc3c1963,MT10,official_clean,door-open-v3,3,2,MT-MLP BC,1,0,0,82,03-0002-d7d212308e25,300044,d7d212308e252b03b23666dc6aeab9e284681bab9ac9db936d5e9e98fa79509a,0.0,-1,1,0
4654de3cc2b4593076d440ba282905a7e7fd8e7e5f5bb6453ed4e617dc3c1963,MT10,official_clean,door-open-v3,3,2,MT-ACT,1,0,0,79,03-0002-d7d212308e25,300044,d7d212308e252b03b23666dc6aeab9e284681bab9ac9db936d5e9e98fa79509a,0.0,-1,1,0
4654de3cc2b4593076d440ba282905a7e7fd8e7e5f5bb6453ed4e617dc3c1963,MT10,official_clean,door-open-v3,3,2,MT-ACT + Heuristic-Gated Learned Recovery,1,0,0,79,03-0002-d7d212308e25,300044,d7d212308e252b03b23666dc6aeab9e284681bab9ac9db936d5e9e98fa79509a,0.0,-1,1,0
4654de3cc2b4593076d440ba282905a7e7fd8e7e5f5bb6453ed4e617dc3c1963,MT10,official_clean,door-open-v3,3,2,MT-REIM,1,0,0,79,03-0002-d7d212308e25,300044,d7d212308e252b03b23666dc6aeab9e284681bab9ac9db936d5e9e98fa79509a,0.6206660270690918,-1,1,0
4654de3cc2b4593076d440ba282905a7e7fd8e7e5f5bb6453ed4e617dc3c1963,MT10,official_clean,door-open-v3,3,3,MT-MLP BC,1,0,0,82,03-0003-528dd223943e,300045,528dd223943ed6b504910cc5b9ab340a1f1bc5e613ab4dc24ce6def328ca133d,0.0,-1,1,0
4654de3cc2b4593076d440ba282905a7e7fd8e7e5f5bb6453ed4e617dc3c1963,MT10,official_clean,door-open-v3,3,3,MT-ACT,1,0,0,81,03-0003-528dd223943e,300045,528dd223943ed6b504910cc5b9ab340a1f1bc5e613ab4dc24ce6def328ca133d,0.0,-1,1,0
4654de3cc2b4593076d440ba282905a7e7fd8e7e5f5bb6453ed4e617dc3c1963,MT10,official_clean,door-open-v3,3,3,MT-ACT + Heuristic-Gated Learned Recovery,1,0,0,81,03-0003-528dd223943e,300045,528dd223943ed6b504910cc5b9ab340a1f1bc5e613ab4dc24ce6def328ca133d,0.0,-1,1,0
4654de3cc2b4593076d440ba282905a7e7fd8e7e5f5bb6453ed4e617dc3c1963,MT10,official_clean,door-open-v3,3,3,MT-REIM,1,0,0,81,03-0003-528dd223943e,300045,528dd223943ed6b504910cc5b9ab340a1f1bc5e613ab4dc24ce6def328ca133d,0.6317229866981506,-1,1,0
4654de3cc2b4593076d440ba282905a7e7fd8e7e5f5bb6453ed4e617dc3c1963,MT10,official_clean,door-open-v3,3,4,MT-MLP BC,1,0,0,79,03-0004-818ccf84bb4e,300046,818ccf84bb4ee137911d18d731b5055f1fa25cca632151a3767579b55fcee8e6,0.0,-1,1,0
4654de3cc2b4593076d440ba282905a7e7fd8e7e5f5bb6453ed4e617dc3c1963,MT10,official_clean,door-open-v3,3,4,MT-ACT,1,0,0,76,03-0004-818ccf84bb4e,300046,818ccf84bb4ee137911d18d731b5055f1fa25cca632151a3767579b55fcee8e6,0.0,-1,1,0
4654de3cc2b4593076d440ba282905a7e7fd8e7e5f5bb6453ed4e617dc3c1963,MT10,official_clean,door-open-v3,3,4,MT-ACT + Heuristic-Gated Learned Recovery,1,0,0,76,03-0004-818ccf84bb4e,300046,818ccf84bb4ee137911d18d731b5055f1fa25cca632151a3767579b55fcee8e6,0.0,-1,1,0
4654de3cc2b4593076d440ba282905a7e7fd8e7e5f5bb6453ed4e617dc3c1963,MT10,official_clean,door-open-v3,3,4,MT-REIM,1,0,0,76,03-0004-818ccf84bb4e,300046,818ccf84bb4ee137911d18d731b5055f1fa25cca632151a3767579b55fcee8e6,0.6204455494880676,-1,1,0
4654de3cc2b4593076d440ba282905a7e7fd8e7e5f5bb6453ed4e617dc3c1963,MT10,official_clean,door-open-v3,3,5,MT-MLP BC,1,0,0,76,03-0005-775c6e197d52,300047,775c6e197d52456edd6d9a1654a1a59e87600efaf0d6acf061bf4758e7321167,0.0,-1,1,0
4654de3cc2b4593076d440ba282905a7e7fd8e7e5f5bb6453ed4e617dc3c1963,MT10,official_clean,door-open-v3,3,5,MT-ACT,1,0,0,75,03-0005-775c6e197d52,300047,775c6e197d52456edd6d9a1654a1a59e87600efaf0d6acf061bf4758e7321167,0.0,-1,1,0
4654de3cc2b4593076d440ba282905a7e7fd8e7e5f5bb6453ed4e617dc3c1963,MT10,official_clean,door-open-v3,3,5,MT-ACT + Heuristic-Gated Learned Recovery,1,0,0,75,03-0005-775c6e197d52,300047,775c6e197d52456edd6d9a1654a1a59e87600efaf0d6acf061bf4758e7321167,0.0,-1,1,0
4654de3cc2b4593076d440ba282905a7e7fd8e7e5f5bb6453ed4e617dc3c1963,MT10,official_clean,door-open-v3,3,5,MT-REIM,1,0,0,75,03-0005-775c6e197d52,300047,775c6e197d52456edd6d9a1654a1a59e87600efaf0d6acf061bf4758e7321167,0.6237199306488037,-1,1,0
4654de3cc2b4593076d440ba282905a7e7fd8e7e5f5bb6453ed4e617dc3c1963,MT10,official_clean,door-open-v3,3,6,MT-MLP BC,1,0,0,94,03-0006-bc14a4377819,300048,bc14a43778195e60e52024207fb4ca1099d02b96ee8162b4ff0782bdfcd98651,0.0,-1,1,0
4654de3cc2b4593076d440ba282905a7e7fd8e7e5f5bb6453ed4e617dc3c1963,MT10,official_clean,door-open-v3,3,6,MT-ACT,1,0,0,374,03-0006-bc14a4377819,300048,bc14a43778195e60e52024207fb4ca1099d02b96ee8162b4ff0782bdfcd98651,0.0,-1,1,0
4654de3cc2b4593076d440ba282905a7e7fd8e7e5f5bb6453ed4e617dc3c1963,MT10,official_clean,door-open-v3,3,6,MT-ACT + Heuristic-Gated Learned Recovery,1,0,0,374,03-0006-bc14a4377819,300048,bc14a43778195e60e52024207fb4ca1099d02b96ee8162b4ff0782bdfcd98651,0.0,-1,1,0
4654de3cc2b4593076d440ba282905a7e7fd8e7e5f5bb6453ed4e617dc3c1963,MT10,official_clean,door-open-v3,3,6,MT-REIM,1,1,0,366,03-0006-bc14a4377819,300048,bc14a43778195e60e52024207fb4ca1099d02b96ee8162b4ff0782bdfcd98651,0.6890522837638855,45,1,250
4654de3cc2b4593076d440ba282905a7e7fd8e7e5f5bb6453ed4e617dc3c1963,MT10,official_clean,door-open-v3,3,7,MT-MLP BC,1,0,0,83,03-0007-c6ed3438bc5a,300049,c6ed3438bc5a389e9c4b58ecec624fe9992d94599ffa0b72814fbed9d8921ef2,0.0,-1,1,0
4654de3cc2b4593076d440ba282905a7e7fd8e7e5f5bb6453ed4e617dc3c1963,MT10,official_clean,door-open-v3,3,7,MT-ACT,1,0,0,81,03-0007-c6ed3438bc5a,300049,c6ed3438bc5a389e9c4b58ecec624fe9992d94599ffa0b72814fbed9d8921ef2,0.0,-1,1,0
4654de3cc2b4593076d440ba282905a7e7fd8e7e5f5bb6453ed4e617dc3c1963,MT10,official_clean,door-open-v3,3,7,MT-ACT + Heuristic-Gated Learned Recovery,1,0,0,81,03-0007-c6ed3438bc5a,300049,c6ed3438bc5a389e9c4b58ecec624fe9992d94599ffa0b72814fbed9d8921ef2,0.0,-1,1,0
4654de3cc2b4593076d440ba282905a7e7fd8e7e5f5bb6453ed4e617dc3c1963,MT10,official_clean,door-open-v3,3,7,MT-REIM,1,0,0,81,03-0007-c6ed3438bc5a,300049,c6ed3438bc5a389e9c4b58ecec624fe9992d94599ffa0b72814fbed9d8921ef2,0.6225888729095459,-1,1,0
4654de3cc2b4593076d440ba282905a7e7fd8e7e5f5bb6453ed4e617dc3c1963,MT10,official_clean,door-open-v3,3,8,MT-MLP BC,1,0,0,79,03-0008-f6271aed2aee,300050,f6271aed2aeec0d86abb0784025f92cc7b3461d4630b3092afee20e5baac8666,0.0,-1,1,0
4654de3cc2b4593076d440ba282905a7e7fd8e7e5f5bb6453ed4e617dc3c1963,MT10,official_clean,door-open-v3,3,8,MT-ACT,0,0,0,500,03-0008-f6271aed2aee,300050,f6271aed2aeec0d86abb0784025f92cc7b3461d4630b3092afee20e5baac8666,0.0,-1,1,0
4654de3cc2b4593076d440ba282905a7e7fd8e7e5f5bb6453ed4e617dc3c1963,MT10,official_clean,door-open-v3,3,8,MT-ACT + Heuristic-Gated Learned Recovery,0,0,0,500,03-0008-f6271aed2aee,300050,f6271aed2aeec0d86abb0784025f92cc7b3461d4630b3092afee20e5baac8666,0.0,-1,1,0
4654de3cc2b4593076d440ba282905a7e7fd8e7e5f5bb6453ed4e617dc3c1963,MT10,official_clean,door-open-v3,3,8,MT-REIM,0,1,0,500,03-0008-f6271aed2aee,300050,f6271aed2aeec0d86abb0784025f92cc7b3461d4630b3092afee20e5baac8666,0.6918206214904785,337,1,163
4654de3cc2b4593076d440ba282905a7e7fd8e7e5f5bb6453ed4e617dc3c1963,MT10,official_clean,door-open-v3,3,9,MT-MLP BC,1,0,0,73,03-0009-b2f900939bd7,300051,b2f900939bd712da8b9f031ff3dfce9a50730f315d085b0b646118795cd25e2d,0.0,-1,1,0
4654de3cc2b4593076d440ba282905a7e7fd8e7e5f5bb6453ed4e617dc3c1963,MT10,official_clean,door-open-v3,3,9,MT-ACT,1,0,0,70,03-0009-b2f900939bd7,300051,b2f900939bd712da8b9f031ff3dfce9a50730f315d085b0b646118795cd25e2d,0.0,-1,1,0
4654de3cc2b4593076d440ba282905a7e7fd8e7e5f5bb6453ed4e617dc3c1963,MT10,official_clean,door-open-v3,3,9,MT-ACT + Heuristic-Gated Learned Recovery,1,0,0,70,03-0009-b2f900939bd7,300051,b2f900939bd712da8b9f031ff3dfce9a50730f315d085b0b646118795cd25e2d,0.0,-1,1,0
4654de3cc2b4593076d440ba282905a7e7fd8e7e5f5bb6453ed4e617dc3c1963,MT10,official_clean,door-open-v3,3,9,MT-REIM,1,0,0,70,03-0009-b2f900939bd7,300051,b2f900939bd712da8b9f031ff3dfce9a50730f315d085b0b646118795cd25e2d,0.607230544090271,-1,1,0
4654de3cc2b4593076d440ba282905a7e7fd8e7e5f5bb6453ed4e617dc3c1963,MT10,official_clean,door-open-v3,3,10,MT-MLP BC,1,0,0,76,03-0010-2b46eb3528fb,300052,2b46eb3528fb756c076c57183f67a0dee4971ad4ae8b582d9cc843d545bff6fe,0.0,-1,1,0
4654de3cc2b4593076d440ba282905a7e7fd8e7e5f5bb6453ed4e617dc3c1963,MT10,official_clean,door-open-v3,3,10,MT-ACT,1,0,0,75,03-0010-2b46eb3528fb,300052,2b46eb3528fb756c076c57183f67a0dee4971ad4ae8b582d9cc843d545bff6fe,0.0,-1,1,0
4654de3cc2b4593076d440ba282905a7e7fd8e7e5f5bb6453ed4e617dc3c1963,MT10,official_clean,door-open-v3,3,10,MT-ACT + Heuristic-Gated Learned Recovery,1,0,0,75,03-0010-2b46eb3528fb,300052,2b46eb3528fb756c076c57183f67a0dee4971ad4ae8b582d9cc843d545bff6fe,0.0,-1,1,0
4654de3cc2b4593076d440ba282905a7e7fd8e7e5f5bb6453ed4e617dc3c1963,MT10,official_clean,door-open-v3,3,10,MT-REIM,1,0,0,75,03-0010-2b46eb3528fb,300052,2b46eb3528fb756c076c57183f67a0dee4971ad4ae8b582d9cc843d545bff6fe,0.6188419461250305,-1,1,0
4654de3cc2b4593076d440ba282905a7e7fd8e7e5f5bb6453ed4e617dc3c1963,MT10,official_clean,door-open-v3,3,11,MT-MLP BC,1,0,0,89,03-0011-ba5d08484ff6,300053,ba5d08484ff68117c0b99e9b9033999686b673645c29e25939678264553bd9ae,0.0,-1,1,0
4654de3cc2b4593076d440ba282905a7e7fd8e7e5f5bb6453ed4e617dc3c1963,MT10,official_clean,door-open-v3,3,11,MT-ACT,1,0,0,85,03-0011-ba5d08484ff6,300053,ba5d08484ff68117c0b99e9b9033999686b673645c29e25939678264553bd9ae,0.0,-1,1,0
4654de3cc2b4593076d440ba282905a7e7fd8e7e5f5bb6453ed4e617dc3c1963,MT10,official_clean,door-open-v3,3,11,MT-ACT + Heuristic-Gated Learned Recovery,1,0,0,85,03-0011-ba5d08484ff6,300053,ba5d08484ff68117c0b99e9b9033999686b673645c29e25939678264553bd9ae,0.0,-1,1,0
4654de3cc2b4593076d440ba282905a7e7fd8e7e5f5bb6453ed4e617dc3c1963,MT10,official_clean,door-open-v3,3,11,MT-REIM,1,0,0,85,03-0011-ba5d08484ff6,300053,ba5d08484ff68117c0b99e9b9033999686b673645c29e25939678264553bd9ae,0.6212267279624939,-1,1,0
4654de3cc2b4593076d440ba282905a7e7fd8e7e5f5bb6453ed4e617dc3c1963,MT10,official_clean,door-open-v3,3,12,MT-MLP BC,1,0,0,97,03-0012-b6193f2b7619,300054,b6193f2b761946f8cd223c501f6fdb4d1a3d9f7117ec6690b7840500fe79bc89,0.0,-1,1,0
4654de3cc2b4593076d440ba282905a7e7fd8e7e5f5bb6453ed4e617dc3c1963,MT10,official_clean,door-open-v3,3,12,MT-ACT,1,0,0,243,03-0012-b6193f2b7619,300054,b6193f2b761946f8cd223c501f6fdb4d1a3d9f7117ec6690b7840500fe79bc89,0.0,-1,1,0
4654de3cc2b4593076d440ba282905a7e7fd8e7e5f5bb6453ed4e617dc3c1963,MT10,official_clean,door-open-v3,3,12,MT-ACT + Heuristic-Gated Learned Recovery,1,1,1,209,03-0012-b6193f2b7619,300054,b6193f2b761946f8cd223c501f6fdb4d1a3d9f7117ec6690b7840500fe79bc89,0.0,53,1,156
4654de3cc2b4593076d440ba282905a7e7fd8e7e5f5bb6453ed4e617dc3c1963,MT10,official_clean,door-open-v3,3,12,MT-REIM,1,0,0,243,03-0012-b6193f2b7619,300054,b6193f2b761946f8cd223c501f6fdb4d1a3d9f7117ec6690b7840500fe79bc89,0.586461067199707,-1,1,0
4654de3cc2b4593076d440ba282905a7e7fd8e7e5f5bb6453ed4e617dc3c1963,MT10,official_clean,door-open-v3,3,13,MT-MLP BC,1,0,0,85,03-0013-e95efd788395,300055,e95efd7883954f989eb95a0ffb0863379659157e977d59c680d9c79fde5d913f,0.0,-1,1,0
4654de3cc2b4593076d440ba282905a7e7fd8e7e5f5bb6453ed4e617dc3c1963,MT10,official_clean,door-open-v3,3,13,MT-ACT,1,0,0,83,03-0013-e95efd788395,300055,e95efd7883954f989eb95a0ffb0863379659157e977d59c680d9c79fde5d913f,0.0,-1,1,0
4654de3cc2b4593076d440ba282905a7e7fd8e7e5f5bb6453ed4e617dc3c1963,MT10,official_clean,door-open-v3,3,13,MT-ACT + Heuristic-Gated Learned Recovery,1,0,0,83,03-0013-e95efd788395,300055,e95efd7883954f989eb95a0ffb0863379659157e977d59c680d9c79fde5d913f,0.0,-1,1,0
4654de3cc2b4593076d440ba282905a7e7fd8e7e5f5bb6453ed4e617dc3c1963,MT10,official_clean,door-open-v3,3,13,MT-REIM,1,0,0,83,03-0013-e95efd788395,300055,e95efd7883954f989eb95a0ffb0863379659157e977d59c680d9c79fde5d913f,0.6310458779335022,-1,1,0
4654de3cc2b4593076d440ba282905a7e7fd8e7e5f5bb6453ed4e617dc3c1963,MT10,official_clean,door-open-v3,3,14,MT-MLP BC,1,0,0,92,03-0014-e28ef5662f2c,300056,e28ef5662f2c4204770a537c68a2666cc2046b380e498b0bcea1dc67338cbde7,0.0,-1,1,0
4654de3cc2b4593076d440ba282905a7e7fd8e7e5f5bb6453ed4e617dc3c1963,MT10,official_clean,door-open-v3,3,14,MT-ACT,1,0,0,100,03-0014-e28ef5662f2c,300056,e28ef5662f2c4204770a537c68a2666cc2046b380e498b0bcea1dc67338cbde7,0.0,-1,1,0
4654de3cc2b4593076d440ba282905a7e7fd8e7e5f5bb6453ed4e617dc3c1963,MT10,official_clean,door-open-v3,3,14,MT-ACT + Heuristic-Gated Learned Recovery,1,0,0,100,03-0014-e28ef5662f2c,300056,e28ef5662f2c4204770a537c68a2666cc2046b380e498b0bcea1dc67338cbde7,0.0,-1,1,0
4654de3cc2b4593076d440ba282905a7e7fd8e7e5f5bb6453ed4e617dc3c1963,MT10,official_clean,door-open-v3,3,14,MT-REIM,1,1,1,103,03-0014-e28ef5662f2c,300056,e28ef5662f2c4204770a537c68a2666cc2046b380e498b0bcea1dc67338cbde7,0.6946312785148621,44,1,59
4654de3cc2b4593076d440ba282905a7e7fd8e7e5f5bb6453ed4e617dc3c1963,MT10,official_clean,door-open-v3,3,15,MT-MLP BC,1,0,0,81,03-0015-5bbb6ecf1b78,300057,5bbb6ecf1b78da6c5e6f495931413402bbc358fa9f53dc553434b10ebe7b0bfa,0.0,-1,1,0
4654de3cc2b4593076d440ba282905a7e7fd8e7e5f5bb6453ed4e617dc3c1963,MT10,official_clean,door-open-v3,3,15,MT-ACT,1,0,0,79,03-0015-5bbb6ecf1b78,300057,5bbb6ecf1b78da6c5e6f495931413402bbc358fa9f53dc553434b10ebe7b0bfa,0.0,-1,1,0
4654de3cc2b4593076d440ba282905a7e7fd8e7e5f5bb6453ed4e617dc3c1963,MT10,official_clean,door-open-v3,3,15,MT-ACT + Heuristic-Gated Learned Recovery,1,0,0,79,03-0015-5bbb6ecf1b78,300057,5bbb6ecf1b78da6c5e6f495931413402bbc358fa9f53dc553434b10ebe7b0bfa,0.0,-1,1,0
4654de3cc2b4593076d440ba282905a7e7fd8e7e5f5bb6453ed4e617dc3c1963,MT10,official_clean,door-open-v3,3,15,MT-REIM,1,0,0,79,03-0015-5bbb6ecf1b78,300057,5bbb6ecf1b78da6c5e6f495931413402bbc358fa9f53dc553434b10ebe7b0bfa,0.6293021440505981,-1,1,0
4654de3cc2b4593076d440ba282905a7e7fd8e7e5f5bb6453ed4e617dc3c1963,MT10,official_clean,door-open-v3,3,16,MT-MLP BC,1,0,0,78,03-0016-212d2e492bf7,300058,212d2e492bf7a762659641ac91c87c737df1db6b398fa99dd564657dae2cc86f,0.0,-1,1,0
4654de3cc2b4593076d440ba282905a7e7fd8e7e5f5bb6453ed4e617dc3c1963,MT10,official_clean,door-open-v3,3,16,MT-ACT,1,0,0,80,03-0016-212d2e492bf7,300058,212d2e492bf7a762659641ac91c87c737df1db6b398fa99dd564657dae2cc86f,0.0,-1,1,0
4654de3cc2b4593076d440ba282905a7e7fd8e7e5f5bb6453ed4e617dc3c1963,MT10,official_clean,door-open-v3,3,16,MT-ACT + Heuristic-Gated Learned Recovery,1,0,0,80,03-0016-212d2e492bf7,300058,212d2e492bf7a762659641ac91c87c737df1db6b398fa99dd564657dae2cc86f,0.0,-1,1,0
4654de3cc2b4593076d440ba282905a7e7fd8e7e5f5bb6453ed4e617dc3c1963,MT10,official_clean,door-open-v3,3,16,MT-REIM,1,0,0,80,03-0016-212d2e492bf7,300058,212d2e492bf7a762659641ac91c87c737df1db6b398fa99dd564657dae2cc86f,0.6066065430641174,-1,1,0
4654de3cc2b4593076d440ba282905a7e7fd8e7e5f5bb6453ed4e617dc3c1963,MT10,official_clean,door-open-v3,3,17,MT-MLP BC,1,0,0,75,03-0017-25544ece3cf4,300059,25544ece3cf44b915ea4d9f80bf880742885393e7e7b86366a8c7ab2f8d15e63,0.0,-1,1,0
4654de3cc2b4593076d440ba282905a7e7fd8e7e5f5bb6453ed4e617dc3c1963,MT10,official_clean,door-open-v3,3,17,MT-ACT,1,0,0,73,03-0017-25544ece3cf4,300059,25544ece3cf44b915ea4d9f80bf880742885393e7e7b86366a8c7ab2f8d15e63,0.0,-1,1,0
4654de3cc2b4593076d440ba282905a7e7fd8e7e5f5bb6453ed4e617dc3c1963,MT10,official_clean,door-open-v3,3,17,MT-ACT + Heuristic-Gated Learned Recovery,1,0,0,73,03-0017-25544ece3cf4,300059,25544ece3cf44b915ea4d9f80bf880742885393e7e7b86366a8c7ab2f8d15e63,0.0,-1,1,0
4654de3cc2b4593076d440ba282905a7e7fd8e7e5f5bb6453ed4e617dc3c1963,MT10,official_clean,door-open-v3,3,17,MT-REIM,1,0,0,73,03-0017-25544ece3cf4,300059,25544ece3cf44b915ea4d9f80bf880742885393e7e7b86366a8c7ab2f8d15e63,0.6082767248153687,-1,1,0
4654de3cc2b4593076d440ba282905a7e7fd8e7e5f5bb6453ed4e617dc3c1963,MT10,official_clean,door-open-v3,3,18,MT-MLP BC,1,0,0,84,03-0018-8d3a2d3d9a03,300060,8d3a2d3d9a03a0bac679d83d1199c2bb94dbc76267f2b510f63c46f983bb6be2,0.0,-1,1,0
4654de3cc2b4593076d440ba282905a7e7fd8e7e5f5bb6453ed4e617dc3c1963,MT10,official_clean,door-open-v3,3,18,MT-ACT,1,0,0,82,03-0018-8d3a2d3d9a03,300060,8d3a2d3d9a03a0bac679d83d1199c2bb94dbc76267f2b510f63c46f983bb6be2,0.0,-1,1,0
4654de3cc2b4593076d440ba282905a7e7fd8e7e5f5bb6453ed4e617dc3c1963,MT10,official_clean,door-open-v3,3,18,MT-ACT + Heuristic-Gated Learned Recovery,1,0,0,82,03-0018-8d3a2d3d9a03,300060,8d3a2d3d9a03a0bac679d83d1199c2bb94dbc76267f2b510f63c46f983bb6be2,0.0,-1,1,0
4654de3cc2b4593076d440ba282905a7e7fd8e7e5f5bb6453ed4e617dc3c1963,MT10,official_clean,door-open-v3,3,18,MT-REIM,1,0,0,82,03-0018-8d3a2d3d9a03,300060,8d3a2d3d9a03a0bac679d83d1199c2bb94dbc76267f2b510f63c46f983bb6be2,0.6272374391555786,-1,1,0
4654de3cc2b4593076d440ba282905a7e7fd8e7e5f5bb6453ed4e617dc3c1963,MT10,official_clean,door-open-v3,3,19,MT-MLP BC,1,0,0,75,03-0019-be2814369d19,300061,be2814369d19aaf57f447fb50b159e8e2ec90e36130e9438348be2f32d05a09c,0.0,-1,1,0
4654de3cc2b4593076d440ba282905a7e7fd8e7e5f5bb6453ed4e617dc3c1963,MT10,official_clean,door-open-v3,3,19,MT-ACT,1,0,0,73,03-0019-be2814369d19,300061,be2814369d19aaf57f447fb50b159e8e2ec90e36130e9438348be2f32d05a09c,0.0,-1,1,0
4654de3cc2b4593076d440ba282905a7e7fd8e7e5f5bb6453ed4e617dc3c1963,MT10,official_clean,door-open-v3,3,19,MT-ACT + Heuristic-Gated Learned Recovery,1,0,0,73,03-0019-be2814369d19,300061,be2814369d19aaf57f447fb50b159e8e2ec90e36130e9438348be2f32d05a09c,0.0,-1,1,0
4654de3cc2b4593076d440ba282905a7e7fd8e7e5f5bb6453ed4e617dc3c1963,MT10,official_clean,door-open-v3,3,19,MT-REIM,1,0,0,73,03-0019-be2814369d19,300061,be2814369d19aaf57f447fb50b159e8e2ec90e36130e9438348be2f32d05a09c,0.6232389211654663,-1,1,0
4654de3cc2b4593076d440ba282905a7e7fd8e7e5f5bb6453ed4e617dc3c1963,MT10,official_clean,door-open-v3,3,20,MT-MLP BC,1,0,0,89,03-0020-78163bf69c49,300062,78163bf69c49c79b45249269e6a579b17edeeae1ff527c9ff1345db7447a9a66,0.0,-1,1,0
4654de3cc2b4593076d440ba282905a7e7fd8e7e5f5bb6453ed4e617dc3c1963,MT10,official_clean,door-open-v3,3,20,MT-ACT,1,0,0,85,03-0020-78163bf69c49,300062,78163bf69c49c79b45249269e6a579b17edeeae1ff527c9ff1345db7447a9a66,0.0,-1,1,0
4654de3cc2b4593076d440ba282905a7e7fd8e7e5f5bb6453ed4e617dc3c1963,MT10,official_clean,door-open-v3,3,20,MT-ACT + Heuristic-Gated Learned Recovery,1,0,0,85,03-0020-78163bf69c49,300062,78163bf69c49c79b45249269e6a579b17edeeae1ff527c9ff1345db7447a9a66,0.0,-1,1,0
4654de3cc2b4593076d440ba282905a7e7fd8e7e5f5bb6453ed4e617dc3c1963,MT10,official_clean,door-open-v3,3,20,MT-REIM,1,0,0,85,03-0020-78163bf69c49,300062,78163bf69c49c79b45249269e6a579b17edeeae1ff527c9ff1345db7447a9a66,0.6216299533843994,-1,1,0
4654de3cc2b4593076d440ba282905a7e7fd8e7e5f5bb6453ed4e617dc3c1963,MT10,official_clean,door-open-v3,3,21,MT-MLP BC,1,0,0,78,03-0021-67a3e34cd65e,300063,67a3e34cd65e0626256c90e2cfef6bd715dc9d3cb547b0daa27daa511ee2927c,0.0,-1,1,0
4654de3cc2b4593076d440ba282905a7e7fd8e7e5f5bb6453ed4e617dc3c1963,MT10,official_clean,door-open-v3,3,21,MT-ACT,1,0,0,76,03-0021-67a3e34cd65e,300063,67a3e34cd65e0626256c90e2cfef6bd715dc9d3cb547b0daa27daa511ee2927c,0.0,-1,1,0
4654de3cc2b4593076d440ba282905a7e7fd8e7e5f5bb6453ed4e617dc3c1963,MT10,official_clean,door-open-v3,3,21,MT-ACT + Heuristic-Gated Learned Recovery,1,0,0,76,03-0021-67a3e34cd65e,300063,67a3e34cd65e0626256c90e2cfef6bd715dc9d3cb547b0daa27daa511ee2927c,0.0,-1,1,0
4654de3cc2b4593076d440ba282905a7e7fd8e7e5f5bb6453ed4e617dc3c1963,MT10,official_clean,door-open-v3,3,21,MT-REIM,1,0,0,76,03-0021-67a3e34cd65e,300063,67a3e34cd65e0626256c90e2cfef6bd715dc9d3cb547b0daa27daa511ee2927c,0.6203144192695618,-1,1,0
4654de3cc2b4593076d440ba282905a7e7fd8e7e5f5bb6453ed4e617dc3c1963,MT10,official_clean,door-open-v3,3,22,MT-MLP BC,1,0,0,82,03-0022-954361429a4d,300064,954361429a4d2f29cdf0770bb750c5d02381e45599b6d62b3d70693391543b02,0.0,-1,1,0
4654de3cc2b4593076d440ba282905a7e7fd8e7e5f5bb6453ed4e617dc3c1963,MT10,official_clean,door-open-v3,3,22,MT-ACT,1,0,0,79,03-0022-954361429a4d,300064,954361429a4d2f29cdf0770bb750c5d02381e45599b6d62b3d70693391543b02,0.0,-1,1,0
4654de3cc2b4593076d440ba282905a7e7fd8e7e5f5bb6453ed4e617dc3c1963,MT10,official_clean,door-open-v3,3,22,MT-ACT + Heuristic-Gated Learned Recovery,1,0,0,79,03-0022-954361429a4d,300064,954361429a4d2f29cdf0770bb750c5d02381e45599b6d62b3d70693391543b02,0.0,-1,1,0
4654de3cc2b4593076d440ba282905a7e7fd8e7e5f5bb6453ed4e617dc3c1963,MT10,official_clean,door-open-v3,3,22,MT-REIM,1,0,0,79,03-0022-954361429a4d,300064,954361429a4d2f29cdf0770bb750c5d02381e45599b6d62b3d70693391543b02,0.6217777132987976,-1,1,0
4654de3cc2b4593076d440ba282905a7e7fd8e7e5f5bb6453ed4e617dc3c1963,MT10,official_clean,door-open-v3,3,23,MT-MLP BC,1,0,0,95,03-0023-b1b673e72e44,300065,b1b673e72e447798dcb8a5984b4b680ce181d02eb60f84e3a562467becd77e76,0.0,-1,1,0
4654de3cc2b4593076d440ba282905a7e7fd8e7e5f5bb6453ed4e617dc3c1963,MT10,official_clean,door-open-v3,3,23,MT-ACT,1,0,0,383,03-0023-b1b673e72e44,300065,b1b673e72e447798dcb8a5984b4b680ce181d02eb60f84e3a562467becd77e76,0.0,-1,1,0
4654de3cc2b4593076d440ba282905a7e7fd8e7e5f5bb6453ed4e617dc3c1963,MT10,official_clean,door-open-v3,3,23,MT-ACT + Heuristic-Gated Learned Recovery,1,0,0,383,03-0023-b1b673e72e44,300065,b1b673e72e447798dcb8a5984b4b680ce181d02eb60f84e3a562467becd77e76,0.0,-1,1,0
4654de3cc2b4593076d440ba282905a7e7fd8e7e5f5bb6453ed4e617dc3c1963,MT10,official_clean,door-open-v3,3,23,MT-REIM,1,1,1,119,03-0023-b1b673e72e44,300065,b1b673e72e447798dcb8a5984b4b680ce181d02eb60f84e3a562467becd77e76,0.7116658687591553,47,1,72
4654de3cc2b4593076d440ba282905a7e7fd8e7e5f5bb6453ed4e617dc3c1963,MT10,official_clean,door-open-v3,3,24,MT-MLP BC,1,0,0,83,03-0024-41b624a6bdcf,300066,41b624a6bdcffe21a1ef8a68bf765b983c776813da5c71b420d0f94543c9ac3f,0.0,-1,1,0
4654de3cc2b4593076d440ba282905a7e7fd8e7e5f5bb6453ed4e617dc3c1963,MT10,official_clean,door-open-v3,3,24,MT-ACT,1,0,0,81,03-0024-41b624a6bdcf,300066,41b624a6bdcffe21a1ef8a68bf765b983c776813da5c71b420d0f94543c9ac3f,0.0,-1,1,0
4654de3cc2b4593076d440ba282905a7e7fd8e7e5f5bb6453ed4e617dc3c1963,MT10,official_clean,door-open-v3,3,24,MT-ACT + Heuristic-Gated Learned Recovery,1,0,0,81,03-0024-41b624a6bdcf,300066,41b624a6bdcffe21a1ef8a68bf765b983c776813da5c71b420d0f94543c9ac3f,0.0,-1,1,0
4654de3cc2b4593076d440ba282905a7e7fd8e7e5f5bb6453ed4e617dc3c1963,MT10,official_clean,door-open-v3,3,24,MT-REIM,1,0,0,81,03-0024-41b624a6bdcf,300066,41b624a6bdcffe21a1ef8a68bf765b983c776813da5c71b420d0f94543c9ac3f,0.6243810653686523,-1,1,0
4654de3cc2b4593076d440ba282905a7e7fd8e7e5f5bb6453ed4e617dc3c1963,MT10,official_clean,door-open-v3,3,25,MT-MLP BC,1,0,0,76,03-0025-a66b2397ed90,300067,a66b2397ed90adf2b3641379663d0f40572620b51b3261670b13d6058532732b,0.0,-1,1,0
4654de3cc2b4593076d440ba282905a7e7fd8e7e5f5bb6453ed4e617dc3c1963,MT10,official_clean,door-open-v3,3,25,MT-ACT,1,0,0,74,03-0025-a66b2397ed90,300067,a66b2397ed90adf2b3641379663d0f40572620b51b3261670b13d6058532732b,0.0,-1,1,0
4654de3cc2b4593076d440ba282905a7e7fd8e7e5f5bb6453ed4e617dc3c1963,MT10,official_clean,door-open-v3,3,25,MT-ACT + Heuristic-Gated Learned Recovery,1,0,0,74,03-0025-a66b2397ed90,300067,a66b2397ed90adf2b3641379663d0f40572620b51b3261670b13d6058532732b,0.0,-1,1,0
4654de3cc2b4593076d440ba282905a7e7fd8e7e5f5bb6453ed4e617dc3c1963,MT10,official_clean,door-open-v3,3,25,MT-REIM,1,0,0,74,03-0025-a66b2397ed90,300067,a66b2397ed90adf2b3641379663d0f40572620b51b3261670b13d6058532732b,0.6212456822395325,-1,1,0
4654de3cc2b4593076d440ba282905a7e7fd8e7e5f5bb6453ed4e617dc3c1963,MT10,official_clean,door-open-v3,3,26,MT-MLP BC,1,0,0,81,03-0026-d407cadc8452,300068,d407cadc84526065c84f4551bf212ed2d96f5807be01c61594a05d2501af6155,0.0,-1,1,0
4654de3cc2b4593076d440ba282905a7e7fd8e7e5f5bb6453ed4e617dc3c1963,MT10,official_clean,door-open-v3,3,26,MT-ACT,1,0,0,79,03-0026-d407cadc8452,300068,d407cadc84526065c84f4551bf212ed2d96f5807be01c61594a05d2501af6155,0.0,-1,1,0
4654de3cc2b4593076d440ba282905a7e7fd8e7e5f5bb6453ed4e617dc3c1963,MT10,official_clean,door-open-v3,3,26,MT-ACT + Heuristic-Gated Learned Recovery,1,0,0,79,03-0026-d407cadc8452,300068,d407cadc84526065c84f4551bf212ed2d96f5807be01c61594a05d2501af6155,0.0,-1,1,0
4654de3cc2b4593076d440ba282905a7e7fd8e7e5f5bb6453ed4e617dc3c1963,MT10,official_clean,door-open-v3,3,26,MT-REIM,1,0,0,79,03-0026-d407cadc8452,300068,d407cadc84526065c84f4551bf212ed2d96f5807be01c61594a05d2501af6155,0.6202998757362366,-1,1,0
4654de3cc2b4593076d440ba282905a7e7fd8e7e5f5bb6453ed4e617dc3c1963,MT10,official_clean,door-open-v3,3,27,MT-MLP BC,1,0,0,76,03-0027-d2d385a7c01d,300069,d2d385a7c01dec56f8449c8da12009db14efd91647caf366dc2b019bec143ae5,0.0,-1,1,0
4654de3cc2b4593076d440ba282905a7e7fd8e7e5f5bb6453ed4e617dc3c1963,MT10,official_clean,door-open-v3,3,27,MT-ACT,1,0,0,74,03-0027-d2d385a7c01d,300069,d2d385a7c01dec56f8449c8da12009db14efd91647caf366dc2b019bec143ae5,0.0,-1,1,0
4654de3cc2b4593076d440ba282905a7e7fd8e7e5f5bb6453ed4e617dc3c1963,MT10,official_clean,door-open-v3,3,27,MT-ACT + Heuristic-Gated Learned Recovery,1,0,0,74,03-0027-d2d385a7c01d,300069,d2d385a7c01dec56f8449c8da12009db14efd91647caf366dc2b019bec143ae5,0.0,-1,1,0
4654de3cc2b4593076d440ba282905a7e7fd8e7e5f5bb6453ed4e617dc3c1963,MT10,official_clean,door-open-v3,3,27,MT-REIM,1,0,0,74,03-0027-d2d385a7c01d,300069,d2d385a7c01dec56f8449c8da12009db14efd91647caf366dc2b019bec143ae5,0.626576840877533,-1,1,0
4654de3cc2b4593076d440ba282905a7e7fd8e7e5f5bb6453ed4e617dc3c1963,MT10,official_clean,door-open-v3,3,28,MT-MLP BC,1,0,0,93,03-0028-3407eb4e4bb5,300070,3407eb4e4bb52d775c2e7fa47e565e1f0e1a702ea3d54bafd1502c9e924dd557,0.0,-1,1,0
4654de3cc2b4593076d440ba282905a7e7fd8e7e5f5bb6453ed4e617dc3c1963,MT10,official_clean,door-open-v3,3,28,MT-ACT,1,0,0,99,03-0028-3407eb4e4bb5,300070,3407eb4e4bb52d775c2e7fa47e565e1f0e1a702ea3d54bafd1502c9e924dd557,0.0,-1,1,0
4654de3cc2b4593076d440ba282905a7e7fd8e7e5f5bb6453ed4e617dc3c1963,MT10,official_clean,door-open-v3,3,28,MT-ACT + Heuristic-Gated Learned Recovery,1,0,0,99,03-0028-3407eb4e4bb5,300070,3407eb4e4bb52d775c2e7fa47e565e1f0e1a702ea3d54bafd1502c9e924dd557,0.0,-1,1,0
4654de3cc2b4593076d440ba282905a7e7fd8e7e5f5bb6453ed4e617dc3c1963,MT10,official_clean,door-open-v3,3,28,MT-REIM,1,1,1,101,03-0028-3407eb4e4bb5,300070,3407eb4e4bb52d775c2e7fa47e565e1f0e1a702ea3d54bafd1502c9e924dd557,0.6874074935913086,46,1,55
4654de3cc2b4593076d440ba282905a7e7fd8e7e5f5bb6453ed4e617dc3c1963,MT10,official_clean,door-open-v3,3,29,MT-MLP BC,1,0,0,79,03-0029-9552aea6cd99,300071,9552aea6cd9961f4db7fbd10f4a75aa72885ac3de18bb810dcb784e65d3343b7,0.0,-1,1,0
4654de3cc2b4593076d440ba282905a7e7fd8e7e5f5bb6453ed4e617dc3c1963,MT10,official_clean,door-open-v3,3,29,MT-ACT,1,0,0,77,03-0029-9552aea6cd99,300071,9552aea6cd9961f4db7fbd10f4a75aa72885ac3de18bb810dcb784e65d3343b7,0.0,-1,1,0
4654de3cc2b4593076d440ba282905a7e7fd8e7e5f5bb6453ed4e617dc3c1963,MT10,official_clean,door-open-v3,3,29,MT-ACT + Heuristic-Gated Learned Recovery,1,0,0,77,03-0029-9552aea6cd99,300071,9552aea6cd9961f4db7fbd10f4a75aa72885ac3de18bb810dcb784e65d3343b7,0.0,-1,1,0
4654de3cc2b4593076d440ba282905a7e7fd8e7e5f5bb6453ed4e617dc3c1963,MT10,official_clean,door-open-v3,3,29,MT-REIM,1,0,0,77,03-0029-9552aea6cd99,300071,9552aea6cd9961f4db7fbd10f4a75aa72885ac3de18bb810dcb784e65d3343b7,0.6231083273887634,-1,1,0
4654de3cc2b4593076d440ba282905a7e7fd8e7e5f5bb6453ed4e617dc3c1963,MT10,official_clean,door-open-v3,3,30,MT-MLP BC,1,0,0,79,03-0030-1f3b42309ee4,300072,1f3b42309ee412b839bc84e644cca3b842cfbfa59f5837db06562d817182f074,0.0,-1,1,0
4654de3cc2b4593076d440ba282905a7e7fd8e7e5f5bb6453ed4e617dc3c1963,MT10,official_clean,door-open-v3,3,30,MT-ACT,1,0,0,77,03-0030-1f3b42309ee4,300072,1f3b42309ee412b839bc84e644cca3b842cfbfa59f5837db06562d817182f074,0.0,-1,1,0
4654de3cc2b4593076d440ba282905a7e7fd8e7e5f5bb6453ed4e617dc3c1963,MT10,official_clean,door-open-v3,3,30,MT-ACT + Heuristic-Gated Learned Recovery,1,0,0,77,03-0030-1f3b42309ee4,300072,1f3b42309ee412b839bc84e644cca3b842cfbfa59f5837db06562d817182f074,0.0,-1,1,0
4654de3cc2b4593076d440ba282905a7e7fd8e7e5f5bb6453ed4e617dc3c1963,MT10,official_clean,door-open-v3,3,30,MT-REIM,1,0,0,77,03-0030-1f3b42309ee4,300072,1f3b42309ee412b839bc84e644cca3b842cfbfa59f5837db06562d817182f074,0.6172720193862915,-1,1,0
4654de3cc2b4593076d440ba282905a7e7fd8e7e5f5bb6453ed4e617dc3c1963,MT10,official_clean,door-open-v3,3,31,MT-MLP BC,1,0,0,80,03-0031-51e24d2ae96a,300073,51e24d2ae96a672d99d471ad9ed794f2b6b2f17de65d7331665e095e58961064,0.0,-1,1,0
4654de3cc2b4593076d440ba282905a7e7fd8e7e5f5bb6453ed4e617dc3c1963,MT10,official_clean,door-open-v3,3,31,MT-ACT,1,0,0,79,03-0031-51e24d2ae96a,300073,51e24d2ae96a672d99d471ad9ed794f2b6b2f17de65d7331665e095e58961064,0.0,-1,1,0
4654de3cc2b4593076d440ba282905a7e7fd8e7e5f5bb6453ed4e617dc3c1963,MT10,official_clean,door-open-v3,3,31,MT-ACT + Heuristic-Gated Learned Recovery,1,0,0,79,03-0031-51e24d2ae96a,300073,51e24d2ae96a672d99d471ad9ed794f2b6b2f17de65d7331665e095e58961064,0.0,-1,1,0
4654de3cc2b4593076d440ba282905a7e7fd8e7e5f5bb6453ed4e617dc3c1963,MT10,official_clean,door-open-v3,3,31,MT-REIM,1,0,0,79,03-0031-51e24d2ae96a,300073,51e24d2ae96a672d99d471ad9ed794f2b6b2f17de65d7331665e095e58961064,0.6178534030914307,-1,1,0
4654de3cc2b4593076d440ba282905a7e7fd8e7e5f5bb6453ed4e617dc3c1963,MT10,official_clean,door-open-v3,3,32,MT-MLP BC,1,0,0,78,03-0032-03c13ad59e6b,300074,03c13ad59e6b52d0465a2ffa6f8bf416e31a2740b6c8b43a79c86e1c46aa8a2c,0.0,-1,1,0
4654de3cc2b4593076d440ba282905a7e7fd8e7e5f5bb6453ed4e617dc3c1963,MT10,official_clean,door-open-v3,3,32,MT-ACT,1,0,0,76,03-0032-03c13ad59e6b,300074,03c13ad59e6b52d0465a2ffa6f8bf416e31a2740b6c8b43a79c86e1c46aa8a2c,0.0,-1,1,0
4654de3cc2b4593076d440ba282905a7e7fd8e7e5f5bb6453ed4e617dc3c1963,MT10,official_clean,door-open-v3,3,32,MT-ACT + Heuristic-Gated Learned Recovery,1,0,0,76,03-0032-03c13ad59e6b,300074,03c13ad59e6b52d0465a2ffa6f8bf416e31a2740b6c8b43a79c86e1c46aa8a2c,0.0,-1,1,0
4654de3cc2b4593076d440ba282905a7e7fd8e7e5f5bb6453ed4e617dc3c1963,MT10,official_clean,door-open-v3,3,32,MT-REIM,1,0,0,76,03-0032-03c13ad59e6b,300074,03c13ad59e6b52d0465a2ffa6f8bf416e31a2740b6c8b43a79c86e1c46aa8a2c,0.6203145384788513,-1,1,0
4654de3cc2b4593076d440ba282905a7e7fd8e7e5f5bb6453ed4e617dc3c1963,MT10,official_clean,door-open-v3,3,33,MT-MLP BC,1,0,0,74,03-0033-2f7940aa6aff,300075,2f7940aa6aff46c36fa1456666fe03893cca15d85f7839d17223951ab4f48d3e,0.0,-1,1,0
4654de3cc2b4593076d440ba282905a7e7fd8e7e5f5bb6453ed4e617dc3c1963,MT10,official_clean,door-open-v3,3,33,MT-ACT,1,0,0,73,03-0033-2f7940aa6aff,300075,2f7940aa6aff46c36fa1456666fe03893cca15d85f7839d17223951ab4f48d3e,0.0,-1,1,0
4654de3cc2b4593076d440ba282905a7e7fd8e7e5f5bb6453ed4e617dc3c1963,MT10,official_clean,door-open-v3,3,33,MT-ACT + Heuristic-Gated Learned Recovery,1,0,0,73,03-0033-2f7940aa6aff,300075,2f7940aa6aff46c36fa1456666fe03893cca15d85f7839d17223951ab4f48d3e,0.0,-1,1,0
4654de3cc2b4593076d440ba282905a7e7fd8e7e5f5bb6453ed4e617dc3c1963,MT10,official_clean,door-open-v3,3,33,MT-REIM,1,0,0,73,03-0033-2f7940aa6aff,300075,2f7940aa6aff46c36fa1456666fe03893cca15d85f7839d17223951ab4f48d3e,0.593529462814331,-1,1,0
4654de3cc2b4593076d440ba282905a7e7fd8e7e5f5bb6453ed4e617dc3c1963,MT10,official_clean,door-open-v3,3,34,MT-MLP BC,1,0,0,82,03-0034-774bbc504172,300076,774bbc5041729a1d4061e276b11c61f570c2f8329e05ad7dbc7d4f112f1c42d5,0.0,-1,1,0
4654de3cc2b4593076d440ba282905a7e7fd8e7e5f5bb6453ed4e617dc3c1963,MT10,official_clean,door-open-v3,3,34,MT-ACT,1,0,0,80,03-0034-774bbc504172,300076,774bbc5041729a1d4061e276b11c61f570c2f8329e05ad7dbc7d4f112f1c42d5,0.0,-1,1,0
4654de3cc2b4593076d440ba282905a7e7fd8e7e5f5bb6453ed4e617dc3c1963,MT10,official_clean,door-open-v3,3,34,MT-ACT + Heuristic-Gated Learned Recovery,1,0,0,80,03-0034-774bbc504172,300076,774bbc5041729a1d4061e276b11c61f570c2f8329e05ad7dbc7d4f112f1c42d5,0.0,-1,1,0
4654de3cc2b4593076d440ba282905a7e7fd8e7e5f5bb6453ed4e617dc3c1963,MT10,official_clean,door-open-v3,3,34,MT-REIM,1,0,0,80,03-0034-774bbc504172,300076,774bbc5041729a1d4061e276b11c61f570c2f8329e05ad7dbc7d4f112f1c42d5,0.6251481175422668,-1,1,0
4654de3cc2b4593076d440ba282905a7e7fd8e7e5f5bb6453ed4e617dc3c1963,MT10,official_clean,door-open-v3,3,35,MT-MLP BC,1,0,0,80,03-0035-461dd525c5ea,300077,461dd525c5ea1804c3371961eae75fa550c8ced50460b95e89f6ec22c7d6ba38,0.0,-1,1,0
4654de3cc2b4593076d440ba282905a7e7fd8e7e5f5bb6453ed4e617dc3c1963,MT10,official_clean,door-open-v3,3,35,MT-ACT,1,0,0,79,03-0035-461dd525c5ea,300077,461dd525c5ea1804c3371961eae75fa550c8ced50460b95e89f6ec22c7d6ba38,0.0,-1,1,0
4654de3cc2b4593076d440ba282905a7e7fd8e7e5f5bb6453ed4e617dc3c1963,MT10,official_clean,door-open-v3,3,35,MT-ACT + Heuristic-Gated Learned Recovery,1,0,0,79,03-0035-461dd525c5ea,300077,461dd525c5ea1804c3371961eae75fa550c8ced50460b95e89f6ec22c7d6ba38,0.0,-1,1,0
4654de3cc2b4593076d440ba282905a7e7fd8e7e5f5bb6453ed4e617dc3c1963,MT10,official_clean,door-open-v3,3,35,MT-REIM,1,0,0,79,03-0035-461dd525c5ea,300077,461dd525c5ea1804c3371961eae75fa550c8ced50460b95e89f6ec22c7d6ba38,0.6287969350814819,-1,1,0
4654de3cc2b4593076d440ba282905a7e7fd8e7e5f5bb6453ed4e617dc3c1963,MT10,official_clean,door-open-v3,3,36,MT-MLP BC,1,0,0,75,03-0036-d448f4fd6e82,300078,d448f4fd6e82b4b3d73bc22b4209827968427b708260c0ce1ff7f47fd70c640f,0.0,-1,1,0
4654de3cc2b4593076d440ba282905a7e7fd8e7e5f5bb6453ed4e617dc3c1963,MT10,official_clean,door-open-v3,3,36,MT-ACT,1,0,0,78,03-0036-d448f4fd6e82,300078,d448f4fd6e82b4b3d73bc22b4209827968427b708260c0ce1ff7f47fd70c640f,0.0,-1,1,0
4654de3cc2b4593076d440ba282905a7e7fd8e7e5f5bb6453ed4e617dc3c1963,MT10,official_clean,door-open-v3,3,36,MT-ACT + Heuristic-Gated Learned Recovery,1,0,0,78,03-0036-d448f4fd6e82,300078,d448f4fd6e82b4b3d73bc22b4209827968427b708260c0ce1ff7f47fd70c640f,0.0,-1,1,0
4654de3cc2b4593076d440ba282905a7e7fd8e7e5f5bb6453ed4e617dc3c1963,MT10,official_clean,door-open-v3,3,36,MT-REIM,1,0,0,78,03-0036-d448f4fd6e82,300078,d448f4fd6e82b4b3d73bc22b4209827968427b708260c0ce1ff7f47fd70c640f,0.6157447099685669,-1,1,0
4654de3cc2b4593076d440ba282905a7e7fd8e7e5f5bb6453ed4e617dc3c1963,MT10,official_clean,door-open-v3,3,37,MT-MLP BC,1,0,0,120,03-0037-27d468bdb13b,300079,27d468bdb13b87135405dd575db2bf67acb3e367f60e8c5bdc49684c789aeaff,0.0,-1,1,0
4654de3cc2b4593076d440ba282905a7e7fd8e7e5f5bb6453ed4e617dc3c1963,MT10,official_clean,door-open-v3,3,37,MT-ACT,1,0,0,81,03-0037-27d468bdb13b,300079,27d468bdb13b87135405dd575db2bf67acb3e367f60e8c5bdc49684c789aeaff,0.0,-1,1,0
4654de3cc2b4593076d440ba282905a7e7fd8e7e5f5bb6453ed4e617dc3c1963,MT10,official_clean,door-open-v3,3,37,MT-ACT + Heuristic-Gated Learned Recovery,1,0,0,81,03-0037-27d468bdb13b,300079,27d468bdb13b87135405dd575db2bf67acb3e367f60e8c5bdc49684c789aeaff,0.0,-1,1,0
4654de3cc2b4593076d440ba282905a7e7fd8e7e5f5bb6453ed4e617dc3c1963,MT10,official_clean,door-open-v3,3,37,MT-REIM,1,0,0,81,03-0037-27d468bdb13b,300079,27d468bdb13b87135405dd575db2bf67acb3e367f60e8c5bdc49684c789aeaff,0.6178773641586304,-1,1,0
4654de3cc2b4593076d440ba282905a7e7fd8e7e5f5bb6453ed4e617dc3c1963,MT10,official_clean,door-open-v3,3,38,MT-MLP BC,1,0,0,77,03-0038-5dd53d23bdac,300080,5dd53d23bdaccd1fb9b9e3ccebeadec71f30fd1560e520bbd789e6cb217151c3,0.0,-1,1,0
4654de3cc2b4593076d440ba282905a7e7fd8e7e5f5bb6453ed4e617dc3c1963,MT10,official_clean,door-open-v3,3,38,MT-ACT,1,0,0,75,03-0038-5dd53d23bdac,300080,5dd53d23bdaccd1fb9b9e3ccebeadec71f30fd1560e520bbd789e6cb217151c3,0.0,-1,1,0
4654de3cc2b4593076d440ba282905a7e7fd8e7e5f5bb6453ed4e617dc3c1963,MT10,official_clean,door-open-v3,3,38,MT-ACT + Heuristic-Gated Learned Recovery,1,0,0,75,03-0038-5dd53d23bdac,300080,5dd53d23bdaccd1fb9b9e3ccebeadec71f30fd1560e520bbd789e6cb217151c3,0.0,-1,1,0
4654de3cc2b4593076d440ba282905a7e7fd8e7e5f5bb6453ed4e617dc3c1963,MT10,official_clean,door-open-v3,3,38,MT-REIM,1,0,0,75,03-0038-5dd53d23bdac,300080,5dd53d23bdaccd1fb9b9e3ccebeadec71f30fd1560e520bbd789e6cb217151c3,0.6145723462104797,-1,1,0
4654de3cc2b4593076d440ba282905a7e7fd8e7e5f5bb6453ed4e617dc3c1963,MT10,official_clean,door-open-v3,3,39,MT-MLP BC,1,0,0,84,03-0039-390b8e7babf9,300081,390b8e7babf921aaefeafcce9d7c912b16178c841903928c41ebe27dec275931,0.0,-1,1,0
4654de3cc2b4593076d440ba282905a7e7fd8e7e5f5bb6453ed4e617dc3c1963,MT10,official_clean,door-open-v3,3,39,MT-ACT,1,0,0,82,03-0039-390b8e7babf9,300081,390b8e7babf921aaefeafcce9d7c912b16178c841903928c41ebe27dec275931,0.0,-1,1,0
4654de3cc2b4593076d440ba282905a7e7fd8e7e5f5bb6453ed4e617dc3c1963,MT10,official_clean,door-open-v3,3,39,MT-ACT + Heuristic-Gated Learned Recovery,1,0,0,82,03-0039-390b8e7babf9,300081,390b8e7babf921aaefeafcce9d7c912b16178c841903928c41ebe27dec275931,0.0,-1,1,0
4654de3cc2b4593076d440ba282905a7e7fd8e7e5f5bb6453ed4e617dc3c1963,MT10,official_clean,door-open-v3,3,39,MT-REIM,1,0,0,82,03-0039-390b8e7babf9,300081,390b8e7babf921aaefeafcce9d7c912b16178c841903928c41ebe27dec275931,0.6290652751922607,-1,1,0
4654de3cc2b4593076d440ba282905a7e7fd8e7e5f5bb6453ed4e617dc3c1963,MT10,official_clean,door-open-v3,3,40,MT-MLP BC,1,0,0,81,03-0040-d46e1cacd00e,300082,d46e1cacd00e62e9dff396c03fe9d70351a5d429ba6d6b5d33327e00e35bee39,0.0,-1,1,0
4654de3cc2b4593076d440ba282905a7e7fd8e7e5f5bb6453ed4e617dc3c1963,MT10,official_clean,door-open-v3,3,40,MT-ACT,1,0,0,78,03-0040-d46e1cacd00e,300082,d46e1cacd00e62e9dff396c03fe9d70351a5d429ba6d6b5d33327e00e35bee39,0.0,-1,1,0
4654de3cc2b4593076d440ba282905a7e7fd8e7e5f5bb6453ed4e617dc3c1963,MT10,official_clean,door-open-v3,3,40,MT-ACT + Heuristic-Gated Learned Recovery,1,0,0,78,03-0040-d46e1cacd00e,300082,d46e1cacd00e62e9dff396c03fe9d70351a5d429ba6d6b5d33327e00e35bee39,0.0,-1,1,0
4654de3cc2b4593076d440ba282905a7e7fd8e7e5f5bb6453ed4e617dc3c1963,MT10,official_clean,door-open-v3,3,40,MT-REIM,1,0,0,78,03-0040-d46e1cacd00e,300082,d46e1cacd00e62e9dff396c03fe9d70351a5d429ba6d6b5d33327e00e35bee39,0.621199369430542,-1,1,0
4654de3cc2b4593076d440ba282905a7e7fd8e7e5f5bb6453ed4e617dc3c1963,MT10,official_clean,door-open-v3,3,41,MT-MLP BC,1,0,0,75,03-0041-82f76e1dc96a,300083,82f76e1dc96ae25ce6776b6c523e417392f7cd3c38a417e0ce034f6cc3218760,0.0,-1,1,0
4654de3cc2b4593076d440ba282905a7e7fd8e7e5f5bb6453ed4e617dc3c1963,MT10,official_clean,door-open-v3,3,41,MT-ACT,1,0,0,73,03-0041-82f76e1dc96a,300083,82f76e1dc96ae25ce6776b6c523e417392f7cd3c38a417e0ce034f6cc3218760,0.0,-1,1,0
4654de3cc2b4593076d440ba282905a7e7fd8e7e5f5bb6453ed4e617dc3c1963,MT10,official_clean,door-open-v3,3,41,MT-ACT + Heuristic-Gated Learned Recovery,1,0,0,73,03-0041-82f76e1dc96a,300083,82f76e1dc96ae25ce6776b6c523e417392f7cd3c38a417e0ce034f6cc3218760,0.0,-1,1,0
4654de3cc2b4593076d440ba282905a7e7fd8e7e5f5bb6453ed4e617dc3c1963,MT10,official_clean,door-open-v3,3,41,MT-REIM,1,0,0,73,03-0041-82f76e1dc96a,300083,82f76e1dc96ae25ce6776b6c523e417392f7cd3c38a417e0ce034f6cc3218760,0.624779224395752,-1,1,0
4654de3cc2b4593076d440ba282905a7e7fd8e7e5f5bb6453ed4e617dc3c1963,MT10,official_clean,door-open-v3,3,42,MT-MLP BC,1,0,0,94,03-0042-2335d0a1ebbb,300084,2335d0a1ebbb75bfb6fb986c075e6abd7e4db07cccec71cf31fd33b147ee3bd6,0.0,-1,1,0
4654de3cc2b4593076d440ba282905a7e7fd8e7e5f5bb6453ed4e617dc3c1963,MT10,official_clean,door-open-v3,3,42,MT-ACT,1,0,0,214,03-0042-2335d0a1ebbb,300084,2335d0a1ebbb75bfb6fb986c075e6abd7e4db07cccec71cf31fd33b147ee3bd6,0.0,-1,1,0
4654de3cc2b4593076d440ba282905a7e7fd8e7e5f5bb6453ed4e617dc3c1963,MT10,official_clean,door-open-v3,3,42,MT-ACT + Heuristic-Gated Learned Recovery,1,1,1,188,03-0042-2335d0a1ebbb,300084,2335d0a1ebbb75bfb6fb986c075e6abd7e4db07cccec71cf31fd33b147ee3bd6,0.0,48,1,140
4654de3cc2b4593076d440ba282905a7e7fd8e7e5f5bb6453ed4e617dc3c1963,MT10,official_clean,door-open-v3,3,42,MT-REIM,1,0,0,214,03-0042-2335d0a1ebbb,300084,2335d0a1ebbb75bfb6fb986c075e6abd7e4db07cccec71cf31fd33b147ee3bd6,0.5818965435028076,-1,1,0
4654de3cc2b4593076d440ba282905a7e7fd8e7e5f5bb6453ed4e617dc3c1963,MT10,official_clean,door-open-v3,3,43,MT-MLP BC,1,0,0,79,03-0043-b701a59b5092,300085,b701a59b5092a160da7eeef50cc6848e0649d9b1a0361b81b2f320707f369614,0.0,-1,1,0
4654de3cc2b4593076d440ba282905a7e7fd8e7e5f5bb6453ed4e617dc3c1963,MT10,official_clean,door-open-v3,3,43,MT-ACT,1,0,0,77,03-0043-b701a59b5092,300085,b701a59b5092a160da7eeef50cc6848e0649d9b1a0361b81b2f320707f369614,0.0,-1,1,0
4654de3cc2b4593076d440ba282905a7e7fd8e7e5f5bb6453ed4e617dc3c1963,MT10,official_clean,door-open-v3,3,43,MT-ACT + Heuristic-Gated Learned Recovery,1,0,0,77,03-0043-b701a59b5092,300085,b701a59b5092a160da7eeef50cc6848e0649d9b1a0361b81b2f320707f369614,0.0,-1,1,0
4654de3cc2b4593076d440ba282905a7e7fd8e7e5f5bb6453ed4e617dc3c1963,MT10,official_clean,door-open-v3,3,43,MT-REIM,1,0,0,77,03-0043-b701a59b5092,300085,b701a59b5092a160da7eeef50cc6848e0649d9b1a0361b81b2f320707f369614,0.622501790523529,-1,1,0
4654de3cc2b4593076d440ba282905a7e7fd8e7e5f5bb6453ed4e617dc3c1963,MT10,official_clean,door-open-v3,3,44,MT-MLP BC,1,0,0,73,03-0044-ebae7cc477cd,300086,ebae7cc477cde49fbc553232dc25a631a37f32fe6fb0f2bc099bb468b20108a9,0.0,-1,1,0
4654de3cc2b4593076d440ba282905a7e7fd8e7e5f5bb6453ed4e617dc3c1963,MT10,official_clean,door-open-v3,3,44,MT-ACT,1,0,0,71,03-0044-ebae7cc477cd,300086,ebae7cc477cde49fbc553232dc25a631a37f32fe6fb0f2bc099bb468b20108a9,0.0,-1,1,0
4654de3cc2b4593076d440ba282905a7e7fd8e7e5f5bb6453ed4e617dc3c1963,MT10,official_clean,door-open-v3,3,44,MT-ACT + Heuristic-Gated Learned Recovery,1,0,0,71,03-0044-ebae7cc477cd,300086,ebae7cc477cde49fbc553232dc25a631a37f32fe6fb0f2bc099bb468b20108a9,0.0,-1,1,0
4654de3cc2b4593076d440ba282905a7e7fd8e7e5f5bb6453ed4e617dc3c1963,MT10,official_clean,door-open-v3,3,44,MT-REIM,1,0,0,71,03-0044-ebae7cc477cd,300086,ebae7cc477cde49fbc553232dc25a631a37f32fe6fb0f2bc099bb468b20108a9,0.5998404026031494,-1,1,0
4654de3cc2b4593076d440ba282905a7e7fd8e7e5f5bb6453ed4e617dc3c1963,MT10,official_clean,door-open-v3,3,45,MT-MLP BC,1,0,0,76,03-0045-8c98b80b4f76,300087,8c98b80b4f768322e6b40147519d3bcf0922403de8da791c4807ff6324aa9de7,0.0,-1,1,0
4654de3cc2b4593076d440ba282905a7e7fd8e7e5f5bb6453ed4e617dc3c1963,MT10,official_clean,door-open-v3,3,45,MT-ACT,1,0,0,75,03-0045-8c98b80b4f76,300087,8c98b80b4f768322e6b40147519d3bcf0922403de8da791c4807ff6324aa9de7,0.0,-1,1,0
4654de3cc2b4593076d440ba282905a7e7fd8e7e5f5bb6453ed4e617dc3c1963,MT10,official_clean,door-open-v3,3,45,MT-ACT + Heuristic-Gated Learned Recovery,1,0,0,75,03-0045-8c98b80b4f76,300087,8c98b80b4f768322e6b40147519d3bcf0922403de8da791c4807ff6324aa9de7,0.0,-1,1,0
4654de3cc2b4593076d440ba282905a7e7fd8e7e5f5bb6453ed4e617dc3c1963,MT10,official_clean,door-open-v3,3,45,MT-REIM,1,0,0,75,03-0045-8c98b80b4f76,300087,8c98b80b4f768322e6b40147519d3bcf0922403de8da791c4807ff6324aa9de7,0.6196078658103943,-1,1,0
4654de3cc2b4593076d440ba282905a7e7fd8e7e5f5bb6453ed4e617dc3c1963,MT10,official_clean,door-open-v3,3,46,MT-MLP BC,1,0,0,79,03-0046-d018cc7cd286,300088,d018cc7cd286b0732f0214e7d3eb85a50421674be301e5d87506b426cef5e2eb,0.0,-1,1,0
4654de3cc2b4593076d440ba282905a7e7fd8e7e5f5bb6453ed4e617dc3c1963,MT10,official_clean,door-open-v3,3,46,MT-ACT,1,0,0,76,03-0046-d018cc7cd286,300088,d018cc7cd286b0732f0214e7d3eb85a50421674be301e5d87506b426cef5e2eb,0.0,-1,1,0
4654de3cc2b4593076d440ba282905a7e7fd8e7e5f5bb6453ed4e617dc3c1963,MT10,official_clean,door-open-v3,3,46,MT-ACT + Heuristic-Gated Learned Recovery,1,0,0,76,03-0046-d018cc7cd286,300088,d018cc7cd286b0732f0214e7d3eb85a50421674be301e5d87506b426cef5e2eb,0.0,-1,1,0
4654de3cc2b4593076d440ba282905a7e7fd8e7e5f5bb6453ed4e617dc3c1963,MT10,official_clean,door-open-v3,3,46,MT-REIM,1,0,0,76,03-0046-d018cc7cd286,300088,d018cc7cd286b0732f0214e7d3eb85a50421674be301e5d87506b426cef5e2eb,0.6027141213417053,-1,1,0
4654de3cc2b4593076d440ba282905a7e7fd8e7e5f5bb6453ed4e617dc3c1963,MT10,official_clean,door-open-v3,3,47,MT-MLP BC,1,0,0,96,03-0047-232ca8666e6d,300089,232ca8666e6d6b0ac011147952a14256fc57d1d499ed7c8bf9b005b83f7c649a,0.0,-1,1,0
4654de3cc2b4593076d440ba282905a7e7fd8e7e5f5bb6453ed4e617dc3c1963,MT10,official_clean,door-open-v3,3,47,MT-ACT,0,0,0,500,03-0047-232ca8666e6d,300089,232ca8666e6d6b0ac011147952a14256fc57d1d499ed7c8bf9b005b83f7c649a,0.0,-1,1,0
4654de3cc2b4593076d440ba282905a7e7fd8e7e5f5bb6453ed4e617dc3c1963,MT10,official_clean,door-open-v3,3,47,MT-ACT + Heuristic-Gated Learned Recovery,0,0,0,500,03-0047-232ca8666e6d,300089,232ca8666e6d6b0ac011147952a14256fc57d1d499ed7c8bf9b005b83f7c649a,0.0,-1,1,0
4654de3cc2b4593076d440ba282905a7e7fd8e7e5f5bb6453ed4e617dc3c1963,MT10,official_clean,door-open-v3,3,47,MT-REIM,0,0,0,500,03-0047-232ca8666e6d,300089,232ca8666e6d6b0ac011147952a14256fc57d1d499ed7c8bf9b005b83f7c649a,0.5925971865653992,-1,1,0
4654de3cc2b4593076d440ba282905a7e7fd8e7e5f5bb6453ed4e617dc3c1963,MT10,official_clean,door-open-v3,3,48,MT-MLP BC,1,0,0,88,03-0048-6f17cfeb7823,300090,6f17cfeb78235a65f635d1626263dc2e536fccf51e3e8133ab25a26150f8b7cf,0.0,-1,1,0
4654de3cc2b4593076d440ba282905a7e7fd8e7e5f5bb6453ed4e617dc3c1963,MT10,official_clean,door-open-v3,3,48,MT-ACT,1,0,0,422,03-0048-6f17cfeb7823,300090,6f17cfeb78235a65f635d1626263dc2e536fccf51e3e8133ab25a26150f8b7cf,0.0,-1,1,0
4654de3cc2b4593076d440ba282905a7e7fd8e7e5f5bb6453ed4e617dc3c1963,MT10,official_clean,door-open-v3,3,48,MT-ACT + Heuristic-Gated Learned Recovery,1,0,0,422,03-0048-6f17cfeb7823,300090,6f17cfeb78235a65f635d1626263dc2e536fccf51e3e8133ab25a26150f8b7cf,0.0,-1,1,0
4654de3cc2b4593076d440ba282905a7e7fd8e7e5f5bb6453ed4e617dc3c1963,MT10,official_clean,door-open-v3,3,48,MT-REIM,1,0,0,422,03-0048-6f17cfeb7823,300090,6f17cfeb78235a65f635d1626263dc2e536fccf51e3e8133ab25a26150f8b7cf,0.6278689503669739,-1,1,0
4654de3cc2b4593076d440ba282905a7e7fd8e7e5f5bb6453ed4e617dc3c1963,MT10,official_clean,door-open-v3,3,49,MT-MLP BC,1,0,0,90,03-0049-8d79a635074d,300091,8d79a635074d9d49f3a4f5e95b04eaf4562beca3d78a01716bb56c6aeb0c4baa,0.0,-1,1,0
4654de3cc2b4593076d440ba282905a7e7fd8e7e5f5bb6453ed4e617dc3c1963,MT10,official_clean,door-open-v3,3,49,MT-ACT,1,0,0,97,03-0049-8d79a635074d,300091,8d79a635074d9d49f3a4f5e95b04eaf4562beca3d78a01716bb56c6aeb0c4baa,0.0,-1,1,0
4654de3cc2b4593076d440ba282905a7e7fd8e7e5f5bb6453ed4e617dc3c1963,MT10,official_clean,door-open-v3,3,49,MT-ACT + Heuristic-Gated Learned Recovery,1,0,0,97,03-0049-8d79a635074d,300091,8d79a635074d9d49f3a4f5e95b04eaf4562beca3d78a01716bb56c6aeb0c4baa,0.0,-1,1,0
4654de3cc2b4593076d440ba282905a7e7fd8e7e5f5bb6453ed4e617dc3c1963,MT10,official_clean,door-open-v3,3,49,MT-REIM,1,1,1,100,03-0049-8d79a635074d,300091,8d79a635074d9d49f3a4f5e95b04eaf4562beca3d78a01716bb56c6aeb0c4baa,0.6772119998931885,44,1,56
4654de3cc2b4593076d440ba282905a7e7fd8e7e5f5bb6453ed4e617dc3c1963,MT10,official_clean,drawer-open-v3,4,0,MT-MLP BC,1,0,0,84,04-0000-76ab3ebf75b1,400042,76ab3ebf75b1f2c276ea6cd38ec236821a02e095df968442e675e3d893587b46,0.0,-1,1,0
4654de3cc2b4593076d440ba282905a7e7fd8e7e5f5bb6453ed4e617dc3c1963,MT10,official_clean,drawer-open-v3,4,0,MT-ACT,1,0,0,86,04-0000-76ab3ebf75b1,400042,76ab3ebf75b1f2c276ea6cd38ec236821a02e095df968442e675e3d893587b46,0.0,-1,1,0
4654de3cc2b4593076d440ba282905a7e7fd8e7e5f5bb6453ed4e617dc3c1963,MT10,official_clean,drawer-open-v3,4,0,MT-ACT + Heuristic-Gated Learned Recovery,1,0,0,86,04-0000-76ab3ebf75b1,400042,76ab3ebf75b1f2c276ea6cd38ec236821a02e095df968442e675e3d893587b46,0.0,-1,1,0
4654de3cc2b4593076d440ba282905a7e7fd8e7e5f5bb6453ed4e617dc3c1963,MT10,official_clean,drawer-open-v3,4,0,MT-REIM,1,0,0,86,04-0000-76ab3ebf75b1,400042,76ab3ebf75b1f2c276ea6cd38ec236821a02e095df968442e675e3d893587b46,0.6353591084480286,-1,1,0
4654de3cc2b4593076d440ba282905a7e7fd8e7e5f5bb6453ed4e617dc3c1963,MT10,official_clean,drawer-open-v3,4,1,MT-MLP BC,1,0,0,88,04-0001-e073a47c5aa4,400043,e073a47c5aa4044a03687790991204423de01c340a56d38839db0ce26e7f3c9c,0.0,-1,1,0
4654de3cc2b4593076d440ba282905a7e7fd8e7e5f5bb6453ed4e617dc3c1963,MT10,official_clean,drawer-open-v3,4,1,MT-ACT,1,0,0,88,04-0001-e073a47c5aa4,400043,e073a47c5aa4044a03687790991204423de01c340a56d38839db0ce26e7f3c9c,0.0,-1,1,0
4654de3cc2b4593076d440ba282905a7e7fd8e7e5f5bb6453ed4e617dc3c1963,MT10,official_clean,drawer-open-v3,4,1,MT-ACT + Heuristic-Gated Learned Recovery,1,0,0,88,04-0001-e073a47c5aa4,400043,e073a47c5aa4044a03687790991204423de01c340a56d38839db0ce26e7f3c9c,0.0,-1,1,0
4654de3cc2b4593076d440ba282905a7e7fd8e7e5f5bb6453ed4e617dc3c1963,MT10,official_clean,drawer-open-v3,4,1,MT-REIM,1,0,0,88,04-0001-e073a47c5aa4,400043,e073a47c5aa4044a03687790991204423de01c340a56d38839db0ce26e7f3c9c,0.6233554482460022,-1,1,0
4654de3cc2b4593076d440ba282905a7e7fd8e7e5f5bb6453ed4e617dc3c1963,MT10,official_clean,drawer-open-v3,4,2,MT-MLP BC,1,0,0,82,04-0002-c86290b37e3c,400044,c86290b37e3c4fb2c18c971e76b41c7c2521ecc6c1a43aeb843fffea14215ae4,0.0,-1,1,0
4654de3cc2b4593076d440ba282905a7e7fd8e7e5f5bb6453ed4e617dc3c1963,MT10,official_clean,drawer-open-v3,4,2,MT-ACT,1,0,0,87,04-0002-c86290b37e3c,400044,c86290b37e3c4fb2c18c971e76b41c7c2521ecc6c1a43aeb843fffea14215ae4,0.0,-1,1,0
4654de3cc2b4593076d440ba282905a7e7fd8e7e5f5bb6453ed4e617dc3c1963,MT10,official_clean,drawer-open-v3,4,2,MT-ACT + Heuristic-Gated Learned Recovery,1,0,0,87,04-0002-c86290b37e3c,400044,c86290b37e3c4fb2c18c971e76b41c7c2521ecc6c1a43aeb843fffea14215ae4,0.0,-1,1,0
4654de3cc2b4593076d440ba282905a7e7fd8e7e5f5bb6453ed4e617dc3c1963,MT10,official_clean,drawer-open-v3,4,2,MT-REIM,1,0,0,87,04-0002-c86290b37e3c,400044,c86290b37e3c4fb2c18c971e76b41c7c2521ecc6c1a43aeb843fffea14215ae4,0.6404682397842407,-1,1,0
4654de3cc2b4593076d440ba282905a7e7fd8e7e5f5bb6453ed4e617dc3c1963,MT10,official_clean,drawer-open-v3,4,3,MT-MLP BC,1,0,0,85,04-0003-b5bc3c09044c,400045,b5bc3c09044ce1f07decd3bb28acf1104f035dfc0feb921c32098e1eb09c096e,0.0,-1,1,0
4654de3cc2b4593076d440ba282905a7e7fd8e7e5f5bb6453ed4e617dc3c1963,MT10,official_clean,drawer-open-v3,4,3,MT-ACT,1,0,0,86,04-0003-b5bc3c09044c,400045,b5bc3c09044ce1f07decd3bb28acf1104f035dfc0feb921c32098e1eb09c096e,0.0,-1,1,0
4654de3cc2b4593076d440ba282905a7e7fd8e7e5f5bb6453ed4e617dc3c1963,MT10,official_clean,drawer-open-v3,4,3,MT-ACT + Heuristic-Gated Learned Recovery,1,0,0,86,04-0003-b5bc3c09044c,400045,b5bc3c09044ce1f07decd3bb28acf1104f035dfc0feb921c32098e1eb09c096e,0.0,-1,1,0
4654de3cc2b4593076d440ba282905a7e7fd8e7e5f5bb6453ed4e617dc3c1963,MT10,official_clean,drawer-open-v3,4,3,MT-REIM,1,0,0,86,04-0003-b5bc3c09044c,400045,b5bc3c09044ce1f07decd3bb28acf1104f035dfc0feb921c32098e1eb09c096e,0.6377549171447754,-1,1,0
4654de3cc2b4593076d440ba282905a7e7fd8e7e5f5bb6453ed4e617dc3c1963,MT10,official_clean,drawer-open-v3,4,4,MT-MLP BC,1,0,0,82,04-0004-ec51d2f68d1e,400046,ec51d2f68d1e704d9ceb55461418d2cb882e3747345a04be89c86c6968e5ce15,0.0,-1,1,0
4654de3cc2b4593076d440ba282905a7e7fd8e7e5f5bb6453ed4e617dc3c1963,MT10,official_clean,drawer-open-v3,4,4,MT-ACT,1,0,0,85,04-0004-ec51d2f68d1e,400046,ec51d2f68d1e704d9ceb55461418d2cb882e3747345a04be89c86c6968e5ce15,0.0,-1,1,0
4654de3cc2b4593076d440ba282905a7e7fd8e7e5f5bb6453ed4e617dc3c1963,MT10,official_clean,drawer-open-v3,4,4,MT-ACT + Heuristic-Gated Learned Recovery,1,0,0,85,04-0004-ec51d2f68d1e,400046,ec51d2f68d1e704d9ceb55461418d2cb882e3747345a04be89c86c6968e5ce15,0.0,-1,1,0
4654de3cc2b4593076d440ba282905a7e7fd8e7e5f5bb6453ed4e617dc3c1963,MT10,official_clean,drawer-open-v3,4,4,MT-REIM,1,1,1,85,04-0004-ec51d2f68d1e,400046,ec51d2f68d1e704d9ceb55461418d2cb882e3747345a04be89c86c6968e5ce15,0.6526978015899658,79,1,6
4654de3cc2b4593076d440ba282905a7e7fd8e7e5f5bb6453ed4e617dc3c1963,MT10,official_clean,drawer-open-v3,4,5,MT-MLP BC,1,0,0,83,04-0005-e8e820225829,400047,e8e820225829c4a7ee20dab05dc7c32a87ec34e5d903d841bf8fbf6286b9ea39,0.0,-1,1,0
4654de3cc2b4593076d440ba282905a7e7fd8e7e5f5bb6453ed4e617dc3c1963,MT10,official_clean,drawer-open-v3,4,5,MT-ACT,1,0,0,85,04-0005-e8e820225829,400047,e8e820225829c4a7ee20dab05dc7c32a87ec34e5d903d841bf8fbf6286b9ea39,0.0,-1,1,0
4654de3cc2b4593076d440ba282905a7e7fd8e7e5f5bb6453ed4e617dc3c1963,MT10,official_clean,drawer-open-v3,4,5,MT-ACT + Heuristic-Gated Learned Recovery,1,0,0,85,04-0005-e8e820225829,400047,e8e820225829c4a7ee20dab05dc7c32a87ec34e5d903d841bf8fbf6286b9ea39,0.0,-1,1,0
4654de3cc2b4593076d440ba282905a7e7fd8e7e5f5bb6453ed4e617dc3c1963,MT10,official_clean,drawer-open-v3,4,5,MT-REIM,1,1,1,85,04-0005-e8e820225829,400047,e8e820225829c4a7ee20dab05dc7c32a87ec34e5d903d841bf8fbf6286b9ea39,0.6563053727149963,79,1,6
4654de3cc2b4593076d440ba282905a7e7fd8e7e5f5bb6453ed4e617dc3c1963,MT10,official_clean,drawer-open-v3,4,6,MT-MLP BC,1,0,0,88,04-0006-d3b4a505f57f,400048,d3b4a505f57f221db022d1df6adf2a1c5a1d9af5c1932581ad483f3a39b9d633,0.0,-1,1,0
4654de3cc2b4593076d440ba282905a7e7fd8e7e5f5bb6453ed4e617dc3c1963,MT10,official_clean,drawer-open-v3,4,6,MT-ACT,1,0,0,91,04-0006-d3b4a505f57f,400048,d3b4a505f57f221db022d1df6adf2a1c5a1d9af5c1932581ad483f3a39b9d633,0.0,-1,1,0
4654de3cc2b4593076d440ba282905a7e7fd8e7e5f5bb6453ed4e617dc3c1963,MT10,official_clean,drawer-open-v3,4,6,MT-ACT + Heuristic-Gated Learned Recovery,1,0,0,91,04-0006-d3b4a505f57f,400048,d3b4a505f57f221db022d1df6adf2a1c5a1d9af5c1932581ad483f3a39b9d633,0.0,-1,1,0
4654de3cc2b4593076d440ba282905a7e7fd8e7e5f5bb6453ed4e617dc3c1963,MT10,official_clean,drawer-open-v3,4,6,MT-REIM,1,0,0,91,04-0006-d3b4a505f57f,400048,d3b4a505f57f221db022d1df6adf2a1c5a1d9af5c1932581ad483f3a39b9d633,0.6145175099372864,-1,1,0
4654de3cc2b4593076d440ba282905a7e7fd8e7e5f5bb6453ed4e617dc3c1963,MT10,official_clean,drawer-open-v3,4,7,MT-MLP BC,1,0,0,84,04-0007-1cde565376f0,400049,1cde565376f09e5030714fa936f84c8d54a773e4b7f0c7fcf595d14f3c953ac3,0.0,-1,1,0
4654de3cc2b4593076d440ba282905a7e7fd8e7e5f5bb6453ed4e617dc3c1963,MT10,official_clean,drawer-open-v3,4,7,MT-ACT,1,0,0,88,04-0007-1cde565376f0,400049,1cde565376f09e5030714fa936f84c8d54a773e4b7f0c7fcf595d14f3c953ac3,0.0,-1,1,0
4654de3cc2b4593076d440ba282905a7e7fd8e7e5f5bb6453ed4e617dc3c1963,MT10,official_clean,drawer-open-v3,4,7,MT-ACT + Heuristic-Gated Learned Recovery,1,0,0,88,04-0007-1cde565376f0,400049,1cde565376f09e5030714fa936f84c8d54a773e4b7f0c7fcf595d14f3c953ac3,0.0,-1,1,0
4654de3cc2b4593076d440ba282905a7e7fd8e7e5f5bb6453ed4e617dc3c1963,MT10,official_clean,drawer-open-v3,4,7,MT-REIM,1,1,1,88,04-0007-1cde565376f0,400049,1cde565376f09e5030714fa936f84c8d54a773e4b7f0c7fcf595d14f3c953ac3,0.6623080372810364,81,1,7
4654de3cc2b4593076d440ba282905a7e7fd8e7e5f5bb6453ed4e617dc3c1963,MT10,official_clean,drawer-open-v3,4,8,MT-MLP BC,1,0,0,87,04-0008-9777d1460218,400050,9777d14602187dde6648969aef654cfc15fa4b1456e47cef575fb5cd2ae80528,0.0,-1,1,0
4654de3cc2b4593076d440ba282905a7e7fd8e7e5f5bb6453ed4e617dc3c1963,MT10,official_clean,drawer-open-v3,4,8,MT-ACT,1,0,0,89,04-0008-9777d1460218,400050,9777d14602187dde6648969aef654cfc15fa4b1456e47cef575fb5cd2ae80528,0.0,-1,1,0
4654de3cc2b4593076d440ba282905a7e7fd8e7e5f5bb6453ed4e617dc3c1963,MT10,official_clean,drawer-open-v3,4,8,MT-ACT + Heuristic-Gated Learned Recovery,1,0,0,89,04-0008-9777d1460218,400050,9777d14602187dde6648969aef654cfc15fa4b1456e47cef575fb5cd2ae80528,0.0,-1,1,0
4654de3cc2b4593076d440ba282905a7e7fd8e7e5f5bb6453ed4e617dc3c1963,MT10,official_clean,drawer-open-v3,4,8,MT-REIM,1,0,0,89,04-0008-9777d1460218,400050,9777d14602187dde6648969aef654cfc15fa4b1456e47cef575fb5cd2ae80528,0.607802152633667,-1,1,0
4654de3cc2b4593076d440ba282905a7e7fd8e7e5f5bb6453ed4e617dc3c1963,MT10,official_clean,drawer-open-v3,4,9,MT-MLP BC,1,0,0,83,04-0009-1edfabd1b6fd,400051,1edfabd1b6fd967d06081a77c992c5b8d73ef9c4034ce8e631d668bf2cf7d71a,0.0,-1,1,0
4654de3cc2b4593076d440ba282905a7e7fd8e7e5f5bb6453ed4e617dc3c1963,MT10,official_clean,drawer-open-v3,4,9,MT-ACT,1,0,0,87,04-0009-1edfabd1b6fd,400051,1edfabd1b6fd967d06081a77c992c5b8d73ef9c4034ce8e631d668bf2cf7d71a,0.0,-1,1,0
4654de3cc2b4593076d440ba282905a7e7fd8e7e5f5bb6453ed4e617dc3c1963,MT10,official_clean,drawer-open-v3,4,9,MT-ACT + Heuristic-Gated Learned Recovery,1,0,0,87,04-0009-1edfabd1b6fd,400051,1edfabd1b6fd967d06081a77c992c5b8d73ef9c4034ce8e631d668bf2cf7d71a,0.0,-1,1,0
4654de3cc2b4593076d440ba282905a7e7fd8e7e5f5bb6453ed4e617dc3c1963,MT10,official_clean,drawer-open-v3,4,9,MT-REIM,1,0,0,87,04-0009-1edfabd1b6fd,400051,1edfabd1b6fd967d06081a77c992c5b8d73ef9c4034ce8e631d668bf2cf7d71a,0.6444252729415894,-1,1,0
4654de3cc2b4593076d440ba282905a7e7fd8e7e5f5bb6453ed4e617dc3c1963,MT10,official_clean,drawer-open-v3,4,10,MT-MLP BC,1,0,0,83,04-0010-db2f8a12136b,400052,db2f8a12136bf2ab7002817190b35c0109d4c1084fec0e3c259e07f52562acf3,0.0,-1,1,0
4654de3cc2b4593076d440ba282905a7e7fd8e7e5f5bb6453ed4e617dc3c1963,MT10,official_clean,drawer-open-v3,4,10,MT-ACT,1,0,0,85,04-0010-db2f8a12136b,400052,db2f8a12136bf2ab7002817190b35c0109d4c1084fec0e3c259e07f52562acf3,0.0,-1,1,0
4654de3cc2b4593076d440ba282905a7e7fd8e7e5f5bb6453ed4e617dc3c1963,MT10,official_clean,drawer-open-v3,4,10,MT-ACT + Heuristic-Gated Learned Recovery,1,0,0,85,04-0010-db2f8a12136b,400052,db2f8a12136bf2ab7002817190b35c0109d4c1084fec0e3c259e07f52562acf3,0.0,-1,1,0
4654de3cc2b4593076d440ba282905a7e7fd8e7e5f5bb6453ed4e617dc3c1963,MT10,official_clean,drawer-open-v3,4,10,MT-REIM,1,1,1,85,04-0010-db2f8a12136b,400052,db2f8a12136bf2ab7002817190b35c0109d4c1084fec0e3c259e07f52562acf3,0.656336784362793,79,1,6
4654de3cc2b4593076d440ba282905a7e7fd8e7e5f5bb6453ed4e617dc3c1963,MT10,official_clean,drawer-open-v3,4,11,MT-MLP BC,1,0,0,83,04-0011-da0cebe89871,400053,da0cebe8987104900adc3a7440992d00d99d9bb491d6c2ec95060643466e546c,0.0,-1,1,0
4654de3cc2b4593076d440ba282905a7e7fd8e7e5f5bb6453ed4e617dc3c1963,MT10,official_clean,drawer-open-v3,4,11,MT-ACT,1,0,0,88,04-0011-da0cebe89871,400053,da0cebe8987104900adc3a7440992d00d99d9bb491d6c2ec95060643466e546c,0.0,-1,1,0
4654de3cc2b4593076d440ba282905a7e7fd8e7e5f5bb6453ed4e617dc3c1963,MT10,official_clean,drawer-open-v3,4,11,MT-ACT + Heuristic-Gated Learned Recovery,1,0,0,88,04-0011-da0cebe89871,400053,da0cebe8987104900adc3a7440992d00d99d9bb491d6c2ec95060643466e546c,0.0,-1,1,0
4654de3cc2b4593076d440ba282905a7e7fd8e7e5f5bb6453ed4e617dc3c1963,MT10,official_clean,drawer-open-v3,4,11,MT-REIM,1,1,1,88,04-0011-da0cebe89871,400053,da0cebe8987104900adc3a7440992d00d99d9bb491d6c2ec95060643466e546c,0.6640199422836304,81,1,7
4654de3cc2b4593076d440ba282905a7e7fd8e7e5f5bb6453ed4e617dc3c1963,MT10,official_clean,drawer-open-v3,4,12,MT-MLP BC,1,0,0,88,04-0012-9f3b137868e0,400054,9f3b137868e06c98c63c4c636bad3c0300faa8ad62e0f10c28cba851facf93e1,0.0,-1,1,0
4654de3cc2b4593076d440ba282905a7e7fd8e7e5f5bb6453ed4e617dc3c1963,MT10,official_clean,drawer-open-v3,4,12,MT-ACT,1,0,0,89,04-0012-9f3b137868e0,400054,9f3b137868e06c98c63c4c636bad3c0300faa8ad62e0f10c28cba851facf93e1,0.0,-1,1,0
4654de3cc2b4593076d440ba282905a7e7fd8e7e5f5bb6453ed4e617dc3c1963,MT10,official_clean,drawer-open-v3,4,12,MT-ACT + Heuristic-Gated Learned Recovery,1,0,0,89,04-0012-9f3b137868e0,400054,9f3b137868e06c98c63c4c636bad3c0300faa8ad62e0f10c28cba851facf93e1,0.0,-1,1,0
4654de3cc2b4593076d440ba282905a7e7fd8e7e5f5bb6453ed4e617dc3c1963,MT10,official_clean,drawer-open-v3,4,12,MT-REIM,1,0,0,89,04-0012-9f3b137868e0,400054,9f3b137868e06c98c63c4c636bad3c0300faa8ad62e0f10c28cba851facf93e1,0.6198704838752747,-1,1,0
4654de3cc2b4593076d440ba282905a7e7fd8e7e5f5bb6453ed4e617dc3c1963,MT10,official_clean,drawer-open-v3,4,13,MT-MLP BC,1,0,0,87,04-0013-f275579d5adf,400055,f275579d5adf71c304b37756ef5437e4c463e4dec3438c92efd1914232807ad9,0.0,-1,1,0
4654de3cc2b4593076d440ba282905a7e7fd8e7e5f5bb6453ed4e617dc3c1963,MT10,official_clean,drawer-open-v3,4,13,MT-ACT,1,0,0,91,04-0013-f275579d5adf,400055,f275579d5adf71c304b37756ef5437e4c463e4dec3438c92efd1914232807ad9,0.0,-1,1,0
4654de3cc2b4593076d440ba282905a7e7fd8e7e5f5bb6453ed4e617dc3c1963,MT10,official_clean,drawer-open-v3,4,13,MT-ACT + Heuristic-Gated Learned Recovery,1,0,0,91,04-0013-f275579d5adf,400055,f275579d5adf71c304b37756ef5437e4c463e4dec3438c92efd1914232807ad9,0.0,-1,1,0
4654de3cc2b4593076d440ba282905a7e7fd8e7e5f5bb6453ed4e617dc3c1963,MT10,official_clean,drawer-open-v3,4,13,MT-REIM,1,0,0,91,04-0013-f275579d5adf,400055,f275579d5adf71c304b37756ef5437e4c463e4dec3438c92efd1914232807ad9,0.599132776260376,-1,1,0
4654de3cc2b4593076d440ba282905a7e7fd8e7e5f5bb6453ed4e617dc3c1963,MT10,official_clean,drawer-open-v3,4,14,MT-MLP BC,1,0,0,82,04-0014-ad89e0cc2a96,400056,ad89e0cc2a9689d2c04aca3f5560ef14193b8aaef4e63864632049247f4dc461,0.0,-1,1,0
4654de3cc2b4593076d440ba282905a7e7fd8e7e5f5bb6453ed4e617dc3c1963,MT10,official_clean,drawer-open-v3,4,14,MT-ACT,1,0,0,87,04-0014-ad89e0cc2a96,400056,ad89e0cc2a9689d2c04aca3f5560ef14193b8aaef4e63864632049247f4dc461,0.0,-1,1,0
4654de3cc2b4593076d440ba282905a7e7fd8e7e5f5bb6453ed4e617dc3c1963,MT10,official_clean,drawer-open-v3,4,14,MT-ACT + Heuristic-Gated Learned Recovery,1,0,0,87,04-0014-ad89e0cc2a96,400056,ad89e0cc2a9689d2c04aca3f5560ef14193b8aaef4e63864632049247f4dc461,0.0,-1,1,0
4654de3cc2b4593076d440ba282905a7e7fd8e7e5f5bb6453ed4e617dc3c1963,MT10,official_clean,drawer-open-v3,4,14,MT-REIM,1,0,0,87,04-0014-ad89e0cc2a96,400056,ad89e0cc2a9689d2c04aca3f5560ef14193b8aaef4e63864632049247f4dc461,0.6452987790107727,-1,1,0
4654de3cc2b4593076d440ba282905a7e7fd8e7e5f5bb6453ed4e617dc3c1963,MT10,official_clean,drawer-open-v3,4,15,MT-MLP BC,1,0,0,87,04-0015-b39807685d00,400057,b39807685d00ca9602f5b35f0d5c2c7095ae76828c660abe65ce65f8a2ac8327,0.0,-1,1,0
4654de3cc2b4593076d440ba282905a7e7fd8e7e5f5bb6453ed4e617dc3c1963,MT10,official_clean,drawer-open-v3,4,15,MT-ACT,1,0,0,88,04-0015-b39807685d00,400057,b39807685d00ca9602f5b35f0d5c2c7095ae76828c660abe65ce65f8a2ac8327,0.0,-1,1,0
4654de3cc2b4593076d440ba282905a7e7fd8e7e5f5bb6453ed4e617dc3c1963,MT10,official_clean,drawer-open-v3,4,15,MT-ACT + Heuristic-Gated Learned Recovery,1,0,0,88,04-0015-b39807685d00,400057,b39807685d00ca9602f5b35f0d5c2c7095ae76828c660abe65ce65f8a2ac8327,0.0,-1,1,0
4654de3cc2b4593076d440ba282905a7e7fd8e7e5f5bb6453ed4e617dc3c1963,MT10,official_clean,drawer-open-v3,4,15,MT-REIM,1,0,0,88,04-0015-b39807685d00,400057,b39807685d00ca9602f5b35f0d5c2c7095ae76828c660abe65ce65f8a2ac8327,0.6218625903129578,-1,1,0
4654de3cc2b4593076d440ba282905a7e7fd8e7e5f5bb6453ed4e617dc3c1963,MT10,official_clean,drawer-open-v3,4,16,MT-MLP BC,1,0,0,83,04-0016-64ca2d381cff,400058,64ca2d381cff30ae06b4324e2c81c1b9cec818351909063fdef0af5d6ebe9b12,0.0,-1,1,0
4654de3cc2b4593076d440ba282905a7e7fd8e7e5f5bb6453ed4e617dc3c1963,MT10,official_clean,drawer-open-v3,4,16,MT-ACT,1,0,0,87,04-0016-64ca2d381cff,400058,64ca2d381cff30ae06b4324e2c81c1b9cec818351909063fdef0af5d6ebe9b12,0.0,-1,1,0
4654de3cc2b4593076d440ba282905a7e7fd8e7e5f5bb6453ed4e617dc3c1963,MT10,official_clean,drawer-open-v3,4,16,MT-ACT + Heuristic-Gated Learned Recovery,1,0,0,87,04-0016-64ca2d381cff,400058,64ca2d381cff30ae06b4324e2c81c1b9cec818351909063fdef0af5d6ebe9b12,0.0,-1,1,0
4654de3cc2b4593076d440ba282905a7e7fd8e7e5f5bb6453ed4e617dc3c1963,MT10,official_clean,drawer-open-v3,4,16,MT-REIM,1,1,1,87,04-0016-64ca2d381cff,400058,64ca2d381cff30ae06b4324e2c81c1b9cec818351909063fdef0af5d6ebe9b12,0.6542169451713562,82,1,5
4654de3cc2b4593076d440ba282905a7e7fd8e7e5f5bb6453ed4e617dc3c1963,MT10,official_clean,drawer-open-v3,4,17,MT-MLP BC,1,0,0,84,04-0017-a84e8de1429d,400059,a84e8de1429d1055ae935d98f738dff7b34a477fa3df171a3856a997efa362d3,0.0,-1,1,0
4654de3cc2b4593076d440ba282905a7e7fd8e7e5f5bb6453ed4e617dc3c1963,MT10,official_clean,drawer-open-v3,4,17,MT-ACT,1,0,0,89,04-0017-a84e8de1429d,400059,a84e8de1429d1055ae935d98f738dff7b34a477fa3df171a3856a997efa362d3,0.0,-1,1,0
4654de3cc2b4593076d440ba282905a7e7fd8e7e5f5bb6453ed4e617dc3c1963,MT10,official_clean,drawer-open-v3,4,17,MT-ACT + Heuristic-Gated Learned Recovery,1,0,0,89,04-0017-a84e8de1429d,400059,a84e8de1429d1055ae935d98f738dff7b34a477fa3df171a3856a997efa362d3,0.0,-1,1,0
4654de3cc2b4593076d440ba282905a7e7fd8e7e5f5bb6453ed4e617dc3c1963,MT10,official_clean,drawer-open-v3,4,17,MT-REIM,1,1,1,89,04-0017-a84e8de1429d,400059,a84e8de1429d1055ae935d98f738dff7b34a477fa3df171a3856a997efa362d3,0.6578769087791443,83,1,6
4654de3cc2b4593076d440ba282905a7e7fd8e7e5f5bb6453ed4e617dc3c1963,MT10,official_clean,drawer-open-v3,4,18,MT-MLP BC,1,0,0,83,04-0018-bb7871fa90b5,400060,bb7871fa90b59b70de88a85a7121a13398b2b3431a3a1b707d23754e7dcba7ac,0.0,-1,1,0
4654de3cc2b4593076d440ba282905a7e7fd8e7e5f5bb6453ed4e617dc3c1963,MT10,official_clean,drawer-open-v3,4,18,MT-ACT,1,0,0,87,04-0018-bb7871fa90b5,400060,bb7871fa90b59b70de88a85a7121a13398b2b3431a3a1b707d23754e7dcba7ac,0.0,-1,1,0
4654de3cc2b4593076d440ba282905a7e7fd8e7e5f5bb6453ed4e617dc3c1963,MT10,official_clean,drawer-open-v3,4,18,MT-ACT + Heuristic-Gated Learned Recovery,1,0,0,87,04-0018-bb7871fa90b5,400060,bb7871fa90b59b70de88a85a7121a13398b2b3431a3a1b707d23754e7dcba7ac,0.0,-1,1,0
4654de3cc2b4593076d440ba282905a7e7fd8e7e5f5bb6453ed4e617dc3c1963,MT10,official_clean,drawer-open-v3,4,18,MT-REIM,1,0,0,87,04-0018-bb7871fa90b5,400060,bb7871fa90b59b70de88a85a7121a13398b2b3431a3a1b707d23754e7dcba7ac,0.645884096622467,-1,1,0
4654de3cc2b4593076d440ba282905a7e7fd8e7e5f5bb6453ed4e617dc3c1963,MT10,official_clean,drawer-open-v3,4,19,MT-MLP BC,1,0,0,83,04-0019-7a4e9de61ab2,400061,7a4e9de61ab2692f7d78d35615d986158961d6ed5fcab69b5bd43239565ba9c4,0.0,-1,1,0
4654de3cc2b4593076d440ba282905a7e7fd8e7e5f5bb6453ed4e617dc3c1963,MT10,official_clean,drawer-open-v3,4,19,MT-ACT,1,0,0,87,04-0019-7a4e9de61ab2,400061,7a4e9de61ab2692f7d78d35615d986158961d6ed5fcab69b5bd43239565ba9c4,0.0,-1,1,0
4654de3cc2b4593076d440ba282905a7e7fd8e7e5f5bb6453ed4e617dc3c1963,MT10,official_clean,drawer-open-v3,4,19,MT-ACT + Heuristic-Gated Learned Recovery,1,0,0,87,04-0019-7a4e9de61ab2,400061,7a4e9de61ab2692f7d78d35615d986158961d6ed5fcab69b5bd43239565ba9c4,0.0,-1,1,0
4654de3cc2b4593076d440ba282905a7e7fd8e7e5f5bb6453ed4e617dc3c1963,MT10,official_clean,drawer-open-v3,4,19,MT-REIM,1,1,1,87,04-0019-7a4e9de61ab2,400061,7a4e9de61ab2692f7d78d35615d986158961d6ed5fcab69b5bd43239565ba9c4,0.6659737229347229,80,1,7
4654de3cc2b4593076d440ba282905a7e7fd8e7e5f5bb6453ed4e617dc3c1963,MT10,official_clean,drawer-open-v3,4,20,MT-MLP BC,1,0,0,86,04-0020-6a53b913e6df,400062,6a53b913e6df588d45d3e338fd9e6999acc47d7fa965ec55f72b152dacdea7d9,0.0,-1,1,0
4654de3cc2b4593076d440ba282905a7e7fd8e7e5f5bb6453ed4e617dc3c1963,MT10,official_clean,drawer-open-v3,4,20,MT-ACT,1,0,0,86,04-0020-6a53b913e6df,400062,6a53b913e6df588d45d3e338fd9e6999acc47d7fa965ec55f72b152dacdea7d9,0.0,-1,1,0
4654de3cc2b4593076d440ba282905a7e7fd8e7e5f5bb6453ed4e617dc3c1963,MT10,official_clean,drawer-open-v3,4,20,MT-ACT + Heuristic-Gated Learned Recovery,1,0,0,86,04-0020-6a53b913e6df,400062,6a53b913e6df588d45d3e338fd9e6999acc47d7fa965ec55f72b152dacdea7d9,0.0,-1,1,0
4654de3cc2b4593076d440ba282905a7e7fd8e7e5f5bb6453ed4e617dc3c1963,MT10,official_clean,drawer-open-v3,4,20,MT-REIM,1,0,0,86,04-0020-6a53b913e6df,400062,6a53b913e6df588d45d3e338fd9e6999acc47d7fa965ec55f72b152dacdea7d9,0.6376807689666748,-1,1,0
4654de3cc2b4593076d440ba282905a7e7fd8e7e5f5bb6453ed4e617dc3c1963,MT10,official_clean,drawer-open-v3,4,21,MT-MLP BC,1,0,0,84,04-0021-22a40a12166b,400063,22a40a12166b69fd45d59a92706cac8532ba82052af46e9d27242478fbdeea79,0.0,-1,1,0
4654de3cc2b4593076d440ba282905a7e7fd8e7e5f5bb6453ed4e617dc3c1963,MT10,official_clean,drawer-open-v3,4,21,MT-ACT,1,0,0,90,04-0021-22a40a12166b,400063,22a40a12166b69fd45d59a92706cac8532ba82052af46e9d27242478fbdeea79,0.0,-1,1,0
4654de3cc2b4593076d440ba282905a7e7fd8e7e5f5bb6453ed4e617dc3c1963,MT10,official_clean,drawer-open-v3,4,21,MT-ACT + Heuristic-Gated Learned Recovery,1,0,0,90,04-0021-22a40a12166b,400063,22a40a12166b69fd45d59a92706cac8532ba82052af46e9d27242478fbdeea79,0.0,-1,1,0
4654de3cc2b4593076d440ba282905a7e7fd8e7e5f5bb6453ed4e617dc3c1963,MT10,official_clean,drawer-open-v3,4,21,MT-REIM,1,1,1,90,04-0021-22a40a12166b,400063,22a40a12166b69fd45d59a92706cac8532ba82052af46e9d27242478fbdeea79,0.6545124650001526,84,1,6
4654de3cc2b4593076d440ba282905a7e7fd8e7e5f5bb6453ed4e617dc3c1963,MT10,official_clean,drawer-open-v3,4,22,MT-MLP BC,1,0,0,87,04-0022-5e0b369ad59c,400064,5e0b369ad59c39aa870252a0c89b301983dbeb7194cb9eaf6efe4f40866d8276,0.0,-1,1,0
4654de3cc2b4593076d440ba282905a7e7fd8e7e5f5bb6453ed4e617dc3c1963,MT10,official_clean,drawer-open-v3,4,22,MT-ACT,1,0,0,92,04-0022-5e0b369ad59c,400064,5e0b369ad59c39aa870252a0c89b301983dbeb7194cb9eaf6efe4f40866d8276,0.0,-1,1,0
4654de3cc2b4593076d440ba282905a7e7fd8e7e5f5bb6453ed4e617dc3c1963,MT10,official_clean,drawer-open-v3,4,22,MT-ACT + Heuristic-Gated Learned Recovery,1,0,0,92,04-0022-5e0b369ad59c,400064,5e0b369ad59c39aa870252a0c89b301983dbeb7194cb9eaf6efe4f40866d8276,0.0,-1,1,0
4654de3cc2b4593076d440ba282905a7e7fd8e7e5f5bb6453ed4e617dc3c1963,MT10,official_clean,drawer-open-v3,4,22,MT-REIM,1,0,0,92,04-0022-5e0b369ad59c,400064,5e0b369ad59c39aa870252a0c89b301983dbeb7194cb9eaf6efe4f40866d8276,0.6135836243629456,-1,1,0
4654de3cc2b4593076d440ba282905a7e7fd8e7e5f5bb6453ed4e617dc3c1963,MT10,official_clean,drawer-open-v3,4,23,MT-MLP BC,1,0,0,84,04-0023-3cf8901d4567,400065,3cf8901d45677acd67d153756c84433dcbdfe4474c1615e38cf5df0522dbd983,0.0,-1,1,0
4654de3cc2b4593076d440ba282905a7e7fd8e7e5f5bb6453ed4e617dc3c1963,MT10,official_clean,drawer-open-v3,4,23,MT-ACT,1,0,0,86,04-0023-3cf8901d4567,400065,3cf8901d45677acd67d153756c84433dcbdfe4474c1615e38cf5df0522dbd983,0.0,-1,1,0
4654de3cc2b4593076d440ba282905a7e7fd8e7e5f5bb6453ed4e617dc3c1963,MT10,official_clean,drawer-open-v3,4,23,MT-ACT + Heuristic-Gated Learned Recovery,1,0,0,86,04-0023-3cf8901d4567,400065,3cf8901d45677acd67d153756c84433dcbdfe4474c1615e38cf5df0522dbd983,0.0,-1,1,0
4654de3cc2b4593076d440ba282905a7e7fd8e7e5f5bb6453ed4e617dc3c1963,MT10,official_clean,drawer-open-v3,4,23,MT-REIM,1,0,0,86,04-0023-3cf8901d4567,400065,3cf8901d45677acd67d153756c84433dcbdfe4474c1615e38cf5df0522dbd983,0.6291065216064453,-1,1,0
4654de3cc2b4593076d440ba282905a7e7fd8e7e5f5bb6453ed4e617dc3c1963,MT10,official_clean,drawer-open-v3,4,24,MT-MLP BC,1,0,0,83,04-0024-ee66c8c02d5a,400066,ee66c8c02d5a4cf03a441a8a63109107cc335f560415cf812c69af9e527fac74,0.0,-1,1,0
4654de3cc2b4593076d440ba282905a7e7fd8e7e5f5bb6453ed4e617dc3c1963,MT10,official_clean,drawer-open-v3,4,24,MT-ACT,1,0,0,91,04-0024-ee66c8c02d5a,400066,ee66c8c02d5a4cf03a441a8a63109107cc335f560415cf812c69af9e527fac74,0.0,-1,1,0
4654de3cc2b4593076d440ba282905a7e7fd8e7e5f5bb6453ed4e617dc3c1963,MT10,official_clean,drawer-open-v3,4,24,MT-ACT + Heuristic-Gated Learned Recovery,1,0,0,91,04-0024-ee66c8c02d5a,400066,ee66c8c02d5a4cf03a441a8a63109107cc335f560415cf812c69af9e527fac74,0.0,-1,1,0
4654de3cc2b4593076d440ba282905a7e7fd8e7e5f5bb6453ed4e617dc3c1963,MT10,official_clean,drawer-open-v3,4,24,MT-REIM,1,0,0,91,04-0024-ee66c8c02d5a,400066,ee66c8c02d5a4cf03a441a8a63109107cc335f560415cf812c69af9e527fac74,0.6407135725021362,-1,1,0
4654de3cc2b4593076d440ba282905a7e7fd8e7e5f5bb6453ed4e617dc3c1963,MT10,official_clean,drawer-open-v3,4,25,MT-MLP BC,1,0,0,84,04-0025-50a05571042b,400067,50a05571042b692a039f12ab89a995448460a26805d1d2f6724a4c27766fecdc,0.0,-1,1,0
4654de3cc2b4593076d440ba282905a7e7fd8e7e5f5bb6453ed4e617dc3c1963,MT10,official_clean,drawer-open-v3,4,25,MT-ACT,1,0,0,86,04-0025-50a05571042b,400067,50a05571042b692a039f12ab89a995448460a26805d1d2f6724a4c27766fecdc,0.0,-1,1,0
4654de3cc2b4593076d440ba282905a7e7fd8e7e5f5bb6453ed4e617dc3c1963,MT10,official_clean,drawer-open-v3,4,25,MT-ACT + Heuristic-Gated Learned Recovery,1,0,0,86,04-0025-50a05571042b,400067,50a05571042b692a039f12ab89a995448460a26805d1d2f6724a4c27766fecdc,0.0,-1,1,0
4654de3cc2b4593076d440ba282905a7e7fd8e7e5f5bb6453ed4e617dc3c1963,MT10,official_clean,drawer-open-v3,4,25,MT-REIM,1,0,0,86,04-0025-50a05571042b,400067,50a05571042b692a039f12ab89a995448460a26805d1d2f6724a4c27766fecdc,0.6225969195365906,-1,1,0
4654de3cc2b4593076d440ba282905a7e7fd8e7e5f5bb6453ed4e617dc3c1963,MT10,official_clean,drawer-open-v3,4,26,MT-MLP BC,1,0,0,88,04-0026-9f7fdd675643,400068,9f7fdd675643efb2809ec9972847f83c49b977ea610b8aa0b9612805f21750fe,0.0,-1,1,0
4654de3cc2b4593076d440ba282905a7e7fd8e7e5f5bb6453ed4e617dc3c1963,MT10,official_clean,drawer-open-v3,4,26,MT-ACT,1,0,0,89,04-0026-9f7fdd675643,400068,9f7fdd675643efb2809ec9972847f83c49b977ea610b8aa0b9612805f21750fe,0.0,-1,1,0
4654de3cc2b4593076d440ba282905a7e7fd8e7e5f5bb6453ed4e617dc3c1963,MT10,official_clean,drawer-open-v3,4,26,MT-ACT + Heuristic-Gated Learned Recovery,1,0,0,89,04-0026-9f7fdd675643,400068,9f7fdd675643efb2809ec9972847f83c49b977ea610b8aa0b9612805f21750fe,0.0,-1,1,0
4654de3cc2b4593076d440ba282905a7e7fd8e7e5f5bb6453ed4e617dc3c1963,MT10,official_clean,drawer-open-v3,4,26,MT-REIM,1,0,0,89,04-0026-9f7fdd675643,400068,9f7fdd675643efb2809ec9972847f83c49b977ea610b8aa0b9612805f21750fe,0.6086214780807495,-1,1,0
4654de3cc2b4593076d440ba282905a7e7fd8e7e5f5bb6453ed4e617dc3c1963,MT10,official_clean,drawer-open-v3,4,27,MT-MLP BC,1,0,0,87,04-0027-6c46241df410,400069,6c46241df410a5e53ddddfa1477d8fc99f0075e2d5c05b77e631fd52e3fc9eb2,0.0,-1,1,0
4654de3cc2b4593076d440ba282905a7e7fd8e7e5f5bb6453ed4e617dc3c1963,MT10,official_clean,drawer-open-v3,4,27,MT-ACT,1,0,0,89,04-0027-6c46241df410,400069,6c46241df410a5e53ddddfa1477d8fc99f0075e2d5c05b77e631fd52e3fc9eb2,0.0,-1,1,0
4654de3cc2b4593076d440ba282905a7e7fd8e7e5f5bb6453ed4e617dc3c1963,MT10,official_clean,drawer-open-v3,4,27,MT-ACT + Heuristic-Gated Learned Recovery,1,0,0,89,04-0027-6c46241df410,400069,6c46241df410a5e53ddddfa1477d8fc99f0075e2d5c05b77e631fd52e3fc9eb2,0.0,-1,1,0
4654de3cc2b4593076d440ba282905a7e7fd8e7e5f5bb6453ed4e617dc3c1963,MT10,official_clean,drawer-open-v3,4,27,MT-REIM,1,0,0,89,04-0027-6c46241df410,400069,6c46241df410a5e53ddddfa1477d8fc99f0075e2d5c05b77e631fd52e3fc9eb2,0.610219419002533,-1,1,0
4654de3cc2b4593076d440ba282905a7e7fd8e7e5f5bb6453ed4e617dc3c1963,MT10,official_clean,drawer-open-v3,4,28,MT-MLP BC,1,0,0,85,04-0028-3405c8eee932,400070,3405c8eee93244ba4d65f2e0d2d6b8c278108969e1fe752e46aae794affa7da4,0.0,-1,1,0
4654de3cc2b4593076d440ba282905a7e7fd8e7e5f5bb6453ed4e617dc3c1963,MT10,official_clean,drawer-open-v3,4,28,MT-ACT,1,0,0,86,04-0028-3405c8eee932,400070,3405c8eee93244ba4d65f2e0d2d6b8c278108969e1fe752e46aae794affa7da4,0.0,-1,1,0
4654de3cc2b4593076d440ba282905a7e7fd8e7e5f5bb6453ed4e617dc3c1963,MT10,official_clean,drawer-open-v3,4,28,MT-ACT + Heuristic-Gated Learned Recovery,1,0,0,86,04-0028-3405c8eee932,400070,3405c8eee93244ba4d65f2e0d2d6b8c278108969e1fe752e46aae794affa7da4,0.0,-1,1,0
4654de3cc2b4593076d440ba282905a7e7fd8e7e5f5bb6453ed4e617dc3c1963,MT10,official_clean,drawer-open-v3,4,28,MT-REIM,1,0,0,86,04-0028-3405c8eee932,400070,3405c8eee93244ba4d65f2e0d2d6b8c278108969e1fe752e46aae794affa7da4,0.6376500725746155,-1,1,0
4654de3cc2b4593076d440ba282905a7e7fd8e7e5f5bb6453ed4e617dc3c1963,MT10,official_clean,drawer-open-v3,4,29,MT-MLP BC,1,0,0,83,04-0029-d2a7896cd1ee,400071,d2a7896cd1eebc0709b1a015b50dda05a589185c40ce98cfc906d06fcaa00902,0.0,-1,1,0
4654de3cc2b4593076d440ba282905a7e7fd8e7e5f5bb6453ed4e617dc3c1963,MT10,official_clean,drawer-open-v3,4,29,MT-ACT,1,0,0,88,04-0029-d2a7896cd1ee,400071,d2a7896cd1eebc0709b1a015b50dda05a589185c40ce98cfc906d06fcaa00902,0.0,-1,1,0
4654de3cc2b4593076d440ba282905a7e7fd8e7e5f5bb6453ed4e617dc3c1963,MT10,official_clean,drawer-open-v3,4,29,MT-ACT + Heuristic-Gated Learned Recovery,1,0,0,88,04-0029-d2a7896cd1ee,400071,d2a7896cd1eebc0709b1a015b50dda05a589185c40ce98cfc906d06fcaa00902,0.0,-1,1,0
4654de3cc2b4593076d440ba282905a7e7fd8e7e5f5bb6453ed4e617dc3c1963,MT10,official_clean,drawer-open-v3,4,29,MT-REIM,1,1,1,88,04-0029-d2a7896cd1ee,400071,d2a7896cd1eebc0709b1a015b50dda05a589185c40ce98cfc906d06fcaa00902,0.6617034077644348,81,1,7
4654de3cc2b4593076d440ba282905a7e7fd8e7e5f5bb6453ed4e617dc3c1963,MT10,official_clean,drawer-open-v3,4,30,MT-MLP BC,1,0,0,83,04-0030-723ae3cd9b28,400072,723ae3cd9b282f71930523a6e9808b9e2070641f04bccff8e73380397db33150,0.0,-1,1,0
4654de3cc2b4593076d440ba282905a7e7fd8e7e5f5bb6453ed4e617dc3c1963,MT10,official_clean,drawer-open-v3,4,30,MT-ACT,1,0,0,91,04-0030-723ae3cd9b28,400072,723ae3cd9b282f71930523a6e9808b9e2070641f04bccff8e73380397db33150,0.0,-1,1,0
4654de3cc2b4593076d440ba282905a7e7fd8e7e5f5bb6453ed4e617dc3c1963,MT10,official_clean,drawer-open-v3,4,30,MT-ACT + Heuristic-Gated Learned Recovery,1,0,0,91,04-0030-723ae3cd9b28,400072,723ae3cd9b282f71930523a6e9808b9e2070641f04bccff8e73380397db33150,0.0,-1,1,0
4654de3cc2b4593076d440ba282905a7e7fd8e7e5f5bb6453ed4e617dc3c1963,MT10,official_clean,drawer-open-v3,4,30,MT-REIM,1,1,1,91,04-0030-723ae3cd9b28,400072,723ae3cd9b282f71930523a6e9808b9e2070641f04bccff8e73380397db33150,0.6550291180610657,85,1,6
4654de3cc2b4593076d440ba282905a7e7fd8e7e5f5bb6453ed4e617dc3c1963,MT10,official_clean,drawer-open-v3,4,31,MT-MLP BC,1,0,0,87,04-0031-b33161b31dfb,400073,b33161b31dfb1f032fbd243ad74ec5985db3c58e0682cc5d31aa212fabe6e9e3,0.0,-1,1,0
4654de3cc2b4593076d440ba282905a7e7fd8e7e5f5bb6453ed4e617dc3c1963,MT10,official_clean,drawer-open-v3,4,31,MT-ACT,1,0,0,89,04-0031-b33161b31dfb,400073,b33161b31dfb1f032fbd243ad74ec5985db3c58e0682cc5d31aa212fabe6e9e3,0.0,-1,1,0
4654de3cc2b4593076d440ba282905a7e7fd8e7e5f5bb6453ed4e617dc3c1963,MT10,official_clean,drawer-open-v3,4,31,MT-ACT + Heuristic-Gated Learned Recovery,1,0,0,89,04-0031-b33161b31dfb,400073,b33161b31dfb1f032fbd243ad74ec5985db3c58e0682cc5d31aa212fabe6e9e3,0.0,-1,1,0
4654de3cc2b4593076d440ba282905a7e7fd8e7e5f5bb6453ed4e617dc3c1963,MT10,official_clean,drawer-open-v3,4,31,MT-REIM,1,0,0,89,04-0031-b33161b31dfb,400073,b33161b31dfb1f032fbd243ad74ec5985db3c58e0682cc5d31aa212fabe6e9e3,0.6071463227272034,-1,1,0
4654de3cc2b4593076d440ba282905a7e7fd8e7e5f5bb6453ed4e617dc3c1963,MT10,official_clean,drawer-open-v3,4,32,MT-MLP BC,1,0,0,88,04-0032-94a2f2a94ab1,400074,94a2f2a94ab1be8c39e8f911f76a961934a6d9fb7f7c2a3370f8f961b046a818,0.0,-1,1,0
4654de3cc2b4593076d440ba282905a7e7fd8e7e5f5bb6453ed4e617dc3c1963,MT10,official_clean,drawer-open-v3,4,32,MT-ACT,1,0,0,89,04-0032-94a2f2a94ab1,400074,94a2f2a94ab1be8c39e8f911f76a961934a6d9fb7f7c2a3370f8f961b046a818,0.0,-1,1,0
4654de3cc2b4593076d440ba282905a7e7fd8e7e5f5bb6453ed4e617dc3c1963,MT10,official_clean,drawer-open-v3,4,32,MT-ACT + Heuristic-Gated Learned Recovery,1,0,0,89,04-0032-94a2f2a94ab1,400074,94a2f2a94ab1be8c39e8f911f76a961934a6d9fb7f7c2a3370f8f961b046a818,0.0,-1,1,0
4654de3cc2b4593076d440ba282905a7e7fd8e7e5f5bb6453ed4e617dc3c1963,MT10,official_clean,drawer-open-v3,4,32,MT-REIM,1,0,0,89,04-0032-94a2f2a94ab1,400074,94a2f2a94ab1be8c39e8f911f76a961934a6d9fb7f7c2a3370f8f961b046a818,0.6168310046195984,-1,1,0
4654de3cc2b4593076d440ba282905a7e7fd8e7e5f5bb6453ed4e617dc3c1963,MT10,official_clean,drawer-open-v3,4,33,MT-MLP BC,1,0,0,84,04-0033-e2772710f8f5,400075,e2772710f8f5429cd316fce1163ff8557cba1811dd4f659b7477eeba749b46fe,0.0,-1,1,0
4654de3cc2b4593076d440ba282905a7e7fd8e7e5f5bb6453ed4e617dc3c1963,MT10,official_clean,drawer-open-v3,4,33,MT-ACT,1,0,0,89,04-0033-e2772710f8f5,400075,e2772710f8f5429cd316fce1163ff8557cba1811dd4f659b7477eeba749b46fe,0.0,-1,1,0
4654de3cc2b4593076d440ba282905a7e7fd8e7e5f5bb6453ed4e617dc3c1963,MT10,official_clean,drawer-open-v3,4,33,MT-ACT + Heuristic-Gated Learned Recovery,1,0,0,89,04-0033-e2772710f8f5,400075,e2772710f8f5429cd316fce1163ff8557cba1811dd4f659b7477eeba749b46fe,0.0,-1,1,0
4654de3cc2b4593076d440ba282905a7e7fd8e7e5f5bb6453ed4e617dc3c1963,MT10,official_clean,drawer-open-v3,4,33,MT-REIM,1,1,1,89,04-0033-e2772710f8f5,400075,e2772710f8f5429cd316fce1163ff8557cba1811dd4f659b7477eeba749b46fe,0.6568072438240051,83,1,6
4654de3cc2b4593076d440ba282905a7e7fd8e7e5f5bb6453ed4e617dc3c1963,MT10,official_clean,drawer-open-v3,4,34,MT-MLP BC,1,0,0,86,04-0034-c0dea45f2b53,400076,c0dea45f2b536b109244e14f62d55397e7719dff0e09670c76b1d864800b45a6,0.0,-1,1,0
4654de3cc2b4593076d440ba282905a7e7fd8e7e5f5bb6453ed4e617dc3c1963,MT10,official_clean,drawer-open-v3,4,34,MT-ACT,1,0,0,86,04-0034-c0dea45f2b53,400076,c0dea45f2b536b109244e14f62d55397e7719dff0e09670c76b1d864800b45a6,0.0,-1,1,0
4654de3cc2b4593076d440ba282905a7e7fd8e7e5f5bb6453ed4e617dc3c1963,MT10,official_clean,drawer-open-v3,4,34,MT-ACT + Heuristic-Gated Learned Recovery,1,0,0,86,04-0034-c0dea45f2b53,400076,c0dea45f2b536b109244e14f62d55397e7719dff0e09670c76b1d864800b45a6,0.0,-1,1,0
4654de3cc2b4593076d440ba282905a7e7fd8e7e5f5bb6453ed4e617dc3c1963,MT10,official_clean,drawer-open-v3,4,34,MT-REIM,1,0,0,86,04-0034-c0dea45f2b53,400076,c0dea45f2b536b109244e14f62d55397e7719dff0e09670c76b1d864800b45a6,0.6348500847816467,-1,1,0
4654de3cc2b4593076d440ba282905a7e7fd8e7e5f5bb6453ed4e617dc3c1963,MT10,official_clean,drawer-open-v3,4,35,MT-MLP BC,1,0,0,83,04-0035-c40ea786b5f0,400077,c40ea786b5f0530a50ce2d6a622022626ccfa096ecb32b9acf6fb9d868325dbe,0.0,-1,1,0
4654de3cc2b4593076d440ba282905a7e7fd8e7e5f5bb6453ed4e617dc3c1963,MT10,official_clean,drawer-open-v3,4,35,MT-ACT,1,0,0,91,04-0035-c40ea786b5f0,400077,c40ea786b5f0530a50ce2d6a622022626ccfa096ecb32b9acf6fb9d868325dbe,0.0,-1,1,0
4654de3cc2b4593076d440ba282905a7e7fd8e7e5f5bb6453ed4e617dc3c1963,MT10,official_clean,drawer-open-v3,4,35,MT-ACT + Heuristic-Gated Learned Recovery,1,0,0,91,04-0035-c40ea786b5f0,400077,c40ea786b5f0530a50ce2d6a622022626ccfa096ecb32b9acf6fb9d868325dbe,0.0,-1,1,0
4654de3cc2b4593076d440ba282905a7e7fd8e7e5f5bb6453ed4e617dc3c1963,MT10,official_clean,drawer-open-v3,4,35,MT-REIM,1,0,0,91,04-0035-c40ea786b5f0,400077,c40ea786b5f0530a50ce2d6a622022626ccfa096ecb32b9acf6fb9d868325dbe,0.6409115791320801,-1,1,0
4654de3cc2b4593076d440ba282905a7e7fd8e7e5f5bb6453ed4e617dc3c1963,MT10,official_clean,drawer-open-v3,4,36,MT-MLP BC,1,0,0,83,04-0036-9fc69b405a15,400078,9fc69b405a15c7488535e0b47974cc9e25a920fab41ca67904bbd781dc549de4,0.0,-1,1,0
4654de3cc2b4593076d440ba282905a7e7fd8e7e5f5bb6453ed4e617dc3c1963,MT10,official_clean,drawer-open-v3,4,36,MT-ACT,1,0,0,87,04-0036-9fc69b405a15,400078,9fc69b405a15c7488535e0b47974cc9e25a920fab41ca67904bbd781dc549de4,0.0,-1,1,0
4654de3cc2b4593076d440ba282905a7e7fd8e7e5f5bb6453ed4e617dc3c1963,MT10,official_clean,drawer-open-v3,4,36,MT-ACT + Heuristic-Gated Learned Recovery,1,0,0,87,04-0036-9fc69b405a15,400078,9fc69b405a15c7488535e0b47974cc9e25a920fab41ca67904bbd781dc549de4,0.0,-1,1,0
4654de3cc2b4593076d440ba282905a7e7fd8e7e5f5bb6453ed4e617dc3c1963,MT10,official_clean,drawer-open-v3,4,36,MT-REIM,1,1,1,87,04-0036-9fc69b405a15,400078,9fc69b405a15c7488535e0b47974cc9e25a920fab41ca67904bbd781dc549de4,0.6631552577018738,81,1,6
4654de3cc2b4593076d440ba282905a7e7fd8e7e5f5bb6453ed4e617dc3c1963,MT10,official_clean,drawer-open-v3,4,37,MT-MLP BC,1,0,0,83,04-0037-26190c57eb05,400079,26190c57eb051689b3a965b6366a75e8a7ccfcfe1b1f137115456c13d86d1be7,0.0,-1,1,0
4654de3cc2b4593076d440ba282905a7e7fd8e7e5f5bb6453ed4e617dc3c1963,MT10,official_clean,drawer-open-v3,4,37,MT-ACT,1,0,0,85,04-0037-26190c57eb05,400079,26190c57eb051689b3a965b6366a75e8a7ccfcfe1b1f137115456c13d86d1be7,0.0,-1,1,0
4654de3cc2b4593076d440ba282905a7e7fd8e7e5f5bb6453ed4e617dc3c1963,MT10,official_clean,drawer-open-v3,4,37,MT-ACT + Heuristic-Gated Learned Recovery,1,0,0,85,04-0037-26190c57eb05,400079,26190c57eb051689b3a965b6366a75e8a7ccfcfe1b1f137115456c13d86d1be7,0.0,-1,1,0
4654de3cc2b4593076d440ba282905a7e7fd8e7e5f5bb6453ed4e617dc3c1963,MT10,official_clean,drawer-open-v3,4,37,MT-REIM,1,0,0,85,04-0037-26190c57eb05,400079,26190c57eb051689b3a965b6366a75e8a7ccfcfe1b1f137115456c13d86d1be7,0.637373685836792,-1,1,0
4654de3cc2b4593076d440ba282905a7e7fd8e7e5f5bb6453ed4e617dc3c1963,MT10,official_clean,drawer-open-v3,4,38,MT-MLP BC,1,0,0,83,04-0038-1ae39c42ee69,400080,1ae39c42ee69de0dc81cd83bfc8a5459cea50d18e84d8f3c3933f2af3dcb5edc,0.0,-1,1,0
4654de3cc2b4593076d440ba282905a7e7fd8e7e5f5bb6453ed4e617dc3c1963,MT10,official_clean,drawer-open-v3,4,38,MT-ACT,1,0,0,86,04-0038-1ae39c42ee69,400080,1ae39c42ee69de0dc81cd83bfc8a5459cea50d18e84d8f3c3933f2af3dcb5edc,0.0,-1,1,0
4654de3cc2b4593076d440ba282905a7e7fd8e7e5f5bb6453ed4e617dc3c1963,MT10,official_clean,drawer-open-v3,4,38,MT-ACT + Heuristic-Gated Learned Recovery,1,0,0,86,04-0038-1ae39c42ee69,400080,1ae39c42ee69de0dc81cd83bfc8a5459cea50d18e84d8f3c3933f2af3dcb5edc,0.0,-1,1,0
4654de3cc2b4593076d440ba282905a7e7fd8e7e5f5bb6453ed4e617dc3c1963,MT10,official_clean,drawer-open-v3,4,38,MT-REIM,1,1,1,86,04-0038-1ae39c42ee69,400080,1ae39c42ee69de0dc81cd83bfc8a5459cea50d18e84d8f3c3933f2af3dcb5edc,0.6507660746574402,80,1,6
4654de3cc2b4593076d440ba282905a7e7fd8e7e5f5bb6453ed4e617dc3c1963,MT10,official_clean,drawer-open-v3,4,39,MT-MLP BC,1,0,0,83,04-0039-1a977853bcf8,400081,1a977853bcf801212d6db5ea0c4a026f44777bc1a16f4d12ee2da5a96015d7c2,0.0,-1,1,0
4654de3cc2b4593076d440ba282905a7e7fd8e7e5f5bb6453ed4e617dc3c1963,MT10,official_clean,drawer-open-v3,4,39,MT-ACT,1,0,0,87,04-0039-1a977853bcf8,400081,1a977853bcf801212d6db5ea0c4a026f44777bc1a16f4d12ee2da5a96015d7c2,0.0,-1,1,0
4654de3cc2b4593076d440ba282905a7e7fd8e7e5f5bb6453ed4e617dc3c1963,MT10,official_clean,drawer-open-v3,4,39,MT-ACT + Heuristic-Gated Learned Recovery,1,0,0,87,04-0039-1a977853bcf8,400081,1a977853bcf801212d6db5ea0c4a026f44777bc1a16f4d12ee2da5a96015d7c2,0.0,-1,1,0
4654de3cc2b4593076d440ba282905a7e7fd8e7e5f5bb6453ed4e617dc3c1963,MT10,official_clean,drawer-open-v3,4,39,MT-REIM,1,0,0,87,04-0039-1a977853bcf8,400081,1a977853bcf801212d6db5ea0c4a026f44777bc1a16f4d12ee2da5a96015d7c2,0.6433864831924438,-1,1,0
4654de3cc2b4593076d440ba282905a7e7fd8e7e5f5bb6453ed4e617dc3c1963,MT10,official_clean,drawer-open-v3,4,40,MT-MLP BC,1,0,0,82,04-0040-2bd7e4f6c7ca,400082,2bd7e4f6c7ca7ffd30feb48040714e0522c9972127c309139c56f4692b28f1b9,0.0,-1,1,0
4654de3cc2b4593076d440ba282905a7e7fd8e7e5f5bb6453ed4e617dc3c1963,MT10,official_clean,drawer-open-v3,4,40,MT-ACT,1,0,0,86,04-0040-2bd7e4f6c7ca,400082,2bd7e4f6c7ca7ffd30feb48040714e0522c9972127c309139c56f4692b28f1b9,0.0,-1,1,0
4654de3cc2b4593076d440ba282905a7e7fd8e7e5f5bb6453ed4e617dc3c1963,MT10,official_clean,drawer-open-v3,4,40,MT-ACT + Heuristic-Gated Learned Recovery,1,0,0,86,04-0040-2bd7e4f6c7ca,400082,2bd7e4f6c7ca7ffd30feb48040714e0522c9972127c309139c56f4692b28f1b9,0.0,-1,1,0
4654de3cc2b4593076d440ba282905a7e7fd8e7e5f5bb6453ed4e617dc3c1963,MT10,official_clean,drawer-open-v3,4,40,MT-REIM,1,0,0,86,04-0040-2bd7e4f6c7ca,400082,2bd7e4f6c7ca7ffd30feb48040714e0522c9972127c309139c56f4692b28f1b9,0.6460117101669312,-1,1,0
4654de3cc2b4593076d440ba282905a7e7fd8e7e5f5bb6453ed4e617dc3c1963,MT10,official_clean,drawer-open-v3,4,41,MT-MLP BC,1,0,0,83,04-0041-2162e1cdc775,400083,2162e1cdc7754681bf1e08d9441c8911f206fb6b25892106499606969199e91b,0.0,-1,1,0
4654de3cc2b4593076d440ba282905a7e7fd8e7e5f5bb6453ed4e617dc3c1963,MT10,official_clean,drawer-open-v3,4,41,MT-ACT,1,0,0,85,04-0041-2162e1cdc775,400083,2162e1cdc7754681bf1e08d9441c8911f206fb6b25892106499606969199e91b,0.0,-1,1,0
4654de3cc2b4593076d440ba282905a7e7fd8e7e5f5bb6453ed4e617dc3c1963,MT10,official_clean,drawer-open-v3,4,41,MT-ACT + Heuristic-Gated Learned Recovery,1,0,0,85,04-0041-2162e1cdc775,400083,2162e1cdc7754681bf1e08d9441c8911f206fb6b25892106499606969199e91b,0.0,-1,1,0
4654de3cc2b4593076d440ba282905a7e7fd8e7e5f5bb6453ed4e617dc3c1963,MT10,official_clean,drawer-open-v3,4,41,MT-REIM,1,1,1,86,04-0041-2162e1cdc775,400083,2162e1cdc7754681bf1e08d9441c8911f206fb6b25892106499606969199e91b,0.6560001969337463,79,1,7
4654de3cc2b4593076d440ba282905a7e7fd8e7e5f5bb6453ed4e617dc3c1963,MT10,official_clean,drawer-open-v3,4,42,MT-MLP BC,1,0,0,85,04-0042-03f85a073ddf,400084,03f85a073ddf30f309a0f40eab3cb07f33c7693178b4fe60af9cf9cb7b09c84a,0.0,-1,1,0
4654de3cc2b4593076d440ba282905a7e7fd8e7e5f5bb6453ed4e617dc3c1963,MT10,official_clean,drawer-open-v3,4,42,MT-ACT,1,0,0,86,04-0042-03f85a073ddf,400084,03f85a073ddf30f309a0f40eab3cb07f33c7693178b4fe60af9cf9cb7b09c84a,0.0,-1,1,0
4654de3cc2b4593076d440ba282905a7e7fd8e7e5f5bb6453ed4e617dc3c1963,MT10,official_clean,drawer-open-v3,4,42,MT-ACT + Heuristic-Gated Learned Recovery,1,0,0,86,04-0042-03f85a073ddf,400084,03f85a073ddf30f309a0f40eab3cb07f33c7693178b4fe60af9cf9cb7b09c84a,0.0,-1,1,0
4654de3cc2b4593076d440ba282905a7e7fd8e7e5f5bb6453ed4e617dc3c1963,MT10,official_clean,drawer-open-v3,4,42,MT-REIM,1,0,0,86,04-0042-03f85a073ddf,400084,03f85a073ddf30f309a0f40eab3cb07f33c7693178b4fe60af9cf9cb7b09c84a,0.6395506858825684,-1,1,0
4654de3cc2b4593076d440ba282905a7e7fd8e7e5f5bb6453ed4e617dc3c1963,MT10,official_clean,drawer-open-v3,4,43,MT-MLP BC,1,0,0,83,04-0043-8f0aeefd01c0,400085,8f0aeefd01c0da7ee163337d334c03ff329913753965ab9bea22537cdb4934d9,0.0,-1,1,0
4654de3cc2b4593076d440ba282905a7e7fd8e7e5f5bb6453ed4e617dc3c1963,MT10,official_clean,drawer-open-v3,4,43,MT-ACT,1,0,0,88,04-0043-8f0aeefd01c0,400085,8f0aeefd01c0da7ee163337d334c03ff329913753965ab9bea22537cdb4934d9,0.0,-1,1,0
4654de3cc2b4593076d440ba282905a7e7fd8e7e5f5bb6453ed4e617dc3c1963,MT10,official_clean,drawer-open-v3,4,43,MT-ACT + Heuristic-Gated Learned Recovery,1,0,0,88,04-0043-8f0aeefd01c0,400085,8f0aeefd01c0da7ee163337d334c03ff329913753965ab9bea22537cdb4934d9,0.0,-1,1,0
4654de3cc2b4593076d440ba282905a7e7fd8e7e5f5bb6453ed4e617dc3c1963,MT10,official_clean,drawer-open-v3,4,43,MT-REIM,1,1,1,88,04-0043-8f0aeefd01c0,400085,8f0aeefd01c0da7ee163337d334c03ff329913753965ab9bea22537cdb4934d9,0.6542879343032837,82,1,6
4654de3cc2b4593076d440ba282905a7e7fd8e7e5f5bb6453ed4e617dc3c1963,MT10,official_clean,drawer-open-v3,4,44,MT-MLP BC,1,0,0,88,04-0044-50d1f3cac45f,400086,50d1f3cac45f7620ce7a79cb7682b13a7c2b4943ec986c3f03642fb67de88d42,0.0,-1,1,0
4654de3cc2b4593076d440ba282905a7e7fd8e7e5f5bb6453ed4e617dc3c1963,MT10,official_clean,drawer-open-v3,4,44,MT-ACT,1,0,0,89,04-0044-50d1f3cac45f,400086,50d1f3cac45f7620ce7a79cb7682b13a7c2b4943ec986c3f03642fb67de88d42,0.0,-1,1,0
4654de3cc2b4593076d440ba282905a7e7fd8e7e5f5bb6453ed4e617dc3c1963,MT10,official_clean,drawer-open-v3,4,44,MT-ACT + Heuristic-Gated Learned Recovery,1,0,0,89,04-0044-50d1f3cac45f,400086,50d1f3cac45f7620ce7a79cb7682b13a7c2b4943ec986c3f03642fb67de88d42,0.0,-1,1,0
4654de3cc2b4593076d440ba282905a7e7fd8e7e5f5bb6453ed4e617dc3c1963,MT10,official_clean,drawer-open-v3,4,44,MT-REIM,1,0,0,89,04-0044-50d1f3cac45f,400086,50d1f3cac45f7620ce7a79cb7682b13a7c2b4943ec986c3f03642fb67de88d42,0.6078948378562927,-1,1,0
4654de3cc2b4593076d440ba282905a7e7fd8e7e5f5bb6453ed4e617dc3c1963,MT10,official_clean,drawer-open-v3,4,45,MT-MLP BC,1,0,0,84,04-0045-1cfa11ba3e9e,400087,1cfa11ba3e9e208ca2ffb8fed749c608f9004e91065014886fde147cdf0bb2d2,0.0,-1,1,0
4654de3cc2b4593076d440ba282905a7e7fd8e7e5f5bb6453ed4e617dc3c1963,MT10,official_clean,drawer-open-v3,4,45,MT-ACT,1,0,0,90,04-0045-1cfa11ba3e9e,400087,1cfa11ba3e9e208ca2ffb8fed749c608f9004e91065014886fde147cdf0bb2d2,0.0,-1,1,0
4654de3cc2b4593076d440ba282905a7e7fd8e7e5f5bb6453ed4e617dc3c1963,MT10,official_clean,drawer-open-v3,4,45,MT-ACT + Heuristic-Gated Learned Recovery,1,0,0,90,04-0045-1cfa11ba3e9e,400087,1cfa11ba3e9e208ca2ffb8fed749c608f9004e91065014886fde147cdf0bb2d2,0.0,-1,1,0
4654de3cc2b4593076d440ba282905a7e7fd8e7e5f5bb6453ed4e617dc3c1963,MT10,official_clean,drawer-open-v3,4,45,MT-REIM,1,0,0,90,04-0045-1cfa11ba3e9e,400087,1cfa11ba3e9e208ca2ffb8fed749c608f9004e91065014886fde147cdf0bb2d2,0.6476626396179199,-1,1,0
4654de3cc2b4593076d440ba282905a7e7fd8e7e5f5bb6453ed4e617dc3c1963,MT10,official_clean,drawer-open-v3,4,46,MT-MLP BC,1,0,0,88,04-0046-403c23b45c1e,400088,403c23b45c1e082fc277ff522a460f2d78aeac6f8d85fe0665b33afa36bb6dbf,0.0,-1,1,0
4654de3cc2b4593076d440ba282905a7e7fd8e7e5f5bb6453ed4e617dc3c1963,MT10,official_clean,drawer-open-v3,4,46,MT-ACT,1,0,0,89,04-0046-403c23b45c1e,400088,403c23b45c1e082fc277ff522a460f2d78aeac6f8d85fe0665b33afa36bb6dbf,0.0,-1,1,0
4654de3cc2b4593076d440ba282905a7e7fd8e7e5f5bb6453ed4e617dc3c1963,MT10,official_clean,drawer-open-v3,4,46,MT-ACT + Heuristic-Gated Learned Recovery,1,0,0,89,04-0046-403c23b45c1e,400088,403c23b45c1e082fc277ff522a460f2d78aeac6f8d85fe0665b33afa36bb6dbf,0.0,-1,1,0
4654de3cc2b4593076d440ba282905a7e7fd8e7e5f5bb6453ed4e617dc3c1963,MT10,official_clean,drawer-open-v3,4,46,MT-REIM,1,0,0,89,04-0046-403c23b45c1e,400088,403c23b45c1e082fc277ff522a460f2d78aeac6f8d85fe0665b33afa36bb6dbf,0.6080968976020813,-1,1,0
4654de3cc2b4593076d440ba282905a7e7fd8e7e5f5bb6453ed4e617dc3c1963,MT10,official_clean,drawer-open-v3,4,47,MT-MLP BC,1,0,0,82,04-0047-8c18254d761c,400089,8c18254d761c0b857235cde4b626623155c5be1affe65c26287d7cc746e40030,0.0,-1,1,0
4654de3cc2b4593076d440ba282905a7e7fd8e7e5f5bb6453ed4e617dc3c1963,MT10,official_clean,drawer-open-v3,4,47,MT-ACT,1,0,0,87,04-0047-8c18254d761c,400089,8c18254d761c0b857235cde4b626623155c5be1affe65c26287d7cc746e40030,0.0,-1,1,0
4654de3cc2b4593076d440ba282905a7e7fd8e7e5f5bb6453ed4e617dc3c1963,MT10,official_clean,drawer-open-v3,4,47,MT-ACT + Heuristic-Gated Learned Recovery,1,0,0,87,04-0047-8c18254d761c,400089,8c18254d761c0b857235cde4b626623155c5be1affe65c26287d7cc746e40030,0.0,-1,1,0
4654de3cc2b4593076d440ba282905a7e7fd8e7e5f5bb6453ed4e617dc3c1963,MT10,official_clean,drawer-open-v3,4,47,MT-REIM,1,0,0,87,04-0047-8c18254d761c,400089,8c18254d761c0b857235cde4b626623155c5be1affe65c26287d7cc746e40030,0.6459357738494873,-1,1,0
4654de3cc2b4593076d440ba282905a7e7fd8e7e5f5bb6453ed4e617dc3c1963,MT10,official_clean,drawer-open-v3,4,48,MT-MLP BC,1,0,0,84,04-0048-d7b1af799bff,400090,d7b1af799bff13179a2df2bf9143b73775ba309d1113b0c236ffed020240e77c,0.0,-1,1,0
4654de3cc2b4593076d440ba282905a7e7fd8e7e5f5bb6453ed4e617dc3c1963,MT10,official_clean,drawer-open-v3,4,48,MT-ACT,1,0,0,88,04-0048-d7b1af799bff,400090,d7b1af799bff13179a2df2bf9143b73775ba309d1113b0c236ffed020240e77c,0.0,-1,1,0
4654de3cc2b4593076d440ba282905a7e7fd8e7e5f5bb6453ed4e617dc3c1963,MT10,official_clean,drawer-open-v3,4,48,MT-ACT + Heuristic-Gated Learned Recovery,1,0,0,88,04-0048-d7b1af799bff,400090,d7b1af799bff13179a2df2bf9143b73775ba309d1113b0c236ffed020240e77c,0.0,-1,1,0
4654de3cc2b4593076d440ba282905a7e7fd8e7e5f5bb6453ed4e617dc3c1963,MT10,official_clean,drawer-open-v3,4,48,MT-REIM,1,1,1,88,04-0048-d7b1af799bff,400090,d7b1af799bff13179a2df2bf9143b73775ba309d1113b0c236ffed020240e77c,0.6605923771858215,82,1,6
4654de3cc2b4593076d440ba282905a7e7fd8e7e5f5bb6453ed4e617dc3c1963,MT10,official_clean,drawer-open-v3,4,49,MT-MLP BC,1,0,0,84,04-0049-8ba65c1c21cc,400091,8ba65c1c21ccb0e6aab55999c21954eaa16f19b9755baf04f2b3b19d16a74865,0.0,-1,1,0
4654de3cc2b4593076d440ba282905a7e7fd8e7e5f5bb6453ed4e617dc3c1963,MT10,official_clean,drawer-open-v3,4,49,MT-ACT,1,0,0,86,04-0049-8ba65c1c21cc,400091,8ba65c1c21ccb0e6aab55999c21954eaa16f19b9755baf04f2b3b19d16a74865,0.0,-1,1,0
4654de3cc2b4593076d440ba282905a7e7fd8e7e5f5bb6453ed4e617dc3c1963,MT10,official_clean,drawer-open-v3,4,49,MT-ACT + Heuristic-Gated Learned Recovery,1,0,0,86,04-0049-8ba65c1c21cc,400091,8ba65c1c21ccb0e6aab55999c21954eaa16f19b9755baf04f2b3b19d16a74865,0.0,-1,1,0
4654de3cc2b4593076d440ba282905a7e7fd8e7e5f5bb6453ed4e617dc3c1963,MT10,official_clean,drawer-open-v3,4,49,MT-REIM,1,0,0,86,04-0049-8ba65c1c21cc,400091,8ba65c1c21ccb0e6aab55999c21954eaa16f19b9755baf04f2b3b19d16a74865,0.6291475296020508,-1,1,0
4654de3cc2b4593076d440ba282905a7e7fd8e7e5f5bb6453ed4e617dc3c1963,MT10,official_clean,drawer-close-v3,5,0,MT-MLP BC,1,0,0,78,05-0000-2812634fb71f,500042,2812634fb71f91b767b8876f236b76917fa5f2622ee6af91ea129cf1c11aad3a,0.0,-1,1,0
4654de3cc2b4593076d440ba282905a7e7fd8e7e5f5bb6453ed4e617dc3c1963,MT10,official_clean,drawer-close-v3,5,0,MT-ACT,1,0,0,78,05-0000-2812634fb71f,500042,2812634fb71f91b767b8876f236b76917fa5f2622ee6af91ea129cf1c11aad3a,0.0,-1,1,0
4654de3cc2b4593076d440ba282905a7e7fd8e7e5f5bb6453ed4e617dc3c1963,MT10,official_clean,drawer-close-v3,5,0,MT-ACT + Heuristic-Gated Learned Recovery,1,1,1,79,05-0000-2812634fb71f,500042,2812634fb71f91b767b8876f236b76917fa5f2622ee6af91ea129cf1c11aad3a,0.0,33,1,46
4654de3cc2b4593076d440ba282905a7e7fd8e7e5f5bb6453ed4e617dc3c1963,MT10,official_clean,drawer-close-v3,5,0,MT-REIM,1,1,1,79,05-0000-2812634fb71f,500042,2812634fb71f91b767b8876f236b76917fa5f2622ee6af91ea129cf1c11aad3a,0.7285095453262329,36,1,43
4654de3cc2b4593076d440ba282905a7e7fd8e7e5f5bb6453ed4e617dc3c1963,MT10,official_clean,drawer-close-v3,5,1,MT-MLP BC,1,0,0,78,05-0001-2dc6e1ed2ec9,500043,2dc6e1ed2ec9d47e0fe21a2ee71f54bc09b34d69f883841139ec40486043229c,0.0,-1,1,0
4654de3cc2b4593076d440ba282905a7e7fd8e7e5f5bb6453ed4e617dc3c1963,MT10,official_clean,drawer-close-v3,5,1,MT-ACT,1,0,0,78,05-0001-2dc6e1ed2ec9,500043,2dc6e1ed2ec9d47e0fe21a2ee71f54bc09b34d69f883841139ec40486043229c,0.0,-1,1,0
4654de3cc2b4593076d440ba282905a7e7fd8e7e5f5bb6453ed4e617dc3c1963,MT10,official_clean,drawer-close-v3,5,1,MT-ACT + Heuristic-Gated Learned Recovery,1,1,1,79,05-0001-2dc6e1ed2ec9,500043,2dc6e1ed2ec9d47e0fe21a2ee71f54bc09b34d69f883841139ec40486043229c,0.0,32,1,47
4654de3cc2b4593076d440ba282905a7e7fd8e7e5f5bb6453ed4e617dc3c1963,MT10,official_clean,drawer-close-v3,5,1,MT-REIM,1,1,1,79,05-0001-2dc6e1ed2ec9,500043,2dc6e1ed2ec9d47e0fe21a2ee71f54bc09b34d69f883841139ec40486043229c,0.7167410850524902,36,1,43
4654de3cc2b4593076d440ba282905a7e7fd8e7e5f5bb6453ed4e617dc3c1963,MT10,official_clean,drawer-close-v3,5,2,MT-MLP BC,1,0,0,79,05-0002-35c66324284c,500044,35c66324284c5e1c295e8643eefd44fe4597950bb4f74df6c0b00ff19a702288,0.0,-1,1,0
4654de3cc2b4593076d440ba282905a7e7fd8e7e5f5bb6453ed4e617dc3c1963,MT10,official_clean,drawer-close-v3,5,2,MT-ACT,1,0,0,78,05-0002-35c66324284c,500044,35c66324284c5e1c295e8643eefd44fe4597950bb4f74df6c0b00ff19a702288,0.0,-1,1,0
4654de3cc2b4593076d440ba282905a7e7fd8e7e5f5bb6453ed4e617dc3c1963,MT10,official_clean,drawer-close-v3,5,2,MT-ACT + Heuristic-Gated Learned Recovery,1,1,1,79,05-0002-35c66324284c,500044,35c66324284c5e1c295e8643eefd44fe4597950bb4f74df6c0b00ff19a702288,0.0,30,1,49
4654de3cc2b4593076d440ba282905a7e7fd8e7e5f5bb6453ed4e617dc3c1963,MT10,official_clean,drawer-close-v3,5,2,MT-REIM,1,0,0,78,05-0002-35c66324284c,500044,35c66324284c5e1c295e8643eefd44fe4597950bb4f74df6c0b00ff19a702288,0.4811108410358429,-1,1,0
4654de3cc2b4593076d440ba282905a7e7fd8e7e5f5bb6453ed4e617dc3c1963,MT10,official_clean,drawer-close-v3,5,3,MT-MLP BC,1,0,0,78,05-0003-cead4376b6e5,500045,cead4376b6e52b97657b6fee5773d250ec978c80a0d1fe7d89015b12eb00d150,0.0,-1,1,0
4654de3cc2b4593076d440ba282905a7e7fd8e7e5f5bb6453ed4e617dc3c1963,MT10,official_clean,drawer-close-v3,5,3,MT-ACT,1,0,0,78,05-0003-cead4376b6e5,500045,cead4376b6e52b97657b6fee5773d250ec978c80a0d1fe7d89015b12eb00d150,0.0,-1,1,0
4654de3cc2b4593076d440ba282905a7e7fd8e7e5f5bb6453ed4e617dc3c1963,MT10,official_clean,drawer-close-v3,5,3,MT-ACT + Heuristic-Gated Learned Recovery,1,1,1,79,05-0003-cead4376b6e5,500045,cead4376b6e52b97657b6fee5773d250ec978c80a0d1fe7d89015b12eb00d150,0.0,30,1,49
4654de3cc2b4593076d440ba282905a7e7fd8e7e5f5bb6453ed4e617dc3c1963,MT10,official_clean,drawer-close-v3,5,3,MT-REIM,1,0,0,78,05-0003-cead4376b6e5,500045,cead4376b6e52b97657b6fee5773d250ec978c80a0d1fe7d89015b12eb00d150,0.4644564390182495,-1,1,0
4654de3cc2b4593076d440ba282905a7e7fd8e7e5f5bb6453ed4e617dc3c1963,MT10,official_clean,drawer-close-v3,5,4,MT-MLP BC,1,0,0,78,05-0004-b3a0fe657caf,500046,b3a0fe657caf17edc9815c44468d156455b114bb0836841ef694d4127f2ab459,0.0,-1,1,0
4654de3cc2b4593076d440ba282905a7e7fd8e7e5f5bb6453ed4e617dc3c1963,MT10,official_clean,drawer-close-v3,5,4,MT-ACT,1,0,0,78,05-0004-b3a0fe657caf,500046,b3a0fe657caf17edc9815c44468d156455b114bb0836841ef694d4127f2ab459,0.0,-1,1,0
4654de3cc2b4593076d440ba282905a7e7fd8e7e5f5bb6453ed4e617dc3c1963,MT10,official_clean,drawer-close-v3,5,4,MT-ACT + Heuristic-Gated Learned Recovery,1,0,0,78,05-0004-b3a0fe657caf,500046,b3a0fe657caf17edc9815c44468d156455b114bb0836841ef694d4127f2ab459,0.0,-1,1,0
4654de3cc2b4593076d440ba282905a7e7fd8e7e5f5bb6453ed4e617dc3c1963,MT10,official_clean,drawer-close-v3,5,4,MT-REIM,1,1,1,79,05-0004-b3a0fe657caf,500046,b3a0fe657caf17edc9815c44468d156455b114bb0836841ef694d4127f2ab459,0.761807918548584,36,1,43
4654de3cc2b4593076d440ba282905a7e7fd8e7e5f5bb6453ed4e617dc3c1963,MT10,official_clean,drawer-close-v3,5,5,MT-MLP BC,1,0,0,79,05-0005-d6e638347192,500047,d6e6383471925e8f49ab4174173ec1d88913a1a6b1513314b05813e7227ba3b5,0.0,-1,1,0
4654de3cc2b4593076d440ba282905a7e7fd8e7e5f5bb6453ed4e617dc3c1963,MT10,official_clean,drawer-close-v3,5,5,MT-ACT,1,0,0,78,05-0005-d6e638347192,500047,d6e6383471925e8f49ab4174173ec1d88913a1a6b1513314b05813e7227ba3b5,0.0,-1,1,0
4654de3cc2b4593076d440ba282905a7e7fd8e7e5f5bb6453ed4e617dc3c1963,MT10,official_clean,drawer-close-v3,5,5,MT-ACT + Heuristic-Gated Learned Recovery,1,1,1,79,05-0005-d6e638347192,500047,d6e6383471925e8f49ab4174173ec1d88913a1a6b1513314b05813e7227ba3b5,0.0,30,1,49
4654de3cc2b4593076d440ba282905a7e7fd8e7e5f5bb6453ed4e617dc3c1963,MT10,official_clean,drawer-close-v3,5,5,MT-REIM,1,0,0,78,05-0005-d6e638347192,500047,d6e6383471925e8f49ab4174173ec1d88913a1a6b1513314b05813e7227ba3b5,0.4781191349029541,-1,1,0
4654de3cc2b4593076d440ba282905a7e7fd8e7e5f5bb6453ed4e617dc3c1963,MT10,official_clean,drawer-close-v3,5,6,MT-MLP BC,1,0,0,78,05-0006-4a2e69c82849,500048,4a2e69c82849fb28b9128540c59de3fb7087331d5e96352bad359e831cae239d,0.0,-1,1,0
4654de3cc2b4593076d440ba282905a7e7fd8e7e5f5bb6453ed4e617dc3c1963,MT10,official_clean,drawer-close-v3,5,6,MT-ACT,1,0,0,79,05-0006-4a2e69c82849,500048,4a2e69c82849fb28b9128540c59de3fb7087331d5e96352bad359e831cae239d,0.0,-1,1,0
4654de3cc2b4593076d440ba282905a7e7fd8e7e5f5bb6453ed4e617dc3c1963,MT10,official_clean,drawer-close-v3,5,6,MT-ACT + Heuristic-Gated Learned Recovery,1,1,1,80,05-0006-4a2e69c82849,500048,4a2e69c82849fb28b9128540c59de3fb7087331d5e96352bad359e831cae239d,0.0,32,1,48
4654de3cc2b4593076d440ba282905a7e7fd8e7e5f5bb6453ed4e617dc3c1963,MT10,official_clean,drawer-close-v3,5,6,MT-REIM,1,0,0,79,05-0006-4a2e69c82849,500048,4a2e69c82849fb28b9128540c59de3fb7087331d5e96352bad359e831cae239d,0.44723567366600037,-1,1,0
4654de3cc2b4593076d440ba282905a7e7fd8e7e5f5bb6453ed4e617dc3c1963,MT10,official_clean,drawer-close-v3,5,7,MT-MLP BC,1,0,0,79,05-0007-e4b94e94f1ef,500049,e4b94e94f1efe512f6cc2db33fb586a929ba2bbad3d2e02a42479732cf36d313,0.0,-1,1,0
4654de3cc2b4593076d440ba282905a7e7fd8e7e5f5bb6453ed4e617dc3c1963,MT10,official_clean,drawer-close-v3,5,7,MT-ACT,1,0,0,78,05-0007-e4b94e94f1ef,500049,e4b94e94f1efe512f6cc2db33fb586a929ba2bbad3d2e02a42479732cf36d313,0.0,-1,1,0
4654de3cc2b4593076d440ba282905a7e7fd8e7e5f5bb6453ed4e617dc3c1963,MT10,official_clean,drawer-close-v3,5,7,MT-ACT + Heuristic-Gated Learned Recovery,1,1,1,79,05-0007-e4b94e94f1ef,500049,e4b94e94f1efe512f6cc2db33fb586a929ba2bbad3d2e02a42479732cf36d313,0.0,30,1,49
4654de3cc2b4593076d440ba282905a7e7fd8e7e5f5bb6453ed4e617dc3c1963,MT10,official_clean,drawer-close-v3,5,7,MT-REIM,1,0,0,78,05-0007-e4b94e94f1ef,500049,e4b94e94f1efe512f6cc2db33fb586a929ba2bbad3d2e02a42479732cf36d313,0.47107553482055664,-1,1,0
4654de3cc2b4593076d440ba282905a7e7fd8e7e5f5bb6453ed4e617dc3c1963,MT10,official_clean,drawer-close-v3,5,8,MT-MLP BC,1,0,0,79,05-0008-e6da6aa9d9b1,500050,e6da6aa9d9b1806ea5bed90c61d135d9151cb1b4043e8c32633f613290c90404,0.0,-1,1,0
4654de3cc2b4593076d440ba282905a7e7fd8e7e5f5bb6453ed4e617dc3c1963,MT10,official_clean,drawer-close-v3,5,8,MT-ACT,1,0,0,78,05-0008-e6da6aa9d9b1,500050,e6da6aa9d9b1806ea5bed90c61d135d9151cb1b4043e8c32633f613290c90404,0.0,-1,1,0
4654de3cc2b4593076d440ba282905a7e7fd8e7e5f5bb6453ed4e617dc3c1963,MT10,official_clean,drawer-close-v3,5,8,MT-ACT + Heuristic-Gated Learned Recovery,1,1,1,79,05-0008-e6da6aa9d9b1,500050,e6da6aa9d9b1806ea5bed90c61d135d9151cb1b4043e8c32633f613290c90404,0.0,30,1,49
4654de3cc2b4593076d440ba282905a7e7fd8e7e5f5bb6453ed4e617dc3c1963,MT10,official_clean,drawer-close-v3,5,8,MT-REIM,1,0,0,78,05-0008-e6da6aa9d9b1,500050,e6da6aa9d9b1806ea5bed90c61d135d9151cb1b4043e8c32633f613290c90404,0.5336195230484009,-1,1,0
4654de3cc2b4593076d440ba282905a7e7fd8e7e5f5bb6453ed4e617dc3c1963,MT10,official_clean,drawer-close-v3,5,9,MT-MLP BC,1,0,0,78,05-0009-9f01335b565a,500051,9f01335b565a882ab5843fc2b685a03b91c246c66a981d971370a42060977019,0.0,-1,1,0
4654de3cc2b4593076d440ba282905a7e7fd8e7e5f5bb6453ed4e617dc3c1963,MT10,official_clean,drawer-close-v3,5,9,MT-ACT,1,0,0,78,05-0009-9f01335b565a,500051,9f01335b565a882ab5843fc2b685a03b91c246c66a981d971370a42060977019,0.0,-1,1,0
4654de3cc2b4593076d440ba282905a7e7fd8e7e5f5bb6453ed4e617dc3c1963,MT10,official_clean,drawer-close-v3,5,9,MT-ACT + Heuristic-Gated Learned Recovery,1,1,1,79,05-0009-9f01335b565a,500051,9f01335b565a882ab5843fc2b685a03b91c246c66a981d971370a42060977019,0.0,31,1,48
4654de3cc2b4593076d440ba282905a7e7fd8e7e5f5bb6453ed4e617dc3c1963,MT10,official_clean,drawer-close-v3,5,9,MT-REIM,1,0,0,78,05-0009-9f01335b565a,500051,9f01335b565a882ab5843fc2b685a03b91c246c66a981d971370a42060977019,0.45135191082954407,-1,1,0
4654de3cc2b4593076d440ba282905a7e7fd8e7e5f5bb6453ed4e617dc3c1963,MT10,official_clean,drawer-close-v3,5,10,MT-MLP BC,1,0,0,78,05-0010-3861a80a5941,500052,3861a80a59411c6b5705d09480af731a361aaeab69983807c980f52b8b3237fc,0.0,-1,1,0
4654de3cc2b4593076d440ba282905a7e7fd8e7e5f5bb6453ed4e617dc3c1963,MT10,official_clean,drawer-close-v3,5,10,MT-ACT,1,0,0,78,05-0010-3861a80a5941,500052,3861a80a59411c6b5705d09480af731a361aaeab69983807c980f52b8b3237fc,0.0,-1,1,0
4654de3cc2b4593076d440ba282905a7e7fd8e7e5f5bb6453ed4e617dc3c1963,MT10,official_clean,drawer-close-v3,5,10,MT-ACT + Heuristic-Gated Learned Recovery,1,1,1,79,05-0010-3861a80a5941,500052,3861a80a59411c6b5705d09480af731a361aaeab69983807c980f52b8b3237fc,0.0,31,1,48
4654de3cc2b4593076d440ba282905a7e7fd8e7e5f5bb6453ed4e617dc3c1963,MT10,official_clean,drawer-close-v3,5,10,MT-REIM,1,1,1,79,05-0010-3861a80a5941,500052,3861a80a59411c6b5705d09480af731a361aaeab69983807c980f52b8b3237fc,0.7093436121940613,36,1,43
4654de3cc2b4593076d440ba282905a7e7fd8e7e5f5bb6453ed4e617dc3c1963,MT10,official_clean,drawer-close-v3,5,11,MT-MLP BC,1,0,0,79,05-0011-979ff2842faa,500053,979ff2842faaea6db77bd8377d65666fb1292092aebdef293a37a668288c5526,0.0,-1,1,0
4654de3cc2b4593076d440ba282905a7e7fd8e7e5f5bb6453ed4e617dc3c1963,MT10,official_clean,drawer-close-v3,5,11,MT-ACT,1,0,0,78,05-0011-979ff2842faa,500053,979ff2842faaea6db77bd8377d65666fb1292092aebdef293a37a668288c5526,0.0,-1,1,0
4654de3cc2b4593076d440ba282905a7e7fd8e7e5f5bb6453ed4e617dc3c1963,MT10,official_clean,drawer-close-v3,5,11,MT-ACT + Heuristic-Gated Learned Recovery,1,1,1,79,05-0011-979ff2842faa,500053,979ff2842faaea6db77bd8377d65666fb1292092aebdef293a37a668288c5526,0.0,30,1,49
4654de3cc2b4593076d440ba282905a7e7fd8e7e5f5bb6453ed4e617dc3c1963,MT10,official_clean,drawer-close-v3,5,11,MT-REIM,1,0,0,78,05-0011-979ff2842faa,500053,979ff2842faaea6db77bd8377d65666fb1292092aebdef293a37a668288c5526,0.4899689853191376,-1,1,0
4654de3cc2b4593076d440ba282905a7e7fd8e7e5f5bb6453ed4e617dc3c1963,MT10,official_clean,drawer-close-v3,5,12,MT-MLP BC,1,0,0,79,05-0012-d68d98f6b954,500054,d68d98f6b95448abe01f6366601bb2f4afb7fdb6fc25ed25fd605189eacd02bc,0.0,-1,1,0
4654de3cc2b4593076d440ba282905a7e7fd8e7e5f5bb6453ed4e617dc3c1963,MT10,official_clean,drawer-close-v3,5,12,MT-ACT,1,0,0,78,05-0012-d68d98f6b954,500054,d68d98f6b95448abe01f6366601bb2f4afb7fdb6fc25ed25fd605189eacd02bc,0.0,-1,1,0
4654de3cc2b4593076d440ba282905a7e7fd8e7e5f5bb6453ed4e617dc3c1963,MT10,official_clean,drawer-close-v3,5,12,MT-ACT + Heuristic-Gated Learned Recovery,1,1,1,79,05-0012-d68d98f6b954,500054,d68d98f6b95448abe01f6366601bb2f4afb7fdb6fc25ed25fd605189eacd02bc,0.0,30,1,49
4654de3cc2b4593076d440ba282905a7e7fd8e7e5f5bb6453ed4e617dc3c1963,MT10,official_clean,drawer-close-v3,5,12,MT-REIM,1,0,0,78,05-0012-d68d98f6b954,500054,d68d98f6b95448abe01f6366601bb2f4afb7fdb6fc25ed25fd605189eacd02bc,0.6001311540603638,-1,1,0
4654de3cc2b4593076d440ba282905a7e7fd8e7e5f5bb6453ed4e617dc3c1963,MT10,official_clean,drawer-close-v3,5,13,MT-MLP BC,1,0,0,78,05-0013-5fc6748d202d,500055,5fc6748d202d2ee33bfe990c5aea143cb75798b791df0b842d75ad265da491ce,0.0,-1,1,0
4654de3cc2b4593076d440ba282905a7e7fd8e7e5f5bb6453ed4e617dc3c1963,MT10,official_clean,drawer-close-v3,5,13,MT-ACT,1,0,0,79,05-0013-5fc6748d202d,500055,5fc6748d202d2ee33bfe990c5aea143cb75798b791df0b842d75ad265da491ce,0.0,-1,1,0
4654de3cc2b4593076d440ba282905a7e7fd8e7e5f5bb6453ed4e617dc3c1963,MT10,official_clean,drawer-close-v3,5,13,MT-ACT + Heuristic-Gated Learned Recovery,1,1,1,80,05-0013-5fc6748d202d,500055,5fc6748d202d2ee33bfe990c5aea143cb75798b791df0b842d75ad265da491ce,0.0,32,1,48
4654de3cc2b4593076d440ba282905a7e7fd8e7e5f5bb6453ed4e617dc3c1963,MT10,official_clean,drawer-close-v3,5,13,MT-REIM,1,0,0,79,05-0013-5fc6748d202d,500055,5fc6748d202d2ee33bfe990c5aea143cb75798b791df0b842d75ad265da491ce,0.4472379982471466,-1,1,0
4654de3cc2b4593076d440ba282905a7e7fd8e7e5f5bb6453ed4e617dc3c1963,MT10,official_clean,drawer-close-v3,5,14,MT-MLP BC,1,0,0,78,05-0014-1d37c47af6dd,500056,1d37c47af6ddac6fad1bfe97e747d327ca411d2afec2982b90f5ae1912f08638,0.0,-1,1,0
4654de3cc2b4593076d440ba282905a7e7fd8e7e5f5bb6453ed4e617dc3c1963,MT10,official_clean,drawer-close-v3,5,14,MT-ACT,1,0,0,78,05-0014-1d37c47af6dd,500056,1d37c47af6ddac6fad1bfe97e747d327ca411d2afec2982b90f5ae1912f08638,0.0,-1,1,0
4654de3cc2b4593076d440ba282905a7e7fd8e7e5f5bb6453ed4e617dc3c1963,MT10,official_clean,drawer-close-v3,5,14,MT-ACT + Heuristic-Gated Learned Recovery,1,1,1,79,05-0014-1d37c47af6dd,500056,1d37c47af6ddac6fad1bfe97e747d327ca411d2afec2982b90f5ae1912f08638,0.0,30,1,49
4654de3cc2b4593076d440ba282905a7e7fd8e7e5f5bb6453ed4e617dc3c1963,MT10,official_clean,drawer-close-v3,5,14,MT-REIM,1,0,0,78,05-0014-1d37c47af6dd,500056,1d37c47af6ddac6fad1bfe97e747d327ca411d2afec2982b90f5ae1912f08638,0.5628476142883301,-1,1,0
4654de3cc2b4593076d440ba282905a7e7fd8e7e5f5bb6453ed4e617dc3c1963,MT10,official_clean,drawer-close-v3,5,15,MT-MLP BC,1,0,0,79,05-0015-0920be838724,500057,0920be8387244dab727fe3562b36d1bebd4932e97320a10f874f929e01584b06,0.0,-1,1,0
4654de3cc2b4593076d440ba282905a7e7fd8e7e5f5bb6453ed4e617dc3c1963,MT10,official_clean,drawer-close-v3,5,15,MT-ACT,1,0,0,78,05-0015-0920be838724,500057,0920be8387244dab727fe3562b36d1bebd4932e97320a10f874f929e01584b06,0.0,-1,1,0
4654de3cc2b4593076d440ba282905a7e7fd8e7e5f5bb6453ed4e617dc3c1963,MT10,official_clean,drawer-close-v3,5,15,MT-ACT + Heuristic-Gated Learned Recovery,1,1,1,79,05-0015-0920be838724,500057,0920be8387244dab727fe3562b36d1bebd4932e97320a10f874f929e01584b06,0.0,30,1,49
4654de3cc2b4593076d440ba282905a7e7fd8e7e5f5bb6453ed4e617dc3c1963,MT10,official_clean,drawer-close-v3,5,15,MT-REIM,1,0,0,78,05-0015-0920be838724,500057,0920be8387244dab727fe3562b36d1bebd4932e97320a10f874f929e01584b06,0.4777045249938965,-1,1,0
4654de3cc2b4593076d440ba282905a7e7fd8e7e5f5bb6453ed4e617dc3c1963,MT10,official_clean,drawer-close-v3,5,16,MT-MLP BC,1,0,0,79,05-0016-a4c113ac5808,500058,a4c113ac5808e43570846af6c4ea09264b94ddcb1a3b80a8082fe4e5f91e5d0a,0.0,-1,1,0
4654de3cc2b4593076d440ba282905a7e7fd8e7e5f5bb6453ed4e617dc3c1963,MT10,official_clean,drawer-close-v3,5,16,MT-ACT,1,0,0,78,05-0016-a4c113ac5808,500058,a4c113ac5808e43570846af6c4ea09264b94ddcb1a3b80a8082fe4e5f91e5d0a,0.0,-1,1,0
4654de3cc2b4593076d440ba282905a7e7fd8e7e5f5bb6453ed4e617dc3c1963,MT10,official_clean,drawer-close-v3,5,16,MT-ACT + Heuristic-Gated Learned Recovery,1,1,1,78,05-0016-a4c113ac5808,500058,a4c113ac5808e43570846af6c4ea09264b94ddcb1a3b80a8082fe4e5f91e5d0a,0.0,30,1,48
4654de3cc2b4593076d440ba282905a7e7fd8e7e5f5bb6453ed4e617dc3c1963,MT10,official_clean,drawer-close-v3,5,16,MT-REIM,1,0,0,78,05-0016-a4c113ac5808,500058,a4c113ac5808e43570846af6c4ea09264b94ddcb1a3b80a8082fe4e5f91e5d0a,0.6367409825325012,-1,1,0
4654de3cc2b4593076d440ba282905a7e7fd8e7e5f5bb6453ed4e617dc3c1963,MT10,official_clean,drawer-close-v3,5,17,MT-MLP BC,1,0,0,77,05-0017-4171f469e972,500059,4171f469e972bdef8f99c49b5d7584c0f1cc3c39876d94a36e7572291e214c58,0.0,-1,1,0
4654de3cc2b4593076d440ba282905a7e7fd8e7e5f5bb6453ed4e617dc3c1963,MT10,official_clean,drawer-close-v3,5,17,MT-ACT,1,0,0,78,05-0017-4171f469e972,500059,4171f469e972bdef8f99c49b5d7584c0f1cc3c39876d94a36e7572291e214c58,0.0,-1,1,0
4654de3cc2b4593076d440ba282905a7e7fd8e7e5f5bb6453ed4e617dc3c1963,MT10,official_clean,drawer-close-v3,5,17,MT-ACT + Heuristic-Gated Learned Recovery,1,0,0,78,05-0017-4171f469e972,500059,4171f469e972bdef8f99c49b5d7584c0f1cc3c39876d94a36e7572291e214c58,0.0,-1,1,0
4654de3cc2b4593076d440ba282905a7e7fd8e7e5f5bb6453ed4e617dc3c1963,MT10,official_clean,drawer-close-v3,5,17,MT-REIM,1,1,1,79,05-0017-4171f469e972,500059,4171f469e972bdef8f99c49b5d7584c0f1cc3c39876d94a36e7572291e214c58,0.763863205909729,36,1,43
4654de3cc2b4593076d440ba282905a7e7fd8e7e5f5bb6453ed4e617dc3c1963,MT10,official_clean,drawer-close-v3,5,18,MT-MLP BC,1,0,0,78,05-0018-c09a37bc0f8b,500060,c09a37bc0f8bd1c5fbcfc43fbee76444a9abf051489a8a1544a8d1a1efdf6f22,0.0,-1,1,0
4654de3cc2b4593076d440ba282905a7e7fd8e7e5f5bb6453ed4e617dc3c1963,MT10,official_clean,drawer-close-v3,5,18,MT-ACT,1,0,0,78,05-0018-c09a37bc0f8b,500060,c09a37bc0f8bd1c5fbcfc43fbee76444a9abf051489a8a1544a8d1a1efdf6f22,0.0,-1,1,0
4654de3cc2b4593076d440ba282905a7e7fd8e7e5f5bb6453ed4e617dc3c1963,MT10,official_clean,drawer-close-v3,5,18,MT-ACT + Heuristic-Gated Learned Recovery,1,0,0,78,05-0018-c09a37bc0f8b,500060,c09a37bc0f8bd1c5fbcfc43fbee76444a9abf051489a8a1544a8d1a1efdf6f22,0.0,-1,1,0
4654de3cc2b4593076d440ba282905a7e7fd8e7e5f5bb6453ed4e617dc3c1963,MT10,official_clean,drawer-close-v3,5,18,MT-REIM,1,1,1,79,05-0018-c09a37bc0f8b,500060,c09a37bc0f8bd1c5fbcfc43fbee76444a9abf051489a8a1544a8d1a1efdf6f22,0.7512833476066589,36,1,43
4654de3cc2b4593076d440ba282905a7e7fd8e7e5f5bb6453ed4e617dc3c1963,MT10,official_clean,drawer-close-v3,5,19,MT-MLP BC,1,0,0,79,05-0019-a29b6ce261d1,500061,a29b6ce261d1c1ba5b4393ffb87494802977584219479f0ac2e7f5c84f77c50d,0.0,-1,1,0
4654de3cc2b4593076d440ba282905a7e7fd8e7e5f5bb6453ed4e617dc3c1963,MT10,official_clean,drawer-close-v3,5,19,MT-ACT,1,0,0,78,05-0019-a29b6ce261d1,500061,a29b6ce261d1c1ba5b4393ffb87494802977584219479f0ac2e7f5c84f77c50d,0.0,-1,1,0
4654de3cc2b4593076d440ba282905a7e7fd8e7e5f5bb6453ed4e617dc3c1963,MT10,official_clean,drawer-close-v3,5,19,MT-ACT + Heuristic-Gated Learned Recovery,1,1,1,79,05-0019-a29b6ce261d1,500061,a29b6ce261d1c1ba5b4393ffb87494802977584219479f0ac2e7f5c84f77c50d,0.0,30,1,49
4654de3cc2b4593076d440ba282905a7e7fd8e7e5f5bb6453ed4e617dc3c1963,MT10,official_clean,drawer-close-v3,5,19,MT-REIM,1,0,0,78,05-0019-a29b6ce261d1,500061,a29b6ce261d1c1ba5b4393ffb87494802977584219479f0ac2e7f5c84f77c50d,0.48498257994651794,-1,1,0
4654de3cc2b4593076d440ba282905a7e7fd8e7e5f5bb6453ed4e617dc3c1963,MT10,official_clean,drawer-close-v3,5,20,MT-MLP BC,1,0,0,79,05-0020-a19cf863c220,500062,a19cf863c2203dbffb0e51512df479fbefc76ad738318ed333ad902eb048e69e,0.0,-1,1,0
4654de3cc2b4593076d440ba282905a7e7fd8e7e5f5bb6453ed4e617dc3c1963,MT10,official_clean,drawer-close-v3,5,20,MT-ACT,1,0,0,78,05-0020-a19cf863c220,500062,a19cf863c2203dbffb0e51512df479fbefc76ad738318ed333ad902eb048e69e,0.0,-1,1,0
4654de3cc2b4593076d440ba282905a7e7fd8e7e5f5bb6453ed4e617dc3c1963,MT10,official_clean,drawer-close-v3,5,20,MT-ACT + Heuristic-Gated Learned Recovery,1,1,1,79,05-0020-a19cf863c220,500062,a19cf863c2203dbffb0e51512df479fbefc76ad738318ed333ad902eb048e69e,0.0,30,1,49
4654de3cc2b4593076d440ba282905a7e7fd8e7e5f5bb6453ed4e617dc3c1963,MT10,official_clean,drawer-close-v3,5,20,MT-REIM,1,0,0,78,05-0020-a19cf863c220,500062,a19cf863c2203dbffb0e51512df479fbefc76ad738318ed333ad902eb048e69e,0.502170741558075,-1,1,0
4654de3cc2b4593076d440ba282905a7e7fd8e7e5f5bb6453ed4e617dc3c1963,MT10,official_clean,drawer-close-v3,5,21,MT-MLP BC,1,0,0,79,05-0021-36146523d644,500063,36146523d6446b34a2510c66c50f12d27faafb6ac49076af012094e02f0ede80,0.0,-1,1,0
4654de3cc2b4593076d440ba282905a7e7fd8e7e5f5bb6453ed4e617dc3c1963,MT10,official_clean,drawer-close-v3,5,21,MT-ACT,1,0,0,78,05-0021-36146523d644,500063,36146523d6446b34a2510c66c50f12d27faafb6ac49076af012094e02f0ede80,0.0,-1,1,0
4654de3cc2b4593076d440ba282905a7e7fd8e7e5f5bb6453ed4e617dc3c1963,MT10,official_clean,drawer-close-v3,5,21,MT-ACT + Heuristic-Gated Learned Recovery,1,1,1,79,05-0021-36146523d644,500063,36146523d6446b34a2510c66c50f12d27faafb6ac49076af012094e02f0ede80,0.0,30,1,49
4654de3cc2b4593076d440ba282905a7e7fd8e7e5f5bb6453ed4e617dc3c1963,MT10,official_clean,drawer-close-v3,5,21,MT-REIM,1,0,0,78,05-0021-36146523d644,500063,36146523d6446b34a2510c66c50f12d27faafb6ac49076af012094e02f0ede80,0.5815155506134033,-1,1,0
4654de3cc2b4593076d440ba282905a7e7fd8e7e5f5bb6453ed4e617dc3c1963,MT10,official_clean,drawer-close-v3,5,22,MT-MLP BC,1,0,0,78,05-0022-9c2838d6fdaf,500064,9c2838d6fdafbe9008ced488397f6ee10e76e8d21f84b0f5a76a8c384352ad0f,0.0,-1,1,0
4654de3cc2b4593076d440ba282905a7e7fd8e7e5f5bb6453ed4e617dc3c1963,MT10,official_clean,drawer-close-v3,5,22,MT-ACT,1,0,0,79,05-0022-9c2838d6fdaf,500064,9c2838d6fdafbe9008ced488397f6ee10e76e8d21f84b0f5a76a8c384352ad0f,0.0,-1,1,0
4654de3cc2b4593076d440ba282905a7e7fd8e7e5f5bb6453ed4e617dc3c1963,MT10,official_clean,drawer-close-v3,5,22,MT-ACT + Heuristic-Gated Learned Recovery,1,1,1,80,05-0022-9c2838d6fdaf,500064,9c2838d6fdafbe9008ced488397f6ee10e76e8d21f84b0f5a76a8c384352ad0f,0.0,33,1,47
4654de3cc2b4593076d440ba282905a7e7fd8e7e5f5bb6453ed4e617dc3c1963,MT10,official_clean,drawer-close-v3,5,22,MT-REIM,1,0,0,79,05-0022-9c2838d6fdaf,500064,9c2838d6fdafbe9008ced488397f6ee10e76e8d21f84b0f5a76a8c384352ad0f,0.44720175862312317,-1,1,0
4654de3cc2b4593076d440ba282905a7e7fd8e7e5f5bb6453ed4e617dc3c1963,MT10,official_clean,drawer-close-v3,5,23,MT-MLP BC,1,0,0,79,05-0023-181e6f5f301a,500065,181e6f5f301acdac752977428823726c50a54422093a8bf288ac5d18225c7a49,0.0,-1,1,0
4654de3cc2b4593076d440ba282905a7e7fd8e7e5f5bb6453ed4e617dc3c1963,MT10,official_clean,drawer-close-v3,5,23,MT-ACT,1,0,0,78,05-0023-181e6f5f301a,500065,181e6f5f301acdac752977428823726c50a54422093a8bf288ac5d18225c7a49,0.0,-1,1,0
4654de3cc2b4593076d440ba282905a7e7fd8e7e5f5bb6453ed4e617dc3c1963,MT10,official_clean,drawer-close-v3,5,23,MT-ACT + Heuristic-Gated Learned Recovery,1,1,1,78,05-0023-181e6f5f301a,500065,181e6f5f301acdac752977428823726c50a54422093a8bf288ac5d18225c7a49,0.0,30,1,48
4654de3cc2b4593076d440ba282905a7e7fd8e7e5f5bb6453ed4e617dc3c1963,MT10,official_clean,drawer-close-v3,5,23,MT-REIM,1,1,1,79,05-0023-181e6f5f301a,500065,181e6f5f301acdac752977428823726c50a54422093a8bf288ac5d18225c7a49,0.6941779851913452,37,1,42
4654de3cc2b4593076d440ba282905a7e7fd8e7e5f5bb6453ed4e617dc3c1963,MT10,official_clean,drawer-close-v3,5,24,MT-MLP BC,1,0,0,78,05-0024-9616d4d44267,500066,9616d4d44267831bb4b4f190023b71c40024ce1b361d9d9d22bd0723357033de,0.0,-1,1,0
4654de3cc2b4593076d440ba282905a7e7fd8e7e5f5bb6453ed4e617dc3c1963,MT10,official_clean,drawer-close-v3,5,24,MT-ACT,1,0,0,78,05-0024-9616d4d44267,500066,9616d4d44267831bb4b4f190023b71c40024ce1b361d9d9d22bd0723357033de,0.0,-1,1,0
4654de3cc2b4593076d440ba282905a7e7fd8e7e5f5bb6453ed4e617dc3c1963,MT10,official_clean,drawer-close-v3,5,24,MT-ACT + Heuristic-Gated Learned Recovery,1,0,0,78,05-0024-9616d4d44267,500066,9616d4d44267831bb4b4f190023b71c40024ce1b361d9d9d22bd0723357033de,0.0,-1,1,0
4654de3cc2b4593076d440ba282905a7e7fd8e7e5f5bb6453ed4e617dc3c1963,MT10,official_clean,drawer-close-v3,5,24,MT-REIM,1,1,1,79,05-0024-9616d4d44267,500066,9616d4d44267831bb4b4f190023b71c40024ce1b361d9d9d22bd0723357033de,0.7580363750457764,36,1,43
4654de3cc2b4593076d440ba282905a7e7fd8e7e5f5bb6453ed4e617dc3c1963,MT10,official_clean,drawer-close-v3,5,25,MT-MLP BC,1,0,0,78,05-0025-c5fa464207e2,500067,c5fa464207e2f60866299ecbc3666eea75d013ade66764cdbf3082ed552469e6,0.0,-1,1,0
4654de3cc2b4593076d440ba282905a7e7fd8e7e5f5bb6453ed4e617dc3c1963,MT10,official_clean,drawer-close-v3,5,25,MT-ACT,1,0,0,78,05-0025-c5fa464207e2,500067,c5fa464207e2f60866299ecbc3666eea75d013ade66764cdbf3082ed552469e6,0.0,-1,1,0
4654de3cc2b4593076d440ba282905a7e7fd8e7e5f5bb6453ed4e617dc3c1963,MT10,official_clean,drawer-close-v3,5,25,MT-ACT + Heuristic-Gated Learned Recovery,1,1,1,79,05-0025-c5fa464207e2,500067,c5fa464207e2f60866299ecbc3666eea75d013ade66764cdbf3082ed552469e6,0.0,31,1,48
4654de3cc2b4593076d440ba282905a7e7fd8e7e5f5bb6453ed4e617dc3c1963,MT10,official_clean,drawer-close-v3,5,25,MT-REIM,1,1,1,79,05-0025-c5fa464207e2,500067,c5fa464207e2f60866299ecbc3666eea75d013ade66764cdbf3082ed552469e6,0.7105064988136292,36,1,43
4654de3cc2b4593076d440ba282905a7e7fd8e7e5f5bb6453ed4e617dc3c1963,MT10,official_clean,drawer-close-v3,5,26,MT-MLP BC,1,0,0,78,05-0026-299f6e757d86,500068,299f6e757d86bbc660a28490169f4f17be3f80515387db2e2b924bd14de25664,0.0,-1,1,0
4654de3cc2b4593076d440ba282905a7e7fd8e7e5f5bb6453ed4e617dc3c1963,MT10,official_clean,drawer-close-v3,5,26,MT-ACT,1,0,0,78,05-0026-299f6e757d86,500068,299f6e757d86bbc660a28490169f4f17be3f80515387db2e2b924bd14de25664,0.0,-1,1,0
4654de3cc2b4593076d440ba282905a7e7fd8e7e5f5bb6453ed4e617dc3c1963,MT10,official_clean,drawer-close-v3,5,26,MT-ACT + Heuristic-Gated Learned Recovery,1,1,1,79,05-0026-299f6e757d86,500068,299f6e757d86bbc660a28490169f4f17be3f80515387db2e2b924bd14de25664,0.0,32,1,47
4654de3cc2b4593076d440ba282905a7e7fd8e7e5f5bb6453ed4e617dc3c1963,MT10,official_clean,drawer-close-v3,5,26,MT-REIM,1,1,1,79,05-0026-299f6e757d86,500068,299f6e757d86bbc660a28490169f4f17be3f80515387db2e2b924bd14de25664,0.7162961959838867,36,1,43
4654de3cc2b4593076d440ba282905a7e7fd8e7e5f5bb6453ed4e617dc3c1963,MT10,official_clean,drawer-close-v3,5,27,MT-MLP BC,1,0,0,79,05-0027-1be0e2e34b2e,500069,1be0e2e34b2e613dac9d668d28cf5f8ef52aa6e07c33ac73b35f98b8f390e4c6,0.0,-1,1,0
4654de3cc2b4593076d440ba282905a7e7fd8e7e5f5bb6453ed4e617dc3c1963,MT10,official_clean,drawer-close-v3,5,27,MT-ACT,1,0,0,78,05-0027-1be0e2e34b2e,500069,1be0e2e34b2e613dac9d668d28cf5f8ef52aa6e07c33ac73b35f98b8f390e4c6,0.0,-1,1,0
4654de3cc2b4593076d440ba282905a7e7fd8e7e5f5bb6453ed4e617dc3c1963,MT10,official_clean,drawer-close-v3,5,27,MT-ACT + Heuristic-Gated Learned Recovery,1,1,1,79,05-0027-1be0e2e34b2e,500069,1be0e2e34b2e613dac9d668d28cf5f8ef52aa6e07c33ac73b35f98b8f390e4c6,0.0,30,1,49
4654de3cc2b4593076d440ba282905a7e7fd8e7e5f5bb6453ed4e617dc3c1963,MT10,official_clean,drawer-close-v3,5,27,MT-REIM,1,0,0,78,05-0027-1be0e2e34b2e,500069,1be0e2e34b2e613dac9d668d28cf5f8ef52aa6e07c33ac73b35f98b8f390e4c6,0.5349310040473938,-1,1,0
4654de3cc2b4593076d440ba282905a7e7fd8e7e5f5bb6453ed4e617dc3c1963,MT10,official_clean,drawer-close-v3,5,28,MT-MLP BC,1,0,0,78,05-0028-3168431aea76,500070,3168431aea760902e3e43120a5bf712feff56b3ef3e7b29fb8ed193854a50007,0.0,-1,1,0
4654de3cc2b4593076d440ba282905a7e7fd8e7e5f5bb6453ed4e617dc3c1963,MT10,official_clean,drawer-close-v3,5,28,MT-ACT,1,0,0,79,05-0028-3168431aea76,500070,3168431aea760902e3e43120a5bf712feff56b3ef3e7b29fb8ed193854a50007,0.0,-1,1,0
4654de3cc2b4593076d440ba282905a7e7fd8e7e5f5bb6453ed4e617dc3c1963,MT10,official_clean,drawer-close-v3,5,28,MT-ACT + Heuristic-Gated Learned Recovery,1,1,1,80,05-0028-3168431aea76,500070,3168431aea760902e3e43120a5bf712feff56b3ef3e7b29fb8ed193854a50007,0.0,33,1,47
4654de3cc2b4593076d440ba282905a7e7fd8e7e5f5bb6453ed4e617dc3c1963,MT10,official_clean,drawer-close-v3,5,28,MT-REIM,1,0,0,79,05-0028-3168431aea76,500070,3168431aea760902e3e43120a5bf712feff56b3ef3e7b29fb8ed193854a50007,0.4474213421344757,-1,1,0
4654de3cc2b4593076d440ba282905a7e7fd8e7e5f5bb6453ed4e617dc3c1963,MT10,official_clean,drawer-close-v3,5,29,MT-MLP BC,1,0,0,79,05-0029-bda3caaca2a0,500071,bda3caaca2a0347cff5a767427d5874e21785a813b52f1af626ef9cd11613261,0.0,-1,1,0
4654de3cc2b4593076d440ba282905a7e7fd8e7e5f5bb6453ed4e617dc3c1963,MT10,official_clean,drawer-close-v3,5,29,MT-ACT,1,0,0,78,05-0029-bda3caaca2a0,500071,bda3caaca2a0347cff5a767427d5874e21785a813b52f1af626ef9cd11613261,0.0,-1,1,0
4654de3cc2b4593076d440ba282905a7e7fd8e7e5f5bb6453ed4e617dc3c1963,MT10,official_clean,drawer-close-v3,5,29,MT-ACT + Heuristic-Gated Learned Recovery,1,1,1,79,05-0029-bda3caaca2a0,500071,bda3caaca2a0347cff5a767427d5874e21785a813b52f1af626ef9cd11613261,0.0,30,1,49
4654de3cc2b4593076d440ba282905a7e7fd8e7e5f5bb6453ed4e617dc3c1963,MT10,official_clean,drawer-close-v3,5,29,MT-REIM,1,0,0,78,05-0029-bda3caaca2a0,500071,bda3caaca2a0347cff5a767427d5874e21785a813b52f1af626ef9cd11613261,0.5615575313568115,-1,1,0
4654de3cc2b4593076d440ba282905a7e7fd8e7e5f5bb6453ed4e617dc3c1963,MT10,official_clean,drawer-close-v3,5,30,MT-MLP BC,1,0,0,79,05-0030-bfe535d11876,500072,bfe535d1187694abfbe4245141b9b98cb9222609c2a7a5de6e0ea44ca8d3edbd,0.0,-1,1,0
4654de3cc2b4593076d440ba282905a7e7fd8e7e5f5bb6453ed4e617dc3c1963,MT10,official_clean,drawer-close-v3,5,30,MT-ACT,1,0,0,78,05-0030-bfe535d11876,500072,bfe535d1187694abfbe4245141b9b98cb9222609c2a7a5de6e0ea44ca8d3edbd,0.0,-1,1,0
4654de3cc2b4593076d440ba282905a7e7fd8e7e5f5bb6453ed4e617dc3c1963,MT10,official_clean,drawer-close-v3,5,30,MT-ACT + Heuristic-Gated Learned Recovery,1,1,1,79,05-0030-bfe535d11876,500072,bfe535d1187694abfbe4245141b9b98cb9222609c2a7a5de6e0ea44ca8d3edbd,0.0,30,1,49
4654de3cc2b4593076d440ba282905a7e7fd8e7e5f5bb6453ed4e617dc3c1963,MT10,official_clean,drawer-close-v3,5,30,MT-REIM,1,0,0,78,05-0030-bfe535d11876,500072,bfe535d1187694abfbe4245141b9b98cb9222609c2a7a5de6e0ea44ca8d3edbd,0.5118160843849182,-1,1,0
4654de3cc2b4593076d440ba282905a7e7fd8e7e5f5bb6453ed4e617dc3c1963,MT10,official_clean,drawer-close-v3,5,31,MT-MLP BC,1,0,0,78,05-0031-94b7bb100395,500073,94b7bb10039545438973c42058d981ff01c678a3a675bbcfddbc2b28fcd65952,0.0,-1,1,0
4654de3cc2b4593076d440ba282905a7e7fd8e7e5f5bb6453ed4e617dc3c1963,MT10,official_clean,drawer-close-v3,5,31,MT-ACT,1,0,0,78,05-0031-94b7bb100395,500073,94b7bb10039545438973c42058d981ff01c678a3a675bbcfddbc2b28fcd65952,0.0,-1,1,0
4654de3cc2b4593076d440ba282905a7e7fd8e7e5f5bb6453ed4e617dc3c1963,MT10,official_clean,drawer-close-v3,5,31,MT-ACT + Heuristic-Gated Learned Recovery,1,1,1,79,05-0031-94b7bb100395,500073,94b7bb10039545438973c42058d981ff01c678a3a675bbcfddbc2b28fcd65952,0.0,30,1,49
4654de3cc2b4593076d440ba282905a7e7fd8e7e5f5bb6453ed4e617dc3c1963,MT10,official_clean,drawer-close-v3,5,31,MT-REIM,1,0,0,78,05-0031-94b7bb100395,500073,94b7bb10039545438973c42058d981ff01c678a3a675bbcfddbc2b28fcd65952,0.4611557722091675,-1,1,0
4654de3cc2b4593076d440ba282905a7e7fd8e7e5f5bb6453ed4e617dc3c1963,MT10,official_clean,drawer-close-v3,5,32,MT-MLP BC,1,0,0,79,05-0032-289723bb2e29,500074,289723bb2e29c4c77b09a913572313632da1b5e750648e8325622b2557ac288d,0.0,-1,1,0
4654de3cc2b4593076d440ba282905a7e7fd8e7e5f5bb6453ed4e617dc3c1963,MT10,official_clean,drawer-close-v3,5,32,MT-ACT,1,0,0,78,05-0032-289723bb2e29,500074,289723bb2e29c4c77b09a913572313632da1b5e750648e8325622b2557ac288d,0.0,-1,1,0
4654de3cc2b4593076d440ba282905a7e7fd8e7e5f5bb6453ed4e617dc3c1963,MT10,official_clean,drawer-close-v3,5,32,MT-ACT + Heuristic-Gated Learned Recovery,1,1,1,78,05-0032-289723bb2e29,500074,289723bb2e29c4c77b09a913572313632da1b5e750648e8325622b2557ac288d,0.0,30,1,48
4654de3cc2b4593076d440ba282905a7e7fd8e7e5f5bb6453ed4e617dc3c1963,MT10,official_clean,drawer-close-v3,5,32,MT-REIM,1,0,0,78,05-0032-289723bb2e29,500074,289723bb2e29c4c77b09a913572313632da1b5e750648e8325622b2557ac288d,0.6108337044715881,-1,1,0
4654de3cc2b4593076d440ba282905a7e7fd8e7e5f5bb6453ed4e617dc3c1963,MT10,official_clean,drawer-close-v3,5,33,MT-MLP BC,1,0,0,78,05-0033-f8ea841fedbb,500075,f8ea841fedbb4785b090411a22f3382639ee4568c0c4d1c6cde06031ed0be6d8,0.0,-1,1,0
4654de3cc2b4593076d440ba282905a7e7fd8e7e5f5bb6453ed4e617dc3c1963,MT10,official_clean,drawer-close-v3,5,33,MT-ACT,1,0,0,78,05-0033-f8ea841fedbb,500075,f8ea841fedbb4785b090411a22f3382639ee4568c0c4d1c6cde06031ed0be6d8,0.0,-1,1,0
4654de3cc2b4593076d440ba282905a7e7fd8e7e5f5bb6453ed4e617dc3c1963,MT10,official_clean,drawer-close-v3,5,33,MT-ACT + Heuristic-Gated Learned Recovery,1,1,1,79,05-0033-f8ea841fedbb,500075,f8ea841fedbb4785b090411a22f3382639ee4568c0c4d1c6cde06031ed0be6d8,0.0,31,1,48
4654de3cc2b4593076d440ba282905a7e7fd8e7e5f5bb6453ed4e617dc3c1963,MT10,official_clean,drawer-close-v3,5,33,MT-REIM,1,0,0,78,05-0033-f8ea841fedbb,500075,f8ea841fedbb4785b090411a22f3382639ee4568c0c4d1c6cde06031ed0be6d8,0.44747036695480347,-1,1,0
4654de3cc2b4593076d440ba282905a7e7fd8e7e5f5bb6453ed4e617dc3c1963,MT10,official_clean,drawer-close-v3,5,34,MT-MLP BC,1,0,0,78,05-0034-2cf8190a0cea,500076,2cf8190a0cea99d6c83064aa237c48607375579904976fd2441104d37372419a,0.0,-1,1,0
4654de3cc2b4593076d440ba282905a7e7fd8e7e5f5bb6453ed4e617dc3c1963,MT10,official_clean,drawer-close-v3,5,34,MT-ACT,1,0,0,78,05-0034-2cf8190a0cea,500076,2cf8190a0cea99d6c83064aa237c48607375579904976fd2441104d37372419a,0.0,-1,1,0
4654de3cc2b4593076d440ba282905a7e7fd8e7e5f5bb6453ed4e617dc3c1963,MT10,official_clean,drawer-close-v3,5,34,MT-ACT + Heuristic-Gated Learned Recovery,1,0,0,78,05-0034-2cf8190a0cea,500076,2cf8190a0cea99d6c83064aa237c48607375579904976fd2441104d37372419a,0.0,-1,1,0
4654de3cc2b4593076d440ba282905a7e7fd8e7e5f5bb6453ed4e617dc3c1963,MT10,official_clean,drawer-close-v3,5,34,MT-REIM,1,1,1,79,05-0034-2cf8190a0cea,500076,2cf8190a0cea99d6c83064aa237c48607375579904976fd2441104d37372419a,0.7584711313247681,36,1,43
4654de3cc2b4593076d440ba282905a7e7fd8e7e5f5bb6453ed4e617dc3c1963,MT10,official_clean,drawer-close-v3,5,35,MT-MLP BC,1,0,0,78,05-0035-55e121bc9ebb,500077,55e121bc9ebb2617f32c7eb936a926a389d26f41f9e7f4f4efaab4ecd1e48586,0.0,-1,1,0
4654de3cc2b4593076d440ba282905a7e7fd8e7e5f5bb6453ed4e617dc3c1963,MT10,official_clean,drawer-close-v3,5,35,MT-ACT,1,0,0,78,05-0035-55e121bc9ebb,500077,55e121bc9ebb2617f32c7eb936a926a389d26f41f9e7f4f4efaab4ecd1e48586,0.0,-1,1,0
4654de3cc2b4593076d440ba282905a7e7fd8e7e5f5bb6453ed4e617dc3c1963,MT10,official_clean,drawer-close-v3,5,35,MT-ACT + Heuristic-Gated Learned Recovery,1,1,1,79,05-0035-55e121bc9ebb,500077,55e121bc9ebb2617f32c7eb936a926a389d26f41f9e7f4f4efaab4ecd1e48586,0.0,30,1,49
4654de3cc2b4593076d440ba282905a7e7fd8e7e5f5bb6453ed4e617dc3c1963,MT10,official_clean,drawer-close-v3,5,35,MT-REIM,1,0,0,78,05-0035-55e121bc9ebb,500077,55e121bc9ebb2617f32c7eb936a926a389d26f41f9e7f4f4efaab4ecd1e48586,0.46962693333625793,-1,1,0
4654de3cc2b4593076d440ba282905a7e7fd8e7e5f5bb6453ed4e617dc3c1963,MT10,official_clean,drawer-close-v3,5,36,MT-MLP BC,1,0,0,79,05-0036-fb63be57d4fe,500078,fb63be57d4fe76b941a4c888d3705f5b22e995a3fee9fcf943250e61e01fbf01,0.0,-1,1,0
4654de3cc2b4593076d440ba282905a7e7fd8e7e5f5bb6453ed4e617dc3c1963,MT10,official_clean,drawer-close-v3,5,36,MT-ACT,1,0,0,78,05-0036-fb63be57d4fe,500078,fb63be57d4fe76b941a4c888d3705f5b22e995a3fee9fcf943250e61e01fbf01,0.0,-1,1,0
4654de3cc2b4593076d440ba282905a7e7fd8e7e5f5bb6453ed4e617dc3c1963,MT10,official_clean,drawer-close-v3,5,36,MT-ACT + Heuristic-Gated Learned Recovery,1,1,1,78,05-0036-fb63be57d4fe,500078,fb63be57d4fe76b941a4c888d3705f5b22e995a3fee9fcf943250e61e01fbf01,0.0,30,1,48
4654de3cc2b4593076d440ba282905a7e7fd8e7e5f5bb6453ed4e617dc3c1963,MT10,official_clean,drawer-close-v3,5,36,MT-REIM,1,1,1,79,05-0036-fb63be57d4fe,500078,fb63be57d4fe76b941a4c888d3705f5b22e995a3fee9fcf943250e61e01fbf01,0.661747395992279,40,1,39
4654de3cc2b4593076d440ba282905a7e7fd8e7e5f5bb6453ed4e617dc3c1963,MT10,official_clean,drawer-close-v3,5,37,MT-MLP BC,1,0,0,79,05-0037-2677f091744d,500079,2677f091744d4d487c0dd790ca3fe5de0606728d59abb4acb8e21158a00f5417,0.0,-1,1,0
4654de3cc2b4593076d440ba282905a7e7fd8e7e5f5bb6453ed4e617dc3c1963,MT10,official_clean,drawer-close-v3,5,37,MT-ACT,1,0,0,78,05-0037-2677f091744d,500079,2677f091744d4d487c0dd790ca3fe5de0606728d59abb4acb8e21158a00f5417,0.0,-1,1,0
4654de3cc2b4593076d440ba282905a7e7fd8e7e5f5bb6453ed4e617dc3c1963,MT10,official_clean,drawer-close-v3,5,37,MT-ACT + Heuristic-Gated Learned Recovery,1,1,1,78,05-0037-2677f091744d,500079,2677f091744d4d487c0dd790ca3fe5de0606728d59abb4acb8e21158a00f5417,0.0,30,1,48
4654de3cc2b4593076d440ba282905a7e7fd8e7e5f5bb6453ed4e617dc3c1963,MT10,official_clean,drawer-close-v3,5,37,MT-REIM,1,1,1,79,05-0037-2677f091744d,500079,2677f091744d4d487c0dd790ca3fe5de0606728d59abb4acb8e21158a00f5417,0.6704569458961487,39,1,40
4654de3cc2b4593076d440ba282905a7e7fd8e7e5f5bb6453ed4e617dc3c1963,MT10,official_clean,drawer-close-v3,5,38,MT-MLP BC,1,0,0,79,05-0038-562237847d81,500080,562237847d818a718f1fd8dc1067725bc0b982e16333b072a1af034268f74d35,0.0,-1,1,0
4654de3cc2b4593076d440ba282905a7e7fd8e7e5f5bb6453ed4e617dc3c1963,MT10,official_clean,drawer-close-v3,5,38,MT-ACT,1,0,0,78,05-0038-562237847d81,500080,562237847d818a718f1fd8dc1067725bc0b982e16333b072a1af034268f74d35,0.0,-1,1,0
4654de3cc2b4593076d440ba282905a7e7fd8e7e5f5bb6453ed4e617dc3c1963,MT10,official_clean,drawer-close-v3,5,38,MT-ACT + Heuristic-Gated Learned Recovery,1,1,1,79,05-0038-562237847d81,500080,562237847d818a718f1fd8dc1067725bc0b982e16333b072a1af034268f74d35,0.0,30,1,49
4654de3cc2b4593076d440ba282905a7e7fd8e7e5f5bb6453ed4e617dc3c1963,MT10,official_clean,drawer-close-v3,5,38,MT-REIM,1,0,0,78,05-0038-562237847d81,500080,562237847d818a718f1fd8dc1067725bc0b982e16333b072a1af034268f74d35,0.4901016354560852,-1,1,0
4654de3cc2b4593076d440ba282905a7e7fd8e7e5f5bb6453ed4e617dc3c1963,MT10,official_clean,drawer-close-v3,5,39,MT-MLP BC,1,0,0,78,05-0039-af9f5a4b054e,500081,af9f5a4b054e1cff3be54ab078c531051da2ef8f2d022af51fa4456ae7b46962,0.0,-1,1,0
4654de3cc2b4593076d440ba282905a7e7fd8e7e5f5bb6453ed4e617dc3c1963,MT10,official_clean,drawer-close-v3,5,39,MT-ACT,1,0,0,78,05-0039-af9f5a4b054e,500081,af9f5a4b054e1cff3be54ab078c531051da2ef8f2d022af51fa4456ae7b46962,0.0,-1,1,0
4654de3cc2b4593076d440ba282905a7e7fd8e7e5f5bb6453ed4e617dc3c1963,MT10,official_clean,drawer-close-v3,5,39,MT-ACT + Heuristic-Gated Learned Recovery,1,1,1,79,05-0039-af9f5a4b054e,500081,af9f5a4b054e1cff3be54ab078c531051da2ef8f2d022af51fa4456ae7b46962,0.0,31,1,48
4654de3cc2b4593076d440ba282905a7e7fd8e7e5f5bb6453ed4e617dc3c1963,MT10,official_clean,drawer-close-v3,5,39,MT-REIM,1,0,0,78,05-0039-af9f5a4b054e,500081,af9f5a4b054e1cff3be54ab078c531051da2ef8f2d022af51fa4456ae7b46962,0.44748997688293457,-1,1,0
4654de3cc2b4593076d440ba282905a7e7fd8e7e5f5bb6453ed4e617dc3c1963,MT10,official_clean,drawer-close-v3,5,40,MT-MLP BC,1,0,0,79,05-0040-d9f59d5028de,500082,d9f59d5028de1c3c38e5add5cf9076e4ba50caab8fd286964fd24eff9d02ce61,0.0,-1,1,0
4654de3cc2b4593076d440ba282905a7e7fd8e7e5f5bb6453ed4e617dc3c1963,MT10,official_clean,drawer-close-v3,5,40,MT-ACT,1,0,0,78,05-0040-d9f59d5028de,500082,d9f59d5028de1c3c38e5add5cf9076e4ba50caab8fd286964fd24eff9d02ce61,0.0,-1,1,0
4654de3cc2b4593076d440ba282905a7e7fd8e7e5f5bb6453ed4e617dc3c1963,MT10,official_clean,drawer-close-v3,5,40,MT-ACT + Heuristic-Gated Learned Recovery,1,1,1,79,05-0040-d9f59d5028de,500082,d9f59d5028de1c3c38e5add5cf9076e4ba50caab8fd286964fd24eff9d02ce61,0.0,30,1,49
4654de3cc2b4593076d440ba282905a7e7fd8e7e5f5bb6453ed4e617dc3c1963,MT10,official_clean,drawer-close-v3,5,40,MT-REIM,1,0,0,78,05-0040-d9f59d5028de,500082,d9f59d5028de1c3c38e5add5cf9076e4ba50caab8fd286964fd24eff9d02ce61,0.5219624638557434,-1,1,0
4654de3cc2b4593076d440ba282905a7e7fd8e7e5f5bb6453ed4e617dc3c1963,MT10,official_clean,drawer-close-v3,5,41,MT-MLP BC,1,0,0,79,05-0041-5b02ba13c79c,500083,5b02ba13c79c9b746470c7caff5e969aa1a8d068bcdc6a8027a7d860612d9818,0.0,-1,1,0
4654de3cc2b4593076d440ba282905a7e7fd8e7e5f5bb6453ed4e617dc3c1963,MT10,official_clean,drawer-close-v3,5,41,MT-ACT,1,0,0,78,05-0041-5b02ba13c79c,500083,5b02ba13c79c9b746470c7caff5e969aa1a8d068bcdc6a8027a7d860612d9818,0.0,-1,1,0
4654de3cc2b4593076d440ba282905a7e7fd8e7e5f5bb6453ed4e617dc3c1963,MT10,official_clean,drawer-close-v3,5,41,MT-ACT + Heuristic-Gated Learned Recovery,1,1,1,79,05-0041-5b02ba13c79c,500083,5b02ba13c79c9b746470c7caff5e969aa1a8d068bcdc6a8027a7d860612d9818,0.0,30,1,49
4654de3cc2b4593076d440ba282905a7e7fd8e7e5f5bb6453ed4e617dc3c1963,MT10,official_clean,drawer-close-v3,5,41,MT-REIM,1,0,0,78,05-0041-5b02ba13c79c,500083,5b02ba13c79c9b746470c7caff5e969aa1a8d068bcdc6a8027a7d860612d9818,0.4767862558364868,-1,1,0
4654de3cc2b4593076d440ba282905a7e7fd8e7e5f5bb6453ed4e617dc3c1963,MT10,official_clean,drawer-close-v3,5,42,MT-MLP BC,1,0,0,79,05-0042-02977cd72391,500084,02977cd72391482b67cd2da5f47036459536e7eb2bd2c7393609203c2d9841ba,0.0,-1,1,0
4654de3cc2b4593076d440ba282905a7e7fd8e7e5f5bb6453ed4e617dc3c1963,MT10,official_clean,drawer-close-v3,5,42,MT-ACT,1,0,0,78,05-0042-02977cd72391,500084,02977cd72391482b67cd2da5f47036459536e7eb2bd2c7393609203c2d9841ba,0.0,-1,1,0
4654de3cc2b4593076d440ba282905a7e7fd8e7e5f5bb6453ed4e617dc3c1963,MT10,official_clean,drawer-close-v3,5,42,MT-ACT + Heuristic-Gated Learned Recovery,1,1,1,79,05-0042-02977cd72391,500084,02977cd72391482b67cd2da5f47036459536e7eb2bd2c7393609203c2d9841ba,0.0,30,1,49
4654de3cc2b4593076d440ba282905a7e7fd8e7e5f5bb6453ed4e617dc3c1963,MT10,official_clean,drawer-close-v3,5,42,MT-REIM,1,0,0,78,05-0042-02977cd72391,500084,02977cd72391482b67cd2da5f47036459536e7eb2bd2c7393609203c2d9841ba,0.5055735111236572,-1,1,0
4654de3cc2b4593076d440ba282905a7e7fd8e7e5f5bb6453ed4e617dc3c1963,MT10,official_clean,drawer-close-v3,5,43,MT-MLP BC,1,0,0,78,05-0043-d45d9ec7d07e,500085,d45d9ec7d07e9d5513cf6d0c4b9177f828ded96afda70bca0f0619e302eace31,0.0,-1,1,0
4654de3cc2b4593076d440ba282905a7e7fd8e7e5f5bb6453ed4e617dc3c1963,MT10,official_clean,drawer-close-v3,5,43,MT-ACT,1,0,0,78,05-0043-d45d9ec7d07e,500085,d45d9ec7d07e9d5513cf6d0c4b9177f828ded96afda70bca0f0619e302eace31,0.0,-1,1,0
4654de3cc2b4593076d440ba282905a7e7fd8e7e5f5bb6453ed4e617dc3c1963,MT10,official_clean,drawer-close-v3,5,43,MT-ACT + Heuristic-Gated Learned Recovery,1,1,1,79,05-0043-d45d9ec7d07e,500085,d45d9ec7d07e9d5513cf6d0c4b9177f828ded96afda70bca0f0619e302eace31,0.0,31,1,48
4654de3cc2b4593076d440ba282905a7e7fd8e7e5f5bb6453ed4e617dc3c1963,MT10,official_clean,drawer-close-v3,5,43,MT-REIM,1,1,1,79,05-0043-d45d9ec7d07e,500085,d45d9ec7d07e9d5513cf6d0c4b9177f828ded96afda70bca0f0619e302eace31,0.7089612483978271,36,1,43
4654de3cc2b4593076d440ba282905a7e7fd8e7e5f5bb6453ed4e617dc3c1963,MT10,official_clean,drawer-close-v3,5,44,MT-MLP BC,1,0,0,78,05-0044-b1dad9ecf4b8,500086,b1dad9ecf4b8417e307182ae4c9ac47a9af64b38b2268f99302e1144d390b7b8,0.0,-1,1,0
4654de3cc2b4593076d440ba282905a7e7fd8e7e5f5bb6453ed4e617dc3c1963,MT10,official_clean,drawer-close-v3,5,44,MT-ACT,1,0,0,78,05-0044-b1dad9ecf4b8,500086,b1dad9ecf4b8417e307182ae4c9ac47a9af64b38b2268f99302e1144d390b7b8,0.0,-1,1,0
4654de3cc2b4593076d440ba282905a7e7fd8e7e5f5bb6453ed4e617dc3c1963,MT10,official_clean,drawer-close-v3,5,44,MT-ACT + Heuristic-Gated Learned Recovery,1,1,1,79,05-0044-b1dad9ecf4b8,500086,b1dad9ecf4b8417e307182ae4c9ac47a9af64b38b2268f99302e1144d390b7b8,0.0,31,1,48
4654de3cc2b4593076d440ba282905a7e7fd8e7e5f5bb6453ed4e617dc3c1963,MT10,official_clean,drawer-close-v3,5,44,MT-REIM,1,1,1,79,05-0044-b1dad9ecf4b8,500086,b1dad9ecf4b8417e307182ae4c9ac47a9af64b38b2268f99302e1144d390b7b8,0.70819091796875,36,1,43
4654de3cc2b4593076d440ba282905a7e7fd8e7e5f5bb6453ed4e617dc3c1963,MT10,official_clean,drawer-close-v3,5,45,MT-MLP BC,1,0,0,79,05-0045-748f966fcd92,500087,748f966fcd92530ef26d75d20e7502f028257aa5a3e89a277be1cd8fd8cb8359,0.0,-1,1,0
4654de3cc2b4593076d440ba282905a7e7fd8e7e5f5bb6453ed4e617dc3c1963,MT10,official_clean,drawer-close-v3,5,45,MT-ACT,1,0,0,78,05-0045-748f966fcd92,500087,748f966fcd92530ef26d75d20e7502f028257aa5a3e89a277be1cd8fd8cb8359,0.0,-1,1,0
4654de3cc2b4593076d440ba282905a7e7fd8e7e5f5bb6453ed4e617dc3c1963,MT10,official_clean,drawer-close-v3,5,45,MT-ACT + Heuristic-Gated Learned Recovery,1,1,1,78,05-0045-748f966fcd92,500087,748f966fcd92530ef26d75d20e7502f028257aa5a3e89a277be1cd8fd8cb8359,0.0,30,1,48
4654de3cc2b4593076d440ba282905a7e7fd8e7e5f5bb6453ed4e617dc3c1963,MT10,official_clean,drawer-close-v3,5,45,MT-REIM,1,1,1,79,05-0045-748f966fcd92,500087,748f966fcd92530ef26d75d20e7502f028257aa5a3e89a277be1cd8fd8cb8359,0.6649481654167175,39,1,40
4654de3cc2b4593076d440ba282905a7e7fd8e7e5f5bb6453ed4e617dc3c1963,MT10,official_clean,drawer-close-v3,5,46,MT-MLP BC,1,0,0,79,05-0046-3b09922e5e9d,500088,3b09922e5e9d31238e371c0d91d6714ec156a046c2dd509520d89ffb8271346c,0.0,-1,1,0
4654de3cc2b4593076d440ba282905a7e7fd8e7e5f5bb6453ed4e617dc3c1963,MT10,official_clean,drawer-close-v3,5,46,MT-ACT,1,0,0,78,05-0046-3b09922e5e9d,500088,3b09922e5e9d31238e371c0d91d6714ec156a046c2dd509520d89ffb8271346c,0.0,-1,1,0
4654de3cc2b4593076d440ba282905a7e7fd8e7e5f5bb6453ed4e617dc3c1963,MT10,official_clean,drawer-close-v3,5,46,MT-ACT + Heuristic-Gated Learned Recovery,1,1,1,79,05-0046-3b09922e5e9d,500088,3b09922e5e9d31238e371c0d91d6714ec156a046c2dd509520d89ffb8271346c,0.0,30,1,49
4654de3cc2b4593076d440ba282905a7e7fd8e7e5f5bb6453ed4e617dc3c1963,MT10,official_clean,drawer-close-v3,5,46,MT-REIM,1,0,0,78,05-0046-3b09922e5e9d,500088,3b09922e5e9d31238e371c0d91d6714ec156a046c2dd509520d89ffb8271346c,0.518625020980835,-1,1,0
4654de3cc2b4593076d440ba282905a7e7fd8e7e5f5bb6453ed4e617dc3c1963,MT10,official_clean,drawer-close-v3,5,47,MT-MLP BC,1,0,0,79,05-0047-74c31bcb66db,500089,74c31bcb66db7d8824b6670594bf9d307c52af2abd6aef624f99e644fb36dbdf,0.0,-1,1,0
4654de3cc2b4593076d440ba282905a7e7fd8e7e5f5bb6453ed4e617dc3c1963,MT10,official_clean,drawer-close-v3,5,47,MT-ACT,1,0,0,78,05-0047-74c31bcb66db,500089,74c31bcb66db7d8824b6670594bf9d307c52af2abd6aef624f99e644fb36dbdf,0.0,-1,1,0
4654de3cc2b4593076d440ba282905a7e7fd8e7e5f5bb6453ed4e617dc3c1963,MT10,official_clean,drawer-close-v3,5,47,MT-ACT + Heuristic-Gated Learned Recovery,1,1,1,79,05-0047-74c31bcb66db,500089,74c31bcb66db7d8824b6670594bf9d307c52af2abd6aef624f99e644fb36dbdf,0.0,30,1,49
4654de3cc2b4593076d440ba282905a7e7fd8e7e5f5bb6453ed4e617dc3c1963,MT10,official_clean,drawer-close-v3,5,47,MT-REIM,1,0,0,78,05-0047-74c31bcb66db,500089,74c31bcb66db7d8824b6670594bf9d307c52af2abd6aef624f99e644fb36dbdf,0.475189745426178,-1,1,0
4654de3cc2b4593076d440ba282905a7e7fd8e7e5f5bb6453ed4e617dc3c1963,MT10,official_clean,drawer-close-v3,5,48,MT-MLP BC,1,0,0,78,05-0048-5246f3716fa4,500090,5246f3716fa48a2954a5256ea678fa911ca66a51e1fcca742eb5ce0ae777d2d5,0.0,-1,1,0
4654de3cc2b4593076d440ba282905a7e7fd8e7e5f5bb6453ed4e617dc3c1963,MT10,official_clean,drawer-close-v3,5,48,MT-ACT,1,0,0,78,05-0048-5246f3716fa4,500090,5246f3716fa48a2954a5256ea678fa911ca66a51e1fcca742eb5ce0ae777d2d5,0.0,-1,1,0
4654de3cc2b4593076d440ba282905a7e7fd8e7e5f5bb6453ed4e617dc3c1963,MT10,official_clean,drawer-close-v3,5,48,MT-ACT + Heuristic-Gated Learned Recovery,1,1,1,79,05-0048-5246f3716fa4,500090,5246f3716fa48a2954a5256ea678fa911ca66a51e1fcca742eb5ce0ae777d2d5,0.0,33,1,46
4654de3cc2b4593076d440ba282905a7e7fd8e7e5f5bb6453ed4e617dc3c1963,MT10,official_clean,drawer-close-v3,5,48,MT-REIM,1,1,1,79,05-0048-5246f3716fa4,500090,5246f3716fa48a2954a5256ea678fa911ca66a51e1fcca742eb5ce0ae777d2d5,0.7300353050231934,36,1,43
4654de3cc2b4593076d440ba282905a7e7fd8e7e5f5bb6453ed4e617dc3c1963,MT10,official_clean,drawer-close-v3,5,49,MT-MLP BC,1,0,0,78,05-0049-618b1ab5ee56,500091,618b1ab5ee5680f4c78db0570ce60a721a2842fe01f423010bbb42e20badaca8,0.0,-1,1,0
4654de3cc2b4593076d440ba282905a7e7fd8e7e5f5bb6453ed4e617dc3c1963,MT10,official_clean,drawer-close-v3,5,49,MT-ACT,1,0,0,79,05-0049-618b1ab5ee56,500091,618b1ab5ee5680f4c78db0570ce60a721a2842fe01f423010bbb42e20badaca8,0.0,-1,1,0
4654de3cc2b4593076d440ba282905a7e7fd8e7e5f5bb6453ed4e617dc3c1963,MT10,official_clean,drawer-close-v3,5,49,MT-ACT + Heuristic-Gated Learned Recovery,1,0,0,79,05-0049-618b1ab5ee56,500091,618b1ab5ee5680f4c78db0570ce60a721a2842fe01f423010bbb42e20badaca8,0.0,-1,1,0
4654de3cc2b4593076d440ba282905a7e7fd8e7e5f5bb6453ed4e617dc3c1963,MT10,official_clean,drawer-close-v3,5,49,MT-REIM,1,0,0,79,05-0049-618b1ab5ee56,500091,618b1ab5ee5680f4c78db0570ce60a721a2842fe01f423010bbb42e20badaca8,0.4723414182662964,-1,1,0
4654de3cc2b4593076d440ba282905a7e7fd8e7e5f5bb6453ed4e617dc3c1963,MT10,official_clean,button-press-topdown-v3,6,0,MT-MLP BC,1,0,0,62,06-0000-afba0c595eae,600042,afba0c595eaeadefc7fce0064ac6806ab9d4c8fefb95bb842f8c2dd96cc30ca2,0.0,-1,1,0
4654de3cc2b4593076d440ba282905a7e7fd8e7e5f5bb6453ed4e617dc3c1963,MT10,official_clean,button-press-topdown-v3,6,0,MT-ACT,1,0,0,63,06-0000-afba0c595eae,600042,afba0c595eaeadefc7fce0064ac6806ab9d4c8fefb95bb842f8c2dd96cc30ca2,0.0,-1,1,0
4654de3cc2b4593076d440ba282905a7e7fd8e7e5f5bb6453ed4e617dc3c1963,MT10,official_clean,button-press-topdown-v3,6,0,MT-ACT + Heuristic-Gated Learned Recovery,1,0,0,63,06-0000-afba0c595eae,600042,afba0c595eaeadefc7fce0064ac6806ab9d4c8fefb95bb842f8c2dd96cc30ca2,0.0,-1,1,0
4654de3cc2b4593076d440ba282905a7e7fd8e7e5f5bb6453ed4e617dc3c1963,MT10,official_clean,button-press-topdown-v3,6,0,MT-REIM,1,1,1,64,06-0000-afba0c595eae,600042,afba0c595eaeadefc7fce0064ac6806ab9d4c8fefb95bb842f8c2dd96cc30ca2,0.6794930696487427,1,1,63
4654de3cc2b4593076d440ba282905a7e7fd8e7e5f5bb6453ed4e617dc3c1963,MT10,official_clean,button-press-topdown-v3,6,1,MT-MLP BC,1,0,0,63,06-0001-c6113574e6fc,600043,c6113574e6fc0e0c9248819e5731525992f24ed60a09d9fb8659f4d0a1812404,0.0,-1,1,0
4654de3cc2b4593076d440ba282905a7e7fd8e7e5f5bb6453ed4e617dc3c1963,MT10,official_clean,button-press-topdown-v3,6,1,MT-ACT,1,0,0,63,06-0001-c6113574e6fc,600043,c6113574e6fc0e0c9248819e5731525992f24ed60a09d9fb8659f4d0a1812404,0.0,-1,1,0
4654de3cc2b4593076d440ba282905a7e7fd8e7e5f5bb6453ed4e617dc3c1963,MT10,official_clean,button-press-topdown-v3,6,1,MT-ACT + Heuristic-Gated Learned Recovery,1,0,0,63,06-0001-c6113574e6fc,600043,c6113574e6fc0e0c9248819e5731525992f24ed60a09d9fb8659f4d0a1812404,0.0,-1,1,0
4654de3cc2b4593076d440ba282905a7e7fd8e7e5f5bb6453ed4e617dc3c1963,MT10,official_clean,button-press-topdown-v3,6,1,MT-REIM,1,0,0,63,06-0001-c6113574e6fc,600043,c6113574e6fc0e0c9248819e5731525992f24ed60a09d9fb8659f4d0a1812404,0.615584671497345,-1,1,0
4654de3cc2b4593076d440ba282905a7e7fd8e7e5f5bb6453ed4e617dc3c1963,MT10,official_clean,button-press-topdown-v3,6,2,MT-MLP BC,1,0,0,60,06-0002-835e87f97da5,600044,835e87f97da5f6af31d6c7fcae694df5ebce76b8da3c574c6001aa4184498712,0.0,-1,1,0
4654de3cc2b4593076d440ba282905a7e7fd8e7e5f5bb6453ed4e617dc3c1963,MT10,official_clean,button-press-topdown-v3,6,2,MT-ACT,1,0,0,60,06-0002-835e87f97da5,600044,835e87f97da5f6af31d6c7fcae694df5ebce76b8da3c574c6001aa4184498712,0.0,-1,1,0
4654de3cc2b4593076d440ba282905a7e7fd8e7e5f5bb6453ed4e617dc3c1963,MT10,official_clean,button-press-topdown-v3,6,2,MT-ACT + Heuristic-Gated Learned Recovery,1,0,0,60,06-0002-835e87f97da5,600044,835e87f97da5f6af31d6c7fcae694df5ebce76b8da3c574c6001aa4184498712,0.0,-1,1,0
4654de3cc2b4593076d440ba282905a7e7fd8e7e5f5bb6453ed4e617dc3c1963,MT10,official_clean,button-press-topdown-v3,6,2,MT-REIM,1,0,0,60,06-0002-835e87f97da5,600044,835e87f97da5f6af31d6c7fcae694df5ebce76b8da3c574c6001aa4184498712,0.6280035376548767,-1,1,0
4654de3cc2b4593076d440ba282905a7e7fd8e7e5f5bb6453ed4e617dc3c1963,MT10,official_clean,button-press-topdown-v3,6,3,MT-MLP BC,1,0,0,72,06-0003-23a73ac7cc70,600045,23a73ac7cc7039f9e5075711b7e1e7f92292a22941bfaa83b198e7cf01736199,0.0,-1,1,0
4654de3cc2b4593076d440ba282905a7e7fd8e7e5f5bb6453ed4e617dc3c1963,MT10,official_clean,button-press-topdown-v3,6,3,MT-ACT,1,0,0,72,06-0003-23a73ac7cc70,600045,23a73ac7cc7039f9e5075711b7e1e7f92292a22941bfaa83b198e7cf01736199,0.0,-1,1,0
4654de3cc2b4593076d440ba282905a7e7fd8e7e5f5bb6453ed4e617dc3c1963,MT10,official_clean,button-press-topdown-v3,6,3,MT-ACT + Heuristic-Gated Learned Recovery,1,0,0,72,06-0003-23a73ac7cc70,600045,23a73ac7cc7039f9e5075711b7e1e7f92292a22941bfaa83b198e7cf01736199,0.0,-1,1,0
4654de3cc2b4593076d440ba282905a7e7fd8e7e5f5bb6453ed4e617dc3c1963,MT10,official_clean,button-press-topdown-v3,6,3,MT-REIM,1,0,0,72,06-0003-23a73ac7cc70,600045,23a73ac7cc7039f9e5075711b7e1e7f92292a22941bfaa83b198e7cf01736199,0.591507077217102,-1,1,0
4654de3cc2b4593076d440ba282905a7e7fd8e7e5f5bb6453ed4e617dc3c1963,MT10,official_clean,button-press-topdown-v3,6,4,MT-MLP BC,1,0,0,72,06-0004-2c6457bbab1d,600046,2c6457bbab1d36b50fd6427a9a837d29181281dc33d43d1ff7a6b699d956de37,0.0,-1,1,0
4654de3cc2b4593076d440ba282905a7e7fd8e7e5f5bb6453ed4e617dc3c1963,MT10,official_clean,button-press-topdown-v3,6,4,MT-ACT,1,0,0,73,06-0004-2c6457bbab1d,600046,2c6457bbab1d36b50fd6427a9a837d29181281dc33d43d1ff7a6b699d956de37,0.0,-1,1,0
4654de3cc2b4593076d440ba282905a7e7fd8e7e5f5bb6453ed4e617dc3c1963,MT10,official_clean,button-press-topdown-v3,6,4,MT-ACT + Heuristic-Gated Learned Recovery,1,0,0,73,06-0004-2c6457bbab1d,600046,2c6457bbab1d36b50fd6427a9a837d29181281dc33d43d1ff7a6b699d956de37,0.0,-1,1,0
4654de3cc2b4593076d440ba282905a7e7fd8e7e5f5bb6453ed4e617dc3c1963,MT10,official_clean,button-press-topdown-v3,6,4,MT-REIM,1,0,0,73,06-0004-2c6457bbab1d,600046,2c6457bbab1d36b50fd6427a9a837d29181281dc33d43d1ff7a6b699d956de37,0.5808682441711426,-1,1,0
4654de3cc2b4593076d440ba282905a7e7fd8e7e5f5bb6453ed4e617dc3c1963,MT10,official_clean,button-press-topdown-v3,6,5,MT-MLP BC,1,0,0,58,06-0005-db0b97b9db60,600047,db0b97b9db60d6a5afc9e91d19d12228a4e18b1e9f2cdd238d392aa68f777629,0.0,-1,1,0
4654de3cc2b4593076d440ba282905a7e7fd8e7e5f5bb6453ed4e617dc3c1963,MT10,official_clean,button-press-topdown-v3,6,5,MT-ACT,1,0,0,58,06-0005-db0b97b9db60,600047,db0b97b9db60d6a5afc9e91d19d12228a4e18b1e9f2cdd238d392aa68f777629,0.0,-1,1,0
4654de3cc2b4593076d440ba282905a7e7fd8e7e5f5bb6453ed4e617dc3c1963,MT10,official_clean,button-press-topdown-v3,6,5,MT-ACT + Heuristic-Gated Learned Recovery,1,0,0,58,06-0005-db0b97b9db60,600047,db0b97b9db60d6a5afc9e91d19d12228a4e18b1e9f2cdd238d392aa68f777629,0.0,-1,1,0
4654de3cc2b4593076d440ba282905a7e7fd8e7e5f5bb6453ed4e617dc3c1963,MT10,official_clean,button-press-topdown-v3,6,5,MT-REIM,1,0,0,58,06-0005-db0b97b9db60,600047,db0b97b9db60d6a5afc9e91d19d12228a4e18b1e9f2cdd238d392aa68f777629,0.6443505883216858,-1,1,0
4654de3cc2b4593076d440ba282905a7e7fd8e7e5f5bb6453ed4e617dc3c1963,MT10,official_clean,button-press-topdown-v3,6,6,MT-MLP BC,1,0,0,59,06-0006-19da05546a82,600048,19da05546a82486e7d4608362c88d4078df445a31c9e791b01bdc5df57b8bac4,0.0,-1,1,0
4654de3cc2b4593076d440ba282905a7e7fd8e7e5f5bb6453ed4e617dc3c1963,MT10,official_clean,button-press-topdown-v3,6,6,MT-ACT,1,0,0,59,06-0006-19da05546a82,600048,19da05546a82486e7d4608362c88d4078df445a31c9e791b01bdc5df57b8bac4,0.0,-1,1,0
4654de3cc2b4593076d440ba282905a7e7fd8e7e5f5bb6453ed4e617dc3c1963,MT10,official_clean,button-press-topdown-v3,6,6,MT-ACT + Heuristic-Gated Learned Recovery,1,0,0,59,06-0006-19da05546a82,600048,19da05546a82486e7d4608362c88d4078df445a31c9e791b01bdc5df57b8bac4,0.0,-1,1,0
4654de3cc2b4593076d440ba282905a7e7fd8e7e5f5bb6453ed4e617dc3c1963,MT10,official_clean,button-press-topdown-v3,6,6,MT-REIM,1,0,0,59,06-0006-19da05546a82,600048,19da05546a82486e7d4608362c88d4078df445a31c9e791b01bdc5df57b8bac4,0.6393927931785583,-1,1,0
4654de3cc2b4593076d440ba282905a7e7fd8e7e5f5bb6453ed4e617dc3c1963,MT10,official_clean,button-press-topdown-v3,6,7,MT-MLP BC,1,0,0,63,06-0007-baf1b331a951,600049,baf1b331a95128bdbf83e8237607b5c727e8996e91b0803a7a1929b87ca770f5,0.0,-1,1,0
4654de3cc2b4593076d440ba282905a7e7fd8e7e5f5bb6453ed4e617dc3c1963,MT10,official_clean,button-press-topdown-v3,6,7,MT-ACT,1,0,0,63,06-0007-baf1b331a951,600049,baf1b331a95128bdbf83e8237607b5c727e8996e91b0803a7a1929b87ca770f5,0.0,-1,1,0
4654de3cc2b4593076d440ba282905a7e7fd8e7e5f5bb6453ed4e617dc3c1963,MT10,official_clean,button-press-topdown-v3,6,7,MT-ACT + Heuristic-Gated Learned Recovery,1,0,0,63,06-0007-baf1b331a951,600049,baf1b331a95128bdbf83e8237607b5c727e8996e91b0803a7a1929b87ca770f5,0.0,-1,1,0
4654de3cc2b4593076d440ba282905a7e7fd8e7e5f5bb6453ed4e617dc3c1963,MT10,official_clean,button-press-topdown-v3,6,7,MT-REIM,1,1,1,65,06-0007-baf1b331a951,600049,baf1b331a95128bdbf83e8237607b5c727e8996e91b0803a7a1929b87ca770f5,0.6780312657356262,1,1,64
4654de3cc2b4593076d440ba282905a7e7fd8e7e5f5bb6453ed4e617dc3c1963,MT10,official_clean,button-press-topdown-v3,6,8,MT-MLP BC,1,0,0,65,06-0008-eee7ebe3c4dc,600050,eee7ebe3c4dc29644604a3852bbac99bfbdb430eb4ff81316c8db7ef8f57b798,0.0,-1,1,0
4654de3cc2b4593076d440ba282905a7e7fd8e7e5f5bb6453ed4e617dc3c1963,MT10,official_clean,button-press-topdown-v3,6,8,MT-ACT,1,0,0,65,06-0008-eee7ebe3c4dc,600050,eee7ebe3c4dc29644604a3852bbac99bfbdb430eb4ff81316c8db7ef8f57b798,0.0,-1,1,0
4654de3cc2b4593076d440ba282905a7e7fd8e7e5f5bb6453ed4e617dc3c1963,MT10,official_clean,button-press-topdown-v3,6,8,MT-ACT + Heuristic-Gated Learned Recovery,1,0,0,65,06-0008-eee7ebe3c4dc,600050,eee7ebe3c4dc29644604a3852bbac99bfbdb430eb4ff81316c8db7ef8f57b798,0.0,-1,1,0
4654de3cc2b4593076d440ba282905a7e7fd8e7e5f5bb6453ed4e617dc3c1963,MT10,official_clean,button-press-topdown-v3,6,8,MT-REIM,1,0,0,65,06-0008-eee7ebe3c4dc,600050,eee7ebe3c4dc29644604a3852bbac99bfbdb430eb4ff81316c8db7ef8f57b798,0.6433157920837402,-1,1,0
4654de3cc2b4593076d440ba282905a7e7fd8e7e5f5bb6453ed4e617dc3c1963,MT10,official_clean,button-press-topdown-v3,6,9,MT-MLP BC,1,0,0,59,06-0009-b873be571bde,600051,b873be571bde2f1abe2e12cb6e9ddc09f7172a4e7a68ae00c47cfd843b3c29dd,0.0,-1,1,0
4654de3cc2b4593076d440ba282905a7e7fd8e7e5f5bb6453ed4e617dc3c1963,MT10,official_clean,button-press-topdown-v3,6,9,MT-ACT,1,0,0,59,06-0009-b873be571bde,600051,b873be571bde2f1abe2e12cb6e9ddc09f7172a4e7a68ae00c47cfd843b3c29dd,0.0,-1,1,0
4654de3cc2b4593076d440ba282905a7e7fd8e7e5f5bb6453ed4e617dc3c1963,MT10,official_clean,button-press-topdown-v3,6,9,MT-ACT + Heuristic-Gated Learned Recovery,1,0,0,59,06-0009-b873be571bde,600051,b873be571bde2f1abe2e12cb6e9ddc09f7172a4e7a68ae00c47cfd843b3c29dd,0.0,-1,1,0
4654de3cc2b4593076d440ba282905a7e7fd8e7e5f5bb6453ed4e617dc3c1963,MT10,official_clean,button-press-topdown-v3,6,9,MT-REIM,1,0,0,59,06-0009-b873be571bde,600051,b873be571bde2f1abe2e12cb6e9ddc09f7172a4e7a68ae00c47cfd843b3c29dd,0.6072421073913574,-1,1,0
4654de3cc2b4593076d440ba282905a7e7fd8e7e5f5bb6453ed4e617dc3c1963,MT10,official_clean,button-press-topdown-v3,6,10,MT-MLP BC,1,0,0,64,06-0010-c74020b73cdd,600052,c74020b73cdd103d7b5b84c11a4e8494f02f92c9413c3b5498da0c6be9e5ac0d,0.0,-1,1,0
4654de3cc2b4593076d440ba282905a7e7fd8e7e5f5bb6453ed4e617dc3c1963,MT10,official_clean,button-press-topdown-v3,6,10,MT-ACT,1,0,0,65,06-0010-c74020b73cdd,600052,c74020b73cdd103d7b5b84c11a4e8494f02f92c9413c3b5498da0c6be9e5ac0d,0.0,-1,1,0
4654de3cc2b4593076d440ba282905a7e7fd8e7e5f5bb6453ed4e617dc3c1963,MT10,official_clean,button-press-topdown-v3,6,10,MT-ACT + Heuristic-Gated Learned Recovery,1,0,0,65,06-0010-c74020b73cdd,600052,c74020b73cdd103d7b5b84c11a4e8494f02f92c9413c3b5498da0c6be9e5ac0d,0.0,-1,1,0
4654de3cc2b4593076d440ba282905a7e7fd8e7e5f5bb6453ed4e617dc3c1963,MT10,official_clean,button-press-topdown-v3,6,10,MT-REIM,1,0,0,65,06-0010-c74020b73cdd,600052,c74020b73cdd103d7b5b84c11a4e8494f02f92c9413c3b5498da0c6be9e5ac0d,0.6433883905410767,-1,1,0
4654de3cc2b4593076d440ba282905a7e7fd8e7e5f5bb6453ed4e617dc3c1963,MT10,official_clean,button-press-topdown-v3,6,11,MT-MLP BC,1,0,0,62,06-0011-2338e59fe446,600053,2338e59fe44643df0383ee77ff45c5055e60832457ae79fd9d01123abd62486c,0.0,-1,1,0
4654de3cc2b4593076d440ba282905a7e7fd8e7e5f5bb6453ed4e617dc3c1963,MT10,official_clean,button-press-topdown-v3,6,11,MT-ACT,1,0,0,62,06-0011-2338e59fe446,600053,2338e59fe44643df0383ee77ff45c5055e60832457ae79fd9d01123abd62486c,0.0,-1,1,0
4654de3cc2b4593076d440ba282905a7e7fd8e7e5f5bb6453ed4e617dc3c1963,MT10,official_clean,button-press-topdown-v3,6,11,MT-ACT + Heuristic-Gated Learned Recovery,1,0,0,62,06-0011-2338e59fe446,600053,2338e59fe44643df0383ee77ff45c5055e60832457ae79fd9d01123abd62486c,0.0,-1,1,0
4654de3cc2b4593076d440ba282905a7e7fd8e7e5f5bb6453ed4e617dc3c1963,MT10,official_clean,button-press-topdown-v3,6,11,MT-REIM,1,1,1,64,06-0011-2338e59fe446,600053,2338e59fe44643df0383ee77ff45c5055e60832457ae79fd9d01123abd62486c,0.6628869771957397,2,1,62
4654de3cc2b4593076d440ba282905a7e7fd8e7e5f5bb6453ed4e617dc3c1963,MT10,official_clean,button-press-topdown-v3,6,12,MT-MLP BC,1,0,0,74,06-0012-955cf2fa621e,600054,955cf2fa621e1d8a2d12f00e257a0a6a6bed70c5493ae9e55adaa06f300887f0,0.0,-1,1,0
4654de3cc2b4593076d440ba282905a7e7fd8e7e5f5bb6453ed4e617dc3c1963,MT10,official_clean,button-press-topdown-v3,6,12,MT-ACT,1,0,0,74,06-0012-955cf2fa621e,600054,955cf2fa621e1d8a2d12f00e257a0a6a6bed70c5493ae9e55adaa06f300887f0,0.0,-1,1,0
4654de3cc2b4593076d440ba282905a7e7fd8e7e5f5bb6453ed4e617dc3c1963,MT10,official_clean,button-press-topdown-v3,6,12,MT-ACT + Heuristic-Gated Learned Recovery,1,0,0,74,06-0012-955cf2fa621e,600054,955cf2fa621e1d8a2d12f00e257a0a6a6bed70c5493ae9e55adaa06f300887f0,0.0,-1,1,0
4654de3cc2b4593076d440ba282905a7e7fd8e7e5f5bb6453ed4e617dc3c1963,MT10,official_clean,button-press-topdown-v3,6,12,MT-REIM,1,1,1,76,06-0012-955cf2fa621e,600054,955cf2fa621e1d8a2d12f00e257a0a6a6bed70c5493ae9e55adaa06f300887f0,0.6779780387878418,1,1,75
4654de3cc2b4593076d440ba282905a7e7fd8e7e5f5bb6453ed4e617dc3c1963,MT10,official_clean,button-press-topdown-v3,6,13,MT-MLP BC,1,0,0,67,06-0013-0c02b22f09ee,600055,0c02b22f09ee7daa97be6c086bde1b9efcd5789ab6e00081ad51d0b29041c749,0.0,-1,1,0
4654de3cc2b4593076d440ba282905a7e7fd8e7e5f5bb6453ed4e617dc3c1963,MT10,official_clean,button-press-topdown-v3,6,13,MT-ACT,1,0,0,67,06-0013-0c02b22f09ee,600055,0c02b22f09ee7daa97be6c086bde1b9efcd5789ab6e00081ad51d0b29041c749,0.0,-1,1,0
4654de3cc2b4593076d440ba282905a7e7fd8e7e5f5bb6453ed4e617dc3c1963,MT10,official_clean,button-press-topdown-v3,6,13,MT-ACT + Heuristic-Gated Learned Recovery,1,0,0,67,06-0013-0c02b22f09ee,600055,0c02b22f09ee7daa97be6c086bde1b9efcd5789ab6e00081ad51d0b29041c749,0.0,-1,1,0
4654de3cc2b4593076d440ba282905a7e7fd8e7e5f5bb6453ed4e617dc3c1963,MT10,official_clean,button-press-topdown-v3,6,13,MT-REIM,1,0,0,67,06-0013-0c02b22f09ee,600055,0c02b22f09ee7daa97be6c086bde1b9efcd5789ab6e00081ad51d0b29041c749,0.6094874739646912,-1,1,0
4654de3cc2b4593076d440ba282905a7e7fd8e7e5f5bb6453ed4e617dc3c1963,MT10,official_clean,button-press-topdown-v3,6,14,MT-MLP BC,1,0,0,59,06-0014-eeef3b5d33ee,600056,eeef3b5d33eef0dfcd937799a603b931b60c8dd4618f0a87ba981e39828be1b7,0.0,-1,1,0
4654de3cc2b4593076d440ba282905a7e7fd8e7e5f5bb6453ed4e617dc3c1963,MT10,official_clean,button-press-topdown-v3,6,14,MT-ACT,1,0,0,59,06-0014-eeef3b5d33ee,600056,eeef3b5d33eef0dfcd937799a603b931b60c8dd4618f0a87ba981e39828be1b7,0.0,-1,1,0
4654de3cc2b4593076d440ba282905a7e7fd8e7e5f5bb6453ed4e617dc3c1963,MT10,official_clean,button-press-topdown-v3,6,14,MT-ACT + Heuristic-Gated Learned Recovery,1,0,0,59,06-0014-eeef3b5d33ee,600056,eeef3b5d33eef0dfcd937799a603b931b60c8dd4618f0a87ba981e39828be1b7,0.0,-1,1,0
4654de3cc2b4593076d440ba282905a7e7fd8e7e5f5bb6453ed4e617dc3c1963,MT10,official_clean,button-press-topdown-v3,6,14,MT-REIM,1,0,0,59,06-0014-eeef3b5d33ee,600056,eeef3b5d33eef0dfcd937799a603b931b60c8dd4618f0a87ba981e39828be1b7,0.6481339931488037,-1,1,0
4654de3cc2b4593076d440ba282905a7e7fd8e7e5f5bb6453ed4e617dc3c1963,MT10,official_clean,button-press-topdown-v3,6,15,MT-MLP BC,1,0,0,64,06-0015-2d5754b18341,600057,2d5754b18341d1ca692ef84b1a455e5275ae88795b11c93da79490811e0cad5a,0.0,-1,1,0
4654de3cc2b4593076d440ba282905a7e7fd8e7e5f5bb6453ed4e617dc3c1963,MT10,official_clean,button-press-topdown-v3,6,15,MT-ACT,1,0,0,64,06-0015-2d5754b18341,600057,2d5754b18341d1ca692ef84b1a455e5275ae88795b11c93da79490811e0cad5a,0.0,-1,1,0
4654de3cc2b4593076d440ba282905a7e7fd8e7e5f5bb6453ed4e617dc3c1963,MT10,official_clean,button-press-topdown-v3,6,15,MT-ACT + Heuristic-Gated Learned Recovery,1,0,0,64,06-0015-2d5754b18341,600057,2d5754b18341d1ca692ef84b1a455e5275ae88795b11c93da79490811e0cad5a,0.0,-1,1,0
4654de3cc2b4593076d440ba282905a7e7fd8e7e5f5bb6453ed4e617dc3c1963,MT10,official_clean,button-press-topdown-v3,6,15,MT-REIM,1,0,0,64,06-0015-2d5754b18341,600057,2d5754b18341d1ca692ef84b1a455e5275ae88795b11c93da79490811e0cad5a,0.6228942275047302,-1,1,0
4654de3cc2b4593076d440ba282905a7e7fd8e7e5f5bb6453ed4e617dc3c1963,MT10,official_clean,button-press-topdown-v3,6,16,MT-MLP BC,1,0,0,61,06-0016-0539becf538b,600058,0539becf538bd5ecd7e1f16c44bb35189ed644651943f4dc1a4182f65810ffc9,0.0,-1,1,0
4654de3cc2b4593076d440ba282905a7e7fd8e7e5f5bb6453ed4e617dc3c1963,MT10,official_clean,button-press-topdown-v3,6,16,MT-ACT,1,0,0,62,06-0016-0539becf538b,600058,0539becf538bd5ecd7e1f16c44bb35189ed644651943f4dc1a4182f65810ffc9,0.0,-1,1,0
4654de3cc2b4593076d440ba282905a7e7fd8e7e5f5bb6453ed4e617dc3c1963,MT10,official_clean,button-press-topdown-v3,6,16,MT-ACT + Heuristic-Gated Learned Recovery,1,0,0,62,06-0016-0539becf538b,600058,0539becf538bd5ecd7e1f16c44bb35189ed644651943f4dc1a4182f65810ffc9,0.0,-1,1,0
4654de3cc2b4593076d440ba282905a7e7fd8e7e5f5bb6453ed4e617dc3c1963,MT10,official_clean,button-press-topdown-v3,6,16,MT-REIM,1,0,0,62,06-0016-0539becf538b,600058,0539becf538bd5ecd7e1f16c44bb35189ed644651943f4dc1a4182f65810ffc9,0.6011874675750732,-1,1,0
4654de3cc2b4593076d440ba282905a7e7fd8e7e5f5bb6453ed4e617dc3c1963,MT10,official_clean,button-press-topdown-v3,6,17,MT-MLP BC,1,0,0,73,06-0017-3c74a43fd503,600059,3c74a43fd503f125909fdb2ba1c0c36ab05340dc9d8a5494d71a8466f387ed45,0.0,-1,1,0
4654de3cc2b4593076d440ba282905a7e7fd8e7e5f5bb6453ed4e617dc3c1963,MT10,official_clean,button-press-topdown-v3,6,17,MT-ACT,1,0,0,73,06-0017-3c74a43fd503,600059,3c74a43fd503f125909fdb2ba1c0c36ab05340dc9d8a5494d71a8466f387ed45,0.0,-1,1,0
4654de3cc2b4593076d440ba282905a7e7fd8e7e5f5bb6453ed4e617dc3c1963,MT10,official_clean,button-press-topdown-v3,6,17,MT-ACT + Heuristic-Gated Learned Recovery,1,0,0,73,06-0017-3c74a43fd503,600059,3c74a43fd503f125909fdb2ba1c0c36ab05340dc9d8a5494d71a8466f387ed45,0.0,-1,1,0
4654de3cc2b4593076d440ba282905a7e7fd8e7e5f5bb6453ed4e617dc3c1963,MT10,official_clean,button-press-topdown-v3,6,17,MT-REIM,1,0,0,73,06-0017-3c74a43fd503,600059,3c74a43fd503f125909fdb2ba1c0c36ab05340dc9d8a5494d71a8466f387ed45,0.6281222701072693,-1,1,0
4654de3cc2b4593076d440ba282905a7e7fd8e7e5f5bb6453ed4e617dc3c1963,MT10,official_clean,button-press-topdown-v3,6,18,MT-MLP BC,1,0,0,61,06-0018-d825f42b31e4,600060,d825f42b31e4c39825ec09434e266768172db7d0c66271bab0c147f39351b524,0.0,-1,1,0
4654de3cc2b4593076d440ba282905a7e7fd8e7e5f5bb6453ed4e617dc3c1963,MT10,official_clean,button-press-topdown-v3,6,18,MT-ACT,1,0,0,61,06-0018-d825f42b31e4,600060,d825f42b31e4c39825ec09434e266768172db7d0c66271bab0c147f39351b524,0.0,-1,1,0
4654de3cc2b4593076d440ba282905a7e7fd8e7e5f5bb6453ed4e617dc3c1963,MT10,official_clean,button-press-topdown-v3,6,18,MT-ACT + Heuristic-Gated Learned Recovery,1,0,0,61,06-0018-d825f42b31e4,600060,d825f42b31e4c39825ec09434e266768172db7d0c66271bab0c147f39351b524,0.0,-1,1,0
4654de3cc2b4593076d440ba282905a7e7fd8e7e5f5bb6453ed4e617dc3c1963,MT10,official_clean,button-press-topdown-v3,6,18,MT-REIM,1,0,0,61,06-0018-d825f42b31e4,600060,d825f42b31e4c39825ec09434e266768172db7d0c66271bab0c147f39351b524,0.6394861340522766,-1,1,0
4654de3cc2b4593076d440ba282905a7e7fd8e7e5f5bb6453ed4e617dc3c1963,MT10,official_clean,button-press-topdown-v3,6,19,MT-MLP BC,1,0,0,74,06-0019-37604a94d71a,600061,37604a94d71a6d9d7de55019c948568f2c75ba91188704c8557b3cfc8e60504e,0.0,-1,1,0
4654de3cc2b4593076d440ba282905a7e7fd8e7e5f5bb6453ed4e617dc3c1963,MT10,official_clean,button-press-topdown-v3,6,19,MT-ACT,1,0,0,74,06-0019-37604a94d71a,600061,37604a94d71a6d9d7de55019c948568f2c75ba91188704c8557b3cfc8e60504e,0.0,-1,1,0
4654de3cc2b4593076d440ba282905a7e7fd8e7e5f5bb6453ed4e617dc3c1963,MT10,official_clean,button-press-topdown-v3,6,19,MT-ACT + Heuristic-Gated Learned Recovery,1,0,0,74,06-0019-37604a94d71a,600061,37604a94d71a6d9d7de55019c948568f2c75ba91188704c8557b3cfc8e60504e,0.0,-1,1,0
4654de3cc2b4593076d440ba282905a7e7fd8e7e5f5bb6453ed4e617dc3c1963,MT10,official_clean,button-press-topdown-v3,6,19,MT-REIM,1,0,0,74,06-0019-37604a94d71a,600061,37604a94d71a6d9d7de55019c948568f2c75ba91188704c8557b3cfc8e60504e,0.6482446193695068,-1,1,0
4654de3cc2b4593076d440ba282905a7e7fd8e7e5f5bb6453ed4e617dc3c1963,MT10,official_clean,button-press-topdown-v3,6,20,MT-MLP BC,1,0,0,65,06-0020-bd7f5a4ec20a,600062,bd7f5a4ec20a4a51dc9374910f9f8209b12a53a55009b1304294c47b2e4bd8a2,0.0,-1,1,0
4654de3cc2b4593076d440ba282905a7e7fd8e7e5f5bb6453ed4e617dc3c1963,MT10,official_clean,button-press-topdown-v3,6,20,MT-ACT,1,0,0,65,06-0020-bd7f5a4ec20a,600062,bd7f5a4ec20a4a51dc9374910f9f8209b12a53a55009b1304294c47b2e4bd8a2,0.0,-1,1,0
4654de3cc2b4593076d440ba282905a7e7fd8e7e5f5bb6453ed4e617dc3c1963,MT10,official_clean,button-press-topdown-v3,6,20,MT-ACT + Heuristic-Gated Learned Recovery,1,0,0,65,06-0020-bd7f5a4ec20a,600062,bd7f5a4ec20a4a51dc9374910f9f8209b12a53a55009b1304294c47b2e4bd8a2,0.0,-1,1,0
4654de3cc2b4593076d440ba282905a7e7fd8e7e5f5bb6453ed4e617dc3c1963,MT10,official_clean,button-press-topdown-v3,6,20,MT-REIM,1,0,0,65,06-0020-bd7f5a4ec20a,600062,bd7f5a4ec20a4a51dc9374910f9f8209b12a53a55009b1304294c47b2e4bd8a2,0.6107516884803772,-1,1,0
4654de3cc2b4593076d440ba282905a7e7fd8e7e5f5bb6453ed4e617dc3c1963,MT10,official_clean,button-press-topdown-v3,6,21,MT-MLP BC,1,0,0,65,06-0021-1d5ecb16f22a,600063,1d5ecb16f22a3a629709c383016cbf55f9fb68646bb4196f8f14b79d2ffddc0d,0.0,-1,1,0
4654de3cc2b4593076d440ba282905a7e7fd8e7e5f5bb6453ed4e617dc3c1963,MT10,official_clean,button-press-topdown-v3,6,21,MT-ACT,1,0,0,65,06-0021-1d5ecb16f22a,600063,1d5ecb16f22a3a629709c383016cbf55f9fb68646bb4196f8f14b79d2ffddc0d,0.0,-1,1,0
4654de3cc2b4593076d440ba282905a7e7fd8e7e5f5bb6453ed4e617dc3c1963,MT10,official_clean,button-press-topdown-v3,6,21,MT-ACT + Heuristic-Gated Learned Recovery,1,0,0,65,06-0021-1d5ecb16f22a,600063,1d5ecb16f22a3a629709c383016cbf55f9fb68646bb4196f8f14b79d2ffddc0d,0.0,-1,1,0
4654de3cc2b4593076d440ba282905a7e7fd8e7e5f5bb6453ed4e617dc3c1963,MT10,official_clean,button-press-topdown-v3,6,21,MT-REIM,1,1,1,67,06-0021-1d5ecb16f22a,600063,1d5ecb16f22a3a629709c383016cbf55f9fb68646bb4196f8f14b79d2ffddc0d,0.6670944094657898,2,1,65
4654de3cc2b4593076d440ba282905a7e7fd8e7e5f5bb6453ed4e617dc3c1963,MT10,official_clean,button-press-topdown-v3,6,22,MT-MLP BC,1,0,0,71,06-0022-e3a3afd24e0c,600064,e3a3afd24e0cedf41c5cdf830fbc5262c38855a7cbc5ef083fabe4cca06d4c78,0.0,-1,1,0
4654de3cc2b4593076d440ba282905a7e7fd8e7e5f5bb6453ed4e617dc3c1963,MT10,official_clean,button-press-topdown-v3,6,22,MT-ACT,1,0,0,71,06-0022-e3a3afd24e0c,600064,e3a3afd24e0cedf41c5cdf830fbc5262c38855a7cbc5ef083fabe4cca06d4c78,0.0,-1,1,0
4654de3cc2b4593076d440ba282905a7e7fd8e7e5f5bb6453ed4e617dc3c1963,MT10,official_clean,button-press-topdown-v3,6,22,MT-ACT + Heuristic-Gated Learned Recovery,1,0,0,71,06-0022-e3a3afd24e0c,600064,e3a3afd24e0cedf41c5cdf830fbc5262c38855a7cbc5ef083fabe4cca06d4c78,0.0,-1,1,0
4654de3cc2b4593076d440ba282905a7e7fd8e7e5f5bb6453ed4e617dc3c1963,MT10,official_clean,button-press-topdown-v3,6,22,MT-REIM,1,0,0,71,06-0022-e3a3afd24e0c,600064,e3a3afd24e0cedf41c5cdf830fbc5262c38855a7cbc5ef083fabe4cca06d4c78,0.6078031063079834,-1,1,0
4654de3cc2b4593076d440ba282905a7e7fd8e7e5f5bb6453ed4e617dc3c1963,MT10,official_clean,button-press-topdown-v3,6,23,MT-MLP BC,1,0,0,68,06-0023-9185893671d1,600065,9185893671d14355ba2f17cab6626a9d63fa59adca39fd8734a929e732a5e80d,0.0,-1,1,0
4654de3cc2b4593076d440ba282905a7e7fd8e7e5f5bb6453ed4e617dc3c1963,MT10,official_clean,button-press-topdown-v3,6,23,MT-ACT,1,0,0,69,06-0023-9185893671d1,600065,9185893671d14355ba2f17cab6626a9d63fa59adca39fd8734a929e732a5e80d,0.0,-1,1,0
4654de3cc2b4593076d440ba282905a7e7fd8e7e5f5bb6453ed4e617dc3c1963,MT10,official_clean,button-press-topdown-v3,6,23,MT-ACT + Heuristic-Gated Learned Recovery,1,0,0,69,06-0023-9185893671d1,600065,9185893671d14355ba2f17cab6626a9d63fa59adca39fd8734a929e732a5e80d,0.0,-1,1,0
4654de3cc2b4593076d440ba282905a7e7fd8e7e5f5bb6453ed4e617dc3c1963,MT10,official_clean,button-press-topdown-v3,6,23,MT-REIM,1,0,0,69,06-0023-9185893671d1,600065,9185893671d14355ba2f17cab6626a9d63fa59adca39fd8734a929e732a5e80d,0.63951176404953,-1,1,0
4654de3cc2b4593076d440ba282905a7e7fd8e7e5f5bb6453ed4e617dc3c1963,MT10,official_clean,button-press-topdown-v3,6,24,MT-MLP BC,1,0,0,60,06-0024-4bb6d784bbb9,600066,4bb6d784bbb966da1329b9064d9e19c87c95b7d7882a0ff6b8219a5c0009e95a,0.0,-1,1,0
4654de3cc2b4593076d440ba282905a7e7fd8e7e5f5bb6453ed4e617dc3c1963,MT10,official_clean,button-press-topdown-v3,6,24,MT-ACT,1,0,0,59,06-0024-4bb6d784bbb9,600066,4bb6d784bbb966da1329b9064d9e19c87c95b7d7882a0ff6b8219a5c0009e95a,0.0,-1,1,0
4654de3cc2b4593076d440ba282905a7e7fd8e7e5f5bb6453ed4e617dc3c1963,MT10,official_clean,button-press-topdown-v3,6,24,MT-ACT + Heuristic-Gated Learned Recovery,1,0,0,59,06-0024-4bb6d784bbb9,600066,4bb6d784bbb966da1329b9064d9e19c87c95b7d7882a0ff6b8219a5c0009e95a,0.0,-1,1,0
4654de3cc2b4593076d440ba282905a7e7fd8e7e5f5bb6453ed4e617dc3c1963,MT10,official_clean,button-press-topdown-v3,6,24,MT-REIM,1,1,1,61,06-0024-4bb6d784bbb9,600066,4bb6d784bbb966da1329b9064d9e19c87c95b7d7882a0ff6b8219a5c0009e95a,0.6592033505439758,2,1,59
4654de3cc2b4593076d440ba282905a7e7fd8e7e5f5bb6453ed4e617dc3c1963,MT10,official_clean,button-press-topdown-v3,6,25,MT-MLP BC,1,0,0,74,06-0025-540153539d4a,600067,540153539d4a287750a9d63b4423d87469e44a6802bb445f9ed5aff2db0bf4e7,0.0,-1,1,0
4654de3cc2b4593076d440ba282905a7e7fd8e7e5f5bb6453ed4e617dc3c1963,MT10,official_clean,button-press-topdown-v3,6,25,MT-ACT,1,0,0,74,06-0025-540153539d4a,600067,540153539d4a287750a9d63b4423d87469e44a6802bb445f9ed5aff2db0bf4e7,0.0,-1,1,0
4654de3cc2b4593076d440ba282905a7e7fd8e7e5f5bb6453ed4e617dc3c1963,MT10,official_clean,button-press-topdown-v3,6,25,MT-ACT + Heuristic-Gated Learned Recovery,1,0,0,74,06-0025-540153539d4a,600067,540153539d4a287750a9d63b4423d87469e44a6802bb445f9ed5aff2db0bf4e7,0.0,-1,1,0
4654de3cc2b4593076d440ba282905a7e7fd8e7e5f5bb6453ed4e617dc3c1963,MT10,official_clean,button-press-topdown-v3,6,25,MT-REIM,1,0,0,74,06-0025-540153539d4a,600067,540153539d4a287750a9d63b4423d87469e44a6802bb445f9ed5aff2db0bf4e7,0.6217734217643738,-1,1,0
4654de3cc2b4593076d440ba282905a7e7fd8e7e5f5bb6453ed4e617dc3c1963,MT10,official_clean,button-press-topdown-v3,6,26,MT-MLP BC,1,0,0,58,06-0026-6d908e5ef877,600068,6d908e5ef877f74014ca846b46f9f6556c85ffb839e593785ff82dde46b7833d,0.0,-1,1,0
4654de3cc2b4593076d440ba282905a7e7fd8e7e5f5bb6453ed4e617dc3c1963,MT10,official_clean,button-press-topdown-v3,6,26,MT-ACT,1,0,0,58,06-0026-6d908e5ef877,600068,6d908e5ef877f74014ca846b46f9f6556c85ffb839e593785ff82dde46b7833d,0.0,-1,1,0
4654de3cc2b4593076d440ba282905a7e7fd8e7e5f5bb6453ed4e617dc3c1963,MT10,official_clean,button-press-topdown-v3,6,26,MT-ACT + Heuristic-Gated Learned Recovery,1,0,0,58,06-0026-6d908e5ef877,600068,6d908e5ef877f74014ca846b46f9f6556c85ffb839e593785ff82dde46b7833d,0.0,-1,1,0
4654de3cc2b4593076d440ba282905a7e7fd8e7e5f5bb6453ed4e617dc3c1963,MT10,official_clean,button-press-topdown-v3,6,26,MT-REIM,1,1,1,60,06-0026-6d908e5ef877,600068,6d908e5ef877f74014ca846b46f9f6556c85ffb839e593785ff82dde46b7833d,0.6730836033821106,2,1,58
4654de3cc2b4593076d440ba282905a7e7fd8e7e5f5bb6453ed4e617dc3c1963,MT10,official_clean,button-press-topdown-v3,6,27,MT-MLP BC,1,0,0,73,06-0027-4644160b6372,600069,4644160b637207a95a8391b967243023a5edf742b4535a55ff79b896119bf5a8,0.0,-1,1,0
4654de3cc2b4593076d440ba282905a7e7fd8e7e5f5bb6453ed4e617dc3c1963,MT10,official_clean,button-press-topdown-v3,6,27,MT-ACT,1,0,0,73,06-0027-4644160b6372,600069,4644160b637207a95a8391b967243023a5edf742b4535a55ff79b896119bf5a8,0.0,-1,1,0
4654de3cc2b4593076d440ba282905a7e7fd8e7e5f5bb6453ed4e617dc3c1963,MT10,official_clean,button-press-topdown-v3,6,27,MT-ACT + Heuristic-Gated Learned Recovery,1,0,0,73,06-0027-4644160b6372,600069,4644160b637207a95a8391b967243023a5edf742b4535a55ff79b896119bf5a8,0.0,-1,1,0
4654de3cc2b4593076d440ba282905a7e7fd8e7e5f5bb6453ed4e617dc3c1963,MT10,official_clean,button-press-topdown-v3,6,27,MT-REIM,1,0,0,73,06-0027-4644160b6372,600069,4644160b637207a95a8391b967243023a5edf742b4535a55ff79b896119bf5a8,0.5921053886413574,-1,1,0
4654de3cc2b4593076d440ba282905a7e7fd8e7e5f5bb6453ed4e617dc3c1963,MT10,official_clean,button-press-topdown-v3,6,28,MT-MLP BC,1,0,0,58,06-0028-f41ceaf7752a,600070,f41ceaf7752a97c97a4051c1e3b59efc1939d4c2e1bc5ca32e59ec3c90fd4553,0.0,-1,1,0
4654de3cc2b4593076d440ba282905a7e7fd8e7e5f5bb6453ed4e617dc3c1963,MT10,official_clean,button-press-topdown-v3,6,28,MT-ACT,1,0,0,58,06-0028-f41ceaf7752a,600070,f41ceaf7752a97c97a4051c1e3b59efc1939d4c2e1bc5ca32e59ec3c90fd4553,0.0,-1,1,0
4654de3cc2b4593076d440ba282905a7e7fd8e7e5f5bb6453ed4e617dc3c1963,MT10,official_clean,button-press-topdown-v3,6,28,MT-ACT + Heuristic-Gated Learned Recovery,1,0,0,58,06-0028-f41ceaf7752a,600070,f41ceaf7752a97c97a4051c1e3b59efc1939d4c2e1bc5ca32e59ec3c90fd4553,0.0,-1,1,0
4654de3cc2b4593076d440ba282905a7e7fd8e7e5f5bb6453ed4e617dc3c1963,MT10,official_clean,button-press-topdown-v3,6,28,MT-REIM,1,0,0,58,06-0028-f41ceaf7752a,600070,f41ceaf7752a97c97a4051c1e3b59efc1939d4c2e1bc5ca32e59ec3c90fd4553,0.626649022102356,-1,1,0
4654de3cc2b4593076d440ba282905a7e7fd8e7e5f5bb6453ed4e617dc3c1963,MT10,official_clean,button-press-topdown-v3,6,29,MT-MLP BC,1,0,0,59,06-0029-98749fe3f6ed,600071,98749fe3f6ed72e0c6b75a71fc4f194065d863007a84c273eeff4ae04c071182,0.0,-1,1,0
4654de3cc2b4593076d440ba282905a7e7fd8e7e5f5bb6453ed4e617dc3c1963,MT10,official_clean,button-press-topdown-v3,6,29,MT-ACT,1,0,0,59,06-0029-98749fe3f6ed,600071,98749fe3f6ed72e0c6b75a71fc4f194065d863007a84c273eeff4ae04c071182,0.0,-1,1,0
4654de3cc2b4593076d440ba282905a7e7fd8e7e5f5bb6453ed4e617dc3c1963,MT10,official_clean,button-press-topdown-v3,6,29,MT-ACT + Heuristic-Gated Learned Recovery,1,0,0,59,06-0029-98749fe3f6ed,600071,98749fe3f6ed72e0c6b75a71fc4f194065d863007a84c273eeff4ae04c071182,0.0,-1,1,0
4654de3cc2b4593076d440ba282905a7e7fd8e7e5f5bb6453ed4e617dc3c1963,MT10,official_clean,button-press-topdown-v3,6,29,MT-REIM,1,0,0,59,06-0029-98749fe3f6ed,600071,98749fe3f6ed72e0c6b75a71fc4f194065d863007a84c273eeff4ae04c071182,0.6497454643249512,-1,1,0
4654de3cc2b4593076d440ba282905a7e7fd8e7e5f5bb6453ed4e617dc3c1963,MT10,official_clean,button-press-topdown-v3,6,30,MT-MLP BC,1,0,0,61,06-0030-3e41a6b1cc0d,600072,3e41a6b1cc0dac595c08dfbe104d825de19a221cfbf416f8f0b686f969949513,0.0,-1,1,0
4654de3cc2b4593076d440ba282905a7e7fd8e7e5f5bb6453ed4e617dc3c1963,MT10,official_clean,button-press-topdown-v3,6,30,MT-ACT,1,0,0,62,06-0030-3e41a6b1cc0d,600072,3e41a6b1cc0dac595c08dfbe104d825de19a221cfbf416f8f0b686f969949513,0.0,-1,1,0
4654de3cc2b4593076d440ba282905a7e7fd8e7e5f5bb6453ed4e617dc3c1963,MT10,official_clean,button-press-topdown-v3,6,30,MT-ACT + Heuristic-Gated Learned Recovery,1,0,0,62,06-0030-3e41a6b1cc0d,600072,3e41a6b1cc0dac595c08dfbe104d825de19a221cfbf416f8f0b686f969949513,0.0,-1,1,0
4654de3cc2b4593076d440ba282905a7e7fd8e7e5f5bb6453ed4e617dc3c1963,MT10,official_clean,button-press-topdown-v3,6,30,MT-REIM,1,0,0,62,06-0030-3e41a6b1cc0d,600072,3e41a6b1cc0dac595c08dfbe104d825de19a221cfbf416f8f0b686f969949513,0.6179338097572327,-1,1,0
4654de3cc2b4593076d440ba282905a7e7fd8e7e5f5bb6453ed4e617dc3c1963,MT10,official_clean,button-press-topdown-v3,6,31,MT-MLP BC,1,0,0,66,06-0031-44f2bfa8a306,600073,44f2bfa8a306c97b260083f4f92df90bb37b2f85cd44456fdbd77025eceaee94,0.0,-1,1,0
4654de3cc2b4593076d440ba282905a7e7fd8e7e5f5bb6453ed4e617dc3c1963,MT10,official_clean,button-press-topdown-v3,6,31,MT-ACT,1,0,0,67,06-0031-44f2bfa8a306,600073,44f2bfa8a306c97b260083f4f92df90bb37b2f85cd44456fdbd77025eceaee94,0.0,-1,1,0
4654de3cc2b4593076d440ba282905a7e7fd8e7e5f5bb6453ed4e617dc3c1963,MT10,official_clean,button-press-topdown-v3,6,31,MT-ACT + Heuristic-Gated Learned Recovery,1,0,0,67,06-0031-44f2bfa8a306,600073,44f2bfa8a306c97b260083f4f92df90bb37b2f85cd44456fdbd77025eceaee94,0.0,-1,1,0
4654de3cc2b4593076d440ba282905a7e7fd8e7e5f5bb6453ed4e617dc3c1963,MT10,official_clean,button-press-topdown-v3,6,31,MT-REIM,1,1,1,69,06-0031-44f2bfa8a306,600073,44f2bfa8a306c97b260083f4f92df90bb37b2f85cd44456fdbd77025eceaee94,0.6521716713905334,2,1,67
4654de3cc2b4593076d440ba282905a7e7fd8e7e5f5bb6453ed4e617dc3c1963,MT10,official_clean,button-press-topdown-v3,6,32,MT-MLP BC,1,0,0,59,06-0032-02d9052073cb,600074,02d9052073cb7a0d7ef8bfe49384494d2a5f4a402e43efcc8722dd8d369fbf0d,0.0,-1,1,0
4654de3cc2b4593076d440ba282905a7e7fd8e7e5f5bb6453ed4e617dc3c1963,MT10,official_clean,button-press-topdown-v3,6,32,MT-ACT,1,0,0,59,06-0032-02d9052073cb,600074,02d9052073cb7a0d7ef8bfe49384494d2a5f4a402e43efcc8722dd8d369fbf0d,0.0,-1,1,0
4654de3cc2b4593076d440ba282905a7e7fd8e7e5f5bb6453ed4e617dc3c1963,MT10,official_clean,button-press-topdown-v3,6,32,MT-ACT + Heuristic-Gated Learned Recovery,1,0,0,59,06-0032-02d9052073cb,600074,02d9052073cb7a0d7ef8bfe49384494d2a5f4a402e43efcc8722dd8d369fbf0d,0.0,-1,1,0
4654de3cc2b4593076d440ba282905a7e7fd8e7e5f5bb6453ed4e617dc3c1963,MT10,official_clean,button-press-topdown-v3,6,32,MT-REIM,1,0,0,59,06-0032-02d9052073cb,600074,02d9052073cb7a0d7ef8bfe49384494d2a5f4a402e43efcc8722dd8d369fbf0d,0.6114839315414429,-1,1,0
4654de3cc2b4593076d440ba282905a7e7fd8e7e5f5bb6453ed4e617dc3c1963,MT10,official_clean,button-press-topdown-v3,6,33,MT-MLP BC,1,0,0,73,06-0033-42f6b238e99b,600075,42f6b238e99bce6a442c7359bf68abde717c51988dbbfb5c9f916bbfcf4b8148,0.0,-1,1,0
4654de3cc2b4593076d440ba282905a7e7fd8e7e5f5bb6453ed4e617dc3c1963,MT10,official_clean,button-press-topdown-v3,6,33,MT-ACT,1,0,0,73,06-0033-42f6b238e99b,600075,42f6b238e99bce6a442c7359bf68abde717c51988dbbfb5c9f916bbfcf4b8148,0.0,-1,1,0
4654de3cc2b4593076d440ba282905a7e7fd8e7e5f5bb6453ed4e617dc3c1963,MT10,official_clean,button-press-topdown-v3,6,33,MT-ACT + Heuristic-Gated Learned Recovery,1,0,0,73,06-0033-42f6b238e99b,600075,42f6b238e99bce6a442c7359bf68abde717c51988dbbfb5c9f916bbfcf4b8148,0.0,-1,1,0
4654de3cc2b4593076d440ba282905a7e7fd8e7e5f5bb6453ed4e617dc3c1963,MT10,official_clean,button-press-topdown-v3,6,33,MT-REIM,1,0,0,73,06-0033-42f6b238e99b,600075,42f6b238e99bce6a442c7359bf68abde717c51988dbbfb5c9f916bbfcf4b8148,0.6336754560470581,-1,1,0
4654de3cc2b4593076d440ba282905a7e7fd8e7e5f5bb6453ed4e617dc3c1963,MT10,official_clean,button-press-topdown-v3,6,34,MT-MLP BC,1,0,0,67,06-0034-5c1ffcc8f5ef,600076,5c1ffcc8f5efa3489ea0e1fd170f0005b9267c8f3aad4f1990e5fa17a69a4bdf,0.0,-1,1,0
4654de3cc2b4593076d440ba282905a7e7fd8e7e5f5bb6453ed4e617dc3c1963,MT10,official_clean,button-press-topdown-v3,6,34,MT-ACT,1,0,0,67,06-0034-5c1ffcc8f5ef,600076,5c1ffcc8f5efa3489ea0e1fd170f0005b9267c8f3aad4f1990e5fa17a69a4bdf,0.0,-1,1,0
4654de3cc2b4593076d440ba282905a7e7fd8e7e5f5bb6453ed4e617dc3c1963,MT10,official_clean,button-press-topdown-v3,6,34,MT-ACT + Heuristic-Gated Learned Recovery,1,0,0,67,06-0034-5c1ffcc8f5ef,600076,5c1ffcc8f5efa3489ea0e1fd170f0005b9267c8f3aad4f1990e5fa17a69a4bdf,0.0,-1,1,0
4654de3cc2b4593076d440ba282905a7e7fd8e7e5f5bb6453ed4e617dc3c1963,MT10,official_clean,button-press-topdown-v3,6,34,MT-REIM,1,1,1,69,06-0034-5c1ffcc8f5ef,600076,5c1ffcc8f5efa3489ea0e1fd170f0005b9267c8f3aad4f1990e5fa17a69a4bdf,0.6583068370819092,2,1,67
4654de3cc2b4593076d440ba282905a7e7fd8e7e5f5bb6453ed4e617dc3c1963,MT10,official_clean,button-press-topdown-v3,6,35,MT-MLP BC,1,0,0,69,06-0035-85286156da97,600077,85286156da97a1aa0ea86c3e371f30e13f1f451eba72899b281563aa97d812b4,0.0,-1,1,0
4654de3cc2b4593076d440ba282905a7e7fd8e7e5f5bb6453ed4e617dc3c1963,MT10,official_clean,button-press-topdown-v3,6,35,MT-ACT,1,0,0,70,06-0035-85286156da97,600077,85286156da97a1aa0ea86c3e371f30e13f1f451eba72899b281563aa97d812b4,0.0,-1,1,0
4654de3cc2b4593076d440ba282905a7e7fd8e7e5f5bb6453ed4e617dc3c1963,MT10,official_clean,button-press-topdown-v3,6,35,MT-ACT + Heuristic-Gated Learned Recovery,1,0,0,70,06-0035-85286156da97,600077,85286156da97a1aa0ea86c3e371f30e13f1f451eba72899b281563aa97d812b4,0.0,-1,1,0
4654de3cc2b4593076d440ba282905a7e7fd8e7e5f5bb6453ed4e617dc3c1963,MT10,official_clean,button-press-topdown-v3,6,35,MT-REIM,1,1,1,72,06-0035-85286156da97,600077,85286156da97a1aa0ea86c3e371f30e13f1f451eba72899b281563aa97d812b4,0.6608797907829285,2,1,70
4654de3cc2b4593076d440ba282905a7e7fd8e7e5f5bb6453ed4e617dc3c1963,MT10,official_clean,button-press-topdown-v3,6,36,MT-MLP BC,1,0,0,69,06-0036-7cd9e9d919da,600078,7cd9e9d919daf9705afaae419e340235e4dda87db9fe6e5e945ecc48ef96e59c,0.0,-1,1,0
4654de3cc2b4593076d440ba282905a7e7fd8e7e5f5bb6453ed4e617dc3c1963,MT10,official_clean,button-press-topdown-v3,6,36,MT-ACT,1,0,0,68,06-0036-7cd9e9d919da,600078,7cd9e9d919daf9705afaae419e340235e4dda87db9fe6e5e945ecc48ef96e59c,0.0,-1,1,0
4654de3cc2b4593076d440ba282905a7e7fd8e7e5f5bb6453ed4e617dc3c1963,MT10,official_clean,button-press-topdown-v3,6,36,MT-ACT + Heuristic-Gated Learned Recovery,1,0,0,68,06-0036-7cd9e9d919da,600078,7cd9e9d919daf9705afaae419e340235e4dda87db9fe6e5e945ecc48ef96e59c,0.0,-1,1,0
4654de3cc2b4593076d440ba282905a7e7fd8e7e5f5bb6453ed4e617dc3c1963,MT10,official_clean,button-press-topdown-v3,6,36,MT-REIM,1,0,0,68,06-0036-7cd9e9d919da,600078,7cd9e9d919daf9705afaae419e340235e4dda87db9fe6e5e945ecc48ef96e59c,0.6018017530441284,-1,1,0
4654de3cc2b4593076d440ba282905a7e7fd8e7e5f5bb6453ed4e617dc3c1963,MT10,official_clean,button-press-topdown-v3,6,37,MT-MLP BC,1,0,0,67,06-0037-6199ce251ca5,600079,6199ce251ca5eb0fc71bd88a1fd97bfd8980c107fb1f5740bf957d55bc697d95,0.0,-1,1,0
4654de3cc2b4593076d440ba282905a7e7fd8e7e5f5bb6453ed4e617dc3c1963,MT10,official_clean,button-press-topdown-v3,6,37,MT-ACT,1,0,0,67,06-0037-6199ce251ca5,600079,6199ce251ca5eb0fc71bd88a1fd97bfd8980c107fb1f5740bf957d55bc697d95,0.0,-1,1,0
4654de3cc2b4593076d440ba282905a7e7fd8e7e5f5bb6453ed4e617dc3c1963,MT10,official_clean,button-press-topdown-v3,6,37,MT-ACT + Heuristic-Gated Learned Recovery,1,0,0,67,06-0037-6199ce251ca5,600079,6199ce251ca5eb0fc71bd88a1fd97bfd8980c107fb1f5740bf957d55bc697d95,0.0,-1,1,0
4654de3cc2b4593076d440ba282905a7e7fd8e7e5f5bb6453ed4e617dc3c1963,MT10,official_clean,button-press-topdown-v3,6,37,MT-REIM,1,0,0,67,06-0037-6199ce251ca5,600079,6199ce251ca5eb0fc71bd88a1fd97bfd8980c107fb1f5740bf957d55bc697d95,0.6244159936904907,-1,1,0
4654de3cc2b4593076d440ba282905a7e7fd8e7e5f5bb6453ed4e617dc3c1963,MT10,official_clean,button-press-topdown-v3,6,38,MT-MLP BC,1,0,0,75,06-0038-fca3463759e5,600080,fca3463759e5d6e01d749fa79879f2c15f5a9ad4632f5767bd24733d1724547c,0.0,-1,1,0
4654de3cc2b4593076d440ba282905a7e7fd8e7e5f5bb6453ed4e617dc3c1963,MT10,official_clean,button-press-topdown-v3,6,38,MT-ACT,1,0,0,75,06-0038-fca3463759e5,600080,fca3463759e5d6e01d749fa79879f2c15f5a9ad4632f5767bd24733d1724547c,0.0,-1,1,0
4654de3cc2b4593076d440ba282905a7e7fd8e7e5f5bb6453ed4e617dc3c1963,MT10,official_clean,button-press-topdown-v3,6,38,MT-ACT + Heuristic-Gated Learned Recovery,1,0,0,75,06-0038-fca3463759e5,600080,fca3463759e5d6e01d749fa79879f2c15f5a9ad4632f5767bd24733d1724547c,0.0,-1,1,0
4654de3cc2b4593076d440ba282905a7e7fd8e7e5f5bb6453ed4e617dc3c1963,MT10,official_clean,button-press-topdown-v3,6,38,MT-REIM,1,0,0,75,06-0038-fca3463759e5,600080,fca3463759e5d6e01d749fa79879f2c15f5a9ad4632f5767bd24733d1724547c,0.6081750988960266,-1,1,0
4654de3cc2b4593076d440ba282905a7e7fd8e7e5f5bb6453ed4e617dc3c1963,MT10,official_clean,button-press-topdown-v3,6,39,MT-MLP BC,1,0,0,69,06-0039-47ddeb4329f5,600081,47ddeb4329f571e2dbb2151e7e07089c2a543493e44fa83f09ccc4431a950273,0.0,-1,1,0
4654de3cc2b4593076d440ba282905a7e7fd8e7e5f5bb6453ed4e617dc3c1963,MT10,official_clean,button-press-topdown-v3,6,39,MT-ACT,1,0,0,69,06-0039-47ddeb4329f5,600081,47ddeb4329f571e2dbb2151e7e07089c2a543493e44fa83f09ccc4431a950273,0.0,-1,1,0
4654de3cc2b4593076d440ba282905a7e7fd8e7e5f5bb6453ed4e617dc3c1963,MT10,official_clean,button-press-topdown-v3,6,39,MT-ACT + Heuristic-Gated Learned Recovery,1,0,0,69,06-0039-47ddeb4329f5,600081,47ddeb4329f571e2dbb2151e7e07089c2a543493e44fa83f09ccc4431a950273,0.0,-1,1,0
4654de3cc2b4593076d440ba282905a7e7fd8e7e5f5bb6453ed4e617dc3c1963,MT10,official_clean,button-press-topdown-v3,6,39,MT-REIM,1,1,1,71,06-0039-47ddeb4329f5,600081,47ddeb4329f571e2dbb2151e7e07089c2a543493e44fa83f09ccc4431a950273,0.6611153483390808,2,1,69
4654de3cc2b4593076d440ba282905a7e7fd8e7e5f5bb6453ed4e617dc3c1963,MT10,official_clean,button-press-topdown-v3,6,40,MT-MLP BC,1,0,0,64,06-0040-e2d310af2701,600082,e2d310af27010fde681e34dede85b36233208410a539ff03a98fb14643c12c7a,0.0,-1,1,0
4654de3cc2b4593076d440ba282905a7e7fd8e7e5f5bb6453ed4e617dc3c1963,MT10,official_clean,button-press-topdown-v3,6,40,MT-ACT,1,0,0,64,06-0040-e2d310af2701,600082,e2d310af27010fde681e34dede85b36233208410a539ff03a98fb14643c12c7a,0.0,-1,1,0
4654de3cc2b4593076d440ba282905a7e7fd8e7e5f5bb6453ed4e617dc3c1963,MT10,official_clean,button-press-topdown-v3,6,40,MT-ACT + Heuristic-Gated Learned Recovery,1,0,0,64,06-0040-e2d310af2701,600082,e2d310af27010fde681e34dede85b36233208410a539ff03a98fb14643c12c7a,0.0,-1,1,0
4654de3cc2b4593076d440ba282905a7e7fd8e7e5f5bb6453ed4e617dc3c1963,MT10,official_clean,button-press-topdown-v3,6,40,MT-REIM,1,0,0,64,06-0040-e2d310af2701,600082,e2d310af27010fde681e34dede85b36233208410a539ff03a98fb14643c12c7a,0.5954294800758362,-1,1,0
4654de3cc2b4593076d440ba282905a7e7fd8e7e5f5bb6453ed4e617dc3c1963,MT10,official_clean,button-press-topdown-v3,6,41,MT-MLP BC,1,0,0,73,06-0041-a04e55965c89,600083,a04e55965c89b9003b75b882065ddc116f8f3fc91c7fcc79ebc6f5537bb5d4c9,0.0,-1,1,0
4654de3cc2b4593076d440ba282905a7e7fd8e7e5f5bb6453ed4e617dc3c1963,MT10,official_clean,button-press-topdown-v3,6,41,MT-ACT,1,0,0,73,06-0041-a04e55965c89,600083,a04e55965c89b9003b75b882065ddc116f8f3fc91c7fcc79ebc6f5537bb5d4c9,0.0,-1,1,0
4654de3cc2b4593076d440ba282905a7e7fd8e7e5f5bb6453ed4e617dc3c1963,MT10,official_clean,button-press-topdown-v3,6,41,MT-ACT + Heuristic-Gated Learned Recovery,1,0,0,73,06-0041-a04e55965c89,600083,a04e55965c89b9003b75b882065ddc116f8f3fc91c7fcc79ebc6f5537bb5d4c9,0.0,-1,1,0
4654de3cc2b4593076d440ba282905a7e7fd8e7e5f5bb6453ed4e617dc3c1963,MT10,official_clean,button-press-topdown-v3,6,41,MT-REIM,1,0,0,73,06-0041-a04e55965c89,600083,a04e55965c89b9003b75b882065ddc116f8f3fc91c7fcc79ebc6f5537bb5d4c9,0.5962669849395752,-1,1,0
4654de3cc2b4593076d440ba282905a7e7fd8e7e5f5bb6453ed4e617dc3c1963,MT10,official_clean,button-press-topdown-v3,6,42,MT-MLP BC,1,0,0,58,06-0042-253b33e92f4d,600084,253b33e92f4ddfb889573c79d20c7c021326c919684b53201a3d07b52186a086,0.0,-1,1,0
4654de3cc2b4593076d440ba282905a7e7fd8e7e5f5bb6453ed4e617dc3c1963,MT10,official_clean,button-press-topdown-v3,6,42,MT-ACT,1,0,0,58,06-0042-253b33e92f4d,600084,253b33e92f4ddfb889573c79d20c7c021326c919684b53201a3d07b52186a086,0.0,-1,1,0
4654de3cc2b4593076d440ba282905a7e7fd8e7e5f5bb6453ed4e617dc3c1963,MT10,official_clean,button-press-topdown-v3,6,42,MT-ACT + Heuristic-Gated Learned Recovery,1,0,0,58,06-0042-253b33e92f4d,600084,253b33e92f4ddfb889573c79d20c7c021326c919684b53201a3d07b52186a086,0.0,-1,1,0
4654de3cc2b4593076d440ba282905a7e7fd8e7e5f5bb6453ed4e617dc3c1963,MT10,official_clean,button-press-topdown-v3,6,42,MT-REIM,1,0,0,58,06-0042-253b33e92f4d,600084,253b33e92f4ddfb889573c79d20c7c021326c919684b53201a3d07b52186a086,0.6285358667373657,-1,1,0
4654de3cc2b4593076d440ba282905a7e7fd8e7e5f5bb6453ed4e617dc3c1963,MT10,official_clean,button-press-topdown-v3,6,43,MT-MLP BC,1,0,0,58,06-0043-47b7e5a45010,600085,47b7e5a45010ee632721ff5baedc8313502d0aa9a31fd4fd80870890626b3fe5,0.0,-1,1,0
4654de3cc2b4593076d440ba282905a7e7fd8e7e5f5bb6453ed4e617dc3c1963,MT10,official_clean,button-press-topdown-v3,6,43,MT-ACT,1,0,0,58,06-0043-47b7e5a45010,600085,47b7e5a45010ee632721ff5baedc8313502d0aa9a31fd4fd80870890626b3fe5,0.0,-1,1,0
4654de3cc2b4593076d440ba282905a7e7fd8e7e5f5bb6453ed4e617dc3c1963,MT10,official_clean,button-press-topdown-v3,6,43,MT-ACT + Heuristic-Gated Learned Recovery,1,0,0,58,06-0043-47b7e5a45010,600085,47b7e5a45010ee632721ff5baedc8313502d0aa9a31fd4fd80870890626b3fe5,0.0,-1,1,0
4654de3cc2b4593076d440ba282905a7e7fd8e7e5f5bb6453ed4e617dc3c1963,MT10,official_clean,button-press-topdown-v3,6,43,MT-REIM,1,0,0,58,06-0043-47b7e5a45010,600085,47b7e5a45010ee632721ff5baedc8313502d0aa9a31fd4fd80870890626b3fe5,0.6236550211906433,-1,1,0
4654de3cc2b4593076d440ba282905a7e7fd8e7e5f5bb6453ed4e617dc3c1963,MT10,official_clean,button-press-topdown-v3,6,44,MT-MLP BC,1,0,0,59,06-0044-82125fc160b7,600086,82125fc160b723cfa518c46ad01958e1b539b196fd0a71ef2003f1c5eedead7f,0.0,-1,1,0
4654de3cc2b4593076d440ba282905a7e7fd8e7e5f5bb6453ed4e617dc3c1963,MT10,official_clean,button-press-topdown-v3,6,44,MT-ACT,1,0,0,58,06-0044-82125fc160b7,600086,82125fc160b723cfa518c46ad01958e1b539b196fd0a71ef2003f1c5eedead7f,0.0,-1,1,0
4654de3cc2b4593076d440ba282905a7e7fd8e7e5f5bb6453ed4e617dc3c1963,MT10,official_clean,button-press-topdown-v3,6,44,MT-ACT + Heuristic-Gated Learned Recovery,1,0,0,58,06-0044-82125fc160b7,600086,82125fc160b723cfa518c46ad01958e1b539b196fd0a71ef2003f1c5eedead7f,0.0,-1,1,0
4654de3cc2b4593076d440ba282905a7e7fd8e7e5f5bb6453ed4e617dc3c1963,MT10,official_clean,button-press-topdown-v3,6,44,MT-REIM,1,1,1,60,06-0044-82125fc160b7,600086,82125fc160b723cfa518c46ad01958e1b539b196fd0a71ef2003f1c5eedead7f,0.6533597111701965,2,1,58
4654de3cc2b4593076d440ba282905a7e7fd8e7e5f5bb6453ed4e617dc3c1963,MT10,official_clean,button-press-topdown-v3,6,45,MT-MLP BC,1,0,0,57,06-0045-fb4a117e9ece,600087,fb4a117e9ecea731063d21ac606a81437e7322b1b235852048de960e00eb6d24,0.0,-1,1,0
4654de3cc2b4593076d440ba282905a7e7fd8e7e5f5bb6453ed4e617dc3c1963,MT10,official_clean,button-press-topdown-v3,6,45,MT-ACT,1,0,0,58,06-0045-fb4a117e9ece,600087,fb4a117e9ecea731063d21ac606a81437e7322b1b235852048de960e00eb6d24,0.0,-1,1,0
4654de3cc2b4593076d440ba282905a7e7fd8e7e5f5bb6453ed4e617dc3c1963,MT10,official_clean,button-press-topdown-v3,6,45,MT-ACT + Heuristic-Gated Learned Recovery,1,0,0,58,06-0045-fb4a117e9ece,600087,fb4a117e9ecea731063d21ac606a81437e7322b1b235852048de960e00eb6d24,0.0,-1,1,0
4654de3cc2b4593076d440ba282905a7e7fd8e7e5f5bb6453ed4e617dc3c1963,MT10,official_clean,button-press-topdown-v3,6,45,MT-REIM,1,0,0,58,06-0045-fb4a117e9ece,600087,fb4a117e9ecea731063d21ac606a81437e7322b1b235852048de960e00eb6d24,0.6122763156890869,-1,1,0
4654de3cc2b4593076d440ba282905a7e7fd8e7e5f5bb6453ed4e617dc3c1963,MT10,official_clean,button-press-topdown-v3,6,46,MT-MLP BC,1,0,0,59,06-0046-180832198f09,600088,180832198f09b08f3d3a012976a2181cd766a1af0dfd154cb86eedc308aafecc,0.0,-1,1,0
4654de3cc2b4593076d440ba282905a7e7fd8e7e5f5bb6453ed4e617dc3c1963,MT10,official_clean,button-press-topdown-v3,6,46,MT-ACT,1,0,0,60,06-0046-180832198f09,600088,180832198f09b08f3d3a012976a2181cd766a1af0dfd154cb86eedc308aafecc,0.0,-1,1,0
4654de3cc2b4593076d440ba282905a7e7fd8e7e5f5bb6453ed4e617dc3c1963,MT10,official_clean,button-press-topdown-v3,6,46,MT-ACT + Heuristic-Gated Learned Recovery,1,0,0,60,06-0046-180832198f09,600088,180832198f09b08f3d3a012976a2181cd766a1af0dfd154cb86eedc308aafecc,0.0,-1,1,0
4654de3cc2b4593076d440ba282905a7e7fd8e7e5f5bb6453ed4e617dc3c1963,MT10,official_clean,button-press-topdown-v3,6,46,MT-REIM,1,0,0,60,06-0046-180832198f09,600088,180832198f09b08f3d3a012976a2181cd766a1af0dfd154cb86eedc308aafecc,0.6295151710510254,-1,1,0
4654de3cc2b4593076d440ba282905a7e7fd8e7e5f5bb6453ed4e617dc3c1963,MT10,official_clean,button-press-topdown-v3,6,47,MT-MLP BC,1,0,0,65,06-0047-c4da2b46388f,600089,c4da2b46388f14f9988126f0fd8899d9e1ba3be5cafc6c8e26cb5aafb0bbf1bd,0.0,-1,1,0
4654de3cc2b4593076d440ba282905a7e7fd8e7e5f5bb6453ed4e617dc3c1963,MT10,official_clean,button-press-topdown-v3,6,47,MT-ACT,1,0,0,65,06-0047-c4da2b46388f,600089,c4da2b46388f14f9988126f0fd8899d9e1ba3be5cafc6c8e26cb5aafb0bbf1bd,0.0,-1,1,0
4654de3cc2b4593076d440ba282905a7e7fd8e7e5f5bb6453ed4e617dc3c1963,MT10,official_clean,button-press-topdown-v3,6,47,MT-ACT + Heuristic-Gated Learned Recovery,1,0,0,65,06-0047-c4da2b46388f,600089,c4da2b46388f14f9988126f0fd8899d9e1ba3be5cafc6c8e26cb5aafb0bbf1bd,0.0,-1,1,0
4654de3cc2b4593076d440ba282905a7e7fd8e7e5f5bb6453ed4e617dc3c1963,MT10,official_clean,button-press-topdown-v3,6,47,MT-REIM,1,0,0,65,06-0047-c4da2b46388f,600089,c4da2b46388f14f9988126f0fd8899d9e1ba3be5cafc6c8e26cb5aafb0bbf1bd,0.6341682076454163,-1,1,0
4654de3cc2b4593076d440ba282905a7e7fd8e7e5f5bb6453ed4e617dc3c1963,MT10,official_clean,button-press-topdown-v3,6,48,MT-MLP BC,1,0,0,62,06-0048-12a66a00f35e,600090,12a66a00f35ebee923e90ac8f24f1ed56056fd3a4ee43122dd6f0e2198927645,0.0,-1,1,0
4654de3cc2b4593076d440ba282905a7e7fd8e7e5f5bb6453ed4e617dc3c1963,MT10,official_clean,button-press-topdown-v3,6,48,MT-ACT,1,0,0,63,06-0048-12a66a00f35e,600090,12a66a00f35ebee923e90ac8f24f1ed56056fd3a4ee43122dd6f0e2198927645,0.0,-1,1,0
4654de3cc2b4593076d440ba282905a7e7fd8e7e5f5bb6453ed4e617dc3c1963,MT10,official_clean,button-press-topdown-v3,6,48,MT-ACT + Heuristic-Gated Learned Recovery,1,0,0,63,06-0048-12a66a00f35e,600090,12a66a00f35ebee923e90ac8f24f1ed56056fd3a4ee43122dd6f0e2198927645,0.0,-1,1,0
4654de3cc2b4593076d440ba282905a7e7fd8e7e5f5bb6453ed4e617dc3c1963,MT10,official_clean,button-press-topdown-v3,6,48,MT-REIM,1,0,0,63,06-0048-12a66a00f35e,600090,12a66a00f35ebee923e90ac8f24f1ed56056fd3a4ee43122dd6f0e2198927645,0.640225350856781,-1,1,0
4654de3cc2b4593076d440ba282905a7e7fd8e7e5f5bb6453ed4e617dc3c1963,MT10,official_clean,button-press-topdown-v3,6,49,MT-MLP BC,1,0,0,67,06-0049-cb0e0e5d5a63,600091,cb0e0e5d5a6345829e826d7ac0265e7679e031603cd9bc04296adee8099e1d4c,0.0,-1,1,0
4654de3cc2b4593076d440ba282905a7e7fd8e7e5f5bb6453ed4e617dc3c1963,MT10,official_clean,button-press-topdown-v3,6,49,MT-ACT,1,0,0,67,06-0049-cb0e0e5d5a63,600091,cb0e0e5d5a6345829e826d7ac0265e7679e031603cd9bc04296adee8099e1d4c,0.0,-1,1,0
4654de3cc2b4593076d440ba282905a7e7fd8e7e5f5bb6453ed4e617dc3c1963,MT10,official_clean,button-press-topdown-v3,6,49,MT-ACT + Heuristic-Gated Learned Recovery,1,0,0,67,06-0049-cb0e0e5d5a63,600091,cb0e0e5d5a6345829e826d7ac0265e7679e031603cd9bc04296adee8099e1d4c,0.0,-1,1,0
4654de3cc2b4593076d440ba282905a7e7fd8e7e5f5bb6453ed4e617dc3c1963,MT10,official_clean,button-press-topdown-v3,6,49,MT-REIM,1,0,0,67,06-0049-cb0e0e5d5a63,600091,cb0e0e5d5a6345829e826d7ac0265e7679e031603cd9bc04296adee8099e1d4c,0.6121916770935059,-1,1,0
4654de3cc2b4593076d440ba282905a7e7fd8e7e5f5bb6453ed4e617dc3c1963,MT10,official_clean,peg-insert-side-v3,7,0,MT-MLP BC,0,0,0,500,07-0000-8f106159f57a,700042,8f106159f57a6c0bf008c5a1632797d4e22973d3ed5443cdd77836d5dee2d8b9,0.0,-1,1,0
4654de3cc2b4593076d440ba282905a7e7fd8e7e5f5bb6453ed4e617dc3c1963,MT10,official_clean,peg-insert-side-v3,7,0,MT-ACT,1,0,0,94,07-0000-8f106159f57a,700042,8f106159f57a6c0bf008c5a1632797d4e22973d3ed5443cdd77836d5dee2d8b9,0.0,-1,1,0
4654de3cc2b4593076d440ba282905a7e7fd8e7e5f5bb6453ed4e617dc3c1963,MT10,official_clean,peg-insert-side-v3,7,0,MT-ACT + Heuristic-Gated Learned Recovery,1,1,0,346,07-0000-8f106159f57a,700042,8f106159f57a6c0bf008c5a1632797d4e22973d3ed5443cdd77836d5dee2d8b9,0.0,30,1,250
4654de3cc2b4593076d440ba282905a7e7fd8e7e5f5bb6453ed4e617dc3c1963,MT10,official_clean,peg-insert-side-v3,7,0,MT-REIM,1,0,0,94,07-0000-8f106159f57a,700042,8f106159f57a6c0bf008c5a1632797d4e22973d3ed5443cdd77836d5dee2d8b9,0.48193418979644775,-1,1,0
4654de3cc2b4593076d440ba282905a7e7fd8e7e5f5bb6453ed4e617dc3c1963,MT10,official_clean,peg-insert-side-v3,7,1,MT-MLP BC,1,0,0,138,07-0001-03fee8bde97a,700043,03fee8bde97aecb1b25bf391710ee3f874a4b1b075364283876b283521c798f3,0.0,-1,1,0
4654de3cc2b4593076d440ba282905a7e7fd8e7e5f5bb6453ed4e617dc3c1963,MT10,official_clean,peg-insert-side-v3,7,1,MT-ACT,1,0,0,105,07-0001-03fee8bde97a,700043,03fee8bde97aecb1b25bf391710ee3f874a4b1b075364283876b283521c798f3,0.0,-1,1,0
4654de3cc2b4593076d440ba282905a7e7fd8e7e5f5bb6453ed4e617dc3c1963,MT10,official_clean,peg-insert-side-v3,7,1,MT-ACT + Heuristic-Gated Learned Recovery,1,1,1,128,07-0001-03fee8bde97a,700043,03fee8bde97aecb1b25bf391710ee3f874a4b1b075364283876b283521c798f3,0.0,30,1,98
4654de3cc2b4593076d440ba282905a7e7fd8e7e5f5bb6453ed4e617dc3c1963,MT10,official_clean,peg-insert-side-v3,7,1,MT-REIM,1,0,0,105,07-0001-03fee8bde97a,700043,03fee8bde97aecb1b25bf391710ee3f874a4b1b075364283876b283521c798f3,0.609076201915741,-1,1,0
4654de3cc2b4593076d440ba282905a7e7fd8e7e5f5bb6453ed4e617dc3c1963,MT10,official_clean,peg-insert-side-v3,7,2,MT-MLP BC,1,0,0,98,07-0002-bad0fe773167,700044,bad0fe7731674eeecd6db38d91b9568188a891bf97861b214d91f914d3bcda4d,0.0,-1,1,0
4654de3cc2b4593076d440ba282905a7e7fd8e7e5f5bb6453ed4e617dc3c1963,MT10,official_clean,peg-insert-side-v3,7,2,MT-ACT,1,0,0,93,07-0002-bad0fe773167,700044,bad0fe7731674eeecd6db38d91b9568188a891bf97861b214d91f914d3bcda4d,0.0,-1,1,0
4654de3cc2b4593076d440ba282905a7e7fd8e7e5f5bb6453ed4e617dc3c1963,MT10,official_clean,peg-insert-side-v3,7,2,MT-ACT + Heuristic-Gated Learned Recovery,0,2,0,500,07-0002-bad0fe773167,700044,bad0fe7731674eeecd6db38d91b9568188a891bf97861b214d91f914d3bcda4d,0.0,30,1,339
4654de3cc2b4593076d440ba282905a7e7fd8e7e5f5bb6453ed4e617dc3c1963,MT10,official_clean,peg-insert-side-v3,7,2,MT-REIM,1,0,0,93,07-0002-bad0fe773167,700044,bad0fe7731674eeecd6db38d91b9568188a891bf97861b214d91f914d3bcda4d,0.6240170001983643,-1,1,0
4654de3cc2b4593076d440ba282905a7e7fd8e7e5f5bb6453ed4e617dc3c1963,MT10,official_clean,peg-insert-side-v3,7,3,MT-MLP BC,0,0,0,500,07-0003-9785f7e8e573,700045,9785f7e8e573d98b6628741bf7e79228b819b79ca5e3bfb301894d0609e39ef5,0.0,-1,1,0
4654de3cc2b4593076d440ba282905a7e7fd8e7e5f5bb6453ed4e617dc3c1963,MT10,official_clean,peg-insert-side-v3,7,3,MT-ACT,0,0,0,500,07-0003-9785f7e8e573,700045,9785f7e8e573d98b6628741bf7e79228b819b79ca5e3bfb301894d0609e39ef5,0.0,-1,1,0
4654de3cc2b4593076d440ba282905a7e7fd8e7e5f5bb6453ed4e617dc3c1963,MT10,official_clean,peg-insert-side-v3,7,3,MT-ACT + Heuristic-Gated Learned Recovery,0,2,0,500,07-0003-9785f7e8e573,700045,9785f7e8e573d98b6628741bf7e79228b819b79ca5e3bfb301894d0609e39ef5,0.0,30,1,461
4654de3cc2b4593076d440ba282905a7e7fd8e7e5f5bb6453ed4e617dc3c1963,MT10,official_clean,peg-insert-side-v3,7,3,MT-REIM,0,0,0,500,07-0003-9785f7e8e573,700045,9785f7e8e573d98b6628741bf7e79228b819b79ca5e3bfb301894d0609e39ef5,0.5735906362533569,-1,1,0
4654de3cc2b4593076d440ba282905a7e7fd8e7e5f5bb6453ed4e617dc3c1963,MT10,official_clean,peg-insert-side-v3,7,4,MT-MLP BC,0,0,0,500,07-0004-29d52c5d276d,700046,29d52c5d276dcc48558160611dda20abc49d9f33f7b53a698ad10a6d61352f2e,0.0,-1,1,0
4654de3cc2b4593076d440ba282905a7e7fd8e7e5f5bb6453ed4e617dc3c1963,MT10,official_clean,peg-insert-side-v3,7,4,MT-ACT,1,0,0,132,07-0004-29d52c5d276d,700046,29d52c5d276dcc48558160611dda20abc49d9f33f7b53a698ad10a6d61352f2e,0.0,-1,1,0
4654de3cc2b4593076d440ba282905a7e7fd8e7e5f5bb6453ed4e617dc3c1963,MT10,official_clean,peg-insert-side-v3,7,4,MT-ACT + Heuristic-Gated Learned Recovery,1,0,0,132,07-0004-29d52c5d276d,700046,29d52c5d276dcc48558160611dda20abc49d9f33f7b53a698ad10a6d61352f2e,0.0,-1,1,0
4654de3cc2b4593076d440ba282905a7e7fd8e7e5f5bb6453ed4e617dc3c1963,MT10,official_clean,peg-insert-side-v3,7,4,MT-REIM,1,0,0,132,07-0004-29d52c5d276d,700046,29d52c5d276dcc48558160611dda20abc49d9f33f7b53a698ad10a6d61352f2e,0.4820187985897064,-1,1,0
4654de3cc2b4593076d440ba282905a7e7fd8e7e5f5bb6453ed4e617dc3c1963,MT10,official_clean,peg-insert-side-v3,7,5,MT-MLP BC,1,0,0,312,07-0005-95909c200f9b,700047,95909c200f9b470e6c5f19c7b304d823664b74fda04a3afb254d90e352aefc94,0.0,-1,1,0
4654de3cc2b4593076d440ba282905a7e7fd8e7e5f5bb6453ed4e617dc3c1963,MT10,official_clean,peg-insert-side-v3,7,5,MT-ACT,1,0,0,134,07-0005-95909c200f9b,700047,95909c200f9b470e6c5f19c7b304d823664b74fda04a3afb254d90e352aefc94,0.0,-1,1,0
4654de3cc2b4593076d440ba282905a7e7fd8e7e5f5bb6453ed4e617dc3c1963,MT10,official_clean,peg-insert-side-v3,7,5,MT-ACT + Heuristic-Gated Learned Recovery,1,1,0,320,07-0005-95909c200f9b,700047,95909c200f9b470e6c5f19c7b304d823664b74fda04a3afb254d90e352aefc94,0.0,30,1,250
4654de3cc2b4593076d440ba282905a7e7fd8e7e5f5bb6453ed4e617dc3c1963,MT10,official_clean,peg-insert-side-v3,7,5,MT-REIM,1,0,0,134,07-0005-95909c200f9b,700047,95909c200f9b470e6c5f19c7b304d823664b74fda04a3afb254d90e352aefc94,0.47138023376464844,-1,1,0
4654de3cc2b4593076d440ba282905a7e7fd8e7e5f5bb6453ed4e617dc3c1963,MT10,official_clean,peg-insert-side-v3,7,6,MT-MLP BC,1,0,0,106,07-0006-9927770690e0,700048,9927770690e0898a99f8a455401e0724a348f2d7f4143231f22df82311e96768,0.0,-1,1,0
4654de3cc2b4593076d440ba282905a7e7fd8e7e5f5bb6453ed4e617dc3c1963,MT10,official_clean,peg-insert-side-v3,7,6,MT-ACT,1,0,0,89,07-0006-9927770690e0,700048,9927770690e0898a99f8a455401e0724a348f2d7f4143231f22df82311e96768,0.0,-1,1,0
4654de3cc2b4593076d440ba282905a7e7fd8e7e5f5bb6453ed4e617dc3c1963,MT10,official_clean,peg-insert-side-v3,7,6,MT-ACT + Heuristic-Gated Learned Recovery,1,1,1,98,07-0006-9927770690e0,700048,9927770690e0898a99f8a455401e0724a348f2d7f4143231f22df82311e96768,0.0,30,1,68
4654de3cc2b4593076d440ba282905a7e7fd8e7e5f5bb6453ed4e617dc3c1963,MT10,official_clean,peg-insert-side-v3,7,6,MT-REIM,1,0,0,89,07-0006-9927770690e0,700048,9927770690e0898a99f8a455401e0724a348f2d7f4143231f22df82311e96768,0.6136938333511353,-1,1,0
4654de3cc2b4593076d440ba282905a7e7fd8e7e5f5bb6453ed4e617dc3c1963,MT10,official_clean,peg-insert-side-v3,7,7,MT-MLP BC,1,0,0,85,07-0007-aa028e6fa1d3,700049,aa028e6fa1d3123faa93805d49d448cd908b123702395278efb11b548055f300,0.0,-1,1,0
4654de3cc2b4593076d440ba282905a7e7fd8e7e5f5bb6453ed4e617dc3c1963,MT10,official_clean,peg-insert-side-v3,7,7,MT-ACT,1,0,0,78,07-0007-aa028e6fa1d3,700049,aa028e6fa1d3123faa93805d49d448cd908b123702395278efb11b548055f300,0.0,-1,1,0
4654de3cc2b4593076d440ba282905a7e7fd8e7e5f5bb6453ed4e617dc3c1963,MT10,official_clean,peg-insert-side-v3,7,7,MT-ACT + Heuristic-Gated Learned Recovery,0,2,0,500,07-0007-aa028e6fa1d3,700049,aa028e6fa1d3123faa93805d49d448cd908b123702395278efb11b548055f300,0.0,30,1,461
4654de3cc2b4593076d440ba282905a7e7fd8e7e5f5bb6453ed4e617dc3c1963,MT10,official_clean,peg-insert-side-v3,7,7,MT-REIM,1,0,0,78,07-0007-aa028e6fa1d3,700049,aa028e6fa1d3123faa93805d49d448cd908b123702395278efb11b548055f300,0.5876882672309875,-1,1,0
4654de3cc2b4593076d440ba282905a7e7fd8e7e5f5bb6453ed4e617dc3c1963,MT10,official_clean,peg-insert-side-v3,7,8,MT-MLP BC,0,0,0,500,07-0008-032c74113d92,700050,032c74113d92642a8eb358c788167db216406248f67cba391797e3d8d7cbb5a8,0.0,-1,1,0
4654de3cc2b4593076d440ba282905a7e7fd8e7e5f5bb6453ed4e617dc3c1963,MT10,official_clean,peg-insert-side-v3,7,8,MT-ACT,0,0,0,500,07-0008-032c74113d92,700050,032c74113d92642a8eb358c788167db216406248f67cba391797e3d8d7cbb5a8,0.0,-1,1,0
4654de3cc2b4593076d440ba282905a7e7fd8e7e5f5bb6453ed4e617dc3c1963,MT10,official_clean,peg-insert-side-v3,7,8,MT-ACT + Heuristic-Gated Learned Recovery,0,2,0,500,07-0008-032c74113d92,700050,032c74113d92642a8eb358c788167db216406248f67cba391797e3d8d7cbb5a8,0.0,30,1,461
4654de3cc2b4593076d440ba282905a7e7fd8e7e5f5bb6453ed4e617dc3c1963,MT10,official_clean,peg-insert-side-v3,7,8,MT-REIM,0,0,0,500,07-0008-032c74113d92,700050,032c74113d92642a8eb358c788167db216406248f67cba391797e3d8d7cbb5a8,0.46971866488456726,-1,1,0
4654de3cc2b4593076d440ba282905a7e7fd8e7e5f5bb6453ed4e617dc3c1963,MT10,official_clean,peg-insert-side-v3,7,9,MT-MLP BC,1,0,0,87,07-0009-b4cbe0f8b6b0,700051,b4cbe0f8b6b04429c20b4b44ff81da81074ccb9d27114eff25319527ab058177,0.0,-1,1,0
4654de3cc2b4593076d440ba282905a7e7fd8e7e5f5bb6453ed4e617dc3c1963,MT10,official_clean,peg-insert-side-v3,7,9,MT-ACT,1,0,0,82,07-0009-b4cbe0f8b6b0,700051,b4cbe0f8b6b04429c20b4b44ff81da81074ccb9d27114eff25319527ab058177,0.0,-1,1,0
4654de3cc2b4593076d440ba282905a7e7fd8e7e5f5bb6453ed4e617dc3c1963,MT10,official_clean,peg-insert-side-v3,7,9,MT-ACT + Heuristic-Gated Learned Recovery,1,1,1,97,07-0009-b4cbe0f8b6b0,700051,b4cbe0f8b6b04429c20b4b44ff81da81074ccb9d27114eff25319527ab058177,0.0,30,1,67
4654de3cc2b4593076d440ba282905a7e7fd8e7e5f5bb6453ed4e617dc3c1963,MT10,official_clean,peg-insert-side-v3,7,9,MT-REIM,1,0,0,82,07-0009-b4cbe0f8b6b0,700051,b4cbe0f8b6b04429c20b4b44ff81da81074ccb9d27114eff25319527ab058177,0.6083117127418518,-1,1,0
4654de3cc2b4593076d440ba282905a7e7fd8e7e5f5bb6453ed4e617dc3c1963,MT10,official_clean,peg-insert-side-v3,7,10,MT-MLP BC,0,0,0,500,07-0010-b10e27d39b0e,700052,b10e27d39b0e41af1c3009b7d7ff5da9a4dd5dd4c5b9a795b7a810a65f9345d1,0.0,-1,1,0
4654de3cc2b4593076d440ba282905a7e7fd8e7e5f5bb6453ed4e617dc3c1963,MT10,official_clean,peg-insert-side-v3,7,10,MT-ACT,1,0,0,82,07-0010-b10e27d39b0e,700052,b10e27d39b0e41af1c3009b7d7ff5da9a4dd5dd4c5b9a795b7a810a65f9345d1,0.0,-1,1,0
4654de3cc2b4593076d440ba282905a7e7fd8e7e5f5bb6453ed4e617dc3c1963,MT10,official_clean,peg-insert-side-v3,7,10,MT-ACT + Heuristic-Gated Learned Recovery,1,1,0,348,07-0010-b10e27d39b0e,700052,b10e27d39b0e41af1c3009b7d7ff5da9a4dd5dd4c5b9a795b7a810a65f9345d1,0.0,30,1,250
4654de3cc2b4593076d440ba282905a7e7fd8e7e5f5bb6453ed4e617dc3c1963,MT10,official_clean,peg-insert-side-v3,7,10,MT-REIM,1,0,0,82,07-0010-b10e27d39b0e,700052,b10e27d39b0e41af1c3009b7d7ff5da9a4dd5dd4c5b9a795b7a810a65f9345d1,0.5833581686019897,-1,1,0
4654de3cc2b4593076d440ba282905a7e7fd8e7e5f5bb6453ed4e617dc3c1963,MT10,official_clean,peg-insert-side-v3,7,11,MT-MLP BC,1,0,0,85,07-0011-b9a45d38219e,700053,b9a45d38219e65c975203c8418dd8d1832f7b6c6db3e11edfc32d9be1ee5d180,0.0,-1,1,0
4654de3cc2b4593076d440ba282905a7e7fd8e7e5f5bb6453ed4e617dc3c1963,MT10,official_clean,peg-insert-side-v3,7,11,MT-ACT,0,0,0,500,07-0011-b9a45d38219e,700053,b9a45d38219e65c975203c8418dd8d1832f7b6c6db3e11edfc32d9be1ee5d180,0.0,-1,1,0
4654de3cc2b4593076d440ba282905a7e7fd8e7e5f5bb6453ed4e617dc3c1963,MT10,official_clean,peg-insert-side-v3,7,11,MT-ACT + Heuristic-Gated Learned Recovery,0,2,0,500,07-0011-b9a45d38219e,700053,b9a45d38219e65c975203c8418dd8d1832f7b6c6db3e11edfc32d9be1ee5d180,0.0,30,1,461
4654de3cc2b4593076d440ba282905a7e7fd8e7e5f5bb6453ed4e617dc3c1963,MT10,official_clean,peg-insert-side-v3,7,11,MT-REIM,0,0,0,500,07-0011-b9a45d38219e,700053,b9a45d38219e65c975203c8418dd8d1832f7b6c6db3e11edfc32d9be1ee5d180,0.548213005065918,-1,1,0
4654de3cc2b4593076d440ba282905a7e7fd8e7e5f5bb6453ed4e617dc3c1963,MT10,official_clean,peg-insert-side-v3,7,12,MT-MLP BC,1,0,0,146,07-0012-dd39deac2c73,700054,dd39deac2c731f948123c31199a55d01e995124d442e98297bc6949ae8ba371a,0.0,-1,1,0
4654de3cc2b4593076d440ba282905a7e7fd8e7e5f5bb6453ed4e617dc3c1963,MT10,official_clean,peg-insert-side-v3,7,12,MT-ACT,1,0,0,92,07-0012-dd39deac2c73,700054,dd39deac2c731f948123c31199a55d01e995124d442e98297bc6949ae8ba371a,0.0,-1,1,0
4654de3cc2b4593076d440ba282905a7e7fd8e7e5f5bb6453ed4e617dc3c1963,MT10,official_clean,peg-insert-side-v3,7,12,MT-ACT + Heuristic-Gated Learned Recovery,1,1,0,342,07-0012-dd39deac2c73,700054,dd39deac2c731f948123c31199a55d01e995124d442e98297bc6949ae8ba371a,0.0,30,1,250
4654de3cc2b4593076d440ba282905a7e7fd8e7e5f5bb6453ed4e617dc3c1963,MT10,official_clean,peg-insert-side-v3,7,12,MT-REIM,1,0,0,92,07-0012-dd39deac2c73,700054,dd39deac2c731f948123c31199a55d01e995124d442e98297bc6949ae8ba371a,0.5226930975914001,-1,1,0
4654de3cc2b4593076d440ba282905a7e7fd8e7e5f5bb6453ed4e617dc3c1963,MT10,official_clean,peg-insert-side-v3,7,13,MT-MLP BC,0,0,0,500,07-0013-51bfeb429311,700055,51bfeb429311c6e5423a945dd661ef95a0fe2683783cb475e558f2344a2f4cf1,0.0,-1,1,0
4654de3cc2b4593076d440ba282905a7e7fd8e7e5f5bb6453ed4e617dc3c1963,MT10,official_clean,peg-insert-side-v3,7,13,MT-ACT,1,0,0,92,07-0013-51bfeb429311,700055,51bfeb429311c6e5423a945dd661ef95a0fe2683783cb475e558f2344a2f4cf1,0.0,-1,1,0
4654de3cc2b4593076d440ba282905a7e7fd8e7e5f5bb6453ed4e617dc3c1963,MT10,official_clean,peg-insert-side-v3,7,13,MT-ACT + Heuristic-Gated Learned Recovery,0,2,0,500,07-0013-51bfeb429311,700055,51bfeb429311c6e5423a945dd661ef95a0fe2683783cb475e558f2344a2f4cf1,0.0,30,1,461
4654de3cc2b4593076d440ba282905a7e7fd8e7e5f5bb6453ed4e617dc3c1963,MT10,official_clean,peg-insert-side-v3,7,13,MT-REIM,1,0,0,92,07-0013-51bfeb429311,700055,51bfeb429311c6e5423a945dd661ef95a0fe2683783cb475e558f2344a2f4cf1,0.5004838109016418,-1,1,0
4654de3cc2b4593076d440ba282905a7e7fd8e7e5f5bb6453ed4e617dc3c1963,MT10,official_clean,peg-insert-side-v3,7,14,MT-MLP BC,0,0,0,500,07-0014-366b9c9a5f72,700056,366b9c9a5f720848c4ef7bd1d784d3fafe15df37d268f917357309a11a62bb31,0.0,-1,1,0
4654de3cc2b4593076d440ba282905a7e7fd8e7e5f5bb6453ed4e617dc3c1963,MT10,official_clean,peg-insert-side-v3,7,14,MT-ACT,1,0,0,81,07-0014-366b9c9a5f72,700056,366b9c9a5f720848c4ef7bd1d784d3fafe15df37d268f917357309a11a62bb31,0.0,-1,1,0
4654de3cc2b4593076d440ba282905a7e7fd8e7e5f5bb6453ed4e617dc3c1963,MT10,official_clean,peg-insert-side-v3,7,14,MT-ACT + Heuristic-Gated Learned Recovery,1,1,0,317,07-0014-366b9c9a5f72,700056,366b9c9a5f720848c4ef7bd1d784d3fafe15df37d268f917357309a11a62bb31,0.0,30,1,250
4654de3cc2b4593076d440ba282905a7e7fd8e7e5f5bb6453ed4e617dc3c1963,MT10,official_clean,peg-insert-side-v3,7,14,MT-REIM,1,0,0,81,07-0014-366b9c9a5f72,700056,366b9c9a5f720848c4ef7bd1d784d3fafe15df37d268f917357309a11a62bb31,0.4827212989330292,-1,1,0
4654de3cc2b4593076d440ba282905a7e7fd8e7e5f5bb6453ed4e617dc3c1963,MT10,official_clean,peg-insert-side-v3,7,15,MT-MLP BC,0,0,0,500,07-0015-321336deb2a0,700057,321336deb2a03519f01a280162c6be087df519804ab5a69bc82e0d4eaa773373,0.0,-1,1,0
4654de3cc2b4593076d440ba282905a7e7fd8e7e5f5bb6453ed4e617dc3c1963,MT10,official_clean,peg-insert-side-v3,7,15,MT-ACT,1,0,0,248,07-0015-321336deb2a0,700057,321336deb2a03519f01a280162c6be087df519804ab5a69bc82e0d4eaa773373,0.0,-1,1,0
4654de3cc2b4593076d440ba282905a7e7fd8e7e5f5bb6453ed4e617dc3c1963,MT10,official_clean,peg-insert-side-v3,7,15,MT-ACT + Heuristic-Gated Learned Recovery,0,2,0,500,07-0015-321336deb2a0,700057,321336deb2a03519f01a280162c6be087df519804ab5a69bc82e0d4eaa773373,0.0,30,1,415
4654de3cc2b4593076d440ba282905a7e7fd8e7e5f5bb6453ed4e617dc3c1963,MT10,official_clean,peg-insert-side-v3,7,15,MT-REIM,1,0,0,248,07-0015-321336deb2a0,700057,321336deb2a03519f01a280162c6be087df519804ab5a69bc82e0d4eaa773373,0.4716559052467346,-1,1,0
4654de3cc2b4593076d440ba282905a7e7fd8e7e5f5bb6453ed4e617dc3c1963,MT10,official_clean,peg-insert-side-v3,7,16,MT-MLP BC,0,0,0,500,07-0016-e93e644d1d0b,700058,e93e644d1d0b04ec287ed84561d605db92f8ab551c720f4f7bc7daa28d1897bc,0.0,-1,1,0
4654de3cc2b4593076d440ba282905a7e7fd8e7e5f5bb6453ed4e617dc3c1963,MT10,official_clean,peg-insert-side-v3,7,16,MT-ACT,1,0,0,237,07-0016-e93e644d1d0b,700058,e93e644d1d0b04ec287ed84561d605db92f8ab551c720f4f7bc7daa28d1897bc,0.0,-1,1,0
4654de3cc2b4593076d440ba282905a7e7fd8e7e5f5bb6453ed4e617dc3c1963,MT10,official_clean,peg-insert-side-v3,7,16,MT-ACT + Heuristic-Gated Learned Recovery,1,1,0,472,07-0016-e93e644d1d0b,700058,e93e644d1d0b04ec287ed84561d605db92f8ab551c720f4f7bc7daa28d1897bc,0.0,30,1,250
4654de3cc2b4593076d440ba282905a7e7fd8e7e5f5bb6453ed4e617dc3c1963,MT10,official_clean,peg-insert-side-v3,7,16,MT-REIM,1,0,0,237,07-0016-e93e644d1d0b,700058,e93e644d1d0b04ec287ed84561d605db92f8ab551c720f4f7bc7daa28d1897bc,0.4706473648548126,-1,1,0
4654de3cc2b4593076d440ba282905a7e7fd8e7e5f5bb6453ed4e617dc3c1963,MT10,official_clean,peg-insert-side-v3,7,17,MT-MLP BC,0,0,0,500,07-0017-f6dd3f54aad2,700059,f6dd3f54aad2501dfdd760b80804a78d80aec88ad06c87d2325fbfb33cdfa21e,0.0,-1,1,0
4654de3cc2b4593076d440ba282905a7e7fd8e7e5f5bb6453ed4e617dc3c1963,MT10,official_clean,peg-insert-side-v3,7,17,MT-ACT,1,0,0,88,07-0017-f6dd3f54aad2,700059,f6dd3f54aad2501dfdd760b80804a78d80aec88ad06c87d2325fbfb33cdfa21e,0.0,-1,1,0
4654de3cc2b4593076d440ba282905a7e7fd8e7e5f5bb6453ed4e617dc3c1963,MT10,official_clean,peg-insert-side-v3,7,17,MT-ACT + Heuristic-Gated Learned Recovery,0,2,0,500,07-0017-f6dd3f54aad2,700059,f6dd3f54aad2501dfdd760b80804a78d80aec88ad06c87d2325fbfb33cdfa21e,0.0,30,1,461
4654de3cc2b4593076d440ba282905a7e7fd8e7e5f5bb6453ed4e617dc3c1963,MT10,official_clean,peg-insert-side-v3,7,17,MT-REIM,1,0,0,88,07-0017-f6dd3f54aad2,700059,f6dd3f54aad2501dfdd760b80804a78d80aec88ad06c87d2325fbfb33cdfa21e,0.5675088167190552,-1,1,0
4654de3cc2b4593076d440ba282905a7e7fd8e7e5f5bb6453ed4e617dc3c1963,MT10,official_clean,peg-insert-side-v3,7,18,MT-MLP BC,0,0,0,500,07-0018-8ddaf27cb1af,700060,8ddaf27cb1af1eb16efd40eaa6228ff6925ba0688012236ad963cfecaf10d84f,0.0,-1,1,0
4654de3cc2b4593076d440ba282905a7e7fd8e7e5f5bb6453ed4e617dc3c1963,MT10,official_clean,peg-insert-side-v3,7,18,MT-ACT,1,0,0,235,07-0018-8ddaf27cb1af,700060,8ddaf27cb1af1eb16efd40eaa6228ff6925ba0688012236ad963cfecaf10d84f,0.0,-1,1,0
4654de3cc2b4593076d440ba282905a7e7fd8e7e5f5bb6453ed4e617dc3c1963,MT10,official_clean,peg-insert-side-v3,7,18,MT-ACT + Heuristic-Gated Learned Recovery,0,2,0,500,07-0018-8ddaf27cb1af,700060,8ddaf27cb1af1eb16efd40eaa6228ff6925ba0688012236ad963cfecaf10d84f,0.0,30,1,388
4654de3cc2b4593076d440ba282905a7e7fd8e7e5f5bb6453ed4e617dc3c1963,MT10,official_clean,peg-insert-side-v3,7,18,MT-REIM,1,0,0,235,07-0018-8ddaf27cb1af,700060,8ddaf27cb1af1eb16efd40eaa6228ff6925ba0688012236ad963cfecaf10d84f,0.47251734137535095,-1,1,0
4654de3cc2b4593076d440ba282905a7e7fd8e7e5f5bb6453ed4e617dc3c1963,MT10,official_clean,peg-insert-side-v3,7,19,MT-MLP BC,1,0,0,87,07-0019-5f0db64d152e,700061,5f0db64d152e8736b219de66e633675c67e31d431263ea22424e464cec225286,0.0,-1,1,0
4654de3cc2b4593076d440ba282905a7e7fd8e7e5f5bb6453ed4e617dc3c1963,MT10,official_clean,peg-insert-side-v3,7,19,MT-ACT,1,0,0,81,07-0019-5f0db64d152e,700061,5f0db64d152e8736b219de66e633675c67e31d431263ea22424e464cec225286,0.0,-1,1,0
4654de3cc2b4593076d440ba282905a7e7fd8e7e5f5bb6453ed4e617dc3c1963,MT10,official_clean,peg-insert-side-v3,7,19,MT-ACT + Heuristic-Gated Learned Recovery,0,2,0,500,07-0019-5f0db64d152e,700061,5f0db64d152e8736b219de66e633675c67e31d431263ea22424e464cec225286,0.0,30,1,461
4654de3cc2b4593076d440ba282905a7e7fd8e7e5f5bb6453ed4e617dc3c1963,MT10,official_clean,peg-insert-side-v3,7,19,MT-REIM,1,0,0,81,07-0019-5f0db64d152e,700061,5f0db64d152e8736b219de66e633675c67e31d431263ea22424e464cec225286,0.539902925491333,-1,1,0
4654de3cc2b4593076d440ba282905a7e7fd8e7e5f5bb6453ed4e617dc3c1963,MT10,official_clean,peg-insert-side-v3,7,20,MT-MLP BC,0,0,0,500,07-0020-5d6ce2c9eaa5,700062,5d6ce2c9eaa5c64e3b4fe88e1b2836fc67b150090ab68217359de4fee42bd43f,0.0,-1,1,0
4654de3cc2b4593076d440ba282905a7e7fd8e7e5f5bb6453ed4e617dc3c1963,MT10,official_clean,peg-insert-side-v3,7,20,MT-ACT,0,0,0,500,07-0020-5d6ce2c9eaa5,700062,5d6ce2c9eaa5c64e3b4fe88e1b2836fc67b150090ab68217359de4fee42bd43f,0.0,-1,1,0
4654de3cc2b4593076d440ba282905a7e7fd8e7e5f5bb6453ed4e617dc3c1963,MT10,official_clean,peg-insert-side-v3,7,20,MT-ACT + Heuristic-Gated Learned Recovery,0,2,0,500,07-0020-5d6ce2c9eaa5,700062,5d6ce2c9eaa5c64e3b4fe88e1b2836fc67b150090ab68217359de4fee42bd43f,0.0,30,1,461
4654de3cc2b4593076d440ba282905a7e7fd8e7e5f5bb6453ed4e617dc3c1963,MT10,official_clean,peg-insert-side-v3,7,20,MT-REIM,0,0,0,500,07-0020-5d6ce2c9eaa5,700062,5d6ce2c9eaa5c64e3b4fe88e1b2836fc67b150090ab68217359de4fee42bd43f,0.4808862805366516,-1,1,0
4654de3cc2b4593076d440ba282905a7e7fd8e7e5f5bb6453ed4e617dc3c1963,MT10,official_clean,peg-insert-side-v3,7,21,MT-MLP BC,0,0,0,500,07-0021-71a08d25aca4,700063,71a08d25aca474a1e35de2c3c89920c356494b31376ad633b2494a67dbef60a7,0.0,-1,1,0
4654de3cc2b4593076d440ba282905a7e7fd8e7e5f5bb6453ed4e617dc3c1963,MT10,official_clean,peg-insert-side-v3,7,21,MT-ACT,1,0,0,58,07-0021-71a08d25aca4,700063,71a08d25aca474a1e35de2c3c89920c356494b31376ad633b2494a67dbef60a7,0.0,-1,1,0
4654de3cc2b4593076d440ba282905a7e7fd8e7e5f5bb6453ed4e617dc3c1963,MT10,official_clean,peg-insert-side-v3,7,21,MT-ACT + Heuristic-Gated Learned Recovery,1,0,0,58,07-0021-71a08d25aca4,700063,71a08d25aca474a1e35de2c3c89920c356494b31376ad633b2494a67dbef60a7,0.0,-1,1,0
4654de3cc2b4593076d440ba282905a7e7fd8e7e5f5bb6453ed4e617dc3c1963,MT10,official_clean,peg-insert-side-v3,7,21,MT-REIM,1,0,0,58,07-0021-71a08d25aca4,700063,71a08d25aca474a1e35de2c3c89920c356494b31376ad633b2494a67dbef60a7,0.5386229157447815,-1,1,0
4654de3cc2b4593076d440ba282905a7e7fd8e7e5f5bb6453ed4e617dc3c1963,MT10,official_clean,peg-insert-side-v3,7,22,MT-MLP BC,1,0,0,131,07-0022-82bec966bb62,700064,82bec966bb62483a7557f393b54d51945462ab882f5d3c19b3ec1b09bc499134,0.0,-1,1,0
4654de3cc2b4593076d440ba282905a7e7fd8e7e5f5bb6453ed4e617dc3c1963,MT10,official_clean,peg-insert-side-v3,7,22,MT-ACT,1,0,0,114,07-0022-82bec966bb62,700064,82bec966bb62483a7557f393b54d51945462ab882f5d3c19b3ec1b09bc499134,0.0,-1,1,0
4654de3cc2b4593076d440ba282905a7e7fd8e7e5f5bb6453ed4e617dc3c1963,MT10,official_clean,peg-insert-side-v3,7,22,MT-ACT + Heuristic-Gated Learned Recovery,1,1,1,137,07-0022-82bec966bb62,700064,82bec966bb62483a7557f393b54d51945462ab882f5d3c19b3ec1b09bc499134,0.0,30,1,107
4654de3cc2b4593076d440ba282905a7e7fd8e7e5f5bb6453ed4e617dc3c1963,MT10,official_clean,peg-insert-side-v3,7,22,MT-REIM,1,0,0,114,07-0022-82bec966bb62,700064,82bec966bb62483a7557f393b54d51945462ab882f5d3c19b3ec1b09bc499134,0.6143948435783386,-1,1,0
4654de3cc2b4593076d440ba282905a7e7fd8e7e5f5bb6453ed4e617dc3c1963,MT10,official_clean,peg-insert-side-v3,7,23,MT-MLP BC,1,0,0,86,07-0023-bb698d989d28,700065,bb698d989d28b71e210a0d40f4bb7e94935a26979ac298889c6b3b3870cf7a65,0.0,-1,1,0
4654de3cc2b4593076d440ba282905a7e7fd8e7e5f5bb6453ed4e617dc3c1963,MT10,official_clean,peg-insert-side-v3,7,23,MT-ACT,1,0,0,80,07-0023-bb698d989d28,700065,bb698d989d28b71e210a0d40f4bb7e94935a26979ac298889c6b3b3870cf7a65,0.0,-1,1,0
4654de3cc2b4593076d440ba282905a7e7fd8e7e5f5bb6453ed4e617dc3c1963,MT10,official_clean,peg-insert-side-v3,7,23,MT-ACT + Heuristic-Gated Learned Recovery,1,1,0,314,07-0023-bb698d989d28,700065,bb698d989d28b71e210a0d40f4bb7e94935a26979ac298889c6b3b3870cf7a65,0.0,30,1,250
4654de3cc2b4593076d440ba282905a7e7fd8e7e5f5bb6453ed4e617dc3c1963,MT10,official_clean,peg-insert-side-v3,7,23,MT-REIM,1,0,0,80,07-0023-bb698d989d28,700065,bb698d989d28b71e210a0d40f4bb7e94935a26979ac298889c6b3b3870cf7a65,0.623790979385376,-1,1,0
4654de3cc2b4593076d440ba282905a7e7fd8e7e5f5bb6453ed4e617dc3c1963,MT10,official_clean,peg-insert-side-v3,7,24,MT-MLP BC,1,0,0,83,07-0024-7ecdc0c609d0,700066,7ecdc0c609d0e01a50319c533aa8fa34f46a78e85db1557f145f0dba43ca22b1,0.0,-1,1,0
4654de3cc2b4593076d440ba282905a7e7fd8e7e5f5bb6453ed4e617dc3c1963,MT10,official_clean,peg-insert-side-v3,7,24,MT-ACT,1,0,0,76,07-0024-7ecdc0c609d0,700066,7ecdc0c609d0e01a50319c533aa8fa34f46a78e85db1557f145f0dba43ca22b1,0.0,-1,1,0
4654de3cc2b4593076d440ba282905a7e7fd8e7e5f5bb6453ed4e617dc3c1963,MT10,official_clean,peg-insert-side-v3,7,24,MT-ACT + Heuristic-Gated Learned Recovery,0,2,0,500,07-0024-7ecdc0c609d0,700066,7ecdc0c609d0e01a50319c533aa8fa34f46a78e85db1557f145f0dba43ca22b1,0.0,30,1,461
4654de3cc2b4593076d440ba282905a7e7fd8e7e5f5bb6453ed4e617dc3c1963,MT10,official_clean,peg-insert-side-v3,7,24,MT-REIM,1,0,0,76,07-0024-7ecdc0c609d0,700066,7ecdc0c609d0e01a50319c533aa8fa34f46a78e85db1557f145f0dba43ca22b1,0.5856643915176392,-1,1,0
4654de3cc2b4593076d440ba282905a7e7fd8e7e5f5bb6453ed4e617dc3c1963,MT10,official_clean,peg-insert-side-v3,7,25,MT-MLP BC,0,0,0,500,07-0025-d9a56d7ce29f,700067,d9a56d7ce29f35f45d6c2c4c84139667bccad4132bd5bf144f93ff68355e579e,0.0,-1,1,0
4654de3cc2b4593076d440ba282905a7e7fd8e7e5f5bb6453ed4e617dc3c1963,MT10,official_clean,peg-insert-side-v3,7,25,MT-ACT,0,0,0,500,07-0025-d9a56d7ce29f,700067,d9a56d7ce29f35f45d6c2c4c84139667bccad4132bd5bf144f93ff68355e579e,0.0,-1,1,0
4654de3cc2b4593076d440ba282905a7e7fd8e7e5f5bb6453ed4e617dc3c1963,MT10,official_clean,peg-insert-side-v3,7,25,MT-ACT + Heuristic-Gated Learned Recovery,1,1,0,322,07-0025-d9a56d7ce29f,700067,d9a56d7ce29f35f45d6c2c4c84139667bccad4132bd5bf144f93ff68355e579e,0.0,30,1,250
4654de3cc2b4593076d440ba282905a7e7fd8e7e5f5bb6453ed4e617dc3c1963,MT10,official_clean,peg-insert-side-v3,7,25,MT-REIM,0,0,0,500,07-0025-d9a56d7ce29f,700067,d9a56d7ce29f35f45d6c2c4c84139667bccad4132bd5bf144f93ff68355e579e,0.47580939531326294,-1,1,0
4654de3cc2b4593076d440ba282905a7e7fd8e7e5f5bb6453ed4e617dc3c1963,MT10,official_clean,peg-insert-side-v3,7,26,MT-MLP BC,0,0,0,500,07-0026-bdecdb032f7a,700068,bdecdb032f7a19cb9f1a66ea58f74434d9d9781542f12dbd2761927bd082af43,0.0,-1,1,0
4654de3cc2b4593076d440ba282905a7e7fd8e7e5f5bb6453ed4e617dc3c1963,MT10,official_clean,peg-insert-side-v3,7,26,MT-ACT,1,0,0,193,07-0026-bdecdb032f7a,700068,bdecdb032f7a19cb9f1a66ea58f74434d9d9781542f12dbd2761927bd082af43,0.0,-1,1,0
4654de3cc2b4593076d440ba282905a7e7fd8e7e5f5bb6453ed4e617dc3c1963,MT10,official_clean,peg-insert-side-v3,7,26,MT-ACT + Heuristic-Gated Learned Recovery,1,0,0,193,07-0026-bdecdb032f7a,700068,bdecdb032f7a19cb9f1a66ea58f74434d9d9781542f12dbd2761927bd082af43,0.0,-1,1,0
4654de3cc2b4593076d440ba282905a7e7fd8e7e5f5bb6453ed4e617dc3c1963,MT10,official_clean,peg-insert-side-v3,7,26,MT-REIM,1,0,0,193,07-0026-bdecdb032f7a,700068,bdecdb032f7a19cb9f1a66ea58f74434d9d9781542f12dbd2761927bd082af43,0.5528576374053955,-1,1,0
4654de3cc2b4593076d440ba282905a7e7fd8e7e5f5bb6453ed4e617dc3c1963,MT10,official_clean,peg-insert-side-v3,7,27,MT-MLP BC,1,0,0,103,07-0027-58db89fcfb80,700069,58db89fcfb80a29e6f98f5bbc879e621eb9b8368894e19d3bc2ad8ca456b0491,0.0,-1,1,0
4654de3cc2b4593076d440ba282905a7e7fd8e7e5f5bb6453ed4e617dc3c1963,MT10,official_clean,peg-insert-side-v3,7,27,MT-ACT,0,0,0,500,07-0027-58db89fcfb80,700069,58db89fcfb80a29e6f98f5bbc879e621eb9b8368894e19d3bc2ad8ca456b0491,0.0,-1,1,0
4654de3cc2b4593076d440ba282905a7e7fd8e7e5f5bb6453ed4e617dc3c1963,MT10,official_clean,peg-insert-side-v3,7,27,MT-ACT + Heuristic-Gated Learned Recovery,1,1,0,312,07-0027-58db89fcfb80,700069,58db89fcfb80a29e6f98f5bbc879e621eb9b8368894e19d3bc2ad8ca456b0491,0.0,30,1,250
4654de3cc2b4593076d440ba282905a7e7fd8e7e5f5bb6453ed4e617dc3c1963,MT10,official_clean,peg-insert-side-v3,7,27,MT-REIM,0,0,0,500,07-0027-58db89fcfb80,700069,58db89fcfb80a29e6f98f5bbc879e621eb9b8368894e19d3bc2ad8ca456b0491,0.5621334314346313,-1,1,0
4654de3cc2b4593076d440ba282905a7e7fd8e7e5f5bb6453ed4e617dc3c1963,MT10,official_clean,peg-insert-side-v3,7,28,MT-MLP BC,1,0,0,82,07-0028-5b15bad8c53b,700070,5b15bad8c53b41a0a081dce63c50266b977bcb9019d17ebc2e0c1f6179144b22,0.0,-1,1,0
4654de3cc2b4593076d440ba282905a7e7fd8e7e5f5bb6453ed4e617dc3c1963,MT10,official_clean,peg-insert-side-v3,7,28,MT-ACT,1,0,0,67,07-0028-5b15bad8c53b,700070,5b15bad8c53b41a0a081dce63c50266b977bcb9019d17ebc2e0c1f6179144b22,0.0,-1,1,0
4654de3cc2b4593076d440ba282905a7e7fd8e7e5f5bb6453ed4e617dc3c1963,MT10,official_clean,peg-insert-side-v3,7,28,MT-ACT + Heuristic-Gated Learned Recovery,1,0,0,67,07-0028-5b15bad8c53b,700070,5b15bad8c53b41a0a081dce63c50266b977bcb9019d17ebc2e0c1f6179144b22,0.0,-1,1,0
4654de3cc2b4593076d440ba282905a7e7fd8e7e5f5bb6453ed4e617dc3c1963,MT10,official_clean,peg-insert-side-v3,7,28,MT-REIM,1,0,0,67,07-0028-5b15bad8c53b,700070,5b15bad8c53b41a0a081dce63c50266b977bcb9019d17ebc2e0c1f6179144b22,0.6015514731407166,-1,1,0
4654de3cc2b4593076d440ba282905a7e7fd8e7e5f5bb6453ed4e617dc3c1963,MT10,official_clean,peg-insert-side-v3,7,29,MT-MLP BC,0,0,0,500,07-0029-179fcf41ca89,700071,179fcf41ca89760347e595b94c7bef5260ae91b54b460cbfc7d7ae320dcde379,0.0,-1,1,0
4654de3cc2b4593076d440ba282905a7e7fd8e7e5f5bb6453ed4e617dc3c1963,MT10,official_clean,peg-insert-side-v3,7,29,MT-ACT,1,0,0,150,07-0029-179fcf41ca89,700071,179fcf41ca89760347e595b94c7bef5260ae91b54b460cbfc7d7ae320dcde379,0.0,-1,1,0
4654de3cc2b4593076d440ba282905a7e7fd8e7e5f5bb6453ed4e617dc3c1963,MT10,official_clean,peg-insert-side-v3,7,29,MT-ACT + Heuristic-Gated Learned Recovery,1,1,0,325,07-0029-179fcf41ca89,700071,179fcf41ca89760347e595b94c7bef5260ae91b54b460cbfc7d7ae320dcde379,0.0,30,1,250
4654de3cc2b4593076d440ba282905a7e7fd8e7e5f5bb6453ed4e617dc3c1963,MT10,official_clean,peg-insert-side-v3,7,29,MT-REIM,1,0,0,150,07-0029-179fcf41ca89,700071,179fcf41ca89760347e595b94c7bef5260ae91b54b460cbfc7d7ae320dcde379,0.4839213490486145,-1,1,0
4654de3cc2b4593076d440ba282905a7e7fd8e7e5f5bb6453ed4e617dc3c1963,MT10,official_clean,peg-insert-side-v3,7,30,MT-MLP BC,0,0,0,500,07-0030-b216b7d74f50,700072,b216b7d74f50b5e27643d1ed3eab66148202c64704fbd5cac399d8ce367aad35,0.0,-1,1,0
4654de3cc2b4593076d440ba282905a7e7fd8e7e5f5bb6453ed4e617dc3c1963,MT10,official_clean,peg-insert-side-v3,7,30,MT-ACT,1,0,0,94,07-0030-b216b7d74f50,700072,b216b7d74f50b5e27643d1ed3eab66148202c64704fbd5cac399d8ce367aad35,0.0,-1,1,0
4654de3cc2b4593076d440ba282905a7e7fd8e7e5f5bb6453ed4e617dc3c1963,MT10,official_clean,peg-insert-side-v3,7,30,MT-ACT + Heuristic-Gated Learned Recovery,1,1,1,110,07-0030-b216b7d74f50,700072,b216b7d74f50b5e27643d1ed3eab66148202c64704fbd5cac399d8ce367aad35,0.0,30,1,80
4654de3cc2b4593076d440ba282905a7e7fd8e7e5f5bb6453ed4e617dc3c1963,MT10,official_clean,peg-insert-side-v3,7,30,MT-REIM,1,0,0,94,07-0030-b216b7d74f50,700072,b216b7d74f50b5e27643d1ed3eab66148202c64704fbd5cac399d8ce367aad35,0.6108551621437073,-1,1,0
4654de3cc2b4593076d440ba282905a7e7fd8e7e5f5bb6453ed4e617dc3c1963,MT10,official_clean,peg-insert-side-v3,7,31,MT-MLP BC,1,0,0,97,07-0031-787130ee4944,700073,787130ee4944f5eb00055c95f4ba81c2cb8dbbd1f67643d743fb4455f96abdd5,0.0,-1,1,0
4654de3cc2b4593076d440ba282905a7e7fd8e7e5f5bb6453ed4e617dc3c1963,MT10,official_clean,peg-insert-side-v3,7,31,MT-ACT,1,0,0,87,07-0031-787130ee4944,700073,787130ee4944f5eb00055c95f4ba81c2cb8dbbd1f67643d743fb4455f96abdd5,0.0,-1,1,0
4654de3cc2b4593076d440ba282905a7e7fd8e7e5f5bb6453ed4e617dc3c1963,MT10,official_clean,peg-insert-side-v3,7,31,MT-ACT + Heuristic-Gated Learned Recovery,1,0,0,87,07-0031-787130ee4944,700073,787130ee4944f5eb00055c95f4ba81c2cb8dbbd1f67643d743fb4455f96abdd5,0.0,-1,1,0
4654de3cc2b4593076d440ba282905a7e7fd8e7e5f5bb6453ed4e617dc3c1963,MT10,official_clean,peg-insert-side-v3,7,31,MT-REIM,1,0,0,87,07-0031-787130ee4944,700073,787130ee4944f5eb00055c95f4ba81c2cb8dbbd1f67643d743fb4455f96abdd5,0.6251834630966187,-1,1,0
4654de3cc2b4593076d440ba282905a7e7fd8e7e5f5bb6453ed4e617dc3c1963,MT10,official_clean,peg-insert-side-v3,7,32,MT-MLP BC,0,0,0,500,07-0032-a24362accd26,700074,a24362accd2659914aca24be931e0a0e94b1a79954075e4cbe036fc6e349b184,0.0,-1,1,0
4654de3cc2b4593076d440ba282905a7e7fd8e7e5f5bb6453ed4e617dc3c1963,MT10,official_clean,peg-insert-side-v3,7,32,MT-ACT,1,0,0,91,07-0032-a24362accd26,700074,a24362accd2659914aca24be931e0a0e94b1a79954075e4cbe036fc6e349b184,0.0,-1,1,0
4654de3cc2b4593076d440ba282905a7e7fd8e7e5f5bb6453ed4e617dc3c1963,MT10,official_clean,peg-insert-side-v3,7,32,MT-ACT + Heuristic-Gated Learned Recovery,1,1,1,94,07-0032-a24362accd26,700074,a24362accd2659914aca24be931e0a0e94b1a79954075e4cbe036fc6e349b184,0.0,30,1,64
4654de3cc2b4593076d440ba282905a7e7fd8e7e5f5bb6453ed4e617dc3c1963,MT10,official_clean,peg-insert-side-v3,7,32,MT-REIM,1,0,0,91,07-0032-a24362accd26,700074,a24362accd2659914aca24be931e0a0e94b1a79954075e4cbe036fc6e349b184,0.5202235579490662,-1,1,0
4654de3cc2b4593076d440ba282905a7e7fd8e7e5f5bb6453ed4e617dc3c1963,MT10,official_clean,peg-insert-side-v3,7,33,MT-MLP BC,0,0,0,500,07-0033-2c02365c16ce,700075,2c02365c16ce172ce81c5ca47a46ffefc269a5738a3ed3ecb1974c7dc28c2028,0.0,-1,1,0
4654de3cc2b4593076d440ba282905a7e7fd8e7e5f5bb6453ed4e617dc3c1963,MT10,official_clean,peg-insert-side-v3,7,33,MT-ACT,1,0,0,73,07-0033-2c02365c16ce,700075,2c02365c16ce172ce81c5ca47a46ffefc269a5738a3ed3ecb1974c7dc28c2028,0.0,-1,1,0
4654de3cc2b4593076d440ba282905a7e7fd8e7e5f5bb6453ed4e617dc3c1963,MT10,official_clean,peg-insert-side-v3,7,33,MT-ACT + Heuristic-Gated Learned Recovery,1,1,0,314,07-0033-2c02365c16ce,700075,2c02365c16ce172ce81c5ca47a46ffefc269a5738a3ed3ecb1974c7dc28c2028,0.0,30,1,250
4654de3cc2b4593076d440ba282905a7e7fd8e7e5f5bb6453ed4e617dc3c1963,MT10,official_clean,peg-insert-side-v3,7,33,MT-REIM,1,0,0,73,07-0033-2c02365c16ce,700075,2c02365c16ce172ce81c5ca47a46ffefc269a5738a3ed3ecb1974c7dc28c2028,0.4789009392261505,-1,1,0
4654de3cc2b4593076d440ba282905a7e7fd8e7e5f5bb6453ed4e617dc3c1963,MT10,official_clean,peg-insert-side-v3,7,34,MT-MLP BC,0,0,0,500,07-0034-3be0417df1a7,700076,3be0417df1a7360df7b6901e2ae45817c649f595faddbb984b313f1de9dfd759,0.0,-1,1,0
4654de3cc2b4593076d440ba282905a7e7fd8e7e5f5bb6453ed4e617dc3c1963,MT10,official_clean,peg-insert-side-v3,7,34,MT-ACT,1,0,0,80,07-0034-3be0417df1a7,700076,3be0417df1a7360df7b6901e2ae45817c649f595faddbb984b313f1de9dfd759,0.0,-1,1,0
4654de3cc2b4593076d440ba282905a7e7fd8e7e5f5bb6453ed4e617dc3c1963,MT10,official_clean,peg-insert-side-v3,7,34,MT-ACT + Heuristic-Gated Learned Recovery,1,1,0,310,07-0034-3be0417df1a7,700076,3be0417df1a7360df7b6901e2ae45817c649f595faddbb984b313f1de9dfd759,0.0,30,1,250
4654de3cc2b4593076d440ba282905a7e7fd8e7e5f5bb6453ed4e617dc3c1963,MT10,official_clean,peg-insert-side-v3,7,34,MT-REIM,1,0,0,80,07-0034-3be0417df1a7,700076,3be0417df1a7360df7b6901e2ae45817c649f595faddbb984b313f1de9dfd759,0.539205014705658,-1,1,0
4654de3cc2b4593076d440ba282905a7e7fd8e7e5f5bb6453ed4e617dc3c1963,MT10,official_clean,peg-insert-side-v3,7,35,MT-MLP BC,0,0,0,500,07-0035-33a1f8ca992a,700077,33a1f8ca992a60c107d8d5b070911e1121a999ae3b70f895bc0bb3bb2887c4f4,0.0,-1,1,0
4654de3cc2b4593076d440ba282905a7e7fd8e7e5f5bb6453ed4e617dc3c1963,MT10,official_clean,peg-insert-side-v3,7,35,MT-ACT,0,0,0,500,07-0035-33a1f8ca992a,700077,33a1f8ca992a60c107d8d5b070911e1121a999ae3b70f895bc0bb3bb2887c4f4,0.0,-1,1,0
4654de3cc2b4593076d440ba282905a7e7fd8e7e5f5bb6453ed4e617dc3c1963,MT10,official_clean,peg-insert-side-v3,7,35,MT-ACT + Heuristic-Gated Learned Recovery,0,2,0,500,07-0035-33a1f8ca992a,700077,33a1f8ca992a60c107d8d5b070911e1121a999ae3b70f895bc0bb3bb2887c4f4,0.0,30,1,461
4654de3cc2b4593076d440ba282905a7e7fd8e7e5f5bb6453ed4e617dc3c1963,MT10,official_clean,peg-insert-side-v3,7,35,MT-REIM,0,0,0,500,07-0035-33a1f8ca992a,700077,33a1f8ca992a60c107d8d5b070911e1121a999ae3b70f895bc0bb3bb2887c4f4,0.4710095226764679,-1,1,0
4654de3cc2b4593076d440ba282905a7e7fd8e7e5f5bb6453ed4e617dc3c1963,MT10,official_clean,peg-insert-side-v3,7,36,MT-MLP BC,0,0,0,500,07-0036-45fc1350a85a,700078,45fc1350a85acb9349d0f2827bda73593cfd338d21d0855117226582365d520e,0.0,-1,1,0
4654de3cc2b4593076d440ba282905a7e7fd8e7e5f5bb6453ed4e617dc3c1963,MT10,official_clean,peg-insert-side-v3,7,36,MT-ACT,1,0,0,93,07-0036-45fc1350a85a,700078,45fc1350a85acb9349d0f2827bda73593cfd338d21d0855117226582365d520e,0.0,-1,1,0
4654de3cc2b4593076d440ba282905a7e7fd8e7e5f5bb6453ed4e617dc3c1963,MT10,official_clean,peg-insert-side-v3,7,36,MT-ACT + Heuristic-Gated Learned Recovery,1,1,0,343,07-0036-45fc1350a85a,700078,45fc1350a85acb9349d0f2827bda73593cfd338d21d0855117226582365d520e,0.0,30,1,250
4654de3cc2b4593076d440ba282905a7e7fd8e7e5f5bb6453ed4e617dc3c1963,MT10,official_clean,peg-insert-side-v3,7,36,MT-REIM,1,0,0,93,07-0036-45fc1350a85a,700078,45fc1350a85acb9349d0f2827bda73593cfd338d21d0855117226582365d520e,0.4940282702445984,-1,1,0
4654de3cc2b4593076d440ba282905a7e7fd8e7e5f5bb6453ed4e617dc3c1963,MT10,official_clean,peg-insert-side-v3,7,37,MT-MLP BC,0,0,0,500,07-0037-1fe3b99f2916,700079,1fe3b99f2916c91c5f1a418e3fb620b4b8cd7600cb15963ca1096e51b10c0d14,0.0,-1,1,0
4654de3cc2b4593076d440ba282905a7e7fd8e7e5f5bb6453ed4e617dc3c1963,MT10,official_clean,peg-insert-side-v3,7,37,MT-ACT,0,0,0,500,07-0037-1fe3b99f2916,700079,1fe3b99f2916c91c5f1a418e3fb620b4b8cd7600cb15963ca1096e51b10c0d14,0.0,-1,1,0
4654de3cc2b4593076d440ba282905a7e7fd8e7e5f5bb6453ed4e617dc3c1963,MT10,official_clean,peg-insert-side-v3,7,37,MT-ACT + Heuristic-Gated Learned Recovery,0,2,0,500,07-0037-1fe3b99f2916,700079,1fe3b99f2916c91c5f1a418e3fb620b4b8cd7600cb15963ca1096e51b10c0d14,0.0,30,1,379
4654de3cc2b4593076d440ba282905a7e7fd8e7e5f5bb6453ed4e617dc3c1963,MT10,official_clean,peg-insert-side-v3,7,37,MT-REIM,0,0,0,500,07-0037-1fe3b99f2916,700079,1fe3b99f2916c91c5f1a418e3fb620b4b8cd7600cb15963ca1096e51b10c0d14,0.4718666672706604,-1,1,0
4654de3cc2b4593076d440ba282905a7e7fd8e7e5f5bb6453ed4e617dc3c1963,MT10,official_clean,peg-insert-side-v3,7,38,MT-MLP BC,0,0,0,500,07-0038-0abbc589ff3a,700080,0abbc589ff3a1480a20f9d66c23099d25e91481a80531450a4a1f319d4907815,0.0,-1,1,0
4654de3cc2b4593076d440ba282905a7e7fd8e7e5f5bb6453ed4e617dc3c1963,MT10,official_clean,peg-insert-side-v3,7,38,MT-ACT,0,0,0,500,07-0038-0abbc589ff3a,700080,0abbc589ff3a1480a20f9d66c23099d25e91481a80531450a4a1f319d4907815,0.0,-1,1,0
4654de3cc2b4593076d440ba282905a7e7fd8e7e5f5bb6453ed4e617dc3c1963,MT10,official_clean,peg-insert-side-v3,7,38,MT-ACT + Heuristic-Gated Learned Recovery,1,1,1,98,07-0038-0abbc589ff3a,700080,0abbc589ff3a1480a20f9d66c23099d25e91481a80531450a4a1f319d4907815,0.0,30,1,68
4654de3cc2b4593076d440ba282905a7e7fd8e7e5f5bb6453ed4e617dc3c1963,MT10,official_clean,peg-insert-side-v3,7,38,MT-REIM,0,0,0,500,07-0038-0abbc589ff3a,700080,0abbc589ff3a1480a20f9d66c23099d25e91481a80531450a4a1f319d4907815,0.5364920496940613,-1,1,0
4654de3cc2b4593076d440ba282905a7e7fd8e7e5f5bb6453ed4e617dc3c1963,MT10,official_clean,peg-insert-side-v3,7,39,MT-MLP BC,1,0,0,97,07-0039-2459a0aa21ba,700081,2459a0aa21ba3dd78733540433f67b01d9b1dbbb9adcc7843fb2ed72379c9d97,0.0,-1,1,0
4654de3cc2b4593076d440ba282905a7e7fd8e7e5f5bb6453ed4e617dc3c1963,MT10,official_clean,peg-insert-side-v3,7,39,MT-ACT,1,0,0,90,07-0039-2459a0aa21ba,700081,2459a0aa21ba3dd78733540433f67b01d9b1dbbb9adcc7843fb2ed72379c9d97,0.0,-1,1,0
4654de3cc2b4593076d440ba282905a7e7fd8e7e5f5bb6453ed4e617dc3c1963,MT10,official_clean,peg-insert-side-v3,7,39,MT-ACT + Heuristic-Gated Learned Recovery,1,1,1,93,07-0039-2459a0aa21ba,700081,2459a0aa21ba3dd78733540433f67b01d9b1dbbb9adcc7843fb2ed72379c9d97,0.0,30,1,63
4654de3cc2b4593076d440ba282905a7e7fd8e7e5f5bb6453ed4e617dc3c1963,MT10,official_clean,peg-insert-side-v3,7,39,MT-REIM,1,0,0,90,07-0039-2459a0aa21ba,700081,2459a0aa21ba3dd78733540433f67b01d9b1dbbb9adcc7843fb2ed72379c9d97,0.5418500900268555,-1,1,0
4654de3cc2b4593076d440ba282905a7e7fd8e7e5f5bb6453ed4e617dc3c1963,MT10,official_clean,peg-insert-side-v3,7,40,MT-MLP BC,1,0,0,78,07-0040-31a452dde716,700082,31a452dde71666c7744e220367177317fa02911cf6ea1bdafd1493cf264f72b9,0.0,-1,1,0
4654de3cc2b4593076d440ba282905a7e7fd8e7e5f5bb6453ed4e617dc3c1963,MT10,official_clean,peg-insert-side-v3,7,40,MT-ACT,0,0,0,500,07-0040-31a452dde716,700082,31a452dde71666c7744e220367177317fa02911cf6ea1bdafd1493cf264f72b9,0.0,-1,1,0
4654de3cc2b4593076d440ba282905a7e7fd8e7e5f5bb6453ed4e617dc3c1963,MT10,official_clean,peg-insert-side-v3,7,40,MT-ACT + Heuristic-Gated Learned Recovery,0,1,0,500,07-0040-31a452dde716,700082,31a452dde71666c7744e220367177317fa02911cf6ea1bdafd1493cf264f72b9,0.0,292,1,208
4654de3cc2b4593076d440ba282905a7e7fd8e7e5f5bb6453ed4e617dc3c1963,MT10,official_clean,peg-insert-side-v3,7,40,MT-REIM,0,0,0,500,07-0040-31a452dde716,700082,31a452dde71666c7744e220367177317fa02911cf6ea1bdafd1493cf264f72b9,0.6396735310554504,-1,1,0
4654de3cc2b4593076d440ba282905a7e7fd8e7e5f5bb6453ed4e617dc3c1963,MT10,official_clean,peg-insert-side-v3,7,41,MT-MLP BC,0,0,0,500,07-0041-8752c483e641,700083,8752c483e641d246a0d0120f25897b3ddecd98ce2c35ba670ba27234c64983bb,0.0,-1,1,0
4654de3cc2b4593076d440ba282905a7e7fd8e7e5f5bb6453ed4e617dc3c1963,MT10,official_clean,peg-insert-side-v3,7,41,MT-ACT,0,0,0,500,07-0041-8752c483e641,700083,8752c483e641d246a0d0120f25897b3ddecd98ce2c35ba670ba27234c64983bb,0.0,-1,1,0
4654de3cc2b4593076d440ba282905a7e7fd8e7e5f5bb6453ed4e617dc3c1963,MT10,official_clean,peg-insert-side-v3,7,41,MT-ACT + Heuristic-Gated Learned Recovery,1,1,1,99,07-0041-8752c483e641,700083,8752c483e641d246a0d0120f25897b3ddecd98ce2c35ba670ba27234c64983bb,0.0,30,1,69
4654de3cc2b4593076d440ba282905a7e7fd8e7e5f5bb6453ed4e617dc3c1963,MT10,official_clean,peg-insert-side-v3,7,41,MT-REIM,0,0,0,500,07-0041-8752c483e641,700083,8752c483e641d246a0d0120f25897b3ddecd98ce2c35ba670ba27234c64983bb,0.4831423759460449,-1,1,0
4654de3cc2b4593076d440ba282905a7e7fd8e7e5f5bb6453ed4e617dc3c1963,MT10,official_clean,peg-insert-side-v3,7,42,MT-MLP BC,0,0,0,500,07-0042-21eb2fe419a6,700084,21eb2fe419a613084bc1d7bd7598b9ec490c0e64bb5bb188204b3505e6e13b34,0.0,-1,1,0
4654de3cc2b4593076d440ba282905a7e7fd8e7e5f5bb6453ed4e617dc3c1963,MT10,official_clean,peg-insert-side-v3,7,42,MT-ACT,0,0,0,500,07-0042-21eb2fe419a6,700084,21eb2fe419a613084bc1d7bd7598b9ec490c0e64bb5bb188204b3505e6e13b34,0.0,-1,1,0
4654de3cc2b4593076d440ba282905a7e7fd8e7e5f5bb6453ed4e617dc3c1963,MT10,official_clean,peg-insert-side-v3,7,42,MT-ACT + Heuristic-Gated Learned Recovery,0,2,0,500,07-0042-21eb2fe419a6,700084,21eb2fe419a613084bc1d7bd7598b9ec490c0e64bb5bb188204b3505e6e13b34,0.0,30,1,461
4654de3cc2b4593076d440ba282905a7e7fd8e7e5f5bb6453ed4e617dc3c1963,MT10,official_clean,peg-insert-side-v3,7,42,MT-REIM,0,0,0,500,07-0042-21eb2fe419a6,700084,21eb2fe419a613084bc1d7bd7598b9ec490c0e64bb5bb188204b3505e6e13b34,0.5697180032730103,-1,1,0
4654de3cc2b4593076d440ba282905a7e7fd8e7e5f5bb6453ed4e617dc3c1963,MT10,official_clean,peg-insert-side-v3,7,43,MT-MLP BC,0,0,0,500,07-0043-6ac26e75c6d8,700085,6ac26e75c6d8be10e330c74d2e21bc9a0f4441291eb1709dbb9f7ef2f8c4ce45,0.0,-1,1,0
4654de3cc2b4593076d440ba282905a7e7fd8e7e5f5bb6453ed4e617dc3c1963,MT10,official_clean,peg-insert-side-v3,7,43,MT-ACT,1,0,0,92,07-0043-6ac26e75c6d8,700085,6ac26e75c6d8be10e330c74d2e21bc9a0f4441291eb1709dbb9f7ef2f8c4ce45,0.0,-1,1,0
4654de3cc2b4593076d440ba282905a7e7fd8e7e5f5bb6453ed4e617dc3c1963,MT10,official_clean,peg-insert-side-v3,7,43,MT-ACT + Heuristic-Gated Learned Recovery,0,2,0,500,07-0043-6ac26e75c6d8,700085,6ac26e75c6d8be10e330c74d2e21bc9a0f4441291eb1709dbb9f7ef2f8c4ce45,0.0,30,1,461
4654de3cc2b4593076d440ba282905a7e7fd8e7e5f5bb6453ed4e617dc3c1963,MT10,official_clean,peg-insert-side-v3,7,43,MT-REIM,1,0,0,92,07-0043-6ac26e75c6d8,700085,6ac26e75c6d8be10e330c74d2e21bc9a0f4441291eb1709dbb9f7ef2f8c4ce45,0.5583452582359314,-1,1,0
4654de3cc2b4593076d440ba282905a7e7fd8e7e5f5bb6453ed4e617dc3c1963,MT10,official_clean,peg-insert-side-v3,7,44,MT-MLP BC,1,0,0,88,07-0044-03a140c267d7,700086,03a140c267d75b8e91080deb1df24527ebd36e00de81207e4e894eb14d421deb,0.0,-1,1,0
4654de3cc2b4593076d440ba282905a7e7fd8e7e5f5bb6453ed4e617dc3c1963,MT10,official_clean,peg-insert-side-v3,7,44,MT-ACT,1,0,0,78,07-0044-03a140c267d7,700086,03a140c267d75b8e91080deb1df24527ebd36e00de81207e4e894eb14d421deb,0.0,-1,1,0
4654de3cc2b4593076d440ba282905a7e7fd8e7e5f5bb6453ed4e617dc3c1963,MT10,official_clean,peg-insert-side-v3,7,44,MT-ACT + Heuristic-Gated Learned Recovery,1,1,0,426,07-0044-03a140c267d7,700086,03a140c267d75b8e91080deb1df24527ebd36e00de81207e4e894eb14d421deb,0.0,30,1,250
4654de3cc2b4593076d440ba282905a7e7fd8e7e5f5bb6453ed4e617dc3c1963,MT10,official_clean,peg-insert-side-v3,7,44,MT-REIM,1,0,0,78,07-0044-03a140c267d7,700086,03a140c267d75b8e91080deb1df24527ebd36e00de81207e4e894eb14d421deb,0.6128520369529724,-1,1,0
4654de3cc2b4593076d440ba282905a7e7fd8e7e5f5bb6453ed4e617dc3c1963,MT10,official_clean,peg-insert-side-v3,7,45,MT-MLP BC,1,0,0,82,07-0045-217ba918f694,700087,217ba918f69462986fefa91273704235d085f9626fb62a9f8b2281963dd02073,0.0,-1,1,0
4654de3cc2b4593076d440ba282905a7e7fd8e7e5f5bb6453ed4e617dc3c1963,MT10,official_clean,peg-insert-side-v3,7,45,MT-ACT,1,0,0,84,07-0045-217ba918f694,700087,217ba918f69462986fefa91273704235d085f9626fb62a9f8b2281963dd02073,0.0,-1,1,0
4654de3cc2b4593076d440ba282905a7e7fd8e7e5f5bb6453ed4e617dc3c1963,MT10,official_clean,peg-insert-side-v3,7,45,MT-ACT + Heuristic-Gated Learned Recovery,1,1,0,342,07-0045-217ba918f694,700087,217ba918f69462986fefa91273704235d085f9626fb62a9f8b2281963dd02073,0.0,56,1,250
4654de3cc2b4593076d440ba282905a7e7fd8e7e5f5bb6453ed4e617dc3c1963,MT10,official_clean,peg-insert-side-v3,7,45,MT-REIM,1,0,0,84,07-0045-217ba918f694,700087,217ba918f69462986fefa91273704235d085f9626fb62a9f8b2281963dd02073,0.6281704902648926,-1,1,0
4654de3cc2b4593076d440ba282905a7e7fd8e7e5f5bb6453ed4e617dc3c1963,MT10,official_clean,peg-insert-side-v3,7,46,MT-MLP BC,0,0,0,500,07-0046-81ccea7132c5,700088,81ccea7132c50d8cd476b0561148ff7ebd03073ce37e3677355f82ce8f5d0dc0,0.0,-1,1,0
4654de3cc2b4593076d440ba282905a7e7fd8e7e5f5bb6453ed4e617dc3c1963,MT10,official_clean,peg-insert-side-v3,7,46,MT-ACT,0,0,0,500,07-0046-81ccea7132c5,700088,81ccea7132c50d8cd476b0561148ff7ebd03073ce37e3677355f82ce8f5d0dc0,0.0,-1,1,0
4654de3cc2b4593076d440ba282905a7e7fd8e7e5f5bb6453ed4e617dc3c1963,MT10,official_clean,peg-insert-side-v3,7,46,MT-ACT + Heuristic-Gated Learned Recovery,1,1,0,329,07-0046-81ccea7132c5,700088,81ccea7132c50d8cd476b0561148ff7ebd03073ce37e3677355f82ce8f5d0dc0,0.0,36,1,250
4654de3cc2b4593076d440ba282905a7e7fd8e7e5f5bb6453ed4e617dc3c1963,MT10,official_clean,peg-insert-side-v3,7,46,MT-REIM,0,0,0,500,07-0046-81ccea7132c5,700088,81ccea7132c50d8cd476b0561148ff7ebd03073ce37e3677355f82ce8f5d0dc0,0.5012284517288208,-1,1,0
4654de3cc2b4593076d440ba282905a7e7fd8e7e5f5bb6453ed4e617dc3c1963,MT10,official_clean,peg-insert-side-v3,7,47,MT-MLP BC,0,0,0,500,07-0047-9931a239e86a,700089,9931a239e86a943676002e287a364ce2e0fe7004fbc8bd75dfb35b45e0b9d3c4,0.0,-1,1,0
4654de3cc2b4593076d440ba282905a7e7fd8e7e5f5bb6453ed4e617dc3c1963,MT10,official_clean,peg-insert-side-v3,7,47,MT-ACT,0,0,0,500,07-0047-9931a239e86a,700089,9931a239e86a943676002e287a364ce2e0fe7004fbc8bd75dfb35b45e0b9d3c4,0.0,-1,1,0
4654de3cc2b4593076d440ba282905a7e7fd8e7e5f5bb6453ed4e617dc3c1963,MT10,official_clean,peg-insert-side-v3,7,47,MT-ACT + Heuristic-Gated Learned Recovery,0,1,0,500,07-0047-9931a239e86a,700089,9931a239e86a943676002e287a364ce2e0fe7004fbc8bd75dfb35b45e0b9d3c4,0.0,30,1,250
4654de3cc2b4593076d440ba282905a7e7fd8e7e5f5bb6453ed4e617dc3c1963,MT10,official_clean,peg-insert-side-v3,7,47,MT-REIM,0,0,0,500,07-0047-9931a239e86a,700089,9931a239e86a943676002e287a364ce2e0fe7004fbc8bd75dfb35b45e0b9d3c4,0.616752564907074,-1,1,0
4654de3cc2b4593076d440ba282905a7e7fd8e7e5f5bb6453ed4e617dc3c1963,MT10,official_clean,peg-insert-side-v3,7,48,MT-MLP BC,1,0,0,93,07-0048-cb5c14114c98,700090,cb5c14114c9831edc5ffbec2d63eaa3cb9e87870eeabd06d645d984c609bc9db,0.0,-1,1,0
4654de3cc2b4593076d440ba282905a7e7fd8e7e5f5bb6453ed4e617dc3c1963,MT10,official_clean,peg-insert-side-v3,7,48,MT-ACT,1,0,0,69,07-0048-cb5c14114c98,700090,cb5c14114c9831edc5ffbec2d63eaa3cb9e87870eeabd06d645d984c609bc9db,0.0,-1,1,0
4654de3cc2b4593076d440ba282905a7e7fd8e7e5f5bb6453ed4e617dc3c1963,MT10,official_clean,peg-insert-side-v3,7,48,MT-ACT + Heuristic-Gated Learned Recovery,0,2,0,500,07-0048-cb5c14114c98,700090,cb5c14114c9831edc5ffbec2d63eaa3cb9e87870eeabd06d645d984c609bc9db,0.0,30,1,461
4654de3cc2b4593076d440ba282905a7e7fd8e7e5f5bb6453ed4e617dc3c1963,MT10,official_clean,peg-insert-side-v3,7,48,MT-REIM,1,0,0,69,07-0048-cb5c14114c98,700090,cb5c14114c9831edc5ffbec2d63eaa3cb9e87870eeabd06d645d984c609bc9db,0.5906320214271545,-1,1,0
4654de3cc2b4593076d440ba282905a7e7fd8e7e5f5bb6453ed4e617dc3c1963,MT10,official_clean,peg-insert-side-v3,7,49,MT-MLP BC,1,0,0,116,07-0049-49e87e819b0f,700091,49e87e819b0fd3b407d305e53c160fec024ed94ffceac68ed9eec9aa619ad06c,0.0,-1,1,0
4654de3cc2b4593076d440ba282905a7e7fd8e7e5f5bb6453ed4e617dc3c1963,MT10,official_clean,peg-insert-side-v3,7,49,MT-ACT,1,0,0,80,07-0049-49e87e819b0f,700091,49e87e819b0fd3b407d305e53c160fec024ed94ffceac68ed9eec9aa619ad06c,0.0,-1,1,0
4654de3cc2b4593076d440ba282905a7e7fd8e7e5f5bb6453ed4e617dc3c1963,MT10,official_clean,peg-insert-side-v3,7,49,MT-ACT + Heuristic-Gated Learned Recovery,1,1,0,329,07-0049-49e87e819b0f,700091,49e87e819b0fd3b407d305e53c160fec024ed94ffceac68ed9eec9aa619ad06c,0.0,30,1,250
4654de3cc2b4593076d440ba282905a7e7fd8e7e5f5bb6453ed4e617dc3c1963,MT10,official_clean,peg-insert-side-v3,7,49,MT-REIM,1,0,0,80,07-0049-49e87e819b0f,700091,49e87e819b0fd3b407d305e53c160fec024ed94ffceac68ed9eec9aa619ad06c,0.5410737991333008,-1,1,0
4654de3cc2b4593076d440ba282905a7e7fd8e7e5f5bb6453ed4e617dc3c1963,MT10,official_clean,window-open-v3,8,0,MT-MLP BC,1,0,0,86,08-0000-2b8a00450ddd,800042,2b8a00450dddc2bd6344278756f736245c38810d249f2f6e6f3fb2788a8a8968,0.0,-1,1,0
4654de3cc2b4593076d440ba282905a7e7fd8e7e5f5bb6453ed4e617dc3c1963,MT10,official_clean,window-open-v3,8,0,MT-ACT,1,0,0,85,08-0000-2b8a00450ddd,800042,2b8a00450dddc2bd6344278756f736245c38810d249f2f6e6f3fb2788a8a8968,0.0,-1,1,0
4654de3cc2b4593076d440ba282905a7e7fd8e7e5f5bb6453ed4e617dc3c1963,MT10,official_clean,window-open-v3,8,0,MT-ACT + Heuristic-Gated Learned Recovery,1,0,0,85,08-0000-2b8a00450ddd,800042,2b8a00450dddc2bd6344278756f736245c38810d249f2f6e6f3fb2788a8a8968,0.0,-1,1,0
4654de3cc2b4593076d440ba282905a7e7fd8e7e5f5bb6453ed4e617dc3c1963,MT10,official_clean,window-open-v3,8,0,MT-REIM,1,0,0,85,08-0000-2b8a00450ddd,800042,2b8a00450dddc2bd6344278756f736245c38810d249f2f6e6f3fb2788a8a8968,0.6242157220840454,-1,1,0
4654de3cc2b4593076d440ba282905a7e7fd8e7e5f5bb6453ed4e617dc3c1963,MT10,official_clean,window-open-v3,8,1,MT-MLP BC,1,0,0,84,08-0001-5add1fcc8654,800043,5add1fcc865448e2ef6d738c02aa1be913c8b6a22ec6d40063104f7f0f098fea,0.0,-1,1,0
4654de3cc2b4593076d440ba282905a7e7fd8e7e5f5bb6453ed4e617dc3c1963,MT10,official_clean,window-open-v3,8,1,MT-ACT,1,0,0,83,08-0001-5add1fcc8654,800043,5add1fcc865448e2ef6d738c02aa1be913c8b6a22ec6d40063104f7f0f098fea,0.0,-1,1,0
4654de3cc2b4593076d440ba282905a7e7fd8e7e5f5bb6453ed4e617dc3c1963,MT10,official_clean,window-open-v3,8,1,MT-ACT + Heuristic-Gated Learned Recovery,1,0,0,83,08-0001-5add1fcc8654,800043,5add1fcc865448e2ef6d738c02aa1be913c8b6a22ec6d40063104f7f0f098fea,0.0,-1,1,0
4654de3cc2b4593076d440ba282905a7e7fd8e7e5f5bb6453ed4e617dc3c1963,MT10,official_clean,window-open-v3,8,1,MT-REIM,1,1,1,83,08-0001-5add1fcc8654,800043,5add1fcc865448e2ef6d738c02aa1be913c8b6a22ec6d40063104f7f0f098fea,0.6613072156906128,81,1,2
4654de3cc2b4593076d440ba282905a7e7fd8e7e5f5bb6453ed4e617dc3c1963,MT10,official_clean,window-open-v3,8,2,MT-MLP BC,1,0,0,85,08-0002-731fcba9fbad,800044,731fcba9fbadf7f12c35b2deec55ad2b61cd0518c619d349dde9e849be5cc102,0.0,-1,1,0
4654de3cc2b4593076d440ba282905a7e7fd8e7e5f5bb6453ed4e617dc3c1963,MT10,official_clean,window-open-v3,8,2,MT-ACT,1,0,0,84,08-0002-731fcba9fbad,800044,731fcba9fbadf7f12c35b2deec55ad2b61cd0518c619d349dde9e849be5cc102,0.0,-1,1,0
4654de3cc2b4593076d440ba282905a7e7fd8e7e5f5bb6453ed4e617dc3c1963,MT10,official_clean,window-open-v3,8,2,MT-ACT + Heuristic-Gated Learned Recovery,1,0,0,84,08-0002-731fcba9fbad,800044,731fcba9fbadf7f12c35b2deec55ad2b61cd0518c619d349dde9e849be5cc102,0.0,-1,1,0
4654de3cc2b4593076d440ba282905a7e7fd8e7e5f5bb6453ed4e617dc3c1963,MT10,official_clean,window-open-v3,8,2,MT-REIM,1,1,1,84,08-0002-731fcba9fbad,800044,731fcba9fbadf7f12c35b2deec55ad2b61cd0518c619d349dde9e849be5cc102,0.6665002107620239,81,1,3
4654de3cc2b4593076d440ba282905a7e7fd8e7e5f5bb6453ed4e617dc3c1963,MT10,official_clean,window-open-v3,8,3,MT-MLP BC,1,0,0,87,08-0003-08609e0ef97c,800045,08609e0ef97c2eb10887b6225491bdbb6b28d78c3de1bdb29dc5093b1ad9c0e6,0.0,-1,1,0
4654de3cc2b4593076d440ba282905a7e7fd8e7e5f5bb6453ed4e617dc3c1963,MT10,official_clean,window-open-v3,8,3,MT-ACT,1,0,0,85,08-0003-08609e0ef97c,800045,08609e0ef97c2eb10887b6225491bdbb6b28d78c3de1bdb29dc5093b1ad9c0e6,0.0,-1,1,0
4654de3cc2b4593076d440ba282905a7e7fd8e7e5f5bb6453ed4e617dc3c1963,MT10,official_clean,window-open-v3,8,3,MT-ACT + Heuristic-Gated Learned Recovery,1,0,0,85,08-0003-08609e0ef97c,800045,08609e0ef97c2eb10887b6225491bdbb6b28d78c3de1bdb29dc5093b1ad9c0e6,0.0,-1,1,0
4654de3cc2b4593076d440ba282905a7e7fd8e7e5f5bb6453ed4e617dc3c1963,MT10,official_clean,window-open-v3,8,3,MT-REIM,1,1,1,85,08-0003-08609e0ef97c,800045,08609e0ef97c2eb10887b6225491bdbb6b28d78c3de1bdb29dc5093b1ad9c0e6,0.6912053227424622,50,1,35
4654de3cc2b4593076d440ba282905a7e7fd8e7e5f5bb6453ed4e617dc3c1963,MT10,official_clean,window-open-v3,8,4,MT-MLP BC,1,0,0,79,08-0004-2acc9de5a13b,800046,2acc9de5a13b29763a4c99024fc716b8cd70bd9f413157ecbe8df6a5651b05f1,0.0,-1,1,0
4654de3cc2b4593076d440ba282905a7e7fd8e7e5f5bb6453ed4e617dc3c1963,MT10,official_clean,window-open-v3,8,4,MT-ACT,1,0,0,77,08-0004-2acc9de5a13b,800046,2acc9de5a13b29763a4c99024fc716b8cd70bd9f413157ecbe8df6a5651b05f1,0.0,-1,1,0
4654de3cc2b4593076d440ba282905a7e7fd8e7e5f5bb6453ed4e617dc3c1963,MT10,official_clean,window-open-v3,8,4,MT-ACT + Heuristic-Gated Learned Recovery,1,0,0,77,08-0004-2acc9de5a13b,800046,2acc9de5a13b29763a4c99024fc716b8cd70bd9f413157ecbe8df6a5651b05f1,0.0,-1,1,0
4654de3cc2b4593076d440ba282905a7e7fd8e7e5f5bb6453ed4e617dc3c1963,MT10,official_clean,window-open-v3,8,4,MT-REIM,1,1,1,78,08-0004-2acc9de5a13b,800046,2acc9de5a13b29763a4c99024fc716b8cd70bd9f413157ecbe8df6a5651b05f1,0.7196561098098755,41,1,37
4654de3cc2b4593076d440ba282905a7e7fd8e7e5f5bb6453ed4e617dc3c1963,MT10,official_clean,window-open-v3,8,5,MT-MLP BC,1,0,0,91,08-0005-4112396a65bd,800047,4112396a65bd8a12437936cb44005a4d71dbc73d09a8b491e7f5470ed01857b5,0.0,-1,1,0
4654de3cc2b4593076d440ba282905a7e7fd8e7e5f5bb6453ed4e617dc3c1963,MT10,official_clean,window-open-v3,8,5,MT-ACT,1,0,0,90,08-0005-4112396a65bd,800047,4112396a65bd8a12437936cb44005a4d71dbc73d09a8b491e7f5470ed01857b5,0.0,-1,1,0
4654de3cc2b4593076d440ba282905a7e7fd8e7e5f5bb6453ed4e617dc3c1963,MT10,official_clean,window-open-v3,8,5,MT-ACT + Heuristic-Gated Learned Recovery,1,0,0,90,08-0005-4112396a65bd,800047,4112396a65bd8a12437936cb44005a4d71dbc73d09a8b491e7f5470ed01857b5,0.0,-1,1,0
4654de3cc2b4593076d440ba282905a7e7fd8e7e5f5bb6453ed4e617dc3c1963,MT10,official_clean,window-open-v3,8,5,MT-REIM,1,0,0,90,08-0005-4112396a65bd,800047,4112396a65bd8a12437936cb44005a4d71dbc73d09a8b491e7f5470ed01857b5,0.546173095703125,-1,1,0
4654de3cc2b4593076d440ba282905a7e7fd8e7e5f5bb6453ed4e617dc3c1963,MT10,official_clean,window-open-v3,8,6,MT-MLP BC,1,0,0,88,08-0006-a70e619382fa,800048,a70e619382fa789cf9453d73a484971ad04a4286b9ab6cf0d4609aef1fd7ab86,0.0,-1,1,0
4654de3cc2b4593076d440ba282905a7e7fd8e7e5f5bb6453ed4e617dc3c1963,MT10,official_clean,window-open-v3,8,6,MT-ACT,1,0,0,85,08-0006-a70e619382fa,800048,a70e619382fa789cf9453d73a484971ad04a4286b9ab6cf0d4609aef1fd7ab86,0.0,-1,1,0
4654de3cc2b4593076d440ba282905a7e7fd8e7e5f5bb6453ed4e617dc3c1963,MT10,official_clean,window-open-v3,8,6,MT-ACT + Heuristic-Gated Learned Recovery,1,0,0,85,08-0006-a70e619382fa,800048,a70e619382fa789cf9453d73a484971ad04a4286b9ab6cf0d4609aef1fd7ab86,0.0,-1,1,0
4654de3cc2b4593076d440ba282905a7e7fd8e7e5f5bb6453ed4e617dc3c1963,MT10,official_clean,window-open-v3,8,6,MT-REIM,1,0,0,85,08-0006-a70e619382fa,800048,a70e619382fa789cf9453d73a484971ad04a4286b9ab6cf0d4609aef1fd7ab86,0.6406261324882507,-1,1,0
4654de3cc2b4593076d440ba282905a7e7fd8e7e5f5bb6453ed4e617dc3c1963,MT10,official_clean,window-open-v3,8,7,MT-MLP BC,1,0,0,78,08-0007-8e7219affb6d,800049,8e7219affb6d314a05725411050e8ac9288d841639eacd73617dca3165965423,0.0,-1,1,0
4654de3cc2b4593076d440ba282905a7e7fd8e7e5f5bb6453ed4e617dc3c1963,MT10,official_clean,window-open-v3,8,7,MT-ACT,1,0,0,76,08-0007-8e7219affb6d,800049,8e7219affb6d314a05725411050e8ac9288d841639eacd73617dca3165965423,0.0,-1,1,0
4654de3cc2b4593076d440ba282905a7e7fd8e7e5f5bb6453ed4e617dc3c1963,MT10,official_clean,window-open-v3,8,7,MT-ACT + Heuristic-Gated Learned Recovery,1,0,0,76,08-0007-8e7219affb6d,800049,8e7219affb6d314a05725411050e8ac9288d841639eacd73617dca3165965423,0.0,-1,1,0
4654de3cc2b4593076d440ba282905a7e7fd8e7e5f5bb6453ed4e617dc3c1963,MT10,official_clean,window-open-v3,8,7,MT-REIM,1,1,1,76,08-0007-8e7219affb6d,800049,8e7219affb6d314a05725411050e8ac9288d841639eacd73617dca3165965423,0.6666386127471924,45,1,31
4654de3cc2b4593076d440ba282905a7e7fd8e7e5f5bb6453ed4e617dc3c1963,MT10,official_clean,window-open-v3,8,8,MT-MLP BC,1,0,0,89,08-0008-351706c1e345,800050,351706c1e345cd4d345dda500d0576de1280dd86f7342958c872d3f05616919f,0.0,-1,1,0
4654de3cc2b4593076d440ba282905a7e7fd8e7e5f5bb6453ed4e617dc3c1963,MT10,official_clean,window-open-v3,8,8,MT-ACT,1,0,0,89,08-0008-351706c1e345,800050,351706c1e345cd4d345dda500d0576de1280dd86f7342958c872d3f05616919f,0.0,-1,1,0
4654de3cc2b4593076d440ba282905a7e7fd8e7e5f5bb6453ed4e617dc3c1963,MT10,official_clean,window-open-v3,8,8,MT-ACT + Heuristic-Gated Learned Recovery,1,0,0,89,08-0008-351706c1e345,800050,351706c1e345cd4d345dda500d0576de1280dd86f7342958c872d3f05616919f,0.0,-1,1,0
4654de3cc2b4593076d440ba282905a7e7fd8e7e5f5bb6453ed4e617dc3c1963,MT10,official_clean,window-open-v3,8,8,MT-REIM,1,0,0,89,08-0008-351706c1e345,800050,351706c1e345cd4d345dda500d0576de1280dd86f7342958c872d3f05616919f,0.5721542239189148,-1,1,0
4654de3cc2b4593076d440ba282905a7e7fd8e7e5f5bb6453ed4e617dc3c1963,MT10,official_clean,window-open-v3,8,9,MT-MLP BC,1,0,0,92,08-0009-71bd80812369,800051,71bd80812369d34501e48666a74cdb9aefff9d0f9a628c998f68f63bd969e741,0.0,-1,1,0
4654de3cc2b4593076d440ba282905a7e7fd8e7e5f5bb6453ed4e617dc3c1963,MT10,official_clean,window-open-v3,8,9,MT-ACT,1,0,0,91,08-0009-71bd80812369,800051,71bd80812369d34501e48666a74cdb9aefff9d0f9a628c998f68f63bd969e741,0.0,-1,1,0
4654de3cc2b4593076d440ba282905a7e7fd8e7e5f5bb6453ed4e617dc3c1963,MT10,official_clean,window-open-v3,8,9,MT-ACT + Heuristic-Gated Learned Recovery,1,0,0,91,08-0009-71bd80812369,800051,71bd80812369d34501e48666a74cdb9aefff9d0f9a628c998f68f63bd969e741,0.0,-1,1,0
4654de3cc2b4593076d440ba282905a7e7fd8e7e5f5bb6453ed4e617dc3c1963,MT10,official_clean,window-open-v3,8,9,MT-REIM,1,0,0,91,08-0009-71bd80812369,800051,71bd80812369d34501e48666a74cdb9aefff9d0f9a628c998f68f63bd969e741,0.5407856106758118,-1,1,0
4654de3cc2b4593076d440ba282905a7e7fd8e7e5f5bb6453ed4e617dc3c1963,MT10,official_clean,window-open-v3,8,10,MT-MLP BC,1,0,0,87,08-0010-66070d11bbd7,800052,66070d11bbd7a965da4f0e405e06bbe32d41657574b30be24e8262218852d2a6,0.0,-1,1,0
4654de3cc2b4593076d440ba282905a7e7fd8e7e5f5bb6453ed4e617dc3c1963,MT10,official_clean,window-open-v3,8,10,MT-ACT,1,0,0,86,08-0010-66070d11bbd7,800052,66070d11bbd7a965da4f0e405e06bbe32d41657574b30be24e8262218852d2a6,0.0,-1,1,0
4654de3cc2b4593076d440ba282905a7e7fd8e7e5f5bb6453ed4e617dc3c1963,MT10,official_clean,window-open-v3,8,10,MT-ACT + Heuristic-Gated Learned Recovery,1,0,0,86,08-0010-66070d11bbd7,800052,66070d11bbd7a965da4f0e405e06bbe32d41657574b30be24e8262218852d2a6,0.0,-1,1,0
4654de3cc2b4593076d440ba282905a7e7fd8e7e5f5bb6453ed4e617dc3c1963,MT10,official_clean,window-open-v3,8,10,MT-REIM,1,0,0,86,08-0010-66070d11bbd7,800052,66070d11bbd7a965da4f0e405e06bbe32d41657574b30be24e8262218852d2a6,0.622572124004364,-1,1,0
4654de3cc2b4593076d440ba282905a7e7fd8e7e5f5bb6453ed4e617dc3c1963,MT10,official_clean,window-open-v3,8,11,MT-MLP BC,1,0,0,88,08-0011-9f92d3b5ed14,800053,9f92d3b5ed1416b067d24a3649e29e5e7006a6084140f30e62cf3bbcd0e9dd2f,0.0,-1,1,0
4654de3cc2b4593076d440ba282905a7e7fd8e7e5f5bb6453ed4e617dc3c1963,MT10,official_clean,window-open-v3,8,11,MT-ACT,1,0,0,86,08-0011-9f92d3b5ed14,800053,9f92d3b5ed1416b067d24a3649e29e5e7006a6084140f30e62cf3bbcd0e9dd2f,0.0,-1,1,0
4654de3cc2b4593076d440ba282905a7e7fd8e7e5f5bb6453ed4e617dc3c1963,MT10,official_clean,window-open-v3,8,11,MT-ACT + Heuristic-Gated Learned Recovery,1,0,0,86,08-0011-9f92d3b5ed14,800053,9f92d3b5ed1416b067d24a3649e29e5e7006a6084140f30e62cf3bbcd0e9dd2f,0.0,-1,1,0
4654de3cc2b4593076d440ba282905a7e7fd8e7e5f5bb6453ed4e617dc3c1963,MT10,official_clean,window-open-v3,8,11,MT-REIM,1,0,0,86,08-0011-9f92d3b5ed14,800053,9f92d3b5ed1416b067d24a3649e29e5e7006a6084140f30e62cf3bbcd0e9dd2f,0.6060708165168762,-1,1,0
4654de3cc2b4593076d440ba282905a7e7fd8e7e5f5bb6453ed4e617dc3c1963,MT10,official_clean,window-open-v3,8,12,MT-MLP BC,1,0,0,94,08-0012-d38088912ffc,800054,d38088912ffc8a2e03e5d2c3f753b9f86487fb57b5f33ef4212ebe43fe239e26,0.0,-1,1,0
4654de3cc2b4593076d440ba282905a7e7fd8e7e5f5bb6453ed4e617dc3c1963,MT10,official_clean,window-open-v3,8,12,MT-ACT,1,0,0,92,08-0012-d38088912ffc,800054,d38088912ffc8a2e03e5d2c3f753b9f86487fb57b5f33ef4212ebe43fe239e26,0.0,-1,1,0
4654de3cc2b4593076d440ba282905a7e7fd8e7e5f5bb6453ed4e617dc3c1963,MT10,official_clean,window-open-v3,8,12,MT-ACT + Heuristic-Gated Learned Recovery,1,0,0,92,08-0012-d38088912ffc,800054,d38088912ffc8a2e03e5d2c3f753b9f86487fb57b5f33ef4212ebe43fe239e26,0.0,-1,1,0
4654de3cc2b4593076d440ba282905a7e7fd8e7e5f5bb6453ed4e617dc3c1963,MT10,official_clean,window-open-v3,8,12,MT-REIM,1,0,0,92,08-0012-d38088912ffc,800054,d38088912ffc8a2e03e5d2c3f753b9f86487fb57b5f33ef4212ebe43fe239e26,0.5414983630180359,-1,1,0
4654de3cc2b4593076d440ba282905a7e7fd8e7e5f5bb6453ed4e617dc3c1963,MT10,official_clean,window-open-v3,8,13,MT-MLP BC,1,0,0,97,08-0013-8f0336cfa31e,800055,8f0336cfa31e76342b9c42b372e4b6263b4301411f474ee7bf668735dbd16b73,0.0,-1,1,0
4654de3cc2b4593076d440ba282905a7e7fd8e7e5f5bb6453ed4e617dc3c1963,MT10,official_clean,window-open-v3,8,13,MT-ACT,1,0,0,94,08-0013-8f0336cfa31e,800055,8f0336cfa31e76342b9c42b372e4b6263b4301411f474ee7bf668735dbd16b73,0.0,-1,1,0
4654de3cc2b4593076d440ba282905a7e7fd8e7e5f5bb6453ed4e617dc3c1963,MT10,official_clean,window-open-v3,8,13,MT-ACT + Heuristic-Gated Learned Recovery,1,0,0,94,08-0013-8f0336cfa31e,800055,8f0336cfa31e76342b9c42b372e4b6263b4301411f474ee7bf668735dbd16b73,0.0,-1,1,0
4654de3cc2b4593076d440ba282905a7e7fd8e7e5f5bb6453ed4e617dc3c1963,MT10,official_clean,window-open-v3,8,13,MT-REIM,1,0,0,94,08-0013-8f0336cfa31e,800055,8f0336cfa31e76342b9c42b372e4b6263b4301411f474ee7bf668735dbd16b73,0.5305640697479248,-1,1,0
4654de3cc2b4593076d440ba282905a7e7fd8e7e5f5bb6453ed4e617dc3c1963,MT10,official_clean,window-open-v3,8,14,MT-MLP BC,1,0,0,93,08-0014-7b29ee1603b0,800056,7b29ee1603b03d75bd69f8308c2304260766ab3ecb9353e7a4e10fe46f4dea00,0.0,-1,1,0
4654de3cc2b4593076d440ba282905a7e7fd8e7e5f5bb6453ed4e617dc3c1963,MT10,official_clean,window-open-v3,8,14,MT-ACT,1,0,0,91,08-0014-7b29ee1603b0,800056,7b29ee1603b03d75bd69f8308c2304260766ab3ecb9353e7a4e10fe46f4dea00,0.0,-1,1,0
4654de3cc2b4593076d440ba282905a7e7fd8e7e5f5bb6453ed4e617dc3c1963,MT10,official_clean,window-open-v3,8,14,MT-ACT + Heuristic-Gated Learned Recovery,1,0,0,91,08-0014-7b29ee1603b0,800056,7b29ee1603b03d75bd69f8308c2304260766ab3ecb9353e7a4e10fe46f4dea00,0.0,-1,1,0
4654de3cc2b4593076d440ba282905a7e7fd8e7e5f5bb6453ed4e617dc3c1963,MT10,official_clean,window-open-v3,8,14,MT-REIM,1,0,0,91,08-0014-7b29ee1603b0,800056,7b29ee1603b03d75bd69f8308c2304260766ab3ecb9353e7a4e10fe46f4dea00,0.5856474041938782,-1,1,0
4654de3cc2b4593076d440ba282905a7e7fd8e7e5f5bb6453ed4e617dc3c1963,MT10,official_clean,window-open-v3,8,15,MT-MLP BC,1,0,0,97,08-0015-bdd8f57ffaa7,800057,bdd8f57ffaa73c59f8b3fdb17da1f6b24d6ddcd5d4f56548782edfeb8c8cbc32,0.0,-1,1,0
4654de3cc2b4593076d440ba282905a7e7fd8e7e5f5bb6453ed4e617dc3c1963,MT10,official_clean,window-open-v3,8,15,MT-ACT,1,0,0,94,08-0015-bdd8f57ffaa7,800057,bdd8f57ffaa73c59f8b3fdb17da1f6b24d6ddcd5d4f56548782edfeb8c8cbc32,0.0,-1,1,0
4654de3cc2b4593076d440ba282905a7e7fd8e7e5f5bb6453ed4e617dc3c1963,MT10,official_clean,window-open-v3,8,15,MT-ACT + Heuristic-Gated Learned Recovery,1,0,0,94,08-0015-bdd8f57ffaa7,800057,bdd8f57ffaa73c59f8b3fdb17da1f6b24d6ddcd5d4f56548782edfeb8c8cbc32,0.0,-1,1,0
4654de3cc2b4593076d440ba282905a7e7fd8e7e5f5bb6453ed4e617dc3c1963,MT10,official_clean,window-open-v3,8,15,MT-REIM,1,0,0,94,08-0015-bdd8f57ffaa7,800057,bdd8f57ffaa73c59f8b3fdb17da1f6b24d6ddcd5d4f56548782edfeb8c8cbc32,0.5467339158058167,-1,1,0
4654de3cc2b4593076d440ba282905a7e7fd8e7e5f5bb6453ed4e617dc3c1963,MT10,official_clean,window-open-v3,8,16,MT-MLP BC,1,0,0,80,08-0016-73ed88b32590,800058,73ed88b325904137e82ac95a505e53d389f26e443304d417443c9f3f994c6780,0.0,-1,1,0
4654de3cc2b4593076d440ba282905a7e7fd8e7e5f5bb6453ed4e617dc3c1963,MT10,official_clean,window-open-v3,8,16,MT-ACT,1,0,0,77,08-0016-73ed88b32590,800058,73ed88b325904137e82ac95a505e53d389f26e443304d417443c9f3f994c6780,0.0,-1,1,0
4654de3cc2b4593076d440ba282905a7e7fd8e7e5f5bb6453ed4e617dc3c1963,MT10,official_clean,window-open-v3,8,16,MT-ACT + Heuristic-Gated Learned Recovery,1,0,0,77,08-0016-73ed88b32590,800058,73ed88b325904137e82ac95a505e53d389f26e443304d417443c9f3f994c6780,0.0,-1,1,0
4654de3cc2b4593076d440ba282905a7e7fd8e7e5f5bb6453ed4e617dc3c1963,MT10,official_clean,window-open-v3,8,16,MT-REIM,1,0,0,77,08-0016-73ed88b32590,800058,73ed88b325904137e82ac95a505e53d389f26e443304d417443c9f3f994c6780,0.6497470736503601,-1,1,0
4654de3cc2b4593076d440ba282905a7e7fd8e7e5f5bb6453ed4e617dc3c1963,MT10,official_clean,window-open-v3,8,17,MT-MLP BC,1,0,0,88,08-0017-4df0a615dbf1,800059,4df0a615dbf192b46593d0d013736c1497992e76db1193eb07eb512f4abb87f0,0.0,-1,1,0
4654de3cc2b4593076d440ba282905a7e7fd8e7e5f5bb6453ed4e617dc3c1963,MT10,official_clean,window-open-v3,8,17,MT-ACT,1,0,0,86,08-0017-4df0a615dbf1,800059,4df0a615dbf192b46593d0d013736c1497992e76db1193eb07eb512f4abb87f0,0.0,-1,1,0
4654de3cc2b4593076d440ba282905a7e7fd8e7e5f5bb6453ed4e617dc3c1963,MT10,official_clean,window-open-v3,8,17,MT-ACT + Heuristic-Gated Learned Recovery,1,0,0,86,08-0017-4df0a615dbf1,800059,4df0a615dbf192b46593d0d013736c1497992e76db1193eb07eb512f4abb87f0,0.0,-1,1,0
4654de3cc2b4593076d440ba282905a7e7fd8e7e5f5bb6453ed4e617dc3c1963,MT10,official_clean,window-open-v3,8,17,MT-REIM,1,0,0,86,08-0017-4df0a615dbf1,800059,4df0a615dbf192b46593d0d013736c1497992e76db1193eb07eb512f4abb87f0,0.6225435733795166,-1,1,0
4654de3cc2b4593076d440ba282905a7e7fd8e7e5f5bb6453ed4e617dc3c1963,MT10,official_clean,window-open-v3,8,18,MT-MLP BC,1,0,0,88,08-0018-df3249849e58,800060,df3249849e580e7676aa574af5ff7adc51a3ee9e1b6f7993eab90ef1fee7953e,0.0,-1,1,0
4654de3cc2b4593076d440ba282905a7e7fd8e7e5f5bb6453ed4e617dc3c1963,MT10,official_clean,window-open-v3,8,18,MT-ACT,1,0,0,86,08-0018-df3249849e58,800060,df3249849e580e7676aa574af5ff7adc51a3ee9e1b6f7993eab90ef1fee7953e,0.0,-1,1,0
4654de3cc2b4593076d440ba282905a7e7fd8e7e5f5bb6453ed4e617dc3c1963,MT10,official_clean,window-open-v3,8,18,MT-ACT + Heuristic-Gated Learned Recovery,1,0,0,86,08-0018-df3249849e58,800060,df3249849e580e7676aa574af5ff7adc51a3ee9e1b6f7993eab90ef1fee7953e,0.0,-1,1,0
4654de3cc2b4593076d440ba282905a7e7fd8e7e5f5bb6453ed4e617dc3c1963,MT10,official_clean,window-open-v3,8,18,MT-REIM,1,0,0,86,08-0018-df3249849e58,800060,df3249849e580e7676aa574af5ff7adc51a3ee9e1b6f7993eab90ef1fee7953e,0.6461686491966248,-1,1,0
4654de3cc2b4593076d440ba282905a7e7fd8e7e5f5bb6453ed4e617dc3c1963,MT10,official_clean,window-open-v3,8,19,MT-MLP BC,1,0,0,86,08-0019-b65bd6519902,800061,b65bd6519902f922502229ded2c15c44e9d6a9e896d22c239eb43c9be1d0a78c,0.0,-1,1,0
4654de3cc2b4593076d440ba282905a7e7fd8e7e5f5bb6453ed4e617dc3c1963,MT10,official_clean,window-open-v3,8,19,MT-ACT,1,0,0,83,08-0019-b65bd6519902,800061,b65bd6519902f922502229ded2c15c44e9d6a9e896d22c239eb43c9be1d0a78c,0.0,-1,1,0
4654de3cc2b4593076d440ba282905a7e7fd8e7e5f5bb6453ed4e617dc3c1963,MT10,official_clean,window-open-v3,8,19,MT-ACT + Heuristic-Gated Learned Recovery,1,0,0,83,08-0019-b65bd6519902,800061,b65bd6519902f922502229ded2c15c44e9d6a9e896d22c239eb43c9be1d0a78c,0.0,-1,1,0
4654de3cc2b4593076d440ba282905a7e7fd8e7e5f5bb6453ed4e617dc3c1963,MT10,official_clean,window-open-v3,8,19,MT-REIM,1,0,0,83,08-0019-b65bd6519902,800061,b65bd6519902f922502229ded2c15c44e9d6a9e896d22c239eb43c9be1d0a78c,0.6158065795898438,-1,1,0
4654de3cc2b4593076d440ba282905a7e7fd8e7e5f5bb6453ed4e617dc3c1963,MT10,official_clean,window-open-v3,8,20,MT-MLP BC,1,0,0,88,08-0020-7f46802d0ad3,800062,7f46802d0ad38607f48f1d780450e3d9b6077361337b307ba01dbb28af9921f6,0.0,-1,1,0
4654de3cc2b4593076d440ba282905a7e7fd8e7e5f5bb6453ed4e617dc3c1963,MT10,official_clean,window-open-v3,8,20,MT-ACT,1,0,0,86,08-0020-7f46802d0ad3,800062,7f46802d0ad38607f48f1d780450e3d9b6077361337b307ba01dbb28af9921f6,0.0,-1,1,0
4654de3cc2b4593076d440ba282905a7e7fd8e7e5f5bb6453ed4e617dc3c1963,MT10,official_clean,window-open-v3,8,20,MT-ACT + Heuristic-Gated Learned Recovery,1,0,0,86,08-0020-7f46802d0ad3,800062,7f46802d0ad38607f48f1d780450e3d9b6077361337b307ba01dbb28af9921f6,0.0,-1,1,0
4654de3cc2b4593076d440ba282905a7e7fd8e7e5f5bb6453ed4e617dc3c1963,MT10,official_clean,window-open-v3,8,20,MT-REIM,1,0,0,86,08-0020-7f46802d0ad3,800062,7f46802d0ad38607f48f1d780450e3d9b6077361337b307ba01dbb28af9921f6,0.5826922655105591,-1,1,0
4654de3cc2b4593076d440ba282905a7e7fd8e7e5f5bb6453ed4e617dc3c1963,MT10,official_clean,window-open-v3,8,21,MT-MLP BC,1,0,0,85,08-0021-b7ee2ca334cf,800063,b7ee2ca334cf0c3581dbbe6aa44fe398610f0c8c0080e96ad08686ccd349692f,0.0,-1,1,0
4654de3cc2b4593076d440ba282905a7e7fd8e7e5f5bb6453ed4e617dc3c1963,MT10,official_clean,window-open-v3,8,21,MT-ACT,1,0,0,83,08-0021-b7ee2ca334cf,800063,b7ee2ca334cf0c3581dbbe6aa44fe398610f0c8c0080e96ad08686ccd349692f,0.0,-1,1,0
4654de3cc2b4593076d440ba282905a7e7fd8e7e5f5bb6453ed4e617dc3c1963,MT10,official_clean,window-open-v3,8,21,MT-ACT + Heuristic-Gated Learned Recovery,1,0,0,83,08-0021-b7ee2ca334cf,800063,b7ee2ca334cf0c3581dbbe6aa44fe398610f0c8c0080e96ad08686ccd349692f,0.0,-1,1,0
4654de3cc2b4593076d440ba282905a7e7fd8e7e5f5bb6453ed4e617dc3c1963,MT10,official_clean,window-open-v3,8,21,MT-REIM,1,0,0,83,08-0021-b7ee2ca334cf,800063,b7ee2ca334cf0c3581dbbe6aa44fe398610f0c8c0080e96ad08686ccd349692f,0.6190302968025208,-1,1,0
4654de3cc2b4593076d440ba282905a7e7fd8e7e5f5bb6453ed4e617dc3c1963,MT10,official_clean,window-open-v3,8,22,MT-MLP BC,1,0,0,83,08-0022-9cb3a1fe1abe,800064,9cb3a1fe1abe84e88ef0cdb5183b6aa81ef53377bb5a0c76730df4e68f59d85b,0.0,-1,1,0
4654de3cc2b4593076d440ba282905a7e7fd8e7e5f5bb6453ed4e617dc3c1963,MT10,official_clean,window-open-v3,8,22,MT-ACT,1,0,0,82,08-0022-9cb3a1fe1abe,800064,9cb3a1fe1abe84e88ef0cdb5183b6aa81ef53377bb5a0c76730df4e68f59d85b,0.0,-1,1,0
4654de3cc2b4593076d440ba282905a7e7fd8e7e5f5bb6453ed4e617dc3c1963,MT10,official_clean,window-open-v3,8,22,MT-ACT + Heuristic-Gated Learned Recovery,1,0,0,82,08-0022-9cb3a1fe1abe,800064,9cb3a1fe1abe84e88ef0cdb5183b6aa81ef53377bb5a0c76730df4e68f59d85b,0.0,-1,1,0
4654de3cc2b4593076d440ba282905a7e7fd8e7e5f5bb6453ed4e617dc3c1963,MT10,official_clean,window-open-v3,8,22,MT-REIM,1,1,1,82,08-0022-9cb3a1fe1abe,800064,9cb3a1fe1abe84e88ef0cdb5183b6aa81ef53377bb5a0c76730df4e68f59d85b,0.6552668809890747,81,1,1
4654de3cc2b4593076d440ba282905a7e7fd8e7e5f5bb6453ed4e617dc3c1963,MT10,official_clean,window-open-v3,8,23,MT-MLP BC,1,0,0,97,08-0023-c5e00478861c,800065,c5e00478861c5c8d6b90a4a8f18c21d4c8ccd305d97a960ef183fc674d4315b6,0.0,-1,1,0
4654de3cc2b4593076d440ba282905a7e7fd8e7e5f5bb6453ed4e617dc3c1963,MT10,official_clean,window-open-v3,8,23,MT-ACT,1,0,0,94,08-0023-c5e00478861c,800065,c5e00478861c5c8d6b90a4a8f18c21d4c8ccd305d97a960ef183fc674d4315b6,0.0,-1,1,0
4654de3cc2b4593076d440ba282905a7e7fd8e7e5f5bb6453ed4e617dc3c1963,MT10,official_clean,window-open-v3,8,23,MT-ACT + Heuristic-Gated Learned Recovery,1,0,0,94,08-0023-c5e00478861c,800065,c5e00478861c5c8d6b90a4a8f18c21d4c8ccd305d97a960ef183fc674d4315b6,0.0,-1,1,0
4654de3cc2b4593076d440ba282905a7e7fd8e7e5f5bb6453ed4e617dc3c1963,MT10,official_clean,window-open-v3,8,23,MT-REIM,1,0,0,94,08-0023-c5e00478861c,800065,c5e00478861c5c8d6b90a4a8f18c21d4c8ccd305d97a960ef183fc674d4315b6,0.541792631149292,-1,1,0
4654de3cc2b4593076d440ba282905a7e7fd8e7e5f5bb6453ed4e617dc3c1963,MT10,official_clean,window-open-v3,8,24,MT-MLP BC,1,0,0,78,08-0024-656cffa192b1,800066,656cffa192b1bb0c4eb987feb8fa8b6b1c8130b47f4dda3ef2c75e4150358a40,0.0,-1,1,0
4654de3cc2b4593076d440ba282905a7e7fd8e7e5f5bb6453ed4e617dc3c1963,MT10,official_clean,window-open-v3,8,24,MT-ACT,1,0,0,77,08-0024-656cffa192b1,800066,656cffa192b1bb0c4eb987feb8fa8b6b1c8130b47f4dda3ef2c75e4150358a40,0.0,-1,1,0
4654de3cc2b4593076d440ba282905a7e7fd8e7e5f5bb6453ed4e617dc3c1963,MT10,official_clean,window-open-v3,8,24,MT-ACT + Heuristic-Gated Learned Recovery,1,0,0,77,08-0024-656cffa192b1,800066,656cffa192b1bb0c4eb987feb8fa8b6b1c8130b47f4dda3ef2c75e4150358a40,0.0,-1,1,0
4654de3cc2b4593076d440ba282905a7e7fd8e7e5f5bb6453ed4e617dc3c1963,MT10,official_clean,window-open-v3,8,24,MT-REIM,1,1,1,76,08-0024-656cffa192b1,800066,656cffa192b1bb0c4eb987feb8fa8b6b1c8130b47f4dda3ef2c75e4150358a40,0.7156266570091248,40,1,36
4654de3cc2b4593076d440ba282905a7e7fd8e7e5f5bb6453ed4e617dc3c1963,MT10,official_clean,window-open-v3,8,25,MT-MLP BC,1,0,0,86,08-0025-49ab4204fd7b,800067,49ab4204fd7b00e996c57b2938510e49d6c90857bab79690e8e5f41eb37bd52a,0.0,-1,1,0
4654de3cc2b4593076d440ba282905a7e7fd8e7e5f5bb6453ed4e617dc3c1963,MT10,official_clean,window-open-v3,8,25,MT-ACT,1,0,0,85,08-0025-49ab4204fd7b,800067,49ab4204fd7b00e996c57b2938510e49d6c90857bab79690e8e5f41eb37bd52a,0.0,-1,1,0
4654de3cc2b4593076d440ba282905a7e7fd8e7e5f5bb6453ed4e617dc3c1963,MT10,official_clean,window-open-v3,8,25,MT-ACT + Heuristic-Gated Learned Recovery,1,0,0,85,08-0025-49ab4204fd7b,800067,49ab4204fd7b00e996c57b2938510e49d6c90857bab79690e8e5f41eb37bd52a,0.0,-1,1,0
4654de3cc2b4593076d440ba282905a7e7fd8e7e5f5bb6453ed4e617dc3c1963,MT10,official_clean,window-open-v3,8,25,MT-REIM,1,0,0,85,08-0025-49ab4204fd7b,800067,49ab4204fd7b00e996c57b2938510e49d6c90857bab79690e8e5f41eb37bd52a,0.6274681687355042,-1,1,0
4654de3cc2b4593076d440ba282905a7e7fd8e7e5f5bb6453ed4e617dc3c1963,MT10,official_clean,window-open-v3,8,26,MT-MLP BC,1,0,0,80,08-0026-6c0973a2ca30,800068,6c0973a2ca308737d049e22388948d7998fcde5231d87fa6d0127741eb785876,0.0,-1,1,0
4654de3cc2b4593076d440ba282905a7e7fd8e7e5f5bb6453ed4e617dc3c1963,MT10,official_clean,window-open-v3,8,26,MT-ACT,1,0,0,77,08-0026-6c0973a2ca30,800068,6c0973a2ca308737d049e22388948d7998fcde5231d87fa6d0127741eb785876,0.0,-1,1,0
4654de3cc2b4593076d440ba282905a7e7fd8e7e5f5bb6453ed4e617dc3c1963,MT10,official_clean,window-open-v3,8,26,MT-ACT + Heuristic-Gated Learned Recovery,1,0,0,77,08-0026-6c0973a2ca30,800068,6c0973a2ca308737d049e22388948d7998fcde5231d87fa6d0127741eb785876,0.0,-1,1,0
4654de3cc2b4593076d440ba282905a7e7fd8e7e5f5bb6453ed4e617dc3c1963,MT10,official_clean,window-open-v3,8,26,MT-REIM,1,0,0,77,08-0026-6c0973a2ca30,800068,6c0973a2ca308737d049e22388948d7998fcde5231d87fa6d0127741eb785876,0.6293472051620483,-1,1,0
4654de3cc2b4593076d440ba282905a7e7fd8e7e5f5bb6453ed4e617dc3c1963,MT10,official_clean,window-open-v3,8,27,MT-MLP BC,1,0,0,89,08-0027-5e708fbb01da,800069,5e708fbb01da4e1bc131c97d3f7febc58a1e85344ada6eba2b9caab2e8c04a5f,0.0,-1,1,0
4654de3cc2b4593076d440ba282905a7e7fd8e7e5f5bb6453ed4e617dc3c1963,MT10,official_clean,window-open-v3,8,27,MT-ACT,1,0,0,87,08-0027-5e708fbb01da,800069,5e708fbb01da4e1bc131c97d3f7febc58a1e85344ada6eba2b9caab2e8c04a5f,0.0,-1,1,0
4654de3cc2b4593076d440ba282905a7e7fd8e7e5f5bb6453ed4e617dc3c1963,MT10,official_clean,window-open-v3,8,27,MT-ACT + Heuristic-Gated Learned Recovery,1,0,0,87,08-0027-5e708fbb01da,800069,5e708fbb01da4e1bc131c97d3f7febc58a1e85344ada6eba2b9caab2e8c04a5f,0.0,-1,1,0
4654de3cc2b4593076d440ba282905a7e7fd8e7e5f5bb6453ed4e617dc3c1963,MT10,official_clean,window-open-v3,8,27,MT-REIM,1,0,0,87,08-0027-5e708fbb01da,800069,5e708fbb01da4e1bc131c97d3f7febc58a1e85344ada6eba2b9caab2e8c04a5f,0.6282327175140381,-1,1,0
4654de3cc2b4593076d440ba282905a7e7fd8e7e5f5bb6453ed4e617dc3c1963,MT10,official_clean,window-open-v3,8,28,MT-MLP BC,1,0,0,92,08-0028-95ed3e452520,800070,95ed3e45252032003a363bf2b5b7b67be20ae5fb43cf13a8d11247acc2ed2e54,0.0,-1,1,0
4654de3cc2b4593076d440ba282905a7e7fd8e7e5f5bb6453ed4e617dc3c1963,MT10,official_clean,window-open-v3,8,28,MT-ACT,1,0,0,90,08-0028-95ed3e452520,800070,95ed3e45252032003a363bf2b5b7b67be20ae5fb43cf13a8d11247acc2ed2e54,0.0,-1,1,0
4654de3cc2b4593076d440ba282905a7e7fd8e7e5f5bb6453ed4e617dc3c1963,MT10,official_clean,window-open-v3,8,28,MT-ACT + Heuristic-Gated Learned Recovery,1,0,0,90,08-0028-95ed3e452520,800070,95ed3e45252032003a363bf2b5b7b67be20ae5fb43cf13a8d11247acc2ed2e54,0.0,-1,1,0
4654de3cc2b4593076d440ba282905a7e7fd8e7e5f5bb6453ed4e617dc3c1963,MT10,official_clean,window-open-v3,8,28,MT-REIM,1,0,0,90,08-0028-95ed3e452520,800070,95ed3e45252032003a363bf2b5b7b67be20ae5fb43cf13a8d11247acc2ed2e54,0.5430958271026611,-1,1,0
4654de3cc2b4593076d440ba282905a7e7fd8e7e5f5bb6453ed4e617dc3c1963,MT10,official_clean,window-open-v3,8,29,MT-MLP BC,1,0,0,88,08-0029-f57d85ecaff7,800071,f57d85ecaff74c4cb27dfb68e0049e5a0cc3e691a2b6dbd90aa12e91882f26b7,0.0,-1,1,0
4654de3cc2b4593076d440ba282905a7e7fd8e7e5f5bb6453ed4e617dc3c1963,MT10,official_clean,window-open-v3,8,29,MT-ACT,1,0,0,86,08-0029-f57d85ecaff7,800071,f57d85ecaff74c4cb27dfb68e0049e5a0cc3e691a2b6dbd90aa12e91882f26b7,0.0,-1,1,0
4654de3cc2b4593076d440ba282905a7e7fd8e7e5f5bb6453ed4e617dc3c1963,MT10,official_clean,window-open-v3,8,29,MT-ACT + Heuristic-Gated Learned Recovery,1,0,0,86,08-0029-f57d85ecaff7,800071,f57d85ecaff74c4cb27dfb68e0049e5a0cc3e691a2b6dbd90aa12e91882f26b7,0.0,-1,1,0
4654de3cc2b4593076d440ba282905a7e7fd8e7e5f5bb6453ed4e617dc3c1963,MT10,official_clean,window-open-v3,8,29,MT-REIM,1,0,0,86,08-0029-f57d85ecaff7,800071,f57d85ecaff74c4cb27dfb68e0049e5a0cc3e691a2b6dbd90aa12e91882f26b7,0.5707888603210449,-1,1,0
4654de3cc2b4593076d440ba282905a7e7fd8e7e5f5bb6453ed4e617dc3c1963,MT10,official_clean,window-open-v3,8,30,MT-MLP BC,1,0,0,88,08-0030-5671eaee4d6b,800072,5671eaee4d6b80f605ed54f88f69fd140da532c02a4d2e9f63dc4a73b74ec73a,0.0,-1,1,0
4654de3cc2b4593076d440ba282905a7e7fd8e7e5f5bb6453ed4e617dc3c1963,MT10,official_clean,window-open-v3,8,30,MT-ACT,1,0,0,85,08-0030-5671eaee4d6b,800072,5671eaee4d6b80f605ed54f88f69fd140da532c02a4d2e9f63dc4a73b74ec73a,0.0,-1,1,0
4654de3cc2b4593076d440ba282905a7e7fd8e7e5f5bb6453ed4e617dc3c1963,MT10,official_clean,window-open-v3,8,30,MT-ACT + Heuristic-Gated Learned Recovery,1,0,0,85,08-0030-5671eaee4d6b,800072,5671eaee4d6b80f605ed54f88f69fd140da532c02a4d2e9f63dc4a73b74ec73a,0.0,-1,1,0
4654de3cc2b4593076d440ba282905a7e7fd8e7e5f5bb6453ed4e617dc3c1963,MT10,official_clean,window-open-v3,8,30,MT-REIM,1,0,0,85,08-0030-5671eaee4d6b,800072,5671eaee4d6b80f605ed54f88f69fd140da532c02a4d2e9f63dc4a73b74ec73a,0.5885013937950134,-1,1,0
4654de3cc2b4593076d440ba282905a7e7fd8e7e5f5bb6453ed4e617dc3c1963,MT10,official_clean,window-open-v3,8,31,MT-MLP BC,1,0,0,88,08-0031-c3130990846d,800073,c3130990846d3b03128efd840732d0fd93592b4cb8d6cd3bbabeb3b18c4f95fa,0.0,-1,1,0
4654de3cc2b4593076d440ba282905a7e7fd8e7e5f5bb6453ed4e617dc3c1963,MT10,official_clean,window-open-v3,8,31,MT-ACT,1,0,0,86,08-0031-c3130990846d,800073,c3130990846d3b03128efd840732d0fd93592b4cb8d6cd3bbabeb3b18c4f95fa,0.0,-1,1,0
4654de3cc2b4593076d440ba282905a7e7fd8e7e5f5bb6453ed4e617dc3c1963,MT10,official_clean,window-open-v3,8,31,MT-ACT + Heuristic-Gated Learned Recovery,1,0,0,86,08-0031-c3130990846d,800073,c3130990846d3b03128efd840732d0fd93592b4cb8d6cd3bbabeb3b18c4f95fa,0.0,-1,1,0
4654de3cc2b4593076d440ba282905a7e7fd8e7e5f5bb6453ed4e617dc3c1963,MT10,official_clean,window-open-v3,8,31,MT-REIM,1,1,1,86,08-0031-c3130990846d,800073,c3130990846d3b03128efd840732d0fd93592b4cb8d6cd3bbabeb3b18c4f95fa,0.6935015320777893,50,1,36
4654de3cc2b4593076d440ba282905a7e7fd8e7e5f5bb6453ed4e617dc3c1963,MT10,official_clean,window-open-v3,8,32,MT-MLP BC,1,0,0,88,08-0032-344353675981,800074,3443536759813906ff44b27f283b9bc198df8a6e43127d774da2a210e970dbd5,0.0,-1,1,0
4654de3cc2b4593076d440ba282905a7e7fd8e7e5f5bb6453ed4e617dc3c1963,MT10,official_clean,window-open-v3,8,32,MT-ACT,1,0,0,86,08-0032-344353675981,800074,3443536759813906ff44b27f283b9bc198df8a6e43127d774da2a210e970dbd5,0.0,-1,1,0
4654de3cc2b4593076d440ba282905a7e7fd8e7e5f5bb6453ed4e617dc3c1963,MT10,official_clean,window-open-v3,8,32,MT-ACT + Heuristic-Gated Learned Recovery,1,0,0,86,08-0032-344353675981,800074,3443536759813906ff44b27f283b9bc198df8a6e43127d774da2a210e970dbd5,0.0,-1,1,0
4654de3cc2b4593076d440ba282905a7e7fd8e7e5f5bb6453ed4e617dc3c1963,MT10,official_clean,window-open-v3,8,32,MT-REIM,1,0,0,86,08-0032-344353675981,800074,3443536759813906ff44b27f283b9bc198df8a6e43127d774da2a210e970dbd5,0.6098067760467529,-1,1,0
4654de3cc2b4593076d440ba282905a7e7fd8e7e5f5bb6453ed4e617dc3c1963,MT10,official_clean,window-open-v3,8,33,MT-MLP BC,1,0,0,83,08-0033-0e7c82f664b2,800075,0e7c82f664b2911b0433951441bde2d752c32a36feb68176d41f651cbfc1b29f,0.0,-1,1,0
4654de3cc2b4593076d440ba282905a7e7fd8e7e5f5bb6453ed4e617dc3c1963,MT10,official_clean,window-open-v3,8,33,MT-ACT,1,0,0,82,08-0033-0e7c82f664b2,800075,0e7c82f664b2911b0433951441bde2d752c32a36feb68176d41f651cbfc1b29f,0.0,-1,1,0
4654de3cc2b4593076d440ba282905a7e7fd8e7e5f5bb6453ed4e617dc3c1963,MT10,official_clean,window-open-v3,8,33,MT-ACT + Heuristic-Gated Learned Recovery,1,0,0,82,08-0033-0e7c82f664b2,800075,0e7c82f664b2911b0433951441bde2d752c32a36feb68176d41f651cbfc1b29f,0.0,-1,1,0
4654de3cc2b4593076d440ba282905a7e7fd8e7e5f5bb6453ed4e617dc3c1963,MT10,official_clean,window-open-v3,8,33,MT-REIM,1,1,1,82,08-0033-0e7c82f664b2,800075,0e7c82f664b2911b0433951441bde2d752c32a36feb68176d41f651cbfc1b29f,0.7096847891807556,46,1,36
4654de3cc2b4593076d440ba282905a7e7fd8e7e5f5bb6453ed4e617dc3c1963,MT10,official_clean,window-open-v3,8,34,MT-MLP BC,1,0,0,93,08-0034-eead4cdd2782,800076,eead4cdd27821f56454afe4bd7d82a8a081e31e1d81685f05c092af51ca74b43,0.0,-1,1,0
4654de3cc2b4593076d440ba282905a7e7fd8e7e5f5bb6453ed4e617dc3c1963,MT10,official_clean,window-open-v3,8,34,MT-ACT,1,0,0,91,08-0034-eead4cdd2782,800076,eead4cdd27821f56454afe4bd7d82a8a081e31e1d81685f05c092af51ca74b43,0.0,-1,1,0
4654de3cc2b4593076d440ba282905a7e7fd8e7e5f5bb6453ed4e617dc3c1963,MT10,official_clean,window-open-v3,8,34,MT-ACT + Heuristic-Gated Learned Recovery,1,0,0,91,08-0034-eead4cdd2782,800076,eead4cdd27821f56454afe4bd7d82a8a081e31e1d81685f05c092af51ca74b43,0.0,-1,1,0
4654de3cc2b4593076d440ba282905a7e7fd8e7e5f5bb6453ed4e617dc3c1963,MT10,official_clean,window-open-v3,8,34,MT-REIM,1,0,0,91,08-0034-eead4cdd2782,800076,eead4cdd27821f56454afe4bd7d82a8a081e31e1d81685f05c092af51ca74b43,0.5416428446769714,-1,1,0
4654de3cc2b4593076d440ba282905a7e7fd8e7e5f5bb6453ed4e617dc3c1963,MT10,official_clean,window-open-v3,8,35,MT-MLP BC,1,0,0,87,08-0035-8e67f539133f,800077,8e67f539133f783394ef40b46c6c43d7446f9181d62130fc431746619c8fb451,0.0,-1,1,0
4654de3cc2b4593076d440ba282905a7e7fd8e7e5f5bb6453ed4e617dc3c1963,MT10,official_clean,window-open-v3,8,35,MT-ACT,1,0,0,84,08-0035-8e67f539133f,800077,8e67f539133f783394ef40b46c6c43d7446f9181d62130fc431746619c8fb451,0.0,-1,1,0
4654de3cc2b4593076d440ba282905a7e7fd8e7e5f5bb6453ed4e617dc3c1963,MT10,official_clean,window-open-v3,8,35,MT-ACT + Heuristic-Gated Learned Recovery,1,0,0,84,08-0035-8e67f539133f,800077,8e67f539133f783394ef40b46c6c43d7446f9181d62130fc431746619c8fb451,0.0,-1,1,0
4654de3cc2b4593076d440ba282905a7e7fd8e7e5f5bb6453ed4e617dc3c1963,MT10,official_clean,window-open-v3,8,35,MT-REIM,1,1,1,85,08-0035-8e67f539133f,800077,8e67f539133f783394ef40b46c6c43d7446f9181d62130fc431746619c8fb451,0.671072244644165,51,1,34
4654de3cc2b4593076d440ba282905a7e7fd8e7e5f5bb6453ed4e617dc3c1963,MT10,official_clean,window-open-v3,8,36,MT-MLP BC,1,0,0,94,08-0036-b4a2239b2c8c,800078,b4a2239b2c8cf0a8593b67a74fc7dec0c08dac9be33b43fd0ecaea2d784f27c3,0.0,-1,1,0
4654de3cc2b4593076d440ba282905a7e7fd8e7e5f5bb6453ed4e617dc3c1963,MT10,official_clean,window-open-v3,8,36,MT-ACT,1,0,0,92,08-0036-b4a2239b2c8c,800078,b4a2239b2c8cf0a8593b67a74fc7dec0c08dac9be33b43fd0ecaea2d784f27c3,0.0,-1,1,0
4654de3cc2b4593076d440ba282905a7e7fd8e7e5f5bb6453ed4e617dc3c1963,MT10,official_clean,window-open-v3,8,36,MT-ACT + Heuristic-Gated Learned Recovery,1,0,0,92,08-0036-b4a2239b2c8c,800078,b4a2239b2c8cf0a8593b67a74fc7dec0c08dac9be33b43fd0ecaea2d784f27c3,0.0,-1,1,0
4654de3cc2b4593076d440ba282905a7e7fd8e7e5f5bb6453ed4e617dc3c1963,MT10,official_clean,window-open-v3,8,36,MT-REIM,1,0,0,92,08-0036-b4a2239b2c8c,800078,b4a2239b2c8cf0a8593b67a74fc7dec0c08dac9be33b43fd0ecaea2d784f27c3,0.5900821685791016,-1,1,0
4654de3cc2b4593076d440ba282905a7e7fd8e7e5f5bb6453ed4e617dc3c1963,MT10,official_clean,window-open-v3,8,37,MT-MLP BC,1,0,0,80,08-0037-edda6d41958d,800079,edda6d41958dc04af33e4a2193fa015fb75fe6386a69c571e00cd1e4ee2f9f0b,0.0,-1,1,0
4654de3cc2b4593076d440ba282905a7e7fd8e7e5f5bb6453ed4e617dc3c1963,MT10,official_clean,window-open-v3,8,37,MT-ACT,1,0,0,79,08-0037-edda6d41958d,800079,edda6d41958dc04af33e4a2193fa015fb75fe6386a69c571e00cd1e4ee2f9f0b,0.0,-1,1,0
4654de3cc2b4593076d440ba282905a7e7fd8e7e5f5bb6453ed4e617dc3c1963,MT10,official_clean,window-open-v3,8,37,MT-ACT + Heuristic-Gated Learned Recovery,1,0,0,79,08-0037-edda6d41958d,800079,edda6d41958dc04af33e4a2193fa015fb75fe6386a69c571e00cd1e4ee2f9f0b,0.0,-1,1,0
4654de3cc2b4593076d440ba282905a7e7fd8e7e5f5bb6453ed4e617dc3c1963,MT10,official_clean,window-open-v3,8,37,MT-REIM,1,1,1,79,08-0037-edda6d41958d,800079,edda6d41958dc04af33e4a2193fa015fb75fe6386a69c571e00cd1e4ee2f9f0b,0.6681687831878662,77,1,2
4654de3cc2b4593076d440ba282905a7e7fd8e7e5f5bb6453ed4e617dc3c1963,MT10,official_clean,window-open-v3,8,38,MT-MLP BC,1,0,0,92,08-0038-cfaeee39b501,800080,cfaeee39b50190606a00f088efb8265de697e2be0179b369ebb1b988cb721274,0.0,-1,1,0
4654de3cc2b4593076d440ba282905a7e7fd8e7e5f5bb6453ed4e617dc3c1963,MT10,official_clean,window-open-v3,8,38,MT-ACT,1,0,0,91,08-0038-cfaeee39b501,800080,cfaeee39b50190606a00f088efb8265de697e2be0179b369ebb1b988cb721274,0.0,-1,1,0
4654de3cc2b4593076d440ba282905a7e7fd8e7e5f5bb6453ed4e617dc3c1963,MT10,official_clean,window-open-v3,8,38,MT-ACT + Heuristic-Gated Learned Recovery,1,0,0,91,08-0038-cfaeee39b501,800080,cfaeee39b50190606a00f088efb8265de697e2be0179b369ebb1b988cb721274,0.0,-1,1,0
4654de3cc2b4593076d440ba282905a7e7fd8e7e5f5bb6453ed4e617dc3c1963,MT10,official_clean,window-open-v3,8,38,MT-REIM,1,0,0,91,08-0038-cfaeee39b501,800080,cfaeee39b50190606a00f088efb8265de697e2be0179b369ebb1b988cb721274,0.5482872128486633,-1,1,0
4654de3cc2b4593076d440ba282905a7e7fd8e7e5f5bb6453ed4e617dc3c1963,MT10,official_clean,window-open-v3,8,39,MT-MLP BC,1,0,0,88,08-0039-95fc3ef6c2c8,800081,95fc3ef6c2c82e8a9cf0d25f6bb96c9475d88f6ee9003af98d84ee2b1db74d05,0.0,-1,1,0
4654de3cc2b4593076d440ba282905a7e7fd8e7e5f5bb6453ed4e617dc3c1963,MT10,official_clean,window-open-v3,8,39,MT-ACT,1,0,0,86,08-0039-95fc3ef6c2c8,800081,95fc3ef6c2c82e8a9cf0d25f6bb96c9475d88f6ee9003af98d84ee2b1db74d05,0.0,-1,1,0
4654de3cc2b4593076d440ba282905a7e7fd8e7e5f5bb6453ed4e617dc3c1963,MT10,official_clean,window-open-v3,8,39,MT-ACT + Heuristic-Gated Learned Recovery,1,0,0,86,08-0039-95fc3ef6c2c8,800081,95fc3ef6c2c82e8a9cf0d25f6bb96c9475d88f6ee9003af98d84ee2b1db74d05,0.0,-1,1,0
4654de3cc2b4593076d440ba282905a7e7fd8e7e5f5bb6453ed4e617dc3c1963,MT10,official_clean,window-open-v3,8,39,MT-REIM,1,1,1,86,08-0039-95fc3ef6c2c8,800081,95fc3ef6c2c82e8a9cf0d25f6bb96c9475d88f6ee9003af98d84ee2b1db74d05,0.6545414328575134,54,1,32
4654de3cc2b4593076d440ba282905a7e7fd8e7e5f5bb6453ed4e617dc3c1963,MT10,official_clean,window-open-v3,8,40,MT-MLP BC,1,0,0,79,08-0040-c241398b140c,800082,c241398b140c2f33f64d53705340ceb30c4f9f91474d1cf7524f2b875dc68ab0,0.0,-1,1,0
4654de3cc2b4593076d440ba282905a7e7fd8e7e5f5bb6453ed4e617dc3c1963,MT10,official_clean,window-open-v3,8,40,MT-ACT,1,0,0,76,08-0040-c241398b140c,800082,c241398b140c2f33f64d53705340ceb30c4f9f91474d1cf7524f2b875dc68ab0,0.0,-1,1,0
4654de3cc2b4593076d440ba282905a7e7fd8e7e5f5bb6453ed4e617dc3c1963,MT10,official_clean,window-open-v3,8,40,MT-ACT + Heuristic-Gated Learned Recovery,1,0,0,76,08-0040-c241398b140c,800082,c241398b140c2f33f64d53705340ceb30c4f9f91474d1cf7524f2b875dc68ab0,0.0,-1,1,0
4654de3cc2b4593076d440ba282905a7e7fd8e7e5f5bb6453ed4e617dc3c1963,MT10,official_clean,window-open-v3,8,40,MT-REIM,1,0,0,76,08-0040-c241398b140c,800082,c241398b140c2f33f64d53705340ceb30c4f9f91474d1cf7524f2b875dc68ab0,0.6460480093955994,-1,1,0
4654de3cc2b4593076d440ba282905a7e7fd8e7e5f5bb6453ed4e617dc3c1963,MT10,official_clean,window-open-v3,8,41,MT-MLP BC,1,0,0,87,08-0041-d1f2a00f9e5e,800083,d1f2a00f9e5e2dbcdda9faeef55bf1210d6865193294bdb274279d5e8f0afdcb,0.0,-1,1,0
4654de3cc2b4593076d440ba282905a7e7fd8e7e5f5bb6453ed4e617dc3c1963,MT10,official_clean,window-open-v3,8,41,MT-ACT,1,0,0,84,08-0041-d1f2a00f9e5e,800083,d1f2a00f9e5e2dbcdda9faeef55bf1210d6865193294bdb274279d5e8f0afdcb,0.0,-1,1,0
4654de3cc2b4593076d440ba282905a7e7fd8e7e5f5bb6453ed4e617dc3c1963,MT10,official_clean,window-open-v3,8,41,MT-ACT + Heuristic-Gated Learned Recovery,1,0,0,84,08-0041-d1f2a00f9e5e,800083,d1f2a00f9e5e2dbcdda9faeef55bf1210d6865193294bdb274279d5e8f0afdcb,0.0,-1,1,0
4654de3cc2b4593076d440ba282905a7e7fd8e7e5f5bb6453ed4e617dc3c1963,MT10,official_clean,window-open-v3,8,41,MT-REIM,1,0,0,84,08-0041-d1f2a00f9e5e,800083,d1f2a00f9e5e2dbcdda9faeef55bf1210d6865193294bdb274279d5e8f0afdcb,0.6028454899787903,-1,1,0
4654de3cc2b4593076d440ba282905a7e7fd8e7e5f5bb6453ed4e617dc3c1963,MT10,official_clean,window-open-v3,8,42,MT-MLP BC,1,0,0,89,08-0042-83db24de1284,800084,83db24de1284e4b263c5d03bb13990fffec9218354b96700f1f2e548fa2d94c4,0.0,-1,1,0
4654de3cc2b4593076d440ba282905a7e7fd8e7e5f5bb6453ed4e617dc3c1963,MT10,official_clean,window-open-v3,8,42,MT-ACT,1,0,0,88,08-0042-83db24de1284,800084,83db24de1284e4b263c5d03bb13990fffec9218354b96700f1f2e548fa2d94c4,0.0,-1,1,0
4654de3cc2b4593076d440ba282905a7e7fd8e7e5f5bb6453ed4e617dc3c1963,MT10,official_clean,window-open-v3,8,42,MT-ACT + Heuristic-Gated Learned Recovery,1,0,0,88,08-0042-83db24de1284,800084,83db24de1284e4b263c5d03bb13990fffec9218354b96700f1f2e548fa2d94c4,0.0,-1,1,0
4654de3cc2b4593076d440ba282905a7e7fd8e7e5f5bb6453ed4e617dc3c1963,MT10,official_clean,window-open-v3,8,42,MT-REIM,1,0,0,88,08-0042-83db24de1284,800084,83db24de1284e4b263c5d03bb13990fffec9218354b96700f1f2e548fa2d94c4,0.5832895636558533,-1,1,0
4654de3cc2b4593076d440ba282905a7e7fd8e7e5f5bb6453ed4e617dc3c1963,MT10,official_clean,window-open-v3,8,43,MT-MLP BC,1,0,0,89,08-0043-6816afed5994,800085,6816afed59947d79639f6b495046e5e8fe69cbece673bc9592295172100c9596,0.0,-1,1,0
4654de3cc2b4593076d440ba282905a7e7fd8e7e5f5bb6453ed4e617dc3c1963,MT10,official_clean,window-open-v3,8,43,MT-ACT,1,0,0,88,08-0043-6816afed5994,800085,6816afed59947d79639f6b495046e5e8fe69cbece673bc9592295172100c9596,0.0,-1,1,0
4654de3cc2b4593076d440ba282905a7e7fd8e7e5f5bb6453ed4e617dc3c1963,MT10,official_clean,window-open-v3,8,43,MT-ACT + Heuristic-Gated Learned Recovery,1,0,0,88,08-0043-6816afed5994,800085,6816afed59947d79639f6b495046e5e8fe69cbece673bc9592295172100c9596,0.0,-1,1,0
4654de3cc2b4593076d440ba282905a7e7fd8e7e5f5bb6453ed4e617dc3c1963,MT10,official_clean,window-open-v3,8,43,MT-REIM,1,0,0,88,08-0043-6816afed5994,800085,6816afed59947d79639f6b495046e5e8fe69cbece673bc9592295172100c9596,0.573981523513794,-1,1,0
4654de3cc2b4593076d440ba282905a7e7fd8e7e5f5bb6453ed4e617dc3c1963,MT10,official_clean,window-open-v3,8,44,MT-MLP BC,1,0,0,89,08-0044-bc096c4a51c1,800086,bc096c4a51c19d5c5ac4df6ca9745a4c1394997de0a17f0ed88ad60ea23b846c,0.0,-1,1,0
4654de3cc2b4593076d440ba282905a7e7fd8e7e5f5bb6453ed4e617dc3c1963,MT10,official_clean,window-open-v3,8,44,MT-ACT,1,0,0,88,08-0044-bc096c4a51c1,800086,bc096c4a51c19d5c5ac4df6ca9745a4c1394997de0a17f0ed88ad60ea23b846c,0.0,-1,1,0
4654de3cc2b4593076d440ba282905a7e7fd8e7e5f5bb6453ed4e617dc3c1963,MT10,official_clean,window-open-v3,8,44,MT-ACT + Heuristic-Gated Learned Recovery,1,0,0,88,08-0044-bc096c4a51c1,800086,bc096c4a51c19d5c5ac4df6ca9745a4c1394997de0a17f0ed88ad60ea23b846c,0.0,-1,1,0
4654de3cc2b4593076d440ba282905a7e7fd8e7e5f5bb6453ed4e617dc3c1963,MT10,official_clean,window-open-v3,8,44,MT-REIM,1,0,0,88,08-0044-bc096c4a51c1,800086,bc096c4a51c19d5c5ac4df6ca9745a4c1394997de0a17f0ed88ad60ea23b846c,0.5777009129524231,-1,1,0
4654de3cc2b4593076d440ba282905a7e7fd8e7e5f5bb6453ed4e617dc3c1963,MT10,official_clean,window-open-v3,8,45,MT-MLP BC,1,0,0,93,08-0045-ac79692c1450,800087,ac79692c1450c962d5ae306d672fc23bffa225b9fdc57122fd707c74b366942f,0.0,-1,1,0
4654de3cc2b4593076d440ba282905a7e7fd8e7e5f5bb6453ed4e617dc3c1963,MT10,official_clean,window-open-v3,8,45,MT-ACT,1,0,0,91,08-0045-ac79692c1450,800087,ac79692c1450c962d5ae306d672fc23bffa225b9fdc57122fd707c74b366942f,0.0,-1,1,0
4654de3cc2b4593076d440ba282905a7e7fd8e7e5f5bb6453ed4e617dc3c1963,MT10,official_clean,window-open-v3,8,45,MT-ACT + Heuristic-Gated Learned Recovery,1,0,0,91,08-0045-ac79692c1450,800087,ac79692c1450c962d5ae306d672fc23bffa225b9fdc57122fd707c74b366942f,0.0,-1,1,0
4654de3cc2b4593076d440ba282905a7e7fd8e7e5f5bb6453ed4e617dc3c1963,MT10,official_clean,window-open-v3,8,45,MT-REIM,1,0,0,91,08-0045-ac79692c1450,800087,ac79692c1450c962d5ae306d672fc23bffa225b9fdc57122fd707c74b366942f,0.5436449646949768,-1,1,0
4654de3cc2b4593076d440ba282905a7e7fd8e7e5f5bb6453ed4e617dc3c1963,MT10,official_clean,window-open-v3,8,46,MT-MLP BC,1,0,0,92,08-0046-48a1a4d9a664,800088,48a1a4d9a664d5eb49a5ef67da6b20c1517e046786f163ded33b0e58912e41f3,0.0,-1,1,0
4654de3cc2b4593076d440ba282905a7e7fd8e7e5f5bb6453ed4e617dc3c1963,MT10,official_clean,window-open-v3,8,46,MT-ACT,1,0,0,89,08-0046-48a1a4d9a664,800088,48a1a4d9a664d5eb49a5ef67da6b20c1517e046786f163ded33b0e58912e41f3,0.0,-1,1,0
4654de3cc2b4593076d440ba282905a7e7fd8e7e5f5bb6453ed4e617dc3c1963,MT10,official_clean,window-open-v3,8,46,MT-ACT + Heuristic-Gated Learned Recovery,1,0,0,89,08-0046-48a1a4d9a664,800088,48a1a4d9a664d5eb49a5ef67da6b20c1517e046786f163ded33b0e58912e41f3,0.0,-1,1,0
4654de3cc2b4593076d440ba282905a7e7fd8e7e5f5bb6453ed4e617dc3c1963,MT10,official_clean,window-open-v3,8,46,MT-REIM,1,0,0,89,08-0046-48a1a4d9a664,800088,48a1a4d9a664d5eb49a5ef67da6b20c1517e046786f163ded33b0e58912e41f3,0.642926037311554,-1,1,0
4654de3cc2b4593076d440ba282905a7e7fd8e7e5f5bb6453ed4e617dc3c1963,MT10,official_clean,window-open-v3,8,47,MT-MLP BC,1,0,0,90,08-0047-7ef5663a6e60,800089,7ef5663a6e60686d26e43295908dfb02db8ae631c971da9519f3e8e56fffc4f9,0.0,-1,1,0
4654de3cc2b4593076d440ba282905a7e7fd8e7e5f5bb6453ed4e617dc3c1963,MT10,official_clean,window-open-v3,8,47,MT-ACT,1,0,0,87,08-0047-7ef5663a6e60,800089,7ef5663a6e60686d26e43295908dfb02db8ae631c971da9519f3e8e56fffc4f9,0.0,-1,1,0
4654de3cc2b4593076d440ba282905a7e7fd8e7e5f5bb6453ed4e617dc3c1963,MT10,official_clean,window-open-v3,8,47,MT-ACT + Heuristic-Gated Learned Recovery,1,0,0,87,08-0047-7ef5663a6e60,800089,7ef5663a6e60686d26e43295908dfb02db8ae631c971da9519f3e8e56fffc4f9,0.0,-1,1,0
4654de3cc2b4593076d440ba282905a7e7fd8e7e5f5bb6453ed4e617dc3c1963,MT10,official_clean,window-open-v3,8,47,MT-REIM,1,0,0,87,08-0047-7ef5663a6e60,800089,7ef5663a6e60686d26e43295908dfb02db8ae631c971da9519f3e8e56fffc4f9,0.634843647480011,-1,1,0
4654de3cc2b4593076d440ba282905a7e7fd8e7e5f5bb6453ed4e617dc3c1963,MT10,official_clean,window-open-v3,8,48,MT-MLP BC,1,0,0,91,08-0048-431dcd526f3a,800090,431dcd526f3acaa2a32edb68d6945edfbc73317b072187cbd5613e134a93fdb4,0.0,-1,1,0
4654de3cc2b4593076d440ba282905a7e7fd8e7e5f5bb6453ed4e617dc3c1963,MT10,official_clean,window-open-v3,8,48,MT-ACT,1,0,0,89,08-0048-431dcd526f3a,800090,431dcd526f3acaa2a32edb68d6945edfbc73317b072187cbd5613e134a93fdb4,0.0,-1,1,0
4654de3cc2b4593076d440ba282905a7e7fd8e7e5f5bb6453ed4e617dc3c1963,MT10,official_clean,window-open-v3,8,48,MT-ACT + Heuristic-Gated Learned Recovery,1,0,0,89,08-0048-431dcd526f3a,800090,431dcd526f3acaa2a32edb68d6945edfbc73317b072187cbd5613e134a93fdb4,0.0,-1,1,0
4654de3cc2b4593076d440ba282905a7e7fd8e7e5f5bb6453ed4e617dc3c1963,MT10,official_clean,window-open-v3,8,48,MT-REIM,1,0,0,89,08-0048-431dcd526f3a,800090,431dcd526f3acaa2a32edb68d6945edfbc73317b072187cbd5613e134a93fdb4,0.5390592813491821,-1,1,0
4654de3cc2b4593076d440ba282905a7e7fd8e7e5f5bb6453ed4e617dc3c1963,MT10,official_clean,window-open-v3,8,49,MT-MLP BC,1,0,0,86,08-0049-5ee226aa0328,800091,5ee226aa0328d91ebed4fa2a43941848744e7babfb6f589980b5b8e9e9fbf965,0.0,-1,1,0
4654de3cc2b4593076d440ba282905a7e7fd8e7e5f5bb6453ed4e617dc3c1963,MT10,official_clean,window-open-v3,8,49,MT-ACT,1,0,0,84,08-0049-5ee226aa0328,800091,5ee226aa0328d91ebed4fa2a43941848744e7babfb6f589980b5b8e9e9fbf965,0.0,-1,1,0
4654de3cc2b4593076d440ba282905a7e7fd8e7e5f5bb6453ed4e617dc3c1963,MT10,official_clean,window-open-v3,8,49,MT-ACT + Heuristic-Gated Learned Recovery,1,0,0,84,08-0049-5ee226aa0328,800091,5ee226aa0328d91ebed4fa2a43941848744e7babfb6f589980b5b8e9e9fbf965,0.0,-1,1,0
4654de3cc2b4593076d440ba282905a7e7fd8e7e5f5bb6453ed4e617dc3c1963,MT10,official_clean,window-open-v3,8,49,MT-REIM,1,1,1,84,08-0049-5ee226aa0328,800091,5ee226aa0328d91ebed4fa2a43941848744e7babfb6f589980b5b8e9e9fbf965,0.6633301377296448,52,1,32
4654de3cc2b4593076d440ba282905a7e7fd8e7e5f5bb6453ed4e617dc3c1963,MT10,official_clean,window-close-v3,9,0,MT-MLP BC,1,0,0,77,09-0000-bd78d3bfcf77,900042,bd78d3bfcf77a98a74b5b177fad85851dfd978c81807df8e4742341772e6ee77,0.0,-1,1,0
4654de3cc2b4593076d440ba282905a7e7fd8e7e5f5bb6453ed4e617dc3c1963,MT10,official_clean,window-close-v3,9,0,MT-ACT,1,0,0,76,09-0000-bd78d3bfcf77,900042,bd78d3bfcf77a98a74b5b177fad85851dfd978c81807df8e4742341772e6ee77,0.0,-1,1,0
4654de3cc2b4593076d440ba282905a7e7fd8e7e5f5bb6453ed4e617dc3c1963,MT10,official_clean,window-close-v3,9,0,MT-ACT + Heuristic-Gated Learned Recovery,1,0,0,76,09-0000-bd78d3bfcf77,900042,bd78d3bfcf77a98a74b5b177fad85851dfd978c81807df8e4742341772e6ee77,0.0,-1,1,0
4654de3cc2b4593076d440ba282905a7e7fd8e7e5f5bb6453ed4e617dc3c1963,MT10,official_clean,window-close-v3,9,0,MT-REIM,1,1,1,76,09-0000-bd78d3bfcf77,900042,bd78d3bfcf77a98a74b5b177fad85851dfd978c81807df8e4742341772e6ee77,0.7548393607139587,37,1,39
4654de3cc2b4593076d440ba282905a7e7fd8e7e5f5bb6453ed4e617dc3c1963,MT10,official_clean,window-close-v3,9,1,MT-MLP BC,1,0,0,82,09-0001-90f1fe27f668,900043,90f1fe27f668ad23ce47faa01a52e5d933e0c8bf0ec7eb227103f4da21eb917d,0.0,-1,1,0
4654de3cc2b4593076d440ba282905a7e7fd8e7e5f5bb6453ed4e617dc3c1963,MT10,official_clean,window-close-v3,9,1,MT-ACT,1,0,0,82,09-0001-90f1fe27f668,900043,90f1fe27f668ad23ce47faa01a52e5d933e0c8bf0ec7eb227103f4da21eb917d,0.0,-1,1,0
4654de3cc2b4593076d440ba282905a7e7fd8e7e5f5bb6453ed4e617dc3c1963,MT10,official_clean,window-close-v3,9,1,MT-ACT + Heuristic-Gated Learned Recovery,1,1,1,81,09-0001-90f1fe27f668,900043,90f1fe27f668ad23ce47faa01a52e5d933e0c8bf0ec7eb227103f4da21eb917d,0.0,59,1,22
4654de3cc2b4593076d440ba282905a7e7fd8e7e5f5bb6453ed4e617dc3c1963,MT10,official_clean,window-close-v3,9,1,MT-REIM,1,1,1,81,09-0001-90f1fe27f668,900043,90f1fe27f668ad23ce47faa01a52e5d933e0c8bf0ec7eb227103f4da21eb917d,0.653615415096283,54,1,27
4654de3cc2b4593076d440ba282905a7e7fd8e7e5f5bb6453ed4e617dc3c1963,MT10,official_clean,window-close-v3,9,2,MT-MLP BC,1,0,0,81,09-0002-b002428a3370,900044,b002428a3370490a8ccacb218bf95a01ce0ebe099b4ea93b55acfb1279375e61,0.0,-1,1,0
4654de3cc2b4593076d440ba282905a7e7fd8e7e5f5bb6453ed4e617dc3c1963,MT10,official_clean,window-close-v3,9,2,MT-ACT,1,0,0,81,09-0002-b002428a3370,900044,b002428a3370490a8ccacb218bf95a01ce0ebe099b4ea93b55acfb1279375e61,0.0,-1,1,0
4654de3cc2b4593076d440ba282905a7e7fd8e7e5f5bb6453ed4e617dc3c1963,MT10,official_clean,window-close-v3,9,2,MT-ACT + Heuristic-Gated Learned Recovery,1,0,0,81,09-0002-b002428a3370,900044,b002428a3370490a8ccacb218bf95a01ce0ebe099b4ea93b55acfb1279375e61,0.0,-1,1,0
4654de3cc2b4593076d440ba282905a7e7fd8e7e5f5bb6453ed4e617dc3c1963,MT10,official_clean,window-close-v3,9,2,MT-REIM,1,1,1,80,09-0002-b002428a3370,900044,b002428a3370490a8ccacb218bf95a01ce0ebe099b4ea93b55acfb1279375e61,0.6700126528739929,50,1,30
4654de3cc2b4593076d440ba282905a7e7fd8e7e5f5bb6453ed4e617dc3c1963,MT10,official_clean,window-close-v3,9,3,MT-MLP BC,1,0,0,79,09-0003-4681d606ade5,900045,4681d606ade580435f1cf05ba1a9d595f6960c0c5c5713eb0e157ba337599394,0.0,-1,1,0
4654de3cc2b4593076d440ba282905a7e7fd8e7e5f5bb6453ed4e617dc3c1963,MT10,official_clean,window-close-v3,9,3,MT-ACT,1,0,0,78,09-0003-4681d606ade5,900045,4681d606ade580435f1cf05ba1a9d595f6960c0c5c5713eb0e157ba337599394,0.0,-1,1,0
4654de3cc2b4593076d440ba282905a7e7fd8e7e5f5bb6453ed4e617dc3c1963,MT10,official_clean,window-close-v3,9,3,MT-ACT + Heuristic-Gated Learned Recovery,1,0,0,78,09-0003-4681d606ade5,900045,4681d606ade580435f1cf05ba1a9d595f6960c0c5c5713eb0e157ba337599394,0.0,-1,1,0
4654de3cc2b4593076d440ba282905a7e7fd8e7e5f5bb6453ed4e617dc3c1963,MT10,official_clean,window-close-v3,9,3,MT-REIM,1,1,1,78,09-0003-4681d606ade5,900045,4681d606ade580435f1cf05ba1a9d595f6960c0c5c5713eb0e157ba337599394,0.7171810865402222,43,1,35
4654de3cc2b4593076d440ba282905a7e7fd8e7e5f5bb6453ed4e617dc3c1963,MT10,official_clean,window-close-v3,9,4,MT-MLP BC,1,0,0,78,09-0004-e10c637b5db5,900046,e10c637b5db5526c2430a267d8f03b411128a8324114d152355e50fec60f5ce7,0.0,-1,1,0
4654de3cc2b4593076d440ba282905a7e7fd8e7e5f5bb6453ed4e617dc3c1963,MT10,official_clean,window-close-v3,9,4,MT-ACT,1,0,0,77,09-0004-e10c637b5db5,900046,e10c637b5db5526c2430a267d8f03b411128a8324114d152355e50fec60f5ce7,0.0,-1,1,0
4654de3cc2b4593076d440ba282905a7e7fd8e7e5f5bb6453ed4e617dc3c1963,MT10,official_clean,window-close-v3,9,4,MT-ACT + Heuristic-Gated Learned Recovery,1,0,0,77,09-0004-e10c637b5db5,900046,e10c637b5db5526c2430a267d8f03b411128a8324114d152355e50fec60f5ce7,0.0,-1,1,0
4654de3cc2b4593076d440ba282905a7e7fd8e7e5f5bb6453ed4e617dc3c1963,MT10,official_clean,window-close-v3,9,4,MT-REIM,1,1,1,76,09-0004-e10c637b5db5,900046,e10c637b5db5526c2430a267d8f03b411128a8324114d152355e50fec60f5ce7,0.7384479641914368,40,1,36
4654de3cc2b4593076d440ba282905a7e7fd8e7e5f5bb6453ed4e617dc3c1963,MT10,official_clean,window-close-v3,9,5,MT-MLP BC,1,0,0,86,09-0005-a22eddedb3fa,900047,a22eddedb3fad9f0f81ec8bba083529a07bb3f62c5605487408d46d8029b751a,0.0,-1,1,0
4654de3cc2b4593076d440ba282905a7e7fd8e7e5f5bb6453ed4e617dc3c1963,MT10,official_clean,window-close-v3,9,5,MT-ACT,1,0,0,86,09-0005-a22eddedb3fa,900047,a22eddedb3fad9f0f81ec8bba083529a07bb3f62c5605487408d46d8029b751a,0.0,-1,1,0
4654de3cc2b4593076d440ba282905a7e7fd8e7e5f5bb6453ed4e617dc3c1963,MT10,official_clean,window-close-v3,9,5,MT-ACT + Heuristic-Gated Learned Recovery,1,1,1,86,09-0005-a22eddedb3fa,900047,a22eddedb3fad9f0f81ec8bba083529a07bb3f62c5605487408d46d8029b751a,0.0,62,1,24
4654de3cc2b4593076d440ba282905a7e7fd8e7e5f5bb6453ed4e617dc3c1963,MT10,official_clean,window-close-v3,9,5,MT-REIM,1,0,0,86,09-0005-a22eddedb3fa,900047,a22eddedb3fad9f0f81ec8bba083529a07bb3f62c5605487408d46d8029b751a,0.601880669593811,-1,1,0
4654de3cc2b4593076d440ba282905a7e7fd8e7e5f5bb6453ed4e617dc3c1963,MT10,official_clean,window-close-v3,9,6,MT-MLP BC,1,0,0,84,09-0006-c6bbc5d5d56d,900048,c6bbc5d5d56da8ad41c553bd723b3db93161a1e135583e52ea844c35fb954b6d,0.0,-1,1,0
4654de3cc2b4593076d440ba282905a7e7fd8e7e5f5bb6453ed4e617dc3c1963,MT10,official_clean,window-close-v3,9,6,MT-ACT,1,0,0,84,09-0006-c6bbc5d5d56d,900048,c6bbc5d5d56da8ad41c553bd723b3db93161a1e135583e52ea844c35fb954b6d,0.0,-1,1,0
4654de3cc2b4593076d440ba282905a7e7fd8e7e5f5bb6453ed4e617dc3c1963,MT10,official_clean,window-close-v3,9,6,MT-ACT + Heuristic-Gated Learned Recovery,1,1,1,84,09-0006-c6bbc5d5d56d,900048,c6bbc5d5d56da8ad41c553bd723b3db93161a1e135583e52ea844c35fb954b6d,0.0,61,1,23
4654de3cc2b4593076d440ba282905a7e7fd8e7e5f5bb6453ed4e617dc3c1963,MT10,official_clean,window-close-v3,9,6,MT-REIM,1,0,0,84,09-0006-c6bbc5d5d56d,900048,c6bbc5d5d56da8ad41c553bd723b3db93161a1e135583e52ea844c35fb954b6d,0.6338779926300049,-1,1,0
4654de3cc2b4593076d440ba282905a7e7fd8e7e5f5bb6453ed4e617dc3c1963,MT10,official_clean,window-close-v3,9,7,MT-MLP BC,1,0,0,80,09-0007-4610393c15de,900049,4610393c15deee673d78bd96b494480e8b9ca7c3ea29b05d782ad6cf8bd60e64,0.0,-1,1,0
4654de3cc2b4593076d440ba282905a7e7fd8e7e5f5bb6453ed4e617dc3c1963,MT10,official_clean,window-close-v3,9,7,MT-ACT,1,0,0,80,09-0007-4610393c15de,900049,4610393c15deee673d78bd96b494480e8b9ca7c3ea29b05d782ad6cf8bd60e64,0.0,-1,1,0
4654de3cc2b4593076d440ba282905a7e7fd8e7e5f5bb6453ed4e617dc3c1963,MT10,official_clean,window-close-v3,9,7,MT-ACT + Heuristic-Gated Learned Recovery,1,0,0,80,09-0007-4610393c15de,900049,4610393c15deee673d78bd96b494480e8b9ca7c3ea29b05d782ad6cf8bd60e64,0.0,-1,1,0
4654de3cc2b4593076d440ba282905a7e7fd8e7e5f5bb6453ed4e617dc3c1963,MT10,official_clean,window-close-v3,9,7,MT-REIM,1,1,1,80,09-0007-4610393c15de,900049,4610393c15deee673d78bd96b494480e8b9ca7c3ea29b05d782ad6cf8bd60e64,0.6848804354667664,48,1,32
4654de3cc2b4593076d440ba282905a7e7fd8e7e5f5bb6453ed4e617dc3c1963,MT10,official_clean,window-close-v3,9,8,MT-MLP BC,1,0,0,88,09-0008-d1346940a106,900050,d1346940a1062845891ab99fbf488daa656bbe12d436e7a0606cfc98004a925f,0.0,-1,1,0
4654de3cc2b4593076d440ba282905a7e7fd8e7e5f5bb6453ed4e617dc3c1963,MT10,official_clean,window-close-v3,9,8,MT-ACT,1,0,0,87,09-0008-d1346940a106,900050,d1346940a1062845891ab99fbf488daa656bbe12d436e7a0606cfc98004a925f,0.0,-1,1,0
4654de3cc2b4593076d440ba282905a7e7fd8e7e5f5bb6453ed4e617dc3c1963,MT10,official_clean,window-close-v3,9,8,MT-ACT + Heuristic-Gated Learned Recovery,1,1,1,87,09-0008-d1346940a106,900050,d1346940a1062845891ab99fbf488daa656bbe12d436e7a0606cfc98004a925f,0.0,63,1,24
4654de3cc2b4593076d440ba282905a7e7fd8e7e5f5bb6453ed4e617dc3c1963,MT10,official_clean,window-close-v3,9,8,MT-REIM,1,0,0,87,09-0008-d1346940a106,900050,d1346940a1062845891ab99fbf488daa656bbe12d436e7a0606cfc98004a925f,0.5749922394752502,-1,1,0
4654de3cc2b4593076d440ba282905a7e7fd8e7e5f5bb6453ed4e617dc3c1963,MT10,official_clean,window-close-v3,9,9,MT-MLP BC,1,0,0,88,09-0009-0cf213b39861,900051,0cf213b39861fa4c4ac2d4817bcb502b23924ff6446aa010e355ccfafd4378c0,0.0,-1,1,0
4654de3cc2b4593076d440ba282905a7e7fd8e7e5f5bb6453ed4e617dc3c1963,MT10,official_clean,window-close-v3,9,9,MT-ACT,1,0,0,87,09-0009-0cf213b39861,900051,0cf213b39861fa4c4ac2d4817bcb502b23924ff6446aa010e355ccfafd4378c0,0.0,-1,1,0
4654de3cc2b4593076d440ba282905a7e7fd8e7e5f5bb6453ed4e617dc3c1963,MT10,official_clean,window-close-v3,9,9,MT-ACT + Heuristic-Gated Learned Recovery,1,1,1,87,09-0009-0cf213b39861,900051,0cf213b39861fa4c4ac2d4817bcb502b23924ff6446aa010e355ccfafd4378c0,0.0,63,1,24
4654de3cc2b4593076d440ba282905a7e7fd8e7e5f5bb6453ed4e617dc3c1963,MT10,official_clean,window-close-v3,9,9,MT-REIM,1,0,0,87,09-0009-0cf213b39861,900051,0cf213b39861fa4c4ac2d4817bcb502b23924ff6446aa010e355ccfafd4378c0,0.5811169147491455,-1,1,0
4654de3cc2b4593076d440ba282905a7e7fd8e7e5f5bb6453ed4e617dc3c1963,MT10,official_clean,window-close-v3,9,10,MT-MLP BC,1,0,0,81,09-0010-bc2a2722e3ab,900052,bc2a2722e3abed09008a268ffac8af0a9ffd59191fb761127f2f3f161506acc3,0.0,-1,1,0
4654de3cc2b4593076d440ba282905a7e7fd8e7e5f5bb6453ed4e617dc3c1963,MT10,official_clean,window-close-v3,9,10,MT-ACT,1,0,0,80,09-0010-bc2a2722e3ab,900052,bc2a2722e3abed09008a268ffac8af0a9ffd59191fb761127f2f3f161506acc3,0.0,-1,1,0
4654de3cc2b4593076d440ba282905a7e7fd8e7e5f5bb6453ed4e617dc3c1963,MT10,official_clean,window-close-v3,9,10,MT-ACT + Heuristic-Gated Learned Recovery,1,0,0,80,09-0010-bc2a2722e3ab,900052,bc2a2722e3abed09008a268ffac8af0a9ffd59191fb761127f2f3f161506acc3,0.0,-1,1,0
4654de3cc2b4593076d440ba282905a7e7fd8e7e5f5bb6453ed4e617dc3c1963,MT10,official_clean,window-close-v3,9,10,MT-REIM,1,1,1,80,09-0010-bc2a2722e3ab,900052,bc2a2722e3abed09008a268ffac8af0a9ffd59191fb761127f2f3f161506acc3,0.6759156584739685,49,1,31
4654de3cc2b4593076d440ba282905a7e7fd8e7e5f5bb6453ed4e617dc3c1963,MT10,official_clean,window-close-v3,9,11,MT-MLP BC,1,0,0,79,09-0011-4a59b655c768,900053,4a59b655c768aa246934a825ade6e1fa87b82148aa1420174410b2c166b75442,0.0,-1,1,0
4654de3cc2b4593076d440ba282905a7e7fd8e7e5f5bb6453ed4e617dc3c1963,MT10,official_clean,window-close-v3,9,11,MT-ACT,1,0,0,78,09-0011-4a59b655c768,900053,4a59b655c768aa246934a825ade6e1fa87b82148aa1420174410b2c166b75442,0.0,-1,1,0
4654de3cc2b4593076d440ba282905a7e7fd8e7e5f5bb6453ed4e617dc3c1963,MT10,official_clean,window-close-v3,9,11,MT-ACT + Heuristic-Gated Learned Recovery,1,0,0,78,09-0011-4a59b655c768,900053,4a59b655c768aa246934a825ade6e1fa87b82148aa1420174410b2c166b75442,0.0,-1,1,0
4654de3cc2b4593076d440ba282905a7e7fd8e7e5f5bb6453ed4e617dc3c1963,MT10,official_clean,window-close-v3,9,11,MT-REIM,1,1,1,77,09-0011-4a59b655c768,900053,4a59b655c768aa246934a825ade6e1fa87b82148aa1420174410b2c166b75442,0.7214775085449219,42,1,35
4654de3cc2b4593076d440ba282905a7e7fd8e7e5f5bb6453ed4e617dc3c1963,MT10,official_clean,window-close-v3,9,12,MT-MLP BC,1,0,0,78,09-0012-7458aecab982,900054,7458aecab98212d5d2199f8a1f6f89816f8b159f75b333ffee81efca424ad8ec,0.0,-1,1,0
4654de3cc2b4593076d440ba282905a7e7fd8e7e5f5bb6453ed4e617dc3c1963,MT10,official_clean,window-close-v3,9,12,MT-ACT,1,0,0,77,09-0012-7458aecab982,900054,7458aecab98212d5d2199f8a1f6f89816f8b159f75b333ffee81efca424ad8ec,0.0,-1,1,0
4654de3cc2b4593076d440ba282905a7e7fd8e7e5f5bb6453ed4e617dc3c1963,MT10,official_clean,window-close-v3,9,12,MT-ACT + Heuristic-Gated Learned Recovery,1,0,0,77,09-0012-7458aecab982,900054,7458aecab98212d5d2199f8a1f6f89816f8b159f75b333ffee81efca424ad8ec,0.0,-1,1,0
4654de3cc2b4593076d440ba282905a7e7fd8e7e5f5bb6453ed4e617dc3c1963,MT10,official_clean,window-close-v3,9,12,MT-REIM,1,1,1,77,09-0012-7458aecab982,900054,7458aecab98212d5d2199f8a1f6f89816f8b159f75b333ffee81efca424ad8ec,0.7372307777404785,40,1,37
4654de3cc2b4593076d440ba282905a7e7fd8e7e5f5bb6453ed4e617dc3c1963,MT10,official_clean,window-close-v3,9,13,MT-MLP BC,1,0,0,85,09-0013-045342ea977d,900055,045342ea977d61e9acc404c6e9f0e0554883360e6e85495efedc4b78763ce30a,0.0,-1,1,0
4654de3cc2b4593076d440ba282905a7e7fd8e7e5f5bb6453ed4e617dc3c1963,MT10,official_clean,window-close-v3,9,13,MT-ACT,1,0,0,85,09-0013-045342ea977d,900055,045342ea977d61e9acc404c6e9f0e0554883360e6e85495efedc4b78763ce30a,0.0,-1,1,0
4654de3cc2b4593076d440ba282905a7e7fd8e7e5f5bb6453ed4e617dc3c1963,MT10,official_clean,window-close-v3,9,13,MT-ACT + Heuristic-Gated Learned Recovery,1,1,1,85,09-0013-045342ea977d,900055,045342ea977d61e9acc404c6e9f0e0554883360e6e85495efedc4b78763ce30a,0.0,61,1,24
4654de3cc2b4593076d440ba282905a7e7fd8e7e5f5bb6453ed4e617dc3c1963,MT10,official_clean,window-close-v3,9,13,MT-REIM,1,0,0,85,09-0013-045342ea977d,900055,045342ea977d61e9acc404c6e9f0e0554883360e6e85495efedc4b78763ce30a,0.617991030216217,-1,1,0
4654de3cc2b4593076d440ba282905a7e7fd8e7e5f5bb6453ed4e617dc3c1963,MT10,official_clean,window-close-v3,9,14,MT-MLP BC,1,0,0,84,09-0014-61316649df6b,900056,61316649df6bd6bf04409faccc6abc4b55059a6a03aec2d402542abcb77f2344,0.0,-1,1,0
4654de3cc2b4593076d440ba282905a7e7fd8e7e5f5bb6453ed4e617dc3c1963,MT10,official_clean,window-close-v3,9,14,MT-ACT,1,0,0,84,09-0014-61316649df6b,900056,61316649df6bd6bf04409faccc6abc4b55059a6a03aec2d402542abcb77f2344,0.0,-1,1,0
4654de3cc2b4593076d440ba282905a7e7fd8e7e5f5bb6453ed4e617dc3c1963,MT10,official_clean,window-close-v3,9,14,MT-ACT + Heuristic-Gated Learned Recovery,1,1,1,84,09-0014-61316649df6b,900056,61316649df6bd6bf04409faccc6abc4b55059a6a03aec2d402542abcb77f2344,0.0,61,1,23
4654de3cc2b4593076d440ba282905a7e7fd8e7e5f5bb6453ed4e617dc3c1963,MT10,official_clean,window-close-v3,9,14,MT-REIM,1,0,0,84,09-0014-61316649df6b,900056,61316649df6bd6bf04409faccc6abc4b55059a6a03aec2d402542abcb77f2344,0.6299495100975037,-1,1,0
4654de3cc2b4593076d440ba282905a7e7fd8e7e5f5bb6453ed4e617dc3c1963,MT10,official_clean,window-close-v3,9,15,MT-MLP BC,1,0,0,78,09-0015-c2e1338af78f,900057,c2e1338af78f0a9d5fdc297dafd9434b296788a9e2dc56f17b3c1d3ce607e2d7,0.0,-1,1,0
4654de3cc2b4593076d440ba282905a7e7fd8e7e5f5bb6453ed4e617dc3c1963,MT10,official_clean,window-close-v3,9,15,MT-ACT,1,0,0,77,09-0015-c2e1338af78f,900057,c2e1338af78f0a9d5fdc297dafd9434b296788a9e2dc56f17b3c1d3ce607e2d7,0.0,-1,1,0
4654de3cc2b4593076d440ba282905a7e7fd8e7e5f5bb6453ed4e617dc3c1963,MT10,official_clean,window-close-v3,9,15,MT-ACT + Heuristic-Gated Learned Recovery,1,0,0,77,09-0015-c2e1338af78f,900057,c2e1338af78f0a9d5fdc297dafd9434b296788a9e2dc56f17b3c1d3ce607e2d7,0.0,-1,1,0
4654de3cc2b4593076d440ba282905a7e7fd8e7e5f5bb6453ed4e617dc3c1963,MT10,official_clean,window-close-v3,9,15,MT-REIM,1,1,1,77,09-0015-c2e1338af78f,900057,c2e1338af78f0a9d5fdc297dafd9434b296788a9e2dc56f17b3c1d3ce607e2d7,0.7337695360183716,40,1,37
4654de3cc2b4593076d440ba282905a7e7fd8e7e5f5bb6453ed4e617dc3c1963,MT10,official_clean,window-close-v3,9,16,MT-MLP BC,1,0,0,88,09-0016-2918c4841d5f,900058,2918c4841d5f2ebae4cd1c2710b824391ad17009a7d9846d02eff395f8703f8c,0.0,-1,1,0
4654de3cc2b4593076d440ba282905a7e7fd8e7e5f5bb6453ed4e617dc3c1963,MT10,official_clean,window-close-v3,9,16,MT-ACT,1,0,0,87,09-0016-2918c4841d5f,900058,2918c4841d5f2ebae4cd1c2710b824391ad17009a7d9846d02eff395f8703f8c,0.0,-1,1,0
4654de3cc2b4593076d440ba282905a7e7fd8e7e5f5bb6453ed4e617dc3c1963,MT10,official_clean,window-close-v3,9,16,MT-ACT + Heuristic-Gated Learned Recovery,1,1,1,87,09-0016-2918c4841d5f,900058,2918c4841d5f2ebae4cd1c2710b824391ad17009a7d9846d02eff395f8703f8c,0.0,63,1,24
4654de3cc2b4593076d440ba282905a7e7fd8e7e5f5bb6453ed4e617dc3c1963,MT10,official_clean,window-close-v3,9,16,MT-REIM,1,0,0,87,09-0016-2918c4841d5f,900058,2918c4841d5f2ebae4cd1c2710b824391ad17009a7d9846d02eff395f8703f8c,0.5757570266723633,-1,1,0
4654de3cc2b4593076d440ba282905a7e7fd8e7e5f5bb6453ed4e617dc3c1963,MT10,official_clean,window-close-v3,9,17,MT-MLP BC,1,0,0,76,09-0017-31ca06263b71,900059,31ca06263b71b25d1369d133e34e1c498201a10251da993e12306e4bb9e121d0,0.0,-1,1,0
4654de3cc2b4593076d440ba282905a7e7fd8e7e5f5bb6453ed4e617dc3c1963,MT10,official_clean,window-close-v3,9,17,MT-ACT,1,0,0,75,09-0017-31ca06263b71,900059,31ca06263b71b25d1369d133e34e1c498201a10251da993e12306e4bb9e121d0,0.0,-1,1,0
4654de3cc2b4593076d440ba282905a7e7fd8e7e5f5bb6453ed4e617dc3c1963,MT10,official_clean,window-close-v3,9,17,MT-ACT + Heuristic-Gated Learned Recovery,1,0,0,75,09-0017-31ca06263b71,900059,31ca06263b71b25d1369d133e34e1c498201a10251da993e12306e4bb9e121d0,0.0,-1,1,0
4654de3cc2b4593076d440ba282905a7e7fd8e7e5f5bb6453ed4e617dc3c1963,MT10,official_clean,window-close-v3,9,17,MT-REIM,1,1,1,75,09-0017-31ca06263b71,900059,31ca06263b71b25d1369d133e34e1c498201a10251da993e12306e4bb9e121d0,0.7570967674255371,37,1,38
4654de3cc2b4593076d440ba282905a7e7fd8e7e5f5bb6453ed4e617dc3c1963,MT10,official_clean,window-close-v3,9,18,MT-MLP BC,1,0,0,80,09-0018-0f8baa81bf22,900060,0f8baa81bf22af5afba775b66f4187a69493030b59988e158f4ed6d57c9835c4,0.0,-1,1,0
4654de3cc2b4593076d440ba282905a7e7fd8e7e5f5bb6453ed4e617dc3c1963,MT10,official_clean,window-close-v3,9,18,MT-ACT,1,0,0,79,09-0018-0f8baa81bf22,900060,0f8baa81bf22af5afba775b66f4187a69493030b59988e158f4ed6d57c9835c4,0.0,-1,1,0
4654de3cc2b4593076d440ba282905a7e7fd8e7e5f5bb6453ed4e617dc3c1963,MT10,official_clean,window-close-v3,9,18,MT-ACT + Heuristic-Gated Learned Recovery,1,0,0,79,09-0018-0f8baa81bf22,900060,0f8baa81bf22af5afba775b66f4187a69493030b59988e158f4ed6d57c9835c4,0.0,-1,1,0
4654de3cc2b4593076d440ba282905a7e7fd8e7e5f5bb6453ed4e617dc3c1963,MT10,official_clean,window-close-v3,9,18,MT-REIM,1,1,1,79,09-0018-0f8baa81bf22,900060,0f8baa81bf22af5afba775b66f4187a69493030b59988e158f4ed6d57c9835c4,0.6993842720985413,45,1,34
4654de3cc2b4593076d440ba282905a7e7fd8e7e5f5bb6453ed4e617dc3c1963,MT10,official_clean,window-close-v3,9,19,MT-MLP BC,1,0,0,76,09-0019-dec433d2afcf,900061,dec433d2afcfd83dc6c35e7324978859ca98a9aeb7887663ab03f0d6f5818fda,0.0,-1,1,0
4654de3cc2b4593076d440ba282905a7e7fd8e7e5f5bb6453ed4e617dc3c1963,MT10,official_clean,window-close-v3,9,19,MT-ACT,1,0,0,75,09-0019-dec433d2afcf,900061,dec433d2afcfd83dc6c35e7324978859ca98a9aeb7887663ab03f0d6f5818fda,0.0,-1,1,0
4654de3cc2b4593076d440ba282905a7e7fd8e7e5f5bb6453ed4e617dc3c1963,MT10,official_clean,window-close-v3,9,19,MT-ACT + Heuristic-Gated Learned Recovery,1,0,0,75,09-0019-dec433d2afcf,900061,dec433d2afcfd83dc6c35e7324978859ca98a9aeb7887663ab03f0d6f5818fda,0.0,-1,1,0
4654de3cc2b4593076d440ba282905a7e7fd8e7e5f5bb6453ed4e617dc3c1963,MT10,official_clean,window-close-v3,9,19,MT-REIM,1,1,1,75,09-0019-dec433d2afcf,900061,dec433d2afcfd83dc6c35e7324978859ca98a9aeb7887663ab03f0d6f5818fda,0.7577857375144958,37,1,38
4654de3cc2b4593076d440ba282905a7e7fd8e7e5f5bb6453ed4e617dc3c1963,MT10,official_clean,window-close-v3,9,20,MT-MLP BC,1,0,0,77,09-0020-e1f7b40cc040,900062,e1f7b40cc040e40d9242f2b3475a82f2e0ccfced957cbd7e36eecf22faef9d77,0.0,-1,1,0
4654de3cc2b4593076d440ba282905a7e7fd8e7e5f5bb6453ed4e617dc3c1963,MT10,official_clean,window-close-v3,9,20,MT-ACT,1,0,0,76,09-0020-e1f7b40cc040,900062,e1f7b40cc040e40d9242f2b3475a82f2e0ccfced957cbd7e36eecf22faef9d77,0.0,-1,1,0
4654de3cc2b4593076d440ba282905a7e7fd8e7e5f5bb6453ed4e617dc3c1963,MT10,official_clean,window-close-v3,9,20,MT-ACT + Heuristic-Gated Learned Recovery,1,0,0,76,09-0020-e1f7b40cc040,900062,e1f7b40cc040e40d9242f2b3475a82f2e0ccfced957cbd7e36eecf22faef9d77,0.0,-1,1,0
4654de3cc2b4593076d440ba282905a7e7fd8e7e5f5bb6453ed4e617dc3c1963,MT10,official_clean,window-close-v3,9,20,MT-REIM,1,1,1,76,09-0020-e1f7b40cc040,900062,e1f7b40cc040e40d9242f2b3475a82f2e0ccfced957cbd7e36eecf22faef9d77,0.7508707642555237,38,1,38
4654de3cc2b4593076d440ba282905a7e7fd8e7e5f5bb6453ed4e617dc3c1963,MT10,official_clean,window-close-v3,9,21,MT-MLP BC,1,0,0,86,09-0021-3eefce240874,900063,3eefce240874b8af3e087fe5dab57edb95b0eb8f6f458c16561f27c363885a21,0.0,-1,1,0
4654de3cc2b4593076d440ba282905a7e7fd8e7e5f5bb6453ed4e617dc3c1963,MT10,official_clean,window-close-v3,9,21,MT-ACT,1,0,0,85,09-0021-3eefce240874,900063,3eefce240874b8af3e087fe5dab57edb95b0eb8f6f458c16561f27c363885a21,0.0,-1,1,0
4654de3cc2b4593076d440ba282905a7e7fd8e7e5f5bb6453ed4e617dc3c1963,MT10,official_clean,window-close-v3,9,21,MT-ACT + Heuristic-Gated Learned Recovery,1,1,1,85,09-0021-3eefce240874,900063,3eefce240874b8af3e087fe5dab57edb95b0eb8f6f458c16561f27c363885a21,0.0,62,1,23
4654de3cc2b4593076d440ba282905a7e7fd8e7e5f5bb6453ed4e617dc3c1963,MT10,official_clean,window-close-v3,9,21,MT-REIM,1,0,0,85,09-0021-3eefce240874,900063,3eefce240874b8af3e087fe5dab57edb95b0eb8f6f458c16561f27c363885a21,0.6078166961669922,-1,1,0
4654de3cc2b4593076d440ba282905a7e7fd8e7e5f5bb6453ed4e617dc3c1963,MT10,official_clean,window-close-v3,9,22,MT-MLP BC,1,0,0,81,09-0022-fe24bca936e4,900064,fe24bca936e460e54eb2d50fb157d534d51a7edfceac35d93287ef2b338f5660,0.0,-1,1,0
4654de3cc2b4593076d440ba282905a7e7fd8e7e5f5bb6453ed4e617dc3c1963,MT10,official_clean,window-close-v3,9,22,MT-ACT,1,0,0,80,09-0022-fe24bca936e4,900064,fe24bca936e460e54eb2d50fb157d534d51a7edfceac35d93287ef2b338f5660,0.0,-1,1,0
4654de3cc2b4593076d440ba282905a7e7fd8e7e5f5bb6453ed4e617dc3c1963,MT10,official_clean,window-close-v3,9,22,MT-ACT + Heuristic-Gated Learned Recovery,1,0,0,80,09-0022-fe24bca936e4,900064,fe24bca936e460e54eb2d50fb157d534d51a7edfceac35d93287ef2b338f5660,0.0,-1,1,0
4654de3cc2b4593076d440ba282905a7e7fd8e7e5f5bb6453ed4e617dc3c1963,MT10,official_clean,window-close-v3,9,22,MT-REIM,1,1,1,80,09-0022-fe24bca936e4,900064,fe24bca936e460e54eb2d50fb157d534d51a7edfceac35d93287ef2b338f5660,0.6719084978103638,50,1,30
4654de3cc2b4593076d440ba282905a7e7fd8e7e5f5bb6453ed4e617dc3c1963,MT10,official_clean,window-close-v3,9,23,MT-MLP BC,1,0,0,78,09-0023-3599d35fede3,900065,3599d35fede37dc236f900c50884a5cf2e99e1f0a3b28e156164a54e35b01668,0.0,-1,1,0
4654de3cc2b4593076d440ba282905a7e7fd8e7e5f5bb6453ed4e617dc3c1963,MT10,official_clean,window-close-v3,9,23,MT-ACT,1,0,0,77,09-0023-3599d35fede3,900065,3599d35fede37dc236f900c50884a5cf2e99e1f0a3b28e156164a54e35b01668,0.0,-1,1,0
4654de3cc2b4593076d440ba282905a7e7fd8e7e5f5bb6453ed4e617dc3c1963,MT10,official_clean,window-close-v3,9,23,MT-ACT + Heuristic-Gated Learned Recovery,1,0,0,77,09-0023-3599d35fede3,900065,3599d35fede37dc236f900c50884a5cf2e99e1f0a3b28e156164a54e35b01668,0.0,-1,1,0
4654de3cc2b4593076d440ba282905a7e7fd8e7e5f5bb6453ed4e617dc3c1963,MT10,official_clean,window-close-v3,9,23,MT-REIM,1,1,1,76,09-0023-3599d35fede3,900065,3599d35fede37dc236f900c50884a5cf2e99e1f0a3b28e156164a54e35b01668,0.7414712309837341,39,1,37
4654de3cc2b4593076d440ba282905a7e7fd8e7e5f5bb6453ed4e617dc3c1963,MT10,official_clean,window-close-v3,9,24,MT-MLP BC,1,0,0,81,09-0024-ebc65002e65c,900066,ebc65002e65c2bcbbac4d6f3128ef3564e08ff3f4dd335b21d645986a8e1fc20,0.0,-1,1,0
4654de3cc2b4593076d440ba282905a7e7fd8e7e5f5bb6453ed4e617dc3c1963,MT10,official_clean,window-close-v3,9,24,MT-ACT,1,0,0,80,09-0024-ebc65002e65c,900066,ebc65002e65c2bcbbac4d6f3128ef3564e08ff3f4dd335b21d645986a8e1fc20,0.0,-1,1,0
4654de3cc2b4593076d440ba282905a7e7fd8e7e5f5bb6453ed4e617dc3c1963,MT10,official_clean,window-close-v3,9,24,MT-ACT + Heuristic-Gated Learned Recovery,1,0,0,80,09-0024-ebc65002e65c,900066,ebc65002e65c2bcbbac4d6f3128ef3564e08ff3f4dd335b21d645986a8e1fc20,0.0,-1,1,0
4654de3cc2b4593076d440ba282905a7e7fd8e7e5f5bb6453ed4e617dc3c1963,MT10,official_clean,window-close-v3,9,24,MT-REIM,1,1,1,80,09-0024-ebc65002e65c,900066,ebc65002e65c2bcbbac4d6f3128ef3564e08ff3f4dd335b21d645986a8e1fc20,0.6783117055892944,49,1,31
4654de3cc2b4593076d440ba282905a7e7fd8e7e5f5bb6453ed4e617dc3c1963,MT10,official_clean,window-close-v3,9,25,MT-MLP BC,1,0,0,79,09-0025-f85a7aaf48bf,900067,f85a7aaf48bf404bad0606020c7eee0e2ef129bed5e25e02f2fb8b6b4f576b3b,0.0,-1,1,0
4654de3cc2b4593076d440ba282905a7e7fd8e7e5f5bb6453ed4e617dc3c1963,MT10,official_clean,window-close-v3,9,25,MT-ACT,1,0,0,78,09-0025-f85a7aaf48bf,900067,f85a7aaf48bf404bad0606020c7eee0e2ef129bed5e25e02f2fb8b6b4f576b3b,0.0,-1,1,0
4654de3cc2b4593076d440ba282905a7e7fd8e7e5f5bb6453ed4e617dc3c1963,MT10,official_clean,window-close-v3,9,25,MT-ACT + Heuristic-Gated Learned Recovery,1,0,0,78,09-0025-f85a7aaf48bf,900067,f85a7aaf48bf404bad0606020c7eee0e2ef129bed5e25e02f2fb8b6b4f576b3b,0.0,-1,1,0
4654de3cc2b4593076d440ba282905a7e7fd8e7e5f5bb6453ed4e617dc3c1963,MT10,official_clean,window-close-v3,9,25,MT-REIM,1,1,1,78,09-0025-f85a7aaf48bf,900067,f85a7aaf48bf404bad0606020c7eee0e2ef129bed5e25e02f2fb8b6b4f576b3b,0.7120844125747681,43,1,35
4654de3cc2b4593076d440ba282905a7e7fd8e7e5f5bb6453ed4e617dc3c1963,MT10,official_clean,window-close-v3,9,26,MT-MLP BC,1,0,0,79,09-0026-499739e91492,900068,499739e91492f073b8e525ed0bc7de46fec83d40735dbd2df206a84e40b16746,0.0,-1,1,0
4654de3cc2b4593076d440ba282905a7e7fd8e7e5f5bb6453ed4e617dc3c1963,MT10,official_clean,window-close-v3,9,26,MT-ACT,1,0,0,78,09-0026-499739e91492,900068,499739e91492f073b8e525ed0bc7de46fec83d40735dbd2df206a84e40b16746,0.0,-1,1,0
4654de3cc2b4593076d440ba282905a7e7fd8e7e5f5bb6453ed4e617dc3c1963,MT10,official_clean,window-close-v3,9,26,MT-ACT + Heuristic-Gated Learned Recovery,1,0,0,78,09-0026-499739e91492,900068,499739e91492f073b8e525ed0bc7de46fec83d40735dbd2df206a84e40b16746,0.0,-1,1,0
4654de3cc2b4593076d440ba282905a7e7fd8e7e5f5bb6453ed4e617dc3c1963,MT10,official_clean,window-close-v3,9,26,MT-REIM,1,1,1,77,09-0026-499739e91492,900068,499739e91492f073b8e525ed0bc7de46fec83d40735dbd2df206a84e40b16746,0.7277377247810364,41,1,36
4654de3cc2b4593076d440ba282905a7e7fd8e7e5f5bb6453ed4e617dc3c1963,MT10,official_clean,window-close-v3,9,27,MT-MLP BC,1,0,0,77,09-0027-6f9c7f41dc5d,900069,6f9c7f41dc5d35f25a12f27a7407345c49adc25df783a77194148618ab003678,0.0,-1,1,0
4654de3cc2b4593076d440ba282905a7e7fd8e7e5f5bb6453ed4e617dc3c1963,MT10,official_clean,window-close-v3,9,27,MT-ACT,1,0,0,76,09-0027-6f9c7f41dc5d,900069,6f9c7f41dc5d35f25a12f27a7407345c49adc25df783a77194148618ab003678,0.0,-1,1,0
4654de3cc2b4593076d440ba282905a7e7fd8e7e5f5bb6453ed4e617dc3c1963,MT10,official_clean,window-close-v3,9,27,MT-ACT + Heuristic-Gated Learned Recovery,1,0,0,76,09-0027-6f9c7f41dc5d,900069,6f9c7f41dc5d35f25a12f27a7407345c49adc25df783a77194148618ab003678,0.0,-1,1,0
4654de3cc2b4593076d440ba282905a7e7fd8e7e5f5bb6453ed4e617dc3c1963,MT10,official_clean,window-close-v3,9,27,MT-REIM,1,1,1,76,09-0027-6f9c7f41dc5d,900069,6f9c7f41dc5d35f25a12f27a7407345c49adc25df783a77194148618ab003678,0.7516499161720276,38,1,38
4654de3cc2b4593076d440ba282905a7e7fd8e7e5f5bb6453ed4e617dc3c1963,MT10,official_clean,window-close-v3,9,28,MT-MLP BC,1,0,0,85,09-0028-4987353d6568,900070,4987353d6568327a12fb7156ec40e577f74c61d39305fd6515b2e97e0f0271af,0.0,-1,1,0
4654de3cc2b4593076d440ba282905a7e7fd8e7e5f5bb6453ed4e617dc3c1963,MT10,official_clean,window-close-v3,9,28,MT-ACT,1,0,0,84,09-0028-4987353d6568,900070,4987353d6568327a12fb7156ec40e577f74c61d39305fd6515b2e97e0f0271af,0.0,-1,1,0
4654de3cc2b4593076d440ba282905a7e7fd8e7e5f5bb6453ed4e617dc3c1963,MT10,official_clean,window-close-v3,9,28,MT-ACT + Heuristic-Gated Learned Recovery,1,1,1,84,09-0028-4987353d6568,900070,4987353d6568327a12fb7156ec40e577f74c61d39305fd6515b2e97e0f0271af,0.0,61,1,23
4654de3cc2b4593076d440ba282905a7e7fd8e7e5f5bb6453ed4e617dc3c1963,MT10,official_clean,window-close-v3,9,28,MT-REIM,1,0,0,84,09-0028-4987353d6568,900070,4987353d6568327a12fb7156ec40e577f74c61d39305fd6515b2e97e0f0271af,0.621580958366394,-1,1,0
4654de3cc2b4593076d440ba282905a7e7fd8e7e5f5bb6453ed4e617dc3c1963,MT10,official_clean,window-close-v3,9,29,MT-MLP BC,1,0,0,82,09-0029-e8bb4fc78fbf,900071,e8bb4fc78fbf043437c0a3b1ab659c08ff555b807d7525981254f6ca06425cea,0.0,-1,1,0
4654de3cc2b4593076d440ba282905a7e7fd8e7e5f5bb6453ed4e617dc3c1963,MT10,official_clean,window-close-v3,9,29,MT-ACT,1,0,0,82,09-0029-e8bb4fc78fbf,900071,e8bb4fc78fbf043437c0a3b1ab659c08ff555b807d7525981254f6ca06425cea,0.0,-1,1,0
4654de3cc2b4593076d440ba282905a7e7fd8e7e5f5bb6453ed4e617dc3c1963,MT10,official_clean,window-close-v3,9,29,MT-ACT + Heuristic-Gated Learned Recovery,1,1,1,81,09-0029-e8bb4fc78fbf,900071,e8bb4fc78fbf043437c0a3b1ab659c08ff555b807d7525981254f6ca06425cea,0.0,59,1,22
4654de3cc2b4593076d440ba282905a7e7fd8e7e5f5bb6453ed4e617dc3c1963,MT10,official_clean,window-close-v3,9,29,MT-REIM,1,1,1,82,09-0029-e8bb4fc78fbf,900071,e8bb4fc78fbf043437c0a3b1ab659c08ff555b807d7525981254f6ca06425cea,0.6522243022918701,55,1,27
4654de3cc2b4593076d440ba282905a7e7fd8e7e5f5bb6453ed4e617dc3c1963,MT10,official_clean,window-close-v3,9,30,MT-MLP BC,1,0,0,78,09-0030-e7023c16b45c,900072,e7023c16b45c7615f514841076fdb399db9da4b326cb632b37191ada8f4b720e,0.0,-1,1,0
4654de3cc2b4593076d440ba282905a7e7fd8e7e5f5bb6453ed4e617dc3c1963,MT10,official_clean,window-close-v3,9,30,MT-ACT,1,0,0,77,09-0030-e7023c16b45c,900072,e7023c16b45c7615f514841076fdb399db9da4b326cb632b37191ada8f4b720e,0.0,-1,1,0
4654de3cc2b4593076d440ba282905a7e7fd8e7e5f5bb6453ed4e617dc3c1963,MT10,official_clean,window-close-v3,9,30,MT-ACT + Heuristic-Gated Learned Recovery,1,0,0,77,09-0030-e7023c16b45c,900072,e7023c16b45c7615f514841076fdb399db9da4b326cb632b37191ada8f4b720e,0.0,-1,1,0
4654de3cc2b4593076d440ba282905a7e7fd8e7e5f5bb6453ed4e617dc3c1963,MT10,official_clean,window-close-v3,9,30,MT-REIM,1,1,1,77,09-0030-e7023c16b45c,900072,e7023c16b45c7615f514841076fdb399db9da4b326cb632b37191ada8f4b720e,0.7372357845306396,40,1,37
4654de3cc2b4593076d440ba282905a7e7fd8e7e5f5bb6453ed4e617dc3c1963,MT10,official_clean,window-close-v3,9,31,MT-MLP BC,1,0,0,79,09-0031-1b80974c7d63,900073,1b80974c7d63d5185da7af3d26e605b4690ba4d8b8b1340e3bd9a2c1a9af7160,0.0,-1,1,0
4654de3cc2b4593076d440ba282905a7e7fd8e7e5f5bb6453ed4e617dc3c1963,MT10,official_clean,window-close-v3,9,31,MT-ACT,1,0,0,79,09-0031-1b80974c7d63,900073,1b80974c7d63d5185da7af3d26e605b4690ba4d8b8b1340e3bd9a2c1a9af7160,0.0,-1,1,0
4654de3cc2b4593076d440ba282905a7e7fd8e7e5f5bb6453ed4e617dc3c1963,MT10,official_clean,window-close-v3,9,31,MT-ACT + Heuristic-Gated Learned Recovery,1,0,0,79,09-0031-1b80974c7d63,900073,1b80974c7d63d5185da7af3d26e605b4690ba4d8b8b1340e3bd9a2c1a9af7160,0.0,-1,1,0
4654de3cc2b4593076d440ba282905a7e7fd8e7e5f5bb6453ed4e617dc3c1963,MT10,official_clean,window-close-v3,9,31,MT-REIM,1,1,1,78,09-0031-1b80974c7d63,900073,1b80974c7d63d5185da7af3d26e605b4690ba4d8b8b1340e3bd9a2c1a9af7160,0.7097753882408142,44,1,34
4654de3cc2b4593076d440ba282905a7e7fd8e7e5f5bb6453ed4e617dc3c1963,MT10,official_clean,window-close-v3,9,32,MT-MLP BC,1,0,0,81,09-0032-79b6dd1b99fd,900074,79b6dd1b99fda39b0efbd5efb9d3cf542edd8b508e03ccc047523d880cae658d,0.0,-1,1,0
4654de3cc2b4593076d440ba282905a7e7fd8e7e5f5bb6453ed4e617dc3c1963,MT10,official_clean,window-close-v3,9,32,MT-ACT,1,0,0,80,09-0032-79b6dd1b99fd,900074,79b6dd1b99fda39b0efbd5efb9d3cf542edd8b508e03ccc047523d880cae658d,0.0,-1,1,0
4654de3cc2b4593076d440ba282905a7e7fd8e7e5f5bb6453ed4e617dc3c1963,MT10,official_clean,window-close-v3,9,32,MT-ACT + Heuristic-Gated Learned Recovery,1,0,0,80,09-0032-79b6dd1b99fd,900074,79b6dd1b99fda39b0efbd5efb9d3cf542edd8b508e03ccc047523d880cae658d,0.0,-1,1,0
4654de3cc2b4593076d440ba282905a7e7fd8e7e5f5bb6453ed4e617dc3c1963,MT10,official_clean,window-close-v3,9,32,MT-REIM,1,1,1,80,09-0032-79b6dd1b99fd,900074,79b6dd1b99fda39b0efbd5efb9d3cf542edd8b508e03ccc047523d880cae658d,0.6776863932609558,49,1,31
4654de3cc2b4593076d440ba282905a7e7fd8e7e5f5bb6453ed4e617dc3c1963,MT10,official_clean,window-close-v3,9,33,MT-MLP BC,1,0,0,78,09-0033-d2950a7ae805,900075,d2950a7ae805b134ed8722eb39ad797b1fee8e01e2632d889474418a65d50d1b,0.0,-1,1,0
4654de3cc2b4593076d440ba282905a7e7fd8e7e5f5bb6453ed4e617dc3c1963,MT10,official_clean,window-close-v3,9,33,MT-ACT,1,0,0,77,09-0033-d2950a7ae805,900075,d2950a7ae805b134ed8722eb39ad797b1fee8e01e2632d889474418a65d50d1b,0.0,-1,1,0
4654de3cc2b4593076d440ba282905a7e7fd8e7e5f5bb6453ed4e617dc3c1963,MT10,official_clean,window-close-v3,9,33,MT-ACT + Heuristic-Gated Learned Recovery,1,0,0,77,09-0033-d2950a7ae805,900075,d2950a7ae805b134ed8722eb39ad797b1fee8e01e2632d889474418a65d50d1b,0.0,-1,1,0
4654de3cc2b4593076d440ba282905a7e7fd8e7e5f5bb6453ed4e617dc3c1963,MT10,official_clean,window-close-v3,9,33,MT-REIM,1,1,1,77,09-0033-d2950a7ae805,900075,d2950a7ae805b134ed8722eb39ad797b1fee8e01e2632d889474418a65d50d1b,0.7338104248046875,40,1,37
4654de3cc2b4593076d440ba282905a7e7fd8e7e5f5bb6453ed4e617dc3c1963,MT10,official_clean,window-close-v3,9,34,MT-MLP BC,1,0,0,87,09-0034-42de9a3773c2,900076,42de9a3773c22a66ed6a1db419c9cdf454dcb0c224c449966d5b53036250c5c2,0.0,-1,1,0
4654de3cc2b4593076d440ba282905a7e7fd8e7e5f5bb6453ed4e617dc3c1963,MT10,official_clean,window-close-v3,9,34,MT-ACT,1,0,0,86,09-0034-42de9a3773c2,900076,42de9a3773c22a66ed6a1db419c9cdf454dcb0c224c449966d5b53036250c5c2,0.0,-1,1,0
4654de3cc2b4593076d440ba282905a7e7fd8e7e5f5bb6453ed4e617dc3c1963,MT10,official_clean,window-close-v3,9,34,MT-ACT + Heuristic-Gated Learned Recovery,1,1,1,86,09-0034-42de9a3773c2,900076,42de9a3773c22a66ed6a1db419c9cdf454dcb0c224c449966d5b53036250c5c2,0.0,62,1,24
4654de3cc2b4593076d440ba282905a7e7fd8e7e5f5bb6453ed4e617dc3c1963,MT10,official_clean,window-close-v3,9,34,MT-REIM,1,0,0,86,09-0034-42de9a3773c2,900076,42de9a3773c22a66ed6a1db419c9cdf454dcb0c224c449966d5b53036250c5c2,0.5916580557823181,-1,1,0
4654de3cc2b4593076d440ba282905a7e7fd8e7e5f5bb6453ed4e617dc3c1963,MT10,official_clean,window-close-v3,9,35,MT-MLP BC,1,0,0,88,09-0035-919639f3691f,900077,919639f3691fe67d3a4e1e4e5dd186f68d0773feaac3c38e5114b560ea610096,0.0,-1,1,0
4654de3cc2b4593076d440ba282905a7e7fd8e7e5f5bb6453ed4e617dc3c1963,MT10,official_clean,window-close-v3,9,35,MT-ACT,1,0,0,87,09-0035-919639f3691f,900077,919639f3691fe67d3a4e1e4e5dd186f68d0773feaac3c38e5114b560ea610096,0.0,-1,1,0
4654de3cc2b4593076d440ba282905a7e7fd8e7e5f5bb6453ed4e617dc3c1963,MT10,official_clean,window-close-v3,9,35,MT-ACT + Heuristic-Gated Learned Recovery,1,1,1,87,09-0035-919639f3691f,900077,919639f3691fe67d3a4e1e4e5dd186f68d0773feaac3c38e5114b560ea610096,0.0,63,1,24
4654de3cc2b4593076d440ba282905a7e7fd8e7e5f5bb6453ed4e617dc3c1963,MT10,official_clean,window-close-v3,9,35,MT-REIM,1,0,0,87,09-0035-919639f3691f,900077,919639f3691fe67d3a4e1e4e5dd186f68d0773feaac3c38e5114b560ea610096,0.5813362002372742,-1,1,0
4654de3cc2b4593076d440ba282905a7e7fd8e7e5f5bb6453ed4e617dc3c1963,MT10,official_clean,window-close-v3,9,36,MT-MLP BC,1,0,0,79,09-0036-c0656de5f26f,900078,c0656de5f26f6e8f0547be56a4f7dc33866477e007b8487fc5cc5da9125d69d5,0.0,-1,1,0
4654de3cc2b4593076d440ba282905a7e7fd8e7e5f5bb6453ed4e617dc3c1963,MT10,official_clean,window-close-v3,9,36,MT-ACT,1,0,0,79,09-0036-c0656de5f26f,900078,c0656de5f26f6e8f0547be56a4f7dc33866477e007b8487fc5cc5da9125d69d5,0.0,-1,1,0
4654de3cc2b4593076d440ba282905a7e7fd8e7e5f5bb6453ed4e617dc3c1963,MT10,official_clean,window-close-v3,9,36,MT-ACT + Heuristic-Gated Learned Recovery,1,0,0,79,09-0036-c0656de5f26f,900078,c0656de5f26f6e8f0547be56a4f7dc33866477e007b8487fc5cc5da9125d69d5,0.0,-1,1,0
4654de3cc2b4593076d440ba282905a7e7fd8e7e5f5bb6453ed4e617dc3c1963,MT10,official_clean,window-close-v3,9,36,MT-REIM,1,1,1,78,09-0036-c0656de5f26f,900078,c0656de5f26f6e8f0547be56a4f7dc33866477e007b8487fc5cc5da9125d69d5,0.7115519046783447,43,1,35
4654de3cc2b4593076d440ba282905a7e7fd8e7e5f5bb6453ed4e617dc3c1963,MT10,official_clean,window-close-v3,9,37,MT-MLP BC,1,0,0,87,09-0037-4fbd3f76b3bf,900079,4fbd3f76b3bfc4ebc2c6efdacf57c45fccd07984d807a5ad758c2cc0ce81934d,0.0,-1,1,0
4654de3cc2b4593076d440ba282905a7e7fd8e7e5f5bb6453ed4e617dc3c1963,MT10,official_clean,window-close-v3,9,37,MT-ACT,1,0,0,86,09-0037-4fbd3f76b3bf,900079,4fbd3f76b3bfc4ebc2c6efdacf57c45fccd07984d807a5ad758c2cc0ce81934d,0.0,-1,1,0
4654de3cc2b4593076d440ba282905a7e7fd8e7e5f5bb6453ed4e617dc3c1963,MT10,official_clean,window-close-v3,9,37,MT-ACT + Heuristic-Gated Learned Recovery,1,1,1,86,09-0037-4fbd3f76b3bf,900079,4fbd3f76b3bfc4ebc2c6efdacf57c45fccd07984d807a5ad758c2cc0ce81934d,0.0,62,1,24
4654de3cc2b4593076d440ba282905a7e7fd8e7e5f5bb6453ed4e617dc3c1963,MT10,official_clean,window-close-v3,9,37,MT-REIM,1,0,0,86,09-0037-4fbd3f76b3bf,900079,4fbd3f76b3bfc4ebc2c6efdacf57c45fccd07984d807a5ad758c2cc0ce81934d,0.5909658670425415,-1,1,0
4654de3cc2b4593076d440ba282905a7e7fd8e7e5f5bb6453ed4e617dc3c1963,MT10,official_clean,window-close-v3,9,38,MT-MLP BC,1,0,0,79,09-0038-9af7f7e595b4,900080,9af7f7e595b41230d932ccc4bfcddb26f23b6a93bc6b29408d1b827e0a5192ab,0.0,-1,1,0
4654de3cc2b4593076d440ba282905a7e7fd8e7e5f5bb6453ed4e617dc3c1963,MT10,official_clean,window-close-v3,9,38,MT-ACT,1,0,0,78,09-0038-9af7f7e595b4,900080,9af7f7e595b41230d932ccc4bfcddb26f23b6a93bc6b29408d1b827e0a5192ab,0.0,-1,1,0
4654de3cc2b4593076d440ba282905a7e7fd8e7e5f5bb6453ed4e617dc3c1963,MT10,official_clean,window-close-v3,9,38,MT-ACT + Heuristic-Gated Learned Recovery,1,0,0,78,09-0038-9af7f7e595b4,900080,9af7f7e595b41230d932ccc4bfcddb26f23b6a93bc6b29408d1b827e0a5192ab,0.0,-1,1,0
4654de3cc2b4593076d440ba282905a7e7fd8e7e5f5bb6453ed4e617dc3c1963,MT10,official_clean,window-close-v3,9,38,MT-REIM,1,1,1,77,09-0038-9af7f7e595b4,900080,9af7f7e595b41230d932ccc4bfcddb26f23b6a93bc6b29408d1b827e0a5192ab,0.7228880524635315,42,1,35
4654de3cc2b4593076d440ba282905a7e7fd8e7e5f5bb6453ed4e617dc3c1963,MT10,official_clean,window-close-v3,9,39,MT-MLP BC,1,0,0,79,09-0039-d738dfdfcad6,900081,d738dfdfcad6dd4f0cfe3f0f1eab580ebbb3b7f4431ab01ea997441f18190f25,0.0,-1,1,0
4654de3cc2b4593076d440ba282905a7e7fd8e7e5f5bb6453ed4e617dc3c1963,MT10,official_clean,window-close-v3,9,39,MT-ACT,1,0,0,78,09-0039-d738dfdfcad6,900081,d738dfdfcad6dd4f0cfe3f0f1eab580ebbb3b7f4431ab01ea997441f18190f25,0.0,-1,1,0
4654de3cc2b4593076d440ba282905a7e7fd8e7e5f5bb6453ed4e617dc3c1963,MT10,official_clean,window-close-v3,9,39,MT-ACT + Heuristic-Gated Learned Recovery,1,0,0,78,09-0039-d738dfdfcad6,900081,d738dfdfcad6dd4f0cfe3f0f1eab580ebbb3b7f4431ab01ea997441f18190f25,0.0,-1,1,0
4654de3cc2b4593076d440ba282905a7e7fd8e7e5f5bb6453ed4e617dc3c1963,MT10,official_clean,window-close-v3,9,39,MT-REIM,1,1,1,78,09-0039-d738dfdfcad6,900081,d738dfdfcad6dd4f0cfe3f0f1eab580ebbb3b7f4431ab01ea997441f18190f25,0.7128706574440002,43,1,35
4654de3cc2b4593076d440ba282905a7e7fd8e7e5f5bb6453ed4e617dc3c1963,MT10,official_clean,window-close-v3,9,40,MT-MLP BC,1,0,0,82,09-0040-f6839515c432,900082,f6839515c432b358e3bc6fe32555f5ad1931b17d39770be77f4076ad901b973f,0.0,-1,1,0
4654de3cc2b4593076d440ba282905a7e7fd8e7e5f5bb6453ed4e617dc3c1963,MT10,official_clean,window-close-v3,9,40,MT-ACT,1,0,0,82,09-0040-f6839515c432,900082,f6839515c432b358e3bc6fe32555f5ad1931b17d39770be77f4076ad901b973f,0.0,-1,1,0
4654de3cc2b4593076d440ba282905a7e7fd8e7e5f5bb6453ed4e617dc3c1963,MT10,official_clean,window-close-v3,9,40,MT-ACT + Heuristic-Gated Learned Recovery,1,1,1,82,09-0040-f6839515c432,900082,f6839515c432b358e3bc6fe32555f5ad1931b17d39770be77f4076ad901b973f,0.0,59,1,23
4654de3cc2b4593076d440ba282905a7e7fd8e7e5f5bb6453ed4e617dc3c1963,MT10,official_clean,window-close-v3,9,40,MT-REIM,1,1,1,82,09-0040-f6839515c432,900082,f6839515c432b358e3bc6fe32555f5ad1931b17d39770be77f4076ad901b973f,0.6502314805984497,57,1,25
4654de3cc2b4593076d440ba282905a7e7fd8e7e5f5bb6453ed4e617dc3c1963,MT10,official_clean,window-close-v3,9,41,MT-MLP BC,1,0,0,88,09-0041-ac97506990ec,900083,ac97506990ec749cfd3dd482e0d715342b79b145dd93456f0ee6d459267d5a5a,0.0,-1,1,0
4654de3cc2b4593076d440ba282905a7e7fd8e7e5f5bb6453ed4e617dc3c1963,MT10,official_clean,window-close-v3,9,41,MT-ACT,1,0,0,87,09-0041-ac97506990ec,900083,ac97506990ec749cfd3dd482e0d715342b79b145dd93456f0ee6d459267d5a5a,0.0,-1,1,0
4654de3cc2b4593076d440ba282905a7e7fd8e7e5f5bb6453ed4e617dc3c1963,MT10,official_clean,window-close-v3,9,41,MT-ACT + Heuristic-Gated Learned Recovery,1,1,1,87,09-0041-ac97506990ec,900083,ac97506990ec749cfd3dd482e0d715342b79b145dd93456f0ee6d459267d5a5a,0.0,63,1,24
4654de3cc2b4593076d440ba282905a7e7fd8e7e5f5bb6453ed4e617dc3c1963,MT10,official_clean,window-close-v3,9,41,MT-REIM,1,0,0,87,09-0041-ac97506990ec,900083,ac97506990ec749cfd3dd482e0d715342b79b145dd93456f0ee6d459267d5a5a,0.5780983567237854,-1,1,0
4654de3cc2b4593076d440ba282905a7e7fd8e7e5f5bb6453ed4e617dc3c1963,MT10,official_clean,window-close-v3,9,42,MT-MLP BC,1,0,0,82,09-0042-7a523badee5a,900084,7a523badee5ac03c917f5e8e5866c32fdb11846926f603c7b159e01665035699,0.0,-1,1,0
4654de3cc2b4593076d440ba282905a7e7fd8e7e5f5bb6453ed4e617dc3c1963,MT10,official_clean,window-close-v3,9,42,MT-ACT,1,0,0,81,09-0042-7a523badee5a,900084,7a523badee5ac03c917f5e8e5866c32fdb11846926f603c7b159e01665035699,0.0,-1,1,0
4654de3cc2b4593076d440ba282905a7e7fd8e7e5f5bb6453ed4e617dc3c1963,MT10,official_clean,window-close-v3,9,42,MT-ACT + Heuristic-Gated Learned Recovery,1,0,0,81,09-0042-7a523badee5a,900084,7a523badee5ac03c917f5e8e5866c32fdb11846926f603c7b159e01665035699,0.0,-1,1,0
4654de3cc2b4593076d440ba282905a7e7fd8e7e5f5bb6453ed4e617dc3c1963,MT10,official_clean,window-close-v3,9,42,MT-REIM,1,1,1,81,09-0042-7a523badee5a,900084,7a523badee5ac03c917f5e8e5866c32fdb11846926f603c7b159e01665035699,0.6563131809234619,53,1,28
4654de3cc2b4593076d440ba282905a7e7fd8e7e5f5bb6453ed4e617dc3c1963,MT10,official_clean,window-close-v3,9,43,MT-MLP BC,1,0,0,80,09-0043-ac919fe3bff0,900085,ac919fe3bff0517280772c6a251497eeeb0eae17dfb769c4df509a934ff2e387,0.0,-1,1,0
4654de3cc2b4593076d440ba282905a7e7fd8e7e5f5bb6453ed4e617dc3c1963,MT10,official_clean,window-close-v3,9,43,MT-ACT,1,0,0,79,09-0043-ac919fe3bff0,900085,ac919fe3bff0517280772c6a251497eeeb0eae17dfb769c4df509a934ff2e387,0.0,-1,1,0
4654de3cc2b4593076d440ba282905a7e7fd8e7e5f5bb6453ed4e617dc3c1963,MT10,official_clean,window-close-v3,9,43,MT-ACT + Heuristic-Gated Learned Recovery,1,0,0,79,09-0043-ac919fe3bff0,900085,ac919fe3bff0517280772c6a251497eeeb0eae17dfb769c4df509a934ff2e387,0.0,-1,1,0
4654de3cc2b4593076d440ba282905a7e7fd8e7e5f5bb6453ed4e617dc3c1963,MT10,official_clean,window-close-v3,9,43,MT-REIM,1,1,1,79,09-0043-ac919fe3bff0,900085,ac919fe3bff0517280772c6a251497eeeb0eae17dfb769c4df509a934ff2e387,0.6938782930374146,46,1,33
4654de3cc2b4593076d440ba282905a7e7fd8e7e5f5bb6453ed4e617dc3c1963,MT10,official_clean,window-close-v3,9,44,MT-MLP BC,1,0,0,76,09-0044-f1409d2cc175,900086,f1409d2cc1758e200afd0671e595995f8110d7f7ac731ba507eed74a446e3f3d,0.0,-1,1,0
4654de3cc2b4593076d440ba282905a7e7fd8e7e5f5bb6453ed4e617dc3c1963,MT10,official_clean,window-close-v3,9,44,MT-ACT,1,0,0,75,09-0044-f1409d2cc175,900086,f1409d2cc1758e200afd0671e595995f8110d7f7ac731ba507eed74a446e3f3d,0.0,-1,1,0
4654de3cc2b4593076d440ba282905a7e7fd8e7e5f5bb6453ed4e617dc3c1963,MT10,official_clean,window-close-v3,9,44,MT-ACT + Heuristic-Gated Learned Recovery,1,0,0,75,09-0044-f1409d2cc175,900086,f1409d2cc1758e200afd0671e595995f8110d7f7ac731ba507eed74a446e3f3d,0.0,-1,1,0
4654de3cc2b4593076d440ba282905a7e7fd8e7e5f5bb6453ed4e617dc3c1963,MT10,official_clean,window-close-v3,9,44,MT-REIM,1,1,1,75,09-0044-f1409d2cc175,900086,f1409d2cc1758e200afd0671e595995f8110d7f7ac731ba507eed74a446e3f3d,0.7577122449874878,37,1,38
4654de3cc2b4593076d440ba282905a7e7fd8e7e5f5bb6453ed4e617dc3c1963,MT10,official_clean,window-close-v3,9,45,MT-MLP BC,1,0,0,84,09-0045-7b87ff210982,900087,7b87ff2109827cb93be250e2bc66a4747017eedede98882c80b47971e55abd0f,0.0,-1,1,0
4654de3cc2b4593076d440ba282905a7e7fd8e7e5f5bb6453ed4e617dc3c1963,MT10,official_clean,window-close-v3,9,45,MT-ACT,1,0,0,84,09-0045-7b87ff210982,900087,7b87ff2109827cb93be250e2bc66a4747017eedede98882c80b47971e55abd0f,0.0,-1,1,0
4654de3cc2b4593076d440ba282905a7e7fd8e7e5f5bb6453ed4e617dc3c1963,MT10,official_clean,window-close-v3,9,45,MT-ACT + Heuristic-Gated Learned Recovery,1,1,1,84,09-0045-7b87ff210982,900087,7b87ff2109827cb93be250e2bc66a4747017eedede98882c80b47971e55abd0f,0.0,61,1,23
4654de3cc2b4593076d440ba282905a7e7fd8e7e5f5bb6453ed4e617dc3c1963,MT10,official_clean,window-close-v3,9,45,MT-REIM,1,0,0,84,09-0045-7b87ff210982,900087,7b87ff2109827cb93be250e2bc66a4747017eedede98882c80b47971e55abd0f,0.6330078840255737,-1,1,0
4654de3cc2b4593076d440ba282905a7e7fd8e7e5f5bb6453ed4e617dc3c1963,MT10,official_clean,window-close-v3,9,46,MT-MLP BC,1,0,0,80,09-0046-9e6059328b6e,900088,9e6059328b6ef8d9f0e41d8d213f712b109bde46b43527b9b247e2076cc03df2,0.0,-1,1,0
4654de3cc2b4593076d440ba282905a7e7fd8e7e5f5bb6453ed4e617dc3c1963,MT10,official_clean,window-close-v3,9,46,MT-ACT,1,0,0,79,09-0046-9e6059328b6e,900088,9e6059328b6ef8d9f0e41d8d213f712b109bde46b43527b9b247e2076cc03df2,0.0,-1,1,0
4654de3cc2b4593076d440ba282905a7e7fd8e7e5f5bb6453ed4e617dc3c1963,MT10,official_clean,window-close-v3,9,46,MT-ACT + Heuristic-Gated Learned Recovery,1,0,0,79,09-0046-9e6059328b6e,900088,9e6059328b6ef8d9f0e41d8d213f712b109bde46b43527b9b247e2076cc03df2,0.0,-1,1,0
4654de3cc2b4593076d440ba282905a7e7fd8e7e5f5bb6453ed4e617dc3c1963,MT10,official_clean,window-close-v3,9,46,MT-REIM,1,1,1,79,09-0046-9e6059328b6e,900088,9e6059328b6ef8d9f0e41d8d213f712b109bde46b43527b9b247e2076cc03df2,0.696255624294281,46,1,33
4654de3cc2b4593076d440ba282905a7e7fd8e7e5f5bb6453ed4e617dc3c1963,MT10,official_clean,window-close-v3,9,47,MT-MLP BC,1,0,0,88,09-0047-a0156b1e1b3c,900089,a0156b1e1b3c9ce2f2b0f7fbda6fdfdd830b453138c539ef5ffca903ba49ccc0,0.0,-1,1,0
4654de3cc2b4593076d440ba282905a7e7fd8e7e5f5bb6453ed4e617dc3c1963,MT10,official_clean,window-close-v3,9,47,MT-ACT,1,0,0,87,09-0047-a0156b1e1b3c,900089,a0156b1e1b3c9ce2f2b0f7fbda6fdfdd830b453138c539ef5ffca903ba49ccc0,0.0,-1,1,0
4654de3cc2b4593076d440ba282905a7e7fd8e7e5f5bb6453ed4e617dc3c1963,MT10,official_clean,window-close-v3,9,47,MT-ACT + Heuristic-Gated Learned Recovery,1,1,1,87,09-0047-a0156b1e1b3c,900089,a0156b1e1b3c9ce2f2b0f7fbda6fdfdd830b453138c539ef5ffca903ba49ccc0,0.0,63,1,24
4654de3cc2b4593076d440ba282905a7e7fd8e7e5f5bb6453ed4e617dc3c1963,MT10,official_clean,window-close-v3,9,47,MT-REIM,1,0,0,87,09-0047-a0156b1e1b3c,900089,a0156b1e1b3c9ce2f2b0f7fbda6fdfdd830b453138c539ef5ffca903ba49ccc0,0.5810267329216003,-1,1,0
4654de3cc2b4593076d440ba282905a7e7fd8e7e5f5bb6453ed4e617dc3c1963,MT10,official_clean,window-close-v3,9,48,MT-MLP BC,1,0,0,79,09-0048-d871ac89e9df,900090,d871ac89e9df00f37c44a9294c536921c5ef31afcecdba5e482190b9214f72ef,0.0,-1,1,0
4654de3cc2b4593076d440ba282905a7e7fd8e7e5f5bb6453ed4e617dc3c1963,MT10,official_clean,window-close-v3,9,48,MT-ACT,1,0,0,78,09-0048-d871ac89e9df,900090,d871ac89e9df00f37c44a9294c536921c5ef31afcecdba5e482190b9214f72ef,0.0,-1,1,0
4654de3cc2b4593076d440ba282905a7e7fd8e7e5f5bb6453ed4e617dc3c1963,MT10,official_clean,window-close-v3,9,48,MT-ACT + Heuristic-Gated Learned Recovery,1,0,0,78,09-0048-d871ac89e9df,900090,d871ac89e9df00f37c44a9294c536921c5ef31afcecdba5e482190b9214f72ef,0.0,-1,1,0
4654de3cc2b4593076d440ba282905a7e7fd8e7e5f5bb6453ed4e617dc3c1963,MT10,official_clean,window-close-v3,9,48,MT-REIM,1,1,1,77,09-0048-d871ac89e9df,900090,d871ac89e9df00f37c44a9294c536921c5ef31afcecdba5e482190b9214f72ef,0.722516655921936,42,1,35
4654de3cc2b4593076d440ba282905a7e7fd8e7e5f5bb6453ed4e617dc3c1963,MT10,official_clean,window-close-v3,9,49,MT-MLP BC,1,0,0,86,09-0049-73dfd8f00ae0,900091,73dfd8f00ae095181a5c053e842809fd0205a79b20373e7b80785963ee8a189b,0.0,-1,1,0
4654de3cc2b4593076d440ba282905a7e7fd8e7e5f5bb6453ed4e617dc3c1963,MT10,official_clean,window-close-v3,9,49,MT-ACT,1,0,0,85,09-0049-73dfd8f00ae0,900091,73dfd8f00ae095181a5c053e842809fd0205a79b20373e7b80785963ee8a189b,0.0,-1,1,0
4654de3cc2b4593076d440ba282905a7e7fd8e7e5f5bb6453ed4e617dc3c1963,MT10,official_clean,window-close-v3,9,49,MT-ACT + Heuristic-Gated Learned Recovery,1,1,1,85,09-0049-73dfd8f00ae0,900091,73dfd8f00ae095181a5c053e842809fd0205a79b20373e7b80785963ee8a189b,0.0,62,1,23
4654de3cc2b4593076d440ba282905a7e7fd8e7e5f5bb6453ed4e617dc3c1963,MT10,official_clean,window-close-v3,9,49,MT-REIM,1,0,0,85,09-0049-73dfd8f00ae0,900091,73dfd8f00ae095181a5c053e842809fd0205a79b20373e7b80785963ee8a189b,0.6069342494010925,-1,1,0
