method,episode,seed,backend,success,steps,elapsed_seconds,recovery_attempts,recovery_successes,detector_triggers,recovery_steps,failure_probability_max,recovery_definition,terminated,truncated,failure_reason,noise_level,noise_percent,action_noise_std,observation_noise_std,object_impulse_std_m,condition_index,Profile
ACT,0,6000042,metaworld,True,51,1.1165407360003883,0,0,0,0,0.0,,True,False,,0.0,0.0,0.0,0.0,0.0,0,full
ACT,1,6000043,metaworld,True,49,0.3702380830000038,0,0,0,0,0.0,,True,False,,0.0,0.0,0.0,0.0,0.0,0,full
ACT,2,6000044,metaworld,True,56,0.7600387399997999,0,0,0,0,0.0,,True,False,,0.0,0.0,0.0,0.0,0.0,0,full
ACT,3,6000045,metaworld,True,51,0.6089583930006484,0,0,0,0,0.0,,True,False,,0.0,0.0,0.0,0.0,0.0,0,full
ACT,4,6000046,metaworld,True,53,0.3991825599987351,0,0,0,0,0.0,,True,False,,0.0,0.0,0.0,0.0,0.0,0,full
ACT,5,6000047,metaworld,True,49,0.6271228269997664,0,0,0,0,0.0,,True,False,,0.0,0.0,0.0,0.0,0.0,0,full
ACT,6,6000048,metaworld,True,52,0.5937035620008828,0,0,0,0,0.0,,True,False,,0.0,0.0,0.0,0.0,0.0,0,full
ACT,7,6000049,metaworld,True,54,0.366170614001021,0,0,0,0,0.0,,True,False,,0.0,0.0,0.0,0.0,0.0,0,full
ACT,8,6000050,metaworld,True,52,0.40805940099926374,0,0,0,0,0.0,,True,False,,0.0,0.0,0.0,0.0,0.0,0,full
ACT,9,6000051,metaworld,True,53,0.21623679399999673,0,0,0,0,0.0,,True,False,,0.0,0.0,0.0,0.0,0.0,0,full
ACT,10,6000052,metaworld,True,47,0.15351596899927245,0,0,0,0,0.0,,True,False,,0.0,0.0,0.0,0.0,0.0,0,full
ACT,11,6000053,metaworld,True,50,0.36589883399938117,0,0,0,0,0.0,,True,False,,0.0,0.0,0.0,0.0,0.0,0,full
ACT,12,6000054,metaworld,True,51,0.1946512700014864,0,0,0,0,0.0,,True,False,,0.0,0.0,0.0,0.0,0.0,0,full
ACT,13,6000055,metaworld,True,51,0.1759124520012847,0,0,0,0,0.0,,True,False,,0.0,0.0,0.0,0.0,0.0,0,full
ACT,14,6000056,metaworld,True,56,0.1867276689990831,0,0,0,0,0.0,,True,False,,0.0,0.0,0.0,0.0,0.0,0,full
ACT,15,6000057,metaworld,True,48,0.16231833299934806,0,0,0,0,0.0,,True,False,,0.0,0.0,0.0,0.0,0.0,0,full
ACT,16,6000058,metaworld,True,56,0.280958235000071,0,0,0,0,0.0,,True,False,,0.0,0.0,0.0,0.0,0.0,0,full
ACT,17,6000059,metaworld,True,55,0.19216379099998449,0,0,0,0,0.0,,True,False,,0.0,0.0,0.0,0.0,0.0,0,full
ACT,18,6000060,metaworld,True,48,0.23115845099891885,0,0,0,0,0.0,,True,False,,0.0,0.0,0.0,0.0,0.0,0,full
ACT,19,6000061,metaworld,True,51,0.43399675200089405,0,0,0,0,0.0,,True,False,,0.0,0.0,0.0,0.0,0.0,0,full
ACT,20,6000062,metaworld,True,54,0.45968903500033775,0,0,0,0,0.0,,True,False,,0.0,0.0,0.0,0.0,0.0,0,full
ACT,21,6000063,metaworld,True,54,0.5728608440003882,0,0,0,0,0.0,,True,False,,0.0,0.0,0.0,0.0,0.0,0,full
ACT,22,6000064,metaworld,True,50,0.28255365600125515,0,0,0,0,0.0,,True,False,,0.0,0.0,0.0,0.0,0.0,0,full
ACT,23,6000065,metaworld,True,51,0.28448915100125305,0,0,0,0,0.0,,True,False,,0.0,0.0,0.0,0.0,0.0,0,full
ACT,24,6000066,metaworld,True,59,0.6188602620004531,0,0,0,0,0.0,,True,False,,0.0,0.0,0.0,0.0,0.0,0,full
ACT,25,6000067,metaworld,True,53,0.671301439000672,0,0,0,0,0.0,,True,False,,0.0,0.0,0.0,0.0,0.0,0,full
ACT,26,6000068,metaworld,True,54,0.4751367789995129,0,0,0,0,0.0,,True,False,,0.0,0.0,0.0,0.0,0.0,0,full
ACT,27,6000069,metaworld,True,54,0.5349002659986581,0,0,0,0,0.0,,True,False,,0.0,0.0,0.0,0.0,0.0,0,full
ACT,28,6000070,metaworld,True,52,0.3569099849992199,0,0,0,0,0.0,,True,False,,0.0,0.0,0.0,0.0,0.0,0,full
ACT,29,6000071,metaworld,True,56,0.41179377699882025,0,0,0,0,0.0,,True,False,,0.0,0.0,0.0,0.0,0.0,0,full
ACT,30,6000072,metaworld,True,56,0.464357453998673,0,0,0,0,0.0,,True,False,,0.0,0.0,0.0,0.0,0.0,0,full
ACT,31,6000073,metaworld,True,51,0.28025274299943703,0,0,0,0,0.0,,True,False,,0.0,0.0,0.0,0.0,0.0,0,full
ACT,32,6000074,metaworld,True,45,0.25912315899950045,0,0,0,0,0.0,,True,False,,0.0,0.0,0.0,0.0,0.0,0,full
ACT,33,6000075,metaworld,True,54,0.931023973000265,0,0,0,0,0.0,,True,False,,0.0,0.0,0.0,0.0,0.0,0,full
ACT,34,6000076,metaworld,True,56,0.7721809530012251,0,0,0,0,0.0,,True,False,,0.0,0.0,0.0,0.0,0.0,0,full
ACT,35,6000077,metaworld,True,52,0.7467606930003967,0,0,0,0,0.0,,True,False,,0.0,0.0,0.0,0.0,0.0,0,full
ACT,36,6000078,metaworld,True,56,0.336366008999903,0,0,0,0,0.0,,True,False,,0.0,0.0,0.0,0.0,0.0,0,full
ACT,37,6000079,metaworld,True,50,0.32749418599996716,0,0,0,0,0.0,,True,False,,0.0,0.0,0.0,0.0,0.0,0,full
ACT,38,6000080,metaworld,True,47,0.39831406899975264,0,0,0,0,0.0,,True,False,,0.0,0.0,0.0,0.0,0.0,0,full
ACT,39,6000081,metaworld,True,59,0.7550849760009442,0,0,0,0,0.0,,True,False,,0.0,0.0,0.0,0.0,0.0,0,full
ACT,40,6000082,metaworld,True,52,0.5503371129998413,0,0,0,0,0.0,,True,False,,0.0,0.0,0.0,0.0,0.0,0,full
ACT,41,6000083,metaworld,True,54,0.6566044760002114,0,0,0,0,0.0,,True,False,,0.0,0.0,0.0,0.0,0.0,0,full
ACT,42,6000084,metaworld,True,51,0.3704706629996508,0,0,0,0,0.0,,True,False,,0.0,0.0,0.0,0.0,0.0,0,full
ACT,43,6000085,metaworld,True,53,0.2907804419992317,0,0,0,0,0.0,,True,False,,0.0,0.0,0.0,0.0,0.0,0,full
ACT,44,6000086,metaworld,True,51,0.42249727200032794,0,0,0,0,0.0,,True,False,,0.0,0.0,0.0,0.0,0.0,0,full
ACT,45,6000087,metaworld,True,52,0.5381570319987077,0,0,0,0,0.0,,True,False,,0.0,0.0,0.0,0.0,0.0,0,full
ACT,46,6000088,metaworld,True,58,0.7475389920000453,0,0,0,0,0.0,,True,False,,0.0,0.0,0.0,0.0,0.0,0,full
ACT,47,6000089,metaworld,True,50,0.4146136489998753,0,0,0,0,0.0,,True,False,,0.0,0.0,0.0,0.0,0.0,0,full
ACT,48,6000090,metaworld,True,52,0.5321651970007224,0,0,0,0,0.0,,True,False,,0.0,0.0,0.0,0.0,0.0,0,full
ACT,49,6000091,metaworld,True,54,0.45752242600065074,0,0,0,0,0.0,,True,False,,0.0,0.0,0.0,0.0,0.0,0,full
ACT,50,6000092,metaworld,True,51,0.3082226959995751,0,0,0,0,0.0,,True,False,,0.0,0.0,0.0,0.0,0.0,0,full
ACT,51,6000093,metaworld,True,59,0.241800150999552,0,0,0,0,0.0,,True,False,,0.0,0.0,0.0,0.0,0.0,0,full
ACT,52,6000094,metaworld,True,52,0.18678146700040088,0,0,0,0,0.0,,True,False,,0.0,0.0,0.0,0.0,0.0,0,full
ACT,53,6000095,metaworld,True,55,0.47128052299922274,0,0,0,0,0.0,,True,False,,0.0,0.0,0.0,0.0,0.0,0,full
ACT,54,6000096,metaworld,True,53,0.42663642799925583,0,0,0,0,0.0,,True,False,,0.0,0.0,0.0,0.0,0.0,0,full
ACT,55,6000097,metaworld,True,52,0.45261647699953755,0,0,0,0,0.0,,True,False,,0.0,0.0,0.0,0.0,0.0,0,full
ACT,56,6000098,metaworld,True,45,0.3313863009989291,0,0,0,0,0.0,,True,False,,0.0,0.0,0.0,0.0,0.0,0,full
ACT,57,6000099,metaworld,True,52,0.380795021999802,0,0,0,0,0.0,,True,False,,0.0,0.0,0.0,0.0,0.0,0,full
ACT,58,6000100,metaworld,True,51,0.24777782700039097,0,0,0,0,0.0,,True,False,,0.0,0.0,0.0,0.0,0.0,0,full
ACT,59,6000101,metaworld,True,55,0.2467317249993357,0,0,0,0,0.0,,True,False,,0.0,0.0,0.0,0.0,0.0,0,full
ACT,60,6000102,metaworld,True,48,0.16246969900021213,0,0,0,0,0.0,,True,False,,0.0,0.0,0.0,0.0,0.0,0,full
ACT,61,6000103,metaworld,True,47,0.15193645500039565,0,0,0,0,0.0,,True,False,,0.0,0.0,0.0,0.0,0.0,0,full
ACT,62,6000104,metaworld,True,53,0.24923390700132586,0,0,0,0,0.0,,True,False,,0.0,0.0,0.0,0.0,0.0,0,full
ACT,63,6000105,metaworld,True,49,0.25583132800056774,0,0,0,0,0.0,,True,False,,0.0,0.0,0.0,0.0,0.0,0,full
ACT,64,6000106,metaworld,True,50,0.16242070099906414,0,0,0,0,0.0,,True,False,,0.0,0.0,0.0,0.0,0.0,0,full
ACT,65,6000107,metaworld,True,56,0.2481875459998264,0,0,0,0,0.0,,True,False,,0.0,0.0,0.0,0.0,0.0,0,full
ACT,66,6000108,metaworld,True,50,0.3977027860000817,0,0,0,0,0.0,,True,False,,0.0,0.0,0.0,0.0,0.0,0,full
ACT,67,6000109,metaworld,True,51,0.5715934279996873,0,0,0,0,0.0,,True,False,,0.0,0.0,0.0,0.0,0.0,0,full
ACT,68,6000110,metaworld,True,55,0.5117016789990885,0,0,0,0,0.0,,True,False,,0.0,0.0,0.0,0.0,0.0,0,full
ACT,69,6000111,metaworld,True,54,0.4606263290006609,0,0,0,0,0.0,,True,False,,0.0,0.0,0.0,0.0,0.0,0,full
ACT,70,6000112,metaworld,True,49,0.3425581070005137,0,0,0,0,0.0,,True,False,,0.0,0.0,0.0,0.0,0.0,0,full
ACT,71,6000113,metaworld,True,54,0.3837847419999889,0,0,0,0,0.0,,True,False,,0.0,0.0,0.0,0.0,0.0,0,full
ACT,72,6000114,metaworld,True,48,0.36303898699952697,0,0,0,0,0.0,,True,False,,0.0,0.0,0.0,0.0,0.0,0,full
ACT,73,6000115,metaworld,True,51,0.742708584999491,0,0,0,0,0.0,,True,False,,0.0,0.0,0.0,0.0,0.0,0,full
ACT,74,6000116,metaworld,True,53,0.28794562599978235,0,0,0,0,0.0,,True,False,,0.0,0.0,0.0,0.0,0.0,0,full
ACT,75,6000117,metaworld,True,53,0.20219460900079866,0,0,0,0,0.0,,True,False,,0.0,0.0,0.0,0.0,0.0,0,full
ACT,76,6000118,metaworld,True,53,0.250550201999431,0,0,0,0,0.0,,True,False,,0.0,0.0,0.0,0.0,0.0,0,full
ACT,77,6000119,metaworld,True,53,0.33538650699847494,0,0,0,0,0.0,,True,False,,0.0,0.0,0.0,0.0,0.0,0,full
ACT,78,6000120,metaworld,True,59,0.35748622699975385,0,0,0,0,0.0,,True,False,,0.0,0.0,0.0,0.0,0.0,0,full
ACT,79,6000121,metaworld,True,56,0.2684881370005314,0,0,0,0,0.0,,True,False,,0.0,0.0,0.0,0.0,0.0,0,full
ACT,80,6000122,metaworld,True,52,0.3417659870010539,0,0,0,0,0.0,,True,False,,0.0,0.0,0.0,0.0,0.0,0,full
ACT,81,6000123,metaworld,True,52,0.2731984210004157,0,0,0,0,0.0,,True,False,,0.0,0.0,0.0,0.0,0.0,0,full
ACT,82,6000124,metaworld,True,51,0.16448179399958462,0,0,0,0,0.0,,True,False,,0.0,0.0,0.0,0.0,0.0,0,full
ACT,83,6000125,metaworld,True,52,0.1920933769997646,0,0,0,0,0.0,,True,False,,0.0,0.0,0.0,0.0,0.0,0,full
ACT,84,6000126,metaworld,True,55,0.3220131930011121,0,0,0,0,0.0,,True,False,,0.0,0.0,0.0,0.0,0.0,0,full
ACT,85,6000127,metaworld,True,51,0.22832100300001912,0,0,0,0,0.0,,True,False,,0.0,0.0,0.0,0.0,0.0,0,full
ACT,86,6000128,metaworld,True,59,0.1922099600014917,0,0,0,0,0.0,,True,False,,0.0,0.0,0.0,0.0,0.0,0,full
ACT,87,6000129,metaworld,True,51,0.22972825200122315,0,0,0,0,0.0,,True,False,,0.0,0.0,0.0,0.0,0.0,0,full
ACT,88,6000130,metaworld,True,58,0.3234396360003302,0,0,0,0,0.0,,True,False,,0.0,0.0,0.0,0.0,0.0,0,full
ACT,89,6000131,metaworld,True,48,0.7367228910006816,0,0,0,0,0.0,,True,False,,0.0,0.0,0.0,0.0,0.0,0,full
ACT,90,6000132,metaworld,True,51,0.3914419729990186,0,0,0,0,0.0,,True,False,,0.0,0.0,0.0,0.0,0.0,0,full
ACT,91,6000133,metaworld,True,51,0.37546563100113417,0,0,0,0,0.0,,True,False,,0.0,0.0,0.0,0.0,0.0,0,full
ACT,92,6000134,metaworld,True,56,0.3564230209995003,0,0,0,0,0.0,,True,False,,0.0,0.0,0.0,0.0,0.0,0,full
ACT,93,6000135,metaworld,True,53,0.27433686499898613,0,0,0,0,0.0,,True,False,,0.0,0.0,0.0,0.0,0.0,0,full
ACT,94,6000136,metaworld,True,50,0.27155148000019835,0,0,0,0,0.0,,True,False,,0.0,0.0,0.0,0.0,0.0,0,full
ACT,95,6000137,metaworld,True,54,0.5200046219997603,0,0,0,0,0.0,,True,False,,0.0,0.0,0.0,0.0,0.0,0,full
ACT,96,6000138,metaworld,True,55,0.6519279109998024,0,0,0,0,0.0,,True,False,,0.0,0.0,0.0,0.0,0.0,0,full
ACT,97,6000139,metaworld,True,52,0.2946905160006281,0,0,0,0,0.0,,True,False,,0.0,0.0,0.0,0.0,0.0,0,full
ACT,98,6000140,metaworld,True,49,0.3104640590008785,0,0,0,0,0.0,,True,False,,0.0,0.0,0.0,0.0,0.0,0,full
ACT,99,6000141,metaworld,True,48,0.4230868399990868,0,0,0,0,0.0,,True,False,,0.0,0.0,0.0,0.0,0.0,0,full
ACT,100,6000142,metaworld,True,53,0.3553978889995051,0,0,0,0,0.0,,True,False,,0.0,0.0,0.0,0.0,0.0,0,full
ACT,101,6000143,metaworld,True,52,0.5423875390006287,0,0,0,0,0.0,,True,False,,0.0,0.0,0.0,0.0,0.0,0,full
ACT,102,6000144,metaworld,True,51,0.46323959799883596,0,0,0,0,0.0,,True,False,,0.0,0.0,0.0,0.0,0.0,0,full
ACT,103,6000145,metaworld,True,55,0.3277273130006506,0,0,0,0,0.0,,True,False,,0.0,0.0,0.0,0.0,0.0,0,full
ACT,104,6000146,metaworld,True,50,0.5097103309999511,0,0,0,0,0.0,,True,False,,0.0,0.0,0.0,0.0,0.0,0,full
ACT,105,6000147,metaworld,True,50,0.4447822719994292,0,0,0,0,0.0,,True,False,,0.0,0.0,0.0,0.0,0.0,0,full
ACT,106,6000148,metaworld,True,53,0.5042041679989779,0,0,0,0,0.0,,True,False,,0.0,0.0,0.0,0.0,0.0,0,full
ACT,107,6000149,metaworld,True,50,0.5607970199998817,0,0,0,0,0.0,,True,False,,0.0,0.0,0.0,0.0,0.0,0,full
ACT,108,6000150,metaworld,True,47,0.2472934069992334,0,0,0,0,0.0,,True,False,,0.0,0.0,0.0,0.0,0.0,0,full
ACT,109,6000151,metaworld,True,52,0.2720047809998505,0,0,0,0,0.0,,True,False,,0.0,0.0,0.0,0.0,0.0,0,full
ACT,110,6000152,metaworld,True,51,0.5319125839996559,0,0,0,0,0.0,,True,False,,0.0,0.0,0.0,0.0,0.0,0,full
ACT,111,6000153,metaworld,True,49,0.2646487839992915,0,0,0,0,0.0,,True,False,,0.0,0.0,0.0,0.0,0.0,0,full
ACT,112,6000154,metaworld,True,51,0.22335378099887748,0,0,0,0,0.0,,True,False,,0.0,0.0,0.0,0.0,0.0,0,full
ACT,113,6000155,metaworld,True,53,0.15622318299938343,0,0,0,0,0.0,,True,False,,0.0,0.0,0.0,0.0,0.0,0,full
ACT,114,6000156,metaworld,True,53,0.1697978529991815,0,0,0,0,0.0,,True,False,,0.0,0.0,0.0,0.0,0.0,0,full
ACT,115,6000157,metaworld,True,53,0.1991147530006856,0,0,0,0,0.0,,True,False,,0.0,0.0,0.0,0.0,0.0,0,full
ACT,116,6000158,metaworld,True,56,0.2651610850007273,0,0,0,0,0.0,,True,False,,0.0,0.0,0.0,0.0,0.0,0,full
ACT,117,6000159,metaworld,True,45,0.2643179730002885,0,0,0,0,0.0,,True,False,,0.0,0.0,0.0,0.0,0.0,0,full
ACT,118,6000160,metaworld,True,59,0.596274125000491,0,0,0,0,0.0,,True,False,,0.0,0.0,0.0,0.0,0.0,0,full
ACT,119,6000161,metaworld,True,59,0.3926616869994177,0,0,0,0,0.0,,True,False,,0.0,0.0,0.0,0.0,0.0,0,full
ACT,120,6000162,metaworld,True,58,0.2993628490003175,0,0,0,0,0.0,,True,False,,0.0,0.0,0.0,0.0,0.0,0,full
ACT,121,6000163,metaworld,True,57,0.35182336199977726,0,0,0,0,0.0,,True,False,,0.0,0.0,0.0,0.0,0.0,0,full
ACT,122,6000164,metaworld,True,47,0.15185424300034356,0,0,0,0,0.0,,True,False,,0.0,0.0,0.0,0.0,0.0,0,full
ACT,123,6000165,metaworld,True,58,0.3657527689993003,0,0,0,0,0.0,,True,False,,0.0,0.0,0.0,0.0,0.0,0,full
ACT,124,6000166,metaworld,True,50,0.3624060560014186,0,0,0,0,0.0,,True,False,,0.0,0.0,0.0,0.0,0.0,0,full
ACT,125,6000167,metaworld,True,59,0.47910306000085257,0,0,0,0,0.0,,True,False,,0.0,0.0,0.0,0.0,0.0,0,full
ACT,126,6000168,metaworld,True,55,0.4053843900001084,0,0,0,0,0.0,,True,False,,0.0,0.0,0.0,0.0,0.0,0,full
ACT,127,6000169,metaworld,True,59,0.35168577399963397,0,0,0,0,0.0,,True,False,,0.0,0.0,0.0,0.0,0.0,0,full
ACT,128,6000170,metaworld,True,51,0.728707102000044,0,0,0,0,0.0,,True,False,,0.0,0.0,0.0,0.0,0.0,0,full
ACT,129,6000171,metaworld,True,51,0.3318029700003535,0,0,0,0,0.0,,True,False,,0.0,0.0,0.0,0.0,0.0,0,full
ACT,130,6000172,metaworld,True,53,0.2700663939995138,0,0,0,0,0.0,,True,False,,0.0,0.0,0.0,0.0,0.0,0,full
ACT,131,6000173,metaworld,True,44,0.14972611799930746,0,0,0,0,0.0,,True,False,,0.0,0.0,0.0,0.0,0.0,0,full
ACT,132,6000174,metaworld,True,54,0.17886133000138216,0,0,0,0,0.0,,True,False,,0.0,0.0,0.0,0.0,0.0,0,full
ACT,133,6000175,metaworld,True,55,0.18894055300006585,0,0,0,0,0.0,,True,False,,0.0,0.0,0.0,0.0,0.0,0,full
ACT,134,6000176,metaworld,True,52,0.17060960199887631,0,0,0,0,0.0,,True,False,,0.0,0.0,0.0,0.0,0.0,0,full
ACT,135,6000177,metaworld,True,49,0.3390080190001754,0,0,0,0,0.0,,True,False,,0.0,0.0,0.0,0.0,0.0,0,full
ACT,136,6000178,metaworld,True,52,0.22971151899946562,0,0,0,0,0.0,,True,False,,0.0,0.0,0.0,0.0,0.0,0,full
ACT,137,6000179,metaworld,True,57,0.18625358600002073,0,0,0,0,0.0,,True,False,,0.0,0.0,0.0,0.0,0.0,0,full
ACT,138,6000180,metaworld,True,59,0.20883706599852303,0,0,0,0,0.0,,True,False,,0.0,0.0,0.0,0.0,0.0,0,full
ACT,139,6000181,metaworld,True,54,0.1611072489995422,0,0,0,0,0.0,,True,False,,0.0,0.0,0.0,0.0,0.0,0,full
ACT,140,6000182,metaworld,True,52,0.16406827399987378,0,0,0,0,0.0,,True,False,,0.0,0.0,0.0,0.0,0.0,0,full
ACT,141,6000183,metaworld,True,56,0.29256239000096684,0,0,0,0,0.0,,True,False,,0.0,0.0,0.0,0.0,0.0,0,full
ACT,142,6000184,metaworld,True,53,0.3365641300006246,0,0,0,0,0.0,,True,False,,0.0,0.0,0.0,0.0,0.0,0,full
ACT,143,6000185,metaworld,True,51,0.3767345079995721,0,0,0,0,0.0,,True,False,,0.0,0.0,0.0,0.0,0.0,0,full
ACT,144,6000186,metaworld,True,52,0.23473110299892141,0,0,0,0,0.0,,True,False,,0.0,0.0,0.0,0.0,0.0,0,full
ACT,145,6000187,metaworld,True,50,0.15893496299941035,0,0,0,0,0.0,,True,False,,0.0,0.0,0.0,0.0,0.0,0,full
ACT,146,6000188,metaworld,True,54,0.2320020730003307,0,0,0,0,0.0,,True,False,,0.0,0.0,0.0,0.0,0.0,0,full
ACT,147,6000189,metaworld,True,58,0.4292770810006914,0,0,0,0,0.0,,True,False,,0.0,0.0,0.0,0.0,0.0,0,full
ACT,148,6000190,metaworld,True,51,0.37111389500023506,0,0,0,0,0.0,,True,False,,0.0,0.0,0.0,0.0,0.0,0,full
ACT,149,6000191,metaworld,True,53,0.29202572499889357,0,0,0,0,0.0,,True,False,,0.0,0.0,0.0,0.0,0.0,0,full
ACT,150,6000192,metaworld,True,50,0.27612243600015063,0,0,0,0,0.0,,True,False,,0.0,0.0,0.0,0.0,0.0,0,full
ACT,151,6000193,metaworld,True,51,0.3884683230007795,0,0,0,0,0.0,,True,False,,0.0,0.0,0.0,0.0,0.0,0,full
ACT,152,6000194,metaworld,True,51,0.5713083430000552,0,0,0,0,0.0,,True,False,,0.0,0.0,0.0,0.0,0.0,0,full
ACT,153,6000195,metaworld,True,51,0.33055141899967566,0,0,0,0,0.0,,True,False,,0.0,0.0,0.0,0.0,0.0,0,full
ACT,154,6000196,metaworld,True,51,0.2865502099994046,0,0,0,0,0.0,,True,False,,0.0,0.0,0.0,0.0,0.0,0,full
ACT,155,6000197,metaworld,True,51,0.2706467169991811,0,0,0,0,0.0,,True,False,,0.0,0.0,0.0,0.0,0.0,0,full
ACT,156,6000198,metaworld,True,50,0.4785339070003829,0,0,0,0,0.0,,True,False,,0.0,0.0,0.0,0.0,0.0,0,full
ACT,157,6000199,metaworld,True,58,0.6162671239999327,0,0,0,0,0.0,,True,False,,0.0,0.0,0.0,0.0,0.0,0,full
ACT,158,6000200,metaworld,True,54,0.28440384899840865,0,0,0,0,0.0,,True,False,,0.0,0.0,0.0,0.0,0.0,0,full
ACT,159,6000201,metaworld,True,50,0.31791638400136435,0,0,0,0,0.0,,True,False,,0.0,0.0,0.0,0.0,0.0,0,full
ACT,160,6000202,metaworld,True,51,0.4378262629998062,0,0,0,0,0.0,,True,False,,0.0,0.0,0.0,0.0,0.0,0,full
ACT,161,6000203,metaworld,True,50,0.26128544800121745,0,0,0,0,0.0,,True,False,,0.0,0.0,0.0,0.0,0.0,0,full
ACT,162,6000204,metaworld,True,52,0.1686385059983877,0,0,0,0,0.0,,True,False,,0.0,0.0,0.0,0.0,0.0,0,full
ACT,163,6000205,metaworld,True,55,0.19252539899935073,0,0,0,0,0.0,,True,False,,0.0,0.0,0.0,0.0,0.0,0,full
ACT,164,6000206,metaworld,True,51,0.1731340590013133,0,0,0,0,0.0,,True,False,,0.0,0.0,0.0,0.0,0.0,0,full
ACT,165,6000207,metaworld,True,55,0.3768340360002185,0,0,0,0,0.0,,True,False,,0.0,0.0,0.0,0.0,0.0,0,full
ACT,166,6000208,metaworld,True,51,0.2200876060014707,0,0,0,0,0.0,,True,False,,0.0,0.0,0.0,0.0,0.0,0,full
ACT,167,6000209,metaworld,True,55,0.2668371700001444,0,0,0,0,0.0,,True,False,,0.0,0.0,0.0,0.0,0.0,0,full
ACT,168,6000210,metaworld,True,52,0.2259388439997565,0,0,0,0,0.0,,True,False,,0.0,0.0,0.0,0.0,0.0,0,full
ACT,169,6000211,metaworld,True,56,0.27198426900031336,0,0,0,0,0.0,,True,False,,0.0,0.0,0.0,0.0,0.0,0,full
ACT,170,6000212,metaworld,True,52,0.26209847499922034,0,0,0,0,0.0,,True,False,,0.0,0.0,0.0,0.0,0.0,0,full
ACT,171,6000213,metaworld,True,45,0.16025535500011756,0,0,0,0,0.0,,True,False,,0.0,0.0,0.0,0.0,0.0,0,full
ACT,172,6000214,metaworld,True,52,0.1758219849998568,0,0,0,0,0.0,,True,False,,0.0,0.0,0.0,0.0,0.0,0,full
ACT,173,6000215,metaworld,True,52,0.19749731400042947,0,0,0,0,0.0,,True,False,,0.0,0.0,0.0,0.0,0.0,0,full
ACT,174,6000216,metaworld,True,52,0.4506120389996795,0,0,0,0,0.0,,True,False,,0.0,0.0,0.0,0.0,0.0,0,full
ACT,175,6000217,metaworld,True,52,0.42712733700136596,0,0,0,0,0.0,,True,False,,0.0,0.0,0.0,0.0,0.0,0,full
ACT,176,6000218,metaworld,True,51,0.1675217430001794,0,0,0,0,0.0,,True,False,,0.0,0.0,0.0,0.0,0.0,0,full
ACT,177,6000219,metaworld,True,52,0.2867451139991317,0,0,0,0,0.0,,True,False,,0.0,0.0,0.0,0.0,0.0,0,full
ACT,178,6000220,metaworld,True,58,0.3418466470011481,0,0,0,0,0.0,,True,False,,0.0,0.0,0.0,0.0,0.0,0,full
ACT,179,6000221,metaworld,True,54,0.3831167469998036,0,0,0,0,0.0,,True,False,,0.0,0.0,0.0,0.0,0.0,0,full
ACT,180,6000222,metaworld,True,52,0.2782602440001938,0,0,0,0,0.0,,True,False,,0.0,0.0,0.0,0.0,0.0,0,full
ACT,181,6000223,metaworld,True,52,0.3091353620002337,0,0,0,0,0.0,,True,False,,0.0,0.0,0.0,0.0,0.0,0,full
ACT,182,6000224,metaworld,True,57,0.5412043879987323,0,0,0,0,0.0,,True,False,,0.0,0.0,0.0,0.0,0.0,0,full
ACT,183,6000225,metaworld,True,47,0.3490859610010375,0,0,0,0,0.0,,True,False,,0.0,0.0,0.0,0.0,0.0,0,full
ACT,184,6000226,metaworld,True,51,0.3836226240000542,0,0,0,0,0.0,,True,False,,0.0,0.0,0.0,0.0,0.0,0,full
ACT,185,6000227,metaworld,True,59,0.5849330940000073,0,0,0,0,0.0,,True,False,,0.0,0.0,0.0,0.0,0.0,0,full
ACT,186,6000228,metaworld,True,57,0.3224990380003874,0,0,0,0,0.0,,True,False,,0.0,0.0,0.0,0.0,0.0,0,full
ACT,187,6000229,metaworld,True,50,0.3737961330007238,0,0,0,0,0.0,,True,False,,0.0,0.0,0.0,0.0,0.0,0,full
ACT,188,6000230,metaworld,True,54,0.29448756300007517,0,0,0,0,0.0,,True,False,,0.0,0.0,0.0,0.0,0.0,0,full
ACT,189,6000231,metaworld,True,56,0.3965961869998864,0,0,0,0,0.0,,True,False,,0.0,0.0,0.0,0.0,0.0,0,full
ACT,190,6000232,metaworld,True,54,0.531691537998995,0,0,0,0,0.0,,True,False,,0.0,0.0,0.0,0.0,0.0,0,full
ACT,191,6000233,metaworld,True,53,0.7427504160004901,0,0,0,0,0.0,,True,False,,0.0,0.0,0.0,0.0,0.0,0,full
ACT,192,6000234,metaworld,True,53,0.3089658110002347,0,0,0,0,0.0,,True,False,,0.0,0.0,0.0,0.0,0.0,0,full
ACT,193,6000235,metaworld,True,51,0.18256976900011068,0,0,0,0,0.0,,True,False,,0.0,0.0,0.0,0.0,0.0,0,full
ACT,194,6000236,metaworld,True,54,0.3299568050006201,0,0,0,0,0.0,,True,False,,0.0,0.0,0.0,0.0,0.0,0,full
ACT,195,6000237,metaworld,True,52,0.21351537900045514,0,0,0,0,0.0,,True,False,,0.0,0.0,0.0,0.0,0.0,0,full
ACT,196,6000238,metaworld,True,50,0.15925440499995602,0,0,0,0,0.0,,True,False,,0.0,0.0,0.0,0.0,0.0,0,full
ACT,197,6000239,metaworld,True,56,0.1736799809987133,0,0,0,0,0.0,,True,False,,0.0,0.0,0.0,0.0,0.0,0,full
ACT,198,6000240,metaworld,True,53,0.17019876799895428,0,0,0,0,0.0,,True,False,,0.0,0.0,0.0,0.0,0.0,0,full
ACT,199,6000241,metaworld,True,58,0.203575109000667,0,0,0,0,0.0,,True,False,,0.0,0.0,0.0,0.0,0.0,0,full
REIM (ACT + Detector + Recovery),0,6000042,metaworld,True,51,0.8915442870002153,0,0,0,0,0.16387145221233368,task_success_while_recovery_active_per_intervention,True,False,,0.0,0.0,0.0,0.0,0.0,0,full
REIM (ACT + Detector + Recovery),1,6000043,metaworld,True,50,0.6308553430008033,1,1,1,30,0.2007613182067871,task_success_while_recovery_active_per_intervention,True,False,,0.0,0.0,0.0,0.0,0.0,0,full
REIM (ACT + Detector + Recovery),2,6000044,metaworld,True,56,0.3562407389999862,0,0,0,0,0.11686310917139053,task_success_while_recovery_active_per_intervention,True,False,,0.0,0.0,0.0,0.0,0.0,0,full
REIM (ACT + Detector + Recovery),3,6000045,metaworld,True,51,0.2452159499989648,0,0,0,0,0.18026746809482574,task_success_while_recovery_active_per_intervention,True,False,,0.0,0.0,0.0,0.0,0.0,0,full
REIM (ACT + Detector + Recovery),4,6000046,metaworld,True,53,0.4836418849990878,0,0,0,0,0.127713143825531,task_success_while_recovery_active_per_intervention,True,False,,0.0,0.0,0.0,0.0,0.0,0,full
REIM (ACT + Detector + Recovery),5,6000047,metaworld,True,50,0.7007946600006107,1,1,1,30,0.2007613182067871,task_success_while_recovery_active_per_intervention,True,False,,0.0,0.0,0.0,0.0,0.0,0,full
REIM (ACT + Detector + Recovery),6,6000048,metaworld,True,52,0.5435483029996249,0,0,0,0,0.1316947042942047,task_success_while_recovery_active_per_intervention,True,False,,0.0,0.0,0.0,0.0,0.0,0,full
REIM (ACT + Detector + Recovery),7,6000049,metaworld,True,54,0.6380356009995012,0,0,0,0,0.15684418380260468,task_success_while_recovery_active_per_intervention,True,False,,0.0,0.0,0.0,0.0,0.0,0,full
REIM (ACT + Detector + Recovery),8,6000050,metaworld,True,52,0.5999055080010294,0,0,0,0,0.1316947042942047,task_success_while_recovery_active_per_intervention,True,False,,0.0,0.0,0.0,0.0,0.0,0,full
REIM (ACT + Detector + Recovery),9,6000051,metaworld,True,53,0.38686663299995416,0,0,0,0,0.13756391406059265,task_success_while_recovery_active_per_intervention,True,False,,0.0,0.0,0.0,0.0,0.0,0,full
REIM (ACT + Detector + Recovery),10,6000052,metaworld,True,47,0.4657558760009124,0,0,0,0,0.19181783497333527,task_success_while_recovery_active_per_intervention,True,False,,0.0,0.0,0.0,0.0,0.0,0,full
REIM (ACT + Detector + Recovery),11,6000053,metaworld,True,50,0.42966170299951045,0,0,0,0,0.13729049265384674,task_success_while_recovery_active_per_intervention,True,False,,0.0,0.0,0.0,0.0,0.0,0,full
REIM (ACT + Detector + Recovery),12,6000054,metaworld,True,51,0.46689694999986386,0,0,0,0,0.1677646040916443,task_success_while_recovery_active_per_intervention,True,False,,0.0,0.0,0.0,0.0,0.0,0,full
REIM (ACT + Detector + Recovery),13,6000055,metaworld,True,51,0.7227498909996939,0,0,0,0,0.17405110597610474,task_success_while_recovery_active_per_intervention,True,False,,0.0,0.0,0.0,0.0,0.0,0,full
REIM (ACT + Detector + Recovery),14,6000056,metaworld,True,56,0.6680943869996554,0,0,0,0,0.11686310917139053,task_success_while_recovery_active_per_intervention,True,False,,0.0,0.0,0.0,0.0,0.0,0,full
REIM (ACT + Detector + Recovery),15,6000057,metaworld,True,44,1.100006452999878,1,1,1,36,0.4063047170639038,task_success_while_recovery_active_per_intervention,True,False,,0.0,0.0,0.0,0.0,0.0,0,full
REIM (ACT + Detector + Recovery),16,6000058,metaworld,True,56,1.1298517329996685,1,1,1,39,0.31515559554100037,task_success_while_recovery_active_per_intervention,True,False,,0.0,0.0,0.0,0.0,0.0,0,full
REIM (ACT + Detector + Recovery),17,6000059,metaworld,True,55,0.46110616700025275,0,0,0,0,0.09207379817962646,task_success_while_recovery_active_per_intervention,True,False,,0.0,0.0,0.0,0.0,0.0,0,full
REIM (ACT + Detector + Recovery),18,6000060,metaworld,True,45,0.829404350999539,1,1,1,37,0.2824229896068573,task_success_while_recovery_active_per_intervention,True,False,,0.0,0.0,0.0,0.0,0.0,0,full
REIM (ACT + Detector + Recovery),19,6000061,metaworld,True,50,0.8676111019995005,1,1,1,40,0.2802259922027588,task_success_while_recovery_active_per_intervention,True,False,,0.0,0.0,0.0,0.0,0.0,0,full
REIM (ACT + Detector + Recovery),20,6000062,metaworld,True,54,0.3905725389995496,0,0,0,0,0.15684418380260468,task_success_while_recovery_active_per_intervention,True,False,,0.0,0.0,0.0,0.0,0.0,0,full
REIM (ACT + Detector + Recovery),21,6000063,metaworld,True,57,0.8309476459999132,1,1,1,31,0.2092832624912262,task_success_while_recovery_active_per_intervention,True,False,,0.0,0.0,0.0,0.0,0.0,0,full
REIM (ACT + Detector + Recovery),22,6000064,metaworld,True,50,0.47663927900066483,0,0,0,0,0.10723678767681122,task_success_while_recovery_active_per_intervention,True,False,,0.0,0.0,0.0,0.0,0.0,0,full
REIM (ACT + Detector + Recovery),23,6000065,metaworld,True,51,0.5902342940007657,0,0,0,0,0.1677646040916443,task_success_while_recovery_active_per_intervention,True,False,,0.0,0.0,0.0,0.0,0.0,0,full
REIM (ACT + Detector + Recovery),24,6000066,metaworld,True,59,0.7050775540010363,0,0,0,0,0.1695513129234314,task_success_while_recovery_active_per_intervention,True,False,,0.0,0.0,0.0,0.0,0.0,0,full
REIM (ACT + Detector + Recovery),25,6000067,metaworld,True,53,0.5254483999997319,0,0,0,0,0.13756391406059265,task_success_while_recovery_active_per_intervention,True,False,,0.0,0.0,0.0,0.0,0.0,0,full
REIM (ACT + Detector + Recovery),26,6000068,metaworld,True,56,1.1668658859998686,1,1,1,35,0.2515467703342438,task_success_while_recovery_active_per_intervention,True,False,,0.0,0.0,0.0,0.0,0.0,0,full
REIM (ACT + Detector + Recovery),27,6000069,metaworld,True,54,0.5678723990004073,0,0,0,0,0.09814134240150452,task_success_while_recovery_active_per_intervention,True,False,,0.0,0.0,0.0,0.0,0.0,0,full
REIM (ACT + Detector + Recovery),28,6000070,metaworld,True,52,0.520367584998894,0,0,0,0,0.16526877880096436,task_success_while_recovery_active_per_intervention,True,False,,0.0,0.0,0.0,0.0,0.0,0,full
REIM (ACT + Detector + Recovery),29,6000071,metaworld,True,56,0.9538552850008273,0,0,0,0,0.11686310917139053,task_success_while_recovery_active_per_intervention,True,False,,0.0,0.0,0.0,0.0,0.0,0,full
REIM (ACT + Detector + Recovery),30,6000072,metaworld,True,56,0.8277568480007176,0,0,0,0,0.11686310917139053,task_success_while_recovery_active_per_intervention,True,False,,0.0,0.0,0.0,0.0,0.0,0,full
REIM (ACT + Detector + Recovery),31,6000073,metaworld,True,51,0.7108083710008941,0,0,0,0,0.16387145221233368,task_success_while_recovery_active_per_intervention,True,False,,0.0,0.0,0.0,0.0,0.0,0,full
REIM (ACT + Detector + Recovery),32,6000074,metaworld,True,46,0.6882499200000893,1,1,1,27,0.21957214176654816,task_success_while_recovery_active_per_intervention,True,False,,0.0,0.0,0.0,0.0,0.0,0,full
REIM (ACT + Detector + Recovery),33,6000075,metaworld,True,56,0.9707711600003677,1,1,1,35,0.2515467703342438,task_success_while_recovery_active_per_intervention,True,False,,0.0,0.0,0.0,0.0,0.0,0,full
REIM (ACT + Detector + Recovery),34,6000076,metaworld,True,56,0.8485346689994913,1,1,1,39,0.31515559554100037,task_success_while_recovery_active_per_intervention,True,False,,0.0,0.0,0.0,0.0,0.0,0,full
REIM (ACT + Detector + Recovery),35,6000077,metaworld,True,52,0.7935565839998162,0,0,0,0,0.1781063675880432,task_success_while_recovery_active_per_intervention,True,False,,0.0,0.0,0.0,0.0,0.0,0,full
REIM (ACT + Detector + Recovery),36,6000078,metaworld,True,56,0.9976974530000007,1,1,1,39,0.31515559554100037,task_success_while_recovery_active_per_intervention,True,False,,0.0,0.0,0.0,0.0,0.0,0,full
REIM (ACT + Detector + Recovery),37,6000079,metaworld,True,52,0.9221751779987244,1,1,1,35,0.22399134933948517,task_success_while_recovery_active_per_intervention,True,False,,0.0,0.0,0.0,0.0,0.0,0,full
REIM (ACT + Detector + Recovery),38,6000080,metaworld,True,47,0.7594928549988254,0,0,0,0,0.19181783497333527,task_success_while_recovery_active_per_intervention,True,False,,0.0,0.0,0.0,0.0,0.0,0,full
REIM (ACT + Detector + Recovery),39,6000081,metaworld,True,59,0.5200341159998061,0,0,0,0,0.12683512270450592,task_success_while_recovery_active_per_intervention,True,False,,0.0,0.0,0.0,0.0,0.0,0,full
REIM (ACT + Detector + Recovery),40,6000082,metaworld,True,52,0.6655002379993675,0,0,0,0,0.10983125120401382,task_success_while_recovery_active_per_intervention,True,False,,0.0,0.0,0.0,0.0,0.0,0,full
REIM (ACT + Detector + Recovery),41,6000083,metaworld,True,54,0.3795473899990611,0,0,0,0,0.13838931918144226,task_success_while_recovery_active_per_intervention,True,False,,0.0,0.0,0.0,0.0,0.0,0,full
REIM (ACT + Detector + Recovery),42,6000084,metaworld,True,52,0.7664034470017214,1,1,1,34,0.3113390803337097,task_success_while_recovery_active_per_intervention,True,False,,0.0,0.0,0.0,0.0,0.0,0,full
REIM (ACT + Detector + Recovery),43,6000085,metaworld,True,53,0.612113049999607,0,0,0,0,0.127713143825531,task_success_while_recovery_active_per_intervention,True,False,,0.0,0.0,0.0,0.0,0.0,0,full
REIM (ACT + Detector + Recovery),44,6000086,metaworld,True,52,0.9354625399992074,1,1,1,34,0.3113390803337097,task_success_while_recovery_active_per_intervention,True,False,,0.0,0.0,0.0,0.0,0.0,0,full
REIM (ACT + Detector + Recovery),45,6000087,metaworld,True,52,0.28263589100060926,0,0,0,0,0.19997800886631012,task_success_while_recovery_active_per_intervention,True,False,,0.0,0.0,0.0,0.0,0.0,0,full
REIM (ACT + Detector + Recovery),46,6000088,metaworld,True,58,0.28561003399954643,0,0,0,0,0.14487150311470032,task_success_while_recovery_active_per_intervention,True,False,,0.0,0.0,0.0,0.0,0.0,0,full
REIM (ACT + Detector + Recovery),47,6000089,metaworld,True,50,0.23716352299925347,0,0,0,0,0.10723678767681122,task_success_while_recovery_active_per_intervention,True,False,,0.0,0.0,0.0,0.0,0.0,0,full
REIM (ACT + Detector + Recovery),48,6000090,metaworld,True,52,0.6118632640009309,1,1,1,43,0.3113192617893219,task_success_while_recovery_active_per_intervention,True,False,,0.0,0.0,0.0,0.0,0.0,0,full
REIM (ACT + Detector + Recovery),49,6000091,metaworld,True,54,0.42813106900030107,0,0,0,0,0.16694492101669312,task_success_while_recovery_active_per_intervention,True,False,,0.0,0.0,0.0,0.0,0.0,0,full
REIM (ACT + Detector + Recovery),50,6000092,metaworld,True,51,0.8030979590002971,0,0,0,0,0.11606194078922272,task_success_while_recovery_active_per_intervention,True,False,,0.0,0.0,0.0,0.0,0.0,0,full
REIM (ACT + Detector + Recovery),51,6000093,metaworld,True,59,0.5775426720010728,0,0,0,0,0.1695513129234314,task_success_while_recovery_active_per_intervention,True,False,,0.0,0.0,0.0,0.0,0.0,0,full
REIM (ACT + Detector + Recovery),52,6000094,metaworld,True,52,0.8953586279985757,1,1,1,43,0.3113192617893219,task_success_while_recovery_active_per_intervention,True,False,,0.0,0.0,0.0,0.0,0.0,0,full
REIM (ACT + Detector + Recovery),53,6000095,metaworld,True,55,0.6355179660004069,0,0,0,0,0.12435169517993927,task_success_while_recovery_active_per_intervention,True,False,,0.0,0.0,0.0,0.0,0.0,0,full
REIM (ACT + Detector + Recovery),54,6000096,metaworld,True,55,0.7962916300002689,1,1,1,39,0.21897472441196442,task_success_while_recovery_active_per_intervention,True,False,,0.0,0.0,0.0,0.0,0.0,0,full
REIM (ACT + Detector + Recovery),55,6000097,metaworld,True,49,0.6938901450012054,1,1,1,41,0.373996376991272,task_success_while_recovery_active_per_intervention,True,False,,0.0,0.0,0.0,0.0,0.0,0,full
REIM (ACT + Detector + Recovery),56,6000098,metaworld,True,46,0.5755413970000518,1,1,1,27,0.21957214176654816,task_success_while_recovery_active_per_intervention,True,False,,0.0,0.0,0.0,0.0,0.0,0,full
REIM (ACT + Detector + Recovery),57,6000099,metaworld,True,52,0.852815460999409,1,1,1,43,0.3113192617893219,task_success_while_recovery_active_per_intervention,True,False,,0.0,0.0,0.0,0.0,0.0,0,full
REIM (ACT + Detector + Recovery),58,6000100,metaworld,True,51,0.5872909990011976,0,0,0,0,0.17405110597610474,task_success_while_recovery_active_per_intervention,True,False,,0.0,0.0,0.0,0.0,0.0,0,full
REIM (ACT + Detector + Recovery),59,6000101,metaworld,True,55,0.7167315349997807,0,0,0,0,0.09207379817962646,task_success_while_recovery_active_per_intervention,True,False,,0.0,0.0,0.0,0.0,0.0,0,full
REIM (ACT + Detector + Recovery),60,6000102,metaworld,True,44,0.35661421999975573,1,1,1,36,0.4063047170639038,task_success_while_recovery_active_per_intervention,True,False,,0.0,0.0,0.0,0.0,0.0,0,full
REIM (ACT + Detector + Recovery),61,6000103,metaworld,True,47,0.36079448599957686,0,0,0,0,0.19181783497333527,task_success_while_recovery_active_per_intervention,True,False,,0.0,0.0,0.0,0.0,0.0,0,full
REIM (ACT + Detector + Recovery),62,6000104,metaworld,True,53,0.47821163299886393,0,0,0,0,0.13756391406059265,task_success_while_recovery_active_per_intervention,True,False,,0.0,0.0,0.0,0.0,0.0,0,full
REIM (ACT + Detector + Recovery),63,6000105,metaworld,True,49,0.6405154100011714,0,0,0,0,0.13994169235229492,task_success_while_recovery_active_per_intervention,True,False,,0.0,0.0,0.0,0.0,0.0,0,full
REIM (ACT + Detector + Recovery),64,6000106,metaworld,True,50,0.5773775659999956,0,0,0,0,0.10723678767681122,task_success_while_recovery_active_per_intervention,True,False,,0.0,0.0,0.0,0.0,0.0,0,full
REIM (ACT + Detector + Recovery),65,6000107,metaworld,True,56,0.5819569920004142,0,0,0,0,0.11033190786838531,task_success_while_recovery_active_per_intervention,True,False,,0.0,0.0,0.0,0.0,0.0,0,full
REIM (ACT + Detector + Recovery),66,6000108,metaworld,True,50,0.37116629100091814,0,0,0,0,0.14365904033184052,task_success_while_recovery_active_per_intervention,True,False,,0.0,0.0,0.0,0.0,0.0,0,full
REIM (ACT + Detector + Recovery),67,6000109,metaworld,True,51,0.30349343000125373,0,0,0,0,0.14358478784561157,task_success_while_recovery_active_per_intervention,True,False,,0.0,0.0,0.0,0.0,0.0,0,full
REIM (ACT + Detector + Recovery),68,6000110,metaworld,True,55,0.3167253939991497,0,0,0,0,0.09207379817962646,task_success_while_recovery_active_per_intervention,True,False,,0.0,0.0,0.0,0.0,0.0,0,full
REIM (ACT + Detector + Recovery),69,6000111,metaworld,True,56,0.7491192639990913,1,1,1,35,0.2515467703342438,task_success_while_recovery_active_per_intervention,True,False,,0.0,0.0,0.0,0.0,0.0,0,full
REIM (ACT + Detector + Recovery),70,6000112,metaworld,True,49,0.27310937400034163,0,0,0,0,0.13994169235229492,task_success_while_recovery_active_per_intervention,True,False,,0.0,0.0,0.0,0.0,0.0,0,full
REIM (ACT + Detector + Recovery),71,6000113,metaworld,True,56,0.726552776999597,1,1,1,35,0.2515467703342438,task_success_while_recovery_active_per_intervention,True,False,,0.0,0.0,0.0,0.0,0.0,0,full
REIM (ACT + Detector + Recovery),72,6000114,metaworld,True,44,0.6850996739995026,1,1,1,36,0.4063047170639038,task_success_while_recovery_active_per_intervention,True,False,,0.0,0.0,0.0,0.0,0.0,0,full
REIM (ACT + Detector + Recovery),73,6000115,metaworld,True,51,0.44680764399890904,0,0,0,0,0.16387145221233368,task_success_while_recovery_active_per_intervention,True,False,,0.0,0.0,0.0,0.0,0.0,0,full
REIM (ACT + Detector + Recovery),74,6000116,metaworld,True,55,0.6915803660012898,1,1,1,39,0.21897472441196442,task_success_while_recovery_active_per_intervention,True,False,,0.0,0.0,0.0,0.0,0.0,0,full
REIM (ACT + Detector + Recovery),75,6000117,metaworld,True,55,0.6873567870006809,1,1,1,39,0.21897472441196442,task_success_while_recovery_active_per_intervention,True,False,,0.0,0.0,0.0,0.0,0.0,0,full
REIM (ACT + Detector + Recovery),76,6000118,metaworld,True,53,0.3562350060001336,0,0,0,0,0.13756391406059265,task_success_while_recovery_active_per_intervention,True,False,,0.0,0.0,0.0,0.0,0.0,0,full
REIM (ACT + Detector + Recovery),77,6000119,metaworld,True,53,0.5941776639992895,0,0,0,0,0.127713143825531,task_success_while_recovery_active_per_intervention,True,False,,0.0,0.0,0.0,0.0,0.0,0,full
REIM (ACT + Detector + Recovery),78,6000120,metaworld,True,59,0.6061411739992764,0,0,0,0,0.12683512270450592,task_success_while_recovery_active_per_intervention,True,False,,0.0,0.0,0.0,0.0,0.0,0,full
REIM (ACT + Detector + Recovery),79,6000121,metaworld,True,56,0.43152145800013386,0,0,0,0,0.11033190786838531,task_success_while_recovery_active_per_intervention,True,False,,0.0,0.0,0.0,0.0,0.0,0,full
REIM (ACT + Detector + Recovery),80,6000122,metaworld,True,52,0.38724400699902617,0,0,0,0,0.10983125120401382,task_success_while_recovery_active_per_intervention,True,False,,0.0,0.0,0.0,0.0,0.0,0,full
REIM (ACT + Detector + Recovery),81,6000123,metaworld,True,52,0.8365749130007316,1,1,1,43,0.3113192617893219,task_success_while_recovery_active_per_intervention,True,False,,0.0,0.0,0.0,0.0,0.0,0,full
REIM (ACT + Detector + Recovery),82,6000124,metaworld,True,52,0.7822935169988341,1,1,1,34,0.3113390803337097,task_success_while_recovery_active_per_intervention,True,False,,0.0,0.0,0.0,0.0,0.0,0,full
REIM (ACT + Detector + Recovery),83,6000125,metaworld,True,49,0.8691553849985212,1,1,1,41,0.373996376991272,task_success_while_recovery_active_per_intervention,True,False,,0.0,0.0,0.0,0.0,0.0,0,full
REIM (ACT + Detector + Recovery),84,6000126,metaworld,True,55,0.4926746759992966,0,0,0,0,0.12435169517993927,task_success_while_recovery_active_per_intervention,True,False,,0.0,0.0,0.0,0.0,0.0,0,full
REIM (ACT + Detector + Recovery),85,6000127,metaworld,True,52,0.6912297700000636,1,1,1,34,0.3113390803337097,task_success_while_recovery_active_per_intervention,True,False,,0.0,0.0,0.0,0.0,0.0,0,full
REIM (ACT + Detector + Recovery),86,6000128,metaworld,True,59,0.2779021570004261,0,0,0,0,0.12683512270450592,task_success_while_recovery_active_per_intervention,True,False,,0.0,0.0,0.0,0.0,0.0,0,full
REIM (ACT + Detector + Recovery),87,6000129,metaworld,True,51,0.31858371299858845,0,0,0,0,0.17405110597610474,task_success_while_recovery_active_per_intervention,True,False,,0.0,0.0,0.0,0.0,0.0,0,full
REIM (ACT + Detector + Recovery),88,6000130,metaworld,True,58,0.37682763199882174,0,0,0,0,0.10507728159427643,task_success_while_recovery_active_per_intervention,True,False,,0.0,0.0,0.0,0.0,0.0,0,full
REIM (ACT + Detector + Recovery),89,6000131,metaworld,True,44,0.6367163160011842,1,1,1,36,0.4063047170639038,task_success_while_recovery_active_per_intervention,True,False,,0.0,0.0,0.0,0.0,0.0,0,full
REIM (ACT + Detector + Recovery),90,6000132,metaworld,True,51,0.3180576780014235,0,0,0,0,0.16387145221233368,task_success_while_recovery_active_per_intervention,True,False,,0.0,0.0,0.0,0.0,0.0,0,full
REIM (ACT + Detector + Recovery),91,6000133,metaworld,True,51,0.38410221800040745,0,0,0,0,0.1677646040916443,task_success_while_recovery_active_per_intervention,True,False,,0.0,0.0,0.0,0.0,0.0,0,full
REIM (ACT + Detector + Recovery),92,6000134,metaworld,True,56,0.7698068259996944,1,1,1,39,0.31515559554100037,task_success_while_recovery_active_per_intervention,True,False,,0.0,0.0,0.0,0.0,0.0,0,full
REIM (ACT + Detector + Recovery),93,6000135,metaworld,True,53,0.6392173240001284,0,0,0,0,0.127713143825531,task_success_while_recovery_active_per_intervention,True,False,,0.0,0.0,0.0,0.0,0.0,0,full
REIM (ACT + Detector + Recovery),94,6000136,metaworld,True,50,0.6685461600009148,0,0,0,0,0.14365904033184052,task_success_while_recovery_active_per_intervention,True,False,,0.0,0.0,0.0,0.0,0.0,0,full
REIM (ACT + Detector + Recovery),95,6000137,metaworld,True,57,0.8595949430000474,1,1,1,31,0.2092832624912262,task_success_while_recovery_active_per_intervention,True,False,,0.0,0.0,0.0,0.0,0.0,0,full
REIM (ACT + Detector + Recovery),96,6000138,metaworld,True,55,0.5839178099995479,0,0,0,0,0.12435169517993927,task_success_while_recovery_active_per_intervention,True,False,,0.0,0.0,0.0,0.0,0.0,0,full
REIM (ACT + Detector + Recovery),97,6000139,metaworld,True,52,0.5805670350000582,0,0,0,0,0.1282302290201187,task_success_while_recovery_active_per_intervention,True,False,,0.0,0.0,0.0,0.0,0.0,0,full
REIM (ACT + Detector + Recovery),98,6000140,metaworld,True,49,0.7040043180004432,0,0,0,0,0.13994169235229492,task_success_while_recovery_active_per_intervention,True,False,,0.0,0.0,0.0,0.0,0.0,0,full
REIM (ACT + Detector + Recovery),99,6000141,metaworld,True,44,0.7528703970001516,1,1,1,36,0.4063047170639038,task_success_while_recovery_active_per_intervention,True,False,,0.0,0.0,0.0,0.0,0.0,0,full
REIM (ACT + Detector + Recovery),100,6000142,metaworld,True,53,0.605180474000008,0,0,0,0,0.127713143825531,task_success_while_recovery_active_per_intervention,True,False,,0.0,0.0,0.0,0.0,0.0,0,full
REIM (ACT + Detector + Recovery),101,6000143,metaworld,True,52,0.5896591990003799,0,0,0,0,0.1781063675880432,task_success_while_recovery_active_per_intervention,True,False,,0.0,0.0,0.0,0.0,0.0,0,full
REIM (ACT + Detector + Recovery),102,6000144,metaworld,True,50,0.7745913930011739,1,1,1,40,0.2802259922027588,task_success_while_recovery_active_per_intervention,True,False,,0.0,0.0,0.0,0.0,0.0,0,full
REIM (ACT + Detector + Recovery),103,6000145,metaworld,True,55,0.4584672809996846,0,0,0,0,0.09207379817962646,task_success_while_recovery_active_per_intervention,True,False,,0.0,0.0,0.0,0.0,0.0,0,full
REIM (ACT + Detector + Recovery),104,6000146,metaworld,True,51,0.6641414440000517,1,1,1,30,0.21580620110034943,task_success_while_recovery_active_per_intervention,True,False,,0.0,0.0,0.0,0.0,0.0,0,full
REIM (ACT + Detector + Recovery),105,6000147,metaworld,True,50,0.8293361129999539,0,0,0,0,0.10723678767681122,task_success_while_recovery_active_per_intervention,True,False,,0.0,0.0,0.0,0.0,0.0,0,full
REIM (ACT + Detector + Recovery),106,6000148,metaworld,True,55,0.744022283999584,1,1,1,39,0.21897472441196442,task_success_while_recovery_active_per_intervention,True,False,,0.0,0.0,0.0,0.0,0.0,0,full
REIM (ACT + Detector + Recovery),107,6000149,metaworld,True,50,0.33930608199989365,0,0,0,0,0.14365904033184052,task_success_while_recovery_active_per_intervention,True,False,,0.0,0.0,0.0,0.0,0.0,0,full
REIM (ACT + Detector + Recovery),108,6000150,metaworld,True,47,0.4117467550004221,0,0,0,0,0.19181783497333527,task_success_while_recovery_active_per_intervention,True,False,,0.0,0.0,0.0,0.0,0.0,0,full
REIM (ACT + Detector + Recovery),109,6000151,metaworld,True,52,0.5407905520005443,0,0,0,0,0.10983125120401382,task_success_while_recovery_active_per_intervention,True,False,,0.0,0.0,0.0,0.0,0.0,0,full
REIM (ACT + Detector + Recovery),110,6000152,metaworld,True,51,0.350521115000447,0,0,0,0,0.1677646040916443,task_success_while_recovery_active_per_intervention,True,False,,0.0,0.0,0.0,0.0,0.0,0,full
REIM (ACT + Detector + Recovery),111,6000153,metaworld,True,50,0.7164931360002811,1,1,1,30,0.2007613182067871,task_success_while_recovery_active_per_intervention,True,False,,0.0,0.0,0.0,0.0,0.0,0,full
REIM (ACT + Detector + Recovery),112,6000154,metaworld,True,51,0.4293967869998596,0,0,0,0,0.14358478784561157,task_success_while_recovery_active_per_intervention,True,False,,0.0,0.0,0.0,0.0,0.0,0,full
REIM (ACT + Detector + Recovery),113,6000155,metaworld,True,53,0.4748110969994741,0,0,0,0,0.15620024502277374,task_success_while_recovery_active_per_intervention,True,False,,0.0,0.0,0.0,0.0,0.0,0,full
REIM (ACT + Detector + Recovery),114,6000156,metaworld,True,53,0.49336805699931574,0,0,0,0,0.15620024502277374,task_success_while_recovery_active_per_intervention,True,False,,0.0,0.0,0.0,0.0,0.0,0,full
REIM (ACT + Detector + Recovery),115,6000157,metaworld,True,53,0.29808644600052503,0,0,0,0,0.13756391406059265,task_success_while_recovery_active_per_intervention,True,False,,0.0,0.0,0.0,0.0,0.0,0,full
REIM (ACT + Detector + Recovery),116,6000158,metaworld,True,56,0.42829296799936856,0,0,0,0,0.11686310917139053,task_success_while_recovery_active_per_intervention,True,False,,0.0,0.0,0.0,0.0,0.0,0,full
REIM (ACT + Detector + Recovery),117,6000159,metaworld,True,46,0.7317512930003431,1,1,1,27,0.21957214176654816,task_success_while_recovery_active_per_intervention,True,False,,0.0,0.0,0.0,0.0,0.0,0,full
REIM (ACT + Detector + Recovery),118,6000160,metaworld,True,59,0.3281222469995555,0,0,0,0,0.1695513129234314,task_success_while_recovery_active_per_intervention,True,False,,0.0,0.0,0.0,0.0,0.0,0,full
REIM (ACT + Detector + Recovery),119,6000161,metaworld,True,59,0.23176181099915993,0,0,0,0,0.12683512270450592,task_success_while_recovery_active_per_intervention,True,False,,0.0,0.0,0.0,0.0,0.0,0,full
REIM (ACT + Detector + Recovery),120,6000162,metaworld,True,58,0.24463881999872683,0,0,0,0,0.11365169286727905,task_success_while_recovery_active_per_intervention,True,False,,0.0,0.0,0.0,0.0,0.0,0,full
REIM (ACT + Detector + Recovery),121,6000163,metaworld,True,57,0.28009511300115264,0,0,0,0,0.16305683553218842,task_success_while_recovery_active_per_intervention,True,False,,0.0,0.0,0.0,0.0,0.0,0,full
REIM (ACT + Detector + Recovery),122,6000164,metaworld,True,47,0.20657685700098227,0,0,0,0,0.19181783497333527,task_success_while_recovery_active_per_intervention,True,False,,0.0,0.0,0.0,0.0,0.0,0,full
REIM (ACT + Detector + Recovery),123,6000165,metaworld,True,58,0.41397748999952455,0,0,0,0,0.11365169286727905,task_success_while_recovery_active_per_intervention,True,False,,0.0,0.0,0.0,0.0,0.0,0,full
REIM (ACT + Detector + Recovery),124,6000166,metaworld,True,50,0.48924955500115175,0,0,0,0,0.10723678767681122,task_success_while_recovery_active_per_intervention,True,False,,0.0,0.0,0.0,0.0,0.0,0,full
REIM (ACT + Detector + Recovery),125,6000167,metaworld,True,59,0.5313396740002645,0,0,0,0,0.1695513129234314,task_success_while_recovery_active_per_intervention,True,False,,0.0,0.0,0.0,0.0,0.0,0,full
REIM (ACT + Detector + Recovery),126,6000168,metaworld,True,55,0.4500824620008643,0,0,0,0,0.09207379817962646,task_success_while_recovery_active_per_intervention,True,False,,0.0,0.0,0.0,0.0,0.0,0,full
REIM (ACT + Detector + Recovery),127,6000169,metaworld,True,59,0.2955837640001846,0,0,0,0,0.12683512270450592,task_success_while_recovery_active_per_intervention,True,False,,0.0,0.0,0.0,0.0,0.0,0,full
REIM (ACT + Detector + Recovery),128,6000170,metaworld,True,51,0.24918288600019878,0,0,0,0,0.17405110597610474,task_success_while_recovery_active_per_intervention,True,False,,0.0,0.0,0.0,0.0,0.0,0,full
REIM (ACT + Detector + Recovery),129,6000171,metaworld,True,51,0.2826737760005926,0,0,0,0,0.18026746809482574,task_success_while_recovery_active_per_intervention,True,False,,0.0,0.0,0.0,0.0,0.0,0,full
REIM (ACT + Detector + Recovery),130,6000172,metaworld,True,53,0.3953000850015087,0,0,0,0,0.13756391406059265,task_success_while_recovery_active_per_intervention,True,False,,0.0,0.0,0.0,0.0,0.0,0,full
REIM (ACT + Detector + Recovery),131,6000173,metaworld,True,44,0.2877289970001584,0,0,0,0,0.18533867597579956,task_success_while_recovery_active_per_intervention,True,False,,0.0,0.0,0.0,0.0,0.0,0,full
REIM (ACT + Detector + Recovery),132,6000174,metaworld,True,54,0.2480869339997298,0,0,0,0,0.13838931918144226,task_success_while_recovery_active_per_intervention,True,False,,0.0,0.0,0.0,0.0,0.0,0,full
REIM (ACT + Detector + Recovery),133,6000175,metaworld,True,55,0.2569714979999844,0,0,0,0,0.09207379817962646,task_success_while_recovery_active_per_intervention,True,False,,0.0,0.0,0.0,0.0,0.0,0,full
REIM (ACT + Detector + Recovery),134,6000176,metaworld,True,52,0.24787217999983113,0,0,0,0,0.1781063675880432,task_success_while_recovery_active_per_intervention,True,False,,0.0,0.0,0.0,0.0,0.0,0,full
REIM (ACT + Detector + Recovery),135,6000177,metaworld,True,49,0.24028385899873683,0,0,0,0,0.13994169235229492,task_success_while_recovery_active_per_intervention,True,False,,0.0,0.0,0.0,0.0,0.0,0,full
REIM (ACT + Detector + Recovery),136,6000178,metaworld,True,52,0.2615280609988986,0,0,0,0,0.10983125120401382,task_success_while_recovery_active_per_intervention,True,False,,0.0,0.0,0.0,0.0,0.0,0,full
REIM (ACT + Detector + Recovery),137,6000179,metaworld,True,57,0.2695224060007604,0,0,0,0,0.16305683553218842,task_success_while_recovery_active_per_intervention,True,False,,0.0,0.0,0.0,0.0,0.0,0,full
REIM (ACT + Detector + Recovery),138,6000180,metaworld,True,59,0.2778706549997878,0,0,0,0,0.1695513129234314,task_success_while_recovery_active_per_intervention,True,False,,0.0,0.0,0.0,0.0,0.0,0,full
REIM (ACT + Detector + Recovery),139,6000181,metaworld,True,54,0.20053922199986118,0,0,0,0,0.09814134240150452,task_success_while_recovery_active_per_intervention,True,False,,0.0,0.0,0.0,0.0,0.0,0,full
REIM (ACT + Detector + Recovery),140,6000182,metaworld,True,52,0.18773351999880106,0,0,0,0,0.1316947042942047,task_success_while_recovery_active_per_intervention,True,False,,0.0,0.0,0.0,0.0,0.0,0,full
REIM (ACT + Detector + Recovery),141,6000183,metaworld,True,56,0.23167705400010163,0,0,0,0,0.17236743867397308,task_success_while_recovery_active_per_intervention,True,False,,0.0,0.0,0.0,0.0,0.0,0,full
REIM (ACT + Detector + Recovery),142,6000184,metaworld,True,53,0.1982321100003901,0,0,0,0,0.15620024502277374,task_success_while_recovery_active_per_intervention,True,False,,0.0,0.0,0.0,0.0,0.0,0,full
REIM (ACT + Detector + Recovery),143,6000185,metaworld,True,51,0.19632551500035333,0,0,0,0,0.11606194078922272,task_success_while_recovery_active_per_intervention,True,False,,0.0,0.0,0.0,0.0,0.0,0,full
REIM (ACT + Detector + Recovery),144,6000186,metaworld,True,52,0.19671544800075935,0,0,0,0,0.19997800886631012,task_success_while_recovery_active_per_intervention,True,False,,0.0,0.0,0.0,0.0,0.0,0,full
REIM (ACT + Detector + Recovery),145,6000187,metaworld,True,52,0.573362086999623,1,1,1,35,0.22399134933948517,task_success_while_recovery_active_per_intervention,True,False,,0.0,0.0,0.0,0.0,0.0,0,full
REIM (ACT + Detector + Recovery),146,6000188,metaworld,True,57,0.57500303300003,1,1,1,31,0.2092832624912262,task_success_while_recovery_active_per_intervention,True,False,,0.0,0.0,0.0,0.0,0.0,0,full
REIM (ACT + Detector + Recovery),147,6000189,metaworld,True,58,0.3935787619993789,0,0,0,0,0.11365169286727905,task_success_while_recovery_active_per_intervention,True,False,,0.0,0.0,0.0,0.0,0.0,0,full
REIM (ACT + Detector + Recovery),148,6000190,metaworld,True,51,0.35817435599892633,0,0,0,0,0.11606194078922272,task_success_while_recovery_active_per_intervention,True,False,,0.0,0.0,0.0,0.0,0.0,0,full
REIM (ACT + Detector + Recovery),149,6000191,metaworld,True,53,0.35884353400069813,0,0,0,0,0.15620024502277374,task_success_while_recovery_active_per_intervention,True,False,,0.0,0.0,0.0,0.0,0.0,0,full
REIM (ACT + Detector + Recovery),150,6000192,metaworld,True,50,0.2687889369990444,0,0,0,0,0.13729049265384674,task_success_while_recovery_active_per_intervention,True,False,,0.0,0.0,0.0,0.0,0.0,0,full
REIM (ACT + Detector + Recovery),151,6000193,metaworld,True,51,0.30461365900009696,0,0,0,0,0.17405110597610474,task_success_while_recovery_active_per_intervention,True,False,,0.0,0.0,0.0,0.0,0.0,0,full
REIM (ACT + Detector + Recovery),152,6000194,metaworld,True,51,0.20140228099990054,0,0,0,0,0.18026746809482574,task_success_while_recovery_active_per_intervention,True,False,,0.0,0.0,0.0,0.0,0.0,0,full
REIM (ACT + Detector + Recovery),153,6000195,metaworld,True,51,0.19731496599888487,0,0,0,0,0.1677646040916443,task_success_while_recovery_active_per_intervention,True,False,,0.0,0.0,0.0,0.0,0.0,0,full
REIM (ACT + Detector + Recovery),154,6000196,metaworld,True,51,0.205140020001636,0,0,0,0,0.16387145221233368,task_success_while_recovery_active_per_intervention,True,False,,0.0,0.0,0.0,0.0,0.0,0,full
REIM (ACT + Detector + Recovery),155,6000197,metaworld,True,51,0.2218978690016229,0,0,0,0,0.16387145221233368,task_success_while_recovery_active_per_intervention,True,False,,0.0,0.0,0.0,0.0,0.0,0,full
REIM (ACT + Detector + Recovery),156,6000198,metaworld,True,50,0.19342968500131974,0,0,0,0,0.10723678767681122,task_success_while_recovery_active_per_intervention,True,False,,0.0,0.0,0.0,0.0,0.0,0,full
REIM (ACT + Detector + Recovery),157,6000199,metaworld,True,58,0.22796550699968066,0,0,0,0,0.14487150311470032,task_success_while_recovery_active_per_intervention,True,False,,0.0,0.0,0.0,0.0,0.0,0,full
REIM (ACT + Detector + Recovery),158,6000200,metaworld,True,54,0.22428382900034194,0,0,0,0,0.09814134240150452,task_success_while_recovery_active_per_intervention,True,False,,0.0,0.0,0.0,0.0,0.0,0,full
REIM (ACT + Detector + Recovery),159,6000201,metaworld,True,50,0.2143372159989667,0,0,0,0,0.13729049265384674,task_success_while_recovery_active_per_intervention,True,False,,0.0,0.0,0.0,0.0,0.0,0,full
REIM (ACT + Detector + Recovery),160,6000202,metaworld,True,50,0.5047876970002108,1,1,1,40,0.2802259922027588,task_success_while_recovery_active_per_intervention,True,False,,0.0,0.0,0.0,0.0,0.0,0,full
REIM (ACT + Detector + Recovery),161,6000203,metaworld,True,50,0.20079056000031414,0,0,0,0,0.10723678767681122,task_success_while_recovery_active_per_intervention,True,False,,0.0,0.0,0.0,0.0,0.0,0,full
REIM (ACT + Detector + Recovery),162,6000204,metaworld,True,52,0.22177989200099546,0,0,0,0,0.1781063675880432,task_success_while_recovery_active_per_intervention,True,False,,0.0,0.0,0.0,0.0,0.0,0,full
REIM (ACT + Detector + Recovery),163,6000205,metaworld,True,55,0.23463482999977714,0,0,0,0,0.12435169517993927,task_success_while_recovery_active_per_intervention,True,False,,0.0,0.0,0.0,0.0,0.0,0,full
REIM (ACT + Detector + Recovery),164,6000206,metaworld,True,51,0.22221882399935566,0,0,0,0,0.16387145221233368,task_success_while_recovery_active_per_intervention,True,False,,0.0,0.0,0.0,0.0,0.0,0,full
REIM (ACT + Detector + Recovery),165,6000207,metaworld,True,55,0.24129419300152222,0,0,0,0,0.12435169517993927,task_success_while_recovery_active_per_intervention,True,False,,0.0,0.0,0.0,0.0,0.0,0,full
REIM (ACT + Detector + Recovery),166,6000208,metaworld,True,51,0.21743843300100707,0,0,0,0,0.17405110597610474,task_success_while_recovery_active_per_intervention,True,False,,0.0,0.0,0.0,0.0,0.0,0,full
REIM (ACT + Detector + Recovery),167,6000209,metaworld,True,55,0.2325287080002454,0,0,0,0,0.12435169517993927,task_success_while_recovery_active_per_intervention,True,False,,0.0,0.0,0.0,0.0,0.0,0,full
REIM (ACT + Detector + Recovery),168,6000210,metaworld,True,52,0.8230246389994136,1,1,1,43,0.3113192617893219,task_success_while_recovery_active_per_intervention,True,False,,0.0,0.0,0.0,0.0,0.0,0,full
REIM (ACT + Detector + Recovery),169,6000211,metaworld,True,56,0.37408352500096953,0,0,0,0,0.11033190786838531,task_success_while_recovery_active_per_intervention,True,False,,0.0,0.0,0.0,0.0,0.0,0,full
REIM (ACT + Detector + Recovery),170,6000212,metaworld,True,49,0.3649275169991597,1,1,1,41,0.373996376991272,task_success_while_recovery_active_per_intervention,True,False,,0.0,0.0,0.0,0.0,0.0,0,full
REIM (ACT + Detector + Recovery),171,6000213,metaworld,True,46,0.33307360999970115,1,1,1,27,0.21957214176654816,task_success_while_recovery_active_per_intervention,True,False,,0.0,0.0,0.0,0.0,0.0,0,full
REIM (ACT + Detector + Recovery),172,6000214,metaworld,True,52,0.3824485610002739,0,0,0,0,0.1781063675880432,task_success_while_recovery_active_per_intervention,True,False,,0.0,0.0,0.0,0.0,0.0,0,full
REIM (ACT + Detector + Recovery),173,6000215,metaworld,True,52,0.2066686590005702,0,0,0,0,0.10983125120401382,task_success_while_recovery_active_per_intervention,True,False,,0.0,0.0,0.0,0.0,0.0,0,full
REIM (ACT + Detector + Recovery),174,6000216,metaworld,True,52,0.21558677299981355,0,0,0,0,0.1282302290201187,task_success_while_recovery_active_per_intervention,True,False,,0.0,0.0,0.0,0.0,0.0,0,full
REIM (ACT + Detector + Recovery),175,6000217,metaworld,True,52,0.2751225459996931,0,0,0,0,0.1781063675880432,task_success_while_recovery_active_per_intervention,True,False,,0.0,0.0,0.0,0.0,0.0,0,full
REIM (ACT + Detector + Recovery),176,6000218,metaworld,True,51,0.2860108799995942,0,0,0,0,0.18026746809482574,task_success_while_recovery_active_per_intervention,True,False,,0.0,0.0,0.0,0.0,0.0,0,full
REIM (ACT + Detector + Recovery),177,6000219,metaworld,True,52,0.5421183159996872,0,0,0,0,0.10983125120401382,task_success_while_recovery_active_per_intervention,True,False,,0.0,0.0,0.0,0.0,0.0,0,full
REIM (ACT + Detector + Recovery),178,6000220,metaworld,True,58,0.429255731000012,0,0,0,0,0.14487150311470032,task_success_while_recovery_active_per_intervention,True,False,,0.0,0.0,0.0,0.0,0.0,0,full
REIM (ACT + Detector + Recovery),179,6000221,metaworld,True,56,0.4093398309996701,1,1,1,35,0.2515467703342438,task_success_while_recovery_active_per_intervention,True,False,,0.0,0.0,0.0,0.0,0.0,0,full
REIM (ACT + Detector + Recovery),180,6000222,metaworld,True,52,0.3242427269997279,0,0,0,0,0.1282302290201187,task_success_while_recovery_active_per_intervention,True,False,,0.0,0.0,0.0,0.0,0.0,0,full
REIM (ACT + Detector + Recovery),181,6000223,metaworld,True,52,0.2263447340010316,0,0,0,0,0.1781063675880432,task_success_while_recovery_active_per_intervention,True,False,,0.0,0.0,0.0,0.0,0.0,0,full
REIM (ACT + Detector + Recovery),182,6000224,metaworld,True,57,0.2633834689986543,0,0,0,0,0.16305683553218842,task_success_while_recovery_active_per_intervention,True,False,,0.0,0.0,0.0,0.0,0.0,0,full
REIM (ACT + Detector + Recovery),183,6000225,metaworld,True,47,0.3046727730015846,0,0,0,0,0.19181783497333527,task_success_while_recovery_active_per_intervention,True,False,,0.0,0.0,0.0,0.0,0.0,0,full
REIM (ACT + Detector + Recovery),184,6000226,metaworld,True,50,0.5133140779998939,1,1,1,40,0.2802259922027588,task_success_while_recovery_active_per_intervention,True,False,,0.0,0.0,0.0,0.0,0.0,0,full
REIM (ACT + Detector + Recovery),185,6000227,metaworld,True,59,0.4319977499999368,0,0,0,0,0.1695513129234314,task_success_while_recovery_active_per_intervention,True,False,,0.0,0.0,0.0,0.0,0.0,0,full
REIM (ACT + Detector + Recovery),186,6000228,metaworld,True,57,0.4306817599990609,0,0,0,0,0.16305683553218842,task_success_while_recovery_active_per_intervention,True,False,,0.0,0.0,0.0,0.0,0.0,0,full
REIM (ACT + Detector + Recovery),187,6000229,metaworld,True,50,0.7242499050007609,0,0,0,0,0.13729049265384674,task_success_while_recovery_active_per_intervention,True,False,,0.0,0.0,0.0,0.0,0.0,0,full
REIM (ACT + Detector + Recovery),188,6000230,metaworld,True,54,0.5816609979992791,0,0,0,0,0.09814134240150452,task_success_while_recovery_active_per_intervention,True,False,,0.0,0.0,0.0,0.0,0.0,0,full
REIM (ACT + Detector + Recovery),189,6000231,metaworld,True,56,0.27017833900026744,0,0,0,0,0.17236743867397308,task_success_while_recovery_active_per_intervention,True,False,,0.0,0.0,0.0,0.0,0.0,0,full
REIM (ACT + Detector + Recovery),190,6000232,metaworld,True,56,0.26001870399886684,1,1,1,35,0.2515467703342438,task_success_while_recovery_active_per_intervention,True,False,,0.0,0.0,0.0,0.0,0.0,0,full
REIM (ACT + Detector + Recovery),191,6000233,metaworld,True,53,0.25406161199862254,0,0,0,0,0.15620024502277374,task_success_while_recovery_active_per_intervention,True,False,,0.0,0.0,0.0,0.0,0.0,0,full
REIM (ACT + Detector + Recovery),192,6000234,metaworld,True,53,0.536250346000088,0,0,0,0,0.127713143825531,task_success_while_recovery_active_per_intervention,True,False,,0.0,0.0,0.0,0.0,0.0,0,full
REIM (ACT + Detector + Recovery),193,6000235,metaworld,True,52,0.6712598240010266,1,1,1,34,0.3113390803337097,task_success_while_recovery_active_per_intervention,True,False,,0.0,0.0,0.0,0.0,0.0,0,full
REIM (ACT + Detector + Recovery),194,6000236,metaworld,True,57,0.7468731830012985,1,1,1,31,0.2092832624912262,task_success_while_recovery_active_per_intervention,True,False,,0.0,0.0,0.0,0.0,0.0,0,full
REIM (ACT + Detector + Recovery),195,6000237,metaworld,True,52,0.638140631999704,1,1,1,43,0.3113192617893219,task_success_while_recovery_active_per_intervention,True,False,,0.0,0.0,0.0,0.0,0.0,0,full
REIM (ACT + Detector + Recovery),196,6000238,metaworld,True,50,0.29564482099885936,0,0,0,0,0.14365904033184052,task_success_while_recovery_active_per_intervention,True,False,,0.0,0.0,0.0,0.0,0.0,0,full
REIM (ACT + Detector + Recovery),197,6000239,metaworld,True,56,0.3601411409999855,0,0,0,0,0.11686310917139053,task_success_while_recovery_active_per_intervention,True,False,,0.0,0.0,0.0,0.0,0.0,0,full
REIM (ACT + Detector + Recovery),198,6000240,metaworld,True,53,0.35391421200074547,0,0,0,0,0.15620024502277374,task_success_while_recovery_active_per_intervention,True,False,,0.0,0.0,0.0,0.0,0.0,0,full
REIM (ACT + Detector + Recovery),199,6000241,metaworld,True,58,0.37840201200015144,0,0,0,0,0.14487150311470032,task_success_while_recovery_active_per_intervention,True,False,,0.0,0.0,0.0,0.0,0.0,0,full
ACT,0,6000042,metaworld,True,51,0.8131983690000197,0,0,0,0,0.0,,True,False,,0.1,10.0,0.04000000000000001,0.0025000000000000005,0.010000000000000002,0,full
ACT,1,6000043,metaworld,True,50,0.8221383410000271,0,0,0,0,0.0,,True,False,,0.1,10.0,0.04000000000000001,0.0025000000000000005,0.010000000000000002,0,full
ACT,2,6000044,metaworld,True,58,0.8687370309999096,0,0,0,0,0.0,,True,False,,0.1,10.0,0.04000000000000001,0.0025000000000000005,0.010000000000000002,0,full
ACT,3,6000045,metaworld,True,53,0.6426282450011058,0,0,0,0,0.0,,True,False,,0.1,10.0,0.04000000000000001,0.0025000000000000005,0.010000000000000002,0,full
ACT,4,6000046,metaworld,True,54,0.4718163649995404,0,0,0,0,0.0,,True,False,,0.1,10.0,0.04000000000000001,0.0025000000000000005,0.010000000000000002,0,full
ACT,5,6000047,metaworld,True,50,0.49303630600115866,0,0,0,0,0.0,,True,False,,0.1,10.0,0.04000000000000001,0.0025000000000000005,0.010000000000000002,0,full
ACT,6,6000048,metaworld,True,53,0.23985735599853797,0,0,0,0,0.0,,True,False,,0.1,10.0,0.04000000000000001,0.0025000000000000005,0.010000000000000002,0,full
ACT,7,6000049,metaworld,True,55,0.1735432490004314,0,0,0,0,0.0,,True,False,,0.1,10.0,0.04000000000000001,0.0025000000000000005,0.010000000000000002,0,full
ACT,8,6000050,metaworld,True,53,0.4711278360009601,0,0,0,0,0.0,,True,False,,0.1,10.0,0.04000000000000001,0.0025000000000000005,0.010000000000000002,0,full
ACT,9,6000051,metaworld,True,53,0.30632336500093515,0,0,0,0,0.0,,True,False,,0.1,10.0,0.04000000000000001,0.0025000000000000005,0.010000000000000002,0,full
ACT,10,6000052,metaworld,True,48,0.19855461900078808,0,0,0,0,0.0,,True,False,,0.1,10.0,0.04000000000000001,0.0025000000000000005,0.010000000000000002,0,full
ACT,11,6000053,metaworld,True,51,0.16999746200053778,0,0,0,0,0.0,,True,False,,0.1,10.0,0.04000000000000001,0.0025000000000000005,0.010000000000000002,0,full
ACT,12,6000054,metaworld,True,50,0.33277278099922114,0,0,0,0,0.0,,True,False,,0.1,10.0,0.04000000000000001,0.0025000000000000005,0.010000000000000002,0,full
ACT,13,6000055,metaworld,True,52,0.29966496499946516,0,0,0,0,0.0,,True,False,,0.1,10.0,0.04000000000000001,0.0025000000000000005,0.010000000000000002,0,full
ACT,14,6000056,metaworld,True,57,0.5036276099999668,0,0,0,0,0.0,,True,False,,0.1,10.0,0.04000000000000001,0.0025000000000000005,0.010000000000000002,0,full
ACT,15,6000057,metaworld,True,49,0.5505798759986646,0,0,0,0,0.0,,True,False,,0.1,10.0,0.04000000000000001,0.0025000000000000005,0.010000000000000002,0,full
ACT,16,6000058,metaworld,True,56,0.5874630799989973,0,0,0,0,0.0,,True,False,,0.1,10.0,0.04000000000000001,0.0025000000000000005,0.010000000000000002,0,full
ACT,17,6000059,metaworld,True,57,0.32326160299999174,0,0,0,0,0.0,,True,False,,0.1,10.0,0.04000000000000001,0.0025000000000000005,0.010000000000000002,0,full
ACT,18,6000060,metaworld,True,47,0.4463982679990295,0,0,0,0,0.0,,True,False,,0.1,10.0,0.04000000000000001,0.0025000000000000005,0.010000000000000002,0,full
ACT,19,6000061,metaworld,True,52,0.5093809949994466,0,0,0,0,0.0,,True,False,,0.1,10.0,0.04000000000000001,0.0025000000000000005,0.010000000000000002,0,full
ACT,20,6000062,metaworld,True,54,0.5896393450002506,0,0,0,0,0.0,,True,False,,0.1,10.0,0.04000000000000001,0.0025000000000000005,0.010000000000000002,0,full
ACT,21,6000063,metaworld,True,54,0.35804380899935495,0,0,0,0,0.0,,True,False,,0.1,10.0,0.04000000000000001,0.0025000000000000005,0.010000000000000002,0,full
ACT,22,6000064,metaworld,True,51,0.36670385300021735,0,0,0,0,0.0,,True,False,,0.1,10.0,0.04000000000000001,0.0025000000000000005,0.010000000000000002,0,full
ACT,23,6000065,metaworld,True,53,0.2852583659987431,0,0,0,0,0.0,,True,False,,0.1,10.0,0.04000000000000001,0.0025000000000000005,0.010000000000000002,0,full
ACT,24,6000066,metaworld,True,61,0.34586535599919443,0,0,0,0,0.0,,True,False,,0.1,10.0,0.04000000000000001,0.0025000000000000005,0.010000000000000002,0,full
ACT,25,6000067,metaworld,True,54,0.634684508000646,0,0,0,0,0.0,,True,False,,0.1,10.0,0.04000000000000001,0.0025000000000000005,0.010000000000000002,0,full
ACT,26,6000068,metaworld,True,54,0.2881241499999305,0,0,0,0,0.0,,True,False,,0.1,10.0,0.04000000000000001,0.0025000000000000005,0.010000000000000002,0,full
ACT,27,6000069,metaworld,True,57,0.3097039610001957,0,0,0,0,0.0,,True,False,,0.1,10.0,0.04000000000000001,0.0025000000000000005,0.010000000000000002,0,full
ACT,28,6000070,metaworld,True,53,0.6501608319995285,0,0,0,0,0.0,,True,False,,0.1,10.0,0.04000000000000001,0.0025000000000000005,0.010000000000000002,0,full
ACT,29,6000071,metaworld,True,56,0.7073177220008802,0,0,0,0,0.0,,True,False,,0.1,10.0,0.04000000000000001,0.0025000000000000005,0.010000000000000002,0,full
ACT,30,6000072,metaworld,True,59,0.296233431001383,0,0,0,0,0.0,,True,False,,0.1,10.0,0.04000000000000001,0.0025000000000000005,0.010000000000000002,0,full
ACT,31,6000073,metaworld,True,50,0.5069639649991586,0,0,0,0,0.0,,True,False,,0.1,10.0,0.04000000000000001,0.0025000000000000005,0.010000000000000002,0,full
ACT,32,6000074,metaworld,True,46,0.5346441229994525,0,0,0,0,0.0,,True,False,,0.1,10.0,0.04000000000000001,0.0025000000000000005,0.010000000000000002,0,full
ACT,33,6000075,metaworld,True,56,0.273037746999762,0,0,0,0,0.0,,True,False,,0.1,10.0,0.04000000000000001,0.0025000000000000005,0.010000000000000002,0,full
ACT,34,6000076,metaworld,True,58,0.19958400500036078,0,0,0,0,0.0,,True,False,,0.1,10.0,0.04000000000000001,0.0025000000000000005,0.010000000000000002,0,full
ACT,35,6000077,metaworld,True,53,0.17247802600104478,0,0,0,0,0.0,,True,False,,0.1,10.0,0.04000000000000001,0.0025000000000000005,0.010000000000000002,0,full
ACT,36,6000078,metaworld,True,53,0.24875000800057023,0,0,0,0,0.0,,True,False,,0.1,10.0,0.04000000000000001,0.0025000000000000005,0.010000000000000002,0,full
ACT,37,6000079,metaworld,True,51,0.303799331000846,0,0,0,0,0.0,,True,False,,0.1,10.0,0.04000000000000001,0.0025000000000000005,0.010000000000000002,0,full
ACT,38,6000080,metaworld,True,48,0.2791625160007243,0,0,0,0,0.0,,True,False,,0.1,10.0,0.04000000000000001,0.0025000000000000005,0.010000000000000002,0,full
ACT,39,6000081,metaworld,True,60,0.20848069499879784,0,0,0,0,0.0,,True,False,,0.1,10.0,0.04000000000000001,0.0025000000000000005,0.010000000000000002,0,full
ACT,40,6000082,metaworld,True,51,0.3057146280007146,0,0,0,0,0.0,,True,False,,0.1,10.0,0.04000000000000001,0.0025000000000000005,0.010000000000000002,0,full
ACT,41,6000083,metaworld,True,54,0.39251215599870193,0,0,0,0,0.0,,True,False,,0.1,10.0,0.04000000000000001,0.0025000000000000005,0.010000000000000002,0,full
ACT,42,6000084,metaworld,True,52,0.3133224210014305,0,0,0,0,0.0,,True,False,,0.1,10.0,0.04000000000000001,0.0025000000000000005,0.010000000000000002,0,full
ACT,43,6000085,metaworld,True,54,0.28452101800030505,0,0,0,0,0.0,,True,False,,0.1,10.0,0.04000000000000001,0.0025000000000000005,0.010000000000000002,0,full
ACT,44,6000086,metaworld,True,51,0.3033760309990612,0,0,0,0,0.0,,True,False,,0.1,10.0,0.04000000000000001,0.0025000000000000005,0.010000000000000002,0,full
ACT,45,6000087,metaworld,True,52,0.2873902030005411,0,0,0,0,0.0,,True,False,,0.1,10.0,0.04000000000000001,0.0025000000000000005,0.010000000000000002,0,full
ACT,46,6000088,metaworld,True,61,0.484381331001714,0,0,0,0,0.0,,True,False,,0.1,10.0,0.04000000000000001,0.0025000000000000005,0.010000000000000002,0,full
ACT,47,6000089,metaworld,True,50,0.5054677129992342,0,0,0,0,0.0,,True,False,,0.1,10.0,0.04000000000000001,0.0025000000000000005,0.010000000000000002,0,full
ACT,48,6000090,metaworld,True,53,0.4350943270001153,0,0,0,0,0.0,,True,False,,0.1,10.0,0.04000000000000001,0.0025000000000000005,0.010000000000000002,0,full
ACT,49,6000091,metaworld,True,54,0.3044990449998295,0,0,0,0,0.0,,True,False,,0.1,10.0,0.04000000000000001,0.0025000000000000005,0.010000000000000002,0,full
ACT,50,6000092,metaworld,True,51,0.5328787039998133,0,0,0,0,0.0,,True,False,,0.1,10.0,0.04000000000000001,0.0025000000000000005,0.010000000000000002,0,full
ACT,51,6000093,metaworld,True,56,0.7504415049988893,0,0,0,0,0.0,,True,False,,0.1,10.0,0.04000000000000001,0.0025000000000000005,0.010000000000000002,0,full
ACT,52,6000094,metaworld,True,54,0.4357321520001278,0,0,0,0,0.0,,True,False,,0.1,10.0,0.04000000000000001,0.0025000000000000005,0.010000000000000002,0,full
ACT,53,6000095,metaworld,True,53,0.3165811090002535,0,0,0,0,0.0,,True,False,,0.1,10.0,0.04000000000000001,0.0025000000000000005,0.010000000000000002,0,full
ACT,54,6000096,metaworld,True,56,0.680102992000684,0,0,0,0,0.0,,True,False,,0.1,10.0,0.04000000000000001,0.0025000000000000005,0.010000000000000002,0,full
ACT,55,6000097,metaworld,True,53,0.6958533109991549,0,0,0,0,0.0,,True,False,,0.1,10.0,0.04000000000000001,0.0025000000000000005,0.010000000000000002,0,full
ACT,56,6000098,metaworld,True,45,0.5396612509994156,0,0,0,0,0.0,,True,False,,0.1,10.0,0.04000000000000001,0.0025000000000000005,0.010000000000000002,0,full
ACT,57,6000099,metaworld,True,52,0.370149025999126,0,0,0,0,0.0,,True,False,,0.1,10.0,0.04000000000000001,0.0025000000000000005,0.010000000000000002,0,full
ACT,58,6000100,metaworld,True,52,0.27637875999971584,0,0,0,0,0.0,,True,False,,0.1,10.0,0.04000000000000001,0.0025000000000000005,0.010000000000000002,0,full
ACT,59,6000101,metaworld,True,57,0.34456296999996994,0,0,0,0,0.0,,True,False,,0.1,10.0,0.04000000000000001,0.0025000000000000005,0.010000000000000002,0,full
ACT,60,6000102,metaworld,True,48,0.331462054999065,0,0,0,0,0.0,,True,False,,0.1,10.0,0.04000000000000001,0.0025000000000000005,0.010000000000000002,0,full
ACT,61,6000103,metaworld,True,48,0.3306346259996644,0,0,0,0,0.0,,True,False,,0.1,10.0,0.04000000000000001,0.0025000000000000005,0.010000000000000002,0,full
ACT,62,6000104,metaworld,True,54,0.46996110699910787,0,0,0,0,0.0,,True,False,,0.1,10.0,0.04000000000000001,0.0025000000000000005,0.010000000000000002,0,full
ACT,63,6000105,metaworld,True,49,0.4163084980009444,0,0,0,0,0.0,,True,False,,0.1,10.0,0.04000000000000001,0.0025000000000000005,0.010000000000000002,0,full
ACT,64,6000106,metaworld,True,51,0.2985978970009455,0,0,0,0,0.0,,True,False,,0.1,10.0,0.04000000000000001,0.0025000000000000005,0.010000000000000002,0,full
ACT,65,6000107,metaworld,True,59,0.6152786879993073,0,0,0,0,0.0,,True,False,,0.1,10.0,0.04000000000000001,0.0025000000000000005,0.010000000000000002,0,full
ACT,66,6000108,metaworld,True,50,0.6866589890014438,0,0,0,0,0.0,,True,False,,0.1,10.0,0.04000000000000001,0.0025000000000000005,0.010000000000000002,0,full
ACT,67,6000109,metaworld,True,51,0.40418666299956385,0,0,0,0,0.0,,True,False,,0.1,10.0,0.04000000000000001,0.0025000000000000005,0.010000000000000002,0,full
ACT,68,6000110,metaworld,True,56,0.3757440270001098,0,0,0,0,0.0,,True,False,,0.1,10.0,0.04000000000000001,0.0025000000000000005,0.010000000000000002,0,full
ACT,69,6000111,metaworld,True,55,0.46961837600065337,0,0,0,0,0.0,,True,False,,0.1,10.0,0.04000000000000001,0.0025000000000000005,0.010000000000000002,0,full
ACT,70,6000112,metaworld,True,50,0.4450687509997806,0,0,0,0,0.0,,True,False,,0.1,10.0,0.04000000000000001,0.0025000000000000005,0.010000000000000002,0,full
ACT,71,6000113,metaworld,True,54,0.3800667360010266,0,0,0,0,0.0,,True,False,,0.1,10.0,0.04000000000000001,0.0025000000000000005,0.010000000000000002,0,full
ACT,72,6000114,metaworld,True,49,0.521663252999133,0,0,0,0,0.0,,True,False,,0.1,10.0,0.04000000000000001,0.0025000000000000005,0.010000000000000002,0,full
ACT,73,6000115,metaworld,True,52,0.2968202760002896,0,0,0,0,0.0,,True,False,,0.1,10.0,0.04000000000000001,0.0025000000000000005,0.010000000000000002,0,full
ACT,74,6000116,metaworld,True,52,0.4405575360015064,0,0,0,0,0.0,,True,False,,0.1,10.0,0.04000000000000001,0.0025000000000000005,0.010000000000000002,0,full
ACT,75,6000117,metaworld,True,54,0.6635757240001112,0,0,0,0,0.0,,True,False,,0.1,10.0,0.04000000000000001,0.0025000000000000005,0.010000000000000002,0,full
ACT,76,6000118,metaworld,True,55,0.657115107998834,0,0,0,0,0.0,,True,False,,0.1,10.0,0.04000000000000001,0.0025000000000000005,0.010000000000000002,0,full
ACT,77,6000119,metaworld,True,55,0.4757694749987422,0,0,0,0,0.0,,True,False,,0.1,10.0,0.04000000000000001,0.0025000000000000005,0.010000000000000002,0,full
ACT,78,6000120,metaworld,True,59,0.5400056099988433,0,0,0,0,0.0,,True,False,,0.1,10.0,0.04000000000000001,0.0025000000000000005,0.010000000000000002,0,full
ACT,79,6000121,metaworld,True,57,0.7375042630010284,0,0,0,0,0.0,,True,False,,0.1,10.0,0.04000000000000001,0.0025000000000000005,0.010000000000000002,0,full
ACT,80,6000122,metaworld,True,54,0.5822739780014672,0,0,0,0,0.0,,True,False,,0.1,10.0,0.04000000000000001,0.0025000000000000005,0.010000000000000002,0,full
ACT,81,6000123,metaworld,True,51,0.5361371300004976,0,0,0,0,0.0,,True,False,,0.1,10.0,0.04000000000000001,0.0025000000000000005,0.010000000000000002,0,full
ACT,82,6000124,metaworld,True,51,0.45449183200071275,0,0,0,0,0.0,,True,False,,0.1,10.0,0.04000000000000001,0.0025000000000000005,0.010000000000000002,0,full
ACT,83,6000125,metaworld,True,53,0.7467986780011415,0,0,0,0,0.0,,True,False,,0.1,10.0,0.04000000000000001,0.0025000000000000005,0.010000000000000002,0,full
ACT,84,6000126,metaworld,True,54,0.5049683810011629,0,0,0,0,0.0,,True,False,,0.1,10.0,0.04000000000000001,0.0025000000000000005,0.010000000000000002,0,full
ACT,85,6000127,metaworld,True,50,0.20663845000126457,0,0,0,0,0.0,,True,False,,0.1,10.0,0.04000000000000001,0.0025000000000000005,0.010000000000000002,0,full
ACT,86,6000128,metaworld,True,60,0.6590109259996098,0,0,0,0,0.0,,True,False,,0.1,10.0,0.04000000000000001,0.0025000000000000005,0.010000000000000002,0,full
ACT,87,6000129,metaworld,True,51,0.36250954199931584,0,0,0,0,0.0,,True,False,,0.1,10.0,0.04000000000000001,0.0025000000000000005,0.010000000000000002,0,full
ACT,88,6000130,metaworld,True,59,0.51751618399976,0,0,0,0,0.0,,True,False,,0.1,10.0,0.04000000000000001,0.0025000000000000005,0.010000000000000002,0,full
ACT,89,6000131,metaworld,True,49,0.533158492999064,0,0,0,0,0.0,,True,False,,0.1,10.0,0.04000000000000001,0.0025000000000000005,0.010000000000000002,0,full
ACT,90,6000132,metaworld,True,50,0.3453082159994665,0,0,0,0,0.0,,True,False,,0.1,10.0,0.04000000000000001,0.0025000000000000005,0.010000000000000002,0,full
ACT,91,6000133,metaworld,True,52,0.36424012499992386,0,0,0,0,0.0,,True,False,,0.1,10.0,0.04000000000000001,0.0025000000000000005,0.010000000000000002,0,full
ACT,92,6000134,metaworld,True,54,0.48133276699991256,0,0,0,0,0.0,,True,False,,0.1,10.0,0.04000000000000001,0.0025000000000000005,0.010000000000000002,0,full
ACT,93,6000135,metaworld,True,53,0.5214387850010098,0,0,0,0,0.0,,True,False,,0.1,10.0,0.04000000000000001,0.0025000000000000005,0.010000000000000002,0,full
ACT,94,6000136,metaworld,True,50,0.49865087699981814,0,0,0,0,0.0,,True,False,,0.1,10.0,0.04000000000000001,0.0025000000000000005,0.010000000000000002,0,full
ACT,95,6000137,metaworld,True,56,0.3897189460003574,0,0,0,0,0.0,,True,False,,0.1,10.0,0.04000000000000001,0.0025000000000000005,0.010000000000000002,0,full
ACT,96,6000138,metaworld,True,56,0.5354438199992728,0,0,0,0,0.0,,True,False,,0.1,10.0,0.04000000000000001,0.0025000000000000005,0.010000000000000002,0,full
ACT,97,6000139,metaworld,True,53,0.5204339009997057,0,0,0,0,0.0,,True,False,,0.1,10.0,0.04000000000000001,0.0025000000000000005,0.010000000000000002,0,full
ACT,98,6000140,metaworld,True,50,0.2896914270004345,0,0,0,0,0.0,,True,False,,0.1,10.0,0.04000000000000001,0.0025000000000000005,0.010000000000000002,0,full
ACT,99,6000141,metaworld,True,46,0.16108438300034322,0,0,0,0,0.0,,True,False,,0.1,10.0,0.04000000000000001,0.0025000000000000005,0.010000000000000002,0,full
ACT,100,6000142,metaworld,True,54,0.15889339800014568,0,0,0,0,0.0,,True,False,,0.1,10.0,0.04000000000000001,0.0025000000000000005,0.010000000000000002,0,full
ACT,101,6000143,metaworld,True,52,0.24355832899891539,0,0,0,0,0.0,,True,False,,0.1,10.0,0.04000000000000001,0.0025000000000000005,0.010000000000000002,0,full
ACT,102,6000144,metaworld,True,51,0.2831487220009876,0,0,0,0,0.0,,True,False,,0.1,10.0,0.04000000000000001,0.0025000000000000005,0.010000000000000002,0,full
ACT,103,6000145,metaworld,False,200,1.4504414049988554,0,0,0,0,0.0,,False,True,object_dropped,0.1,10.0,0.04000000000000001,0.0025000000000000005,0.010000000000000002,0,full
ACT,104,6000146,metaworld,True,51,0.4558886370014079,0,0,0,0,0.0,,True,False,,0.1,10.0,0.04000000000000001,0.0025000000000000005,0.010000000000000002,0,full
ACT,105,6000147,metaworld,True,52,0.23643261400138726,0,0,0,0,0.0,,True,False,,0.1,10.0,0.04000000000000001,0.0025000000000000005,0.010000000000000002,0,full
ACT,106,6000148,metaworld,True,52,0.202149273998657,0,0,0,0,0.0,,True,False,,0.1,10.0,0.04000000000000001,0.0025000000000000005,0.010000000000000002,0,full
ACT,107,6000149,metaworld,True,51,0.30917383800078824,0,0,0,0,0.0,,True,False,,0.1,10.0,0.04000000000000001,0.0025000000000000005,0.010000000000000002,0,full
ACT,108,6000150,metaworld,True,47,0.2906621530000848,0,0,0,0,0.0,,True,False,,0.1,10.0,0.04000000000000001,0.0025000000000000005,0.010000000000000002,0,full
ACT,109,6000151,metaworld,True,52,0.38046812300126476,0,0,0,0,0.0,,True,False,,0.1,10.0,0.04000000000000001,0.0025000000000000005,0.010000000000000002,0,full
ACT,110,6000152,metaworld,True,50,0.1552493819999654,0,0,0,0,0.0,,True,False,,0.1,10.0,0.04000000000000001,0.0025000000000000005,0.010000000000000002,0,full
ACT,111,6000153,metaworld,True,50,0.1706374900004448,0,0,0,0,0.0,,True,False,,0.1,10.0,0.04000000000000001,0.0025000000000000005,0.010000000000000002,0,full
ACT,112,6000154,metaworld,True,51,0.2984007949999068,0,0,0,0,0.0,,True,False,,0.1,10.0,0.04000000000000001,0.0025000000000000005,0.010000000000000002,0,full
ACT,113,6000155,metaworld,True,52,0.17240394100008416,0,0,0,0,0.0,,True,False,,0.1,10.0,0.04000000000000001,0.0025000000000000005,0.010000000000000002,0,full
ACT,114,6000156,metaworld,True,54,0.17055153399996925,0,0,0,0,0.0,,True,False,,0.1,10.0,0.04000000000000001,0.0025000000000000005,0.010000000000000002,0,full
ACT,115,6000157,metaworld,True,53,0.17561227300029714,0,0,0,0,0.0,,True,False,,0.1,10.0,0.04000000000000001,0.0025000000000000005,0.010000000000000002,0,full
ACT,116,6000158,metaworld,True,59,0.25302250100139645,0,0,0,0,0.0,,True,False,,0.1,10.0,0.04000000000000001,0.0025000000000000005,0.010000000000000002,0,full
ACT,117,6000159,metaworld,True,49,0.31263682799908565,0,0,0,0,0.0,,True,False,,0.1,10.0,0.04000000000000001,0.0025000000000000005,0.010000000000000002,0,full
ACT,118,6000160,metaworld,True,60,0.3515167810001003,0,0,0,0,0.0,,True,False,,0.1,10.0,0.04000000000000001,0.0025000000000000005,0.010000000000000002,0,full
ACT,119,6000161,metaworld,True,59,0.22659766099968692,0,0,0,0,0.0,,True,False,,0.1,10.0,0.04000000000000001,0.0025000000000000005,0.010000000000000002,0,full
ACT,120,6000162,metaworld,True,60,0.2321982190005656,0,0,0,0,0.0,,True,False,,0.1,10.0,0.04000000000000001,0.0025000000000000005,0.010000000000000002,0,full
ACT,121,6000163,metaworld,True,59,0.3883081959993433,0,0,0,0,0.0,,True,False,,0.1,10.0,0.04000000000000001,0.0025000000000000005,0.010000000000000002,0,full
ACT,122,6000164,metaworld,True,48,0.3078645069999766,0,0,0,0,0.0,,True,False,,0.1,10.0,0.04000000000000001,0.0025000000000000005,0.010000000000000002,0,full
ACT,123,6000165,metaworld,False,200,0.8263986869988003,0,0,0,0,0.0,,False,True,object_dropped,0.1,10.0,0.04000000000000001,0.0025000000000000005,0.010000000000000002,0,full
ACT,124,6000166,metaworld,True,51,0.45538266800031124,0,0,0,0,0.0,,True,False,,0.1,10.0,0.04000000000000001,0.0025000000000000005,0.010000000000000002,0,full
ACT,125,6000167,metaworld,True,62,0.5308014199999889,0,0,0,0,0.0,,True,False,,0.1,10.0,0.04000000000000001,0.0025000000000000005,0.010000000000000002,0,full
ACT,126,6000168,metaworld,True,56,0.35151157499967667,0,0,0,0,0.0,,True,False,,0.1,10.0,0.04000000000000001,0.0025000000000000005,0.010000000000000002,0,full
ACT,127,6000169,metaworld,True,59,0.17319304500051658,0,0,0,0,0.0,,True,False,,0.1,10.0,0.04000000000000001,0.0025000000000000005,0.010000000000000002,0,full
ACT,128,6000170,metaworld,True,52,0.20207461399877502,0,0,0,0,0.0,,True,False,,0.1,10.0,0.04000000000000001,0.0025000000000000005,0.010000000000000002,0,full
ACT,129,6000171,metaworld,True,51,0.2862112920010986,0,0,0,0,0.0,,True,False,,0.1,10.0,0.04000000000000001,0.0025000000000000005,0.010000000000000002,0,full
ACT,130,6000172,metaworld,True,52,0.402238386001045,0,0,0,0,0.0,,True,False,,0.1,10.0,0.04000000000000001,0.0025000000000000005,0.010000000000000002,0,full
ACT,131,6000173,metaworld,True,44,0.419876239999212,0,0,0,0,0.0,,True,False,,0.1,10.0,0.04000000000000001,0.0025000000000000005,0.010000000000000002,0,full
ACT,132,6000174,metaworld,True,55,0.30493422000108694,0,0,0,0,0.0,,True,False,,0.1,10.0,0.04000000000000001,0.0025000000000000005,0.010000000000000002,0,full
ACT,133,6000175,metaworld,True,56,0.6381525820015668,0,0,0,0,0.0,,True,False,,0.1,10.0,0.04000000000000001,0.0025000000000000005,0.010000000000000002,0,full
ACT,134,6000176,metaworld,True,53,0.5208339330001763,0,0,0,0,0.0,,True,False,,0.1,10.0,0.04000000000000001,0.0025000000000000005,0.010000000000000002,0,full
ACT,135,6000177,metaworld,True,50,0.23143497399905755,0,0,0,0,0.0,,True,False,,0.1,10.0,0.04000000000000001,0.0025000000000000005,0.010000000000000002,0,full
ACT,136,6000178,metaworld,True,52,0.16253279299962742,0,0,0,0,0.0,,True,False,,0.1,10.0,0.04000000000000001,0.0025000000000000005,0.010000000000000002,0,full
ACT,137,6000179,metaworld,True,59,0.28127531099926273,0,0,0,0,0.0,,True,False,,0.1,10.0,0.04000000000000001,0.0025000000000000005,0.010000000000000002,0,full
ACT,138,6000180,metaworld,True,60,0.6566625779996684,0,0,0,0,0.0,,True,False,,0.1,10.0,0.04000000000000001,0.0025000000000000005,0.010000000000000002,0,full
ACT,139,6000181,metaworld,True,54,0.2861702609989152,0,0,0,0,0.0,,True,False,,0.1,10.0,0.04000000000000001,0.0025000000000000005,0.010000000000000002,0,full
ACT,140,6000182,metaworld,True,52,0.41333305400075915,0,0,0,0,0.0,,True,False,,0.1,10.0,0.04000000000000001,0.0025000000000000005,0.010000000000000002,0,full
ACT,141,6000183,metaworld,True,58,0.7969685879997996,0,0,0,0,0.0,,True,False,,0.1,10.0,0.04000000000000001,0.0025000000000000005,0.010000000000000002,0,full
ACT,142,6000184,metaworld,True,50,0.3882559290013887,0,0,0,0,0.0,,True,False,,0.1,10.0,0.04000000000000001,0.0025000000000000005,0.010000000000000002,0,full
ACT,143,6000185,metaworld,True,51,0.18482411600052728,0,0,0,0,0.0,,True,False,,0.1,10.0,0.04000000000000001,0.0025000000000000005,0.010000000000000002,0,full
ACT,144,6000186,metaworld,True,52,0.17205654600002163,0,0,0,0,0.0,,True,False,,0.1,10.0,0.04000000000000001,0.0025000000000000005,0.010000000000000002,0,full
ACT,145,6000187,metaworld,True,50,0.20940505100043083,0,0,0,0,0.0,,True,False,,0.1,10.0,0.04000000000000001,0.0025000000000000005,0.010000000000000002,0,full
ACT,146,6000188,metaworld,True,55,0.41011039699878893,0,0,0,0,0.0,,True,False,,0.1,10.0,0.04000000000000001,0.0025000000000000005,0.010000000000000002,0,full
ACT,147,6000189,metaworld,True,62,0.3555720290005411,0,0,0,0,0.0,,True,False,,0.1,10.0,0.04000000000000001,0.0025000000000000005,0.010000000000000002,0,full
ACT,148,6000190,metaworld,True,51,0.4079652210002678,0,0,0,0,0.0,,True,False,,0.1,10.0,0.04000000000000001,0.0025000000000000005,0.010000000000000002,0,full
ACT,149,6000191,metaworld,True,55,0.5262534449993836,0,0,0,0,0.0,,True,False,,0.1,10.0,0.04000000000000001,0.0025000000000000005,0.010000000000000002,0,full
ACT,150,6000192,metaworld,True,50,0.3035000960007892,0,0,0,0,0.0,,True,False,,0.1,10.0,0.04000000000000001,0.0025000000000000005,0.010000000000000002,0,full
ACT,151,6000193,metaworld,True,53,0.5639672449997306,0,0,0,0,0.0,,True,False,,0.1,10.0,0.04000000000000001,0.0025000000000000005,0.010000000000000002,0,full
ACT,152,6000194,metaworld,True,51,0.45819347799988464,0,0,0,0,0.0,,True,False,,0.1,10.0,0.04000000000000001,0.0025000000000000005,0.010000000000000002,0,full
ACT,153,6000195,metaworld,True,52,0.4983200999995461,0,0,0,0,0.0,,True,False,,0.1,10.0,0.04000000000000001,0.0025000000000000005,0.010000000000000002,0,full
ACT,154,6000196,metaworld,True,52,0.3005714840001019,0,0,0,0,0.0,,True,False,,0.1,10.0,0.04000000000000001,0.0025000000000000005,0.010000000000000002,0,full
ACT,155,6000197,metaworld,False,200,0.8592125100003614,0,0,0,0,0.0,,False,True,object_dropped,0.1,10.0,0.04000000000000001,0.0025000000000000005,0.010000000000000002,0,full
ACT,156,6000198,metaworld,True,51,0.15839302299900737,0,0,0,0,0.0,,True,False,,0.1,10.0,0.04000000000000001,0.0025000000000000005,0.010000000000000002,0,full
ACT,157,6000199,metaworld,True,59,0.18491525299941713,0,0,0,0,0.0,,True,False,,0.1,10.0,0.04000000000000001,0.0025000000000000005,0.010000000000000002,0,full
ACT,158,6000200,metaworld,True,54,0.17664249500012374,0,0,0,0,0.0,,True,False,,0.1,10.0,0.04000000000000001,0.0025000000000000005,0.010000000000000002,0,full
ACT,159,6000201,metaworld,True,51,0.16292628100018192,0,0,0,0,0.0,,True,False,,0.1,10.0,0.04000000000000001,0.0025000000000000005,0.010000000000000002,0,full
ACT,160,6000202,metaworld,True,51,0.2649328550014616,0,0,0,0,0.0,,True,False,,0.1,10.0,0.04000000000000001,0.0025000000000000005,0.010000000000000002,0,full
ACT,161,6000203,metaworld,False,200,1.7819802100002562,0,0,0,0,0.0,,False,True,object_dropped,0.1,10.0,0.04000000000000001,0.0025000000000000005,0.010000000000000002,0,full
ACT,162,6000204,metaworld,True,53,0.29811819099995773,0,0,0,0,0.0,,True,False,,0.1,10.0,0.04000000000000001,0.0025000000000000005,0.010000000000000002,0,full
ACT,163,6000205,metaworld,True,59,0.35085024399995746,0,0,0,0,0.0,,True,False,,0.1,10.0,0.04000000000000001,0.0025000000000000005,0.010000000000000002,0,full
ACT,164,6000206,metaworld,True,50,0.6071564819994819,0,0,0,0,0.0,,True,False,,0.1,10.0,0.04000000000000001,0.0025000000000000005,0.010000000000000002,0,full
ACT,165,6000207,metaworld,True,56,0.6457520179992571,0,0,0,0,0.0,,True,False,,0.1,10.0,0.04000000000000001,0.0025000000000000005,0.010000000000000002,0,full
ACT,166,6000208,metaworld,True,51,0.3428830319990084,0,0,0,0,0.0,,True,False,,0.1,10.0,0.04000000000000001,0.0025000000000000005,0.010000000000000002,0,full
ACT,167,6000209,metaworld,True,53,0.42335802799971134,0,0,0,0,0.0,,True,False,,0.1,10.0,0.04000000000000001,0.0025000000000000005,0.010000000000000002,0,full
ACT,168,6000210,metaworld,True,52,0.43819735900069645,0,0,0,0,0.0,,True,False,,0.1,10.0,0.04000000000000001,0.0025000000000000005,0.010000000000000002,0,full
ACT,169,6000211,metaworld,True,60,0.5328033539990429,0,0,0,0,0.0,,True,False,,0.1,10.0,0.04000000000000001,0.0025000000000000005,0.010000000000000002,0,full
ACT,170,6000212,metaworld,False,200,0.9500034020002204,0,0,0,0,0.0,,False,True,object_dropped,0.1,10.0,0.04000000000000001,0.0025000000000000005,0.010000000000000002,0,full
ACT,171,6000213,metaworld,True,47,0.15823312400061695,0,0,0,0,0.0,,True,False,,0.1,10.0,0.04000000000000001,0.0025000000000000005,0.010000000000000002,0,full
ACT,172,6000214,metaworld,True,53,0.24852486299823795,0,0,0,0,0.0,,True,False,,0.1,10.0,0.04000000000000001,0.0025000000000000005,0.010000000000000002,0,full
ACT,173,6000215,metaworld,True,56,0.5217140299992025,0,0,0,0,0.0,,True,False,,0.1,10.0,0.04000000000000001,0.0025000000000000005,0.010000000000000002,0,full
ACT,174,6000216,metaworld,True,53,0.4393089400000463,0,0,0,0,0.0,,True,False,,0.1,10.0,0.04000000000000001,0.0025000000000000005,0.010000000000000002,0,full
ACT,175,6000217,metaworld,True,50,0.3181299219995708,0,0,0,0,0.0,,True,False,,0.1,10.0,0.04000000000000001,0.0025000000000000005,0.010000000000000002,0,full
ACT,176,6000218,metaworld,True,51,0.4177920370002539,0,0,0,0,0.0,,True,False,,0.1,10.0,0.04000000000000001,0.0025000000000000005,0.010000000000000002,0,full
ACT,177,6000219,metaworld,True,54,0.5729592490006326,0,0,0,0,0.0,,True,False,,0.1,10.0,0.04000000000000001,0.0025000000000000005,0.010000000000000002,0,full
ACT,178,6000220,metaworld,True,60,0.6221363070017105,0,0,0,0,0.0,,True,False,,0.1,10.0,0.04000000000000001,0.0025000000000000005,0.010000000000000002,0,full
ACT,179,6000221,metaworld,True,60,0.4636792670007708,0,0,0,0,0.0,,True,False,,0.1,10.0,0.04000000000000001,0.0025000000000000005,0.010000000000000002,0,full
ACT,180,6000222,metaworld,True,52,0.30153346600127406,0,0,0,0,0.0,,True,False,,0.1,10.0,0.04000000000000001,0.0025000000000000005,0.010000000000000002,0,full
ACT,181,6000223,metaworld,True,51,0.13335053800074093,0,0,0,0,0.0,,True,False,,0.1,10.0,0.04000000000000001,0.0025000000000000005,0.010000000000000002,0,full
ACT,182,6000224,metaworld,True,58,0.1604143730000942,0,0,0,0,0.0,,True,False,,0.1,10.0,0.04000000000000001,0.0025000000000000005,0.010000000000000002,0,full
ACT,183,6000225,metaworld,True,48,0.13436541100054455,0,0,0,0,0.0,,True,False,,0.1,10.0,0.04000000000000001,0.0025000000000000005,0.010000000000000002,0,full
ACT,184,6000226,metaworld,True,51,0.14986537500044506,0,0,0,0,0.0,,True,False,,0.1,10.0,0.04000000000000001,0.0025000000000000005,0.010000000000000002,0,full
ACT,185,6000227,metaworld,True,59,0.33403138699941337,0,0,0,0,0.0,,True,False,,0.1,10.0,0.04000000000000001,0.0025000000000000005,0.010000000000000002,0,full
ACT,186,6000228,metaworld,True,57,0.24114787299913587,0,0,0,0,0.0,,True,False,,0.1,10.0,0.04000000000000001,0.0025000000000000005,0.010000000000000002,0,full
ACT,187,6000229,metaworld,True,52,0.27053102900026715,0,0,0,0,0.0,,True,False,,0.1,10.0,0.04000000000000001,0.0025000000000000005,0.010000000000000002,0,full
ACT,188,6000230,metaworld,True,55,0.22707531599917274,0,0,0,0,0.0,,True,False,,0.1,10.0,0.04000000000000001,0.0025000000000000005,0.010000000000000002,0,full
ACT,189,6000231,metaworld,False,200,0.8833397079997667,0,0,0,0,0.0,,False,True,object_dropped,0.1,10.0,0.04000000000000001,0.0025000000000000005,0.010000000000000002,0,full
ACT,190,6000232,metaworld,True,57,0.3767039209997165,0,0,0,0,0.0,,True,False,,0.1,10.0,0.04000000000000001,0.0025000000000000005,0.010000000000000002,0,full
ACT,191,6000233,metaworld,True,52,0.27000663000035274,0,0,0,0,0.0,,True,False,,0.1,10.0,0.04000000000000001,0.0025000000000000005,0.010000000000000002,0,full
ACT,192,6000234,metaworld,True,54,0.3795568040004582,0,0,0,0,0.0,,True,False,,0.1,10.0,0.04000000000000001,0.0025000000000000005,0.010000000000000002,0,full
ACT,193,6000235,metaworld,True,50,0.19882662599957257,0,0,0,0,0.0,,True,False,,0.1,10.0,0.04000000000000001,0.0025000000000000005,0.010000000000000002,0,full
ACT,194,6000236,metaworld,True,56,0.1940192969996133,0,0,0,0,0.0,,True,False,,0.1,10.0,0.04000000000000001,0.0025000000000000005,0.010000000000000002,0,full
ACT,195,6000237,metaworld,True,52,0.15288601300017035,0,0,0,0,0.0,,True,False,,0.1,10.0,0.04000000000000001,0.0025000000000000005,0.010000000000000002,0,full
ACT,196,6000238,metaworld,True,52,0.16937381199932133,0,0,0,0,0.0,,True,False,,0.1,10.0,0.04000000000000001,0.0025000000000000005,0.010000000000000002,0,full
ACT,197,6000239,metaworld,True,57,0.2811807090001821,0,0,0,0,0.0,,True,False,,0.1,10.0,0.04000000000000001,0.0025000000000000005,0.010000000000000002,0,full
ACT,198,6000240,metaworld,True,55,0.17377711199878831,0,0,0,0,0.0,,True,False,,0.1,10.0,0.04000000000000001,0.0025000000000000005,0.010000000000000002,0,full
ACT,199,6000241,metaworld,True,58,0.15907647299900418,0,0,0,0,0.0,,True,False,,0.1,10.0,0.04000000000000001,0.0025000000000000005,0.010000000000000002,0,full
REIM (ACT + Detector + Recovery),0,6000042,metaworld,True,51,0.4365137419990788,0,0,0,0,0.1607772558927536,task_success_while_recovery_active_per_intervention,True,False,,0.1,10.0,0.04000000000000001,0.0025000000000000005,0.010000000000000002,0,full
REIM (ACT + Detector + Recovery),1,6000043,metaworld,True,50,0.21322310399955313,0,0,0,0,0.19063229858875275,task_success_while_recovery_active_per_intervention,True,False,,0.1,10.0,0.04000000000000001,0.0025000000000000005,0.010000000000000002,0,full
REIM (ACT + Detector + Recovery),2,6000044,metaworld,True,58,0.312961962999907,0,0,0,0,0.15159882605075836,task_success_while_recovery_active_per_intervention,True,False,,0.1,10.0,0.04000000000000001,0.0025000000000000005,0.010000000000000002,0,full
REIM (ACT + Detector + Recovery),3,6000045,metaworld,True,53,0.2747690239993972,0,0,0,0,0.16683711111545563,task_success_while_recovery_active_per_intervention,True,False,,0.1,10.0,0.04000000000000001,0.0025000000000000005,0.010000000000000002,0,full
REIM (ACT + Detector + Recovery),4,6000046,metaworld,True,54,0.24616322299880267,0,0,0,0,0.15311546623706818,task_success_while_recovery_active_per_intervention,True,False,,0.1,10.0,0.04000000000000001,0.0025000000000000005,0.010000000000000002,0,full
REIM (ACT + Detector + Recovery),5,6000047,metaworld,True,50,0.2118357349991129,0,0,0,0,0.19712135195732117,task_success_while_recovery_active_per_intervention,True,False,,0.1,10.0,0.04000000000000001,0.0025000000000000005,0.010000000000000002,0,full
REIM (ACT + Detector + Recovery),6,6000048,metaworld,True,53,0.22819458300000406,0,0,0,0,0.12964260578155518,task_success_while_recovery_active_per_intervention,True,False,,0.1,10.0,0.04000000000000001,0.0025000000000000005,0.010000000000000002,0,full
REIM (ACT + Detector + Recovery),7,6000049,metaworld,True,55,0.2931739200012089,0,0,0,0,0.19249327480793,task_success_while_recovery_active_per_intervention,True,False,,0.1,10.0,0.04000000000000001,0.0025000000000000005,0.010000000000000002,0,full
REIM (ACT + Detector + Recovery),8,6000050,metaworld,True,53,0.22239477199946123,0,0,0,0,0.13889729976654053,task_success_while_recovery_active_per_intervention,True,False,,0.1,10.0,0.04000000000000001,0.0025000000000000005,0.010000000000000002,0,full
REIM (ACT + Detector + Recovery),9,6000051,metaworld,True,53,0.2833983429991349,0,0,0,0,0.1663546860218048,task_success_while_recovery_active_per_intervention,True,False,,0.1,10.0,0.04000000000000001,0.0025000000000000005,0.010000000000000002,0,full
REIM (ACT + Detector + Recovery),10,6000052,metaworld,True,48,0.41274137800064636,0,0,0,0,0.198170468211174,task_success_while_recovery_active_per_intervention,True,False,,0.1,10.0,0.04000000000000001,0.0025000000000000005,0.010000000000000002,0,full
REIM (ACT + Detector + Recovery),11,6000053,metaworld,True,51,0.3237331020009151,0,0,0,0,0.14002995193004608,task_success_while_recovery_active_per_intervention,True,False,,0.1,10.0,0.04000000000000001,0.0025000000000000005,0.010000000000000002,0,full
REIM (ACT + Detector + Recovery),12,6000054,metaworld,True,53,0.4197188810012449,1,1,1,26,0.21413901448249817,task_success_while_recovery_active_per_intervention,True,False,,0.1,10.0,0.04000000000000001,0.0025000000000000005,0.010000000000000002,0,full
REIM (ACT + Detector + Recovery),13,6000055,metaworld,True,52,0.2036849220003205,0,0,0,0,0.18720032274723053,task_success_while_recovery_active_per_intervention,True,False,,0.1,10.0,0.04000000000000001,0.0025000000000000005,0.010000000000000002,0,full
REIM (ACT + Detector + Recovery),14,6000056,metaworld,True,57,0.23790656399978616,0,0,0,0,0.13047070801258087,task_success_while_recovery_active_per_intervention,True,False,,0.1,10.0,0.04000000000000001,0.0025000000000000005,0.010000000000000002,0,full
REIM (ACT + Detector + Recovery),15,6000057,metaworld,True,44,0.33072946799984493,1,1,1,37,0.45173224806785583,task_success_while_recovery_active_per_intervention,True,False,,0.1,10.0,0.04000000000000001,0.0025000000000000005,0.010000000000000002,0,full
REIM (ACT + Detector + Recovery),16,6000058,metaworld,True,57,0.34365206900110934,1,1,1,39,0.31080055236816406,task_success_while_recovery_active_per_intervention,True,False,,0.1,10.0,0.04000000000000001,0.0025000000000000005,0.010000000000000002,0,full
REIM (ACT + Detector + Recovery),17,6000059,metaworld,True,57,0.29000657799952023,0,0,0,0,0.16629622876644135,task_success_while_recovery_active_per_intervention,True,False,,0.1,10.0,0.04000000000000001,0.0025000000000000005,0.010000000000000002,0,full
REIM (ACT + Detector + Recovery),18,6000060,metaworld,True,44,0.4540095169995766,1,1,1,34,0.31299513578414917,task_success_while_recovery_active_per_intervention,True,False,,0.1,10.0,0.04000000000000001,0.0025000000000000005,0.010000000000000002,0,full
REIM (ACT + Detector + Recovery),19,6000061,metaworld,True,52,0.678097751999303,1,1,1,41,0.2430279701948166,task_success_while_recovery_active_per_intervention,True,False,,0.1,10.0,0.04000000000000001,0.0025000000000000005,0.010000000000000002,0,full
REIM (ACT + Detector + Recovery),20,6000062,metaworld,True,54,0.2376913299995067,0,0,0,0,0.16792036592960358,task_success_while_recovery_active_per_intervention,True,False,,0.1,10.0,0.04000000000000001,0.0025000000000000005,0.010000000000000002,0,full
REIM (ACT + Detector + Recovery),21,6000063,metaworld,True,57,0.36302922000140825,1,1,1,34,0.21835370361804962,task_success_while_recovery_active_per_intervention,True,False,,0.1,10.0,0.04000000000000001,0.0025000000000000005,0.010000000000000002,0,full
REIM (ACT + Detector + Recovery),22,6000064,metaworld,True,51,0.2719390910006041,0,0,0,0,0.12642666697502136,task_success_while_recovery_active_per_intervention,True,False,,0.1,10.0,0.04000000000000001,0.0025000000000000005,0.010000000000000002,0,full
REIM (ACT + Detector + Recovery),23,6000065,metaworld,True,53,0.35432113199931337,1,1,1,33,0.20299988985061646,task_success_while_recovery_active_per_intervention,True,False,,0.1,10.0,0.04000000000000001,0.0025000000000000005,0.010000000000000002,0,full
REIM (ACT + Detector + Recovery),24,6000066,metaworld,True,61,0.2625320940005622,0,0,0,0,0.1687329113483429,task_success_while_recovery_active_per_intervention,True,False,,0.1,10.0,0.04000000000000001,0.0025000000000000005,0.010000000000000002,0,full
REIM (ACT + Detector + Recovery),25,6000067,metaworld,True,54,0.22481025199886062,0,0,0,0,0.1523149013519287,task_success_while_recovery_active_per_intervention,True,False,,0.1,10.0,0.04000000000000001,0.0025000000000000005,0.010000000000000002,0,full
REIM (ACT + Detector + Recovery),26,6000068,metaworld,True,57,0.3533926780000911,1,1,1,33,0.29212430119514465,task_success_while_recovery_active_per_intervention,True,False,,0.1,10.0,0.04000000000000001,0.0025000000000000005,0.010000000000000002,0,full
REIM (ACT + Detector + Recovery),27,6000069,metaworld,True,57,0.21967848299937032,0,0,0,0,0.11414190381765366,task_success_while_recovery_active_per_intervention,True,False,,0.1,10.0,0.04000000000000001,0.0025000000000000005,0.010000000000000002,0,full
REIM (ACT + Detector + Recovery),28,6000070,metaworld,True,53,0.20291919199917174,0,0,0,0,0.167603000998497,task_success_while_recovery_active_per_intervention,True,False,,0.1,10.0,0.04000000000000001,0.0025000000000000005,0.010000000000000002,0,full
REIM (ACT + Detector + Recovery),29,6000071,metaworld,True,56,0.2025060140003916,0,0,0,0,0.13025492429733276,task_success_while_recovery_active_per_intervention,True,False,,0.1,10.0,0.04000000000000001,0.0025000000000000005,0.010000000000000002,0,full
REIM (ACT + Detector + Recovery),30,6000072,metaworld,True,65,0.30717215499862505,1,1,1,30,0.21425355970859528,task_success_while_recovery_active_per_intervention,True,False,,0.1,10.0,0.04000000000000001,0.0025000000000000005,0.010000000000000002,0,full
REIM (ACT + Detector + Recovery),31,6000073,metaworld,True,50,0.16962195999985852,0,0,0,0,0.1765359491109848,task_success_while_recovery_active_per_intervention,True,False,,0.1,10.0,0.04000000000000001,0.0025000000000000005,0.010000000000000002,0,full
REIM (ACT + Detector + Recovery),32,6000074,metaworld,True,47,0.2624865790003241,1,1,1,30,0.23667415976524353,task_success_while_recovery_active_per_intervention,True,False,,0.1,10.0,0.04000000000000001,0.0025000000000000005,0.010000000000000002,0,full
REIM (ACT + Detector + Recovery),33,6000075,metaworld,True,54,0.32917539999834844,1,1,1,39,0.26801958680152893,task_success_while_recovery_active_per_intervention,True,False,,0.1,10.0,0.04000000000000001,0.0025000000000000005,0.010000000000000002,0,full
REIM (ACT + Detector + Recovery),34,6000076,metaworld,True,56,0.3955915169990476,1,1,1,40,0.3074755072593689,task_success_while_recovery_active_per_intervention,True,False,,0.1,10.0,0.04000000000000001,0.0025000000000000005,0.010000000000000002,0,full
REIM (ACT + Detector + Recovery),35,6000077,metaworld,True,53,0.18325362799987488,1,1,1,35,0.21357734501361847,task_success_while_recovery_active_per_intervention,True,False,,0.1,10.0,0.04000000000000001,0.0025000000000000005,0.010000000000000002,0,full
REIM (ACT + Detector + Recovery),36,6000078,metaworld,True,56,0.19856670199988002,1,1,1,35,0.31823158264160156,task_success_while_recovery_active_per_intervention,True,False,,0.1,10.0,0.04000000000000001,0.0025000000000000005,0.010000000000000002,0,full
REIM (ACT + Detector + Recovery),37,6000079,metaworld,True,52,0.19598765699993237,1,1,1,32,0.21556760370731354,task_success_while_recovery_active_per_intervention,True,False,,0.1,10.0,0.04000000000000001,0.0025000000000000005,0.010000000000000002,0,full
REIM (ACT + Detector + Recovery),38,6000080,metaworld,True,49,0.43528306299958786,1,1,1,27,0.21068131923675537,task_success_while_recovery_active_per_intervention,True,False,,0.1,10.0,0.04000000000000001,0.0025000000000000005,0.010000000000000002,0,full
REIM (ACT + Detector + Recovery),39,6000081,metaworld,True,60,0.30317539099996793,0,0,0,0,0.1521891951560974,task_success_while_recovery_active_per_intervention,True,False,,0.1,10.0,0.04000000000000001,0.0025000000000000005,0.010000000000000002,0,full
REIM (ACT + Detector + Recovery),40,6000082,metaworld,True,51,0.1739322360008373,0,0,0,0,0.11997584253549576,task_success_while_recovery_active_per_intervention,True,False,,0.1,10.0,0.04000000000000001,0.0025000000000000005,0.010000000000000002,0,full
REIM (ACT + Detector + Recovery),41,6000083,metaworld,True,54,0.19337319000260322,0,0,0,0,0.17702625691890717,task_success_while_recovery_active_per_intervention,True,False,,0.1,10.0,0.04000000000000001,0.0025000000000000005,0.010000000000000002,0,full
REIM (ACT + Detector + Recovery),42,6000084,metaworld,True,53,0.2802438530015934,1,1,1,31,0.3064718246459961,task_success_while_recovery_active_per_intervention,True,False,,0.1,10.0,0.04000000000000001,0.0025000000000000005,0.010000000000000002,0,full
REIM (ACT + Detector + Recovery),43,6000085,metaworld,True,54,0.2057419810007559,0,0,0,0,0.14351361989974976,task_success_while_recovery_active_per_intervention,True,False,,0.1,10.0,0.04000000000000001,0.0025000000000000005,0.010000000000000002,0,full
REIM (ACT + Detector + Recovery),44,6000086,metaworld,True,53,0.28628740700150956,1,1,1,34,0.3170638680458069,task_success_while_recovery_active_per_intervention,True,False,,0.1,10.0,0.04000000000000001,0.0025000000000000005,0.010000000000000002,0,full
REIM (ACT + Detector + Recovery),45,6000087,metaworld,True,52,0.19311499700052082,0,0,0,0,0.1944359689950943,task_success_while_recovery_active_per_intervention,True,False,,0.1,10.0,0.04000000000000001,0.0025000000000000005,0.010000000000000002,0,full
REIM (ACT + Detector + Recovery),46,6000088,metaworld,True,65,0.4728780920013378,1,1,1,46,0.206375390291214,task_success_while_recovery_active_per_intervention,True,False,,0.1,10.0,0.04000000000000001,0.0025000000000000005,0.010000000000000002,0,full
REIM (ACT + Detector + Recovery),47,6000089,metaworld,True,50,0.18756360400220728,0,0,0,0,0.10456065088510513,task_success_while_recovery_active_per_intervention,True,False,,0.1,10.0,0.04000000000000001,0.0025000000000000005,0.010000000000000002,0,full
REIM (ACT + Detector + Recovery),48,6000090,metaworld,True,52,0.23465039400252863,1,1,1,42,0.31955239176750183,task_success_while_recovery_active_per_intervention,True,False,,0.1,10.0,0.04000000000000001,0.0025000000000000005,0.010000000000000002,0,full
REIM (ACT + Detector + Recovery),49,6000091,metaworld,True,54,0.19290076600009343,0,0,0,0,0.16722895205020905,task_success_while_recovery_active_per_intervention,True,False,,0.1,10.0,0.04000000000000001,0.0025000000000000005,0.010000000000000002,0,full
REIM (ACT + Detector + Recovery),50,6000092,metaworld,True,51,0.19068676399911055,0,0,0,0,0.12024592608213425,task_success_while_recovery_active_per_intervention,True,False,,0.1,10.0,0.04000000000000001,0.0025000000000000005,0.010000000000000002,0,full
REIM (ACT + Detector + Recovery),51,6000093,metaworld,True,56,0.20965938799781725,0,0,0,0,0.1816967874765396,task_success_while_recovery_active_per_intervention,True,False,,0.1,10.0,0.04000000000000001,0.0025000000000000005,0.010000000000000002,0,full
REIM (ACT + Detector + Recovery),52,6000094,metaworld,True,52,0.19805657100005192,1,1,1,42,0.3310850262641907,task_success_while_recovery_active_per_intervention,True,False,,0.1,10.0,0.04000000000000001,0.0025000000000000005,0.010000000000000002,0,full
REIM (ACT + Detector + Recovery),53,6000095,metaworld,True,53,0.17948578000141424,0,0,0,0,0.1323157697916031,task_success_while_recovery_active_per_intervention,True,False,,0.1,10.0,0.04000000000000001,0.0025000000000000005,0.010000000000000002,0,full
REIM (ACT + Detector + Recovery),54,6000096,metaworld,True,56,0.2604380839984515,1,1,1,40,0.23908382654190063,task_success_while_recovery_active_per_intervention,True,False,,0.1,10.0,0.04000000000000001,0.0025000000000000005,0.010000000000000002,0,full
REIM (ACT + Detector + Recovery),55,6000097,metaworld,True,50,0.25359563900201465,1,1,1,42,0.3946445882320404,task_success_while_recovery_active_per_intervention,True,False,,0.1,10.0,0.04000000000000001,0.0025000000000000005,0.010000000000000002,0,full
REIM (ACT + Detector + Recovery),56,6000098,metaworld,True,46,0.1543396719971497,1,1,1,25,0.2108364850282669,task_success_while_recovery_active_per_intervention,True,False,,0.1,10.0,0.04000000000000001,0.0025000000000000005,0.010000000000000002,0,full
REIM (ACT + Detector + Recovery),57,6000099,metaworld,True,51,0.24150921200271114,1,1,1,42,0.35493168234825134,task_success_while_recovery_active_per_intervention,True,False,,0.1,10.0,0.04000000000000001,0.0025000000000000005,0.010000000000000002,0,full
REIM (ACT + Detector + Recovery),58,6000100,metaworld,True,52,0.24068769999939832,0,0,0,0,0.1687057465314865,task_success_while_recovery_active_per_intervention,True,False,,0.1,10.0,0.04000000000000001,0.0025000000000000005,0.010000000000000002,0,full
REIM (ACT + Detector + Recovery),59,6000101,metaworld,True,57,0.30797476199950324,0,0,0,0,0.07044728845357895,task_success_while_recovery_active_per_intervention,True,False,,0.1,10.0,0.04000000000000001,0.0025000000000000005,0.010000000000000002,0,full
REIM (ACT + Detector + Recovery),60,6000102,metaworld,True,43,0.18400878100146656,1,1,1,35,0.3460969030857086,task_success_while_recovery_active_per_intervention,True,False,,0.1,10.0,0.04000000000000001,0.0025000000000000005,0.010000000000000002,0,full
REIM (ACT + Detector + Recovery),61,6000103,metaworld,True,48,0.19054383799812058,0,0,0,0,0.1944754719734192,task_success_while_recovery_active_per_intervention,True,False,,0.1,10.0,0.04000000000000001,0.0025000000000000005,0.010000000000000002,0,full
REIM (ACT + Detector + Recovery),62,6000104,metaworld,True,54,0.21049177299937583,0,0,0,0,0.1571674644947052,task_success_while_recovery_active_per_intervention,True,False,,0.1,10.0,0.04000000000000001,0.0025000000000000005,0.010000000000000002,0,full
REIM (ACT + Detector + Recovery),63,6000105,metaworld,True,49,0.20003872099914588,0,0,0,0,0.14899784326553345,task_success_while_recovery_active_per_intervention,True,False,,0.1,10.0,0.04000000000000001,0.0025000000000000005,0.010000000000000002,0,full
REIM (ACT + Detector + Recovery),64,6000106,metaworld,True,51,0.20426318699901458,0,0,0,0,0.10301523655653,task_success_while_recovery_active_per_intervention,True,False,,0.1,10.0,0.04000000000000001,0.0025000000000000005,0.010000000000000002,0,full
REIM (ACT + Detector + Recovery),65,6000107,metaworld,True,59,0.2893980310000188,0,0,0,0,0.13078731298446655,task_success_while_recovery_active_per_intervention,True,False,,0.1,10.0,0.04000000000000001,0.0025000000000000005,0.010000000000000002,0,full
REIM (ACT + Detector + Recovery),66,6000108,metaworld,True,50,0.18672990600316552,0,0,0,0,0.13798458874225616,task_success_while_recovery_active_per_intervention,True,False,,0.1,10.0,0.04000000000000001,0.0025000000000000005,0.010000000000000002,0,full
REIM (ACT + Detector + Recovery),67,6000109,metaworld,True,51,0.2138001390012505,0,0,0,0,0.129506915807724,task_success_while_recovery_active_per_intervention,True,False,,0.1,10.0,0.04000000000000001,0.0025000000000000005,0.010000000000000002,0,full
REIM (ACT + Detector + Recovery),68,6000110,metaworld,True,56,0.24503451100099483,0,0,0,0,0.08081479370594025,task_success_while_recovery_active_per_intervention,True,False,,0.1,10.0,0.04000000000000001,0.0025000000000000005,0.010000000000000002,0,full
REIM (ACT + Detector + Recovery),69,6000111,metaworld,True,56,0.919692783998471,1,1,1,37,0.23731191456317902,task_success_while_recovery_active_per_intervention,True,False,,0.1,10.0,0.04000000000000001,0.0025000000000000005,0.010000000000000002,0,full
REIM (ACT + Detector + Recovery),70,6000112,metaworld,True,50,0.33770367199758766,0,0,0,0,0.15611901879310608,task_success_while_recovery_active_per_intervention,True,False,,0.1,10.0,0.04000000000000001,0.0025000000000000005,0.010000000000000002,0,full
REIM (ACT + Detector + Recovery),71,6000113,metaworld,True,54,1.1828888229974837,1,1,1,39,0.26624929904937744,task_success_while_recovery_active_per_intervention,True,False,,0.1,10.0,0.04000000000000001,0.0025000000000000005,0.010000000000000002,0,full
REIM (ACT + Detector + Recovery),72,6000114,metaworld,True,44,0.8783576770001673,1,1,1,36,0.4541189968585968,task_success_while_recovery_active_per_intervention,True,False,,0.1,10.0,0.04000000000000001,0.0025000000000000005,0.010000000000000002,0,full
REIM (ACT + Detector + Recovery),73,6000115,metaworld,True,52,0.3353417049984273,0,0,0,0,0.13716256618499756,task_success_while_recovery_active_per_intervention,True,False,,0.1,10.0,0.04000000000000001,0.0025000000000000005,0.010000000000000002,0,full
REIM (ACT + Detector + Recovery),74,6000116,metaworld,True,56,0.3224702610023087,1,1,1,33,0.20818810164928436,task_success_while_recovery_active_per_intervention,True,False,,0.1,10.0,0.04000000000000001,0.0025000000000000005,0.010000000000000002,0,full
REIM (ACT + Detector + Recovery),75,6000117,metaworld,True,56,0.5968584479996935,1,1,1,33,0.2059924155473709,task_success_while_recovery_active_per_intervention,True,False,,0.1,10.0,0.04000000000000001,0.0025000000000000005,0.010000000000000002,0,full
REIM (ACT + Detector + Recovery),76,6000118,metaworld,True,55,0.5378477359990939,0,0,0,0,0.12374505400657654,task_success_while_recovery_active_per_intervention,True,False,,0.1,10.0,0.04000000000000001,0.0025000000000000005,0.010000000000000002,0,full
REIM (ACT + Detector + Recovery),77,6000119,metaworld,True,55,0.4729845910005679,0,0,0,0,0.16119977831840515,task_success_while_recovery_active_per_intervention,True,False,,0.1,10.0,0.04000000000000001,0.0025000000000000005,0.010000000000000002,0,full
REIM (ACT + Detector + Recovery),78,6000120,metaworld,True,70,0.8621273699973244,1,1,1,42,0.2341535985469818,task_success_while_recovery_active_per_intervention,True,False,,0.1,10.0,0.04000000000000001,0.0025000000000000005,0.010000000000000002,0,full
REIM (ACT + Detector + Recovery),79,6000121,metaworld,True,57,0.473699881000357,0,0,0,0,0.12670494616031647,task_success_while_recovery_active_per_intervention,True,False,,0.1,10.0,0.04000000000000001,0.0025000000000000005,0.010000000000000002,0,full
REIM (ACT + Detector + Recovery),80,6000122,metaworld,True,54,0.6196939270012081,0,0,0,0,0.1284375935792923,task_success_while_recovery_active_per_intervention,True,False,,0.1,10.0,0.04000000000000001,0.0025000000000000005,0.010000000000000002,0,full
REIM (ACT + Detector + Recovery),81,6000123,metaworld,True,54,0.8850617920033983,1,1,1,44,0.2620645761489868,task_success_while_recovery_active_per_intervention,True,False,,0.1,10.0,0.04000000000000001,0.0025000000000000005,0.010000000000000002,0,full
REIM (ACT + Detector + Recovery),82,6000124,metaworld,True,52,0.9286451090010814,1,1,1,34,0.3346215784549713,task_success_while_recovery_active_per_intervention,True,False,,0.1,10.0,0.04000000000000001,0.0025000000000000005,0.010000000000000002,0,full
REIM (ACT + Detector + Recovery),83,6000125,metaworld,True,48,0.7336970400028804,1,1,1,40,0.3691055178642273,task_success_while_recovery_active_per_intervention,True,False,,0.1,10.0,0.04000000000000001,0.0025000000000000005,0.010000000000000002,0,full
REIM (ACT + Detector + Recovery),84,6000126,metaworld,True,54,0.29960478100110777,0,0,0,0,0.1388106495141983,task_success_while_recovery_active_per_intervention,True,False,,0.1,10.0,0.04000000000000001,0.0025000000000000005,0.010000000000000002,0,full
REIM (ACT + Detector + Recovery),85,6000127,metaworld,True,51,0.6002626989975397,1,1,1,33,0.32516539096832275,task_success_while_recovery_active_per_intervention,True,False,,0.1,10.0,0.04000000000000001,0.0025000000000000005,0.010000000000000002,0,full
REIM (ACT + Detector + Recovery),86,6000128,metaworld,True,60,0.48247024699958274,0,0,0,0,0.13226410746574402,task_success_while_recovery_active_per_intervention,True,False,,0.1,10.0,0.04000000000000001,0.0025000000000000005,0.010000000000000002,0,full
REIM (ACT + Detector + Recovery),87,6000129,metaworld,True,51,0.462398988998757,0,0,0,0,0.1695360243320465,task_success_while_recovery_active_per_intervention,True,False,,0.1,10.0,0.04000000000000001,0.0025000000000000005,0.010000000000000002,0,full
REIM (ACT + Detector + Recovery),88,6000130,metaworld,True,59,0.557703295002284,0,0,0,0,0.10185828059911728,task_success_while_recovery_active_per_intervention,True,False,,0.1,10.0,0.04000000000000001,0.0025000000000000005,0.010000000000000002,0,full
REIM (ACT + Detector + Recovery),89,6000131,metaworld,True,43,0.7741881949987146,1,1,1,36,0.41435185074806213,task_success_while_recovery_active_per_intervention,True,False,,0.1,10.0,0.04000000000000001,0.0025000000000000005,0.010000000000000002,0,full
REIM (ACT + Detector + Recovery),90,6000132,metaworld,True,50,0.5006799840011809,0,0,0,0,0.15042898058891296,task_success_while_recovery_active_per_intervention,True,False,,0.1,10.0,0.04000000000000001,0.0025000000000000005,0.010000000000000002,0,full
REIM (ACT + Detector + Recovery),91,6000133,metaworld,True,52,0.38604850499905297,0,0,0,0,0.172580748796463,task_success_while_recovery_active_per_intervention,True,False,,0.1,10.0,0.04000000000000001,0.0025000000000000005,0.010000000000000002,0,full
REIM (ACT + Detector + Recovery),92,6000134,metaworld,True,56,0.7702572410016728,1,1,1,35,0.3319518566131592,task_success_while_recovery_active_per_intervention,True,False,,0.1,10.0,0.04000000000000001,0.0025000000000000005,0.010000000000000002,0,full
REIM (ACT + Detector + Recovery),93,6000135,metaworld,True,53,0.49902368300172384,0,0,0,0,0.1238374188542366,task_success_while_recovery_active_per_intervention,True,False,,0.1,10.0,0.04000000000000001,0.0025000000000000005,0.010000000000000002,0,full
REIM (ACT + Detector + Recovery),94,6000136,metaworld,True,50,0.44422724499963806,0,0,0,0,0.16444455087184906,task_success_while_recovery_active_per_intervention,True,False,,0.1,10.0,0.04000000000000001,0.0025000000000000005,0.010000000000000002,0,full
REIM (ACT + Detector + Recovery),95,6000137,metaworld,True,58,0.8969514750024246,1,1,1,36,0.21765676140785217,task_success_while_recovery_active_per_intervention,True,False,,0.1,10.0,0.04000000000000001,0.0025000000000000005,0.010000000000000002,0,full
REIM (ACT + Detector + Recovery),96,6000138,metaworld,True,56,0.5873942769976566,0,0,0,0,0.12824302911758423,task_success_while_recovery_active_per_intervention,True,False,,0.1,10.0,0.04000000000000001,0.0025000000000000005,0.010000000000000002,0,full
REIM (ACT + Detector + Recovery),97,6000139,metaworld,True,53,0.24470511799881933,0,0,0,0,0.13890397548675537,task_success_while_recovery_active_per_intervention,True,False,,0.1,10.0,0.04000000000000001,0.0025000000000000005,0.010000000000000002,0,full
REIM (ACT + Detector + Recovery),98,6000140,metaworld,True,50,0.3273471129978134,0,0,0,0,0.1613127887248993,task_success_while_recovery_active_per_intervention,True,False,,0.1,10.0,0.04000000000000001,0.0025000000000000005,0.010000000000000002,0,full
REIM (ACT + Detector + Recovery),99,6000141,metaworld,True,43,0.4683849629982433,1,1,1,33,0.25784119963645935,task_success_while_recovery_active_per_intervention,True,False,,0.1,10.0,0.04000000000000001,0.0025000000000000005,0.010000000000000002,0,full
REIM (ACT + Detector + Recovery),100,6000142,metaworld,True,54,0.5167971329974534,0,0,0,0,0.15431737899780273,task_success_while_recovery_active_per_intervention,True,False,,0.1,10.0,0.04000000000000001,0.0025000000000000005,0.010000000000000002,0,full
REIM (ACT + Detector + Recovery),101,6000143,metaworld,True,52,0.6262715960001515,0,0,0,0,0.182077094912529,task_success_while_recovery_active_per_intervention,True,False,,0.1,10.0,0.04000000000000001,0.0025000000000000005,0.010000000000000002,0,full
REIM (ACT + Detector + Recovery),102,6000144,metaworld,True,52,0.9707483040001534,1,1,1,42,0.25902992486953735,task_success_while_recovery_active_per_intervention,True,False,,0.1,10.0,0.04000000000000001,0.0025000000000000005,0.010000000000000002,0,full
REIM (ACT + Detector + Recovery),103,6000145,metaworld,False,200,3.480064855000819,1,0,1,150,0.990285336971283,task_success_while_recovery_active_per_intervention,False,True,object_dropped,0.1,10.0,0.04000000000000001,0.0025000000000000005,0.010000000000000002,0,full
REIM (ACT + Detector + Recovery),104,6000146,metaworld,True,51,0.6286636069999076,1,1,1,32,0.21803143620491028,task_success_while_recovery_active_per_intervention,True,False,,0.1,10.0,0.04000000000000001,0.0025000000000000005,0.010000000000000002,0,full
REIM (ACT + Detector + Recovery),105,6000147,metaworld,True,52,0.39534238400301547,0,0,0,0,0.18479523062705994,task_success_while_recovery_active_per_intervention,True,False,,0.1,10.0,0.04000000000000001,0.0025000000000000005,0.010000000000000002,0,full
REIM (ACT + Detector + Recovery),106,6000148,metaworld,True,55,0.8704244840009778,1,1,1,39,0.22986598312854767,task_success_while_recovery_active_per_intervention,True,False,,0.1,10.0,0.04000000000000001,0.0025000000000000005,0.010000000000000002,0,full
REIM (ACT + Detector + Recovery),107,6000149,metaworld,True,51,0.4350574529998994,0,0,0,0,0.16224636137485504,task_success_while_recovery_active_per_intervention,True,False,,0.1,10.0,0.04000000000000001,0.0025000000000000005,0.010000000000000002,0,full
REIM (ACT + Detector + Recovery),108,6000150,metaworld,True,47,0.604745909000485,0,0,0,0,0.18456682562828064,task_success_while_recovery_active_per_intervention,True,False,,0.1,10.0,0.04000000000000001,0.0025000000000000005,0.010000000000000002,0,full
REIM (ACT + Detector + Recovery),109,6000151,metaworld,True,52,0.607105742998101,0,0,0,0,0.13272599875926971,task_success_while_recovery_active_per_intervention,True,False,,0.1,10.0,0.04000000000000001,0.0025000000000000005,0.010000000000000002,0,full
REIM (ACT + Detector + Recovery),110,6000152,metaworld,True,50,0.6911680539997178,0,0,0,0,0.1829569786787033,task_success_while_recovery_active_per_intervention,True,False,,0.1,10.0,0.04000000000000001,0.0025000000000000005,0.010000000000000002,0,full
REIM (ACT + Detector + Recovery),111,6000153,metaworld,True,50,0.5382236939985887,1,1,1,35,0.23724308609962463,task_success_while_recovery_active_per_intervention,True,False,,0.1,10.0,0.04000000000000001,0.0025000000000000005,0.010000000000000002,0,full
REIM (ACT + Detector + Recovery),112,6000154,metaworld,True,51,0.3330526310019195,0,0,0,0,0.11574279516935349,task_success_while_recovery_active_per_intervention,True,False,,0.1,10.0,0.04000000000000001,0.0025000000000000005,0.010000000000000002,0,full
REIM (ACT + Detector + Recovery),113,6000155,metaworld,True,52,0.39905491399986204,0,0,0,0,0.14861690998077393,task_success_while_recovery_active_per_intervention,True,False,,0.1,10.0,0.04000000000000001,0.0025000000000000005,0.010000000000000002,0,full
REIM (ACT + Detector + Recovery),114,6000156,metaworld,True,54,0.5815330810000887,0,0,0,0,0.16555309295654297,task_success_while_recovery_active_per_intervention,True,False,,0.1,10.0,0.04000000000000001,0.0025000000000000005,0.010000000000000002,0,full
REIM (ACT + Detector + Recovery),115,6000157,metaworld,True,53,0.44274748399766395,0,0,0,0,0.15420575439929962,task_success_while_recovery_active_per_intervention,True,False,,0.1,10.0,0.04000000000000001,0.0025000000000000005,0.010000000000000002,0,full
REIM (ACT + Detector + Recovery),116,6000158,metaworld,True,59,0.6224385030000121,0,0,0,0,0.14002636075019836,task_success_while_recovery_active_per_intervention,True,False,,0.1,10.0,0.04000000000000001,0.0025000000000000005,0.010000000000000002,0,full
REIM (ACT + Detector + Recovery),117,6000159,metaworld,True,47,0.41462912899805815,1,1,1,29,0.24519982933998108,task_success_while_recovery_active_per_intervention,True,False,,0.1,10.0,0.04000000000000001,0.0025000000000000005,0.010000000000000002,0,full
REIM (ACT + Detector + Recovery),118,6000160,metaworld,True,60,0.4292912349992548,0,0,0,0,0.18789678812026978,task_success_while_recovery_active_per_intervention,True,False,,0.1,10.0,0.04000000000000001,0.0025000000000000005,0.010000000000000002,0,full
REIM (ACT + Detector + Recovery),119,6000161,metaworld,True,59,0.40472908099764027,0,0,0,0,0.14327821135520935,task_success_while_recovery_active_per_intervention,True,False,,0.1,10.0,0.04000000000000001,0.0025000000000000005,0.010000000000000002,0,full
REIM (ACT + Detector + Recovery),120,6000162,metaworld,True,60,0.26732631499908166,0,0,0,0,0.09475254267454147,task_success_while_recovery_active_per_intervention,True,False,,0.1,10.0,0.04000000000000001,0.0025000000000000005,0.010000000000000002,0,full
REIM (ACT + Detector + Recovery),121,6000163,metaworld,True,59,0.3978465939981106,0,0,0,0,0.17949679493904114,task_success_while_recovery_active_per_intervention,True,False,,0.1,10.0,0.04000000000000001,0.0025000000000000005,0.010000000000000002,0,full
REIM (ACT + Detector + Recovery),122,6000164,metaworld,True,48,0.4096108770027058,0,0,0,0,0.19114543497562408,task_success_while_recovery_active_per_intervention,True,False,,0.1,10.0,0.04000000000000001,0.0025000000000000005,0.010000000000000002,0,full
REIM (ACT + Detector + Recovery),123,6000165,metaworld,False,200,2.8486273479975353,1,0,1,136,0.9990952014923096,task_success_while_recovery_active_per_intervention,False,True,object_dropped,0.1,10.0,0.04000000000000001,0.0025000000000000005,0.010000000000000002,0,full
REIM (ACT + Detector + Recovery),124,6000166,metaworld,True,51,0.2899885209990316,0,0,0,0,0.16719499230384827,task_success_while_recovery_active_per_intervention,True,False,,0.1,10.0,0.04000000000000001,0.0025000000000000005,0.010000000000000002,0,full
REIM (ACT + Detector + Recovery),125,6000167,metaworld,True,62,0.2987634229975811,0,0,0,0,0.16379092633724213,task_success_while_recovery_active_per_intervention,True,False,,0.1,10.0,0.04000000000000001,0.0025000000000000005,0.010000000000000002,0,full
REIM (ACT + Detector + Recovery),126,6000168,metaworld,True,56,0.32757686599870794,0,0,0,0,0.0984082743525505,task_success_while_recovery_active_per_intervention,True,False,,0.1,10.0,0.04000000000000001,0.0025000000000000005,0.010000000000000002,0,full
REIM (ACT + Detector + Recovery),127,6000169,metaworld,True,59,0.3325053400003526,0,0,0,0,0.16482985019683838,task_success_while_recovery_active_per_intervention,True,False,,0.1,10.0,0.04000000000000001,0.0025000000000000005,0.010000000000000002,0,full
REIM (ACT + Detector + Recovery),128,6000170,metaworld,True,52,0.3814340880016971,0,0,0,0,0.16983580589294434,task_success_while_recovery_active_per_intervention,True,False,,0.1,10.0,0.04000000000000001,0.0025000000000000005,0.010000000000000002,0,full
REIM (ACT + Detector + Recovery),129,6000171,metaworld,True,51,0.5589394319977146,1,1,1,27,0.20347653329372406,task_success_while_recovery_active_per_intervention,True,False,,0.1,10.0,0.04000000000000001,0.0025000000000000005,0.010000000000000002,0,full
REIM (ACT + Detector + Recovery),130,6000172,metaworld,True,52,0.38373575800142135,0,0,0,0,0.149052232503891,task_success_while_recovery_active_per_intervention,True,False,,0.1,10.0,0.04000000000000001,0.0025000000000000005,0.010000000000000002,0,full
REIM (ACT + Detector + Recovery),131,6000173,metaworld,True,45,0.6683087359997444,1,1,1,21,0.20381717383861542,task_success_while_recovery_active_per_intervention,True,False,,0.1,10.0,0.04000000000000001,0.0025000000000000005,0.010000000000000002,0,full
REIM (ACT + Detector + Recovery),132,6000174,metaworld,True,55,0.8412607290010783,0,0,0,0,0.1451234370470047,task_success_while_recovery_active_per_intervention,True,False,,0.1,10.0,0.04000000000000001,0.0025000000000000005,0.010000000000000002,0,full
REIM (ACT + Detector + Recovery),133,6000175,metaworld,True,56,0.6198441710002953,0,0,0,0,0.08990643918514252,task_success_while_recovery_active_per_intervention,True,False,,0.1,10.0,0.04000000000000001,0.0025000000000000005,0.010000000000000002,0,full
REIM (ACT + Detector + Recovery),134,6000176,metaworld,True,53,0.27721905699945637,0,0,0,0,0.18378587067127228,task_success_while_recovery_active_per_intervention,True,False,,0.1,10.0,0.04000000000000001,0.0025000000000000005,0.010000000000000002,0,full
REIM (ACT + Detector + Recovery),135,6000177,metaworld,True,50,0.2670491349999793,0,0,0,0,0.13829652965068817,task_success_while_recovery_active_per_intervention,True,False,,0.1,10.0,0.04000000000000001,0.0025000000000000005,0.010000000000000002,0,full
REIM (ACT + Detector + Recovery),136,6000178,metaworld,True,52,0.2925003950003884,0,0,0,0,0.10583751648664474,task_success_while_recovery_active_per_intervention,True,False,,0.1,10.0,0.04000000000000001,0.0025000000000000005,0.010000000000000002,0,full
REIM (ACT + Detector + Recovery),137,6000179,metaworld,True,59,0.2699486989986326,0,0,0,0,0.17636236548423767,task_success_while_recovery_active_per_intervention,True,False,,0.1,10.0,0.04000000000000001,0.0025000000000000005,0.010000000000000002,0,full
REIM (ACT + Detector + Recovery),138,6000180,metaworld,True,66,0.752429675001622,1,1,1,37,0.23338112235069275,task_success_while_recovery_active_per_intervention,True,False,,0.1,10.0,0.04000000000000001,0.0025000000000000005,0.010000000000000002,0,full
REIM (ACT + Detector + Recovery),139,6000181,metaworld,True,54,0.673560302999249,0,0,0,0,0.09348991513252258,task_success_while_recovery_active_per_intervention,True,False,,0.1,10.0,0.04000000000000001,0.0025000000000000005,0.010000000000000002,0,full
REIM (ACT + Detector + Recovery),140,6000182,metaworld,True,52,0.5653190170014568,0,0,0,0,0.13836972415447235,task_success_while_recovery_active_per_intervention,True,False,,0.1,10.0,0.04000000000000001,0.0025000000000000005,0.010000000000000002,0,full
REIM (ACT + Detector + Recovery),141,6000183,metaworld,True,57,1.0712840630003484,1,1,1,43,0.28425559401512146,task_success_while_recovery_active_per_intervention,True,False,,0.1,10.0,0.04000000000000001,0.0025000000000000005,0.010000000000000002,0,full
REIM (ACT + Detector + Recovery),142,6000184,metaworld,True,50,0.42400199100302416,0,0,0,0,0.13494810461997986,task_success_while_recovery_active_per_intervention,True,False,,0.1,10.0,0.04000000000000001,0.0025000000000000005,0.010000000000000002,0,full
REIM (ACT + Detector + Recovery),143,6000185,metaworld,True,51,0.5153063889993064,0,0,0,0,0.11332079023122787,task_success_while_recovery_active_per_intervention,True,False,,0.1,10.0,0.04000000000000001,0.0025000000000000005,0.010000000000000002,0,full
REIM (ACT + Detector + Recovery),144,6000186,metaworld,True,52,0.5934153380003409,1,1,1,40,0.2502076029777527,task_success_while_recovery_active_per_intervention,True,False,,0.1,10.0,0.04000000000000001,0.0025000000000000005,0.010000000000000002,0,full
REIM (ACT + Detector + Recovery),145,6000187,metaworld,True,52,0.5732747959991684,1,1,1,36,0.2383088618516922,task_success_while_recovery_active_per_intervention,True,False,,0.1,10.0,0.04000000000000001,0.0025000000000000005,0.010000000000000002,0,full
REIM (ACT + Detector + Recovery),146,6000188,metaworld,True,57,0.6440892470018298,1,1,1,28,0.20618291199207306,task_success_while_recovery_active_per_intervention,True,False,,0.1,10.0,0.04000000000000001,0.0025000000000000005,0.010000000000000002,0,full
REIM (ACT + Detector + Recovery),147,6000189,metaworld,True,62,0.5710067709987925,0,0,0,0,0.10213054716587067,task_success_while_recovery_active_per_intervention,True,False,,0.1,10.0,0.04000000000000001,0.0025000000000000005,0.010000000000000002,0,full
REIM (ACT + Detector + Recovery),148,6000190,metaworld,True,51,0.41632481399938115,0,0,0,0,0.10004232078790665,task_success_while_recovery_active_per_intervention,True,False,,0.1,10.0,0.04000000000000001,0.0025000000000000005,0.010000000000000002,0,full
REIM (ACT + Detector + Recovery),149,6000191,metaworld,True,55,0.4000382419981179,0,0,0,0,0.16558443009853363,task_success_while_recovery_active_per_intervention,True,False,,0.1,10.0,0.04000000000000001,0.0025000000000000005,0.010000000000000002,0,full
REIM (ACT + Detector + Recovery),150,6000192,metaworld,True,50,0.3920969850005349,0,0,0,0,0.18399693071842194,task_success_while_recovery_active_per_intervention,True,False,,0.1,10.0,0.04000000000000001,0.0025000000000000005,0.010000000000000002,0,full
REIM (ACT + Detector + Recovery),151,6000193,metaworld,True,53,0.33103779899829533,0,0,0,0,0.16948561370372772,task_success_while_recovery_active_per_intervention,True,False,,0.1,10.0,0.04000000000000001,0.0025000000000000005,0.010000000000000002,0,full
REIM (ACT + Detector + Recovery),152,6000194,metaworld,True,51,0.38843671699942206,0,0,0,0,0.17818208038806915,task_success_while_recovery_active_per_intervention,True,False,,0.1,10.0,0.04000000000000001,0.0025000000000000005,0.010000000000000002,0,full
REIM (ACT + Detector + Recovery),153,6000195,metaworld,True,53,0.715832836998743,1,1,1,34,0.20411252975463867,task_success_while_recovery_active_per_intervention,True,False,,0.1,10.0,0.04000000000000001,0.0025000000000000005,0.010000000000000002,0,full
REIM (ACT + Detector + Recovery),154,6000196,metaworld,True,52,0.2575017030030722,0,0,0,0,0.1820727288722992,task_success_while_recovery_active_per_intervention,True,False,,0.1,10.0,0.04000000000000001,0.0025000000000000005,0.010000000000000002,0,full
REIM (ACT + Detector + Recovery),155,6000197,metaworld,True,50,0.7323760450017289,1,1,1,41,0.2513197958469391,task_success_while_recovery_active_per_intervention,True,False,,0.1,10.0,0.04000000000000001,0.0025000000000000005,0.010000000000000002,0,full
REIM (ACT + Detector + Recovery),156,6000198,metaworld,True,51,0.3895706559997052,0,0,0,0,0.10335008054971695,task_success_while_recovery_active_per_intervention,True,False,,0.1,10.0,0.04000000000000001,0.0025000000000000005,0.010000000000000002,0,full
REIM (ACT + Detector + Recovery),157,6000199,metaworld,True,59,0.5309590489996481,0,0,0,0,0.13261011242866516,task_success_while_recovery_active_per_intervention,True,False,,0.1,10.0,0.04000000000000001,0.0025000000000000005,0.010000000000000002,0,full
REIM (ACT + Detector + Recovery),158,6000200,metaworld,True,54,0.42169973499767366,0,0,0,0,0.101549431681633,task_success_while_recovery_active_per_intervention,True,False,,0.1,10.0,0.04000000000000001,0.0025000000000000005,0.010000000000000002,0,full
REIM (ACT + Detector + Recovery),159,6000201,metaworld,True,51,0.2870530670006701,0,0,0,0,0.14891469478607178,task_success_while_recovery_active_per_intervention,True,False,,0.1,10.0,0.04000000000000001,0.0025000000000000005,0.010000000000000002,0,full
REIM (ACT + Detector + Recovery),160,6000202,metaworld,True,51,0.7001603379976586,1,1,1,39,0.242177352309227,task_success_while_recovery_active_per_intervention,True,False,,0.1,10.0,0.04000000000000001,0.0025000000000000005,0.010000000000000002,0,full
REIM (ACT + Detector + Recovery),161,6000203,metaworld,False,200,2.5754204430013488,1,0,1,150,0.9960774779319763,task_success_while_recovery_active_per_intervention,False,True,object_dropped,0.1,10.0,0.04000000000000001,0.0025000000000000005,0.010000000000000002,0,full
REIM (ACT + Detector + Recovery),162,6000204,metaworld,True,53,0.4157292019990564,0,0,0,0,0.17326048016548157,task_success_while_recovery_active_per_intervention,True,False,,0.1,10.0,0.04000000000000001,0.0025000000000000005,0.010000000000000002,0,full
REIM (ACT + Detector + Recovery),163,6000205,metaworld,True,59,0.6486284090024128,0,0,0,0,0.13663463294506073,task_success_while_recovery_active_per_intervention,True,False,,0.1,10.0,0.04000000000000001,0.0025000000000000005,0.010000000000000002,0,full
REIM (ACT + Detector + Recovery),164,6000206,metaworld,True,50,0.3927690470009111,0,0,0,0,0.158441960811615,task_success_while_recovery_active_per_intervention,True,False,,0.1,10.0,0.04000000000000001,0.0025000000000000005,0.010000000000000002,0,full
REIM (ACT + Detector + Recovery),165,6000207,metaworld,True,56,0.6887415220007824,0,0,0,0,0.1333814561367035,task_success_while_recovery_active_per_intervention,True,False,,0.1,10.0,0.04000000000000001,0.0025000000000000005,0.010000000000000002,0,full
REIM (ACT + Detector + Recovery),166,6000208,metaworld,True,51,0.6028837689991633,0,0,0,0,0.18959401547908783,task_success_while_recovery_active_per_intervention,True,False,,0.1,10.0,0.04000000000000001,0.0025000000000000005,0.010000000000000002,0,full
REIM (ACT + Detector + Recovery),167,6000209,metaworld,True,53,0.30150842299917713,0,0,0,0,0.12840400636196136,task_success_while_recovery_active_per_intervention,True,False,,0.1,10.0,0.04000000000000001,0.0025000000000000005,0.010000000000000002,0,full
REIM (ACT + Detector + Recovery),168,6000210,metaworld,True,52,1.021282505000272,1,1,1,43,0.3525037467479706,task_success_while_recovery_active_per_intervention,True,False,,0.1,10.0,0.04000000000000001,0.0025000000000000005,0.010000000000000002,0,full
REIM (ACT + Detector + Recovery),169,6000211,metaworld,True,60,0.5597572860024229,0,0,0,0,0.13257673382759094,task_success_while_recovery_active_per_intervention,True,False,,0.1,10.0,0.04000000000000001,0.0025000000000000005,0.010000000000000002,0,full
REIM (ACT + Detector + Recovery),170,6000212,metaworld,True,49,0.9323860879994754,1,1,1,41,0.4270956516265869,task_success_while_recovery_active_per_intervention,True,False,,0.1,10.0,0.04000000000000001,0.0025000000000000005,0.010000000000000002,0,full
REIM (ACT + Detector + Recovery),171,6000213,metaworld,True,47,0.6927688399991894,1,1,1,29,0.23363013565540314,task_success_while_recovery_active_per_intervention,True,False,,0.1,10.0,0.04000000000000001,0.0025000000000000005,0.010000000000000002,0,full
REIM (ACT + Detector + Recovery),172,6000214,metaworld,True,54,0.6988619659969117,1,1,1,35,0.20695815980434418,task_success_while_recovery_active_per_intervention,True,False,,0.1,10.0,0.04000000000000001,0.0025000000000000005,0.010000000000000002,0,full
REIM (ACT + Detector + Recovery),173,6000215,metaworld,True,56,0.4542749329993967,0,0,0,0,0.17766554653644562,task_success_while_recovery_active_per_intervention,True,False,,0.1,10.0,0.04000000000000001,0.0025000000000000005,0.010000000000000002,0,full
REIM (ACT + Detector + Recovery),174,6000216,metaworld,True,53,0.4633231469997554,0,0,0,0,0.13121487200260162,task_success_while_recovery_active_per_intervention,True,False,,0.1,10.0,0.04000000000000001,0.0025000000000000005,0.010000000000000002,0,full
REIM (ACT + Detector + Recovery),175,6000217,metaworld,True,50,0.33560152699647006,0,0,0,0,0.18849846720695496,task_success_while_recovery_active_per_intervention,True,False,,0.1,10.0,0.04000000000000001,0.0025000000000000005,0.010000000000000002,0,full
REIM (ACT + Detector + Recovery),176,6000218,metaworld,True,51,0.27103188899855013,0,0,0,0,0.19484850764274597,task_success_while_recovery_active_per_intervention,True,False,,0.1,10.0,0.04000000000000001,0.0025000000000000005,0.010000000000000002,0,full
REIM (ACT + Detector + Recovery),177,6000219,metaworld,True,54,0.353004830001737,0,0,0,0,0.12687095999717712,task_success_while_recovery_active_per_intervention,True,False,,0.1,10.0,0.04000000000000001,0.0025000000000000005,0.010000000000000002,0,full
REIM (ACT + Detector + Recovery),178,6000220,metaworld,True,65,1.1228001740018954,1,1,1,45,0.22926108539104462,task_success_while_recovery_active_per_intervention,True,False,,0.1,10.0,0.04000000000000001,0.0025000000000000005,0.010000000000000002,0,full
REIM (ACT + Detector + Recovery),179,6000221,metaworld,True,55,1.1480791120011418,1,1,1,40,0.28608080744743347,task_success_while_recovery_active_per_intervention,True,False,,0.1,10.0,0.04000000000000001,0.0025000000000000005,0.010000000000000002,0,full
REIM (ACT + Detector + Recovery),180,6000222,metaworld,True,52,0.8428546340001049,0,0,0,0,0.12472811341285706,task_success_while_recovery_active_per_intervention,True,False,,0.1,10.0,0.04000000000000001,0.0025000000000000005,0.010000000000000002,0,full
REIM (ACT + Detector + Recovery),181,6000223,metaworld,True,51,0.5163059490005253,0,0,0,0,0.1808464378118515,task_success_while_recovery_active_per_intervention,True,False,,0.1,10.0,0.04000000000000001,0.0025000000000000005,0.010000000000000002,0,full
REIM (ACT + Detector + Recovery),182,6000224,metaworld,True,58,0.48573797100107186,0,0,0,0,0.16108456254005432,task_success_while_recovery_active_per_intervention,True,False,,0.1,10.0,0.04000000000000001,0.0025000000000000005,0.010000000000000002,0,full
REIM (ACT + Detector + Recovery),183,6000225,metaworld,True,48,0.7589259480009787,1,1,1,30,0.2126099318265915,task_success_while_recovery_active_per_intervention,True,False,,0.1,10.0,0.04000000000000001,0.0025000000000000005,0.010000000000000002,0,full
REIM (ACT + Detector + Recovery),184,6000226,metaworld,True,51,0.8613594369999191,1,1,1,41,0.33034780621528625,task_success_while_recovery_active_per_intervention,True,False,,0.1,10.0,0.04000000000000001,0.0025000000000000005,0.010000000000000002,0,full
REIM (ACT + Detector + Recovery),185,6000227,metaworld,True,59,0.7964981119985168,0,0,0,0,0.1546221226453781,task_success_while_recovery_active_per_intervention,True,False,,0.1,10.0,0.04000000000000001,0.0025000000000000005,0.010000000000000002,0,full
REIM (ACT + Detector + Recovery),186,6000228,metaworld,True,57,0.3119550240007811,0,0,0,0,0.15502987802028656,task_success_while_recovery_active_per_intervention,True,False,,0.1,10.0,0.04000000000000001,0.0025000000000000005,0.010000000000000002,0,full
REIM (ACT + Detector + Recovery),187,6000229,metaworld,True,52,0.3547170229976473,0,0,0,0,0.13822217285633087,task_success_while_recovery_active_per_intervention,True,False,,0.1,10.0,0.04000000000000001,0.0025000000000000005,0.010000000000000002,0,full
REIM (ACT + Detector + Recovery),188,6000230,metaworld,True,55,0.3925106679998862,0,0,0,0,0.10683327913284302,task_success_while_recovery_active_per_intervention,True,False,,0.1,10.0,0.04000000000000001,0.0025000000000000005,0.010000000000000002,0,full
REIM (ACT + Detector + Recovery),189,6000231,metaworld,True,56,0.7082770870001696,1,1,1,44,0.2809560000896454,task_success_while_recovery_active_per_intervention,True,False,,0.1,10.0,0.04000000000000001,0.0025000000000000005,0.010000000000000002,0,full
REIM (ACT + Detector + Recovery),190,6000232,metaworld,True,55,0.7133114459975332,1,1,1,38,0.27762192487716675,task_success_while_recovery_active_per_intervention,True,False,,0.1,10.0,0.04000000000000001,0.0025000000000000005,0.010000000000000002,0,full
REIM (ACT + Detector + Recovery),191,6000233,metaworld,True,52,0.3673327869983041,0,0,0,0,0.15580065548419952,task_success_while_recovery_active_per_intervention,True,False,,0.1,10.0,0.04000000000000001,0.0025000000000000005,0.010000000000000002,0,full
REIM (ACT + Detector + Recovery),192,6000234,metaworld,True,54,0.5498450960003538,0,0,0,0,0.14671370387077332,task_success_while_recovery_active_per_intervention,True,False,,0.1,10.0,0.04000000000000001,0.0025000000000000005,0.010000000000000002,0,full
REIM (ACT + Detector + Recovery),193,6000235,metaworld,True,51,0.6773199179988296,1,1,1,34,0.33562788367271423,task_success_while_recovery_active_per_intervention,True,False,,0.1,10.0,0.04000000000000001,0.0025000000000000005,0.010000000000000002,0,full
REIM (ACT + Detector + Recovery),194,6000236,metaworld,True,58,0.9472560959984548,1,1,1,30,0.2123674601316452,task_success_while_recovery_active_per_intervention,True,False,,0.1,10.0,0.04000000000000001,0.0025000000000000005,0.010000000000000002,0,full
REIM (ACT + Detector + Recovery),195,6000237,metaworld,True,51,0.8202680720023636,1,1,1,41,0.2961302399635315,task_success_while_recovery_active_per_intervention,True,False,,0.1,10.0,0.04000000000000001,0.0025000000000000005,0.010000000000000002,0,full
REIM (ACT + Detector + Recovery),196,6000238,metaworld,True,52,0.41005039000083343,0,0,0,0,0.15158094465732574,task_success_while_recovery_active_per_intervention,True,False,,0.1,10.0,0.04000000000000001,0.0025000000000000005,0.010000000000000002,0,full
REIM (ACT + Detector + Recovery),197,6000239,metaworld,True,57,0.49835315800009994,0,0,0,0,0.12922163307666779,task_success_while_recovery_active_per_intervention,True,False,,0.1,10.0,0.04000000000000001,0.0025000000000000005,0.010000000000000002,0,full
REIM (ACT + Detector + Recovery),198,6000240,metaworld,True,55,0.37560236300123506,0,0,0,0,0.1503211110830307,task_success_while_recovery_active_per_intervention,True,False,,0.1,10.0,0.04000000000000001,0.0025000000000000005,0.010000000000000002,0,full
REIM (ACT + Detector + Recovery),199,6000241,metaworld,True,58,0.49970310499702464,0,0,0,0,0.1386631280183792,task_success_while_recovery_active_per_intervention,True,False,,0.1,10.0,0.04000000000000001,0.0025000000000000005,0.010000000000000002,0,full
ACT,0,6000042,metaworld,True,50,0.3053687989995524,0,0,0,0,0.0,,True,False,,0.2,20.0,0.08000000000000002,0.005000000000000001,0.020000000000000004,0,full
ACT,1,6000043,metaworld,True,51,0.11352937099945848,0,0,0,0,0.0,,True,False,,0.2,20.0,0.08000000000000002,0.005000000000000001,0.020000000000000004,0,full
ACT,2,6000044,metaworld,True,60,0.131532559000334,0,0,0,0,0.0,,True,False,,0.2,20.0,0.08000000000000002,0.005000000000000001,0.020000000000000004,0,full
ACT,3,6000045,metaworld,True,55,0.13751362999937555,0,0,0,0,0.0,,True,False,,0.2,20.0,0.08000000000000002,0.005000000000000001,0.020000000000000004,0,full
ACT,4,6000046,metaworld,True,56,0.1454004070001247,0,0,0,0,0.0,,True,False,,0.2,20.0,0.08000000000000002,0.005000000000000001,0.020000000000000004,0,full
ACT,5,6000047,metaworld,True,51,0.13106183600029908,0,0,0,0,0.0,,True,False,,0.2,20.0,0.08000000000000002,0.005000000000000001,0.020000000000000004,0,full
ACT,6,6000048,metaworld,True,56,0.1243736499982333,0,0,0,0,0.0,,True,False,,0.2,20.0,0.08000000000000002,0.005000000000000001,0.020000000000000004,0,full
ACT,7,6000049,metaworld,True,57,0.13073667400021804,0,0,0,0,0.0,,True,False,,0.2,20.0,0.08000000000000002,0.005000000000000001,0.020000000000000004,0,full
ACT,8,6000050,metaworld,True,55,0.13676257000042824,0,0,0,0,0.0,,True,False,,0.2,20.0,0.08000000000000002,0.005000000000000001,0.020000000000000004,0,full
ACT,9,6000051,metaworld,True,54,0.14355310300015844,0,0,0,0,0.0,,True,False,,0.2,20.0,0.08000000000000002,0.005000000000000001,0.020000000000000004,0,full
ACT,10,6000052,metaworld,True,48,0.1294290860005276,0,0,0,0,0.0,,True,False,,0.2,20.0,0.08000000000000002,0.005000000000000001,0.020000000000000004,0,full
ACT,11,6000053,metaworld,True,53,0.1592831819998537,0,0,0,0,0.0,,True,False,,0.2,20.0,0.08000000000000002,0.005000000000000001,0.020000000000000004,0,full
ACT,12,6000054,metaworld,False,200,0.596250067001165,0,0,0,0,0.0,,False,True,timeout,0.2,20.0,0.08000000000000002,0.005000000000000001,0.020000000000000004,0,full
ACT,13,6000055,metaworld,False,200,0.5725111219999235,0,0,0,0,0.0,,False,True,object_dropped,0.2,20.0,0.08000000000000002,0.005000000000000001,0.020000000000000004,0,full
ACT,14,6000056,metaworld,True,58,0.1555093509996368,0,0,0,0,0.0,,True,False,,0.2,20.0,0.08000000000000002,0.005000000000000001,0.020000000000000004,0,full
ACT,15,6000057,metaworld,True,51,0.12867000099868164,0,0,0,0,0.0,,True,False,,0.2,20.0,0.08000000000000002,0.005000000000000001,0.020000000000000004,0,full
ACT,16,6000058,metaworld,True,57,0.15549270099836576,0,0,0,0,0.0,,True,False,,0.2,20.0,0.08000000000000002,0.005000000000000001,0.020000000000000004,0,full
ACT,17,6000059,metaworld,True,64,0.18479493600170827,0,0,0,0,0.0,,True,False,,0.2,20.0,0.08000000000000002,0.005000000000000001,0.020000000000000004,0,full
ACT,18,6000060,metaworld,True,48,0.14808209799957694,0,0,0,0,0.0,,True,False,,0.2,20.0,0.08000000000000002,0.005000000000000001,0.020000000000000004,0,full
ACT,19,6000061,metaworld,True,54,0.16210051300004125,0,0,0,0,0.0,,True,False,,0.2,20.0,0.08000000000000002,0.005000000000000001,0.020000000000000004,0,full
ACT,20,6000062,metaworld,True,54,0.17138599300051283,0,0,0,0,0.0,,True,False,,0.2,20.0,0.08000000000000002,0.005000000000000001,0.020000000000000004,0,full
ACT,21,6000063,metaworld,True,53,0.1353854400003911,0,0,0,0,0.0,,True,False,,0.2,20.0,0.08000000000000002,0.005000000000000001,0.020000000000000004,0,full
ACT,22,6000064,metaworld,True,51,0.14201798100111773,0,0,0,0,0.0,,True,False,,0.2,20.0,0.08000000000000002,0.005000000000000001,0.020000000000000004,0,full
ACT,23,6000065,metaworld,True,55,0.4099254450011358,0,0,0,0,0.0,,True,False,,0.2,20.0,0.08000000000000002,0.005000000000000001,0.020000000000000004,0,full
ACT,24,6000066,metaworld,False,200,0.9468131980011094,0,0,0,0,0.0,,False,True,object_dropped,0.2,20.0,0.08000000000000002,0.005000000000000001,0.020000000000000004,0,full
ACT,25,6000067,metaworld,True,55,0.18170494099831558,0,0,0,0,0.0,,True,False,,0.2,20.0,0.08000000000000002,0.005000000000000001,0.020000000000000004,0,full
ACT,26,6000068,metaworld,True,53,0.13102727200021036,0,0,0,0,0.0,,True,False,,0.2,20.0,0.08000000000000002,0.005000000000000001,0.020000000000000004,0,full
ACT,27,6000069,metaworld,False,200,1.3210452170005738,0,0,0,0,0.0,,False,True,timeout,0.2,20.0,0.08000000000000002,0.005000000000000001,0.020000000000000004,0,full
ACT,28,6000070,metaworld,True,54,0.2112783180000406,0,0,0,0,0.0,,True,False,,0.2,20.0,0.08000000000000002,0.005000000000000001,0.020000000000000004,0,full
ACT,29,6000071,metaworld,True,56,0.1716552390007564,0,0,0,0,0.0,,True,False,,0.2,20.0,0.08000000000000002,0.005000000000000001,0.020000000000000004,0,full
ACT,30,6000072,metaworld,False,200,0.5132587570005853,0,0,0,0,0.0,,False,True,timeout,0.2,20.0,0.08000000000000002,0.005000000000000001,0.020000000000000004,0,full
ACT,31,6000073,metaworld,True,50,0.19493141299972194,0,0,0,0,0.0,,True,False,,0.2,20.0,0.08000000000000002,0.005000000000000001,0.020000000000000004,0,full
ACT,32,6000074,metaworld,True,48,0.1317586669993034,0,0,0,0,0.0,,True,False,,0.2,20.0,0.08000000000000002,0.005000000000000001,0.020000000000000004,0,full
ACT,33,6000075,metaworld,True,58,0.2907145249992027,0,0,0,0,0.0,,True,False,,0.2,20.0,0.08000000000000002,0.005000000000000001,0.020000000000000004,0,full
ACT,34,6000076,metaworld,True,60,0.20863002800069808,0,0,0,0,0.0,,True,False,,0.2,20.0,0.08000000000000002,0.005000000000000001,0.020000000000000004,0,full
ACT,35,6000077,metaworld,True,54,0.2355285180001374,0,0,0,0,0.0,,True,False,,0.2,20.0,0.08000000000000002,0.005000000000000001,0.020000000000000004,0,full
ACT,36,6000078,metaworld,False,200,0.5539184059998661,0,0,0,0,0.0,,False,True,timeout,0.2,20.0,0.08000000000000002,0.005000000000000001,0.020000000000000004,0,full
ACT,37,6000079,metaworld,False,200,0.5199595089998184,0,0,0,0,0.0,,False,True,object_dropped,0.2,20.0,0.08000000000000002,0.005000000000000001,0.020000000000000004,0,full
ACT,38,6000080,metaworld,True,49,0.12443504099974234,0,0,0,0,0.0,,True,False,,0.2,20.0,0.08000000000000002,0.005000000000000001,0.020000000000000004,0,full
ACT,39,6000081,metaworld,True,62,0.18048698399979912,0,0,0,0,0.0,,True,False,,0.2,20.0,0.08000000000000002,0.005000000000000001,0.020000000000000004,0,full
ACT,40,6000082,metaworld,True,52,0.15070562700020673,0,0,0,0,0.0,,True,False,,0.2,20.0,0.08000000000000002,0.005000000000000001,0.020000000000000004,0,full
ACT,41,6000083,metaworld,True,55,0.22248171599858324,0,0,0,0,0.0,,True,False,,0.2,20.0,0.08000000000000002,0.005000000000000001,0.020000000000000004,0,full
ACT,42,6000084,metaworld,True,54,0.20302063700000872,0,0,0,0,0.0,,True,False,,0.2,20.0,0.08000000000000002,0.005000000000000001,0.020000000000000004,0,full
ACT,43,6000085,metaworld,True,54,0.1394710929998837,0,0,0,0,0.0,,True,False,,0.2,20.0,0.08000000000000002,0.005000000000000001,0.020000000000000004,0,full
ACT,44,6000086,metaworld,True,52,0.12973498499923153,0,0,0,0,0.0,,True,False,,0.2,20.0,0.08000000000000002,0.005000000000000001,0.020000000000000004,0,full
ACT,45,6000087,metaworld,True,53,0.12077068899998267,0,0,0,0,0.0,,True,False,,0.2,20.0,0.08000000000000002,0.005000000000000001,0.020000000000000004,0,full
ACT,46,6000088,metaworld,True,64,0.1528935639998963,0,0,0,0,0.0,,True,False,,0.2,20.0,0.08000000000000002,0.005000000000000001,0.020000000000000004,0,full
ACT,47,6000089,metaworld,True,52,0.14057734800007893,0,0,0,0,0.0,,True,False,,0.2,20.0,0.08000000000000002,0.005000000000000001,0.020000000000000004,0,full
ACT,48,6000090,metaworld,True,54,0.1409858280003391,0,0,0,0,0.0,,True,False,,0.2,20.0,0.08000000000000002,0.005000000000000001,0.020000000000000004,0,full
ACT,49,6000091,metaworld,True,54,0.16048524500001804,0,0,0,0,0.0,,True,False,,0.2,20.0,0.08000000000000002,0.005000000000000001,0.020000000000000004,0,full
ACT,50,6000092,metaworld,True,51,0.14615770200180123,0,0,0,0,0.0,,True,False,,0.2,20.0,0.08000000000000002,0.005000000000000001,0.020000000000000004,0,full
ACT,51,6000093,metaworld,True,56,0.14052882000032696,0,0,0,0,0.0,,True,False,,0.2,20.0,0.08000000000000002,0.005000000000000001,0.020000000000000004,0,full
ACT,52,6000094,metaworld,False,200,0.4396643750005751,0,0,0,0,0.0,,False,True,object_dropped,0.2,20.0,0.08000000000000002,0.005000000000000001,0.020000000000000004,0,full
ACT,53,6000095,metaworld,False,200,0.6052747960020497,0,0,0,0,0.0,,False,True,object_dropped,0.2,20.0,0.08000000000000002,0.005000000000000001,0.020000000000000004,0,full
ACT,54,6000096,metaworld,False,200,0.6515168160003668,0,0,0,0,0.0,,False,True,timeout,0.2,20.0,0.08000000000000002,0.005000000000000001,0.020000000000000004,0,full
ACT,55,6000097,metaworld,True,54,0.1610716159993899,0,0,0,0,0.0,,True,False,,0.2,20.0,0.08000000000000002,0.005000000000000001,0.020000000000000004,0,full
ACT,56,6000098,metaworld,True,46,0.11919524299810291,0,0,0,0,0.0,,True,False,,0.2,20.0,0.08000000000000002,0.005000000000000001,0.020000000000000004,0,full
ACT,57,6000099,metaworld,True,53,0.1336979199986672,0,0,0,0,0.0,,True,False,,0.2,20.0,0.08000000000000002,0.005000000000000001,0.020000000000000004,0,full
ACT,58,6000100,metaworld,True,52,0.21055431000058888,0,0,0,0,0.0,,True,False,,0.2,20.0,0.08000000000000002,0.005000000000000001,0.020000000000000004,0,full
ACT,59,6000101,metaworld,False,200,0.8773440300028597,0,0,0,0,0.0,,False,True,object_dropped,0.2,20.0,0.08000000000000002,0.005000000000000001,0.020000000000000004,0,full
ACT,60,6000102,metaworld,True,47,0.0968481130003056,0,0,0,0,0.0,,True,False,,0.2,20.0,0.08000000000000002,0.005000000000000001,0.020000000000000004,0,full
ACT,61,6000103,metaworld,True,48,0.17242011399866897,0,0,0,0,0.0,,True,False,,0.2,20.0,0.08000000000000002,0.005000000000000001,0.020000000000000004,0,full
ACT,62,6000104,metaworld,True,58,0.29527161499936483,0,0,0,0,0.0,,True,False,,0.2,20.0,0.08000000000000002,0.005000000000000001,0.020000000000000004,0,full
ACT,63,6000105,metaworld,True,50,0.17178383500140626,0,0,0,0,0.0,,True,False,,0.2,20.0,0.08000000000000002,0.005000000000000001,0.020000000000000004,0,full
ACT,64,6000106,metaworld,True,52,0.33331618100055493,0,0,0,0,0.0,,True,False,,0.2,20.0,0.08000000000000002,0.005000000000000001,0.020000000000000004,0,full
ACT,65,6000107,metaworld,True,62,0.2140549550022115,0,0,0,0,0.0,,True,False,,0.2,20.0,0.08000000000000002,0.005000000000000001,0.020000000000000004,0,full
ACT,66,6000108,metaworld,True,51,0.14546142300241627,0,0,0,0,0.0,,True,False,,0.2,20.0,0.08000000000000002,0.005000000000000001,0.020000000000000004,0,full
ACT,67,6000109,metaworld,True,53,0.20764452999719651,0,0,0,0,0.0,,True,False,,0.2,20.0,0.08000000000000002,0.005000000000000001,0.020000000000000004,0,full
ACT,68,6000110,metaworld,True,57,0.17389924899907783,0,0,0,0,0.0,,True,False,,0.2,20.0,0.08000000000000002,0.005000000000000001,0.020000000000000004,0,full
ACT,69,6000111,metaworld,True,55,0.15202132099875598,0,0,0,0,0.0,,True,False,,0.2,20.0,0.08000000000000002,0.005000000000000001,0.020000000000000004,0,full
ACT,70,6000112,metaworld,True,52,0.12927513899921905,0,0,0,0,0.0,,True,False,,0.2,20.0,0.08000000000000002,0.005000000000000001,0.020000000000000004,0,full
ACT,71,6000113,metaworld,True,54,0.1331771059994935,0,0,0,0,0.0,,True,False,,0.2,20.0,0.08000000000000002,0.005000000000000001,0.020000000000000004,0,full
ACT,72,6000114,metaworld,True,51,0.1502012740020291,0,0,0,0,0.0,,True,False,,0.2,20.0,0.08000000000000002,0.005000000000000001,0.020000000000000004,0,full
ACT,73,6000115,metaworld,False,200,0.5572868620001827,0,0,0,0,0.0,,False,True,timeout,0.2,20.0,0.08000000000000002,0.005000000000000001,0.020000000000000004,0,full
ACT,74,6000116,metaworld,True,52,0.13437107700156048,0,0,0,0,0.0,,True,False,,0.2,20.0,0.08000000000000002,0.005000000000000001,0.020000000000000004,0,full
ACT,75,6000117,metaworld,True,56,0.15184623100140016,0,0,0,0,0.0,,True,False,,0.2,20.0,0.08000000000000002,0.005000000000000001,0.020000000000000004,0,full
ACT,76,6000118,metaworld,False,200,0.5908857180002087,0,0,0,0,0.0,,False,True,object_dropped,0.2,20.0,0.08000000000000002,0.005000000000000001,0.020000000000000004,0,full
ACT,77,6000119,metaworld,True,56,0.9129036570011522,0,0,0,0,0.0,,True,False,,0.2,20.0,0.08000000000000002,0.005000000000000001,0.020000000000000004,0,full
ACT,78,6000120,metaworld,False,200,2.3364276940010313,0,0,0,0,0.0,,False,True,object_dropped,0.2,20.0,0.08000000000000002,0.005000000000000001,0.020000000000000004,0,full
ACT,79,6000121,metaworld,True,59,0.317862600000808,0,0,0,0,0.0,,True,False,,0.2,20.0,0.08000000000000002,0.005000000000000001,0.020000000000000004,0,full
ACT,80,6000122,metaworld,True,56,0.15135278899833793,0,0,0,0,0.0,,True,False,,0.2,20.0,0.08000000000000002,0.005000000000000001,0.020000000000000004,0,full
ACT,81,6000123,metaworld,False,200,1.1139388660012628,0,0,0,0,0.0,,False,True,timeout,0.2,20.0,0.08000000000000002,0.005000000000000001,0.020000000000000004,0,full
ACT,82,6000124,metaworld,True,52,0.2478441670027678,0,0,0,0,0.0,,True,False,,0.2,20.0,0.08000000000000002,0.005000000000000001,0.020000000000000004,0,full
ACT,83,6000125,metaworld,True,55,0.18672556700039422,0,0,0,0,0.0,,True,False,,0.2,20.0,0.08000000000000002,0.005000000000000001,0.020000000000000004,0,full
ACT,84,6000126,metaworld,True,56,0.21295370999723673,0,0,0,0,0.0,,True,False,,0.2,20.0,0.08000000000000002,0.005000000000000001,0.020000000000000004,0,full
ACT,85,6000127,metaworld,False,200,0.9285168949973013,0,0,0,0,0.0,,False,True,timeout,0.2,20.0,0.08000000000000002,0.005000000000000001,0.020000000000000004,0,full
ACT,86,6000128,metaworld,True,62,0.25436002400238067,0,0,0,0,0.0,,True,False,,0.2,20.0,0.08000000000000002,0.005000000000000001,0.020000000000000004,0,full
ACT,87,6000129,metaworld,True,52,0.16726047600241145,0,0,0,0,0.0,,True,False,,0.2,20.0,0.08000000000000002,0.005000000000000001,0.020000000000000004,0,full
ACT,88,6000130,metaworld,True,60,0.18591316500169341,0,0,0,0,0.0,,True,False,,0.2,20.0,0.08000000000000002,0.005000000000000001,0.020000000000000004,0,full
ACT,89,6000131,metaworld,True,57,0.1699504159987555,0,0,0,0,0.0,,True,False,,0.2,20.0,0.08000000000000002,0.005000000000000001,0.020000000000000004,0,full
ACT,90,6000132,metaworld,True,50,0.14844210799856228,0,0,0,0,0.0,,True,False,,0.2,20.0,0.08000000000000002,0.005000000000000001,0.020000000000000004,0,full
ACT,91,6000133,metaworld,False,200,1.8622899539986975,0,0,0,0,0.0,,False,True,object_dropped,0.2,20.0,0.08000000000000002,0.005000000000000001,0.020000000000000004,0,full
ACT,92,6000134,metaworld,False,200,1.7492280090009444,0,0,0,0,0.0,,False,True,timeout,0.2,20.0,0.08000000000000002,0.005000000000000001,0.020000000000000004,0,full
ACT,93,6000135,metaworld,True,53,0.3368595749998349,0,0,0,0,0.0,,True,False,,0.2,20.0,0.08000000000000002,0.005000000000000001,0.020000000000000004,0,full
ACT,94,6000136,metaworld,True,51,0.49062782200053334,0,0,0,0,0.0,,True,False,,0.2,20.0,0.08000000000000002,0.005000000000000001,0.020000000000000004,0,full
ACT,95,6000137,metaworld,False,200,1.5789073150008335,0,0,0,0,0.0,,False,True,timeout,0.2,20.0,0.08000000000000002,0.005000000000000001,0.020000000000000004,0,full
ACT,96,6000138,metaworld,True,58,0.44513631999870995,0,0,0,0,0.0,,True,False,,0.2,20.0,0.08000000000000002,0.005000000000000001,0.020000000000000004,0,full
ACT,97,6000139,metaworld,True,53,0.3671977279991552,0,0,0,0,0.0,,True,False,,0.2,20.0,0.08000000000000002,0.005000000000000001,0.020000000000000004,0,full
ACT,98,6000140,metaworld,False,200,2.4413774290005676,0,0,0,0,0.0,,False,True,timeout,0.2,20.0,0.08000000000000002,0.005000000000000001,0.020000000000000004,0,full
ACT,99,6000141,metaworld,True,59,0.6162182670013863,0,0,0,0,0.0,,True,False,,0.2,20.0,0.08000000000000002,0.005000000000000001,0.020000000000000004,0,full
ACT,100,6000142,metaworld,True,55,0.3333937880015583,0,0,0,0,0.0,,True,False,,0.2,20.0,0.08000000000000002,0.005000000000000001,0.020000000000000004,0,full
ACT,101,6000143,metaworld,True,53,0.4714685250000912,0,0,0,0,0.0,,True,False,,0.2,20.0,0.08000000000000002,0.005000000000000001,0.020000000000000004,0,full
ACT,102,6000144,metaworld,False,200,1.6597966180015646,0,0,0,0,0.0,,False,True,timeout,0.2,20.0,0.08000000000000002,0.005000000000000001,0.020000000000000004,0,full
ACT,103,6000145,metaworld,False,200,1.919777310002246,0,0,0,0,0.0,,False,True,timeout,0.2,20.0,0.08000000000000002,0.005000000000000001,0.020000000000000004,0,full
ACT,104,6000146,metaworld,True,52,0.40496479899957194,0,0,0,0,0.0,,True,False,,0.2,20.0,0.08000000000000002,0.005000000000000001,0.020000000000000004,0,full
ACT,105,6000147,metaworld,False,200,2.2607710310003313,0,0,0,0,0.0,,False,True,object_dropped,0.2,20.0,0.08000000000000002,0.005000000000000001,0.020000000000000004,0,full
ACT,106,6000148,metaworld,True,53,0.4442921940026281,0,0,0,0,0.0,,True,False,,0.2,20.0,0.08000000000000002,0.005000000000000001,0.020000000000000004,0,full
ACT,107,6000149,metaworld,False,200,1.4893019439987256,0,0,0,0,0.0,,False,True,timeout,0.2,20.0,0.08000000000000002,0.005000000000000001,0.020000000000000004,0,full
ACT,108,6000150,metaworld,True,48,0.43466272200021194,0,0,0,0,0.0,,True,False,,0.2,20.0,0.08000000000000002,0.005000000000000001,0.020000000000000004,0,full
ACT,109,6000151,metaworld,False,200,1.6135353719982959,0,0,0,0,0.0,,False,True,object_dropped,0.2,20.0,0.08000000000000002,0.005000000000000001,0.020000000000000004,0,full
ACT,110,6000152,metaworld,False,200,0.9156607990007615,0,0,0,0,0.0,,False,True,timeout,0.2,20.0,0.08000000000000002,0.005000000000000001,0.020000000000000004,0,full
ACT,111,6000153,metaworld,True,51,0.15831429500030936,0,0,0,0,0.0,,True,False,,0.2,20.0,0.08000000000000002,0.005000000000000001,0.020000000000000004,0,full
ACT,112,6000154,metaworld,False,200,0.9015035940028611,0,0,0,0,0.0,,False,True,object_dropped,0.2,20.0,0.08000000000000002,0.005000000000000001,0.020000000000000004,0,full
ACT,113,6000155,metaworld,False,200,0.9395289489984862,0,0,0,0,0.0,,False,True,object_dropped,0.2,20.0,0.08000000000000002,0.005000000000000001,0.020000000000000004,0,full
ACT,114,6000156,metaworld,True,56,0.346689250000054,0,0,0,0,0.0,,True,False,,0.2,20.0,0.08000000000000002,0.005000000000000001,0.020000000000000004,0,full
ACT,115,6000157,metaworld,False,200,0.8489589749988227,0,0,0,0,0.0,,False,True,timeout,0.2,20.0,0.08000000000000002,0.005000000000000001,0.020000000000000004,0,full
ACT,116,6000158,metaworld,True,64,0.19255327099745045,0,0,0,0,0.0,,True,False,,0.2,20.0,0.08000000000000002,0.005000000000000001,0.020000000000000004,0,full
ACT,117,6000159,metaworld,False,200,1.0061109530033718,0,0,0,0,0.0,,False,True,timeout,0.2,20.0,0.08000000000000002,0.005000000000000001,0.020000000000000004,0,full
ACT,118,6000160,metaworld,True,61,0.1803482540017285,0,0,0,0,0.0,,True,False,,0.2,20.0,0.08000000000000002,0.005000000000000001,0.020000000000000004,0,full
ACT,119,6000161,metaworld,True,60,0.24655115800123895,0,0,0,0,0.0,,True,False,,0.2,20.0,0.08000000000000002,0.005000000000000001,0.020000000000000004,0,full
ACT,120,6000162,metaworld,True,63,0.8752990840002894,0,0,0,0,0.0,,True,False,,0.2,20.0,0.08000000000000002,0.005000000000000001,0.020000000000000004,0,full
ACT,121,6000163,metaworld,True,62,0.5625020920015231,0,0,0,0,0.0,,True,False,,0.2,20.0,0.08000000000000002,0.005000000000000001,0.020000000000000004,0,full
ACT,122,6000164,metaworld,True,49,0.25162703599926317,0,0,0,0,0.0,,True,False,,0.2,20.0,0.08000000000000002,0.005000000000000001,0.020000000000000004,0,full
ACT,123,6000165,metaworld,False,200,0.9835518520012556,0,0,0,0,0.0,,False,True,timeout,0.2,20.0,0.08000000000000002,0.005000000000000001,0.020000000000000004,0,full
ACT,124,6000166,metaworld,True,54,0.21227721000104793,0,0,0,0,0.0,,True,False,,0.2,20.0,0.08000000000000002,0.005000000000000001,0.020000000000000004,0,full
ACT,125,6000167,metaworld,False,200,0.7793519430015294,0,0,0,0,0.0,,False,True,object_dropped,0.2,20.0,0.08000000000000002,0.005000000000000001,0.020000000000000004,0,full
ACT,126,6000168,metaworld,False,200,0.5980070229998091,0,0,0,0,0.0,,False,True,timeout,0.2,20.0,0.08000000000000002,0.005000000000000001,0.020000000000000004,0,full
ACT,127,6000169,metaworld,True,59,0.24262070899931132,0,0,0,0,0.0,,True,False,,0.2,20.0,0.08000000000000002,0.005000000000000001,0.020000000000000004,0,full
ACT,128,6000170,metaworld,True,53,0.30816106500060414,0,0,0,0,0.0,,True,False,,0.2,20.0,0.08000000000000002,0.005000000000000001,0.020000000000000004,0,full
ACT,129,6000171,metaworld,True,52,0.5450486789995921,0,0,0,0,0.0,,True,False,,0.2,20.0,0.08000000000000002,0.005000000000000001,0.020000000000000004,0,full
ACT,130,6000172,metaworld,True,53,0.6842715719976695,0,0,0,0,0.0,,True,False,,0.2,20.0,0.08000000000000002,0.005000000000000001,0.020000000000000004,0,full
ACT,131,6000173,metaworld,True,45,0.4906955120022758,0,0,0,0,0.0,,True,False,,0.2,20.0,0.08000000000000002,0.005000000000000001,0.020000000000000004,0,full
ACT,132,6000174,metaworld,True,56,0.21050346099946182,0,0,0,0,0.0,,True,False,,0.2,20.0,0.08000000000000002,0.005000000000000001,0.020000000000000004,0,full
ACT,133,6000175,metaworld,True,56,0.2508413410032517,0,0,0,0,0.0,,True,False,,0.2,20.0,0.08000000000000002,0.005000000000000001,0.020000000000000004,0,full
ACT,134,6000176,metaworld,False,200,0.7473503410001285,0,0,0,0,0.0,,False,True,timeout,0.2,20.0,0.08000000000000002,0.005000000000000001,0.020000000000000004,0,full
ACT,135,6000177,metaworld,False,200,1.659807086998626,0,0,0,0,0.0,,False,True,timeout,0.2,20.0,0.08000000000000002,0.005000000000000001,0.020000000000000004,0,full
ACT,136,6000178,metaworld,True,52,0.5241177320021961,0,0,0,0,0.0,,True,False,,0.2,20.0,0.08000000000000002,0.005000000000000001,0.020000000000000004,0,full
ACT,137,6000179,metaworld,True,62,0.6665557769993029,0,0,0,0,0.0,,True,False,,0.2,20.0,0.08000000000000002,0.005000000000000001,0.020000000000000004,0,full
ACT,138,6000180,metaworld,True,63,0.8460029300003953,0,0,0,0,0.0,,True,False,,0.2,20.0,0.08000000000000002,0.005000000000000001,0.020000000000000004,0,full
ACT,139,6000181,metaworld,False,200,1.5930025369998475,0,0,0,0,0.0,,False,True,timeout,0.2,20.0,0.08000000000000002,0.005000000000000001,0.020000000000000004,0,full
ACT,140,6000182,metaworld,True,53,0.1721453179998207,0,0,0,0,0.0,,True,False,,0.2,20.0,0.08000000000000002,0.005000000000000001,0.020000000000000004,0,full
ACT,141,6000183,metaworld,False,200,0.8385356250000768,0,0,0,0,0.0,,False,True,timeout,0.2,20.0,0.08000000000000002,0.005000000000000001,0.020000000000000004,0,full
ACT,142,6000184,metaworld,True,50,0.42418601799727185,0,0,0,0,0.0,,True,False,,0.2,20.0,0.08000000000000002,0.005000000000000001,0.020000000000000004,0,full
ACT,143,6000185,metaworld,True,52,0.6346605889993953,0,0,0,0,0.0,,True,False,,0.2,20.0,0.08000000000000002,0.005000000000000001,0.020000000000000004,0,full
ACT,144,6000186,metaworld,True,53,0.7799118529983389,0,0,0,0,0.0,,True,False,,0.2,20.0,0.08000000000000002,0.005000000000000001,0.020000000000000004,0,full
ACT,145,6000187,metaworld,True,51,0.4732364450028399,0,0,0,0,0.0,,True,False,,0.2,20.0,0.08000000000000002,0.005000000000000001,0.020000000000000004,0,full
ACT,146,6000188,metaworld,True,57,0.5616578490007669,0,0,0,0,0.0,,True,False,,0.2,20.0,0.08000000000000002,0.005000000000000001,0.020000000000000004,0,full
ACT,147,6000189,metaworld,False,200,2.0968332090014883,0,0,0,0,0.0,,False,True,timeout,0.2,20.0,0.08000000000000002,0.005000000000000001,0.020000000000000004,0,full
ACT,148,6000190,metaworld,True,50,0.363685707001423,0,0,0,0,0.0,,True,False,,0.2,20.0,0.08000000000000002,0.005000000000000001,0.020000000000000004,0,full
ACT,149,6000191,metaworld,False,200,1.5710233849968063,0,0,0,0,0.0,,False,True,object_dropped,0.2,20.0,0.08000000000000002,0.005000000000000001,0.020000000000000004,0,full
ACT,150,6000192,metaworld,False,200,1.9073581310003647,0,0,0,0,0.0,,False,True,timeout,0.2,20.0,0.08000000000000002,0.005000000000000001,0.020000000000000004,0,full
ACT,151,6000193,metaworld,True,56,0.5594845009982237,0,0,0,0,0.0,,True,False,,0.2,20.0,0.08000000000000002,0.005000000000000001,0.020000000000000004,0,full
ACT,152,6000194,metaworld,True,53,0.46740907300045365,0,0,0,0,0.0,,True,False,,0.2,20.0,0.08000000000000002,0.005000000000000001,0.020000000000000004,0,full
ACT,153,6000195,metaworld,True,53,0.2845492339984048,0,0,0,0,0.0,,True,False,,0.2,20.0,0.08000000000000002,0.005000000000000001,0.020000000000000004,0,full
ACT,154,6000196,metaworld,False,200,1.7368860589995165,0,0,0,0,0.0,,False,True,object_dropped,0.2,20.0,0.08000000000000002,0.005000000000000001,0.020000000000000004,0,full
ACT,155,6000197,metaworld,False,200,2.1115349549982056,0,0,0,0,0.0,,False,True,timeout,0.2,20.0,0.08000000000000002,0.005000000000000001,0.020000000000000004,0,full
ACT,156,6000198,metaworld,True,53,0.7859595539994189,0,0,0,0,0.0,,True,False,,0.2,20.0,0.08000000000000002,0.005000000000000001,0.020000000000000004,0,full
ACT,157,6000199,metaworld,True,60,0.6558305130020017,0,0,0,0,0.0,,True,False,,0.2,20.0,0.08000000000000002,0.005000000000000001,0.020000000000000004,0,full
ACT,158,6000200,metaworld,True,55,0.1652456740011985,0,0,0,0,0.0,,True,False,,0.2,20.0,0.08000000000000002,0.005000000000000001,0.020000000000000004,0,full
ACT,159,6000201,metaworld,True,52,0.3325175450008828,0,0,0,0,0.0,,True,False,,0.2,20.0,0.08000000000000002,0.005000000000000001,0.020000000000000004,0,full
ACT,160,6000202,metaworld,True,51,0.42926971099950606,0,0,0,0,0.0,,True,False,,0.2,20.0,0.08000000000000002,0.005000000000000001,0.020000000000000004,0,full
ACT,161,6000203,metaworld,False,200,1.1233433639972645,0,0,0,0,0.0,,False,True,timeout,0.2,20.0,0.08000000000000002,0.005000000000000001,0.020000000000000004,0,full
ACT,162,6000204,metaworld,True,54,0.19899815199823934,0,0,0,0,0.0,,True,False,,0.2,20.0,0.08000000000000002,0.005000000000000001,0.020000000000000004,0,full
ACT,163,6000205,metaworld,False,200,1.1298910980003711,0,0,0,0,0.0,,False,True,timeout,0.2,20.0,0.08000000000000002,0.005000000000000001,0.020000000000000004,0,full
ACT,164,6000206,metaworld,True,50,0.4345090370006801,0,0,0,0,0.0,,True,False,,0.2,20.0,0.08000000000000002,0.005000000000000001,0.020000000000000004,0,full
ACT,165,6000207,metaworld,True,59,1.0040897100006987,0,0,0,0,0.0,,True,False,,0.2,20.0,0.08000000000000002,0.005000000000000001,0.020000000000000004,0,full
ACT,166,6000208,metaworld,False,200,0.847486973998457,0,0,0,0,0.0,,False,True,object_dropped,0.2,20.0,0.08000000000000002,0.005000000000000001,0.020000000000000004,0,full
ACT,167,6000209,metaworld,True,53,0.1727239309984725,0,0,0,0,0.0,,True,False,,0.2,20.0,0.08000000000000002,0.005000000000000001,0.020000000000000004,0,full
ACT,168,6000210,metaworld,True,52,0.16938237599970307,0,0,0,0,0.0,,True,False,,0.2,20.0,0.08000000000000002,0.005000000000000001,0.020000000000000004,0,full
ACT,169,6000211,metaworld,False,200,0.6222333330006222,0,0,0,0,0.0,,False,True,timeout,0.2,20.0,0.08000000000000002,0.005000000000000001,0.020000000000000004,0,full
ACT,170,6000212,metaworld,False,200,1.217367943001591,0,0,0,0,0.0,,False,True,timeout,0.2,20.0,0.08000000000000002,0.005000000000000001,0.020000000000000004,0,full
ACT,171,6000213,metaworld,False,200,1.8270950480000465,0,0,0,0,0.0,,False,True,timeout,0.2,20.0,0.08000000000000002,0.005000000000000001,0.020000000000000004,0,full
ACT,172,6000214,metaworld,False,200,1.1320479519999935,0,0,0,0,0.0,,False,True,timeout,0.2,20.0,0.08000000000000002,0.005000000000000001,0.020000000000000004,0,full
ACT,173,6000215,metaworld,False,200,1.3691359000004013,0,0,0,0,0.0,,False,True,timeout,0.2,20.0,0.08000000000000002,0.005000000000000001,0.020000000000000004,0,full
ACT,174,6000216,metaworld,True,54,0.17153211299955728,0,0,0,0,0.0,,True,False,,0.2,20.0,0.08000000000000002,0.005000000000000001,0.020000000000000004,0,full
ACT,175,6000217,metaworld,True,51,0.1570736890025728,0,0,0,0,0.0,,True,False,,0.2,20.0,0.08000000000000002,0.005000000000000001,0.020000000000000004,0,full
ACT,176,6000218,metaworld,False,200,0.9165879590000259,0,0,0,0,0.0,,False,True,timeout,0.2,20.0,0.08000000000000002,0.005000000000000001,0.020000000000000004,0,full
ACT,177,6000219,metaworld,True,55,0.3543253200004983,0,0,0,0,0.0,,True,False,,0.2,20.0,0.08000000000000002,0.005000000000000001,0.020000000000000004,0,full
ACT,178,6000220,metaworld,False,200,0.89493409699935,0,0,0,0,0.0,,False,True,object_dropped,0.2,20.0,0.08000000000000002,0.005000000000000001,0.020000000000000004,0,full
ACT,179,6000221,metaworld,False,200,0.6513142350013368,0,0,0,0,0.0,,False,True,timeout,0.2,20.0,0.08000000000000002,0.005000000000000001,0.020000000000000004,0,full
ACT,180,6000222,metaworld,True,52,0.15935791000083555,0,0,0,0,0.0,,True,False,,0.2,20.0,0.08000000000000002,0.005000000000000001,0.020000000000000004,0,full
ACT,181,6000223,metaworld,True,52,0.23202316099923337,0,0,0,0,0.0,,True,False,,0.2,20.0,0.08000000000000002,0.005000000000000001,0.020000000000000004,0,full
ACT,182,6000224,metaworld,True,59,0.26045118199908757,0,0,0,0,0.0,,True,False,,0.2,20.0,0.08000000000000002,0.005000000000000001,0.020000000000000004,0,full
ACT,183,6000225,metaworld,True,49,0.27493201499964925,0,0,0,0,0.0,,True,False,,0.2,20.0,0.08000000000000002,0.005000000000000001,0.020000000000000004,0,full
ACT,184,6000226,metaworld,True,52,0.2950571959991066,0,0,0,0,0.0,,True,False,,0.2,20.0,0.08000000000000002,0.005000000000000001,0.020000000000000004,0,full
ACT,185,6000227,metaworld,False,200,1.2611785360022623,0,0,0,0,0.0,,False,True,object_dropped,0.2,20.0,0.08000000000000002,0.005000000000000001,0.020000000000000004,0,full
ACT,186,6000228,metaworld,True,58,0.2177140470012091,0,0,0,0,0.0,,True,False,,0.2,20.0,0.08000000000000002,0.005000000000000001,0.020000000000000004,0,full
ACT,187,6000229,metaworld,True,55,0.17846932700194884,0,0,0,0,0.0,,True,False,,0.2,20.0,0.08000000000000002,0.005000000000000001,0.020000000000000004,0,full
ACT,188,6000230,metaworld,True,57,0.19198244500148576,0,0,0,0,0.0,,True,False,,0.2,20.0,0.08000000000000002,0.005000000000000001,0.020000000000000004,0,full
ACT,189,6000231,metaworld,False,200,0.5762351399971521,0,0,0,0,0.0,,False,True,timeout,0.2,20.0,0.08000000000000002,0.005000000000000001,0.020000000000000004,0,full
ACT,190,6000232,metaworld,False,200,0.7372502299986081,0,0,0,0,0.0,,False,True,object_dropped,0.2,20.0,0.08000000000000002,0.005000000000000001,0.020000000000000004,0,full
ACT,191,6000233,metaworld,True,53,0.23890030999973533,0,0,0,0,0.0,,True,False,,0.2,20.0,0.08000000000000002,0.005000000000000001,0.020000000000000004,0,full
ACT,192,6000234,metaworld,True,55,0.2161389059983776,0,0,0,0,0.0,,True,False,,0.2,20.0,0.08000000000000002,0.005000000000000001,0.020000000000000004,0,full
ACT,193,6000235,metaworld,True,51,0.16061550000085845,0,0,0,0,0.0,,True,False,,0.2,20.0,0.08000000000000002,0.005000000000000001,0.020000000000000004,0,full
ACT,194,6000236,metaworld,True,59,0.18927701800203067,0,0,0,0,0.0,,True,False,,0.2,20.0,0.08000000000000002,0.005000000000000001,0.020000000000000004,0,full
ACT,195,6000237,metaworld,True,52,0.16639500600285828,0,0,0,0,0.0,,True,False,,0.2,20.0,0.08000000000000002,0.005000000000000001,0.020000000000000004,0,full
ACT,196,6000238,metaworld,True,57,0.22940842100069858,0,0,0,0,0.0,,True,False,,0.2,20.0,0.08000000000000002,0.005000000000000001,0.020000000000000004,0,full
ACT,197,6000239,metaworld,True,58,0.18415290500342962,0,0,0,0,0.0,,True,False,,0.2,20.0,0.08000000000000002,0.005000000000000001,0.020000000000000004,0,full
ACT,198,6000240,metaworld,False,200,1.053739516002679,0,0,0,0,0.0,,False,True,object_dropped,0.2,20.0,0.08000000000000002,0.005000000000000001,0.020000000000000004,0,full
ACT,199,6000241,metaworld,True,59,0.2153211580007337,0,0,0,0,0.0,,True,False,,0.2,20.0,0.08000000000000002,0.005000000000000001,0.020000000000000004,0,full
REIM (ACT + Detector + Recovery),0,6000042,metaworld,True,50,0.4750382180009183,0,0,0,0,0.17666028439998627,task_success_while_recovery_active_per_intervention,True,False,,0.2,20.0,0.08000000000000002,0.005000000000000001,0.020000000000000004,0,full
REIM (ACT + Detector + Recovery),1,6000043,metaworld,True,51,0.22370743499959644,0,0,0,0,0.18855030834674835,task_success_while_recovery_active_per_intervention,True,False,,0.2,20.0,0.08000000000000002,0.005000000000000001,0.020000000000000004,0,full
REIM (ACT + Detector + Recovery),2,6000044,metaworld,True,65,0.35483993999878294,1,1,1,30,0.2029482126235962,task_success_while_recovery_active_per_intervention,True,False,,0.2,20.0,0.08000000000000002,0.005000000000000001,0.020000000000000004,0,full
REIM (ACT + Detector + Recovery),3,6000045,metaworld,True,55,0.24967525900137844,0,0,0,0,0.1590830236673355,task_success_while_recovery_active_per_intervention,True,False,,0.2,20.0,0.08000000000000002,0.005000000000000001,0.020000000000000004,0,full
REIM (ACT + Detector + Recovery),4,6000046,metaworld,True,54,0.33504673300012655,1,1,1,39,0.2078421413898468,task_success_while_recovery_active_per_intervention,True,False,,0.2,20.0,0.08000000000000002,0.005000000000000001,0.020000000000000004,0,full
REIM (ACT + Detector + Recovery),5,6000047,metaworld,True,52,0.29598559199985175,1,1,1,33,0.20451079308986664,task_success_while_recovery_active_per_intervention,True,False,,0.2,20.0,0.08000000000000002,0.005000000000000001,0.020000000000000004,0,full
REIM (ACT + Detector + Recovery),6,6000048,metaworld,True,56,0.2560207589995116,0,0,0,0,0.15030185878276825,task_success_while_recovery_active_per_intervention,True,False,,0.2,20.0,0.08000000000000002,0.005000000000000001,0.020000000000000004,0,full
REIM (ACT + Detector + Recovery),7,6000049,metaworld,True,54,0.23094445700007782,1,1,1,39,0.252267062664032,task_success_while_recovery_active_per_intervention,True,False,,0.2,20.0,0.08000000000000002,0.005000000000000001,0.020000000000000004,0,full
REIM (ACT + Detector + Recovery),8,6000050,metaworld,True,55,0.2425917809996463,0,0,0,0,0.1465797871351242,task_success_while_recovery_active_per_intervention,True,False,,0.2,20.0,0.08000000000000002,0.005000000000000001,0.020000000000000004,0,full
REIM (ACT + Detector + Recovery),9,6000051,metaworld,True,56,0.2988245790002111,1,1,1,36,0.20303675532341003,task_success_while_recovery_active_per_intervention,True,False,,0.2,20.0,0.08000000000000002,0.005000000000000001,0.020000000000000004,0,full
REIM (ACT + Detector + Recovery),10,6000052,metaworld,True,49,0.3412350010003138,1,1,1,30,0.20942427217960358,task_success_while_recovery_active_per_intervention,True,False,,0.2,20.0,0.08000000000000002,0.005000000000000001,0.020000000000000004,0,full
REIM (ACT + Detector + Recovery),11,6000053,metaworld,True,53,0.24101331500060041,0,0,0,0,0.14510659873485565,task_success_while_recovery_active_per_intervention,True,False,,0.2,20.0,0.08000000000000002,0.005000000000000001,0.020000000000000004,0,full
REIM (ACT + Detector + Recovery),12,6000054,metaworld,False,200,1.3482448630002182,1,0,1,150,0.9988510608673096,task_success_while_recovery_active_per_intervention,False,True,object_dropped,0.2,20.0,0.08000000000000002,0.005000000000000001,0.020000000000000004,0,full
REIM (ACT + Detector + Recovery),13,6000055,metaworld,True,53,0.25486398999964877,1,1,1,29,0.20265068113803864,task_success_while_recovery_active_per_intervention,True,False,,0.2,20.0,0.08000000000000002,0.005000000000000001,0.020000000000000004,0,full
REIM (ACT + Detector + Recovery),14,6000056,metaworld,True,58,0.2518883819993789,0,0,0,0,0.15852712094783783,task_success_while_recovery_active_per_intervention,True,False,,0.2,20.0,0.08000000000000002,0.005000000000000001,0.020000000000000004,0,full
REIM (ACT + Detector + Recovery),15,6000057,metaworld,True,45,0.3199164320012642,1,1,1,38,0.5034635066986084,task_success_while_recovery_active_per_intervention,True,False,,0.2,20.0,0.08000000000000002,0.005000000000000001,0.020000000000000004,0,full
REIM (ACT + Detector + Recovery),16,6000058,metaworld,True,56,0.3360262040005182,1,1,1,38,0.2918922007083893,task_success_while_recovery_active_per_intervention,True,False,,0.2,20.0,0.08000000000000002,0.005000000000000001,0.020000000000000004,0,full
REIM (ACT + Detector + Recovery),17,6000059,metaworld,True,61,0.40740739300053974,1,1,1,42,0.2275463193655014,task_success_while_recovery_active_per_intervention,True,False,,0.2,20.0,0.08000000000000002,0.005000000000000001,0.020000000000000004,0,full
REIM (ACT + Detector + Recovery),18,6000060,metaworld,True,45,0.2563503319997835,1,1,1,31,0.35080814361572266,task_success_while_recovery_active_per_intervention,True,False,,0.2,20.0,0.08000000000000002,0.005000000000000001,0.020000000000000004,0,full
REIM (ACT + Detector + Recovery),19,6000061,metaworld,True,53,0.34115550000024086,1,1,1,39,0.20885534584522247,task_success_while_recovery_active_per_intervention,True,False,,0.2,20.0,0.08000000000000002,0.005000000000000001,0.020000000000000004,0,full
REIM (ACT + Detector + Recovery),20,6000062,metaworld,True,54,0.24002141200071492,0,0,0,0,0.18567954003810883,task_success_while_recovery_active_per_intervention,True,False,,0.2,20.0,0.08000000000000002,0.005000000000000001,0.020000000000000004,0,full
REIM (ACT + Detector + Recovery),21,6000063,metaworld,True,56,0.29023272800077393,1,1,1,37,0.24000802636146545,task_success_while_recovery_active_per_intervention,True,False,,0.2,20.0,0.08000000000000002,0.005000000000000001,0.020000000000000004,0,full
REIM (ACT + Detector + Recovery),22,6000064,metaworld,True,51,0.2602768479991937,0,0,0,0,0.1487804800271988,task_success_while_recovery_active_per_intervention,True,False,,0.2,20.0,0.08000000000000002,0.005000000000000001,0.020000000000000004,0,full
REIM (ACT + Detector + Recovery),23,6000065,metaworld,True,51,0.2557132259989885,1,1,1,38,0.2560744285583496,task_success_while_recovery_active_per_intervention,True,False,,0.2,20.0,0.08000000000000002,0.005000000000000001,0.020000000000000004,0,full
REIM (ACT + Detector + Recovery),24,6000066,metaworld,False,200,0.9302147990001686,1,0,1,135,0.9985865354537964,task_success_while_recovery_active_per_intervention,False,True,object_dropped,0.2,20.0,0.08000000000000002,0.005000000000000001,0.020000000000000004,0,full
REIM (ACT + Detector + Recovery),25,6000067,metaworld,True,55,0.1998200950001774,0,0,0,0,0.16984562575817108,task_success_while_recovery_active_per_intervention,True,False,,0.2,20.0,0.08000000000000002,0.005000000000000001,0.020000000000000004,0,full
REIM (ACT + Detector + Recovery),26,6000068,metaworld,True,56,0.3358007280003221,1,1,1,35,0.36202454566955566,task_success_while_recovery_active_per_intervention,True,False,,0.2,20.0,0.08000000000000002,0.005000000000000001,0.020000000000000004,0,full
REIM (ACT + Detector + Recovery),27,6000069,metaworld,False,200,1.14569015699999,1,0,1,150,0.9963110089302063,task_success_while_recovery_active_per_intervention,False,True,timeout,0.2,20.0,0.08000000000000002,0.005000000000000001,0.020000000000000004,0,full
REIM (ACT + Detector + Recovery),28,6000070,metaworld,True,54,0.19931870700020227,0,0,0,0,0.1723783314228058,task_success_while_recovery_active_per_intervention,True,False,,0.2,20.0,0.08000000000000002,0.005000000000000001,0.020000000000000004,0,full
REIM (ACT + Detector + Recovery),29,6000071,metaworld,True,56,0.20519770799910475,0,0,0,0,0.15013714134693146,task_success_while_recovery_active_per_intervention,True,False,,0.2,20.0,0.08000000000000002,0.005000000000000001,0.020000000000000004,0,full
REIM (ACT + Detector + Recovery),30,6000072,metaworld,False,200,0.8615524360011477,1,0,1,150,0.9893079400062561,task_success_while_recovery_active_per_intervention,False,True,timeout,0.2,20.0,0.08000000000000002,0.005000000000000001,0.020000000000000004,0,full
REIM (ACT + Detector + Recovery),31,6000073,metaworld,True,50,0.16909811699952115,0,0,0,0,0.1809110790491104,task_success_while_recovery_active_per_intervention,True,False,,0.2,20.0,0.08000000000000002,0.005000000000000001,0.020000000000000004,0,full
REIM (ACT + Detector + Recovery),32,6000074,metaworld,True,47,0.21150341899920022,1,1,1,33,0.2597091495990753,task_success_while_recovery_active_per_intervention,True,False,,0.2,20.0,0.08000000000000002,0.005000000000000001,0.020000000000000004,0,full
REIM (ACT + Detector + Recovery),33,6000075,metaworld,True,52,0.28588904199932585,1,1,1,41,0.2930806577205658,task_success_while_recovery_active_per_intervention,True,False,,0.2,20.0,0.08000000000000002,0.005000000000000001,0.020000000000000004,0,full
REIM (ACT + Detector + Recovery),34,6000076,metaworld,True,55,0.199579628999345,1,1,1,41,0.3081681728363037,task_success_while_recovery_active_per_intervention,True,False,,0.2,20.0,0.08000000000000002,0.005000000000000001,0.020000000000000004,0,full
REIM (ACT + Detector + Recovery),35,6000077,metaworld,True,54,0.27908137700069346,1,1,1,38,0.28629833459854126,task_success_while_recovery_active_per_intervention,True,False,,0.2,20.0,0.08000000000000002,0.005000000000000001,0.020000000000000004,0,full
REIM (ACT + Detector + Recovery),36,6000078,metaworld,True,143,0.6518700330016145,1,1,1,124,0.3397628366947174,task_success_while_recovery_active_per_intervention,True,False,,0.2,20.0,0.08000000000000002,0.005000000000000001,0.020000000000000004,0,full
REIM (ACT + Detector + Recovery),37,6000079,metaworld,True,53,0.1824148849991616,1,1,1,33,0.24098411202430725,task_success_while_recovery_active_per_intervention,True,False,,0.2,20.0,0.08000000000000002,0.005000000000000001,0.020000000000000004,0,full
REIM (ACT + Detector + Recovery),38,6000080,metaworld,True,48,0.20805968299828237,1,1,1,29,0.22838111221790314,task_success_while_recovery_active_per_intervention,True,False,,0.2,20.0,0.08000000000000002,0.005000000000000001,0.020000000000000004,0,full
REIM (ACT + Detector + Recovery),39,6000081,metaworld,False,200,0.7901865230014664,1,0,1,150,0.35897284746170044,task_success_while_recovery_active_per_intervention,False,True,timeout,0.2,20.0,0.08000000000000002,0.005000000000000001,0.020000000000000004,0,full
REIM (ACT + Detector + Recovery),40,6000082,metaworld,True,52,0.18996551799864392,0,0,0,0,0.12540066242218018,task_success_while_recovery_active_per_intervention,True,False,,0.2,20.0,0.08000000000000002,0.005000000000000001,0.020000000000000004,0,full
REIM (ACT + Detector + Recovery),41,6000083,metaworld,True,57,0.22392826200302807,1,1,1,35,0.29493841528892517,task_success_while_recovery_active_per_intervention,True,False,,0.2,20.0,0.08000000000000002,0.005000000000000001,0.020000000000000004,0,full
REIM (ACT + Detector + Recovery),42,6000084,metaworld,True,54,0.2711479749996215,1,1,1,29,0.30629369616508484,task_success_while_recovery_active_per_intervention,True,False,,0.2,20.0,0.08000000000000002,0.005000000000000001,0.020000000000000004,0,full
REIM (ACT + Detector + Recovery),43,6000085,metaworld,True,54,0.1879061850013386,0,0,0,0,0.16346806287765503,task_success_while_recovery_active_per_intervention,True,False,,0.2,20.0,0.08000000000000002,0.005000000000000001,0.020000000000000004,0,full
REIM (ACT + Detector + Recovery),44,6000086,metaworld,True,53,0.22742336499868543,1,1,1,33,0.3123546540737152,task_success_while_recovery_active_per_intervention,True,False,,0.2,20.0,0.08000000000000002,0.005000000000000001,0.020000000000000004,0,full
REIM (ACT + Detector + Recovery),45,6000087,metaworld,True,53,0.21184683499814128,0,0,0,0,0.19780844449996948,task_success_while_recovery_active_per_intervention,True,False,,0.2,20.0,0.08000000000000002,0.005000000000000001,0.020000000000000004,0,full
REIM (ACT + Detector + Recovery),46,6000088,metaworld,True,66,0.2543349150000722,1,1,1,52,0.3065299689769745,task_success_while_recovery_active_per_intervention,True,False,,0.2,20.0,0.08000000000000002,0.005000000000000001,0.020000000000000004,0,full
REIM (ACT + Detector + Recovery),47,6000089,metaworld,True,52,0.24654634699982125,0,0,0,0,0.11729240417480469,task_success_while_recovery_active_per_intervention,True,False,,0.2,20.0,0.08000000000000002,0.005000000000000001,0.020000000000000004,0,full
REIM (ACT + Detector + Recovery),48,6000090,metaworld,True,53,0.2413454620000266,1,1,1,43,0.36377960443496704,task_success_while_recovery_active_per_intervention,True,False,,0.2,20.0,0.08000000000000002,0.005000000000000001,0.020000000000000004,0,full
REIM (ACT + Detector + Recovery),49,6000091,metaworld,True,54,0.20557265100069344,0,0,0,0,0.17819233238697052,task_success_while_recovery_active_per_intervention,True,False,,0.2,20.0,0.08000000000000002,0.005000000000000001,0.020000000000000004,0,full
REIM (ACT + Detector + Recovery),50,6000092,metaworld,True,51,0.21452015699833282,0,0,0,0,0.12962710857391357,task_success_while_recovery_active_per_intervention,True,False,,0.2,20.0,0.08000000000000002,0.005000000000000001,0.020000000000000004,0,full
REIM (ACT + Detector + Recovery),51,6000093,metaworld,True,56,0.20793314699767507,0,0,0,0,0.19766594469547272,task_success_while_recovery_active_per_intervention,True,False,,0.2,20.0,0.08000000000000002,0.005000000000000001,0.020000000000000004,0,full
REIM (ACT + Detector + Recovery),52,6000094,metaworld,True,51,0.2601676169979328,1,1,1,41,0.36169204115867615,task_success_while_recovery_active_per_intervention,True,False,,0.2,20.0,0.08000000000000002,0.005000000000000001,0.020000000000000004,0,full
REIM (ACT + Detector + Recovery),53,6000095,metaworld,False,200,1.0782615200005239,1,0,1,150,0.9899887442588806,task_success_while_recovery_active_per_intervention,False,True,object_dropped,0.2,20.0,0.08000000000000002,0.005000000000000001,0.020000000000000004,0,full
REIM (ACT + Detector + Recovery),54,6000096,metaworld,True,64,0.9480959920001624,1,1,1,48,0.3470139503479004,task_success_while_recovery_active_per_intervention,True,False,,0.2,20.0,0.08000000000000002,0.005000000000000001,0.020000000000000004,0,full
REIM (ACT + Detector + Recovery),55,6000097,metaworld,True,51,1.09277784400183,1,1,1,43,0.4120008647441864,task_success_while_recovery_active_per_intervention,True,False,,0.2,20.0,0.08000000000000002,0.005000000000000001,0.020000000000000004,0,full
REIM (ACT + Detector + Recovery),56,6000098,metaworld,True,45,0.79147691199978,1,1,1,23,0.20386981964111328,task_success_while_recovery_active_per_intervention,True,False,,0.2,20.0,0.08000000000000002,0.005000000000000001,0.020000000000000004,0,full
REIM (ACT + Detector + Recovery),57,6000099,metaworld,True,52,0.5081350580003345,1,1,1,43,0.3943820893764496,task_success_while_recovery_active_per_intervention,True,False,,0.2,20.0,0.08000000000000002,0.005000000000000001,0.020000000000000004,0,full
REIM (ACT + Detector + Recovery),58,6000100,metaworld,True,52,0.3097581360016193,0,0,0,0,0.17486198246479034,task_success_while_recovery_active_per_intervention,True,False,,0.2,20.0,0.08000000000000002,0.005000000000000001,0.020000000000000004,0,full
REIM (ACT + Detector + Recovery),59,6000101,metaworld,False,200,1.6282499810004083,1,0,1,150,0.9977641105651855,task_success_while_recovery_active_per_intervention,False,True,object_dropped,0.2,20.0,0.08000000000000002,0.005000000000000001,0.020000000000000004,0,full
REIM (ACT + Detector + Recovery),60,6000102,metaworld,True,43,0.41299086900107795,1,1,1,35,0.2937302589416504,task_success_while_recovery_active_per_intervention,True,False,,0.2,20.0,0.08000000000000002,0.005000000000000001,0.020000000000000004,0,full
REIM (ACT + Detector + Recovery),61,6000103,metaworld,True,49,0.7779348440017202,1,1,1,28,0.20663240551948547,task_success_while_recovery_active_per_intervention,True,False,,0.2,20.0,0.08000000000000002,0.005000000000000001,0.020000000000000004,0,full
REIM (ACT + Detector + Recovery),62,6000104,metaworld,True,58,0.6221029599983012,0,0,0,0,0.165674090385437,task_success_while_recovery_active_per_intervention,True,False,,0.2,20.0,0.08000000000000002,0.005000000000000001,0.020000000000000004,0,full
REIM (ACT + Detector + Recovery),63,6000105,metaworld,True,50,0.6778721080008836,0,0,0,0,0.16312167048454285,task_success_while_recovery_active_per_intervention,True,False,,0.2,20.0,0.08000000000000002,0.005000000000000001,0.020000000000000004,0,full
REIM (ACT + Detector + Recovery),64,6000106,metaworld,True,52,0.6904714499978581,0,0,0,0,0.10022587329149246,task_success_while_recovery_active_per_intervention,True,False,,0.2,20.0,0.08000000000000002,0.005000000000000001,0.020000000000000004,0,full
REIM (ACT + Detector + Recovery),65,6000107,metaworld,True,62,0.6193128349987091,0,0,0,0,0.1661897450685501,task_success_while_recovery_active_per_intervention,True,False,,0.2,20.0,0.08000000000000002,0.005000000000000001,0.020000000000000004,0,full
REIM (ACT + Detector + Recovery),66,6000108,metaworld,True,51,0.5338201300000947,0,0,0,0,0.13331063091754913,task_success_while_recovery_active_per_intervention,True,False,,0.2,20.0,0.08000000000000002,0.005000000000000001,0.020000000000000004,0,full
REIM (ACT + Detector + Recovery),67,6000109,metaworld,True,53,0.4996552079974208,0,0,0,0,0.1345893293619156,task_success_while_recovery_active_per_intervention,True,False,,0.2,20.0,0.08000000000000002,0.005000000000000001,0.020000000000000004,0,full
REIM (ACT + Detector + Recovery),68,6000110,metaworld,True,57,0.6839230119985586,0,0,0,0,0.07865229994058609,task_success_while_recovery_active_per_intervention,True,False,,0.2,20.0,0.08000000000000002,0.005000000000000001,0.020000000000000004,0,full
REIM (ACT + Detector + Recovery),69,6000111,metaworld,True,57,0.9168170859993552,1,1,1,40,0.24405688047409058,task_success_while_recovery_active_per_intervention,True,False,,0.2,20.0,0.08000000000000002,0.005000000000000001,0.020000000000000004,0,full
REIM (ACT + Detector + Recovery),70,6000112,metaworld,True,52,0.3551389480016951,0,0,0,0,0.18941468000411987,task_success_while_recovery_active_per_intervention,True,False,,0.2,20.0,0.08000000000000002,0.005000000000000001,0.020000000000000004,0,full
REIM (ACT + Detector + Recovery),71,6000113,metaworld,True,54,0.9267989089967159,1,1,1,40,0.25535476207733154,task_success_while_recovery_active_per_intervention,True,False,,0.2,20.0,0.08000000000000002,0.005000000000000001,0.020000000000000004,0,full
REIM (ACT + Detector + Recovery),72,6000114,metaworld,True,44,0.5618928479998431,1,1,1,37,0.5011609196662903,task_success_while_recovery_active_per_intervention,True,False,,0.2,20.0,0.08000000000000002,0.005000000000000001,0.020000000000000004,0,full
REIM (ACT + Detector + Recovery),73,6000115,metaworld,False,200,3.4272716180021234,1,0,1,146,0.9706386923789978,task_success_while_recovery_active_per_intervention,False,True,timeout,0.2,20.0,0.08000000000000002,0.005000000000000001,0.020000000000000004,0,full
REIM (ACT + Detector + Recovery),74,6000116,metaworld,True,55,0.5839779460002319,1,1,1,30,0.20115229487419128,task_success_while_recovery_active_per_intervention,True,False,,0.2,20.0,0.08000000000000002,0.005000000000000001,0.020000000000000004,0,full
REIM (ACT + Detector + Recovery),75,6000117,metaworld,True,57,0.4869498369989742,1,1,1,34,0.2038663625717163,task_success_while_recovery_active_per_intervention,True,False,,0.2,20.0,0.08000000000000002,0.005000000000000001,0.020000000000000004,0,full
REIM (ACT + Detector + Recovery),76,6000118,metaworld,False,200,3.341240065998136,1,0,1,150,0.9874731302261353,task_success_while_recovery_active_per_intervention,False,True,object_dropped,0.2,20.0,0.08000000000000002,0.005000000000000001,0.020000000000000004,0,full
REIM (ACT + Detector + Recovery),77,6000119,metaworld,True,58,1.3089688560030481,1,1,1,28,0.21347589790821075,task_success_while_recovery_active_per_intervention,True,False,,0.2,20.0,0.08000000000000002,0.005000000000000001,0.020000000000000004,0,full
REIM (ACT + Detector + Recovery),78,6000120,metaworld,False,200,3.064235394998832,1,0,1,150,0.9956606030464172,task_success_while_recovery_active_per_intervention,False,True,object_dropped,0.2,20.0,0.08000000000000002,0.005000000000000001,0.020000000000000004,0,full
REIM (ACT + Detector + Recovery),79,6000121,metaworld,True,59,0.27835441199931665,0,0,0,0,0.14099189639091492,task_success_while_recovery_active_per_intervention,True,False,,0.2,20.0,0.08000000000000002,0.005000000000000001,0.020000000000000004,0,full
REIM (ACT + Detector + Recovery),80,6000122,metaworld,True,56,0.22956273599993438,0,0,0,0,0.1471080183982849,task_success_while_recovery_active_per_intervention,True,False,,0.2,20.0,0.08000000000000002,0.005000000000000001,0.020000000000000004,0,full
REIM (ACT + Detector + Recovery),81,6000123,metaworld,False,200,2.5513905719999457,1,0,1,150,0.999430239200592,task_success_while_recovery_active_per_intervention,False,True,timeout,0.2,20.0,0.08000000000000002,0.005000000000000001,0.020000000000000004,0,full
REIM (ACT + Detector + Recovery),82,6000124,metaworld,True,53,0.38349008500154014,1,1,1,35,0.36771097779273987,task_success_while_recovery_active_per_intervention,True,False,,0.2,20.0,0.08000000000000002,0.005000000000000001,0.020000000000000004,0,full
REIM (ACT + Detector + Recovery),83,6000125,metaworld,True,48,0.6050168399997347,1,1,1,40,0.3605943024158478,task_success_while_recovery_active_per_intervention,True,False,,0.2,20.0,0.08000000000000002,0.005000000000000001,0.020000000000000004,0,full
REIM (ACT + Detector + Recovery),84,6000126,metaworld,True,56,0.6188859030007734,0,0,0,0,0.17012284696102142,task_success_while_recovery_active_per_intervention,True,False,,0.2,20.0,0.08000000000000002,0.005000000000000001,0.020000000000000004,0,full
REIM (ACT + Detector + Recovery),85,6000127,metaworld,True,50,0.626427054998203,1,1,1,33,0.3471611738204956,task_success_while_recovery_active_per_intervention,True,False,,0.2,20.0,0.08000000000000002,0.005000000000000001,0.020000000000000004,0,full
REIM (ACT + Detector + Recovery),86,6000128,metaworld,True,62,0.5082228189967282,0,0,0,0,0.16528818011283875,task_success_while_recovery_active_per_intervention,True,False,,0.2,20.0,0.08000000000000002,0.005000000000000001,0.020000000000000004,0,full
REIM (ACT + Detector + Recovery),87,6000129,metaworld,True,52,0.34177148299932014,0,0,0,0,0.18156678974628448,task_success_while_recovery_active_per_intervention,True,False,,0.2,20.0,0.08000000000000002,0.005000000000000001,0.020000000000000004,0,full
REIM (ACT + Detector + Recovery),88,6000130,metaworld,True,60,0.3860294049991353,0,0,0,0,0.1098279282450676,task_success_while_recovery_active_per_intervention,True,False,,0.2,20.0,0.08000000000000002,0.005000000000000001,0.020000000000000004,0,full
REIM (ACT + Detector + Recovery),89,6000131,metaworld,True,43,0.6534455069995602,1,1,1,36,0.420805960893631,task_success_while_recovery_active_per_intervention,True,False,,0.2,20.0,0.08000000000000002,0.005000000000000001,0.020000000000000004,0,full
REIM (ACT + Detector + Recovery),90,6000132,metaworld,True,50,0.49231614800009993,0,0,0,0,0.15958239138126373,task_success_while_recovery_active_per_intervention,True,False,,0.2,20.0,0.08000000000000002,0.005000000000000001,0.020000000000000004,0,full
REIM (ACT + Detector + Recovery),91,6000133,metaworld,False,200,2.7870373180012393,1,0,1,150,0.9981960654258728,task_success_while_recovery_active_per_intervention,False,True,object_dropped,0.2,20.0,0.08000000000000002,0.005000000000000001,0.020000000000000004,0,full
REIM (ACT + Detector + Recovery),92,6000134,metaworld,True,55,0.6079329400017741,1,1,1,38,0.38293319940567017,task_success_while_recovery_active_per_intervention,True,False,,0.2,20.0,0.08000000000000002,0.005000000000000001,0.020000000000000004,0,full
REIM (ACT + Detector + Recovery),93,6000135,metaworld,True,53,0.3245044739996956,0,0,0,0,0.1263786107301712,task_success_while_recovery_active_per_intervention,True,False,,0.2,20.0,0.08000000000000002,0.005000000000000001,0.020000000000000004,0,full
REIM (ACT + Detector + Recovery),94,6000136,metaworld,True,51,0.3024235589982709,0,0,0,0,0.19153866171836853,task_success_while_recovery_active_per_intervention,True,False,,0.2,20.0,0.08000000000000002,0.005000000000000001,0.020000000000000004,0,full
REIM (ACT + Detector + Recovery),95,6000137,metaworld,True,58,0.35710959900097805,1,1,1,40,0.2954477071762085,task_success_while_recovery_active_per_intervention,True,False,,0.2,20.0,0.08000000000000002,0.005000000000000001,0.020000000000000004,0,full
REIM (ACT + Detector + Recovery),96,6000138,metaworld,True,58,0.3449820079986239,0,0,0,0,0.13058090209960938,task_success_while_recovery_active_per_intervention,True,False,,0.2,20.0,0.08000000000000002,0.005000000000000001,0.020000000000000004,0,full
REIM (ACT + Detector + Recovery),97,6000139,metaworld,True,53,0.47908363199894666,0,0,0,0,0.15946316719055176,task_success_while_recovery_active_per_intervention,True,False,,0.2,20.0,0.08000000000000002,0.005000000000000001,0.020000000000000004,0,full
REIM (ACT + Detector + Recovery),98,6000140,metaworld,False,200,2.4473980110014963,1,0,1,150,0.8950543999671936,task_success_while_recovery_active_per_intervention,False,True,object_dropped,0.2,20.0,0.08000000000000002,0.005000000000000001,0.020000000000000004,0,full
REIM (ACT + Detector + Recovery),99,6000141,metaworld,True,44,0.313419210997381,1,1,1,28,0.34426552057266235,task_success_while_recovery_active_per_intervention,True,False,,0.2,20.0,0.08000000000000002,0.005000000000000001,0.020000000000000004,0,full
REIM (ACT + Detector + Recovery),100,6000142,metaworld,True,55,0.3292107519991987,0,0,0,0,0.19636236131191254,task_success_while_recovery_active_per_intervention,True,False,,0.2,20.0,0.08000000000000002,0.005000000000000001,0.020000000000000004,0,full
REIM (ACT + Detector + Recovery),101,6000143,metaworld,True,53,0.3422278350008128,0,0,0,0,0.18538206815719604,task_success_while_recovery_active_per_intervention,True,False,,0.2,20.0,0.08000000000000002,0.005000000000000001,0.020000000000000004,0,full
REIM (ACT + Detector + Recovery),102,6000144,metaworld,True,55,0.743902721998893,1,1,1,44,0.24281594157218933,task_success_while_recovery_active_per_intervention,True,False,,0.2,20.0,0.08000000000000002,0.005000000000000001,0.020000000000000004,0,full
REIM (ACT + Detector + Recovery),103,6000145,metaworld,False,200,2.7262260900024557,1,0,1,150,0.9980682730674744,task_success_while_recovery_active_per_intervention,False,True,timeout,0.2,20.0,0.08000000000000002,0.005000000000000001,0.020000000000000004,0,full
REIM (ACT + Detector + Recovery),104,6000146,metaworld,True,51,0.5810417940010666,1,1,1,34,0.22854064404964447,task_success_while_recovery_active_per_intervention,True,False,,0.2,20.0,0.08000000000000002,0.005000000000000001,0.020000000000000004,0,full
REIM (ACT + Detector + Recovery),105,6000147,metaworld,True,58,0.793345819998649,1,1,1,41,0.2909978926181793,task_success_while_recovery_active_per_intervention,True,False,,0.2,20.0,0.08000000000000002,0.005000000000000001,0.020000000000000004,0,full
REIM (ACT + Detector + Recovery),106,6000148,metaworld,True,55,0.5716181839998171,1,1,1,39,0.23706956207752228,task_success_while_recovery_active_per_intervention,True,False,,0.2,20.0,0.08000000000000002,0.005000000000000001,0.020000000000000004,0,full
REIM (ACT + Detector + Recovery),107,6000149,metaworld,True,51,0.7640341100013757,1,1,1,40,0.22534984350204468,task_success_while_recovery_active_per_intervention,True,False,,0.2,20.0,0.08000000000000002,0.005000000000000001,0.020000000000000004,0,full
REIM (ACT + Detector + Recovery),108,6000150,metaworld,True,48,0.24980889500147896,0,0,0,0,0.1897231638431549,task_success_while_recovery_active_per_intervention,True,False,,0.2,20.0,0.08000000000000002,0.005000000000000001,0.020000000000000004,0,full
REIM (ACT + Detector + Recovery),109,6000151,metaworld,False,200,2.5363372109968623,1,0,1,150,0.9952050447463989,task_success_while_recovery_active_per_intervention,False,True,object_dropped,0.2,20.0,0.08000000000000002,0.005000000000000001,0.020000000000000004,0,full
REIM (ACT + Detector + Recovery),110,6000152,metaworld,True,54,0.4971786839996639,1,1,1,30,0.20797573029994965,task_success_while_recovery_active_per_intervention,True,False,,0.2,20.0,0.08000000000000002,0.005000000000000001,0.020000000000000004,0,full
REIM (ACT + Detector + Recovery),111,6000153,metaworld,True,49,0.8212821749984869,1,1,1,36,0.284929484128952,task_success_while_recovery_active_per_intervention,True,False,,0.2,20.0,0.08000000000000002,0.005000000000000001,0.020000000000000004,0,full
REIM (ACT + Detector + Recovery),112,6000154,metaworld,False,200,3.293579025998042,1,0,1,150,0.9992169141769409,task_success_while_recovery_active_per_intervention,False,True,object_dropped,0.2,20.0,0.08000000000000002,0.005000000000000001,0.020000000000000004,0,full
REIM (ACT + Detector + Recovery),113,6000155,metaworld,False,200,2.3719671500002733,1,0,1,150,0.9993153810501099,task_success_while_recovery_active_per_intervention,False,True,object_dropped,0.2,20.0,0.08000000000000002,0.005000000000000001,0.020000000000000004,0,full
REIM (ACT + Detector + Recovery),114,6000156,metaworld,True,56,0.37760998999874573,0,0,0,0,0.17934823036193848,task_success_while_recovery_active_per_intervention,True,False,,0.2,20.0,0.08000000000000002,0.005000000000000001,0.020000000000000004,0,full
REIM (ACT + Detector + Recovery),115,6000157,metaworld,False,200,3.011240731997532,1,0,1,143,0.9990818500518799,task_success_while_recovery_active_per_intervention,False,True,timeout,0.2,20.0,0.08000000000000002,0.005000000000000001,0.020000000000000004,0,full
REIM (ACT + Detector + Recovery),116,6000158,metaworld,True,64,0.7327825719985412,0,0,0,0,0.18034227192401886,task_success_while_recovery_active_per_intervention,True,False,,0.2,20.0,0.08000000000000002,0.005000000000000001,0.020000000000000004,0,full
REIM (ACT + Detector + Recovery),117,6000159,metaworld,True,48,0.7756196690024808,1,1,1,32,0.3371518552303314,task_success_while_recovery_active_per_intervention,True,False,,0.2,20.0,0.08000000000000002,0.005000000000000001,0.020000000000000004,0,full
REIM (ACT + Detector + Recovery),118,6000160,metaworld,True,68,0.6886894140006916,1,1,1,36,0.2070857137441635,task_success_while_recovery_active_per_intervention,True,False,,0.2,20.0,0.08000000000000002,0.005000000000000001,0.020000000000000004,0,full
REIM (ACT + Detector + Recovery),119,6000161,metaworld,True,67,0.8492442380011198,1,1,1,30,0.21965715289115906,task_success_while_recovery_active_per_intervention,True,False,,0.2,20.0,0.08000000000000002,0.005000000000000001,0.020000000000000004,0,full
REIM (ACT + Detector + Recovery),120,6000162,metaworld,True,63,0.8084678029990755,0,0,0,0,0.10714000463485718,task_success_while_recovery_active_per_intervention,True,False,,0.2,20.0,0.08000000000000002,0.005000000000000001,0.020000000000000004,0,full
REIM (ACT + Detector + Recovery),121,6000163,metaworld,True,62,0.3914192609991005,0,0,0,0,0.19879001379013062,task_success_while_recovery_active_per_intervention,True,False,,0.2,20.0,0.08000000000000002,0.005000000000000001,0.020000000000000004,0,full
REIM (ACT + Detector + Recovery),122,6000164,metaworld,True,49,0.2850087570004689,0,0,0,0,0.19849078357219696,task_success_while_recovery_active_per_intervention,True,False,,0.2,20.0,0.08000000000000002,0.005000000000000001,0.020000000000000004,0,full
REIM (ACT + Detector + Recovery),123,6000165,metaworld,False,200,2.703401931001281,1,0,1,150,0.9806212782859802,task_success_while_recovery_active_per_intervention,False,True,timeout,0.2,20.0,0.08000000000000002,0.005000000000000001,0.020000000000000004,0,full
REIM (ACT + Detector + Recovery),124,6000166,metaworld,True,55,0.7305899969978782,1,1,1,37,0.25855663418769836,task_success_while_recovery_active_per_intervention,True,False,,0.2,20.0,0.08000000000000002,0.005000000000000001,0.020000000000000004,0,full
REIM (ACT + Detector + Recovery),125,6000167,metaworld,False,200,1.943643410999357,1,0,1,136,0.9988096952438354,task_success_while_recovery_active_per_intervention,False,True,object_dropped,0.2,20.0,0.08000000000000002,0.005000000000000001,0.020000000000000004,0,full
REIM (ACT + Detector + Recovery),126,6000168,metaworld,False,200,2.64918013499846,1,0,1,150,0.9907784461975098,task_success_while_recovery_active_per_intervention,False,True,timeout,0.2,20.0,0.08000000000000002,0.005000000000000001,0.020000000000000004,0,full
REIM (ACT + Detector + Recovery),127,6000169,metaworld,True,84,1.2469474760000594,1,1,1,55,0.23327741026878357,task_success_while_recovery_active_per_intervention,True,False,,0.2,20.0,0.08000000000000002,0.005000000000000001,0.020000000000000004,0,full
REIM (ACT + Detector + Recovery),128,6000170,metaworld,True,53,0.4507285409999895,0,0,0,0,0.16833187639713287,task_success_while_recovery_active_per_intervention,True,False,,0.2,20.0,0.08000000000000002,0.005000000000000001,0.020000000000000004,0,full
REIM (ACT + Detector + Recovery),129,6000171,metaworld,True,51,0.7092224409971095,1,1,1,31,0.22302863001823425,task_success_while_recovery_active_per_intervention,True,False,,0.2,20.0,0.08000000000000002,0.005000000000000001,0.020000000000000004,0,full
REIM (ACT + Detector + Recovery),130,6000172,metaworld,True,53,0.42948355699991225,0,0,0,0,0.15895967185497284,task_success_while_recovery_active_per_intervention,True,False,,0.2,20.0,0.08000000000000002,0.005000000000000001,0.020000000000000004,0,full
REIM (ACT + Detector + Recovery),131,6000173,metaworld,True,46,0.7672334230010165,1,1,1,25,0.23219558596611023,task_success_while_recovery_active_per_intervention,True,False,,0.2,20.0,0.08000000000000002,0.005000000000000001,0.020000000000000004,0,full
REIM (ACT + Detector + Recovery),132,6000174,metaworld,True,56,0.4603017990011722,0,0,0,0,0.16494698822498322,task_success_while_recovery_active_per_intervention,True,False,,0.2,20.0,0.08000000000000002,0.005000000000000001,0.020000000000000004,0,full
REIM (ACT + Detector + Recovery),133,6000175,metaworld,True,56,0.8279386430003797,0,0,0,0,0.08812430500984192,task_success_while_recovery_active_per_intervention,True,False,,0.2,20.0,0.08000000000000002,0.005000000000000001,0.020000000000000004,0,full
REIM (ACT + Detector + Recovery),134,6000176,metaworld,True,52,0.7896674629992049,1,1,1,30,0.23134462535381317,task_success_while_recovery_active_per_intervention,True,False,,0.2,20.0,0.08000000000000002,0.005000000000000001,0.020000000000000004,0,full
REIM (ACT + Detector + Recovery),135,6000177,metaworld,False,200,2.805787479999708,1,0,1,138,0.9996122717857361,task_success_while_recovery_active_per_intervention,False,True,timeout,0.2,20.0,0.08000000000000002,0.005000000000000001,0.020000000000000004,0,full
REIM (ACT + Detector + Recovery),136,6000178,metaworld,True,52,0.4055926740002178,0,0,0,0,0.10550197213888168,task_success_while_recovery_active_per_intervention,True,False,,0.2,20.0,0.08000000000000002,0.005000000000000001,0.020000000000000004,0,full
REIM (ACT + Detector + Recovery),137,6000179,metaworld,True,61,0.9093398319964763,1,1,1,34,0.20709511637687683,task_success_while_recovery_active_per_intervention,True,False,,0.2,20.0,0.08000000000000002,0.005000000000000001,0.020000000000000004,0,full
REIM (ACT + Detector + Recovery),138,6000180,metaworld,True,67,0.5461735959979706,1,1,1,44,0.2939262390136719,task_success_while_recovery_active_per_intervention,True,False,,0.2,20.0,0.08000000000000002,0.005000000000000001,0.020000000000000004,0,full
REIM (ACT + Detector + Recovery),139,6000181,metaworld,False,200,1.7979225579983904,1,0,1,138,0.9981541037559509,task_success_while_recovery_active_per_intervention,False,True,timeout,0.2,20.0,0.08000000000000002,0.005000000000000001,0.020000000000000004,0,full
REIM (ACT + Detector + Recovery),140,6000182,metaworld,True,53,0.36787347700010287,0,0,0,0,0.14803051948547363,task_success_while_recovery_active_per_intervention,True,False,,0.2,20.0,0.08000000000000002,0.005000000000000001,0.020000000000000004,0,full
REIM (ACT + Detector + Recovery),141,6000183,metaworld,True,57,0.5930869620024168,1,1,1,44,0.49622464179992676,task_success_while_recovery_active_per_intervention,True,False,,0.2,20.0,0.08000000000000002,0.005000000000000001,0.020000000000000004,0,full
REIM (ACT + Detector + Recovery),142,6000184,metaworld,True,50,0.3076495370005432,0,0,0,0,0.13641543686389923,task_success_while_recovery_active_per_intervention,True,False,,0.2,20.0,0.08000000000000002,0.005000000000000001,0.020000000000000004,0,full
REIM (ACT + Detector + Recovery),143,6000185,metaworld,True,52,0.3757692079998378,0,0,0,0,0.10954445600509644,task_success_while_recovery_active_per_intervention,True,False,,0.2,20.0,0.08000000000000002,0.005000000000000001,0.020000000000000004,0,full
REIM (ACT + Detector + Recovery),144,6000186,metaworld,True,51,0.38241689299684367,1,1,1,41,0.30028417706489563,task_success_while_recovery_active_per_intervention,True,False,,0.2,20.0,0.08000000000000002,0.005000000000000001,0.020000000000000004,0,full
REIM (ACT + Detector + Recovery),145,6000187,metaworld,True,51,0.5874225980005576,1,1,1,36,0.25832271575927734,task_success_while_recovery_active_per_intervention,True,False,,0.2,20.0,0.08000000000000002,0.005000000000000001,0.020000000000000004,0,full
REIM (ACT + Detector + Recovery),146,6000188,metaworld,True,60,0.8295135119988117,1,1,1,29,0.20459473133087158,task_success_while_recovery_active_per_intervention,True,False,,0.2,20.0,0.08000000000000002,0.005000000000000001,0.020000000000000004,0,full
REIM (ACT + Detector + Recovery),147,6000189,metaworld,False,200,2.1474016979991575,1,0,1,147,0.9929606318473816,task_success_while_recovery_active_per_intervention,False,True,timeout,0.2,20.0,0.08000000000000002,0.005000000000000001,0.020000000000000004,0,full
REIM (ACT + Detector + Recovery),148,6000190,metaworld,True,50,0.20498106900049606,0,0,0,0,0.09186691045761108,task_success_while_recovery_active_per_intervention,True,False,,0.2,20.0,0.08000000000000002,0.005000000000000001,0.020000000000000004,0,full
REIM (ACT + Detector + Recovery),149,6000191,metaworld,False,200,2.651261891998729,1,0,1,135,0.9994223117828369,task_success_while_recovery_active_per_intervention,False,True,object_dropped,0.2,20.0,0.08000000000000002,0.005000000000000001,0.020000000000000004,0,full
REIM (ACT + Detector + Recovery),150,6000192,metaworld,True,54,0.5216963279999618,1,1,1,35,0.4553931653499603,task_success_while_recovery_active_per_intervention,True,False,,0.2,20.0,0.08000000000000002,0.005000000000000001,0.020000000000000004,0,full
REIM (ACT + Detector + Recovery),151,6000193,metaworld,True,56,0.33344074500200804,0,0,0,0,0.1795915812253952,task_success_while_recovery_active_per_intervention,True,False,,0.2,20.0,0.08000000000000002,0.005000000000000001,0.020000000000000004,0,full
REIM (ACT + Detector + Recovery),152,6000194,metaworld,True,53,0.22040008900148678,0,0,0,0,0.18444940447807312,task_success_while_recovery_active_per_intervention,True,False,,0.2,20.0,0.08000000000000002,0.005000000000000001,0.020000000000000004,0,full
REIM (ACT + Detector + Recovery),153,6000195,metaworld,True,53,0.3282882189996599,1,1,1,38,0.26241329312324524,task_success_while_recovery_active_per_intervention,True,False,,0.2,20.0,0.08000000000000002,0.005000000000000001,0.020000000000000004,0,full
REIM (ACT + Detector + Recovery),154,6000196,metaworld,True,50,0.5103714580000087,1,1,1,38,0.20690244436264038,task_success_while_recovery_active_per_intervention,True,False,,0.2,20.0,0.08000000000000002,0.005000000000000001,0.020000000000000004,0,full
REIM (ACT + Detector + Recovery),155,6000197,metaworld,True,50,0.2792725370018161,1,1,1,42,0.32640889286994934,task_success_while_recovery_active_per_intervention,True,False,,0.2,20.0,0.08000000000000002,0.005000000000000001,0.020000000000000004,0,full
REIM (ACT + Detector + Recovery),156,6000198,metaworld,True,53,0.2164346019999357,0,0,0,0,0.10514456033706665,task_success_while_recovery_active_per_intervention,True,False,,0.2,20.0,0.08000000000000002,0.005000000000000001,0.020000000000000004,0,full
REIM (ACT + Detector + Recovery),157,6000199,metaworld,True,60,0.2413395709991164,0,0,0,0,0.12765273451805115,task_success_while_recovery_active_per_intervention,True,False,,0.2,20.0,0.08000000000000002,0.005000000000000001,0.020000000000000004,0,full
REIM (ACT + Detector + Recovery),158,6000200,metaworld,True,55,0.23377858599997126,0,0,0,0,0.11211332678794861,task_success_while_recovery_active_per_intervention,True,False,,0.2,20.0,0.08000000000000002,0.005000000000000001,0.020000000000000004,0,full
REIM (ACT + Detector + Recovery),159,6000201,metaworld,True,52,0.21779975000026752,0,0,0,0,0.1852402538061142,task_success_while_recovery_active_per_intervention,True,False,,0.2,20.0,0.08000000000000002,0.005000000000000001,0.020000000000000004,0,full
REIM (ACT + Detector + Recovery),160,6000202,metaworld,True,51,0.35528191800040076,1,1,1,37,0.210599884390831,task_success_while_recovery_active_per_intervention,True,False,,0.2,20.0,0.08000000000000002,0.005000000000000001,0.020000000000000004,0,full
REIM (ACT + Detector + Recovery),161,6000203,metaworld,False,200,1.7110814189982193,1,0,1,150,0.999345600605011,task_success_while_recovery_active_per_intervention,False,True,object_dropped,0.2,20.0,0.08000000000000002,0.005000000000000001,0.020000000000000004,0,full
REIM (ACT + Detector + Recovery),162,6000204,metaworld,True,54,0.33156075900114956,0,0,0,0,0.19202934205532074,task_success_while_recovery_active_per_intervention,True,False,,0.2,20.0,0.08000000000000002,0.005000000000000001,0.020000000000000004,0,full
REIM (ACT + Detector + Recovery),163,6000205,metaworld,False,200,2.578008708998823,1,0,1,150,0.9847821593284607,task_success_while_recovery_active_per_intervention,False,True,timeout,0.2,20.0,0.08000000000000002,0.005000000000000001,0.020000000000000004,0,full
REIM (ACT + Detector + Recovery),164,6000206,metaworld,True,50,0.34534493899991503,0,0,0,0,0.15716058015823364,task_success_while_recovery_active_per_intervention,True,False,,0.2,20.0,0.08000000000000002,0.005000000000000001,0.020000000000000004,0,full
REIM (ACT + Detector + Recovery),165,6000207,metaworld,True,59,0.3969927309990453,0,0,0,0,0.1690492182970047,task_success_while_recovery_active_per_intervention,True,False,,0.2,20.0,0.08000000000000002,0.005000000000000001,0.020000000000000004,0,full
REIM (ACT + Detector + Recovery),166,6000208,metaworld,True,51,0.28365391099941917,1,1,1,29,0.21924787759780884,task_success_while_recovery_active_per_intervention,True,False,,0.2,20.0,0.08000000000000002,0.005000000000000001,0.020000000000000004,0,full
REIM (ACT + Detector + Recovery),167,6000209,metaworld,True,53,0.22411704600017401,0,0,0,0,0.1374010294675827,task_success_while_recovery_active_per_intervention,True,False,,0.2,20.0,0.08000000000000002,0.005000000000000001,0.020000000000000004,0,full
REIM (ACT + Detector + Recovery),168,6000210,metaworld,True,52,0.5979478580011346,1,1,1,44,0.39632609486579895,task_success_while_recovery_active_per_intervention,True,False,,0.2,20.0,0.08000000000000002,0.005000000000000001,0.020000000000000004,0,full
REIM (ACT + Detector + Recovery),169,6000211,metaworld,False,200,1.780036853000638,1,0,1,150,0.9886075854301453,task_success_while_recovery_active_per_intervention,False,True,timeout,0.2,20.0,0.08000000000000002,0.005000000000000001,0.020000000000000004,0,full
REIM (ACT + Detector + Recovery),170,6000212,metaworld,True,50,0.6063895320003212,1,1,1,42,0.5007631182670593,task_success_while_recovery_active_per_intervention,True,False,,0.2,20.0,0.08000000000000002,0.005000000000000001,0.020000000000000004,0,full
REIM (ACT + Detector + Recovery),171,6000213,metaworld,True,48,0.30147398999906727,1,1,1,32,0.2985341250896454,task_success_while_recovery_active_per_intervention,True,False,,0.2,20.0,0.08000000000000002,0.005000000000000001,0.020000000000000004,0,full
REIM (ACT + Detector + Recovery),172,6000214,metaworld,True,56,0.5676193469989812,1,1,1,42,0.2608799934387207,task_success_while_recovery_active_per_intervention,True,False,,0.2,20.0,0.08000000000000002,0.005000000000000001,0.020000000000000004,0,full
REIM (ACT + Detector + Recovery),173,6000215,metaworld,True,56,0.7042617439983587,1,1,1,43,0.28700146079063416,task_success_while_recovery_active_per_intervention,True,False,,0.2,20.0,0.08000000000000002,0.005000000000000001,0.020000000000000004,0,full
REIM (ACT + Detector + Recovery),174,6000216,metaworld,True,54,0.5549241670014453,0,0,0,0,0.13775213062763214,task_success_while_recovery_active_per_intervention,True,False,,0.2,20.0,0.08000000000000002,0.005000000000000001,0.020000000000000004,0,full
REIM (ACT + Detector + Recovery),175,6000217,metaworld,True,51,0.3697811769998225,0,0,0,0,0.1925128698348999,task_success_while_recovery_active_per_intervention,True,False,,0.2,20.0,0.08000000000000002,0.005000000000000001,0.020000000000000004,0,full
REIM (ACT + Detector + Recovery),176,6000218,metaworld,True,50,0.42446544600170455,1,1,1,28,0.23686189949512482,task_success_while_recovery_active_per_intervention,True,False,,0.2,20.0,0.08000000000000002,0.005000000000000001,0.020000000000000004,0,full
REIM (ACT + Detector + Recovery),177,6000219,metaworld,True,55,0.2733327419991838,0,0,0,0,0.17493689060211182,task_success_while_recovery_active_per_intervention,True,False,,0.2,20.0,0.08000000000000002,0.005000000000000001,0.020000000000000004,0,full
REIM (ACT + Detector + Recovery),178,6000220,metaworld,True,65,0.844282514997758,1,1,1,53,0.3610330820083618,task_success_while_recovery_active_per_intervention,True,False,,0.2,20.0,0.08000000000000002,0.005000000000000001,0.020000000000000004,0,full
REIM (ACT + Detector + Recovery),179,6000221,metaworld,True,54,0.6645651950020692,1,1,1,43,0.34259191155433655,task_success_while_recovery_active_per_intervention,True,False,,0.2,20.0,0.08000000000000002,0.005000000000000001,0.020000000000000004,0,full
REIM (ACT + Detector + Recovery),180,6000222,metaworld,True,52,0.3007893590001913,0,0,0,0,0.13936422765254974,task_success_while_recovery_active_per_intervention,True,False,,0.2,20.0,0.08000000000000002,0.005000000000000001,0.020000000000000004,0,full
REIM (ACT + Detector + Recovery),181,6000223,metaworld,True,52,0.27312510599949746,0,0,0,0,0.1733216792345047,task_success_while_recovery_active_per_intervention,True,False,,0.2,20.0,0.08000000000000002,0.005000000000000001,0.020000000000000004,0,full
REIM (ACT + Detector + Recovery),182,6000224,metaworld,True,59,0.24448078999921563,0,0,0,0,0.1715516448020935,task_success_while_recovery_active_per_intervention,True,False,,0.2,20.0,0.08000000000000002,0.005000000000000001,0.020000000000000004,0,full
REIM (ACT + Detector + Recovery),183,6000225,metaworld,True,47,0.41009397500238265,1,1,1,31,0.24512523412704468,task_success_while_recovery_active_per_intervention,True,False,,0.2,20.0,0.08000000000000002,0.005000000000000001,0.020000000000000004,0,full
REIM (ACT + Detector + Recovery),184,6000226,metaworld,True,52,0.5214378759992542,1,1,1,43,0.3759210705757141,task_success_while_recovery_active_per_intervention,True,False,,0.2,20.0,0.08000000000000002,0.005000000000000001,0.020000000000000004,0,full
REIM (ACT + Detector + Recovery),185,6000227,metaworld,False,200,1.850253436001367,1,0,1,142,0.9993852376937866,task_success_while_recovery_active_per_intervention,False,True,object_dropped,0.2,20.0,0.08000000000000002,0.005000000000000001,0.020000000000000004,0,full
REIM (ACT + Detector + Recovery),186,6000228,metaworld,True,58,0.367402405001485,0,0,0,0,0.15009646117687225,task_success_while_recovery_active_per_intervention,True,False,,0.2,20.0,0.08000000000000002,0.005000000000000001,0.020000000000000004,0,full
REIM (ACT + Detector + Recovery),187,6000229,metaworld,True,55,0.5046517379996658,0,0,0,0,0.16355933248996735,task_success_while_recovery_active_per_intervention,True,False,,0.2,20.0,0.08000000000000002,0.005000000000000001,0.020000000000000004,0,full
REIM (ACT + Detector + Recovery),188,6000230,metaworld,True,57,0.796178863998648,0,0,0,0,0.13354220986366272,task_success_while_recovery_active_per_intervention,True,False,,0.2,20.0,0.08000000000000002,0.005000000000000001,0.020000000000000004,0,full
REIM (ACT + Detector + Recovery),189,6000231,metaworld,True,55,0.8074188130012772,1,1,1,45,0.42850935459136963,task_success_while_recovery_active_per_intervention,True,False,,0.2,20.0,0.08000000000000002,0.005000000000000001,0.020000000000000004,0,full
REIM (ACT + Detector + Recovery),190,6000232,metaworld,True,54,0.8174759590001486,1,1,1,38,0.3042391240596771,task_success_while_recovery_active_per_intervention,True,False,,0.2,20.0,0.08000000000000002,0.005000000000000001,0.020000000000000004,0,full
REIM (ACT + Detector + Recovery),191,6000233,metaworld,True,53,0.3535330829981831,0,0,0,0,0.1590542495250702,task_success_while_recovery_active_per_intervention,True,False,,0.2,20.0,0.08000000000000002,0.005000000000000001,0.020000000000000004,0,full
REIM (ACT + Detector + Recovery),192,6000234,metaworld,True,55,0.4428917619989079,0,0,0,0,0.1684189885854721,task_success_while_recovery_active_per_intervention,True,False,,0.2,20.0,0.08000000000000002,0.005000000000000001,0.020000000000000004,0,full
REIM (ACT + Detector + Recovery),193,6000235,metaworld,True,51,0.5548968820003211,1,1,1,35,0.36787545680999756,task_success_while_recovery_active_per_intervention,True,False,,0.2,20.0,0.08000000000000002,0.005000000000000001,0.020000000000000004,0,full
REIM (ACT + Detector + Recovery),194,6000236,metaworld,True,59,0.5337529469979927,1,1,1,31,0.2522578537464142,task_success_while_recovery_active_per_intervention,True,False,,0.2,20.0,0.08000000000000002,0.005000000000000001,0.020000000000000004,0,full
REIM (ACT + Detector + Recovery),195,6000237,metaworld,True,49,0.5095195469984901,1,1,1,39,0.2853092849254608,task_success_while_recovery_active_per_intervention,True,False,,0.2,20.0,0.08000000000000002,0.005000000000000001,0.020000000000000004,0,full
REIM (ACT + Detector + Recovery),196,6000238,metaworld,True,57,0.2672112180007389,0,0,0,0,0.16256247460842133,task_success_while_recovery_active_per_intervention,True,False,,0.2,20.0,0.08000000000000002,0.005000000000000001,0.020000000000000004,0,full
REIM (ACT + Detector + Recovery),197,6000239,metaworld,True,58,0.26296798900148133,0,0,0,0,0.15297725796699524,task_success_while_recovery_active_per_intervention,True,False,,0.2,20.0,0.08000000000000002,0.005000000000000001,0.020000000000000004,0,full
REIM (ACT + Detector + Recovery),198,6000240,metaworld,False,200,1.9653486729985161,1,0,1,150,0.9991638660430908,task_success_while_recovery_active_per_intervention,False,True,object_dropped,0.2,20.0,0.08000000000000002,0.005000000000000001,0.020000000000000004,0,full
REIM (ACT + Detector + Recovery),199,6000241,metaworld,True,59,0.34334100799969747,0,0,0,0,0.13614697754383087,task_success_while_recovery_active_per_intervention,True,False,,0.2,20.0,0.08000000000000002,0.005000000000000001,0.020000000000000004,0,full
ACT,0,6000042,metaworld,False,200,1.131061972999305,0,0,0,0,0.0,,False,True,timeout,0.3,30.0,0.12,0.0075,0.03,0,full
ACT,1,6000043,metaworld,False,200,0.7473104829987278,0,0,0,0,0.0,,False,True,timeout,0.3,30.0,0.12,0.0075,0.03,0,full
ACT,2,6000044,metaworld,True,63,0.29045612400295795,0,0,0,0,0.0,,True,False,,0.3,30.0,0.12,0.0075,0.03,0,full
ACT,3,6000045,metaworld,True,56,0.13538058899939642,0,0,0,0,0.0,,True,False,,0.3,30.0,0.12,0.0075,0.03,0,full
ACT,4,6000046,metaworld,False,200,0.5387071000004653,0,0,0,0,0.0,,False,True,object_dropped,0.3,30.0,0.12,0.0075,0.03,0,full
ACT,5,6000047,metaworld,False,200,0.5445846149996214,0,0,0,0,0.0,,False,True,timeout,0.3,30.0,0.12,0.0075,0.03,0,full
ACT,6,6000048,metaworld,False,200,1.05660536600044,0,0,0,0,0.0,,False,True,timeout,0.3,30.0,0.12,0.0075,0.03,0,full
ACT,7,6000049,metaworld,False,200,0.6847571229991445,0,0,0,0,0.0,,False,True,timeout,0.3,30.0,0.12,0.0075,0.03,0,full
ACT,8,6000050,metaworld,False,200,0.9675524240010418,0,0,0,0,0.0,,False,True,timeout,0.3,30.0,0.12,0.0075,0.03,0,full
ACT,9,6000051,metaworld,False,200,0.8930448790015362,0,0,0,0,0.0,,False,True,timeout,0.3,30.0,0.12,0.0075,0.03,0,full
ACT,10,6000052,metaworld,True,50,0.2918957980000414,0,0,0,0,0.0,,True,False,,0.3,30.0,0.12,0.0075,0.03,0,full
ACT,11,6000053,metaworld,False,200,0.863586106999719,0,0,0,0,0.0,,False,True,timeout,0.3,30.0,0.12,0.0075,0.03,0,full
ACT,12,6000054,metaworld,False,200,1.01243909799814,0,0,0,0,0.0,,False,True,timeout,0.3,30.0,0.12,0.0075,0.03,0,full
ACT,13,6000055,metaworld,False,200,1.133332033001352,0,0,0,0,0.0,,False,True,object_dropped,0.3,30.0,0.12,0.0075,0.03,0,full
ACT,14,6000056,metaworld,True,60,0.3883491650012729,0,0,0,0,0.0,,True,False,,0.3,30.0,0.12,0.0075,0.03,0,full
ACT,15,6000057,metaworld,True,53,0.26716903499982436,0,0,0,0,0.0,,True,False,,0.3,30.0,0.12,0.0075,0.03,0,full
ACT,16,6000058,metaworld,True,60,0.44908690900047077,0,0,0,0,0.0,,True,False,,0.3,30.0,0.12,0.0075,0.03,0,full
ACT,17,6000059,metaworld,False,200,1.0483217210021394,0,0,0,0,0.0,,False,True,object_dropped,0.3,30.0,0.12,0.0075,0.03,0,full
ACT,18,6000060,metaworld,True,49,0.2464449719991535,0,0,0,0,0.0,,True,False,,0.3,30.0,0.12,0.0075,0.03,0,full
ACT,19,6000061,metaworld,False,200,1.0847746599974926,0,0,0,0,0.0,,False,True,timeout,0.3,30.0,0.12,0.0075,0.03,0,full
ACT,20,6000062,metaworld,True,56,0.2814016019983683,0,0,0,0,0.0,,True,False,,0.3,30.0,0.12,0.0075,0.03,0,full
ACT,21,6000063,metaworld,True,54,0.13868502900004387,0,0,0,0,0.0,,True,False,,0.3,30.0,0.12,0.0075,0.03,0,full
ACT,22,6000064,metaworld,True,54,0.14718247299970244,0,0,0,0,0.0,,True,False,,0.3,30.0,0.12,0.0075,0.03,0,full
ACT,23,6000065,metaworld,False,200,0.9232245550010703,0,0,0,0,0.0,,False,True,object_dropped,0.3,30.0,0.12,0.0075,0.03,0,full
ACT,24,6000066,metaworld,False,200,1.1751870080006483,0,0,0,0,0.0,,False,True,object_dropped,0.3,30.0,0.12,0.0075,0.03,0,full
ACT,25,6000067,metaworld,True,57,0.3455737760014017,0,0,0,0,0.0,,True,False,,0.3,30.0,0.12,0.0075,0.03,0,full
ACT,26,6000068,metaworld,True,54,0.28802080300010857,0,0,0,0,0.0,,True,False,,0.3,30.0,0.12,0.0075,0.03,0,full
ACT,27,6000069,metaworld,False,200,0.8640096859999176,0,0,0,0,0.0,,False,True,timeout,0.3,30.0,0.12,0.0075,0.03,0,full
ACT,28,6000070,metaworld,False,200,0.724047335999785,0,0,0,0,0.0,,False,True,timeout,0.3,30.0,0.12,0.0075,0.03,0,full
ACT,29,6000071,metaworld,False,200,2.1297553760014125,0,0,0,0,0.0,,False,True,timeout,0.3,30.0,0.12,0.0075,0.03,0,full
ACT,30,6000072,metaworld,False,200,0.860024377998343,0,0,0,0,0.0,,False,True,timeout,0.3,30.0,0.12,0.0075,0.03,0,full
ACT,31,6000073,metaworld,False,200,0.9955852769999183,0,0,0,0,0.0,,False,True,timeout,0.3,30.0,0.12,0.0075,0.03,0,full
ACT,32,6000074,metaworld,False,200,0.7904971169991768,0,0,0,0,0.0,,False,True,timeout,0.3,30.0,0.12,0.0075,0.03,0,full
ACT,33,6000075,metaworld,False,200,0.6984507750021294,0,0,0,0,0.0,,False,True,object_dropped,0.3,30.0,0.12,0.0075,0.03,0,full
ACT,34,6000076,metaworld,False,200,1.4201584060028836,0,0,0,0,0.0,,False,True,timeout,0.3,30.0,0.12,0.0075,0.03,0,full
ACT,35,6000077,metaworld,True,55,0.31555218900030013,0,0,0,0,0.0,,True,False,,0.3,30.0,0.12,0.0075,0.03,0,full
ACT,36,6000078,metaworld,False,200,1.151455455001269,0,0,0,0,0.0,,False,True,timeout,0.3,30.0,0.12,0.0075,0.03,0,full
ACT,37,6000079,metaworld,False,200,1.0234020250027243,0,0,0,0,0.0,,False,True,timeout,0.3,30.0,0.12,0.0075,0.03,0,full
ACT,38,6000080,metaworld,True,50,0.2789498489983089,0,0,0,0,0.0,,True,False,,0.3,30.0,0.12,0.0075,0.03,0,full
ACT,39,6000081,metaworld,True,64,0.4355002060001425,0,0,0,0,0.0,,True,False,,0.3,30.0,0.12,0.0075,0.03,0,full
ACT,40,6000082,metaworld,False,200,0.6943526259965438,0,0,0,0,0.0,,False,True,timeout,0.3,30.0,0.12,0.0075,0.03,0,full
ACT,41,6000083,metaworld,True,57,0.4077179449996038,0,0,0,0,0.0,,True,False,,0.3,30.0,0.12,0.0075,0.03,0,full
ACT,42,6000084,metaworld,True,56,0.31106729300154257,0,0,0,0,0.0,,True,False,,0.3,30.0,0.12,0.0075,0.03,0,full
ACT,43,6000085,metaworld,True,57,0.17140005200053565,0,0,0,0,0.0,,True,False,,0.3,30.0,0.12,0.0075,0.03,0,full
ACT,44,6000086,metaworld,True,53,0.1575878380026552,0,0,0,0,0.0,,True,False,,0.3,30.0,0.12,0.0075,0.03,0,full
ACT,45,6000087,metaworld,False,200,1.0598245979999774,0,0,0,0,0.0,,False,True,timeout,0.3,30.0,0.12,0.0075,0.03,0,full
ACT,46,6000088,metaworld,True,67,0.3060940120012674,0,0,0,0,0.0,,True,False,,0.3,30.0,0.12,0.0075,0.03,0,full
ACT,47,6000089,metaworld,False,200,0.954721055997652,0,0,0,0,0.0,,False,True,timeout,0.3,30.0,0.12,0.0075,0.03,0,full
ACT,48,6000090,metaworld,True,57,0.37086161700062803,0,0,0,0,0.0,,True,False,,0.3,30.0,0.12,0.0075,0.03,0,full
ACT,49,6000091,metaworld,True,54,0.2677041390015802,0,0,0,0,0.0,,True,False,,0.3,30.0,0.12,0.0075,0.03,0,full
ACT,50,6000092,metaworld,False,200,1.044226191999769,0,0,0,0,0.0,,False,True,object_dropped,0.3,30.0,0.12,0.0075,0.03,0,full
ACT,51,6000093,metaworld,True,56,0.1971423369977856,0,0,0,0,0.0,,True,False,,0.3,30.0,0.12,0.0075,0.03,0,full
ACT,52,6000094,metaworld,False,200,0.5941541610009153,0,0,0,0,0.0,,False,True,timeout,0.3,30.0,0.12,0.0075,0.03,0,full
ACT,53,6000095,metaworld,False,200,0.7479981329997827,0,0,0,0,0.0,,False,True,timeout,0.3,30.0,0.12,0.0075,0.03,0,full
ACT,54,6000096,metaworld,False,200,0.8239030000004277,0,0,0,0,0.0,,False,True,timeout,0.3,30.0,0.12,0.0075,0.03,0,full
ACT,55,6000097,metaworld,True,55,0.2774047460006841,0,0,0,0,0.0,,True,False,,0.3,30.0,0.12,0.0075,0.03,0,full
ACT,56,6000098,metaworld,True,48,0.1197529700002633,0,0,0,0,0.0,,True,False,,0.3,30.0,0.12,0.0075,0.03,0,full
ACT,57,6000099,metaworld,False,200,0.4727624189981725,0,0,0,0,0.0,,False,True,timeout,0.3,30.0,0.12,0.0075,0.03,0,full
ACT,58,6000100,metaworld,True,57,0.1371300449973205,0,0,0,0,0.0,,True,False,,0.3,30.0,0.12,0.0075,0.03,0,full
ACT,59,6000101,metaworld,False,200,0.4979949710032088,0,0,0,0,0.0,,False,True,timeout,0.3,30.0,0.12,0.0075,0.03,0,full
ACT,60,6000102,metaworld,True,48,0.11320560199965257,0,0,0,0,0.0,,True,False,,0.3,30.0,0.12,0.0075,0.03,0,full
ACT,61,6000103,metaworld,False,200,0.5284915320007713,0,0,0,0,0.0,,False,True,object_dropped,0.3,30.0,0.12,0.0075,0.03,0,full
ACT,62,6000104,metaworld,False,200,0.4846523870000965,0,0,0,0,0.0,,False,True,object_dropped,0.3,30.0,0.12,0.0075,0.03,0,full
ACT,63,6000105,metaworld,True,51,0.11453734400129179,0,0,0,0,0.0,,True,False,,0.3,30.0,0.12,0.0075,0.03,0,full
ACT,64,6000106,metaworld,True,54,0.14339847599694622,0,0,0,0,0.0,,True,False,,0.3,30.0,0.12,0.0075,0.03,0,full
ACT,65,6000107,metaworld,True,64,0.17087407400322263,0,0,0,0,0.0,,True,False,,0.3,30.0,0.12,0.0075,0.03,0,full
ACT,66,6000108,metaworld,False,200,0.5052793329996348,0,0,0,0,0.0,,False,True,timeout,0.3,30.0,0.12,0.0075,0.03,0,full
ACT,67,6000109,metaworld,True,54,0.12934273700011545,0,0,0,0,0.0,,True,False,,0.3,30.0,0.12,0.0075,0.03,0,full
ACT,68,6000110,metaworld,False,200,0.8731924439998693,0,0,0,0,0.0,,False,True,timeout,0.3,30.0,0.12,0.0075,0.03,0,full
ACT,69,6000111,metaworld,False,200,0.8564434299987624,0,0,0,0,0.0,,False,True,timeout,0.3,30.0,0.12,0.0075,0.03,0,full
ACT,70,6000112,metaworld,True,54,0.24032890999660594,0,0,0,0,0.0,,True,False,,0.3,30.0,0.12,0.0075,0.03,0,full
ACT,71,6000113,metaworld,True,54,0.1238163390007685,0,0,0,0,0.0,,True,False,,0.3,30.0,0.12,0.0075,0.03,0,full
ACT,72,6000114,metaworld,True,54,0.20887997699901462,0,0,0,0,0.0,,True,False,,0.3,30.0,0.12,0.0075,0.03,0,full
ACT,73,6000115,metaworld,False,200,0.8053578139988531,0,0,0,0,0.0,,False,True,timeout,0.3,30.0,0.12,0.0075,0.03,0,full
ACT,74,6000116,metaworld,False,200,0.7656988990020182,0,0,0,0,0.0,,False,True,timeout,0.3,30.0,0.12,0.0075,0.03,0,full
ACT,75,6000117,metaworld,True,57,0.17227148299934925,0,0,0,0,0.0,,True,False,,0.3,30.0,0.12,0.0075,0.03,0,full
ACT,76,6000118,metaworld,False,200,0.6989219870010857,0,0,0,0,0.0,,False,True,timeout,0.3,30.0,0.12,0.0075,0.03,0,full
ACT,77,6000119,metaworld,False,200,0.4699522189985146,0,0,0,0,0.0,,False,True,object_dropped,0.3,30.0,0.12,0.0075,0.03,0,full
ACT,78,6000120,metaworld,False,200,0.6020182529973681,0,0,0,0,0.0,,False,True,timeout,0.3,30.0,0.12,0.0075,0.03,0,full
ACT,79,6000121,metaworld,True,60,0.3153630359993258,0,0,0,0,0.0,,True,False,,0.3,30.0,0.12,0.0075,0.03,0,full
ACT,80,6000122,metaworld,False,200,0.745276368001214,0,0,0,0,0.0,,False,True,timeout,0.3,30.0,0.12,0.0075,0.03,0,full
ACT,81,6000123,metaworld,False,200,0.9206460329987749,0,0,0,0,0.0,,False,True,timeout,0.3,30.0,0.12,0.0075,0.03,0,full
ACT,82,6000124,metaworld,True,56,0.30625354099902324,0,0,0,0,0.0,,True,False,,0.3,30.0,0.12,0.0075,0.03,0,full
ACT,83,6000125,metaworld,False,200,0.6588548309991893,0,0,0,0,0.0,,False,True,object_dropped,0.3,30.0,0.12,0.0075,0.03,0,full
ACT,84,6000126,metaworld,False,200,0.9880165009999473,0,0,0,0,0.0,,False,True,timeout,0.3,30.0,0.12,0.0075,0.03,0,full
ACT,85,6000127,metaworld,False,200,0.7381052279997675,0,0,0,0,0.0,,False,True,timeout,0.3,30.0,0.12,0.0075,0.03,0,full
ACT,86,6000128,metaworld,True,63,0.17712660300094285,0,0,0,0,0.0,,True,False,,0.3,30.0,0.12,0.0075,0.03,0,full
ACT,87,6000129,metaworld,False,200,0.5512034650018904,0,0,0,0,0.0,,False,True,timeout,0.3,30.0,0.12,0.0075,0.03,0,full
ACT,88,6000130,metaworld,False,200,0.599094912999135,0,0,0,0,0.0,,False,True,timeout,0.3,30.0,0.12,0.0075,0.03,0,full
ACT,89,6000131,metaworld,False,200,0.7448439779982436,0,0,0,0,0.0,,False,True,timeout,0.3,30.0,0.12,0.0075,0.03,0,full
ACT,90,6000132,metaworld,True,50,0.25962438600254245,0,0,0,0,0.0,,True,False,,0.3,30.0,0.12,0.0075,0.03,0,full
ACT,91,6000133,metaworld,False,200,0.7104454789987358,0,0,0,0,0.0,,False,True,timeout,0.3,30.0,0.12,0.0075,0.03,0,full
ACT,92,6000134,metaworld,False,200,1.1823342079987924,0,0,0,0,0.0,,False,True,timeout,0.3,30.0,0.12,0.0075,0.03,0,full
ACT,93,6000135,metaworld,True,53,0.6776777699997183,0,0,0,0,0.0,,True,False,,0.3,30.0,0.12,0.0075,0.03,0,full
ACT,94,6000136,metaworld,True,53,0.3717415329992946,0,0,0,0,0.0,,True,False,,0.3,30.0,0.12,0.0075,0.03,0,full
ACT,95,6000137,metaworld,False,200,1.3211393780002254,0,0,0,0,0.0,,False,True,timeout,0.3,30.0,0.12,0.0075,0.03,0,full
ACT,96,6000138,metaworld,False,200,0.9245246350001253,0,0,0,0,0.0,,False,True,object_dropped,0.3,30.0,0.12,0.0075,0.03,0,full
ACT,97,6000139,metaworld,False,200,1.4683559749973938,0,0,0,0,0.0,,False,True,timeout,0.3,30.0,0.12,0.0075,0.03,0,full
ACT,98,6000140,metaworld,False,200,0.978220646000409,0,0,0,0,0.0,,False,True,timeout,0.3,30.0,0.12,0.0075,0.03,0,full
ACT,99,6000141,metaworld,False,200,0.9676706370009924,0,0,0,0,0.0,,False,True,timeout,0.3,30.0,0.12,0.0075,0.03,0,full
ACT,100,6000142,metaworld,True,55,0.2470210749997932,0,0,0,0,0.0,,True,False,,0.3,30.0,0.12,0.0075,0.03,0,full
ACT,101,6000143,metaworld,True,53,0.46230209399800515,0,0,0,0,0.0,,True,False,,0.3,30.0,0.12,0.0075,0.03,0,full
ACT,102,6000144,metaworld,False,200,1.1394326649970026,0,0,0,0,0.0,,False,True,timeout,0.3,30.0,0.12,0.0075,0.03,0,full
ACT,103,6000145,metaworld,False,200,0.8803524340000877,0,0,0,0,0.0,,False,True,timeout,0.3,30.0,0.12,0.0075,0.03,0,full
ACT,104,6000146,metaworld,True,53,0.2843867900010082,0,0,0,0,0.0,,True,False,,0.3,30.0,0.12,0.0075,0.03,0,full
ACT,105,6000147,metaworld,False,200,1.2153057939976861,0,0,0,0,0.0,,False,True,timeout,0.3,30.0,0.12,0.0075,0.03,0,full
ACT,106,6000148,metaworld,False,200,0.553607028999977,0,0,0,0,0.0,,False,True,timeout,0.3,30.0,0.12,0.0075,0.03,0,full
ACT,107,6000149,metaworld,False,200,1.7832892480000737,0,0,0,0,0.0,,False,True,timeout,0.3,30.0,0.12,0.0075,0.03,0,full
ACT,108,6000150,metaworld,True,50,0.43102711200117483,0,0,0,0,0.0,,True,False,,0.3,30.0,0.12,0.0075,0.03,0,full
ACT,109,6000151,metaworld,False,200,1.0315598619999946,0,0,0,0,0.0,,False,True,timeout,0.3,30.0,0.12,0.0075,0.03,0,full
ACT,110,6000152,metaworld,False,200,0.8311153800023021,0,0,0,0,0.0,,False,True,timeout,0.3,30.0,0.12,0.0075,0.03,0,full
ACT,111,6000153,metaworld,True,51,0.157504106999113,0,0,0,0,0.0,,True,False,,0.3,30.0,0.12,0.0075,0.03,0,full
ACT,112,6000154,metaworld,False,200,0.8176829049989465,0,0,0,0,0.0,,False,True,timeout,0.3,30.0,0.12,0.0075,0.03,0,full
ACT,113,6000155,metaworld,False,200,0.8229318150006293,0,0,0,0,0.0,,False,True,timeout,0.3,30.0,0.12,0.0075,0.03,0,full
ACT,114,6000156,metaworld,True,59,0.33524201899854233,0,0,0,0,0.0,,True,False,,0.3,30.0,0.12,0.0075,0.03,0,full
ACT,115,6000157,metaworld,False,200,1.193808572999842,0,0,0,0,0.0,,False,True,timeout,0.3,30.0,0.12,0.0075,0.03,0,full
ACT,116,6000158,metaworld,False,200,1.2751925950033183,0,0,0,0,0.0,,False,True,timeout,0.3,30.0,0.12,0.0075,0.03,0,full
ACT,117,6000159,metaworld,False,200,0.906873275001999,0,0,0,0,0.0,,False,True,timeout,0.3,30.0,0.12,0.0075,0.03,0,full
ACT,118,6000160,metaworld,False,200,0.9278523760003736,0,0,0,0,0.0,,False,True,object_dropped,0.3,30.0,0.12,0.0075,0.03,0,full
ACT,119,6000161,metaworld,True,60,0.5328912930017395,0,0,0,0,0.0,,True,False,,0.3,30.0,0.12,0.0075,0.03,0,full
ACT,120,6000162,metaworld,False,200,0.8397926280013053,0,0,0,0,0.0,,False,True,object_dropped,0.3,30.0,0.12,0.0075,0.03,0,full
ACT,121,6000163,metaworld,True,65,0.19491813900094712,0,0,0,0,0.0,,True,False,,0.3,30.0,0.12,0.0075,0.03,0,full
ACT,122,6000164,metaworld,True,52,0.16615899899989017,0,0,0,0,0.0,,True,False,,0.3,30.0,0.12,0.0075,0.03,0,full
ACT,123,6000165,metaworld,False,200,0.5883852829974785,0,0,0,0,0.0,,False,True,timeout,0.3,30.0,0.12,0.0075,0.03,0,full
ACT,124,6000166,metaworld,False,200,0.7296784239988483,0,0,0,0,0.0,,False,True,object_dropped,0.3,30.0,0.12,0.0075,0.03,0,full
ACT,125,6000167,metaworld,False,200,1.4746683179982938,0,0,0,0,0.0,,False,True,object_dropped,0.3,30.0,0.12,0.0075,0.03,0,full
ACT,126,6000168,metaworld,False,200,1.4818693540000822,0,0,0,0,0.0,,False,True,timeout,0.3,30.0,0.12,0.0075,0.03,0,full
ACT,127,6000169,metaworld,True,61,0.4157913960007136,0,0,0,0,0.0,,True,False,,0.3,30.0,0.12,0.0075,0.03,0,full
ACT,128,6000170,metaworld,False,200,1.1830513829991105,0,0,0,0,0.0,,False,True,timeout,0.3,30.0,0.12,0.0075,0.03,0,full
ACT,129,6000171,metaworld,False,200,0.6311938889994053,0,0,0,0,0.0,,False,True,timeout,0.3,30.0,0.12,0.0075,0.03,0,full
ACT,130,6000172,metaworld,True,55,0.1553749099984998,0,0,0,0,0.0,,True,False,,0.3,30.0,0.12,0.0075,0.03,0,full
ACT,131,6000173,metaworld,False,200,1.0298078539999551,0,0,0,0,0.0,,False,True,timeout,0.3,30.0,0.12,0.0075,0.03,0,full
ACT,132,6000174,metaworld,True,57,0.3944977020000806,0,0,0,0,0.0,,True,False,,0.3,30.0,0.12,0.0075,0.03,0,full
ACT,133,6000175,metaworld,True,58,0.30293849000008777,0,0,0,0,0.0,,True,False,,0.3,30.0,0.12,0.0075,0.03,0,full
ACT,134,6000176,metaworld,False,200,1.603954360998614,0,0,0,0,0.0,,False,True,timeout,0.3,30.0,0.12,0.0075,0.03,0,full
ACT,135,6000177,metaworld,False,200,0.9554941409987805,0,0,0,0,0.0,,False,True,timeout,0.3,30.0,0.12,0.0075,0.03,0,full
ACT,136,6000178,metaworld,False,200,1.6528621199977351,0,0,0,0,0.0,,False,True,timeout,0.3,30.0,0.12,0.0075,0.03,0,full
ACT,137,6000179,metaworld,False,200,0.8095475620029902,0,0,0,0,0.0,,False,True,object_dropped,0.3,30.0,0.12,0.0075,0.03,0,full
ACT,138,6000180,metaworld,False,200,1.2722536539986322,0,0,0,0,0.0,,False,True,object_dropped,0.3,30.0,0.12,0.0075,0.03,0,full
ACT,139,6000181,metaworld,False,200,0.5974026039984892,0,0,0,0,0.0,,False,True,timeout,0.3,30.0,0.12,0.0075,0.03,0,full
ACT,140,6000182,metaworld,False,200,0.9960260119987652,0,0,0,0,0.0,,False,True,timeout,0.3,30.0,0.12,0.0075,0.03,0,full
ACT,141,6000183,metaworld,False,200,1.2680601900028705,0,0,0,0,0.0,,False,True,timeout,0.3,30.0,0.12,0.0075,0.03,0,full
ACT,142,6000184,metaworld,False,200,1.4346616379989428,0,0,0,0,0.0,,False,True,timeout,0.3,30.0,0.12,0.0075,0.03,0,full
ACT,143,6000185,metaworld,True,53,0.2830870590005361,0,0,0,0,0.0,,True,False,,0.3,30.0,0.12,0.0075,0.03,0,full
ACT,144,6000186,metaworld,False,200,0.9933210359995428,0,0,0,0,0.0,,False,True,object_dropped,0.3,30.0,0.12,0.0075,0.03,0,full
ACT,145,6000187,metaworld,True,52,0.4099580779984535,0,0,0,0,0.0,,True,False,,0.3,30.0,0.12,0.0075,0.03,0,full
ACT,146,6000188,metaworld,True,60,0.33230951599762193,0,0,0,0,0.0,,True,False,,0.3,30.0,0.12,0.0075,0.03,0,full
ACT,147,6000189,metaworld,False,200,1.3539199469996674,0,0,0,0,0.0,,False,True,timeout,0.3,30.0,0.12,0.0075,0.03,0,full
ACT,148,6000190,metaworld,True,51,0.28436465699996916,0,0,0,0,0.0,,True,False,,0.3,30.0,0.12,0.0075,0.03,0,full
ACT,149,6000191,metaworld,False,200,1.0352409560000524,0,0,0,0,0.0,,False,True,object_dropped,0.3,30.0,0.12,0.0075,0.03,0,full
ACT,150,6000192,metaworld,False,200,0.5915889679999964,0,0,0,0,0.0,,False,True,timeout,0.3,30.0,0.12,0.0075,0.03,0,full
ACT,151,6000193,metaworld,False,200,0.8728120840023621,0,0,0,0,0.0,,False,True,timeout,0.3,30.0,0.12,0.0075,0.03,0,full
ACT,152,6000194,metaworld,True,55,0.25322883399712737,0,0,0,0,0.0,,True,False,,0.3,30.0,0.12,0.0075,0.03,0,full
ACT,153,6000195,metaworld,True,56,0.14817435900113196,0,0,0,0,0.0,,True,False,,0.3,30.0,0.12,0.0075,0.03,0,full
ACT,154,6000196,metaworld,False,200,1.0505019939992053,0,0,0,0,0.0,,False,True,timeout,0.3,30.0,0.12,0.0075,0.03,0,full
ACT,155,6000197,metaworld,False,200,0.6770646509976359,0,0,0,0,0.0,,False,True,timeout,0.3,30.0,0.12,0.0075,0.03,0,full
ACT,156,6000198,metaworld,True,55,0.16806986099982169,0,0,0,0,0.0,,True,False,,0.3,30.0,0.12,0.0075,0.03,0,full
ACT,157,6000199,metaworld,True,63,0.2445233040016319,0,0,0,0,0.0,,True,False,,0.3,30.0,0.12,0.0075,0.03,0,full
ACT,158,6000200,metaworld,True,58,0.17778502799774287,0,0,0,0,0.0,,True,False,,0.3,30.0,0.12,0.0075,0.03,0,full
ACT,159,6000201,metaworld,True,56,0.17754512300234637,0,0,0,0,0.0,,True,False,,0.3,30.0,0.12,0.0075,0.03,0,full
ACT,160,6000202,metaworld,True,52,0.15549254399957135,0,0,0,0,0.0,,True,False,,0.3,30.0,0.12,0.0075,0.03,0,full
ACT,161,6000203,metaworld,False,200,0.5921627479983727,0,0,0,0,0.0,,False,True,timeout,0.3,30.0,0.12,0.0075,0.03,0,full
ACT,162,6000204,metaworld,False,200,0.7845152200025041,0,0,0,0,0.0,,False,True,timeout,0.3,30.0,0.12,0.0075,0.03,0,full
ACT,163,6000205,metaworld,False,200,1.1913553619997401,0,0,0,0,0.0,,False,True,timeout,0.3,30.0,0.12,0.0075,0.03,0,full
ACT,164,6000206,metaworld,True,50,0.3982889270009764,0,0,0,0,0.0,,True,False,,0.3,30.0,0.12,0.0075,0.03,0,full
ACT,165,6000207,metaworld,False,200,1.1709954299985839,0,0,0,0,0.0,,False,True,object_dropped,0.3,30.0,0.12,0.0075,0.03,0,full
ACT,166,6000208,metaworld,False,200,0.5874323319985706,0,0,0,0,0.0,,False,True,timeout,0.3,30.0,0.12,0.0075,0.03,0,full
ACT,167,6000209,metaworld,True,54,0.25987239700043574,0,0,0,0,0.0,,True,False,,0.3,30.0,0.12,0.0075,0.03,0,full
ACT,168,6000210,metaworld,True,54,0.2129324679990532,0,0,0,0,0.0,,True,False,,0.3,30.0,0.12,0.0075,0.03,0,full
ACT,169,6000211,metaworld,False,200,1.132599245000165,0,0,0,0,0.0,,False,True,timeout,0.3,30.0,0.12,0.0075,0.03,0,full
ACT,170,6000212,metaworld,False,200,1.2338561699980346,0,0,0,0,0.0,,False,True,timeout,0.3,30.0,0.12,0.0075,0.03,0,full
ACT,171,6000213,metaworld,False,200,1.0743917589970806,0,0,0,0,0.0,,False,True,timeout,0.3,30.0,0.12,0.0075,0.03,0,full
ACT,172,6000214,metaworld,False,200,0.7133855120009684,0,0,0,0,0.0,,False,True,timeout,0.3,30.0,0.12,0.0075,0.03,0,full
ACT,173,6000215,metaworld,False,200,0.6060492409997096,0,0,0,0,0.0,,False,True,timeout,0.3,30.0,0.12,0.0075,0.03,0,full
ACT,174,6000216,metaworld,False,200,0.6518745359971945,0,0,0,0,0.0,,False,True,timeout,0.3,30.0,0.12,0.0075,0.03,0,full
ACT,175,6000217,metaworld,False,200,0.7371417759968608,0,0,0,0,0.0,,False,True,timeout,0.3,30.0,0.12,0.0075,0.03,0,full
ACT,176,6000218,metaworld,False,200,0.8610777229987434,0,0,0,0,0.0,,False,True,timeout,0.3,30.0,0.12,0.0075,0.03,0,full
ACT,177,6000219,metaworld,False,200,0.6543251799994323,0,0,0,0,0.0,,False,True,timeout,0.3,30.0,0.12,0.0075,0.03,0,full
ACT,178,6000220,metaworld,False,200,0.787233388000459,0,0,0,0,0.0,,False,True,timeout,0.3,30.0,0.12,0.0075,0.03,0,full
ACT,179,6000221,metaworld,False,200,1.0752749240018602,0,0,0,0,0.0,,False,True,timeout,0.3,30.0,0.12,0.0075,0.03,0,full
ACT,180,6000222,metaworld,False,200,1.0791200960011338,0,0,0,0,0.0,,False,True,timeout,0.3,30.0,0.12,0.0075,0.03,0,full
ACT,181,6000223,metaworld,True,52,0.4423868340018089,0,0,0,0,0.0,,True,False,,0.3,30.0,0.12,0.0075,0.03,0,full
ACT,182,6000224,metaworld,True,61,0.3962706420024915,0,0,0,0,0.0,,True,False,,0.3,30.0,0.12,0.0075,0.03,0,full
ACT,183,6000225,metaworld,True,50,0.2802601009971113,0,0,0,0,0.0,,True,False,,0.3,30.0,0.12,0.0075,0.03,0,full
ACT,184,6000226,metaworld,False,200,0.6579669359998661,0,0,0,0,0.0,,False,True,timeout,0.3,30.0,0.12,0.0075,0.03,0,full
ACT,185,6000227,metaworld,False,200,0.9011971689978964,0,0,0,0,0.0,,False,True,timeout,0.3,30.0,0.12,0.0075,0.03,0,full
ACT,186,6000228,metaworld,True,59,0.1774697250002646,0,0,0,0,0.0,,True,False,,0.3,30.0,0.12,0.0075,0.03,0,full
ACT,187,6000229,metaworld,False,200,0.8059981080004945,0,0,0,0,0.0,,False,True,timeout,0.3,30.0,0.12,0.0075,0.03,0,full
ACT,188,6000230,metaworld,False,200,0.6190831060011988,0,0,0,0,0.0,,False,True,object_dropped,0.3,30.0,0.12,0.0075,0.03,0,full
ACT,189,6000231,metaworld,False,200,1.157578858998022,0,0,0,0,0.0,,False,True,timeout,0.3,30.0,0.12,0.0075,0.03,0,full
ACT,190,6000232,metaworld,False,200,0.9162926199969661,0,0,0,0,0.0,,False,True,timeout,0.3,30.0,0.12,0.0075,0.03,0,full
ACT,191,6000233,metaworld,True,53,0.1975929879990872,0,0,0,0,0.0,,True,False,,0.3,30.0,0.12,0.0075,0.03,0,full
ACT,192,6000234,metaworld,True,58,0.33586913799808826,0,0,0,0,0.0,,True,False,,0.3,30.0,0.12,0.0075,0.03,0,full
ACT,193,6000235,metaworld,False,200,1.0604007450019708,0,0,0,0,0.0,,False,True,timeout,0.3,30.0,0.12,0.0075,0.03,0,full
ACT,194,6000236,metaworld,True,64,0.21823659800065798,0,0,0,0,0.0,,True,False,,0.3,30.0,0.12,0.0075,0.03,0,full
ACT,195,6000237,metaworld,True,54,0.14461565099918516,0,0,0,0,0.0,,True,False,,0.3,30.0,0.12,0.0075,0.03,0,full
ACT,196,6000238,metaworld,False,200,0.817416134999803,0,0,0,0,0.0,,False,True,timeout,0.3,30.0,0.12,0.0075,0.03,0,full
ACT,197,6000239,metaworld,True,59,0.26372391000040807,0,0,0,0,0.0,,True,False,,0.3,30.0,0.12,0.0075,0.03,0,full
ACT,198,6000240,metaworld,False,200,0.9732992669996747,0,0,0,0,0.0,,False,True,timeout,0.3,30.0,0.12,0.0075,0.03,0,full
ACT,199,6000241,metaworld,True,59,0.42467262399804895,0,0,0,0,0.0,,True,False,,0.3,30.0,0.12,0.0075,0.03,0,full
REIM (ACT + Detector + Recovery),0,6000042,metaworld,True,51,0.5920723320014076,1,1,1,35,0.20252373814582825,task_success_while_recovery_active_per_intervention,True,False,,0.3,30.0,0.12,0.0075,0.03,0,full
REIM (ACT + Detector + Recovery),1,6000043,metaworld,False,200,1.337031126000511,1,0,1,110,0.9984857439994812,task_success_while_recovery_active_per_intervention,False,True,timeout,0.3,30.0,0.12,0.0075,0.03,0,full
REIM (ACT + Detector + Recovery),2,6000044,metaworld,True,65,0.4467903959994146,1,1,1,33,0.2815273106098175,task_success_while_recovery_active_per_intervention,True,False,,0.3,30.0,0.12,0.0075,0.03,0,full
REIM (ACT + Detector + Recovery),3,6000045,metaworld,True,56,0.29477290700015146,0,0,0,0,0.1626092493534088,task_success_while_recovery_active_per_intervention,True,False,,0.3,30.0,0.12,0.0075,0.03,0,full
REIM (ACT + Detector + Recovery),4,6000046,metaworld,True,53,0.420974467000633,1,1,1,41,0.2872525155544281,task_success_while_recovery_active_per_intervention,True,False,,0.3,30.0,0.12,0.0075,0.03,0,full
REIM (ACT + Detector + Recovery),5,6000047,metaworld,True,56,0.6845381890016142,1,1,1,37,0.22812145948410034,task_success_while_recovery_active_per_intervention,True,False,,0.3,30.0,0.12,0.0075,0.03,0,full
REIM (ACT + Detector + Recovery),6,6000048,metaworld,False,200,1.4174228059964662,1,0,1,149,0.954379141330719,task_success_while_recovery_active_per_intervention,False,True,timeout,0.3,30.0,0.12,0.0075,0.03,0,full
REIM (ACT + Detector + Recovery),7,6000049,metaworld,True,54,0.4532832109980518,1,1,1,39,0.3067325949668884,task_success_while_recovery_active_per_intervention,True,False,,0.3,30.0,0.12,0.0075,0.03,0,full
REIM (ACT + Detector + Recovery),8,6000050,metaworld,False,200,1.4086128500021005,1,0,1,146,0.808659017086029,task_success_while_recovery_active_per_intervention,False,True,timeout,0.3,30.0,0.12,0.0075,0.03,0,full
REIM (ACT + Detector + Recovery),9,6000051,metaworld,False,200,1.4805638879988692,1,0,1,150,0.9958534240722656,task_success_while_recovery_active_per_intervention,False,True,timeout,0.3,30.0,0.12,0.0075,0.03,0,full
REIM (ACT + Detector + Recovery),10,6000052,metaworld,True,50,0.43342573400150286,1,1,1,33,0.22799135744571686,task_success_while_recovery_active_per_intervention,True,False,,0.3,30.0,0.12,0.0075,0.03,0,full
REIM (ACT + Detector + Recovery),11,6000053,metaworld,False,200,1.7659536769970146,1,0,1,137,0.9465367197990417,task_success_while_recovery_active_per_intervention,False,True,timeout,0.3,30.0,0.12,0.0075,0.03,0,full
REIM (ACT + Detector + Recovery),12,6000054,metaworld,False,200,1.2863573530012218,1,0,1,150,0.9880349040031433,task_success_while_recovery_active_per_intervention,False,True,timeout,0.3,30.0,0.12,0.0075,0.03,0,full
REIM (ACT + Detector + Recovery),13,6000055,metaworld,False,200,1.4416636650021246,1,0,1,150,0.9946016073226929,task_success_while_recovery_active_per_intervention,False,True,object_dropped,0.3,30.0,0.12,0.0075,0.03,0,full
REIM (ACT + Detector + Recovery),14,6000056,metaworld,True,60,0.45234795000214945,0,0,0,0,0.19996868073940277,task_success_while_recovery_active_per_intervention,True,False,,0.3,30.0,0.12,0.0075,0.03,0,full
REIM (ACT + Detector + Recovery),15,6000057,metaworld,True,46,0.6765104309997696,1,1,1,39,0.5546819567680359,task_success_while_recovery_active_per_intervention,True,False,,0.3,30.0,0.12,0.0075,0.03,0,full
REIM (ACT + Detector + Recovery),16,6000058,metaworld,True,54,0.7621119559989893,1,1,1,36,0.24882951378822327,task_success_while_recovery_active_per_intervention,True,False,,0.3,30.0,0.12,0.0075,0.03,0,full
REIM (ACT + Detector + Recovery),17,6000059,metaworld,True,61,0.4246870829992986,1,1,1,47,0.28593143820762634,task_success_while_recovery_active_per_intervention,True,False,,0.3,30.0,0.12,0.0075,0.03,0,full
REIM (ACT + Detector + Recovery),18,6000060,metaworld,True,44,0.22863981899718056,1,1,1,30,0.36460745334625244,task_success_while_recovery_active_per_intervention,True,False,,0.3,30.0,0.12,0.0075,0.03,0,full
REIM (ACT + Detector + Recovery),19,6000061,metaworld,False,200,2.1064260940001986,1,0,1,150,0.9982520937919617,task_success_while_recovery_active_per_intervention,False,True,timeout,0.3,30.0,0.12,0.0075,0.03,0,full
REIM (ACT + Detector + Recovery),20,6000062,metaworld,True,55,0.5201022510009352,1,1,1,34,0.21576723456382751,task_success_while_recovery_active_per_intervention,True,False,,0.3,30.0,0.12,0.0075,0.03,0,full
REIM (ACT + Detector + Recovery),21,6000063,metaworld,True,54,0.3703473080022377,1,1,1,35,0.2598336637020111,task_success_while_recovery_active_per_intervention,True,False,,0.3,30.0,0.12,0.0075,0.03,0,full
REIM (ACT + Detector + Recovery),22,6000064,metaworld,True,54,0.38667593200079864,0,0,0,0,0.16456294059753418,task_success_while_recovery_active_per_intervention,True,False,,0.3,30.0,0.12,0.0075,0.03,0,full
REIM (ACT + Detector + Recovery),23,6000065,metaworld,True,51,0.40054137800325407,1,1,1,38,0.31496331095695496,task_success_while_recovery_active_per_intervention,True,False,,0.3,30.0,0.12,0.0075,0.03,0,full
REIM (ACT + Detector + Recovery),24,6000066,metaworld,False,200,1.9669951459982258,1,0,1,149,0.9996547698974609,task_success_while_recovery_active_per_intervention,False,True,object_dropped,0.3,30.0,0.12,0.0075,0.03,0,full
REIM (ACT + Detector + Recovery),25,6000067,metaworld,True,57,0.4057792130006419,0,0,0,0,0.18209721148014069,task_success_while_recovery_active_per_intervention,True,False,,0.3,30.0,0.12,0.0075,0.03,0,full
REIM (ACT + Detector + Recovery),26,6000068,metaworld,True,56,0.5867383479999262,1,1,1,37,0.39794090390205383,task_success_while_recovery_active_per_intervention,True,False,,0.3,30.0,0.12,0.0075,0.03,0,full
REIM (ACT + Detector + Recovery),27,6000069,metaworld,False,200,1.4805732610002451,1,0,1,150,0.9972084164619446,task_success_while_recovery_active_per_intervention,False,True,timeout,0.3,30.0,0.12,0.0075,0.03,0,full
REIM (ACT + Detector + Recovery),28,6000070,metaworld,False,200,1.4375477350004076,1,0,1,143,0.9968846440315247,task_success_while_recovery_active_per_intervention,False,True,timeout,0.3,30.0,0.12,0.0075,0.03,0,full
REIM (ACT + Detector + Recovery),29,6000071,metaworld,False,200,1.2471653169995989,1,0,1,150,0.9748827815055847,task_success_while_recovery_active_per_intervention,False,True,object_dropped,0.3,30.0,0.12,0.0075,0.03,0,full
REIM (ACT + Detector + Recovery),30,6000072,metaworld,False,200,1.3399608450017695,1,0,1,150,0.9926818013191223,task_success_while_recovery_active_per_intervention,False,True,timeout,0.3,30.0,0.12,0.0075,0.03,0,full
REIM (ACT + Detector + Recovery),31,6000073,metaworld,False,200,1.355956283998239,1,0,1,150,0.8159381747245789,task_success_while_recovery_active_per_intervention,False,True,timeout,0.3,30.0,0.12,0.0075,0.03,0,full
REIM (ACT + Detector + Recovery),32,6000074,metaworld,True,46,0.1991616650011565,1,1,1,35,0.28064656257629395,task_success_while_recovery_active_per_intervention,True,False,,0.3,30.0,0.12,0.0075,0.03,0,full
REIM (ACT + Detector + Recovery),33,6000075,metaworld,True,52,0.29330673799995566,1,1,1,42,0.3603459298610687,task_success_while_recovery_active_per_intervention,True,False,,0.3,30.0,0.12,0.0075,0.03,0,full
REIM (ACT + Detector + Recovery),34,6000076,metaworld,True,55,0.6207139959988126,1,1,1,43,0.37174174189567566,task_success_while_recovery_active_per_intervention,True,False,,0.3,30.0,0.12,0.0075,0.03,0,full
REIM (ACT + Detector + Recovery),35,6000077,metaworld,True,55,0.568401044998609,1,1,1,40,0.3258644640445709,task_success_while_recovery_active_per_intervention,True,False,,0.3,30.0,0.12,0.0075,0.03,0,full
REIM (ACT + Detector + Recovery),36,6000078,metaworld,False,200,1.2107931200007442,1,0,1,150,0.9752534031867981,task_success_while_recovery_active_per_intervention,False,True,timeout,0.3,30.0,0.12,0.0075,0.03,0,full
REIM (ACT + Detector + Recovery),37,6000079,metaworld,True,54,0.36918074500135845,1,1,1,34,0.3204379379749298,task_success_while_recovery_active_per_intervention,True,False,,0.3,30.0,0.12,0.0075,0.03,0,full
REIM (ACT + Detector + Recovery),38,6000080,metaworld,True,48,0.2668903630001296,1,1,1,29,0.24343645572662354,task_success_while_recovery_active_per_intervention,True,False,,0.3,30.0,0.12,0.0075,0.03,0,full
REIM (ACT + Detector + Recovery),39,6000081,metaworld,False,200,0.9418658590002451,1,0,1,150,0.94642174243927,task_success_while_recovery_active_per_intervention,False,True,object_dropped,0.3,30.0,0.12,0.0075,0.03,0,full
REIM (ACT + Detector + Recovery),40,6000082,metaworld,False,200,1.0390773360013554,1,0,1,150,0.9674344062805176,task_success_while_recovery_active_per_intervention,False,True,timeout,0.3,30.0,0.12,0.0075,0.03,0,full
REIM (ACT + Detector + Recovery),41,6000083,metaworld,True,56,0.19716346399945905,1,1,1,38,0.3861943483352661,task_success_while_recovery_active_per_intervention,True,False,,0.3,30.0,0.12,0.0075,0.03,0,full
REIM (ACT + Detector + Recovery),42,6000084,metaworld,True,54,0.18585390499720233,1,1,1,26,0.2983627915382385,task_success_while_recovery_active_per_intervention,True,False,,0.3,30.0,0.12,0.0075,0.03,0,full
REIM (ACT + Detector + Recovery),43,6000085,metaworld,True,57,0.20115137900211266,0,0,0,0,0.19409111142158508,task_success_while_recovery_active_per_intervention,True,False,,0.3,30.0,0.12,0.0075,0.03,0,full
REIM (ACT + Detector + Recovery),44,6000086,metaworld,True,53,0.18027634600002784,1,1,1,32,0.29456937313079834,task_success_while_recovery_active_per_intervention,True,False,,0.3,30.0,0.12,0.0075,0.03,0,full
REIM (ACT + Detector + Recovery),45,6000087,metaworld,True,54,0.18289664600160904,1,1,1,40,0.2092166393995285,task_success_while_recovery_active_per_intervention,True,False,,0.3,30.0,0.12,0.0075,0.03,0,full
REIM (ACT + Detector + Recovery),46,6000088,metaworld,True,66,0.22808097700180952,1,1,1,54,0.42281490564346313,task_success_while_recovery_active_per_intervention,True,False,,0.3,30.0,0.12,0.0075,0.03,0,full
REIM (ACT + Detector + Recovery),47,6000089,metaworld,False,200,0.7038320200008457,1,0,1,150,0.9719404578208923,task_success_while_recovery_active_per_intervention,False,True,timeout,0.3,30.0,0.12,0.0075,0.03,0,full
REIM (ACT + Detector + Recovery),48,6000090,metaworld,True,53,0.19294885499766679,1,1,1,43,0.4182209074497223,task_success_while_recovery_active_per_intervention,True,False,,0.3,30.0,0.12,0.0075,0.03,0,full
REIM (ACT + Detector + Recovery),49,6000091,metaworld,True,53,0.1916942609968828,1,1,1,25,0.2144332081079483,task_success_while_recovery_active_per_intervention,True,False,,0.3,30.0,0.12,0.0075,0.03,0,full
REIM (ACT + Detector + Recovery),50,6000092,metaworld,False,200,0.6860345439999946,1,0,1,149,0.8499652743339539,task_success_while_recovery_active_per_intervention,False,True,object_dropped,0.3,30.0,0.12,0.0075,0.03,0,full
REIM (ACT + Detector + Recovery),51,6000093,metaworld,True,60,0.20273180400181445,1,1,1,41,0.2321343719959259,task_success_while_recovery_active_per_intervention,True,False,,0.3,30.0,0.12,0.0075,0.03,0,full
REIM (ACT + Detector + Recovery),52,6000094,metaworld,True,51,0.17043269699934172,1,1,1,41,0.39726853370666504,task_success_while_recovery_active_per_intervention,True,False,,0.3,30.0,0.12,0.0075,0.03,0,full
REIM (ACT + Detector + Recovery),53,6000095,metaworld,False,200,0.7795562760002213,1,0,1,150,0.9939436316490173,task_success_while_recovery_active_per_intervention,False,True,timeout,0.3,30.0,0.12,0.0075,0.03,0,full
REIM (ACT + Detector + Recovery),54,6000096,metaworld,False,200,1.0045901029989182,1,0,1,150,0.9995030164718628,task_success_while_recovery_active_per_intervention,False,True,timeout,0.3,30.0,0.12,0.0075,0.03,0,full
REIM (ACT + Detector + Recovery),55,6000097,metaworld,True,52,0.24176324699874385,1,1,1,44,0.43394458293914795,task_success_while_recovery_active_per_intervention,True,False,,0.3,30.0,0.12,0.0075,0.03,0,full
REIM (ACT + Detector + Recovery),56,6000098,metaworld,True,48,0.18123632300194004,0,0,0,0,0.19392375648021698,task_success_while_recovery_active_per_intervention,True,False,,0.3,30.0,0.12,0.0075,0.03,0,full
REIM (ACT + Detector + Recovery),57,6000099,metaworld,True,52,0.250744836001104,1,1,1,43,0.43831485509872437,task_success_while_recovery_active_per_intervention,True,False,,0.3,30.0,0.12,0.0075,0.03,0,full
REIM (ACT + Detector + Recovery),58,6000100,metaworld,True,52,0.24418911099928664,1,1,1,34,0.21283917129039764,task_success_while_recovery_active_per_intervention,True,False,,0.3,30.0,0.12,0.0075,0.03,0,full
REIM (ACT + Detector + Recovery),59,6000101,metaworld,False,200,0.9375902430001588,1,0,1,150,0.9987744688987732,task_success_while_recovery_active_per_intervention,False,True,timeout,0.3,30.0,0.12,0.0075,0.03,0,full
REIM (ACT + Detector + Recovery),60,6000102,metaworld,True,44,0.19917762199838762,1,1,1,34,0.25662654638290405,task_success_while_recovery_active_per_intervention,True,False,,0.3,30.0,0.12,0.0075,0.03,0,full
REIM (ACT + Detector + Recovery),61,6000103,metaworld,True,49,0.1844938350004668,1,1,1,28,0.22983117401599884,task_success_while_recovery_active_per_intervention,True,False,,0.3,30.0,0.12,0.0075,0.03,0,full
REIM (ACT + Detector + Recovery),62,6000104,metaworld,False,200,0.7210095299997192,1,0,1,134,0.9972807168960571,task_success_while_recovery_active_per_intervention,False,True,object_dropped,0.3,30.0,0.12,0.0075,0.03,0,full
REIM (ACT + Detector + Recovery),63,6000105,metaworld,True,51,0.17864556999847991,0,0,0,0,0.18593117594718933,task_success_while_recovery_active_per_intervention,True,False,,0.3,30.0,0.12,0.0075,0.03,0,full
REIM (ACT + Detector + Recovery),64,6000106,metaworld,True,54,0.18725282900049933,0,0,0,0,0.09832923859357834,task_success_while_recovery_active_per_intervention,True,False,,0.3,30.0,0.12,0.0075,0.03,0,full
REIM (ACT + Detector + Recovery),65,6000107,metaworld,True,69,0.3236485570014338,1,1,1,48,0.23093263804912567,task_success_while_recovery_active_per_intervention,True,False,,0.3,30.0,0.12,0.0075,0.03,0,full
REIM (ACT + Detector + Recovery),66,6000108,metaworld,False,200,0.9327166219991341,1,0,1,150,0.9028554558753967,task_success_while_recovery_active_per_intervention,False,True,timeout,0.3,30.0,0.12,0.0075,0.03,0,full
REIM (ACT + Detector + Recovery),67,6000109,metaworld,True,54,0.2263758820008661,0,0,0,0,0.14189346134662628,task_success_while_recovery_active_per_intervention,True,False,,0.3,30.0,0.12,0.0075,0.03,0,full
REIM (ACT + Detector + Recovery),68,6000110,metaworld,False,200,1.0003414000020712,1,0,1,150,0.9965611100196838,task_success_while_recovery_active_per_intervention,False,True,timeout,0.3,30.0,0.12,0.0075,0.03,0,full
REIM (ACT + Detector + Recovery),69,6000111,metaworld,True,58,0.37096171799930744,1,1,1,41,0.26060542464256287,task_success_while_recovery_active_per_intervention,True,False,,0.3,30.0,0.12,0.0075,0.03,0,full
REIM (ACT + Detector + Recovery),70,6000112,metaworld,True,53,0.19447372299691779,1,1,1,41,0.2202688753604889,task_success_while_recovery_active_per_intervention,True,False,,0.3,30.0,0.12,0.0075,0.03,0,full
REIM (ACT + Detector + Recovery),71,6000113,metaworld,True,54,0.25499399399996037,1,1,1,40,0.2685459554195404,task_success_while_recovery_active_per_intervention,True,False,,0.3,30.0,0.12,0.0075,0.03,0,full
REIM (ACT + Detector + Recovery),72,6000114,metaworld,True,45,0.16101222799989046,1,1,1,38,0.5590047240257263,task_success_while_recovery_active_per_intervention,True,False,,0.3,30.0,0.12,0.0075,0.03,0,full
REIM (ACT + Detector + Recovery),73,6000115,metaworld,False,200,1.1545423550014675,1,0,1,150,0.9978746175765991,task_success_while_recovery_active_per_intervention,False,True,timeout,0.3,30.0,0.12,0.0075,0.03,0,full
REIM (ACT + Detector + Recovery),74,6000116,metaworld,False,200,0.7879055539997353,1,0,1,150,0.9977522492408752,task_success_while_recovery_active_per_intervention,False,True,timeout,0.3,30.0,0.12,0.0075,0.03,0,full
REIM (ACT + Detector + Recovery),75,6000117,metaworld,True,58,0.22617934700247133,1,1,1,35,0.20551976561546326,task_success_while_recovery_active_per_intervention,True,False,,0.3,30.0,0.12,0.0075,0.03,0,full
REIM (ACT + Detector + Recovery),76,6000118,metaworld,False,200,1.0622128350005369,1,0,1,150,0.9995610117912292,task_success_while_recovery_active_per_intervention,False,True,timeout,0.3,30.0,0.12,0.0075,0.03,0,full
REIM (ACT + Detector + Recovery),77,6000119,metaworld,True,62,0.5322001720014669,1,1,1,33,0.2457452416419983,task_success_while_recovery_active_per_intervention,True,False,,0.3,30.0,0.12,0.0075,0.03,0,full
REIM (ACT + Detector + Recovery),78,6000120,metaworld,False,200,1.9638755329979176,1,0,1,150,0.9965130686759949,task_success_while_recovery_active_per_intervention,False,True,object_dropped,0.3,30.0,0.12,0.0075,0.03,0,full
REIM (ACT + Detector + Recovery),79,6000121,metaworld,True,60,0.3330722929968033,0,0,0,0,0.15777966380119324,task_success_while_recovery_active_per_intervention,True,False,,0.3,30.0,0.12,0.0075,0.03,0,full
REIM (ACT + Detector + Recovery),80,6000122,metaworld,True,113,1.0433953710016795,1,1,1,66,0.8904082179069519,task_success_while_recovery_active_per_intervention,True,False,,0.3,30.0,0.12,0.0075,0.03,0,full
REIM (ACT + Detector + Recovery),81,6000123,metaworld,False,200,2.086089565000293,1,0,1,150,0.9968889355659485,task_success_while_recovery_active_per_intervention,False,True,timeout,0.3,30.0,0.12,0.0075,0.03,0,full
REIM (ACT + Detector + Recovery),82,6000124,metaworld,True,53,0.4421851389997755,1,1,1,35,0.4051770865917206,task_success_while_recovery_active_per_intervention,True,False,,0.3,30.0,0.12,0.0075,0.03,0,full
REIM (ACT + Detector + Recovery),83,6000125,metaworld,True,47,0.5704803350017755,1,1,1,39,0.36029502749443054,task_success_while_recovery_active_per_intervention,True,False,,0.3,30.0,0.12,0.0075,0.03,0,full
REIM (ACT + Detector + Recovery),84,6000126,metaworld,True,122,1.1364559370013012,1,1,1,100,0.9148787260055542,task_success_while_recovery_active_per_intervention,True,False,,0.3,30.0,0.12,0.0075,0.03,0,full
REIM (ACT + Detector + Recovery),85,6000127,metaworld,True,49,0.4071197689991095,1,1,1,33,0.3659731149673462,task_success_while_recovery_active_per_intervention,True,False,,0.3,30.0,0.12,0.0075,0.03,0,full
REIM (ACT + Detector + Recovery),86,6000128,metaworld,True,64,0.4081772989993624,1,1,1,31,0.22665371000766754,task_success_while_recovery_active_per_intervention,True,False,,0.3,30.0,0.12,0.0075,0.03,0,full
REIM (ACT + Detector + Recovery),87,6000129,metaworld,True,59,0.5214238130029116,1,1,1,32,0.20363087952136993,task_success_while_recovery_active_per_intervention,True,False,,0.3,30.0,0.12,0.0075,0.03,0,full
REIM (ACT + Detector + Recovery),88,6000130,metaworld,False,200,1.9725059810007224,1,0,1,150,0.9795160889625549,task_success_while_recovery_active_per_intervention,False,True,timeout,0.3,30.0,0.12,0.0075,0.03,0,full
REIM (ACT + Detector + Recovery),89,6000131,metaworld,True,43,0.3816786269999284,1,1,1,36,0.42370525002479553,task_success_while_recovery_active_per_intervention,True,False,,0.3,30.0,0.12,0.0075,0.03,0,full
REIM (ACT + Detector + Recovery),90,6000132,metaworld,True,50,0.351804527999775,0,0,0,0,0.17398035526275635,task_success_while_recovery_active_per_intervention,True,False,,0.3,30.0,0.12,0.0075,0.03,0,full
REIM (ACT + Detector + Recovery),91,6000133,metaworld,False,200,1.5720979779980553,1,0,1,150,0.9864771366119385,task_success_while_recovery_active_per_intervention,False,True,timeout,0.3,30.0,0.12,0.0075,0.03,0,full
REIM (ACT + Detector + Recovery),92,6000134,metaworld,True,55,0.31266503799997736,1,1,1,40,0.4174076318740845,task_success_while_recovery_active_per_intervention,True,False,,0.3,30.0,0.12,0.0075,0.03,0,full
REIM (ACT + Detector + Recovery),93,6000135,metaworld,True,53,0.2743791249995411,0,0,0,0,0.12938939034938812,task_success_while_recovery_active_per_intervention,True,False,,0.3,30.0,0.12,0.0075,0.03,0,full
REIM (ACT + Detector + Recovery),94,6000136,metaworld,True,49,0.26107307500205934,1,1,1,25,0.22567832469940186,task_success_while_recovery_active_per_intervention,True,False,,0.3,30.0,0.12,0.0075,0.03,0,full
REIM (ACT + Detector + Recovery),95,6000137,metaworld,True,57,0.6177696270024171,1,1,1,44,0.4549452066421509,task_success_while_recovery_active_per_intervention,True,False,,0.3,30.0,0.12,0.0075,0.03,0,full
REIM (ACT + Detector + Recovery),96,6000138,metaworld,False,200,2.1900939860024664,1,0,1,145,0.9956161975860596,task_success_while_recovery_active_per_intervention,False,True,object_dropped,0.3,30.0,0.12,0.0075,0.03,0,full
REIM (ACT + Detector + Recovery),97,6000139,metaworld,False,200,2.3318403369994485,1,0,1,150,0.9990088939666748,task_success_while_recovery_active_per_intervention,False,True,timeout,0.3,30.0,0.12,0.0075,0.03,0,full
REIM (ACT + Detector + Recovery),98,6000140,metaworld,True,54,0.3499348440018366,1,1,1,42,0.29006654024124146,task_success_while_recovery_active_per_intervention,True,False,,0.3,30.0,0.12,0.0075,0.03,0,full
REIM (ACT + Detector + Recovery),99,6000141,metaworld,True,43,0.2430994019996433,1,1,1,28,0.36381155252456665,task_success_while_recovery_active_per_intervention,True,False,,0.3,30.0,0.12,0.0075,0.03,0,full
REIM (ACT + Detector + Recovery),100,6000142,metaworld,True,55,0.3415231319995655,1,1,1,27,0.24362686276435852,task_success_while_recovery_active_per_intervention,True,False,,0.3,30.0,0.12,0.0075,0.03,0,full
REIM (ACT + Detector + Recovery),101,6000143,metaworld,True,53,0.23111796499870252,0,0,0,0,0.1881633847951889,task_success_while_recovery_active_per_intervention,True,False,,0.3,30.0,0.12,0.0075,0.03,0,full
REIM (ACT + Detector + Recovery),102,6000144,metaworld,False,200,1.615148795001005,1,0,1,150,0.9993610978126526,task_success_while_recovery_active_per_intervention,False,True,timeout,0.3,30.0,0.12,0.0075,0.03,0,full
REIM (ACT + Detector + Recovery),103,6000145,metaworld,False,200,2.0130224140011705,1,0,1,150,0.9981123208999634,task_success_while_recovery_active_per_intervention,False,True,timeout,0.3,30.0,0.12,0.0075,0.03,0,full
REIM (ACT + Detector + Recovery),104,6000146,metaworld,True,51,0.2730654240003787,1,1,1,34,0.24077647924423218,task_success_while_recovery_active_per_intervention,True,False,,0.3,30.0,0.12,0.0075,0.03,0,full
REIM (ACT + Detector + Recovery),105,6000147,metaworld,False,200,1.6493741470003442,1,0,1,150,0.9997509121894836,task_success_while_recovery_active_per_intervention,False,True,object_dropped,0.3,30.0,0.12,0.0075,0.03,0,full
REIM (ACT + Detector + Recovery),106,6000148,metaworld,True,55,0.3517772570012312,1,1,1,39,0.23964816331863403,task_success_while_recovery_active_per_intervention,True,False,,0.3,30.0,0.12,0.0075,0.03,0,full
REIM (ACT + Detector + Recovery),107,6000149,metaworld,False,200,1.6484938510002394,1,0,1,150,0.9970334768295288,task_success_while_recovery_active_per_intervention,False,True,timeout,0.3,30.0,0.12,0.0075,0.03,0,full
REIM (ACT + Detector + Recovery),108,6000150,metaworld,True,47,0.25342213199837715,1,1,1,25,0.21522195637226105,task_success_while_recovery_active_per_intervention,True,False,,0.3,30.0,0.12,0.0075,0.03,0,full
REIM (ACT + Detector + Recovery),109,6000151,metaworld,False,200,2.2565752179980336,1,0,1,150,0.9566296339035034,task_success_while_recovery_active_per_intervention,False,True,timeout,0.3,30.0,0.12,0.0075,0.03,0,full
REIM (ACT + Detector + Recovery),110,6000152,metaworld,False,200,1.9478825949991005,1,0,1,150,0.9773170351982117,task_success_while_recovery_active_per_intervention,False,True,timeout,0.3,30.0,0.12,0.0075,0.03,0,full
REIM (ACT + Detector + Recovery),111,6000153,metaworld,True,48,0.5992665569974633,1,1,1,36,0.3256315290927887,task_success_while_recovery_active_per_intervention,True,False,,0.3,30.0,0.12,0.0075,0.03,0,full
REIM (ACT + Detector + Recovery),112,6000154,metaworld,False,200,1.5604477699998824,1,0,1,150,0.9956836700439453,task_success_while_recovery_active_per_intervention,False,True,timeout,0.3,30.0,0.12,0.0075,0.03,0,full
REIM (ACT + Detector + Recovery),113,6000155,metaworld,False,200,2.0847530439968978,1,0,1,150,0.9050551652908325,task_success_while_recovery_active_per_intervention,False,True,timeout,0.3,30.0,0.12,0.0075,0.03,0,full
REIM (ACT + Detector + Recovery),114,6000156,metaworld,True,59,0.3962409799969464,0,0,0,0,0.19710201025009155,task_success_while_recovery_active_per_intervention,True,False,,0.3,30.0,0.12,0.0075,0.03,0,full
REIM (ACT + Detector + Recovery),115,6000157,metaworld,False,200,2.32543252799951,1,0,1,150,0.997882068157196,task_success_while_recovery_active_per_intervention,False,True,timeout,0.3,30.0,0.12,0.0075,0.03,0,full
REIM (ACT + Detector + Recovery),116,6000158,metaworld,False,200,2.0050158459998784,1,0,1,150,0.9921979308128357,task_success_while_recovery_active_per_intervention,False,True,timeout,0.3,30.0,0.12,0.0075,0.03,0,full
REIM (ACT + Detector + Recovery),117,6000159,metaworld,True,54,0.3039405370000168,1,1,1,39,0.4939151108264923,task_success_while_recovery_active_per_intervention,True,False,,0.3,30.0,0.12,0.0075,0.03,0,full
REIM (ACT + Detector + Recovery),118,6000160,metaworld,True,76,0.8426672240020707,1,1,1,44,0.23582692444324493,task_success_while_recovery_active_per_intervention,True,False,,0.3,30.0,0.12,0.0075,0.03,0,full
REIM (ACT + Detector + Recovery),119,6000161,metaworld,True,67,0.6838140170002589,1,1,1,31,0.3079673647880554,task_success_while_recovery_active_per_intervention,True,False,,0.3,30.0,0.12,0.0075,0.03,0,full
REIM (ACT + Detector + Recovery),120,6000162,metaworld,False,200,2.358959810997476,1,0,1,150,0.9998370409011841,task_success_while_recovery_active_per_intervention,False,True,object_dropped,0.3,30.0,0.12,0.0075,0.03,0,full
REIM (ACT + Detector + Recovery),121,6000163,metaworld,True,66,0.5702356859983411,1,1,1,43,0.21808210015296936,task_success_while_recovery_active_per_intervention,True,False,,0.3,30.0,0.12,0.0075,0.03,0,full
REIM (ACT + Detector + Recovery),122,6000164,metaworld,True,47,0.31530101300086244,1,1,1,24,0.2069740742444992,task_success_while_recovery_active_per_intervention,True,False,,0.3,30.0,0.12,0.0075,0.03,0,full
REIM (ACT + Detector + Recovery),123,6000165,metaworld,False,200,1.817314060001081,1,0,1,150,0.9724940061569214,task_success_while_recovery_active_per_intervention,False,True,timeout,0.3,30.0,0.12,0.0075,0.03,0,full
REIM (ACT + Detector + Recovery),124,6000166,metaworld,True,57,0.48688114899778157,1,1,1,44,0.3444826900959015,task_success_while_recovery_active_per_intervention,True,False,,0.3,30.0,0.12,0.0075,0.03,0,full
REIM (ACT + Detector + Recovery),125,6000167,metaworld,True,65,0.5840937799985113,1,1,1,44,0.24316880106925964,task_success_while_recovery_active_per_intervention,True,False,,0.3,30.0,0.12,0.0075,0.03,0,full
REIM (ACT + Detector + Recovery),126,6000168,metaworld,False,200,1.2253896539987181,1,0,1,150,0.9972067475318909,task_success_while_recovery_active_per_intervention,False,True,timeout,0.3,30.0,0.12,0.0075,0.03,0,full
REIM (ACT + Detector + Recovery),127,6000169,metaworld,False,200,1.5269904980013962,1,0,1,150,0.9958899617195129,task_success_while_recovery_active_per_intervention,False,True,object_dropped,0.3,30.0,0.12,0.0075,0.03,0,full
REIM (ACT + Detector + Recovery),128,6000170,metaworld,False,200,1.423752484999568,1,0,1,150,0.9963451027870178,task_success_while_recovery_active_per_intervention,False,True,timeout,0.3,30.0,0.12,0.0075,0.03,0,full
REIM (ACT + Detector + Recovery),129,6000171,metaworld,True,51,0.28705462199650356,1,1,1,33,0.22745949029922485,task_success_while_recovery_active_per_intervention,True,False,,0.3,30.0,0.12,0.0075,0.03,0,full
REIM (ACT + Detector + Recovery),130,6000172,metaworld,True,55,0.2725006190012209,0,0,0,0,0.15976151823997498,task_success_while_recovery_active_per_intervention,True,False,,0.3,30.0,0.12,0.0075,0.03,0,full
REIM (ACT + Detector + Recovery),131,6000173,metaworld,False,200,1.9366591170000902,1,0,1,150,0.9955471754074097,task_success_while_recovery_active_per_intervention,False,True,timeout,0.3,30.0,0.12,0.0075,0.03,0,full
REIM (ACT + Detector + Recovery),132,6000174,metaworld,True,60,0.4434303300004103,1,1,1,33,0.2060970962047577,task_success_while_recovery_active_per_intervention,True,False,,0.3,30.0,0.12,0.0075,0.03,0,full
REIM (ACT + Detector + Recovery),133,6000175,metaworld,True,58,0.2747902299997804,0,0,0,0,0.08603232353925705,task_success_while_recovery_active_per_intervention,True,False,,0.3,30.0,0.12,0.0075,0.03,0,full
REIM (ACT + Detector + Recovery),134,6000176,metaworld,True,52,0.46059738300027675,1,1,1,32,0.3137603998184204,task_success_while_recovery_active_per_intervention,True,False,,0.3,30.0,0.12,0.0075,0.03,0,full
REIM (ACT + Detector + Recovery),135,6000177,metaworld,False,200,1.9930770179998945,1,0,1,150,0.9995933175086975,task_success_while_recovery_active_per_intervention,False,True,timeout,0.3,30.0,0.12,0.0075,0.03,0,full
REIM (ACT + Detector + Recovery),136,6000178,metaworld,False,200,1.8971980460009945,1,0,1,150,0.9819621443748474,task_success_while_recovery_active_per_intervention,False,True,timeout,0.3,30.0,0.12,0.0075,0.03,0,full
REIM (ACT + Detector + Recovery),137,6000179,metaworld,True,62,0.5153881850019388,1,1,1,40,0.27827727794647217,task_success_while_recovery_active_per_intervention,True,False,,0.3,30.0,0.12,0.0075,0.03,0,full
REIM (ACT + Detector + Recovery),138,6000180,metaworld,True,68,0.49063472299894784,1,1,1,48,0.3322947025299072,task_success_while_recovery_active_per_intervention,True,False,,0.3,30.0,0.12,0.0075,0.03,0,full
REIM (ACT + Detector + Recovery),139,6000181,metaworld,False,200,1.6417777909991855,1,0,1,150,0.9989855885505676,task_success_while_recovery_active_per_intervention,False,True,timeout,0.3,30.0,0.12,0.0075,0.03,0,full
REIM (ACT + Detector + Recovery),140,6000182,metaworld,False,200,2.204882011999871,1,0,1,141,0.9958959817886353,task_success_while_recovery_active_per_intervention,False,True,timeout,0.3,30.0,0.12,0.0075,0.03,0,full
REIM (ACT + Detector + Recovery),141,6000183,metaworld,True,57,0.3196728680013621,1,1,1,45,0.7256876826286316,task_success_while_recovery_active_per_intervention,True,False,,0.3,30.0,0.12,0.0075,0.03,0,full
REIM (ACT + Detector + Recovery),142,6000184,metaworld,False,200,2.207157658998767,1,0,1,150,0.9715306162834167,task_success_while_recovery_active_per_intervention,False,True,timeout,0.3,30.0,0.12,0.0075,0.03,0,full
REIM (ACT + Detector + Recovery),143,6000185,metaworld,True,53,0.2864373849988624,0,0,0,0,0.10940759629011154,task_success_while_recovery_active_per_intervention,True,False,,0.3,30.0,0.12,0.0075,0.03,0,full
REIM (ACT + Detector + Recovery),144,6000186,metaworld,True,51,0.5668813989977934,1,1,1,42,0.3393774926662445,task_success_while_recovery_active_per_intervention,True,False,,0.3,30.0,0.12,0.0075,0.03,0,full
REIM (ACT + Detector + Recovery),145,6000187,metaworld,True,51,0.4607458010032133,1,1,1,36,0.27560245990753174,task_success_while_recovery_active_per_intervention,True,False,,0.3,30.0,0.12,0.0075,0.03,0,full
REIM (ACT + Detector + Recovery),146,6000188,metaworld,True,62,0.47070474499923876,1,1,1,31,0.20274311304092407,task_success_while_recovery_active_per_intervention,True,False,,0.3,30.0,0.12,0.0075,0.03,0,full
REIM (ACT + Detector + Recovery),147,6000189,metaworld,False,200,1.886491446999571,1,0,1,150,0.7975413203239441,task_success_while_recovery_active_per_intervention,False,True,timeout,0.3,30.0,0.12,0.0075,0.03,0,full
REIM (ACT + Detector + Recovery),148,6000190,metaworld,True,51,0.2722042059976957,0,0,0,0,0.09170970320701599,task_success_while_recovery_active_per_intervention,True,False,,0.3,30.0,0.12,0.0075,0.03,0,full
REIM (ACT + Detector + Recovery),149,6000191,metaworld,False,200,2.0994256770027278,1,0,1,150,0.9996470212936401,task_success_while_recovery_active_per_intervention,False,True,object_dropped,0.3,30.0,0.12,0.0075,0.03,0,full
REIM (ACT + Detector + Recovery),150,6000192,metaworld,False,200,2.0193293199990876,1,0,1,150,0.9517243504524231,task_success_while_recovery_active_per_intervention,False,True,timeout,0.3,30.0,0.12,0.0075,0.03,0,full
REIM (ACT + Detector + Recovery),151,6000193,metaworld,False,200,2.722359207997215,1,0,1,150,0.9972233772277832,task_success_while_recovery_active_per_intervention,False,True,timeout,0.3,30.0,0.12,0.0075,0.03,0,full
REIM (ACT + Detector + Recovery),152,6000194,metaworld,True,53,0.346595316001185,1,1,1,27,0.20246826112270355,task_success_while_recovery_active_per_intervention,True,False,,0.3,30.0,0.12,0.0075,0.03,0,full
REIM (ACT + Detector + Recovery),153,6000195,metaworld,True,53,0.31930545499926666,1,1,1,40,0.3259166479110718,task_success_while_recovery_active_per_intervention,True,False,,0.3,30.0,0.12,0.0075,0.03,0,full
REIM (ACT + Detector + Recovery),154,6000196,metaworld,True,49,0.3777427759996499,1,1,1,40,0.24573694169521332,task_success_while_recovery_active_per_intervention,True,False,,0.3,30.0,0.12,0.0075,0.03,0,full
REIM (ACT + Detector + Recovery),155,6000197,metaworld,True,53,0.4079015650022484,1,1,1,45,0.4560704529285431,task_success_while_recovery_active_per_intervention,True,False,,0.3,30.0,0.12,0.0075,0.03,0,full
REIM (ACT + Detector + Recovery),156,6000198,metaworld,True,55,0.3621551750002254,0,0,0,0,0.1071593388915062,task_success_while_recovery_active_per_intervention,True,False,,0.3,30.0,0.12,0.0075,0.03,0,full
REIM (ACT + Detector + Recovery),157,6000199,metaworld,True,63,0.3113747239985969,0,0,0,0,0.1455761194229126,task_success_while_recovery_active_per_intervention,True,False,,0.3,30.0,0.12,0.0075,0.03,0,full
REIM (ACT + Detector + Recovery),158,6000200,metaworld,True,58,0.315805652000563,0,0,0,0,0.1281709522008896,task_success_while_recovery_active_per_intervention,True,False,,0.3,30.0,0.12,0.0075,0.03,0,full
REIM (ACT + Detector + Recovery),159,6000201,metaworld,True,51,0.32036858499850496,1,1,1,32,0.23189769685268402,task_success_while_recovery_active_per_intervention,True,False,,0.3,30.0,0.12,0.0075,0.03,0,full
REIM (ACT + Detector + Recovery),160,6000202,metaworld,True,52,0.2416357039983268,0,0,0,0,0.18631994724273682,task_success_while_recovery_active_per_intervention,True,False,,0.3,30.0,0.12,0.0075,0.03,0,full
REIM (ACT + Detector + Recovery),161,6000203,metaworld,False,200,2.4033910439975443,1,0,1,150,0.9991717338562012,task_success_while_recovery_active_per_intervention,False,True,object_dropped,0.3,30.0,0.12,0.0075,0.03,0,full
REIM (ACT + Detector + Recovery),162,6000204,metaworld,True,52,0.5891494179995789,1,1,1,36,0.22224238514900208,task_success_while_recovery_active_per_intervention,True,False,,0.3,30.0,0.12,0.0075,0.03,0,full
REIM (ACT + Detector + Recovery),163,6000205,metaworld,False,200,1.8278186120005557,1,0,1,150,0.9921355247497559,task_success_while_recovery_active_per_intervention,False,True,timeout,0.3,30.0,0.12,0.0075,0.03,0,full
REIM (ACT + Detector + Recovery),164,6000206,metaworld,True,50,0.3623184140014928,0,0,0,0,0.16839808225631714,task_success_while_recovery_active_per_intervention,True,False,,0.3,30.0,0.12,0.0075,0.03,0,full
REIM (ACT + Detector + Recovery),165,6000207,metaworld,True,58,0.35890517399820965,1,1,1,45,0.2323290854692459,task_success_while_recovery_active_per_intervention,True,False,,0.3,30.0,0.12,0.0075,0.03,0,full
REIM (ACT + Detector + Recovery),166,6000208,metaworld,True,51,0.44051800799934426,1,1,1,31,0.27137231826782227,task_success_while_recovery_active_per_intervention,True,False,,0.3,30.0,0.12,0.0075,0.03,0,full
REIM (ACT + Detector + Recovery),167,6000209,metaworld,True,54,0.3108936469980108,0,0,0,0,0.1628275364637375,task_success_while_recovery_active_per_intervention,True,False,,0.3,30.0,0.12,0.0075,0.03,0,full
REIM (ACT + Detector + Recovery),168,6000210,metaworld,True,53,0.35553788200195413,1,1,1,46,0.4439648687839508,task_success_while_recovery_active_per_intervention,True,False,,0.3,30.0,0.12,0.0075,0.03,0,full
REIM (ACT + Detector + Recovery),169,6000211,metaworld,False,200,1.5996139079979912,1,0,1,150,0.9990622401237488,task_success_while_recovery_active_per_intervention,False,True,timeout,0.3,30.0,0.12,0.0075,0.03,0,full
REIM (ACT + Detector + Recovery),170,6000212,metaworld,True,50,0.741767551000521,1,1,1,43,0.5779513120651245,task_success_while_recovery_active_per_intervention,True,False,,0.3,30.0,0.12,0.0075,0.03,0,full
REIM (ACT + Detector + Recovery),171,6000213,metaworld,True,49,0.580420554997545,1,1,1,36,0.37268292903900146,task_success_while_recovery_active_per_intervention,True,False,,0.3,30.0,0.12,0.0075,0.03,0,full
REIM (ACT + Detector + Recovery),172,6000214,metaworld,False,200,1.6824706190018333,1,0,1,150,0.9939785003662109,task_success_while_recovery_active_per_intervention,False,True,timeout,0.3,30.0,0.12,0.0075,0.03,0,full
REIM (ACT + Detector + Recovery),173,6000215,metaworld,False,200,1.5583636009978363,1,0,1,150,0.9992122650146484,task_success_while_recovery_active_per_intervention,False,True,timeout,0.3,30.0,0.12,0.0075,0.03,0,full
REIM (ACT + Detector + Recovery),174,6000216,metaworld,False,200,1.101124572000117,1,0,1,141,0.9966574907302856,task_success_while_recovery_active_per_intervention,False,True,timeout,0.3,30.0,0.12,0.0075,0.03,0,full
REIM (ACT + Detector + Recovery),175,6000217,metaworld,False,200,1.5721800870014704,1,0,1,143,0.9978528022766113,task_success_while_recovery_active_per_intervention,False,True,timeout,0.3,30.0,0.12,0.0075,0.03,0,full
REIM (ACT + Detector + Recovery),176,6000218,metaworld,True,49,0.1826567759999307,1,1,1,31,0.5557293891906738,task_success_while_recovery_active_per_intervention,True,False,,0.3,30.0,0.12,0.0075,0.03,0,full
REIM (ACT + Detector + Recovery),177,6000219,metaworld,True,56,0.29011795800033724,1,1,1,45,0.23794710636138916,task_success_while_recovery_active_per_intervention,True,False,,0.3,30.0,0.12,0.0075,0.03,0,full
REIM (ACT + Detector + Recovery),178,6000220,metaworld,True,74,0.2701923600034206,1,1,1,64,0.4178404211997986,task_success_while_recovery_active_per_intervention,True,False,,0.3,30.0,0.12,0.0075,0.03,0,full
REIM (ACT + Detector + Recovery),179,6000221,metaworld,True,56,0.20295851999981096,1,1,1,46,0.4490557909011841,task_success_while_recovery_active_per_intervention,True,False,,0.3,30.0,0.12,0.0075,0.03,0,full
REIM (ACT + Detector + Recovery),180,6000222,metaworld,False,200,0.9203261900001962,1,0,1,150,0.9821600317955017,task_success_while_recovery_active_per_intervention,False,True,object_dropped,0.3,30.0,0.12,0.0075,0.03,0,full
REIM (ACT + Detector + Recovery),181,6000223,metaworld,True,52,0.189993116997357,0,0,0,0,0.15502199530601501,task_success_while_recovery_active_per_intervention,True,False,,0.3,30.0,0.12,0.0075,0.03,0,full
REIM (ACT + Detector + Recovery),182,6000224,metaworld,True,61,0.22212972499983152,0,0,0,0,0.18396855890750885,task_success_while_recovery_active_per_intervention,True,False,,0.3,30.0,0.12,0.0075,0.03,0,full
REIM (ACT + Detector + Recovery),183,6000225,metaworld,True,45,0.24541598499854445,1,1,1,31,0.2847367823123932,task_success_while_recovery_active_per_intervention,True,False,,0.3,30.0,0.12,0.0075,0.03,0,full
REIM (ACT + Detector + Recovery),184,6000226,metaworld,False,200,0.7246922519989312,1,0,1,150,0.9991425275802612,task_success_while_recovery_active_per_intervention,False,True,timeout,0.3,30.0,0.12,0.0075,0.03,0,full
REIM (ACT + Detector + Recovery),185,6000227,metaworld,False,200,0.9490796690006391,1,0,1,150,0.9306703209877014,task_success_while_recovery_active_per_intervention,False,True,timeout,0.3,30.0,0.12,0.0075,0.03,0,full
REIM (ACT + Detector + Recovery),186,6000228,metaworld,True,59,0.1740010310022626,0,0,0,0,0.1471056342124939,task_success_while_recovery_active_per_intervention,True,False,,0.3,30.0,0.12,0.0075,0.03,0,full
REIM (ACT + Detector + Recovery),187,6000229,metaworld,False,200,0.7624079140005051,1,0,1,150,0.9997050166130066,task_success_while_recovery_active_per_intervention,False,True,timeout,0.3,30.0,0.12,0.0075,0.03,0,full
REIM (ACT + Detector + Recovery),188,6000230,metaworld,False,200,0.8258397959980357,1,0,1,87,0.430836945772171,task_success_while_recovery_active_per_intervention,False,True,object_dropped,0.3,30.0,0.12,0.0075,0.03,0,full
REIM (ACT + Detector + Recovery),189,6000231,metaworld,True,55,0.24677147699912894,1,1,1,46,0.5673879981040955,task_success_while_recovery_active_per_intervention,True,False,,0.3,30.0,0.12,0.0075,0.03,0,full
REIM (ACT + Detector + Recovery),190,6000232,metaworld,True,55,0.37065582200011704,1,1,1,41,0.31658074259757996,task_success_while_recovery_active_per_intervention,True,False,,0.3,30.0,0.12,0.0075,0.03,0,full
REIM (ACT + Detector + Recovery),191,6000233,metaworld,True,53,0.3275030839977262,0,0,0,0,0.16382120549678802,task_success_while_recovery_active_per_intervention,True,False,,0.3,30.0,0.12,0.0075,0.03,0,full
REIM (ACT + Detector + Recovery),192,6000234,metaworld,True,58,0.16462475300068036,0,0,0,0,0.19510111212730408,task_success_while_recovery_active_per_intervention,True,False,,0.3,30.0,0.12,0.0075,0.03,0,full
REIM (ACT + Detector + Recovery),193,6000235,metaworld,True,50,0.14615357799993944,1,1,1,35,0.4067721366882324,task_success_while_recovery_active_per_intervention,True,False,,0.3,30.0,0.12,0.0075,0.03,0,full
REIM (ACT + Detector + Recovery),194,6000236,metaworld,True,60,0.2216412730012962,1,1,1,38,0.2973584830760956,task_success_while_recovery_active_per_intervention,True,False,,0.3,30.0,0.12,0.0075,0.03,0,full
REIM (ACT + Detector + Recovery),195,6000237,metaworld,True,48,0.21097774699956062,1,1,1,37,0.27910488843917847,task_success_while_recovery_active_per_intervention,True,False,,0.3,30.0,0.12,0.0075,0.03,0,full
REIM (ACT + Detector + Recovery),196,6000238,metaworld,False,200,0.9690350700002455,1,0,1,147,0.9905374646186829,task_success_while_recovery_active_per_intervention,False,True,timeout,0.3,30.0,0.12,0.0075,0.03,0,full
REIM (ACT + Detector + Recovery),197,6000239,metaworld,True,59,0.17013776800013147,0,0,0,0,0.1883777529001236,task_success_while_recovery_active_per_intervention,True,False,,0.3,30.0,0.12,0.0075,0.03,0,full
REIM (ACT + Detector + Recovery),198,6000240,metaworld,False,200,1.0018271949993505,1,0,1,150,0.9543992280960083,task_success_while_recovery_active_per_intervention,False,True,timeout,0.3,30.0,0.12,0.0075,0.03,0,full
REIM (ACT + Detector + Recovery),199,6000241,metaworld,True,59,0.2760777950024931,0,0,0,0,0.1333722174167633,task_success_while_recovery_active_per_intervention,True,False,,0.3,30.0,0.12,0.0075,0.03,0,full
ACT,0,6000042,metaworld,False,200,0.9602598250021401,0,0,0,0,0.0,,False,True,timeout,0.4,40.0,0.16000000000000003,0.010000000000000002,0.04000000000000001,0,full
ACT,1,6000043,metaworld,True,72,0.5323555149989261,0,0,0,0,0.0,,True,False,,0.4,40.0,0.16000000000000003,0.010000000000000002,0.04000000000000001,0,full
ACT,2,6000044,metaworld,False,200,0.7378691359990626,0,0,0,0,0.0,,False,True,object_dropped,0.4,40.0,0.16000000000000003,0.010000000000000002,0.04000000000000001,0,full
ACT,3,6000045,metaworld,True,59,0.3048496189985599,0,0,0,0,0.0,,True,False,,0.4,40.0,0.16000000000000003,0.010000000000000002,0.04000000000000001,0,full
ACT,4,6000046,metaworld,False,200,0.7278062210025382,0,0,0,0,0.0,,False,True,timeout,0.4,40.0,0.16000000000000003,0.010000000000000002,0.04000000000000001,0,full
ACT,5,6000047,metaworld,False,200,0.5554659529989294,0,0,0,0,0.0,,False,True,timeout,0.4,40.0,0.16000000000000003,0.010000000000000002,0.04000000000000001,0,full
ACT,6,6000048,metaworld,False,200,0.6524023240017414,0,0,0,0,0.0,,False,True,timeout,0.4,40.0,0.16000000000000003,0.010000000000000002,0.04000000000000001,0,full
ACT,7,6000049,metaworld,False,200,0.7776510000003327,0,0,0,0,0.0,,False,True,object_dropped,0.4,40.0,0.16000000000000003,0.010000000000000002,0.04000000000000001,0,full
ACT,8,6000050,metaworld,False,200,1.2446555149981577,0,0,0,0,0.0,,False,True,timeout,0.4,40.0,0.16000000000000003,0.010000000000000002,0.04000000000000001,0,full
ACT,9,6000051,metaworld,False,200,0.9920968170008564,0,0,0,0,0.0,,False,True,timeout,0.4,40.0,0.16000000000000003,0.010000000000000002,0.04000000000000001,0,full
ACT,10,6000052,metaworld,False,200,1.0224690420000115,0,0,0,0,0.0,,False,True,timeout,0.4,40.0,0.16000000000000003,0.010000000000000002,0.04000000000000001,0,full
ACT,11,6000053,metaworld,False,200,0.5199261409979954,0,0,0,0,0.0,,False,True,timeout,0.4,40.0,0.16000000000000003,0.010000000000000002,0.04000000000000001,0,full
ACT,12,6000054,metaworld,False,200,0.6902745449988288,0,0,0,0,0.0,,False,True,timeout,0.4,40.0,0.16000000000000003,0.010000000000000002,0.04000000000000001,0,full
ACT,13,6000055,metaworld,False,200,1.000827019001008,0,0,0,0,0.0,,False,True,timeout,0.4,40.0,0.16000000000000003,0.010000000000000002,0.04000000000000001,0,full
ACT,14,6000056,metaworld,False,200,1.1991310419980437,0,0,0,0,0.0,,False,True,object_dropped,0.4,40.0,0.16000000000000003,0.010000000000000002,0.04000000000000001,0,full
ACT,15,6000057,metaworld,False,200,1.0265095559989277,0,0,0,0,0.0,,False,True,timeout,0.4,40.0,0.16000000000000003,0.010000000000000002,0.04000000000000001,0,full
ACT,16,6000058,metaworld,False,200,1.0834428579983069,0,0,0,0,0.0,,False,True,object_dropped,0.4,40.0,0.16000000000000003,0.010000000000000002,0.04000000000000001,0,full
ACT,17,6000059,metaworld,False,200,0.9233832760000951,0,0,0,0,0.0,,False,True,timeout,0.4,40.0,0.16000000000000003,0.010000000000000002,0.04000000000000001,0,full
ACT,18,6000060,metaworld,True,50,0.2719773980024911,0,0,0,0,0.0,,True,False,,0.4,40.0,0.16000000000000003,0.010000000000000002,0.04000000000000001,0,full
ACT,19,6000061,metaworld,False,200,1.1244192910016864,0,0,0,0,0.0,,False,True,timeout,0.4,40.0,0.16000000000000003,0.010000000000000002,0.04000000000000001,0,full
ACT,20,6000062,metaworld,False,200,1.3417013799989945,0,0,0,0,0.0,,False,True,timeout,0.4,40.0,0.16000000000000003,0.010000000000000002,0.04000000000000001,0,full
ACT,21,6000063,metaworld,True,54,0.28833767299875035,0,0,0,0,0.0,,True,False,,0.4,40.0,0.16000000000000003,0.010000000000000002,0.04000000000000001,0,full
ACT,22,6000064,metaworld,False,200,0.8462365859995771,0,0,0,0,0.0,,False,True,timeout,0.4,40.0,0.16000000000000003,0.010000000000000002,0.04000000000000001,0,full
ACT,23,6000065,metaworld,False,200,1.7418805320012325,0,0,0,0,0.0,,False,True,object_dropped,0.4,40.0,0.16000000000000003,0.010000000000000002,0.04000000000000001,0,full
ACT,24,6000066,metaworld,False,200,1.1020527940017928,0,0,0,0,0.0,,False,True,timeout,0.4,40.0,0.16000000000000003,0.010000000000000002,0.04000000000000001,0,full
ACT,25,6000067,metaworld,True,62,0.26221408000128577,0,0,0,0,0.0,,True,False,,0.4,40.0,0.16000000000000003,0.010000000000000002,0.04000000000000001,0,full
ACT,26,6000068,metaworld,True,56,0.16851630299788667,0,0,0,0,0.0,,True,False,,0.4,40.0,0.16000000000000003,0.010000000000000002,0.04000000000000001,0,full
ACT,27,6000069,metaworld,False,200,0.6551550470030634,0,0,0,0,0.0,,False,True,timeout,0.4,40.0,0.16000000000000003,0.010000000000000002,0.04000000000000001,0,full
ACT,28,6000070,metaworld,False,200,0.7370036089996574,0,0,0,0,0.0,,False,True,timeout,0.4,40.0,0.16000000000000003,0.010000000000000002,0.04000000000000001,0,full
ACT,29,6000071,metaworld,False,200,0.6360874419988249,0,0,0,0,0.0,,False,True,object_dropped,0.4,40.0,0.16000000000000003,0.010000000000000002,0.04000000000000001,0,full
ACT,30,6000072,metaworld,False,200,0.630509140999493,0,0,0,0,0.0,,False,True,timeout,0.4,40.0,0.16000000000000003,0.010000000000000002,0.04000000000000001,0,full
ACT,31,6000073,metaworld,False,200,0.6923456040021847,0,0,0,0,0.0,,False,True,timeout,0.4,40.0,0.16000000000000003,0.010000000000000002,0.04000000000000001,0,full
ACT,32,6000074,metaworld,False,200,0.8173290459999407,0,0,0,0,0.0,,False,True,timeout,0.4,40.0,0.16000000000000003,0.010000000000000002,0.04000000000000001,0,full
ACT,33,6000075,metaworld,False,200,1.1648595859987836,0,0,0,0,0.0,,False,True,timeout,0.4,40.0,0.16000000000000003,0.010000000000000002,0.04000000000000001,0,full
ACT,34,6000076,metaworld,False,200,1.0421722809987841,0,0,0,0,0.0,,False,True,timeout,0.4,40.0,0.16000000000000003,0.010000000000000002,0.04000000000000001,0,full
ACT,35,6000077,metaworld,True,58,0.3293922639968514,0,0,0,0,0.0,,True,False,,0.4,40.0,0.16000000000000003,0.010000000000000002,0.04000000000000001,0,full
ACT,36,6000078,metaworld,False,200,0.9880618940005661,0,0,0,0,0.0,,False,True,timeout,0.4,40.0,0.16000000000000003,0.010000000000000002,0.04000000000000001,0,full
ACT,37,6000079,metaworld,False,200,1.1066969519997656,0,0,0,0,0.0,,False,True,timeout,0.4,40.0,0.16000000000000003,0.010000000000000002,0.04000000000000001,0,full
ACT,38,6000080,metaworld,True,51,0.12128050400133361,0,0,0,0,0.0,,True,False,,0.4,40.0,0.16000000000000003,0.010000000000000002,0.04000000000000001,0,full
ACT,39,6000081,metaworld,False,200,1.110285284001293,0,0,0,0,0.0,,False,True,timeout,0.4,40.0,0.16000000000000003,0.010000000000000002,0.04000000000000001,0,full
ACT,40,6000082,metaworld,False,200,0.5469660359995032,0,0,0,0,0.0,,False,True,timeout,0.4,40.0,0.16000000000000003,0.010000000000000002,0.04000000000000001,0,full
ACT,41,6000083,metaworld,True,60,0.31818509999720845,0,0,0,0,0.0,,True,False,,0.4,40.0,0.16000000000000003,0.010000000000000002,0.04000000000000001,0,full
ACT,42,6000084,metaworld,True,63,0.41213841500211856,0,0,0,0,0.0,,True,False,,0.4,40.0,0.16000000000000003,0.010000000000000002,0.04000000000000001,0,full
ACT,43,6000085,metaworld,True,61,0.3472267329998431,0,0,0,0,0.0,,True,False,,0.4,40.0,0.16000000000000003,0.010000000000000002,0.04000000000000001,0,full
ACT,44,6000086,metaworld,True,58,0.2592570209999394,0,0,0,0,0.0,,True,False,,0.4,40.0,0.16000000000000003,0.010000000000000002,0.04000000000000001,0,full
ACT,45,6000087,metaworld,False,200,1.0782566310008406,0,0,0,0,0.0,,False,True,timeout,0.4,40.0,0.16000000000000003,0.010000000000000002,0.04000000000000001,0,full
ACT,46,6000088,metaworld,True,69,0.29144645600172225,0,0,0,0,0.0,,True,False,,0.4,40.0,0.16000000000000003,0.010000000000000002,0.04000000000000001,0,full
ACT,47,6000089,metaworld,False,200,0.5994145719996595,0,0,0,0,0.0,,False,True,timeout,0.4,40.0,0.16000000000000003,0.010000000000000002,0.04000000000000001,0,full
ACT,48,6000090,metaworld,False,200,0.8453415339972707,0,0,0,0,0.0,,False,True,timeout,0.4,40.0,0.16000000000000003,0.010000000000000002,0.04000000000000001,0,full
ACT,49,6000091,metaworld,True,55,0.3087590659997659,0,0,0,0,0.0,,True,False,,0.4,40.0,0.16000000000000003,0.010000000000000002,0.04000000000000001,0,full
ACT,50,6000092,metaworld,False,200,0.852612777001923,0,0,0,0,0.0,,False,True,timeout,0.4,40.0,0.16000000000000003,0.010000000000000002,0.04000000000000001,0,full
ACT,51,6000093,metaworld,False,200,0.6058678200024588,0,0,0,0,0.0,,False,True,timeout,0.4,40.0,0.16000000000000003,0.010000000000000002,0.04000000000000001,0,full
ACT,52,6000094,metaworld,False,200,0.6218797949986765,0,0,0,0,0.0,,False,True,timeout,0.4,40.0,0.16000000000000003,0.010000000000000002,0.04000000000000001,0,full
ACT,53,6000095,metaworld,False,200,0.5663417069990828,0,0,0,0,0.0,,False,True,timeout,0.4,40.0,0.16000000000000003,0.010000000000000002,0.04000000000000001,0,full
ACT,54,6000096,metaworld,False,200,0.4809230579994619,0,0,0,0,0.0,,False,True,timeout,0.4,40.0,0.16000000000000003,0.010000000000000002,0.04000000000000001,0,full
ACT,55,6000097,metaworld,False,200,0.5107836239985772,0,0,0,0,0.0,,False,True,object_dropped,0.4,40.0,0.16000000000000003,0.010000000000000002,0.04000000000000001,0,full
ACT,56,6000098,metaworld,True,51,0.13150917099846993,0,0,0,0,0.0,,True,False,,0.4,40.0,0.16000000000000003,0.010000000000000002,0.04000000000000001,0,full
ACT,57,6000099,metaworld,False,200,0.531512389999989,0,0,0,0,0.0,,False,True,timeout,0.4,40.0,0.16000000000000003,0.010000000000000002,0.04000000000000001,0,full
ACT,58,6000100,metaworld,False,200,0.6613611190005031,0,0,0,0,0.0,,False,True,object_dropped,0.4,40.0,0.16000000000000003,0.010000000000000002,0.04000000000000001,0,full
ACT,59,6000101,metaworld,False,200,0.5177693929981615,0,0,0,0,0.0,,False,True,timeout,0.4,40.0,0.16000000000000003,0.010000000000000002,0.04000000000000001,0,full
ACT,60,6000102,metaworld,False,200,0.4856861669977661,0,0,0,0,0.0,,False,True,timeout,0.4,40.0,0.16000000000000003,0.010000000000000002,0.04000000000000001,0,full
ACT,61,6000103,metaworld,False,200,0.48676904500098317,0,0,0,0,0.0,,False,True,timeout,0.4,40.0,0.16000000000000003,0.010000000000000002,0.04000000000000001,0,full
ACT,62,6000104,metaworld,False,200,0.5274793960015813,0,0,0,0,0.0,,False,True,timeout,0.4,40.0,0.16000000000000003,0.010000000000000002,0.04000000000000001,0,full
ACT,63,6000105,metaworld,True,53,0.27404540899806307,0,0,0,0,0.0,,True,False,,0.4,40.0,0.16000000000000003,0.010000000000000002,0.04000000000000001,0,full
ACT,64,6000106,metaworld,True,58,0.24465143400084344,0,0,0,0,0.0,,True,False,,0.4,40.0,0.16000000000000003,0.010000000000000002,0.04000000000000001,0,full
ACT,65,6000107,metaworld,False,200,0.5963048080011504,0,0,0,0,0.0,,False,True,object_dropped,0.4,40.0,0.16000000000000003,0.010000000000000002,0.04000000000000001,0,full
ACT,66,6000108,metaworld,False,200,0.7350901779973356,0,0,0,0,0.0,,False,True,timeout,0.4,40.0,0.16000000000000003,0.010000000000000002,0.04000000000000001,0,full
ACT,67,6000109,metaworld,True,57,0.13318316000004415,0,0,0,0,0.0,,True,False,,0.4,40.0,0.16000000000000003,0.010000000000000002,0.04000000000000001,0,full
ACT,68,6000110,metaworld,False,200,0.6079646530015452,0,0,0,0,0.0,,False,True,timeout,0.4,40.0,0.16000000000000003,0.010000000000000002,0.04000000000000001,0,full
ACT,69,6000111,metaworld,False,200,0.607964599999832,0,0,0,0,0.0,,False,True,timeout,0.4,40.0,0.16000000000000003,0.010000000000000002,0.04000000000000001,0,full
ACT,70,6000112,metaworld,False,200,0.5475678539987712,0,0,0,0,0.0,,False,True,timeout,0.4,40.0,0.16000000000000003,0.010000000000000002,0.04000000000000001,0,full
ACT,71,6000113,metaworld,True,55,0.14995720800288836,0,0,0,0,0.0,,True,False,,0.4,40.0,0.16000000000000003,0.010000000000000002,0.04000000000000001,0,full
ACT,72,6000114,metaworld,False,200,0.5314377060021798,0,0,0,0,0.0,,False,True,timeout,0.4,40.0,0.16000000000000003,0.010000000000000002,0.04000000000000001,0,full
ACT,73,6000115,metaworld,False,200,0.5476106839996646,0,0,0,0,0.0,,False,True,timeout,0.4,40.0,0.16000000000000003,0.010000000000000002,0.04000000000000001,0,full
ACT,74,6000116,metaworld,False,200,0.5305100410005252,0,0,0,0,0.0,,False,True,object_dropped,0.4,40.0,0.16000000000000003,0.010000000000000002,0.04000000000000001,0,full
ACT,75,6000117,metaworld,True,59,0.14807964699866716,0,0,0,0,0.0,,True,False,,0.4,40.0,0.16000000000000003,0.010000000000000002,0.04000000000000001,0,full
ACT,76,6000118,metaworld,False,200,0.665626460002386,0,0,0,0,0.0,,False,True,timeout,0.4,40.0,0.16000000000000003,0.010000000000000002,0.04000000000000001,0,full
ACT,77,6000119,metaworld,False,200,0.6173239759991702,0,0,0,0,0.0,,False,True,object_dropped,0.4,40.0,0.16000000000000003,0.010000000000000002,0.04000000000000001,0,full
ACT,78,6000120,metaworld,False,200,0.5435186700015038,0,0,0,0,0.0,,False,True,timeout,0.4,40.0,0.16000000000000003,0.010000000000000002,0.04000000000000001,0,full
ACT,79,6000121,metaworld,False,200,0.5382069100014633,0,0,0,0,0.0,,False,True,timeout,0.4,40.0,0.16000000000000003,0.010000000000000002,0.04000000000000001,0,full
ACT,80,6000122,metaworld,False,200,0.6955697789999249,0,0,0,0,0.0,,False,True,timeout,0.4,40.0,0.16000000000000003,0.010000000000000002,0.04000000000000001,0,full
ACT,81,6000123,metaworld,False,200,0.703566853000666,0,0,0,0,0.0,,False,True,timeout,0.4,40.0,0.16000000000000003,0.010000000000000002,0.04000000000000001,0,full
ACT,82,6000124,metaworld,True,66,0.6195044570013124,0,0,0,0,0.0,,True,False,,0.4,40.0,0.16000000000000003,0.010000000000000002,0.04000000000000001,0,full
ACT,83,6000125,metaworld,False,200,1.548701923002227,0,0,0,0,0.0,,False,True,timeout,0.4,40.0,0.16000000000000003,0.010000000000000002,0.04000000000000001,0,full
ACT,84,6000126,metaworld,False,200,1.5959637209998618,0,0,0,0,0.0,,False,True,timeout,0.4,40.0,0.16000000000000003,0.010000000000000002,0.04000000000000001,0,full
ACT,85,6000127,metaworld,False,200,1.3832289179990767,0,0,0,0,0.0,,False,True,timeout,0.4,40.0,0.16000000000000003,0.010000000000000002,0.04000000000000001,0,full
ACT,86,6000128,metaworld,True,66,0.22806761900210404,0,0,0,0,0.0,,True,False,,0.4,40.0,0.16000000000000003,0.010000000000000002,0.04000000000000001,0,full
ACT,87,6000129,metaworld,False,200,1.2077520359998744,0,0,0,0,0.0,,False,True,timeout,0.4,40.0,0.16000000000000003,0.010000000000000002,0.04000000000000001,0,full
ACT,88,6000130,metaworld,False,200,1.328007272000832,0,0,0,0,0.0,,False,True,timeout,0.4,40.0,0.16000000000000003,0.010000000000000002,0.04000000000000001,0,full
ACT,89,6000131,metaworld,False,200,0.9737870399985695,0,0,0,0,0.0,,False,True,timeout,0.4,40.0,0.16000000000000003,0.010000000000000002,0.04000000000000001,0,full
ACT,90,6000132,metaworld,False,200,0.7049312300005113,0,0,0,0,0.0,,False,True,timeout,0.4,40.0,0.16000000000000003,0.010000000000000002,0.04000000000000001,0,full
ACT,91,6000133,metaworld,False,200,0.6249645940006303,0,0,0,0,0.0,,False,True,timeout,0.4,40.0,0.16000000000000003,0.010000000000000002,0.04000000000000001,0,full
ACT,92,6000134,metaworld,False,200,0.5749800379999215,0,0,0,0,0.0,,False,True,timeout,0.4,40.0,0.16000000000000003,0.010000000000000002,0.04000000000000001,0,full
ACT,93,6000135,metaworld,True,53,0.16339305200017407,0,0,0,0,0.0,,True,False,,0.4,40.0,0.16000000000000003,0.010000000000000002,0.04000000000000001,0,full
ACT,94,6000136,metaworld,True,66,0.20126410899683833,0,0,0,0,0.0,,True,False,,0.4,40.0,0.16000000000000003,0.010000000000000002,0.04000000000000001,0,full
ACT,95,6000137,metaworld,False,200,0.5734540059966093,0,0,0,0,0.0,,False,True,timeout,0.4,40.0,0.16000000000000003,0.010000000000000002,0.04000000000000001,0,full
ACT,96,6000138,metaworld,False,200,0.6026212840006338,0,0,0,0,0.0,,False,True,timeout,0.4,40.0,0.16000000000000003,0.010000000000000002,0.04000000000000001,0,full
ACT,97,6000139,metaworld,False,200,0.5745074999977078,0,0,0,0,0.0,,False,True,timeout,0.4,40.0,0.16000000000000003,0.010000000000000002,0.04000000000000001,0,full
ACT,98,6000140,metaworld,False,200,0.5780406710000534,0,0,0,0,0.0,,False,True,timeout,0.4,40.0,0.16000000000000003,0.010000000000000002,0.04000000000000001,0,full
ACT,99,6000141,metaworld,False,200,0.753179628001817,0,0,0,0,0.0,,False,True,timeout,0.4,40.0,0.16000000000000003,0.010000000000000002,0.04000000000000001,0,full
ACT,100,6000142,metaworld,True,56,0.21492594699884648,0,0,0,0,0.0,,True,False,,0.4,40.0,0.16000000000000003,0.010000000000000002,0.04000000000000001,0,full
ACT,101,6000143,metaworld,True,53,0.1626813779985241,0,0,0,0,0.0,,True,False,,0.4,40.0,0.16000000000000003,0.010000000000000002,0.04000000000000001,0,full
ACT,102,6000144,metaworld,False,200,0.8213856410002336,0,0,0,0,0.0,,False,True,timeout,0.4,40.0,0.16000000000000003,0.010000000000000002,0.04000000000000001,0,full
ACT,103,6000145,metaworld,False,200,0.982458800997847,0,0,0,0,0.0,,False,True,timeout,0.4,40.0,0.16000000000000003,0.010000000000000002,0.04000000000000001,0,full
ACT,104,6000146,metaworld,True,54,0.3168811120012833,0,0,0,0,0.0,,True,False,,0.4,40.0,0.16000000000000003,0.010000000000000002,0.04000000000000001,0,full
ACT,105,6000147,metaworld,False,200,1.3423183589984546,0,0,0,0,0.0,,False,True,timeout,0.4,40.0,0.16000000000000003,0.010000000000000002,0.04000000000000001,0,full
ACT,106,6000148,metaworld,False,200,1.3395817339987843,0,0,0,0,0.0,,False,True,timeout,0.4,40.0,0.16000000000000003,0.010000000000000002,0.04000000000000001,0,full
ACT,107,6000149,metaworld,False,200,1.2351830929983407,0,0,0,0,0.0,,False,True,timeout,0.4,40.0,0.16000000000000003,0.010000000000000002,0.04000000000000001,0,full
ACT,108,6000150,metaworld,False,200,1.1607012800013763,0,0,0,0,0.0,,False,True,timeout,0.4,40.0,0.16000000000000003,0.010000000000000002,0.04000000000000001,0,full
ACT,109,6000151,metaworld,False,200,1.775908330000675,0,0,0,0,0.0,,False,True,timeout,0.4,40.0,0.16000000000000003,0.010000000000000002,0.04000000000000001,0,full
ACT,110,6000152,metaworld,False,200,0.8517370999979903,0,0,0,0,0.0,,False,True,timeout,0.4,40.0,0.16000000000000003,0.010000000000000002,0.04000000000000001,0,full
ACT,111,6000153,metaworld,True,52,0.323984639999253,0,0,0,0,0.0,,True,False,,0.4,40.0,0.16000000000000003,0.010000000000000002,0.04000000000000001,0,full
ACT,112,6000154,metaworld,False,200,1.081114427997818,0,0,0,0,0.0,,False,True,object_dropped,0.4,40.0,0.16000000000000003,0.010000000000000002,0.04000000000000001,0,full
ACT,113,6000155,metaworld,False,200,0.5996724060023553,0,0,0,0,0.0,,False,True,timeout,0.4,40.0,0.16000000000000003,0.010000000000000002,0.04000000000000001,0,full
ACT,114,6000156,metaworld,False,200,0.6614810430000944,0,0,0,0,0.0,,False,True,object_dropped,0.4,40.0,0.16000000000000003,0.010000000000000002,0.04000000000000001,0,full
ACT,115,6000157,metaworld,False,200,0.7313036570012628,0,0,0,0,0.0,,False,True,timeout,0.4,40.0,0.16000000000000003,0.010000000000000002,0.04000000000000001,0,full
ACT,116,6000158,metaworld,False,200,0.5727313310017053,0,0,0,0,0.0,,False,True,timeout,0.4,40.0,0.16000000000000003,0.010000000000000002,0.04000000000000001,0,full
ACT,117,6000159,metaworld,False,200,0.6050430809991667,0,0,0,0,0.0,,False,True,timeout,0.4,40.0,0.16000000000000003,0.010000000000000002,0.04000000000000001,0,full
ACT,118,6000160,metaworld,False,200,0.6589274059988384,0,0,0,0,0.0,,False,True,timeout,0.4,40.0,0.16000000000000003,0.010000000000000002,0.04000000000000001,0,full
ACT,119,6000161,metaworld,True,61,0.2386550970004464,0,0,0,0,0.0,,True,False,,0.4,40.0,0.16000000000000003,0.010000000000000002,0.04000000000000001,0,full
ACT,120,6000162,metaworld,False,200,0.6196530099987285,0,0,0,0,0.0,,False,True,timeout,0.4,40.0,0.16000000000000003,0.010000000000000002,0.04000000000000001,0,full
ACT,121,6000163,metaworld,True,70,0.21281770200221217,0,0,0,0,0.0,,True,False,,0.4,40.0,0.16000000000000003,0.010000000000000002,0.04000000000000001,0,full
ACT,122,6000164,metaworld,False,200,1.2036453069995332,0,0,0,0,0.0,,False,True,timeout,0.4,40.0,0.16000000000000003,0.010000000000000002,0.04000000000000001,0,full
ACT,123,6000165,metaworld,False,200,0.5875381559999369,0,0,0,0,0.0,,False,True,object_dropped,0.4,40.0,0.16000000000000003,0.010000000000000002,0.04000000000000001,0,full
ACT,124,6000166,metaworld,False,200,0.7469610769985593,0,0,0,0,0.0,,False,True,timeout,0.4,40.0,0.16000000000000003,0.010000000000000002,0.04000000000000001,0,full
ACT,125,6000167,metaworld,False,200,1.1986932830004662,0,0,0,0,0.0,,False,True,timeout,0.4,40.0,0.16000000000000003,0.010000000000000002,0.04000000000000001,0,full
ACT,126,6000168,metaworld,False,200,1.082087485003285,0,0,0,0,0.0,,False,True,timeout,0.4,40.0,0.16000000000000003,0.010000000000000002,0.04000000000000001,0,full
ACT,127,6000169,metaworld,False,200,0.7647472280004877,0,0,0,0,0.0,,False,True,object_dropped,0.4,40.0,0.16000000000000003,0.010000000000000002,0.04000000000000001,0,full
ACT,128,6000170,metaworld,False,200,1.13811126300061,0,0,0,0,0.0,,False,True,timeout,0.4,40.0,0.16000000000000003,0.010000000000000002,0.04000000000000001,0,full
ACT,129,6000171,metaworld,False,200,1.4023021510001854,0,0,0,0,0.0,,False,True,timeout,0.4,40.0,0.16000000000000003,0.010000000000000002,0.04000000000000001,0,full
ACT,130,6000172,metaworld,False,200,1.150011101999553,0,0,0,0,0.0,,False,True,timeout,0.4,40.0,0.16000000000000003,0.010000000000000002,0.04000000000000001,0,full
ACT,131,6000173,metaworld,False,200,1.0686812849999114,0,0,0,0,0.0,,False,True,timeout,0.4,40.0,0.16000000000000003,0.010000000000000002,0.04000000000000001,0,full
ACT,132,6000174,metaworld,True,60,0.277682856998581,0,0,0,0,0.0,,True,False,,0.4,40.0,0.16000000000000003,0.010000000000000002,0.04000000000000001,0,full
ACT,133,6000175,metaworld,True,60,0.49074555200058967,0,0,0,0,0.0,,True,False,,0.4,40.0,0.16000000000000003,0.010000000000000002,0.04000000000000001,0,full
ACT,134,6000176,metaworld,False,200,0.873046044001967,0,0,0,0,0.0,,False,True,timeout,0.4,40.0,0.16000000000000003,0.010000000000000002,0.04000000000000001,0,full
ACT,135,6000177,metaworld,False,200,0.6015982089993486,0,0,0,0,0.0,,False,True,timeout,0.4,40.0,0.16000000000000003,0.010000000000000002,0.04000000000000001,0,full
ACT,136,6000178,metaworld,False,200,1.0845305039983941,0,0,0,0,0.0,,False,True,timeout,0.4,40.0,0.16000000000000003,0.010000000000000002,0.04000000000000001,0,full
ACT,137,6000179,metaworld,False,200,0.6736349130005692,0,0,0,0,0.0,,False,True,timeout,0.4,40.0,0.16000000000000003,0.010000000000000002,0.04000000000000001,0,full
ACT,138,6000180,metaworld,False,200,0.7920644459991308,0,0,0,0,0.0,,False,True,timeout,0.4,40.0,0.16000000000000003,0.010000000000000002,0.04000000000000001,0,full
ACT,139,6000181,metaworld,False,200,1.266321847000654,0,0,0,0,0.0,,False,True,timeout,0.4,40.0,0.16000000000000003,0.010000000000000002,0.04000000000000001,0,full
ACT,140,6000182,metaworld,False,200,0.9737867000003462,0,0,0,0,0.0,,False,True,timeout,0.4,40.0,0.16000000000000003,0.010000000000000002,0.04000000000000001,0,full
ACT,141,6000183,metaworld,False,200,0.5615158580003481,0,0,0,0,0.0,,False,True,timeout,0.4,40.0,0.16000000000000003,0.010000000000000002,0.04000000000000001,0,full
ACT,142,6000184,metaworld,False,200,0.9177113149999059,0,0,0,0,0.0,,False,True,object_dropped,0.4,40.0,0.16000000000000003,0.010000000000000002,0.04000000000000001,0,full
ACT,143,6000185,metaworld,True,54,0.2881335300007777,0,0,0,0,0.0,,True,False,,0.4,40.0,0.16000000000000003,0.010000000000000002,0.04000000000000001,0,full
ACT,144,6000186,metaworld,False,200,0.8323875499991118,0,0,0,0,0.0,,False,True,timeout,0.4,40.0,0.16000000000000003,0.010000000000000002,0.04000000000000001,0,full
ACT,145,6000187,metaworld,True,53,0.3100295819967869,0,0,0,0,0.0,,True,False,,0.4,40.0,0.16000000000000003,0.010000000000000002,0.04000000000000001,0,full
ACT,146,6000188,metaworld,False,200,0.7982502999984717,0,0,0,0,0.0,,False,True,timeout,0.4,40.0,0.16000000000000003,0.010000000000000002,0.04000000000000001,0,full
ACT,147,6000189,metaworld,False,200,1.1649858579985448,0,0,0,0,0.0,,False,True,object_dropped,0.4,40.0,0.16000000000000003,0.010000000000000002,0.04000000000000001,0,full
ACT,148,6000190,metaworld,False,200,1.0756151210007374,0,0,0,0,0.0,,False,True,timeout,0.4,40.0,0.16000000000000003,0.010000000000000002,0.04000000000000001,0,full
ACT,149,6000191,metaworld,False,200,1.4587756969995098,0,0,0,0,0.0,,False,True,timeout,0.4,40.0,0.16000000000000003,0.010000000000000002,0.04000000000000001,0,full
ACT,150,6000192,metaworld,False,200,0.9482382080022944,0,0,0,0,0.0,,False,True,timeout,0.4,40.0,0.16000000000000003,0.010000000000000002,0.04000000000000001,0,full
ACT,151,6000193,metaworld,False,200,1.511590375997912,0,0,0,0,0.0,,False,True,timeout,0.4,40.0,0.16000000000000003,0.010000000000000002,0.04000000000000001,0,full
ACT,152,6000194,metaworld,False,200,0.9121369360000244,0,0,0,0,0.0,,False,True,timeout,0.4,40.0,0.16000000000000003,0.010000000000000002,0.04000000000000001,0,full
ACT,153,6000195,metaworld,False,200,1.4194357190026494,0,0,0,0,0.0,,False,True,object_dropped,0.4,40.0,0.16000000000000003,0.010000000000000002,0.04000000000000001,0,full
ACT,154,6000196,metaworld,False,200,1.3289820799982408,0,0,0,0,0.0,,False,True,timeout,0.4,40.0,0.16000000000000003,0.010000000000000002,0.04000000000000001,0,full
ACT,155,6000197,metaworld,False,200,1.0101723519983352,0,0,0,0,0.0,,False,True,timeout,0.4,40.0,0.16000000000000003,0.010000000000000002,0.04000000000000001,0,full
ACT,156,6000198,metaworld,False,200,0.9169053149998945,0,0,0,0,0.0,,False,True,object_dropped,0.4,40.0,0.16000000000000003,0.010000000000000002,0.04000000000000001,0,full
ACT,157,6000199,metaworld,False,200,0.7688500029980787,0,0,0,0,0.0,,False,True,timeout,0.4,40.0,0.16000000000000003,0.010000000000000002,0.04000000000000001,0,full
ACT,158,6000200,metaworld,False,200,0.732600735998858,0,0,0,0,0.0,,False,True,timeout,0.4,40.0,0.16000000000000003,0.010000000000000002,0.04000000000000001,0,full
ACT,159,6000201,metaworld,False,200,0.7131864219991257,0,0,0,0,0.0,,False,True,timeout,0.4,40.0,0.16000000000000003,0.010000000000000002,0.04000000000000001,0,full
ACT,160,6000202,metaworld,False,200,0.5842399430002843,0,0,0,0,0.0,,False,True,timeout,0.4,40.0,0.16000000000000003,0.010000000000000002,0.04000000000000001,0,full
ACT,161,6000203,metaworld,False,200,0.6211958160020004,0,0,0,0,0.0,,False,True,timeout,0.4,40.0,0.16000000000000003,0.010000000000000002,0.04000000000000001,0,full
ACT,162,6000204,metaworld,False,200,0.6300533719986561,0,0,0,0,0.0,,False,True,timeout,0.4,40.0,0.16000000000000003,0.010000000000000002,0.04000000000000001,0,full
ACT,163,6000205,metaworld,False,200,0.5636106679994555,0,0,0,0,0.0,,False,True,timeout,0.4,40.0,0.16000000000000003,0.010000000000000002,0.04000000000000001,0,full
ACT,164,6000206,metaworld,True,51,0.15651576699747238,0,0,0,0,0.0,,True,False,,0.4,40.0,0.16000000000000003,0.010000000000000002,0.04000000000000001,0,full
ACT,165,6000207,metaworld,False,200,0.6592809050016513,0,0,0,0,0.0,,False,True,timeout,0.4,40.0,0.16000000000000003,0.010000000000000002,0.04000000000000001,0,full
ACT,166,6000208,metaworld,False,200,0.8111475910009176,0,0,0,0,0.0,,False,True,timeout,0.4,40.0,0.16000000000000003,0.010000000000000002,0.04000000000000001,0,full
ACT,167,6000209,metaworld,False,200,1.2900596320032491,0,0,0,0,0.0,,False,True,object_dropped,0.4,40.0,0.16000000000000003,0.010000000000000002,0.04000000000000001,0,full
ACT,168,6000210,metaworld,False,200,0.5335023240004375,0,0,0,0,0.0,,False,True,timeout,0.4,40.0,0.16000000000000003,0.010000000000000002,0.04000000000000001,0,full
ACT,169,6000211,metaworld,False,200,0.8147812549977971,0,0,0,0,0.0,,False,True,timeout,0.4,40.0,0.16000000000000003,0.010000000000000002,0.04000000000000001,0,full
ACT,170,6000212,metaworld,False,200,1.255188407998503,0,0,0,0,0.0,,False,True,timeout,0.4,40.0,0.16000000000000003,0.010000000000000002,0.04000000000000001,0,full
ACT,171,6000213,metaworld,False,200,1.6930620490020374,0,0,0,0,0.0,,False,True,timeout,0.4,40.0,0.16000000000000003,0.010000000000000002,0.04000000000000001,0,full
ACT,172,6000214,metaworld,False,200,1.353247694001766,0,0,0,0,0.0,,False,True,timeout,0.4,40.0,0.16000000000000003,0.010000000000000002,0.04000000000000001,0,full
ACT,173,6000215,metaworld,False,200,1.4649522090003302,0,0,0,0,0.0,,False,True,timeout,0.4,40.0,0.16000000000000003,0.010000000000000002,0.04000000000000001,0,full
ACT,174,6000216,metaworld,False,200,0.9587352220005414,0,0,0,0,0.0,,False,True,timeout,0.4,40.0,0.16000000000000003,0.010000000000000002,0.04000000000000001,0,full
ACT,175,6000217,metaworld,False,200,0.9463601610004844,0,0,0,0,0.0,,False,True,timeout,0.4,40.0,0.16000000000000003,0.010000000000000002,0.04000000000000001,0,full
ACT,176,6000218,metaworld,False,200,1.0727153699990595,0,0,0,0,0.0,,False,True,timeout,0.4,40.0,0.16000000000000003,0.010000000000000002,0.04000000000000001,0,full
ACT,177,6000219,metaworld,False,200,0.5569079840024642,0,0,0,0,0.0,,False,True,timeout,0.4,40.0,0.16000000000000003,0.010000000000000002,0.04000000000000001,0,full
ACT,178,6000220,metaworld,False,200,1.0254790740000317,0,0,0,0,0.0,,False,True,timeout,0.4,40.0,0.16000000000000003,0.010000000000000002,0.04000000000000001,0,full
ACT,179,6000221,metaworld,False,200,1.4266189419977309,0,0,0,0,0.0,,False,True,timeout,0.4,40.0,0.16000000000000003,0.010000000000000002,0.04000000000000001,0,full
ACT,180,6000222,metaworld,False,200,1.172787090003112,0,0,0,0,0.0,,False,True,timeout,0.4,40.0,0.16000000000000003,0.010000000000000002,0.04000000000000001,0,full
ACT,181,6000223,metaworld,True,53,0.4741248889986309,0,0,0,0,0.0,,True,False,,0.4,40.0,0.16000000000000003,0.010000000000000002,0.04000000000000001,0,full
ACT,182,6000224,metaworld,True,65,0.3372396980012127,0,0,0,0,0.0,,True,False,,0.4,40.0,0.16000000000000003,0.010000000000000002,0.04000000000000001,0,full
ACT,183,6000225,metaworld,True,55,0.2903245820016309,0,0,0,0,0.0,,True,False,,0.4,40.0,0.16000000000000003,0.010000000000000002,0.04000000000000001,0,full
ACT,184,6000226,metaworld,False,200,1.1130418389984698,0,0,0,0,0.0,,False,True,timeout,0.4,40.0,0.16000000000000003,0.010000000000000002,0.04000000000000001,0,full
ACT,185,6000227,metaworld,False,200,0.9573971160025394,0,0,0,0,0.0,,False,True,object_dropped,0.4,40.0,0.16000000000000003,0.010000000000000002,0.04000000000000001,0,full
ACT,186,6000228,metaworld,False,200,1.1166196609992767,0,0,0,0,0.0,,False,True,timeout,0.4,40.0,0.16000000000000003,0.010000000000000002,0.04000000000000001,0,full
ACT,187,6000229,metaworld,False,200,1.2146575859987934,0,0,0,0,0.0,,False,True,timeout,0.4,40.0,0.16000000000000003,0.010000000000000002,0.04000000000000001,0,full
ACT,188,6000230,metaworld,False,200,0.7692959640007757,0,0,0,0,0.0,,False,True,timeout,0.4,40.0,0.16000000000000003,0.010000000000000002,0.04000000000000001,0,full
ACT,189,6000231,metaworld,False,200,1.318679048003105,0,0,0,0,0.0,,False,True,timeout,0.4,40.0,0.16000000000000003,0.010000000000000002,0.04000000000000001,0,full
ACT,190,6000232,metaworld,False,200,1.3609405459974369,0,0,0,0,0.0,,False,True,timeout,0.4,40.0,0.16000000000000003,0.010000000000000002,0.04000000000000001,0,full
ACT,191,6000233,metaworld,False,200,0.6814161960028287,0,0,0,0,0.0,,False,True,timeout,0.4,40.0,0.16000000000000003,0.010000000000000002,0.04000000000000001,0,full
ACT,192,6000234,metaworld,True,60,0.16959956800201326,0,0,0,0,0.0,,True,False,,0.4,40.0,0.16000000000000003,0.010000000000000002,0.04000000000000001,0,full
ACT,193,6000235,metaworld,False,200,0.6453563630020653,0,0,0,0,0.0,,False,True,timeout,0.4,40.0,0.16000000000000003,0.010000000000000002,0.04000000000000001,0,full
ACT,194,6000236,metaworld,False,200,0.9221811900024477,0,0,0,0,0.0,,False,True,timeout,0.4,40.0,0.16000000000000003,0.010000000000000002,0.04000000000000001,0,full
ACT,195,6000237,metaworld,False,200,0.7185061030031648,0,0,0,0,0.0,,False,True,timeout,0.4,40.0,0.16000000000000003,0.010000000000000002,0.04000000000000001,0,full
ACT,196,6000238,metaworld,False,200,0.7665886260001571,0,0,0,0,0.0,,False,True,timeout,0.4,40.0,0.16000000000000003,0.010000000000000002,0.04000000000000001,0,full
ACT,197,6000239,metaworld,True,61,0.23864510500061442,0,0,0,0,0.0,,True,False,,0.4,40.0,0.16000000000000003,0.010000000000000002,0.04000000000000001,0,full
ACT,198,6000240,metaworld,False,200,1.0005154630016477,0,0,0,0,0.0,,False,True,timeout,0.4,40.0,0.16000000000000003,0.010000000000000002,0.04000000000000001,0,full
ACT,199,6000241,metaworld,False,200,0.9171625210001366,0,0,0,0,0.0,,False,True,object_dropped,0.4,40.0,0.16000000000000003,0.010000000000000002,0.04000000000000001,0,full
REIM (ACT + Detector + Recovery),0,6000042,metaworld,True,51,0.4675119210005505,1,1,1,36,0.23818562924861908,task_success_while_recovery_active_per_intervention,True,False,,0.4,40.0,0.16000000000000003,0.010000000000000002,0.04000000000000001,0,full
REIM (ACT + Detector + Recovery),1,6000043,metaworld,True,72,0.32454025900005945,1,1,1,13,0.24033911526203156,task_success_while_recovery_active_per_intervention,True,False,,0.4,40.0,0.16000000000000003,0.010000000000000002,0.04000000000000001,0,full
REIM (ACT + Detector + Recovery),2,6000044,metaworld,True,62,0.2923823010023625,1,1,1,41,0.4201343357563019,task_success_while_recovery_active_per_intervention,True,False,,0.4,40.0,0.16000000000000003,0.010000000000000002,0.04000000000000001,0,full
REIM (ACT + Detector + Recovery),3,6000045,metaworld,True,59,0.1726688689996081,0,0,0,0,0.17873615026474,task_success_while_recovery_active_per_intervention,True,False,,0.4,40.0,0.16000000000000003,0.010000000000000002,0.04000000000000001,0,full
REIM (ACT + Detector + Recovery),4,6000046,metaworld,True,53,0.225128362999385,1,1,1,42,0.3799836039543152,task_success_while_recovery_active_per_intervention,True,False,,0.4,40.0,0.16000000000000003,0.010000000000000002,0.04000000000000001,0,full
REIM (ACT + Detector + Recovery),5,6000047,metaworld,False,200,1.2329147060008836,1,0,1,150,0.9992254972457886,task_success_while_recovery_active_per_intervention,False,True,timeout,0.4,40.0,0.16000000000000003,0.010000000000000002,0.04000000000000001,0,full
REIM (ACT + Detector + Recovery),6,6000048,metaworld,True,54,0.20604004399865516,1,1,1,38,0.22128233313560486,task_success_while_recovery_active_per_intervention,True,False,,0.4,40.0,0.16000000000000003,0.010000000000000002,0.04000000000000001,0,full
REIM (ACT + Detector + Recovery),7,6000049,metaworld,False,200,1.2035330559992872,1,0,1,150,0.9804058074951172,task_success_while_recovery_active_per_intervention,False,True,timeout,0.4,40.0,0.16000000000000003,0.010000000000000002,0.04000000000000001,0,full
REIM (ACT + Detector + Recovery),8,6000050,metaworld,False,200,1.0765011460025562,1,0,1,150,0.994683563709259,task_success_while_recovery_active_per_intervention,False,True,timeout,0.4,40.0,0.16000000000000003,0.010000000000000002,0.04000000000000001,0,full
REIM (ACT + Detector + Recovery),9,6000051,metaworld,False,200,0.8105610499987961,1,0,1,150,0.9973635077476501,task_success_while_recovery_active_per_intervention,False,True,timeout,0.4,40.0,0.16000000000000003,0.010000000000000002,0.04000000000000001,0,full
REIM (ACT + Detector + Recovery),10,6000052,metaworld,True,50,0.10915345399916987,1,1,1,33,0.25219595432281494,task_success_while_recovery_active_per_intervention,True,False,,0.4,40.0,0.16000000000000003,0.010000000000000002,0.04000000000000001,0,full
REIM (ACT + Detector + Recovery),11,6000053,metaworld,False,200,0.43497724199914956,1,0,1,149,0.9997667670249939,task_success_while_recovery_active_per_intervention,False,True,timeout,0.4,40.0,0.16000000000000003,0.010000000000000002,0.04000000000000001,0,full
REIM (ACT + Detector + Recovery),12,6000054,metaworld,False,200,0.43927023700234713,1,0,1,150,0.9612545371055603,task_success_while_recovery_active_per_intervention,False,True,timeout,0.4,40.0,0.16000000000000003,0.010000000000000002,0.04000000000000001,0,full
REIM (ACT + Detector + Recovery),13,6000055,metaworld,False,200,0.6755546690001211,1,0,1,150,0.9889160394668579,task_success_while_recovery_active_per_intervention,False,True,object_dropped,0.4,40.0,0.16000000000000003,0.010000000000000002,0.04000000000000001,0,full
REIM (ACT + Detector + Recovery),14,6000056,metaworld,False,200,0.6711944980015687,1,0,1,150,0.9948144555091858,task_success_while_recovery_active_per_intervention,False,True,object_dropped,0.4,40.0,0.16000000000000003,0.010000000000000002,0.04000000000000001,0,full
REIM (ACT + Detector + Recovery),15,6000057,metaworld,True,47,0.09713208899847814,1,1,1,41,0.5956161618232727,task_success_while_recovery_active_per_intervention,True,False,,0.4,40.0,0.16000000000000003,0.010000000000000002,0.04000000000000001,0,full
REIM (ACT + Detector + Recovery),16,6000058,metaworld,True,53,0.11223006899672328,1,1,1,35,0.24579183757305145,task_success_while_recovery_active_per_intervention,True,False,,0.4,40.0,0.16000000000000003,0.010000000000000002,0.04000000000000001,0,full
REIM (ACT + Detector + Recovery),17,6000059,metaworld,True,61,0.13133211500098696,1,1,1,49,0.3864757716655731,task_success_while_recovery_active_per_intervention,True,False,,0.4,40.0,0.16000000000000003,0.010000000000000002,0.04000000000000001,0,full
REIM (ACT + Detector + Recovery),18,6000060,metaworld,True,42,0.09111207200112403,1,1,1,29,0.363538533449173,task_success_while_recovery_active_per_intervention,True,False,,0.4,40.0,0.16000000000000003,0.010000000000000002,0.04000000000000001,0,full
REIM (ACT + Detector + Recovery),19,6000061,metaworld,False,200,0.44027455399918836,1,0,1,150,0.9993378520011902,task_success_while_recovery_active_per_intervention,False,True,timeout,0.4,40.0,0.16000000000000003,0.010000000000000002,0.04000000000000001,0,full
REIM (ACT + Detector + Recovery),20,6000062,metaworld,True,55,0.11742378200142412,1,1,1,37,0.24751663208007812,task_success_while_recovery_active_per_intervention,True,False,,0.4,40.0,0.16000000000000003,0.010000000000000002,0.04000000000000001,0,full
REIM (ACT + Detector + Recovery),21,6000063,metaworld,True,53,0.11966260999906808,1,1,1,34,0.2811489403247833,task_success_while_recovery_active_per_intervention,True,False,,0.4,40.0,0.16000000000000003,0.010000000000000002,0.04000000000000001,0,full
REIM (ACT + Detector + Recovery),22,6000064,metaworld,False,200,0.43991507200189517,1,0,1,150,0.9716835021972656,task_success_while_recovery_active_per_intervention,False,True,timeout,0.4,40.0,0.16000000000000003,0.010000000000000002,0.04000000000000001,0,full
REIM (ACT + Detector + Recovery),23,6000065,metaworld,True,51,0.10984933299914701,1,1,1,40,0.36357489228248596,task_success_while_recovery_active_per_intervention,True,False,,0.4,40.0,0.16000000000000003,0.010000000000000002,0.04000000000000001,0,full
REIM (ACT + Detector + Recovery),24,6000066,metaworld,False,200,0.4306439540014253,1,0,1,150,0.9278680086135864,task_success_while_recovery_active_per_intervention,False,True,timeout,0.4,40.0,0.16000000000000003,0.010000000000000002,0.04000000000000001,0,full
REIM (ACT + Detector + Recovery),25,6000067,metaworld,True,62,0.1360342829975707,0,0,0,0,0.17891037464141846,task_success_while_recovery_active_per_intervention,True,False,,0.4,40.0,0.16000000000000003,0.010000000000000002,0.04000000000000001,0,full
REIM (ACT + Detector + Recovery),26,6000068,metaworld,True,55,0.10777277699889964,1,1,1,37,0.43008285760879517,task_success_while_recovery_active_per_intervention,True,False,,0.4,40.0,0.16000000000000003,0.010000000000000002,0.04000000000000001,0,full
REIM (ACT + Detector + Recovery),27,6000069,metaworld,False,200,0.4450409299970488,1,0,1,150,0.9759331345558167,task_success_while_recovery_active_per_intervention,False,True,timeout,0.4,40.0,0.16000000000000003,0.010000000000000002,0.04000000000000001,0,full
REIM (ACT + Detector + Recovery),28,6000070,metaworld,False,200,0.43811809700127924,1,0,1,144,0.9968996047973633,task_success_while_recovery_active_per_intervention,False,True,timeout,0.4,40.0,0.16000000000000003,0.010000000000000002,0.04000000000000001,0,full
REIM (ACT + Detector + Recovery),29,6000071,metaworld,False,200,0.4355960499997309,1,0,1,150,0.9112359881401062,task_success_while_recovery_active_per_intervention,False,True,object_dropped,0.4,40.0,0.16000000000000003,0.010000000000000002,0.04000000000000001,0,full
REIM (ACT + Detector + Recovery),30,6000072,metaworld,False,200,0.428252876001352,1,0,1,150,0.9853217601776123,task_success_while_recovery_active_per_intervention,False,True,timeout,0.4,40.0,0.16000000000000003,0.010000000000000002,0.04000000000000001,0,full
REIM (ACT + Detector + Recovery),31,6000073,metaworld,True,54,0.11053469100079383,1,1,1,41,0.2034064084291458,task_success_while_recovery_active_per_intervention,True,False,,0.4,40.0,0.16000000000000003,0.010000000000000002,0.04000000000000001,0,full
REIM (ACT + Detector + Recovery),32,6000074,metaworld,True,47,0.10144084200146608,1,1,1,37,0.31572121381759644,task_success_while_recovery_active_per_intervention,True,False,,0.4,40.0,0.16000000000000003,0.010000000000000002,0.04000000000000001,0,full
REIM (ACT + Detector + Recovery),33,6000075,metaworld,True,52,0.11383390799892368,1,1,1,43,0.44716063141822815,task_success_while_recovery_active_per_intervention,True,False,,0.4,40.0,0.16000000000000003,0.010000000000000002,0.04000000000000001,0,full
REIM (ACT + Detector + Recovery),34,6000076,metaworld,True,56,0.12239519499780727,1,1,1,44,0.4405179023742676,task_success_while_recovery_active_per_intervention,True,False,,0.4,40.0,0.16000000000000003,0.010000000000000002,0.04000000000000001,0,full
REIM (ACT + Detector + Recovery),35,6000077,metaworld,True,55,0.12082168200140586,1,1,1,39,0.34924158453941345,task_success_while_recovery_active_per_intervention,True,False,,0.4,40.0,0.16000000000000003,0.010000000000000002,0.04000000000000001,0,full
REIM (ACT + Detector + Recovery),36,6000078,metaworld,False,200,0.44783570499930647,1,0,1,150,0.9982919096946716,task_success_while_recovery_active_per_intervention,False,True,timeout,0.4,40.0,0.16000000000000003,0.010000000000000002,0.04000000000000001,0,full
REIM (ACT + Detector + Recovery),37,6000079,metaworld,True,55,0.11476547200072673,1,1,1,37,0.4054858982563019,task_success_while_recovery_active_per_intervention,True,False,,0.4,40.0,0.16000000000000003,0.010000000000000002,0.04000000000000001,0,full
REIM (ACT + Detector + Recovery),38,6000080,metaworld,True,48,0.1011572610004805,1,1,1,29,0.25575217604637146,task_success_while_recovery_active_per_intervention,True,False,,0.4,40.0,0.16000000000000003,0.010000000000000002,0.04000000000000001,0,full
REIM (ACT + Detector + Recovery),39,6000081,metaworld,False,200,0.43240099199829274,1,0,1,150,0.9877138137817383,task_success_while_recovery_active_per_intervention,False,True,timeout,0.4,40.0,0.16000000000000003,0.010000000000000002,0.04000000000000001,0,full
REIM (ACT + Detector + Recovery),40,6000082,metaworld,False,200,0.6384973610001907,1,0,1,150,0.9328495860099792,task_success_while_recovery_active_per_intervention,False,True,timeout,0.4,40.0,0.16000000000000003,0.010000000000000002,0.04000000000000001,0,full
REIM (ACT + Detector + Recovery),41,6000083,metaworld,False,200,0.6374563470017165,1,0,1,150,0.9995444416999817,task_success_while_recovery_active_per_intervention,False,True,object_dropped,0.4,40.0,0.16000000000000003,0.010000000000000002,0.04000000000000001,0,full
REIM (ACT + Detector + Recovery),42,6000084,metaworld,True,56,0.11765137999827857,1,1,1,27,0.2917393147945404,task_success_while_recovery_active_per_intervention,True,False,,0.4,40.0,0.16000000000000003,0.010000000000000002,0.04000000000000001,0,full
REIM (ACT + Detector + Recovery),43,6000085,metaworld,True,54,0.11766351600090275,1,1,1,32,0.23010174930095673,task_success_while_recovery_active_per_intervention,True,False,,0.4,40.0,0.16000000000000003,0.010000000000000002,0.04000000000000001,0,full
REIM (ACT + Detector + Recovery),44,6000086,metaworld,True,53,0.1136245890011196,1,1,1,28,0.26843082904815674,task_success_while_recovery_active_per_intervention,True,False,,0.4,40.0,0.16000000000000003,0.010000000000000002,0.04000000000000001,0,full
REIM (ACT + Detector + Recovery),45,6000087,metaworld,True,55,0.11988502199892537,1,1,1,42,0.21477970480918884,task_success_while_recovery_active_per_intervention,True,False,,0.4,40.0,0.16000000000000003,0.010000000000000002,0.04000000000000001,0,full
REIM (ACT + Detector + Recovery),46,6000088,metaworld,True,69,0.1487663900006737,1,1,1,58,0.49433594942092896,task_success_while_recovery_active_per_intervention,True,False,,0.4,40.0,0.16000000000000003,0.010000000000000002,0.04000000000000001,0,full
REIM (ACT + Detector + Recovery),47,6000089,metaworld,False,200,0.4266507370011823,1,0,1,150,0.9355068802833557,task_success_while_recovery_active_per_intervention,False,True,timeout,0.4,40.0,0.16000000000000003,0.010000000000000002,0.04000000000000001,0,full
REIM (ACT + Detector + Recovery),48,6000090,metaworld,True,53,0.11164082899995265,1,1,1,43,0.4645101726055145,task_success_while_recovery_active_per_intervention,True,False,,0.4,40.0,0.16000000000000003,0.010000000000000002,0.04000000000000001,0,full
REIM (ACT + Detector + Recovery),49,6000091,metaworld,True,52,0.10963772100149072,1,1,1,26,0.2573758661746979,task_success_while_recovery_active_per_intervention,True,False,,0.4,40.0,0.16000000000000003,0.010000000000000002,0.04000000000000001,0,full
REIM (ACT + Detector + Recovery),50,6000092,metaworld,False,200,0.447550336997665,1,0,1,150,0.9321979880332947,task_success_while_recovery_active_per_intervention,False,True,timeout,0.4,40.0,0.16000000000000003,0.010000000000000002,0.04000000000000001,0,full
REIM (ACT + Detector + Recovery),51,6000093,metaworld,True,61,0.13197675599803915,1,1,1,44,0.25538432598114014,task_success_while_recovery_active_per_intervention,True,False,,0.4,40.0,0.16000000000000003,0.010000000000000002,0.04000000000000001,0,full
REIM (ACT + Detector + Recovery),52,6000094,metaworld,False,200,0.44491371900221566,1,0,1,150,0.997499406337738,task_success_while_recovery_active_per_intervention,False,True,timeout,0.4,40.0,0.16000000000000003,0.010000000000000002,0.04000000000000001,0,full
REIM (ACT + Detector + Recovery),53,6000095,metaworld,False,200,0.42632995700114407,1,0,1,150,0.9715893268585205,task_success_while_recovery_active_per_intervention,False,True,timeout,0.4,40.0,0.16000000000000003,0.010000000000000002,0.04000000000000001,0,full
REIM (ACT + Detector + Recovery),54,6000096,metaworld,False,200,0.42496206400028314,1,0,1,150,0.9998216032981873,task_success_while_recovery_active_per_intervention,False,True,timeout,0.4,40.0,0.16000000000000003,0.010000000000000002,0.04000000000000001,0,full
REIM (ACT + Detector + Recovery),55,6000097,metaworld,True,53,0.11740703200121061,1,1,1,46,0.46020975708961487,task_success_while_recovery_active_per_intervention,True,False,,0.4,40.0,0.16000000000000003,0.010000000000000002,0.04000000000000001,0,full
REIM (ACT + Detector + Recovery),56,6000098,metaworld,True,44,0.09108367400040152,1,1,1,15,0.2011609524488449,task_success_while_recovery_active_per_intervention,True,False,,0.4,40.0,0.16000000000000003,0.010000000000000002,0.04000000000000001,0,full
REIM (ACT + Detector + Recovery),57,6000099,metaworld,True,52,0.11475706399869523,1,1,1,43,0.4788721203804016,task_success_while_recovery_active_per_intervention,True,False,,0.4,40.0,0.16000000000000003,0.010000000000000002,0.04000000000000001,0,full
REIM (ACT + Detector + Recovery),58,6000100,metaworld,True,52,0.11644938199970056,1,1,1,39,0.2731723487377167,task_success_while_recovery_active_per_intervention,True,False,,0.4,40.0,0.16000000000000003,0.010000000000000002,0.04000000000000001,0,full
REIM (ACT + Detector + Recovery),59,6000101,metaworld,False,200,0.4389846090016363,1,0,1,150,0.9994350075721741,task_success_while_recovery_active_per_intervention,False,True,timeout,0.4,40.0,0.16000000000000003,0.010000000000000002,0.04000000000000001,0,full
REIM (ACT + Detector + Recovery),60,6000102,metaworld,True,59,0.12834246399870608,1,1,1,49,0.26444584131240845,task_success_while_recovery_active_per_intervention,True,False,,0.4,40.0,0.16000000000000003,0.010000000000000002,0.04000000000000001,0,full
REIM (ACT + Detector + Recovery),61,6000103,metaworld,True,51,0.10935297400283162,1,1,1,31,0.4598274230957031,task_success_while_recovery_active_per_intervention,True,False,,0.4,40.0,0.16000000000000003,0.010000000000000002,0.04000000000000001,0,full
REIM (ACT + Detector + Recovery),62,6000104,metaworld,False,200,0.42552535599679686,1,0,1,132,0.9981350898742676,task_success_while_recovery_active_per_intervention,False,True,timeout,0.4,40.0,0.16000000000000003,0.010000000000000002,0.04000000000000001,0,full
REIM (ACT + Detector + Recovery),63,6000105,metaworld,True,49,0.10394488300153171,1,1,1,29,0.21713325381278992,task_success_while_recovery_active_per_intervention,True,False,,0.4,40.0,0.16000000000000003,0.010000000000000002,0.04000000000000001,0,full
REIM (ACT + Detector + Recovery),64,6000106,metaworld,True,58,0.1263062580001133,0,0,0,0,0.0984007865190506,task_success_while_recovery_active_per_intervention,True,False,,0.4,40.0,0.16000000000000003,0.010000000000000002,0.04000000000000001,0,full
REIM (ACT + Detector + Recovery),65,6000107,metaworld,True,70,0.1410587520003901,1,1,1,51,0.330282986164093,task_success_while_recovery_active_per_intervention,True,False,,0.4,40.0,0.16000000000000003,0.010000000000000002,0.04000000000000001,0,full
REIM (ACT + Detector + Recovery),66,6000108,metaworld,False,200,0.43541801500032307,1,0,1,150,0.9844998121261597,task_success_while_recovery_active_per_intervention,False,True,timeout,0.4,40.0,0.16000000000000003,0.010000000000000002,0.04000000000000001,0,full
REIM (ACT + Detector + Recovery),67,6000109,metaworld,True,57,0.12616276900007506,0,0,0,0,0.1549099236726761,task_success_while_recovery_active_per_intervention,True,False,,0.4,40.0,0.16000000000000003,0.010000000000000002,0.04000000000000001,0,full
REIM (ACT + Detector + Recovery),68,6000110,metaworld,False,200,0.4355564149991551,1,0,1,150,0.9943218231201172,task_success_while_recovery_active_per_intervention,False,True,timeout,0.4,40.0,0.16000000000000003,0.010000000000000002,0.04000000000000001,0,full
REIM (ACT + Detector + Recovery),69,6000111,metaworld,False,200,0.4313128290013992,1,0,1,150,0.9932745695114136,task_success_while_recovery_active_per_intervention,False,True,timeout,0.4,40.0,0.16000000000000003,0.010000000000000002,0.04000000000000001,0,full
REIM (ACT + Detector + Recovery),70,6000112,metaworld,True,55,0.11326178099989193,1,1,1,44,0.28914034366607666,task_success_while_recovery_active_per_intervention,True,False,,0.4,40.0,0.16000000000000003,0.010000000000000002,0.04000000000000001,0,full
REIM (ACT + Detector + Recovery),71,6000113,metaworld,True,53,0.11351365800146596,1,1,1,40,0.29812031984329224,task_success_while_recovery_active_per_intervention,True,False,,0.4,40.0,0.16000000000000003,0.010000000000000002,0.04000000000000001,0,full
REIM (ACT + Detector + Recovery),72,6000114,metaworld,True,46,0.09963770600006683,1,1,1,39,0.614228367805481,task_success_while_recovery_active_per_intervention,True,False,,0.4,40.0,0.16000000000000003,0.010000000000000002,0.04000000000000001,0,full
REIM (ACT + Detector + Recovery),73,6000115,metaworld,False,200,0.43568069100001594,1,0,1,150,0.9392222166061401,task_success_while_recovery_active_per_intervention,False,True,timeout,0.4,40.0,0.16000000000000003,0.010000000000000002,0.04000000000000001,0,full
REIM (ACT + Detector + Recovery),74,6000116,metaworld,False,200,0.4399428850010736,1,0,1,150,0.9910978674888611,task_success_while_recovery_active_per_intervention,False,True,object_dropped,0.4,40.0,0.16000000000000003,0.010000000000000002,0.04000000000000001,0,full
REIM (ACT + Detector + Recovery),75,6000117,metaworld,True,58,0.12660425799913355,1,1,1,35,0.21454086899757385,task_success_while_recovery_active_per_intervention,True,False,,0.4,40.0,0.16000000000000003,0.010000000000000002,0.04000000000000001,0,full
REIM (ACT + Detector + Recovery),76,6000118,metaworld,False,200,0.4332738060002157,1,0,1,150,0.9996191263198853,task_success_while_recovery_active_per_intervention,False,True,timeout,0.4,40.0,0.16000000000000003,0.010000000000000002,0.04000000000000001,0,full
REIM (ACT + Detector + Recovery),77,6000119,metaworld,False,200,0.42789042699951096,1,0,1,150,0.9982695579528809,task_success_while_recovery_active_per_intervention,False,True,timeout,0.4,40.0,0.16000000000000003,0.010000000000000002,0.04000000000000001,0,full
REIM (ACT + Detector + Recovery),78,6000120,metaworld,False,200,0.4275557960027072,1,0,1,150,0.9960628151893616,task_success_while_recovery_active_per_intervention,False,True,object_dropped,0.4,40.0,0.16000000000000003,0.010000000000000002,0.04000000000000001,0,full
REIM (ACT + Detector + Recovery),79,6000121,metaworld,False,200,0.42955661899759434,1,0,1,150,0.98598712682724,task_success_while_recovery_active_per_intervention,False,True,timeout,0.4,40.0,0.16000000000000003,0.010000000000000002,0.04000000000000001,0,full
REIM (ACT + Detector + Recovery),80,6000122,metaworld,False,200,0.4342879899995751,1,0,1,150,0.9509032368659973,task_success_while_recovery_active_per_intervention,False,True,timeout,0.4,40.0,0.16000000000000003,0.010000000000000002,0.04000000000000001,0,full
REIM (ACT + Detector + Recovery),81,6000123,metaworld,False,200,0.43171790699852863,1,0,1,150,0.9980975985527039,task_success_while_recovery_active_per_intervention,False,True,timeout,0.4,40.0,0.16000000000000003,0.010000000000000002,0.04000000000000001,0,full
REIM (ACT + Detector + Recovery),82,6000124,metaworld,True,54,0.11004660600156058,1,1,1,37,0.4366060793399811,task_success_while_recovery_active_per_intervention,True,False,,0.4,40.0,0.16000000000000003,0.010000000000000002,0.04000000000000001,0,full
REIM (ACT + Detector + Recovery),83,6000125,metaworld,True,47,0.10094283600119525,1,1,1,38,0.4060896933078766,task_success_while_recovery_active_per_intervention,True,False,,0.4,40.0,0.16000000000000003,0.010000000000000002,0.04000000000000001,0,full
REIM (ACT + Detector + Recovery),84,6000126,metaworld,True,190,0.41612592800083803,1,0,1,150,0.990535318851471,task_success_while_recovery_active_per_intervention,True,False,,0.4,40.0,0.16000000000000003,0.010000000000000002,0.04000000000000001,0,full
REIM (ACT + Detector + Recovery),85,6000127,metaworld,True,49,0.10234795300129917,1,1,1,33,0.38036543130874634,task_success_while_recovery_active_per_intervention,True,False,,0.4,40.0,0.16000000000000003,0.010000000000000002,0.04000000000000001,0,full
REIM (ACT + Detector + Recovery),86,6000128,metaworld,True,64,0.14179502399929333,1,1,1,32,0.31452158093452454,task_success_while_recovery_active_per_intervention,True,False,,0.4,40.0,0.16000000000000003,0.010000000000000002,0.04000000000000001,0,full
REIM (ACT + Detector + Recovery),87,6000129,metaworld,False,200,0.440907338001125,1,0,1,150,0.9943840503692627,task_success_while_recovery_active_per_intervention,False,True,timeout,0.4,40.0,0.16000000000000003,0.010000000000000002,0.04000000000000001,0,full
REIM (ACT + Detector + Recovery),88,6000130,metaworld,False,200,0.43935095999768237,1,0,1,150,0.9893643856048584,task_success_while_recovery_active_per_intervention,False,True,timeout,0.4,40.0,0.16000000000000003,0.010000000000000002,0.04000000000000001,0,full
REIM (ACT + Detector + Recovery),89,6000131,metaworld,True,67,0.1381808930018451,1,1,1,60,0.4657604396343231,task_success_while_recovery_active_per_intervention,True,False,,0.4,40.0,0.16000000000000003,0.010000000000000002,0.04000000000000001,0,full
REIM (ACT + Detector + Recovery),90,6000132,metaworld,False,200,0.43192802400153596,1,0,1,150,0.9265373349189758,task_success_while_recovery_active_per_intervention,False,True,timeout,0.4,40.0,0.16000000000000003,0.010000000000000002,0.04000000000000001,0,full
REIM (ACT + Detector + Recovery),91,6000133,metaworld,False,200,0.440058616000897,1,0,1,150,0.9937930107116699,task_success_while_recovery_active_per_intervention,False,True,timeout,0.4,40.0,0.16000000000000003,0.010000000000000002,0.04000000000000001,0,full
REIM (ACT + Detector + Recovery),92,6000134,metaworld,True,54,0.11660053299783613,1,1,1,41,0.4286442697048187,task_success_while_recovery_active_per_intervention,True,False,,0.4,40.0,0.16000000000000003,0.010000000000000002,0.04000000000000001,0,full
REIM (ACT + Detector + Recovery),93,6000135,metaworld,True,53,0.12194549099876895,0,0,0,0,0.1483972817659378,task_success_while_recovery_active_per_intervention,True,False,,0.4,40.0,0.16000000000000003,0.010000000000000002,0.04000000000000001,0,full
REIM (ACT + Detector + Recovery),94,6000136,metaworld,True,50,0.10420720199908828,1,1,1,28,0.2636508047580719,task_success_while_recovery_active_per_intervention,True,False,,0.4,40.0,0.16000000000000003,0.010000000000000002,0.04000000000000001,0,full
REIM (ACT + Detector + Recovery),95,6000137,metaworld,True,58,0.1346512439995422,1,1,1,47,0.6744905710220337,task_success_while_recovery_active_per_intervention,True,False,,0.4,40.0,0.16000000000000003,0.010000000000000002,0.04000000000000001,0,full
REIM (ACT + Detector + Recovery),96,6000138,metaworld,True,59,0.13236519699785276,1,1,1,46,0.20441856980323792,task_success_while_recovery_active_per_intervention,True,False,,0.4,40.0,0.16000000000000003,0.010000000000000002,0.04000000000000001,0,full
REIM (ACT + Detector + Recovery),97,6000139,metaworld,False,200,0.44533861099989736,1,0,1,150,0.9968956708908081,task_success_while_recovery_active_per_intervention,False,True,timeout,0.4,40.0,0.16000000000000003,0.010000000000000002,0.04000000000000001,0,full
REIM (ACT + Detector + Recovery),98,6000140,metaworld,False,200,0.43298434100142913,1,0,1,150,0.9481297135353088,task_success_while_recovery_active_per_intervention,False,True,object_dropped,0.4,40.0,0.16000000000000003,0.010000000000000002,0.04000000000000001,0,full
REIM (ACT + Detector + Recovery),99,6000141,metaworld,True,43,0.0858415580005385,1,1,1,30,0.36251702904701233,task_success_while_recovery_active_per_intervention,True,False,,0.4,40.0,0.16000000000000003,0.010000000000000002,0.04000000000000001,0,full
REIM (ACT + Detector + Recovery),100,6000142,metaworld,True,55,0.11888716899920837,1,1,1,29,0.2940808832645416,task_success_while_recovery_active_per_intervention,True,False,,0.4,40.0,0.16000000000000003,0.010000000000000002,0.04000000000000001,0,full
REIM (ACT + Detector + Recovery),101,6000143,metaworld,True,53,0.1172279400016123,0,0,0,0,0.1891719400882721,task_success_while_recovery_active_per_intervention,True,False,,0.4,40.0,0.16000000000000003,0.010000000000000002,0.04000000000000001,0,full
REIM (ACT + Detector + Recovery),102,6000144,metaworld,False,200,0.4394499720001477,1,0,1,150,0.9993777275085449,task_success_while_recovery_active_per_intervention,False,True,timeout,0.4,40.0,0.16000000000000003,0.010000000000000002,0.04000000000000001,0,full
REIM (ACT + Detector + Recovery),103,6000145,metaworld,False,200,0.43855420500040054,1,0,1,150,0.9989217519760132,task_success_while_recovery_active_per_intervention,False,True,timeout,0.4,40.0,0.16000000000000003,0.010000000000000002,0.04000000000000001,0,full
REIM (ACT + Detector + Recovery),104,6000146,metaworld,True,51,0.10538110899869935,1,1,1,34,0.2500465512275696,task_success_while_recovery_active_per_intervention,True,False,,0.4,40.0,0.16000000000000003,0.010000000000000002,0.04000000000000001,0,full
REIM (ACT + Detector + Recovery),105,6000147,metaworld,False,200,0.43153456399886636,1,0,1,150,0.9993457198143005,task_success_while_recovery_active_per_intervention,False,True,timeout,0.4,40.0,0.16000000000000003,0.010000000000000002,0.04000000000000001,0,full
REIM (ACT + Detector + Recovery),106,6000148,metaworld,True,56,0.11555951999980607,1,1,1,40,0.24014469981193542,task_success_while_recovery_active_per_intervention,True,False,,0.4,40.0,0.16000000000000003,0.010000000000000002,0.04000000000000001,0,full
REIM (ACT + Detector + Recovery),107,6000149,metaworld,False,200,0.4345780429976003,1,0,1,150,0.999309778213501,task_success_while_recovery_active_per_intervention,False,True,timeout,0.4,40.0,0.16000000000000003,0.010000000000000002,0.04000000000000001,0,full
REIM (ACT + Detector + Recovery),108,6000150,metaworld,True,48,0.09955083599925274,1,1,1,28,0.2419699877500534,task_success_while_recovery_active_per_intervention,True,False,,0.4,40.0,0.16000000000000003,0.010000000000000002,0.04000000000000001,0,full
REIM (ACT + Detector + Recovery),109,6000151,metaworld,False,200,0.4415529180005251,1,0,1,150,0.7733534574508667,task_success_while_recovery_active_per_intervention,False,True,timeout,0.4,40.0,0.16000000000000003,0.010000000000000002,0.04000000000000001,0,full
REIM (ACT + Detector + Recovery),110,6000152,metaworld,False,200,0.43688096899859374,1,0,1,150,0.9390841722488403,task_success_while_recovery_active_per_intervention,False,True,timeout,0.4,40.0,0.16000000000000003,0.010000000000000002,0.04000000000000001,0,full
REIM (ACT + Detector + Recovery),111,6000153,metaworld,True,48,0.10050644600050873,1,1,1,36,0.3513137102127075,task_success_while_recovery_active_per_intervention,True,False,,0.4,40.0,0.16000000000000003,0.010000000000000002,0.04000000000000001,0,full
REIM (ACT + Detector + Recovery),112,6000154,metaworld,False,200,0.4245319610017759,1,0,1,150,0.9982585310935974,task_success_while_recovery_active_per_intervention,False,True,object_dropped,0.4,40.0,0.16000000000000003,0.010000000000000002,0.04000000000000001,0,full
REIM (ACT + Detector + Recovery),113,6000155,metaworld,False,200,0.42253682700174977,1,0,1,150,0.9188944101333618,task_success_while_recovery_active_per_intervention,False,True,timeout,0.4,40.0,0.16000000000000003,0.010000000000000002,0.04000000000000001,0,full
REIM (ACT + Detector + Recovery),114,6000156,metaworld,True,61,0.12871202700262074,1,1,1,35,0.21969622373580933,task_success_while_recovery_active_per_intervention,True,False,,0.4,40.0,0.16000000000000003,0.010000000000000002,0.04000000000000001,0,full
REIM (ACT + Detector + Recovery),115,6000157,metaworld,False,200,0.4395840550023422,1,0,1,150,0.997448205947876,task_success_while_recovery_active_per_intervention,False,True,timeout,0.4,40.0,0.16000000000000003,0.010000000000000002,0.04000000000000001,0,full
REIM (ACT + Detector + Recovery),116,6000158,metaworld,False,200,0.42949911699906806,1,0,1,150,0.992104172706604,task_success_while_recovery_active_per_intervention,False,True,timeout,0.4,40.0,0.16000000000000003,0.010000000000000002,0.04000000000000001,0,full
REIM (ACT + Detector + Recovery),117,6000159,metaworld,False,200,0.42894933099887567,1,0,1,150,0.9967262744903564,task_success_while_recovery_active_per_intervention,False,True,timeout,0.4,40.0,0.16000000000000003,0.010000000000000002,0.04000000000000001,0,full
REIM (ACT + Detector + Recovery),118,6000160,metaworld,False,200,0.4242899180026143,1,0,1,150,0.9991720914840698,task_success_while_recovery_active_per_intervention,False,True,object_dropped,0.4,40.0,0.16000000000000003,0.010000000000000002,0.04000000000000001,0,full
REIM (ACT + Detector + Recovery),119,6000161,metaworld,True,66,0.1438389830000233,1,1,1,32,0.4156400263309479,task_success_while_recovery_active_per_intervention,True,False,,0.4,40.0,0.16000000000000003,0.010000000000000002,0.04000000000000001,0,full
REIM (ACT + Detector + Recovery),120,6000162,metaworld,False,200,0.4391408359988418,1,0,1,150,0.9951430559158325,task_success_while_recovery_active_per_intervention,False,True,timeout,0.4,40.0,0.16000000000000003,0.010000000000000002,0.04000000000000001,0,full
REIM (ACT + Detector + Recovery),121,6000163,metaworld,True,68,0.1458121259965992,1,1,1,46,0.23780083656311035,task_success_while_recovery_active_per_intervention,True,False,,0.4,40.0,0.16000000000000003,0.010000000000000002,0.04000000000000001,0,full
REIM (ACT + Detector + Recovery),122,6000164,metaworld,False,200,0.43643857600181946,1,0,1,150,0.99882572889328,task_success_while_recovery_active_per_intervention,False,True,timeout,0.4,40.0,0.16000000000000003,0.010000000000000002,0.04000000000000001,0,full
REIM (ACT + Detector + Recovery),123,6000165,metaworld,False,200,0.42050386399932904,1,0,1,150,0.9657261371612549,task_success_while_recovery_active_per_intervention,False,True,object_dropped,0.4,40.0,0.16000000000000003,0.010000000000000002,0.04000000000000001,0,full
REIM (ACT + Detector + Recovery),124,6000166,metaworld,True,59,0.12281485899802647,1,1,1,48,0.3983626067638397,task_success_while_recovery_active_per_intervention,True,False,,0.4,40.0,0.16000000000000003,0.010000000000000002,0.04000000000000001,0,full
REIM (ACT + Detector + Recovery),125,6000167,metaworld,True,61,0.13076457499846583,1,1,1,52,0.329247385263443,task_success_while_recovery_active_per_intervention,True,False,,0.4,40.0,0.16000000000000003,0.010000000000000002,0.04000000000000001,0,full
REIM (ACT + Detector + Recovery),126,6000168,metaworld,False,200,0.4345501690004312,1,0,1,150,0.9983530044555664,task_success_while_recovery_active_per_intervention,False,True,timeout,0.4,40.0,0.16000000000000003,0.010000000000000002,0.04000000000000001,0,full
REIM (ACT + Detector + Recovery),127,6000169,metaworld,False,200,0.4319216949988913,1,0,1,150,0.9933822154998779,task_success_while_recovery_active_per_intervention,False,True,object_dropped,0.4,40.0,0.16000000000000003,0.010000000000000002,0.04000000000000001,0,full
REIM (ACT + Detector + Recovery),128,6000170,metaworld,False,200,0.4317599419991893,1,0,1,150,0.9972303509712219,task_success_while_recovery_active_per_intervention,False,True,timeout,0.4,40.0,0.16000000000000003,0.010000000000000002,0.04000000000000001,0,full
REIM (ACT + Detector + Recovery),129,6000171,metaworld,False,200,0.4249546220016782,1,0,1,150,0.9968644976615906,task_success_while_recovery_active_per_intervention,False,True,timeout,0.4,40.0,0.16000000000000003,0.010000000000000002,0.04000000000000001,0,full
REIM (ACT + Detector + Recovery),130,6000172,metaworld,False,200,0.46464032999938354,1,0,1,138,0.998557984828949,task_success_while_recovery_active_per_intervention,False,True,timeout,0.4,40.0,0.16000000000000003,0.010000000000000002,0.04000000000000001,0,full
REIM (ACT + Detector + Recovery),131,6000173,metaworld,False,200,0.5531878830006463,1,0,1,150,0.9965968728065491,task_success_while_recovery_active_per_intervention,False,True,timeout,0.4,40.0,0.16000000000000003,0.010000000000000002,0.04000000000000001,0,full
REIM (ACT + Detector + Recovery),132,6000174,metaworld,True,61,0.2026022339996416,1,1,1,37,0.296233206987381,task_success_while_recovery_active_per_intervention,True,False,,0.4,40.0,0.16000000000000003,0.010000000000000002,0.04000000000000001,0,full
REIM (ACT + Detector + Recovery),133,6000175,metaworld,True,60,0.1467911460022151,0,0,0,0,0.08640719205141068,task_success_while_recovery_active_per_intervention,True,False,,0.4,40.0,0.16000000000000003,0.010000000000000002,0.04000000000000001,0,full
REIM (ACT + Detector + Recovery),134,6000176,metaworld,True,51,0.17182912999851396,1,1,1,32,0.40389716625213623,task_success_while_recovery_active_per_intervention,True,False,,0.4,40.0,0.16000000000000003,0.010000000000000002,0.04000000000000001,0,full
REIM (ACT + Detector + Recovery),135,6000177,metaworld,False,200,0.603396482001699,1,0,1,150,0.999477207660675,task_success_while_recovery_active_per_intervention,False,True,timeout,0.4,40.0,0.16000000000000003,0.010000000000000002,0.04000000000000001,0,full
REIM (ACT + Detector + Recovery),136,6000178,metaworld,False,200,1.0109646329983661,1,0,1,150,0.9920430779457092,task_success_while_recovery_active_per_intervention,False,True,timeout,0.4,40.0,0.16000000000000003,0.010000000000000002,0.04000000000000001,0,full
REIM (ACT + Detector + Recovery),137,6000179,metaworld,True,64,0.21109343799980707,1,1,1,46,0.4438619911670685,task_success_while_recovery_active_per_intervention,True,False,,0.4,40.0,0.16000000000000003,0.010000000000000002,0.04000000000000001,0,full
REIM (ACT + Detector + Recovery),138,6000180,metaworld,False,200,1.5234553849986696,1,0,1,150,0.9993937015533447,task_success_while_recovery_active_per_intervention,False,True,timeout,0.4,40.0,0.16000000000000003,0.010000000000000002,0.04000000000000001,0,full
REIM (ACT + Detector + Recovery),139,6000181,metaworld,False,200,0.7268948889977764,1,0,1,150,0.9994274377822876,task_success_while_recovery_active_per_intervention,False,True,timeout,0.4,40.0,0.16000000000000003,0.010000000000000002,0.04000000000000001,0,full
REIM (ACT + Detector + Recovery),140,6000182,metaworld,False,200,0.48333686999831116,1,0,1,145,0.9984667897224426,task_success_while_recovery_active_per_intervention,False,True,timeout,0.4,40.0,0.16000000000000003,0.010000000000000002,0.04000000000000001,0,full
REIM (ACT + Detector + Recovery),141,6000183,metaworld,True,58,0.44132816300043487,1,1,1,46,0.8550710678100586,task_success_while_recovery_active_per_intervention,True,False,,0.4,40.0,0.16000000000000003,0.010000000000000002,0.04000000000000001,0,full
REIM (ACT + Detector + Recovery),142,6000184,metaworld,False,200,1.380731528999604,1,0,1,150,0.9832491874694824,task_success_while_recovery_active_per_intervention,False,True,object_dropped,0.4,40.0,0.16000000000000003,0.010000000000000002,0.04000000000000001,0,full
REIM (ACT + Detector + Recovery),143,6000185,metaworld,True,54,0.18777020999914384,0,0,0,0,0.15558932721614838,task_success_while_recovery_active_per_intervention,True,False,,0.4,40.0,0.16000000000000003,0.010000000000000002,0.04000000000000001,0,full
REIM (ACT + Detector + Recovery),144,6000186,metaworld,True,51,0.22699404200102435,1,1,1,42,0.3822964131832123,task_success_while_recovery_active_per_intervention,True,False,,0.4,40.0,0.16000000000000003,0.010000000000000002,0.04000000000000001,0,full
REIM (ACT + Detector + Recovery),145,6000187,metaworld,True,50,0.28586491299938643,1,1,1,35,0.29469433426856995,task_success_while_recovery_active_per_intervention,True,False,,0.4,40.0,0.16000000000000003,0.010000000000000002,0.04000000000000001,0,full
REIM (ACT + Detector + Recovery),146,6000188,metaworld,True,64,0.4037464050015842,1,1,1,33,0.20256854593753815,task_success_while_recovery_active_per_intervention,True,False,,0.4,40.0,0.16000000000000003,0.010000000000000002,0.04000000000000001,0,full
REIM (ACT + Detector + Recovery),147,6000189,metaworld,False,200,1.2372117999984766,1,0,1,150,0.9686352610588074,task_success_while_recovery_active_per_intervention,False,True,object_dropped,0.4,40.0,0.16000000000000003,0.010000000000000002,0.04000000000000001,0,full
REIM (ACT + Detector + Recovery),148,6000190,metaworld,False,200,1.209361662997253,1,0,1,150,0.991184413433075,task_success_while_recovery_active_per_intervention,False,True,timeout,0.4,40.0,0.16000000000000003,0.010000000000000002,0.04000000000000001,0,full
REIM (ACT + Detector + Recovery),149,6000191,metaworld,False,200,0.8437997469991387,1,0,1,150,0.9897953867912292,task_success_while_recovery_active_per_intervention,False,True,timeout,0.4,40.0,0.16000000000000003,0.010000000000000002,0.04000000000000001,0,full
REIM (ACT + Detector + Recovery),150,6000192,metaworld,False,200,1.3621306999993976,1,0,1,150,0.9776479005813599,task_success_while_recovery_active_per_intervention,False,True,timeout,0.4,40.0,0.16000000000000003,0.010000000000000002,0.04000000000000001,0,full
REIM (ACT + Detector + Recovery),151,6000193,metaworld,False,200,1.4135312949983927,1,0,1,150,0.9973111152648926,task_success_while_recovery_active_per_intervention,False,True,timeout,0.4,40.0,0.16000000000000003,0.010000000000000002,0.04000000000000001,0,full
REIM (ACT + Detector + Recovery),152,6000194,metaworld,True,51,0.43922976999965613,1,1,1,40,0.22532427310943604,task_success_while_recovery_active_per_intervention,True,False,,0.4,40.0,0.16000000000000003,0.010000000000000002,0.04000000000000001,0,full
REIM (ACT + Detector + Recovery),153,6000195,metaworld,True,52,0.1730701360029343,1,1,1,40,0.4412260055541992,task_success_while_recovery_active_per_intervention,True,False,,0.4,40.0,0.16000000000000003,0.010000000000000002,0.04000000000000001,0,full
REIM (ACT + Detector + Recovery),154,6000196,metaworld,True,50,0.24662504400112084,1,1,1,41,0.2864103317260742,task_success_while_recovery_active_per_intervention,True,False,,0.4,40.0,0.16000000000000003,0.010000000000000002,0.04000000000000001,0,full
REIM (ACT + Detector + Recovery),155,6000197,metaworld,False,200,1.2636550700008229,1,0,1,150,0.9054127931594849,task_success_while_recovery_active_per_intervention,False,True,timeout,0.4,40.0,0.16000000000000003,0.010000000000000002,0.04000000000000001,0,full
REIM (ACT + Detector + Recovery),156,6000198,metaworld,False,200,1.4370711400006257,1,0,1,150,0.9945085644721985,task_success_while_recovery_active_per_intervention,False,True,object_dropped,0.4,40.0,0.16000000000000003,0.010000000000000002,0.04000000000000001,0,full
REIM (ACT + Detector + Recovery),157,6000199,metaworld,False,200,1.7541446999966865,1,0,1,150,0.9976798892021179,task_success_while_recovery_active_per_intervention,False,True,object_dropped,0.4,40.0,0.16000000000000003,0.010000000000000002,0.04000000000000001,0,full
REIM (ACT + Detector + Recovery),158,6000200,metaworld,False,200,0.8579724340015673,1,0,1,52,0.6144405007362366,task_success_while_recovery_active_per_intervention,False,True,timeout,0.4,40.0,0.16000000000000003,0.010000000000000002,0.04000000000000001,0,full
REIM (ACT + Detector + Recovery),159,6000201,metaworld,False,200,1.7149140199981048,1,0,1,150,0.9249683022499084,task_success_while_recovery_active_per_intervention,False,True,timeout,0.4,40.0,0.16000000000000003,0.010000000000000002,0.04000000000000001,0,full
REIM (ACT + Detector + Recovery),160,6000202,metaworld,False,200,1.0325004279984569,1,0,1,150,0.9905637502670288,task_success_while_recovery_active_per_intervention,False,True,timeout,0.4,40.0,0.16000000000000003,0.010000000000000002,0.04000000000000001,0,full
REIM (ACT + Detector + Recovery),161,6000203,metaworld,False,200,1.5831422179981018,1,0,1,150,0.9989460110664368,task_success_while_recovery_active_per_intervention,False,True,object_dropped,0.4,40.0,0.16000000000000003,0.010000000000000002,0.04000000000000001,0,full
REIM (ACT + Detector + Recovery),162,6000204,metaworld,True,54,0.5359919139991689,1,1,1,39,0.24878257513046265,task_success_while_recovery_active_per_intervention,True,False,,0.4,40.0,0.16000000000000003,0.010000000000000002,0.04000000000000001,0,full
REIM (ACT + Detector + Recovery),163,6000205,metaworld,False,200,1.4713119119987823,1,0,1,150,0.7926616072654724,task_success_while_recovery_active_per_intervention,False,True,timeout,0.4,40.0,0.16000000000000003,0.010000000000000002,0.04000000000000001,0,full
REIM (ACT + Detector + Recovery),164,6000206,metaworld,True,51,0.19327946600242285,0,0,0,0,0.17992515861988068,task_success_while_recovery_active_per_intervention,True,False,,0.4,40.0,0.16000000000000003,0.010000000000000002,0.04000000000000001,0,full
REIM (ACT + Detector + Recovery),165,6000207,metaworld,True,59,0.5768528549997427,1,1,1,48,0.30430787801742554,task_success_while_recovery_active_per_intervention,True,False,,0.4,40.0,0.16000000000000003,0.010000000000000002,0.04000000000000001,0,full
REIM (ACT + Detector + Recovery),166,6000208,metaworld,True,52,0.433365529999719,1,1,1,35,0.3408956229686737,task_success_while_recovery_active_per_intervention,True,False,,0.4,40.0,0.16000000000000003,0.010000000000000002,0.04000000000000001,0,full
REIM (ACT + Detector + Recovery),167,6000209,metaworld,False,200,1.7177973359976022,1,0,1,146,0.9895365238189697,task_success_while_recovery_active_per_intervention,False,True,object_dropped,0.4,40.0,0.16000000000000003,0.010000000000000002,0.04000000000000001,0,full
REIM (ACT + Detector + Recovery),168,6000210,metaworld,True,54,0.6286964700011595,1,1,1,48,0.49329298734664917,task_success_while_recovery_active_per_intervention,True,False,,0.4,40.0,0.16000000000000003,0.010000000000000002,0.04000000000000001,0,full
REIM (ACT + Detector + Recovery),169,6000211,metaworld,False,200,1.79635706100089,1,0,1,150,0.9988552331924438,task_success_while_recovery_active_per_intervention,False,True,timeout,0.4,40.0,0.16000000000000003,0.010000000000000002,0.04000000000000001,0,full
REIM (ACT + Detector + Recovery),170,6000212,metaworld,True,53,0.3079912749999494,1,1,1,46,0.6425882577896118,task_success_while_recovery_active_per_intervention,True,False,,0.4,40.0,0.16000000000000003,0.010000000000000002,0.04000000000000001,0,full
REIM (ACT + Detector + Recovery),171,6000213,metaworld,True,51,0.25170038899887004,1,1,1,39,0.4806026518344879,task_success_while_recovery_active_per_intervention,True,False,,0.4,40.0,0.16000000000000003,0.010000000000000002,0.04000000000000001,0,full
REIM (ACT + Detector + Recovery),172,6000214,metaworld,False,200,1.6463103179994505,1,0,1,150,0.9937819838523865,task_success_while_recovery_active_per_intervention,False,True,timeout,0.4,40.0,0.16000000000000003,0.010000000000000002,0.04000000000000001,0,full
REIM (ACT + Detector + Recovery),173,6000215,metaworld,False,200,1.4457412519986974,1,0,1,150,0.7542833089828491,task_success_while_recovery_active_per_intervention,False,True,timeout,0.4,40.0,0.16000000000000003,0.010000000000000002,0.04000000000000001,0,full
REIM (ACT + Detector + Recovery),174,6000216,metaworld,False,200,1.775383411997609,1,0,1,142,0.9959287047386169,task_success_while_recovery_active_per_intervention,False,True,timeout,0.4,40.0,0.16000000000000003,0.010000000000000002,0.04000000000000001,0,full
REIM (ACT + Detector + Recovery),175,6000217,metaworld,False,200,1.059557569999015,1,0,1,150,0.9928697943687439,task_success_while_recovery_active_per_intervention,False,True,timeout,0.4,40.0,0.16000000000000003,0.010000000000000002,0.04000000000000001,0,full
REIM (ACT + Detector + Recovery),176,6000218,metaworld,True,48,0.215550073000486,1,1,1,32,0.7914370894432068,task_success_while_recovery_active_per_intervention,True,False,,0.4,40.0,0.16000000000000003,0.010000000000000002,0.04000000000000001,0,full
REIM (ACT + Detector + Recovery),177,6000219,metaworld,False,200,1.7208322099977522,1,0,1,150,0.9993858337402344,task_success_while_recovery_active_per_intervention,False,True,object_dropped,0.4,40.0,0.16000000000000003,0.010000000000000002,0.04000000000000001,0,full
REIM (ACT + Detector + Recovery),178,6000220,metaworld,True,81,0.6008540830007405,1,1,1,72,0.4513331651687622,task_success_while_recovery_active_per_intervention,True,False,,0.4,40.0,0.16000000000000003,0.010000000000000002,0.04000000000000001,0,full
REIM (ACT + Detector + Recovery),179,6000221,metaworld,True,63,0.6478415519995906,1,1,1,54,0.4982542097568512,task_success_while_recovery_active_per_intervention,True,False,,0.4,40.0,0.16000000000000003,0.010000000000000002,0.04000000000000001,0,full
REIM (ACT + Detector + Recovery),180,6000222,metaworld,False,200,1.7200275940012943,1,0,1,150,0.9911845326423645,task_success_while_recovery_active_per_intervention,False,True,timeout,0.4,40.0,0.16000000000000003,0.010000000000000002,0.04000000000000001,0,full
REIM (ACT + Detector + Recovery),181,6000223,metaworld,True,53,0.22191805900001782,0,0,0,0,0.14088663458824158,task_success_while_recovery_active_per_intervention,True,False,,0.4,40.0,0.16000000000000003,0.010000000000000002,0.04000000000000001,0,full
REIM (ACT + Detector + Recovery),182,6000224,metaworld,True,62,0.21183446099894354,1,1,1,42,0.20064644515514374,task_success_while_recovery_active_per_intervention,True,False,,0.4,40.0,0.16000000000000003,0.010000000000000002,0.04000000000000001,0,full
REIM (ACT + Detector + Recovery),183,6000225,metaworld,True,44,0.1478349530007108,1,1,1,30,0.33694565296173096,task_success_while_recovery_active_per_intervention,True,False,,0.4,40.0,0.16000000000000003,0.010000000000000002,0.04000000000000001,0,full
REIM (ACT + Detector + Recovery),184,6000226,metaworld,False,200,1.4485091120004654,1,0,1,150,0.9985997080802917,task_success_while_recovery_active_per_intervention,False,True,timeout,0.4,40.0,0.16000000000000003,0.010000000000000002,0.04000000000000001,0,full
REIM (ACT + Detector + Recovery),185,6000227,metaworld,False,200,1.5044964939988859,1,0,1,150,0.9613214135169983,task_success_while_recovery_active_per_intervention,False,True,object_dropped,0.4,40.0,0.16000000000000003,0.010000000000000002,0.04000000000000001,0,full
REIM (ACT + Detector + Recovery),186,6000228,metaworld,False,200,1.2878243140003178,1,0,1,150,0.970989465713501,task_success_while_recovery_active_per_intervention,False,True,timeout,0.4,40.0,0.16000000000000003,0.010000000000000002,0.04000000000000001,0,full
REIM (ACT + Detector + Recovery),187,6000229,metaworld,False,200,1.7151966400015226,1,0,1,150,0.9996781349182129,task_success_while_recovery_active_per_intervention,False,True,timeout,0.4,40.0,0.16000000000000003,0.010000000000000002,0.04000000000000001,0,full
REIM (ACT + Detector + Recovery),188,6000230,metaworld,True,59,0.574902939999447,1,1,1,42,0.22991760075092316,task_success_while_recovery_active_per_intervention,True,False,,0.4,40.0,0.16000000000000003,0.010000000000000002,0.04000000000000001,0,full
REIM (ACT + Detector + Recovery),189,6000231,metaworld,True,59,0.6255324310004653,1,1,1,51,0.7822599411010742,task_success_while_recovery_active_per_intervention,True,False,,0.4,40.0,0.16000000000000003,0.010000000000000002,0.04000000000000001,0,full
REIM (ACT + Detector + Recovery),190,6000232,metaworld,False,200,1.866861988997698,1,0,1,150,0.9255646467208862,task_success_while_recovery_active_per_intervention,False,True,timeout,0.4,40.0,0.16000000000000003,0.010000000000000002,0.04000000000000001,0,full
REIM (ACT + Detector + Recovery),191,6000233,metaworld,False,200,1.3481787119999353,1,0,1,150,0.9548947215080261,task_success_while_recovery_active_per_intervention,False,True,timeout,0.4,40.0,0.16000000000000003,0.010000000000000002,0.04000000000000001,0,full
REIM (ACT + Detector + Recovery),192,6000234,metaworld,True,56,0.29487178600174957,1,1,1,35,0.2233445793390274,task_success_while_recovery_active_per_intervention,True,False,,0.4,40.0,0.16000000000000003,0.010000000000000002,0.04000000000000001,0,full
REIM (ACT + Detector + Recovery),193,6000235,metaworld,True,50,0.355099844000506,1,1,1,36,0.4292384088039398,task_success_while_recovery_active_per_intervention,True,False,,0.4,40.0,0.16000000000000003,0.010000000000000002,0.04000000000000001,0,full
REIM (ACT + Detector + Recovery),194,6000236,metaworld,True,61,0.2631462259996624,1,1,1,39,0.3679403066635132,task_success_while_recovery_active_per_intervention,True,False,,0.4,40.0,0.16000000000000003,0.010000000000000002,0.04000000000000001,0,full
REIM (ACT + Detector + Recovery),195,6000237,metaworld,False,200,1.7060905869984708,1,0,1,150,0.9988675117492676,task_success_while_recovery_active_per_intervention,False,True,timeout,0.4,40.0,0.16000000000000003,0.010000000000000002,0.04000000000000001,0,full
REIM (ACT + Detector + Recovery),196,6000238,metaworld,False,200,1.4530467270014924,1,0,1,150,0.9055565595626831,task_success_while_recovery_active_per_intervention,False,True,timeout,0.4,40.0,0.16000000000000003,0.010000000000000002,0.04000000000000001,0,full
REIM (ACT + Detector + Recovery),197,6000239,metaworld,True,60,0.4321543149999343,1,1,1,43,0.2349872589111328,task_success_while_recovery_active_per_intervention,True,False,,0.4,40.0,0.16000000000000003,0.010000000000000002,0.04000000000000001,0,full
REIM (ACT + Detector + Recovery),198,6000240,metaworld,False,200,1.4332683280008496,1,0,1,150,0.9592761397361755,task_success_while_recovery_active_per_intervention,False,True,timeout,0.4,40.0,0.16000000000000003,0.010000000000000002,0.04000000000000001,0,full
REIM (ACT + Detector + Recovery),199,6000241,metaworld,False,200,1.561433806000423,1,0,1,137,0.9991188645362854,task_success_while_recovery_active_per_intervention,False,True,object_dropped,0.4,40.0,0.16000000000000003,0.010000000000000002,0.04000000000000001,0,full
