method,episode,seed,backend,success,steps,elapsed_seconds,recovery_attempts,recovery_successes,detector_triggers,recovery_steps,failure_probability_max,recovery_definition,terminated,truncated,failure_reason,episode_specification_sha256,episode_bank_sha256,metaworld_task_sha256,retry_specification_sha256s,retry_task_sha256s,noise_level,noise_percent,action_noise_std,observation_noise_std,object_impulse_std_m,condition_index,Profile,Benchmark Eligible
ACT,0,8000042,metaworld,True,52,0.6161949769993953,0,0,0,0,0.0,,True,False,,9ba54a97dc3eac62ffa2b357787e968094e2f2842296ee4666f4a97a6693d10e,57ac5e7259f9e36fe4d487d0f69b7b13ade0c0aa4abbfe896ce2ee654b85d6b9,f82ceac6f8787ac22c378edc1f141cedcc86bf9309b43f1aff6633ae0a963abb,,,0.0,0.0,0.0,0.0,0.0,0,full,True
ACT,1,8000043,metaworld,True,58,0.6848162039968884,0,0,0,0,0.0,,True,False,,942b7497eca1d94ea0ea857f061878f8e29d06be84b300c8318d89cfd4a09f6b,57ac5e7259f9e36fe4d487d0f69b7b13ade0c0aa4abbfe896ce2ee654b85d6b9,06d355d7aff3b944ab4199c02a94c63d062e5c414c0b195f7b232b607e0ab1ed,,,0.0,0.0,0.0,0.0,0.0,0,full,True
ACT,2,8000044,metaworld,True,56,0.6669234900000447,0,0,0,0,0.0,,True,False,,5f706161b26f51d35c050ebf5cc409cf8c7a0c05b1f726efd3c01d090ae182c1,57ac5e7259f9e36fe4d487d0f69b7b13ade0c0aa4abbfe896ce2ee654b85d6b9,f6a9ed9055e00c868d6771022c2c557a6a48990bdacbed585d07cde857d4755a,,,0.0,0.0,0.0,0.0,0.0,0,full,True
ACT,3,8000045,metaworld,True,47,0.4813737789991137,0,0,0,0,0.0,,True,False,,3aca22348cc4bd86219b19040a17a200f8fd4420480e0a152b9fae69d80a0cc7,57ac5e7259f9e36fe4d487d0f69b7b13ade0c0aa4abbfe896ce2ee654b85d6b9,5d73f28d4d24cdbcb36a5e5cd61ec1a82f7287ce56d88da8cea912ed757b164c,,,0.0,0.0,0.0,0.0,0.0,0,full,True
ACT,4,8000046,metaworld,True,47,0.2696101930014265,0,0,0,0,0.0,,True,False,,fdafe38f302faae633d586e6bd90b15c8d220578504caa59c11eddbc052f1e95,57ac5e7259f9e36fe4d487d0f69b7b13ade0c0aa4abbfe896ce2ee654b85d6b9,27e1ed8c670f23dae46752497e383610e58c248d638e3b9b707808a32ce33d4e,,,0.0,0.0,0.0,0.0,0.0,0,full,True
ACT,5,8000047,metaworld,True,52,0.30265251400123816,0,0,0,0,0.0,,True,False,,66cf1bbb8f757c669b22e53df9385050cecd2abf03e5763c572f4f154c4bb733,57ac5e7259f9e36fe4d487d0f69b7b13ade0c0aa4abbfe896ce2ee654b85d6b9,38329c6b97bbe7d133bf007c22742dca5f0cd7258f8d7199135c6c2371ae591d,,,0.0,0.0,0.0,0.0,0.0,0,full,True
ACT,6,8000048,metaworld,True,52,0.2865573269991728,0,0,0,0,0.0,,True,False,,cf76f6163b26ceadcf21b1579e5dca8f2f944d4805ceb877046fc2b5645ce7ab,57ac5e7259f9e36fe4d487d0f69b7b13ade0c0aa4abbfe896ce2ee654b85d6b9,aba21ef1c98d0573e36116c9757115227fd3793cba96aea7eda95c2547314ca3,,,0.0,0.0,0.0,0.0,0.0,0,full,True
ACT,7,8000049,metaworld,True,55,0.315022296999814,0,0,0,0,0.0,,True,False,,585b6e1458515f1c8a269bbd73fe91eabbd1415f31d1c16ba61d5cc24fa310ab,57ac5e7259f9e36fe4d487d0f69b7b13ade0c0aa4abbfe896ce2ee654b85d6b9,4e97203f8ce1a96cef19545d4c4c300d0de39e4f94bd1941cef7ebc3dd48be02,,,0.0,0.0,0.0,0.0,0.0,0,full,True
ACT,8,8000050,metaworld,True,54,0.3088474420001148,0,0,0,0,0.0,,True,False,,6492aebf3511ceb11e67136af0cf4adf140a5440e79d5aed25c0bffd3f33065a,57ac5e7259f9e36fe4d487d0f69b7b13ade0c0aa4abbfe896ce2ee654b85d6b9,64ee837add19202e84553431fdab118462cf5265eeae19a4d044b5a6818f771d,,,0.0,0.0,0.0,0.0,0.0,0,full,True
ACT,9,8000051,metaworld,True,56,0.3270161710024695,0,0,0,0,0.0,,True,False,,38b46e095083779d7eab868163137f8a167783471ea6d040b00138773a03ef7b,57ac5e7259f9e36fe4d487d0f69b7b13ade0c0aa4abbfe896ce2ee654b85d6b9,6cb8d983459a8e57d4ae53a86da2394015cabba2d7c306dcaf7b14af979ca230,,,0.0,0.0,0.0,0.0,0.0,0,full,True
ACT,10,8000052,metaworld,True,50,0.38459372100260225,0,0,0,0,0.0,,True,False,,462b69b8c294978830cb0ab7e7c3c80eacaf079671772ffceb40ed6f33ea57dd,57ac5e7259f9e36fe4d487d0f69b7b13ade0c0aa4abbfe896ce2ee654b85d6b9,504c23f653f6cdee9d659d9320b164606b319d4f0e9cdf0f3a87e2fc7a98160a,,,0.0,0.0,0.0,0.0,0.0,0,full,True
ACT,11,8000053,metaworld,True,58,0.32201134400020237,0,0,0,0,0.0,,True,False,,09eb5f5e42a77a67a8205adf4f65b89b4e96825ce9fe2492fd082c249c7a73b0,57ac5e7259f9e36fe4d487d0f69b7b13ade0c0aa4abbfe896ce2ee654b85d6b9,06d355d7aff3b944ab4199c02a94c63d062e5c414c0b195f7b232b607e0ab1ed,,,0.0,0.0,0.0,0.0,0.0,0,full,True
ACT,12,8000054,metaworld,True,54,0.3005595569993602,0,0,0,0,0.0,,True,False,,a8ccd6b13cd60b7f9572268f8313460105d96fdd6bc540b34829c829f74bfaf7,57ac5e7259f9e36fe4d487d0f69b7b13ade0c0aa4abbfe896ce2ee654b85d6b9,742509487aeb71d366f1ddafa1cb12db2f7cfefe17c4ca89c98cffb67c1c8619,,,0.0,0.0,0.0,0.0,0.0,0,full,True
ACT,13,8000055,metaworld,True,59,0.329879824003001,0,0,0,0,0.0,,True,False,,98dd1143bc963d4ff37fb9d7b8126e0c91aaebaa69be9a57d4d854565b4b6119,57ac5e7259f9e36fe4d487d0f69b7b13ade0c0aa4abbfe896ce2ee654b85d6b9,e216352c7f1c7392270c7c501bb599f2a46f420613a124fda0729ab88160cdf2,,,0.0,0.0,0.0,0.0,0.0,0,full,True
ACT,14,8000056,metaworld,True,54,0.30129718099851743,0,0,0,0,0.0,,True,False,,11459011ad48e322f988de267687c0790436385ce87ad6ad626156195f55945f,57ac5e7259f9e36fe4d487d0f69b7b13ade0c0aa4abbfe896ce2ee654b85d6b9,64ee837add19202e84553431fdab118462cf5265eeae19a4d044b5a6818f771d,,,0.0,0.0,0.0,0.0,0.0,0,full,True
ACT,15,8000057,metaworld,True,50,0.2919321159970423,0,0,0,0,0.0,,True,False,,a2fb5cbbce2dd09ca46cc1a66a289c63746f8c499d3b14f8c5d5ca09d6f46029,57ac5e7259f9e36fe4d487d0f69b7b13ade0c0aa4abbfe896ce2ee654b85d6b9,c40fedd273cade53989af8adc3ca66d02f2d92ca4d97b2f6391a0dd0ab6dbca3,,,0.0,0.0,0.0,0.0,0.0,0,full,True
ACT,16,8000058,metaworld,True,55,0.34741079500236083,0,0,0,0,0.0,,True,False,,723b273ceb9d36e1e00e910bc1793d2f9bbd26d4d9a75b73a26a3dae8dca2a26,57ac5e7259f9e36fe4d487d0f69b7b13ade0c0aa4abbfe896ce2ee654b85d6b9,942fb6a87dc1e3eb7bf7bb111c97e7096138256b4a9a6b4c62a012fabe8bec38,,,0.0,0.0,0.0,0.0,0.0,0,full,True
ACT,17,8000059,metaworld,True,54,0.3013664880018041,0,0,0,0,0.0,,True,False,,aff0e935e89d4275f3d9003f432afb3c7b73021e8d0ba2624c29bb93dccac4b7,57ac5e7259f9e36fe4d487d0f69b7b13ade0c0aa4abbfe896ce2ee654b85d6b9,0f719f94ef165c0b816b8b10c3f4f5fcf802c9f5a25141035590310315749280,,,0.0,0.0,0.0,0.0,0.0,0,full,True
ACT,18,8000060,metaworld,True,57,0.3100680419993296,0,0,0,0,0.0,,True,False,,f6ca742d0d8ba58d1f33b66d0505d4620b5b1c6204484551e79009be22dc9817,57ac5e7259f9e36fe4d487d0f69b7b13ade0c0aa4abbfe896ce2ee654b85d6b9,b8e45a2f8f553d53c6eef0305347f910b9999bcae6df6ccaf0eaee6ac864e670,,,0.0,0.0,0.0,0.0,0.0,0,full,True
ACT,19,8000061,metaworld,True,58,0.32173342899841373,0,0,0,0,0.0,,True,False,,d53593b281f213b729d5b4b0eb8386731fbd2d30a18c07e3a3818208d9b570b0,57ac5e7259f9e36fe4d487d0f69b7b13ade0c0aa4abbfe896ce2ee654b85d6b9,06d355d7aff3b944ab4199c02a94c63d062e5c414c0b195f7b232b607e0ab1ed,,,0.0,0.0,0.0,0.0,0.0,0,full,True
ACT,20,8000062,metaworld,True,51,0.2949061039980734,0,0,0,0,0.0,,True,False,,f115e66431b3168ad312cc52a15a67f0242112dd970cdea5bb44a570635f74f0,57ac5e7259f9e36fe4d487d0f69b7b13ade0c0aa4abbfe896ce2ee654b85d6b9,5e1df472084de78052388a34f03cad3de438ca9b5dc801b5759dd57c66a7482a,,,0.0,0.0,0.0,0.0,0.0,0,full,True
ACT,21,8000063,metaworld,True,55,0.3249794780022057,0,0,0,0,0.0,,True,False,,840ba6a6d7d444b9fbaf705d160c12f4e253721c88bd38364bcfe91dc870cfc5,57ac5e7259f9e36fe4d487d0f69b7b13ade0c0aa4abbfe896ce2ee654b85d6b9,0cda21f8ffacf0a1e40e7b0e858a8e2ddc276972106d4bced99d4404b4a13fd8,,,0.0,0.0,0.0,0.0,0.0,0,full,True
ACT,22,8000064,metaworld,True,56,0.297598895002011,0,0,0,0,0.0,,True,False,,379055a7228a15f8a93179ef2038000b4acf0a77a310e4b648e17a7ae6b6bdc5,57ac5e7259f9e36fe4d487d0f69b7b13ade0c0aa4abbfe896ce2ee654b85d6b9,6cb8d983459a8e57d4ae53a86da2394015cabba2d7c306dcaf7b14af979ca230,,,0.0,0.0,0.0,0.0,0.0,0,full,True
ACT,23,8000065,metaworld,True,59,0.3228104439986055,0,0,0,0,0.0,,True,False,,f475513cf997005bb7513b99c105ba7744507f84ea636ff1823a85b3be1d6885,57ac5e7259f9e36fe4d487d0f69b7b13ade0c0aa4abbfe896ce2ee654b85d6b9,39001749c902e2ab9d015efb8c7644faffff99810b709d3203dc359d5eacdcbd,,,0.0,0.0,0.0,0.0,0.0,0,full,True
ACT,24,8000066,metaworld,True,51,0.2701540960006241,0,0,0,0,0.0,,True,False,,6aa5f6ecb4d09bc833844f08db94c355b1c8db825bfccc7c515aaf10b3688197,57ac5e7259f9e36fe4d487d0f69b7b13ade0c0aa4abbfe896ce2ee654b85d6b9,56b7f182edcfeefa9301e1edd53d7f36e4418de7e6df1b54b0f0c298cde1b3cd,,,0.0,0.0,0.0,0.0,0.0,0,full,True
ACT,25,8000067,metaworld,True,59,0.3123976559982111,0,0,0,0,0.0,,True,False,,b642b6975217395a436123a8c5a0f7dc833fb3662fa02e123bb12f0dc384683f,57ac5e7259f9e36fe4d487d0f69b7b13ade0c0aa4abbfe896ce2ee654b85d6b9,e216352c7f1c7392270c7c501bb599f2a46f420613a124fda0729ab88160cdf2,,,0.0,0.0,0.0,0.0,0.0,0,full,True
ACT,26,8000068,metaworld,True,52,0.2712552640005015,0,0,0,0,0.0,,True,False,,85a676d1793ae368fdc43f3e48e1391f56ea0d8ca2c99e134d6a05f797b08244,57ac5e7259f9e36fe4d487d0f69b7b13ade0c0aa4abbfe896ce2ee654b85d6b9,2eb279a724955c1a9d173681940490ec9cc8ed4fdc15a95533884a23d4ccdb4e,,,0.0,0.0,0.0,0.0,0.0,0,full,True
ACT,27,8000069,metaworld,True,50,0.2626797920020181,0,0,0,0,0.0,,True,False,,8f7f2c64b8e12b8085748d5d8172adb1b96696300ae95173459c9cd6873e1663,57ac5e7259f9e36fe4d487d0f69b7b13ade0c0aa4abbfe896ce2ee654b85d6b9,15a9adece7ebea14bdf37f5376e274c6dce4711281025cf35060933ba9ab8ad3,,,0.0,0.0,0.0,0.0,0.0,0,full,True
ACT,28,8000070,metaworld,True,47,0.2459974070006865,0,0,0,0,0.0,,True,False,,1ec71416ee1aeb44bbe82b71951f48204617561dfbaddc04567e9c1960789407,57ac5e7259f9e36fe4d487d0f69b7b13ade0c0aa4abbfe896ce2ee654b85d6b9,5d73f28d4d24cdbcb36a5e5cd61ec1a82f7287ce56d88da8cea912ed757b164c,,,0.0,0.0,0.0,0.0,0.0,0,full,True
ACT,29,8000071,metaworld,True,51,0.26404402700063656,0,0,0,0,0.0,,True,False,,a607b98752911bb5064c970ae94e9d7753bb0a3c99da2ea5a9ced9694ec59e2f,57ac5e7259f9e36fe4d487d0f69b7b13ade0c0aa4abbfe896ce2ee654b85d6b9,5e1df472084de78052388a34f03cad3de438ca9b5dc801b5759dd57c66a7482a,,,0.0,0.0,0.0,0.0,0.0,0,full,True
ACT,30,8000072,metaworld,True,52,0.26878653799940366,0,0,0,0,0.0,,True,False,,beacc66fd2e8d00c306b4afaffbfda90c0ce8c198436de717bb7dee65ee7b595,57ac5e7259f9e36fe4d487d0f69b7b13ade0c0aa4abbfe896ce2ee654b85d6b9,aba21ef1c98d0573e36116c9757115227fd3793cba96aea7eda95c2547314ca3,,,0.0,0.0,0.0,0.0,0.0,0,full,True
ACT,31,8000073,metaworld,True,57,0.31955639100124245,0,0,0,0,0.0,,True,False,,07a5bc8cb1daa7e63ff7ed6f2ab3f9d9b5a0c610605f2b9ac274fd2d3a2fd60b,57ac5e7259f9e36fe4d487d0f69b7b13ade0c0aa4abbfe896ce2ee654b85d6b9,b8e45a2f8f553d53c6eef0305347f910b9999bcae6df6ccaf0eaee6ac864e670,,,0.0,0.0,0.0,0.0,0.0,0,full,True
ACT,32,8000074,metaworld,True,54,0.2749256110000715,0,0,0,0,0.0,,True,False,,ba2cfbfdc729600c488ea053b046d65be14ce6f1f8c82ac28bf48ce4fefa678a,57ac5e7259f9e36fe4d487d0f69b7b13ade0c0aa4abbfe896ce2ee654b85d6b9,ba19e0623fe05add91e00811bacb33e27305f5fcb6549be6f6278ebce6046101,,,0.0,0.0,0.0,0.0,0.0,0,full,True
ACT,33,8000075,metaworld,True,57,0.2974965590001375,0,0,0,0,0.0,,True,False,,269208eae25383a1be127e631b909395fb149b81c5020ce45b33095d23d44d8c,57ac5e7259f9e36fe4d487d0f69b7b13ade0c0aa4abbfe896ce2ee654b85d6b9,8a99d46d6d04afe3e2ef92bb607dde5e178b5c37506006c4f364e345976453b1,,,0.0,0.0,0.0,0.0,0.0,0,full,True
ACT,34,8000076,metaworld,True,55,0.28358087000015075,0,0,0,0,0.0,,True,False,,4d5100d9db9a55c0afcde13d99e1d90001c4e0ddaadb48a47035114135196278,57ac5e7259f9e36fe4d487d0f69b7b13ade0c0aa4abbfe896ce2ee654b85d6b9,4e97203f8ce1a96cef19545d4c4c300d0de39e4f94bd1941cef7ebc3dd48be02,,,0.0,0.0,0.0,0.0,0.0,0,full,True
ACT,35,8000077,metaworld,True,58,0.29781647300114855,0,0,0,0,0.0,,True,False,,e06631f1d061678a63d1ca8f6cba95a84cacba334d8b57b342bd95702ebb005d,57ac5e7259f9e36fe4d487d0f69b7b13ade0c0aa4abbfe896ce2ee654b85d6b9,06d355d7aff3b944ab4199c02a94c63d062e5c414c0b195f7b232b607e0ab1ed,,,0.0,0.0,0.0,0.0,0.0,0,full,True
ACT,36,8000078,metaworld,True,59,0.29612455099777435,0,0,0,0,0.0,,True,False,,566ef0ff02cded88fcc03a9c13429246e47699ab11b15cbb316284fccbdf8910,57ac5e7259f9e36fe4d487d0f69b7b13ade0c0aa4abbfe896ce2ee654b85d6b9,39001749c902e2ab9d015efb8c7644faffff99810b709d3203dc359d5eacdcbd,,,0.0,0.0,0.0,0.0,0.0,0,full,True
ACT,37,8000079,metaworld,True,57,0.28345967900168034,0,0,0,0,0.0,,True,False,,4d7bac976bcc4fb0c2b7ede435adce5c63f0dffda42aa18e69f699dc0522d603,57ac5e7259f9e36fe4d487d0f69b7b13ade0c0aa4abbfe896ce2ee654b85d6b9,8a99d46d6d04afe3e2ef92bb607dde5e178b5c37506006c4f364e345976453b1,,,0.0,0.0,0.0,0.0,0.0,0,full,True
ACT,38,8000080,metaworld,True,47,0.2349050479970174,0,0,0,0,0.0,,True,False,,1d7f5745e1be80f914e1797ed36ae29290bd0d1f855c86a716a0b513c4b43cc7,57ac5e7259f9e36fe4d487d0f69b7b13ade0c0aa4abbfe896ce2ee654b85d6b9,5d73f28d4d24cdbcb36a5e5cd61ec1a82f7287ce56d88da8cea912ed757b164c,,,0.0,0.0,0.0,0.0,0.0,0,full,True
ACT,39,8000081,metaworld,True,59,0.28940425499968114,0,0,0,0,0.0,,True,False,,e4c85d92e8cc466fe8818ebc92d5dc8b210a17dc030b7541a03c5394681795f1,57ac5e7259f9e36fe4d487d0f69b7b13ade0c0aa4abbfe896ce2ee654b85d6b9,a8cfe6e2276fbd15230c5555255b87d17333bdd29f84f687df7405d0311fae7f,,,0.0,0.0,0.0,0.0,0.0,0,full,True
ACT,40,8000082,metaworld,True,52,0.2584579680005845,0,0,0,0,0.0,,True,False,,56f9e47235d9666f21a9b2fad2411c8eb77af3892c7c504aafe108753b3793e1,57ac5e7259f9e36fe4d487d0f69b7b13ade0c0aa4abbfe896ce2ee654b85d6b9,f82ceac6f8787ac22c378edc1f141cedcc86bf9309b43f1aff6633ae0a963abb,,,0.0,0.0,0.0,0.0,0.0,0,full,True
ACT,41,8000083,metaworld,True,55,0.2752062899999146,0,0,0,0,0.0,,True,False,,cab44f4fde6bb33e3cee8a7816d8de51e8caa5523dffc23a83e8a78a16bffe07,57ac5e7259f9e36fe4d487d0f69b7b13ade0c0aa4abbfe896ce2ee654b85d6b9,4e97203f8ce1a96cef19545d4c4c300d0de39e4f94bd1941cef7ebc3dd48be02,,,0.0,0.0,0.0,0.0,0.0,0,full,True
ACT,42,8000084,metaworld,True,47,0.23163261599984253,0,0,0,0,0.0,,True,False,,ec963f9a689199d0d320433c37dbb9a4cc95eba4ebf3b3534a49fbeb3307fad7,57ac5e7259f9e36fe4d487d0f69b7b13ade0c0aa4abbfe896ce2ee654b85d6b9,5d73f28d4d24cdbcb36a5e5cd61ec1a82f7287ce56d88da8cea912ed757b164c,,,0.0,0.0,0.0,0.0,0.0,0,full,True
ACT,43,8000085,metaworld,True,52,0.25163816299755126,0,0,0,0,0.0,,True,False,,f638d62e9bef9e582a098b5a4994ae6b3cd7ac10b3b2a4b8e385748298bc3d0a,57ac5e7259f9e36fe4d487d0f69b7b13ade0c0aa4abbfe896ce2ee654b85d6b9,aba21ef1c98d0573e36116c9757115227fd3793cba96aea7eda95c2547314ca3,,,0.0,0.0,0.0,0.0,0.0,0,full,True
ACT,44,8000086,metaworld,True,47,0.22749950299839838,0,0,0,0,0.0,,True,False,,7d58d4292d677e63cd420387ac6c0e80dec2156cf20e7d26fe1f932b99e839b3,57ac5e7259f9e36fe4d487d0f69b7b13ade0c0aa4abbfe896ce2ee654b85d6b9,27e1ed8c670f23dae46752497e383610e58c248d638e3b9b707808a32ce33d4e,,,0.0,0.0,0.0,0.0,0.0,0,full,True
ACT,45,8000087,metaworld,True,54,0.26255515899902093,0,0,0,0,0.0,,True,False,,20cad90f278bde49562aabe9a0c784eb5874dbcca80063b7640aa52ebace2ef6,57ac5e7259f9e36fe4d487d0f69b7b13ade0c0aa4abbfe896ce2ee654b85d6b9,ba19e0623fe05add91e00811bacb33e27305f5fcb6549be6f6278ebce6046101,,,0.0,0.0,0.0,0.0,0.0,0,full,True
ACT,46,8000088,metaworld,True,59,0.2852721659983217,0,0,0,0,0.0,,True,False,,f6f3133b99da159edcf046ae30b1e7b40c10eb5c6042f658278177105a30e315,57ac5e7259f9e36fe4d487d0f69b7b13ade0c0aa4abbfe896ce2ee654b85d6b9,e216352c7f1c7392270c7c501bb599f2a46f420613a124fda0729ab88160cdf2,,,0.0,0.0,0.0,0.0,0.0,0,full,True
ACT,47,8000089,metaworld,True,52,0.26513152299958165,0,0,0,0,0.0,,True,False,,048d5848767ee2cab28c65cb0196c9334c064d3ae84e5afbdbd267ceb44638d5,57ac5e7259f9e36fe4d487d0f69b7b13ade0c0aa4abbfe896ce2ee654b85d6b9,f82ceac6f8787ac22c378edc1f141cedcc86bf9309b43f1aff6633ae0a963abb,,,0.0,0.0,0.0,0.0,0.0,0,full,True
ACT,48,8000090,metaworld,True,57,0.2844671990023926,0,0,0,0,0.0,,True,False,,039f43eb9c183ab9d78709643b740bbbb8351b8b4510ca47cb283f057b41910e,57ac5e7259f9e36fe4d487d0f69b7b13ade0c0aa4abbfe896ce2ee654b85d6b9,b8e45a2f8f553d53c6eef0305347f910b9999bcae6df6ccaf0eaee6ac864e670,,,0.0,0.0,0.0,0.0,0.0,0,full,True
ACT,49,8000091,metaworld,True,50,0.23494492400277522,0,0,0,0,0.0,,True,False,,2af80b8b6f2b984d9b88280c7b498f7c2f333c4e9765dc7cbb6677708a0ce98f,57ac5e7259f9e36fe4d487d0f69b7b13ade0c0aa4abbfe896ce2ee654b85d6b9,c40fedd273cade53989af8adc3ca66d02f2d92ca4d97b2f6391a0dd0ab6dbca3,,,0.0,0.0,0.0,0.0,0.0,0,full,True
ACT,50,8000092,metaworld,True,55,0.2530305690015666,0,0,0,0,0.0,,True,False,,cd2e5fdec43d2758aeafd436cc10ce597732c213e7045d2e07aeadb966f13267,57ac5e7259f9e36fe4d487d0f69b7b13ade0c0aa4abbfe896ce2ee654b85d6b9,48ce9609a38b32e56f7e6a43ffef71c21c8b1d17ed5a63d47701bc1dfc3ff271,,,0.0,0.0,0.0,0.0,0.0,0,full,True
ACT,51,8000093,metaworld,True,50,0.23082557100133272,0,0,0,0,0.0,,True,False,,a5ff9280db9d18257d73fe9447537a41b3ff9fd94c0352a54da0c3ee8e337446,57ac5e7259f9e36fe4d487d0f69b7b13ade0c0aa4abbfe896ce2ee654b85d6b9,2ad5907877cc42b4447b9630988e3a1f0da0d83e1f696f71e22dc69905e631b6,,,0.0,0.0,0.0,0.0,0.0,0,full,True
ACT,52,8000094,metaworld,True,57,0.26574256300227717,0,0,0,0,0.0,,True,False,,cbe4c9f2131ee75db3ca8771a131bc249da681623bfd1e8d3370950ed93f5228,57ac5e7259f9e36fe4d487d0f69b7b13ade0c0aa4abbfe896ce2ee654b85d6b9,8a99d46d6d04afe3e2ef92bb607dde5e178b5c37506006c4f364e345976453b1,,,0.0,0.0,0.0,0.0,0.0,0,full,True
ACT,53,8000095,metaworld,True,55,0.2572424140016665,0,0,0,0,0.0,,True,False,,5852d6b7fea2b6cab4bdfb0f1f55e22ce3efcb4ae4800a6752a40ebab425e244,57ac5e7259f9e36fe4d487d0f69b7b13ade0c0aa4abbfe896ce2ee654b85d6b9,942fb6a87dc1e3eb7bf7bb111c97e7096138256b4a9a6b4c62a012fabe8bec38,,,0.0,0.0,0.0,0.0,0.0,0,full,True
ACT,54,8000096,metaworld,True,55,0.2579079200004344,0,0,0,0,0.0,,True,False,,1ca0a7b0197fba3bcabb48ddda348043fa27b4f198bc22a7b998d6392f2746d9,57ac5e7259f9e36fe4d487d0f69b7b13ade0c0aa4abbfe896ce2ee654b85d6b9,4e97203f8ce1a96cef19545d4c4c300d0de39e4f94bd1941cef7ebc3dd48be02,,,0.0,0.0,0.0,0.0,0.0,0,full,True
ACT,55,8000097,metaworld,True,54,0.25295822199768736,0,0,0,0,0.0,,True,False,,16c4eb63e1d43842069c2574a9b56bffeab8d210e8038433f952130a8994a001,57ac5e7259f9e36fe4d487d0f69b7b13ade0c0aa4abbfe896ce2ee654b85d6b9,742509487aeb71d366f1ddafa1cb12db2f7cfefe17c4ca89c98cffb67c1c8619,,,0.0,0.0,0.0,0.0,0.0,0,full,True
ACT,56,8000098,metaworld,True,48,0.21980560399970273,0,0,0,0,0.0,,True,False,,0918c162a7f04726d1cfec4c155eb79521d90d3ee778d617edafedf58ad0cc49,57ac5e7259f9e36fe4d487d0f69b7b13ade0c0aa4abbfe896ce2ee654b85d6b9,08a97a6dfa17f78b5cc5b1351d60038e4a40a68fc93722672482714333b1d9b5,,,0.0,0.0,0.0,0.0,0.0,0,full,True
ACT,57,8000099,metaworld,True,50,0.2291468050025287,0,0,0,0,0.0,,True,False,,45b7ace11f865f8d4d3d2cbc872f949cd497f4728f0afb33a235c5922f8f0365,57ac5e7259f9e36fe4d487d0f69b7b13ade0c0aa4abbfe896ce2ee654b85d6b9,35203d16cfa98b5f2e002fcb1ffde2400abf9459c161f6a289efa0c46eddb36f,,,0.0,0.0,0.0,0.0,0.0,0,full,True
ACT,58,8000100,metaworld,True,54,0.24702573200193,0,0,0,0,0.0,,True,False,,d1c687c7ef3677a8688ad281de78bc70cbb907bfc304353b540670a389d1f630,57ac5e7259f9e36fe4d487d0f69b7b13ade0c0aa4abbfe896ce2ee654b85d6b9,64ee837add19202e84553431fdab118462cf5265eeae19a4d044b5a6818f771d,,,0.0,0.0,0.0,0.0,0.0,0,full,True
ACT,59,8000101,metaworld,True,58,0.2627007680021052,0,0,0,0,0.0,,True,False,,77aba93c92261dc7c0a5652c709e3add7c627d67076b8afd58c7a153aede50d1,57ac5e7259f9e36fe4d487d0f69b7b13ade0c0aa4abbfe896ce2ee654b85d6b9,06d355d7aff3b944ab4199c02a94c63d062e5c414c0b195f7b232b607e0ab1ed,,,0.0,0.0,0.0,0.0,0.0,0,full,True
ACT,60,8000102,metaworld,True,48,0.2200753059987619,0,0,0,0,0.0,,True,False,,58746434b3b31c13089140e48c685b4de14314a6daca4b07aa8b52eb526a5b82,57ac5e7259f9e36fe4d487d0f69b7b13ade0c0aa4abbfe896ce2ee654b85d6b9,08a97a6dfa17f78b5cc5b1351d60038e4a40a68fc93722672482714333b1d9b5,,,0.0,0.0,0.0,0.0,0.0,0,full,True
ACT,61,8000103,metaworld,True,54,0.2488500049985305,0,0,0,0,0.0,,True,False,,be3c597c1ce88e69d0ddb3bbbc24557dfea3558e031fc6b551cb6945895605b2,57ac5e7259f9e36fe4d487d0f69b7b13ade0c0aa4abbfe896ce2ee654b85d6b9,0f719f94ef165c0b816b8b10c3f4f5fcf802c9f5a25141035590310315749280,,,0.0,0.0,0.0,0.0,0.0,0,full,True
ACT,62,8000104,metaworld,True,50,0.22638843900131178,0,0,0,0,0.0,,True,False,,d368626902b7354fb3a46065340e8b67eed360b90a553d2aaa4a1aa509e2bbe5,57ac5e7259f9e36fe4d487d0f69b7b13ade0c0aa4abbfe896ce2ee654b85d6b9,35203d16cfa98b5f2e002fcb1ffde2400abf9459c161f6a289efa0c46eddb36f,,,0.0,0.0,0.0,0.0,0.0,0,full,True
ACT,63,8000105,metaworld,True,55,0.2644828749980661,0,0,0,0,0.0,,True,False,,e1f3c83f7970a04edbe3f058f0ad0766f443669870fab0a6794608bab9832756,57ac5e7259f9e36fe4d487d0f69b7b13ade0c0aa4abbfe896ce2ee654b85d6b9,4e97203f8ce1a96cef19545d4c4c300d0de39e4f94bd1941cef7ebc3dd48be02,,,0.0,0.0,0.0,0.0,0.0,0,full,True
ACT,64,8000106,metaworld,True,58,0.3121284150001884,0,0,0,0,0.0,,True,False,,b2b344e2bde2d1c1ada3678b748253606ae07658f237747035f2c7f31ddea89e,57ac5e7259f9e36fe4d487d0f69b7b13ade0c0aa4abbfe896ce2ee654b85d6b9,06d355d7aff3b944ab4199c02a94c63d062e5c414c0b195f7b232b607e0ab1ed,,,0.0,0.0,0.0,0.0,0.0,0,full,True
ACT,65,8000107,metaworld,True,55,0.2866998329991475,0,0,0,0,0.0,,True,False,,b9e30d1605233d3490b3523a1ee13ec2dd6440560e5a8757e77644f0daa42614,57ac5e7259f9e36fe4d487d0f69b7b13ade0c0aa4abbfe896ce2ee654b85d6b9,0cda21f8ffacf0a1e40e7b0e858a8e2ddc276972106d4bced99d4404b4a13fd8,,,0.0,0.0,0.0,0.0,0.0,0,full,True
ACT,66,8000108,metaworld,True,50,0.22512826700040023,0,0,0,0,0.0,,True,False,,7a7caeac3d9a0cdbe705f91352ba2cef2ee4995540063999af34744ab32104d5,57ac5e7259f9e36fe4d487d0f69b7b13ade0c0aa4abbfe896ce2ee654b85d6b9,2ad5907877cc42b4447b9630988e3a1f0da0d83e1f696f71e22dc69905e631b6,,,0.0,0.0,0.0,0.0,0.0,0,full,True
ACT,67,8000109,metaworld,True,59,0.26781898500121315,0,0,0,0,0.0,,True,False,,d9a74591559050c615ea4be25d37b3be477810bb8544f05cc15de2d77e6f8c6f,57ac5e7259f9e36fe4d487d0f69b7b13ade0c0aa4abbfe896ce2ee654b85d6b9,a8cfe6e2276fbd15230c5555255b87d17333bdd29f84f687df7405d0311fae7f,,,0.0,0.0,0.0,0.0,0.0,0,full,True
ACT,68,8000110,metaworld,True,54,0.25107016100082546,0,0,0,0,0.0,,True,False,,930fe8305425b1e556677dd913cd63f7aa7c2cec2eedc42bcf80f70b6a4356d6,57ac5e7259f9e36fe4d487d0f69b7b13ade0c0aa4abbfe896ce2ee654b85d6b9,0f719f94ef165c0b816b8b10c3f4f5fcf802c9f5a25141035590310315749280,,,0.0,0.0,0.0,0.0,0.0,0,full,True
ACT,69,8000111,metaworld,True,55,0.2593191560008563,0,0,0,0,0.0,,True,False,,87d2869df017fe4e76c1fd89ac08b54a46c854714f76ce784fd07cd3afff1a57,57ac5e7259f9e36fe4d487d0f69b7b13ade0c0aa4abbfe896ce2ee654b85d6b9,3183afb500ebb9a5af177cccb5b5889a8321eb35261f8ec571269f8b5ed9cd1a,,,0.0,0.0,0.0,0.0,0.0,0,full,True
ACT,70,8000112,metaworld,True,59,0.2745675600017421,0,0,0,0,0.0,,True,False,,d47a55a531c74f9c3c359ee08c093de48561e6447f7612555ec0b85c9b048eee,57ac5e7259f9e36fe4d487d0f69b7b13ade0c0aa4abbfe896ce2ee654b85d6b9,a8cfe6e2276fbd15230c5555255b87d17333bdd29f84f687df7405d0311fae7f,,,0.0,0.0,0.0,0.0,0.0,0,full,True
ACT,71,8000113,metaworld,True,52,0.24312509800074622,0,0,0,0,0.0,,True,False,,47e18a615e823c88328c484e68a4c850d2add360b6a6f1c8b9d5b63932e5f511,57ac5e7259f9e36fe4d487d0f69b7b13ade0c0aa4abbfe896ce2ee654b85d6b9,f82ceac6f8787ac22c378edc1f141cedcc86bf9309b43f1aff6633ae0a963abb,,,0.0,0.0,0.0,0.0,0.0,0,full,True
ACT,72,8000114,metaworld,True,47,0.2171267190024082,0,0,0,0,0.0,,True,False,,d359c413c0662f3121ad8fa909b2fbf8904dd2f476f0bc87307e52c68fcaab69,57ac5e7259f9e36fe4d487d0f69b7b13ade0c0aa4abbfe896ce2ee654b85d6b9,e6e55bdbd77dc052facbc072d20b08a21d116978c37627b9a3d9dc7989dfbe62,,,0.0,0.0,0.0,0.0,0.0,0,full,True
ACT,73,8000115,metaworld,True,60,0.27264029800062417,0,0,0,0,0.0,,True,False,,724eec94fbc81eb34f0995a89cb9ccdc6ee3899ee704189565bc7e35d39ac49a,57ac5e7259f9e36fe4d487d0f69b7b13ade0c0aa4abbfe896ce2ee654b85d6b9,1c856fdcb5da12c3fa2d15b38741aa980fa3a47e64fb99f8635817590128f9ea,,,0.0,0.0,0.0,0.0,0.0,0,full,True
ACT,74,8000116,metaworld,True,47,0.2149654160020873,0,0,0,0,0.0,,True,False,,c5cde4ea148a388138e0a5976efcdcd29c30e248e9fe9600bd6f5dab92069099,57ac5e7259f9e36fe4d487d0f69b7b13ade0c0aa4abbfe896ce2ee654b85d6b9,27e1ed8c670f23dae46752497e383610e58c248d638e3b9b707808a32ce33d4e,,,0.0,0.0,0.0,0.0,0.0,0,full,True
ACT,75,8000117,metaworld,True,55,0.25237940099759726,0,0,0,0,0.0,,True,False,,6182ea39057a12729733fa78c310c7c5d1ac44adf14a5de8339a45be442f9346,57ac5e7259f9e36fe4d487d0f69b7b13ade0c0aa4abbfe896ce2ee654b85d6b9,3183afb500ebb9a5af177cccb5b5889a8321eb35261f8ec571269f8b5ed9cd1a,,,0.0,0.0,0.0,0.0,0.0,0,full,True
ACT,76,8000118,metaworld,True,52,0.24113864099854254,0,0,0,0,0.0,,True,False,,bbe6f78a5ebcfa799ccea3e1d48bdd7e424c38e52dab37acb7f289bdd0c47dd0,57ac5e7259f9e36fe4d487d0f69b7b13ade0c0aa4abbfe896ce2ee654b85d6b9,acfaed29b052207b47b4b7fa76672795fd08de3add8565db05f141de82ece90b,,,0.0,0.0,0.0,0.0,0.0,0,full,True
ACT,77,8000119,metaworld,True,53,0.2508924220019253,0,0,0,0,0.0,,True,False,,21c147bd807efc48b9e1a74bbd74b7559b56a135a9f2f5e6b889a4ce47c771a1,57ac5e7259f9e36fe4d487d0f69b7b13ade0c0aa4abbfe896ce2ee654b85d6b9,7c3391ee418e26d47c002810bc00065e4dd0b6728c969d2338ad549ad01ebb0a,,,0.0,0.0,0.0,0.0,0.0,0,full,True
ACT,78,8000120,metaworld,True,54,0.25847172400244744,0,0,0,0,0.0,,True,False,,53115ba88aee5a83dad611d5754cd104f55d65185a6531b52d5009182c092a88,57ac5e7259f9e36fe4d487d0f69b7b13ade0c0aa4abbfe896ce2ee654b85d6b9,64ee837add19202e84553431fdab118462cf5265eeae19a4d044b5a6818f771d,,,0.0,0.0,0.0,0.0,0.0,0,full,True
ACT,79,8000121,metaworld,True,55,0.2610196800014819,0,0,0,0,0.0,,True,False,,e1c40e03e71733591d9db2530fa2beec133f4e63b43a7f1f3413846a5c009f28,57ac5e7259f9e36fe4d487d0f69b7b13ade0c0aa4abbfe896ce2ee654b85d6b9,25805a097f1f4b8c203ec3c130dcd3e66b5fb3ad298114a08662aae6c86fa673,,,0.0,0.0,0.0,0.0,0.0,0,full,True
ACT,80,8000122,metaworld,True,52,0.24690153200208442,0,0,0,0,0.0,,True,False,,f1feae7eb32add48ba1e770e67826ab29f4bdb9e69d15d35996c474a52479945,57ac5e7259f9e36fe4d487d0f69b7b13ade0c0aa4abbfe896ce2ee654b85d6b9,2eb279a724955c1a9d173681940490ec9cc8ed4fdc15a95533884a23d4ccdb4e,,,0.0,0.0,0.0,0.0,0.0,0,full,True
ACT,81,8000123,metaworld,True,55,0.2629344899978605,0,0,0,0,0.0,,True,False,,a318efad39f8e05b91da6041b931f2dcc71451a6015f86a2f8198e1ffd39a04a,57ac5e7259f9e36fe4d487d0f69b7b13ade0c0aa4abbfe896ce2ee654b85d6b9,25805a097f1f4b8c203ec3c130dcd3e66b5fb3ad298114a08662aae6c86fa673,,,0.0,0.0,0.0,0.0,0.0,0,full,True
ACT,82,8000124,metaworld,True,49,0.23670695500186412,0,0,0,0,0.0,,True,False,,e363300cc6c8fcb5ac65e92f82b8d646b14e7fdbc37e8ebc423f781bdc6f8229,57ac5e7259f9e36fe4d487d0f69b7b13ade0c0aa4abbfe896ce2ee654b85d6b9,bb2c6b1aed959fa3ddddb1c215ce67cbb5b0ec080eb65fb58e06b7776849a096,,,0.0,0.0,0.0,0.0,0.0,0,full,True
ACT,83,8000125,metaworld,True,48,0.23043692300052498,0,0,0,0,0.0,,True,False,,33510ab69df36f3707814a9234fe68b1df8bd64321b47ec31a76af14910f7773,57ac5e7259f9e36fe4d487d0f69b7b13ade0c0aa4abbfe896ce2ee654b85d6b9,08a97a6dfa17f78b5cc5b1351d60038e4a40a68fc93722672482714333b1d9b5,,,0.0,0.0,0.0,0.0,0.0,0,full,True
ACT,84,8000126,metaworld,True,55,0.25953503400160116,0,0,0,0,0.0,,True,False,,abfda2d6449b7c4da1919fc9a1e099f056cddf51f5f52163cc6ff2c9da483fe4,57ac5e7259f9e36fe4d487d0f69b7b13ade0c0aa4abbfe896ce2ee654b85d6b9,25805a097f1f4b8c203ec3c130dcd3e66b5fb3ad298114a08662aae6c86fa673,,,0.0,0.0,0.0,0.0,0.0,0,full,True
ACT,85,8000127,metaworld,True,60,0.2829960820017732,0,0,0,0,0.0,,True,False,,3b4ee586b86a826d4f5b7ec973540cf78a727e799f0827e387ad0ada5a4520d3,57ac5e7259f9e36fe4d487d0f69b7b13ade0c0aa4abbfe896ce2ee654b85d6b9,1c856fdcb5da12c3fa2d15b38741aa980fa3a47e64fb99f8635817590128f9ea,,,0.0,0.0,0.0,0.0,0.0,0,full,True
ACT,86,8000128,metaworld,True,51,0.23888464599804138,0,0,0,0,0.0,,True,False,,3c58e31356f1ce2098365eb47c520cbca4d7f9d68aa7cd375d27997271b93df7,57ac5e7259f9e36fe4d487d0f69b7b13ade0c0aa4abbfe896ce2ee654b85d6b9,5e1df472084de78052388a34f03cad3de438ca9b5dc801b5759dd57c66a7482a,,,0.0,0.0,0.0,0.0,0.0,0,full,True
ACT,87,8000129,metaworld,True,60,0.2872780439975031,0,0,0,0,0.0,,True,False,,9f9ce36c6d0e6bb04a713a9a9c05f124482de179ffd971b0cf0883100e2bec46,57ac5e7259f9e36fe4d487d0f69b7b13ade0c0aa4abbfe896ce2ee654b85d6b9,1c856fdcb5da12c3fa2d15b38741aa980fa3a47e64fb99f8635817590128f9ea,,,0.0,0.0,0.0,0.0,0.0,0,full,True
ACT,88,8000130,metaworld,True,55,0.258338753003045,0,0,0,0,0.0,,True,False,,97cc27f9a1a3aa5f050aa8bee6a9ee969720338ab5d06de50d5a5fb7fdc70f50,57ac5e7259f9e36fe4d487d0f69b7b13ade0c0aa4abbfe896ce2ee654b85d6b9,942fb6a87dc1e3eb7bf7bb111c97e7096138256b4a9a6b4c62a012fabe8bec38,,,0.0,0.0,0.0,0.0,0.0,0,full,True
ACT,89,8000131,metaworld,True,54,0.2516050419981184,0,0,0,0,0.0,,True,False,,73bae0d1898916d99ed682f8e5f0fea9fdd2bcc97eb993a0d095e0a14df6145c,57ac5e7259f9e36fe4d487d0f69b7b13ade0c0aa4abbfe896ce2ee654b85d6b9,0f719f94ef165c0b816b8b10c3f4f5fcf802c9f5a25141035590310315749280,,,0.0,0.0,0.0,0.0,0.0,0,full,True
ACT,90,8000132,metaworld,True,50,0.23446231499838177,0,0,0,0,0.0,,True,False,,875d73af5b10138f4becbf45979c2ec04ddd6e533ebab22cdcf0f54e1e4bd4f3,57ac5e7259f9e36fe4d487d0f69b7b13ade0c0aa4abbfe896ce2ee654b85d6b9,c40fedd273cade53989af8adc3ca66d02f2d92ca4d97b2f6391a0dd0ab6dbca3,,,0.0,0.0,0.0,0.0,0.0,0,full,True
ACT,91,8000133,metaworld,True,52,0.2413785970020399,0,0,0,0,0.0,,True,False,,1b7052dd0d9496e492df85a284e5547bc3347e47c1d43dcfc979091ac234c175,57ac5e7259f9e36fe4d487d0f69b7b13ade0c0aa4abbfe896ce2ee654b85d6b9,38329c6b97bbe7d133bf007c22742dca5f0cd7258f8d7199135c6c2371ae591d,,,0.0,0.0,0.0,0.0,0.0,0,full,True
ACT,92,8000134,metaworld,True,55,0.25922461899972404,0,0,0,0,0.0,,True,False,,2e4c3e8f8ae2748326a7693a4e18a1504404c21d0f1249a43df3597d8ff6f5ba,57ac5e7259f9e36fe4d487d0f69b7b13ade0c0aa4abbfe896ce2ee654b85d6b9,48ce9609a38b32e56f7e6a43ffef71c21c8b1d17ed5a63d47701bc1dfc3ff271,,,0.0,0.0,0.0,0.0,0.0,0,full,True
ACT,93,8000135,metaworld,True,55,0.2697381439975288,0,0,0,0,0.0,,True,False,,fbff6132485fc99be9cd8cf9f5aa5d9b1c12c2d26e1415a4f15e707204f55fb0,57ac5e7259f9e36fe4d487d0f69b7b13ade0c0aa4abbfe896ce2ee654b85d6b9,48ce9609a38b32e56f7e6a43ffef71c21c8b1d17ed5a63d47701bc1dfc3ff271,,,0.0,0.0,0.0,0.0,0.0,0,full,True
ACT,94,8000136,metaworld,True,49,0.24164811200171243,0,0,0,0,0.0,,True,False,,9a0f1d0c56baae00e2501b989db965e514e0983786ee719d81b2d2fc7503e7e8,57ac5e7259f9e36fe4d487d0f69b7b13ade0c0aa4abbfe896ce2ee654b85d6b9,bb2c6b1aed959fa3ddddb1c215ce67cbb5b0ec080eb65fb58e06b7776849a096,,,0.0,0.0,0.0,0.0,0.0,0,full,True
ACT,95,8000137,metaworld,True,47,0.23333927700150525,0,0,0,0,0.0,,True,False,,6c5dcb9601f2ae615b6d36a15c2060c3e949b478798440863eff2afbe65a8ca7,57ac5e7259f9e36fe4d487d0f69b7b13ade0c0aa4abbfe896ce2ee654b85d6b9,27e1ed8c670f23dae46752497e383610e58c248d638e3b9b707808a32ce33d4e,,,0.0,0.0,0.0,0.0,0.0,0,full,True
ACT,96,8000138,metaworld,True,48,0.23710616300013498,0,0,0,0,0.0,,True,False,,f09acea774bd255e273f4e870e127fa66774b80cc39c8e4e233a7348a81f1748,57ac5e7259f9e36fe4d487d0f69b7b13ade0c0aa4abbfe896ce2ee654b85d6b9,08a97a6dfa17f78b5cc5b1351d60038e4a40a68fc93722672482714333b1d9b5,,,0.0,0.0,0.0,0.0,0.0,0,full,True
ACT,97,8000139,metaworld,True,57,0.27998101499906625,0,0,0,0,0.0,,True,False,,6570334b723842225ba89563bc622431fdbef0dcc98ed52e56827935e5738668,57ac5e7259f9e36fe4d487d0f69b7b13ade0c0aa4abbfe896ce2ee654b85d6b9,b8e45a2f8f553d53c6eef0305347f910b9999bcae6df6ccaf0eaee6ac864e670,,,0.0,0.0,0.0,0.0,0.0,0,full,True
ACT,98,8000140,metaworld,True,52,0.25316188300348585,0,0,0,0,0.0,,True,False,,0c2d5c4da172cc9b82aedd61e3b4db4a73b4f88e13fa26a9a9d2a68ce06ca000,57ac5e7259f9e36fe4d487d0f69b7b13ade0c0aa4abbfe896ce2ee654b85d6b9,f82ceac6f8787ac22c378edc1f141cedcc86bf9309b43f1aff6633ae0a963abb,,,0.0,0.0,0.0,0.0,0.0,0,full,True
ACT,99,8000141,metaworld,True,52,0.25368611399971996,0,0,0,0,0.0,,True,False,,425c612a45ddc39742f55bf6320e17662afa0e6240938b8308a1515626c81bc6,57ac5e7259f9e36fe4d487d0f69b7b13ade0c0aa4abbfe896ce2ee654b85d6b9,f82ceac6f8787ac22c378edc1f141cedcc86bf9309b43f1aff6633ae0a963abb,,,0.0,0.0,0.0,0.0,0.0,0,full,True
ACT,100,8000142,metaworld,True,59,0.2901463439993677,0,0,0,0,0.0,,True,False,,be892122c17a69ee686a6b4a2b6d9fe790cf97d486b4c223ad5ed3991c49c278,57ac5e7259f9e36fe4d487d0f69b7b13ade0c0aa4abbfe896ce2ee654b85d6b9,e216352c7f1c7392270c7c501bb599f2a46f420613a124fda0729ab88160cdf2,,,0.0,0.0,0.0,0.0,0.0,0,full,True
ACT,101,8000143,metaworld,True,50,0.2435135209998407,0,0,0,0,0.0,,True,False,,1c0afd3d20494e27493d37c03f23bba29c086e043a757adb7fee5ffeab48cdee,57ac5e7259f9e36fe4d487d0f69b7b13ade0c0aa4abbfe896ce2ee654b85d6b9,35203d16cfa98b5f2e002fcb1ffde2400abf9459c161f6a289efa0c46eddb36f,,,0.0,0.0,0.0,0.0,0.0,0,full,True
ACT,102,8000144,metaworld,True,50,0.24342287100080284,0,0,0,0,0.0,,True,False,,be95de6ac430f4b27972b654635b298d3d69d96e90b11ec00bb45884e2d3f1a5,57ac5e7259f9e36fe4d487d0f69b7b13ade0c0aa4abbfe896ce2ee654b85d6b9,504c23f653f6cdee9d659d9320b164606b319d4f0e9cdf0f3a87e2fc7a98160a,,,0.0,0.0,0.0,0.0,0.0,0,full,True
ACT,103,8000145,metaworld,True,58,0.28670187600073405,0,0,0,0,0.0,,True,False,,a69de87dadb14656fbc02e3676926253f9aaaf3f00709bf7966ce7ef7f62baec,57ac5e7259f9e36fe4d487d0f69b7b13ade0c0aa4abbfe896ce2ee654b85d6b9,a0b103bf3e43f4aa92753185301eba5e2e31594285004b99f51a59b33bd2d620,,,0.0,0.0,0.0,0.0,0.0,0,full,True
ACT,104,8000146,metaworld,True,51,0.25230240100063384,0,0,0,0,0.0,,True,False,,19921c46791299d5986cb2c7bf4994951f9e31a970c65c63486dad441a0e1f90,57ac5e7259f9e36fe4d487d0f69b7b13ade0c0aa4abbfe896ce2ee654b85d6b9,56b7f182edcfeefa9301e1edd53d7f36e4418de7e6df1b54b0f0c298cde1b3cd,,,0.0,0.0,0.0,0.0,0.0,0,full,True
ACT,105,8000147,metaworld,True,48,0.23098687899982906,0,0,0,0,0.0,,True,False,,87a050ab5cd84a73278e179dcd88c6c259c1d1141d3ac969e807f9b6decfb1ce,57ac5e7259f9e36fe4d487d0f69b7b13ade0c0aa4abbfe896ce2ee654b85d6b9,08a97a6dfa17f78b5cc5b1351d60038e4a40a68fc93722672482714333b1d9b5,,,0.0,0.0,0.0,0.0,0.0,0,full,True
ACT,106,8000148,metaworld,True,48,0.23020520399950328,0,0,0,0,0.0,,True,False,,beb2cd67e47c10a6d9e0e9a88b5537e185c2aa5ea3f101c30bdb43c31d44df79,57ac5e7259f9e36fe4d487d0f69b7b13ade0c0aa4abbfe896ce2ee654b85d6b9,08a97a6dfa17f78b5cc5b1351d60038e4a40a68fc93722672482714333b1d9b5,,,0.0,0.0,0.0,0.0,0.0,0,full,True
ACT,107,8000149,metaworld,True,56,0.26940277199901175,0,0,0,0,0.0,,True,False,,0033c402a3468b0fe3637c12d7bb35d66920541c8834e6b80849228a61f47104,57ac5e7259f9e36fe4d487d0f69b7b13ade0c0aa4abbfe896ce2ee654b85d6b9,524e161a612d94c222d06154bcd0129d0851b8fad51ae883abbef6e86d43cbb0,,,0.0,0.0,0.0,0.0,0.0,0,full,True
ACT,108,8000150,metaworld,True,47,0.2275995439995313,0,0,0,0,0.0,,True,False,,52f528cb8a1a64c2a7f3082b2cb7816a6ac55d32d77938938af6c26ff2fd783b,57ac5e7259f9e36fe4d487d0f69b7b13ade0c0aa4abbfe896ce2ee654b85d6b9,5d73f28d4d24cdbcb36a5e5cd61ec1a82f7287ce56d88da8cea912ed757b164c,,,0.0,0.0,0.0,0.0,0.0,0,full,True
ACT,109,8000151,metaworld,True,51,0.2465647839999292,0,0,0,0,0.0,,True,False,,8430271ef6b2f8256ee15cf1528fa02c065be10df7383f90dac772a0a769b711,57ac5e7259f9e36fe4d487d0f69b7b13ade0c0aa4abbfe896ce2ee654b85d6b9,aa1f17aacdf569c3a2930a2ebbf742ff43f8d3acfc772731a5c344cabcd52570,,,0.0,0.0,0.0,0.0,0.0,0,full,True
ACT,110,8000152,metaworld,True,47,0.22653259200160392,0,0,0,0,0.0,,True,False,,24f91287984f88839620d33ee0e47e98906fd4dcff3c0e2277fac6113257cca0,57ac5e7259f9e36fe4d487d0f69b7b13ade0c0aa4abbfe896ce2ee654b85d6b9,cea0b9105255f82e0ee99bfb3998a6edce02b446d4b14afb0747282cd18aa202,,,0.0,0.0,0.0,0.0,0.0,0,full,True
ACT,111,8000153,metaworld,True,47,0.23641201600185013,0,0,0,0,0.0,,True,False,,db0eaa4bb75387392f6db6cea3a274dfb279cef94f3742da3a65cb33e22ff050,57ac5e7259f9e36fe4d487d0f69b7b13ade0c0aa4abbfe896ce2ee654b85d6b9,e6e55bdbd77dc052facbc072d20b08a21d116978c37627b9a3d9dc7989dfbe62,,,0.0,0.0,0.0,0.0,0.0,0,full,True
ACT,112,8000154,metaworld,True,51,0.24920750900128041,0,0,0,0,0.0,,True,False,,a420b6b7d7fec2cc485abd6ef3a5823ced71f69a4b95bd71b470b298dafb4928,57ac5e7259f9e36fe4d487d0f69b7b13ade0c0aa4abbfe896ce2ee654b85d6b9,5e1df472084de78052388a34f03cad3de438ca9b5dc801b5759dd57c66a7482a,,,0.0,0.0,0.0,0.0,0.0,0,full,True
ACT,113,8000155,metaworld,True,57,0.2772732070006896,0,0,0,0,0.0,,True,False,,762aaba46591cb4b3531910c8362c10fc4386ea39793396f046bc6cc892109a5,57ac5e7259f9e36fe4d487d0f69b7b13ade0c0aa4abbfe896ce2ee654b85d6b9,8a99d46d6d04afe3e2ef92bb607dde5e178b5c37506006c4f364e345976453b1,,,0.0,0.0,0.0,0.0,0.0,0,full,True
ACT,114,8000156,metaworld,True,59,0.28693962699981057,0,0,0,0,0.0,,True,False,,b0b03c2558c689cfe5f7291ebe69e67903cb877747b1e2423db919f2430f8131,57ac5e7259f9e36fe4d487d0f69b7b13ade0c0aa4abbfe896ce2ee654b85d6b9,a8cfe6e2276fbd15230c5555255b87d17333bdd29f84f687df7405d0311fae7f,,,0.0,0.0,0.0,0.0,0.0,0,full,True
ACT,115,8000157,metaworld,True,48,0.23330016199906822,0,0,0,0,0.0,,True,False,,4cfc4b0828227b15a5dcdf6793fc943971940382101c4ddb193084c3a44c4cda,57ac5e7259f9e36fe4d487d0f69b7b13ade0c0aa4abbfe896ce2ee654b85d6b9,08a97a6dfa17f78b5cc5b1351d60038e4a40a68fc93722672482714333b1d9b5,,,0.0,0.0,0.0,0.0,0.0,0,full,True
ACT,116,8000158,metaworld,True,57,0.2754033860001073,0,0,0,0,0.0,,True,False,,29fe25ce8cd274c54e0e3feb2cc78578397e172b86d1b8a2ecbddaffe697071d,57ac5e7259f9e36fe4d487d0f69b7b13ade0c0aa4abbfe896ce2ee654b85d6b9,b8e45a2f8f553d53c6eef0305347f910b9999bcae6df6ccaf0eaee6ac864e670,,,0.0,0.0,0.0,0.0,0.0,0,full,True
ACT,117,8000159,metaworld,True,54,0.26185917600014363,0,0,0,0,0.0,,True,False,,9eb4961cb5ae3aff200acfda03288fc54932402dd2ff3b101252c66c9aaff8aa,57ac5e7259f9e36fe4d487d0f69b7b13ade0c0aa4abbfe896ce2ee654b85d6b9,0f719f94ef165c0b816b8b10c3f4f5fcf802c9f5a25141035590310315749280,,,0.0,0.0,0.0,0.0,0.0,0,full,True
ACT,118,8000160,metaworld,True,52,0.24943301399980555,0,0,0,0,0.0,,True,False,,57b239cb46acd364e446faf6fe08bb07323afd0e8adb090312f8f88d4ac7a781,57ac5e7259f9e36fe4d487d0f69b7b13ade0c0aa4abbfe896ce2ee654b85d6b9,342b72dafe0e47ecf8a937cb01e62ac02c2d77bf93dafca59574cbbbfc4ad77b,,,0.0,0.0,0.0,0.0,0.0,0,full,True
ACT,119,8000161,metaworld,True,54,0.2586813070010976,0,0,0,0,0.0,,True,False,,a1e91fb6a58c7b5b95fd0915546e7adf9ba9a6fb8170b487749500d0659f4e1c,57ac5e7259f9e36fe4d487d0f69b7b13ade0c0aa4abbfe896ce2ee654b85d6b9,ba19e0623fe05add91e00811bacb33e27305f5fcb6549be6f6278ebce6046101,,,0.0,0.0,0.0,0.0,0.0,0,full,True
ACT,120,8000162,metaworld,True,52,0.25000983299833024,0,0,0,0,0.0,,True,False,,6ee888996207b90bae958b1e539fb6d06cf73f09edbc87bd4004993b6d9fc30c,57ac5e7259f9e36fe4d487d0f69b7b13ade0c0aa4abbfe896ce2ee654b85d6b9,acfaed29b052207b47b4b7fa76672795fd08de3add8565db05f141de82ece90b,,,0.0,0.0,0.0,0.0,0.0,0,full,True
ACT,121,8000163,metaworld,True,55,0.2632419360015774,0,0,0,0,0.0,,True,False,,31ed061c05906fe4f7ac726231df4561624684697ccc9ac64b5fea4e4742a7d5,57ac5e7259f9e36fe4d487d0f69b7b13ade0c0aa4abbfe896ce2ee654b85d6b9,0cda21f8ffacf0a1e40e7b0e858a8e2ddc276972106d4bced99d4404b4a13fd8,,,0.0,0.0,0.0,0.0,0.0,0,full,True
ACT,122,8000164,metaworld,True,50,0.23706347700135666,0,0,0,0,0.0,,True,False,,9098346d26679dc75f96d912b453ea85c6f2d63863a9c78caa7f92dd518def66,57ac5e7259f9e36fe4d487d0f69b7b13ade0c0aa4abbfe896ce2ee654b85d6b9,15a9adece7ebea14bdf37f5376e274c6dce4711281025cf35060933ba9ab8ad3,,,0.0,0.0,0.0,0.0,0.0,0,full,True
ACT,123,8000165,metaworld,True,54,0.25829726699885214,0,0,0,0,0.0,,True,False,,32641dc50c7e784c8b7d40bc639add4ba1a6540bac29c230cafc1036256f21f4,57ac5e7259f9e36fe4d487d0f69b7b13ade0c0aa4abbfe896ce2ee654b85d6b9,0f719f94ef165c0b816b8b10c3f4f5fcf802c9f5a25141035590310315749280,,,0.0,0.0,0.0,0.0,0.0,0,full,True
ACT,124,8000166,metaworld,True,51,0.24316260200066608,0,0,0,0,0.0,,True,False,,d0ef9bf15040b6a6fd108cb6165a1010fa558e6bf2832543e85f91346050aa97,57ac5e7259f9e36fe4d487d0f69b7b13ade0c0aa4abbfe896ce2ee654b85d6b9,aa1f17aacdf569c3a2930a2ebbf742ff43f8d3acfc772731a5c344cabcd52570,,,0.0,0.0,0.0,0.0,0.0,0,full,True
ACT,125,8000167,metaworld,True,58,0.27870654499929515,0,0,0,0,0.0,,True,False,,3cdcbf1d89d66c9dc270e60d6b1ca55ec54bce34aba484629c2b4f08da460d85,57ac5e7259f9e36fe4d487d0f69b7b13ade0c0aa4abbfe896ce2ee654b85d6b9,a0b103bf3e43f4aa92753185301eba5e2e31594285004b99f51a59b33bd2d620,,,0.0,0.0,0.0,0.0,0.0,0,full,True
ACT,126,8000168,metaworld,True,50,0.25282555499870796,0,0,0,0,0.0,,True,False,,d5f729a40e4d519c983d6a6384ea2620553089ed1f3f39e4906c539680ebc305,57ac5e7259f9e36fe4d487d0f69b7b13ade0c0aa4abbfe896ce2ee654b85d6b9,15a9adece7ebea14bdf37f5376e274c6dce4711281025cf35060933ba9ab8ad3,,,0.0,0.0,0.0,0.0,0.0,0,full,True
ACT,127,8000169,metaworld,True,50,0.2821641370028374,0,0,0,0,0.0,,True,False,,ce487f8c076905c7593df3ca6b4a9ad1b10d53779cf18523bcd493a2a2a3e46c,57ac5e7259f9e36fe4d487d0f69b7b13ade0c0aa4abbfe896ce2ee654b85d6b9,2ad5907877cc42b4447b9630988e3a1f0da0d83e1f696f71e22dc69905e631b6,,,0.0,0.0,0.0,0.0,0.0,0,full,True
ACT,128,8000170,metaworld,True,57,0.296065260998148,0,0,0,0,0.0,,True,False,,d3d25c1ec4d5ef801b2f8946d91324d2a0188f12bd84d298edb16be6406f7bbc,57ac5e7259f9e36fe4d487d0f69b7b13ade0c0aa4abbfe896ce2ee654b85d6b9,8a99d46d6d04afe3e2ef92bb607dde5e178b5c37506006c4f364e345976453b1,,,0.0,0.0,0.0,0.0,0.0,0,full,True
ACT,129,8000171,metaworld,True,48,0.24024860599820386,0,0,0,0,0.0,,True,False,,ac4dd6ba253d39ee09385d439ef95691275fe6f6fd3e7274e4f7f477d09ac320,57ac5e7259f9e36fe4d487d0f69b7b13ade0c0aa4abbfe896ce2ee654b85d6b9,08a97a6dfa17f78b5cc5b1351d60038e4a40a68fc93722672482714333b1d9b5,,,0.0,0.0,0.0,0.0,0.0,0,full,True
ACT,130,8000172,metaworld,True,53,0.27297809599986067,0,0,0,0,0.0,,True,False,,f4adc886f32d9121cbddea33b827cbb4d2614c8d762ed1b604cd861c9615c935,57ac5e7259f9e36fe4d487d0f69b7b13ade0c0aa4abbfe896ce2ee654b85d6b9,7c3391ee418e26d47c002810bc00065e4dd0b6728c969d2338ad549ad01ebb0a,,,0.0,0.0,0.0,0.0,0.0,0,full,True
ACT,131,8000173,metaworld,True,49,0.25675248300103704,0,0,0,0,0.0,,True,False,,df372c20a22ac0b216df51cbe582c27b9e59ce5cc6f7afe4703eef75b278d9eb,57ac5e7259f9e36fe4d487d0f69b7b13ade0c0aa4abbfe896ce2ee654b85d6b9,bb2c6b1aed959fa3ddddb1c215ce67cbb5b0ec080eb65fb58e06b7776849a096,,,0.0,0.0,0.0,0.0,0.0,0,full,True
ACT,132,8000174,metaworld,True,50,0.28208316499876673,0,0,0,0,0.0,,True,False,,a97f415713838396d6383b3010cd1b80f02a457e2b0f7e3293ea5f968775ebdf,57ac5e7259f9e36fe4d487d0f69b7b13ade0c0aa4abbfe896ce2ee654b85d6b9,c40fedd273cade53989af8adc3ca66d02f2d92ca4d97b2f6391a0dd0ab6dbca3,,,0.0,0.0,0.0,0.0,0.0,0,full,True
ACT,133,8000175,metaworld,True,49,0.27678044800268253,0,0,0,0,0.0,,True,False,,c38836102b7248a11352de37e84c329ab8ab0097fbc88bce348767e3d603ded1,57ac5e7259f9e36fe4d487d0f69b7b13ade0c0aa4abbfe896ce2ee654b85d6b9,bb2c6b1aed959fa3ddddb1c215ce67cbb5b0ec080eb65fb58e06b7776849a096,,,0.0,0.0,0.0,0.0,0.0,0,full,True
ACT,134,8000176,metaworld,True,50,0.25787129099990125,0,0,0,0,0.0,,True,False,,c0d698624a95b63ee62844a046d64fc1682171ec63de017257cbb0f1ea5b758b,57ac5e7259f9e36fe4d487d0f69b7b13ade0c0aa4abbfe896ce2ee654b85d6b9,6338b57c8983138382fa5c9ee7bb2d2c200be44368697f7ffa8216ea26ddccaf,,,0.0,0.0,0.0,0.0,0.0,0,full,True
ACT,135,8000177,metaworld,True,60,0.30254466800033697,0,0,0,0,0.0,,True,False,,2a285bd951a2c882348abfef61132a60fd282570ab191ee69d9d89dc304a7548,57ac5e7259f9e36fe4d487d0f69b7b13ade0c0aa4abbfe896ce2ee654b85d6b9,1c856fdcb5da12c3fa2d15b38741aa980fa3a47e64fb99f8635817590128f9ea,,,0.0,0.0,0.0,0.0,0.0,0,full,True
ACT,136,8000178,metaworld,True,52,0.2695929340006842,0,0,0,0,0.0,,True,False,,b30f13211eeed0505d575c78569e3fb95f9c7059d643b9d1476dae86e2064942,57ac5e7259f9e36fe4d487d0f69b7b13ade0c0aa4abbfe896ce2ee654b85d6b9,acfaed29b052207b47b4b7fa76672795fd08de3add8565db05f141de82ece90b,,,0.0,0.0,0.0,0.0,0.0,0,full,True
ACT,137,8000179,metaworld,True,50,0.26539178299935884,0,0,0,0,0.0,,True,False,,229629d5730727e7c5aa51b4cb32b0d8787b63436c9d78779d8a58c6278d2856,57ac5e7259f9e36fe4d487d0f69b7b13ade0c0aa4abbfe896ce2ee654b85d6b9,2ad5907877cc42b4447b9630988e3a1f0da0d83e1f696f71e22dc69905e631b6,,,0.0,0.0,0.0,0.0,0.0,0,full,True
ACT,138,8000180,metaworld,True,51,0.26251302000309806,0,0,0,0,0.0,,True,False,,c4d401230bba1a04aa47c15a7f7e6c3a6db36cb0a890b620bdcae9ece1543a8d,57ac5e7259f9e36fe4d487d0f69b7b13ade0c0aa4abbfe896ce2ee654b85d6b9,56b7f182edcfeefa9301e1edd53d7f36e4418de7e6df1b54b0f0c298cde1b3cd,,,0.0,0.0,0.0,0.0,0.0,0,full,True
ACT,139,8000181,metaworld,True,54,0.2830117329976929,0,0,0,0,0.0,,True,False,,86c4906399a82eb3779d839208a904e5bf4cc56e716d7e28b41dda5605728b90,57ac5e7259f9e36fe4d487d0f69b7b13ade0c0aa4abbfe896ce2ee654b85d6b9,0f719f94ef165c0b816b8b10c3f4f5fcf802c9f5a25141035590310315749280,,,0.0,0.0,0.0,0.0,0.0,0,full,True
ACT,140,8000182,metaworld,True,56,0.2944055780026247,0,0,0,0,0.0,,True,False,,b756898f577084f9efc41032c11b6dea745b1f1e58f46dbecb7d2336d9244309,57ac5e7259f9e36fe4d487d0f69b7b13ade0c0aa4abbfe896ce2ee654b85d6b9,6cb8d983459a8e57d4ae53a86da2394015cabba2d7c306dcaf7b14af979ca230,,,0.0,0.0,0.0,0.0,0.0,0,full,True
ACT,141,8000183,metaworld,True,59,0.30247071199846687,0,0,0,0,0.0,,True,False,,bd37c8172160ef8267468154d53a87d5fb8ab147975393947ac730fc1de28651,57ac5e7259f9e36fe4d487d0f69b7b13ade0c0aa4abbfe896ce2ee654b85d6b9,39001749c902e2ab9d015efb8c7644faffff99810b709d3203dc359d5eacdcbd,,,0.0,0.0,0.0,0.0,0.0,0,full,True
ACT,142,8000184,metaworld,True,56,0.2811678580001171,0,0,0,0,0.0,,True,False,,efe4233580c387bdcf8d40ab4a477193fe7b90ee064d16f6c6bc8783efd4dc6f,57ac5e7259f9e36fe4d487d0f69b7b13ade0c0aa4abbfe896ce2ee654b85d6b9,f6a9ed9055e00c868d6771022c2c557a6a48990bdacbed585d07cde857d4755a,,,0.0,0.0,0.0,0.0,0.0,0,full,True
ACT,143,8000185,metaworld,True,59,0.29764068700023927,0,0,0,0,0.0,,True,False,,1bc00da43c28019e854e7e518f15c35b10c2a7c0500f4ad215a43ba27cd54e04,57ac5e7259f9e36fe4d487d0f69b7b13ade0c0aa4abbfe896ce2ee654b85d6b9,39001749c902e2ab9d015efb8c7644faffff99810b709d3203dc359d5eacdcbd,,,0.0,0.0,0.0,0.0,0.0,0,full,True
ACT,144,8000186,metaworld,True,53,0.2742519019993779,0,0,0,0,0.0,,True,False,,7e9553a86fc2538c36bc05a9f0f32ac6e29fee639731d6717003a14727b65b4f,57ac5e7259f9e36fe4d487d0f69b7b13ade0c0aa4abbfe896ce2ee654b85d6b9,588df85fb38ef87f822932ad2f702be807974873e4a07ea43084bbdeeaac6604,,,0.0,0.0,0.0,0.0,0.0,0,full,True
ACT,145,8000187,metaworld,True,60,0.3088314160013397,0,0,0,0,0.0,,True,False,,606e96ec08a9c589b76fa0139ab48d946e6283dd9a0a1893221b43a35dcfb1d3,57ac5e7259f9e36fe4d487d0f69b7b13ade0c0aa4abbfe896ce2ee654b85d6b9,c5023b3d25031a103b9549b6e8c83ba09d69e708ef117c31128a38e03616e5d8,,,0.0,0.0,0.0,0.0,0.0,0,full,True
ACT,146,8000188,metaworld,True,55,0.27323688300020876,0,0,0,0,0.0,,True,False,,4d5201f534cf48e89b35556de0d9c22d2acf95e70149667b00d7befeaf48b031,57ac5e7259f9e36fe4d487d0f69b7b13ade0c0aa4abbfe896ce2ee654b85d6b9,942fb6a87dc1e3eb7bf7bb111c97e7096138256b4a9a6b4c62a012fabe8bec38,,,0.0,0.0,0.0,0.0,0.0,0,full,True
ACT,147,8000189,metaworld,True,53,0.2658677079998597,0,0,0,0,0.0,,True,False,,07c9d3660b28424d1049b22f30eea7b9b40f539da5e295ad8a619649e6ddce8b,57ac5e7259f9e36fe4d487d0f69b7b13ade0c0aa4abbfe896ce2ee654b85d6b9,7c3391ee418e26d47c002810bc00065e4dd0b6728c969d2338ad549ad01ebb0a,,,0.0,0.0,0.0,0.0,0.0,0,full,True
ACT,148,8000190,metaworld,True,47,0.23029572299856227,0,0,0,0,0.0,,True,False,,25e4940d1d5ad8d2152101c55dea1e65f38c10342bae0eec994366553e2edf7d,57ac5e7259f9e36fe4d487d0f69b7b13ade0c0aa4abbfe896ce2ee654b85d6b9,cea0b9105255f82e0ee99bfb3998a6edce02b446d4b14afb0747282cd18aa202,,,0.0,0.0,0.0,0.0,0.0,0,full,True
ACT,149,8000191,metaworld,True,59,0.31073323500095285,0,0,0,0,0.0,,True,False,,6e99ba5e33046a7dc935ee70793e053c6af8ea927f795c9c5e6be176e7e5490b,57ac5e7259f9e36fe4d487d0f69b7b13ade0c0aa4abbfe896ce2ee654b85d6b9,e216352c7f1c7392270c7c501bb599f2a46f420613a124fda0729ab88160cdf2,,,0.0,0.0,0.0,0.0,0.0,0,full,True
ACT,150,8000192,metaworld,True,55,0.28544505900208605,0,0,0,0,0.0,,True,False,,444cd2a430347b3bd10a06c75c0d1df6dc811d7457eb86f456d5daf3656c27b9,57ac5e7259f9e36fe4d487d0f69b7b13ade0c0aa4abbfe896ce2ee654b85d6b9,25805a097f1f4b8c203ec3c130dcd3e66b5fb3ad298114a08662aae6c86fa673,,,0.0,0.0,0.0,0.0,0.0,0,full,True
ACT,151,8000193,metaworld,True,60,0.3119989010010613,0,0,0,0,0.0,,True,False,,6de98acfedbb86c5b231ffde172f2cd425fcb7e772f97045990c637bb618478f,57ac5e7259f9e36fe4d487d0f69b7b13ade0c0aa4abbfe896ce2ee654b85d6b9,1c856fdcb5da12c3fa2d15b38741aa980fa3a47e64fb99f8635817590128f9ea,,,0.0,0.0,0.0,0.0,0.0,0,full,True
ACT,152,8000194,metaworld,True,54,0.2744910619985603,0,0,0,0,0.0,,True,False,,8f7b3ac08aacae1c83400a0ffdde1ec2148e96caefb6884aecb661e71756325b,57ac5e7259f9e36fe4d487d0f69b7b13ade0c0aa4abbfe896ce2ee654b85d6b9,64ee837add19202e84553431fdab118462cf5265eeae19a4d044b5a6818f771d,,,0.0,0.0,0.0,0.0,0.0,0,full,True
ACT,153,8000195,metaworld,True,52,0.26020136200168054,0,0,0,0,0.0,,True,False,,03a0784fe570b9179740e6e80547e4b7f375ef72b57778d3f7d38cf5135b4ae0,57ac5e7259f9e36fe4d487d0f69b7b13ade0c0aa4abbfe896ce2ee654b85d6b9,2eb279a724955c1a9d173681940490ec9cc8ed4fdc15a95533884a23d4ccdb4e,,,0.0,0.0,0.0,0.0,0.0,0,full,True
ACT,154,8000196,metaworld,True,52,0.2628013949979504,0,0,0,0,0.0,,True,False,,956524f7f4372adddbd3e575aed0bf2ca67494523fdbe2ea8e5998452b4b5597,57ac5e7259f9e36fe4d487d0f69b7b13ade0c0aa4abbfe896ce2ee654b85d6b9,342b72dafe0e47ecf8a937cb01e62ac02c2d77bf93dafca59574cbbbfc4ad77b,,,0.0,0.0,0.0,0.0,0.0,0,full,True
ACT,155,8000197,metaworld,True,56,0.27766278499984764,0,0,0,0,0.0,,True,False,,15cfe999dd389933b799952aade7e84c83899fca3faab338651c3e13a316f453,57ac5e7259f9e36fe4d487d0f69b7b13ade0c0aa4abbfe896ce2ee654b85d6b9,524e161a612d94c222d06154bcd0129d0851b8fad51ae883abbef6e86d43cbb0,,,0.0,0.0,0.0,0.0,0.0,0,full,True
ACT,156,8000198,metaworld,True,51,0.2580033089980134,0,0,0,0,0.0,,True,False,,a2802d0c0f77db3809566061d871b35fb9f3082861b298dfdfd8a6693a6058e7,57ac5e7259f9e36fe4d487d0f69b7b13ade0c0aa4abbfe896ce2ee654b85d6b9,56b7f182edcfeefa9301e1edd53d7f36e4418de7e6df1b54b0f0c298cde1b3cd,,,0.0,0.0,0.0,0.0,0.0,0,full,True
ACT,157,8000199,metaworld,True,55,0.27022994399885647,0,0,0,0,0.0,,True,False,,d399ecd067333a07d72b949c0392a22e4f7310d51371f6e0e45c063087e37b02,57ac5e7259f9e36fe4d487d0f69b7b13ade0c0aa4abbfe896ce2ee654b85d6b9,3183afb500ebb9a5af177cccb5b5889a8321eb35261f8ec571269f8b5ed9cd1a,,,0.0,0.0,0.0,0.0,0.0,0,full,True
ACT,158,8000200,metaworld,True,56,0.2763533399993321,0,0,0,0,0.0,,True,False,,3b671376efc09e2c0eaf0a8c8911768e285aec431419c446d0dc7d0b5556da73,57ac5e7259f9e36fe4d487d0f69b7b13ade0c0aa4abbfe896ce2ee654b85d6b9,524e161a612d94c222d06154bcd0129d0851b8fad51ae883abbef6e86d43cbb0,,,0.0,0.0,0.0,0.0,0.0,0,full,True
ACT,159,8000201,metaworld,True,51,0.2546223639983509,0,0,0,0,0.0,,True,False,,daeec55f1e802c1a7412eae0aad0190eae3752503d22e1b2defb529dd5406c78,57ac5e7259f9e36fe4d487d0f69b7b13ade0c0aa4abbfe896ce2ee654b85d6b9,56b7f182edcfeefa9301e1edd53d7f36e4418de7e6df1b54b0f0c298cde1b3cd,,,0.0,0.0,0.0,0.0,0.0,0,full,True
ACT,160,8000202,metaworld,True,60,0.38626682000176515,0,0,0,0,0.0,,True,False,,11c3ae77e5e0e45dd6dd736201d6059c30de374c319a51e294b3a32f2f12cefb,57ac5e7259f9e36fe4d487d0f69b7b13ade0c0aa4abbfe896ce2ee654b85d6b9,c5023b3d25031a103b9549b6e8c83ba09d69e708ef117c31128a38e03616e5d8,,,0.0,0.0,0.0,0.0,0.0,0,full,True
ACT,161,8000203,metaworld,True,55,0.28144663400235004,0,0,0,0,0.0,,True,False,,90a13e5cad5d5431514c22718d3d95e63c9e47b8e519a0e38289dc58c2cdf830,57ac5e7259f9e36fe4d487d0f69b7b13ade0c0aa4abbfe896ce2ee654b85d6b9,942fb6a87dc1e3eb7bf7bb111c97e7096138256b4a9a6b4c62a012fabe8bec38,,,0.0,0.0,0.0,0.0,0.0,0,full,True
ACT,162,8000204,metaworld,True,51,0.25698511399968993,0,0,0,0,0.0,,True,False,,06bc30c094e4dc4249e4412fca7b11f1dc1baa4442778a26fd5e9af3c80d2ede,57ac5e7259f9e36fe4d487d0f69b7b13ade0c0aa4abbfe896ce2ee654b85d6b9,5e1df472084de78052388a34f03cad3de438ca9b5dc801b5759dd57c66a7482a,,,0.0,0.0,0.0,0.0,0.0,0,full,True
ACT,163,8000205,metaworld,True,56,0.27855746999921394,0,0,0,0,0.0,,True,False,,70442312b6139109b03bc821f8f0c5e23f54f5693581f05ed236ba82f44a14bb,57ac5e7259f9e36fe4d487d0f69b7b13ade0c0aa4abbfe896ce2ee654b85d6b9,6cb8d983459a8e57d4ae53a86da2394015cabba2d7c306dcaf7b14af979ca230,,,0.0,0.0,0.0,0.0,0.0,0,full,True
ACT,164,8000206,metaworld,True,58,0.2834575369997765,0,0,0,0,0.0,,True,False,,7f2f1840b1bf1e051201242a0ff8682dd1a554df6dc2a3fa4b75e6e0c2ac110f,57ac5e7259f9e36fe4d487d0f69b7b13ade0c0aa4abbfe896ce2ee654b85d6b9,06d355d7aff3b944ab4199c02a94c63d062e5c414c0b195f7b232b607e0ab1ed,,,0.0,0.0,0.0,0.0,0.0,0,full,True
ACT,165,8000207,metaworld,True,50,0.2477548740025668,0,0,0,0,0.0,,True,False,,8c3fe67a600525b9269131467f5ef3ccd39cbd4322f3a459f8e1b2d61e7dfebc,57ac5e7259f9e36fe4d487d0f69b7b13ade0c0aa4abbfe896ce2ee654b85d6b9,6338b57c8983138382fa5c9ee7bb2d2c200be44368697f7ffa8216ea26ddccaf,,,0.0,0.0,0.0,0.0,0.0,0,full,True
ACT,166,8000208,metaworld,True,50,0.24313098100174102,0,0,0,0,0.0,,True,False,,316b205b413bcb184ab5d8db16f68714ab7189b3da79cbeab9232070ed0741d5,57ac5e7259f9e36fe4d487d0f69b7b13ade0c0aa4abbfe896ce2ee654b85d6b9,35203d16cfa98b5f2e002fcb1ffde2400abf9459c161f6a289efa0c46eddb36f,,,0.0,0.0,0.0,0.0,0.0,0,full,True
ACT,167,8000209,metaworld,True,52,0.2523763360004523,0,0,0,0,0.0,,True,False,,6f60201145017e0ba58745d9b7c34c23905a2223e8c2ed7e031fdcb862ee67dd,57ac5e7259f9e36fe4d487d0f69b7b13ade0c0aa4abbfe896ce2ee654b85d6b9,71488b32995fa40c6ec3f77f6bcd912b1929aef29d90a66307ad46cd584acf29,,,0.0,0.0,0.0,0.0,0.0,0,full,True
ACT,168,8000210,metaworld,True,47,0.2290005779977946,0,0,0,0,0.0,,True,False,,ad10f16ab45288a557d3af12e061e055c810724b95d83b33693cfc9a0b7ef2ef,57ac5e7259f9e36fe4d487d0f69b7b13ade0c0aa4abbfe896ce2ee654b85d6b9,27e1ed8c670f23dae46752497e383610e58c248d638e3b9b707808a32ce33d4e,,,0.0,0.0,0.0,0.0,0.0,0,full,True
ACT,169,8000211,metaworld,True,50,0.2469415529994876,0,0,0,0,0.0,,True,False,,21793e48862fcc6b0364c110916c85bca853fcfb879bf6d4cab8bbc4b7b3427f,57ac5e7259f9e36fe4d487d0f69b7b13ade0c0aa4abbfe896ce2ee654b85d6b9,2ad5907877cc42b4447b9630988e3a1f0da0d83e1f696f71e22dc69905e631b6,,,0.0,0.0,0.0,0.0,0.0,0,full,True
ACT,170,8000212,metaworld,True,52,0.2535577859998739,0,0,0,0,0.0,,True,False,,a9b75fdd42fa51f1013fba0d53a3a88c73ba7deb6b34762a833e51e5aa278972,57ac5e7259f9e36fe4d487d0f69b7b13ade0c0aa4abbfe896ce2ee654b85d6b9,2eb279a724955c1a9d173681940490ec9cc8ed4fdc15a95533884a23d4ccdb4e,,,0.0,0.0,0.0,0.0,0.0,0,full,True
ACT,171,8000213,metaworld,True,50,0.34416167800009134,0,0,0,0,0.0,,True,False,,a009c0d2d0962f5c8f83149b44e7075982c5d40da4101fb5e19e51cda69af21c,57ac5e7259f9e36fe4d487d0f69b7b13ade0c0aa4abbfe896ce2ee654b85d6b9,35203d16cfa98b5f2e002fcb1ffde2400abf9459c161f6a289efa0c46eddb36f,,,0.0,0.0,0.0,0.0,0.0,0,full,True
ACT,172,8000214,metaworld,True,54,0.4124121479981113,0,0,0,0,0.0,,True,False,,ab649ef5acba513d557406cc42c0bb442073002c8a0e07c409923429624bd65c,57ac5e7259f9e36fe4d487d0f69b7b13ade0c0aa4abbfe896ce2ee654b85d6b9,64ee837add19202e84553431fdab118462cf5265eeae19a4d044b5a6818f771d,,,0.0,0.0,0.0,0.0,0.0,0,full,True
ACT,173,8000215,metaworld,True,59,0.33182961299826275,0,0,0,0,0.0,,True,False,,517eb6bebb76a5356692b210b1e66d6dc5b6c53450daf208e7e647495240d280,57ac5e7259f9e36fe4d487d0f69b7b13ade0c0aa4abbfe896ce2ee654b85d6b9,a8cfe6e2276fbd15230c5555255b87d17333bdd29f84f687df7405d0311fae7f,,,0.0,0.0,0.0,0.0,0.0,0,full,True
ACT,174,8000216,metaworld,True,50,0.26199486600307864,0,0,0,0,0.0,,True,False,,6bc1016a619e288924ba03d017f3aca047a124c05cc8a3e4a510fcf51aa076b0,57ac5e7259f9e36fe4d487d0f69b7b13ade0c0aa4abbfe896ce2ee654b85d6b9,504c23f653f6cdee9d659d9320b164606b319d4f0e9cdf0f3a87e2fc7a98160a,,,0.0,0.0,0.0,0.0,0.0,0,full,True
ACT,175,8000217,metaworld,True,47,0.23283868900034577,0,0,0,0,0.0,,True,False,,b726e7ce0f85310db06bdfbcb2cc3dd9e16b8c300f5ef6f09d972a4cf17966d5,57ac5e7259f9e36fe4d487d0f69b7b13ade0c0aa4abbfe896ce2ee654b85d6b9,20cf3cfee33051ea4ca25b64648f05450b0068ae0136ae52c3108d28b02f3691,,,0.0,0.0,0.0,0.0,0.0,0,full,True
ACT,176,8000218,metaworld,True,52,0.2554356539985747,0,0,0,0,0.0,,True,False,,72b3631160ac4025478a9ba8a088779b82838cfca5f513a6d7cabe641d2db4c8,57ac5e7259f9e36fe4d487d0f69b7b13ade0c0aa4abbfe896ce2ee654b85d6b9,f82ceac6f8787ac22c378edc1f141cedcc86bf9309b43f1aff6633ae0a963abb,,,0.0,0.0,0.0,0.0,0.0,0,full,True
ACT,177,8000219,metaworld,True,55,0.2752573649995611,0,0,0,0,0.0,,True,False,,e3e64e1ffea4201405bd4d240b1d2a74b74d808c2cc206edb1a6a35b96d29ece,57ac5e7259f9e36fe4d487d0f69b7b13ade0c0aa4abbfe896ce2ee654b85d6b9,942fb6a87dc1e3eb7bf7bb111c97e7096138256b4a9a6b4c62a012fabe8bec38,,,0.0,0.0,0.0,0.0,0.0,0,full,True
ACT,178,8000220,metaworld,True,52,0.25958193200131063,0,0,0,0,0.0,,True,False,,602b8af598f3550c9e01722713236b5f3c49e337e21d6ede0b2326c5f7c253ba,57ac5e7259f9e36fe4d487d0f69b7b13ade0c0aa4abbfe896ce2ee654b85d6b9,acfaed29b052207b47b4b7fa76672795fd08de3add8565db05f141de82ece90b,,,0.0,0.0,0.0,0.0,0.0,0,full,True
ACT,179,8000221,metaworld,True,56,0.2842442969995318,0,0,0,0,0.0,,True,False,,c89a503741675095f8512d112b6ebe5e587b71ea1b97a91e4a15625c672d1b2d,57ac5e7259f9e36fe4d487d0f69b7b13ade0c0aa4abbfe896ce2ee654b85d6b9,f6a9ed9055e00c868d6771022c2c557a6a48990bdacbed585d07cde857d4755a,,,0.0,0.0,0.0,0.0,0.0,0,full,True
ACT,180,8000222,metaworld,True,55,0.29108169000028283,0,0,0,0,0.0,,True,False,,028143e3a5d25ccbe59627758e139765032e991dbab58845d045c02d6365afea,57ac5e7259f9e36fe4d487d0f69b7b13ade0c0aa4abbfe896ce2ee654b85d6b9,25805a097f1f4b8c203ec3c130dcd3e66b5fb3ad298114a08662aae6c86fa673,,,0.0,0.0,0.0,0.0,0.0,0,full,True
ACT,181,8000223,metaworld,True,55,0.28141502600192325,0,0,0,0,0.0,,True,False,,1825555624ea19f89623c2891a62a960396f1832be905d7560ca93c211a2f288,57ac5e7259f9e36fe4d487d0f69b7b13ade0c0aa4abbfe896ce2ee654b85d6b9,25805a097f1f4b8c203ec3c130dcd3e66b5fb3ad298114a08662aae6c86fa673,,,0.0,0.0,0.0,0.0,0.0,0,full,True
ACT,182,8000224,metaworld,True,52,0.27019626299806987,0,0,0,0,0.0,,True,False,,4d6f5e2e53cb85eebfb3cc9a1521c2c08c447eb72756d47ee0518ae887faab32,57ac5e7259f9e36fe4d487d0f69b7b13ade0c0aa4abbfe896ce2ee654b85d6b9,342b72dafe0e47ecf8a937cb01e62ac02c2d77bf93dafca59574cbbbfc4ad77b,,,0.0,0.0,0.0,0.0,0.0,0,full,True
ACT,183,8000225,metaworld,True,49,0.2505146279982,0,0,0,0,0.0,,True,False,,145b4ee12b2df0ba36152ff5e4f43dbf0ba39ea76964404671abbb6ba1c0ae57,57ac5e7259f9e36fe4d487d0f69b7b13ade0c0aa4abbfe896ce2ee654b85d6b9,bb2c6b1aed959fa3ddddb1c215ce67cbb5b0ec080eb65fb58e06b7776849a096,,,0.0,0.0,0.0,0.0,0.0,0,full,True
ACT,184,8000226,metaworld,True,59,0.2910467029978463,0,0,0,0,0.0,,True,False,,9cde40af9b85057fe32e1e80d9dc1ead820d65ff3f12017b1f56cb4ec1d0cc24,57ac5e7259f9e36fe4d487d0f69b7b13ade0c0aa4abbfe896ce2ee654b85d6b9,e216352c7f1c7392270c7c501bb599f2a46f420613a124fda0729ab88160cdf2,,,0.0,0.0,0.0,0.0,0.0,0,full,True
ACT,185,8000227,metaworld,True,52,0.25624519199845963,0,0,0,0,0.0,,True,False,,87764b1c6cc37777ee8e149635649054ab57dd9f26f702cd188a06f1b5f8841a,57ac5e7259f9e36fe4d487d0f69b7b13ade0c0aa4abbfe896ce2ee654b85d6b9,342b72dafe0e47ecf8a937cb01e62ac02c2d77bf93dafca59574cbbbfc4ad77b,,,0.0,0.0,0.0,0.0,0.0,0,full,True
ACT,186,8000228,metaworld,True,47,0.23702260600111913,0,0,0,0,0.0,,True,False,,ba3867afe745e6d6d1c4b9d8631c9ed2281684e2e5904fc0f31e00fc9b682dd3,57ac5e7259f9e36fe4d487d0f69b7b13ade0c0aa4abbfe896ce2ee654b85d6b9,cea0b9105255f82e0ee99bfb3998a6edce02b446d4b14afb0747282cd18aa202,,,0.0,0.0,0.0,0.0,0.0,0,full,True
ACT,187,8000229,metaworld,True,52,0.2575233310017211,0,0,0,0,0.0,,True,False,,2220f0eca4812722f5ed88e7228190658ee44a088075d86fd78146c095429797,57ac5e7259f9e36fe4d487d0f69b7b13ade0c0aa4abbfe896ce2ee654b85d6b9,acfaed29b052207b47b4b7fa76672795fd08de3add8565db05f141de82ece90b,,,0.0,0.0,0.0,0.0,0.0,0,full,True
ACT,188,8000230,metaworld,True,52,0.2528485040020314,0,0,0,0,0.0,,True,False,,59d780e5d93c6c55eeae17ffc4632d1d9df1a6724eab74ddc31bd86304b3555d,57ac5e7259f9e36fe4d487d0f69b7b13ade0c0aa4abbfe896ce2ee654b85d6b9,6943489118fc060756e24fd47685e2c10173293d54af0af7e8afa9e287c9c5f1,,,0.0,0.0,0.0,0.0,0.0,0,full,True
ACT,189,8000231,metaworld,True,53,0.2617630870008725,0,0,0,0,0.0,,True,False,,bfe320e6a4a656767a9fcfc36124a53896551c43ece1875ed718a89b4286e7fc,57ac5e7259f9e36fe4d487d0f69b7b13ade0c0aa4abbfe896ce2ee654b85d6b9,588df85fb38ef87f822932ad2f702be807974873e4a07ea43084bbdeeaac6604,,,0.0,0.0,0.0,0.0,0.0,0,full,True
ACT,190,8000232,metaworld,True,57,0.28050860799703514,0,0,0,0,0.0,,True,False,,7956c83d8cbbcff39135250dbaa0704b503d78ced33ecbbfc34c07fed30f5eb1,57ac5e7259f9e36fe4d487d0f69b7b13ade0c0aa4abbfe896ce2ee654b85d6b9,b8e45a2f8f553d53c6eef0305347f910b9999bcae6df6ccaf0eaee6ac864e670,,,0.0,0.0,0.0,0.0,0.0,0,full,True
ACT,191,8000233,metaworld,True,51,0.24887078300162102,0,0,0,0,0.0,,True,False,,ea487f4f20ff2ef725ef7a789ae65bd300257747621a301103886f2cfac81dae,57ac5e7259f9e36fe4d487d0f69b7b13ade0c0aa4abbfe896ce2ee654b85d6b9,aa1f17aacdf569c3a2930a2ebbf742ff43f8d3acfc772731a5c344cabcd52570,,,0.0,0.0,0.0,0.0,0.0,0,full,True
ACT,192,8000234,metaworld,True,60,0.29651634999754606,0,0,0,0,0.0,,True,False,,a11b5c04c7157ee9f312c6d5ef2cd942f2051f8dda07ce3e24649c0ced491200,57ac5e7259f9e36fe4d487d0f69b7b13ade0c0aa4abbfe896ce2ee654b85d6b9,c5023b3d25031a103b9549b6e8c83ba09d69e708ef117c31128a38e03616e5d8,,,0.0,0.0,0.0,0.0,0.0,0,full,True
ACT,193,8000235,metaworld,True,52,0.25471765200200025,0,0,0,0,0.0,,True,False,,c8ee0d6980ceabb12121f38d75bc52e4bb5b329ac78017acc21fcfb2878f834e,57ac5e7259f9e36fe4d487d0f69b7b13ade0c0aa4abbfe896ce2ee654b85d6b9,aba21ef1c98d0573e36116c9757115227fd3793cba96aea7eda95c2547314ca3,,,0.0,0.0,0.0,0.0,0.0,0,full,True
ACT,194,8000236,metaworld,True,54,0.26480998899933184,0,0,0,0,0.0,,True,False,,9aa36ca4ad11794f103c4b4c8b691b1fb30a880ad426521bf91c92d940c27659,57ac5e7259f9e36fe4d487d0f69b7b13ade0c0aa4abbfe896ce2ee654b85d6b9,64ee837add19202e84553431fdab118462cf5265eeae19a4d044b5a6818f771d,,,0.0,0.0,0.0,0.0,0.0,0,full,True
ACT,195,8000237,metaworld,True,52,0.25381093000032706,0,0,0,0,0.0,,True,False,,2a338465498ee30be6304104d2b71e7b99e9588fcc0bf27dc9dd2ab09f0c6836,57ac5e7259f9e36fe4d487d0f69b7b13ade0c0aa4abbfe896ce2ee654b85d6b9,aba21ef1c98d0573e36116c9757115227fd3793cba96aea7eda95c2547314ca3,,,0.0,0.0,0.0,0.0,0.0,0,full,True
ACT,196,8000238,metaworld,True,52,0.2527977199970337,0,0,0,0,0.0,,True,False,,7724346742794662202a687b17dfde7f246ae539c6ec94cc3a6fb6de86c1d0dd,57ac5e7259f9e36fe4d487d0f69b7b13ade0c0aa4abbfe896ce2ee654b85d6b9,acfaed29b052207b47b4b7fa76672795fd08de3add8565db05f141de82ece90b,,,0.0,0.0,0.0,0.0,0.0,0,full,True
ACT,197,8000239,metaworld,True,56,0.2974641260007047,0,0,0,0,0.0,,True,False,,6314020d1de7b06603112e9d5618b337974b4ab17a1b554ffc7726a7ae2cb3b7,57ac5e7259f9e36fe4d487d0f69b7b13ade0c0aa4abbfe896ce2ee654b85d6b9,6cb8d983459a8e57d4ae53a86da2394015cabba2d7c306dcaf7b14af979ca230,,,0.0,0.0,0.0,0.0,0.0,0,full,True
ACT,198,8000240,metaworld,True,54,0.27494371400098316,0,0,0,0,0.0,,True,False,,d2e96a40e68e066bc92c9f23f9fa5b734b978c450bc9397b487958b87fb6cd9e,57ac5e7259f9e36fe4d487d0f69b7b13ade0c0aa4abbfe896ce2ee654b85d6b9,742509487aeb71d366f1ddafa1cb12db2f7cfefe17c4ca89c98cffb67c1c8619,,,0.0,0.0,0.0,0.0,0.0,0,full,True
ACT,199,8000241,metaworld,True,51,0.27882741799840005,0,0,0,0,0.0,,True,False,,911921e8072dbc0e39326fc1d2662ae3dc37a6403c2fc4b9721260ee9fdc3fa9,57ac5e7259f9e36fe4d487d0f69b7b13ade0c0aa4abbfe896ce2ee654b85d6b9,5e1df472084de78052388a34f03cad3de438ca9b5dc801b5759dd57c66a7482a,,,0.0,0.0,0.0,0.0,0.0,0,full,True
REIM (ACT + Detector + Recovery),0,8000042,metaworld,True,54,0.1878177059988957,1,1,1,29,0.22842295467853546,task_success_while_recovery_active_per_intervention,True,False,,9ba54a97dc3eac62ffa2b357787e968094e2f2842296ee4666f4a97a6693d10e,57ac5e7259f9e36fe4d487d0f69b7b13ade0c0aa4abbfe896ce2ee654b85d6b9,f82ceac6f8787ac22c378edc1f141cedcc86bf9309b43f1aff6633ae0a963abb,,,0.0,0.0,0.0,0.0,0.0,0,full,True
REIM (ACT + Detector + Recovery),1,8000043,metaworld,True,58,0.31621433699910995,0,0,0,0,0.19202660024166107,task_success_while_recovery_active_per_intervention,True,False,,942b7497eca1d94ea0ea857f061878f8e29d06be84b300c8318d89cfd4a09f6b,57ac5e7259f9e36fe4d487d0f69b7b13ade0c0aa4abbfe896ce2ee654b85d6b9,06d355d7aff3b944ab4199c02a94c63d062e5c414c0b195f7b232b607e0ab1ed,,,0.0,0.0,0.0,0.0,0.0,0,full,True
REIM (ACT + Detector + Recovery),2,8000044,metaworld,True,56,0.3022806330009189,0,0,0,0,0.1003037765622139,task_success_while_recovery_active_per_intervention,True,False,,5f706161b26f51d35c050ebf5cc409cf8c7a0c05b1f726efd3c01d090ae182c1,57ac5e7259f9e36fe4d487d0f69b7b13ade0c0aa4abbfe896ce2ee654b85d6b9,f6a9ed9055e00c868d6771022c2c557a6a48990bdacbed585d07cde857d4755a,,,0.0,0.0,0.0,0.0,0.0,0,full,True
REIM (ACT + Detector + Recovery),3,8000045,metaworld,True,47,0.2555988530002651,0,0,0,0,0.13781844079494476,task_success_while_recovery_active_per_intervention,True,False,,3aca22348cc4bd86219b19040a17a200f8fd4420480e0a152b9fae69d80a0cc7,57ac5e7259f9e36fe4d487d0f69b7b13ade0c0aa4abbfe896ce2ee654b85d6b9,5d73f28d4d24cdbcb36a5e5cd61ec1a82f7287ce56d88da8cea912ed757b164c,,,0.0,0.0,0.0,0.0,0.0,0,full,True
REIM (ACT + Detector + Recovery),4,8000046,metaworld,True,48,0.15316171100130305,1,1,1,29,0.20862631499767303,task_success_while_recovery_active_per_intervention,True,False,,fdafe38f302faae633d586e6bd90b15c8d220578504caa59c11eddbc052f1e95,57ac5e7259f9e36fe4d487d0f69b7b13ade0c0aa4abbfe896ce2ee654b85d6b9,27e1ed8c670f23dae46752497e383610e58c248d638e3b9b707808a32ce33d4e,,,0.0,0.0,0.0,0.0,0.0,0,full,True
REIM (ACT + Detector + Recovery),5,8000047,metaworld,True,52,0.2823818040014885,0,0,0,0,0.17983676493167877,task_success_while_recovery_active_per_intervention,True,False,,66cf1bbb8f757c669b22e53df9385050cecd2abf03e5763c572f4f154c4bb733,57ac5e7259f9e36fe4d487d0f69b7b13ade0c0aa4abbfe896ce2ee654b85d6b9,38329c6b97bbe7d133bf007c22742dca5f0cd7258f8d7199135c6c2371ae591d,,,0.0,0.0,0.0,0.0,0.0,0,full,True
REIM (ACT + Detector + Recovery),6,8000048,metaworld,True,56,0.12755056300011347,1,1,1,48,0.3155618906021118,task_success_while_recovery_active_per_intervention,True,False,,cf76f6163b26ceadcf21b1579e5dca8f2f944d4805ceb877046fc2b5645ce7ab,57ac5e7259f9e36fe4d487d0f69b7b13ade0c0aa4abbfe896ce2ee654b85d6b9,aba21ef1c98d0573e36116c9757115227fd3793cba96aea7eda95c2547314ca3,,,0.0,0.0,0.0,0.0,0.0,0,full,True
REIM (ACT + Detector + Recovery),7,8000049,metaworld,True,55,0.29711307699835743,0,0,0,0,0.12252290546894073,task_success_while_recovery_active_per_intervention,True,False,,585b6e1458515f1c8a269bbd73fe91eabbd1415f31d1c16ba61d5cc24fa310ab,57ac5e7259f9e36fe4d487d0f69b7b13ade0c0aa4abbfe896ce2ee654b85d6b9,4e97203f8ce1a96cef19545d4c4c300d0de39e4f94bd1941cef7ebc3dd48be02,,,0.0,0.0,0.0,0.0,0.0,0,full,True
REIM (ACT + Detector + Recovery),8,8000050,metaworld,True,54,0.2965063369993004,0,0,0,0,0.1423380970954895,task_success_while_recovery_active_per_intervention,True,False,,6492aebf3511ceb11e67136af0cf4adf140a5440e79d5aed25c0bffd3f33065a,57ac5e7259f9e36fe4d487d0f69b7b13ade0c0aa4abbfe896ce2ee654b85d6b9,64ee837add19202e84553431fdab118462cf5265eeae19a4d044b5a6818f771d,,,0.0,0.0,0.0,0.0,0.0,0,full,True
REIM (ACT + Detector + Recovery),9,8000051,metaworld,True,56,0.3056329619976168,0,0,0,0,0.1491069793701172,task_success_while_recovery_active_per_intervention,True,False,,38b46e095083779d7eab868163137f8a167783471ea6d040b00138773a03ef7b,57ac5e7259f9e36fe4d487d0f69b7b13ade0c0aa4abbfe896ce2ee654b85d6b9,6cb8d983459a8e57d4ae53a86da2394015cabba2d7c306dcaf7b14af979ca230,,,0.0,0.0,0.0,0.0,0.0,0,full,True
REIM (ACT + Detector + Recovery),10,8000052,metaworld,True,52,0.15001807199951145,1,1,1,36,0.25363126397132874,task_success_while_recovery_active_per_intervention,True,False,,462b69b8c294978830cb0ab7e7c3c80eacaf079671772ffceb40ed6f33ea57dd,57ac5e7259f9e36fe4d487d0f69b7b13ade0c0aa4abbfe896ce2ee654b85d6b9,504c23f653f6cdee9d659d9320b164606b319d4f0e9cdf0f3a87e2fc7a98160a,,,0.0,0.0,0.0,0.0,0.0,0,full,True
REIM (ACT + Detector + Recovery),11,8000053,metaworld,True,58,0.31546784799866145,0,0,0,0,0.19202660024166107,task_success_while_recovery_active_per_intervention,True,False,,09eb5f5e42a77a67a8205adf4f65b89b4e96825ce9fe2492fd082c249c7a73b0,57ac5e7259f9e36fe4d487d0f69b7b13ade0c0aa4abbfe896ce2ee654b85d6b9,06d355d7aff3b944ab4199c02a94c63d062e5c414c0b195f7b232b607e0ab1ed,,,0.0,0.0,0.0,0.0,0.0,0,full,True
REIM (ACT + Detector + Recovery),12,8000054,metaworld,True,54,0.2914904459976242,0,0,0,0,0.09548734128475189,task_success_while_recovery_active_per_intervention,True,False,,a8ccd6b13cd60b7f9572268f8313460105d96fdd6bc540b34829c829f74bfaf7,57ac5e7259f9e36fe4d487d0f69b7b13ade0c0aa4abbfe896ce2ee654b85d6b9,742509487aeb71d366f1ddafa1cb12db2f7cfefe17c4ca89c98cffb67c1c8619,,,0.0,0.0,0.0,0.0,0.0,0,full,True
REIM (ACT + Detector + Recovery),13,8000055,metaworld,True,60,0.1385563430012553,1,1,1,51,0.22879751026630402,task_success_while_recovery_active_per_intervention,True,False,,98dd1143bc963d4ff37fb9d7b8126e0c91aaebaa69be9a57d4d854565b4b6119,57ac5e7259f9e36fe4d487d0f69b7b13ade0c0aa4abbfe896ce2ee654b85d6b9,e216352c7f1c7392270c7c501bb599f2a46f420613a124fda0729ab88160cdf2,,,0.0,0.0,0.0,0.0,0.0,0,full,True
REIM (ACT + Detector + Recovery),14,8000056,metaworld,True,54,0.29103211400069995,0,0,0,0,0.1423380970954895,task_success_while_recovery_active_per_intervention,True,False,,11459011ad48e322f988de267687c0790436385ce87ad6ad626156195f55945f,57ac5e7259f9e36fe4d487d0f69b7b13ade0c0aa4abbfe896ce2ee654b85d6b9,64ee837add19202e84553431fdab118462cf5265eeae19a4d044b5a6818f771d,,,0.0,0.0,0.0,0.0,0.0,0,full,True
REIM (ACT + Detector + Recovery),15,8000057,metaworld,True,52,0.130625735000649,1,1,1,42,0.2533736526966095,task_success_while_recovery_active_per_intervention,True,False,,a2fb5cbbce2dd09ca46cc1a66a289c63746f8c499d3b14f8c5d5ca09d6f46029,57ac5e7259f9e36fe4d487d0f69b7b13ade0c0aa4abbfe896ce2ee654b85d6b9,c40fedd273cade53989af8adc3ca66d02f2d92ca4d97b2f6391a0dd0ab6dbca3,,,0.0,0.0,0.0,0.0,0.0,0,full,True
REIM (ACT + Detector + Recovery),16,8000058,metaworld,True,56,0.1570176330023969,1,1,1,41,0.2504044771194458,task_success_while_recovery_active_per_intervention,True,False,,723b273ceb9d36e1e00e910bc1793d2f9bbd26d4d9a75b73a26a3dae8dca2a26,57ac5e7259f9e36fe4d487d0f69b7b13ade0c0aa4abbfe896ce2ee654b85d6b9,942fb6a87dc1e3eb7bf7bb111c97e7096138256b4a9a6b4c62a012fabe8bec38,,,0.0,0.0,0.0,0.0,0.0,0,full,True
REIM (ACT + Detector + Recovery),17,8000059,metaworld,True,57,0.13456966900048428,1,1,1,47,0.30183300375938416,task_success_while_recovery_active_per_intervention,True,False,,aff0e935e89d4275f3d9003f432afb3c7b73021e8d0ba2624c29bb93dccac4b7,57ac5e7259f9e36fe4d487d0f69b7b13ade0c0aa4abbfe896ce2ee654b85d6b9,0f719f94ef165c0b816b8b10c3f4f5fcf802c9f5a25141035590310315749280,,,0.0,0.0,0.0,0.0,0.0,0,full,True
REIM (ACT + Detector + Recovery),18,8000060,metaworld,True,57,0.30685035699934815,0,0,0,0,0.1252090185880661,task_success_while_recovery_active_per_intervention,True,False,,f6ca742d0d8ba58d1f33b66d0505d4620b5b1c6204484551e79009be22dc9817,57ac5e7259f9e36fe4d487d0f69b7b13ade0c0aa4abbfe896ce2ee654b85d6b9,b8e45a2f8f553d53c6eef0305347f910b9999bcae6df6ccaf0eaee6ac864e670,,,0.0,0.0,0.0,0.0,0.0,0,full,True
REIM (ACT + Detector + Recovery),19,8000061,metaworld,True,58,0.3065209380001761,0,0,0,0,0.19202660024166107,task_success_while_recovery_active_per_intervention,True,False,,d53593b281f213b729d5b4b0eb8386731fbd2d30a18c07e3a3818208d9b570b0,57ac5e7259f9e36fe4d487d0f69b7b13ade0c0aa4abbfe896ce2ee654b85d6b9,06d355d7aff3b944ab4199c02a94c63d062e5c414c0b195f7b232b607e0ab1ed,,,0.0,0.0,0.0,0.0,0.0,0,full,True
REIM (ACT + Detector + Recovery),20,8000062,metaworld,True,51,0.2671734520008613,0,0,0,0,0.1820400357246399,task_success_while_recovery_active_per_intervention,True,False,,f115e66431b3168ad312cc52a15a67f0242112dd970cdea5bb44a570635f74f0,57ac5e7259f9e36fe4d487d0f69b7b13ade0c0aa4abbfe896ce2ee654b85d6b9,5e1df472084de78052388a34f03cad3de438ca9b5dc801b5759dd57c66a7482a,,,0.0,0.0,0.0,0.0,0.0,0,full,True
REIM (ACT + Detector + Recovery),21,8000063,metaworld,True,55,0.29040166800041334,0,0,0,0,0.13346530497074127,task_success_while_recovery_active_per_intervention,True,False,,840ba6a6d7d444b9fbaf705d160c12f4e253721c88bd38364bcfe91dc870cfc5,57ac5e7259f9e36fe4d487d0f69b7b13ade0c0aa4abbfe896ce2ee654b85d6b9,0cda21f8ffacf0a1e40e7b0e858a8e2ddc276972106d4bced99d4404b4a13fd8,,,0.0,0.0,0.0,0.0,0.0,0,full,True
REIM (ACT + Detector + Recovery),22,8000064,metaworld,True,56,0.29596150100041996,0,0,0,0,0.1491069793701172,task_success_while_recovery_active_per_intervention,True,False,,379055a7228a15f8a93179ef2038000b4acf0a77a310e4b648e17a7ae6b6bdc5,57ac5e7259f9e36fe4d487d0f69b7b13ade0c0aa4abbfe896ce2ee654b85d6b9,6cb8d983459a8e57d4ae53a86da2394015cabba2d7c306dcaf7b14af979ca230,,,0.0,0.0,0.0,0.0,0.0,0,full,True
REIM (ACT + Detector + Recovery),23,8000065,metaworld,True,60,0.13837162399795488,1,1,1,50,0.22915218770503998,task_success_while_recovery_active_per_intervention,True,False,,f475513cf997005bb7513b99c105ba7744507f84ea636ff1823a85b3be1d6885,57ac5e7259f9e36fe4d487d0f69b7b13ade0c0aa4abbfe896ce2ee654b85d6b9,39001749c902e2ab9d015efb8c7644faffff99810b709d3203dc359d5eacdcbd,,,0.0,0.0,0.0,0.0,0.0,0,full,True
REIM (ACT + Detector + Recovery),24,8000066,metaworld,True,51,0.2730456570025126,0,0,0,0,0.12593317031860352,task_success_while_recovery_active_per_intervention,True,False,,6aa5f6ecb4d09bc833844f08db94c355b1c8db825bfccc7c515aaf10b3688197,57ac5e7259f9e36fe4d487d0f69b7b13ade0c0aa4abbfe896ce2ee654b85d6b9,56b7f182edcfeefa9301e1edd53d7f36e4418de7e6df1b54b0f0c298cde1b3cd,,,0.0,0.0,0.0,0.0,0.0,0,full,True
REIM (ACT + Detector + Recovery),25,8000067,metaworld,True,60,0.13675717299702228,1,1,1,51,0.22879751026630402,task_success_while_recovery_active_per_intervention,True,False,,b642b6975217395a436123a8c5a0f7dc833fb3662fa02e123bb12f0dc384683f,57ac5e7259f9e36fe4d487d0f69b7b13ade0c0aa4abbfe896ce2ee654b85d6b9,e216352c7f1c7392270c7c501bb599f2a46f420613a124fda0729ab88160cdf2,,,0.0,0.0,0.0,0.0,0.0,0,full,True
REIM (ACT + Detector + Recovery),26,8000068,metaworld,True,52,0.18346749400006956,1,1,1,26,0.21047641336917877,task_success_while_recovery_active_per_intervention,True,False,,85a676d1793ae368fdc43f3e48e1391f56ea0d8ca2c99e134d6a05f797b08244,57ac5e7259f9e36fe4d487d0f69b7b13ade0c0aa4abbfe896ce2ee654b85d6b9,2eb279a724955c1a9d173681940490ec9cc8ed4fdc15a95533884a23d4ccdb4e,,,0.0,0.0,0.0,0.0,0.0,0,full,True
REIM (ACT + Detector + Recovery),27,8000069,metaworld,True,50,0.26292314199963585,0,0,0,0,0.13237690925598145,task_success_while_recovery_active_per_intervention,True,False,,8f7f2c64b8e12b8085748d5d8172adb1b96696300ae95173459c9cd6873e1663,57ac5e7259f9e36fe4d487d0f69b7b13ade0c0aa4abbfe896ce2ee654b85d6b9,15a9adece7ebea14bdf37f5376e274c6dce4711281025cf35060933ba9ab8ad3,,,0.0,0.0,0.0,0.0,0.0,0,full,True
REIM (ACT + Detector + Recovery),28,8000070,metaworld,True,47,0.24835516899838694,0,0,0,0,0.13781844079494476,task_success_while_recovery_active_per_intervention,True,False,,1ec71416ee1aeb44bbe82b71951f48204617561dfbaddc04567e9c1960789407,57ac5e7259f9e36fe4d487d0f69b7b13ade0c0aa4abbfe896ce2ee654b85d6b9,5d73f28d4d24cdbcb36a5e5cd61ec1a82f7287ce56d88da8cea912ed757b164c,,,0.0,0.0,0.0,0.0,0.0,0,full,True
REIM (ACT + Detector + Recovery),29,8000071,metaworld,True,51,0.26954945900070015,0,0,0,0,0.1820400357246399,task_success_while_recovery_active_per_intervention,True,False,,a607b98752911bb5064c970ae94e9d7753bb0a3c99da2ea5a9ced9694ec59e2f,57ac5e7259f9e36fe4d487d0f69b7b13ade0c0aa4abbfe896ce2ee654b85d6b9,5e1df472084de78052388a34f03cad3de438ca9b5dc801b5759dd57c66a7482a,,,0.0,0.0,0.0,0.0,0.0,0,full,True
REIM (ACT + Detector + Recovery),30,8000072,metaworld,True,56,0.12622320800073794,1,1,1,48,0.3155618906021118,task_success_while_recovery_active_per_intervention,True,False,,beacc66fd2e8d00c306b4afaffbfda90c0ce8c198436de717bb7dee65ee7b595,57ac5e7259f9e36fe4d487d0f69b7b13ade0c0aa4abbfe896ce2ee654b85d6b9,aba21ef1c98d0573e36116c9757115227fd3793cba96aea7eda95c2547314ca3,,,0.0,0.0,0.0,0.0,0.0,0,full,True
REIM (ACT + Detector + Recovery),31,8000073,metaworld,True,57,0.30125073499948485,0,0,0,0,0.1252090185880661,task_success_while_recovery_active_per_intervention,True,False,,07a5bc8cb1daa7e63ff7ed6f2ab3f9d9b5a0c610605f2b9ac274fd2d3a2fd60b,57ac5e7259f9e36fe4d487d0f69b7b13ade0c0aa4abbfe896ce2ee654b85d6b9,b8e45a2f8f553d53c6eef0305347f910b9999bcae6df6ccaf0eaee6ac864e670,,,0.0,0.0,0.0,0.0,0.0,0,full,True
REIM (ACT + Detector + Recovery),32,8000074,metaworld,True,57,0.13000224300049013,1,1,1,48,0.34363025426864624,task_success_while_recovery_active_per_intervention,True,False,,ba2cfbfdc729600c488ea053b046d65be14ce6f1f8c82ac28bf48ce4fefa678a,57ac5e7259f9e36fe4d487d0f69b7b13ade0c0aa4abbfe896ce2ee654b85d6b9,ba19e0623fe05add91e00811bacb33e27305f5fcb6549be6f6278ebce6046101,,,0.0,0.0,0.0,0.0,0.0,0,full,True
REIM (ACT + Detector + Recovery),33,8000075,metaworld,True,56,0.19109703399954014,1,1,1,29,0.2537117302417755,task_success_while_recovery_active_per_intervention,True,False,,269208eae25383a1be127e631b909395fb149b81c5020ce45b33095d23d44d8c,57ac5e7259f9e36fe4d487d0f69b7b13ade0c0aa4abbfe896ce2ee654b85d6b9,8a99d46d6d04afe3e2ef92bb607dde5e178b5c37506006c4f364e345976453b1,,,0.0,0.0,0.0,0.0,0.0,0,full,True
REIM (ACT + Detector + Recovery),34,8000076,metaworld,True,55,0.2943326890017488,0,0,0,0,0.12252290546894073,task_success_while_recovery_active_per_intervention,True,False,,4d5100d9db9a55c0afcde13d99e1d90001c4e0ddaadb48a47035114135196278,57ac5e7259f9e36fe4d487d0f69b7b13ade0c0aa4abbfe896ce2ee654b85d6b9,4e97203f8ce1a96cef19545d4c4c300d0de39e4f94bd1941cef7ebc3dd48be02,,,0.0,0.0,0.0,0.0,0.0,0,full,True
REIM (ACT + Detector + Recovery),35,8000077,metaworld,True,58,0.33998435999819776,0,0,0,0,0.19202660024166107,task_success_while_recovery_active_per_intervention,True,False,,e06631f1d061678a63d1ca8f6cba95a84cacba334d8b57b342bd95702ebb005d,57ac5e7259f9e36fe4d487d0f69b7b13ade0c0aa4abbfe896ce2ee654b85d6b9,06d355d7aff3b944ab4199c02a94c63d062e5c414c0b195f7b232b607e0ab1ed,,,0.0,0.0,0.0,0.0,0.0,0,full,True
REIM (ACT + Detector + Recovery),36,8000078,metaworld,True,60,0.16155024399995455,1,1,1,50,0.22915218770503998,task_success_while_recovery_active_per_intervention,True,False,,566ef0ff02cded88fcc03a9c13429246e47699ab11b15cbb316284fccbdf8910,57ac5e7259f9e36fe4d487d0f69b7b13ade0c0aa4abbfe896ce2ee654b85d6b9,39001749c902e2ab9d015efb8c7644faffff99810b709d3203dc359d5eacdcbd,,,0.0,0.0,0.0,0.0,0.0,0,full,True
REIM (ACT + Detector + Recovery),37,8000079,metaworld,True,56,0.2060146910007461,1,1,1,29,0.2537117302417755,task_success_while_recovery_active_per_intervention,True,False,,4d7bac976bcc4fb0c2b7ede435adce5c63f0dffda42aa18e69f699dc0522d603,57ac5e7259f9e36fe4d487d0f69b7b13ade0c0aa4abbfe896ce2ee654b85d6b9,8a99d46d6d04afe3e2ef92bb607dde5e178b5c37506006c4f364e345976453b1,,,0.0,0.0,0.0,0.0,0.0,0,full,True
REIM (ACT + Detector + Recovery),38,8000080,metaworld,True,47,0.253485618999548,0,0,0,0,0.13781844079494476,task_success_while_recovery_active_per_intervention,True,False,,1d7f5745e1be80f914e1797ed36ae29290bd0d1f855c86a716a0b513c4b43cc7,57ac5e7259f9e36fe4d487d0f69b7b13ade0c0aa4abbfe896ce2ee654b85d6b9,5d73f28d4d24cdbcb36a5e5cd61ec1a82f7287ce56d88da8cea912ed757b164c,,,0.0,0.0,0.0,0.0,0.0,0,full,True
REIM (ACT + Detector + Recovery),39,8000081,metaworld,True,59,0.3175396320002619,0,0,0,0,0.14468561112880707,task_success_while_recovery_active_per_intervention,True,False,,e4c85d92e8cc466fe8818ebc92d5dc8b210a17dc030b7541a03c5394681795f1,57ac5e7259f9e36fe4d487d0f69b7b13ade0c0aa4abbfe896ce2ee654b85d6b9,a8cfe6e2276fbd15230c5555255b87d17333bdd29f84f687df7405d0311fae7f,,,0.0,0.0,0.0,0.0,0.0,0,full,True
REIM (ACT + Detector + Recovery),40,8000082,metaworld,True,54,0.18349409899747116,1,1,1,29,0.22842295467853546,task_success_while_recovery_active_per_intervention,True,False,,56f9e47235d9666f21a9b2fad2411c8eb77af3892c7c504aafe108753b3793e1,57ac5e7259f9e36fe4d487d0f69b7b13ade0c0aa4abbfe896ce2ee654b85d6b9,f82ceac6f8787ac22c378edc1f141cedcc86bf9309b43f1aff6633ae0a963abb,,,0.0,0.0,0.0,0.0,0.0,0,full,True
REIM (ACT + Detector + Recovery),41,8000083,metaworld,True,55,0.29991992199938977,0,0,0,0,0.12252290546894073,task_success_while_recovery_active_per_intervention,True,False,,cab44f4fde6bb33e3cee8a7816d8de51e8caa5523dffc23a83e8a78a16bffe07,57ac5e7259f9e36fe4d487d0f69b7b13ade0c0aa4abbfe896ce2ee654b85d6b9,4e97203f8ce1a96cef19545d4c4c300d0de39e4f94bd1941cef7ebc3dd48be02,,,0.0,0.0,0.0,0.0,0.0,0,full,True
REIM (ACT + Detector + Recovery),42,8000084,metaworld,True,47,0.25664143299945863,0,0,0,0,0.13781844079494476,task_success_while_recovery_active_per_intervention,True,False,,ec963f9a689199d0d320433c37dbb9a4cc95eba4ebf3b3534a49fbeb3307fad7,57ac5e7259f9e36fe4d487d0f69b7b13ade0c0aa4abbfe896ce2ee654b85d6b9,5d73f28d4d24cdbcb36a5e5cd61ec1a82f7287ce56d88da8cea912ed757b164c,,,0.0,0.0,0.0,0.0,0.0,0,full,True
REIM (ACT + Detector + Recovery),43,8000085,metaworld,True,56,0.12855301600211533,1,1,1,48,0.3155618906021118,task_success_while_recovery_active_per_intervention,True,False,,f638d62e9bef9e582a098b5a4994ae6b3cd7ac10b3b2a4b8e385748298bc3d0a,57ac5e7259f9e36fe4d487d0f69b7b13ade0c0aa4abbfe896ce2ee654b85d6b9,aba21ef1c98d0573e36116c9757115227fd3793cba96aea7eda95c2547314ca3,,,0.0,0.0,0.0,0.0,0.0,0,full,True
REIM (ACT + Detector + Recovery),44,8000086,metaworld,True,48,0.1529421569975966,1,1,1,29,0.20862631499767303,task_success_while_recovery_active_per_intervention,True,False,,7d58d4292d677e63cd420387ac6c0e80dec2156cf20e7d26fe1f932b99e839b3,57ac5e7259f9e36fe4d487d0f69b7b13ade0c0aa4abbfe896ce2ee654b85d6b9,27e1ed8c670f23dae46752497e383610e58c248d638e3b9b707808a32ce33d4e,,,0.0,0.0,0.0,0.0,0.0,0,full,True
REIM (ACT + Detector + Recovery),45,8000087,metaworld,True,57,0.1317213790025562,1,1,1,48,0.34363025426864624,task_success_while_recovery_active_per_intervention,True,False,,20cad90f278bde49562aabe9a0c784eb5874dbcca80063b7640aa52ebace2ef6,57ac5e7259f9e36fe4d487d0f69b7b13ade0c0aa4abbfe896ce2ee654b85d6b9,ba19e0623fe05add91e00811bacb33e27305f5fcb6549be6f6278ebce6046101,,,0.0,0.0,0.0,0.0,0.0,0,full,True
REIM (ACT + Detector + Recovery),46,8000088,metaworld,True,60,0.14013167300072382,1,1,1,51,0.22879751026630402,task_success_while_recovery_active_per_intervention,True,False,,f6f3133b99da159edcf046ae30b1e7b40c10eb5c6042f658278177105a30e315,57ac5e7259f9e36fe4d487d0f69b7b13ade0c0aa4abbfe896ce2ee654b85d6b9,e216352c7f1c7392270c7c501bb599f2a46f420613a124fda0729ab88160cdf2,,,0.0,0.0,0.0,0.0,0.0,0,full,True
REIM (ACT + Detector + Recovery),47,8000089,metaworld,True,54,0.18711340599838877,1,1,1,29,0.22842295467853546,task_success_while_recovery_active_per_intervention,True,False,,048d5848767ee2cab28c65cb0196c9334c064d3ae84e5afbdbd267ceb44638d5,57ac5e7259f9e36fe4d487d0f69b7b13ade0c0aa4abbfe896ce2ee654b85d6b9,f82ceac6f8787ac22c378edc1f141cedcc86bf9309b43f1aff6633ae0a963abb,,,0.0,0.0,0.0,0.0,0.0,0,full,True
REIM (ACT + Detector + Recovery),48,8000090,metaworld,True,57,0.3062847059991327,0,0,0,0,0.1252090185880661,task_success_while_recovery_active_per_intervention,True,False,,039f43eb9c183ab9d78709643b740bbbb8351b8b4510ca47cb283f057b41910e,57ac5e7259f9e36fe4d487d0f69b7b13ade0c0aa4abbfe896ce2ee654b85d6b9,b8e45a2f8f553d53c6eef0305347f910b9999bcae6df6ccaf0eaee6ac864e670,,,0.0,0.0,0.0,0.0,0.0,0,full,True
REIM (ACT + Detector + Recovery),49,8000091,metaworld,True,52,0.12608678399919881,1,1,1,42,0.2533736526966095,task_success_while_recovery_active_per_intervention,True,False,,2af80b8b6f2b984d9b88280c7b498f7c2f333c4e9765dc7cbb6677708a0ce98f,57ac5e7259f9e36fe4d487d0f69b7b13ade0c0aa4abbfe896ce2ee654b85d6b9,c40fedd273cade53989af8adc3ca66d02f2d92ca4d97b2f6391a0dd0ab6dbca3,,,0.0,0.0,0.0,0.0,0.0,0,full,True
REIM (ACT + Detector + Recovery),50,8000092,metaworld,True,55,0.29939747499884106,0,0,0,0,0.10870808362960815,task_success_while_recovery_active_per_intervention,True,False,,cd2e5fdec43d2758aeafd436cc10ce597732c213e7045d2e07aeadb966f13267,57ac5e7259f9e36fe4d487d0f69b7b13ade0c0aa4abbfe896ce2ee654b85d6b9,48ce9609a38b32e56f7e6a43ffef71c21c8b1d17ed5a63d47701bc1dfc3ff271,,,0.0,0.0,0.0,0.0,0.0,0,full,True
REIM (ACT + Detector + Recovery),51,8000093,metaworld,True,50,0.2715400920023967,0,0,0,0,0.16479434072971344,task_success_while_recovery_active_per_intervention,True,False,,a5ff9280db9d18257d73fe9447537a41b3ff9fd94c0352a54da0c3ee8e337446,57ac5e7259f9e36fe4d487d0f69b7b13ade0c0aa4abbfe896ce2ee654b85d6b9,2ad5907877cc42b4447b9630988e3a1f0da0d83e1f696f71e22dc69905e631b6,,,0.0,0.0,0.0,0.0,0.0,0,full,True
REIM (ACT + Detector + Recovery),52,8000094,metaworld,True,56,0.19516503300110344,1,1,1,29,0.2537117302417755,task_success_while_recovery_active_per_intervention,True,False,,cbe4c9f2131ee75db3ca8771a131bc249da681623bfd1e8d3370950ed93f5228,57ac5e7259f9e36fe4d487d0f69b7b13ade0c0aa4abbfe896ce2ee654b85d6b9,8a99d46d6d04afe3e2ef92bb607dde5e178b5c37506006c4f364e345976453b1,,,0.0,0.0,0.0,0.0,0.0,0,full,True
REIM (ACT + Detector + Recovery),53,8000095,metaworld,True,56,0.16140469899983145,1,1,1,41,0.2504044771194458,task_success_while_recovery_active_per_intervention,True,False,,5852d6b7fea2b6cab4bdfb0f1f55e22ce3efcb4ae4800a6752a40ebab425e244,57ac5e7259f9e36fe4d487d0f69b7b13ade0c0aa4abbfe896ce2ee654b85d6b9,942fb6a87dc1e3eb7bf7bb111c97e7096138256b4a9a6b4c62a012fabe8bec38,,,0.0,0.0,0.0,0.0,0.0,0,full,True
REIM (ACT + Detector + Recovery),54,8000096,metaworld,True,55,0.313861819999147,0,0,0,0,0.12252290546894073,task_success_while_recovery_active_per_intervention,True,False,,1ca0a7b0197fba3bcabb48ddda348043fa27b4f198bc22a7b998d6392f2746d9,57ac5e7259f9e36fe4d487d0f69b7b13ade0c0aa4abbfe896ce2ee654b85d6b9,4e97203f8ce1a96cef19545d4c4c300d0de39e4f94bd1941cef7ebc3dd48be02,,,0.0,0.0,0.0,0.0,0.0,0,full,True
REIM (ACT + Detector + Recovery),55,8000097,metaworld,True,54,0.28979831299875514,0,0,0,0,0.09548734128475189,task_success_while_recovery_active_per_intervention,True,False,,16c4eb63e1d43842069c2574a9b56bffeab8d210e8038433f952130a8994a001,57ac5e7259f9e36fe4d487d0f69b7b13ade0c0aa4abbfe896ce2ee654b85d6b9,742509487aeb71d366f1ddafa1cb12db2f7cfefe17c4ca89c98cffb67c1c8619,,,0.0,0.0,0.0,0.0,0.0,0,full,True
REIM (ACT + Detector + Recovery),56,8000098,metaworld,True,48,0.25943535499754944,0,0,0,0,0.19006502628326416,task_success_while_recovery_active_per_intervention,True,False,,0918c162a7f04726d1cfec4c155eb79521d90d3ee778d617edafedf58ad0cc49,57ac5e7259f9e36fe4d487d0f69b7b13ade0c0aa4abbfe896ce2ee654b85d6b9,08a97a6dfa17f78b5cc5b1351d60038e4a40a68fc93722672482714333b1d9b5,,,0.0,0.0,0.0,0.0,0.0,0,full,True
REIM (ACT + Detector + Recovery),57,8000099,metaworld,True,54,0.12279243100056192,1,1,1,46,0.32645195722579956,task_success_while_recovery_active_per_intervention,True,False,,45b7ace11f865f8d4d3d2cbc872f949cd497f4728f0afb33a235c5922f8f0365,57ac5e7259f9e36fe4d487d0f69b7b13ade0c0aa4abbfe896ce2ee654b85d6b9,35203d16cfa98b5f2e002fcb1ffde2400abf9459c161f6a289efa0c46eddb36f,,,0.0,0.0,0.0,0.0,0.0,0,full,True
REIM (ACT + Detector + Recovery),58,8000100,metaworld,True,54,0.28917841400107136,0,0,0,0,0.1423380970954895,task_success_while_recovery_active_per_intervention,True,False,,d1c687c7ef3677a8688ad281de78bc70cbb907bfc304353b540670a389d1f630,57ac5e7259f9e36fe4d487d0f69b7b13ade0c0aa4abbfe896ce2ee654b85d6b9,64ee837add19202e84553431fdab118462cf5265eeae19a4d044b5a6818f771d,,,0.0,0.0,0.0,0.0,0.0,0,full,True
REIM (ACT + Detector + Recovery),59,8000101,metaworld,True,58,0.31824481500007096,0,0,0,0,0.19202660024166107,task_success_while_recovery_active_per_intervention,True,False,,77aba93c92261dc7c0a5652c709e3add7c627d67076b8afd58c7a153aede50d1,57ac5e7259f9e36fe4d487d0f69b7b13ade0c0aa4abbfe896ce2ee654b85d6b9,06d355d7aff3b944ab4199c02a94c63d062e5c414c0b195f7b232b607e0ab1ed,,,0.0,0.0,0.0,0.0,0.0,0,full,True
REIM (ACT + Detector + Recovery),60,8000102,metaworld,True,48,0.260486408998986,0,0,0,0,0.19006502628326416,task_success_while_recovery_active_per_intervention,True,False,,58746434b3b31c13089140e48c685b4de14314a6daca4b07aa8b52eb526a5b82,57ac5e7259f9e36fe4d487d0f69b7b13ade0c0aa4abbfe896ce2ee654b85d6b9,08a97a6dfa17f78b5cc5b1351d60038e4a40a68fc93722672482714333b1d9b5,,,0.0,0.0,0.0,0.0,0.0,0,full,True
REIM (ACT + Detector + Recovery),61,8000103,metaworld,True,57,0.14191172699793242,1,1,1,47,0.30183300375938416,task_success_while_recovery_active_per_intervention,True,False,,be3c597c1ce88e69d0ddb3bbbc24557dfea3558e031fc6b551cb6945895605b2,57ac5e7259f9e36fe4d487d0f69b7b13ade0c0aa4abbfe896ce2ee654b85d6b9,0f719f94ef165c0b816b8b10c3f4f5fcf802c9f5a25141035590310315749280,,,0.0,0.0,0.0,0.0,0.0,0,full,True
REIM (ACT + Detector + Recovery),62,8000104,metaworld,True,54,0.1259294689989474,1,1,1,46,0.32645195722579956,task_success_while_recovery_active_per_intervention,True,False,,d368626902b7354fb3a46065340e8b67eed360b90a553d2aaa4a1aa509e2bbe5,57ac5e7259f9e36fe4d487d0f69b7b13ade0c0aa4abbfe896ce2ee654b85d6b9,35203d16cfa98b5f2e002fcb1ffde2400abf9459c161f6a289efa0c46eddb36f,,,0.0,0.0,0.0,0.0,0.0,0,full,True
REIM (ACT + Detector + Recovery),63,8000105,metaworld,True,55,0.2969308600004297,0,0,0,0,0.12252290546894073,task_success_while_recovery_active_per_intervention,True,False,,e1f3c83f7970a04edbe3f058f0ad0766f443669870fab0a6794608bab9832756,57ac5e7259f9e36fe4d487d0f69b7b13ade0c0aa4abbfe896ce2ee654b85d6b9,4e97203f8ce1a96cef19545d4c4c300d0de39e4f94bd1941cef7ebc3dd48be02,,,0.0,0.0,0.0,0.0,0.0,0,full,True
REIM (ACT + Detector + Recovery),64,8000106,metaworld,True,58,0.3187069019986666,0,0,0,0,0.19202660024166107,task_success_while_recovery_active_per_intervention,True,False,,b2b344e2bde2d1c1ada3678b748253606ae07658f237747035f2c7f31ddea89e,57ac5e7259f9e36fe4d487d0f69b7b13ade0c0aa4abbfe896ce2ee654b85d6b9,06d355d7aff3b944ab4199c02a94c63d062e5c414c0b195f7b232b607e0ab1ed,,,0.0,0.0,0.0,0.0,0.0,0,full,True
REIM (ACT + Detector + Recovery),65,8000107,metaworld,True,55,0.3178208259996609,0,0,0,0,0.13346530497074127,task_success_while_recovery_active_per_intervention,True,False,,b9e30d1605233d3490b3523a1ee13ec2dd6440560e5a8757e77644f0daa42614,57ac5e7259f9e36fe4d487d0f69b7b13ade0c0aa4abbfe896ce2ee654b85d6b9,0cda21f8ffacf0a1e40e7b0e858a8e2ddc276972106d4bced99d4404b4a13fd8,,,0.0,0.0,0.0,0.0,0.0,0,full,True
REIM (ACT + Detector + Recovery),66,8000108,metaworld,True,50,0.28463463600201067,0,0,0,0,0.16479434072971344,task_success_while_recovery_active_per_intervention,True,False,,7a7caeac3d9a0cdbe705f91352ba2cef2ee4995540063999af34744ab32104d5,57ac5e7259f9e36fe4d487d0f69b7b13ade0c0aa4abbfe896ce2ee654b85d6b9,2ad5907877cc42b4447b9630988e3a1f0da0d83e1f696f71e22dc69905e631b6,,,0.0,0.0,0.0,0.0,0.0,0,full,True
REIM (ACT + Detector + Recovery),67,8000109,metaworld,True,59,0.33411268099735025,0,0,0,0,0.14468561112880707,task_success_while_recovery_active_per_intervention,True,False,,d9a74591559050c615ea4be25d37b3be477810bb8544f05cc15de2d77e6f8c6f,57ac5e7259f9e36fe4d487d0f69b7b13ade0c0aa4abbfe896ce2ee654b85d6b9,a8cfe6e2276fbd15230c5555255b87d17333bdd29f84f687df7405d0311fae7f,,,0.0,0.0,0.0,0.0,0.0,0,full,True
REIM (ACT + Detector + Recovery),68,8000110,metaworld,True,57,0.14128663299925392,1,1,1,47,0.30183300375938416,task_success_while_recovery_active_per_intervention,True,False,,930fe8305425b1e556677dd913cd63f7aa7c2cec2eedc42bcf80f70b6a4356d6,57ac5e7259f9e36fe4d487d0f69b7b13ade0c0aa4abbfe896ce2ee654b85d6b9,0f719f94ef165c0b816b8b10c3f4f5fcf802c9f5a25141035590310315749280,,,0.0,0.0,0.0,0.0,0.0,0,full,True
REIM (ACT + Detector + Recovery),69,8000111,metaworld,True,60,0.1501726790011162,1,1,1,50,0.24516351521015167,task_success_while_recovery_active_per_intervention,True,False,,87d2869df017fe4e76c1fd89ac08b54a46c854714f76ce784fd07cd3afff1a57,57ac5e7259f9e36fe4d487d0f69b7b13ade0c0aa4abbfe896ce2ee654b85d6b9,3183afb500ebb9a5af177cccb5b5889a8321eb35261f8ec571269f8b5ed9cd1a,,,0.0,0.0,0.0,0.0,0.0,0,full,True
REIM (ACT + Detector + Recovery),70,8000112,metaworld,True,59,0.3258030619981582,0,0,0,0,0.14468561112880707,task_success_while_recovery_active_per_intervention,True,False,,d47a55a531c74f9c3c359ee08c093de48561e6447f7612555ec0b85c9b048eee,57ac5e7259f9e36fe4d487d0f69b7b13ade0c0aa4abbfe896ce2ee654b85d6b9,a8cfe6e2276fbd15230c5555255b87d17333bdd29f84f687df7405d0311fae7f,,,0.0,0.0,0.0,0.0,0.0,0,full,True
REIM (ACT + Detector + Recovery),71,8000113,metaworld,True,54,0.19362432600246393,1,1,1,29,0.22842295467853546,task_success_while_recovery_active_per_intervention,True,False,,47e18a615e823c88328c484e68a4c850d2add360b6a6f1c8b9d5b63932e5f511,57ac5e7259f9e36fe4d487d0f69b7b13ade0c0aa4abbfe896ce2ee654b85d6b9,f82ceac6f8787ac22c378edc1f141cedcc86bf9309b43f1aff6633ae0a963abb,,,0.0,0.0,0.0,0.0,0.0,0,full,True
REIM (ACT + Detector + Recovery),72,8000114,metaworld,True,47,0.2586450410017278,0,0,0,0,0.15565305948257446,task_success_while_recovery_active_per_intervention,True,False,,d359c413c0662f3121ad8fa909b2fbf8904dd2f476f0bc87307e52c68fcaab69,57ac5e7259f9e36fe4d487d0f69b7b13ade0c0aa4abbfe896ce2ee654b85d6b9,e6e55bdbd77dc052facbc072d20b08a21d116978c37627b9a3d9dc7989dfbe62,,,0.0,0.0,0.0,0.0,0.0,0,full,True
REIM (ACT + Detector + Recovery),73,8000115,metaworld,True,60,0.3391768540022895,0,0,0,0,0.14508166909217834,task_success_while_recovery_active_per_intervention,True,False,,724eec94fbc81eb34f0995a89cb9ccdc6ee3899ee704189565bc7e35d39ac49a,57ac5e7259f9e36fe4d487d0f69b7b13ade0c0aa4abbfe896ce2ee654b85d6b9,1c856fdcb5da12c3fa2d15b38741aa980fa3a47e64fb99f8635817590128f9ea,,,0.0,0.0,0.0,0.0,0.0,0,full,True
REIM (ACT + Detector + Recovery),74,8000116,metaworld,True,48,0.1845731799985515,1,1,1,29,0.20862631499767303,task_success_while_recovery_active_per_intervention,True,False,,c5cde4ea148a388138e0a5976efcdcd29c30e248e9fe9600bd6f5dab92069099,57ac5e7259f9e36fe4d487d0f69b7b13ade0c0aa4abbfe896ce2ee654b85d6b9,27e1ed8c670f23dae46752497e383610e58c248d638e3b9b707808a32ce33d4e,,,0.0,0.0,0.0,0.0,0.0,0,full,True
REIM (ACT + Detector + Recovery),75,8000117,metaworld,True,60,0.18662115700135473,1,1,1,50,0.24516351521015167,task_success_while_recovery_active_per_intervention,True,False,,6182ea39057a12729733fa78c310c7c5d1ac44adf14a5de8339a45be442f9346,57ac5e7259f9e36fe4d487d0f69b7b13ade0c0aa4abbfe896ce2ee654b85d6b9,3183afb500ebb9a5af177cccb5b5889a8321eb35261f8ec571269f8b5ed9cd1a,,,0.0,0.0,0.0,0.0,0.0,0,full,True
REIM (ACT + Detector + Recovery),76,8000118,metaworld,True,55,0.19858210299935308,1,1,1,41,0.21204879879951477,task_success_while_recovery_active_per_intervention,True,False,,bbe6f78a5ebcfa799ccea3e1d48bdd7e424c38e52dab37acb7f289bdd0c47dd0,57ac5e7259f9e36fe4d487d0f69b7b13ade0c0aa4abbfe896ce2ee654b85d6b9,acfaed29b052207b47b4b7fa76672795fd08de3add8565db05f141de82ece90b,,,0.0,0.0,0.0,0.0,0.0,0,full,True
REIM (ACT + Detector + Recovery),77,8000119,metaworld,True,53,0.32676036300108535,0,0,0,0,0.17290496826171875,task_success_while_recovery_active_per_intervention,True,False,,21c147bd807efc48b9e1a74bbd74b7559b56a135a9f2f5e6b889a4ce47c771a1,57ac5e7259f9e36fe4d487d0f69b7b13ade0c0aa4abbfe896ce2ee654b85d6b9,7c3391ee418e26d47c002810bc00065e4dd0b6728c969d2338ad549ad01ebb0a,,,0.0,0.0,0.0,0.0,0.0,0,full,True
REIM (ACT + Detector + Recovery),78,8000120,metaworld,True,54,0.30828872799975215,0,0,0,0,0.1423380970954895,task_success_while_recovery_active_per_intervention,True,False,,53115ba88aee5a83dad611d5754cd104f55d65185a6531b52d5009182c092a88,57ac5e7259f9e36fe4d487d0f69b7b13ade0c0aa4abbfe896ce2ee654b85d6b9,64ee837add19202e84553431fdab118462cf5265eeae19a4d044b5a6818f771d,,,0.0,0.0,0.0,0.0,0.0,0,full,True
REIM (ACT + Detector + Recovery),79,8000121,metaworld,True,55,0.3215847549981845,0,0,0,0,0.11077237874269485,task_success_while_recovery_active_per_intervention,True,False,,e1c40e03e71733591d9db2530fa2beec133f4e63b43a7f1f3413846a5c009f28,57ac5e7259f9e36fe4d487d0f69b7b13ade0c0aa4abbfe896ce2ee654b85d6b9,25805a097f1f4b8c203ec3c130dcd3e66b5fb3ad298114a08662aae6c86fa673,,,0.0,0.0,0.0,0.0,0.0,0,full,True
REIM (ACT + Detector + Recovery),80,8000122,metaworld,True,52,0.1988678150009946,1,1,1,26,0.21047641336917877,task_success_while_recovery_active_per_intervention,True,False,,f1feae7eb32add48ba1e770e67826ab29f4bdb9e69d15d35996c474a52479945,57ac5e7259f9e36fe4d487d0f69b7b13ade0c0aa4abbfe896ce2ee654b85d6b9,2eb279a724955c1a9d173681940490ec9cc8ed4fdc15a95533884a23d4ccdb4e,,,0.0,0.0,0.0,0.0,0.0,0,full,True
REIM (ACT + Detector + Recovery),81,8000123,metaworld,True,55,0.3016509640001459,0,0,0,0,0.11077237874269485,task_success_while_recovery_active_per_intervention,True,False,,a318efad39f8e05b91da6041b931f2dcc71451a6015f86a2f8198e1ffd39a04a,57ac5e7259f9e36fe4d487d0f69b7b13ade0c0aa4abbfe896ce2ee654b85d6b9,25805a097f1f4b8c203ec3c130dcd3e66b5fb3ad298114a08662aae6c86fa673,,,0.0,0.0,0.0,0.0,0.0,0,full,True
REIM (ACT + Detector + Recovery),82,8000124,metaworld,True,53,0.11913047199777793,1,1,1,46,0.43223822116851807,task_success_while_recovery_active_per_intervention,True,False,,e363300cc6c8fcb5ac65e92f82b8d646b14e7fdbc37e8ebc423f781bdc6f8229,57ac5e7259f9e36fe4d487d0f69b7b13ade0c0aa4abbfe896ce2ee654b85d6b9,bb2c6b1aed959fa3ddddb1c215ce67cbb5b0ec080eb65fb58e06b7776849a096,,,0.0,0.0,0.0,0.0,0.0,0,full,True
REIM (ACT + Detector + Recovery),83,8000125,metaworld,True,48,0.33105316599903745,0,0,0,0,0.19006502628326416,task_success_while_recovery_active_per_intervention,True,False,,33510ab69df36f3707814a9234fe68b1df8bd64321b47ec31a76af14910f7773,57ac5e7259f9e36fe4d487d0f69b7b13ade0c0aa4abbfe896ce2ee654b85d6b9,08a97a6dfa17f78b5cc5b1351d60038e4a40a68fc93722672482714333b1d9b5,,,0.0,0.0,0.0,0.0,0.0,0,full,True
REIM (ACT + Detector + Recovery),84,8000126,metaworld,True,55,0.31511918399701244,0,0,0,0,0.11077237874269485,task_success_while_recovery_active_per_intervention,True,False,,abfda2d6449b7c4da1919fc9a1e099f056cddf51f5f52163cc6ff2c9da483fe4,57ac5e7259f9e36fe4d487d0f69b7b13ade0c0aa4abbfe896ce2ee654b85d6b9,25805a097f1f4b8c203ec3c130dcd3e66b5fb3ad298114a08662aae6c86fa673,,,0.0,0.0,0.0,0.0,0.0,0,full,True
REIM (ACT + Detector + Recovery),85,8000127,metaworld,True,60,0.36168071500287624,0,0,0,0,0.14508166909217834,task_success_while_recovery_active_per_intervention,True,False,,3b4ee586b86a826d4f5b7ec973540cf78a727e799f0827e387ad0ada5a4520d3,57ac5e7259f9e36fe4d487d0f69b7b13ade0c0aa4abbfe896ce2ee654b85d6b9,1c856fdcb5da12c3fa2d15b38741aa980fa3a47e64fb99f8635817590128f9ea,,,0.0,0.0,0.0,0.0,0.0,0,full,True
REIM (ACT + Detector + Recovery),86,8000128,metaworld,True,51,0.3052800149998802,0,0,0,0,0.1820400357246399,task_success_while_recovery_active_per_intervention,True,False,,3c58e31356f1ce2098365eb47c520cbca4d7f9d68aa7cd375d27997271b93df7,57ac5e7259f9e36fe4d487d0f69b7b13ade0c0aa4abbfe896ce2ee654b85d6b9,5e1df472084de78052388a34f03cad3de438ca9b5dc801b5759dd57c66a7482a,,,0.0,0.0,0.0,0.0,0.0,0,full,True
REIM (ACT + Detector + Recovery),87,8000129,metaworld,True,60,0.3645198310005071,0,0,0,0,0.14508166909217834,task_success_while_recovery_active_per_intervention,True,False,,9f9ce36c6d0e6bb04a713a9a9c05f124482de179ffd971b0cf0883100e2bec46,57ac5e7259f9e36fe4d487d0f69b7b13ade0c0aa4abbfe896ce2ee654b85d6b9,1c856fdcb5da12c3fa2d15b38741aa980fa3a47e64fb99f8635817590128f9ea,,,0.0,0.0,0.0,0.0,0.0,0,full,True
REIM (ACT + Detector + Recovery),88,8000130,metaworld,True,56,0.16599860199858085,1,1,1,41,0.2504044771194458,task_success_while_recovery_active_per_intervention,True,False,,97cc27f9a1a3aa5f050aa8bee6a9ee969720338ab5d06de50d5a5fb7fdc70f50,57ac5e7259f9e36fe4d487d0f69b7b13ade0c0aa4abbfe896ce2ee654b85d6b9,942fb6a87dc1e3eb7bf7bb111c97e7096138256b4a9a6b4c62a012fabe8bec38,,,0.0,0.0,0.0,0.0,0.0,0,full,True
REIM (ACT + Detector + Recovery),89,8000131,metaworld,True,57,0.14127229199948488,1,1,1,47,0.30183300375938416,task_success_while_recovery_active_per_intervention,True,False,,73bae0d1898916d99ed682f8e5f0fea9fdd2bcc97eb993a0d095e0a14df6145c,57ac5e7259f9e36fe4d487d0f69b7b13ade0c0aa4abbfe896ce2ee654b85d6b9,0f719f94ef165c0b816b8b10c3f4f5fcf802c9f5a25141035590310315749280,,,0.0,0.0,0.0,0.0,0.0,0,full,True
REIM (ACT + Detector + Recovery),90,8000132,metaworld,True,52,0.13229386700186296,1,1,1,42,0.2533736526966095,task_success_while_recovery_active_per_intervention,True,False,,875d73af5b10138f4becbf45979c2ec04ddd6e533ebab22cdcf0f54e1e4bd4f3,57ac5e7259f9e36fe4d487d0f69b7b13ade0c0aa4abbfe896ce2ee654b85d6b9,c40fedd273cade53989af8adc3ca66d02f2d92ca4d97b2f6391a0dd0ab6dbca3,,,0.0,0.0,0.0,0.0,0.0,0,full,True
REIM (ACT + Detector + Recovery),91,8000133,metaworld,True,52,0.29097306299809134,0,0,0,0,0.17983676493167877,task_success_while_recovery_active_per_intervention,True,False,,1b7052dd0d9496e492df85a284e5547bc3347e47c1d43dcfc979091ac234c175,57ac5e7259f9e36fe4d487d0f69b7b13ade0c0aa4abbfe896ce2ee654b85d6b9,38329c6b97bbe7d133bf007c22742dca5f0cd7258f8d7199135c6c2371ae591d,,,0.0,0.0,0.0,0.0,0.0,0,full,True
REIM (ACT + Detector + Recovery),92,8000134,metaworld,True,55,0.3107669140008511,0,0,0,0,0.10870808362960815,task_success_while_recovery_active_per_intervention,True,False,,2e4c3e8f8ae2748326a7693a4e18a1504404c21d0f1249a43df3597d8ff6f5ba,57ac5e7259f9e36fe4d487d0f69b7b13ade0c0aa4abbfe896ce2ee654b85d6b9,48ce9609a38b32e56f7e6a43ffef71c21c8b1d17ed5a63d47701bc1dfc3ff271,,,0.0,0.0,0.0,0.0,0.0,0,full,True
REIM (ACT + Detector + Recovery),93,8000135,metaworld,True,55,0.31505249100155197,0,0,0,0,0.10870808362960815,task_success_while_recovery_active_per_intervention,True,False,,fbff6132485fc99be9cd8cf9f5aa5d9b1c12c2d26e1415a4f15e707204f55fb0,57ac5e7259f9e36fe4d487d0f69b7b13ade0c0aa4abbfe896ce2ee654b85d6b9,48ce9609a38b32e56f7e6a43ffef71c21c8b1d17ed5a63d47701bc1dfc3ff271,,,0.0,0.0,0.0,0.0,0.0,0,full,True
REIM (ACT + Detector + Recovery),94,8000136,metaworld,True,53,0.11925592999978107,1,1,1,46,0.43223822116851807,task_success_while_recovery_active_per_intervention,True,False,,9a0f1d0c56baae00e2501b989db965e514e0983786ee719d81b2d2fc7503e7e8,57ac5e7259f9e36fe4d487d0f69b7b13ade0c0aa4abbfe896ce2ee654b85d6b9,bb2c6b1aed959fa3ddddb1c215ce67cbb5b0ec080eb65fb58e06b7776849a096,,,0.0,0.0,0.0,0.0,0.0,0,full,True
REIM (ACT + Detector + Recovery),95,8000137,metaworld,True,48,0.1581442100032291,1,1,1,29,0.20862631499767303,task_success_while_recovery_active_per_intervention,True,False,,6c5dcb9601f2ae615b6d36a15c2060c3e949b478798440863eff2afbe65a8ca7,57ac5e7259f9e36fe4d487d0f69b7b13ade0c0aa4abbfe896ce2ee654b85d6b9,27e1ed8c670f23dae46752497e383610e58c248d638e3b9b707808a32ce33d4e,,,0.0,0.0,0.0,0.0,0.0,0,full,True
REIM (ACT + Detector + Recovery),96,8000138,metaworld,True,48,0.26426116799848387,0,0,0,0,0.19006502628326416,task_success_while_recovery_active_per_intervention,True,False,,f09acea774bd255e273f4e870e127fa66774b80cc39c8e4e233a7348a81f1748,57ac5e7259f9e36fe4d487d0f69b7b13ade0c0aa4abbfe896ce2ee654b85d6b9,08a97a6dfa17f78b5cc5b1351d60038e4a40a68fc93722672482714333b1d9b5,,,0.0,0.0,0.0,0.0,0.0,0,full,True
REIM (ACT + Detector + Recovery),97,8000139,metaworld,True,57,0.31345415900068474,0,0,0,0,0.1252090185880661,task_success_while_recovery_active_per_intervention,True,False,,6570334b723842225ba89563bc622431fdbef0dcc98ed52e56827935e5738668,57ac5e7259f9e36fe4d487d0f69b7b13ade0c0aa4abbfe896ce2ee654b85d6b9,b8e45a2f8f553d53c6eef0305347f910b9999bcae6df6ccaf0eaee6ac864e670,,,0.0,0.0,0.0,0.0,0.0,0,full,True
REIM (ACT + Detector + Recovery),98,8000140,metaworld,True,54,0.18587642800048343,1,1,1,29,0.22842295467853546,task_success_while_recovery_active_per_intervention,True,False,,0c2d5c4da172cc9b82aedd61e3b4db4a73b4f88e13fa26a9a9d2a68ce06ca000,57ac5e7259f9e36fe4d487d0f69b7b13ade0c0aa4abbfe896ce2ee654b85d6b9,f82ceac6f8787ac22c378edc1f141cedcc86bf9309b43f1aff6633ae0a963abb,,,0.0,0.0,0.0,0.0,0.0,0,full,True
REIM (ACT + Detector + Recovery),99,8000141,metaworld,True,54,0.1876820029974624,1,1,1,29,0.22842295467853546,task_success_while_recovery_active_per_intervention,True,False,,425c612a45ddc39742f55bf6320e17662afa0e6240938b8308a1515626c81bc6,57ac5e7259f9e36fe4d487d0f69b7b13ade0c0aa4abbfe896ce2ee654b85d6b9,f82ceac6f8787ac22c378edc1f141cedcc86bf9309b43f1aff6633ae0a963abb,,,0.0,0.0,0.0,0.0,0.0,0,full,True
REIM (ACT + Detector + Recovery),100,8000142,metaworld,True,60,0.14053013900047517,1,1,1,51,0.22879751026630402,task_success_while_recovery_active_per_intervention,True,False,,be892122c17a69ee686a6b4a2b6d9fe790cf97d486b4c223ad5ed3991c49c278,57ac5e7259f9e36fe4d487d0f69b7b13ade0c0aa4abbfe896ce2ee654b85d6b9,e216352c7f1c7392270c7c501bb599f2a46f420613a124fda0729ab88160cdf2,,,0.0,0.0,0.0,0.0,0.0,0,full,True
REIM (ACT + Detector + Recovery),101,8000143,metaworld,True,54,0.12391761900289566,1,1,1,46,0.32645195722579956,task_success_while_recovery_active_per_intervention,True,False,,1c0afd3d20494e27493d37c03f23bba29c086e043a757adb7fee5ffeab48cdee,57ac5e7259f9e36fe4d487d0f69b7b13ade0c0aa4abbfe896ce2ee654b85d6b9,35203d16cfa98b5f2e002fcb1ffde2400abf9459c161f6a289efa0c46eddb36f,,,0.0,0.0,0.0,0.0,0.0,0,full,True
REIM (ACT + Detector + Recovery),102,8000144,metaworld,True,52,0.1522877930001414,1,1,1,36,0.25363126397132874,task_success_while_recovery_active_per_intervention,True,False,,be95de6ac430f4b27972b654635b298d3d69d96e90b11ec00bb45884e2d3f1a5,57ac5e7259f9e36fe4d487d0f69b7b13ade0c0aa4abbfe896ce2ee654b85d6b9,504c23f653f6cdee9d659d9320b164606b319d4f0e9cdf0f3a87e2fc7a98160a,,,0.0,0.0,0.0,0.0,0.0,0,full,True
REIM (ACT + Detector + Recovery),103,8000145,metaworld,True,58,0.31367098099872237,0,0,0,0,0.1333608329296112,task_success_while_recovery_active_per_intervention,True,False,,a69de87dadb14656fbc02e3676926253f9aaaf3f00709bf7966ce7ef7f62baec,57ac5e7259f9e36fe4d487d0f69b7b13ade0c0aa4abbfe896ce2ee654b85d6b9,a0b103bf3e43f4aa92753185301eba5e2e31594285004b99f51a59b33bd2d620,,,0.0,0.0,0.0,0.0,0.0,0,full,True
REIM (ACT + Detector + Recovery),104,8000146,metaworld,True,51,0.2882469050018699,0,0,0,0,0.12593317031860352,task_success_while_recovery_active_per_intervention,True,False,,19921c46791299d5986cb2c7bf4994951f9e31a970c65c63486dad441a0e1f90,57ac5e7259f9e36fe4d487d0f69b7b13ade0c0aa4abbfe896ce2ee654b85d6b9,56b7f182edcfeefa9301e1edd53d7f36e4418de7e6df1b54b0f0c298cde1b3cd,,,0.0,0.0,0.0,0.0,0.0,0,full,True
REIM (ACT + Detector + Recovery),105,8000147,metaworld,True,48,0.2650270449994423,0,0,0,0,0.19006502628326416,task_success_while_recovery_active_per_intervention,True,False,,87a050ab5cd84a73278e179dcd88c6c259c1d1141d3ac969e807f9b6decfb1ce,57ac5e7259f9e36fe4d487d0f69b7b13ade0c0aa4abbfe896ce2ee654b85d6b9,08a97a6dfa17f78b5cc5b1351d60038e4a40a68fc93722672482714333b1d9b5,,,0.0,0.0,0.0,0.0,0.0,0,full,True
REIM (ACT + Detector + Recovery),106,8000148,metaworld,True,48,0.2612251690006815,0,0,0,0,0.19006502628326416,task_success_while_recovery_active_per_intervention,True,False,,beb2cd67e47c10a6d9e0e9a88b5537e185c2aa5ea3f101c30bdb43c31d44df79,57ac5e7259f9e36fe4d487d0f69b7b13ade0c0aa4abbfe896ce2ee654b85d6b9,08a97a6dfa17f78b5cc5b1351d60038e4a40a68fc93722672482714333b1d9b5,,,0.0,0.0,0.0,0.0,0.0,0,full,True
REIM (ACT + Detector + Recovery),107,8000149,metaworld,True,56,0.30668669899750967,0,0,0,0,0.16244913637638092,task_success_while_recovery_active_per_intervention,True,False,,0033c402a3468b0fe3637c12d7bb35d66920541c8834e6b80849228a61f47104,57ac5e7259f9e36fe4d487d0f69b7b13ade0c0aa4abbfe896ce2ee654b85d6b9,524e161a612d94c222d06154bcd0129d0851b8fad51ae883abbef6e86d43cbb0,,,0.0,0.0,0.0,0.0,0.0,0,full,True
REIM (ACT + Detector + Recovery),108,8000150,metaworld,True,47,0.25979729699974996,0,0,0,0,0.13781844079494476,task_success_while_recovery_active_per_intervention,True,False,,52f528cb8a1a64c2a7f3082b2cb7816a6ac55d32d77938938af6c26ff2fd783b,57ac5e7259f9e36fe4d487d0f69b7b13ade0c0aa4abbfe896ce2ee654b85d6b9,5d73f28d4d24cdbcb36a5e5cd61ec1a82f7287ce56d88da8cea912ed757b164c,,,0.0,0.0,0.0,0.0,0.0,0,full,True
REIM (ACT + Detector + Recovery),109,8000151,metaworld,True,51,0.16237115299736615,1,1,1,32,0.2413707822561264,task_success_while_recovery_active_per_intervention,True,False,,8430271ef6b2f8256ee15cf1528fa02c065be10df7383f90dac772a0a769b711,57ac5e7259f9e36fe4d487d0f69b7b13ade0c0aa4abbfe896ce2ee654b85d6b9,aa1f17aacdf569c3a2930a2ebbf742ff43f8d3acfc772731a5c344cabcd52570,,,0.0,0.0,0.0,0.0,0.0,0,full,True
REIM (ACT + Detector + Recovery),110,8000152,metaworld,True,47,0.25915338799677556,0,0,0,0,0.169621080160141,task_success_while_recovery_active_per_intervention,True,False,,24f91287984f88839620d33ee0e47e98906fd4dcff3c0e2277fac6113257cca0,57ac5e7259f9e36fe4d487d0f69b7b13ade0c0aa4abbfe896ce2ee654b85d6b9,cea0b9105255f82e0ee99bfb3998a6edce02b446d4b14afb0747282cd18aa202,,,0.0,0.0,0.0,0.0,0.0,0,full,True
REIM (ACT + Detector + Recovery),111,8000153,metaworld,True,47,0.2566112430031353,0,0,0,0,0.15565305948257446,task_success_while_recovery_active_per_intervention,True,False,,db0eaa4bb75387392f6db6cea3a274dfb279cef94f3742da3a65cb33e22ff050,57ac5e7259f9e36fe4d487d0f69b7b13ade0c0aa4abbfe896ce2ee654b85d6b9,e6e55bdbd77dc052facbc072d20b08a21d116978c37627b9a3d9dc7989dfbe62,,,0.0,0.0,0.0,0.0,0.0,0,full,True
REIM (ACT + Detector + Recovery),112,8000154,metaworld,True,51,0.2849324569979217,0,0,0,0,0.1820400357246399,task_success_while_recovery_active_per_intervention,True,False,,a420b6b7d7fec2cc485abd6ef3a5823ced71f69a4b95bd71b470b298dafb4928,57ac5e7259f9e36fe4d487d0f69b7b13ade0c0aa4abbfe896ce2ee654b85d6b9,5e1df472084de78052388a34f03cad3de438ca9b5dc801b5759dd57c66a7482a,,,0.0,0.0,0.0,0.0,0.0,0,full,True
REIM (ACT + Detector + Recovery),113,8000155,metaworld,True,56,0.20135566300086793,1,1,1,29,0.2537117302417755,task_success_while_recovery_active_per_intervention,True,False,,762aaba46591cb4b3531910c8362c10fc4386ea39793396f046bc6cc892109a5,57ac5e7259f9e36fe4d487d0f69b7b13ade0c0aa4abbfe896ce2ee654b85d6b9,8a99d46d6d04afe3e2ef92bb607dde5e178b5c37506006c4f364e345976453b1,,,0.0,0.0,0.0,0.0,0.0,0,full,True
REIM (ACT + Detector + Recovery),114,8000156,metaworld,True,59,0.3401251930008584,0,0,0,0,0.14468561112880707,task_success_while_recovery_active_per_intervention,True,False,,b0b03c2558c689cfe5f7291ebe69e67903cb877747b1e2423db919f2430f8131,57ac5e7259f9e36fe4d487d0f69b7b13ade0c0aa4abbfe896ce2ee654b85d6b9,a8cfe6e2276fbd15230c5555255b87d17333bdd29f84f687df7405d0311fae7f,,,0.0,0.0,0.0,0.0,0.0,0,full,True
REIM (ACT + Detector + Recovery),115,8000157,metaworld,True,48,0.26692487800028175,0,0,0,0,0.19006502628326416,task_success_while_recovery_active_per_intervention,True,False,,4cfc4b0828227b15a5dcdf6793fc943971940382101c4ddb193084c3a44c4cda,57ac5e7259f9e36fe4d487d0f69b7b13ade0c0aa4abbfe896ce2ee654b85d6b9,08a97a6dfa17f78b5cc5b1351d60038e4a40a68fc93722672482714333b1d9b5,,,0.0,0.0,0.0,0.0,0.0,0,full,True
REIM (ACT + Detector + Recovery),116,8000158,metaworld,True,57,0.31904297499932,0,0,0,0,0.1252090185880661,task_success_while_recovery_active_per_intervention,True,False,,29fe25ce8cd274c54e0e3feb2cc78578397e172b86d1b8a2ecbddaffe697071d,57ac5e7259f9e36fe4d487d0f69b7b13ade0c0aa4abbfe896ce2ee654b85d6b9,b8e45a2f8f553d53c6eef0305347f910b9999bcae6df6ccaf0eaee6ac864e670,,,0.0,0.0,0.0,0.0,0.0,0,full,True
REIM (ACT + Detector + Recovery),117,8000159,metaworld,True,57,0.14012823099983507,1,1,1,47,0.30183300375938416,task_success_while_recovery_active_per_intervention,True,False,,9eb4961cb5ae3aff200acfda03288fc54932402dd2ff3b101252c66c9aaff8aa,57ac5e7259f9e36fe4d487d0f69b7b13ade0c0aa4abbfe896ce2ee654b85d6b9,0f719f94ef165c0b816b8b10c3f4f5fcf802c9f5a25141035590310315749280,,,0.0,0.0,0.0,0.0,0.0,0,full,True
REIM (ACT + Detector + Recovery),118,8000160,metaworld,True,53,0.16109573499852559,1,1,1,35,0.22158239781856537,task_success_while_recovery_active_per_intervention,True,False,,57b239cb46acd364e446faf6fe08bb07323afd0e8adb090312f8f88d4ac7a781,57ac5e7259f9e36fe4d487d0f69b7b13ade0c0aa4abbfe896ce2ee654b85d6b9,342b72dafe0e47ecf8a937cb01e62ac02c2d77bf93dafca59574cbbbfc4ad77b,,,0.0,0.0,0.0,0.0,0.0,0,full,True
REIM (ACT + Detector + Recovery),119,8000161,metaworld,True,57,0.1358332799973141,1,1,1,48,0.34363025426864624,task_success_while_recovery_active_per_intervention,True,False,,a1e91fb6a58c7b5b95fd0915546e7adf9ba9a6fb8170b487749500d0659f4e1c,57ac5e7259f9e36fe4d487d0f69b7b13ade0c0aa4abbfe896ce2ee654b85d6b9,ba19e0623fe05add91e00811bacb33e27305f5fcb6549be6f6278ebce6046101,,,0.0,0.0,0.0,0.0,0.0,0,full,True
REIM (ACT + Detector + Recovery),120,8000162,metaworld,True,55,0.1572684320017288,1,1,1,41,0.21204879879951477,task_success_while_recovery_active_per_intervention,True,False,,6ee888996207b90bae958b1e539fb6d06cf73f09edbc87bd4004993b6d9fc30c,57ac5e7259f9e36fe4d487d0f69b7b13ade0c0aa4abbfe896ce2ee654b85d6b9,acfaed29b052207b47b4b7fa76672795fd08de3add8565db05f141de82ece90b,,,0.0,0.0,0.0,0.0,0.0,0,full,True
REIM (ACT + Detector + Recovery),121,8000163,metaworld,True,55,0.3132944999997562,0,0,0,0,0.13346530497074127,task_success_while_recovery_active_per_intervention,True,False,,31ed061c05906fe4f7ac726231df4561624684697ccc9ac64b5fea4e4742a7d5,57ac5e7259f9e36fe4d487d0f69b7b13ade0c0aa4abbfe896ce2ee654b85d6b9,0cda21f8ffacf0a1e40e7b0e858a8e2ddc276972106d4bced99d4404b4a13fd8,,,0.0,0.0,0.0,0.0,0.0,0,full,True
REIM (ACT + Detector + Recovery),122,8000164,metaworld,True,50,0.28058795600009034,0,0,0,0,0.13237690925598145,task_success_while_recovery_active_per_intervention,True,False,,9098346d26679dc75f96d912b453ea85c6f2d63863a9c78caa7f92dd518def66,57ac5e7259f9e36fe4d487d0f69b7b13ade0c0aa4abbfe896ce2ee654b85d6b9,15a9adece7ebea14bdf37f5376e274c6dce4711281025cf35060933ba9ab8ad3,,,0.0,0.0,0.0,0.0,0.0,0,full,True
REIM (ACT + Detector + Recovery),123,8000165,metaworld,True,57,0.14076210399798583,1,1,1,47,0.30183300375938416,task_success_while_recovery_active_per_intervention,True,False,,32641dc50c7e784c8b7d40bc639add4ba1a6540bac29c230cafc1036256f21f4,57ac5e7259f9e36fe4d487d0f69b7b13ade0c0aa4abbfe896ce2ee654b85d6b9,0f719f94ef165c0b816b8b10c3f4f5fcf802c9f5a25141035590310315749280,,,0.0,0.0,0.0,0.0,0.0,0,full,True
REIM (ACT + Detector + Recovery),124,8000166,metaworld,True,51,0.1629962839979271,1,1,1,32,0.2413707822561264,task_success_while_recovery_active_per_intervention,True,False,,d0ef9bf15040b6a6fd108cb6165a1010fa558e6bf2832543e85f91346050aa97,57ac5e7259f9e36fe4d487d0f69b7b13ade0c0aa4abbfe896ce2ee654b85d6b9,aa1f17aacdf569c3a2930a2ebbf742ff43f8d3acfc772731a5c344cabcd52570,,,0.0,0.0,0.0,0.0,0.0,0,full,True
REIM (ACT + Detector + Recovery),125,8000167,metaworld,True,58,0.33981803099959507,0,0,0,0,0.1333608329296112,task_success_while_recovery_active_per_intervention,True,False,,3cdcbf1d89d66c9dc270e60d6b1ca55ec54bce34aba484629c2b4f08da460d85,57ac5e7259f9e36fe4d487d0f69b7b13ade0c0aa4abbfe896ce2ee654b85d6b9,a0b103bf3e43f4aa92753185301eba5e2e31594285004b99f51a59b33bd2d620,,,0.0,0.0,0.0,0.0,0.0,0,full,True
REIM (ACT + Detector + Recovery),126,8000168,metaworld,True,50,0.2928686480008764,0,0,0,0,0.13237690925598145,task_success_while_recovery_active_per_intervention,True,False,,d5f729a40e4d519c983d6a6384ea2620553089ed1f3f39e4906c539680ebc305,57ac5e7259f9e36fe4d487d0f69b7b13ade0c0aa4abbfe896ce2ee654b85d6b9,15a9adece7ebea14bdf37f5376e274c6dce4711281025cf35060933ba9ab8ad3,,,0.0,0.0,0.0,0.0,0.0,0,full,True
REIM (ACT + Detector + Recovery),127,8000169,metaworld,True,50,0.28948897999725887,0,0,0,0,0.16479434072971344,task_success_while_recovery_active_per_intervention,True,False,,ce487f8c076905c7593df3ca6b4a9ad1b10d53779cf18523bcd493a2a2a3e46c,57ac5e7259f9e36fe4d487d0f69b7b13ade0c0aa4abbfe896ce2ee654b85d6b9,2ad5907877cc42b4447b9630988e3a1f0da0d83e1f696f71e22dc69905e631b6,,,0.0,0.0,0.0,0.0,0.0,0,full,True
REIM (ACT + Detector + Recovery),128,8000170,metaworld,True,56,0.2675496320007369,1,1,1,29,0.2537117302417755,task_success_while_recovery_active_per_intervention,True,False,,d3d25c1ec4d5ef801b2f8946d91324d2a0188f12bd84d298edb16be6406f7bbc,57ac5e7259f9e36fe4d487d0f69b7b13ade0c0aa4abbfe896ce2ee654b85d6b9,8a99d46d6d04afe3e2ef92bb607dde5e178b5c37506006c4f364e345976453b1,,,0.0,0.0,0.0,0.0,0.0,0,full,True
REIM (ACT + Detector + Recovery),129,8000171,metaworld,True,48,0.27289055100118276,0,0,0,0,0.19006502628326416,task_success_while_recovery_active_per_intervention,True,False,,ac4dd6ba253d39ee09385d439ef95691275fe6f6fd3e7274e4f7f477d09ac320,57ac5e7259f9e36fe4d487d0f69b7b13ade0c0aa4abbfe896ce2ee654b85d6b9,08a97a6dfa17f78b5cc5b1351d60038e4a40a68fc93722672482714333b1d9b5,,,0.0,0.0,0.0,0.0,0.0,0,full,True
REIM (ACT + Detector + Recovery),130,8000172,metaworld,True,53,0.3051855810008419,0,0,0,0,0.17290496826171875,task_success_while_recovery_active_per_intervention,True,False,,f4adc886f32d9121cbddea33b827cbb4d2614c8d762ed1b604cd861c9615c935,57ac5e7259f9e36fe4d487d0f69b7b13ade0c0aa4abbfe896ce2ee654b85d6b9,7c3391ee418e26d47c002810bc00065e4dd0b6728c969d2338ad549ad01ebb0a,,,0.0,0.0,0.0,0.0,0.0,0,full,True
REIM (ACT + Detector + Recovery),131,8000173,metaworld,True,53,0.13162001199816586,1,1,1,46,0.43223822116851807,task_success_while_recovery_active_per_intervention,True,False,,df372c20a22ac0b216df51cbe582c27b9e59ce5cc6f7afe4703eef75b278d9eb,57ac5e7259f9e36fe4d487d0f69b7b13ade0c0aa4abbfe896ce2ee654b85d6b9,bb2c6b1aed959fa3ddddb1c215ce67cbb5b0ec080eb65fb58e06b7776849a096,,,0.0,0.0,0.0,0.0,0.0,0,full,True
REIM (ACT + Detector + Recovery),132,8000174,metaworld,True,52,0.13082011799997417,1,1,1,42,0.2533736526966095,task_success_while_recovery_active_per_intervention,True,False,,a97f415713838396d6383b3010cd1b80f02a457e2b0f7e3293ea5f968775ebdf,57ac5e7259f9e36fe4d487d0f69b7b13ade0c0aa4abbfe896ce2ee654b85d6b9,c40fedd273cade53989af8adc3ca66d02f2d92ca4d97b2f6391a0dd0ab6dbca3,,,0.0,0.0,0.0,0.0,0.0,0,full,True
REIM (ACT + Detector + Recovery),133,8000175,metaworld,True,53,0.11836465400119778,1,1,1,46,0.43223822116851807,task_success_while_recovery_active_per_intervention,True,False,,c38836102b7248a11352de37e84c329ab8ab0097fbc88bce348767e3d603ded1,57ac5e7259f9e36fe4d487d0f69b7b13ade0c0aa4abbfe896ce2ee654b85d6b9,bb2c6b1aed959fa3ddddb1c215ce67cbb5b0ec080eb65fb58e06b7776849a096,,,0.0,0.0,0.0,0.0,0.0,0,full,True
REIM (ACT + Detector + Recovery),134,8000176,metaworld,True,50,0.26841333499760367,0,0,0,0,0.10188362747430801,task_success_while_recovery_active_per_intervention,True,False,,c0d698624a95b63ee62844a046d64fc1682171ec63de017257cbb0f1ea5b758b,57ac5e7259f9e36fe4d487d0f69b7b13ade0c0aa4abbfe896ce2ee654b85d6b9,6338b57c8983138382fa5c9ee7bb2d2c200be44368697f7ffa8216ea26ddccaf,,,0.0,0.0,0.0,0.0,0.0,0,full,True
REIM (ACT + Detector + Recovery),135,8000177,metaworld,True,60,0.3121878279998782,0,0,0,0,0.14508166909217834,task_success_while_recovery_active_per_intervention,True,False,,2a285bd951a2c882348abfef61132a60fd282570ab191ee69d9d89dc304a7548,57ac5e7259f9e36fe4d487d0f69b7b13ade0c0aa4abbfe896ce2ee654b85d6b9,1c856fdcb5da12c3fa2d15b38741aa980fa3a47e64fb99f8635817590128f9ea,,,0.0,0.0,0.0,0.0,0.0,0,full,True
REIM (ACT + Detector + Recovery),136,8000178,metaworld,True,55,0.1447307960006583,1,1,1,41,0.21204879879951477,task_success_while_recovery_active_per_intervention,True,False,,b30f13211eeed0505d575c78569e3fb95f9c7059d643b9d1476dae86e2064942,57ac5e7259f9e36fe4d487d0f69b7b13ade0c0aa4abbfe896ce2ee654b85d6b9,acfaed29b052207b47b4b7fa76672795fd08de3add8565db05f141de82ece90b,,,0.0,0.0,0.0,0.0,0.0,0,full,True
REIM (ACT + Detector + Recovery),137,8000179,metaworld,True,50,0.2653707460012811,0,0,0,0,0.16479434072971344,task_success_while_recovery_active_per_intervention,True,False,,229629d5730727e7c5aa51b4cb32b0d8787b63436c9d78779d8a58c6278d2856,57ac5e7259f9e36fe4d487d0f69b7b13ade0c0aa4abbfe896ce2ee654b85d6b9,2ad5907877cc42b4447b9630988e3a1f0da0d83e1f696f71e22dc69905e631b6,,,0.0,0.0,0.0,0.0,0.0,0,full,True
REIM (ACT + Detector + Recovery),138,8000180,metaworld,True,51,0.27621413200176903,0,0,0,0,0.12593317031860352,task_success_while_recovery_active_per_intervention,True,False,,c4d401230bba1a04aa47c15a7f7e6c3a6db36cb0a890b620bdcae9ece1543a8d,57ac5e7259f9e36fe4d487d0f69b7b13ade0c0aa4abbfe896ce2ee654b85d6b9,56b7f182edcfeefa9301e1edd53d7f36e4418de7e6df1b54b0f0c298cde1b3cd,,,0.0,0.0,0.0,0.0,0.0,0,full,True
REIM (ACT + Detector + Recovery),139,8000181,metaworld,True,57,0.13676073800161248,1,1,1,47,0.30183300375938416,task_success_while_recovery_active_per_intervention,True,False,,86c4906399a82eb3779d839208a904e5bf4cc56e716d7e28b41dda5605728b90,57ac5e7259f9e36fe4d487d0f69b7b13ade0c0aa4abbfe896ce2ee654b85d6b9,0f719f94ef165c0b816b8b10c3f4f5fcf802c9f5a25141035590310315749280,,,0.0,0.0,0.0,0.0,0.0,0,full,True
REIM (ACT + Detector + Recovery),140,8000182,metaworld,True,56,0.30672726899865665,0,0,0,0,0.1491069793701172,task_success_while_recovery_active_per_intervention,True,False,,b756898f577084f9efc41032c11b6dea745b1f1e58f46dbecb7d2336d9244309,57ac5e7259f9e36fe4d487d0f69b7b13ade0c0aa4abbfe896ce2ee654b85d6b9,6cb8d983459a8e57d4ae53a86da2394015cabba2d7c306dcaf7b14af979ca230,,,0.0,0.0,0.0,0.0,0.0,0,full,True
REIM (ACT + Detector + Recovery),141,8000183,metaworld,True,60,0.1411213890023646,1,1,1,50,0.22915218770503998,task_success_while_recovery_active_per_intervention,True,False,,bd37c8172160ef8267468154d53a87d5fb8ab147975393947ac730fc1de28651,57ac5e7259f9e36fe4d487d0f69b7b13ade0c0aa4abbfe896ce2ee654b85d6b9,39001749c902e2ab9d015efb8c7644faffff99810b709d3203dc359d5eacdcbd,,,0.0,0.0,0.0,0.0,0.0,0,full,True
REIM (ACT + Detector + Recovery),142,8000184,metaworld,True,56,0.2966800290014362,0,0,0,0,0.1003037765622139,task_success_while_recovery_active_per_intervention,True,False,,efe4233580c387bdcf8d40ab4a477193fe7b90ee064d16f6c6bc8783efd4dc6f,57ac5e7259f9e36fe4d487d0f69b7b13ade0c0aa4abbfe896ce2ee654b85d6b9,f6a9ed9055e00c868d6771022c2c557a6a48990bdacbed585d07cde857d4755a,,,0.0,0.0,0.0,0.0,0.0,0,full,True
REIM (ACT + Detector + Recovery),143,8000185,metaworld,True,60,0.13898523999887402,1,1,1,50,0.22915218770503998,task_success_while_recovery_active_per_intervention,True,False,,1bc00da43c28019e854e7e518f15c35b10c2a7c0500f4ad215a43ba27cd54e04,57ac5e7259f9e36fe4d487d0f69b7b13ade0c0aa4abbfe896ce2ee654b85d6b9,39001749c902e2ab9d015efb8c7644faffff99810b709d3203dc359d5eacdcbd,,,0.0,0.0,0.0,0.0,0.0,0,full,True
REIM (ACT + Detector + Recovery),144,8000186,metaworld,True,56,0.13532581999970716,1,1,1,45,0.2568376660346985,task_success_while_recovery_active_per_intervention,True,False,,7e9553a86fc2538c36bc05a9f0f32ac6e29fee639731d6717003a14727b65b4f,57ac5e7259f9e36fe4d487d0f69b7b13ade0c0aa4abbfe896ce2ee654b85d6b9,588df85fb38ef87f822932ad2f702be807974873e4a07ea43084bbdeeaac6604,,,0.0,0.0,0.0,0.0,0.0,0,full,True
REIM (ACT + Detector + Recovery),145,8000187,metaworld,True,60,0.31578827400153386,0,0,0,0,0.1440802961587906,task_success_while_recovery_active_per_intervention,True,False,,606e96ec08a9c589b76fa0139ab48d946e6283dd9a0a1893221b43a35dcfb1d3,57ac5e7259f9e36fe4d487d0f69b7b13ade0c0aa4abbfe896ce2ee654b85d6b9,c5023b3d25031a103b9549b6e8c83ba09d69e708ef117c31128a38e03616e5d8,,,0.0,0.0,0.0,0.0,0.0,0,full,True
REIM (ACT + Detector + Recovery),146,8000188,metaworld,True,56,0.14821771399874706,1,1,1,41,0.2504044771194458,task_success_while_recovery_active_per_intervention,True,False,,4d5201f534cf48e89b35556de0d9c22d2acf95e70149667b00d7befeaf48b031,57ac5e7259f9e36fe4d487d0f69b7b13ade0c0aa4abbfe896ce2ee654b85d6b9,942fb6a87dc1e3eb7bf7bb111c97e7096138256b4a9a6b4c62a012fabe8bec38,,,0.0,0.0,0.0,0.0,0.0,0,full,True
REIM (ACT + Detector + Recovery),147,8000189,metaworld,True,53,0.2787696359991969,0,0,0,0,0.17290496826171875,task_success_while_recovery_active_per_intervention,True,False,,07c9d3660b28424d1049b22f30eea7b9b40f539da5e295ad8a619649e6ddce8b,57ac5e7259f9e36fe4d487d0f69b7b13ade0c0aa4abbfe896ce2ee654b85d6b9,7c3391ee418e26d47c002810bc00065e4dd0b6728c969d2338ad549ad01ebb0a,,,0.0,0.0,0.0,0.0,0.0,0,full,True
REIM (ACT + Detector + Recovery),148,8000190,metaworld,True,47,0.25005663900083164,0,0,0,0,0.169621080160141,task_success_while_recovery_active_per_intervention,True,False,,25e4940d1d5ad8d2152101c55dea1e65f38c10342bae0eec994366553e2edf7d,57ac5e7259f9e36fe4d487d0f69b7b13ade0c0aa4abbfe896ce2ee654b85d6b9,cea0b9105255f82e0ee99bfb3998a6edce02b446d4b14afb0747282cd18aa202,,,0.0,0.0,0.0,0.0,0.0,0,full,True
REIM (ACT + Detector + Recovery),149,8000191,metaworld,True,60,0.13411839800028247,1,1,1,51,0.22879751026630402,task_success_while_recovery_active_per_intervention,True,False,,6e99ba5e33046a7dc935ee70793e053c6af8ea927f795c9c5e6be176e7e5490b,57ac5e7259f9e36fe4d487d0f69b7b13ade0c0aa4abbfe896ce2ee654b85d6b9,e216352c7f1c7392270c7c501bb599f2a46f420613a124fda0729ab88160cdf2,,,0.0,0.0,0.0,0.0,0.0,0,full,True
REIM (ACT + Detector + Recovery),150,8000192,metaworld,True,55,0.28765560000101686,0,0,0,0,0.11077237874269485,task_success_while_recovery_active_per_intervention,True,False,,444cd2a430347b3bd10a06c75c0d1df6dc811d7457eb86f456d5daf3656c27b9,57ac5e7259f9e36fe4d487d0f69b7b13ade0c0aa4abbfe896ce2ee654b85d6b9,25805a097f1f4b8c203ec3c130dcd3e66b5fb3ad298114a08662aae6c86fa673,,,0.0,0.0,0.0,0.0,0.0,0,full,True
REIM (ACT + Detector + Recovery),151,8000193,metaworld,True,60,0.31361465400186717,0,0,0,0,0.14508166909217834,task_success_while_recovery_active_per_intervention,True,False,,6de98acfedbb86c5b231ffde172f2cd425fcb7e772f97045990c637bb618478f,57ac5e7259f9e36fe4d487d0f69b7b13ade0c0aa4abbfe896ce2ee654b85d6b9,1c856fdcb5da12c3fa2d15b38741aa980fa3a47e64fb99f8635817590128f9ea,,,0.0,0.0,0.0,0.0,0.0,0,full,True
REIM (ACT + Detector + Recovery),152,8000194,metaworld,True,54,0.28906230599750415,0,0,0,0,0.1423380970954895,task_success_while_recovery_active_per_intervention,True,False,,8f7b3ac08aacae1c83400a0ffdde1ec2148e96caefb6884aecb661e71756325b,57ac5e7259f9e36fe4d487d0f69b7b13ade0c0aa4abbfe896ce2ee654b85d6b9,64ee837add19202e84553431fdab118462cf5265eeae19a4d044b5a6818f771d,,,0.0,0.0,0.0,0.0,0.0,0,full,True
REIM (ACT + Detector + Recovery),153,8000195,metaworld,True,52,0.18253330900188303,1,1,1,26,0.21047641336917877,task_success_while_recovery_active_per_intervention,True,False,,03a0784fe570b9179740e6e80547e4b7f375ef72b57778d3f7d38cf5135b4ae0,57ac5e7259f9e36fe4d487d0f69b7b13ade0c0aa4abbfe896ce2ee654b85d6b9,2eb279a724955c1a9d173681940490ec9cc8ed4fdc15a95533884a23d4ccdb4e,,,0.0,0.0,0.0,0.0,0.0,0,full,True
REIM (ACT + Detector + Recovery),154,8000196,metaworld,True,53,0.15678016699894215,1,1,1,35,0.22158239781856537,task_success_while_recovery_active_per_intervention,True,False,,956524f7f4372adddbd3e575aed0bf2ca67494523fdbe2ea8e5998452b4b5597,57ac5e7259f9e36fe4d487d0f69b7b13ade0c0aa4abbfe896ce2ee654b85d6b9,342b72dafe0e47ecf8a937cb01e62ac02c2d77bf93dafca59574cbbbfc4ad77b,,,0.0,0.0,0.0,0.0,0.0,0,full,True
REIM (ACT + Detector + Recovery),155,8000197,metaworld,True,56,0.30004919600105495,0,0,0,0,0.16244913637638092,task_success_while_recovery_active_per_intervention,True,False,,15cfe999dd389933b799952aade7e84c83899fca3faab338651c3e13a316f453,57ac5e7259f9e36fe4d487d0f69b7b13ade0c0aa4abbfe896ce2ee654b85d6b9,524e161a612d94c222d06154bcd0129d0851b8fad51ae883abbef6e86d43cbb0,,,0.0,0.0,0.0,0.0,0.0,0,full,True
REIM (ACT + Detector + Recovery),156,8000198,metaworld,True,51,0.27058369100268465,0,0,0,0,0.12593317031860352,task_success_while_recovery_active_per_intervention,True,False,,a2802d0c0f77db3809566061d871b35fb9f3082861b298dfdfd8a6693a6058e7,57ac5e7259f9e36fe4d487d0f69b7b13ade0c0aa4abbfe896ce2ee654b85d6b9,56b7f182edcfeefa9301e1edd53d7f36e4418de7e6df1b54b0f0c298cde1b3cd,,,0.0,0.0,0.0,0.0,0.0,0,full,True
REIM (ACT + Detector + Recovery),157,8000199,metaworld,True,60,0.1423767280030006,1,1,1,50,0.24516351521015167,task_success_while_recovery_active_per_intervention,True,False,,d399ecd067333a07d72b949c0392a22e4f7310d51371f6e0e45c063087e37b02,57ac5e7259f9e36fe4d487d0f69b7b13ade0c0aa4abbfe896ce2ee654b85d6b9,3183afb500ebb9a5af177cccb5b5889a8321eb35261f8ec571269f8b5ed9cd1a,,,0.0,0.0,0.0,0.0,0.0,0,full,True
REIM (ACT + Detector + Recovery),158,8000200,metaworld,True,56,0.3013819240004523,0,0,0,0,0.16244913637638092,task_success_while_recovery_active_per_intervention,True,False,,3b671376efc09e2c0eaf0a8c8911768e285aec431419c446d0dc7d0b5556da73,57ac5e7259f9e36fe4d487d0f69b7b13ade0c0aa4abbfe896ce2ee654b85d6b9,524e161a612d94c222d06154bcd0129d0851b8fad51ae883abbef6e86d43cbb0,,,0.0,0.0,0.0,0.0,0.0,0,full,True
REIM (ACT + Detector + Recovery),159,8000201,metaworld,True,51,0.2742972159976489,0,0,0,0,0.12593317031860352,task_success_while_recovery_active_per_intervention,True,False,,daeec55f1e802c1a7412eae0aad0190eae3752503d22e1b2defb529dd5406c78,57ac5e7259f9e36fe4d487d0f69b7b13ade0c0aa4abbfe896ce2ee654b85d6b9,56b7f182edcfeefa9301e1edd53d7f36e4418de7e6df1b54b0f0c298cde1b3cd,,,0.0,0.0,0.0,0.0,0.0,0,full,True
REIM (ACT + Detector + Recovery),160,8000202,metaworld,True,60,0.32435794699995313,0,0,0,0,0.1440802961587906,task_success_while_recovery_active_per_intervention,True,False,,11c3ae77e5e0e45dd6dd736201d6059c30de374c319a51e294b3a32f2f12cefb,57ac5e7259f9e36fe4d487d0f69b7b13ade0c0aa4abbfe896ce2ee654b85d6b9,c5023b3d25031a103b9549b6e8c83ba09d69e708ef117c31128a38e03616e5d8,,,0.0,0.0,0.0,0.0,0.0,0,full,True
REIM (ACT + Detector + Recovery),161,8000203,metaworld,True,56,0.15141939100067248,1,1,1,41,0.2504044771194458,task_success_while_recovery_active_per_intervention,True,False,,90a13e5cad5d5431514c22718d3d95e63c9e47b8e519a0e38289dc58c2cdf830,57ac5e7259f9e36fe4d487d0f69b7b13ade0c0aa4abbfe896ce2ee654b85d6b9,942fb6a87dc1e3eb7bf7bb111c97e7096138256b4a9a6b4c62a012fabe8bec38,,,0.0,0.0,0.0,0.0,0.0,0,full,True
REIM (ACT + Detector + Recovery),162,8000204,metaworld,True,51,0.27284396899995045,0,0,0,0,0.1820400357246399,task_success_while_recovery_active_per_intervention,True,False,,06bc30c094e4dc4249e4412fca7b11f1dc1baa4442778a26fd5e9af3c80d2ede,57ac5e7259f9e36fe4d487d0f69b7b13ade0c0aa4abbfe896ce2ee654b85d6b9,5e1df472084de78052388a34f03cad3de438ca9b5dc801b5759dd57c66a7482a,,,0.0,0.0,0.0,0.0,0.0,0,full,True
REIM (ACT + Detector + Recovery),163,8000205,metaworld,True,56,0.29935593999834964,0,0,0,0,0.1491069793701172,task_success_while_recovery_active_per_intervention,True,False,,70442312b6139109b03bc821f8f0c5e23f54f5693581f05ed236ba82f44a14bb,57ac5e7259f9e36fe4d487d0f69b7b13ade0c0aa4abbfe896ce2ee654b85d6b9,6cb8d983459a8e57d4ae53a86da2394015cabba2d7c306dcaf7b14af979ca230,,,0.0,0.0,0.0,0.0,0.0,0,full,True
REIM (ACT + Detector + Recovery),164,8000206,metaworld,True,58,0.3211642190035491,0,0,0,0,0.19202660024166107,task_success_while_recovery_active_per_intervention,True,False,,7f2f1840b1bf1e051201242a0ff8682dd1a554df6dc2a3fa4b75e6e0c2ac110f,57ac5e7259f9e36fe4d487d0f69b7b13ade0c0aa4abbfe896ce2ee654b85d6b9,06d355d7aff3b944ab4199c02a94c63d062e5c414c0b195f7b232b607e0ab1ed,,,0.0,0.0,0.0,0.0,0.0,0,full,True
REIM (ACT + Detector + Recovery),165,8000207,metaworld,True,50,0.2706844259992067,0,0,0,0,0.10188362747430801,task_success_while_recovery_active_per_intervention,True,False,,8c3fe67a600525b9269131467f5ef3ccd39cbd4322f3a459f8e1b2d61e7dfebc,57ac5e7259f9e36fe4d487d0f69b7b13ade0c0aa4abbfe896ce2ee654b85d6b9,6338b57c8983138382fa5c9ee7bb2d2c200be44368697f7ffa8216ea26ddccaf,,,0.0,0.0,0.0,0.0,0.0,0,full,True
REIM (ACT + Detector + Recovery),166,8000208,metaworld,True,54,0.12431177300095442,1,1,1,46,0.32645195722579956,task_success_while_recovery_active_per_intervention,True,False,,316b205b413bcb184ab5d8db16f68714ab7189b3da79cbeab9232070ed0741d5,57ac5e7259f9e36fe4d487d0f69b7b13ade0c0aa4abbfe896ce2ee654b85d6b9,35203d16cfa98b5f2e002fcb1ffde2400abf9459c161f6a289efa0c46eddb36f,,,0.0,0.0,0.0,0.0,0.0,0,full,True
REIM (ACT + Detector + Recovery),167,8000209,metaworld,True,52,0.2824099520003074,0,0,0,0,0.18697234988212585,task_success_while_recovery_active_per_intervention,True,False,,6f60201145017e0ba58745d9b7c34c23905a2223e8c2ed7e031fdcb862ee67dd,57ac5e7259f9e36fe4d487d0f69b7b13ade0c0aa4abbfe896ce2ee654b85d6b9,71488b32995fa40c6ec3f77f6bcd912b1929aef29d90a66307ad46cd584acf29,,,0.0,0.0,0.0,0.0,0.0,0,full,True
REIM (ACT + Detector + Recovery),168,8000210,metaworld,True,48,0.156593960000464,1,1,1,29,0.20862631499767303,task_success_while_recovery_active_per_intervention,True,False,,ad10f16ab45288a557d3af12e061e055c810724b95d83b33693cfc9a0b7ef2ef,57ac5e7259f9e36fe4d487d0f69b7b13ade0c0aa4abbfe896ce2ee654b85d6b9,27e1ed8c670f23dae46752497e383610e58c248d638e3b9b707808a32ce33d4e,,,0.0,0.0,0.0,0.0,0.0,0,full,True
REIM (ACT + Detector + Recovery),169,8000211,metaworld,True,50,0.27532561699990765,0,0,0,0,0.16479434072971344,task_success_while_recovery_active_per_intervention,True,False,,21793e48862fcc6b0364c110916c85bca853fcfb879bf6d4cab8bbc4b7b3427f,57ac5e7259f9e36fe4d487d0f69b7b13ade0c0aa4abbfe896ce2ee654b85d6b9,2ad5907877cc42b4447b9630988e3a1f0da0d83e1f696f71e22dc69905e631b6,,,0.0,0.0,0.0,0.0,0.0,0,full,True
REIM (ACT + Detector + Recovery),170,8000212,metaworld,True,52,0.1880669839993061,1,1,1,26,0.21047641336917877,task_success_while_recovery_active_per_intervention,True,False,,a9b75fdd42fa51f1013fba0d53a3a88c73ba7deb6b34762a833e51e5aa278972,57ac5e7259f9e36fe4d487d0f69b7b13ade0c0aa4abbfe896ce2ee654b85d6b9,2eb279a724955c1a9d173681940490ec9cc8ed4fdc15a95533884a23d4ccdb4e,,,0.0,0.0,0.0,0.0,0.0,0,full,True
REIM (ACT + Detector + Recovery),171,8000213,metaworld,True,54,0.12449917300182278,1,1,1,46,0.32645195722579956,task_success_while_recovery_active_per_intervention,True,False,,a009c0d2d0962f5c8f83149b44e7075982c5d40da4101fb5e19e51cda69af21c,57ac5e7259f9e36fe4d487d0f69b7b13ade0c0aa4abbfe896ce2ee654b85d6b9,35203d16cfa98b5f2e002fcb1ffde2400abf9459c161f6a289efa0c46eddb36f,,,0.0,0.0,0.0,0.0,0.0,0,full,True
REIM (ACT + Detector + Recovery),172,8000214,metaworld,True,54,0.2938473489994067,0,0,0,0,0.1423380970954895,task_success_while_recovery_active_per_intervention,True,False,,ab649ef5acba513d557406cc42c0bb442073002c8a0e07c409923429624bd65c,57ac5e7259f9e36fe4d487d0f69b7b13ade0c0aa4abbfe896ce2ee654b85d6b9,64ee837add19202e84553431fdab118462cf5265eeae19a4d044b5a6818f771d,,,0.0,0.0,0.0,0.0,0.0,0,full,True
REIM (ACT + Detector + Recovery),173,8000215,metaworld,True,59,0.3275910049997037,0,0,0,0,0.14468561112880707,task_success_while_recovery_active_per_intervention,True,False,,517eb6bebb76a5356692b210b1e66d6dc5b6c53450daf208e7e647495240d280,57ac5e7259f9e36fe4d487d0f69b7b13ade0c0aa4abbfe896ce2ee654b85d6b9,a8cfe6e2276fbd15230c5555255b87d17333bdd29f84f687df7405d0311fae7f,,,0.0,0.0,0.0,0.0,0.0,0,full,True
REIM (ACT + Detector + Recovery),174,8000216,metaworld,True,52,0.14930894799908856,1,1,1,36,0.25363126397132874,task_success_while_recovery_active_per_intervention,True,False,,6bc1016a619e288924ba03d017f3aca047a124c05cc8a3e4a510fcf51aa076b0,57ac5e7259f9e36fe4d487d0f69b7b13ade0c0aa4abbfe896ce2ee654b85d6b9,504c23f653f6cdee9d659d9320b164606b319d4f0e9cdf0f3a87e2fc7a98160a,,,0.0,0.0,0.0,0.0,0.0,0,full,True
REIM (ACT + Detector + Recovery),175,8000217,metaworld,True,49,0.12233324699991499,1,1,1,39,0.29356053471565247,task_success_while_recovery_active_per_intervention,True,False,,b726e7ce0f85310db06bdfbcb2cc3dd9e16b8c300f5ef6f09d972a4cf17966d5,57ac5e7259f9e36fe4d487d0f69b7b13ade0c0aa4abbfe896ce2ee654b85d6b9,20cf3cfee33051ea4ca25b64648f05450b0068ae0136ae52c3108d28b02f3691,,,0.0,0.0,0.0,0.0,0.0,0,full,True
REIM (ACT + Detector + Recovery),176,8000218,metaworld,True,54,0.18583508899973822,1,1,1,29,0.22842295467853546,task_success_while_recovery_active_per_intervention,True,False,,72b3631160ac4025478a9ba8a088779b82838cfca5f513a6d7cabe641d2db4c8,57ac5e7259f9e36fe4d487d0f69b7b13ade0c0aa4abbfe896ce2ee654b85d6b9,f82ceac6f8787ac22c378edc1f141cedcc86bf9309b43f1aff6633ae0a963abb,,,0.0,0.0,0.0,0.0,0.0,0,full,True
REIM (ACT + Detector + Recovery),177,8000219,metaworld,True,56,0.15688876599961077,1,1,1,41,0.2504044771194458,task_success_while_recovery_active_per_intervention,True,False,,e3e64e1ffea4201405bd4d240b1d2a74b74d808c2cc206edb1a6a35b96d29ece,57ac5e7259f9e36fe4d487d0f69b7b13ade0c0aa4abbfe896ce2ee654b85d6b9,942fb6a87dc1e3eb7bf7bb111c97e7096138256b4a9a6b4c62a012fabe8bec38,,,0.0,0.0,0.0,0.0,0.0,0,full,True
REIM (ACT + Detector + Recovery),178,8000220,metaworld,True,55,0.145763190001162,1,1,1,41,0.21204879879951477,task_success_while_recovery_active_per_intervention,True,False,,602b8af598f3550c9e01722713236b5f3c49e337e21d6ede0b2326c5f7c253ba,57ac5e7259f9e36fe4d487d0f69b7b13ade0c0aa4abbfe896ce2ee654b85d6b9,acfaed29b052207b47b4b7fa76672795fd08de3add8565db05f141de82ece90b,,,0.0,0.0,0.0,0.0,0.0,0,full,True
REIM (ACT + Detector + Recovery),179,8000221,metaworld,True,56,0.30314343600184657,0,0,0,0,0.1003037765622139,task_success_while_recovery_active_per_intervention,True,False,,c89a503741675095f8512d112b6ebe5e587b71ea1b97a91e4a15625c672d1b2d,57ac5e7259f9e36fe4d487d0f69b7b13ade0c0aa4abbfe896ce2ee654b85d6b9,f6a9ed9055e00c868d6771022c2c557a6a48990bdacbed585d07cde857d4755a,,,0.0,0.0,0.0,0.0,0.0,0,full,True
REIM (ACT + Detector + Recovery),180,8000222,metaworld,True,55,0.2961508150001464,0,0,0,0,0.11077237874269485,task_success_while_recovery_active_per_intervention,True,False,,028143e3a5d25ccbe59627758e139765032e991dbab58845d045c02d6365afea,57ac5e7259f9e36fe4d487d0f69b7b13ade0c0aa4abbfe896ce2ee654b85d6b9,25805a097f1f4b8c203ec3c130dcd3e66b5fb3ad298114a08662aae6c86fa673,,,0.0,0.0,0.0,0.0,0.0,0,full,True
REIM (ACT + Detector + Recovery),181,8000223,metaworld,True,55,0.30967267700179946,0,0,0,0,0.11077237874269485,task_success_while_recovery_active_per_intervention,True,False,,1825555624ea19f89623c2891a62a960396f1832be905d7560ca93c211a2f288,57ac5e7259f9e36fe4d487d0f69b7b13ade0c0aa4abbfe896ce2ee654b85d6b9,25805a097f1f4b8c203ec3c130dcd3e66b5fb3ad298114a08662aae6c86fa673,,,0.0,0.0,0.0,0.0,0.0,0,full,True
REIM (ACT + Detector + Recovery),182,8000224,metaworld,True,53,0.1598739309993107,1,1,1,35,0.22158239781856537,task_success_while_recovery_active_per_intervention,True,False,,4d6f5e2e53cb85eebfb3cc9a1521c2c08c447eb72756d47ee0518ae887faab32,57ac5e7259f9e36fe4d487d0f69b7b13ade0c0aa4abbfe896ce2ee654b85d6b9,342b72dafe0e47ecf8a937cb01e62ac02c2d77bf93dafca59574cbbbfc4ad77b,,,0.0,0.0,0.0,0.0,0.0,0,full,True
REIM (ACT + Detector + Recovery),183,8000225,metaworld,True,53,0.12293446100011352,1,1,1,46,0.43223822116851807,task_success_while_recovery_active_per_intervention,True,False,,145b4ee12b2df0ba36152ff5e4f43dbf0ba39ea76964404671abbb6ba1c0ae57,57ac5e7259f9e36fe4d487d0f69b7b13ade0c0aa4abbfe896ce2ee654b85d6b9,bb2c6b1aed959fa3ddddb1c215ce67cbb5b0ec080eb65fb58e06b7776849a096,,,0.0,0.0,0.0,0.0,0.0,0,full,True
REIM (ACT + Detector + Recovery),184,8000226,metaworld,True,60,0.14292614000078174,1,1,1,51,0.22879751026630402,task_success_while_recovery_active_per_intervention,True,False,,9cde40af9b85057fe32e1e80d9dc1ead820d65ff3f12017b1f56cb4ec1d0cc24,57ac5e7259f9e36fe4d487d0f69b7b13ade0c0aa4abbfe896ce2ee654b85d6b9,e216352c7f1c7392270c7c501bb599f2a46f420613a124fda0729ab88160cdf2,,,0.0,0.0,0.0,0.0,0.0,0,full,True
REIM (ACT + Detector + Recovery),185,8000227,metaworld,True,53,0.1621503930000472,1,1,1,35,0.22158239781856537,task_success_while_recovery_active_per_intervention,True,False,,87764b1c6cc37777ee8e149635649054ab57dd9f26f702cd188a06f1b5f8841a,57ac5e7259f9e36fe4d487d0f69b7b13ade0c0aa4abbfe896ce2ee654b85d6b9,342b72dafe0e47ecf8a937cb01e62ac02c2d77bf93dafca59574cbbbfc4ad77b,,,0.0,0.0,0.0,0.0,0.0,0,full,True
REIM (ACT + Detector + Recovery),186,8000228,metaworld,True,47,0.25721001399870147,0,0,0,0,0.169621080160141,task_success_while_recovery_active_per_intervention,True,False,,ba3867afe745e6d6d1c4b9d8631c9ed2281684e2e5904fc0f31e00fc9b682dd3,57ac5e7259f9e36fe4d487d0f69b7b13ade0c0aa4abbfe896ce2ee654b85d6b9,cea0b9105255f82e0ee99bfb3998a6edce02b446d4b14afb0747282cd18aa202,,,0.0,0.0,0.0,0.0,0.0,0,full,True
REIM (ACT + Detector + Recovery),187,8000229,metaworld,True,55,0.15093150599932414,1,1,1,41,0.21204879879951477,task_success_while_recovery_active_per_intervention,True,False,,2220f0eca4812722f5ed88e7228190658ee44a088075d86fd78146c095429797,57ac5e7259f9e36fe4d487d0f69b7b13ade0c0aa4abbfe896ce2ee654b85d6b9,acfaed29b052207b47b4b7fa76672795fd08de3add8565db05f141de82ece90b,,,0.0,0.0,0.0,0.0,0.0,0,full,True
REIM (ACT + Detector + Recovery),188,8000230,metaworld,True,52,0.2790679520003323,0,0,0,0,0.16897448897361755,task_success_while_recovery_active_per_intervention,True,False,,59d780e5d93c6c55eeae17ffc4632d1d9df1a6724eab74ddc31bd86304b3555d,57ac5e7259f9e36fe4d487d0f69b7b13ade0c0aa4abbfe896ce2ee654b85d6b9,6943489118fc060756e24fd47685e2c10173293d54af0af7e8afa9e287c9c5f1,,,0.0,0.0,0.0,0.0,0.0,0,full,True
REIM (ACT + Detector + Recovery),189,8000231,metaworld,True,56,0.1379271969999536,1,1,1,45,0.2568376660346985,task_success_while_recovery_active_per_intervention,True,False,,bfe320e6a4a656767a9fcfc36124a53896551c43ece1875ed718a89b4286e7fc,57ac5e7259f9e36fe4d487d0f69b7b13ade0c0aa4abbfe896ce2ee654b85d6b9,588df85fb38ef87f822932ad2f702be807974873e4a07ea43084bbdeeaac6604,,,0.0,0.0,0.0,0.0,0.0,0,full,True
REIM (ACT + Detector + Recovery),190,8000232,metaworld,True,57,0.30723379499977455,0,0,0,0,0.1252090185880661,task_success_while_recovery_active_per_intervention,True,False,,7956c83d8cbbcff39135250dbaa0704b503d78ced33ecbbfc34c07fed30f5eb1,57ac5e7259f9e36fe4d487d0f69b7b13ade0c0aa4abbfe896ce2ee654b85d6b9,b8e45a2f8f553d53c6eef0305347f910b9999bcae6df6ccaf0eaee6ac864e670,,,0.0,0.0,0.0,0.0,0.0,0,full,True
REIM (ACT + Detector + Recovery),191,8000233,metaworld,True,51,0.16313486999933957,1,1,1,32,0.2413707822561264,task_success_while_recovery_active_per_intervention,True,False,,ea487f4f20ff2ef725ef7a789ae65bd300257747621a301103886f2cfac81dae,57ac5e7259f9e36fe4d487d0f69b7b13ade0c0aa4abbfe896ce2ee654b85d6b9,aa1f17aacdf569c3a2930a2ebbf742ff43f8d3acfc772731a5c344cabcd52570,,,0.0,0.0,0.0,0.0,0.0,0,full,True
REIM (ACT + Detector + Recovery),192,8000234,metaworld,True,60,0.32911942200007616,0,0,0,0,0.1440802961587906,task_success_while_recovery_active_per_intervention,True,False,,a11b5c04c7157ee9f312c6d5ef2cd942f2051f8dda07ce3e24649c0ced491200,57ac5e7259f9e36fe4d487d0f69b7b13ade0c0aa4abbfe896ce2ee654b85d6b9,c5023b3d25031a103b9549b6e8c83ba09d69e708ef117c31128a38e03616e5d8,,,0.0,0.0,0.0,0.0,0.0,0,full,True
REIM (ACT + Detector + Recovery),193,8000235,metaworld,True,56,0.1291925519981305,1,1,1,48,0.3155618906021118,task_success_while_recovery_active_per_intervention,True,False,,c8ee0d6980ceabb12121f38d75bc52e4bb5b329ac78017acc21fcfb2878f834e,57ac5e7259f9e36fe4d487d0f69b7b13ade0c0aa4abbfe896ce2ee654b85d6b9,aba21ef1c98d0573e36116c9757115227fd3793cba96aea7eda95c2547314ca3,,,0.0,0.0,0.0,0.0,0.0,0,full,True
REIM (ACT + Detector + Recovery),194,8000236,metaworld,True,54,0.2922830179995799,0,0,0,0,0.1423380970954895,task_success_while_recovery_active_per_intervention,True,False,,9aa36ca4ad11794f103c4b4c8b691b1fb30a880ad426521bf91c92d940c27659,57ac5e7259f9e36fe4d487d0f69b7b13ade0c0aa4abbfe896ce2ee654b85d6b9,64ee837add19202e84553431fdab118462cf5265eeae19a4d044b5a6818f771d,,,0.0,0.0,0.0,0.0,0.0,0,full,True
REIM (ACT + Detector + Recovery),195,8000237,metaworld,True,56,0.12758276900058263,1,1,1,48,0.3155618906021118,task_success_while_recovery_active_per_intervention,True,False,,2a338465498ee30be6304104d2b71e7b99e9588fcc0bf27dc9dd2ab09f0c6836,57ac5e7259f9e36fe4d487d0f69b7b13ade0c0aa4abbfe896ce2ee654b85d6b9,aba21ef1c98d0573e36116c9757115227fd3793cba96aea7eda95c2547314ca3,,,0.0,0.0,0.0,0.0,0.0,0,full,True
REIM (ACT + Detector + Recovery),196,8000238,metaworld,True,55,0.15058477300044615,1,1,1,41,0.21204879879951477,task_success_while_recovery_active_per_intervention,True,False,,7724346742794662202a687b17dfde7f246ae539c6ec94cc3a6fb6de86c1d0dd,57ac5e7259f9e36fe4d487d0f69b7b13ade0c0aa4abbfe896ce2ee654b85d6b9,acfaed29b052207b47b4b7fa76672795fd08de3add8565db05f141de82ece90b,,,0.0,0.0,0.0,0.0,0.0,0,full,True
REIM (ACT + Detector + Recovery),197,8000239,metaworld,True,56,0.32260473600035766,0,0,0,0,0.1491069793701172,task_success_while_recovery_active_per_intervention,True,False,,6314020d1de7b06603112e9d5618b337974b4ab17a1b554ffc7726a7ae2cb3b7,57ac5e7259f9e36fe4d487d0f69b7b13ade0c0aa4abbfe896ce2ee654b85d6b9,6cb8d983459a8e57d4ae53a86da2394015cabba2d7c306dcaf7b14af979ca230,,,0.0,0.0,0.0,0.0,0.0,0,full,True
REIM (ACT + Detector + Recovery),198,8000240,metaworld,True,54,0.2926741369992669,0,0,0,0,0.09548734128475189,task_success_while_recovery_active_per_intervention,True,False,,d2e96a40e68e066bc92c9f23f9fa5b734b978c450bc9397b487958b87fb6cd9e,57ac5e7259f9e36fe4d487d0f69b7b13ade0c0aa4abbfe896ce2ee654b85d6b9,742509487aeb71d366f1ddafa1cb12db2f7cfefe17c4ca89c98cffb67c1c8619,,,0.0,0.0,0.0,0.0,0.0,0,full,True
REIM (ACT + Detector + Recovery),199,8000241,metaworld,True,51,0.2770585639991623,0,0,0,0,0.1820400357246399,task_success_while_recovery_active_per_intervention,True,False,,911921e8072dbc0e39326fc1d2662ae3dc37a6403c2fc4b9721260ee9fdc3fa9,57ac5e7259f9e36fe4d487d0f69b7b13ade0c0aa4abbfe896ce2ee654b85d6b9,5e1df472084de78052388a34f03cad3de438ca9b5dc801b5759dd57c66a7482a,,,0.0,0.0,0.0,0.0,0.0,0,full,True
ACT,0,8000042,metaworld,True,51,0.28322669999761274,0,0,0,0,0.0,,True,False,,715d5a0c7842079b83d9c16a76fd2de84c63f4f2195fb852c3a0605aacc68aea,5dab9ea09f41c6bcf76a778fec235e41b2ca78bc226d49a2cf5818fef53b3bc9,f82ceac6f8787ac22c378edc1f141cedcc86bf9309b43f1aff6633ae0a963abb,,,0.1,10.0,0.04000000000000001,0.0025000000000000005,0.010000000000000002,0,full,True
ACT,1,8000043,metaworld,True,58,0.3239173660003871,0,0,0,0,0.0,,True,False,,9d1d0c3c57b3832317e72769356f8964ec840f478e21f8222e9fdfcf992fbb77,5dab9ea09f41c6bcf76a778fec235e41b2ca78bc226d49a2cf5818fef53b3bc9,06d355d7aff3b944ab4199c02a94c63d062e5c414c0b195f7b232b607e0ab1ed,,,0.1,10.0,0.04000000000000001,0.0025000000000000005,0.010000000000000002,0,full,True
ACT,2,8000044,metaworld,True,57,0.3281265750010789,0,0,0,0,0.0,,True,False,,b7d3618db0381047d091e311b527d4c21ee99a8810d2b4c6fec6574179055ad0,5dab9ea09f41c6bcf76a778fec235e41b2ca78bc226d49a2cf5818fef53b3bc9,f6a9ed9055e00c868d6771022c2c557a6a48990bdacbed585d07cde857d4755a,,,0.1,10.0,0.04000000000000001,0.0025000000000000005,0.010000000000000002,0,full,True
ACT,3,8000045,metaworld,True,48,0.2710361440003908,0,0,0,0,0.0,,True,False,,888a39421625d6346901f0c77b1a63aee8cc32868474695bc0b38c4c100397d5,5dab9ea09f41c6bcf76a778fec235e41b2ca78bc226d49a2cf5818fef53b3bc9,5d73f28d4d24cdbcb36a5e5cd61ec1a82f7287ce56d88da8cea912ed757b164c,,,0.1,10.0,0.04000000000000001,0.0025000000000000005,0.010000000000000002,0,full,True
ACT,4,8000046,metaworld,True,47,0.26636607100226684,0,0,0,0,0.0,,True,False,,089d99c25cf97c736ab3675504f97f1b83d439e6e38ef08421b60a41c65746d8,5dab9ea09f41c6bcf76a778fec235e41b2ca78bc226d49a2cf5818fef53b3bc9,27e1ed8c670f23dae46752497e383610e58c248d638e3b9b707808a32ce33d4e,,,0.1,10.0,0.04000000000000001,0.0025000000000000005,0.010000000000000002,0,full,True
ACT,5,8000047,metaworld,True,52,0.29660361999776796,0,0,0,0,0.0,,True,False,,1b61b178e26a03b58864a6b2a2d894e3a3ca546d63d002a44b8f8447a82e5042,5dab9ea09f41c6bcf76a778fec235e41b2ca78bc226d49a2cf5818fef53b3bc9,38329c6b97bbe7d133bf007c22742dca5f0cd7258f8d7199135c6c2371ae591d,,,0.1,10.0,0.04000000000000001,0.0025000000000000005,0.010000000000000002,0,full,True
ACT,6,8000048,metaworld,True,54,0.30922412700238056,0,0,0,0,0.0,,True,False,,281c1c9499e07280975e4af52a9f4c4949ca64eeee90f06d4fd66707baf4d6e5,5dab9ea09f41c6bcf76a778fec235e41b2ca78bc226d49a2cf5818fef53b3bc9,aba21ef1c98d0573e36116c9757115227fd3793cba96aea7eda95c2547314ca3,,,0.1,10.0,0.04000000000000001,0.0025000000000000005,0.010000000000000002,0,full,True
ACT,7,8000049,metaworld,True,55,0.3112964460015064,0,0,0,0,0.0,,True,False,,529473c04f0b966c3a492d02f40fbd92e9c4af0876cbd85c0f3dced09d65b290,5dab9ea09f41c6bcf76a778fec235e41b2ca78bc226d49a2cf5818fef53b3bc9,4e97203f8ce1a96cef19545d4c4c300d0de39e4f94bd1941cef7ebc3dd48be02,,,0.1,10.0,0.04000000000000001,0.0025000000000000005,0.010000000000000002,0,full,True
ACT,8,8000050,metaworld,True,57,0.3275487589999102,0,0,0,0,0.0,,True,False,,339fc6fda71cc9a8fcd0c6eddf8b322fcd8e490f42c277344fc61d90f7307603,5dab9ea09f41c6bcf76a778fec235e41b2ca78bc226d49a2cf5818fef53b3bc9,64ee837add19202e84553431fdab118462cf5265eeae19a4d044b5a6818f771d,,,0.1,10.0,0.04000000000000001,0.0025000000000000005,0.010000000000000002,0,full,True
ACT,9,8000051,metaworld,True,56,0.3195847679999133,0,0,0,0,0.0,,True,False,,108ac2dba7d48e9a800837ad9dc76d09eaa3f9114122bb5198a184eb2cf8c001,5dab9ea09f41c6bcf76a778fec235e41b2ca78bc226d49a2cf5818fef53b3bc9,6cb8d983459a8e57d4ae53a86da2394015cabba2d7c306dcaf7b14af979ca230,,,0.1,10.0,0.04000000000000001,0.0025000000000000005,0.010000000000000002,0,full,True
ACT,10,8000052,metaworld,True,52,0.2974716190001345,0,0,0,0,0.0,,True,False,,672cce3315eff491d4a43ea3d745bfd6ad0abc362cb0b317738df505d0fee17c,5dab9ea09f41c6bcf76a778fec235e41b2ca78bc226d49a2cf5818fef53b3bc9,504c23f653f6cdee9d659d9320b164606b319d4f0e9cdf0f3a87e2fc7a98160a,,,0.1,10.0,0.04000000000000001,0.0025000000000000005,0.010000000000000002,0,full,True
ACT,11,8000053,metaworld,False,200,1.2528961099997105,0,0,0,0,0.0,,False,True,object_dropped,ce4882d32353b104c4e0b6270fba704e12c70f1a478bd811751abf0a9b5cd5b7,5dab9ea09f41c6bcf76a778fec235e41b2ca78bc226d49a2cf5818fef53b3bc9,06d355d7aff3b944ab4199c02a94c63d062e5c414c0b195f7b232b607e0ab1ed,,,0.1,10.0,0.04000000000000001,0.0025000000000000005,0.010000000000000002,0,full,True
ACT,12,8000054,metaworld,True,52,0.2968749779975042,0,0,0,0,0.0,,True,False,,52d057cf64d85364d6c670a2fdadb9f097cc55529c691f98067927da5006f750,5dab9ea09f41c6bcf76a778fec235e41b2ca78bc226d49a2cf5818fef53b3bc9,742509487aeb71d366f1ddafa1cb12db2f7cfefe17c4ca89c98cffb67c1c8619,,,0.1,10.0,0.04000000000000001,0.0025000000000000005,0.010000000000000002,0,full,True
ACT,13,8000055,metaworld,True,61,0.35462684499725583,0,0,0,0,0.0,,True,False,,8cea7666ad98998d9aa6a237e60cfb36d660a337f44a34a04ec215e056a4e998,5dab9ea09f41c6bcf76a778fec235e41b2ca78bc226d49a2cf5818fef53b3bc9,e216352c7f1c7392270c7c501bb599f2a46f420613a124fda0729ab88160cdf2,,,0.1,10.0,0.04000000000000001,0.0025000000000000005,0.010000000000000002,0,full,True
ACT,14,8000056,metaworld,True,56,0.3216239430003043,0,0,0,0,0.0,,True,False,,89545fb080e0ad86330bbc4f4d917ec8377edea020bde3c9be1e82eb160a743e,5dab9ea09f41c6bcf76a778fec235e41b2ca78bc226d49a2cf5818fef53b3bc9,64ee837add19202e84553431fdab118462cf5265eeae19a4d044b5a6818f771d,,,0.1,10.0,0.04000000000000001,0.0025000000000000005,0.010000000000000002,0,full,True
ACT,15,8000057,metaworld,True,49,0.27109780099999625,0,0,0,0,0.0,,True,False,,938a066ce5a3160b459415f4aed2e54a9428a9ca6ae066d48caa350926b4eef0,5dab9ea09f41c6bcf76a778fec235e41b2ca78bc226d49a2cf5818fef53b3bc9,c40fedd273cade53989af8adc3ca66d02f2d92ca4d97b2f6391a0dd0ab6dbca3,,,0.1,10.0,0.04000000000000001,0.0025000000000000005,0.010000000000000002,0,full,True
ACT,16,8000058,metaworld,True,58,0.3274956300010672,0,0,0,0,0.0,,True,False,,dd67c7dbaf96df43e31be6cfcde363eb618f3f2c884b340f20ae2f586783d938,5dab9ea09f41c6bcf76a778fec235e41b2ca78bc226d49a2cf5818fef53b3bc9,942fb6a87dc1e3eb7bf7bb111c97e7096138256b4a9a6b4c62a012fabe8bec38,,,0.1,10.0,0.04000000000000001,0.0025000000000000005,0.010000000000000002,0,full,True
ACT,17,8000059,metaworld,True,56,0.3140068769971549,0,0,0,0,0.0,,True,False,,e60ee6eb03dee313f38feb99186ee64223b8d924a4793ca2ac20d9f78726b282,5dab9ea09f41c6bcf76a778fec235e41b2ca78bc226d49a2cf5818fef53b3bc9,0f719f94ef165c0b816b8b10c3f4f5fcf802c9f5a25141035590310315749280,,,0.1,10.0,0.04000000000000001,0.0025000000000000005,0.010000000000000002,0,full,True
ACT,18,8000060,metaworld,True,57,0.32440987799782306,0,0,0,0,0.0,,True,False,,5d73dfb3971696fd8d08036c3847feb407bf1678b4ae3a25dec96cf3092aed48,5dab9ea09f41c6bcf76a778fec235e41b2ca78bc226d49a2cf5818fef53b3bc9,b8e45a2f8f553d53c6eef0305347f910b9999bcae6df6ccaf0eaee6ac864e670,,,0.1,10.0,0.04000000000000001,0.0025000000000000005,0.010000000000000002,0,full,True
ACT,19,8000061,metaworld,True,58,0.3429811000023619,0,0,0,0,0.0,,True,False,,429302392801008aad074e8ae48b15634d4d9ca2a0667ca7c173dbce120ccf66,5dab9ea09f41c6bcf76a778fec235e41b2ca78bc226d49a2cf5818fef53b3bc9,06d355d7aff3b944ab4199c02a94c63d062e5c414c0b195f7b232b607e0ab1ed,,,0.1,10.0,0.04000000000000001,0.0025000000000000005,0.010000000000000002,0,full,True
ACT,20,8000062,metaworld,True,52,0.29928135400041356,0,0,0,0,0.0,,True,False,,c629671c4ebd1d0156baa4dabdc6df72a3af04431ac6f4729d9509f5e3baeddf,5dab9ea09f41c6bcf76a778fec235e41b2ca78bc226d49a2cf5818fef53b3bc9,5e1df472084de78052388a34f03cad3de438ca9b5dc801b5759dd57c66a7482a,,,0.1,10.0,0.04000000000000001,0.0025000000000000005,0.010000000000000002,0,full,True
ACT,21,8000063,metaworld,True,56,0.3210849179995421,0,0,0,0,0.0,,True,False,,833f5048bfaa911d5690a63b313cbe94a589c4a0695bd6c5619c092b8ef59210,5dab9ea09f41c6bcf76a778fec235e41b2ca78bc226d49a2cf5818fef53b3bc9,0cda21f8ffacf0a1e40e7b0e858a8e2ddc276972106d4bced99d4404b4a13fd8,,,0.1,10.0,0.04000000000000001,0.0025000000000000005,0.010000000000000002,0,full,True
ACT,22,8000064,metaworld,True,56,0.3081060010008514,0,0,0,0,0.0,,True,False,,177b59cf33f11485480f37b11ba1fb2d4945101f9608562d48c269f7e8c3fcec,5dab9ea09f41c6bcf76a778fec235e41b2ca78bc226d49a2cf5818fef53b3bc9,6cb8d983459a8e57d4ae53a86da2394015cabba2d7c306dcaf7b14af979ca230,,,0.1,10.0,0.04000000000000001,0.0025000000000000005,0.010000000000000002,0,full,True
ACT,23,8000065,metaworld,False,200,1.227355284998339,0,0,0,0,0.0,,False,True,object_dropped,2d1c11ec2fd92cf3160f88474fbf9be848bc348b8b91c80b3ba5b8f7fd604fc0,5dab9ea09f41c6bcf76a778fec235e41b2ca78bc226d49a2cf5818fef53b3bc9,39001749c902e2ab9d015efb8c7644faffff99810b709d3203dc359d5eacdcbd,,,0.1,10.0,0.04000000000000001,0.0025000000000000005,0.010000000000000002,0,full,True
ACT,24,8000066,metaworld,True,54,0.33011796200298704,0,0,0,0,0.0,,True,False,,09688b0e20dc094afc58f92c2353d239493c415f74bf6e8f0b8fbdee18ee9a6e,5dab9ea09f41c6bcf76a778fec235e41b2ca78bc226d49a2cf5818fef53b3bc9,56b7f182edcfeefa9301e1edd53d7f36e4418de7e6df1b54b0f0c298cde1b3cd,,,0.1,10.0,0.04000000000000001,0.0025000000000000005,0.010000000000000002,0,full,True
ACT,25,8000067,metaworld,True,61,0.3299324359977618,0,0,0,0,0.0,,True,False,,dddf935bf2815116145232466cbc0d53c3c38237dcecd8b20558502907f72027,5dab9ea09f41c6bcf76a778fec235e41b2ca78bc226d49a2cf5818fef53b3bc9,e216352c7f1c7392270c7c501bb599f2a46f420613a124fda0729ab88160cdf2,,,0.1,10.0,0.04000000000000001,0.0025000000000000005,0.010000000000000002,0,full,True
ACT,26,8000068,metaworld,True,52,0.27982732000236865,0,0,0,0,0.0,,True,False,,fc5e73a887f8588ad9990f9826d0987607cad2b949d72f337d62de5114cd5fb4,5dab9ea09f41c6bcf76a778fec235e41b2ca78bc226d49a2cf5818fef53b3bc9,2eb279a724955c1a9d173681940490ec9cc8ed4fdc15a95533884a23d4ccdb4e,,,0.1,10.0,0.04000000000000001,0.0025000000000000005,0.010000000000000002,0,full,True
ACT,27,8000069,metaworld,True,50,0.2677610740029195,0,0,0,0,0.0,,True,False,,5c87136df39ffc251ba7c7988e18939d9af6e6a9b0afa03331df9d6ddce75d31,5dab9ea09f41c6bcf76a778fec235e41b2ca78bc226d49a2cf5818fef53b3bc9,15a9adece7ebea14bdf37f5376e274c6dce4711281025cf35060933ba9ab8ad3,,,0.1,10.0,0.04000000000000001,0.0025000000000000005,0.010000000000000002,0,full,True
ACT,28,8000070,metaworld,True,47,0.2526499129999138,0,0,0,0,0.0,,True,False,,14e3a3d33aa45144c8d030c7506934553669957b994cd87a9d87118d26b543dd,5dab9ea09f41c6bcf76a778fec235e41b2ca78bc226d49a2cf5818fef53b3bc9,5d73f28d4d24cdbcb36a5e5cd61ec1a82f7287ce56d88da8cea912ed757b164c,,,0.1,10.0,0.04000000000000001,0.0025000000000000005,0.010000000000000002,0,full,True
ACT,29,8000071,metaworld,True,51,0.27025642799708294,0,0,0,0,0.0,,True,False,,d9154f9f0c3577155dfd7f855d92a89c62fbb2184baaa6fc021b9cd288989e67,5dab9ea09f41c6bcf76a778fec235e41b2ca78bc226d49a2cf5818fef53b3bc9,5e1df472084de78052388a34f03cad3de438ca9b5dc801b5759dd57c66a7482a,,,0.1,10.0,0.04000000000000001,0.0025000000000000005,0.010000000000000002,0,full,True
ACT,30,8000072,metaworld,True,57,0.2971597060022759,0,0,0,0,0.0,,True,False,,f9a0c0ca294deb143be54ec3b9921a4133d6c6e3592e65af706c96c7565a8ad7,5dab9ea09f41c6bcf76a778fec235e41b2ca78bc226d49a2cf5818fef53b3bc9,aba21ef1c98d0573e36116c9757115227fd3793cba96aea7eda95c2547314ca3,,,0.1,10.0,0.04000000000000001,0.0025000000000000005,0.010000000000000002,0,full,True
ACT,31,8000073,metaworld,True,57,0.2986620679985208,0,0,0,0,0.0,,True,False,,954ee3f5b21273c07baa84969470f15bb08077e5741c5e18ba9b5bb2ddcfc13a,5dab9ea09f41c6bcf76a778fec235e41b2ca78bc226d49a2cf5818fef53b3bc9,b8e45a2f8f553d53c6eef0305347f910b9999bcae6df6ccaf0eaee6ac864e670,,,0.1,10.0,0.04000000000000001,0.0025000000000000005,0.010000000000000002,0,full,True
ACT,32,8000074,metaworld,True,56,0.3007479500010959,0,0,0,0,0.0,,True,False,,e8edd1ea15cd99fa07c29b31ee7ae2c65288447f2cf3f5ffc6ca1dfc7338e032,5dab9ea09f41c6bcf76a778fec235e41b2ca78bc226d49a2cf5818fef53b3bc9,ba19e0623fe05add91e00811bacb33e27305f5fcb6549be6f6278ebce6046101,,,0.1,10.0,0.04000000000000001,0.0025000000000000005,0.010000000000000002,0,full,True
ACT,33,8000075,metaworld,True,58,0.30957761100216885,0,0,0,0,0.0,,True,False,,3eeaf09d60fff23a57f3df1ca350b63ee1b148363d1ae981d992d3d5ee52c772,5dab9ea09f41c6bcf76a778fec235e41b2ca78bc226d49a2cf5818fef53b3bc9,8a99d46d6d04afe3e2ef92bb607dde5e178b5c37506006c4f364e345976453b1,,,0.1,10.0,0.04000000000000001,0.0025000000000000005,0.010000000000000002,0,full,True
ACT,34,8000076,metaworld,True,56,0.29898641999898246,0,0,0,0,0.0,,True,False,,85ba53f3cddb9b6b56d17002c185f9def3435e9916c385febc085c98dcd49a92,5dab9ea09f41c6bcf76a778fec235e41b2ca78bc226d49a2cf5818fef53b3bc9,4e97203f8ce1a96cef19545d4c4c300d0de39e4f94bd1941cef7ebc3dd48be02,,,0.1,10.0,0.04000000000000001,0.0025000000000000005,0.010000000000000002,0,full,True
ACT,35,8000077,metaworld,True,58,0.30646133499976713,0,0,0,0,0.0,,True,False,,c13bb984bf266057025c2ea8b3c782308eb97499654db35f91f4466aaee41034,5dab9ea09f41c6bcf76a778fec235e41b2ca78bc226d49a2cf5818fef53b3bc9,06d355d7aff3b944ab4199c02a94c63d062e5c414c0b195f7b232b607e0ab1ed,,,0.1,10.0,0.04000000000000001,0.0025000000000000005,0.010000000000000002,0,full,True
ACT,36,8000078,metaworld,True,61,0.314187721000053,0,0,0,0,0.0,,True,False,,2e5937a787e711a198058bf2c3e87857cb7f20e630c54201ff138be382f40877,5dab9ea09f41c6bcf76a778fec235e41b2ca78bc226d49a2cf5818fef53b3bc9,39001749c902e2ab9d015efb8c7644faffff99810b709d3203dc359d5eacdcbd,,,0.1,10.0,0.04000000000000001,0.0025000000000000005,0.010000000000000002,0,full,True
ACT,37,8000079,metaworld,False,200,0.998076850999496,0,0,0,0,0.0,,False,True,object_dropped,3ff2fa6aa9f3b0c7ad4da5fdf196a0347ef63594f9ffb0187b31e995ee046cd1,5dab9ea09f41c6bcf76a778fec235e41b2ca78bc226d49a2cf5818fef53b3bc9,8a99d46d6d04afe3e2ef92bb607dde5e178b5c37506006c4f364e345976453b1,,,0.1,10.0,0.04000000000000001,0.0025000000000000005,0.010000000000000002,0,full,True
ACT,38,8000080,metaworld,True,48,0.24295720800000709,0,0,0,0,0.0,,True,False,,8d48c7d45c8a34cabe63e571f38919b536801c61a0009739d0a28cad9b6ecf57,5dab9ea09f41c6bcf76a778fec235e41b2ca78bc226d49a2cf5818fef53b3bc9,5d73f28d4d24cdbcb36a5e5cd61ec1a82f7287ce56d88da8cea912ed757b164c,,,0.1,10.0,0.04000000000000001,0.0025000000000000005,0.010000000000000002,0,full,True
ACT,39,8000081,metaworld,True,59,0.29915121200247086,0,0,0,0,0.0,,True,False,,439a781f6027cb12b1e4c9e54f81adc57d67bad15bbea60200b2c2c6c3ce55e0,5dab9ea09f41c6bcf76a778fec235e41b2ca78bc226d49a2cf5818fef53b3bc9,a8cfe6e2276fbd15230c5555255b87d17333bdd29f84f687df7405d0311fae7f,,,0.1,10.0,0.04000000000000001,0.0025000000000000005,0.010000000000000002,0,full,True
ACT,40,8000082,metaworld,True,52,0.25787761799801956,0,0,0,0,0.0,,True,False,,8c46f64bf9d5a2c1bad9da76fd5024e91138c6595819c3876c219ea28fc9fce4,5dab9ea09f41c6bcf76a778fec235e41b2ca78bc226d49a2cf5818fef53b3bc9,f82ceac6f8787ac22c378edc1f141cedcc86bf9309b43f1aff6633ae0a963abb,,,0.1,10.0,0.04000000000000001,0.0025000000000000005,0.010000000000000002,0,full,True
ACT,41,8000083,metaworld,True,57,0.2810638499977358,0,0,0,0,0.0,,True,False,,c04387c7d0ee1c00977fe03ed3a685a660088bfd0b8b22221c9547334d90d027,5dab9ea09f41c6bcf76a778fec235e41b2ca78bc226d49a2cf5818fef53b3bc9,4e97203f8ce1a96cef19545d4c4c300d0de39e4f94bd1941cef7ebc3dd48be02,,,0.1,10.0,0.04000000000000001,0.0025000000000000005,0.010000000000000002,0,full,True
ACT,42,8000084,metaworld,True,48,0.2357700209977338,0,0,0,0,0.0,,True,False,,dc6bbaf50386be35e409a89b992e717a34907acccc351974ff797d86b5e8232c,5dab9ea09f41c6bcf76a778fec235e41b2ca78bc226d49a2cf5818fef53b3bc9,5d73f28d4d24cdbcb36a5e5cd61ec1a82f7287ce56d88da8cea912ed757b164c,,,0.1,10.0,0.04000000000000001,0.0025000000000000005,0.010000000000000002,0,full,True
ACT,43,8000085,metaworld,True,52,0.2571906160010258,0,0,0,0,0.0,,True,False,,d1ab2a45af9ee28c746c81139742b8405ec5acda2d0a46eb09de07a6fdafe2da,5dab9ea09f41c6bcf76a778fec235e41b2ca78bc226d49a2cf5818fef53b3bc9,aba21ef1c98d0573e36116c9757115227fd3793cba96aea7eda95c2547314ca3,,,0.1,10.0,0.04000000000000001,0.0025000000000000005,0.010000000000000002,0,full,True
ACT,44,8000086,metaworld,True,48,0.23508429499997874,0,0,0,0,0.0,,True,False,,f7d68082a51cfb15f74da5e0575b2bc9474af7c4b2c46da5bb487bc14a8a202b,5dab9ea09f41c6bcf76a778fec235e41b2ca78bc226d49a2cf5818fef53b3bc9,27e1ed8c670f23dae46752497e383610e58c248d638e3b9b707808a32ce33d4e,,,0.1,10.0,0.04000000000000001,0.0025000000000000005,0.010000000000000002,0,full,True
ACT,45,8000087,metaworld,True,55,0.28442608499972266,0,0,0,0,0.0,,True,False,,4d60860cf7fd27908341afedca6951e710e4b91f73771b6d347ccfa13e3fafe0,5dab9ea09f41c6bcf76a778fec235e41b2ca78bc226d49a2cf5818fef53b3bc9,ba19e0623fe05add91e00811bacb33e27305f5fcb6549be6f6278ebce6046101,,,0.1,10.0,0.04000000000000001,0.0025000000000000005,0.010000000000000002,0,full,True
ACT,46,8000088,metaworld,True,61,0.3077208200011228,0,0,0,0,0.0,,True,False,,46c48ce627a82377d099328202800b0dc668120233e4a58e8185ffc504833799,5dab9ea09f41c6bcf76a778fec235e41b2ca78bc226d49a2cf5818fef53b3bc9,e216352c7f1c7392270c7c501bb599f2a46f420613a124fda0729ab88160cdf2,,,0.1,10.0,0.04000000000000001,0.0025000000000000005,0.010000000000000002,0,full,True
ACT,47,8000089,metaworld,True,52,0.2470607459981693,0,0,0,0,0.0,,True,False,,fda8bdf5712ac7b504e8cda490010657f3907a1a0d2dc09b006d3ee85ebff774,5dab9ea09f41c6bcf76a778fec235e41b2ca78bc226d49a2cf5818fef53b3bc9,f82ceac6f8787ac22c378edc1f141cedcc86bf9309b43f1aff6633ae0a963abb,,,0.1,10.0,0.04000000000000001,0.0025000000000000005,0.010000000000000002,0,full,True
ACT,48,8000090,metaworld,True,58,0.27138101500167977,0,0,0,0,0.0,,True,False,,10686c1f158c98928a625256706d927ae92046f4209c3891b79a9acb6d5d5747,5dab9ea09f41c6bcf76a778fec235e41b2ca78bc226d49a2cf5818fef53b3bc9,b8e45a2f8f553d53c6eef0305347f910b9999bcae6df6ccaf0eaee6ac864e670,,,0.1,10.0,0.04000000000000001,0.0025000000000000005,0.010000000000000002,0,full,True
ACT,49,8000091,metaworld,True,50,0.23341950600297423,0,0,0,0,0.0,,True,False,,fda3d895af4ac39d1222fe0101537200edb8d6a482193455db7f8d448a17cacf,5dab9ea09f41c6bcf76a778fec235e41b2ca78bc226d49a2cf5818fef53b3bc9,c40fedd273cade53989af8adc3ca66d02f2d92ca4d97b2f6391a0dd0ab6dbca3,,,0.1,10.0,0.04000000000000001,0.0025000000000000005,0.010000000000000002,0,full,True
ACT,50,8000092,metaworld,True,57,0.2705726899985166,0,0,0,0,0.0,,True,False,,462e0bac3e6455ba7384582f0d4c5985117c910fed74afb90ec69fab7bb6862a,5dab9ea09f41c6bcf76a778fec235e41b2ca78bc226d49a2cf5818fef53b3bc9,48ce9609a38b32e56f7e6a43ffef71c21c8b1d17ed5a63d47701bc1dfc3ff271,,,0.1,10.0,0.04000000000000001,0.0025000000000000005,0.010000000000000002,0,full,True
ACT,51,8000093,metaworld,True,51,0.24015481300011743,0,0,0,0,0.0,,True,False,,350fe16aeff254492e9752ffc78be3d5d2b512542886e4cd3b58a23d0865a366,5dab9ea09f41c6bcf76a778fec235e41b2ca78bc226d49a2cf5818fef53b3bc9,2ad5907877cc42b4447b9630988e3a1f0da0d83e1f696f71e22dc69905e631b6,,,0.1,10.0,0.04000000000000001,0.0025000000000000005,0.010000000000000002,0,full,True
ACT,52,8000094,metaworld,True,58,0.2747477330012771,0,0,0,0,0.0,,True,False,,f283c497b6301748d0eba4142077244b4d374178ac2e853dffc0ec9150153d8e,5dab9ea09f41c6bcf76a778fec235e41b2ca78bc226d49a2cf5818fef53b3bc9,8a99d46d6d04afe3e2ef92bb607dde5e178b5c37506006c4f364e345976453b1,,,0.1,10.0,0.04000000000000001,0.0025000000000000005,0.010000000000000002,0,full,True
ACT,53,8000095,metaworld,True,55,0.25990964700031327,0,0,0,0,0.0,,True,False,,a1684eeccf43d51f4027e9a6806302eb46cb7748143035fec77f3bab857a3446,5dab9ea09f41c6bcf76a778fec235e41b2ca78bc226d49a2cf5818fef53b3bc9,942fb6a87dc1e3eb7bf7bb111c97e7096138256b4a9a6b4c62a012fabe8bec38,,,0.1,10.0,0.04000000000000001,0.0025000000000000005,0.010000000000000002,0,full,True
ACT,54,8000096,metaworld,True,57,0.268219929002953,0,0,0,0,0.0,,True,False,,000551a7b0d1fe4f31487512fd48fa403af5cba70a4ebfcf1b0a8b41cb5e291b,5dab9ea09f41c6bcf76a778fec235e41b2ca78bc226d49a2cf5818fef53b3bc9,4e97203f8ce1a96cef19545d4c4c300d0de39e4f94bd1941cef7ebc3dd48be02,,,0.1,10.0,0.04000000000000001,0.0025000000000000005,0.010000000000000002,0,full,True
ACT,55,8000097,metaworld,True,53,0.24562925799909863,0,0,0,0,0.0,,True,False,,0ab65985fabd8e782c901ffbd541be42ec887eeb2ec96c6fe1da1826261c8e25,5dab9ea09f41c6bcf76a778fec235e41b2ca78bc226d49a2cf5818fef53b3bc9,742509487aeb71d366f1ddafa1cb12db2f7cfefe17c4ca89c98cffb67c1c8619,,,0.1,10.0,0.04000000000000001,0.0025000000000000005,0.010000000000000002,0,full,True
ACT,56,8000098,metaworld,True,49,0.2280837979997159,0,0,0,0,0.0,,True,False,,348437ccbc57c46c322a8750a207a86ce296cd01759fa516f07b39b787fada4e,5dab9ea09f41c6bcf76a778fec235e41b2ca78bc226d49a2cf5818fef53b3bc9,08a97a6dfa17f78b5cc5b1351d60038e4a40a68fc93722672482714333b1d9b5,,,0.1,10.0,0.04000000000000001,0.0025000000000000005,0.010000000000000002,0,full,True
ACT,57,8000099,metaworld,True,50,0.23198096499982057,0,0,0,0,0.0,,True,False,,4569bf5d8a00341102a48600b7bf440af2f33caa4484202934cb48166c099835,5dab9ea09f41c6bcf76a778fec235e41b2ca78bc226d49a2cf5818fef53b3bc9,35203d16cfa98b5f2e002fcb1ffde2400abf9459c161f6a289efa0c46eddb36f,,,0.1,10.0,0.04000000000000001,0.0025000000000000005,0.010000000000000002,0,full,True
ACT,58,8000100,metaworld,True,55,0.2587068069988163,0,0,0,0,0.0,,True,False,,a2f1e4553ba96b7cc464603c077cf29ce6633850c0e71c3f1a332c11fa938e48,5dab9ea09f41c6bcf76a778fec235e41b2ca78bc226d49a2cf5818fef53b3bc9,64ee837add19202e84553431fdab118462cf5265eeae19a4d044b5a6818f771d,,,0.1,10.0,0.04000000000000001,0.0025000000000000005,0.010000000000000002,0,full,True
ACT,59,8000101,metaworld,False,200,0.9898499490009272,0,0,0,0,0.0,,False,True,object_dropped,b24d52f1f615a45cb19131c5e0e7ad85c35e1f20d114b7b3357f9f0a7ff77003,5dab9ea09f41c6bcf76a778fec235e41b2ca78bc226d49a2cf5818fef53b3bc9,06d355d7aff3b944ab4199c02a94c63d062e5c414c0b195f7b232b607e0ab1ed,,,0.1,10.0,0.04000000000000001,0.0025000000000000005,0.010000000000000002,0,full,True
ACT,60,8000102,metaworld,True,48,0.2469534499978181,0,0,0,0,0.0,,True,False,,dd5a2492f45415f08c429d54c416123a26b05fb8af0192947dd8e7c7e5936ac7,5dab9ea09f41c6bcf76a778fec235e41b2ca78bc226d49a2cf5818fef53b3bc9,08a97a6dfa17f78b5cc5b1351d60038e4a40a68fc93722672482714333b1d9b5,,,0.1,10.0,0.04000000000000001,0.0025000000000000005,0.010000000000000002,0,full,True
ACT,61,8000103,metaworld,True,53,0.24430747099904693,0,0,0,0,0.0,,True,False,,70a7dccf257d715dfc9d8a760b1e54c973c0c43364444d4f2623acf8bddcfd9a,5dab9ea09f41c6bcf76a778fec235e41b2ca78bc226d49a2cf5818fef53b3bc9,0f719f94ef165c0b816b8b10c3f4f5fcf802c9f5a25141035590310315749280,,,0.1,10.0,0.04000000000000001,0.0025000000000000005,0.010000000000000002,0,full,True
ACT,62,8000104,metaworld,True,49,0.22544158500022604,0,0,0,0,0.0,,True,False,,3884e9427c4fcfb2bbc049b2037c89ce4e79f6dd0b56c68500fc112ef7751415,5dab9ea09f41c6bcf76a778fec235e41b2ca78bc226d49a2cf5818fef53b3bc9,35203d16cfa98b5f2e002fcb1ffde2400abf9459c161f6a289efa0c46eddb36f,,,0.1,10.0,0.04000000000000001,0.0025000000000000005,0.010000000000000002,0,full,True
ACT,63,8000105,metaworld,True,55,0.26168227000016486,0,0,0,0,0.0,,True,False,,8366d18da227c1c7e5a1da1695f8200da490b6c4e46b620d2c23d24bd00db709,5dab9ea09f41c6bcf76a778fec235e41b2ca78bc226d49a2cf5818fef53b3bc9,4e97203f8ce1a96cef19545d4c4c300d0de39e4f94bd1941cef7ebc3dd48be02,,,0.1,10.0,0.04000000000000001,0.0025000000000000005,0.010000000000000002,0,full,True
ACT,64,8000106,metaworld,True,58,0.2781973040000594,0,0,0,0,0.0,,True,False,,85a453e6b6fb6f67ffbcc5acee7b8bb0910d5032612e1673e983fdc35489d156,5dab9ea09f41c6bcf76a778fec235e41b2ca78bc226d49a2cf5818fef53b3bc9,06d355d7aff3b944ab4199c02a94c63d062e5c414c0b195f7b232b607e0ab1ed,,,0.1,10.0,0.04000000000000001,0.0025000000000000005,0.010000000000000002,0,full,True
ACT,65,8000107,metaworld,True,58,0.27528067599996575,0,0,0,0,0.0,,True,False,,c3e9f12b2862dbd318dbcfb2a492a5f686170276ba10d42381272d87a04dccc3,5dab9ea09f41c6bcf76a778fec235e41b2ca78bc226d49a2cf5818fef53b3bc9,0cda21f8ffacf0a1e40e7b0e858a8e2ddc276972106d4bced99d4404b4a13fd8,,,0.1,10.0,0.04000000000000001,0.0025000000000000005,0.010000000000000002,0,full,True
ACT,66,8000108,metaworld,True,50,0.23785336299988558,0,0,0,0,0.0,,True,False,,4ab299410ad1a39a3205269c754ff099b23f3121a886292c54ab376c95bf465e,5dab9ea09f41c6bcf76a778fec235e41b2ca78bc226d49a2cf5818fef53b3bc9,2ad5907877cc42b4447b9630988e3a1f0da0d83e1f696f71e22dc69905e631b6,,,0.1,10.0,0.04000000000000001,0.0025000000000000005,0.010000000000000002,0,full,True
ACT,67,8000109,metaworld,True,59,0.27737182199780364,0,0,0,0,0.0,,True,False,,8f2e49a3503657c887662e31ee357361eef2a88e629025a29183643c526fc202,5dab9ea09f41c6bcf76a778fec235e41b2ca78bc226d49a2cf5818fef53b3bc9,a8cfe6e2276fbd15230c5555255b87d17333bdd29f84f687df7405d0311fae7f,,,0.1,10.0,0.04000000000000001,0.0025000000000000005,0.010000000000000002,0,full,True
ACT,68,8000110,metaworld,True,54,0.24929780599995865,0,0,0,0,0.0,,True,False,,61a1caefe8c765ccb35e56b3f8d3062cb104c02578b7a861fe631f20acea4df6,5dab9ea09f41c6bcf76a778fec235e41b2ca78bc226d49a2cf5818fef53b3bc9,0f719f94ef165c0b816b8b10c3f4f5fcf802c9f5a25141035590310315749280,,,0.1,10.0,0.04000000000000001,0.0025000000000000005,0.010000000000000002,0,full,True
ACT,69,8000111,metaworld,True,56,0.2634105970028031,0,0,0,0,0.0,,True,False,,5332947db45f344bee20d083ef9591146a264b4de4806f7d408a6aa1c0787a54,5dab9ea09f41c6bcf76a778fec235e41b2ca78bc226d49a2cf5818fef53b3bc9,3183afb500ebb9a5af177cccb5b5889a8321eb35261f8ec571269f8b5ed9cd1a,,,0.1,10.0,0.04000000000000001,0.0025000000000000005,0.010000000000000002,0,full,True
ACT,70,8000112,metaworld,True,58,0.26844716999767115,0,0,0,0,0.0,,True,False,,9e21b27e95cfa412491bb6a99b6a14b673fcb548b893f324ea461ffe41903958,5dab9ea09f41c6bcf76a778fec235e41b2ca78bc226d49a2cf5818fef53b3bc9,a8cfe6e2276fbd15230c5555255b87d17333bdd29f84f687df7405d0311fae7f,,,0.1,10.0,0.04000000000000001,0.0025000000000000005,0.010000000000000002,0,full,True
ACT,71,8000113,metaworld,True,55,0.2694640519985114,0,0,0,0,0.0,,True,False,,68a57b642829e679ebd9ae95b44ecae4a746deb323b8a643aa19d7df5e6274ec,5dab9ea09f41c6bcf76a778fec235e41b2ca78bc226d49a2cf5818fef53b3bc9,f82ceac6f8787ac22c378edc1f141cedcc86bf9309b43f1aff6633ae0a963abb,,,0.1,10.0,0.04000000000000001,0.0025000000000000005,0.010000000000000002,0,full,True
ACT,72,8000114,metaworld,True,47,0.22626868299994385,0,0,0,0,0.0,,True,False,,1c2f06a4dc22a6bd9450e07889cf4eba6d82b75baa0768129fc421be026ef23e,5dab9ea09f41c6bcf76a778fec235e41b2ca78bc226d49a2cf5818fef53b3bc9,e6e55bdbd77dc052facbc072d20b08a21d116978c37627b9a3d9dc7989dfbe62,,,0.1,10.0,0.04000000000000001,0.0025000000000000005,0.010000000000000002,0,full,True
ACT,73,8000115,metaworld,True,60,0.2975860120022844,0,0,0,0,0.0,,True,False,,7818f145854900f63172d1ef3aff0575f558f0e42b46e275969f731c5be5d387,5dab9ea09f41c6bcf76a778fec235e41b2ca78bc226d49a2cf5818fef53b3bc9,1c856fdcb5da12c3fa2d15b38741aa980fa3a47e64fb99f8635817590128f9ea,,,0.1,10.0,0.04000000000000001,0.0025000000000000005,0.010000000000000002,0,full,True
ACT,74,8000116,metaworld,True,47,0.22608095100076753,0,0,0,0,0.0,,True,False,,9a39bb551845e8590393cdeb066e039666c2dec4bca88f736573961999a8fdca,5dab9ea09f41c6bcf76a778fec235e41b2ca78bc226d49a2cf5818fef53b3bc9,27e1ed8c670f23dae46752497e383610e58c248d638e3b9b707808a32ce33d4e,,,0.1,10.0,0.04000000000000001,0.0025000000000000005,0.010000000000000002,0,full,True
ACT,75,8000117,metaworld,True,55,0.26800335599909886,0,0,0,0,0.0,,True,False,,a1e92124789f357fa38c418aecf6fea179ed635d86695b849d2f361b77bd5b96,5dab9ea09f41c6bcf76a778fec235e41b2ca78bc226d49a2cf5818fef53b3bc9,3183afb500ebb9a5af177cccb5b5889a8321eb35261f8ec571269f8b5ed9cd1a,,,0.1,10.0,0.04000000000000001,0.0025000000000000005,0.010000000000000002,0,full,True
ACT,76,8000118,metaworld,True,51,0.2533753309980966,0,0,0,0,0.0,,True,False,,7d4747cc28edbe0e6364e09783cf1a15ef90442318304d746c3f3f665e213990,5dab9ea09f41c6bcf76a778fec235e41b2ca78bc226d49a2cf5818fef53b3bc9,acfaed29b052207b47b4b7fa76672795fd08de3add8565db05f141de82ece90b,,,0.1,10.0,0.04000000000000001,0.0025000000000000005,0.010000000000000002,0,full,True
ACT,77,8000119,metaworld,True,52,0.25555916800294654,0,0,0,0,0.0,,True,False,,a7f27e3d58eaa9f35a4a6d9bc49e4cf9036cc3178b7b661d8d5f583b7f2493a6,5dab9ea09f41c6bcf76a778fec235e41b2ca78bc226d49a2cf5818fef53b3bc9,7c3391ee418e26d47c002810bc00065e4dd0b6728c969d2338ad549ad01ebb0a,,,0.1,10.0,0.04000000000000001,0.0025000000000000005,0.010000000000000002,0,full,True
ACT,78,8000120,metaworld,True,54,0.26375977699717623,0,0,0,0,0.0,,True,False,,6a1f0b000328653d1877be00c2f61d50c183d03b1e80c41d97df4727b8d5c649,5dab9ea09f41c6bcf76a778fec235e41b2ca78bc226d49a2cf5818fef53b3bc9,64ee837add19202e84553431fdab118462cf5265eeae19a4d044b5a6818f771d,,,0.1,10.0,0.04000000000000001,0.0025000000000000005,0.010000000000000002,0,full,True
ACT,79,8000121,metaworld,True,57,0.27609197399942786,0,0,0,0,0.0,,True,False,,f6046eb80b214347943853c39917e09f0a4be43eeff1d4bacd42f250ffd53943,5dab9ea09f41c6bcf76a778fec235e41b2ca78bc226d49a2cf5818fef53b3bc9,25805a097f1f4b8c203ec3c130dcd3e66b5fb3ad298114a08662aae6c86fa673,,,0.1,10.0,0.04000000000000001,0.0025000000000000005,0.010000000000000002,0,full,True
ACT,80,8000122,metaworld,True,56,0.2708327830005146,0,0,0,0,0.0,,True,False,,258a20b5c7bea60a4b5b61933377348f7b7d2dc96dc1af1c63f89efc774526f6,5dab9ea09f41c6bcf76a778fec235e41b2ca78bc226d49a2cf5818fef53b3bc9,2eb279a724955c1a9d173681940490ec9cc8ed4fdc15a95533884a23d4ccdb4e,,,0.1,10.0,0.04000000000000001,0.0025000000000000005,0.010000000000000002,0,full,True
ACT,81,8000123,metaworld,True,55,0.26838180999766337,0,0,0,0,0.0,,True,False,,45c615655865d195c6dd02c7b92cb2782a8f58154bdaa23b87dfa9964479ae14,5dab9ea09f41c6bcf76a778fec235e41b2ca78bc226d49a2cf5818fef53b3bc9,25805a097f1f4b8c203ec3c130dcd3e66b5fb3ad298114a08662aae6c86fa673,,,0.1,10.0,0.04000000000000001,0.0025000000000000005,0.010000000000000002,0,full,True
ACT,82,8000124,metaworld,True,50,0.24593277399981162,0,0,0,0,0.0,,True,False,,b4df63a1f7a48698f31a11ac384e298f69482955b9dda9eafc9f8b066b30eb79,5dab9ea09f41c6bcf76a778fec235e41b2ca78bc226d49a2cf5818fef53b3bc9,bb2c6b1aed959fa3ddddb1c215ce67cbb5b0ec080eb65fb58e06b7776849a096,,,0.1,10.0,0.04000000000000001,0.0025000000000000005,0.010000000000000002,0,full,True
ACT,83,8000125,metaworld,True,49,0.23460122699907515,0,0,0,0,0.0,,True,False,,9e96247f1bb2f6a01c0b08145b3674a16afa09382a5a1549a9479d70d1f7d11a,5dab9ea09f41c6bcf76a778fec235e41b2ca78bc226d49a2cf5818fef53b3bc9,08a97a6dfa17f78b5cc5b1351d60038e4a40a68fc93722672482714333b1d9b5,,,0.1,10.0,0.04000000000000001,0.0025000000000000005,0.010000000000000002,0,full,True
ACT,84,8000126,metaworld,True,55,0.2664108999997552,0,0,0,0,0.0,,True,False,,09bf8116666e73557f92c6820f218590c32c90f3ba103d0a19d61bbf05a3031b,5dab9ea09f41c6bcf76a778fec235e41b2ca78bc226d49a2cf5818fef53b3bc9,25805a097f1f4b8c203ec3c130dcd3e66b5fb3ad298114a08662aae6c86fa673,,,0.1,10.0,0.04000000000000001,0.0025000000000000005,0.010000000000000002,0,full,True
ACT,85,8000127,metaworld,True,59,0.28529350299868383,0,0,0,0,0.0,,True,False,,f43885354226ac679bed113897e89e361b391dc6f505cc790ae1e9d3de9a498e,5dab9ea09f41c6bcf76a778fec235e41b2ca78bc226d49a2cf5818fef53b3bc9,1c856fdcb5da12c3fa2d15b38741aa980fa3a47e64fb99f8635817590128f9ea,,,0.1,10.0,0.04000000000000001,0.0025000000000000005,0.010000000000000002,0,full,True
ACT,86,8000128,metaworld,True,53,0.2564010160022008,0,0,0,0,0.0,,True,False,,726d338e1454a01d064f5f04569d8aa068b21b1b312b6d64125ec654129a579a,5dab9ea09f41c6bcf76a778fec235e41b2ca78bc226d49a2cf5818fef53b3bc9,5e1df472084de78052388a34f03cad3de438ca9b5dc801b5759dd57c66a7482a,,,0.1,10.0,0.04000000000000001,0.0025000000000000005,0.010000000000000002,0,full,True
ACT,87,8000129,metaworld,True,59,0.29803766799886944,0,0,0,0,0.0,,True,False,,69ed15ea45317a6c7c211c9b6742cb291a6b0a69100d675eeeaae77ae4138238,5dab9ea09f41c6bcf76a778fec235e41b2ca78bc226d49a2cf5818fef53b3bc9,1c856fdcb5da12c3fa2d15b38741aa980fa3a47e64fb99f8635817590128f9ea,,,0.1,10.0,0.04000000000000001,0.0025000000000000005,0.010000000000000002,0,full,True
ACT,88,8000130,metaworld,True,55,0.27906535000147414,0,0,0,0,0.0,,True,False,,085e0f243b6b425f1f67ddf6e4dccebd55082d6037b6075dd993de7882e7a42e,5dab9ea09f41c6bcf76a778fec235e41b2ca78bc226d49a2cf5818fef53b3bc9,942fb6a87dc1e3eb7bf7bb111c97e7096138256b4a9a6b4c62a012fabe8bec38,,,0.1,10.0,0.04000000000000001,0.0025000000000000005,0.010000000000000002,0,full,True
ACT,89,8000131,metaworld,True,55,0.28085511199969915,0,0,0,0,0.0,,True,False,,0a193efe7759c14f8e4a00508697d1e6346544784833199c025cac26c96d5f68,5dab9ea09f41c6bcf76a778fec235e41b2ca78bc226d49a2cf5818fef53b3bc9,0f719f94ef165c0b816b8b10c3f4f5fcf802c9f5a25141035590310315749280,,,0.1,10.0,0.04000000000000001,0.0025000000000000005,0.010000000000000002,0,full,True
ACT,90,8000132,metaworld,True,51,0.2604509949997009,0,0,0,0,0.0,,True,False,,7ed528f6868ea1489e9cc538ec3ec6742adc786e207a969fd25898eed91d2554,5dab9ea09f41c6bcf76a778fec235e41b2ca78bc226d49a2cf5818fef53b3bc9,c40fedd273cade53989af8adc3ca66d02f2d92ca4d97b2f6391a0dd0ab6dbca3,,,0.1,10.0,0.04000000000000001,0.0025000000000000005,0.010000000000000002,0,full,True
ACT,91,8000133,metaworld,True,52,0.2625254229969869,0,0,0,0,0.0,,True,False,,c75fe006f17420f73598f8b1cbcf17b0a966c90e4903b20f297af7c0a5ad67e5,5dab9ea09f41c6bcf76a778fec235e41b2ca78bc226d49a2cf5818fef53b3bc9,38329c6b97bbe7d133bf007c22742dca5f0cd7258f8d7199135c6c2371ae591d,,,0.1,10.0,0.04000000000000001,0.0025000000000000005,0.010000000000000002,0,full,True
ACT,92,8000134,metaworld,True,56,0.2815769030021329,0,0,0,0,0.0,,True,False,,32ec5f5954c85a21c9181191c4d56d847b94011c16e7520fdd9e1b37552053c5,5dab9ea09f41c6bcf76a778fec235e41b2ca78bc226d49a2cf5818fef53b3bc9,48ce9609a38b32e56f7e6a43ffef71c21c8b1d17ed5a63d47701bc1dfc3ff271,,,0.1,10.0,0.04000000000000001,0.0025000000000000005,0.010000000000000002,0,full,True
ACT,93,8000135,metaworld,True,56,0.282149307000509,0,0,0,0,0.0,,True,False,,6075b67ab649bd6b2c588c476933956dbf70864a7f3341a3ce9379e99ef7aed9,5dab9ea09f41c6bcf76a778fec235e41b2ca78bc226d49a2cf5818fef53b3bc9,48ce9609a38b32e56f7e6a43ffef71c21c8b1d17ed5a63d47701bc1dfc3ff271,,,0.1,10.0,0.04000000000000001,0.0025000000000000005,0.010000000000000002,0,full,True
ACT,94,8000136,metaworld,True,49,0.24972215900197625,0,0,0,0,0.0,,True,False,,f548508cf2809e4b8fdc07c5a48fc51478eeaa987fd03712ff87e5433d7772d2,5dab9ea09f41c6bcf76a778fec235e41b2ca78bc226d49a2cf5818fef53b3bc9,bb2c6b1aed959fa3ddddb1c215ce67cbb5b0ec080eb65fb58e06b7776849a096,,,0.1,10.0,0.04000000000000001,0.0025000000000000005,0.010000000000000002,0,full,True
ACT,95,8000137,metaworld,True,47,0.23552706400005263,0,0,0,0,0.0,,True,False,,23320a2a32bd11e34510f66390df9983d9f6b166e759e26b56de53da2b0bf118,5dab9ea09f41c6bcf76a778fec235e41b2ca78bc226d49a2cf5818fef53b3bc9,27e1ed8c670f23dae46752497e383610e58c248d638e3b9b707808a32ce33d4e,,,0.1,10.0,0.04000000000000001,0.0025000000000000005,0.010000000000000002,0,full,True
ACT,96,8000138,metaworld,True,50,0.2512577540001075,0,0,0,0,0.0,,True,False,,d89b5ee388a55cc53aca8c4a611bbeb798a90b1b9737fddf76c4d49410194e7f,5dab9ea09f41c6bcf76a778fec235e41b2ca78bc226d49a2cf5818fef53b3bc9,08a97a6dfa17f78b5cc5b1351d60038e4a40a68fc93722672482714333b1d9b5,,,0.1,10.0,0.04000000000000001,0.0025000000000000005,0.010000000000000002,0,full,True
ACT,97,8000139,metaworld,True,58,0.2916704140006914,0,0,0,0,0.0,,True,False,,6e159398740150910cebe64de611c8c45de4e35b706feadd0912c20b87055b64,5dab9ea09f41c6bcf76a778fec235e41b2ca78bc226d49a2cf5818fef53b3bc9,b8e45a2f8f553d53c6eef0305347f910b9999bcae6df6ccaf0eaee6ac864e670,,,0.1,10.0,0.04000000000000001,0.0025000000000000005,0.010000000000000002,0,full,True
ACT,98,8000140,metaworld,True,53,0.26470615300058853,0,0,0,0,0.0,,True,False,,800afdc699f79637ee85bfa75d1241772ca4d130c98746c2b698c64e919fbbfb,5dab9ea09f41c6bcf76a778fec235e41b2ca78bc226d49a2cf5818fef53b3bc9,f82ceac6f8787ac22c378edc1f141cedcc86bf9309b43f1aff6633ae0a963abb,,,0.1,10.0,0.04000000000000001,0.0025000000000000005,0.010000000000000002,0,full,True
ACT,99,8000141,metaworld,True,54,0.2684690870009945,0,0,0,0,0.0,,True,False,,ec3a946527731c0eb744ad9619b08eb6b619e223abf6e932354fdadd5bb1bc88,5dab9ea09f41c6bcf76a778fec235e41b2ca78bc226d49a2cf5818fef53b3bc9,f82ceac6f8787ac22c378edc1f141cedcc86bf9309b43f1aff6633ae0a963abb,,,0.1,10.0,0.04000000000000001,0.0025000000000000005,0.010000000000000002,0,full,True
ACT,100,8000142,metaworld,True,60,0.2983504069998162,0,0,0,0,0.0,,True,False,,d540c1997526662f40182eeb4471eb16a9ebe2e121e9c78323721e5737fc310a,5dab9ea09f41c6bcf76a778fec235e41b2ca78bc226d49a2cf5818fef53b3bc9,e216352c7f1c7392270c7c501bb599f2a46f420613a124fda0729ab88160cdf2,,,0.1,10.0,0.04000000000000001,0.0025000000000000005,0.010000000000000002,0,full,True
ACT,101,8000143,metaworld,True,51,0.2530915470015316,0,0,0,0,0.0,,True,False,,94723965603cbf8ccf8c04673e7365e2a6da64997095aafdb9e59a51f6381cd9,5dab9ea09f41c6bcf76a778fec235e41b2ca78bc226d49a2cf5818fef53b3bc9,35203d16cfa98b5f2e002fcb1ffde2400abf9459c161f6a289efa0c46eddb36f,,,0.1,10.0,0.04000000000000001,0.0025000000000000005,0.010000000000000002,0,full,True
ACT,102,8000144,metaworld,True,51,0.2549343879982189,0,0,0,0,0.0,,True,False,,78b12a414a53e3014a472e8604c909307eb5a722f56b8e5e0b70a3c7dd598456,5dab9ea09f41c6bcf76a778fec235e41b2ca78bc226d49a2cf5818fef53b3bc9,504c23f653f6cdee9d659d9320b164606b319d4f0e9cdf0f3a87e2fc7a98160a,,,0.1,10.0,0.04000000000000001,0.0025000000000000005,0.010000000000000002,0,full,True
ACT,103,8000145,metaworld,True,58,0.29142937600045116,0,0,0,0,0.0,,True,False,,7a5738fc583016aae7b120a2721d249e304865b5518a7d24c693f2c20f686a83,5dab9ea09f41c6bcf76a778fec235e41b2ca78bc226d49a2cf5818fef53b3bc9,a0b103bf3e43f4aa92753185301eba5e2e31594285004b99f51a59b33bd2d620,,,0.1,10.0,0.04000000000000001,0.0025000000000000005,0.010000000000000002,0,full,True
ACT,104,8000146,metaworld,True,52,0.26780008700006874,0,0,0,0,0.0,,True,False,,c98700a272208259b82075f778e7a5ea2c2bf92b2652016fbd8417c4ce2282b5,5dab9ea09f41c6bcf76a778fec235e41b2ca78bc226d49a2cf5818fef53b3bc9,56b7f182edcfeefa9301e1edd53d7f36e4418de7e6df1b54b0f0c298cde1b3cd,,,0.1,10.0,0.04000000000000001,0.0025000000000000005,0.010000000000000002,0,full,True
ACT,105,8000147,metaworld,True,49,0.24516540100012207,0,0,0,0,0.0,,True,False,,29dbed53b610e90e5757f2ae4da98133cb4a6d4af2bc6149372a95ce29710dc8,5dab9ea09f41c6bcf76a778fec235e41b2ca78bc226d49a2cf5818fef53b3bc9,08a97a6dfa17f78b5cc5b1351d60038e4a40a68fc93722672482714333b1d9b5,,,0.1,10.0,0.04000000000000001,0.0025000000000000005,0.010000000000000002,0,full,True
ACT,106,8000148,metaworld,True,48,0.23982425600115675,0,0,0,0,0.0,,True,False,,9059b57e108470f65d4302bc37c4d56e33e931e1cf9f5e6399ef03051af62e9d,5dab9ea09f41c6bcf76a778fec235e41b2ca78bc226d49a2cf5818fef53b3bc9,08a97a6dfa17f78b5cc5b1351d60038e4a40a68fc93722672482714333b1d9b5,,,0.1,10.0,0.04000000000000001,0.0025000000000000005,0.010000000000000002,0,full,True
ACT,107,8000149,metaworld,True,56,0.2815576200009673,0,0,0,0,0.0,,True,False,,43d1a60f8ad35b130bb564e6f3dc3c0a04517ce7853bbe2a5ff528091037bd96,5dab9ea09f41c6bcf76a778fec235e41b2ca78bc226d49a2cf5818fef53b3bc9,524e161a612d94c222d06154bcd0129d0851b8fad51ae883abbef6e86d43cbb0,,,0.1,10.0,0.04000000000000001,0.0025000000000000005,0.010000000000000002,0,full,True
ACT,108,8000150,metaworld,True,46,0.23021493799751624,0,0,0,0,0.0,,True,False,,21a86049162c4612fe7d34bc8187e6fe2916656e0c048c69ec5546f539c68363,5dab9ea09f41c6bcf76a778fec235e41b2ca78bc226d49a2cf5818fef53b3bc9,5d73f28d4d24cdbcb36a5e5cd61ec1a82f7287ce56d88da8cea912ed757b164c,,,0.1,10.0,0.04000000000000001,0.0025000000000000005,0.010000000000000002,0,full,True
ACT,109,8000151,metaworld,True,53,0.26290264800263685,0,0,0,0,0.0,,True,False,,68320d507b6d0e85d258ef86965c0cef652f4fee7552c914ace6148ab2b205d9,5dab9ea09f41c6bcf76a778fec235e41b2ca78bc226d49a2cf5818fef53b3bc9,aa1f17aacdf569c3a2930a2ebbf742ff43f8d3acfc772731a5c344cabcd52570,,,0.1,10.0,0.04000000000000001,0.0025000000000000005,0.010000000000000002,0,full,True
ACT,110,8000152,metaworld,True,49,0.24402665800153045,0,0,0,0,0.0,,True,False,,f301b0059ccf650fea3cf8950687121ee5d0fc3174396da313a42c5c9bbaed4f,5dab9ea09f41c6bcf76a778fec235e41b2ca78bc226d49a2cf5818fef53b3bc9,cea0b9105255f82e0ee99bfb3998a6edce02b446d4b14afb0747282cd18aa202,,,0.1,10.0,0.04000000000000001,0.0025000000000000005,0.010000000000000002,0,full,True
ACT,111,8000153,metaworld,True,47,0.23285669600227266,0,0,0,0,0.0,,True,False,,22ec6dd51bf6d96e553648a69600dbc326344505f5050864c7c6a47bff837180,5dab9ea09f41c6bcf76a778fec235e41b2ca78bc226d49a2cf5818fef53b3bc9,e6e55bdbd77dc052facbc072d20b08a21d116978c37627b9a3d9dc7989dfbe62,,,0.1,10.0,0.04000000000000001,0.0025000000000000005,0.010000000000000002,0,full,True
ACT,112,8000154,metaworld,True,52,0.25472459999946295,0,0,0,0,0.0,,True,False,,387f83803b7d1cdfe5f6ad24f9606fdccd5e0bda8e21a15c3f6c40e9a4eae8c4,5dab9ea09f41c6bcf76a778fec235e41b2ca78bc226d49a2cf5818fef53b3bc9,5e1df472084de78052388a34f03cad3de438ca9b5dc801b5759dd57c66a7482a,,,0.1,10.0,0.04000000000000001,0.0025000000000000005,0.010000000000000002,0,full,True
ACT,113,8000155,metaworld,True,56,0.2767758519985364,0,0,0,0,0.0,,True,False,,352b0c0ae8786dcd3b0cfc347ccb57f0af1ee4bf717f0946247a719287ca8fd7,5dab9ea09f41c6bcf76a778fec235e41b2ca78bc226d49a2cf5818fef53b3bc9,8a99d46d6d04afe3e2ef92bb607dde5e178b5c37506006c4f364e345976453b1,,,0.1,10.0,0.04000000000000001,0.0025000000000000005,0.010000000000000002,0,full,True
ACT,114,8000156,metaworld,True,59,0.2908730290000676,0,0,0,0,0.0,,True,False,,3aae8ec9f1fd331cb67e7e2e24d6c308a91967afdbc29ddfcc13fe965617095c,5dab9ea09f41c6bcf76a778fec235e41b2ca78bc226d49a2cf5818fef53b3bc9,a8cfe6e2276fbd15230c5555255b87d17333bdd29f84f687df7405d0311fae7f,,,0.1,10.0,0.04000000000000001,0.0025000000000000005,0.010000000000000002,0,full,True
ACT,115,8000157,metaworld,True,49,0.2388804420006636,0,0,0,0,0.0,,True,False,,20ac4e1755ce841cd307cecfad126ab866e1fa075ecc28ac684ded555b511e24,5dab9ea09f41c6bcf76a778fec235e41b2ca78bc226d49a2cf5818fef53b3bc9,08a97a6dfa17f78b5cc5b1351d60038e4a40a68fc93722672482714333b1d9b5,,,0.1,10.0,0.04000000000000001,0.0025000000000000005,0.010000000000000002,0,full,True
ACT,116,8000158,metaworld,True,59,0.28961456999968505,0,0,0,0,0.0,,True,False,,5eaefddefb5f43a9dc6aaf6776d02105a737defdd29ea2b9192223daefa70eba,5dab9ea09f41c6bcf76a778fec235e41b2ca78bc226d49a2cf5818fef53b3bc9,b8e45a2f8f553d53c6eef0305347f910b9999bcae6df6ccaf0eaee6ac864e670,,,0.1,10.0,0.04000000000000001,0.0025000000000000005,0.010000000000000002,0,full,True
ACT,117,8000159,metaworld,True,54,0.26450318800198147,0,0,0,0,0.0,,True,False,,fed1ba43ad87dde0cbd3a3b6b3847d0bdc1d9e1edbcca8cca947d9f84280e258,5dab9ea09f41c6bcf76a778fec235e41b2ca78bc226d49a2cf5818fef53b3bc9,0f719f94ef165c0b816b8b10c3f4f5fcf802c9f5a25141035590310315749280,,,0.1,10.0,0.04000000000000001,0.0025000000000000005,0.010000000000000002,0,full,True
ACT,118,8000160,metaworld,True,52,0.2570731580017309,0,0,0,0,0.0,,True,False,,dd10ff75b477901dad90657fe2bd12f15c4db2a9e11ddc8a8917a8072829ae08,5dab9ea09f41c6bcf76a778fec235e41b2ca78bc226d49a2cf5818fef53b3bc9,342b72dafe0e47ecf8a937cb01e62ac02c2d77bf93dafca59574cbbbfc4ad77b,,,0.1,10.0,0.04000000000000001,0.0025000000000000005,0.010000000000000002,0,full,True
ACT,119,8000161,metaworld,True,54,0.28451543700066395,0,0,0,0,0.0,,True,False,,d8c3683b5ee91a265a6cf8117e6c278dddc01fa8b32f4ea78b77abcfedac4646,5dab9ea09f41c6bcf76a778fec235e41b2ca78bc226d49a2cf5818fef53b3bc9,ba19e0623fe05add91e00811bacb33e27305f5fcb6549be6f6278ebce6046101,,,0.1,10.0,0.04000000000000001,0.0025000000000000005,0.010000000000000002,0,full,True
ACT,120,8000162,metaworld,True,54,0.30737824300013017,0,0,0,0,0.0,,True,False,,5a8205cb58b8fec485fd11e67587076d1672f3c63d0f8f5d3610b9ac582b1a8f,5dab9ea09f41c6bcf76a778fec235e41b2ca78bc226d49a2cf5818fef53b3bc9,acfaed29b052207b47b4b7fa76672795fd08de3add8565db05f141de82ece90b,,,0.1,10.0,0.04000000000000001,0.0025000000000000005,0.010000000000000002,0,full,True
ACT,121,8000163,metaworld,True,55,0.2784384709993901,0,0,0,0,0.0,,True,False,,303f376dda6c231b9692f10e2817e53cf5e3b52dfa60c0d585f899628538719a,5dab9ea09f41c6bcf76a778fec235e41b2ca78bc226d49a2cf5818fef53b3bc9,0cda21f8ffacf0a1e40e7b0e858a8e2ddc276972106d4bced99d4404b4a13fd8,,,0.1,10.0,0.04000000000000001,0.0025000000000000005,0.010000000000000002,0,full,True
ACT,122,8000164,metaworld,True,49,0.25524739300090005,0,0,0,0,0.0,,True,False,,695dd132ca2d791b4c69e8bef1e065e6c804824a76e8ba196010b0a250fe1672,5dab9ea09f41c6bcf76a778fec235e41b2ca78bc226d49a2cf5818fef53b3bc9,15a9adece7ebea14bdf37f5376e274c6dce4711281025cf35060933ba9ab8ad3,,,0.1,10.0,0.04000000000000001,0.0025000000000000005,0.010000000000000002,0,full,True
ACT,123,8000165,metaworld,True,55,0.29589807099910104,0,0,0,0,0.0,,True,False,,3f03b405155731dc33b87f3ba9c874a73524d79d84392b2d4729383efafe58fe,5dab9ea09f41c6bcf76a778fec235e41b2ca78bc226d49a2cf5818fef53b3bc9,0f719f94ef165c0b816b8b10c3f4f5fcf802c9f5a25141035590310315749280,,,0.1,10.0,0.04000000000000001,0.0025000000000000005,0.010000000000000002,0,full,True
ACT,124,8000166,metaworld,True,51,0.2924564749991987,0,0,0,0,0.0,,True,False,,ec5f36315c1c6b8f25408c4c372fff07cd6c67de8601f65cb36b2d03cdf6c3da,5dab9ea09f41c6bcf76a778fec235e41b2ca78bc226d49a2cf5818fef53b3bc9,aa1f17aacdf569c3a2930a2ebbf742ff43f8d3acfc772731a5c344cabcd52570,,,0.1,10.0,0.04000000000000001,0.0025000000000000005,0.010000000000000002,0,full,True
ACT,125,8000167,metaworld,True,57,0.29413230099817156,0,0,0,0,0.0,,True,False,,63c47f7444273ddcf87f9262c63e9ecc2de805b3897157f50341d9ff2c81ec9e,5dab9ea09f41c6bcf76a778fec235e41b2ca78bc226d49a2cf5818fef53b3bc9,a0b103bf3e43f4aa92753185301eba5e2e31594285004b99f51a59b33bd2d620,,,0.1,10.0,0.04000000000000001,0.0025000000000000005,0.010000000000000002,0,full,True
ACT,126,8000168,metaworld,True,51,0.26877565600079834,0,0,0,0,0.0,,True,False,,a94e0285427ccfcbbd14d74f0d4c58ff410b934e75b74bed3fc2c8221f0167de,5dab9ea09f41c6bcf76a778fec235e41b2ca78bc226d49a2cf5818fef53b3bc9,15a9adece7ebea14bdf37f5376e274c6dce4711281025cf35060933ba9ab8ad3,,,0.1,10.0,0.04000000000000001,0.0025000000000000005,0.010000000000000002,0,full,True
ACT,127,8000169,metaworld,True,52,0.26947423899764544,0,0,0,0,0.0,,True,False,,ddb4f4d6baf9b72bd0b70abab331a9f3de4723053b3d67a8700673c4ec1ab32b,5dab9ea09f41c6bcf76a778fec235e41b2ca78bc226d49a2cf5818fef53b3bc9,2ad5907877cc42b4447b9630988e3a1f0da0d83e1f696f71e22dc69905e631b6,,,0.1,10.0,0.04000000000000001,0.0025000000000000005,0.010000000000000002,0,full,True
ACT,128,8000170,metaworld,True,58,0.2998377710027853,0,0,0,0,0.0,,True,False,,2fcca70658384fbac0b94fed522559b6fa6e54c41871308049f275143fd6d84a,5dab9ea09f41c6bcf76a778fec235e41b2ca78bc226d49a2cf5818fef53b3bc9,8a99d46d6d04afe3e2ef92bb607dde5e178b5c37506006c4f364e345976453b1,,,0.1,10.0,0.04000000000000001,0.0025000000000000005,0.010000000000000002,0,full,True
ACT,129,8000171,metaworld,True,50,0.2649517289974028,0,0,0,0,0.0,,True,False,,a3a4f558f2101345a727ee0f203520560749a367399185555e9f6b2f14edb287,5dab9ea09f41c6bcf76a778fec235e41b2ca78bc226d49a2cf5818fef53b3bc9,08a97a6dfa17f78b5cc5b1351d60038e4a40a68fc93722672482714333b1d9b5,,,0.1,10.0,0.04000000000000001,0.0025000000000000005,0.010000000000000002,0,full,True
ACT,130,8000172,metaworld,True,53,0.2849714709991531,0,0,0,0,0.0,,True,False,,b6b1115e46fa1105811c1e96a159b04d00556d83f0b73e2e9b5bf1124dd572fe,5dab9ea09f41c6bcf76a778fec235e41b2ca78bc226d49a2cf5818fef53b3bc9,7c3391ee418e26d47c002810bc00065e4dd0b6728c969d2338ad549ad01ebb0a,,,0.1,10.0,0.04000000000000001,0.0025000000000000005,0.010000000000000002,0,full,True
ACT,131,8000173,metaworld,True,49,0.26049496099949465,0,0,0,0,0.0,,True,False,,3c0f8faaafd06616532f849360e88807d12f4011d35d41a72408a7b93910d4d2,5dab9ea09f41c6bcf76a778fec235e41b2ca78bc226d49a2cf5818fef53b3bc9,bb2c6b1aed959fa3ddddb1c215ce67cbb5b0ec080eb65fb58e06b7776849a096,,,0.1,10.0,0.04000000000000001,0.0025000000000000005,0.010000000000000002,0,full,True
ACT,132,8000174,metaworld,True,50,0.2649075779991108,0,0,0,0,0.0,,True,False,,e4a7e0256a9cc08a2f7a0b14860c62f9da547186a467f8b1860df43faffec0e8,5dab9ea09f41c6bcf76a778fec235e41b2ca78bc226d49a2cf5818fef53b3bc9,c40fedd273cade53989af8adc3ca66d02f2d92ca4d97b2f6391a0dd0ab6dbca3,,,0.1,10.0,0.04000000000000001,0.0025000000000000005,0.010000000000000002,0,full,True
ACT,133,8000175,metaworld,True,48,0.2510637230006978,0,0,0,0,0.0,,True,False,,3779ed8a6b4cdce10223f9b1a749c311f5089ff2860768e39129ff9d2b1c81bd,5dab9ea09f41c6bcf76a778fec235e41b2ca78bc226d49a2cf5818fef53b3bc9,bb2c6b1aed959fa3ddddb1c215ce67cbb5b0ec080eb65fb58e06b7776849a096,,,0.1,10.0,0.04000000000000001,0.0025000000000000005,0.010000000000000002,0,full,True
ACT,134,8000176,metaworld,True,53,0.2754291929995816,0,0,0,0,0.0,,True,False,,6026fb6bd1520f2c2fe77eb0017a811d203f7a1468c9ea902851fb83e39b4a44,5dab9ea09f41c6bcf76a778fec235e41b2ca78bc226d49a2cf5818fef53b3bc9,6338b57c8983138382fa5c9ee7bb2d2c200be44368697f7ffa8216ea26ddccaf,,,0.1,10.0,0.04000000000000001,0.0025000000000000005,0.010000000000000002,0,full,True
ACT,135,8000177,metaworld,True,60,0.3031900960013445,0,0,0,0,0.0,,True,False,,b86bcb0b0850834a422b8cbcea8ceccb328ab9f918bb9f1a9f56dbc3fed07116,5dab9ea09f41c6bcf76a778fec235e41b2ca78bc226d49a2cf5818fef53b3bc9,1c856fdcb5da12c3fa2d15b38741aa980fa3a47e64fb99f8635817590128f9ea,,,0.1,10.0,0.04000000000000001,0.0025000000000000005,0.010000000000000002,0,full,True
ACT,136,8000178,metaworld,True,53,0.27645977000065614,0,0,0,0,0.0,,True,False,,4482c3b5c497ae4a69a6a91c8920080160a52376fb942ac8994af53b368d7637,5dab9ea09f41c6bcf76a778fec235e41b2ca78bc226d49a2cf5818fef53b3bc9,acfaed29b052207b47b4b7fa76672795fd08de3add8565db05f141de82ece90b,,,0.1,10.0,0.04000000000000001,0.0025000000000000005,0.010000000000000002,0,full,True
ACT,137,8000179,metaworld,True,51,0.2654230580010335,0,0,0,0,0.0,,True,False,,19776eac0cddf7e89d09d715a4d39777c5e7c32eb59900d7ee8490b27d49aed1,5dab9ea09f41c6bcf76a778fec235e41b2ca78bc226d49a2cf5818fef53b3bc9,2ad5907877cc42b4447b9630988e3a1f0da0d83e1f696f71e22dc69905e631b6,,,0.1,10.0,0.04000000000000001,0.0025000000000000005,0.010000000000000002,0,full,True
ACT,138,8000180,metaworld,True,52,0.2839387280000665,0,0,0,0,0.0,,True,False,,a199767ec0b8469fbe0a8215d7a77a4c19deeb3893c49e6e0643d660b82ee071,5dab9ea09f41c6bcf76a778fec235e41b2ca78bc226d49a2cf5818fef53b3bc9,56b7f182edcfeefa9301e1edd53d7f36e4418de7e6df1b54b0f0c298cde1b3cd,,,0.1,10.0,0.04000000000000001,0.0025000000000000005,0.010000000000000002,0,full,True
ACT,139,8000181,metaworld,True,54,0.28044375000172295,0,0,0,0,0.0,,True,False,,b12f1d09bdaffa330fd7242621455e3023fe9cb3a867b5fa2a1046d0276bde1b,5dab9ea09f41c6bcf76a778fec235e41b2ca78bc226d49a2cf5818fef53b3bc9,0f719f94ef165c0b816b8b10c3f4f5fcf802c9f5a25141035590310315749280,,,0.1,10.0,0.04000000000000001,0.0025000000000000005,0.010000000000000002,0,full,True
ACT,140,8000182,metaworld,True,55,0.2826783409982454,0,0,0,0,0.0,,True,False,,ca33c3baa47dc2e9fd63ec760316ad0903084e49fe90f702fad756e4bfb0cda4,5dab9ea09f41c6bcf76a778fec235e41b2ca78bc226d49a2cf5818fef53b3bc9,6cb8d983459a8e57d4ae53a86da2394015cabba2d7c306dcaf7b14af979ca230,,,0.1,10.0,0.04000000000000001,0.0025000000000000005,0.010000000000000002,0,full,True
ACT,141,8000183,metaworld,True,59,0.3529213299989351,0,0,0,0,0.0,,True,False,,86f61f8a9c51e2fd6a8ae80324a8c4e3dc0168ab74406e186680a7fd8d4322dd,5dab9ea09f41c6bcf76a778fec235e41b2ca78bc226d49a2cf5818fef53b3bc9,39001749c902e2ab9d015efb8c7644faffff99810b709d3203dc359d5eacdcbd,,,0.1,10.0,0.04000000000000001,0.0025000000000000005,0.010000000000000002,0,full,True
ACT,142,8000184,metaworld,True,57,0.30898135600000387,0,0,0,0,0.0,,True,False,,689e2471a15e5a0916473644dd40ebccad73e670b6a313a656b5caac0f3a9ceb,5dab9ea09f41c6bcf76a778fec235e41b2ca78bc226d49a2cf5818fef53b3bc9,f6a9ed9055e00c868d6771022c2c557a6a48990bdacbed585d07cde857d4755a,,,0.1,10.0,0.04000000000000001,0.0025000000000000005,0.010000000000000002,0,full,True
ACT,143,8000185,metaworld,True,58,0.3024297369993292,0,0,0,0,0.0,,True,False,,f61ce382cb078ed55ba1aaf376f7416a756f2f28a9e6721979a88344c4e45ebf,5dab9ea09f41c6bcf76a778fec235e41b2ca78bc226d49a2cf5818fef53b3bc9,39001749c902e2ab9d015efb8c7644faffff99810b709d3203dc359d5eacdcbd,,,0.1,10.0,0.04000000000000001,0.0025000000000000005,0.010000000000000002,0,full,True
ACT,144,8000186,metaworld,True,55,0.2878824359977443,0,0,0,0,0.0,,True,False,,f5e5ef2442f1a53b69779bdeccd3c2d20aa18a346844803c0efdfedcdfc2932a,5dab9ea09f41c6bcf76a778fec235e41b2ca78bc226d49a2cf5818fef53b3bc9,588df85fb38ef87f822932ad2f702be807974873e4a07ea43084bbdeeaac6604,,,0.1,10.0,0.04000000000000001,0.0025000000000000005,0.010000000000000002,0,full,True
ACT,145,8000187,metaworld,True,62,0.3220448780011793,0,0,0,0,0.0,,True,False,,ae0b60a08d7cc85dd8e227bf478c45e3e61939e159a6416a9ca509208051b5c2,5dab9ea09f41c6bcf76a778fec235e41b2ca78bc226d49a2cf5818fef53b3bc9,c5023b3d25031a103b9549b6e8c83ba09d69e708ef117c31128a38e03616e5d8,,,0.1,10.0,0.04000000000000001,0.0025000000000000005,0.010000000000000002,0,full,True
ACT,146,8000188,metaworld,False,200,1.0034075000003213,0,0,0,0,0.0,,False,True,object_dropped,aa68ad91fb36e4d739e8b330a2aaccd7014c6d583fc9c4a72865f84c0df5b6bc,5dab9ea09f41c6bcf76a778fec235e41b2ca78bc226d49a2cf5818fef53b3bc9,942fb6a87dc1e3eb7bf7bb111c97e7096138256b4a9a6b4c62a012fabe8bec38,,,0.1,10.0,0.04000000000000001,0.0025000000000000005,0.010000000000000002,0,full,True
ACT,147,8000189,metaworld,True,53,0.26642756599903805,0,0,0,0,0.0,,True,False,,83a2aa8640d4d9c0ba9777827f000b4f174dde7f085df8accfbc179ed6ced682,5dab9ea09f41c6bcf76a778fec235e41b2ca78bc226d49a2cf5818fef53b3bc9,7c3391ee418e26d47c002810bc00065e4dd0b6728c969d2338ad549ad01ebb0a,,,0.1,10.0,0.04000000000000001,0.0025000000000000005,0.010000000000000002,0,full,True
ACT,148,8000190,metaworld,True,47,0.23580442100137589,0,0,0,0,0.0,,True,False,,865f5f994194aabc93b44fcd2bc272fc1e134c8d64e89ed049cc477cec466331,5dab9ea09f41c6bcf76a778fec235e41b2ca78bc226d49a2cf5818fef53b3bc9,cea0b9105255f82e0ee99bfb3998a6edce02b446d4b14afb0747282cd18aa202,,,0.1,10.0,0.04000000000000001,0.0025000000000000005,0.010000000000000002,0,full,True
ACT,149,8000191,metaworld,True,60,0.41899546700005885,0,0,0,0,0.0,,True,False,,99de4f9062d05233dff7ea6b4bb80e0a5f0ba439badff3b226778c947ee0e6ec,5dab9ea09f41c6bcf76a778fec235e41b2ca78bc226d49a2cf5818fef53b3bc9,e216352c7f1c7392270c7c501bb599f2a46f420613a124fda0729ab88160cdf2,,,0.1,10.0,0.04000000000000001,0.0025000000000000005,0.010000000000000002,0,full,True
ACT,150,8000192,metaworld,True,55,0.2890194799983874,0,0,0,0,0.0,,True,False,,7176cbbac821e197e47e778456b2aa44115f48e4b7969c723102e773057e8300,5dab9ea09f41c6bcf76a778fec235e41b2ca78bc226d49a2cf5818fef53b3bc9,25805a097f1f4b8c203ec3c130dcd3e66b5fb3ad298114a08662aae6c86fa673,,,0.1,10.0,0.04000000000000001,0.0025000000000000005,0.010000000000000002,0,full,True
ACT,151,8000193,metaworld,False,200,1.0003353799984325,0,0,0,0,0.0,,False,True,object_dropped,3121e40cb31410c7bf8b84e4ec9d7b48f4755be6bcca73077f7029c56b658c50,5dab9ea09f41c6bcf76a778fec235e41b2ca78bc226d49a2cf5818fef53b3bc9,1c856fdcb5da12c3fa2d15b38741aa980fa3a47e64fb99f8635817590128f9ea,,,0.1,10.0,0.04000000000000001,0.0025000000000000005,0.010000000000000002,0,full,True
ACT,152,8000194,metaworld,True,56,0.2772649949984043,0,0,0,0,0.0,,True,False,,5bc1b04ab0474efbcd8f8b2af5d8fe3474131731dac30dc5e8126ec81274072f,5dab9ea09f41c6bcf76a778fec235e41b2ca78bc226d49a2cf5818fef53b3bc9,64ee837add19202e84553431fdab118462cf5265eeae19a4d044b5a6818f771d,,,0.1,10.0,0.04000000000000001,0.0025000000000000005,0.010000000000000002,0,full,True
ACT,153,8000195,metaworld,True,53,0.2595613920020696,0,0,0,0,0.0,,True,False,,0c278693663fe357bf76ccf29e9a37a81d0d26ce5a2e92475f3694c51d0ef3ed,5dab9ea09f41c6bcf76a778fec235e41b2ca78bc226d49a2cf5818fef53b3bc9,2eb279a724955c1a9d173681940490ec9cc8ed4fdc15a95533884a23d4ccdb4e,,,0.1,10.0,0.04000000000000001,0.0025000000000000005,0.010000000000000002,0,full,True
ACT,154,8000196,metaworld,True,53,0.26075561299876426,0,0,0,0,0.0,,True,False,,3728dc3680301cb65fd8ab165638642ea76f9c7070fafb8b162bc9a18a1bc7ba,5dab9ea09f41c6bcf76a778fec235e41b2ca78bc226d49a2cf5818fef53b3bc9,342b72dafe0e47ecf8a937cb01e62ac02c2d77bf93dafca59574cbbbfc4ad77b,,,0.1,10.0,0.04000000000000001,0.0025000000000000005,0.010000000000000002,0,full,True
ACT,155,8000197,metaworld,True,56,0.27492290699956357,0,0,0,0,0.0,,True,False,,ab78c100bfa47d4c1949759c7981fe45174e5b3be1b5eb0d6ca60ba28089e034,5dab9ea09f41c6bcf76a778fec235e41b2ca78bc226d49a2cf5818fef53b3bc9,524e161a612d94c222d06154bcd0129d0851b8fad51ae883abbef6e86d43cbb0,,,0.1,10.0,0.04000000000000001,0.0025000000000000005,0.010000000000000002,0,full,True
ACT,156,8000198,metaworld,True,53,0.26046952700198744,0,0,0,0,0.0,,True,False,,8a47e2f5a121dea30e89cd4fdcc7499323db9149d560a43992fcdc28dab73ea2,5dab9ea09f41c6bcf76a778fec235e41b2ca78bc226d49a2cf5818fef53b3bc9,56b7f182edcfeefa9301e1edd53d7f36e4418de7e6df1b54b0f0c298cde1b3cd,,,0.1,10.0,0.04000000000000001,0.0025000000000000005,0.010000000000000002,0,full,True
ACT,157,8000199,metaworld,True,55,0.30523844300114433,0,0,0,0,0.0,,True,False,,259bee8971cb7dfc7645650da267f0f0bb84f366cf22b6f35442149773bc9e5e,5dab9ea09f41c6bcf76a778fec235e41b2ca78bc226d49a2cf5818fef53b3bc9,3183afb500ebb9a5af177cccb5b5889a8321eb35261f8ec571269f8b5ed9cd1a,,,0.1,10.0,0.04000000000000001,0.0025000000000000005,0.010000000000000002,0,full,True
ACT,158,8000200,metaworld,True,56,0.37757147799857194,0,0,0,0,0.0,,True,False,,63fef7a157804636a718eb24d2059bb5dbe1cc81cefad259e33e126dc847ffdb,5dab9ea09f41c6bcf76a778fec235e41b2ca78bc226d49a2cf5818fef53b3bc9,524e161a612d94c222d06154bcd0129d0851b8fad51ae883abbef6e86d43cbb0,,,0.1,10.0,0.04000000000000001,0.0025000000000000005,0.010000000000000002,0,full,True
ACT,159,8000201,metaworld,True,50,0.2909190069985925,0,0,0,0,0.0,,True,False,,2be4d3450dcc4bd35487b54e32cc54f5ead1ca6f768e3ce8662bba2e18ffa69f,5dab9ea09f41c6bcf76a778fec235e41b2ca78bc226d49a2cf5818fef53b3bc9,56b7f182edcfeefa9301e1edd53d7f36e4418de7e6df1b54b0f0c298cde1b3cd,,,0.1,10.0,0.04000000000000001,0.0025000000000000005,0.010000000000000002,0,full,True
ACT,160,8000202,metaworld,True,62,0.39043477999803144,0,0,0,0,0.0,,True,False,,71ecca27eb8c33d4a878ccd7cec871bc9228fb9f2158f92597c84a3fc5b2f39b,5dab9ea09f41c6bcf76a778fec235e41b2ca78bc226d49a2cf5818fef53b3bc9,c5023b3d25031a103b9549b6e8c83ba09d69e708ef117c31128a38e03616e5d8,,,0.1,10.0,0.04000000000000001,0.0025000000000000005,0.010000000000000002,0,full,True
ACT,161,8000203,metaworld,True,55,0.27309851799873286,0,0,0,0,0.0,,True,False,,45e560dfc10d6f93689f7ac07c77151ab7949bb674bbd0e661ef306195d31a00,5dab9ea09f41c6bcf76a778fec235e41b2ca78bc226d49a2cf5818fef53b3bc9,942fb6a87dc1e3eb7bf7bb111c97e7096138256b4a9a6b4c62a012fabe8bec38,,,0.1,10.0,0.04000000000000001,0.0025000000000000005,0.010000000000000002,0,full,True
ACT,162,8000204,metaworld,True,53,0.26324271299745305,0,0,0,0,0.0,,True,False,,31e61193842a127d4633e0e447aeb8116e2dc6808b9732706d5fe044e227d3b3,5dab9ea09f41c6bcf76a778fec235e41b2ca78bc226d49a2cf5818fef53b3bc9,5e1df472084de78052388a34f03cad3de438ca9b5dc801b5759dd57c66a7482a,,,0.1,10.0,0.04000000000000001,0.0025000000000000005,0.010000000000000002,0,full,True
ACT,163,8000205,metaworld,True,55,0.2784063139988575,0,0,0,0,0.0,,True,False,,847a35f0de4f8184950dfdc57a8911a2bbfd8888fcc60afc8ea99385d1870302,5dab9ea09f41c6bcf76a778fec235e41b2ca78bc226d49a2cf5818fef53b3bc9,6cb8d983459a8e57d4ae53a86da2394015cabba2d7c306dcaf7b14af979ca230,,,0.1,10.0,0.04000000000000001,0.0025000000000000005,0.010000000000000002,0,full,True
ACT,164,8000206,metaworld,True,58,0.2917108859983273,0,0,0,0,0.0,,True,False,,258ae9d2cdf57dd2a7b89e89137b3302e0938926c19b1b45aed2eb3f50fc991c,5dab9ea09f41c6bcf76a778fec235e41b2ca78bc226d49a2cf5818fef53b3bc9,06d355d7aff3b944ab4199c02a94c63d062e5c414c0b195f7b232b607e0ab1ed,,,0.1,10.0,0.04000000000000001,0.0025000000000000005,0.010000000000000002,0,full,True
ACT,165,8000207,metaworld,True,50,0.25694365200251923,0,0,0,0,0.0,,True,False,,34e1c65c3207fd902bad06ee626cfbcb7e242838ae3ba919accb3943eefc5d23,5dab9ea09f41c6bcf76a778fec235e41b2ca78bc226d49a2cf5818fef53b3bc9,6338b57c8983138382fa5c9ee7bb2d2c200be44368697f7ffa8216ea26ddccaf,,,0.1,10.0,0.04000000000000001,0.0025000000000000005,0.010000000000000002,0,full,True
ACT,166,8000208,metaworld,True,51,0.31425915699946927,0,0,0,0,0.0,,True,False,,99b4083a00ce61f55c5f1f1c26b6bc4df75687a41d26beebce515217fd526437,5dab9ea09f41c6bcf76a778fec235e41b2ca78bc226d49a2cf5818fef53b3bc9,35203d16cfa98b5f2e002fcb1ffde2400abf9459c161f6a289efa0c46eddb36f,,,0.1,10.0,0.04000000000000001,0.0025000000000000005,0.010000000000000002,0,full,True
ACT,167,8000209,metaworld,True,53,0.2717897670008824,0,0,0,0,0.0,,True,False,,0c6849112e0312a3ee1213591a5b3a672f64f113d3d37c20305970acdb5fb541,5dab9ea09f41c6bcf76a778fec235e41b2ca78bc226d49a2cf5818fef53b3bc9,71488b32995fa40c6ec3f77f6bcd912b1929aef29d90a66307ad46cd584acf29,,,0.1,10.0,0.04000000000000001,0.0025000000000000005,0.010000000000000002,0,full,True
ACT,168,8000210,metaworld,True,47,0.2459997369987832,0,0,0,0,0.0,,True,False,,593aa03d63fdf9961d8d8e47b9a9d4eeda641c1a8788a6b170e0d6fdaf078208,5dab9ea09f41c6bcf76a778fec235e41b2ca78bc226d49a2cf5818fef53b3bc9,27e1ed8c670f23dae46752497e383610e58c248d638e3b9b707808a32ce33d4e,,,0.1,10.0,0.04000000000000001,0.0025000000000000005,0.010000000000000002,0,full,True
ACT,169,8000211,metaworld,True,50,0.25834743499945034,0,0,0,0,0.0,,True,False,,5ffca749fbf32460dc49212e68857c491758267371344b76f7f6d1e33c8d8778,5dab9ea09f41c6bcf76a778fec235e41b2ca78bc226d49a2cf5818fef53b3bc9,2ad5907877cc42b4447b9630988e3a1f0da0d83e1f696f71e22dc69905e631b6,,,0.1,10.0,0.04000000000000001,0.0025000000000000005,0.010000000000000002,0,full,True
ACT,170,8000212,metaworld,True,53,0.2643600229966978,0,0,0,0,0.0,,True,False,,5574ce59fe42439331aabf680b227f7b6385d4a7fdf04cdb12c79bc94dd5bdd6,5dab9ea09f41c6bcf76a778fec235e41b2ca78bc226d49a2cf5818fef53b3bc9,2eb279a724955c1a9d173681940490ec9cc8ed4fdc15a95533884a23d4ccdb4e,,,0.1,10.0,0.04000000000000001,0.0025000000000000005,0.010000000000000002,0,full,True
ACT,171,8000213,metaworld,True,50,0.24699440300173592,0,0,0,0,0.0,,True,False,,d90d9cdb88f042db2737c75f0458e8db2cae931b4432c02a4429b2206ac39516,5dab9ea09f41c6bcf76a778fec235e41b2ca78bc226d49a2cf5818fef53b3bc9,35203d16cfa98b5f2e002fcb1ffde2400abf9459c161f6a289efa0c46eddb36f,,,0.1,10.0,0.04000000000000001,0.0025000000000000005,0.010000000000000002,0,full,True
ACT,172,8000214,metaworld,True,56,0.2832617130006838,0,0,0,0,0.0,,True,False,,a32b8100748a2ef515ec3e7539a70ee9d8ae596186d418ee5820a33650a3ef67,5dab9ea09f41c6bcf76a778fec235e41b2ca78bc226d49a2cf5818fef53b3bc9,64ee837add19202e84553431fdab118462cf5265eeae19a4d044b5a6818f771d,,,0.1,10.0,0.04000000000000001,0.0025000000000000005,0.010000000000000002,0,full,True
ACT,173,8000215,metaworld,True,59,0.294174472001032,0,0,0,0,0.0,,True,False,,1f78abec0c306cd9e052cdf17c622fd59765f6c764f0ef332c675bbc2e437c0d,5dab9ea09f41c6bcf76a778fec235e41b2ca78bc226d49a2cf5818fef53b3bc9,a8cfe6e2276fbd15230c5555255b87d17333bdd29f84f687df7405d0311fae7f,,,0.1,10.0,0.04000000000000001,0.0025000000000000005,0.010000000000000002,0,full,True
ACT,174,8000216,metaworld,True,51,0.24924322699735058,0,0,0,0,0.0,,True,False,,9e4c27a80c8c942e35bef08f24abdd3954957e497d3a9f61c01b2304598d936a,5dab9ea09f41c6bcf76a778fec235e41b2ca78bc226d49a2cf5818fef53b3bc9,504c23f653f6cdee9d659d9320b164606b319d4f0e9cdf0f3a87e2fc7a98160a,,,0.1,10.0,0.04000000000000001,0.0025000000000000005,0.010000000000000002,0,full,True
ACT,175,8000217,metaworld,True,46,0.2285251100001915,0,0,0,0,0.0,,True,False,,1d64c5cd5fd301fa87aaba517e146b35239e9907336b8f2ef04e4ea2f6e72367,5dab9ea09f41c6bcf76a778fec235e41b2ca78bc226d49a2cf5818fef53b3bc9,20cf3cfee33051ea4ca25b64648f05450b0068ae0136ae52c3108d28b02f3691,,,0.1,10.0,0.04000000000000001,0.0025000000000000005,0.010000000000000002,0,full,True
ACT,176,8000218,metaworld,True,53,0.26251051500003086,0,0,0,0,0.0,,True,False,,d02bc778c9bc4051c89243024d0381f72214d4df72c50ecbc40368a093973e53,5dab9ea09f41c6bcf76a778fec235e41b2ca78bc226d49a2cf5818fef53b3bc9,f82ceac6f8787ac22c378edc1f141cedcc86bf9309b43f1aff6633ae0a963abb,,,0.1,10.0,0.04000000000000001,0.0025000000000000005,0.010000000000000002,0,full,True
ACT,177,8000219,metaworld,True,55,0.27000856900122017,0,0,0,0,0.0,,True,False,,b4d307cf013abadcc3c7142978b0a3567510afed7e0a280ab06576db214bbcd2,5dab9ea09f41c6bcf76a778fec235e41b2ca78bc226d49a2cf5818fef53b3bc9,942fb6a87dc1e3eb7bf7bb111c97e7096138256b4a9a6b4c62a012fabe8bec38,,,0.1,10.0,0.04000000000000001,0.0025000000000000005,0.010000000000000002,0,full,True
ACT,178,8000220,metaworld,True,54,0.2681030070016277,0,0,0,0,0.0,,True,False,,2933c9a729609d48df620bed6a24b4e461015dbec87c41b03c479c24ef73ccbe,5dab9ea09f41c6bcf76a778fec235e41b2ca78bc226d49a2cf5818fef53b3bc9,acfaed29b052207b47b4b7fa76672795fd08de3add8565db05f141de82ece90b,,,0.1,10.0,0.04000000000000001,0.0025000000000000005,0.010000000000000002,0,full,True
ACT,179,8000221,metaworld,True,56,0.2769076770018728,0,0,0,0,0.0,,True,False,,ee0351473689bcf64f33065d15b5c194e961151952842a62d9f7c230e913548c,5dab9ea09f41c6bcf76a778fec235e41b2ca78bc226d49a2cf5818fef53b3bc9,f6a9ed9055e00c868d6771022c2c557a6a48990bdacbed585d07cde857d4755a,,,0.1,10.0,0.04000000000000001,0.0025000000000000005,0.010000000000000002,0,full,True
ACT,180,8000222,metaworld,True,56,0.27631969100184506,0,0,0,0,0.0,,True,False,,da73c64463d4af5ac19dbb2f2ccc5adaea0350ddf5c4cfe09cddcedad391f3e0,5dab9ea09f41c6bcf76a778fec235e41b2ca78bc226d49a2cf5818fef53b3bc9,25805a097f1f4b8c203ec3c130dcd3e66b5fb3ad298114a08662aae6c86fa673,,,0.1,10.0,0.04000000000000001,0.0025000000000000005,0.010000000000000002,0,full,True
ACT,181,8000223,metaworld,True,55,0.26969274899965967,0,0,0,0,0.0,,True,False,,da65b7e60221e9e31df2ca300dc702ac573e1ab006331bcdce50077b80b5280b,5dab9ea09f41c6bcf76a778fec235e41b2ca78bc226d49a2cf5818fef53b3bc9,25805a097f1f4b8c203ec3c130dcd3e66b5fb3ad298114a08662aae6c86fa673,,,0.1,10.0,0.04000000000000001,0.0025000000000000005,0.010000000000000002,0,full,True
ACT,182,8000224,metaworld,True,53,0.2592935649990977,0,0,0,0,0.0,,True,False,,f277bf24b7dd8d946f965065fbcac26a67df9a0c2caeb1f43b48764bf7b92143,5dab9ea09f41c6bcf76a778fec235e41b2ca78bc226d49a2cf5818fef53b3bc9,342b72dafe0e47ecf8a937cb01e62ac02c2d77bf93dafca59574cbbbfc4ad77b,,,0.1,10.0,0.04000000000000001,0.0025000000000000005,0.010000000000000002,0,full,True
ACT,183,8000225,metaworld,True,49,0.3019448100021691,0,0,0,0,0.0,,True,False,,1222f895a335bb3dff72c3d9b228aaecf107b1b8b7afdd91f1d2ff32122ec135,5dab9ea09f41c6bcf76a778fec235e41b2ca78bc226d49a2cf5818fef53b3bc9,bb2c6b1aed959fa3ddddb1c215ce67cbb5b0ec080eb65fb58e06b7776849a096,,,0.1,10.0,0.04000000000000001,0.0025000000000000005,0.010000000000000002,0,full,True
ACT,184,8000226,metaworld,True,60,0.3287856790011574,0,0,0,0,0.0,,True,False,,5c99bcc5dfa4621a907d85607297abceb92d36139b1c414d4df54fe7bce11482,5dab9ea09f41c6bcf76a778fec235e41b2ca78bc226d49a2cf5818fef53b3bc9,e216352c7f1c7392270c7c501bb599f2a46f420613a124fda0729ab88160cdf2,,,0.1,10.0,0.04000000000000001,0.0025000000000000005,0.010000000000000002,0,full,True
ACT,185,8000227,metaworld,True,51,0.2804665029980242,0,0,0,0,0.0,,True,False,,c0a2274f58cfe752631fe381353edf47495f68d7d1c93c092a0addefa80f8fd9,5dab9ea09f41c6bcf76a778fec235e41b2ca78bc226d49a2cf5818fef53b3bc9,342b72dafe0e47ecf8a937cb01e62ac02c2d77bf93dafca59574cbbbfc4ad77b,,,0.1,10.0,0.04000000000000001,0.0025000000000000005,0.010000000000000002,0,full,True
ACT,186,8000228,metaworld,True,48,0.23824942799910787,0,0,0,0,0.0,,True,False,,bc8bbccf15ee77585fbc5e4a1a27015118d31b13b9f6e76a096a6b50810d1929,5dab9ea09f41c6bcf76a778fec235e41b2ca78bc226d49a2cf5818fef53b3bc9,cea0b9105255f82e0ee99bfb3998a6edce02b446d4b14afb0747282cd18aa202,,,0.1,10.0,0.04000000000000001,0.0025000000000000005,0.010000000000000002,0,full,True
ACT,187,8000229,metaworld,True,54,0.2620824099976744,0,0,0,0,0.0,,True,False,,44d903099e3f060035103d4f6643863ba45a038157e1d3838e75d28d87798f4d,5dab9ea09f41c6bcf76a778fec235e41b2ca78bc226d49a2cf5818fef53b3bc9,acfaed29b052207b47b4b7fa76672795fd08de3add8565db05f141de82ece90b,,,0.1,10.0,0.04000000000000001,0.0025000000000000005,0.010000000000000002,0,full,True
ACT,188,8000230,metaworld,True,53,0.263155958000425,0,0,0,0,0.0,,True,False,,cfb551f22c97a19b625210ae8853348cfef545aedf9d49f539f9ee8b33b8844f,5dab9ea09f41c6bcf76a778fec235e41b2ca78bc226d49a2cf5818fef53b3bc9,6943489118fc060756e24fd47685e2c10173293d54af0af7e8afa9e287c9c5f1,,,0.1,10.0,0.04000000000000001,0.0025000000000000005,0.010000000000000002,0,full,True
ACT,189,8000231,metaworld,True,54,0.26894123099918943,0,0,0,0,0.0,,True,False,,c0bc91010af884d367cd9cb4583f603641dff0df22358d3a427065870c04adf6,5dab9ea09f41c6bcf76a778fec235e41b2ca78bc226d49a2cf5818fef53b3bc9,588df85fb38ef87f822932ad2f702be807974873e4a07ea43084bbdeeaac6604,,,0.1,10.0,0.04000000000000001,0.0025000000000000005,0.010000000000000002,0,full,True
ACT,190,8000232,metaworld,True,59,0.29260918100044364,0,0,0,0,0.0,,True,False,,ca1ed2d1e39b52f45c833e6a43b5cd71f617923a857986cf08e755537b3c3c24,5dab9ea09f41c6bcf76a778fec235e41b2ca78bc226d49a2cf5818fef53b3bc9,b8e45a2f8f553d53c6eef0305347f910b9999bcae6df6ccaf0eaee6ac864e670,,,0.1,10.0,0.04000000000000001,0.0025000000000000005,0.010000000000000002,0,full,True
ACT,191,8000233,metaworld,True,53,0.26051194200044847,0,0,0,0,0.0,,True,False,,0aeefa4e6735aef2955361d3cc5fb7cf8abda8e7afbb5877fe244033378b2d43,5dab9ea09f41c6bcf76a778fec235e41b2ca78bc226d49a2cf5818fef53b3bc9,aa1f17aacdf569c3a2930a2ebbf742ff43f8d3acfc772731a5c344cabcd52570,,,0.1,10.0,0.04000000000000001,0.0025000000000000005,0.010000000000000002,0,full,True
ACT,192,8000234,metaworld,True,60,0.29295550199822173,0,0,0,0,0.0,,True,False,,229538fb577bebf395036aea7670e74f0cb1b8e6a2d2c2beaa47829ead7d11fe,5dab9ea09f41c6bcf76a778fec235e41b2ca78bc226d49a2cf5818fef53b3bc9,c5023b3d25031a103b9549b6e8c83ba09d69e708ef117c31128a38e03616e5d8,,,0.1,10.0,0.04000000000000001,0.0025000000000000005,0.010000000000000002,0,full,True
ACT,193,8000235,metaworld,True,51,0.2527548990001378,0,0,0,0,0.0,,True,False,,f858bd6808274761522bd11afbfa62b925fa726f29c8509d7f5e55b75f4f1565,5dab9ea09f41c6bcf76a778fec235e41b2ca78bc226d49a2cf5818fef53b3bc9,aba21ef1c98d0573e36116c9757115227fd3793cba96aea7eda95c2547314ca3,,,0.1,10.0,0.04000000000000001,0.0025000000000000005,0.010000000000000002,0,full,True
ACT,194,8000236,metaworld,True,56,0.2748073379989364,0,0,0,0,0.0,,True,False,,ca32608cb4d75ecf32ae4f9888df7de8e668be673dc3a1ade7490887dcb459ae,5dab9ea09f41c6bcf76a778fec235e41b2ca78bc226d49a2cf5818fef53b3bc9,64ee837add19202e84553431fdab118462cf5265eeae19a4d044b5a6818f771d,,,0.1,10.0,0.04000000000000001,0.0025000000000000005,0.010000000000000002,0,full,True
ACT,195,8000237,metaworld,True,53,0.2657837360020494,0,0,0,0,0.0,,True,False,,f57805df706a7c131f6d23c074d8e4f3bf2a43ac9a9827a6cee04b3e8b56eb9f,5dab9ea09f41c6bcf76a778fec235e41b2ca78bc226d49a2cf5818fef53b3bc9,aba21ef1c98d0573e36116c9757115227fd3793cba96aea7eda95c2547314ca3,,,0.1,10.0,0.04000000000000001,0.0025000000000000005,0.010000000000000002,0,full,True
ACT,196,8000238,metaworld,True,52,0.25844499499726226,0,0,0,0,0.0,,True,False,,ff1671d6f6d8520a1e232207465c18535facc63836d97367db56ca53b9947395,5dab9ea09f41c6bcf76a778fec235e41b2ca78bc226d49a2cf5818fef53b3bc9,acfaed29b052207b47b4b7fa76672795fd08de3add8565db05f141de82ece90b,,,0.1,10.0,0.04000000000000001,0.0025000000000000005,0.010000000000000002,0,full,True
ACT,197,8000239,metaworld,True,57,0.28260392299853265,0,0,0,0,0.0,,True,False,,abc8263598fc25fed3c922a60c94ebf7f5b22c855145e5c1b92038a229819919,5dab9ea09f41c6bcf76a778fec235e41b2ca78bc226d49a2cf5818fef53b3bc9,6cb8d983459a8e57d4ae53a86da2394015cabba2d7c306dcaf7b14af979ca230,,,0.1,10.0,0.04000000000000001,0.0025000000000000005,0.010000000000000002,0,full,True
ACT,198,8000240,metaworld,True,54,0.2676145479999832,0,0,0,0,0.0,,True,False,,a3d9bad7d3a85605eb1033018c848d5778e77b077353a43bddc38629bbf7c557,5dab9ea09f41c6bcf76a778fec235e41b2ca78bc226d49a2cf5818fef53b3bc9,742509487aeb71d366f1ddafa1cb12db2f7cfefe17c4ca89c98cffb67c1c8619,,,0.1,10.0,0.04000000000000001,0.0025000000000000005,0.010000000000000002,0,full,True
ACT,199,8000241,metaworld,True,53,0.26067871199848014,0,0,0,0,0.0,,True,False,,b85424793080d99f9a12dab28b0eaf541207d01fb94831778180c4af8b9ce2e3,5dab9ea09f41c6bcf76a778fec235e41b2ca78bc226d49a2cf5818fef53b3bc9,5e1df472084de78052388a34f03cad3de438ca9b5dc801b5759dd57c66a7482a,,,0.1,10.0,0.04000000000000001,0.0025000000000000005,0.010000000000000002,0,full,True
REIM (ACT + Detector + Recovery),0,8000042,metaworld,True,53,0.18326223300027777,1,1,1,32,0.25225120782852173,task_success_while_recovery_active_per_intervention,True,False,,715d5a0c7842079b83d9c16a76fd2de84c63f4f2195fb852c3a0605aacc68aea,5dab9ea09f41c6bcf76a778fec235e41b2ca78bc226d49a2cf5818fef53b3bc9,f82ceac6f8787ac22c378edc1f141cedcc86bf9309b43f1aff6633ae0a963abb,,,0.1,10.0,0.04000000000000001,0.0025000000000000005,0.010000000000000002,0,full,True
REIM (ACT + Detector + Recovery),1,8000043,metaworld,True,58,0.3145365849995869,0,0,0,0,0.1892118752002716,task_success_while_recovery_active_per_intervention,True,False,,9d1d0c3c57b3832317e72769356f8964ec840f478e21f8222e9fdfcf992fbb77,5dab9ea09f41c6bcf76a778fec235e41b2ca78bc226d49a2cf5818fef53b3bc9,06d355d7aff3b944ab4199c02a94c63d062e5c414c0b195f7b232b607e0ab1ed,,,0.1,10.0,0.04000000000000001,0.0025000000000000005,0.010000000000000002,0,full,True
REIM (ACT + Detector + Recovery),2,8000044,metaworld,True,57,0.31172631500157877,0,0,0,0,0.11075148731470108,task_success_while_recovery_active_per_intervention,True,False,,b7d3618db0381047d091e311b527d4c21ee99a8810d2b4c6fec6574179055ad0,5dab9ea09f41c6bcf76a778fec235e41b2ca78bc226d49a2cf5818fef53b3bc9,f6a9ed9055e00c868d6771022c2c557a6a48990bdacbed585d07cde857d4755a,,,0.1,10.0,0.04000000000000001,0.0025000000000000005,0.010000000000000002,0,full,True
REIM (ACT + Detector + Recovery),3,8000045,metaworld,True,48,0.2599075250000169,0,0,0,0,0.1485702097415924,task_success_while_recovery_active_per_intervention,True,False,,888a39421625d6346901f0c77b1a63aee8cc32868474695bc0b38c4c100397d5,5dab9ea09f41c6bcf76a778fec235e41b2ca78bc226d49a2cf5818fef53b3bc9,5d73f28d4d24cdbcb36a5e5cd61ec1a82f7287ce56d88da8cea912ed757b164c,,,0.1,10.0,0.04000000000000001,0.0025000000000000005,0.010000000000000002,0,full,True
REIM (ACT + Detector + Recovery),4,8000046,metaworld,True,48,0.15626139999949373,1,1,1,29,0.20487470924854279,task_success_while_recovery_active_per_intervention,True,False,,089d99c25cf97c736ab3675504f97f1b83d439e6e38ef08421b60a41c65746d8,5dab9ea09f41c6bcf76a778fec235e41b2ca78bc226d49a2cf5818fef53b3bc9,27e1ed8c670f23dae46752497e383610e58c248d638e3b9b707808a32ce33d4e,,,0.1,10.0,0.04000000000000001,0.0025000000000000005,0.010000000000000002,0,full,True
REIM (ACT + Detector + Recovery),5,8000047,metaworld,True,52,0.28179780099890195,0,0,0,0,0.19139769673347473,task_success_while_recovery_active_per_intervention,True,False,,1b61b178e26a03b58864a6b2a2d894e3a3ca546d63d002a44b8f8447a82e5042,5dab9ea09f41c6bcf76a778fec235e41b2ca78bc226d49a2cf5818fef53b3bc9,38329c6b97bbe7d133bf007c22742dca5f0cd7258f8d7199135c6c2371ae591d,,,0.1,10.0,0.04000000000000001,0.0025000000000000005,0.010000000000000002,0,full,True
REIM (ACT + Detector + Recovery),6,8000048,metaworld,True,55,0.1331360050025978,1,1,1,47,0.3315925598144531,task_success_while_recovery_active_per_intervention,True,False,,281c1c9499e07280975e4af52a9f4c4949ca64eeee90f06d4fd66707baf4d6e5,5dab9ea09f41c6bcf76a778fec235e41b2ca78bc226d49a2cf5818fef53b3bc9,aba21ef1c98d0573e36116c9757115227fd3793cba96aea7eda95c2547314ca3,,,0.1,10.0,0.04000000000000001,0.0025000000000000005,0.010000000000000002,0,full,True
REIM (ACT + Detector + Recovery),7,8000049,metaworld,True,55,0.29829415999847697,0,0,0,0,0.12475702166557312,task_success_while_recovery_active_per_intervention,True,False,,529473c04f0b966c3a492d02f40fbd92e9c4af0876cbd85c0f3dced09d65b290,5dab9ea09f41c6bcf76a778fec235e41b2ca78bc226d49a2cf5818fef53b3bc9,4e97203f8ce1a96cef19545d4c4c300d0de39e4f94bd1941cef7ebc3dd48be02,,,0.1,10.0,0.04000000000000001,0.0025000000000000005,0.010000000000000002,0,full,True
REIM (ACT + Detector + Recovery),8,8000050,metaworld,True,57,0.3128799690020969,0,0,0,0,0.1333341747522354,task_success_while_recovery_active_per_intervention,True,False,,339fc6fda71cc9a8fcd0c6eddf8b322fcd8e490f42c277344fc61d90f7307603,5dab9ea09f41c6bcf76a778fec235e41b2ca78bc226d49a2cf5818fef53b3bc9,64ee837add19202e84553431fdab118462cf5265eeae19a4d044b5a6818f771d,,,0.1,10.0,0.04000000000000001,0.0025000000000000005,0.010000000000000002,0,full,True
REIM (ACT + Detector + Recovery),9,8000051,metaworld,True,56,0.30643168599999626,0,0,0,0,0.1517055630683899,task_success_while_recovery_active_per_intervention,True,False,,108ac2dba7d48e9a800837ad9dc76d09eaa3f9114122bb5198a184eb2cf8c001,5dab9ea09f41c6bcf76a778fec235e41b2ca78bc226d49a2cf5818fef53b3bc9,6cb8d983459a8e57d4ae53a86da2394015cabba2d7c306dcaf7b14af979ca230,,,0.1,10.0,0.04000000000000001,0.0025000000000000005,0.010000000000000002,0,full,True
REIM (ACT + Detector + Recovery),10,8000052,metaworld,True,53,0.14520053100204677,1,1,1,40,0.2677166759967804,task_success_while_recovery_active_per_intervention,True,False,,672cce3315eff491d4a43ea3d745bfd6ad0abc362cb0b317738df505d0fee17c,5dab9ea09f41c6bcf76a778fec235e41b2ca78bc226d49a2cf5818fef53b3bc9,504c23f653f6cdee9d659d9320b164606b319d4f0e9cdf0f3a87e2fc7a98160a,,,0.1,10.0,0.04000000000000001,0.0025000000000000005,0.010000000000000002,0,full,True
REIM (ACT + Detector + Recovery),11,8000053,metaworld,True,62,0.15157155799897737,1,1,1,52,0.2697901725769043,task_success_while_recovery_active_per_intervention,True,False,,ce4882d32353b104c4e0b6270fba704e12c70f1a478bd811751abf0a9b5cd5b7,5dab9ea09f41c6bcf76a778fec235e41b2ca78bc226d49a2cf5818fef53b3bc9,06d355d7aff3b944ab4199c02a94c63d062e5c414c0b195f7b232b607e0ab1ed,,,0.1,10.0,0.04000000000000001,0.0025000000000000005,0.010000000000000002,0,full,True
REIM (ACT + Detector + Recovery),12,8000054,metaworld,True,52,0.2837419419993239,0,0,0,0,0.09942629188299179,task_success_while_recovery_active_per_intervention,True,False,,52d057cf64d85364d6c670a2fdadb9f097cc55529c691f98067927da5006f750,5dab9ea09f41c6bcf76a778fec235e41b2ca78bc226d49a2cf5818fef53b3bc9,742509487aeb71d366f1ddafa1cb12db2f7cfefe17c4ca89c98cffb67c1c8619,,,0.1,10.0,0.04000000000000001,0.0025000000000000005,0.010000000000000002,0,full,True
REIM (ACT + Detector + Recovery),13,8000055,metaworld,True,61,0.14684881500215852,1,1,1,52,0.2466445416212082,task_success_while_recovery_active_per_intervention,True,False,,8cea7666ad98998d9aa6a237e60cfb36d660a337f44a34a04ec215e056a4e998,5dab9ea09f41c6bcf76a778fec235e41b2ca78bc226d49a2cf5818fef53b3bc9,e216352c7f1c7392270c7c501bb599f2a46f420613a124fda0729ab88160cdf2,,,0.1,10.0,0.04000000000000001,0.0025000000000000005,0.010000000000000002,0,full,True
REIM (ACT + Detector + Recovery),14,8000056,metaworld,True,56,0.3052894290012773,0,0,0,0,0.1362128108739853,task_success_while_recovery_active_per_intervention,True,False,,89545fb080e0ad86330bbc4f4d917ec8377edea020bde3c9be1e82eb160a743e,5dab9ea09f41c6bcf76a778fec235e41b2ca78bc226d49a2cf5818fef53b3bc9,64ee837add19202e84553431fdab118462cf5265eeae19a4d044b5a6818f771d,,,0.1,10.0,0.04000000000000001,0.0025000000000000005,0.010000000000000002,0,full,True
REIM (ACT + Detector + Recovery),15,8000057,metaworld,True,49,0.2639847890022793,0,0,0,0,0.1931874006986618,task_success_while_recovery_active_per_intervention,True,False,,938a066ce5a3160b459415f4aed2e54a9428a9ca6ae066d48caa350926b4eef0,5dab9ea09f41c6bcf76a778fec235e41b2ca78bc226d49a2cf5818fef53b3bc9,c40fedd273cade53989af8adc3ca66d02f2d92ca4d97b2f6391a0dd0ab6dbca3,,,0.1,10.0,0.04000000000000001,0.0025000000000000005,0.010000000000000002,0,full,True
REIM (ACT + Detector + Recovery),16,8000058,metaworld,True,55,0.1406614930019714,1,1,1,44,0.31350234150886536,task_success_while_recovery_active_per_intervention,True,False,,dd67c7dbaf96df43e31be6cfcde363eb618f3f2c884b340f20ae2f586783d938,5dab9ea09f41c6bcf76a778fec235e41b2ca78bc226d49a2cf5818fef53b3bc9,942fb6a87dc1e3eb7bf7bb111c97e7096138256b4a9a6b4c62a012fabe8bec38,,,0.1,10.0,0.04000000000000001,0.0025000000000000005,0.010000000000000002,0,full,True
REIM (ACT + Detector + Recovery),17,8000059,metaworld,True,57,0.13768888000049628,1,1,1,48,0.36440977454185486,task_success_while_recovery_active_per_intervention,True,False,,e60ee6eb03dee313f38feb99186ee64223b8d924a4793ca2ac20d9f78726b282,5dab9ea09f41c6bcf76a778fec235e41b2ca78bc226d49a2cf5818fef53b3bc9,0f719f94ef165c0b816b8b10c3f4f5fcf802c9f5a25141035590310315749280,,,0.1,10.0,0.04000000000000001,0.0025000000000000005,0.010000000000000002,0,full,True
REIM (ACT + Detector + Recovery),18,8000060,metaworld,True,57,0.3415697499985981,0,0,0,0,0.1431988626718521,task_success_while_recovery_active_per_intervention,True,False,,5d73dfb3971696fd8d08036c3847feb407bf1678b4ae3a25dec96cf3092aed48,5dab9ea09f41c6bcf76a778fec235e41b2ca78bc226d49a2cf5818fef53b3bc9,b8e45a2f8f553d53c6eef0305347f910b9999bcae6df6ccaf0eaee6ac864e670,,,0.1,10.0,0.04000000000000001,0.0025000000000000005,0.010000000000000002,0,full,True
REIM (ACT + Detector + Recovery),19,8000061,metaworld,True,58,0.3611502890016709,0,0,0,0,0.12488158792257309,task_success_while_recovery_active_per_intervention,True,False,,429302392801008aad074e8ae48b15634d4d9ca2a0667ca7c173dbce120ccf66,5dab9ea09f41c6bcf76a778fec235e41b2ca78bc226d49a2cf5818fef53b3bc9,06d355d7aff3b944ab4199c02a94c63d062e5c414c0b195f7b232b607e0ab1ed,,,0.1,10.0,0.04000000000000001,0.0025000000000000005,0.010000000000000002,0,full,True
REIM (ACT + Detector + Recovery),20,8000062,metaworld,True,53,0.17972067200025776,1,1,1,34,0.20892545580863953,task_success_while_recovery_active_per_intervention,True,False,,c629671c4ebd1d0156baa4dabdc6df72a3af04431ac6f4729d9509f5e3baeddf,5dab9ea09f41c6bcf76a778fec235e41b2ca78bc226d49a2cf5818fef53b3bc9,5e1df472084de78052388a34f03cad3de438ca9b5dc801b5759dd57c66a7482a,,,0.1,10.0,0.04000000000000001,0.0025000000000000005,0.010000000000000002,0,full,True
REIM (ACT + Detector + Recovery),21,8000063,metaworld,True,56,0.3064385460020276,0,0,0,0,0.13650456070899963,task_success_while_recovery_active_per_intervention,True,False,,833f5048bfaa911d5690a63b313cbe94a589c4a0695bd6c5619c092b8ef59210,5dab9ea09f41c6bcf76a778fec235e41b2ca78bc226d49a2cf5818fef53b3bc9,0cda21f8ffacf0a1e40e7b0e858a8e2ddc276972106d4bced99d4404b4a13fd8,,,0.1,10.0,0.04000000000000001,0.0025000000000000005,0.010000000000000002,0,full,True
REIM (ACT + Detector + Recovery),22,8000064,metaworld,True,56,0.30701486700127134,0,0,0,0,0.1528051495552063,task_success_while_recovery_active_per_intervention,True,False,,177b59cf33f11485480f37b11ba1fb2d4945101f9608562d48c269f7e8c3fcec,5dab9ea09f41c6bcf76a778fec235e41b2ca78bc226d49a2cf5818fef53b3bc9,6cb8d983459a8e57d4ae53a86da2394015cabba2d7c306dcaf7b14af979ca230,,,0.1,10.0,0.04000000000000001,0.0025000000000000005,0.010000000000000002,0,full,True
REIM (ACT + Detector + Recovery),23,8000065,metaworld,True,61,0.14989584800059674,1,1,1,51,0.28962400555610657,task_success_while_recovery_active_per_intervention,True,False,,2d1c11ec2fd92cf3160f88474fbf9be848bc348b8b91c80b3ba5b8f7fd604fc0,5dab9ea09f41c6bcf76a778fec235e41b2ca78bc226d49a2cf5818fef53b3bc9,39001749c902e2ab9d015efb8c7644faffff99810b709d3203dc359d5eacdcbd,,,0.1,10.0,0.04000000000000001,0.0025000000000000005,0.010000000000000002,0,full,True
REIM (ACT + Detector + Recovery),24,8000066,metaworld,True,54,0.2975395989997196,0,0,0,0,0.17468003928661346,task_success_while_recovery_active_per_intervention,True,False,,09688b0e20dc094afc58f92c2353d239493c415f74bf6e8f0b8fbdee18ee9a6e,5dab9ea09f41c6bcf76a778fec235e41b2ca78bc226d49a2cf5818fef53b3bc9,56b7f182edcfeefa9301e1edd53d7f36e4418de7e6df1b54b0f0c298cde1b3cd,,,0.1,10.0,0.04000000000000001,0.0025000000000000005,0.010000000000000002,0,full,True
REIM (ACT + Detector + Recovery),25,8000067,metaworld,True,61,0.1456772390010883,1,1,1,53,0.25643566250801086,task_success_while_recovery_active_per_intervention,True,False,,dddf935bf2815116145232466cbc0d53c3c38237dcecd8b20558502907f72027,5dab9ea09f41c6bcf76a778fec235e41b2ca78bc226d49a2cf5818fef53b3bc9,e216352c7f1c7392270c7c501bb599f2a46f420613a124fda0729ab88160cdf2,,,0.1,10.0,0.04000000000000001,0.0025000000000000005,0.010000000000000002,0,full,True
REIM (ACT + Detector + Recovery),26,8000068,metaworld,True,53,0.1989351850024832,1,1,1,26,0.21050260961055756,task_success_while_recovery_active_per_intervention,True,False,,fc5e73a887f8588ad9990f9826d0987607cad2b949d72f337d62de5114cd5fb4,5dab9ea09f41c6bcf76a778fec235e41b2ca78bc226d49a2cf5818fef53b3bc9,2eb279a724955c1a9d173681940490ec9cc8ed4fdc15a95533884a23d4ccdb4e,,,0.1,10.0,0.04000000000000001,0.0025000000000000005,0.010000000000000002,0,full,True
REIM (ACT + Detector + Recovery),27,8000069,metaworld,True,50,0.2737828709978203,0,0,0,0,0.13801203668117523,task_success_while_recovery_active_per_intervention,True,False,,5c87136df39ffc251ba7c7988e18939d9af6e6a9b0afa03331df9d6ddce75d31,5dab9ea09f41c6bcf76a778fec235e41b2ca78bc226d49a2cf5818fef53b3bc9,15a9adece7ebea14bdf37f5376e274c6dce4711281025cf35060933ba9ab8ad3,,,0.1,10.0,0.04000000000000001,0.0025000000000000005,0.010000000000000002,0,full,True
REIM (ACT + Detector + Recovery),28,8000070,metaworld,True,47,0.2588736420002533,0,0,0,0,0.14467379450798035,task_success_while_recovery_active_per_intervention,True,False,,14e3a3d33aa45144c8d030c7506934553669957b994cd87a9d87118d26b543dd,5dab9ea09f41c6bcf76a778fec235e41b2ca78bc226d49a2cf5818fef53b3bc9,5d73f28d4d24cdbcb36a5e5cd61ec1a82f7287ce56d88da8cea912ed757b164c,,,0.1,10.0,0.04000000000000001,0.0025000000000000005,0.010000000000000002,0,full,True
REIM (ACT + Detector + Recovery),29,8000071,metaworld,True,51,0.28117288800058304,0,0,0,0,0.18878422677516937,task_success_while_recovery_active_per_intervention,True,False,,d9154f9f0c3577155dfd7f855d92a89c62fbb2184baaa6fc021b9cd288989e67,5dab9ea09f41c6bcf76a778fec235e41b2ca78bc226d49a2cf5818fef53b3bc9,5e1df472084de78052388a34f03cad3de438ca9b5dc801b5759dd57c66a7482a,,,0.1,10.0,0.04000000000000001,0.0025000000000000005,0.010000000000000002,0,full,True
REIM (ACT + Detector + Recovery),30,8000072,metaworld,True,57,0.1371288199989067,1,1,1,49,0.3966587483882904,task_success_while_recovery_active_per_intervention,True,False,,f9a0c0ca294deb143be54ec3b9921a4133d6c6e3592e65af706c96c7565a8ad7,5dab9ea09f41c6bcf76a778fec235e41b2ca78bc226d49a2cf5818fef53b3bc9,aba21ef1c98d0573e36116c9757115227fd3793cba96aea7eda95c2547314ca3,,,0.1,10.0,0.04000000000000001,0.0025000000000000005,0.010000000000000002,0,full,True
REIM (ACT + Detector + Recovery),31,8000073,metaworld,True,57,0.31673941999906674,0,0,0,0,0.13920406997203827,task_success_while_recovery_active_per_intervention,True,False,,954ee3f5b21273c07baa84969470f15bb08077e5741c5e18ba9b5bb2ddcfc13a,5dab9ea09f41c6bcf76a778fec235e41b2ca78bc226d49a2cf5818fef53b3bc9,b8e45a2f8f553d53c6eef0305347f910b9999bcae6df6ccaf0eaee6ac864e670,,,0.1,10.0,0.04000000000000001,0.0025000000000000005,0.010000000000000002,0,full,True
REIM (ACT + Detector + Recovery),32,8000074,metaworld,True,57,0.13571231499736314,1,1,1,49,0.4611193835735321,task_success_while_recovery_active_per_intervention,True,False,,e8edd1ea15cd99fa07c29b31ee7ae2c65288447f2cf3f5ffc6ca1dfc7338e032,5dab9ea09f41c6bcf76a778fec235e41b2ca78bc226d49a2cf5818fef53b3bc9,ba19e0623fe05add91e00811bacb33e27305f5fcb6549be6f6278ebce6046101,,,0.1,10.0,0.04000000000000001,0.0025000000000000005,0.010000000000000002,0,full,True
REIM (ACT + Detector + Recovery),33,8000075,metaworld,True,58,0.17897737300154404,1,1,1,39,0.28906214237213135,task_success_while_recovery_active_per_intervention,True,False,,3eeaf09d60fff23a57f3df1ca350b63ee1b148363d1ae981d992d3d5ee52c772,5dab9ea09f41c6bcf76a778fec235e41b2ca78bc226d49a2cf5818fef53b3bc9,8a99d46d6d04afe3e2ef92bb607dde5e178b5c37506006c4f364e345976453b1,,,0.1,10.0,0.04000000000000001,0.0025000000000000005,0.010000000000000002,0,full,True
REIM (ACT + Detector + Recovery),34,8000076,metaworld,True,56,0.3068337069998961,0,0,0,0,0.11649195104837418,task_success_while_recovery_active_per_intervention,True,False,,85ba53f3cddb9b6b56d17002c185f9def3435e9916c385febc085c98dcd49a92,5dab9ea09f41c6bcf76a778fec235e41b2ca78bc226d49a2cf5818fef53b3bc9,4e97203f8ce1a96cef19545d4c4c300d0de39e4f94bd1941cef7ebc3dd48be02,,,0.1,10.0,0.04000000000000001,0.0025000000000000005,0.010000000000000002,0,full,True
REIM (ACT + Detector + Recovery),35,8000077,metaworld,True,62,0.15808216499863192,1,1,1,53,0.28063419461250305,task_success_while_recovery_active_per_intervention,True,False,,c13bb984bf266057025c2ea8b3c782308eb97499654db35f91f4466aaee41034,5dab9ea09f41c6bcf76a778fec235e41b2ca78bc226d49a2cf5818fef53b3bc9,06d355d7aff3b944ab4199c02a94c63d062e5c414c0b195f7b232b607e0ab1ed,,,0.1,10.0,0.04000000000000001,0.0025000000000000005,0.010000000000000002,0,full,True
REIM (ACT + Detector + Recovery),36,8000078,metaworld,True,59,0.15508402200066485,1,1,1,50,0.25279656052589417,task_success_while_recovery_active_per_intervention,True,False,,2e5937a787e711a198058bf2c3e87857cb7f20e630c54201ff138be382f40877,5dab9ea09f41c6bcf76a778fec235e41b2ca78bc226d49a2cf5818fef53b3bc9,39001749c902e2ab9d015efb8c7644faffff99810b709d3203dc359d5eacdcbd,,,0.1,10.0,0.04000000000000001,0.0025000000000000005,0.010000000000000002,0,full,True
REIM (ACT + Detector + Recovery),37,8000079,metaworld,True,59,0.22140931299873046,1,1,1,31,0.3493174612522125,task_success_while_recovery_active_per_intervention,True,False,,3ff2fa6aa9f3b0c7ad4da5fdf196a0347ef63594f9ffb0187b31e995ee046cd1,5dab9ea09f41c6bcf76a778fec235e41b2ca78bc226d49a2cf5818fef53b3bc9,8a99d46d6d04afe3e2ef92bb607dde5e178b5c37506006c4f364e345976453b1,,,0.1,10.0,0.04000000000000001,0.0025000000000000005,0.010000000000000002,0,full,True
REIM (ACT + Detector + Recovery),38,8000080,metaworld,True,48,0.2636213340010727,0,0,0,0,0.14852374792099,task_success_while_recovery_active_per_intervention,True,False,,8d48c7d45c8a34cabe63e571f38919b536801c61a0009739d0a28cad9b6ecf57,5dab9ea09f41c6bcf76a778fec235e41b2ca78bc226d49a2cf5818fef53b3bc9,5d73f28d4d24cdbcb36a5e5cd61ec1a82f7287ce56d88da8cea912ed757b164c,,,0.1,10.0,0.04000000000000001,0.0025000000000000005,0.010000000000000002,0,full,True
REIM (ACT + Detector + Recovery),39,8000081,metaworld,True,59,0.3272913670007256,0,0,0,0,0.15938112139701843,task_success_while_recovery_active_per_intervention,True,False,,439a781f6027cb12b1e4c9e54f81adc57d67bad15bbea60200b2c2c6c3ce55e0,5dab9ea09f41c6bcf76a778fec235e41b2ca78bc226d49a2cf5818fef53b3bc9,a8cfe6e2276fbd15230c5555255b87d17333bdd29f84f687df7405d0311fae7f,,,0.1,10.0,0.04000000000000001,0.0025000000000000005,0.010000000000000002,0,full,True
REIM (ACT + Detector + Recovery),40,8000082,metaworld,True,53,0.1882467870018445,1,1,1,29,0.23621928691864014,task_success_while_recovery_active_per_intervention,True,False,,8c46f64bf9d5a2c1bad9da76fd5024e91138c6595819c3876c219ea28fc9fce4,5dab9ea09f41c6bcf76a778fec235e41b2ca78bc226d49a2cf5818fef53b3bc9,f82ceac6f8787ac22c378edc1f141cedcc86bf9309b43f1aff6633ae0a963abb,,,0.1,10.0,0.04000000000000001,0.0025000000000000005,0.010000000000000002,0,full,True
REIM (ACT + Detector + Recovery),41,8000083,metaworld,True,57,0.31914155400227173,0,0,0,0,0.12761136889457703,task_success_while_recovery_active_per_intervention,True,False,,c04387c7d0ee1c00977fe03ed3a685a660088bfd0b8b22221c9547334d90d027,5dab9ea09f41c6bcf76a778fec235e41b2ca78bc226d49a2cf5818fef53b3bc9,4e97203f8ce1a96cef19545d4c4c300d0de39e4f94bd1941cef7ebc3dd48be02,,,0.1,10.0,0.04000000000000001,0.0025000000000000005,0.010000000000000002,0,full,True
REIM (ACT + Detector + Recovery),42,8000084,metaworld,True,48,0.2658436259989685,0,0,0,0,0.13926587998867035,task_success_while_recovery_active_per_intervention,True,False,,dc6bbaf50386be35e409a89b992e717a34907acccc351974ff797d86b5e8232c,5dab9ea09f41c6bcf76a778fec235e41b2ca78bc226d49a2cf5818fef53b3bc9,5d73f28d4d24cdbcb36a5e5cd61ec1a82f7287ce56d88da8cea912ed757b164c,,,0.1,10.0,0.04000000000000001,0.0025000000000000005,0.010000000000000002,0,full,True
REIM (ACT + Detector + Recovery),43,8000085,metaworld,True,57,0.1397711130011885,1,1,1,49,0.2760497033596039,task_success_while_recovery_active_per_intervention,True,False,,d1ab2a45af9ee28c746c81139742b8405ec5acda2d0a46eb09de07a6fdafe2da,5dab9ea09f41c6bcf76a778fec235e41b2ca78bc226d49a2cf5818fef53b3bc9,aba21ef1c98d0573e36116c9757115227fd3793cba96aea7eda95c2547314ca3,,,0.1,10.0,0.04000000000000001,0.0025000000000000005,0.010000000000000002,0,full,True
REIM (ACT + Detector + Recovery),44,8000086,metaworld,True,49,0.1548400049978227,1,1,1,34,0.24425671994686127,task_success_while_recovery_active_per_intervention,True,False,,f7d68082a51cfb15f74da5e0575b2bc9474af7c4b2c46da5bb487bc14a8a202b,5dab9ea09f41c6bcf76a778fec235e41b2ca78bc226d49a2cf5818fef53b3bc9,27e1ed8c670f23dae46752497e383610e58c248d638e3b9b707808a32ce33d4e,,,0.1,10.0,0.04000000000000001,0.0025000000000000005,0.010000000000000002,0,full,True
REIM (ACT + Detector + Recovery),45,8000087,metaworld,True,57,0.13995971300028032,1,1,1,48,0.33800315856933594,task_success_while_recovery_active_per_intervention,True,False,,4d60860cf7fd27908341afedca6951e710e4b91f73771b6d347ccfa13e3fafe0,5dab9ea09f41c6bcf76a778fec235e41b2ca78bc226d49a2cf5818fef53b3bc9,ba19e0623fe05add91e00811bacb33e27305f5fcb6549be6f6278ebce6046101,,,0.1,10.0,0.04000000000000001,0.0025000000000000005,0.010000000000000002,0,full,True
REIM (ACT + Detector + Recovery),46,8000088,metaworld,True,61,0.1518586439997307,1,1,1,51,0.22120358049869537,task_success_while_recovery_active_per_intervention,True,False,,46c48ce627a82377d099328202800b0dc668120233e4a58e8185ffc504833799,5dab9ea09f41c6bcf76a778fec235e41b2ca78bc226d49a2cf5818fef53b3bc9,e216352c7f1c7392270c7c501bb599f2a46f420613a124fda0729ab88160cdf2,,,0.1,10.0,0.04000000000000001,0.0025000000000000005,0.010000000000000002,0,full,True
REIM (ACT + Detector + Recovery),47,8000089,metaworld,True,53,0.18874463300016942,1,1,1,29,0.2245398610830307,task_success_while_recovery_active_per_intervention,True,False,,fda8bdf5712ac7b504e8cda490010657f3907a1a0d2dc09b006d3ee85ebff774,5dab9ea09f41c6bcf76a778fec235e41b2ca78bc226d49a2cf5818fef53b3bc9,f82ceac6f8787ac22c378edc1f141cedcc86bf9309b43f1aff6633ae0a963abb,,,0.1,10.0,0.04000000000000001,0.0025000000000000005,0.010000000000000002,0,full,True
REIM (ACT + Detector + Recovery),48,8000090,metaworld,True,58,0.3387639370012039,0,0,0,0,0.14239776134490967,task_success_while_recovery_active_per_intervention,True,False,,10686c1f158c98928a625256706d927ae92046f4209c3891b79a9acb6d5d5747,5dab9ea09f41c6bcf76a778fec235e41b2ca78bc226d49a2cf5818fef53b3bc9,b8e45a2f8f553d53c6eef0305347f910b9999bcae6df6ccaf0eaee6ac864e670,,,0.1,10.0,0.04000000000000001,0.0025000000000000005,0.010000000000000002,0,full,True
REIM (ACT + Detector + Recovery),49,8000091,metaworld,True,53,0.15941895600190037,1,1,1,40,0.21378257870674133,task_success_while_recovery_active_per_intervention,True,False,,fda3d895af4ac39d1222fe0101537200edb8d6a482193455db7f8d448a17cacf,5dab9ea09f41c6bcf76a778fec235e41b2ca78bc226d49a2cf5818fef53b3bc9,c40fedd273cade53989af8adc3ca66d02f2d92ca4d97b2f6391a0dd0ab6dbca3,,,0.1,10.0,0.04000000000000001,0.0025000000000000005,0.010000000000000002,0,full,True
REIM (ACT + Detector + Recovery),50,8000092,metaworld,True,57,0.3347365780027758,0,0,0,0,0.11729966849088669,task_success_while_recovery_active_per_intervention,True,False,,462e0bac3e6455ba7384582f0d4c5985117c910fed74afb90ec69fab7bb6862a,5dab9ea09f41c6bcf76a778fec235e41b2ca78bc226d49a2cf5818fef53b3bc9,48ce9609a38b32e56f7e6a43ffef71c21c8b1d17ed5a63d47701bc1dfc3ff271,,,0.1,10.0,0.04000000000000001,0.0025000000000000005,0.010000000000000002,0,full,True
REIM (ACT + Detector + Recovery),51,8000093,metaworld,True,51,0.2971709169978567,0,0,0,0,0.16089950501918793,task_success_while_recovery_active_per_intervention,True,False,,350fe16aeff254492e9752ffc78be3d5d2b512542886e4cd3b58a23d0865a366,5dab9ea09f41c6bcf76a778fec235e41b2ca78bc226d49a2cf5818fef53b3bc9,2ad5907877cc42b4447b9630988e3a1f0da0d83e1f696f71e22dc69905e631b6,,,0.1,10.0,0.04000000000000001,0.0025000000000000005,0.010000000000000002,0,full,True
REIM (ACT + Detector + Recovery),52,8000094,metaworld,True,56,0.22513469800105668,1,1,1,27,0.2637716233730316,task_success_while_recovery_active_per_intervention,True,False,,f283c497b6301748d0eba4142077244b4d374178ac2e853dffc0ec9150153d8e,5dab9ea09f41c6bcf76a778fec235e41b2ca78bc226d49a2cf5818fef53b3bc9,8a99d46d6d04afe3e2ef92bb607dde5e178b5c37506006c4f364e345976453b1,,,0.1,10.0,0.04000000000000001,0.0025000000000000005,0.010000000000000002,0,full,True
REIM (ACT + Detector + Recovery),53,8000095,metaworld,True,57,0.17609316599919111,1,1,1,41,0.24755099415779114,task_success_while_recovery_active_per_intervention,True,False,,a1684eeccf43d51f4027e9a6806302eb46cb7748143035fec77f3bab857a3446,5dab9ea09f41c6bcf76a778fec235e41b2ca78bc226d49a2cf5818fef53b3bc9,942fb6a87dc1e3eb7bf7bb111c97e7096138256b4a9a6b4c62a012fabe8bec38,,,0.1,10.0,0.04000000000000001,0.0025000000000000005,0.010000000000000002,0,full,True
REIM (ACT + Detector + Recovery),54,8000096,metaworld,True,57,0.3236956900000223,0,0,0,0,0.12409874051809311,task_success_while_recovery_active_per_intervention,True,False,,000551a7b0d1fe4f31487512fd48fa403af5cba70a4ebfcf1b0a8b41cb5e291b,5dab9ea09f41c6bcf76a778fec235e41b2ca78bc226d49a2cf5818fef53b3bc9,4e97203f8ce1a96cef19545d4c4c300d0de39e4f94bd1941cef7ebc3dd48be02,,,0.1,10.0,0.04000000000000001,0.0025000000000000005,0.010000000000000002,0,full,True
REIM (ACT + Detector + Recovery),55,8000097,metaworld,True,53,0.3040248689976579,0,0,0,0,0.1008811742067337,task_success_while_recovery_active_per_intervention,True,False,,0ab65985fabd8e782c901ffbd541be42ec887eeb2ec96c6fe1da1826261c8e25,5dab9ea09f41c6bcf76a778fec235e41b2ca78bc226d49a2cf5818fef53b3bc9,742509487aeb71d366f1ddafa1cb12db2f7cfefe17c4ca89c98cffb67c1c8619,,,0.1,10.0,0.04000000000000001,0.0025000000000000005,0.010000000000000002,0,full,True
REIM (ACT + Detector + Recovery),56,8000098,metaworld,True,49,0.2783661520006717,0,0,0,0,0.19897903501987457,task_success_while_recovery_active_per_intervention,True,False,,348437ccbc57c46c322a8750a207a86ce296cd01759fa516f07b39b787fada4e,5dab9ea09f41c6bcf76a778fec235e41b2ca78bc226d49a2cf5818fef53b3bc9,08a97a6dfa17f78b5cc5b1351d60038e4a40a68fc93722672482714333b1d9b5,,,0.1,10.0,0.04000000000000001,0.0025000000000000005,0.010000000000000002,0,full,True
REIM (ACT + Detector + Recovery),57,8000099,metaworld,True,55,0.1429629769991152,1,1,1,48,0.3474377989768982,task_success_while_recovery_active_per_intervention,True,False,,4569bf5d8a00341102a48600b7bf440af2f33caa4484202934cb48166c099835,5dab9ea09f41c6bcf76a778fec235e41b2ca78bc226d49a2cf5818fef53b3bc9,35203d16cfa98b5f2e002fcb1ffde2400abf9459c161f6a289efa0c46eddb36f,,,0.1,10.0,0.04000000000000001,0.0025000000000000005,0.010000000000000002,0,full,True
REIM (ACT + Detector + Recovery),58,8000100,metaworld,True,55,0.6177347849989019,0,0,0,0,0.19575846195220947,task_success_while_recovery_active_per_intervention,True,False,,a2f1e4553ba96b7cc464603c077cf29ce6633850c0e71c3f1a332c11fa938e48,5dab9ea09f41c6bcf76a778fec235e41b2ca78bc226d49a2cf5818fef53b3bc9,64ee837add19202e84553431fdab118462cf5265eeae19a4d044b5a6818f771d,,,0.1,10.0,0.04000000000000001,0.0025000000000000005,0.010000000000000002,0,full,True
REIM (ACT + Detector + Recovery),59,8000101,metaworld,True,63,0.1838997279992327,1,1,1,54,0.31543442606925964,task_success_while_recovery_active_per_intervention,True,False,,b24d52f1f615a45cb19131c5e0e7ad85c35e1f20d114b7b3357f9f0a7ff77003,5dab9ea09f41c6bcf76a778fec235e41b2ca78bc226d49a2cf5818fef53b3bc9,06d355d7aff3b944ab4199c02a94c63d062e5c414c0b195f7b232b607e0ab1ed,,,0.1,10.0,0.04000000000000001,0.0025000000000000005,0.010000000000000002,0,full,True
REIM (ACT + Detector + Recovery),60,8000102,metaworld,True,49,0.17831176899926504,1,1,1,28,0.2411874383687973,task_success_while_recovery_active_per_intervention,True,False,,dd5a2492f45415f08c429d54c416123a26b05fb8af0192947dd8e7c7e5936ac7,5dab9ea09f41c6bcf76a778fec235e41b2ca78bc226d49a2cf5818fef53b3bc9,08a97a6dfa17f78b5cc5b1351d60038e4a40a68fc93722672482714333b1d9b5,,,0.1,10.0,0.04000000000000001,0.0025000000000000005,0.010000000000000002,0,full,True
REIM (ACT + Detector + Recovery),61,8000103,metaworld,True,58,0.1543330780004908,1,1,1,48,0.2609325051307678,task_success_while_recovery_active_per_intervention,True,False,,70a7dccf257d715dfc9d8a760b1e54c973c0c43364444d4f2623acf8bddcfd9a,5dab9ea09f41c6bcf76a778fec235e41b2ca78bc226d49a2cf5818fef53b3bc9,0f719f94ef165c0b816b8b10c3f4f5fcf802c9f5a25141035590310315749280,,,0.1,10.0,0.04000000000000001,0.0025000000000000005,0.010000000000000002,0,full,True
REIM (ACT + Detector + Recovery),62,8000104,metaworld,True,54,0.13817689099960262,1,1,1,46,0.29209962487220764,task_success_while_recovery_active_per_intervention,True,False,,3884e9427c4fcfb2bbc049b2037c89ce4e79f6dd0b56c68500fc112ef7751415,5dab9ea09f41c6bcf76a778fec235e41b2ca78bc226d49a2cf5818fef53b3bc9,35203d16cfa98b5f2e002fcb1ffde2400abf9459c161f6a289efa0c46eddb36f,,,0.1,10.0,0.04000000000000001,0.0025000000000000005,0.010000000000000002,0,full,True
REIM (ACT + Detector + Recovery),63,8000105,metaworld,True,55,0.3315540100011276,0,0,0,0,0.12674322724342346,task_success_while_recovery_active_per_intervention,True,False,,8366d18da227c1c7e5a1da1695f8200da490b6c4e46b620d2c23d24bd00db709,5dab9ea09f41c6bcf76a778fec235e41b2ca78bc226d49a2cf5818fef53b3bc9,4e97203f8ce1a96cef19545d4c4c300d0de39e4f94bd1941cef7ebc3dd48be02,,,0.1,10.0,0.04000000000000001,0.0025000000000000005,0.010000000000000002,0,full,True
REIM (ACT + Detector + Recovery),64,8000106,metaworld,True,58,0.3273052389995428,0,0,0,0,0.15823733806610107,task_success_while_recovery_active_per_intervention,True,False,,85a453e6b6fb6f67ffbcc5acee7b8bb0910d5032612e1673e983fdc35489d156,5dab9ea09f41c6bcf76a778fec235e41b2ca78bc226d49a2cf5818fef53b3bc9,06d355d7aff3b944ab4199c02a94c63d062e5c414c0b195f7b232b607e0ab1ed,,,0.1,10.0,0.04000000000000001,0.0025000000000000005,0.010000000000000002,0,full,True
REIM (ACT + Detector + Recovery),65,8000107,metaworld,True,58,0.3300233310001204,0,0,0,0,0.17347264289855957,task_success_while_recovery_active_per_intervention,True,False,,c3e9f12b2862dbd318dbcfb2a492a5f686170276ba10d42381272d87a04dccc3,5dab9ea09f41c6bcf76a778fec235e41b2ca78bc226d49a2cf5818fef53b3bc9,0cda21f8ffacf0a1e40e7b0e858a8e2ddc276972106d4bced99d4404b4a13fd8,,,0.1,10.0,0.04000000000000001,0.0025000000000000005,0.010000000000000002,0,full,True
REIM (ACT + Detector + Recovery),66,8000108,metaworld,True,50,0.2957904509967193,0,0,0,0,0.16953428089618683,task_success_while_recovery_active_per_intervention,True,False,,4ab299410ad1a39a3205269c754ff099b23f3121a886292c54ab376c95bf465e,5dab9ea09f41c6bcf76a778fec235e41b2ca78bc226d49a2cf5818fef53b3bc9,2ad5907877cc42b4447b9630988e3a1f0da0d83e1f696f71e22dc69905e631b6,,,0.1,10.0,0.04000000000000001,0.0025000000000000005,0.010000000000000002,0,full,True
REIM (ACT + Detector + Recovery),67,8000109,metaworld,True,59,0.33429974200043944,0,0,0,0,0.14834582805633545,task_success_while_recovery_active_per_intervention,True,False,,8f2e49a3503657c887662e31ee357361eef2a88e629025a29183643c526fc202,5dab9ea09f41c6bcf76a778fec235e41b2ca78bc226d49a2cf5818fef53b3bc9,a8cfe6e2276fbd15230c5555255b87d17333bdd29f84f687df7405d0311fae7f,,,0.1,10.0,0.04000000000000001,0.0025000000000000005,0.010000000000000002,0,full,True
REIM (ACT + Detector + Recovery),68,8000110,metaworld,True,57,0.15262707199872239,1,1,1,47,0.3234526813030243,task_success_while_recovery_active_per_intervention,True,False,,61a1caefe8c765ccb35e56b3f8d3062cb104c02578b7a861fe631f20acea4df6,5dab9ea09f41c6bcf76a778fec235e41b2ca78bc226d49a2cf5818fef53b3bc9,0f719f94ef165c0b816b8b10c3f4f5fcf802c9f5a25141035590310315749280,,,0.1,10.0,0.04000000000000001,0.0025000000000000005,0.010000000000000002,0,full,True
REIM (ACT + Detector + Recovery),69,8000111,metaworld,True,61,0.16917788499995368,1,1,1,51,0.26613566279411316,task_success_while_recovery_active_per_intervention,True,False,,5332947db45f344bee20d083ef9591146a264b4de4806f7d408a6aa1c0787a54,5dab9ea09f41c6bcf76a778fec235e41b2ca78bc226d49a2cf5818fef53b3bc9,3183afb500ebb9a5af177cccb5b5889a8321eb35261f8ec571269f8b5ed9cd1a,,,0.1,10.0,0.04000000000000001,0.0025000000000000005,0.010000000000000002,0,full,True
REIM (ACT + Detector + Recovery),70,8000112,metaworld,True,58,0.35532797899941215,0,0,0,0,0.10882341116666794,task_success_while_recovery_active_per_intervention,True,False,,9e21b27e95cfa412491bb6a99b6a14b673fcb548b893f324ea461ffe41903958,5dab9ea09f41c6bcf76a778fec235e41b2ca78bc226d49a2cf5818fef53b3bc9,a8cfe6e2276fbd15230c5555255b87d17333bdd29f84f687df7405d0311fae7f,,,0.1,10.0,0.04000000000000001,0.0025000000000000005,0.010000000000000002,0,full,True
REIM (ACT + Detector + Recovery),71,8000113,metaworld,True,55,0.20789289599997574,1,1,1,33,0.2604887783527374,task_success_while_recovery_active_per_intervention,True,False,,68a57b642829e679ebd9ae95b44ecae4a746deb323b8a643aa19d7df5e6274ec,5dab9ea09f41c6bcf76a778fec235e41b2ca78bc226d49a2cf5818fef53b3bc9,f82ceac6f8787ac22c378edc1f141cedcc86bf9309b43f1aff6633ae0a963abb,,,0.1,10.0,0.04000000000000001,0.0025000000000000005,0.010000000000000002,0,full,True
REIM (ACT + Detector + Recovery),72,8000114,metaworld,True,47,0.27511904900165973,0,0,0,0,0.17059600353240967,task_success_while_recovery_active_per_intervention,True,False,,1c2f06a4dc22a6bd9450e07889cf4eba6d82b75baa0768129fc421be026ef23e,5dab9ea09f41c6bcf76a778fec235e41b2ca78bc226d49a2cf5818fef53b3bc9,e6e55bdbd77dc052facbc072d20b08a21d116978c37627b9a3d9dc7989dfbe62,,,0.1,10.0,0.04000000000000001,0.0025000000000000005,0.010000000000000002,0,full,True
REIM (ACT + Detector + Recovery),73,8000115,metaworld,True,60,0.34665518200199585,0,0,0,0,0.14593897759914398,task_success_while_recovery_active_per_intervention,True,False,,7818f145854900f63172d1ef3aff0575f558f0e42b46e275969f731c5be5d387,5dab9ea09f41c6bcf76a778fec235e41b2ca78bc226d49a2cf5818fef53b3bc9,1c856fdcb5da12c3fa2d15b38741aa980fa3a47e64fb99f8635817590128f9ea,,,0.1,10.0,0.04000000000000001,0.0025000000000000005,0.010000000000000002,0,full,True
REIM (ACT + Detector + Recovery),74,8000116,metaworld,True,48,0.1580592099999194,1,1,1,30,0.21635214984416962,task_success_while_recovery_active_per_intervention,True,False,,9a39bb551845e8590393cdeb066e039666c2dec4bca88f736573961999a8fdca,5dab9ea09f41c6bcf76a778fec235e41b2ca78bc226d49a2cf5818fef53b3bc9,27e1ed8c670f23dae46752497e383610e58c248d638e3b9b707808a32ce33d4e,,,0.1,10.0,0.04000000000000001,0.0025000000000000005,0.010000000000000002,0,full,True
REIM (ACT + Detector + Recovery),75,8000117,metaworld,True,59,0.1565240679992712,1,1,1,49,0.2957988977432251,task_success_while_recovery_active_per_intervention,True,False,,a1e92124789f357fa38c418aecf6fea179ed635d86695b849d2f361b77bd5b96,5dab9ea09f41c6bcf76a778fec235e41b2ca78bc226d49a2cf5818fef53b3bc9,3183afb500ebb9a5af177cccb5b5889a8321eb35261f8ec571269f8b5ed9cd1a,,,0.1,10.0,0.04000000000000001,0.0025000000000000005,0.010000000000000002,0,full,True
REIM (ACT + Detector + Recovery),76,8000118,metaworld,True,51,0.30042949999915436,0,0,0,0,0.15596017241477966,task_success_while_recovery_active_per_intervention,True,False,,7d4747cc28edbe0e6364e09783cf1a15ef90442318304d746c3f3f665e213990,5dab9ea09f41c6bcf76a778fec235e41b2ca78bc226d49a2cf5818fef53b3bc9,acfaed29b052207b47b4b7fa76672795fd08de3add8565db05f141de82ece90b,,,0.1,10.0,0.04000000000000001,0.0025000000000000005,0.010000000000000002,0,full,True
REIM (ACT + Detector + Recovery),77,8000119,metaworld,True,52,0.28579551499933586,0,0,0,0,0.17784389853477478,task_success_while_recovery_active_per_intervention,True,False,,a7f27e3d58eaa9f35a4a6d9bc49e4cf9036cc3178b7b661d8d5f583b7f2493a6,5dab9ea09f41c6bcf76a778fec235e41b2ca78bc226d49a2cf5818fef53b3bc9,7c3391ee418e26d47c002810bc00065e4dd0b6728c969d2338ad549ad01ebb0a,,,0.1,10.0,0.04000000000000001,0.0025000000000000005,0.010000000000000002,0,full,True
REIM (ACT + Detector + Recovery),78,8000120,metaworld,True,54,0.3033550110012584,0,0,0,0,0.15932001173496246,task_success_while_recovery_active_per_intervention,True,False,,6a1f0b000328653d1877be00c2f61d50c183d03b1e80c41d97df4727b8d5c649,5dab9ea09f41c6bcf76a778fec235e41b2ca78bc226d49a2cf5818fef53b3bc9,64ee837add19202e84553431fdab118462cf5265eeae19a4d044b5a6818f771d,,,0.1,10.0,0.04000000000000001,0.0025000000000000005,0.010000000000000002,0,full,True
REIM (ACT + Detector + Recovery),79,8000121,metaworld,True,57,0.31783915699998033,0,0,0,0,0.12410083413124084,task_success_while_recovery_active_per_intervention,True,False,,f6046eb80b214347943853c39917e09f0a4be43eeff1d4bacd42f250ffd53943,5dab9ea09f41c6bcf76a778fec235e41b2ca78bc226d49a2cf5818fef53b3bc9,25805a097f1f4b8c203ec3c130dcd3e66b5fb3ad298114a08662aae6c86fa673,,,0.1,10.0,0.04000000000000001,0.0025000000000000005,0.010000000000000002,0,full,True
REIM (ACT + Detector + Recovery),80,8000122,metaworld,True,55,0.18453971299823024,1,1,1,33,0.2520735561847687,task_success_while_recovery_active_per_intervention,True,False,,258a20b5c7bea60a4b5b61933377348f7b7d2dc96dc1af1c63f89efc774526f6,5dab9ea09f41c6bcf76a778fec235e41b2ca78bc226d49a2cf5818fef53b3bc9,2eb279a724955c1a9d173681940490ec9cc8ed4fdc15a95533884a23d4ccdb4e,,,0.1,10.0,0.04000000000000001,0.0025000000000000005,0.010000000000000002,0,full,True
REIM (ACT + Detector + Recovery),81,8000123,metaworld,True,55,0.30671490500026266,0,0,0,0,0.1212196871638298,task_success_while_recovery_active_per_intervention,True,False,,45c615655865d195c6dd02c7b92cb2782a8f58154bdaa23b87dfa9964479ae14,5dab9ea09f41c6bcf76a778fec235e41b2ca78bc226d49a2cf5818fef53b3bc9,25805a097f1f4b8c203ec3c130dcd3e66b5fb3ad298114a08662aae6c86fa673,,,0.1,10.0,0.04000000000000001,0.0025000000000000005,0.010000000000000002,0,full,True
REIM (ACT + Detector + Recovery),82,8000124,metaworld,True,53,0.12820535900027608,1,1,1,46,0.43284639716148376,task_success_while_recovery_active_per_intervention,True,False,,b4df63a1f7a48698f31a11ac384e298f69482955b9dda9eafc9f8b066b30eb79,5dab9ea09f41c6bcf76a778fec235e41b2ca78bc226d49a2cf5818fef53b3bc9,bb2c6b1aed959fa3ddddb1c215ce67cbb5b0ec080eb65fb58e06b7776849a096,,,0.1,10.0,0.04000000000000001,0.0025000000000000005,0.010000000000000002,0,full,True
REIM (ACT + Detector + Recovery),83,8000125,metaworld,True,49,0.2747218509975937,0,0,0,0,0.1849467009305954,task_success_while_recovery_active_per_intervention,True,False,,9e96247f1bb2f6a01c0b08145b3674a16afa09382a5a1549a9479d70d1f7d11a,5dab9ea09f41c6bcf76a778fec235e41b2ca78bc226d49a2cf5818fef53b3bc9,08a97a6dfa17f78b5cc5b1351d60038e4a40a68fc93722672482714333b1d9b5,,,0.1,10.0,0.04000000000000001,0.0025000000000000005,0.010000000000000002,0,full,True
REIM (ACT + Detector + Recovery),84,8000126,metaworld,True,55,0.3040228880017821,0,0,0,0,0.11406748741865158,task_success_while_recovery_active_per_intervention,True,False,,09bf8116666e73557f92c6820f218590c32c90f3ba103d0a19d61bbf05a3031b,5dab9ea09f41c6bcf76a778fec235e41b2ca78bc226d49a2cf5818fef53b3bc9,25805a097f1f4b8c203ec3c130dcd3e66b5fb3ad298114a08662aae6c86fa673,,,0.1,10.0,0.04000000000000001,0.0025000000000000005,0.010000000000000002,0,full,True
REIM (ACT + Detector + Recovery),85,8000127,metaworld,True,59,0.3423879459987802,0,0,0,0,0.1424219161272049,task_success_while_recovery_active_per_intervention,True,False,,f43885354226ac679bed113897e89e361b391dc6f505cc790ae1e9d3de9a498e,5dab9ea09f41c6bcf76a778fec235e41b2ca78bc226d49a2cf5818fef53b3bc9,1c856fdcb5da12c3fa2d15b38741aa980fa3a47e64fb99f8635817590128f9ea,,,0.1,10.0,0.04000000000000001,0.0025000000000000005,0.010000000000000002,0,full,True
REIM (ACT + Detector + Recovery),86,8000128,metaworld,True,56,0.16070992900131387,1,1,1,42,0.22345642745494843,task_success_while_recovery_active_per_intervention,True,False,,726d338e1454a01d064f5f04569d8aa068b21b1b312b6d64125ec654129a579a,5dab9ea09f41c6bcf76a778fec235e41b2ca78bc226d49a2cf5818fef53b3bc9,5e1df472084de78052388a34f03cad3de438ca9b5dc801b5759dd57c66a7482a,,,0.1,10.0,0.04000000000000001,0.0025000000000000005,0.010000000000000002,0,full,True
REIM (ACT + Detector + Recovery),87,8000129,metaworld,True,59,0.3300342609982181,0,0,0,0,0.1487303376197815,task_success_while_recovery_active_per_intervention,True,False,,69ed15ea45317a6c7c211c9b6742cb291a6b0a69100d675eeeaae77ae4138238,5dab9ea09f41c6bcf76a778fec235e41b2ca78bc226d49a2cf5818fef53b3bc9,1c856fdcb5da12c3fa2d15b38741aa980fa3a47e64fb99f8635817590128f9ea,,,0.1,10.0,0.04000000000000001,0.0025000000000000005,0.010000000000000002,0,full,True
REIM (ACT + Detector + Recovery),88,8000130,metaworld,True,56,0.2060731970013876,1,1,1,29,0.24533620476722717,task_success_while_recovery_active_per_intervention,True,False,,085e0f243b6b425f1f67ddf6e4dccebd55082d6037b6075dd993de7882e7a42e,5dab9ea09f41c6bcf76a778fec235e41b2ca78bc226d49a2cf5818fef53b3bc9,942fb6a87dc1e3eb7bf7bb111c97e7096138256b4a9a6b4c62a012fabe8bec38,,,0.1,10.0,0.04000000000000001,0.0025000000000000005,0.010000000000000002,0,full,True
REIM (ACT + Detector + Recovery),89,8000131,metaworld,True,57,0.144453032000456,1,1,1,48,0.37366601824760437,task_success_while_recovery_active_per_intervention,True,False,,0a193efe7759c14f8e4a00508697d1e6346544784833199c025cac26c96d5f68,5dab9ea09f41c6bcf76a778fec235e41b2ca78bc226d49a2cf5818fef53b3bc9,0f719f94ef165c0b816b8b10c3f4f5fcf802c9f5a25141035590310315749280,,,0.1,10.0,0.04000000000000001,0.0025000000000000005,0.010000000000000002,0,full,True
REIM (ACT + Detector + Recovery),90,8000132,metaworld,True,53,0.14893843900063075,1,1,1,41,0.21250861883163452,task_success_while_recovery_active_per_intervention,True,False,,7ed528f6868ea1489e9cc538ec3ec6742adc786e207a969fd25898eed91d2554,5dab9ea09f41c6bcf76a778fec235e41b2ca78bc226d49a2cf5818fef53b3bc9,c40fedd273cade53989af8adc3ca66d02f2d92ca4d97b2f6391a0dd0ab6dbca3,,,0.1,10.0,0.04000000000000001,0.0025000000000000005,0.010000000000000002,0,full,True
REIM (ACT + Detector + Recovery),91,8000133,metaworld,True,52,0.29335868599810055,0,0,0,0,0.194118931889534,task_success_while_recovery_active_per_intervention,True,False,,c75fe006f17420f73598f8b1cbcf17b0a966c90e4903b20f297af7c0a5ad67e5,5dab9ea09f41c6bcf76a778fec235e41b2ca78bc226d49a2cf5818fef53b3bc9,38329c6b97bbe7d133bf007c22742dca5f0cd7258f8d7199135c6c2371ae591d,,,0.1,10.0,0.04000000000000001,0.0025000000000000005,0.010000000000000002,0,full,True
REIM (ACT + Detector + Recovery),92,8000134,metaworld,True,56,0.3150630070012994,0,0,0,0,0.11957556009292603,task_success_while_recovery_active_per_intervention,True,False,,32ec5f5954c85a21c9181191c4d56d847b94011c16e7520fdd9e1b37552053c5,5dab9ea09f41c6bcf76a778fec235e41b2ca78bc226d49a2cf5818fef53b3bc9,48ce9609a38b32e56f7e6a43ffef71c21c8b1d17ed5a63d47701bc1dfc3ff271,,,0.1,10.0,0.04000000000000001,0.0025000000000000005,0.010000000000000002,0,full,True
REIM (ACT + Detector + Recovery),93,8000135,metaworld,True,56,0.31649089800339425,0,0,0,0,0.10702425986528397,task_success_while_recovery_active_per_intervention,True,False,,6075b67ab649bd6b2c588c476933956dbf70864a7f3341a3ce9379e99ef7aed9,5dab9ea09f41c6bcf76a778fec235e41b2ca78bc226d49a2cf5818fef53b3bc9,48ce9609a38b32e56f7e6a43ffef71c21c8b1d17ed5a63d47701bc1dfc3ff271,,,0.1,10.0,0.04000000000000001,0.0025000000000000005,0.010000000000000002,0,full,True
REIM (ACT + Detector + Recovery),94,8000136,metaworld,True,52,0.13041834300020128,1,1,1,45,0.40966272354125977,task_success_while_recovery_active_per_intervention,True,False,,f548508cf2809e4b8fdc07c5a48fc51478eeaa987fd03712ff87e5433d7772d2,5dab9ea09f41c6bcf76a778fec235e41b2ca78bc226d49a2cf5818fef53b3bc9,bb2c6b1aed959fa3ddddb1c215ce67cbb5b0ec080eb65fb58e06b7776849a096,,,0.1,10.0,0.04000000000000001,0.0025000000000000005,0.010000000000000002,0,full,True
REIM (ACT + Detector + Recovery),95,8000137,metaworld,True,48,0.1630776349993539,1,1,1,29,0.2269228994846344,task_success_while_recovery_active_per_intervention,True,False,,23320a2a32bd11e34510f66390df9983d9f6b166e759e26b56de53da2b0bf118,5dab9ea09f41c6bcf76a778fec235e41b2ca78bc226d49a2cf5818fef53b3bc9,27e1ed8c670f23dae46752497e383610e58c248d638e3b9b707808a32ce33d4e,,,0.1,10.0,0.04000000000000001,0.0025000000000000005,0.010000000000000002,0,full,True
REIM (ACT + Detector + Recovery),96,8000138,metaworld,True,50,0.29401036099807243,0,0,0,0,0.19360658526420593,task_success_while_recovery_active_per_intervention,True,False,,d89b5ee388a55cc53aca8c4a611bbeb798a90b1b9737fddf76c4d49410194e7f,5dab9ea09f41c6bcf76a778fec235e41b2ca78bc226d49a2cf5818fef53b3bc9,08a97a6dfa17f78b5cc5b1351d60038e4a40a68fc93722672482714333b1d9b5,,,0.1,10.0,0.04000000000000001,0.0025000000000000005,0.010000000000000002,0,full,True
REIM (ACT + Detector + Recovery),97,8000139,metaworld,True,58,0.3295264749976923,0,0,0,0,0.16182841360569,task_success_while_recovery_active_per_intervention,True,False,,6e159398740150910cebe64de611c8c45de4e35b706feadd0912c20b87055b64,5dab9ea09f41c6bcf76a778fec235e41b2ca78bc226d49a2cf5818fef53b3bc9,b8e45a2f8f553d53c6eef0305347f910b9999bcae6df6ccaf0eaee6ac864e670,,,0.1,10.0,0.04000000000000001,0.0025000000000000005,0.010000000000000002,0,full,True
REIM (ACT + Detector + Recovery),98,8000140,metaworld,True,53,0.20947449599771062,1,1,1,25,0.21215863525867462,task_success_while_recovery_active_per_intervention,True,False,,800afdc699f79637ee85bfa75d1241772ca4d130c98746c2b698c64e919fbbfb,5dab9ea09f41c6bcf76a778fec235e41b2ca78bc226d49a2cf5818fef53b3bc9,f82ceac6f8787ac22c378edc1f141cedcc86bf9309b43f1aff6633ae0a963abb,,,0.1,10.0,0.04000000000000001,0.0025000000000000005,0.010000000000000002,0,full,True
REIM (ACT + Detector + Recovery),99,8000141,metaworld,True,54,0.206279039997753,1,1,1,27,0.22213301062583923,task_success_while_recovery_active_per_intervention,True,False,,ec3a946527731c0eb744ad9619b08eb6b619e223abf6e932354fdadd5bb1bc88,5dab9ea09f41c6bcf76a778fec235e41b2ca78bc226d49a2cf5818fef53b3bc9,f82ceac6f8787ac22c378edc1f141cedcc86bf9309b43f1aff6633ae0a963abb,,,0.1,10.0,0.04000000000000001,0.0025000000000000005,0.010000000000000002,0,full,True
REIM (ACT + Detector + Recovery),100,8000142,metaworld,True,61,0.15483063599822344,1,1,1,51,0.2046354115009308,task_success_while_recovery_active_per_intervention,True,False,,d540c1997526662f40182eeb4471eb16a9ebe2e121e9c78323721e5737fc310a,5dab9ea09f41c6bcf76a778fec235e41b2ca78bc226d49a2cf5818fef53b3bc9,e216352c7f1c7392270c7c501bb599f2a46f420613a124fda0729ab88160cdf2,,,0.1,10.0,0.04000000000000001,0.0025000000000000005,0.010000000000000002,0,full,True
REIM (ACT + Detector + Recovery),101,8000143,metaworld,True,54,0.13487752500077477,1,1,1,46,0.3110548257827759,task_success_while_recovery_active_per_intervention,True,False,,94723965603cbf8ccf8c04673e7365e2a6da64997095aafdb9e59a51f6381cd9,5dab9ea09f41c6bcf76a778fec235e41b2ca78bc226d49a2cf5818fef53b3bc9,35203d16cfa98b5f2e002fcb1ffde2400abf9459c161f6a289efa0c46eddb36f,,,0.1,10.0,0.04000000000000001,0.0025000000000000005,0.010000000000000002,0,full,True
REIM (ACT + Detector + Recovery),102,8000144,metaworld,True,51,0.16439254299984896,1,1,1,34,0.2859443426132202,task_success_while_recovery_active_per_intervention,True,False,,78b12a414a53e3014a472e8604c909307eb5a722f56b8e5e0b70a3c7dd598456,5dab9ea09f41c6bcf76a778fec235e41b2ca78bc226d49a2cf5818fef53b3bc9,504c23f653f6cdee9d659d9320b164606b319d4f0e9cdf0f3a87e2fc7a98160a,,,0.1,10.0,0.04000000000000001,0.0025000000000000005,0.010000000000000002,0,full,True
REIM (ACT + Detector + Recovery),103,8000145,metaworld,True,58,0.3403359520016238,0,0,0,0,0.13843810558319092,task_success_while_recovery_active_per_intervention,True,False,,7a5738fc583016aae7b120a2721d249e304865b5518a7d24c693f2c20f686a83,5dab9ea09f41c6bcf76a778fec235e41b2ca78bc226d49a2cf5818fef53b3bc9,a0b103bf3e43f4aa92753185301eba5e2e31594285004b99f51a59b33bd2d620,,,0.1,10.0,0.04000000000000001,0.0025000000000000005,0.010000000000000002,0,full,True
REIM (ACT + Detector + Recovery),104,8000146,metaworld,True,52,0.29791563899925677,0,0,0,0,0.12472295016050339,task_success_while_recovery_active_per_intervention,True,False,,c98700a272208259b82075f778e7a5ea2c2bf92b2652016fbd8417c4ce2282b5,5dab9ea09f41c6bcf76a778fec235e41b2ca78bc226d49a2cf5818fef53b3bc9,56b7f182edcfeefa9301e1edd53d7f36e4418de7e6df1b54b0f0c298cde1b3cd,,,0.1,10.0,0.04000000000000001,0.0025000000000000005,0.010000000000000002,0,full,True
REIM (ACT + Detector + Recovery),105,8000147,metaworld,True,49,0.27963489499961725,0,0,0,0,0.18545156717300415,task_success_while_recovery_active_per_intervention,True,False,,29dbed53b610e90e5757f2ae4da98133cb4a6d4af2bc6149372a95ce29710dc8,5dab9ea09f41c6bcf76a778fec235e41b2ca78bc226d49a2cf5818fef53b3bc9,08a97a6dfa17f78b5cc5b1351d60038e4a40a68fc93722672482714333b1d9b5,,,0.1,10.0,0.04000000000000001,0.0025000000000000005,0.010000000000000002,0,full,True
REIM (ACT + Detector + Recovery),106,8000148,metaworld,True,50,0.1772512560019095,1,1,1,28,0.21327805519104004,task_success_while_recovery_active_per_intervention,True,False,,9059b57e108470f65d4302bc37c4d56e33e931e1cf9f5e6399ef03051af62e9d,5dab9ea09f41c6bcf76a778fec235e41b2ca78bc226d49a2cf5818fef53b3bc9,08a97a6dfa17f78b5cc5b1351d60038e4a40a68fc93722672482714333b1d9b5,,,0.1,10.0,0.04000000000000001,0.0025000000000000005,0.010000000000000002,0,full,True
REIM (ACT + Detector + Recovery),107,8000149,metaworld,True,56,0.323116060000757,0,0,0,0,0.1691601425409317,task_success_while_recovery_active_per_intervention,True,False,,43d1a60f8ad35b130bb564e6f3dc3c0a04517ce7853bbe2a5ff528091037bd96,5dab9ea09f41c6bcf76a778fec235e41b2ca78bc226d49a2cf5818fef53b3bc9,524e161a612d94c222d06154bcd0129d0851b8fad51ae883abbef6e86d43cbb0,,,0.1,10.0,0.04000000000000001,0.0025000000000000005,0.010000000000000002,0,full,True
REIM (ACT + Detector + Recovery),108,8000150,metaworld,True,46,0.2693232359997637,0,0,0,0,0.14666040241718292,task_success_while_recovery_active_per_intervention,True,False,,21a86049162c4612fe7d34bc8187e6fe2916656e0c048c69ec5546f539c68363,5dab9ea09f41c6bcf76a778fec235e41b2ca78bc226d49a2cf5818fef53b3bc9,5d73f28d4d24cdbcb36a5e5cd61ec1a82f7287ce56d88da8cea912ed757b164c,,,0.1,10.0,0.04000000000000001,0.0025000000000000005,0.010000000000000002,0,full,True
REIM (ACT + Detector + Recovery),109,8000151,metaworld,True,53,0.18220581499917898,1,1,1,34,0.23953260481357574,task_success_while_recovery_active_per_intervention,True,False,,68320d507b6d0e85d258ef86965c0cef652f4fee7552c914ace6148ab2b205d9,5dab9ea09f41c6bcf76a778fec235e41b2ca78bc226d49a2cf5818fef53b3bc9,aa1f17aacdf569c3a2930a2ebbf742ff43f8d3acfc772731a5c344cabcd52570,,,0.1,10.0,0.04000000000000001,0.0025000000000000005,0.010000000000000002,0,full,True
REIM (ACT + Detector + Recovery),110,8000152,metaworld,True,49,0.2773095039992768,0,0,0,0,0.17635490000247955,task_success_while_recovery_active_per_intervention,True,False,,f301b0059ccf650fea3cf8950687121ee5d0fc3174396da313a42c5c9bbaed4f,5dab9ea09f41c6bcf76a778fec235e41b2ca78bc226d49a2cf5818fef53b3bc9,cea0b9105255f82e0ee99bfb3998a6edce02b446d4b14afb0747282cd18aa202,,,0.1,10.0,0.04000000000000001,0.0025000000000000005,0.010000000000000002,0,full,True
REIM (ACT + Detector + Recovery),111,8000153,metaworld,True,47,0.2691600729995116,0,0,0,0,0.15133927762508392,task_success_while_recovery_active_per_intervention,True,False,,22ec6dd51bf6d96e553648a69600dbc326344505f5050864c7c6a47bff837180,5dab9ea09f41c6bcf76a778fec235e41b2ca78bc226d49a2cf5818fef53b3bc9,e6e55bdbd77dc052facbc072d20b08a21d116978c37627b9a3d9dc7989dfbe62,,,0.1,10.0,0.04000000000000001,0.0025000000000000005,0.010000000000000002,0,full,True
REIM (ACT + Detector + Recovery),112,8000154,metaworld,True,54,0.18174190900026588,1,1,1,35,0.21166075766086578,task_success_while_recovery_active_per_intervention,True,False,,387f83803b7d1cdfe5f6ad24f9606fdccd5e0bda8e21a15c3f6c40e9a4eae8c4,5dab9ea09f41c6bcf76a778fec235e41b2ca78bc226d49a2cf5818fef53b3bc9,5e1df472084de78052388a34f03cad3de438ca9b5dc801b5759dd57c66a7482a,,,0.1,10.0,0.04000000000000001,0.0025000000000000005,0.010000000000000002,0,full,True
REIM (ACT + Detector + Recovery),113,8000155,metaworld,True,56,0.2136574530013604,1,1,1,31,0.27291592955589294,task_success_while_recovery_active_per_intervention,True,False,,352b0c0ae8786dcd3b0cfc347ccb57f0af1ee4bf717f0946247a719287ca8fd7,5dab9ea09f41c6bcf76a778fec235e41b2ca78bc226d49a2cf5818fef53b3bc9,8a99d46d6d04afe3e2ef92bb607dde5e178b5c37506006c4f364e345976453b1,,,0.1,10.0,0.04000000000000001,0.0025000000000000005,0.010000000000000002,0,full,True
REIM (ACT + Detector + Recovery),114,8000156,metaworld,True,59,0.330254103999323,0,0,0,0,0.13462020456790924,task_success_while_recovery_active_per_intervention,True,False,,3aae8ec9f1fd331cb67e7e2e24d6c308a91967afdbc29ddfcc13fe965617095c,5dab9ea09f41c6bcf76a778fec235e41b2ca78bc226d49a2cf5818fef53b3bc9,a8cfe6e2276fbd15230c5555255b87d17333bdd29f84f687df7405d0311fae7f,,,0.1,10.0,0.04000000000000001,0.0025000000000000005,0.010000000000000002,0,full,True
REIM (ACT + Detector + Recovery),115,8000157,metaworld,True,51,0.14784640600191779,1,1,1,36,0.22442826628684998,task_success_while_recovery_active_per_intervention,True,False,,20ac4e1755ce841cd307cecfad126ab866e1fa075ecc28ac684ded555b511e24,5dab9ea09f41c6bcf76a778fec235e41b2ca78bc226d49a2cf5818fef53b3bc9,08a97a6dfa17f78b5cc5b1351d60038e4a40a68fc93722672482714333b1d9b5,,,0.1,10.0,0.04000000000000001,0.0025000000000000005,0.010000000000000002,0,full,True
REIM (ACT + Detector + Recovery),116,8000158,metaworld,True,60,0.17619407099846285,1,1,1,41,0.2034159004688263,task_success_while_recovery_active_per_intervention,True,False,,5eaefddefb5f43a9dc6aaf6776d02105a737defdd29ea2b9192223daefa70eba,5dab9ea09f41c6bcf76a778fec235e41b2ca78bc226d49a2cf5818fef53b3bc9,b8e45a2f8f553d53c6eef0305347f910b9999bcae6df6ccaf0eaee6ac864e670,,,0.1,10.0,0.04000000000000001,0.0025000000000000005,0.010000000000000002,0,full,True
REIM (ACT + Detector + Recovery),117,8000159,metaworld,True,58,0.13880578800308285,1,1,1,49,0.3552921414375305,task_success_while_recovery_active_per_intervention,True,False,,fed1ba43ad87dde0cbd3a3b6b3847d0bdc1d9e1edbcca8cca947d9f84280e258,5dab9ea09f41c6bcf76a778fec235e41b2ca78bc226d49a2cf5818fef53b3bc9,0f719f94ef165c0b816b8b10c3f4f5fcf802c9f5a25141035590310315749280,,,0.1,10.0,0.04000000000000001,0.0025000000000000005,0.010000000000000002,0,full,True
REIM (ACT + Detector + Recovery),118,8000160,metaworld,True,54,0.16007703300056164,1,1,1,37,0.24849963188171387,task_success_while_recovery_active_per_intervention,True,False,,dd10ff75b477901dad90657fe2bd12f15c4db2a9e11ddc8a8917a8072829ae08,5dab9ea09f41c6bcf76a778fec235e41b2ca78bc226d49a2cf5818fef53b3bc9,342b72dafe0e47ecf8a937cb01e62ac02c2d77bf93dafca59574cbbbfc4ad77b,,,0.1,10.0,0.04000000000000001,0.0025000000000000005,0.010000000000000002,0,full,True
REIM (ACT + Detector + Recovery),119,8000161,metaworld,True,57,0.1422424010015675,1,1,1,47,0.2836393117904663,task_success_while_recovery_active_per_intervention,True,False,,d8c3683b5ee91a265a6cf8117e6c278dddc01fa8b32f4ea78b77abcfedac4646,5dab9ea09f41c6bcf76a778fec235e41b2ca78bc226d49a2cf5818fef53b3bc9,ba19e0623fe05add91e00811bacb33e27305f5fcb6549be6f6278ebce6046101,,,0.1,10.0,0.04000000000000001,0.0025000000000000005,0.010000000000000002,0,full,True
REIM (ACT + Detector + Recovery),120,8000162,metaworld,True,55,0.14837546399940038,1,1,1,42,0.23150388896465302,task_success_while_recovery_active_per_intervention,True,False,,5a8205cb58b8fec485fd11e67587076d1672f3c63d0f8f5d3610b9ac582b1a8f,5dab9ea09f41c6bcf76a778fec235e41b2ca78bc226d49a2cf5818fef53b3bc9,acfaed29b052207b47b4b7fa76672795fd08de3add8565db05f141de82ece90b,,,0.1,10.0,0.04000000000000001,0.0025000000000000005,0.010000000000000002,0,full,True
REIM (ACT + Detector + Recovery),121,8000163,metaworld,True,55,0.30287439200037625,0,0,0,0,0.13907447457313538,task_success_while_recovery_active_per_intervention,True,False,,303f376dda6c231b9692f10e2817e53cf5e3b52dfa60c0d585f899628538719a,5dab9ea09f41c6bcf76a778fec235e41b2ca78bc226d49a2cf5818fef53b3bc9,0cda21f8ffacf0a1e40e7b0e858a8e2ddc276972106d4bced99d4404b4a13fd8,,,0.1,10.0,0.04000000000000001,0.0025000000000000005,0.010000000000000002,0,full,True
REIM (ACT + Detector + Recovery),122,8000164,metaworld,True,49,0.2722167559986701,0,0,0,0,0.12783417105674744,task_success_while_recovery_active_per_intervention,True,False,,695dd132ca2d791b4c69e8bef1e065e6c804824a76e8ba196010b0a250fe1672,5dab9ea09f41c6bcf76a778fec235e41b2ca78bc226d49a2cf5818fef53b3bc9,15a9adece7ebea14bdf37f5376e274c6dce4711281025cf35060933ba9ab8ad3,,,0.1,10.0,0.04000000000000001,0.0025000000000000005,0.010000000000000002,0,full,True
REIM (ACT + Detector + Recovery),123,8000165,metaworld,True,59,0.15017623199673835,1,1,1,49,0.3406102657318115,task_success_while_recovery_active_per_intervention,True,False,,3f03b405155731dc33b87f3ba9c874a73524d79d84392b2d4729383efafe58fe,5dab9ea09f41c6bcf76a778fec235e41b2ca78bc226d49a2cf5818fef53b3bc9,0f719f94ef165c0b816b8b10c3f4f5fcf802c9f5a25141035590310315749280,,,0.1,10.0,0.04000000000000001,0.0025000000000000005,0.010000000000000002,0,full,True
REIM (ACT + Detector + Recovery),124,8000166,metaworld,True,53,0.1593186969985254,1,1,1,36,0.2573121190071106,task_success_while_recovery_active_per_intervention,True,False,,ec5f36315c1c6b8f25408c4c372fff07cd6c67de8601f65cb36b2d03cdf6c3da,5dab9ea09f41c6bcf76a778fec235e41b2ca78bc226d49a2cf5818fef53b3bc9,aa1f17aacdf569c3a2930a2ebbf742ff43f8d3acfc772731a5c344cabcd52570,,,0.1,10.0,0.04000000000000001,0.0025000000000000005,0.010000000000000002,0,full,True
REIM (ACT + Detector + Recovery),125,8000167,metaworld,True,57,0.306040450999717,0,0,0,0,0.1273232251405716,task_success_while_recovery_active_per_intervention,True,False,,63c47f7444273ddcf87f9262c63e9ecc2de805b3897157f50341d9ff2c81ec9e,5dab9ea09f41c6bcf76a778fec235e41b2ca78bc226d49a2cf5818fef53b3bc9,a0b103bf3e43f4aa92753185301eba5e2e31594285004b99f51a59b33bd2d620,,,0.1,10.0,0.04000000000000001,0.0025000000000000005,0.010000000000000002,0,full,True
REIM (ACT + Detector + Recovery),126,8000168,metaworld,True,51,0.27223542600040673,0,0,0,0,0.1532747745513916,task_success_while_recovery_active_per_intervention,True,False,,a94e0285427ccfcbbd14d74f0d4c58ff410b934e75b74bed3fc2c8221f0167de,5dab9ea09f41c6bcf76a778fec235e41b2ca78bc226d49a2cf5818fef53b3bc9,15a9adece7ebea14bdf37f5376e274c6dce4711281025cf35060933ba9ab8ad3,,,0.1,10.0,0.04000000000000001,0.0025000000000000005,0.010000000000000002,0,full,True
REIM (ACT + Detector + Recovery),127,8000169,metaworld,True,52,0.27823094699851936,0,0,0,0,0.18597738444805145,task_success_while_recovery_active_per_intervention,True,False,,ddb4f4d6baf9b72bd0b70abab331a9f3de4723053b3d67a8700673c4ec1ab32b,5dab9ea09f41c6bcf76a778fec235e41b2ca78bc226d49a2cf5818fef53b3bc9,2ad5907877cc42b4447b9630988e3a1f0da0d83e1f696f71e22dc69905e631b6,,,0.1,10.0,0.04000000000000001,0.0025000000000000005,0.010000000000000002,0,full,True
REIM (ACT + Detector + Recovery),128,8000170,metaworld,True,56,0.20035293999899295,1,1,1,28,0.2165955752134323,task_success_while_recovery_active_per_intervention,True,False,,2fcca70658384fbac0b94fed522559b6fa6e54c41871308049f275143fd6d84a,5dab9ea09f41c6bcf76a778fec235e41b2ca78bc226d49a2cf5818fef53b3bc9,8a99d46d6d04afe3e2ef92bb607dde5e178b5c37506006c4f364e345976453b1,,,0.1,10.0,0.04000000000000001,0.0025000000000000005,0.010000000000000002,0,full,True
REIM (ACT + Detector + Recovery),129,8000171,metaworld,True,50,0.26767692799694487,0,0,0,0,0.18697509169578552,task_success_while_recovery_active_per_intervention,True,False,,a3a4f558f2101345a727ee0f203520560749a367399185555e9f6b2f14edb287,5dab9ea09f41c6bcf76a778fec235e41b2ca78bc226d49a2cf5818fef53b3bc9,08a97a6dfa17f78b5cc5b1351d60038e4a40a68fc93722672482714333b1d9b5,,,0.1,10.0,0.04000000000000001,0.0025000000000000005,0.010000000000000002,0,full,True
REIM (ACT + Detector + Recovery),130,8000172,metaworld,True,53,0.2865845240012277,0,0,0,0,0.19532711803913116,task_success_while_recovery_active_per_intervention,True,False,,b6b1115e46fa1105811c1e96a159b04d00556d83f0b73e2e9b5bf1124dd572fe,5dab9ea09f41c6bcf76a778fec235e41b2ca78bc226d49a2cf5818fef53b3bc9,7c3391ee418e26d47c002810bc00065e4dd0b6728c969d2338ad549ad01ebb0a,,,0.1,10.0,0.04000000000000001,0.0025000000000000005,0.010000000000000002,0,full,True
REIM (ACT + Detector + Recovery),131,8000173,metaworld,True,53,0.12049649899927317,1,1,1,46,0.4057801067829132,task_success_while_recovery_active_per_intervention,True,False,,3c0f8faaafd06616532f849360e88807d12f4011d35d41a72408a7b93910d4d2,5dab9ea09f41c6bcf76a778fec235e41b2ca78bc226d49a2cf5818fef53b3bc9,bb2c6b1aed959fa3ddddb1c215ce67cbb5b0ec080eb65fb58e06b7776849a096,,,0.1,10.0,0.04000000000000001,0.0025000000000000005,0.010000000000000002,0,full,True
REIM (ACT + Detector + Recovery),132,8000174,metaworld,True,52,0.1312023450009292,1,1,1,42,0.24450208246707916,task_success_while_recovery_active_per_intervention,True,False,,e4a7e0256a9cc08a2f7a0b14860c62f9da547186a467f8b1860df43faffec0e8,5dab9ea09f41c6bcf76a778fec235e41b2ca78bc226d49a2cf5818fef53b3bc9,c40fedd273cade53989af8adc3ca66d02f2d92ca4d97b2f6391a0dd0ab6dbca3,,,0.1,10.0,0.04000000000000001,0.0025000000000000005,0.010000000000000002,0,full,True
REIM (ACT + Detector + Recovery),133,8000175,metaworld,True,53,0.1213078350010619,1,1,1,46,0.3967668414115906,task_success_while_recovery_active_per_intervention,True,False,,3779ed8a6b4cdce10223f9b1a749c311f5089ff2860768e39129ff9d2b1c81bd,5dab9ea09f41c6bcf76a778fec235e41b2ca78bc226d49a2cf5818fef53b3bc9,bb2c6b1aed959fa3ddddb1c215ce67cbb5b0ec080eb65fb58e06b7776849a096,,,0.1,10.0,0.04000000000000001,0.0025000000000000005,0.010000000000000002,0,full,True
REIM (ACT + Detector + Recovery),134,8000176,metaworld,True,53,0.2810286999992968,0,0,0,0,0.10965730249881744,task_success_while_recovery_active_per_intervention,True,False,,6026fb6bd1520f2c2fe77eb0017a811d203f7a1468c9ea902851fb83e39b4a44,5dab9ea09f41c6bcf76a778fec235e41b2ca78bc226d49a2cf5818fef53b3bc9,6338b57c8983138382fa5c9ee7bb2d2c200be44368697f7ffa8216ea26ddccaf,,,0.1,10.0,0.04000000000000001,0.0025000000000000005,0.010000000000000002,0,full,True
REIM (ACT + Detector + Recovery),135,8000177,metaworld,True,60,0.32653141199989477,0,0,0,0,0.14210937917232513,task_success_while_recovery_active_per_intervention,True,False,,b86bcb0b0850834a422b8cbcea8ceccb328ab9f918bb9f1a9f56dbc3fed07116,5dab9ea09f41c6bcf76a778fec235e41b2ca78bc226d49a2cf5818fef53b3bc9,1c856fdcb5da12c3fa2d15b38741aa980fa3a47e64fb99f8635817590128f9ea,,,0.1,10.0,0.04000000000000001,0.0025000000000000005,0.010000000000000002,0,full,True
REIM (ACT + Detector + Recovery),136,8000178,metaworld,True,54,0.14545205399917904,1,1,1,41,0.2417990267276764,task_success_while_recovery_active_per_intervention,True,False,,4482c3b5c497ae4a69a6a91c8920080160a52376fb942ac8994af53b368d7637,5dab9ea09f41c6bcf76a778fec235e41b2ca78bc226d49a2cf5818fef53b3bc9,acfaed29b052207b47b4b7fa76672795fd08de3add8565db05f141de82ece90b,,,0.1,10.0,0.04000000000000001,0.0025000000000000005,0.010000000000000002,0,full,True
REIM (ACT + Detector + Recovery),137,8000179,metaworld,True,51,0.27549262899992755,0,0,0,0,0.16743172705173492,task_success_while_recovery_active_per_intervention,True,False,,19776eac0cddf7e89d09d715a4d39777c5e7c32eb59900d7ee8490b27d49aed1,5dab9ea09f41c6bcf76a778fec235e41b2ca78bc226d49a2cf5818fef53b3bc9,2ad5907877cc42b4447b9630988e3a1f0da0d83e1f696f71e22dc69905e631b6,,,0.1,10.0,0.04000000000000001,0.0025000000000000005,0.010000000000000002,0,full,True
REIM (ACT + Detector + Recovery),138,8000180,metaworld,True,52,0.2838781860009476,0,0,0,0,0.14855267107486725,task_success_while_recovery_active_per_intervention,True,False,,a199767ec0b8469fbe0a8215d7a77a4c19deeb3893c49e6e0643d660b82ee071,5dab9ea09f41c6bcf76a778fec235e41b2ca78bc226d49a2cf5818fef53b3bc9,56b7f182edcfeefa9301e1edd53d7f36e4418de7e6df1b54b0f0c298cde1b3cd,,,0.1,10.0,0.04000000000000001,0.0025000000000000005,0.010000000000000002,0,full,True
REIM (ACT + Detector + Recovery),139,8000181,metaworld,True,58,0.1439134690008359,1,1,1,48,0.3004443347454071,task_success_while_recovery_active_per_intervention,True,False,,b12f1d09bdaffa330fd7242621455e3023fe9cb3a867b5fa2a1046d0276bde1b,5dab9ea09f41c6bcf76a778fec235e41b2ca78bc226d49a2cf5818fef53b3bc9,0f719f94ef165c0b816b8b10c3f4f5fcf802c9f5a25141035590310315749280,,,0.1,10.0,0.04000000000000001,0.0025000000000000005,0.010000000000000002,0,full,True
REIM (ACT + Detector + Recovery),140,8000182,metaworld,True,55,0.3007423210001434,0,0,0,0,0.17018134891986847,task_success_while_recovery_active_per_intervention,True,False,,ca33c3baa47dc2e9fd63ec760316ad0903084e49fe90f702fad756e4bfb0cda4,5dab9ea09f41c6bcf76a778fec235e41b2ca78bc226d49a2cf5818fef53b3bc9,6cb8d983459a8e57d4ae53a86da2394015cabba2d7c306dcaf7b14af979ca230,,,0.1,10.0,0.04000000000000001,0.0025000000000000005,0.010000000000000002,0,full,True
REIM (ACT + Detector + Recovery),141,8000183,metaworld,True,58,0.2171334089980519,1,1,1,28,0.23600219190120697,task_success_while_recovery_active_per_intervention,True,False,,86f61f8a9c51e2fd6a8ae80324a8c4e3dc0168ab74406e186680a7fd8d4322dd,5dab9ea09f41c6bcf76a778fec235e41b2ca78bc226d49a2cf5818fef53b3bc9,39001749c902e2ab9d015efb8c7644faffff99810b709d3203dc359d5eacdcbd,,,0.1,10.0,0.04000000000000001,0.0025000000000000005,0.010000000000000002,0,full,True
REIM (ACT + Detector + Recovery),142,8000184,metaworld,True,57,0.31348061300013796,0,0,0,0,0.11523153632879257,task_success_while_recovery_active_per_intervention,True,False,,689e2471a15e5a0916473644dd40ebccad73e670b6a313a656b5caac0f3a9ceb,5dab9ea09f41c6bcf76a778fec235e41b2ca78bc226d49a2cf5818fef53b3bc9,f6a9ed9055e00c868d6771022c2c557a6a48990bdacbed585d07cde857d4755a,,,0.1,10.0,0.04000000000000001,0.0025000000000000005,0.010000000000000002,0,full,True
REIM (ACT + Detector + Recovery),143,8000185,metaworld,True,60,0.14899816300021484,1,1,1,50,0.21606379747390747,task_success_while_recovery_active_per_intervention,True,False,,f61ce382cb078ed55ba1aaf376f7416a756f2f28a9e6721979a88344c4e45ebf,5dab9ea09f41c6bcf76a778fec235e41b2ca78bc226d49a2cf5818fef53b3bc9,39001749c902e2ab9d015efb8c7644faffff99810b709d3203dc359d5eacdcbd,,,0.1,10.0,0.04000000000000001,0.0025000000000000005,0.010000000000000002,0,full,True
REIM (ACT + Detector + Recovery),144,8000186,metaworld,True,55,0.1359485479988507,1,1,1,46,0.28833526372909546,task_success_while_recovery_active_per_intervention,True,False,,f5e5ef2442f1a53b69779bdeccd3c2d20aa18a346844803c0efdfedcdfc2932a,5dab9ea09f41c6bcf76a778fec235e41b2ca78bc226d49a2cf5818fef53b3bc9,588df85fb38ef87f822932ad2f702be807974873e4a07ea43084bbdeeaac6604,,,0.1,10.0,0.04000000000000001,0.0025000000000000005,0.010000000000000002,0,full,True
REIM (ACT + Detector + Recovery),145,8000187,metaworld,True,62,0.3351501380020636,0,0,0,0,0.16630490124225616,task_success_while_recovery_active_per_intervention,True,False,,ae0b60a08d7cc85dd8e227bf478c45e3e61939e159a6416a9ca509208051b5c2,5dab9ea09f41c6bcf76a778fec235e41b2ca78bc226d49a2cf5818fef53b3bc9,c5023b3d25031a103b9549b6e8c83ba09d69e708ef117c31128a38e03616e5d8,,,0.1,10.0,0.04000000000000001,0.0025000000000000005,0.010000000000000002,0,full,True
REIM (ACT + Detector + Recovery),146,8000188,metaworld,True,57,0.14120460400226875,1,1,1,47,0.32422536611557007,task_success_while_recovery_active_per_intervention,True,False,,aa68ad91fb36e4d739e8b330a2aaccd7014c6d583fc9c4a72865f84c0df5b6bc,5dab9ea09f41c6bcf76a778fec235e41b2ca78bc226d49a2cf5818fef53b3bc9,942fb6a87dc1e3eb7bf7bb111c97e7096138256b4a9a6b4c62a012fabe8bec38,,,0.1,10.0,0.04000000000000001,0.0025000000000000005,0.010000000000000002,0,full,True
REIM (ACT + Detector + Recovery),147,8000189,metaworld,True,53,0.28687873799935915,0,0,0,0,0.17717230319976807,task_success_while_recovery_active_per_intervention,True,False,,83a2aa8640d4d9c0ba9777827f000b4f174dde7f085df8accfbc179ed6ced682,5dab9ea09f41c6bcf76a778fec235e41b2ca78bc226d49a2cf5818fef53b3bc9,7c3391ee418e26d47c002810bc00065e4dd0b6728c969d2338ad549ad01ebb0a,,,0.1,10.0,0.04000000000000001,0.0025000000000000005,0.010000000000000002,0,full,True
REIM (ACT + Detector + Recovery),148,8000190,metaworld,True,47,0.26282039000216173,0,0,0,0,0.16556362807750702,task_success_while_recovery_active_per_intervention,True,False,,865f5f994194aabc93b44fcd2bc272fc1e134c8d64e89ed049cc477cec466331,5dab9ea09f41c6bcf76a778fec235e41b2ca78bc226d49a2cf5818fef53b3bc9,cea0b9105255f82e0ee99bfb3998a6edce02b446d4b14afb0747282cd18aa202,,,0.1,10.0,0.04000000000000001,0.0025000000000000005,0.010000000000000002,0,full,True
REIM (ACT + Detector + Recovery),149,8000191,metaworld,True,61,0.15126919099930092,1,1,1,51,0.21183310449123383,task_success_while_recovery_active_per_intervention,True,False,,99de4f9062d05233dff7ea6b4bb80e0a5f0ba439badff3b226778c947ee0e6ec,5dab9ea09f41c6bcf76a778fec235e41b2ca78bc226d49a2cf5818fef53b3bc9,e216352c7f1c7392270c7c501bb599f2a46f420613a124fda0729ab88160cdf2,,,0.1,10.0,0.04000000000000001,0.0025000000000000005,0.010000000000000002,0,full,True
REIM (ACT + Detector + Recovery),150,8000192,metaworld,True,55,0.3013686520025658,0,0,0,0,0.12074077129364014,task_success_while_recovery_active_per_intervention,True,False,,7176cbbac821e197e47e778456b2aa44115f48e4b7969c723102e773057e8300,5dab9ea09f41c6bcf76a778fec235e41b2ca78bc226d49a2cf5818fef53b3bc9,25805a097f1f4b8c203ec3c130dcd3e66b5fb3ad298114a08662aae6c86fa673,,,0.1,10.0,0.04000000000000001,0.0025000000000000005,0.010000000000000002,0,full,True
REIM (ACT + Detector + Recovery),151,8000193,metaworld,False,200,0.6076149600012286,1,0,1,137,0.9990272521972656,task_success_while_recovery_active_per_intervention,False,True,object_dropped,3121e40cb31410c7bf8b84e4ec9d7b48f4755be6bcca73077f7029c56b658c50,5dab9ea09f41c6bcf76a778fec235e41b2ca78bc226d49a2cf5818fef53b3bc9,1c856fdcb5da12c3fa2d15b38741aa980fa3a47e64fb99f8635817590128f9ea,,,0.1,10.0,0.04000000000000001,0.0025000000000000005,0.010000000000000002,0,full,True
REIM (ACT + Detector + Recovery),152,8000194,metaworld,True,56,0.3069454249998671,0,0,0,0,0.144278421998024,task_success_while_recovery_active_per_intervention,True,False,,5bc1b04ab0474efbcd8f8b2af5d8fe3474131731dac30dc5e8126ec81274072f,5dab9ea09f41c6bcf76a778fec235e41b2ca78bc226d49a2cf5818fef53b3bc9,64ee837add19202e84553431fdab118462cf5265eeae19a4d044b5a6818f771d,,,0.1,10.0,0.04000000000000001,0.0025000000000000005,0.010000000000000002,0,full,True
REIM (ACT + Detector + Recovery),153,8000195,metaworld,True,52,0.17721026499930304,1,1,1,30,0.2463681846857071,task_success_while_recovery_active_per_intervention,True,False,,0c278693663fe357bf76ccf29e9a37a81d0d26ce5a2e92475f3694c51d0ef3ed,5dab9ea09f41c6bcf76a778fec235e41b2ca78bc226d49a2cf5818fef53b3bc9,2eb279a724955c1a9d173681940490ec9cc8ed4fdc15a95533884a23d4ccdb4e,,,0.1,10.0,0.04000000000000001,0.0025000000000000005,0.010000000000000002,0,full,True
REIM (ACT + Detector + Recovery),154,8000196,metaworld,True,55,0.1689458389992069,1,1,1,37,0.23175083100795746,task_success_while_recovery_active_per_intervention,True,False,,3728dc3680301cb65fd8ab165638642ea76f9c7070fafb8b162bc9a18a1bc7ba,5dab9ea09f41c6bcf76a778fec235e41b2ca78bc226d49a2cf5818fef53b3bc9,342b72dafe0e47ecf8a937cb01e62ac02c2d77bf93dafca59574cbbbfc4ad77b,,,0.1,10.0,0.04000000000000001,0.0025000000000000005,0.010000000000000002,0,full,True
REIM (ACT + Detector + Recovery),155,8000197,metaworld,True,56,0.31401466700117453,0,0,0,0,0.1610589176416397,task_success_while_recovery_active_per_intervention,True,False,,ab78c100bfa47d4c1949759c7981fe45174e5b3be1b5eb0d6ca60ba28089e034,5dab9ea09f41c6bcf76a778fec235e41b2ca78bc226d49a2cf5818fef53b3bc9,524e161a612d94c222d06154bcd0129d0851b8fad51ae883abbef6e86d43cbb0,,,0.1,10.0,0.04000000000000001,0.0025000000000000005,0.010000000000000002,0,full,True
REIM (ACT + Detector + Recovery),156,8000198,metaworld,True,53,0.28703830299855326,0,0,0,0,0.1591612547636032,task_success_while_recovery_active_per_intervention,True,False,,8a47e2f5a121dea30e89cd4fdcc7499323db9149d560a43992fcdc28dab73ea2,5dab9ea09f41c6bcf76a778fec235e41b2ca78bc226d49a2cf5818fef53b3bc9,56b7f182edcfeefa9301e1edd53d7f36e4418de7e6df1b54b0f0c298cde1b3cd,,,0.1,10.0,0.04000000000000001,0.0025000000000000005,0.010000000000000002,0,full,True
REIM (ACT + Detector + Recovery),157,8000199,metaworld,True,58,0.15919872100130306,1,1,1,44,0.2080318033695221,task_success_while_recovery_active_per_intervention,True,False,,259bee8971cb7dfc7645650da267f0f0bb84f366cf22b6f35442149773bc9e5e,5dab9ea09f41c6bcf76a778fec235e41b2ca78bc226d49a2cf5818fef53b3bc9,3183afb500ebb9a5af177cccb5b5889a8321eb35261f8ec571269f8b5ed9cd1a,,,0.1,10.0,0.04000000000000001,0.0025000000000000005,0.010000000000000002,0,full,True
REIM (ACT + Detector + Recovery),158,8000200,metaworld,True,56,0.3070224759976554,0,0,0,0,0.14248767495155334,task_success_while_recovery_active_per_intervention,True,False,,63fef7a157804636a718eb24d2059bb5dbe1cc81cefad259e33e126dc847ffdb,5dab9ea09f41c6bcf76a778fec235e41b2ca78bc226d49a2cf5818fef53b3bc9,524e161a612d94c222d06154bcd0129d0851b8fad51ae883abbef6e86d43cbb0,,,0.1,10.0,0.04000000000000001,0.0025000000000000005,0.010000000000000002,0,full,True
REIM (ACT + Detector + Recovery),159,8000201,metaworld,True,50,0.2715968169977714,0,0,0,0,0.11920538544654846,task_success_while_recovery_active_per_intervention,True,False,,2be4d3450dcc4bd35487b54e32cc54f5ead1ca6f768e3ce8662bba2e18ffa69f,5dab9ea09f41c6bcf76a778fec235e41b2ca78bc226d49a2cf5818fef53b3bc9,56b7f182edcfeefa9301e1edd53d7f36e4418de7e6df1b54b0f0c298cde1b3cd,,,0.1,10.0,0.04000000000000001,0.0025000000000000005,0.010000000000000002,0,full,True
REIM (ACT + Detector + Recovery),160,8000202,metaworld,True,62,0.33903498200015747,0,0,0,0,0.15679582953453064,task_success_while_recovery_active_per_intervention,True,False,,71ecca27eb8c33d4a878ccd7cec871bc9228fb9f2158f92597c84a3fc5b2f39b,5dab9ea09f41c6bcf76a778fec235e41b2ca78bc226d49a2cf5818fef53b3bc9,c5023b3d25031a103b9549b6e8c83ba09d69e708ef117c31128a38e03616e5d8,,,0.1,10.0,0.04000000000000001,0.0025000000000000005,0.010000000000000002,0,full,True
REIM (ACT + Detector + Recovery),161,8000203,metaworld,True,57,0.15526891999979853,1,1,1,44,0.24353636801242828,task_success_while_recovery_active_per_intervention,True,False,,45e560dfc10d6f93689f7ac07c77151ab7949bb674bbd0e661ef306195d31a00,5dab9ea09f41c6bcf76a778fec235e41b2ca78bc226d49a2cf5818fef53b3bc9,942fb6a87dc1e3eb7bf7bb111c97e7096138256b4a9a6b4c62a012fabe8bec38,,,0.1,10.0,0.04000000000000001,0.0025000000000000005,0.010000000000000002,0,full,True
REIM (ACT + Detector + Recovery),162,8000204,metaworld,True,53,0.17807741800061194,1,1,1,34,0.2030790001153946,task_success_while_recovery_active_per_intervention,True,False,,31e61193842a127d4633e0e447aeb8116e2dc6808b9732706d5fe044e227d3b3,5dab9ea09f41c6bcf76a778fec235e41b2ca78bc226d49a2cf5818fef53b3bc9,5e1df472084de78052388a34f03cad3de438ca9b5dc801b5759dd57c66a7482a,,,0.1,10.0,0.04000000000000001,0.0025000000000000005,0.010000000000000002,0,full,True
REIM (ACT + Detector + Recovery),163,8000205,metaworld,True,55,0.3045985610006028,0,0,0,0,0.13725048303604126,task_success_while_recovery_active_per_intervention,True,False,,847a35f0de4f8184950dfdc57a8911a2bbfd8888fcc60afc8ea99385d1870302,5dab9ea09f41c6bcf76a778fec235e41b2ca78bc226d49a2cf5818fef53b3bc9,6cb8d983459a8e57d4ae53a86da2394015cabba2d7c306dcaf7b14af979ca230,,,0.1,10.0,0.04000000000000001,0.0025000000000000005,0.010000000000000002,0,full,True
REIM (ACT + Detector + Recovery),164,8000206,metaworld,True,58,0.32350981600029627,0,0,0,0,0.16737695038318634,task_success_while_recovery_active_per_intervention,True,False,,258ae9d2cdf57dd2a7b89e89137b3302e0938926c19b1b45aed2eb3f50fc991c,5dab9ea09f41c6bcf76a778fec235e41b2ca78bc226d49a2cf5818fef53b3bc9,06d355d7aff3b944ab4199c02a94c63d062e5c414c0b195f7b232b607e0ab1ed,,,0.1,10.0,0.04000000000000001,0.0025000000000000005,0.010000000000000002,0,full,True
REIM (ACT + Detector + Recovery),165,8000207,metaworld,True,50,0.27708981099931407,0,0,0,0,0.10051508992910385,task_success_while_recovery_active_per_intervention,True,False,,34e1c65c3207fd902bad06ee626cfbcb7e242838ae3ba919accb3943eefc5d23,5dab9ea09f41c6bcf76a778fec235e41b2ca78bc226d49a2cf5818fef53b3bc9,6338b57c8983138382fa5c9ee7bb2d2c200be44368697f7ffa8216ea26ddccaf,,,0.1,10.0,0.04000000000000001,0.0025000000000000005,0.010000000000000002,0,full,True
REIM (ACT + Detector + Recovery),166,8000208,metaworld,True,55,0.1329751800003578,1,1,1,47,0.2947348952293396,task_success_while_recovery_active_per_intervention,True,False,,99b4083a00ce61f55c5f1f1c26b6bc4df75687a41d26beebce515217fd526437,5dab9ea09f41c6bcf76a778fec235e41b2ca78bc226d49a2cf5818fef53b3bc9,35203d16cfa98b5f2e002fcb1ffde2400abf9459c161f6a289efa0c46eddb36f,,,0.1,10.0,0.04000000000000001,0.0025000000000000005,0.010000000000000002,0,full,True
REIM (ACT + Detector + Recovery),167,8000209,metaworld,True,54,0.1648253739986103,1,1,1,36,0.202961727976799,task_success_while_recovery_active_per_intervention,True,False,,0c6849112e0312a3ee1213591a5b3a672f64f113d3d37c20305970acdb5fb541,5dab9ea09f41c6bcf76a778fec235e41b2ca78bc226d49a2cf5818fef53b3bc9,71488b32995fa40c6ec3f77f6bcd912b1929aef29d90a66307ad46cd584acf29,,,0.1,10.0,0.04000000000000001,0.0025000000000000005,0.010000000000000002,0,full,True
REIM (ACT + Detector + Recovery),168,8000210,metaworld,True,48,0.15729436200126656,1,1,1,29,0.22181540727615356,task_success_while_recovery_active_per_intervention,True,False,,593aa03d63fdf9961d8d8e47b9a9d4eeda641c1a8788a6b170e0d6fdaf078208,5dab9ea09f41c6bcf76a778fec235e41b2ca78bc226d49a2cf5818fef53b3bc9,27e1ed8c670f23dae46752497e383610e58c248d638e3b9b707808a32ce33d4e,,,0.1,10.0,0.04000000000000001,0.0025000000000000005,0.010000000000000002,0,full,True
REIM (ACT + Detector + Recovery),169,8000211,metaworld,True,50,0.2721299149998231,0,0,0,0,0.17535266280174255,task_success_while_recovery_active_per_intervention,True,False,,5ffca749fbf32460dc49212e68857c491758267371344b76f7f6d1e33c8d8778,5dab9ea09f41c6bcf76a778fec235e41b2ca78bc226d49a2cf5818fef53b3bc9,2ad5907877cc42b4447b9630988e3a1f0da0d83e1f696f71e22dc69905e631b6,,,0.1,10.0,0.04000000000000001,0.0025000000000000005,0.010000000000000002,0,full,True
REIM (ACT + Detector + Recovery),170,8000212,metaworld,True,53,0.18860797999877832,1,1,1,28,0.21297907829284668,task_success_while_recovery_active_per_intervention,True,False,,5574ce59fe42439331aabf680b227f7b6385d4a7fdf04cdb12c79bc94dd5bdd6,5dab9ea09f41c6bcf76a778fec235e41b2ca78bc226d49a2cf5818fef53b3bc9,2eb279a724955c1a9d173681940490ec9cc8ed4fdc15a95533884a23d4ccdb4e,,,0.1,10.0,0.04000000000000001,0.0025000000000000005,0.010000000000000002,0,full,True
REIM (ACT + Detector + Recovery),171,8000213,metaworld,True,53,0.1355622629998834,1,1,1,44,0.25846147537231445,task_success_while_recovery_active_per_intervention,True,False,,d90d9cdb88f042db2737c75f0458e8db2cae931b4432c02a4429b2206ac39516,5dab9ea09f41c6bcf76a778fec235e41b2ca78bc226d49a2cf5818fef53b3bc9,35203d16cfa98b5f2e002fcb1ffde2400abf9459c161f6a289efa0c46eddb36f,,,0.1,10.0,0.04000000000000001,0.0025000000000000005,0.010000000000000002,0,full,True
REIM (ACT + Detector + Recovery),172,8000214,metaworld,True,56,0.3099481739991461,0,0,0,0,0.13086599111557007,task_success_while_recovery_active_per_intervention,True,False,,a32b8100748a2ef515ec3e7539a70ee9d8ae596186d418ee5820a33650a3ef67,5dab9ea09f41c6bcf76a778fec235e41b2ca78bc226d49a2cf5818fef53b3bc9,64ee837add19202e84553431fdab118462cf5265eeae19a4d044b5a6818f771d,,,0.1,10.0,0.04000000000000001,0.0025000000000000005,0.010000000000000002,0,full,True
REIM (ACT + Detector + Recovery),173,8000215,metaworld,True,59,0.32292061200132594,0,0,0,0,0.16757315397262573,task_success_while_recovery_active_per_intervention,True,False,,1f78abec0c306cd9e052cdf17c622fd59765f6c764f0ef332c675bbc2e437c0d,5dab9ea09f41c6bcf76a778fec235e41b2ca78bc226d49a2cf5818fef53b3bc9,a8cfe6e2276fbd15230c5555255b87d17333bdd29f84f687df7405d0311fae7f,,,0.1,10.0,0.04000000000000001,0.0025000000000000005,0.010000000000000002,0,full,True
REIM (ACT + Detector + Recovery),174,8000216,metaworld,True,53,0.1427807580002991,1,1,1,41,0.24019597470760345,task_success_while_recovery_active_per_intervention,True,False,,9e4c27a80c8c942e35bef08f24abdd3954957e497d3a9f61c01b2304598d936a,5dab9ea09f41c6bcf76a778fec235e41b2ca78bc226d49a2cf5818fef53b3bc9,504c23f653f6cdee9d659d9320b164606b319d4f0e9cdf0f3a87e2fc7a98160a,,,0.1,10.0,0.04000000000000001,0.0025000000000000005,0.010000000000000002,0,full,True
REIM (ACT + Detector + Recovery),175,8000217,metaworld,True,50,0.12531068400130607,1,1,1,41,0.31786423921585083,task_success_while_recovery_active_per_intervention,True,False,,1d64c5cd5fd301fa87aaba517e146b35239e9907336b8f2ef04e4ea2f6e72367,5dab9ea09f41c6bcf76a778fec235e41b2ca78bc226d49a2cf5818fef53b3bc9,20cf3cfee33051ea4ca25b64648f05450b0068ae0136ae52c3108d28b02f3691,,,0.1,10.0,0.04000000000000001,0.0025000000000000005,0.010000000000000002,0,full,True
REIM (ACT + Detector + Recovery),176,8000218,metaworld,True,53,0.2073853890033206,1,1,1,26,0.20169468224048615,task_success_while_recovery_active_per_intervention,True,False,,d02bc778c9bc4051c89243024d0381f72214d4df72c50ecbc40368a093973e53,5dab9ea09f41c6bcf76a778fec235e41b2ca78bc226d49a2cf5818fef53b3bc9,f82ceac6f8787ac22c378edc1f141cedcc86bf9309b43f1aff6633ae0a963abb,,,0.1,10.0,0.04000000000000001,0.0025000000000000005,0.010000000000000002,0,full,True
REIM (ACT + Detector + Recovery),177,8000219,metaworld,True,56,0.20198275899747387,1,1,1,33,0.25991904735565186,task_success_while_recovery_active_per_intervention,True,False,,b4d307cf013abadcc3c7142978b0a3567510afed7e0a280ab06576db214bbcd2,5dab9ea09f41c6bcf76a778fec235e41b2ca78bc226d49a2cf5818fef53b3bc9,942fb6a87dc1e3eb7bf7bb111c97e7096138256b4a9a6b4c62a012fabe8bec38,,,0.1,10.0,0.04000000000000001,0.0025000000000000005,0.010000000000000002,0,full,True
REIM (ACT + Detector + Recovery),178,8000220,metaworld,True,54,0.14076792600098997,1,1,1,43,0.2729562819004059,task_success_while_recovery_active_per_intervention,True,False,,2933c9a729609d48df620bed6a24b4e461015dbec87c41b03c479c24ef73ccbe,5dab9ea09f41c6bcf76a778fec235e41b2ca78bc226d49a2cf5818fef53b3bc9,acfaed29b052207b47b4b7fa76672795fd08de3add8565db05f141de82ece90b,,,0.1,10.0,0.04000000000000001,0.0025000000000000005,0.010000000000000002,0,full,True
REIM (ACT + Detector + Recovery),179,8000221,metaworld,True,56,0.3084272649975901,0,0,0,0,0.09808723628520966,task_success_while_recovery_active_per_intervention,True,False,,ee0351473689bcf64f33065d15b5c194e961151952842a62d9f7c230e913548c,5dab9ea09f41c6bcf76a778fec235e41b2ca78bc226d49a2cf5818fef53b3bc9,f6a9ed9055e00c868d6771022c2c557a6a48990bdacbed585d07cde857d4755a,,,0.1,10.0,0.04000000000000001,0.0025000000000000005,0.010000000000000002,0,full,True
REIM (ACT + Detector + Recovery),180,8000222,metaworld,True,56,0.3110898469967651,0,0,0,0,0.11901011317968369,task_success_while_recovery_active_per_intervention,True,False,,da73c64463d4af5ac19dbb2f2ccc5adaea0350ddf5c4cfe09cddcedad391f3e0,5dab9ea09f41c6bcf76a778fec235e41b2ca78bc226d49a2cf5818fef53b3bc9,25805a097f1f4b8c203ec3c130dcd3e66b5fb3ad298114a08662aae6c86fa673,,,0.1,10.0,0.04000000000000001,0.0025000000000000005,0.010000000000000002,0,full,True
REIM (ACT + Detector + Recovery),181,8000223,metaworld,True,55,0.2970424470004218,0,0,0,0,0.12516555190086365,task_success_while_recovery_active_per_intervention,True,False,,da65b7e60221e9e31df2ca300dc702ac573e1ab006331bcdce50077b80b5280b,5dab9ea09f41c6bcf76a778fec235e41b2ca78bc226d49a2cf5818fef53b3bc9,25805a097f1f4b8c203ec3c130dcd3e66b5fb3ad298114a08662aae6c86fa673,,,0.1,10.0,0.04000000000000001,0.0025000000000000005,0.010000000000000002,0,full,True
REIM (ACT + Detector + Recovery),182,8000224,metaworld,True,54,0.14077045999874827,1,1,1,41,0.2646799683570862,task_success_while_recovery_active_per_intervention,True,False,,f277bf24b7dd8d946f965065fbcac26a67df9a0c2caeb1f43b48764bf7b92143,5dab9ea09f41c6bcf76a778fec235e41b2ca78bc226d49a2cf5818fef53b3bc9,342b72dafe0e47ecf8a937cb01e62ac02c2d77bf93dafca59574cbbbfc4ad77b,,,0.1,10.0,0.04000000000000001,0.0025000000000000005,0.010000000000000002,0,full,True
REIM (ACT + Detector + Recovery),183,8000225,metaworld,True,52,0.11930276799830608,1,1,1,44,0.351409375667572,task_success_while_recovery_active_per_intervention,True,False,,1222f895a335bb3dff72c3d9b228aaecf107b1b8b7afdd91f1d2ff32122ec135,5dab9ea09f41c6bcf76a778fec235e41b2ca78bc226d49a2cf5818fef53b3bc9,bb2c6b1aed959fa3ddddb1c215ce67cbb5b0ec080eb65fb58e06b7776849a096,,,0.1,10.0,0.04000000000000001,0.0025000000000000005,0.010000000000000002,0,full,True
REIM (ACT + Detector + Recovery),184,8000226,metaworld,True,60,0.3223066310019931,0,0,0,0,0.16401316225528717,task_success_while_recovery_active_per_intervention,True,False,,5c99bcc5dfa4621a907d85607297abceb92d36139b1c414d4df54fe7bce11482,5dab9ea09f41c6bcf76a778fec235e41b2ca78bc226d49a2cf5818fef53b3bc9,e216352c7f1c7392270c7c501bb599f2a46f420613a124fda0729ab88160cdf2,,,0.1,10.0,0.04000000000000001,0.0025000000000000005,0.010000000000000002,0,full,True
REIM (ACT + Detector + Recovery),185,8000227,metaworld,True,53,0.16138257500278996,1,1,1,34,0.22281202673912048,task_success_while_recovery_active_per_intervention,True,False,,c0a2274f58cfe752631fe381353edf47495f68d7d1c93c092a0addefa80f8fd9,5dab9ea09f41c6bcf76a778fec235e41b2ca78bc226d49a2cf5818fef53b3bc9,342b72dafe0e47ecf8a937cb01e62ac02c2d77bf93dafca59574cbbbfc4ad77b,,,0.1,10.0,0.04000000000000001,0.0025000000000000005,0.010000000000000002,0,full,True
REIM (ACT + Detector + Recovery),186,8000228,metaworld,True,48,0.2558137890009675,0,0,0,0,0.17397838830947876,task_success_while_recovery_active_per_intervention,True,False,,bc8bbccf15ee77585fbc5e4a1a27015118d31b13b9f6e76a096a6b50810d1929,5dab9ea09f41c6bcf76a778fec235e41b2ca78bc226d49a2cf5818fef53b3bc9,cea0b9105255f82e0ee99bfb3998a6edce02b446d4b14afb0747282cd18aa202,,,0.1,10.0,0.04000000000000001,0.0025000000000000005,0.010000000000000002,0,full,True
REIM (ACT + Detector + Recovery),187,8000229,metaworld,True,55,0.14208034799958114,1,1,1,43,0.24943770468235016,task_success_while_recovery_active_per_intervention,True,False,,44d903099e3f060035103d4f6643863ba45a038157e1d3838e75d28d87798f4d,5dab9ea09f41c6bcf76a778fec235e41b2ca78bc226d49a2cf5818fef53b3bc9,acfaed29b052207b47b4b7fa76672795fd08de3add8565db05f141de82ece90b,,,0.1,10.0,0.04000000000000001,0.0025000000000000005,0.010000000000000002,0,full,True
REIM (ACT + Detector + Recovery),188,8000230,metaworld,True,53,0.2793747919968155,0,0,0,0,0.17409522831439972,task_success_while_recovery_active_per_intervention,True,False,,cfb551f22c97a19b625210ae8853348cfef545aedf9d49f539f9ee8b33b8844f,5dab9ea09f41c6bcf76a778fec235e41b2ca78bc226d49a2cf5818fef53b3bc9,6943489118fc060756e24fd47685e2c10173293d54af0af7e8afa9e287c9c5f1,,,0.1,10.0,0.04000000000000001,0.0025000000000000005,0.010000000000000002,0,full,True
REIM (ACT + Detector + Recovery),189,8000231,metaworld,True,56,0.14188758700038306,1,1,1,45,0.2331937998533249,task_success_while_recovery_active_per_intervention,True,False,,c0bc91010af884d367cd9cb4583f603641dff0df22358d3a427065870c04adf6,5dab9ea09f41c6bcf76a778fec235e41b2ca78bc226d49a2cf5818fef53b3bc9,588df85fb38ef87f822932ad2f702be807974873e4a07ea43084bbdeeaac6604,,,0.1,10.0,0.04000000000000001,0.0025000000000000005,0.010000000000000002,0,full,True
REIM (ACT + Detector + Recovery),190,8000232,metaworld,True,59,0.3145554090006044,0,0,0,0,0.1779983788728714,task_success_while_recovery_active_per_intervention,True,False,,ca1ed2d1e39b52f45c833e6a43b5cd71f617923a857986cf08e755537b3c3c24,5dab9ea09f41c6bcf76a778fec235e41b2ca78bc226d49a2cf5818fef53b3bc9,b8e45a2f8f553d53c6eef0305347f910b9999bcae6df6ccaf0eaee6ac864e670,,,0.1,10.0,0.04000000000000001,0.0025000000000000005,0.010000000000000002,0,full,True
REIM (ACT + Detector + Recovery),191,8000233,metaworld,True,53,0.16788141800134326,1,1,1,34,0.2983315885066986,task_success_while_recovery_active_per_intervention,True,False,,0aeefa4e6735aef2955361d3cc5fb7cf8abda8e7afbb5877fe244033378b2d43,5dab9ea09f41c6bcf76a778fec235e41b2ca78bc226d49a2cf5818fef53b3bc9,aa1f17aacdf569c3a2930a2ebbf742ff43f8d3acfc772731a5c344cabcd52570,,,0.1,10.0,0.04000000000000001,0.0025000000000000005,0.010000000000000002,0,full,True
REIM (ACT + Detector + Recovery),192,8000234,metaworld,True,60,0.3325450209995324,0,0,0,0,0.14744064211845398,task_success_while_recovery_active_per_intervention,True,False,,229538fb577bebf395036aea7670e74f0cb1b8e6a2d2c2beaa47829ead7d11fe,5dab9ea09f41c6bcf76a778fec235e41b2ca78bc226d49a2cf5818fef53b3bc9,c5023b3d25031a103b9549b6e8c83ba09d69e708ef117c31128a38e03616e5d8,,,0.1,10.0,0.04000000000000001,0.0025000000000000005,0.010000000000000002,0,full,True
REIM (ACT + Detector + Recovery),193,8000235,metaworld,True,56,0.13755797799967695,1,1,1,47,0.2785954773426056,task_success_while_recovery_active_per_intervention,True,False,,f858bd6808274761522bd11afbfa62b925fa726f29c8509d7f5e55b75f4f1565,5dab9ea09f41c6bcf76a778fec235e41b2ca78bc226d49a2cf5818fef53b3bc9,aba21ef1c98d0573e36116c9757115227fd3793cba96aea7eda95c2547314ca3,,,0.1,10.0,0.04000000000000001,0.0025000000000000005,0.010000000000000002,0,full,True
REIM (ACT + Detector + Recovery),194,8000236,metaworld,True,56,0.29981529300130205,0,0,0,0,0.16395075619220734,task_success_while_recovery_active_per_intervention,True,False,,ca32608cb4d75ecf32ae4f9888df7de8e668be673dc3a1ade7490887dcb459ae,5dab9ea09f41c6bcf76a778fec235e41b2ca78bc226d49a2cf5818fef53b3bc9,64ee837add19202e84553431fdab118462cf5265eeae19a4d044b5a6818f771d,,,0.1,10.0,0.04000000000000001,0.0025000000000000005,0.010000000000000002,0,full,True
REIM (ACT + Detector + Recovery),195,8000237,metaworld,True,55,0.13352124399898457,1,1,1,47,0.3066907227039337,task_success_while_recovery_active_per_intervention,True,False,,f57805df706a7c131f6d23c074d8e4f3bf2a43ac9a9827a6cee04b3e8b56eb9f,5dab9ea09f41c6bcf76a778fec235e41b2ca78bc226d49a2cf5818fef53b3bc9,aba21ef1c98d0573e36116c9757115227fd3793cba96aea7eda95c2547314ca3,,,0.1,10.0,0.04000000000000001,0.0025000000000000005,0.010000000000000002,0,full,True
REIM (ACT + Detector + Recovery),196,8000238,metaworld,True,52,0.2811438899989298,0,0,0,0,0.19554771482944489,task_success_while_recovery_active_per_intervention,True,False,,ff1671d6f6d8520a1e232207465c18535facc63836d97367db56ca53b9947395,5dab9ea09f41c6bcf76a778fec235e41b2ca78bc226d49a2cf5818fef53b3bc9,acfaed29b052207b47b4b7fa76672795fd08de3add8565db05f141de82ece90b,,,0.1,10.0,0.04000000000000001,0.0025000000000000005,0.010000000000000002,0,full,True
REIM (ACT + Detector + Recovery),197,8000239,metaworld,True,57,0.2950252400005411,0,0,0,0,0.16548185050487518,task_success_while_recovery_active_per_intervention,True,False,,abc8263598fc25fed3c922a60c94ebf7f5b22c855145e5c1b92038a229819919,5dab9ea09f41c6bcf76a778fec235e41b2ca78bc226d49a2cf5818fef53b3bc9,6cb8d983459a8e57d4ae53a86da2394015cabba2d7c306dcaf7b14af979ca230,,,0.1,10.0,0.04000000000000001,0.0025000000000000005,0.010000000000000002,0,full,True
REIM (ACT + Detector + Recovery),198,8000240,metaworld,True,54,0.27877905900095357,0,0,0,0,0.11421152204275131,task_success_while_recovery_active_per_intervention,True,False,,a3d9bad7d3a85605eb1033018c848d5778e77b077353a43bddc38629bbf7c557,5dab9ea09f41c6bcf76a778fec235e41b2ca78bc226d49a2cf5818fef53b3bc9,742509487aeb71d366f1ddafa1cb12db2f7cfefe17c4ca89c98cffb67c1c8619,,,0.1,10.0,0.04000000000000001,0.0025000000000000005,0.010000000000000002,0,full,True
REIM (ACT + Detector + Recovery),199,8000241,metaworld,True,53,0.28270277900082874,0,0,0,0,0.18515056371688843,task_success_while_recovery_active_per_intervention,True,False,,b85424793080d99f9a12dab28b0eaf541207d01fb94831778180c4af8b9ce2e3,5dab9ea09f41c6bcf76a778fec235e41b2ca78bc226d49a2cf5818fef53b3bc9,5e1df472084de78052388a34f03cad3de438ca9b5dc801b5759dd57c66a7482a,,,0.1,10.0,0.04000000000000001,0.0025000000000000005,0.010000000000000002,0,full,True
ACT,0,8000042,metaworld,False,200,1.1006432879985368,0,0,0,0,0.0,,False,True,object_dropped,14e48f83a083b78eb4af5dc37d02e21b04a314c3c31b36f5a62b13e4add4f2a5,8c503c07dc6dcdd904e948f14d270410c2fbd4d9796f8d9e08451dc34c7d4399,f82ceac6f8787ac22c378edc1f141cedcc86bf9309b43f1aff6633ae0a963abb,,,0.2,20.0,0.08000000000000002,0.005000000000000001,0.020000000000000004,0,full,True
ACT,1,8000043,metaworld,True,59,0.32921339299718966,0,0,0,0,0.0,,True,False,,5db0a8f9e6d6bd6ef5c15f040f9f154f255e36a365af820faa97ca3d60f4450f,8c503c07dc6dcdd904e948f14d270410c2fbd4d9796f8d9e08451dc34c7d4399,06d355d7aff3b944ab4199c02a94c63d062e5c414c0b195f7b232b607e0ab1ed,,,0.2,20.0,0.08000000000000002,0.005000000000000001,0.020000000000000004,0,full,True
ACT,2,8000044,metaworld,True,60,0.33502060399769107,0,0,0,0,0.0,,True,False,,a465539695523fa7de2784bf02081a919b5a3de9a14c98e511df211c298c1ee2,8c503c07dc6dcdd904e948f14d270410c2fbd4d9796f8d9e08451dc34c7d4399,f6a9ed9055e00c868d6771022c2c557a6a48990bdacbed585d07cde857d4755a,,,0.2,20.0,0.08000000000000002,0.005000000000000001,0.020000000000000004,0,full,True
ACT,3,8000045,metaworld,True,51,0.2848860890007927,0,0,0,0,0.0,,True,False,,126bd203ec38252825c8befe6f6198c98a7a024ba44c52618f3f3fe35078f4c6,8c503c07dc6dcdd904e948f14d270410c2fbd4d9796f8d9e08451dc34c7d4399,5d73f28d4d24cdbcb36a5e5cd61ec1a82f7287ce56d88da8cea912ed757b164c,,,0.2,20.0,0.08000000000000002,0.005000000000000001,0.020000000000000004,0,full,True
ACT,4,8000046,metaworld,True,48,0.2657574949989794,0,0,0,0,0.0,,True,False,,4170194bcfe3841a7cfb0c3b09b2aa25f522a2c3b5ff3eb10715d8fce8c039a3,8c503c07dc6dcdd904e948f14d270410c2fbd4d9796f8d9e08451dc34c7d4399,27e1ed8c670f23dae46752497e383610e58c248d638e3b9b707808a32ce33d4e,,,0.2,20.0,0.08000000000000002,0.005000000000000001,0.020000000000000004,0,full,True
ACT,5,8000047,metaworld,True,53,0.29929290500149364,0,0,0,0,0.0,,True,False,,9fa661de69328d26c027384cf31722da103cd753d557e7a172d987d52fbc4d0a,8c503c07dc6dcdd904e948f14d270410c2fbd4d9796f8d9e08451dc34c7d4399,38329c6b97bbe7d133bf007c22742dca5f0cd7258f8d7199135c6c2371ae591d,,,0.2,20.0,0.08000000000000002,0.005000000000000001,0.020000000000000004,0,full,True
ACT,6,8000048,metaworld,False,200,1.127842721001798,0,0,0,0,0.0,,False,True,timeout,9c84beaab136edd4c1632709ff45c174ec3c717d220eaf94b7d668ee34962c9a,8c503c07dc6dcdd904e948f14d270410c2fbd4d9796f8d9e08451dc34c7d4399,aba21ef1c98d0573e36116c9757115227fd3793cba96aea7eda95c2547314ca3,,,0.2,20.0,0.08000000000000002,0.005000000000000001,0.020000000000000004,0,full,True
ACT,7,8000049,metaworld,True,55,0.3001148200019088,0,0,0,0,0.0,,True,False,,97ec25208265f89d11873f30142175e1e9164935e3849bfb439c16f9d0e10bba,8c503c07dc6dcdd904e948f14d270410c2fbd4d9796f8d9e08451dc34c7d4399,4e97203f8ce1a96cef19545d4c4c300d0de39e4f94bd1941cef7ebc3dd48be02,,,0.2,20.0,0.08000000000000002,0.005000000000000001,0.020000000000000004,0,full,True
ACT,8,8000050,metaworld,False,200,1.1117185249968315,0,0,0,0,0.0,,False,True,timeout,8769fe32964b96f67dc224fb90afd6d8797de02464877632840a2ce91db8e4a8,8c503c07dc6dcdd904e948f14d270410c2fbd4d9796f8d9e08451dc34c7d4399,64ee837add19202e84553431fdab118462cf5265eeae19a4d044b5a6818f771d,,,0.2,20.0,0.08000000000000002,0.005000000000000001,0.020000000000000004,0,full,True
ACT,9,8000051,metaworld,True,56,0.3166046500009543,0,0,0,0,0.0,,True,False,,16fd46334c762cf781c8537208c1d9c4dd0181204c1ce7b3ac83d9e6d9d6f33e,8c503c07dc6dcdd904e948f14d270410c2fbd4d9796f8d9e08451dc34c7d4399,6cb8d983459a8e57d4ae53a86da2394015cabba2d7c306dcaf7b14af979ca230,,,0.2,20.0,0.08000000000000002,0.005000000000000001,0.020000000000000004,0,full,True
ACT,10,8000052,metaworld,True,58,0.31509418999849004,0,0,0,0,0.0,,True,False,,4f3fb14aa7e8db1e8ccb3ee0be823a18ee391b9a93de96be600c72195fb4d5b4,8c503c07dc6dcdd904e948f14d270410c2fbd4d9796f8d9e08451dc34c7d4399,504c23f653f6cdee9d659d9320b164606b319d4f0e9cdf0f3a87e2fc7a98160a,,,0.2,20.0,0.08000000000000002,0.005000000000000001,0.020000000000000004,0,full,True
ACT,11,8000053,metaworld,False,200,1.101532608998241,0,0,0,0,0.0,,False,True,timeout,fe0db2c8aa66264f9560b08bdf6be0b6525e05ada642ed85cb141ac5e8f8069e,8c503c07dc6dcdd904e948f14d270410c2fbd4d9796f8d9e08451dc34c7d4399,06d355d7aff3b944ab4199c02a94c63d062e5c414c0b195f7b232b607e0ab1ed,,,0.2,20.0,0.08000000000000002,0.005000000000000001,0.020000000000000004,0,full,True
ACT,12,8000054,metaworld,False,200,1.1221179169988318,0,0,0,0,0.0,,False,True,object_dropped,fc927d94df69cca4afa4a7b379c8ccd356a7b601a898f93accdbe4b8522a04d9,8c503c07dc6dcdd904e948f14d270410c2fbd4d9796f8d9e08451dc34c7d4399,742509487aeb71d366f1ddafa1cb12db2f7cfefe17c4ca89c98cffb67c1c8619,,,0.2,20.0,0.08000000000000002,0.005000000000000001,0.020000000000000004,0,full,True
ACT,13,8000055,metaworld,False,200,1.0721886380015349,0,0,0,0,0.0,,False,True,object_dropped,73ca07205929864fb3976db97eb251eee24217110ff234855314e16dbe73d3d7,8c503c07dc6dcdd904e948f14d270410c2fbd4d9796f8d9e08451dc34c7d4399,e216352c7f1c7392270c7c501bb599f2a46f420613a124fda0729ab88160cdf2,,,0.2,20.0,0.08000000000000002,0.005000000000000001,0.020000000000000004,0,full,True
ACT,14,8000056,metaworld,False,200,1.0568601919985667,0,0,0,0,0.0,,False,True,object_dropped,4e4f19233a2a1078e55fc938d6c8ed524bf6d2a6ce9ca238d59275317ff0403d,8c503c07dc6dcdd904e948f14d270410c2fbd4d9796f8d9e08451dc34c7d4399,64ee837add19202e84553431fdab118462cf5265eeae19a4d044b5a6818f771d,,,0.2,20.0,0.08000000000000002,0.005000000000000001,0.020000000000000004,0,full,True
ACT,15,8000057,metaworld,False,200,1.0351398489983694,0,0,0,0,0.0,,False,True,object_dropped,0274b408db235c17f1e98c2ddbd68d882a533d73d6492a6500df3efa4ae8d250,8c503c07dc6dcdd904e948f14d270410c2fbd4d9796f8d9e08451dc34c7d4399,c40fedd273cade53989af8adc3ca66d02f2d92ca4d97b2f6391a0dd0ab6dbca3,,,0.2,20.0,0.08000000000000002,0.005000000000000001,0.020000000000000004,0,full,True
ACT,16,8000058,metaworld,False,200,1.0275614309975936,0,0,0,0,0.0,,False,True,timeout,a899d69383c7ae5c5ba4c88e8fc1244e0ac8260f029d876042b44598980a0baa,8c503c07dc6dcdd904e948f14d270410c2fbd4d9796f8d9e08451dc34c7d4399,942fb6a87dc1e3eb7bf7bb111c97e7096138256b4a9a6b4c62a012fabe8bec38,,,0.2,20.0,0.08000000000000002,0.005000000000000001,0.020000000000000004,0,full,True
ACT,17,8000059,metaworld,False,200,1.0163062419997004,0,0,0,0,0.0,,False,True,object_dropped,d0e880776b41e9a7346c3b47514d531d86d209be30e687fe00a4827c90b28aa7,8c503c07dc6dcdd904e948f14d270410c2fbd4d9796f8d9e08451dc34c7d4399,0f719f94ef165c0b816b8b10c3f4f5fcf802c9f5a25141035590310315749280,,,0.2,20.0,0.08000000000000002,0.005000000000000001,0.020000000000000004,0,full,True
ACT,18,8000060,metaworld,True,57,0.2827875289985968,0,0,0,0,0.0,,True,False,,2644e948ed889fe95e4fd4a6ed0788dc22ab06c85be67ed0b50d61b254adcf59,8c503c07dc6dcdd904e948f14d270410c2fbd4d9796f8d9e08451dc34c7d4399,b8e45a2f8f553d53c6eef0305347f910b9999bcae6df6ccaf0eaee6ac864e670,,,0.2,20.0,0.08000000000000002,0.005000000000000001,0.020000000000000004,0,full,True
ACT,19,8000061,metaworld,True,57,0.28287953000108246,0,0,0,0,0.0,,True,False,,443ac5e35a84ec38bb96c2d12c88ca78502179195d8a15b9f452d95e41514b52,8c503c07dc6dcdd904e948f14d270410c2fbd4d9796f8d9e08451dc34c7d4399,06d355d7aff3b944ab4199c02a94c63d062e5c414c0b195f7b232b607e0ab1ed,,,0.2,20.0,0.08000000000000002,0.005000000000000001,0.020000000000000004,0,full,True
ACT,20,8000062,metaworld,True,53,0.25866170799781685,0,0,0,0,0.0,,True,False,,c7d69573c4f76c60b75c060138d0756619c6361cd0935a166c3801181c86532e,8c503c07dc6dcdd904e948f14d270410c2fbd4d9796f8d9e08451dc34c7d4399,5e1df472084de78052388a34f03cad3de438ca9b5dc801b5759dd57c66a7482a,,,0.2,20.0,0.08000000000000002,0.005000000000000001,0.020000000000000004,0,full,True
ACT,21,8000063,metaworld,True,57,0.2801014260003285,0,0,0,0,0.0,,True,False,,5e6e40c9dbc4d50ece5f16d594e2390170fba4f858df63efa6a872b6c1e468c3,8c503c07dc6dcdd904e948f14d270410c2fbd4d9796f8d9e08451dc34c7d4399,0cda21f8ffacf0a1e40e7b0e858a8e2ddc276972106d4bced99d4404b4a13fd8,,,0.2,20.0,0.08000000000000002,0.005000000000000001,0.020000000000000004,0,full,True
ACT,22,8000064,metaworld,True,56,0.27411291299722507,0,0,0,0,0.0,,True,False,,dc058a3aec13295017acb9e064e07c8d6e960eb272b3ac74f9d9fe4e1f91f705,8c503c07dc6dcdd904e948f14d270410c2fbd4d9796f8d9e08451dc34c7d4399,6cb8d983459a8e57d4ae53a86da2394015cabba2d7c306dcaf7b14af979ca230,,,0.2,20.0,0.08000000000000002,0.005000000000000001,0.020000000000000004,0,full,True
ACT,23,8000065,metaworld,False,200,0.9651558749974356,0,0,0,0,0.0,,False,True,timeout,2468e85877d284d96fc63097ff010690ffa63ee3b783b18d988b43b9ef9e9fc4,8c503c07dc6dcdd904e948f14d270410c2fbd4d9796f8d9e08451dc34c7d4399,39001749c902e2ab9d015efb8c7644faffff99810b709d3203dc359d5eacdcbd,,,0.2,20.0,0.08000000000000002,0.005000000000000001,0.020000000000000004,0,full,True
ACT,24,8000066,metaworld,False,200,0.9829385379998712,0,0,0,0,0.0,,False,True,timeout,c7b96f51ae8f4bd013faa30e9467a9ecae3ebf2ecc099f58b64e64f8347e02a1,8c503c07dc6dcdd904e948f14d270410c2fbd4d9796f8d9e08451dc34c7d4399,56b7f182edcfeefa9301e1edd53d7f36e4418de7e6df1b54b0f0c298cde1b3cd,,,0.2,20.0,0.08000000000000002,0.005000000000000001,0.020000000000000004,0,full,True
ACT,25,8000067,metaworld,False,200,0.9197680649995164,0,0,0,0,0.0,,False,True,object_dropped,004cd1697ce866365cc7c06636882e544c13fb2f5525a94b1b9455f9bfa9a362,8c503c07dc6dcdd904e948f14d270410c2fbd4d9796f8d9e08451dc34c7d4399,e216352c7f1c7392270c7c501bb599f2a46f420613a124fda0729ab88160cdf2,,,0.2,20.0,0.08000000000000002,0.005000000000000001,0.020000000000000004,0,full,True
ACT,26,8000068,metaworld,True,53,0.24833004199899733,0,0,0,0,0.0,,True,False,,fb23a0a15ce3dc647b991d0909df165243cf5426dd7af985baf3d5641ab978c1,8c503c07dc6dcdd904e948f14d270410c2fbd4d9796f8d9e08451dc34c7d4399,2eb279a724955c1a9d173681940490ec9cc8ed4fdc15a95533884a23d4ccdb4e,,,0.2,20.0,0.08000000000000002,0.005000000000000001,0.020000000000000004,0,full,True
ACT,27,8000069,metaworld,True,50,0.23122241100281826,0,0,0,0,0.0,,True,False,,60df108b1dd97283f8da38259cc00e3238603ee577d29e2551c6c45e234f67c6,8c503c07dc6dcdd904e948f14d270410c2fbd4d9796f8d9e08451dc34c7d4399,15a9adece7ebea14bdf37f5376e274c6dce4711281025cf35060933ba9ab8ad3,,,0.2,20.0,0.08000000000000002,0.005000000000000001,0.020000000000000004,0,full,True
ACT,28,8000070,metaworld,True,49,0.23163290600132314,0,0,0,0,0.0,,True,False,,bac2f948bde8d6e90aa580cfc8be1d500acbc6205c40221a57c64b0ff881e88f,8c503c07dc6dcdd904e948f14d270410c2fbd4d9796f8d9e08451dc34c7d4399,5d73f28d4d24cdbcb36a5e5cd61ec1a82f7287ce56d88da8cea912ed757b164c,,,0.2,20.0,0.08000000000000002,0.005000000000000001,0.020000000000000004,0,full,True
ACT,29,8000071,metaworld,True,54,0.2552759009995498,0,0,0,0,0.0,,True,False,,20be4c7a46c48debaec1c2e252e20f005acca36c32a102483a854c1b35859af9,8c503c07dc6dcdd904e948f14d270410c2fbd4d9796f8d9e08451dc34c7d4399,5e1df472084de78052388a34f03cad3de438ca9b5dc801b5759dd57c66a7482a,,,0.2,20.0,0.08000000000000002,0.005000000000000001,0.020000000000000004,0,full,True
ACT,30,8000072,metaworld,False,200,0.9171181150013581,0,0,0,0,0.0,,False,True,timeout,da4a80a3406a8aa9fab61844fce0359a15336c1049592f59f943fb62e2495797,8c503c07dc6dcdd904e948f14d270410c2fbd4d9796f8d9e08451dc34c7d4399,aba21ef1c98d0573e36116c9757115227fd3793cba96aea7eda95c2547314ca3,,,0.2,20.0,0.08000000000000002,0.005000000000000001,0.020000000000000004,0,full,True
ACT,31,8000073,metaworld,True,58,0.2711770770001749,0,0,0,0,0.0,,True,False,,4da9be26fa79b672a30c577b358fecdb4e205973320427b65c217bd53026afd7,8c503c07dc6dcdd904e948f14d270410c2fbd4d9796f8d9e08451dc34c7d4399,b8e45a2f8f553d53c6eef0305347f910b9999bcae6df6ccaf0eaee6ac864e670,,,0.2,20.0,0.08000000000000002,0.005000000000000001,0.020000000000000004,0,full,True
ACT,32,8000074,metaworld,False,200,0.9684547729993938,0,0,0,0,0.0,,False,True,object_dropped,36a62bd222580c04aad46f87461657ffa1593e0a5681dc38570c863d18420546,8c503c07dc6dcdd904e948f14d270410c2fbd4d9796f8d9e08451dc34c7d4399,ba19e0623fe05add91e00811bacb33e27305f5fcb6549be6f6278ebce6046101,,,0.2,20.0,0.08000000000000002,0.005000000000000001,0.020000000000000004,0,full,True
ACT,33,8000075,metaworld,True,62,0.3348736400002963,0,0,0,0,0.0,,True,False,,1154e789c5513e3bb2e6881367a6b62dd738bcebb9dc85d38aaa1f0ddf8bedf2,8c503c07dc6dcdd904e948f14d270410c2fbd4d9796f8d9e08451dc34c7d4399,8a99d46d6d04afe3e2ef92bb607dde5e178b5c37506006c4f364e345976453b1,,,0.2,20.0,0.08000000000000002,0.005000000000000001,0.020000000000000004,0,full,True
ACT,34,8000076,metaworld,False,200,0.9273055739977281,0,0,0,0,0.0,,False,True,object_dropped,433ad95382b3c52ecdc5a79f751560a26743a56b007fb46ea99e04b58e2724c0,8c503c07dc6dcdd904e948f14d270410c2fbd4d9796f8d9e08451dc34c7d4399,4e97203f8ce1a96cef19545d4c4c300d0de39e4f94bd1941cef7ebc3dd48be02,,,0.2,20.0,0.08000000000000002,0.005000000000000001,0.020000000000000004,0,full,True
ACT,35,8000077,metaworld,False,200,0.9312988780002343,0,0,0,0,0.0,,False,True,object_dropped,02a5a89c5dd2451b2217ed8eba4032c9201efb37e38f02b0cf030dd549b8d6a9,8c503c07dc6dcdd904e948f14d270410c2fbd4d9796f8d9e08451dc34c7d4399,06d355d7aff3b944ab4199c02a94c63d062e5c414c0b195f7b232b607e0ab1ed,,,0.2,20.0,0.08000000000000002,0.005000000000000001,0.020000000000000004,0,full,True
ACT,36,8000078,metaworld,False,200,0.9298809120009537,0,0,0,0,0.0,,False,True,object_dropped,22b3b34a1aef225432a3fd84829ba466190fa1ba12ac14e7e20dd61f7249c69f,8c503c07dc6dcdd904e948f14d270410c2fbd4d9796f8d9e08451dc34c7d4399,39001749c902e2ab9d015efb8c7644faffff99810b709d3203dc359d5eacdcbd,,,0.2,20.0,0.08000000000000002,0.005000000000000001,0.020000000000000004,0,full,True
ACT,37,8000079,metaworld,False,200,0.9400891810000758,0,0,0,0,0.0,,False,True,timeout,07fa6a4261d0585806cf03e3c9398380b2e60d65f4e688cc01c18a7160262694,8c503c07dc6dcdd904e948f14d270410c2fbd4d9796f8d9e08451dc34c7d4399,8a99d46d6d04afe3e2ef92bb607dde5e178b5c37506006c4f364e345976453b1,,,0.2,20.0,0.08000000000000002,0.005000000000000001,0.020000000000000004,0,full,True
ACT,38,8000080,metaworld,False,200,0.9559998350014212,0,0,0,0,0.0,,False,True,timeout,e2a7104cbdb91402bae7f29fdee8ce2826881cb1775044067eae5c1169e01160,8c503c07dc6dcdd904e948f14d270410c2fbd4d9796f8d9e08451dc34c7d4399,5d73f28d4d24cdbcb36a5e5cd61ec1a82f7287ce56d88da8cea912ed757b164c,,,0.2,20.0,0.08000000000000002,0.005000000000000001,0.020000000000000004,0,full,True
ACT,39,8000081,metaworld,True,60,0.2834174689996871,0,0,0,0,0.0,,True,False,,3b630c411d109f0c8489766d9daa1f5528f5877721e4e6813ea1ee1398490f00,8c503c07dc6dcdd904e948f14d270410c2fbd4d9796f8d9e08451dc34c7d4399,a8cfe6e2276fbd15230c5555255b87d17333bdd29f84f687df7405d0311fae7f,,,0.2,20.0,0.08000000000000002,0.005000000000000001,0.020000000000000004,0,full,True
ACT,40,8000082,metaworld,True,53,0.2503177409998898,0,0,0,0,0.0,,True,False,,03cd26d21dcb24e30ab212648f3dea212c394cb946b2ac94bb229e77506c4417,8c503c07dc6dcdd904e948f14d270410c2fbd4d9796f8d9e08451dc34c7d4399,f82ceac6f8787ac22c378edc1f141cedcc86bf9309b43f1aff6633ae0a963abb,,,0.2,20.0,0.08000000000000002,0.005000000000000001,0.020000000000000004,0,full,True
ACT,41,8000083,metaworld,True,59,0.28122687300128746,0,0,0,0,0.0,,True,False,,445b54820c006dd7a5c46b3f4824df2608016ab376cca782546d503a96b49bbb,8c503c07dc6dcdd904e948f14d270410c2fbd4d9796f8d9e08451dc34c7d4399,4e97203f8ce1a96cef19545d4c4c300d0de39e4f94bd1941cef7ebc3dd48be02,,,0.2,20.0,0.08000000000000002,0.005000000000000001,0.020000000000000004,0,full,True
ACT,42,8000084,metaworld,False,200,0.9347043899979326,0,0,0,0,0.0,,False,True,timeout,00544922f8d22cdb19acb1a83062d6c6953731238069f15c1aba4405db6bbcb0,8c503c07dc6dcdd904e948f14d270410c2fbd4d9796f8d9e08451dc34c7d4399,5d73f28d4d24cdbcb36a5e5cd61ec1a82f7287ce56d88da8cea912ed757b164c,,,0.2,20.0,0.08000000000000002,0.005000000000000001,0.020000000000000004,0,full,True
ACT,43,8000085,metaworld,True,53,0.24746637199859833,0,0,0,0,0.0,,True,False,,924b952ec037139bf8a6ecc872bb49ef7e104dc13554ec0de8604bfd1270ae2e,8c503c07dc6dcdd904e948f14d270410c2fbd4d9796f8d9e08451dc34c7d4399,aba21ef1c98d0573e36116c9757115227fd3793cba96aea7eda95c2547314ca3,,,0.2,20.0,0.08000000000000002,0.005000000000000001,0.020000000000000004,0,full,True
ACT,44,8000086,metaworld,False,200,0.9686282930015295,0,0,0,0,0.0,,False,True,timeout,0b2fd969d7a30a9ea70bcc57ae43e9dbde135754384f8a1c1fda98c63590f2bd,8c503c07dc6dcdd904e948f14d270410c2fbd4d9796f8d9e08451dc34c7d4399,27e1ed8c670f23dae46752497e383610e58c248d638e3b9b707808a32ce33d4e,,,0.2,20.0,0.08000000000000002,0.005000000000000001,0.020000000000000004,0,full,True
ACT,45,8000087,metaworld,True,55,0.2731785280011536,0,0,0,0,0.0,,True,False,,6a12ab6fb500f57e437123fd7babdf9672a62cddc0cb86b9376ed02ab126a2ee,8c503c07dc6dcdd904e948f14d270410c2fbd4d9796f8d9e08451dc34c7d4399,ba19e0623fe05add91e00811bacb33e27305f5fcb6549be6f6278ebce6046101,,,0.2,20.0,0.08000000000000002,0.005000000000000001,0.020000000000000004,0,full,True
ACT,46,8000088,metaworld,True,62,0.3055033109994838,0,0,0,0,0.0,,True,False,,5edaf61ae02143431983521542fa523523b183eddc6c6df6b9bbfce21a1532ad,8c503c07dc6dcdd904e948f14d270410c2fbd4d9796f8d9e08451dc34c7d4399,e216352c7f1c7392270c7c501bb599f2a46f420613a124fda0729ab88160cdf2,,,0.2,20.0,0.08000000000000002,0.005000000000000001,0.020000000000000004,0,full,True
ACT,47,8000089,metaworld,True,52,0.2556409649987472,0,0,0,0,0.0,,True,False,,c1ab7fc45de2ecf404c3cd591d84c96bd1062b994a51b2a01e940e0018657fee,8c503c07dc6dcdd904e948f14d270410c2fbd4d9796f8d9e08451dc34c7d4399,f82ceac6f8787ac22c378edc1f141cedcc86bf9309b43f1aff6633ae0a963abb,,,0.2,20.0,0.08000000000000002,0.005000000000000001,0.020000000000000004,0,full,True
ACT,48,8000090,metaworld,True,60,0.29464096700030495,0,0,0,0,0.0,,True,False,,dfb345b4d2d255f18d997c82b851d4dc26bbbfcce8e6d31a2e7f1c5fdf7e7d6f,8c503c07dc6dcdd904e948f14d270410c2fbd4d9796f8d9e08451dc34c7d4399,b8e45a2f8f553d53c6eef0305347f910b9999bcae6df6ccaf0eaee6ac864e670,,,0.2,20.0,0.08000000000000002,0.005000000000000001,0.020000000000000004,0,full,True
ACT,49,8000091,metaworld,True,50,0.2479828700015787,0,0,0,0,0.0,,True,False,,e5779ad13c5e4e1056ef6f9bd6643be7c2921ad2ad377b4830503ce222a0aebe,8c503c07dc6dcdd904e948f14d270410c2fbd4d9796f8d9e08451dc34c7d4399,c40fedd273cade53989af8adc3ca66d02f2d92ca4d97b2f6391a0dd0ab6dbca3,,,0.2,20.0,0.08000000000000002,0.005000000000000001,0.020000000000000004,0,full,True
ACT,50,8000092,metaworld,True,58,0.2828715089999605,0,0,0,0,0.0,,True,False,,0187525f347697417ad051e27f4cd38a55d41354c0180527d311e0a48208a098,8c503c07dc6dcdd904e948f14d270410c2fbd4d9796f8d9e08451dc34c7d4399,48ce9609a38b32e56f7e6a43ffef71c21c8b1d17ed5a63d47701bc1dfc3ff271,,,0.2,20.0,0.08000000000000002,0.005000000000000001,0.020000000000000004,0,full,True
ACT,51,8000093,metaworld,True,51,0.2504388059969642,0,0,0,0,0.0,,True,False,,6160f8edb60468986e845d9121f5cf54a8aac9e91aac546ba63e6b6b3b31708b,8c503c07dc6dcdd904e948f14d270410c2fbd4d9796f8d9e08451dc34c7d4399,2ad5907877cc42b4447b9630988e3a1f0da0d83e1f696f71e22dc69905e631b6,,,0.2,20.0,0.08000000000000002,0.005000000000000001,0.020000000000000004,0,full,True
ACT,52,8000094,metaworld,True,59,0.288863122001203,0,0,0,0,0.0,,True,False,,5bae5ed20e5f9c5098fa2f109ab750f522add63f7f2f1e2b244c9493da411da6,8c503c07dc6dcdd904e948f14d270410c2fbd4d9796f8d9e08451dc34c7d4399,8a99d46d6d04afe3e2ef92bb607dde5e178b5c37506006c4f364e345976453b1,,,0.2,20.0,0.08000000000000002,0.005000000000000001,0.020000000000000004,0,full,True
ACT,53,8000095,metaworld,True,56,0.2717991900026391,0,0,0,0,0.0,,True,False,,dad88b69dcd17e4ae9c59f7275773c36e667ce6dd2e3b0b9cd4ec6ddcc263a8e,8c503c07dc6dcdd904e948f14d270410c2fbd4d9796f8d9e08451dc34c7d4399,942fb6a87dc1e3eb7bf7bb111c97e7096138256b4a9a6b4c62a012fabe8bec38,,,0.2,20.0,0.08000000000000002,0.005000000000000001,0.020000000000000004,0,full,True
ACT,54,8000096,metaworld,False,200,0.95684688899928,0,0,0,0,0.0,,False,True,object_dropped,e32b8da9f59f35a5bff67b0dcfd186e1ea2bdc555390d21ab245e637374b7438,8c503c07dc6dcdd904e948f14d270410c2fbd4d9796f8d9e08451dc34c7d4399,4e97203f8ce1a96cef19545d4c4c300d0de39e4f94bd1941cef7ebc3dd48be02,,,0.2,20.0,0.08000000000000002,0.005000000000000001,0.020000000000000004,0,full,True
ACT,55,8000097,metaworld,True,52,0.2529523679986596,0,0,0,0,0.0,,True,False,,e2fe0a23b629980b7977ff966fac25c327e2c86beede181e5caa131615d10ff1,8c503c07dc6dcdd904e948f14d270410c2fbd4d9796f8d9e08451dc34c7d4399,742509487aeb71d366f1ddafa1cb12db2f7cfefe17c4ca89c98cffb67c1c8619,,,0.2,20.0,0.08000000000000002,0.005000000000000001,0.020000000000000004,0,full,True
ACT,56,8000098,metaworld,True,51,0.2515079449985933,0,0,0,0,0.0,,True,False,,160976d0415295ba619332c08ed3352136d2a533ff2f491491a49e2348970c06,8c503c07dc6dcdd904e948f14d270410c2fbd4d9796f8d9e08451dc34c7d4399,08a97a6dfa17f78b5cc5b1351d60038e4a40a68fc93722672482714333b1d9b5,,,0.2,20.0,0.08000000000000002,0.005000000000000001,0.020000000000000004,0,full,True
ACT,57,8000099,metaworld,True,49,0.2460181320020638,0,0,0,0,0.0,,True,False,,d6afb88d82f5aff8e8c841880adbb5c352b59aa106342da93075e364a75ebf1d,8c503c07dc6dcdd904e948f14d270410c2fbd4d9796f8d9e08451dc34c7d4399,35203d16cfa98b5f2e002fcb1ffde2400abf9459c161f6a289efa0c46eddb36f,,,0.2,20.0,0.08000000000000002,0.005000000000000001,0.020000000000000004,0,full,True
ACT,58,8000100,metaworld,True,58,0.2839812370002619,0,0,0,0,0.0,,True,False,,cf65b1e17cfaf490e49b7002bfa28326afa980b2692d0d744df608b2124fdde0,8c503c07dc6dcdd904e948f14d270410c2fbd4d9796f8d9e08451dc34c7d4399,64ee837add19202e84553431fdab118462cf5265eeae19a4d044b5a6818f771d,,,0.2,20.0,0.08000000000000002,0.005000000000000001,0.020000000000000004,0,full,True
ACT,59,8000101,metaworld,False,200,0.9624540900003922,0,0,0,0,0.0,,False,True,timeout,b2f6ec852f1ecfd961eae67fc9cc2019462e3d5a70e11f0f90a41222646901f0,8c503c07dc6dcdd904e948f14d270410c2fbd4d9796f8d9e08451dc34c7d4399,06d355d7aff3b944ab4199c02a94c63d062e5c414c0b195f7b232b607e0ab1ed,,,0.2,20.0,0.08000000000000002,0.005000000000000001,0.020000000000000004,0,full,True
ACT,60,8000102,metaworld,False,200,0.9559138279983017,0,0,0,0,0.0,,False,True,timeout,6979123f4789d9c0ff0d1ef23eb30c83fbe89b85fe610f2747696f569caaec5c,8c503c07dc6dcdd904e948f14d270410c2fbd4d9796f8d9e08451dc34c7d4399,08a97a6dfa17f78b5cc5b1351d60038e4a40a68fc93722672482714333b1d9b5,,,0.2,20.0,0.08000000000000002,0.005000000000000001,0.020000000000000004,0,full,True
ACT,61,8000103,metaworld,True,52,0.24924513999940245,0,0,0,0,0.0,,True,False,,84809919ce53a28565bcb1b3352a068db79cd9cca30093d0fe7d45e781a0ee0a,8c503c07dc6dcdd904e948f14d270410c2fbd4d9796f8d9e08451dc34c7d4399,0f719f94ef165c0b816b8b10c3f4f5fcf802c9f5a25141035590310315749280,,,0.2,20.0,0.08000000000000002,0.005000000000000001,0.020000000000000004,0,full,True
ACT,62,8000104,metaworld,True,48,0.22786875900055747,0,0,0,0,0.0,,True,False,,81af240b8647e3487bb24605abfb9d9a128354e089f7b7e4e6e8921c61232f83,8c503c07dc6dcdd904e948f14d270410c2fbd4d9796f8d9e08451dc34c7d4399,35203d16cfa98b5f2e002fcb1ffde2400abf9459c161f6a289efa0c46eddb36f,,,0.2,20.0,0.08000000000000002,0.005000000000000001,0.020000000000000004,0,full,True
ACT,63,8000105,metaworld,True,58,0.2773115229974792,0,0,0,0,0.0,,True,False,,32e8a2e68343de7c8a957571f30c3a503d19bf150a05d5358a16a71060aa6c16,8c503c07dc6dcdd904e948f14d270410c2fbd4d9796f8d9e08451dc34c7d4399,4e97203f8ce1a96cef19545d4c4c300d0de39e4f94bd1941cef7ebc3dd48be02,,,0.2,20.0,0.08000000000000002,0.005000000000000001,0.020000000000000004,0,full,True
ACT,64,8000106,metaworld,True,58,0.2769731780026632,0,0,0,0,0.0,,True,False,,7c8dfcd78c17b150edbd77c03c52794423861adba685a782107b4807a039704c,8c503c07dc6dcdd904e948f14d270410c2fbd4d9796f8d9e08451dc34c7d4399,06d355d7aff3b944ab4199c02a94c63d062e5c414c0b195f7b232b607e0ab1ed,,,0.2,20.0,0.08000000000000002,0.005000000000000001,0.020000000000000004,0,full,True
ACT,65,8000107,metaworld,False,200,1.0104948290027096,0,0,0,0,0.0,,False,True,timeout,034e6f8edd9e32919aa5bfd6a8f57cead5bd384952f6164c27c2902cbd71a6fa,8c503c07dc6dcdd904e948f14d270410c2fbd4d9796f8d9e08451dc34c7d4399,0cda21f8ffacf0a1e40e7b0e858a8e2ddc276972106d4bced99d4404b4a13fd8,,,0.2,20.0,0.08000000000000002,0.005000000000000001,0.020000000000000004,0,full,True
ACT,66,8000108,metaworld,True,51,0.251115203001973,0,0,0,0,0.0,,True,False,,fc854c85b8f3930786925bf59b1650d812d507443b891597f9bfe5a5c208af7e,8c503c07dc6dcdd904e948f14d270410c2fbd4d9796f8d9e08451dc34c7d4399,2ad5907877cc42b4447b9630988e3a1f0da0d83e1f696f71e22dc69905e631b6,,,0.2,20.0,0.08000000000000002,0.005000000000000001,0.020000000000000004,0,full,True
ACT,67,8000109,metaworld,True,58,0.2945355270021537,0,0,0,0,0.0,,True,False,,8d702f48e913c9ca4da97bb2ee29c7323de2670806cd815bd82577380575d48a,8c503c07dc6dcdd904e948f14d270410c2fbd4d9796f8d9e08451dc34c7d4399,a8cfe6e2276fbd15230c5555255b87d17333bdd29f84f687df7405d0311fae7f,,,0.2,20.0,0.08000000000000002,0.005000000000000001,0.020000000000000004,0,full,True
ACT,68,8000110,metaworld,False,200,1.0388789649987302,0,0,0,0,0.0,,False,True,object_dropped,6ad4d11e1b113511ef59e39f620bd6fb9897dbbe32f024747d1a17ac5d57bf49,8c503c07dc6dcdd904e948f14d270410c2fbd4d9796f8d9e08451dc34c7d4399,0f719f94ef165c0b816b8b10c3f4f5fcf802c9f5a25141035590310315749280,,,0.2,20.0,0.08000000000000002,0.005000000000000001,0.020000000000000004,0,full,True
ACT,69,8000111,metaworld,True,56,0.28719384699797956,0,0,0,0,0.0,,True,False,,5669bd18266d523b66bcd3e91e8922f8f98da898ad4a5b7ccc276a19d7f9dc91,8c503c07dc6dcdd904e948f14d270410c2fbd4d9796f8d9e08451dc34c7d4399,3183afb500ebb9a5af177cccb5b5889a8321eb35261f8ec571269f8b5ed9cd1a,,,0.2,20.0,0.08000000000000002,0.005000000000000001,0.020000000000000004,0,full,True
ACT,70,8000112,metaworld,True,58,0.2904907509982877,0,0,0,0,0.0,,True,False,,0e65ce13b3121b6c798a76e6298f8de8fd5eccb06fe6f5dac1b24f759cc29588,8c503c07dc6dcdd904e948f14d270410c2fbd4d9796f8d9e08451dc34c7d4399,a8cfe6e2276fbd15230c5555255b87d17333bdd29f84f687df7405d0311fae7f,,,0.2,20.0,0.08000000000000002,0.005000000000000001,0.020000000000000004,0,full,True
ACT,71,8000113,metaworld,True,59,0.3069103140005609,0,0,0,0,0.0,,True,False,,11294e3f352dee934c5574151f1e37b1f24f4b9f3b47fe10e5b886c51d70a676,8c503c07dc6dcdd904e948f14d270410c2fbd4d9796f8d9e08451dc34c7d4399,f82ceac6f8787ac22c378edc1f141cedcc86bf9309b43f1aff6633ae0a963abb,,,0.2,20.0,0.08000000000000002,0.005000000000000001,0.020000000000000004,0,full,True
ACT,72,8000114,metaworld,True,48,0.2541180509979313,0,0,0,0,0.0,,True,False,,ddb80678b6ad6ee1a6cbb53813f7c62bab4a3b4c7635bf8b5fcfd7e03dd0fe23,8c503c07dc6dcdd904e948f14d270410c2fbd4d9796f8d9e08451dc34c7d4399,e6e55bdbd77dc052facbc072d20b08a21d116978c37627b9a3d9dc7989dfbe62,,,0.2,20.0,0.08000000000000002,0.005000000000000001,0.020000000000000004,0,full,True
ACT,73,8000115,metaworld,True,61,0.31878426899857004,0,0,0,0,0.0,,True,False,,06066075c1bee718dc37cb57cbb342bcd1179c8bfdd2d8f56d2d4d0de8079d2e,8c503c07dc6dcdd904e948f14d270410c2fbd4d9796f8d9e08451dc34c7d4399,1c856fdcb5da12c3fa2d15b38741aa980fa3a47e64fb99f8635817590128f9ea,,,0.2,20.0,0.08000000000000002,0.005000000000000001,0.020000000000000004,0,full,True
ACT,74,8000116,metaworld,True,48,0.25018885700046667,0,0,0,0,0.0,,True,False,,d164eabf2d9f406a91dd06c767dfff1599b4a570c40f557bfbd78b64cf625794,8c503c07dc6dcdd904e948f14d270410c2fbd4d9796f8d9e08451dc34c7d4399,27e1ed8c670f23dae46752497e383610e58c248d638e3b9b707808a32ce33d4e,,,0.2,20.0,0.08000000000000002,0.005000000000000001,0.020000000000000004,0,full,True
ACT,75,8000117,metaworld,True,55,0.28448665799805894,0,0,0,0,0.0,,True,False,,649901a9bca53a75d48164a1726be3ca3166f47904e86bb0e74e4a39ea35d093,8c503c07dc6dcdd904e948f14d270410c2fbd4d9796f8d9e08451dc34c7d4399,3183afb500ebb9a5af177cccb5b5889a8321eb35261f8ec571269f8b5ed9cd1a,,,0.2,20.0,0.08000000000000002,0.005000000000000001,0.020000000000000004,0,full,True
ACT,76,8000118,metaworld,True,53,0.2695091150017106,0,0,0,0,0.0,,True,False,,53509cf568a46a011aa4689ecffbf91d5369ac34567c5d45039ea1c70544dc7c,8c503c07dc6dcdd904e948f14d270410c2fbd4d9796f8d9e08451dc34c7d4399,acfaed29b052207b47b4b7fa76672795fd08de3add8565db05f141de82ece90b,,,0.2,20.0,0.08000000000000002,0.005000000000000001,0.020000000000000004,0,full,True
ACT,77,8000119,metaworld,True,54,0.26815214100133744,0,0,0,0,0.0,,True,False,,a4fac0771631f2d248f1bd4894ac3b6eec7d2a8a8843adc521698c46814b76fe,8c503c07dc6dcdd904e948f14d270410c2fbd4d9796f8d9e08451dc34c7d4399,7c3391ee418e26d47c002810bc00065e4dd0b6728c969d2338ad549ad01ebb0a,,,0.2,20.0,0.08000000000000002,0.005000000000000001,0.020000000000000004,0,full,True
ACT,78,8000120,metaworld,True,54,0.27516278099938063,0,0,0,0,0.0,,True,False,,ec01291b887a6da8ed70ca6444d82694267916f363ced9ef25dbf0fb430256a0,8c503c07dc6dcdd904e948f14d270410c2fbd4d9796f8d9e08451dc34c7d4399,64ee837add19202e84553431fdab118462cf5265eeae19a4d044b5a6818f771d,,,0.2,20.0,0.08000000000000002,0.005000000000000001,0.020000000000000004,0,full,True
ACT,79,8000121,metaworld,True,59,0.30211824900106876,0,0,0,0,0.0,,True,False,,148c040c8dde2ddd0d7b9cfbfea068e1466c10b5af103bb0ffe9e41462569266,8c503c07dc6dcdd904e948f14d270410c2fbd4d9796f8d9e08451dc34c7d4399,25805a097f1f4b8c203ec3c130dcd3e66b5fb3ad298114a08662aae6c86fa673,,,0.2,20.0,0.08000000000000002,0.005000000000000001,0.020000000000000004,0,full,True
ACT,80,8000122,metaworld,True,62,0.3164976679981919,0,0,0,0,0.0,,True,False,,4205e5508577e9439acfcbe7a3354c222eb1855555fd776739ba2f0ca257bd96,8c503c07dc6dcdd904e948f14d270410c2fbd4d9796f8d9e08451dc34c7d4399,2eb279a724955c1a9d173681940490ec9cc8ed4fdc15a95533884a23d4ccdb4e,,,0.2,20.0,0.08000000000000002,0.005000000000000001,0.020000000000000004,0,full,True
ACT,81,8000123,metaworld,True,56,0.27992055999857257,0,0,0,0,0.0,,True,False,,7967450762ddf8c1b9255bca1913c691c11e144442e413a7649b70dbf92793f7,8c503c07dc6dcdd904e948f14d270410c2fbd4d9796f8d9e08451dc34c7d4399,25805a097f1f4b8c203ec3c130dcd3e66b5fb3ad298114a08662aae6c86fa673,,,0.2,20.0,0.08000000000000002,0.005000000000000001,0.020000000000000004,0,full,True
ACT,82,8000124,metaworld,True,51,0.2530864299988025,0,0,0,0,0.0,,True,False,,11b263f2c0155df4470e53736bbe94ef82a4b17ecd11a12f786c4e8947d2e84e,8c503c07dc6dcdd904e948f14d270410c2fbd4d9796f8d9e08451dc34c7d4399,bb2c6b1aed959fa3ddddb1c215ce67cbb5b0ec080eb65fb58e06b7776849a096,,,0.2,20.0,0.08000000000000002,0.005000000000000001,0.020000000000000004,0,full,True
ACT,83,8000125,metaworld,True,50,0.24851197799944202,0,0,0,0,0.0,,True,False,,fcb89244acada579319d61021d3ad136961f17641ffe4d08fd75037465a17b0d,8c503c07dc6dcdd904e948f14d270410c2fbd4d9796f8d9e08451dc34c7d4399,08a97a6dfa17f78b5cc5b1351d60038e4a40a68fc93722672482714333b1d9b5,,,0.2,20.0,0.08000000000000002,0.005000000000000001,0.020000000000000004,0,full,True
ACT,84,8000126,metaworld,True,56,0.29845028599811485,0,0,0,0,0.0,,True,False,,26061e13fab6f25c73460040db432b1976348dd4675e5c2d1fb5c4d7d8e97056,8c503c07dc6dcdd904e948f14d270410c2fbd4d9796f8d9e08451dc34c7d4399,25805a097f1f4b8c203ec3c130dcd3e66b5fb3ad298114a08662aae6c86fa673,,,0.2,20.0,0.08000000000000002,0.005000000000000001,0.020000000000000004,0,full,True
ACT,85,8000127,metaworld,True,59,0.302243443999032,0,0,0,0,0.0,,True,False,,dc5a5b439ff547e06b4e93c9795b1110bd9a5b38dd1159a444f62d4450800785,8c503c07dc6dcdd904e948f14d270410c2fbd4d9796f8d9e08451dc34c7d4399,1c856fdcb5da12c3fa2d15b38741aa980fa3a47e64fb99f8635817590128f9ea,,,0.2,20.0,0.08000000000000002,0.005000000000000001,0.020000000000000004,0,full,True
ACT,86,8000128,metaworld,True,68,0.35136688200145727,0,0,0,0,0.0,,True,False,,380467ac86e628c4af1fb5958c2bd879e33d3af7f70d69a1bc2034d5ebfcdb6c,8c503c07dc6dcdd904e948f14d270410c2fbd4d9796f8d9e08451dc34c7d4399,5e1df472084de78052388a34f03cad3de438ca9b5dc801b5759dd57c66a7482a,,,0.2,20.0,0.08000000000000002,0.005000000000000001,0.020000000000000004,0,full,True
ACT,87,8000129,metaworld,True,59,0.29464308300157427,0,0,0,0,0.0,,True,False,,6fd64fed90e7d4372e717b1ca2b89a84c801b3fdd729c102aff93b53dcf21269,8c503c07dc6dcdd904e948f14d270410c2fbd4d9796f8d9e08451dc34c7d4399,1c856fdcb5da12c3fa2d15b38741aa980fa3a47e64fb99f8635817590128f9ea,,,0.2,20.0,0.08000000000000002,0.005000000000000001,0.020000000000000004,0,full,True
ACT,88,8000130,metaworld,True,56,0.2826983539998764,0,0,0,0,0.0,,True,False,,11e5f19d8b8962b9ed1e8b42e8e43b1a30f3f5f6577449ee22916843a5998229,8c503c07dc6dcdd904e948f14d270410c2fbd4d9796f8d9e08451dc34c7d4399,942fb6a87dc1e3eb7bf7bb111c97e7096138256b4a9a6b4c62a012fabe8bec38,,,0.2,20.0,0.08000000000000002,0.005000000000000001,0.020000000000000004,0,full,True
ACT,89,8000131,metaworld,True,57,0.2837284550005279,0,0,0,0,0.0,,True,False,,bb06790d587640bac71c02af660fd26cc7048f338fb8cf1cfa4baecb56853868,8c503c07dc6dcdd904e948f14d270410c2fbd4d9796f8d9e08451dc34c7d4399,0f719f94ef165c0b816b8b10c3f4f5fcf802c9f5a25141035590310315749280,,,0.2,20.0,0.08000000000000002,0.005000000000000001,0.020000000000000004,0,full,True
ACT,90,8000132,metaworld,True,53,0.26338850500178523,0,0,0,0,0.0,,True,False,,a615edfd7dc38255c3dafbb55b7811b70ce1699c1aabd8c70b22d3e05631e264,8c503c07dc6dcdd904e948f14d270410c2fbd4d9796f8d9e08451dc34c7d4399,c40fedd273cade53989af8adc3ca66d02f2d92ca4d97b2f6391a0dd0ab6dbca3,,,0.2,20.0,0.08000000000000002,0.005000000000000001,0.020000000000000004,0,full,True
ACT,91,8000133,metaworld,True,52,0.2551589570030046,0,0,0,0,0.0,,True,False,,f81156c2cdfb1c41e9b1f56d9fed85da97559f4a3f699a42dea976d59538252f,8c503c07dc6dcdd904e948f14d270410c2fbd4d9796f8d9e08451dc34c7d4399,38329c6b97bbe7d133bf007c22742dca5f0cd7258f8d7199135c6c2371ae591d,,,0.2,20.0,0.08000000000000002,0.005000000000000001,0.020000000000000004,0,full,True
ACT,92,8000134,metaworld,True,58,0.28590209200046957,0,0,0,0,0.0,,True,False,,b26162d8032ac6168826bcba51cd31aa177a6b45bdaaba22dcb55856813df307,8c503c07dc6dcdd904e948f14d270410c2fbd4d9796f8d9e08451dc34c7d4399,48ce9609a38b32e56f7e6a43ffef71c21c8b1d17ed5a63d47701bc1dfc3ff271,,,0.2,20.0,0.08000000000000002,0.005000000000000001,0.020000000000000004,0,full,True
ACT,93,8000135,metaworld,True,64,0.3160570009968069,0,0,0,0,0.0,,True,False,,8f6de0b1c3ee994e2dc002d5fbadbc6c63fa2100ba2a99e74a5d8fbde6e28946,8c503c07dc6dcdd904e948f14d270410c2fbd4d9796f8d9e08451dc34c7d4399,48ce9609a38b32e56f7e6a43ffef71c21c8b1d17ed5a63d47701bc1dfc3ff271,,,0.2,20.0,0.08000000000000002,0.005000000000000001,0.020000000000000004,0,full,True
ACT,94,8000136,metaworld,True,49,0.26621144200180424,0,0,0,0,0.0,,True,False,,dc7d73319dae71a252328b45b3677ee8d53589d89c3d0bd9d13fe3e27987f8cb,8c503c07dc6dcdd904e948f14d270410c2fbd4d9796f8d9e08451dc34c7d4399,bb2c6b1aed959fa3ddddb1c215ce67cbb5b0ec080eb65fb58e06b7776849a096,,,0.2,20.0,0.08000000000000002,0.005000000000000001,0.020000000000000004,0,full,True
ACT,95,8000137,metaworld,True,49,0.2502493529973435,0,0,0,0,0.0,,True,False,,63a3a9b845d47aa96669257d0a57025ac2597f5d3ca4870c876919bc14aa59e2,8c503c07dc6dcdd904e948f14d270410c2fbd4d9796f8d9e08451dc34c7d4399,27e1ed8c670f23dae46752497e383610e58c248d638e3b9b707808a32ce33d4e,,,0.2,20.0,0.08000000000000002,0.005000000000000001,0.020000000000000004,0,full,True
ACT,96,8000138,metaworld,True,52,0.2630881650002266,0,0,0,0,0.0,,True,False,,cc593aa9a4572450ddb2a40c42d79377909769fea195ea73920d8b05256642a3,8c503c07dc6dcdd904e948f14d270410c2fbd4d9796f8d9e08451dc34c7d4399,08a97a6dfa17f78b5cc5b1351d60038e4a40a68fc93722672482714333b1d9b5,,,0.2,20.0,0.08000000000000002,0.005000000000000001,0.020000000000000004,0,full,True
ACT,97,8000139,metaworld,True,59,0.2931286839993845,0,0,0,0,0.0,,True,False,,8b208accdadbaa7aa6770da9a5e0b33b86b52082e1117a01d6d9c7b56a8b649c,8c503c07dc6dcdd904e948f14d270410c2fbd4d9796f8d9e08451dc34c7d4399,b8e45a2f8f553d53c6eef0305347f910b9999bcae6df6ccaf0eaee6ac864e670,,,0.2,20.0,0.08000000000000002,0.005000000000000001,0.020000000000000004,0,full,True
ACT,98,8000140,metaworld,True,54,0.2640515860002779,0,0,0,0,0.0,,True,False,,8af51917bdea956dcdd16ed0b1b01e2a1cc95729aa0c5c7f5c25b84bb5df7ec1,8c503c07dc6dcdd904e948f14d270410c2fbd4d9796f8d9e08451dc34c7d4399,f82ceac6f8787ac22c378edc1f141cedcc86bf9309b43f1aff6633ae0a963abb,,,0.2,20.0,0.08000000000000002,0.005000000000000001,0.020000000000000004,0,full,True
ACT,99,8000141,metaworld,True,58,0.2813749099987035,0,0,0,0,0.0,,True,False,,f999583bbc128eaf766aa3bad7d98a1a429f79b42c0d42bec76a1976192da45d,8c503c07dc6dcdd904e948f14d270410c2fbd4d9796f8d9e08451dc34c7d4399,f82ceac6f8787ac22c378edc1f141cedcc86bf9309b43f1aff6633ae0a963abb,,,0.2,20.0,0.08000000000000002,0.005000000000000001,0.020000000000000004,0,full,True
ACT,100,8000142,metaworld,False,200,0.9597445770014019,0,0,0,0,0.0,,False,True,object_dropped,e27526cb2517ae4f68fb82dea49b36ee0627873a67f0bd08d44231489adfaa01,8c503c07dc6dcdd904e948f14d270410c2fbd4d9796f8d9e08451dc34c7d4399,e216352c7f1c7392270c7c501bb599f2a46f420613a124fda0729ab88160cdf2,,,0.2,20.0,0.08000000000000002,0.005000000000000001,0.020000000000000004,0,full,True
ACT,101,8000143,metaworld,True,53,0.25713798300057533,0,0,0,0,0.0,,True,False,,428818778ba61c14190210330e727c3cbe1237e2f980818c0c0d21ed52127311,8c503c07dc6dcdd904e948f14d270410c2fbd4d9796f8d9e08451dc34c7d4399,35203d16cfa98b5f2e002fcb1ffde2400abf9459c161f6a289efa0c46eddb36f,,,0.2,20.0,0.08000000000000002,0.005000000000000001,0.020000000000000004,0,full,True
ACT,102,8000144,metaworld,True,59,0.3048488530002942,0,0,0,0,0.0,,True,False,,3f94814fb424506afbb979e6f5dfaafcc3144168d2f098a950bc971ff3a0b7e6,8c503c07dc6dcdd904e948f14d270410c2fbd4d9796f8d9e08451dc34c7d4399,504c23f653f6cdee9d659d9320b164606b319d4f0e9cdf0f3a87e2fc7a98160a,,,0.2,20.0,0.08000000000000002,0.005000000000000001,0.020000000000000004,0,full,True
ACT,103,8000145,metaworld,True,58,0.355645914998604,0,0,0,0,0.0,,True,False,,a0ed016bbbc04406ce5a755d07e2c624fe57cb840607e1c9fc28457daf5e6e95,8c503c07dc6dcdd904e948f14d270410c2fbd4d9796f8d9e08451dc34c7d4399,a0b103bf3e43f4aa92753185301eba5e2e31594285004b99f51a59b33bd2d620,,,0.2,20.0,0.08000000000000002,0.005000000000000001,0.020000000000000004,0,full,True
ACT,104,8000146,metaworld,True,55,0.3439194499987934,0,0,0,0,0.0,,True,False,,8dbf347fc874c915b5cce2e8e011aec4062fc699a861342c0bce653794abfbac,8c503c07dc6dcdd904e948f14d270410c2fbd4d9796f8d9e08451dc34c7d4399,56b7f182edcfeefa9301e1edd53d7f36e4418de7e6df1b54b0f0c298cde1b3cd,,,0.2,20.0,0.08000000000000002,0.005000000000000001,0.020000000000000004,0,full,True
ACT,105,8000147,metaworld,True,51,0.2839613249998365,0,0,0,0,0.0,,True,False,,8cf1847e3c7ba597fff8b19f75c993cc87c1e5bff80c6e67ba21b3ed19ec8316,8c503c07dc6dcdd904e948f14d270410c2fbd4d9796f8d9e08451dc34c7d4399,08a97a6dfa17f78b5cc5b1351d60038e4a40a68fc93722672482714333b1d9b5,,,0.2,20.0,0.08000000000000002,0.005000000000000001,0.020000000000000004,0,full,True
ACT,106,8000148,metaworld,False,200,0.989541114999156,0,0,0,0,0.0,,False,True,timeout,4c908e10e761f2d22627e9e1110b583947653c675243b1da75025249bc10c5d0,8c503c07dc6dcdd904e948f14d270410c2fbd4d9796f8d9e08451dc34c7d4399,08a97a6dfa17f78b5cc5b1351d60038e4a40a68fc93722672482714333b1d9b5,,,0.2,20.0,0.08000000000000002,0.005000000000000001,0.020000000000000004,0,full,True
ACT,107,8000149,metaworld,True,57,0.28087218099972233,0,0,0,0,0.0,,True,False,,f4dcf26ca9f6cfe24bc16debf9c27c550242af4fbd01bf40783ac491011275ed,8c503c07dc6dcdd904e948f14d270410c2fbd4d9796f8d9e08451dc34c7d4399,524e161a612d94c222d06154bcd0129d0851b8fad51ae883abbef6e86d43cbb0,,,0.2,20.0,0.08000000000000002,0.005000000000000001,0.020000000000000004,0,full,True
ACT,108,8000150,metaworld,True,46,0.23153572799856192,0,0,0,0,0.0,,True,False,,78a8afdd79b2abfd1618d20ee6aeb806a69af8b49816641c1ad7d0b2bda64c5c,8c503c07dc6dcdd904e948f14d270410c2fbd4d9796f8d9e08451dc34c7d4399,5d73f28d4d24cdbcb36a5e5cd61ec1a82f7287ce56d88da8cea912ed757b164c,,,0.2,20.0,0.08000000000000002,0.005000000000000001,0.020000000000000004,0,full,True
ACT,109,8000151,metaworld,True,58,0.30179391400088207,0,0,0,0,0.0,,True,False,,343ce894157b28096af7019ec4e54e7d07b7fb3e430641e46e6c9d335851a9c8,8c503c07dc6dcdd904e948f14d270410c2fbd4d9796f8d9e08451dc34c7d4399,aa1f17aacdf569c3a2930a2ebbf742ff43f8d3acfc772731a5c344cabcd52570,,,0.2,20.0,0.08000000000000002,0.005000000000000001,0.020000000000000004,0,full,True
ACT,110,8000152,metaworld,False,200,1.008265342003142,0,0,0,0,0.0,,False,True,timeout,d9e2895944fe711adf37157a40b97b5340d757fcdb125bad36387f35814e5795,8c503c07dc6dcdd904e948f14d270410c2fbd4d9796f8d9e08451dc34c7d4399,cea0b9105255f82e0ee99bfb3998a6edce02b446d4b14afb0747282cd18aa202,,,0.2,20.0,0.08000000000000002,0.005000000000000001,0.020000000000000004,0,full,True
ACT,111,8000153,metaworld,True,47,0.22639958799845772,0,0,0,0,0.0,,True,False,,198bd80e98c40bde8a3b065eaa90dfc309f62439df20ec06d93d620bcf4411c1,8c503c07dc6dcdd904e948f14d270410c2fbd4d9796f8d9e08451dc34c7d4399,e6e55bdbd77dc052facbc072d20b08a21d116978c37627b9a3d9dc7989dfbe62,,,0.2,20.0,0.08000000000000002,0.005000000000000001,0.020000000000000004,0,full,True
ACT,112,8000154,metaworld,True,53,0.26219849699918996,0,0,0,0,0.0,,True,False,,a3e703b7aa74ae534234e107eb739ea225ff5356759bbbbb3630c8fab5c013ca,8c503c07dc6dcdd904e948f14d270410c2fbd4d9796f8d9e08451dc34c7d4399,5e1df472084de78052388a34f03cad3de438ca9b5dc801b5759dd57c66a7482a,,,0.2,20.0,0.08000000000000002,0.005000000000000001,0.020000000000000004,0,full,True
ACT,113,8000155,metaworld,True,56,0.2777681869993103,0,0,0,0,0.0,,True,False,,302bf9d6fc3af8b67b7720a6937f8817d98259a806336f03c174de43282675f1,8c503c07dc6dcdd904e948f14d270410c2fbd4d9796f8d9e08451dc34c7d4399,8a99d46d6d04afe3e2ef92bb607dde5e178b5c37506006c4f364e345976453b1,,,0.2,20.0,0.08000000000000002,0.005000000000000001,0.020000000000000004,0,full,True
ACT,114,8000156,metaworld,False,200,0.9636028630011424,0,0,0,0,0.0,,False,True,timeout,01033617e984155c155f825045f284f327e8083675002ff029f6ef803c737953,8c503c07dc6dcdd904e948f14d270410c2fbd4d9796f8d9e08451dc34c7d4399,a8cfe6e2276fbd15230c5555255b87d17333bdd29f84f687df7405d0311fae7f,,,0.2,20.0,0.08000000000000002,0.005000000000000001,0.020000000000000004,0,full,True
ACT,115,8000157,metaworld,False,200,0.970645721998153,0,0,0,0,0.0,,False,True,timeout,167793ccd1711b70b981c1f2526f32876b9c8898e8bcae934967327d8c7eb7b3,8c503c07dc6dcdd904e948f14d270410c2fbd4d9796f8d9e08451dc34c7d4399,08a97a6dfa17f78b5cc5b1351d60038e4a40a68fc93722672482714333b1d9b5,,,0.2,20.0,0.08000000000000002,0.005000000000000001,0.020000000000000004,0,full,True
ACT,116,8000158,metaworld,False,200,0.9865119619971665,0,0,0,0,0.0,,False,True,object_dropped,5b65b7a8751e56edb0fcfcd755e7a62be6a8e8959f7c5cdedb32dc496d1ace58,8c503c07dc6dcdd904e948f14d270410c2fbd4d9796f8d9e08451dc34c7d4399,b8e45a2f8f553d53c6eef0305347f910b9999bcae6df6ccaf0eaee6ac864e670,,,0.2,20.0,0.08000000000000002,0.005000000000000001,0.020000000000000004,0,full,True
ACT,117,8000159,metaworld,False,200,1.0037160290012253,0,0,0,0,0.0,,False,True,timeout,84030802b072c9eafaee8a5ddc10ea57b1d1392c4769ac0b616f12e5ade0aed4,8c503c07dc6dcdd904e948f14d270410c2fbd4d9796f8d9e08451dc34c7d4399,0f719f94ef165c0b816b8b10c3f4f5fcf802c9f5a25141035590310315749280,,,0.2,20.0,0.08000000000000002,0.005000000000000001,0.020000000000000004,0,full,True
ACT,118,8000160,metaworld,True,55,0.26493953300087014,0,0,0,0,0.0,,True,False,,dd5a06d39c7a7caa7dfd198655304556031bbd1714299832eb57b4a4fe09e2f2,8c503c07dc6dcdd904e948f14d270410c2fbd4d9796f8d9e08451dc34c7d4399,342b72dafe0e47ecf8a937cb01e62ac02c2d77bf93dafca59574cbbbfc4ad77b,,,0.2,20.0,0.08000000000000002,0.005000000000000001,0.020000000000000004,0,full,True
ACT,119,8000161,metaworld,True,54,0.2621246160015289,0,0,0,0,0.0,,True,False,,e38a92dc400fb4f37b8da94d79f3a88b2391dc1da2a5fc9fc05f60c9a8373f84,8c503c07dc6dcdd904e948f14d270410c2fbd4d9796f8d9e08451dc34c7d4399,ba19e0623fe05add91e00811bacb33e27305f5fcb6549be6f6278ebce6046101,,,0.2,20.0,0.08000000000000002,0.005000000000000001,0.020000000000000004,0,full,True
ACT,120,8000162,metaworld,True,55,0.26691646100152866,0,0,0,0,0.0,,True,False,,19b11f4aa4ba6ee05d37a4e3ef51be9967db766f85e9121c6beb6097b1c7104e,8c503c07dc6dcdd904e948f14d270410c2fbd4d9796f8d9e08451dc34c7d4399,acfaed29b052207b47b4b7fa76672795fd08de3add8565db05f141de82ece90b,,,0.2,20.0,0.08000000000000002,0.005000000000000001,0.020000000000000004,0,full,True
ACT,121,8000163,metaworld,True,55,0.26727223100169795,0,0,0,0,0.0,,True,False,,af40ac9a1861b100f177ad3f46638da10a62a282cea63f5a0433b58f5aa3fe79,8c503c07dc6dcdd904e948f14d270410c2fbd4d9796f8d9e08451dc34c7d4399,0cda21f8ffacf0a1e40e7b0e858a8e2ddc276972106d4bced99d4404b4a13fd8,,,0.2,20.0,0.08000000000000002,0.005000000000000001,0.020000000000000004,0,full,True
ACT,122,8000164,metaworld,False,200,0.956912485002249,0,0,0,0,0.0,,False,True,timeout,367f1e67644619c23de9ab24e4ea980359d4def3cb4090d6568afe1a694d5219,8c503c07dc6dcdd904e948f14d270410c2fbd4d9796f8d9e08451dc34c7d4399,15a9adece7ebea14bdf37f5376e274c6dce4711281025cf35060933ba9ab8ad3,,,0.2,20.0,0.08000000000000002,0.005000000000000001,0.020000000000000004,0,full,True
ACT,123,8000165,metaworld,True,59,0.2881453970003349,0,0,0,0,0.0,,True,False,,df5cee6bdf9da33acca1ccdebe67ad63f8ef85dcdff9fc485d5109e5cd8abbcd,8c503c07dc6dcdd904e948f14d270410c2fbd4d9796f8d9e08451dc34c7d4399,0f719f94ef165c0b816b8b10c3f4f5fcf802c9f5a25141035590310315749280,,,0.2,20.0,0.08000000000000002,0.005000000000000001,0.020000000000000004,0,full,True
ACT,124,8000166,metaworld,True,52,0.25272928699996555,0,0,0,0,0.0,,True,False,,26fa0b82c9a5deefbb245931f68bee549b75c6c002fee4ecb29f50c174aacbc8,8c503c07dc6dcdd904e948f14d270410c2fbd4d9796f8d9e08451dc34c7d4399,aa1f17aacdf569c3a2930a2ebbf742ff43f8d3acfc772731a5c344cabcd52570,,,0.2,20.0,0.08000000000000002,0.005000000000000001,0.020000000000000004,0,full,True
ACT,125,8000167,metaworld,False,200,0.955832174000534,0,0,0,0,0.0,,False,True,timeout,1d600a553cc641a82a9ff71753f457b0e7211107ae3ae03ce4a87f01b54f4e41,8c503c07dc6dcdd904e948f14d270410c2fbd4d9796f8d9e08451dc34c7d4399,a0b103bf3e43f4aa92753185301eba5e2e31594285004b99f51a59b33bd2d620,,,0.2,20.0,0.08000000000000002,0.005000000000000001,0.020000000000000004,0,full,True
ACT,126,8000168,metaworld,True,52,0.24953748500047368,0,0,0,0,0.0,,True,False,,e89a3f178e9ade12ff2ff3a7a1ef93ccf25fe29e227a1eab59eadcb410c14326,8c503c07dc6dcdd904e948f14d270410c2fbd4d9796f8d9e08451dc34c7d4399,15a9adece7ebea14bdf37f5376e274c6dce4711281025cf35060933ba9ab8ad3,,,0.2,20.0,0.08000000000000002,0.005000000000000001,0.020000000000000004,0,full,True
ACT,127,8000169,metaworld,False,200,0.9651362290023826,0,0,0,0,0.0,,False,True,object_dropped,52eae8931c2fa5f9779b1d2b3202a4944329f0cb39e4bc19f92de63a8b559d95,8c503c07dc6dcdd904e948f14d270410c2fbd4d9796f8d9e08451dc34c7d4399,2ad5907877cc42b4447b9630988e3a1f0da0d83e1f696f71e22dc69905e631b6,,,0.2,20.0,0.08000000000000002,0.005000000000000001,0.020000000000000004,0,full,True
ACT,128,8000170,metaworld,True,61,0.2890180540016445,0,0,0,0,0.0,,True,False,,7a048d2f5b32f17beb069d11374d577135582aaa4bb7551d4bd070bab008b3d6,8c503c07dc6dcdd904e948f14d270410c2fbd4d9796f8d9e08451dc34c7d4399,8a99d46d6d04afe3e2ef92bb607dde5e178b5c37506006c4f364e345976453b1,,,0.2,20.0,0.08000000000000002,0.005000000000000001,0.020000000000000004,0,full,True
ACT,129,8000171,metaworld,True,51,0.24199070000031497,0,0,0,0,0.0,,True,False,,1eb285376b16e344536a3917d533ec5955dcac169c4029500f84456b6409e20a,8c503c07dc6dcdd904e948f14d270410c2fbd4d9796f8d9e08451dc34c7d4399,08a97a6dfa17f78b5cc5b1351d60038e4a40a68fc93722672482714333b1d9b5,,,0.2,20.0,0.08000000000000002,0.005000000000000001,0.020000000000000004,0,full,True
ACT,130,8000172,metaworld,True,55,0.2621627989974513,0,0,0,0,0.0,,True,False,,1f8b03c5941c810e87a999d5224062b2315a111fc4a0e75257a0f91046957c0c,8c503c07dc6dcdd904e948f14d270410c2fbd4d9796f8d9e08451dc34c7d4399,7c3391ee418e26d47c002810bc00065e4dd0b6728c969d2338ad549ad01ebb0a,,,0.2,20.0,0.08000000000000002,0.005000000000000001,0.020000000000000004,0,full,True
ACT,131,8000173,metaworld,True,49,0.2338101950008422,0,0,0,0,0.0,,True,False,,f76277b122c8e87f78cfd675c327d4aa84b28e53b07d1eb1a168966add789365,8c503c07dc6dcdd904e948f14d270410c2fbd4d9796f8d9e08451dc34c7d4399,bb2c6b1aed959fa3ddddb1c215ce67cbb5b0ec080eb65fb58e06b7776849a096,,,0.2,20.0,0.08000000000000002,0.005000000000000001,0.020000000000000004,0,full,True
ACT,132,8000174,metaworld,True,51,0.243414609998581,0,0,0,0,0.0,,True,False,,55c44d88ccb99380515bcb5bc84218a2cfc1b0713e132539089f57794c6ffdd5,8c503c07dc6dcdd904e948f14d270410c2fbd4d9796f8d9e08451dc34c7d4399,c40fedd273cade53989af8adc3ca66d02f2d92ca4d97b2f6391a0dd0ab6dbca3,,,0.2,20.0,0.08000000000000002,0.005000000000000001,0.020000000000000004,0,full,True
ACT,133,8000175,metaworld,False,200,0.9486008929998206,0,0,0,0,0.0,,False,True,timeout,f11a97da0ff743e8b045304550d412fbadc1f2c42d395fdf043b7dd54915188a,8c503c07dc6dcdd904e948f14d270410c2fbd4d9796f8d9e08451dc34c7d4399,bb2c6b1aed959fa3ddddb1c215ce67cbb5b0ec080eb65fb58e06b7776849a096,,,0.2,20.0,0.08000000000000002,0.005000000000000001,0.020000000000000004,0,full,True
ACT,134,8000176,metaworld,False,200,0.9432936379998864,0,0,0,0,0.0,,False,True,object_dropped,2ba0b183a40c09fcf377cadf4cf4f4fd281dd6ba57e40dd54ce30441f8e57e0e,8c503c07dc6dcdd904e948f14d270410c2fbd4d9796f8d9e08451dc34c7d4399,6338b57c8983138382fa5c9ee7bb2d2c200be44368697f7ffa8216ea26ddccaf,,,0.2,20.0,0.08000000000000002,0.005000000000000001,0.020000000000000004,0,full,True
ACT,135,8000177,metaworld,True,61,0.2886343930003932,0,0,0,0,0.0,,True,False,,82c7f86131fbd18142eb8e21c15601731ec14e78cb8390cc016d29cfa98decfc,8c503c07dc6dcdd904e948f14d270410c2fbd4d9796f8d9e08451dc34c7d4399,1c856fdcb5da12c3fa2d15b38741aa980fa3a47e64fb99f8635817590128f9ea,,,0.2,20.0,0.08000000000000002,0.005000000000000001,0.020000000000000004,0,full,True
ACT,136,8000178,metaworld,True,52,0.25444885800243355,0,0,0,0,0.0,,True,False,,24f43dee3d57357bbdb445a7595edf3c95f1f4746b1903e1f77c9c2e1025e37c,8c503c07dc6dcdd904e948f14d270410c2fbd4d9796f8d9e08451dc34c7d4399,acfaed29b052207b47b4b7fa76672795fd08de3add8565db05f141de82ece90b,,,0.2,20.0,0.08000000000000002,0.005000000000000001,0.020000000000000004,0,full,True
ACT,137,8000179,metaworld,True,53,0.28814434699961566,0,0,0,0,0.0,,True,False,,1f1d070fcfa1481831605e75deb31a87022c1d0fd01892f5b868df78d72dc065,8c503c07dc6dcdd904e948f14d270410c2fbd4d9796f8d9e08451dc34c7d4399,2ad5907877cc42b4447b9630988e3a1f0da0d83e1f696f71e22dc69905e631b6,,,0.2,20.0,0.08000000000000002,0.005000000000000001,0.020000000000000004,0,full,True
ACT,138,8000180,metaworld,True,53,0.28271976099858875,0,0,0,0,0.0,,True,False,,0604f007c176ca535f3edf3f0b186eb0e4037d7551eec735cb3bb92f416e791d,8c503c07dc6dcdd904e948f14d270410c2fbd4d9796f8d9e08451dc34c7d4399,56b7f182edcfeefa9301e1edd53d7f36e4418de7e6df1b54b0f0c298cde1b3cd,,,0.2,20.0,0.08000000000000002,0.005000000000000001,0.020000000000000004,0,full,True
ACT,139,8000181,metaworld,True,55,0.2676041390004684,0,0,0,0,0.0,,True,False,,d1750b3be079c63c99a208b11d71b18c303e035fc387bc4c7cddeab8829bfa9f,8c503c07dc6dcdd904e948f14d270410c2fbd4d9796f8d9e08451dc34c7d4399,0f719f94ef165c0b816b8b10c3f4f5fcf802c9f5a25141035590310315749280,,,0.2,20.0,0.08000000000000002,0.005000000000000001,0.020000000000000004,0,full,True
ACT,140,8000182,metaworld,True,55,0.26590738099912414,0,0,0,0,0.0,,True,False,,3e676be21ae0868ec9e5c0b624e426127586bf6ff0416381a6ec327a9c4d9447,8c503c07dc6dcdd904e948f14d270410c2fbd4d9796f8d9e08451dc34c7d4399,6cb8d983459a8e57d4ae53a86da2394015cabba2d7c306dcaf7b14af979ca230,,,0.2,20.0,0.08000000000000002,0.005000000000000001,0.020000000000000004,0,full,True
ACT,141,8000183,metaworld,True,61,0.2956463000009535,0,0,0,0,0.0,,True,False,,95f9472e3a60fdeebc5bf7d5396c3789c5aa1c38d9a555f2fba5e597a443e221,8c503c07dc6dcdd904e948f14d270410c2fbd4d9796f8d9e08451dc34c7d4399,39001749c902e2ab9d015efb8c7644faffff99810b709d3203dc359d5eacdcbd,,,0.2,20.0,0.08000000000000002,0.005000000000000001,0.020000000000000004,0,full,True
ACT,142,8000184,metaworld,True,57,0.28121930599809275,0,0,0,0,0.0,,True,False,,a4c8a6810904e8130e719920fa0d526659ad1eaf212c842e6f6104af75b21132,8c503c07dc6dcdd904e948f14d270410c2fbd4d9796f8d9e08451dc34c7d4399,f6a9ed9055e00c868d6771022c2c557a6a48990bdacbed585d07cde857d4755a,,,0.2,20.0,0.08000000000000002,0.005000000000000001,0.020000000000000004,0,full,True
ACT,143,8000185,metaworld,True,58,0.28528660899974057,0,0,0,0,0.0,,True,False,,95b5ce343cfdd5b1b5978a83535b59f969f2bdc4f556399f41a9a472817d91ee,8c503c07dc6dcdd904e948f14d270410c2fbd4d9796f8d9e08451dc34c7d4399,39001749c902e2ab9d015efb8c7644faffff99810b709d3203dc359d5eacdcbd,,,0.2,20.0,0.08000000000000002,0.005000000000000001,0.020000000000000004,0,full,True
ACT,144,8000186,metaworld,True,55,0.2677673570033221,0,0,0,0,0.0,,True,False,,5a8616fcbb04f2ecf1a28f3152a71adb5233c40714ec27c74dc8f2aaf4a70c72,8c503c07dc6dcdd904e948f14d270410c2fbd4d9796f8d9e08451dc34c7d4399,588df85fb38ef87f822932ad2f702be807974873e4a07ea43084bbdeeaac6604,,,0.2,20.0,0.08000000000000002,0.005000000000000001,0.020000000000000004,0,full,True
ACT,145,8000187,metaworld,True,64,0.3129557489992294,0,0,0,0,0.0,,True,False,,80c8b7a15a3be6252bd883e79871c571a728006e66b0e0c1f30146d0ff255930,8c503c07dc6dcdd904e948f14d270410c2fbd4d9796f8d9e08451dc34c7d4399,c5023b3d25031a103b9549b6e8c83ba09d69e708ef117c31128a38e03616e5d8,,,0.2,20.0,0.08000000000000002,0.005000000000000001,0.020000000000000004,0,full,True
ACT,146,8000188,metaworld,False,200,0.9700381650000054,0,0,0,0,0.0,,False,True,timeout,8aca1f179766a78c79a5ac30654ce84d2209de2a0a5bb7f1fe5cebcd5afade41,8c503c07dc6dcdd904e948f14d270410c2fbd4d9796f8d9e08451dc34c7d4399,942fb6a87dc1e3eb7bf7bb111c97e7096138256b4a9a6b4c62a012fabe8bec38,,,0.2,20.0,0.08000000000000002,0.005000000000000001,0.020000000000000004,0,full,True
ACT,147,8000189,metaworld,True,53,0.2569215359981172,0,0,0,0,0.0,,True,False,,4d23a8d9dd4919dc79229406b6d08160f97ae690b2bb0e3a629b057dfda7d1e0,8c503c07dc6dcdd904e948f14d270410c2fbd4d9796f8d9e08451dc34c7d4399,7c3391ee418e26d47c002810bc00065e4dd0b6728c969d2338ad549ad01ebb0a,,,0.2,20.0,0.08000000000000002,0.005000000000000001,0.020000000000000004,0,full,True
ACT,148,8000190,metaworld,True,48,0.23310160300025018,0,0,0,0,0.0,,True,False,,b3c3447d16f90ab8d81259d629f68ce314aff532f0e8226e112dc208f57340c1,8c503c07dc6dcdd904e948f14d270410c2fbd4d9796f8d9e08451dc34c7d4399,cea0b9105255f82e0ee99bfb3998a6edce02b446d4b14afb0747282cd18aa202,,,0.2,20.0,0.08000000000000002,0.005000000000000001,0.020000000000000004,0,full,True
ACT,149,8000191,metaworld,True,61,0.3198665740019351,0,0,0,0,0.0,,True,False,,af3d24834e5d4e55e9857534f94f475d116e1351d0b5e7fec1fa1f448fe79c2b,8c503c07dc6dcdd904e948f14d270410c2fbd4d9796f8d9e08451dc34c7d4399,e216352c7f1c7392270c7c501bb599f2a46f420613a124fda0729ab88160cdf2,,,0.2,20.0,0.08000000000000002,0.005000000000000001,0.020000000000000004,0,full,True
ACT,150,8000192,metaworld,True,55,0.27165914199940744,0,0,0,0,0.0,,True,False,,5a6f0749f71faf3c839e9e25ecfb49fb62d202b3fab4f526c21107c8d3cd1b16,8c503c07dc6dcdd904e948f14d270410c2fbd4d9796f8d9e08451dc34c7d4399,25805a097f1f4b8c203ec3c130dcd3e66b5fb3ad298114a08662aae6c86fa673,,,0.2,20.0,0.08000000000000002,0.005000000000000001,0.020000000000000004,0,full,True
ACT,151,8000193,metaworld,False,200,0.9688460760007729,0,0,0,0,0.0,,False,True,timeout,323e457ec4fbfbebdfb75ca94a293f25e3ee0b446c916b8d5901b8ffcde99192,8c503c07dc6dcdd904e948f14d270410c2fbd4d9796f8d9e08451dc34c7d4399,1c856fdcb5da12c3fa2d15b38741aa980fa3a47e64fb99f8635817590128f9ea,,,0.2,20.0,0.08000000000000002,0.005000000000000001,0.020000000000000004,0,full,True
ACT,152,8000194,metaworld,True,57,0.28109135299746413,0,0,0,0,0.0,,True,False,,8d347fb9720e44c44b0c5b430ea7d4da64ef1c72a6dc01530e1dd034f9d43aac,8c503c07dc6dcdd904e948f14d270410c2fbd4d9796f8d9e08451dc34c7d4399,64ee837add19202e84553431fdab118462cf5265eeae19a4d044b5a6818f771d,,,0.2,20.0,0.08000000000000002,0.005000000000000001,0.020000000000000004,0,full,True
ACT,153,8000195,metaworld,True,54,0.27178405900122016,0,0,0,0,0.0,,True,False,,f796f36f13b0918c9bb949253f6265728ef55c573df6463d5a704f65bb8f798c,8c503c07dc6dcdd904e948f14d270410c2fbd4d9796f8d9e08451dc34c7d4399,2eb279a724955c1a9d173681940490ec9cc8ed4fdc15a95533884a23d4ccdb4e,,,0.2,20.0,0.08000000000000002,0.005000000000000001,0.020000000000000004,0,full,True
ACT,154,8000196,metaworld,True,56,0.27233060999787995,0,0,0,0,0.0,,True,False,,f8e7921f76dda62c2369973f047bb9056b6040814da0e78e36f7845fc416e2fd,8c503c07dc6dcdd904e948f14d270410c2fbd4d9796f8d9e08451dc34c7d4399,342b72dafe0e47ecf8a937cb01e62ac02c2d77bf93dafca59574cbbbfc4ad77b,,,0.2,20.0,0.08000000000000002,0.005000000000000001,0.020000000000000004,0,full,True
ACT,155,8000197,metaworld,True,57,0.28008444200168015,0,0,0,0,0.0,,True,False,,9982be9cfa46b440b51bc916329491cd12d766b98fc65fb3b23cd8da41a43af0,8c503c07dc6dcdd904e948f14d270410c2fbd4d9796f8d9e08451dc34c7d4399,524e161a612d94c222d06154bcd0129d0851b8fad51ae883abbef6e86d43cbb0,,,0.2,20.0,0.08000000000000002,0.005000000000000001,0.020000000000000004,0,full,True
ACT,156,8000198,metaworld,False,200,1.0316417859976355,0,0,0,0,0.0,,False,True,timeout,19ba117b291365a193cc8aab9fb1d50912f830b79264710bb79103d51ba229cd,8c503c07dc6dcdd904e948f14d270410c2fbd4d9796f8d9e08451dc34c7d4399,56b7f182edcfeefa9301e1edd53d7f36e4418de7e6df1b54b0f0c298cde1b3cd,,,0.2,20.0,0.08000000000000002,0.005000000000000001,0.020000000000000004,0,full,True
ACT,157,8000199,metaworld,True,55,0.28040246900127386,0,0,0,0,0.0,,True,False,,2d188ac66d28db50c707df10f5fd494d3baf736de663b64bf80a4a4e34dbc6c4,8c503c07dc6dcdd904e948f14d270410c2fbd4d9796f8d9e08451dc34c7d4399,3183afb500ebb9a5af177cccb5b5889a8321eb35261f8ec571269f8b5ed9cd1a,,,0.2,20.0,0.08000000000000002,0.005000000000000001,0.020000000000000004,0,full,True
ACT,158,8000200,metaworld,True,61,0.3119619850003801,0,0,0,0,0.0,,True,False,,4e1bcd80d16f0b036f12c9043d3aec15e0d250e4e666d1c5ef4b27a5a45d569d,8c503c07dc6dcdd904e948f14d270410c2fbd4d9796f8d9e08451dc34c7d4399,524e161a612d94c222d06154bcd0129d0851b8fad51ae883abbef6e86d43cbb0,,,0.2,20.0,0.08000000000000002,0.005000000000000001,0.020000000000000004,0,full,True
ACT,159,8000201,metaworld,True,51,0.2573122260000673,0,0,0,0,0.0,,True,False,,c4b5e116217ec92a693bda33259abf8d6d888903490c669c82279d3845a3eb09,8c503c07dc6dcdd904e948f14d270410c2fbd4d9796f8d9e08451dc34c7d4399,56b7f182edcfeefa9301e1edd53d7f36e4418de7e6df1b54b0f0c298cde1b3cd,,,0.2,20.0,0.08000000000000002,0.005000000000000001,0.020000000000000004,0,full,True
ACT,160,8000202,metaworld,True,66,0.33242994700049167,0,0,0,0,0.0,,True,False,,74e2251336909dfe8a7412e2b779a8af351a594ddde58bb5ed7e620d50a9e4fa,8c503c07dc6dcdd904e948f14d270410c2fbd4d9796f8d9e08451dc34c7d4399,c5023b3d25031a103b9549b6e8c83ba09d69e708ef117c31128a38e03616e5d8,,,0.2,20.0,0.08000000000000002,0.005000000000000001,0.020000000000000004,0,full,True
ACT,161,8000203,metaworld,True,56,0.285236925999925,0,0,0,0,0.0,,True,False,,9556a6bbe59aeda22432242f14d93255df2104fa486c020d6c7768fbf3cd56b2,8c503c07dc6dcdd904e948f14d270410c2fbd4d9796f8d9e08451dc34c7d4399,942fb6a87dc1e3eb7bf7bb111c97e7096138256b4a9a6b4c62a012fabe8bec38,,,0.2,20.0,0.08000000000000002,0.005000000000000001,0.020000000000000004,0,full,True
ACT,162,8000204,metaworld,True,55,0.3218416679992515,0,0,0,0,0.0,,True,False,,17cb5f9b511150b6f60c91cb069c8ff460d60f9292d3468d67304be29ff2884b,8c503c07dc6dcdd904e948f14d270410c2fbd4d9796f8d9e08451dc34c7d4399,5e1df472084de78052388a34f03cad3de438ca9b5dc801b5759dd57c66a7482a,,,0.2,20.0,0.08000000000000002,0.005000000000000001,0.020000000000000004,0,full,True
ACT,163,8000205,metaworld,True,56,0.4085988599981647,0,0,0,0,0.0,,True,False,,40283a338c205d5924df6f3cfe18e3e348ada497a1fb26d69f326360d8efab1a,8c503c07dc6dcdd904e948f14d270410c2fbd4d9796f8d9e08451dc34c7d4399,6cb8d983459a8e57d4ae53a86da2394015cabba2d7c306dcaf7b14af979ca230,,,0.2,20.0,0.08000000000000002,0.005000000000000001,0.020000000000000004,0,full,True
ACT,164,8000206,metaworld,True,58,0.3090517019991239,0,0,0,0,0.0,,True,False,,44b92c02a6a8d61ed56f75424dc222cec8b8e38e6b610be7a977995d8626c64d,8c503c07dc6dcdd904e948f14d270410c2fbd4d9796f8d9e08451dc34c7d4399,06d355d7aff3b944ab4199c02a94c63d062e5c414c0b195f7b232b607e0ab1ed,,,0.2,20.0,0.08000000000000002,0.005000000000000001,0.020000000000000004,0,full,True
ACT,165,8000207,metaworld,True,51,0.26485554199825856,0,0,0,0,0.0,,True,False,,2c773b06993a2f500a70a83d3a0ed175e73e1208b06f81892dbd04d8fd55cd50,8c503c07dc6dcdd904e948f14d270410c2fbd4d9796f8d9e08451dc34c7d4399,6338b57c8983138382fa5c9ee7bb2d2c200be44368697f7ffa8216ea26ddccaf,,,0.2,20.0,0.08000000000000002,0.005000000000000001,0.020000000000000004,0,full,True
ACT,166,8000208,metaworld,True,54,0.28942373099926044,0,0,0,0,0.0,,True,False,,33e7e3532929384bdd113a3419f24d952bd4d9b3e370e62f3691610acf8ad49d,8c503c07dc6dcdd904e948f14d270410c2fbd4d9796f8d9e08451dc34c7d4399,35203d16cfa98b5f2e002fcb1ffde2400abf9459c161f6a289efa0c46eddb36f,,,0.2,20.0,0.08000000000000002,0.005000000000000001,0.020000000000000004,0,full,True
ACT,167,8000209,metaworld,True,55,0.2851712129995576,0,0,0,0,0.0,,True,False,,56cbae39ab2cb128de25373f2cb36d4fb4186fe87a4ced65f2b7b36bbfad3c53,8c503c07dc6dcdd904e948f14d270410c2fbd4d9796f8d9e08451dc34c7d4399,71488b32995fa40c6ec3f77f6bcd912b1929aef29d90a66307ad46cd584acf29,,,0.2,20.0,0.08000000000000002,0.005000000000000001,0.020000000000000004,0,full,True
ACT,168,8000210,metaworld,True,48,0.23771106600179337,0,0,0,0,0.0,,True,False,,2c69791080dbe782c61d4e1f04eb75b9e5d5f888a1068ddd58d56c28d45a2094,8c503c07dc6dcdd904e948f14d270410c2fbd4d9796f8d9e08451dc34c7d4399,27e1ed8c670f23dae46752497e383610e58c248d638e3b9b707808a32ce33d4e,,,0.2,20.0,0.08000000000000002,0.005000000000000001,0.020000000000000004,0,full,True
ACT,169,8000211,metaworld,True,53,0.27773870099917985,0,0,0,0,0.0,,True,False,,873f8d4c9f83eac8df54ed01c04ba3d3b1b5df2c089f265c75500693a829df9f,8c503c07dc6dcdd904e948f14d270410c2fbd4d9796f8d9e08451dc34c7d4399,2ad5907877cc42b4447b9630988e3a1f0da0d83e1f696f71e22dc69905e631b6,,,0.2,20.0,0.08000000000000002,0.005000000000000001,0.020000000000000004,0,full,True
ACT,170,8000212,metaworld,True,54,0.2817244869984279,0,0,0,0,0.0,,True,False,,b9c51a6a72bc2b6ab87f3f56cee68aa27f38415120333141a1f0ab4b2b46c3cb,8c503c07dc6dcdd904e948f14d270410c2fbd4d9796f8d9e08451dc34c7d4399,2eb279a724955c1a9d173681940490ec9cc8ed4fdc15a95533884a23d4ccdb4e,,,0.2,20.0,0.08000000000000002,0.005000000000000001,0.020000000000000004,0,full,True
ACT,171,8000213,metaworld,True,49,0.2491028099975665,0,0,0,0,0.0,,True,False,,00d0c55f62ade598c4fe6b49c663ad76168cd150e019dfd388f7f7f8c146942c,8c503c07dc6dcdd904e948f14d270410c2fbd4d9796f8d9e08451dc34c7d4399,35203d16cfa98b5f2e002fcb1ffde2400abf9459c161f6a289efa0c46eddb36f,,,0.2,20.0,0.08000000000000002,0.005000000000000001,0.020000000000000004,0,full,True
ACT,172,8000214,metaworld,True,60,0.31720131499969284,0,0,0,0,0.0,,True,False,,f942da803663ff78889828b19b4cca6b032dc487383b960ccfa3e19a752bf986,8c503c07dc6dcdd904e948f14d270410c2fbd4d9796f8d9e08451dc34c7d4399,64ee837add19202e84553431fdab118462cf5265eeae19a4d044b5a6818f771d,,,0.2,20.0,0.08000000000000002,0.005000000000000001,0.020000000000000004,0,full,True
ACT,173,8000215,metaworld,True,60,0.3295430190009938,0,0,0,0,0.0,,True,False,,63b592cc8433500589dd427919fb148204581094c62e04af23dffc7fd910c9b0,8c503c07dc6dcdd904e948f14d270410c2fbd4d9796f8d9e08451dc34c7d4399,a8cfe6e2276fbd15230c5555255b87d17333bdd29f84f687df7405d0311fae7f,,,0.2,20.0,0.08000000000000002,0.005000000000000001,0.020000000000000004,0,full,True
ACT,174,8000216,metaworld,False,200,1.0466429550033354,0,0,0,0,0.0,,False,True,timeout,6716dc684df16c2e3b18b621765b729fa9f491cd6503320c3e29cd2df76706b8,8c503c07dc6dcdd904e948f14d270410c2fbd4d9796f8d9e08451dc34c7d4399,504c23f653f6cdee9d659d9320b164606b319d4f0e9cdf0f3a87e2fc7a98160a,,,0.2,20.0,0.08000000000000002,0.005000000000000001,0.020000000000000004,0,full,True
ACT,175,8000217,metaworld,True,46,0.23648591300297994,0,0,0,0,0.0,,True,False,,be26e3deff3b992c068bcf5c50b6b5027005dca7c8a16f339d8fa4fe4eccd9e9,8c503c07dc6dcdd904e948f14d270410c2fbd4d9796f8d9e08451dc34c7d4399,20cf3cfee33051ea4ca25b64648f05450b0068ae0136ae52c3108d28b02f3691,,,0.2,20.0,0.08000000000000002,0.005000000000000001,0.020000000000000004,0,full,True
ACT,176,8000218,metaworld,True,54,0.28710885499822325,0,0,0,0,0.0,,True,False,,e9f1968a62b7150ae5c13f85515eb13ea6e0573af4dc8f84ce85174b05bbadd4,8c503c07dc6dcdd904e948f14d270410c2fbd4d9796f8d9e08451dc34c7d4399,f82ceac6f8787ac22c378edc1f141cedcc86bf9309b43f1aff6633ae0a963abb,,,0.2,20.0,0.08000000000000002,0.005000000000000001,0.020000000000000004,0,full,True
ACT,177,8000219,metaworld,True,55,0.27073980000204756,0,0,0,0,0.0,,True,False,,ea1c2380d73069f89c2283f28366399b930f4559795746611b94bbfb614cbbd7,8c503c07dc6dcdd904e948f14d270410c2fbd4d9796f8d9e08451dc34c7d4399,942fb6a87dc1e3eb7bf7bb111c97e7096138256b4a9a6b4c62a012fabe8bec38,,,0.2,20.0,0.08000000000000002,0.005000000000000001,0.020000000000000004,0,full,True
ACT,178,8000220,metaworld,True,55,0.2760283530005836,0,0,0,0,0.0,,True,False,,38bd67fb5617cfb65a4d1643bfc092c0b7b006bf1bb5d72ea770ac45d7aaf535,8c503c07dc6dcdd904e948f14d270410c2fbd4d9796f8d9e08451dc34c7d4399,acfaed29b052207b47b4b7fa76672795fd08de3add8565db05f141de82ece90b,,,0.2,20.0,0.08000000000000002,0.005000000000000001,0.020000000000000004,0,full,True
ACT,179,8000221,metaworld,True,57,0.2857051370010595,0,0,0,0,0.0,,True,False,,5c60610d5cff6e2ccd8af1e4fce2890979cb5cab1b372b31110b22f3c343ea28,8c503c07dc6dcdd904e948f14d270410c2fbd4d9796f8d9e08451dc34c7d4399,f6a9ed9055e00c868d6771022c2c557a6a48990bdacbed585d07cde857d4755a,,,0.2,20.0,0.08000000000000002,0.005000000000000001,0.020000000000000004,0,full,True
ACT,180,8000222,metaworld,True,60,0.3005255150019366,0,0,0,0,0.0,,True,False,,392264f8f8b19341906911dc92b7689d0a8a6e75633f8a9ebc0d3721a283a551,8c503c07dc6dcdd904e948f14d270410c2fbd4d9796f8d9e08451dc34c7d4399,25805a097f1f4b8c203ec3c130dcd3e66b5fb3ad298114a08662aae6c86fa673,,,0.2,20.0,0.08000000000000002,0.005000000000000001,0.020000000000000004,0,full,True
ACT,181,8000223,metaworld,False,200,0.9851926009978342,0,0,0,0,0.0,,False,True,object_dropped,db2d64a16b1d4b3f50f7392641b915c253f9aab8bbad81410b126656ecdda276,8c503c07dc6dcdd904e948f14d270410c2fbd4d9796f8d9e08451dc34c7d4399,25805a097f1f4b8c203ec3c130dcd3e66b5fb3ad298114a08662aae6c86fa673,,,0.2,20.0,0.08000000000000002,0.005000000000000001,0.020000000000000004,0,full,True
ACT,182,8000224,metaworld,True,55,0.2836201690006419,0,0,0,0,0.0,,True,False,,642d33bfcbb6b5d887e0a7834e08dff14ebe8430ea24f98420b6f628963cc60c,8c503c07dc6dcdd904e948f14d270410c2fbd4d9796f8d9e08451dc34c7d4399,342b72dafe0e47ecf8a937cb01e62ac02c2d77bf93dafca59574cbbbfc4ad77b,,,0.2,20.0,0.08000000000000002,0.005000000000000001,0.020000000000000004,0,full,True
ACT,183,8000225,metaworld,True,51,0.2590357879998919,0,0,0,0,0.0,,True,False,,8fc5ddc209b3b3ca9f81d000a29b001f52ffc3d3f17efd4d81880f1f08c76d5e,8c503c07dc6dcdd904e948f14d270410c2fbd4d9796f8d9e08451dc34c7d4399,bb2c6b1aed959fa3ddddb1c215ce67cbb5b0ec080eb65fb58e06b7776849a096,,,0.2,20.0,0.08000000000000002,0.005000000000000001,0.020000000000000004,0,full,True
ACT,184,8000226,metaworld,True,64,0.31807349999871803,0,0,0,0,0.0,,True,False,,0a62b613f409cb6f37cabd44e5b9c3460a765d644eb50dac23fd1d366b443206,8c503c07dc6dcdd904e948f14d270410c2fbd4d9796f8d9e08451dc34c7d4399,e216352c7f1c7392270c7c501bb599f2a46f420613a124fda0729ab88160cdf2,,,0.2,20.0,0.08000000000000002,0.005000000000000001,0.020000000000000004,0,full,True
ACT,185,8000227,metaworld,True,52,0.26012021799760987,0,0,0,0,0.0,,True,False,,d5992319571babba77dd246dbc6cf7f0d8d04a0d6169f95e68371e598287129e,8c503c07dc6dcdd904e948f14d270410c2fbd4d9796f8d9e08451dc34c7d4399,342b72dafe0e47ecf8a937cb01e62ac02c2d77bf93dafca59574cbbbfc4ad77b,,,0.2,20.0,0.08000000000000002,0.005000000000000001,0.020000000000000004,0,full,True
ACT,186,8000228,metaworld,False,200,0.9978758389988798,0,0,0,0,0.0,,False,True,timeout,d38914792c68c5ce04e53cf722b1298b39dbd43a01539d2ad53059401ff594c4,8c503c07dc6dcdd904e948f14d270410c2fbd4d9796f8d9e08451dc34c7d4399,cea0b9105255f82e0ee99bfb3998a6edce02b446d4b14afb0747282cd18aa202,,,0.2,20.0,0.08000000000000002,0.005000000000000001,0.020000000000000004,0,full,True
ACT,187,8000229,metaworld,True,56,0.2874625670010573,0,0,0,0,0.0,,True,False,,d44fcf1045c9afdf56a6c888cbfdf0dc0aa61b4a6ed01d20d96be630a2530147,8c503c07dc6dcdd904e948f14d270410c2fbd4d9796f8d9e08451dc34c7d4399,acfaed29b052207b47b4b7fa76672795fd08de3add8565db05f141de82ece90b,,,0.2,20.0,0.08000000000000002,0.005000000000000001,0.020000000000000004,0,full,True
ACT,188,8000230,metaworld,False,200,1.0732684920003521,0,0,0,0,0.0,,False,True,timeout,62fa050c6c67598685ca42cc7353cea9a0b9cbccbd0fe42031675bd1785d831e,8c503c07dc6dcdd904e948f14d270410c2fbd4d9796f8d9e08451dc34c7d4399,6943489118fc060756e24fd47685e2c10173293d54af0af7e8afa9e287c9c5f1,,,0.2,20.0,0.08000000000000002,0.005000000000000001,0.020000000000000004,0,full,True
ACT,189,8000231,metaworld,True,55,0.2789274459973967,0,0,0,0,0.0,,True,False,,38809d524195d171e28cc02ea50209eb964b0dd4e64bc5f41819599fcd99421a,8c503c07dc6dcdd904e948f14d270410c2fbd4d9796f8d9e08451dc34c7d4399,588df85fb38ef87f822932ad2f702be807974873e4a07ea43084bbdeeaac6604,,,0.2,20.0,0.08000000000000002,0.005000000000000001,0.020000000000000004,0,full,True
ACT,190,8000232,metaworld,True,60,0.30146956400130875,0,0,0,0,0.0,,True,False,,de90b645a71295d71dfab8cd9b51a93846af55a51b5612039d399af7d6d68560,8c503c07dc6dcdd904e948f14d270410c2fbd4d9796f8d9e08451dc34c7d4399,b8e45a2f8f553d53c6eef0305347f910b9999bcae6df6ccaf0eaee6ac864e670,,,0.2,20.0,0.08000000000000002,0.005000000000000001,0.020000000000000004,0,full,True
ACT,191,8000233,metaworld,True,55,0.33915864700247766,0,0,0,0,0.0,,True,False,,dbf9e83a97ef9ad7e8ecb62a7c17113fa219b3c773d7f8286114d3f6f7e106aa,8c503c07dc6dcdd904e948f14d270410c2fbd4d9796f8d9e08451dc34c7d4399,aa1f17aacdf569c3a2930a2ebbf742ff43f8d3acfc772731a5c344cabcd52570,,,0.2,20.0,0.08000000000000002,0.005000000000000001,0.020000000000000004,0,full,True
ACT,192,8000234,metaworld,True,61,0.3111244080027973,0,0,0,0,0.0,,True,False,,aa9eba9f5498f5735575f13bfbed2585b14a776d89a41d198a43391284f00c76,8c503c07dc6dcdd904e948f14d270410c2fbd4d9796f8d9e08451dc34c7d4399,c5023b3d25031a103b9549b6e8c83ba09d69e708ef117c31128a38e03616e5d8,,,0.2,20.0,0.08000000000000002,0.005000000000000001,0.020000000000000004,0,full,True
ACT,193,8000235,metaworld,True,51,0.25987595599872293,0,0,0,0,0.0,,True,False,,78e5bb5e01efba4f1a130a8a2b156f8c65942e8374fb5e70b562f7a5a957ffe9,8c503c07dc6dcdd904e948f14d270410c2fbd4d9796f8d9e08451dc34c7d4399,aba21ef1c98d0573e36116c9757115227fd3793cba96aea7eda95c2547314ca3,,,0.2,20.0,0.08000000000000002,0.005000000000000001,0.020000000000000004,0,full,True
ACT,194,8000236,metaworld,True,59,0.2949774200023967,0,0,0,0,0.0,,True,False,,4e586c8f1ee18dce696f7c6b9321faff78181c07aae11ef4ce41128e05b2c299,8c503c07dc6dcdd904e948f14d270410c2fbd4d9796f8d9e08451dc34c7d4399,64ee837add19202e84553431fdab118462cf5265eeae19a4d044b5a6818f771d,,,0.2,20.0,0.08000000000000002,0.005000000000000001,0.020000000000000004,0,full,True
ACT,195,8000237,metaworld,True,68,0.34771271900171996,0,0,0,0,0.0,,True,False,,d49ef440666d1f9870509df2c54d75af2b3e87ec807f6e18cbcbee5190bde27f,8c503c07dc6dcdd904e948f14d270410c2fbd4d9796f8d9e08451dc34c7d4399,aba21ef1c98d0573e36116c9757115227fd3793cba96aea7eda95c2547314ca3,,,0.2,20.0,0.08000000000000002,0.005000000000000001,0.020000000000000004,0,full,True
ACT,196,8000238,metaworld,True,52,0.27341782900111866,0,0,0,0,0.0,,True,False,,df7ffef0f8d68afd8b7827c4275093449bd07b37e89592013bee27e636bcfad9,8c503c07dc6dcdd904e948f14d270410c2fbd4d9796f8d9e08451dc34c7d4399,acfaed29b052207b47b4b7fa76672795fd08de3add8565db05f141de82ece90b,,,0.2,20.0,0.08000000000000002,0.005000000000000001,0.020000000000000004,0,full,True
ACT,197,8000239,metaworld,True,58,0.2951629979979771,0,0,0,0,0.0,,True,False,,3a66e96cc237d4cb5d4ac4c67706ec95ea47cbfa9997043158bb3bb465a0808e,8c503c07dc6dcdd904e948f14d270410c2fbd4d9796f8d9e08451dc34c7d4399,6cb8d983459a8e57d4ae53a86da2394015cabba2d7c306dcaf7b14af979ca230,,,0.2,20.0,0.08000000000000002,0.005000000000000001,0.020000000000000004,0,full,True
ACT,198,8000240,metaworld,False,200,1.0131304490023467,0,0,0,0,0.0,,False,True,object_dropped,308665724a2e37cec7f5bf20121bce41e4187b2779aa8e916d000c5b8597fc4b,8c503c07dc6dcdd904e948f14d270410c2fbd4d9796f8d9e08451dc34c7d4399,742509487aeb71d366f1ddafa1cb12db2f7cfefe17c4ca89c98cffb67c1c8619,,,0.2,20.0,0.08000000000000002,0.005000000000000001,0.020000000000000004,0,full,True
ACT,199,8000241,metaworld,True,55,0.2676013589989452,0,0,0,0,0.0,,True,False,,29081c26d6691692208bff228f4ae665959f2925f011d52892d4f405c3e68a62,8c503c07dc6dcdd904e948f14d270410c2fbd4d9796f8d9e08451dc34c7d4399,5e1df472084de78052388a34f03cad3de438ca9b5dc801b5759dd57c66a7482a,,,0.2,20.0,0.08000000000000002,0.005000000000000001,0.020000000000000004,0,full,True
REIM (ACT + Detector + Recovery),0,8000042,metaworld,True,53,0.15672096100024646,1,1,1,36,0.2928770184516907,task_success_while_recovery_active_per_intervention,True,False,,14e48f83a083b78eb4af5dc37d02e21b04a314c3c31b36f5a62b13e4add4f2a5,8c503c07dc6dcdd904e948f14d270410c2fbd4d9796f8d9e08451dc34c7d4399,f82ceac6f8787ac22c378edc1f141cedcc86bf9309b43f1aff6633ae0a963abb,,,0.2,20.0,0.08000000000000002,0.005000000000000001,0.020000000000000004,0,full,True
REIM (ACT + Detector + Recovery),1,8000043,metaworld,True,59,0.31719648499711184,0,0,0,0,0.1756892055273056,task_success_while_recovery_active_per_intervention,True,False,,5db0a8f9e6d6bd6ef5c15f040f9f154f255e36a365af820faa97ca3d60f4450f,8c503c07dc6dcdd904e948f14d270410c2fbd4d9796f8d9e08451dc34c7d4399,06d355d7aff3b944ab4199c02a94c63d062e5c414c0b195f7b232b607e0ab1ed,,,0.2,20.0,0.08000000000000002,0.005000000000000001,0.020000000000000004,0,full,True
REIM (ACT + Detector + Recovery),2,8000044,metaworld,True,60,0.3264999169987277,0,0,0,0,0.14332593977451324,task_success_while_recovery_active_per_intervention,True,False,,a465539695523fa7de2784bf02081a919b5a3de9a14c98e511df211c298c1ee2,8c503c07dc6dcdd904e948f14d270410c2fbd4d9796f8d9e08451dc34c7d4399,f6a9ed9055e00c868d6771022c2c557a6a48990bdacbed585d07cde857d4755a,,,0.2,20.0,0.08000000000000002,0.005000000000000001,0.020000000000000004,0,full,True
REIM (ACT + Detector + Recovery),3,8000045,metaworld,True,51,0.2753640570008429,0,0,0,0,0.19307976961135864,task_success_while_recovery_active_per_intervention,True,False,,126bd203ec38252825c8befe6f6198c98a7a024ba44c52618f3f3fe35078f4c6,8c503c07dc6dcdd904e948f14d270410c2fbd4d9796f8d9e08451dc34c7d4399,5d73f28d4d24cdbcb36a5e5cd61ec1a82f7287ce56d88da8cea912ed757b164c,,,0.2,20.0,0.08000000000000002,0.005000000000000001,0.020000000000000004,0,full,True
REIM (ACT + Detector + Recovery),4,8000046,metaworld,True,49,0.15576782699645264,1,1,1,30,0.21089382469654083,task_success_while_recovery_active_per_intervention,True,False,,4170194bcfe3841a7cfb0c3b09b2aa25f522a2c3b5ff3eb10715d8fce8c039a3,8c503c07dc6dcdd904e948f14d270410c2fbd4d9796f8d9e08451dc34c7d4399,27e1ed8c670f23dae46752497e383610e58c248d638e3b9b707808a32ce33d4e,,,0.2,20.0,0.08000000000000002,0.005000000000000001,0.020000000000000004,0,full,True
REIM (ACT + Detector + Recovery),5,8000047,metaworld,True,54,0.15458952500193845,1,1,1,37,0.21033425629138947,task_success_while_recovery_active_per_intervention,True,False,,9fa661de69328d26c027384cf31722da103cd753d557e7a172d987d52fbc4d0a,8c503c07dc6dcdd904e948f14d270410c2fbd4d9796f8d9e08451dc34c7d4399,38329c6b97bbe7d133bf007c22742dca5f0cd7258f8d7199135c6c2371ae591d,,,0.2,20.0,0.08000000000000002,0.005000000000000001,0.020000000000000004,0,full,True
REIM (ACT + Detector + Recovery),6,8000048,metaworld,True,54,0.12554409600124927,1,1,1,46,0.3804723918437958,task_success_while_recovery_active_per_intervention,True,False,,9c84beaab136edd4c1632709ff45c174ec3c717d220eaf94b7d668ee34962c9a,8c503c07dc6dcdd904e948f14d270410c2fbd4d9796f8d9e08451dc34c7d4399,aba21ef1c98d0573e36116c9757115227fd3793cba96aea7eda95c2547314ca3,,,0.2,20.0,0.08000000000000002,0.005000000000000001,0.020000000000000004,0,full,True
REIM (ACT + Detector + Recovery),7,8000049,metaworld,True,55,0.28831040899967775,0,0,0,0,0.12680180370807648,task_success_while_recovery_active_per_intervention,True,False,,97ec25208265f89d11873f30142175e1e9164935e3849bfb439c16f9d0e10bba,8c503c07dc6dcdd904e948f14d270410c2fbd4d9796f8d9e08451dc34c7d4399,4e97203f8ce1a96cef19545d4c4c300d0de39e4f94bd1941cef7ebc3dd48be02,,,0.2,20.0,0.08000000000000002,0.005000000000000001,0.020000000000000004,0,full,True
REIM (ACT + Detector + Recovery),8,8000050,metaworld,False,200,0.5224856519998866,1,0,1,150,0.9475914239883423,task_success_while_recovery_active_per_intervention,False,True,timeout,8769fe32964b96f67dc224fb90afd6d8797de02464877632840a2ce91db8e4a8,8c503c07dc6dcdd904e948f14d270410c2fbd4d9796f8d9e08451dc34c7d4399,64ee837add19202e84553431fdab118462cf5265eeae19a4d044b5a6818f771d,,,0.2,20.0,0.08000000000000002,0.005000000000000001,0.020000000000000004,0,full,True
REIM (ACT + Detector + Recovery),9,8000051,metaworld,True,56,0.2961496759999136,0,0,0,0,0.15803071856498718,task_success_while_recovery_active_per_intervention,True,False,,16fd46334c762cf781c8537208c1d9c4dd0181204c1ce7b3ac83d9e6d9d6f33e,8c503c07dc6dcdd904e948f14d270410c2fbd4d9796f8d9e08451dc34c7d4399,6cb8d983459a8e57d4ae53a86da2394015cabba2d7c306dcaf7b14af979ca230,,,0.2,20.0,0.08000000000000002,0.005000000000000001,0.020000000000000004,0,full,True
REIM (ACT + Detector + Recovery),10,8000052,metaworld,True,55,0.14021948999652523,1,1,1,43,0.28402507305145264,task_success_while_recovery_active_per_intervention,True,False,,4f3fb14aa7e8db1e8ccb3ee0be823a18ee391b9a93de96be600c72195fb4d5b4,8c503c07dc6dcdd904e948f14d270410c2fbd4d9796f8d9e08451dc34c7d4399,504c23f653f6cdee9d659d9320b164606b319d4f0e9cdf0f3a87e2fc7a98160a,,,0.2,20.0,0.08000000000000002,0.005000000000000001,0.020000000000000004,0,full,True
REIM (ACT + Detector + Recovery),11,8000053,metaworld,True,61,0.1358931200011284,1,1,1,53,0.361573189496994,task_success_while_recovery_active_per_intervention,True,False,,fe0db2c8aa66264f9560b08bdf6be0b6525e05ada642ed85cb141ac5e8f8069e,8c503c07dc6dcdd904e948f14d270410c2fbd4d9796f8d9e08451dc34c7d4399,06d355d7aff3b944ab4199c02a94c63d062e5c414c0b195f7b232b607e0ab1ed,,,0.2,20.0,0.08000000000000002,0.005000000000000001,0.020000000000000004,0,full,True
REIM (ACT + Detector + Recovery),12,8000054,metaworld,False,200,0.5201130120003654,1,0,1,150,0.9953563809394836,task_success_while_recovery_active_per_intervention,False,True,object_dropped,fc927d94df69cca4afa4a7b379c8ccd356a7b601a898f93accdbe4b8522a04d9,8c503c07dc6dcdd904e948f14d270410c2fbd4d9796f8d9e08451dc34c7d4399,742509487aeb71d366f1ddafa1cb12db2f7cfefe17c4ca89c98cffb67c1c8619,,,0.2,20.0,0.08000000000000002,0.005000000000000001,0.020000000000000004,0,full,True
REIM (ACT + Detector + Recovery),13,8000055,metaworld,True,62,0.15185513100004755,1,1,1,51,0.2671586573123932,task_success_while_recovery_active_per_intervention,True,False,,73ca07205929864fb3976db97eb251eee24217110ff234855314e16dbe73d3d7,8c503c07dc6dcdd904e948f14d270410c2fbd4d9796f8d9e08451dc34c7d4399,e216352c7f1c7392270c7c501bb599f2a46f420613a124fda0729ab88160cdf2,,,0.2,20.0,0.08000000000000002,0.005000000000000001,0.020000000000000004,0,full,True
REIM (ACT + Detector + Recovery),14,8000056,metaworld,False,200,0.575015363003331,1,0,1,137,0.9992792010307312,task_success_while_recovery_active_per_intervention,False,True,object_dropped,4e4f19233a2a1078e55fc938d6c8ed524bf6d2a6ce9ca238d59275317ff0403d,8c503c07dc6dcdd904e948f14d270410c2fbd4d9796f8d9e08451dc34c7d4399,64ee837add19202e84553431fdab118462cf5265eeae19a4d044b5a6818f771d,,,0.2,20.0,0.08000000000000002,0.005000000000000001,0.020000000000000004,0,full,True
REIM (ACT + Detector + Recovery),15,8000057,metaworld,True,52,0.17647208899870748,1,1,1,29,0.22898957133293152,task_success_while_recovery_active_per_intervention,True,False,,0274b408db235c17f1e98c2ddbd68d882a533d73d6492a6500df3efa4ae8d250,8c503c07dc6dcdd904e948f14d270410c2fbd4d9796f8d9e08451dc34c7d4399,c40fedd273cade53989af8adc3ca66d02f2d92ca4d97b2f6391a0dd0ab6dbca3,,,0.2,20.0,0.08000000000000002,0.005000000000000001,0.020000000000000004,0,full,True
REIM (ACT + Detector + Recovery),16,8000058,metaworld,True,56,0.13305379500161507,1,1,1,47,0.4400848150253296,task_success_while_recovery_active_per_intervention,True,False,,a899d69383c7ae5c5ba4c88e8fc1244e0ac8260f029d876042b44598980a0baa,8c503c07dc6dcdd904e948f14d270410c2fbd4d9796f8d9e08451dc34c7d4399,942fb6a87dc1e3eb7bf7bb111c97e7096138256b4a9a6b4c62a012fabe8bec38,,,0.2,20.0,0.08000000000000002,0.005000000000000001,0.020000000000000004,0,full,True
REIM (ACT + Detector + Recovery),17,8000059,metaworld,True,57,0.1350216469982115,1,1,1,48,0.42254582047462463,task_success_while_recovery_active_per_intervention,True,False,,d0e880776b41e9a7346c3b47514d531d86d209be30e687fe00a4827c90b28aa7,8c503c07dc6dcdd904e948f14d270410c2fbd4d9796f8d9e08451dc34c7d4399,0f719f94ef165c0b816b8b10c3f4f5fcf802c9f5a25141035590310315749280,,,0.2,20.0,0.08000000000000002,0.005000000000000001,0.020000000000000004,0,full,True
REIM (ACT + Detector + Recovery),18,8000060,metaworld,True,57,0.3053558569990855,0,0,0,0,0.1684080958366394,task_success_while_recovery_active_per_intervention,True,False,,2644e948ed889fe95e4fd4a6ed0788dc22ab06c85be67ed0b50d61b254adcf59,8c503c07dc6dcdd904e948f14d270410c2fbd4d9796f8d9e08451dc34c7d4399,b8e45a2f8f553d53c6eef0305347f910b9999bcae6df6ccaf0eaee6ac864e670,,,0.2,20.0,0.08000000000000002,0.005000000000000001,0.020000000000000004,0,full,True
REIM (ACT + Detector + Recovery),19,8000061,metaworld,True,57,0.30494571099916357,0,0,0,0,0.11880413442850113,task_success_while_recovery_active_per_intervention,True,False,,443ac5e35a84ec38bb96c2d12c88ca78502179195d8a15b9f452d95e41514b52,8c503c07dc6dcdd904e948f14d270410c2fbd4d9796f8d9e08451dc34c7d4399,06d355d7aff3b944ab4199c02a94c63d062e5c414c0b195f7b232b607e0ab1ed,,,0.2,20.0,0.08000000000000002,0.005000000000000001,0.020000000000000004,0,full,True
REIM (ACT + Detector + Recovery),20,8000062,metaworld,True,54,0.15933669799778727,1,1,1,37,0.24938024580478668,task_success_while_recovery_active_per_intervention,True,False,,c7d69573c4f76c60b75c060138d0756619c6361cd0935a166c3801181c86532e,8c503c07dc6dcdd904e948f14d270410c2fbd4d9796f8d9e08451dc34c7d4399,5e1df472084de78052388a34f03cad3de438ca9b5dc801b5759dd57c66a7482a,,,0.2,20.0,0.08000000000000002,0.005000000000000001,0.020000000000000004,0,full,True
REIM (ACT + Detector + Recovery),21,8000063,metaworld,True,57,0.30694697500075563,0,0,0,0,0.15661534667015076,task_success_while_recovery_active_per_intervention,True,False,,5e6e40c9dbc4d50ece5f16d594e2390170fba4f858df63efa6a872b6c1e468c3,8c503c07dc6dcdd904e948f14d270410c2fbd4d9796f8d9e08451dc34c7d4399,0cda21f8ffacf0a1e40e7b0e858a8e2ddc276972106d4bced99d4404b4a13fd8,,,0.2,20.0,0.08000000000000002,0.005000000000000001,0.020000000000000004,0,full,True
REIM (ACT + Detector + Recovery),22,8000064,metaworld,True,56,0.29800241900011315,0,0,0,0,0.172805517911911,task_success_while_recovery_active_per_intervention,True,False,,dc058a3aec13295017acb9e064e07c8d6e960eb272b3ac74f9d9fe4e1f91f705,8c503c07dc6dcdd904e948f14d270410c2fbd4d9796f8d9e08451dc34c7d4399,6cb8d983459a8e57d4ae53a86da2394015cabba2d7c306dcaf7b14af979ca230,,,0.2,20.0,0.08000000000000002,0.005000000000000001,0.020000000000000004,0,full,True
REIM (ACT + Detector + Recovery),23,8000065,metaworld,True,64,0.15140904399959254,1,1,1,54,0.3613864481449127,task_success_while_recovery_active_per_intervention,True,False,,2468e85877d284d96fc63097ff010690ffa63ee3b783b18d988b43b9ef9e9fc4,8c503c07dc6dcdd904e948f14d270410c2fbd4d9796f8d9e08451dc34c7d4399,39001749c902e2ab9d015efb8c7644faffff99810b709d3203dc359d5eacdcbd,,,0.2,20.0,0.08000000000000002,0.005000000000000001,0.020000000000000004,0,full,True
REIM (ACT + Detector + Recovery),24,8000066,metaworld,True,56,0.14392156599933514,1,1,1,44,0.24068307876586914,task_success_while_recovery_active_per_intervention,True,False,,c7b96f51ae8f4bd013faa30e9467a9ecae3ebf2ecc099f58b64e64f8347e02a1,8c503c07dc6dcdd904e948f14d270410c2fbd4d9796f8d9e08451dc34c7d4399,56b7f182edcfeefa9301e1edd53d7f36e4418de7e6df1b54b0f0c298cde1b3cd,,,0.2,20.0,0.08000000000000002,0.005000000000000001,0.020000000000000004,0,full,True
REIM (ACT + Detector + Recovery),25,8000067,metaworld,True,63,0.14407719999871915,1,1,1,55,0.2847028374671936,task_success_while_recovery_active_per_intervention,True,False,,004cd1697ce866365cc7c06636882e544c13fb2f5525a94b1b9455f9bfa9a362,8c503c07dc6dcdd904e948f14d270410c2fbd4d9796f8d9e08451dc34c7d4399,e216352c7f1c7392270c7c501bb599f2a46f420613a124fda0729ab88160cdf2,,,0.2,20.0,0.08000000000000002,0.005000000000000001,0.020000000000000004,0,full,True
REIM (ACT + Detector + Recovery),26,8000068,metaworld,True,53,0.17523254699699464,1,1,1,33,0.2115011215209961,task_success_while_recovery_active_per_intervention,True,False,,fb23a0a15ce3dc647b991d0909df165243cf5426dd7af985baf3d5641ab978c1,8c503c07dc6dcdd904e948f14d270410c2fbd4d9796f8d9e08451dc34c7d4399,2eb279a724955c1a9d173681940490ec9cc8ed4fdc15a95533884a23d4ccdb4e,,,0.2,20.0,0.08000000000000002,0.005000000000000001,0.020000000000000004,0,full,True
REIM (ACT + Detector + Recovery),27,8000069,metaworld,True,50,0.26721949100101483,0,0,0,0,0.1444644331932068,task_success_while_recovery_active_per_intervention,True,False,,60df108b1dd97283f8da38259cc00e3238603ee577d29e2551c6c45e234f67c6,8c503c07dc6dcdd904e948f14d270410c2fbd4d9796f8d9e08451dc34c7d4399,15a9adece7ebea14bdf37f5376e274c6dce4711281025cf35060933ba9ab8ad3,,,0.2,20.0,0.08000000000000002,0.005000000000000001,0.020000000000000004,0,full,True
REIM (ACT + Detector + Recovery),28,8000070,metaworld,True,49,0.26366887599942856,0,0,0,0,0.1593252271413803,task_success_while_recovery_active_per_intervention,True,False,,bac2f948bde8d6e90aa580cfc8be1d500acbc6205c40221a57c64b0ff881e88f,8c503c07dc6dcdd904e948f14d270410c2fbd4d9796f8d9e08451dc34c7d4399,5d73f28d4d24cdbcb36a5e5cd61ec1a82f7287ce56d88da8cea912ed757b164c,,,0.2,20.0,0.08000000000000002,0.005000000000000001,0.020000000000000004,0,full,True
REIM (ACT + Detector + Recovery),29,8000071,metaworld,True,52,0.17489157699674251,1,1,1,30,0.20522217452526093,task_success_while_recovery_active_per_intervention,True,False,,20be4c7a46c48debaec1c2e252e20f005acca36c32a102483a854c1b35859af9,8c503c07dc6dcdd904e948f14d270410c2fbd4d9796f8d9e08451dc34c7d4399,5e1df472084de78052388a34f03cad3de438ca9b5dc801b5759dd57c66a7482a,,,0.2,20.0,0.08000000000000002,0.005000000000000001,0.020000000000000004,0,full,True
REIM (ACT + Detector + Recovery),30,8000072,metaworld,True,58,0.13364181200086023,1,1,1,51,0.500039279460907,task_success_while_recovery_active_per_intervention,True,False,,da4a80a3406a8aa9fab61844fce0359a15336c1049592f59f943fb62e2495797,8c503c07dc6dcdd904e948f14d270410c2fbd4d9796f8d9e08451dc34c7d4399,aba21ef1c98d0573e36116c9757115227fd3793cba96aea7eda95c2547314ca3,,,0.2,20.0,0.08000000000000002,0.005000000000000001,0.020000000000000004,0,full,True
REIM (ACT + Detector + Recovery),31,8000073,metaworld,True,58,0.3203013650017965,0,0,0,0,0.16320697963237762,task_success_while_recovery_active_per_intervention,True,False,,4da9be26fa79b672a30c577b358fecdb4e205973320427b65c217bd53026afd7,8c503c07dc6dcdd904e948f14d270410c2fbd4d9796f8d9e08451dc34c7d4399,b8e45a2f8f553d53c6eef0305347f910b9999bcae6df6ccaf0eaee6ac864e670,,,0.2,20.0,0.08000000000000002,0.005000000000000001,0.020000000000000004,0,full,True
REIM (ACT + Detector + Recovery),32,8000074,metaworld,True,58,0.13329006800267962,1,1,1,51,0.5682228207588196,task_success_while_recovery_active_per_intervention,True,False,,36a62bd222580c04aad46f87461657ffa1593e0a5681dc38570c863d18420546,8c503c07dc6dcdd904e948f14d270410c2fbd4d9796f8d9e08451dc34c7d4399,ba19e0623fe05add91e00811bacb33e27305f5fcb6549be6f6278ebce6046101,,,0.2,20.0,0.08000000000000002,0.005000000000000001,0.020000000000000004,0,full,True
REIM (ACT + Detector + Recovery),33,8000075,metaworld,True,60,0.16434441000092193,1,1,1,45,0.3284986913204193,task_success_while_recovery_active_per_intervention,True,False,,1154e789c5513e3bb2e6881367a6b62dd738bcebb9dc85d38aaa1f0ddf8bedf2,8c503c07dc6dcdd904e948f14d270410c2fbd4d9796f8d9e08451dc34c7d4399,8a99d46d6d04afe3e2ef92bb607dde5e178b5c37506006c4f364e345976453b1,,,0.2,20.0,0.08000000000000002,0.005000000000000001,0.020000000000000004,0,full,True
REIM (ACT + Detector + Recovery),34,8000076,metaworld,False,200,0.5532257509985357,1,0,1,149,0.9973580241203308,task_success_while_recovery_active_per_intervention,False,True,object_dropped,433ad95382b3c52ecdc5a79f751560a26743a56b007fb46ea99e04b58e2724c0,8c503c07dc6dcdd904e948f14d270410c2fbd4d9796f8d9e08451dc34c7d4399,4e97203f8ce1a96cef19545d4c4c300d0de39e4f94bd1941cef7ebc3dd48be02,,,0.2,20.0,0.08000000000000002,0.005000000000000001,0.020000000000000004,0,full,True
REIM (ACT + Detector + Recovery),35,8000077,metaworld,True,62,0.14395899300143356,1,1,1,54,0.3847529888153076,task_success_while_recovery_active_per_intervention,True,False,,02a5a89c5dd2451b2217ed8eba4032c9201efb37e38f02b0cf030dd549b8d6a9,8c503c07dc6dcdd904e948f14d270410c2fbd4d9796f8d9e08451dc34c7d4399,06d355d7aff3b944ab4199c02a94c63d062e5c414c0b195f7b232b607e0ab1ed,,,0.2,20.0,0.08000000000000002,0.005000000000000001,0.020000000000000004,0,full,True
REIM (ACT + Detector + Recovery),36,8000078,metaworld,True,60,0.13895048500125995,1,1,1,52,0.3003312349319458,task_success_while_recovery_active_per_intervention,True,False,,22b3b34a1aef225432a3fd84829ba466190fa1ba12ac14e7e20dd61f7249c69f,8c503c07dc6dcdd904e948f14d270410c2fbd4d9796f8d9e08451dc34c7d4399,39001749c902e2ab9d015efb8c7644faffff99810b709d3203dc359d5eacdcbd,,,0.2,20.0,0.08000000000000002,0.005000000000000001,0.020000000000000004,0,full,True
REIM (ACT + Detector + Recovery),37,8000079,metaworld,True,61,0.1644585640024161,1,1,1,46,0.4247741401195526,task_success_while_recovery_active_per_intervention,True,False,,07fa6a4261d0585806cf03e3c9398380b2e60d65f4e688cc01c18a7160262694,8c503c07dc6dcdd904e948f14d270410c2fbd4d9796f8d9e08451dc34c7d4399,8a99d46d6d04afe3e2ef92bb607dde5e178b5c37506006c4f364e345976453b1,,,0.2,20.0,0.08000000000000002,0.005000000000000001,0.020000000000000004,0,full,True
REIM (ACT + Detector + Recovery),38,8000080,metaworld,False,200,0.937997576998896,1,0,1,39,0.7128151655197144,task_success_while_recovery_active_per_intervention,False,True,timeout,e2a7104cbdb91402bae7f29fdee8ce2826881cb1775044067eae5c1169e01160,8c503c07dc6dcdd904e948f14d270410c2fbd4d9796f8d9e08451dc34c7d4399,5d73f28d4d24cdbcb36a5e5cd61ec1a82f7287ce56d88da8cea912ed757b164c,,,0.2,20.0,0.08000000000000002,0.005000000000000001,0.020000000000000004,0,full,True
REIM (ACT + Detector + Recovery),39,8000081,metaworld,True,60,0.3275359830004163,0,0,0,0,0.18542325496673584,task_success_while_recovery_active_per_intervention,True,False,,3b630c411d109f0c8489766d9daa1f5528f5877721e4e6813ea1ee1398490f00,8c503c07dc6dcdd904e948f14d270410c2fbd4d9796f8d9e08451dc34c7d4399,a8cfe6e2276fbd15230c5555255b87d17333bdd29f84f687df7405d0311fae7f,,,0.2,20.0,0.08000000000000002,0.005000000000000001,0.020000000000000004,0,full,True
REIM (ACT + Detector + Recovery),40,8000082,metaworld,True,53,0.1894285119997221,1,1,1,29,0.2408224195241928,task_success_while_recovery_active_per_intervention,True,False,,03cd26d21dcb24e30ab212648f3dea212c394cb946b2ac94bb229e77506c4417,8c503c07dc6dcdd904e948f14d270410c2fbd4d9796f8d9e08451dc34c7d4399,f82ceac6f8787ac22c378edc1f141cedcc86bf9309b43f1aff6633ae0a963abb,,,0.2,20.0,0.08000000000000002,0.005000000000000001,0.020000000000000004,0,full,True
REIM (ACT + Detector + Recovery),41,8000083,metaworld,True,59,0.3228678930026945,0,0,0,0,0.13154928386211395,task_success_while_recovery_active_per_intervention,True,False,,445b54820c006dd7a5c46b3f4824df2608016ab376cca782546d503a96b49bbb,8c503c07dc6dcdd904e948f14d270410c2fbd4d9796f8d9e08451dc34c7d4399,4e97203f8ce1a96cef19545d4c4c300d0de39e4f94bd1941cef7ebc3dd48be02,,,0.2,20.0,0.08000000000000002,0.005000000000000001,0.020000000000000004,0,full,True
REIM (ACT + Detector + Recovery),42,8000084,metaworld,False,200,0.5651074119996338,1,0,1,146,0.988223135471344,task_success_while_recovery_active_per_intervention,False,True,timeout,00544922f8d22cdb19acb1a83062d6c6953731238069f15c1aba4405db6bbcb0,8c503c07dc6dcdd904e948f14d270410c2fbd4d9796f8d9e08451dc34c7d4399,5d73f28d4d24cdbcb36a5e5cd61ec1a82f7287ce56d88da8cea912ed757b164c,,,0.2,20.0,0.08000000000000002,0.005000000000000001,0.020000000000000004,0,full,True
REIM (ACT + Detector + Recovery),43,8000085,metaworld,True,58,0.13749754799937364,1,1,1,49,0.27620041370391846,task_success_while_recovery_active_per_intervention,True,False,,924b952ec037139bf8a6ecc872bb49ef7e104dc13554ec0de8604bfd1270ae2e,8c503c07dc6dcdd904e948f14d270410c2fbd4d9796f8d9e08451dc34c7d4399,aba21ef1c98d0573e36116c9757115227fd3793cba96aea7eda95c2547314ca3,,,0.2,20.0,0.08000000000000002,0.005000000000000001,0.020000000000000004,0,full,True
REIM (ACT + Detector + Recovery),44,8000086,metaworld,True,50,0.13764936799998395,1,1,1,37,0.3244590163230896,task_success_while_recovery_active_per_intervention,True,False,,0b2fd969d7a30a9ea70bcc57ae43e9dbde135754384f8a1c1fda98c63590f2bd,8c503c07dc6dcdd904e948f14d270410c2fbd4d9796f8d9e08451dc34c7d4399,27e1ed8c670f23dae46752497e383610e58c248d638e3b9b707808a32ce33d4e,,,0.2,20.0,0.08000000000000002,0.005000000000000001,0.020000000000000004,0,full,True
REIM (ACT + Detector + Recovery),45,8000087,metaworld,True,57,0.13735198599897558,1,1,1,48,0.34054508805274963,task_success_while_recovery_active_per_intervention,True,False,,6a12ab6fb500f57e437123fd7babdf9672a62cddc0cb86b9376ed02ab126a2ee,8c503c07dc6dcdd904e948f14d270410c2fbd4d9796f8d9e08451dc34c7d4399,ba19e0623fe05add91e00811bacb33e27305f5fcb6549be6f6278ebce6046101,,,0.2,20.0,0.08000000000000002,0.005000000000000001,0.020000000000000004,0,full,True
REIM (ACT + Detector + Recovery),46,8000088,metaworld,True,62,0.14869490600176505,1,1,1,52,0.2140459418296814,task_success_while_recovery_active_per_intervention,True,False,,5edaf61ae02143431983521542fa523523b183eddc6c6df6b9bbfce21a1532ad,8c503c07dc6dcdd904e948f14d270410c2fbd4d9796f8d9e08451dc34c7d4399,e216352c7f1c7392270c7c501bb599f2a46f420613a124fda0729ab88160cdf2,,,0.2,20.0,0.08000000000000002,0.005000000000000001,0.020000000000000004,0,full,True
REIM (ACT + Detector + Recovery),47,8000089,metaworld,True,53,0.1789109199999075,1,1,1,30,0.23590801656246185,task_success_while_recovery_active_per_intervention,True,False,,c1ab7fc45de2ecf404c3cd591d84c96bd1062b994a51b2a01e940e0018657fee,8c503c07dc6dcdd904e948f14d270410c2fbd4d9796f8d9e08451dc34c7d4399,f82ceac6f8787ac22c378edc1f141cedcc86bf9309b43f1aff6633ae0a963abb,,,0.2,20.0,0.08000000000000002,0.005000000000000001,0.020000000000000004,0,full,True
REIM (ACT + Detector + Recovery),48,8000090,metaworld,True,60,0.3286760740011232,0,0,0,0,0.1756661832332611,task_success_while_recovery_active_per_intervention,True,False,,dfb345b4d2d255f18d997c82b851d4dc26bbbfcce8e6d31a2e7f1c5fdf7e7d6f,8c503c07dc6dcdd904e948f14d270410c2fbd4d9796f8d9e08451dc34c7d4399,b8e45a2f8f553d53c6eef0305347f910b9999bcae6df6ccaf0eaee6ac864e670,,,0.2,20.0,0.08000000000000002,0.005000000000000001,0.020000000000000004,0,full,True
REIM (ACT + Detector + Recovery),49,8000091,metaworld,True,50,0.27124613400155795,0,0,0,0,0.184936985373497,task_success_while_recovery_active_per_intervention,True,False,,e5779ad13c5e4e1056ef6f9bd6643be7c2921ad2ad377b4830503ce222a0aebe,8c503c07dc6dcdd904e948f14d270410c2fbd4d9796f8d9e08451dc34c7d4399,c40fedd273cade53989af8adc3ca66d02f2d92ca4d97b2f6391a0dd0ab6dbca3,,,0.2,20.0,0.08000000000000002,0.005000000000000001,0.020000000000000004,0,full,True
REIM (ACT + Detector + Recovery),50,8000092,metaworld,True,58,0.31212292299824185,0,0,0,0,0.1329340636730194,task_success_while_recovery_active_per_intervention,True,False,,0187525f347697417ad051e27f4cd38a55d41354c0180527d311e0a48208a098,8c503c07dc6dcdd904e948f14d270410c2fbd4d9796f8d9e08451dc34c7d4399,48ce9609a38b32e56f7e6a43ffef71c21c8b1d17ed5a63d47701bc1dfc3ff271,,,0.2,20.0,0.08000000000000002,0.005000000000000001,0.020000000000000004,0,full,True
REIM (ACT + Detector + Recovery),51,8000093,metaworld,True,51,0.27237364900065586,0,0,0,0,0.1674814224243164,task_success_while_recovery_active_per_intervention,True,False,,6160f8edb60468986e845d9121f5cf54a8aac9e91aac546ba63e6b6b3b31708b,8c503c07dc6dcdd904e948f14d270410c2fbd4d9796f8d9e08451dc34c7d4399,2ad5907877cc42b4447b9630988e3a1f0da0d83e1f696f71e22dc69905e631b6,,,0.2,20.0,0.08000000000000002,0.005000000000000001,0.020000000000000004,0,full,True
REIM (ACT + Detector + Recovery),52,8000094,metaworld,True,57,0.22276764699927298,1,1,1,27,0.29970991611480713,task_success_while_recovery_active_per_intervention,True,False,,5bae5ed20e5f9c5098fa2f109ab750f522add63f7f2f1e2b244c9493da411da6,8c503c07dc6dcdd904e948f14d270410c2fbd4d9796f8d9e08451dc34c7d4399,8a99d46d6d04afe3e2ef92bb607dde5e178b5c37506006c4f364e345976453b1,,,0.2,20.0,0.08000000000000002,0.005000000000000001,0.020000000000000004,0,full,True
REIM (ACT + Detector + Recovery),53,8000095,metaworld,True,56,0.22010739300094428,1,1,1,27,0.23626448214054108,task_success_while_recovery_active_per_intervention,True,False,,dad88b69dcd17e4ae9c59f7275773c36e667ce6dd2e3b0b9cd4ec6ddcc263a8e,8c503c07dc6dcdd904e948f14d270410c2fbd4d9796f8d9e08451dc34c7d4399,942fb6a87dc1e3eb7bf7bb111c97e7096138256b4a9a6b4c62a012fabe8bec38,,,0.2,20.0,0.08000000000000002,0.005000000000000001,0.020000000000000004,0,full,True
REIM (ACT + Detector + Recovery),54,8000096,metaworld,False,200,0.5625140419979289,1,0,1,144,0.9974225759506226,task_success_while_recovery_active_per_intervention,False,True,object_dropped,e32b8da9f59f35a5bff67b0dcfd186e1ea2bdc555390d21ab245e637374b7438,8c503c07dc6dcdd904e948f14d270410c2fbd4d9796f8d9e08451dc34c7d4399,4e97203f8ce1a96cef19545d4c4c300d0de39e4f94bd1941cef7ebc3dd48be02,,,0.2,20.0,0.08000000000000002,0.005000000000000001,0.020000000000000004,0,full,True
REIM (ACT + Detector + Recovery),55,8000097,metaworld,True,52,0.2863417420012411,0,0,0,0,0.10913034528493881,task_success_while_recovery_active_per_intervention,True,False,,e2fe0a23b629980b7977ff966fac25c327e2c86beede181e5caa131615d10ff1,8c503c07dc6dcdd904e948f14d270410c2fbd4d9796f8d9e08451dc34c7d4399,742509487aeb71d366f1ddafa1cb12db2f7cfefe17c4ca89c98cffb67c1c8619,,,0.2,20.0,0.08000000000000002,0.005000000000000001,0.020000000000000004,0,full,True
REIM (ACT + Detector + Recovery),56,8000098,metaworld,True,52,0.17101536400150508,1,1,1,29,0.2124583125114441,task_success_while_recovery_active_per_intervention,True,False,,160976d0415295ba619332c08ed3352136d2a533ff2f491491a49e2348970c06,8c503c07dc6dcdd904e948f14d270410c2fbd4d9796f8d9e08451dc34c7d4399,08a97a6dfa17f78b5cc5b1351d60038e4a40a68fc93722672482714333b1d9b5,,,0.2,20.0,0.08000000000000002,0.005000000000000001,0.020000000000000004,0,full,True
REIM (ACT + Detector + Recovery),57,8000099,metaworld,True,55,0.11985144200298237,1,1,1,48,0.36806952953338623,task_success_while_recovery_active_per_intervention,True,False,,d6afb88d82f5aff8e8c841880adbb5c352b59aa106342da93075e364a75ebf1d,8c503c07dc6dcdd904e948f14d270410c2fbd4d9796f8d9e08451dc34c7d4399,35203d16cfa98b5f2e002fcb1ffde2400abf9459c161f6a289efa0c46eddb36f,,,0.2,20.0,0.08000000000000002,0.005000000000000001,0.020000000000000004,0,full,True
REIM (ACT + Detector + Recovery),58,8000100,metaworld,True,59,0.1735291969998798,1,1,1,38,0.2665705680847168,task_success_while_recovery_active_per_intervention,True,False,,cf65b1e17cfaf490e49b7002bfa28326afa980b2692d0d744df608b2124fdde0,8c503c07dc6dcdd904e948f14d270410c2fbd4d9796f8d9e08451dc34c7d4399,64ee837add19202e84553431fdab118462cf5265eeae19a4d044b5a6818f771d,,,0.2,20.0,0.08000000000000002,0.005000000000000001,0.020000000000000004,0,full,True
REIM (ACT + Detector + Recovery),59,8000101,metaworld,True,64,0.1478621700007352,1,1,1,56,0.45324021577835083,task_success_while_recovery_active_per_intervention,True,False,,b2f6ec852f1ecfd961eae67fc9cc2019462e3d5a70e11f0f90a41222646901f0,8c503c07dc6dcdd904e948f14d270410c2fbd4d9796f8d9e08451dc34c7d4399,06d355d7aff3b944ab4199c02a94c63d062e5c414c0b195f7b232b607e0ab1ed,,,0.2,20.0,0.08000000000000002,0.005000000000000001,0.020000000000000004,0,full,True
REIM (ACT + Detector + Recovery),60,8000102,metaworld,True,50,0.1491162610000174,1,1,1,33,0.3556217551231384,task_success_while_recovery_active_per_intervention,True,False,,6979123f4789d9c0ff0d1ef23eb30c83fbe89b85fe610f2747696f569caaec5c,8c503c07dc6dcdd904e948f14d270410c2fbd4d9796f8d9e08451dc34c7d4399,08a97a6dfa17f78b5cc5b1351d60038e4a40a68fc93722672482714333b1d9b5,,,0.2,20.0,0.08000000000000002,0.005000000000000001,0.020000000000000004,0,full,True
REIM (ACT + Detector + Recovery),61,8000103,metaworld,True,57,0.13694317500267061,1,1,1,47,0.23453374207019806,task_success_while_recovery_active_per_intervention,True,False,,84809919ce53a28565bcb1b3352a068db79cd9cca30093d0fe7d45e781a0ee0a,8c503c07dc6dcdd904e948f14d270410c2fbd4d9796f8d9e08451dc34c7d4399,0f719f94ef165c0b816b8b10c3f4f5fcf802c9f5a25141035590310315749280,,,0.2,20.0,0.08000000000000002,0.005000000000000001,0.020000000000000004,0,full,True
REIM (ACT + Detector + Recovery),62,8000104,metaworld,True,54,0.12580972800060408,1,1,1,45,0.24014593660831451,task_success_while_recovery_active_per_intervention,True,False,,81af240b8647e3487bb24605abfb9d9a128354e089f7b7e4e6e8921c61232f83,8c503c07dc6dcdd904e948f14d270410c2fbd4d9796f8d9e08451dc34c7d4399,35203d16cfa98b5f2e002fcb1ffde2400abf9459c161f6a289efa0c46eddb36f,,,0.2,20.0,0.08000000000000002,0.005000000000000001,0.020000000000000004,0,full,True
REIM (ACT + Detector + Recovery),63,8000105,metaworld,True,58,0.30598424300114857,0,0,0,0,0.1362585872411728,task_success_while_recovery_active_per_intervention,True,False,,32e8a2e68343de7c8a957571f30c3a503d19bf150a05d5358a16a71060aa6c16,8c503c07dc6dcdd904e948f14d270410c2fbd4d9796f8d9e08451dc34c7d4399,4e97203f8ce1a96cef19545d4c4c300d0de39e4f94bd1941cef7ebc3dd48be02,,,0.2,20.0,0.08000000000000002,0.005000000000000001,0.020000000000000004,0,full,True
REIM (ACT + Detector + Recovery),64,8000106,metaworld,True,58,0.3021142260004126,0,0,0,0,0.13302692770957947,task_success_while_recovery_active_per_intervention,True,False,,7c8dfcd78c17b150edbd77c03c52794423861adba685a782107b4807a039704c,8c503c07dc6dcdd904e948f14d270410c2fbd4d9796f8d9e08451dc34c7d4399,06d355d7aff3b944ab4199c02a94c63d062e5c414c0b195f7b232b607e0ab1ed,,,0.2,20.0,0.08000000000000002,0.005000000000000001,0.020000000000000004,0,full,True
REIM (ACT + Detector + Recovery),65,8000107,metaworld,True,61,0.15447923000101582,1,1,1,48,0.2796338200569153,task_success_while_recovery_active_per_intervention,True,False,,034e6f8edd9e32919aa5bfd6a8f57cead5bd384952f6164c27c2902cbd71a6fa,8c503c07dc6dcdd904e948f14d270410c2fbd4d9796f8d9e08451dc34c7d4399,0cda21f8ffacf0a1e40e7b0e858a8e2ddc276972106d4bced99d4404b4a13fd8,,,0.2,20.0,0.08000000000000002,0.005000000000000001,0.020000000000000004,0,full,True
REIM (ACT + Detector + Recovery),66,8000108,metaworld,True,51,0.26917887899980997,0,0,0,0,0.1757526844739914,task_success_while_recovery_active_per_intervention,True,False,,fc854c85b8f3930786925bf59b1650d812d507443b891597f9bfe5a5c208af7e,8c503c07dc6dcdd904e948f14d270410c2fbd4d9796f8d9e08451dc34c7d4399,2ad5907877cc42b4447b9630988e3a1f0da0d83e1f696f71e22dc69905e631b6,,,0.2,20.0,0.08000000000000002,0.005000000000000001,0.020000000000000004,0,full,True
REIM (ACT + Detector + Recovery),67,8000109,metaworld,True,58,0.314988521997293,0,0,0,0,0.15356753766536713,task_success_while_recovery_active_per_intervention,True,False,,8d702f48e913c9ca4da97bb2ee29c7323de2670806cd815bd82577380575d48a,8c503c07dc6dcdd904e948f14d270410c2fbd4d9796f8d9e08451dc34c7d4399,a8cfe6e2276fbd15230c5555255b87d17333bdd29f84f687df7405d0311fae7f,,,0.2,20.0,0.08000000000000002,0.005000000000000001,0.020000000000000004,0,full,True
REIM (ACT + Detector + Recovery),68,8000110,metaworld,True,56,0.14046041400069953,1,1,1,46,0.3282012641429901,task_success_while_recovery_active_per_intervention,True,False,,6ad4d11e1b113511ef59e39f620bd6fb9897dbbe32f024747d1a17ac5d57bf49,8c503c07dc6dcdd904e948f14d270410c2fbd4d9796f8d9e08451dc34c7d4399,0f719f94ef165c0b816b8b10c3f4f5fcf802c9f5a25141035590310315749280,,,0.2,20.0,0.08000000000000002,0.005000000000000001,0.020000000000000004,0,full,True
REIM (ACT + Detector + Recovery),69,8000111,metaworld,True,61,0.14957987199886702,1,1,1,51,0.29388299584388733,task_success_while_recovery_active_per_intervention,True,False,,5669bd18266d523b66bcd3e91e8922f8f98da898ad4a5b7ccc276a19d7f9dc91,8c503c07dc6dcdd904e948f14d270410c2fbd4d9796f8d9e08451dc34c7d4399,3183afb500ebb9a5af177cccb5b5889a8321eb35261f8ec571269f8b5ed9cd1a,,,0.2,20.0,0.08000000000000002,0.005000000000000001,0.020000000000000004,0,full,True
REIM (ACT + Detector + Recovery),70,8000112,metaworld,True,58,0.30516297400026815,0,0,0,0,0.09744438529014587,task_success_while_recovery_active_per_intervention,True,False,,0e65ce13b3121b6c798a76e6298f8de8fd5eccb06fe6f5dac1b24f759cc29588,8c503c07dc6dcdd904e948f14d270410c2fbd4d9796f8d9e08451dc34c7d4399,a8cfe6e2276fbd15230c5555255b87d17333bdd29f84f687df7405d0311fae7f,,,0.2,20.0,0.08000000000000002,0.005000000000000001,0.020000000000000004,0,full,True
REIM (ACT + Detector + Recovery),71,8000113,metaworld,True,57,0.16996724699856713,1,1,1,39,0.3128727674484253,task_success_while_recovery_active_per_intervention,True,False,,11294e3f352dee934c5574151f1e37b1f24f4b9f3b47fe10e5b886c51d70a676,8c503c07dc6dcdd904e948f14d270410c2fbd4d9796f8d9e08451dc34c7d4399,f82ceac6f8787ac22c378edc1f141cedcc86bf9309b43f1aff6633ae0a963abb,,,0.2,20.0,0.08000000000000002,0.005000000000000001,0.020000000000000004,0,full,True
REIM (ACT + Detector + Recovery),72,8000114,metaworld,True,48,0.25828895200174884,0,0,0,0,0.187981516122818,task_success_while_recovery_active_per_intervention,True,False,,ddb80678b6ad6ee1a6cbb53813f7c62bab4a3b4c7635bf8b5fcfd7e03dd0fe23,8c503c07dc6dcdd904e948f14d270410c2fbd4d9796f8d9e08451dc34c7d4399,e6e55bdbd77dc052facbc072d20b08a21d116978c37627b9a3d9dc7989dfbe62,,,0.2,20.0,0.08000000000000002,0.005000000000000001,0.020000000000000004,0,full,True
REIM (ACT + Detector + Recovery),73,8000115,metaworld,True,61,0.31655967999904533,0,0,0,0,0.14462673664093018,task_success_while_recovery_active_per_intervention,True,False,,06066075c1bee718dc37cb57cbb342bcd1179c8bfdd2d8f56d2d4d0de8079d2e,8c503c07dc6dcdd904e948f14d270410c2fbd4d9796f8d9e08451dc34c7d4399,1c856fdcb5da12c3fa2d15b38741aa980fa3a47e64fb99f8635817590128f9ea,,,0.2,20.0,0.08000000000000002,0.005000000000000001,0.020000000000000004,0,full,True
REIM (ACT + Detector + Recovery),74,8000116,metaworld,True,50,0.13844866399813327,1,1,1,35,0.22764749825000763,task_success_while_recovery_active_per_intervention,True,False,,d164eabf2d9f406a91dd06c767dfff1599b4a570c40f557bfbd78b64cf625794,8c503c07dc6dcdd904e948f14d270410c2fbd4d9796f8d9e08451dc34c7d4399,27e1ed8c670f23dae46752497e383610e58c248d638e3b9b707808a32ce33d4e,,,0.2,20.0,0.08000000000000002,0.005000000000000001,0.020000000000000004,0,full,True
REIM (ACT + Detector + Recovery),75,8000117,metaworld,True,59,0.1346631359992898,1,1,1,50,0.35433053970336914,task_success_while_recovery_active_per_intervention,True,False,,649901a9bca53a75d48164a1726be3ca3166f47904e86bb0e74e4a39ea35d093,8c503c07dc6dcdd904e948f14d270410c2fbd4d9796f8d9e08451dc34c7d4399,3183afb500ebb9a5af177cccb5b5889a8321eb35261f8ec571269f8b5ed9cd1a,,,0.2,20.0,0.08000000000000002,0.005000000000000001,0.020000000000000004,0,full,True
REIM (ACT + Detector + Recovery),76,8000118,metaworld,True,55,0.20261499900152558,1,1,1,25,0.20650707185268402,task_success_while_recovery_active_per_intervention,True,False,,53509cf568a46a011aa4689ecffbf91d5369ac34567c5d45039ea1c70544dc7c,8c503c07dc6dcdd904e948f14d270410c2fbd4d9796f8d9e08451dc34c7d4399,acfaed29b052207b47b4b7fa76672795fd08de3add8565db05f141de82ece90b,,,0.2,20.0,0.08000000000000002,0.005000000000000001,0.020000000000000004,0,full,True
REIM (ACT + Detector + Recovery),77,8000119,metaworld,True,54,0.2880113009996421,0,0,0,0,0.18549367785453796,task_success_while_recovery_active_per_intervention,True,False,,a4fac0771631f2d248f1bd4894ac3b6eec7d2a8a8843adc521698c46814b76fe,8c503c07dc6dcdd904e948f14d270410c2fbd4d9796f8d9e08451dc34c7d4399,7c3391ee418e26d47c002810bc00065e4dd0b6728c969d2338ad549ad01ebb0a,,,0.2,20.0,0.08000000000000002,0.005000000000000001,0.020000000000000004,0,full,True
REIM (ACT + Detector + Recovery),78,8000120,metaworld,True,54,0.26898839800196583,0,0,0,0,0.1858866661787033,task_success_while_recovery_active_per_intervention,True,False,,ec01291b887a6da8ed70ca6444d82694267916f363ced9ef25dbf0fb430256a0,8c503c07dc6dcdd904e948f14d270410c2fbd4d9796f8d9e08451dc34c7d4399,64ee837add19202e84553431fdab118462cf5265eeae19a4d044b5a6818f771d,,,0.2,20.0,0.08000000000000002,0.005000000000000001,0.020000000000000004,0,full,True
REIM (ACT + Detector + Recovery),79,8000121,metaworld,True,59,0.19072191800296423,1,1,1,29,0.20524846017360687,task_success_while_recovery_active_per_intervention,True,False,,148c040c8dde2ddd0d7b9cfbfea068e1466c10b5af103bb0ffe9e41462569266,8c503c07dc6dcdd904e948f14d270410c2fbd4d9796f8d9e08451dc34c7d4399,25805a097f1f4b8c203ec3c130dcd3e66b5fb3ad298114a08662aae6c86fa673,,,0.2,20.0,0.08000000000000002,0.005000000000000001,0.020000000000000004,0,full,True
REIM (ACT + Detector + Recovery),80,8000122,metaworld,True,57,0.153467868000007,1,1,1,39,0.3478197455406189,task_success_while_recovery_active_per_intervention,True,False,,4205e5508577e9439acfcbe7a3354c222eb1855555fd776739ba2f0ca257bd96,8c503c07dc6dcdd904e948f14d270410c2fbd4d9796f8d9e08451dc34c7d4399,2eb279a724955c1a9d173681940490ec9cc8ed4fdc15a95533884a23d4ccdb4e,,,0.2,20.0,0.08000000000000002,0.005000000000000001,0.020000000000000004,0,full,True
REIM (ACT + Detector + Recovery),81,8000123,metaworld,True,56,0.2730615479995322,0,0,0,0,0.15601161122322083,task_success_while_recovery_active_per_intervention,True,False,,7967450762ddf8c1b9255bca1913c691c11e144442e413a7649b70dbf92793f7,8c503c07dc6dcdd904e948f14d270410c2fbd4d9796f8d9e08451dc34c7d4399,25805a097f1f4b8c203ec3c130dcd3e66b5fb3ad298114a08662aae6c86fa673,,,0.2,20.0,0.08000000000000002,0.005000000000000001,0.020000000000000004,0,full,True
REIM (ACT + Detector + Recovery),82,8000124,metaworld,True,53,0.11021195499779424,1,1,1,46,0.4304761290550232,task_success_while_recovery_active_per_intervention,True,False,,11b263f2c0155df4470e53736bbe94ef82a4b17ecd11a12f786c4e8947d2e84e,8c503c07dc6dcdd904e948f14d270410c2fbd4d9796f8d9e08451dc34c7d4399,bb2c6b1aed959fa3ddddb1c215ce67cbb5b0ec080eb65fb58e06b7776849a096,,,0.2,20.0,0.08000000000000002,0.005000000000000001,0.020000000000000004,0,full,True
REIM (ACT + Detector + Recovery),83,8000125,metaworld,True,50,0.2429901850009628,0,0,0,0,0.19060920178890228,task_success_while_recovery_active_per_intervention,True,False,,fcb89244acada579319d61021d3ad136961f17641ffe4d08fd75037465a17b0d,8c503c07dc6dcdd904e948f14d270410c2fbd4d9796f8d9e08451dc34c7d4399,08a97a6dfa17f78b5cc5b1351d60038e4a40a68fc93722672482714333b1d9b5,,,0.2,20.0,0.08000000000000002,0.005000000000000001,0.020000000000000004,0,full,True
REIM (ACT + Detector + Recovery),84,8000126,metaworld,True,56,0.2716219909998472,0,0,0,0,0.11904693394899368,task_success_while_recovery_active_per_intervention,True,False,,26061e13fab6f25c73460040db432b1976348dd4675e5c2d1fb5c4d7d8e97056,8c503c07dc6dcdd904e948f14d270410c2fbd4d9796f8d9e08451dc34c7d4399,25805a097f1f4b8c203ec3c130dcd3e66b5fb3ad298114a08662aae6c86fa673,,,0.2,20.0,0.08000000000000002,0.005000000000000001,0.020000000000000004,0,full,True
REIM (ACT + Detector + Recovery),85,8000127,metaworld,True,59,0.29295007700056885,0,0,0,0,0.17405183613300323,task_success_while_recovery_active_per_intervention,True,False,,dc5a5b439ff547e06b4e93c9795b1110bd9a5b38dd1159a444f62d4450800785,8c503c07dc6dcdd904e948f14d270410c2fbd4d9796f8d9e08451dc34c7d4399,1c856fdcb5da12c3fa2d15b38741aa980fa3a47e64fb99f8635817590128f9ea,,,0.2,20.0,0.08000000000000002,0.005000000000000001,0.020000000000000004,0,full,True
REIM (ACT + Detector + Recovery),86,8000128,metaworld,True,57,0.14155557399863028,1,1,1,45,0.2830156087875366,task_success_while_recovery_active_per_intervention,True,False,,380467ac86e628c4af1fb5958c2bd879e33d3af7f70d69a1bc2034d5ebfcdb6c,8c503c07dc6dcdd904e948f14d270410c2fbd4d9796f8d9e08451dc34c7d4399,5e1df472084de78052388a34f03cad3de438ca9b5dc801b5759dd57c66a7482a,,,0.2,20.0,0.08000000000000002,0.005000000000000001,0.020000000000000004,0,full,True
REIM (ACT + Detector + Recovery),87,8000129,metaworld,True,59,0.28612790599800064,0,0,0,0,0.18339242041110992,task_success_while_recovery_active_per_intervention,True,False,,6fd64fed90e7d4372e717b1ca2b89a84c801b3fdd729c102aff93b53dcf21269,8c503c07dc6dcdd904e948f14d270410c2fbd4d9796f8d9e08451dc34c7d4399,1c856fdcb5da12c3fa2d15b38741aa980fa3a47e64fb99f8635817590128f9ea,,,0.2,20.0,0.08000000000000002,0.005000000000000001,0.020000000000000004,0,full,True
REIM (ACT + Detector + Recovery),88,8000130,metaworld,True,55,0.1804063599993242,1,1,1,27,0.27336227893829346,task_success_while_recovery_active_per_intervention,True,False,,11e5f19d8b8962b9ed1e8b42e8e43b1a30f3f5f6577449ee22916843a5998229,8c503c07dc6dcdd904e948f14d270410c2fbd4d9796f8d9e08451dc34c7d4399,942fb6a87dc1e3eb7bf7bb111c97e7096138256b4a9a6b4c62a012fabe8bec38,,,0.2,20.0,0.08000000000000002,0.005000000000000001,0.020000000000000004,0,full,True
REIM (ACT + Detector + Recovery),89,8000131,metaworld,True,58,0.1245134019991383,1,1,1,49,0.4571481943130493,task_success_while_recovery_active_per_intervention,True,False,,bb06790d587640bac71c02af660fd26cc7048f338fb8cf1cfa4baecb56853868,8c503c07dc6dcdd904e948f14d270410c2fbd4d9796f8d9e08451dc34c7d4399,0f719f94ef165c0b816b8b10c3f4f5fcf802c9f5a25141035590310315749280,,,0.2,20.0,0.08000000000000002,0.005000000000000001,0.020000000000000004,0,full,True
REIM (ACT + Detector + Recovery),90,8000132,metaworld,True,53,0.264844904999336,0,0,0,0,0.19508738815784454,task_success_while_recovery_active_per_intervention,True,False,,a615edfd7dc38255c3dafbb55b7811b70ce1699c1aabd8c70b22d3e05631e264,8c503c07dc6dcdd904e948f14d270410c2fbd4d9796f8d9e08451dc34c7d4399,c40fedd273cade53989af8adc3ca66d02f2d92ca4d97b2f6391a0dd0ab6dbca3,,,0.2,20.0,0.08000000000000002,0.005000000000000001,0.020000000000000004,0,full,True
REIM (ACT + Detector + Recovery),91,8000133,metaworld,True,55,0.15005006400315324,1,1,1,38,0.21295075118541718,task_success_while_recovery_active_per_intervention,True,False,,f81156c2cdfb1c41e9b1f56d9fed85da97559f4a3f699a42dea976d59538252f,8c503c07dc6dcdd904e948f14d270410c2fbd4d9796f8d9e08451dc34c7d4399,38329c6b97bbe7d133bf007c22742dca5f0cd7258f8d7199135c6c2371ae591d,,,0.2,20.0,0.08000000000000002,0.005000000000000001,0.020000000000000004,0,full,True
REIM (ACT + Detector + Recovery),92,8000134,metaworld,True,58,0.2847417420016427,0,0,0,0,0.13667085766792297,task_success_while_recovery_active_per_intervention,True,False,,b26162d8032ac6168826bcba51cd31aa177a6b45bdaaba22dcb55856813df307,8c503c07dc6dcdd904e948f14d270410c2fbd4d9796f8d9e08451dc34c7d4399,48ce9609a38b32e56f7e6a43ffef71c21c8b1d17ed5a63d47701bc1dfc3ff271,,,0.2,20.0,0.08000000000000002,0.005000000000000001,0.020000000000000004,0,full,True
REIM (ACT + Detector + Recovery),93,8000135,metaworld,True,64,0.3107225319981808,0,0,0,0,0.11502934247255325,task_success_while_recovery_active_per_intervention,True,False,,8f6de0b1c3ee994e2dc002d5fbadbc6c63fa2100ba2a99e74a5d8fbde6e28946,8c503c07dc6dcdd904e948f14d270410c2fbd4d9796f8d9e08451dc34c7d4399,48ce9609a38b32e56f7e6a43ffef71c21c8b1d17ed5a63d47701bc1dfc3ff271,,,0.2,20.0,0.08000000000000002,0.005000000000000001,0.020000000000000004,0,full,True
REIM (ACT + Detector + Recovery),94,8000136,metaworld,True,52,0.10926629100140417,1,1,1,45,0.38839542865753174,task_success_while_recovery_active_per_intervention,True,False,,dc7d73319dae71a252328b45b3677ee8d53589d89c3d0bd9d13fe3e27987f8cb,8c503c07dc6dcdd904e948f14d270410c2fbd4d9796f8d9e08451dc34c7d4399,bb2c6b1aed959fa3ddddb1c215ce67cbb5b0ec080eb65fb58e06b7776849a096,,,0.2,20.0,0.08000000000000002,0.005000000000000001,0.020000000000000004,0,full,True
REIM (ACT + Detector + Recovery),95,8000137,metaworld,True,50,0.14061759300238919,1,1,1,32,0.26263338327407837,task_success_while_recovery_active_per_intervention,True,False,,63a3a9b845d47aa96669257d0a57025ac2597f5d3ca4870c876919bc14aa59e2,8c503c07dc6dcdd904e948f14d270410c2fbd4d9796f8d9e08451dc34c7d4399,27e1ed8c670f23dae46752497e383610e58c248d638e3b9b707808a32ce33d4e,,,0.2,20.0,0.08000000000000002,0.005000000000000001,0.020000000000000004,0,full,True
REIM (ACT + Detector + Recovery),96,8000138,metaworld,True,52,0.2514909740020812,0,0,0,0,0.19611749053001404,task_success_while_recovery_active_per_intervention,True,False,,cc593aa9a4572450ddb2a40c42d79377909769fea195ea73920d8b05256642a3,8c503c07dc6dcdd904e948f14d270410c2fbd4d9796f8d9e08451dc34c7d4399,08a97a6dfa17f78b5cc5b1351d60038e4a40a68fc93722672482714333b1d9b5,,,0.2,20.0,0.08000000000000002,0.005000000000000001,0.020000000000000004,0,full,True
REIM (ACT + Detector + Recovery),97,8000139,metaworld,True,60,0.16014531899782014,1,1,1,41,0.2206435352563858,task_success_while_recovery_active_per_intervention,True,False,,8b208accdadbaa7aa6770da9a5e0b33b86b52082e1117a01d6d9c7b56a8b649c,8c503c07dc6dcdd904e948f14d270410c2fbd4d9796f8d9e08451dc34c7d4399,b8e45a2f8f553d53c6eef0305347f910b9999bcae6df6ccaf0eaee6ac864e670,,,0.2,20.0,0.08000000000000002,0.005000000000000001,0.020000000000000004,0,full,True
REIM (ACT + Detector + Recovery),98,8000140,metaworld,True,54,0.18783849100145744,1,1,1,26,0.21707956492900848,task_success_while_recovery_active_per_intervention,True,False,,8af51917bdea956dcdd16ed0b1b01e2a1cc95729aa0c5c7f5c25b84bb5df7ec1,8c503c07dc6dcdd904e948f14d270410c2fbd4d9796f8d9e08451dc34c7d4399,f82ceac6f8787ac22c378edc1f141cedcc86bf9309b43f1aff6633ae0a963abb,,,0.2,20.0,0.08000000000000002,0.005000000000000001,0.020000000000000004,0,full,True
REIM (ACT + Detector + Recovery),99,8000141,metaworld,True,56,0.19323258299846202,1,1,1,30,0.23406682908535004,task_success_while_recovery_active_per_intervention,True,False,,f999583bbc128eaf766aa3bad7d98a1a429f79b42c0d42bec76a1976192da45d,8c503c07dc6dcdd904e948f14d270410c2fbd4d9796f8d9e08451dc34c7d4399,f82ceac6f8787ac22c378edc1f141cedcc86bf9309b43f1aff6633ae0a963abb,,,0.2,20.0,0.08000000000000002,0.005000000000000001,0.020000000000000004,0,full,True
REIM (ACT + Detector + Recovery),100,8000142,metaworld,False,200,0.545361160999164,1,0,1,133,0.9937785267829895,task_success_while_recovery_active_per_intervention,False,True,object_dropped,e27526cb2517ae4f68fb82dea49b36ee0627873a67f0bd08d44231489adfaa01,8c503c07dc6dcdd904e948f14d270410c2fbd4d9796f8d9e08451dc34c7d4399,e216352c7f1c7392270c7c501bb599f2a46f420613a124fda0729ab88160cdf2,,,0.2,20.0,0.08000000000000002,0.005000000000000001,0.020000000000000004,0,full,True
REIM (ACT + Detector + Recovery),101,8000143,metaworld,True,56,0.11670546000095783,1,1,1,48,0.29322654008865356,task_success_while_recovery_active_per_intervention,True,False,,428818778ba61c14190210330e727c3cbe1237e2f980818c0c0d21ed52127311,8c503c07dc6dcdd904e948f14d270410c2fbd4d9796f8d9e08451dc34c7d4399,35203d16cfa98b5f2e002fcb1ffde2400abf9459c161f6a289efa0c46eddb36f,,,0.2,20.0,0.08000000000000002,0.005000000000000001,0.020000000000000004,0,full,True
REIM (ACT + Detector + Recovery),102,8000144,metaworld,True,51,0.12813677899976028,1,1,1,36,0.3535209596157074,task_success_while_recovery_active_per_intervention,True,False,,3f94814fb424506afbb979e6f5dfaafcc3144168d2f098a950bc971ff3a0b7e6,8c503c07dc6dcdd904e948f14d270410c2fbd4d9796f8d9e08451dc34c7d4399,504c23f653f6cdee9d659d9320b164606b319d4f0e9cdf0f3a87e2fc7a98160a,,,0.2,20.0,0.08000000000000002,0.005000000000000001,0.020000000000000004,0,full,True
REIM (ACT + Detector + Recovery),103,8000145,metaworld,True,58,0.27868698599922936,0,0,0,0,0.1469237357378006,task_success_while_recovery_active_per_intervention,True,False,,a0ed016bbbc04406ce5a755d07e2c624fe57cb840607e1c9fc28457daf5e6e95,8c503c07dc6dcdd904e948f14d270410c2fbd4d9796f8d9e08451dc34c7d4399,a0b103bf3e43f4aa92753185301eba5e2e31594285004b99f51a59b33bd2d620,,,0.2,20.0,0.08000000000000002,0.005000000000000001,0.020000000000000004,0,full,True
REIM (ACT + Detector + Recovery),104,8000146,metaworld,True,55,0.2652838050016726,0,0,0,0,0.13029398024082184,task_success_while_recovery_active_per_intervention,True,False,,8dbf347fc874c915b5cce2e8e011aec4062fc699a861342c0bce653794abfbac,8c503c07dc6dcdd904e948f14d270410c2fbd4d9796f8d9e08451dc34c7d4399,56b7f182edcfeefa9301e1edd53d7f36e4418de7e6df1b54b0f0c298cde1b3cd,,,0.2,20.0,0.08000000000000002,0.005000000000000001,0.020000000000000004,0,full,True
REIM (ACT + Detector + Recovery),105,8000147,metaworld,True,51,0.2453715830015426,0,0,0,0,0.17939627170562744,task_success_while_recovery_active_per_intervention,True,False,,8cf1847e3c7ba597fff8b19f75c993cc87c1e5bff80c6e67ba21b3ed19ec8316,8c503c07dc6dcdd904e948f14d270410c2fbd4d9796f8d9e08451dc34c7d4399,08a97a6dfa17f78b5cc5b1351d60038e4a40a68fc93722672482714333b1d9b5,,,0.2,20.0,0.08000000000000002,0.005000000000000001,0.020000000000000004,0,full,True
REIM (ACT + Detector + Recovery),106,8000148,metaworld,True,49,0.14308986900141463,1,1,1,30,0.26664432883262634,task_success_while_recovery_active_per_intervention,True,False,,4c908e10e761f2d22627e9e1110b583947653c675243b1da75025249bc10c5d0,8c503c07dc6dcdd904e948f14d270410c2fbd4d9796f8d9e08451dc34c7d4399,08a97a6dfa17f78b5cc5b1351d60038e4a40a68fc93722672482714333b1d9b5,,,0.2,20.0,0.08000000000000002,0.005000000000000001,0.020000000000000004,0,full,True
REIM (ACT + Detector + Recovery),107,8000149,metaworld,True,57,0.29356283800007077,0,0,0,0,0.17955972254276276,task_success_while_recovery_active_per_intervention,True,False,,f4dcf26ca9f6cfe24bc16debf9c27c550242af4fbd01bf40783ac491011275ed,8c503c07dc6dcdd904e948f14d270410c2fbd4d9796f8d9e08451dc34c7d4399,524e161a612d94c222d06154bcd0129d0851b8fad51ae883abbef6e86d43cbb0,,,0.2,20.0,0.08000000000000002,0.005000000000000001,0.020000000000000004,0,full,True
REIM (ACT + Detector + Recovery),108,8000150,metaworld,True,46,0.23305976899791858,0,0,0,0,0.16442234814167023,task_success_while_recovery_active_per_intervention,True,False,,78a8afdd79b2abfd1618d20ee6aeb806a69af8b49816641c1ad7d0b2bda64c5c,8c503c07dc6dcdd904e948f14d270410c2fbd4d9796f8d9e08451dc34c7d4399,5d73f28d4d24cdbcb36a5e5cd61ec1a82f7287ce56d88da8cea912ed757b164c,,,0.2,20.0,0.08000000000000002,0.005000000000000001,0.020000000000000004,0,full,True
REIM (ACT + Detector + Recovery),109,8000151,metaworld,True,55,0.15746005499750027,1,1,1,36,0.25736746191978455,task_success_while_recovery_active_per_intervention,True,False,,343ce894157b28096af7019ec4e54e7d07b7fb3e430641e46e6c9d335851a9c8,8c503c07dc6dcdd904e948f14d270410c2fbd4d9796f8d9e08451dc34c7d4399,aa1f17aacdf569c3a2930a2ebbf742ff43f8d3acfc772731a5c344cabcd52570,,,0.2,20.0,0.08000000000000002,0.005000000000000001,0.020000000000000004,0,full,True
REIM (ACT + Detector + Recovery),110,8000152,metaworld,True,50,0.15173366000090027,1,1,1,30,0.2560856342315674,task_success_while_recovery_active_per_intervention,True,False,,d9e2895944fe711adf37157a40b97b5340d757fcdb125bad36387f35814e5795,8c503c07dc6dcdd904e948f14d270410c2fbd4d9796f8d9e08451dc34c7d4399,cea0b9105255f82e0ee99bfb3998a6edce02b446d4b14afb0747282cd18aa202,,,0.2,20.0,0.08000000000000002,0.005000000000000001,0.020000000000000004,0,full,True
REIM (ACT + Detector + Recovery),111,8000153,metaworld,True,47,0.24087774700092268,0,0,0,0,0.15798543393611908,task_success_while_recovery_active_per_intervention,True,False,,198bd80e98c40bde8a3b065eaa90dfc309f62439df20ec06d93d620bcf4411c1,8c503c07dc6dcdd904e948f14d270410c2fbd4d9796f8d9e08451dc34c7d4399,e6e55bdbd77dc052facbc072d20b08a21d116978c37627b9a3d9dc7989dfbe62,,,0.2,20.0,0.08000000000000002,0.005000000000000001,0.020000000000000004,0,full,True
REIM (ACT + Detector + Recovery),112,8000154,metaworld,True,56,0.14815658499719575,1,1,1,41,0.25005584955215454,task_success_while_recovery_active_per_intervention,True,False,,a3e703b7aa74ae534234e107eb739ea225ff5356759bbbbb3630c8fab5c013ca,8c503c07dc6dcdd904e948f14d270410c2fbd4d9796f8d9e08451dc34c7d4399,5e1df472084de78052388a34f03cad3de438ca9b5dc801b5759dd57c66a7482a,,,0.2,20.0,0.08000000000000002,0.005000000000000001,0.020000000000000004,0,full,True
REIM (ACT + Detector + Recovery),113,8000155,metaworld,True,56,0.17778617500152905,1,1,1,31,0.3069351017475128,task_success_while_recovery_active_per_intervention,True,False,,302bf9d6fc3af8b67b7720a6937f8817d98259a806336f03c174de43282675f1,8c503c07dc6dcdd904e948f14d270410c2fbd4d9796f8d9e08451dc34c7d4399,8a99d46d6d04afe3e2ef92bb607dde5e178b5c37506006c4f364e345976453b1,,,0.2,20.0,0.08000000000000002,0.005000000000000001,0.020000000000000004,0,full,True
REIM (ACT + Detector + Recovery),114,8000156,metaworld,False,200,0.5129247149998264,1,0,1,150,0.9612641334533691,task_success_while_recovery_active_per_intervention,False,True,object_dropped,01033617e984155c155f825045f284f327e8083675002ff029f6ef803c737953,8c503c07dc6dcdd904e948f14d270410c2fbd4d9796f8d9e08451dc34c7d4399,a8cfe6e2276fbd15230c5555255b87d17333bdd29f84f687df7405d0311fae7f,,,0.2,20.0,0.08000000000000002,0.005000000000000001,0.020000000000000004,0,full,True
REIM (ACT + Detector + Recovery),115,8000157,metaworld,True,51,0.13270609300161595,1,1,1,38,0.325656920671463,task_success_while_recovery_active_per_intervention,True,False,,167793ccd1711b70b981c1f2526f32876b9c8898e8bcae934967327d8c7eb7b3,8c503c07dc6dcdd904e948f14d270410c2fbd4d9796f8d9e08451dc34c7d4399,08a97a6dfa17f78b5cc5b1351d60038e4a40a68fc93722672482714333b1d9b5,,,0.2,20.0,0.08000000000000002,0.005000000000000001,0.020000000000000004,0,full,True
REIM (ACT + Detector + Recovery),116,8000158,metaworld,True,63,0.1769227039985708,1,1,1,47,0.3066912591457367,task_success_while_recovery_active_per_intervention,True,False,,5b65b7a8751e56edb0fcfcd755e7a62be6a8e8959f7c5cdedb32dc496d1ace58,8c503c07dc6dcdd904e948f14d270410c2fbd4d9796f8d9e08451dc34c7d4399,b8e45a2f8f553d53c6eef0305347f910b9999bcae6df6ccaf0eaee6ac864e670,,,0.2,20.0,0.08000000000000002,0.005000000000000001,0.020000000000000004,0,full,True
REIM (ACT + Detector + Recovery),117,8000159,metaworld,True,59,0.14526059299896588,1,1,1,50,0.41906628012657166,task_success_while_recovery_active_per_intervention,True,False,,84030802b072c9eafaee8a5ddc10ea57b1d1392c4769ac0b616f12e5ade0aed4,8c503c07dc6dcdd904e948f14d270410c2fbd4d9796f8d9e08451dc34c7d4399,0f719f94ef165c0b816b8b10c3f4f5fcf802c9f5a25141035590310315749280,,,0.2,20.0,0.08000000000000002,0.005000000000000001,0.020000000000000004,0,full,True
REIM (ACT + Detector + Recovery),118,8000160,metaworld,True,54,0.1479561289997946,1,1,1,37,0.2886624336242676,task_success_while_recovery_active_per_intervention,True,False,,dd5a06d39c7a7caa7dfd198655304556031bbd1714299832eb57b4a4fe09e2f2,8c503c07dc6dcdd904e948f14d270410c2fbd4d9796f8d9e08451dc34c7d4399,342b72dafe0e47ecf8a937cb01e62ac02c2d77bf93dafca59574cbbbfc4ad77b,,,0.2,20.0,0.08000000000000002,0.005000000000000001,0.020000000000000004,0,full,True
REIM (ACT + Detector + Recovery),119,8000161,metaworld,True,57,0.13672976400266634,1,1,1,46,0.27411866188049316,task_success_while_recovery_active_per_intervention,True,False,,e38a92dc400fb4f37b8da94d79f3a88b2391dc1da2a5fc9fc05f60c9a8373f84,8c503c07dc6dcdd904e948f14d270410c2fbd4d9796f8d9e08451dc34c7d4399,ba19e0623fe05add91e00811bacb33e27305f5fcb6549be6f6278ebce6046101,,,0.2,20.0,0.08000000000000002,0.005000000000000001,0.020000000000000004,0,full,True
REIM (ACT + Detector + Recovery),120,8000162,metaworld,True,55,0.13888550599949667,1,1,1,42,0.2504356801509857,task_success_while_recovery_active_per_intervention,True,False,,19b11f4aa4ba6ee05d37a4e3ef51be9967db766f85e9121c6beb6097b1c7104e,8c503c07dc6dcdd904e948f14d270410c2fbd4d9796f8d9e08451dc34c7d4399,acfaed29b052207b47b4b7fa76672795fd08de3add8565db05f141de82ece90b,,,0.2,20.0,0.08000000000000002,0.005000000000000001,0.020000000000000004,0,full,True
REIM (ACT + Detector + Recovery),121,8000163,metaworld,True,55,0.27705667299960623,0,0,0,0,0.14579613506793976,task_success_while_recovery_active_per_intervention,True,False,,af40ac9a1861b100f177ad3f46638da10a62a282cea63f5a0433b58f5aa3fe79,8c503c07dc6dcdd904e948f14d270410c2fbd4d9796f8d9e08451dc34c7d4399,0cda21f8ffacf0a1e40e7b0e858a8e2ddc276972106d4bced99d4404b4a13fd8,,,0.2,20.0,0.08000000000000002,0.005000000000000001,0.020000000000000004,0,full,True
REIM (ACT + Detector + Recovery),122,8000164,metaworld,False,200,0.5400117999997747,1,0,1,140,0.990340530872345,task_success_while_recovery_active_per_intervention,False,True,timeout,367f1e67644619c23de9ab24e4ea980359d4def3cb4090d6568afe1a694d5219,8c503c07dc6dcdd904e948f14d270410c2fbd4d9796f8d9e08451dc34c7d4399,15a9adece7ebea14bdf37f5376e274c6dce4711281025cf35060933ba9ab8ad3,,,0.2,20.0,0.08000000000000002,0.005000000000000001,0.020000000000000004,0,full,True
REIM (ACT + Detector + Recovery),123,8000165,metaworld,True,60,0.13001536400042824,1,1,1,51,0.3775867521762848,task_success_while_recovery_active_per_intervention,True,False,,df5cee6bdf9da33acca1ccdebe67ad63f8ef85dcdff9fc485d5109e5cd8abbcd,8c503c07dc6dcdd904e948f14d270410c2fbd4d9796f8d9e08451dc34c7d4399,0f719f94ef165c0b816b8b10c3f4f5fcf802c9f5a25141035590310315749280,,,0.2,20.0,0.08000000000000002,0.005000000000000001,0.020000000000000004,0,full,True
REIM (ACT + Detector + Recovery),124,8000166,metaworld,True,53,0.14246997000009287,1,1,1,38,0.27568408846855164,task_success_while_recovery_active_per_intervention,True,False,,26fa0b82c9a5deefbb245931f68bee549b75c6c002fee4ecb29f50c174aacbc8,8c503c07dc6dcdd904e948f14d270410c2fbd4d9796f8d9e08451dc34c7d4399,aa1f17aacdf569c3a2930a2ebbf742ff43f8d3acfc772731a5c344cabcd52570,,,0.2,20.0,0.08000000000000002,0.005000000000000001,0.020000000000000004,0,full,True
REIM (ACT + Detector + Recovery),125,8000167,metaworld,False,200,0.5614850409983774,1,0,1,138,0.9944104552268982,task_success_while_recovery_active_per_intervention,False,True,timeout,1d600a553cc641a82a9ff71753f457b0e7211107ae3ae03ce4a87f01b54f4e41,8c503c07dc6dcdd904e948f14d270410c2fbd4d9796f8d9e08451dc34c7d4399,a0b103bf3e43f4aa92753185301eba5e2e31594285004b99f51a59b33bd2d620,,,0.2,20.0,0.08000000000000002,0.005000000000000001,0.020000000000000004,0,full,True
REIM (ACT + Detector + Recovery),126,8000168,metaworld,True,53,0.13903603200014913,1,1,1,38,0.21002700924873352,task_success_while_recovery_active_per_intervention,True,False,,e89a3f178e9ade12ff2ff3a7a1ef93ccf25fe29e227a1eab59eadcb410c14326,8c503c07dc6dcdd904e948f14d270410c2fbd4d9796f8d9e08451dc34c7d4399,15a9adece7ebea14bdf37f5376e274c6dce4711281025cf35060933ba9ab8ad3,,,0.2,20.0,0.08000000000000002,0.005000000000000001,0.020000000000000004,0,full,True
REIM (ACT + Detector + Recovery),127,8000169,metaworld,True,54,0.14020351200088044,1,1,1,40,0.25557076930999756,task_success_while_recovery_active_per_intervention,True,False,,52eae8931c2fa5f9779b1d2b3202a4944329f0cb39e4bc19f92de63a8b559d95,8c503c07dc6dcdd904e948f14d270410c2fbd4d9796f8d9e08451dc34c7d4399,2ad5907877cc42b4447b9630988e3a1f0da0d83e1f696f71e22dc69905e631b6,,,0.2,20.0,0.08000000000000002,0.005000000000000001,0.020000000000000004,0,full,True
REIM (ACT + Detector + Recovery),128,8000170,metaworld,True,56,0.19509922299766913,1,1,1,26,0.20029990375041962,task_success_while_recovery_active_per_intervention,True,False,,7a048d2f5b32f17beb069d11374d577135582aaa4bb7551d4bd070bab008b3d6,8c503c07dc6dcdd904e948f14d270410c2fbd4d9796f8d9e08451dc34c7d4399,8a99d46d6d04afe3e2ef92bb607dde5e178b5c37506006c4f364e345976453b1,,,0.2,20.0,0.08000000000000002,0.005000000000000001,0.020000000000000004,0,full,True
REIM (ACT + Detector + Recovery),129,8000171,metaworld,True,51,0.2609219639998628,0,0,0,0,0.18710049986839294,task_success_while_recovery_active_per_intervention,True,False,,1eb285376b16e344536a3917d533ec5955dcac169c4029500f84456b6409e20a,8c503c07dc6dcdd904e948f14d270410c2fbd4d9796f8d9e08451dc34c7d4399,08a97a6dfa17f78b5cc5b1351d60038e4a40a68fc93722672482714333b1d9b5,,,0.2,20.0,0.08000000000000002,0.005000000000000001,0.020000000000000004,0,full,True
REIM (ACT + Detector + Recovery),130,8000172,metaworld,True,54,0.16331362200071453,1,1,1,35,0.23992228507995605,task_success_while_recovery_active_per_intervention,True,False,,1f8b03c5941c810e87a999d5224062b2315a111fc4a0e75257a0f91046957c0c,8c503c07dc6dcdd904e948f14d270410c2fbd4d9796f8d9e08451dc34c7d4399,7c3391ee418e26d47c002810bc00065e4dd0b6728c969d2338ad549ad01ebb0a,,,0.2,20.0,0.08000000000000002,0.005000000000000001,0.020000000000000004,0,full,True
REIM (ACT + Detector + Recovery),131,8000173,metaworld,True,55,0.1338180780003313,1,1,1,46,0.3588436543941498,task_success_while_recovery_active_per_intervention,True,False,,f76277b122c8e87f78cfd675c327d4aa84b28e53b07d1eb1a168966add789365,8c503c07dc6dcdd904e948f14d270410c2fbd4d9796f8d9e08451dc34c7d4399,bb2c6b1aed959fa3ddddb1c215ce67cbb5b0ec080eb65fb58e06b7776849a096,,,0.2,20.0,0.08000000000000002,0.005000000000000001,0.020000000000000004,0,full,True
REIM (ACT + Detector + Recovery),132,8000174,metaworld,True,53,0.12974213999768835,1,1,1,43,0.25214457511901855,task_success_while_recovery_active_per_intervention,True,False,,55c44d88ccb99380515bcb5bc84218a2cfc1b0713e132539089f57794c6ffdd5,8c503c07dc6dcdd904e948f14d270410c2fbd4d9796f8d9e08451dc34c7d4399,c40fedd273cade53989af8adc3ca66d02f2d92ca4d97b2f6391a0dd0ab6dbca3,,,0.2,20.0,0.08000000000000002,0.005000000000000001,0.020000000000000004,0,full,True
REIM (ACT + Detector + Recovery),133,8000175,metaworld,True,54,0.12260292999781086,1,1,1,47,0.3839128613471985,task_success_while_recovery_active_per_intervention,True,False,,f11a97da0ff743e8b045304550d412fbadc1f2c42d395fdf043b7dd54915188a,8c503c07dc6dcdd904e948f14d270410c2fbd4d9796f8d9e08451dc34c7d4399,bb2c6b1aed959fa3ddddb1c215ce67cbb5b0ec080eb65fb58e06b7776849a096,,,0.2,20.0,0.08000000000000002,0.005000000000000001,0.020000000000000004,0,full,True
REIM (ACT + Detector + Recovery),134,8000176,metaworld,False,200,0.5496073779977451,1,0,1,139,0.9989809393882751,task_success_while_recovery_active_per_intervention,False,True,object_dropped,2ba0b183a40c09fcf377cadf4cf4f4fd281dd6ba57e40dd54ce30441f8e57e0e,8c503c07dc6dcdd904e948f14d270410c2fbd4d9796f8d9e08451dc34c7d4399,6338b57c8983138382fa5c9ee7bb2d2c200be44368697f7ffa8216ea26ddccaf,,,0.2,20.0,0.08000000000000002,0.005000000000000001,0.020000000000000004,0,full,True
REIM (ACT + Detector + Recovery),135,8000177,metaworld,True,61,0.308462064997002,0,0,0,0,0.13840524852275848,task_success_while_recovery_active_per_intervention,True,False,,82c7f86131fbd18142eb8e21c15601731ec14e78cb8390cc016d29cfa98decfc,8c503c07dc6dcdd904e948f14d270410c2fbd4d9796f8d9e08451dc34c7d4399,1c856fdcb5da12c3fa2d15b38741aa980fa3a47e64fb99f8635817590128f9ea,,,0.2,20.0,0.08000000000000002,0.005000000000000001,0.020000000000000004,0,full,True
REIM (ACT + Detector + Recovery),136,8000178,metaworld,True,53,0.13837007099937182,1,1,1,38,0.24991947412490845,task_success_while_recovery_active_per_intervention,True,False,,24f43dee3d57357bbdb445a7595edf3c95f1f4746b1903e1f77c9c2e1025e37c,8c503c07dc6dcdd904e948f14d270410c2fbd4d9796f8d9e08451dc34c7d4399,acfaed29b052207b47b4b7fa76672795fd08de3add8565db05f141de82ece90b,,,0.2,20.0,0.08000000000000002,0.005000000000000001,0.020000000000000004,0,full,True
REIM (ACT + Detector + Recovery),137,8000179,metaworld,True,53,0.2664480759995058,0,0,0,0,0.1755971908569336,task_success_while_recovery_active_per_intervention,True,False,,1f1d070fcfa1481831605e75deb31a87022c1d0fd01892f5b868df78d72dc065,8c503c07dc6dcdd904e948f14d270410c2fbd4d9796f8d9e08451dc34c7d4399,2ad5907877cc42b4447b9630988e3a1f0da0d83e1f696f71e22dc69905e631b6,,,0.2,20.0,0.08000000000000002,0.005000000000000001,0.020000000000000004,0,full,True
REIM (ACT + Detector + Recovery),138,8000180,metaworld,True,53,0.30381437800315325,0,0,0,0,0.18165773153305054,task_success_while_recovery_active_per_intervention,True,False,,0604f007c176ca535f3edf3f0b186eb0e4037d7551eec735cb3bb92f416e791d,8c503c07dc6dcdd904e948f14d270410c2fbd4d9796f8d9e08451dc34c7d4399,56b7f182edcfeefa9301e1edd53d7f36e4418de7e6df1b54b0f0c298cde1b3cd,,,0.2,20.0,0.08000000000000002,0.005000000000000001,0.020000000000000004,0,full,True
REIM (ACT + Detector + Recovery),139,8000181,metaworld,True,59,0.13136844800101244,1,1,1,50,0.30353784561157227,task_success_while_recovery_active_per_intervention,True,False,,d1750b3be079c63c99a208b11d71b18c303e035fc387bc4c7cddeab8829bfa9f,8c503c07dc6dcdd904e948f14d270410c2fbd4d9796f8d9e08451dc34c7d4399,0f719f94ef165c0b816b8b10c3f4f5fcf802c9f5a25141035590310315749280,,,0.2,20.0,0.08000000000000002,0.005000000000000001,0.020000000000000004,0,full,True
REIM (ACT + Detector + Recovery),140,8000182,metaworld,True,56,0.1892219709989149,1,1,1,26,0.20547258853912354,task_success_while_recovery_active_per_intervention,True,False,,3e676be21ae0868ec9e5c0b624e426127586bf6ff0416381a6ec327a9c4d9447,8c503c07dc6dcdd904e948f14d270410c2fbd4d9796f8d9e08451dc34c7d4399,6cb8d983459a8e57d4ae53a86da2394015cabba2d7c306dcaf7b14af979ca230,,,0.2,20.0,0.08000000000000002,0.005000000000000001,0.020000000000000004,0,full,True
REIM (ACT + Detector + Recovery),141,8000183,metaworld,True,59,0.18238407699755044,1,1,1,33,0.2505437135696411,task_success_while_recovery_active_per_intervention,True,False,,95f9472e3a60fdeebc5bf7d5396c3789c5aa1c38d9a555f2fba5e597a443e221,8c503c07dc6dcdd904e948f14d270410c2fbd4d9796f8d9e08451dc34c7d4399,39001749c902e2ab9d015efb8c7644faffff99810b709d3203dc359d5eacdcbd,,,0.2,20.0,0.08000000000000002,0.005000000000000001,0.020000000000000004,0,full,True
REIM (ACT + Detector + Recovery),142,8000184,metaworld,True,57,0.2725178090004192,0,0,0,0,0.1413864940404892,task_success_while_recovery_active_per_intervention,True,False,,a4c8a6810904e8130e719920fa0d526659ad1eaf212c842e6f6104af75b21132,8c503c07dc6dcdd904e948f14d270410c2fbd4d9796f8d9e08451dc34c7d4399,f6a9ed9055e00c868d6771022c2c557a6a48990bdacbed585d07cde857d4755a,,,0.2,20.0,0.08000000000000002,0.005000000000000001,0.020000000000000004,0,full,True
REIM (ACT + Detector + Recovery),143,8000185,metaworld,True,60,0.13087450899911346,1,1,1,50,0.21513964235782623,task_success_while_recovery_active_per_intervention,True,False,,95b5ce343cfdd5b1b5978a83535b59f969f2bdc4f556399f41a9a472817d91ee,8c503c07dc6dcdd904e948f14d270410c2fbd4d9796f8d9e08451dc34c7d4399,39001749c902e2ab9d015efb8c7644faffff99810b709d3203dc359d5eacdcbd,,,0.2,20.0,0.08000000000000002,0.005000000000000001,0.020000000000000004,0,full,True
REIM (ACT + Detector + Recovery),144,8000186,metaworld,True,56,0.11825249499815982,1,1,1,48,0.31263601779937744,task_success_while_recovery_active_per_intervention,True,False,,5a8616fcbb04f2ecf1a28f3152a71adb5233c40714ec27c74dc8f2aaf4a70c72,8c503c07dc6dcdd904e948f14d270410c2fbd4d9796f8d9e08451dc34c7d4399,588df85fb38ef87f822932ad2f702be807974873e4a07ea43084bbdeeaac6604,,,0.2,20.0,0.08000000000000002,0.005000000000000001,0.020000000000000004,0,full,True
REIM (ACT + Detector + Recovery),145,8000187,metaworld,True,62,0.2119390680018114,1,1,1,30,0.20002947747707367,task_success_while_recovery_active_per_intervention,True,False,,80c8b7a15a3be6252bd883e79871c571a728006e66b0e0c1f30146d0ff255930,8c503c07dc6dcdd904e948f14d270410c2fbd4d9796f8d9e08451dc34c7d4399,c5023b3d25031a103b9549b6e8c83ba09d69e708ef117c31128a38e03616e5d8,,,0.2,20.0,0.08000000000000002,0.005000000000000001,0.020000000000000004,0,full,True
REIM (ACT + Detector + Recovery),146,8000188,metaworld,True,60,0.1294911220029462,1,1,1,51,0.45604953169822693,task_success_while_recovery_active_per_intervention,True,False,,8aca1f179766a78c79a5ac30654ce84d2209de2a0a5bb7f1fe5cebcd5afade41,8c503c07dc6dcdd904e948f14d270410c2fbd4d9796f8d9e08451dc34c7d4399,942fb6a87dc1e3eb7bf7bb111c97e7096138256b4a9a6b4c62a012fabe8bec38,,,0.2,20.0,0.08000000000000002,0.005000000000000001,0.020000000000000004,0,full,True
REIM (ACT + Detector + Recovery),147,8000189,metaworld,True,53,0.26854180000009364,0,0,0,0,0.18499921262264252,task_success_while_recovery_active_per_intervention,True,False,,4d23a8d9dd4919dc79229406b6d08160f97ae690b2bb0e3a629b057dfda7d1e0,8c503c07dc6dcdd904e948f14d270410c2fbd4d9796f8d9e08451dc34c7d4399,7c3391ee418e26d47c002810bc00065e4dd0b6728c969d2338ad549ad01ebb0a,,,0.2,20.0,0.08000000000000002,0.005000000000000001,0.020000000000000004,0,full,True
REIM (ACT + Detector + Recovery),148,8000190,metaworld,True,48,0.23856635600168374,0,0,0,0,0.18195058405399323,task_success_while_recovery_active_per_intervention,True,False,,b3c3447d16f90ab8d81259d629f68ce314aff532f0e8226e112dc208f57340c1,8c503c07dc6dcdd904e948f14d270410c2fbd4d9796f8d9e08451dc34c7d4399,cea0b9105255f82e0ee99bfb3998a6edce02b446d4b14afb0747282cd18aa202,,,0.2,20.0,0.08000000000000002,0.005000000000000001,0.020000000000000004,0,full,True
REIM (ACT + Detector + Recovery),149,8000191,metaworld,True,61,0.3282900880003581,0,0,0,0,0.19261854887008667,task_success_while_recovery_active_per_intervention,True,False,,af3d24834e5d4e55e9857534f94f475d116e1351d0b5e7fec1fa1f448fe79c2b,8c503c07dc6dcdd904e948f14d270410c2fbd4d9796f8d9e08451dc34c7d4399,e216352c7f1c7392270c7c501bb599f2a46f420613a124fda0729ab88160cdf2,,,0.2,20.0,0.08000000000000002,0.005000000000000001,0.020000000000000004,0,full,True
REIM (ACT + Detector + Recovery),150,8000192,metaworld,True,55,0.27645981300156564,0,0,0,0,0.1335875689983368,task_success_while_recovery_active_per_intervention,True,False,,5a6f0749f71faf3c839e9e25ecfb49fb62d202b3fab4f526c21107c8d3cd1b16,8c503c07dc6dcdd904e948f14d270410c2fbd4d9796f8d9e08451dc34c7d4399,25805a097f1f4b8c203ec3c130dcd3e66b5fb3ad298114a08662aae6c86fa673,,,0.2,20.0,0.08000000000000002,0.005000000000000001,0.020000000000000004,0,full,True
REIM (ACT + Detector + Recovery),151,8000193,metaworld,False,200,0.521479991999513,1,0,1,150,0.9971411228179932,task_success_while_recovery_active_per_intervention,False,True,timeout,323e457ec4fbfbebdfb75ca94a293f25e3ee0b446c916b8d5901b8ffcde99192,8c503c07dc6dcdd904e948f14d270410c2fbd4d9796f8d9e08451dc34c7d4399,1c856fdcb5da12c3fa2d15b38741aa980fa3a47e64fb99f8635817590128f9ea,,,0.2,20.0,0.08000000000000002,0.005000000000000001,0.020000000000000004,0,full,True
REIM (ACT + Detector + Recovery),152,8000194,metaworld,True,57,0.29143747899797745,0,0,0,0,0.1414082944393158,task_success_while_recovery_active_per_intervention,True,False,,8d347fb9720e44c44b0c5b430ea7d4da64ef1c72a6dc01530e1dd034f9d43aac,8c503c07dc6dcdd904e948f14d270410c2fbd4d9796f8d9e08451dc34c7d4399,64ee837add19202e84553431fdab118462cf5265eeae19a4d044b5a6818f771d,,,0.2,20.0,0.08000000000000002,0.005000000000000001,0.020000000000000004,0,full,True
REIM (ACT + Detector + Recovery),153,8000195,metaworld,True,52,0.15924720499970135,1,1,1,31,0.2832593023777008,task_success_while_recovery_active_per_intervention,True,False,,f796f36f13b0918c9bb949253f6265728ef55c573df6463d5a704f65bb8f798c,8c503c07dc6dcdd904e948f14d270410c2fbd4d9796f8d9e08451dc34c7d4399,2eb279a724955c1a9d173681940490ec9cc8ed4fdc15a95533884a23d4ccdb4e,,,0.2,20.0,0.08000000000000002,0.005000000000000001,0.020000000000000004,0,full,True
REIM (ACT + Detector + Recovery),154,8000196,metaworld,True,57,0.14909148200240452,1,1,1,42,0.2603759765625,task_success_while_recovery_active_per_intervention,True,False,,f8e7921f76dda62c2369973f047bb9056b6040814da0e78e36f7845fc416e2fd,8c503c07dc6dcdd904e948f14d270410c2fbd4d9796f8d9e08451dc34c7d4399,342b72dafe0e47ecf8a937cb01e62ac02c2d77bf93dafca59574cbbbfc4ad77b,,,0.2,20.0,0.08000000000000002,0.005000000000000001,0.020000000000000004,0,full,True
REIM (ACT + Detector + Recovery),155,8000197,metaworld,True,57,0.2856166530000337,0,0,0,0,0.1634901762008667,task_success_while_recovery_active_per_intervention,True,False,,9982be9cfa46b440b51bc916329491cd12d766b98fc65fb3b23cd8da41a43af0,8c503c07dc6dcdd904e948f14d270410c2fbd4d9796f8d9e08451dc34c7d4399,524e161a612d94c222d06154bcd0129d0851b8fad51ae883abbef6e86d43cbb0,,,0.2,20.0,0.08000000000000002,0.005000000000000001,0.020000000000000004,0,full,True
REIM (ACT + Detector + Recovery),156,8000198,metaworld,True,55,0.1409723409997241,1,1,1,41,0.20549575984477997,task_success_while_recovery_active_per_intervention,True,False,,19ba117b291365a193cc8aab9fb1d50912f830b79264710bb79103d51ba229cd,8c503c07dc6dcdd904e948f14d270410c2fbd4d9796f8d9e08451dc34c7d4399,56b7f182edcfeefa9301e1edd53d7f36e4418de7e6df1b54b0f0c298cde1b3cd,,,0.2,20.0,0.08000000000000002,0.005000000000000001,0.020000000000000004,0,full,True
REIM (ACT + Detector + Recovery),157,8000199,metaworld,True,56,0.15373448500031373,1,1,1,38,0.20109684765338898,task_success_while_recovery_active_per_intervention,True,False,,2d188ac66d28db50c707df10f5fd494d3baf736de663b64bf80a4a4e34dbc6c4,8c503c07dc6dcdd904e948f14d270410c2fbd4d9796f8d9e08451dc34c7d4399,3183afb500ebb9a5af177cccb5b5889a8321eb35261f8ec571269f8b5ed9cd1a,,,0.2,20.0,0.08000000000000002,0.005000000000000001,0.020000000000000004,0,full,True
REIM (ACT + Detector + Recovery),158,8000200,metaworld,True,61,0.30184564199953456,0,0,0,0,0.15169191360473633,task_success_while_recovery_active_per_intervention,True,False,,4e1bcd80d16f0b036f12c9043d3aec15e0d250e4e666d1c5ef4b27a5a45d569d,8c503c07dc6dcdd904e948f14d270410c2fbd4d9796f8d9e08451dc34c7d4399,524e161a612d94c222d06154bcd0129d0851b8fad51ae883abbef6e86d43cbb0,,,0.2,20.0,0.08000000000000002,0.005000000000000001,0.020000000000000004,0,full,True
REIM (ACT + Detector + Recovery),159,8000201,metaworld,True,51,0.25220916499893065,0,0,0,0,0.1312195509672165,task_success_while_recovery_active_per_intervention,True,False,,c4b5e116217ec92a693bda33259abf8d6d888903490c669c82279d3845a3eb09,8c503c07dc6dcdd904e948f14d270410c2fbd4d9796f8d9e08451dc34c7d4399,56b7f182edcfeefa9301e1edd53d7f36e4418de7e6df1b54b0f0c298cde1b3cd,,,0.2,20.0,0.08000000000000002,0.005000000000000001,0.020000000000000004,0,full,True
REIM (ACT + Detector + Recovery),160,8000202,metaworld,True,66,0.33523486699778005,0,0,0,0,0.1723160743713379,task_success_while_recovery_active_per_intervention,True,False,,74e2251336909dfe8a7412e2b779a8af351a594ddde58bb5ed7e620d50a9e4fa,8c503c07dc6dcdd904e948f14d270410c2fbd4d9796f8d9e08451dc34c7d4399,c5023b3d25031a103b9549b6e8c83ba09d69e708ef117c31128a38e03616e5d8,,,0.2,20.0,0.08000000000000002,0.005000000000000001,0.020000000000000004,0,full,True
REIM (ACT + Detector + Recovery),161,8000203,metaworld,True,58,0.13300793600137695,1,1,1,47,0.28142645955085754,task_success_while_recovery_active_per_intervention,True,False,,9556a6bbe59aeda22432242f14d93255df2104fa486c020d6c7768fbf3cd56b2,8c503c07dc6dcdd904e948f14d270410c2fbd4d9796f8d9e08451dc34c7d4399,942fb6a87dc1e3eb7bf7bb111c97e7096138256b4a9a6b4c62a012fabe8bec38,,,0.2,20.0,0.08000000000000002,0.005000000000000001,0.020000000000000004,0,full,True
REIM (ACT + Detector + Recovery),162,8000204,metaworld,True,55,0.14056899899878772,1,1,1,40,0.23636876046657562,task_success_while_recovery_active_per_intervention,True,False,,17cb5f9b511150b6f60c91cb069c8ff460d60f9292d3468d67304be29ff2884b,8c503c07dc6dcdd904e948f14d270410c2fbd4d9796f8d9e08451dc34c7d4399,5e1df472084de78052388a34f03cad3de438ca9b5dc801b5759dd57c66a7482a,,,0.2,20.0,0.08000000000000002,0.005000000000000001,0.020000000000000004,0,full,True
REIM (ACT + Detector + Recovery),163,8000205,metaworld,True,56,0.27143445999899996,0,0,0,0,0.14330750703811646,task_success_while_recovery_active_per_intervention,True,False,,40283a338c205d5924df6f3cfe18e3e348ada497a1fb26d69f326360d8efab1a,8c503c07dc6dcdd904e948f14d270410c2fbd4d9796f8d9e08451dc34c7d4399,6cb8d983459a8e57d4ae53a86da2394015cabba2d7c306dcaf7b14af979ca230,,,0.2,20.0,0.08000000000000002,0.005000000000000001,0.020000000000000004,0,full,True
REIM (ACT + Detector + Recovery),164,8000206,metaworld,True,58,0.2896878840001591,0,0,0,0,0.1452341377735138,task_success_while_recovery_active_per_intervention,True,False,,44b92c02a6a8d61ed56f75424dc222cec8b8e38e6b610be7a977995d8626c64d,8c503c07dc6dcdd904e948f14d270410c2fbd4d9796f8d9e08451dc34c7d4399,06d355d7aff3b944ab4199c02a94c63d062e5c414c0b195f7b232b607e0ab1ed,,,0.2,20.0,0.08000000000000002,0.005000000000000001,0.020000000000000004,0,full,True
REIM (ACT + Detector + Recovery),165,8000207,metaworld,True,51,0.27738002600017353,0,0,0,0,0.10553864389657974,task_success_while_recovery_active_per_intervention,True,False,,2c773b06993a2f500a70a83d3a0ed175e73e1208b06f81892dbd04d8fd55cd50,8c503c07dc6dcdd904e948f14d270410c2fbd4d9796f8d9e08451dc34c7d4399,6338b57c8983138382fa5c9ee7bb2d2c200be44368697f7ffa8216ea26ddccaf,,,0.2,20.0,0.08000000000000002,0.005000000000000001,0.020000000000000004,0,full,True
REIM (ACT + Detector + Recovery),166,8000208,metaworld,True,55,0.13232534599956125,1,1,1,46,0.2620604932308197,task_success_while_recovery_active_per_intervention,True,False,,33e7e3532929384bdd113a3419f24d952bd4d9b3e370e62f3691610acf8ad49d,8c503c07dc6dcdd904e948f14d270410c2fbd4d9796f8d9e08451dc34c7d4399,35203d16cfa98b5f2e002fcb1ffde2400abf9459c161f6a289efa0c46eddb36f,,,0.2,20.0,0.08000000000000002,0.005000000000000001,0.020000000000000004,0,full,True
REIM (ACT + Detector + Recovery),167,8000209,metaworld,True,55,0.1511189140001079,1,1,1,39,0.21856240928173065,task_success_while_recovery_active_per_intervention,True,False,,56cbae39ab2cb128de25373f2cb36d4fb4186fe87a4ced65f2b7b36bbfad3c53,8c503c07dc6dcdd904e948f14d270410c2fbd4d9796f8d9e08451dc34c7d4399,71488b32995fa40c6ec3f77f6bcd912b1929aef29d90a66307ad46cd584acf29,,,0.2,20.0,0.08000000000000002,0.005000000000000001,0.020000000000000004,0,full,True
REIM (ACT + Detector + Recovery),168,8000210,metaworld,True,49,0.1475310610003362,1,1,1,31,0.24966415762901306,task_success_while_recovery_active_per_intervention,True,False,,2c69791080dbe782c61d4e1f04eb75b9e5d5f888a1068ddd58d56c28d45a2094,8c503c07dc6dcdd904e948f14d270410c2fbd4d9796f8d9e08451dc34c7d4399,27e1ed8c670f23dae46752497e383610e58c248d638e3b9b707808a32ce33d4e,,,0.2,20.0,0.08000000000000002,0.005000000000000001,0.020000000000000004,0,full,True
REIM (ACT + Detector + Recovery),169,8000211,metaworld,True,53,0.27862199599985615,0,0,0,0,0.1917802393436432,task_success_while_recovery_active_per_intervention,True,False,,873f8d4c9f83eac8df54ed01c04ba3d3b1b5df2c089f265c75500693a829df9f,8c503c07dc6dcdd904e948f14d270410c2fbd4d9796f8d9e08451dc34c7d4399,2ad5907877cc42b4447b9630988e3a1f0da0d83e1f696f71e22dc69905e631b6,,,0.2,20.0,0.08000000000000002,0.005000000000000001,0.020000000000000004,0,full,True
REIM (ACT + Detector + Recovery),170,8000212,metaworld,True,55,0.15952690099948086,1,1,1,38,0.23575285077095032,task_success_while_recovery_active_per_intervention,True,False,,b9c51a6a72bc2b6ab87f3f56cee68aa27f38415120333141a1f0ab4b2b46c3cb,8c503c07dc6dcdd904e948f14d270410c2fbd4d9796f8d9e08451dc34c7d4399,2eb279a724955c1a9d173681940490ec9cc8ed4fdc15a95533884a23d4ccdb4e,,,0.2,20.0,0.08000000000000002,0.005000000000000001,0.020000000000000004,0,full,True
REIM (ACT + Detector + Recovery),171,8000213,metaworld,True,50,0.14500294499885058,1,1,1,31,0.22600772976875305,task_success_while_recovery_active_per_intervention,True,False,,00d0c55f62ade598c4fe6b49c663ad76168cd150e019dfd388f7f7f8c146942c,8c503c07dc6dcdd904e948f14d270410c2fbd4d9796f8d9e08451dc34c7d4399,35203d16cfa98b5f2e002fcb1ffde2400abf9459c161f6a289efa0c46eddb36f,,,0.2,20.0,0.08000000000000002,0.005000000000000001,0.020000000000000004,0,full,True
REIM (ACT + Detector + Recovery),172,8000214,metaworld,True,60,0.30554950599980657,0,0,0,0,0.14688248932361603,task_success_while_recovery_active_per_intervention,True,False,,f942da803663ff78889828b19b4cca6b032dc487383b960ccfa3e19a752bf986,8c503c07dc6dcdd904e948f14d270410c2fbd4d9796f8d9e08451dc34c7d4399,64ee837add19202e84553431fdab118462cf5265eeae19a4d044b5a6818f771d,,,0.2,20.0,0.08000000000000002,0.005000000000000001,0.020000000000000004,0,full,True
REIM (ACT + Detector + Recovery),173,8000215,metaworld,True,60,0.33559987300031935,0,0,0,0,0.1952468603849411,task_success_while_recovery_active_per_intervention,True,False,,63b592cc8433500589dd427919fb148204581094c62e04af23dffc7fd910c9b0,8c503c07dc6dcdd904e948f14d270410c2fbd4d9796f8d9e08451dc34c7d4399,a8cfe6e2276fbd15230c5555255b87d17333bdd29f84f687df7405d0311fae7f,,,0.2,20.0,0.08000000000000002,0.005000000000000001,0.020000000000000004,0,full,True
REIM (ACT + Detector + Recovery),174,8000216,metaworld,True,54,0.14818751200073166,1,1,1,44,0.3031480014324188,task_success_while_recovery_active_per_intervention,True,False,,6716dc684df16c2e3b18b621765b729fa9f491cd6503320c3e29cd2df76706b8,8c503c07dc6dcdd904e948f14d270410c2fbd4d9796f8d9e08451dc34c7d4399,504c23f653f6cdee9d659d9320b164606b319d4f0e9cdf0f3a87e2fc7a98160a,,,0.2,20.0,0.08000000000000002,0.005000000000000001,0.020000000000000004,0,full,True
REIM (ACT + Detector + Recovery),175,8000217,metaworld,True,51,0.12759121299677645,1,1,1,43,0.34265953302383423,task_success_while_recovery_active_per_intervention,True,False,,be26e3deff3b992c068bcf5c50b6b5027005dca7c8a16f339d8fa4fe4eccd9e9,8c503c07dc6dcdd904e948f14d270410c2fbd4d9796f8d9e08451dc34c7d4399,20cf3cfee33051ea4ca25b64648f05450b0068ae0136ae52c3108d28b02f3691,,,0.2,20.0,0.08000000000000002,0.005000000000000001,0.020000000000000004,0,full,True
REIM (ACT + Detector + Recovery),176,8000218,metaworld,True,54,0.2617896980009391,0,0,0,0,0.17178727686405182,task_success_while_recovery_active_per_intervention,True,False,,e9f1968a62b7150ae5c13f85515eb13ea6e0573af4dc8f84ce85174b05bbadd4,8c503c07dc6dcdd904e948f14d270410c2fbd4d9796f8d9e08451dc34c7d4399,f82ceac6f8787ac22c378edc1f141cedcc86bf9309b43f1aff6633ae0a963abb,,,0.2,20.0,0.08000000000000002,0.005000000000000001,0.020000000000000004,0,full,True
REIM (ACT + Detector + Recovery),177,8000219,metaworld,True,55,0.18697394999981043,1,1,1,26,0.292647123336792,task_success_while_recovery_active_per_intervention,True,False,,ea1c2380d73069f89c2283f28366399b930f4559795746611b94bbfb614cbbd7,8c503c07dc6dcdd904e948f14d270410c2fbd4d9796f8d9e08451dc34c7d4399,942fb6a87dc1e3eb7bf7bb111c97e7096138256b4a9a6b4c62a012fabe8bec38,,,0.2,20.0,0.08000000000000002,0.005000000000000001,0.020000000000000004,0,full,True
REIM (ACT + Detector + Recovery),178,8000220,metaworld,True,55,0.13028666399986832,1,1,1,44,0.3387240171432495,task_success_while_recovery_active_per_intervention,True,False,,38bd67fb5617cfb65a4d1643bfc092c0b7b006bf1bb5d72ea770ac45d7aaf535,8c503c07dc6dcdd904e948f14d270410c2fbd4d9796f8d9e08451dc34c7d4399,acfaed29b052207b47b4b7fa76672795fd08de3add8565db05f141de82ece90b,,,0.2,20.0,0.08000000000000002,0.005000000000000001,0.020000000000000004,0,full,True
REIM (ACT + Detector + Recovery),179,8000221,metaworld,True,57,0.2798888850011281,0,0,0,0,0.09753609448671341,task_success_while_recovery_active_per_intervention,True,False,,5c60610d5cff6e2ccd8af1e4fce2890979cb5cab1b372b31110b22f3c343ea28,8c503c07dc6dcdd904e948f14d270410c2fbd4d9796f8d9e08451dc34c7d4399,f6a9ed9055e00c868d6771022c2c557a6a48990bdacbed585d07cde857d4755a,,,0.2,20.0,0.08000000000000002,0.005000000000000001,0.020000000000000004,0,full,True
REIM (ACT + Detector + Recovery),180,8000222,metaworld,True,60,0.2900393189993338,0,0,0,0,0.13593783974647522,task_success_while_recovery_active_per_intervention,True,False,,392264f8f8b19341906911dc92b7689d0a8a6e75633f8a9ebc0d3721a283a551,8c503c07dc6dcdd904e948f14d270410c2fbd4d9796f8d9e08451dc34c7d4399,25805a097f1f4b8c203ec3c130dcd3e66b5fb3ad298114a08662aae6c86fa673,,,0.2,20.0,0.08000000000000002,0.005000000000000001,0.020000000000000004,0,full,True
REIM (ACT + Detector + Recovery),181,8000223,metaworld,False,200,0.48334987300040666,1,0,1,150,0.9565631151199341,task_success_while_recovery_active_per_intervention,False,True,object_dropped,db2d64a16b1d4b3f50f7392641b915c253f9aab8bbad81410b126656ecdda276,8c503c07dc6dcdd904e948f14d270410c2fbd4d9796f8d9e08451dc34c7d4399,25805a097f1f4b8c203ec3c130dcd3e66b5fb3ad298114a08662aae6c86fa673,,,0.2,20.0,0.08000000000000002,0.005000000000000001,0.020000000000000004,0,full,True
REIM (ACT + Detector + Recovery),182,8000224,metaworld,True,54,0.11858729999948991,1,1,1,44,0.3420962989330292,task_success_while_recovery_active_per_intervention,True,False,,642d33bfcbb6b5d887e0a7834e08dff14ebe8430ea24f98420b6f628963cc60c,8c503c07dc6dcdd904e948f14d270410c2fbd4d9796f8d9e08451dc34c7d4399,342b72dafe0e47ecf8a937cb01e62ac02c2d77bf93dafca59574cbbbfc4ad77b,,,0.2,20.0,0.08000000000000002,0.005000000000000001,0.020000000000000004,0,full,True
REIM (ACT + Detector + Recovery),183,8000225,metaworld,True,52,0.11616561000118963,1,1,1,42,0.29294922947883606,task_success_while_recovery_active_per_intervention,True,False,,8fc5ddc209b3b3ca9f81d000a29b001f52ffc3d3f17efd4d81880f1f08c76d5e,8c503c07dc6dcdd904e948f14d270410c2fbd4d9796f8d9e08451dc34c7d4399,bb2c6b1aed959fa3ddddb1c215ce67cbb5b0ec080eb65fb58e06b7776849a096,,,0.2,20.0,0.08000000000000002,0.005000000000000001,0.020000000000000004,0,full,True
REIM (ACT + Detector + Recovery),184,8000226,metaworld,True,64,0.3179422079992946,0,0,0,0,0.13163527846336365,task_success_while_recovery_active_per_intervention,True,False,,0a62b613f409cb6f37cabd44e5b9c3460a765d644eb50dac23fd1d366b443206,8c503c07dc6dcdd904e948f14d270410c2fbd4d9796f8d9e08451dc34c7d4399,e216352c7f1c7392270c7c501bb599f2a46f420613a124fda0729ab88160cdf2,,,0.2,20.0,0.08000000000000002,0.005000000000000001,0.020000000000000004,0,full,True
REIM (ACT + Detector + Recovery),185,8000227,metaworld,True,53,0.15611761399850366,1,1,1,33,0.23348422348499298,task_success_while_recovery_active_per_intervention,True,False,,d5992319571babba77dd246dbc6cf7f0d8d04a0d6169f95e68371e598287129e,8c503c07dc6dcdd904e948f14d270410c2fbd4d9796f8d9e08451dc34c7d4399,342b72dafe0e47ecf8a937cb01e62ac02c2d77bf93dafca59574cbbbfc4ad77b,,,0.2,20.0,0.08000000000000002,0.005000000000000001,0.020000000000000004,0,full,True
REIM (ACT + Detector + Recovery),186,8000228,metaworld,True,50,0.14199563499641954,1,1,1,33,0.23090986907482147,task_success_while_recovery_active_per_intervention,True,False,,d38914792c68c5ce04e53cf722b1298b39dbd43a01539d2ad53059401ff594c4,8c503c07dc6dcdd904e948f14d270410c2fbd4d9796f8d9e08451dc34c7d4399,cea0b9105255f82e0ee99bfb3998a6edce02b446d4b14afb0747282cd18aa202,,,0.2,20.0,0.08000000000000002,0.005000000000000001,0.020000000000000004,0,full,True
REIM (ACT + Detector + Recovery),187,8000229,metaworld,True,56,0.12833424499694956,1,1,1,45,0.29000434279441833,task_success_while_recovery_active_per_intervention,True,False,,d44fcf1045c9afdf56a6c888cbfdf0dc0aa61b4a6ed01d20d96be630a2530147,8c503c07dc6dcdd904e948f14d270410c2fbd4d9796f8d9e08451dc34c7d4399,acfaed29b052207b47b4b7fa76672795fd08de3add8565db05f141de82ece90b,,,0.2,20.0,0.08000000000000002,0.005000000000000001,0.020000000000000004,0,full,True
REIM (ACT + Detector + Recovery),188,8000230,metaworld,False,200,0.49287507199915126,1,0,1,150,0.9952223896980286,task_success_while_recovery_active_per_intervention,False,True,timeout,62fa050c6c67598685ca42cc7353cea9a0b9cbccbd0fe42031675bd1785d831e,8c503c07dc6dcdd904e948f14d270410c2fbd4d9796f8d9e08451dc34c7d4399,6943489118fc060756e24fd47685e2c10173293d54af0af7e8afa9e287c9c5f1,,,0.2,20.0,0.08000000000000002,0.005000000000000001,0.020000000000000004,0,full,True
REIM (ACT + Detector + Recovery),189,8000231,metaworld,True,57,0.14569515800030786,1,1,1,43,0.2327583134174347,task_success_while_recovery_active_per_intervention,True,False,,38809d524195d171e28cc02ea50209eb964b0dd4e64bc5f41819599fcd99421a,8c503c07dc6dcdd904e948f14d270410c2fbd4d9796f8d9e08451dc34c7d4399,588df85fb38ef87f822932ad2f702be807974873e4a07ea43084bbdeeaac6604,,,0.2,20.0,0.08000000000000002,0.005000000000000001,0.020000000000000004,0,full,True
REIM (ACT + Detector + Recovery),190,8000232,metaworld,True,63,0.14939080299882335,1,1,1,50,0.27346739172935486,task_success_while_recovery_active_per_intervention,True,False,,de90b645a71295d71dfab8cd9b51a93846af55a51b5612039d399af7d6d68560,8c503c07dc6dcdd904e948f14d270410c2fbd4d9796f8d9e08451dc34c7d4399,b8e45a2f8f553d53c6eef0305347f910b9999bcae6df6ccaf0eaee6ac864e670,,,0.2,20.0,0.08000000000000002,0.005000000000000001,0.020000000000000004,0,full,True
REIM (ACT + Detector + Recovery),191,8000233,metaworld,True,55,0.14849182899706648,1,1,1,38,0.32474374771118164,task_success_while_recovery_active_per_intervention,True,False,,dbf9e83a97ef9ad7e8ecb62a7c17113fa219b3c773d7f8286114d3f6f7e106aa,8c503c07dc6dcdd904e948f14d270410c2fbd4d9796f8d9e08451dc34c7d4399,aa1f17aacdf569c3a2930a2ebbf742ff43f8d3acfc772731a5c344cabcd52570,,,0.2,20.0,0.08000000000000002,0.005000000000000001,0.020000000000000004,0,full,True
REIM (ACT + Detector + Recovery),192,8000234,metaworld,True,61,0.2926112019995344,0,0,0,0,0.15412606298923492,task_success_while_recovery_active_per_intervention,True,False,,aa9eba9f5498f5735575f13bfbed2585b14a776d89a41d198a43391284f00c76,8c503c07dc6dcdd904e948f14d270410c2fbd4d9796f8d9e08451dc34c7d4399,c5023b3d25031a103b9549b6e8c83ba09d69e708ef117c31128a38e03616e5d8,,,0.2,20.0,0.08000000000000002,0.005000000000000001,0.020000000000000004,0,full,True
REIM (ACT + Detector + Recovery),193,8000235,metaworld,True,57,0.12918926400016062,1,1,1,48,0.24976293742656708,task_success_while_recovery_active_per_intervention,True,False,,78e5bb5e01efba4f1a130a8a2b156f8c65942e8374fb5e70b562f7a5a957ffe9,8c503c07dc6dcdd904e948f14d270410c2fbd4d9796f8d9e08451dc34c7d4399,aba21ef1c98d0573e36116c9757115227fd3793cba96aea7eda95c2547314ca3,,,0.2,20.0,0.08000000000000002,0.005000000000000001,0.020000000000000004,0,full,True
REIM (ACT + Detector + Recovery),194,8000236,metaworld,True,59,0.2931623539989232,0,0,0,0,0.17466376721858978,task_success_while_recovery_active_per_intervention,True,False,,4e586c8f1ee18dce696f7c6b9321faff78181c07aae11ef4ce41128e05b2c299,8c503c07dc6dcdd904e948f14d270410c2fbd4d9796f8d9e08451dc34c7d4399,64ee837add19202e84553431fdab118462cf5265eeae19a4d044b5a6818f771d,,,0.2,20.0,0.08000000000000002,0.005000000000000001,0.020000000000000004,0,full,True
REIM (ACT + Detector + Recovery),195,8000237,metaworld,True,55,0.11819270300111384,1,1,1,47,0.3042924702167511,task_success_while_recovery_active_per_intervention,True,False,,d49ef440666d1f9870509df2c54d75af2b3e87ec807f6e18cbcbee5190bde27f,8c503c07dc6dcdd904e948f14d270410c2fbd4d9796f8d9e08451dc34c7d4399,aba21ef1c98d0573e36116c9757115227fd3793cba96aea7eda95c2547314ca3,,,0.2,20.0,0.08000000000000002,0.005000000000000001,0.020000000000000004,0,full,True
REIM (ACT + Detector + Recovery),196,8000238,metaworld,True,52,0.2509975629982364,0,0,0,0,0.1917368769645691,task_success_while_recovery_active_per_intervention,True,False,,df7ffef0f8d68afd8b7827c4275093449bd07b37e89592013bee27e636bcfad9,8c503c07dc6dcdd904e948f14d270410c2fbd4d9796f8d9e08451dc34c7d4399,acfaed29b052207b47b4b7fa76672795fd08de3add8565db05f141de82ece90b,,,0.2,20.0,0.08000000000000002,0.005000000000000001,0.020000000000000004,0,full,True
REIM (ACT + Detector + Recovery),197,8000239,metaworld,True,58,0.29300024899930577,0,0,0,0,0.19005374610424042,task_success_while_recovery_active_per_intervention,True,False,,3a66e96cc237d4cb5d4ac4c67706ec95ea47cbfa9997043158bb3bb465a0808e,8c503c07dc6dcdd904e948f14d270410c2fbd4d9796f8d9e08451dc34c7d4399,6cb8d983459a8e57d4ae53a86da2394015cabba2d7c306dcaf7b14af979ca230,,,0.2,20.0,0.08000000000000002,0.005000000000000001,0.020000000000000004,0,full,True
REIM (ACT + Detector + Recovery),198,8000240,metaworld,False,200,0.49241966100089485,1,0,1,150,0.995232880115509,task_success_while_recovery_active_per_intervention,False,True,timeout,308665724a2e37cec7f5bf20121bce41e4187b2779aa8e916d000c5b8597fc4b,8c503c07dc6dcdd904e948f14d270410c2fbd4d9796f8d9e08451dc34c7d4399,742509487aeb71d366f1ddafa1cb12db2f7cfefe17c4ca89c98cffb67c1c8619,,,0.2,20.0,0.08000000000000002,0.005000000000000001,0.020000000000000004,0,full,True
REIM (ACT + Detector + Recovery),199,8000241,metaworld,True,56,0.14738481099993805,1,1,1,40,0.20770782232284546,task_success_while_recovery_active_per_intervention,True,False,,29081c26d6691692208bff228f4ae665959f2925f011d52892d4f405c3e68a62,8c503c07dc6dcdd904e948f14d270410c2fbd4d9796f8d9e08451dc34c7d4399,5e1df472084de78052388a34f03cad3de438ca9b5dc801b5759dd57c66a7482a,,,0.2,20.0,0.08000000000000002,0.005000000000000001,0.020000000000000004,0,full,True
ACT,0,8000042,metaworld,False,200,1.1008262819996162,0,0,0,0,0.0,,False,True,timeout,6e51fdc4fa9564a014be3a60efaaa6e75514d49a902c54e897905b041b01269f,093171deee73c73233afa582007dc538d5372fbe19a180c78389ff37452cf336,f82ceac6f8787ac22c378edc1f141cedcc86bf9309b43f1aff6633ae0a963abb,,,0.3,30.0,0.12,0.0075,0.03,0,full,True
ACT,1,8000043,metaworld,True,61,0.3418159459979506,0,0,0,0,0.0,,True,False,,a37cc9895497c161cc0e61cd91a17ceb6fc96a80c672228fff52878625245878,093171deee73c73233afa582007dc538d5372fbe19a180c78389ff37452cf336,06d355d7aff3b944ab4199c02a94c63d062e5c414c0b195f7b232b607e0ab1ed,,,0.3,30.0,0.12,0.0075,0.03,0,full,True
ACT,2,8000044,metaworld,False,200,1.115927451999596,0,0,0,0,0.0,,False,True,timeout,9019aa641c3e21bc94152e111aba2c0fe83a4e531f25b9d7c4299149fd785663,093171deee73c73233afa582007dc538d5372fbe19a180c78389ff37452cf336,f6a9ed9055e00c868d6771022c2c557a6a48990bdacbed585d07cde857d4755a,,,0.3,30.0,0.12,0.0075,0.03,0,full,True
ACT,3,8000045,metaworld,False,200,1.1322615509998286,0,0,0,0,0.0,,False,True,timeout,359e42e49029e62d58735744577f2dc2e2192bc31ee0b85b9d0926643c1a7940,093171deee73c73233afa582007dc538d5372fbe19a180c78389ff37452cf336,5d73f28d4d24cdbcb36a5e5cd61ec1a82f7287ce56d88da8cea912ed757b164c,,,0.3,30.0,0.12,0.0075,0.03,0,full,True
ACT,4,8000046,metaworld,True,49,0.2881465479986218,0,0,0,0,0.0,,True,False,,611de65f6c9535ab7db32732b6dd841be76f5608de30ca5f8540cf2aebd7cd50,093171deee73c73233afa582007dc538d5372fbe19a180c78389ff37452cf336,27e1ed8c670f23dae46752497e383610e58c248d638e3b9b707808a32ce33d4e,,,0.3,30.0,0.12,0.0075,0.03,0,full,True
ACT,5,8000047,metaworld,True,53,0.29500818899759906,0,0,0,0,0.0,,True,False,,f8d47adff6ca1a7ce33565c0878196861c2247a7c71e5ea587254f888ed16edd,093171deee73c73233afa582007dc538d5372fbe19a180c78389ff37452cf336,38329c6b97bbe7d133bf007c22742dca5f0cd7258f8d7199135c6c2371ae591d,,,0.3,30.0,0.12,0.0075,0.03,0,full,True
ACT,6,8000048,metaworld,False,200,1.127608766000776,0,0,0,0,0.0,,False,True,timeout,e9080374aa214abacd6566b01d68dc5a7a1760592358299fffb51989e969a800,093171deee73c73233afa582007dc538d5372fbe19a180c78389ff37452cf336,aba21ef1c98d0573e36116c9757115227fd3793cba96aea7eda95c2547314ca3,,,0.3,30.0,0.12,0.0075,0.03,0,full,True
ACT,7,8000049,metaworld,True,55,0.31599083399851224,0,0,0,0,0.0,,True,False,,26e333367aa36cbcd2db893969ccddd4097f5c70f09b684257ae0f33e182093d,093171deee73c73233afa582007dc538d5372fbe19a180c78389ff37452cf336,4e97203f8ce1a96cef19545d4c4c300d0de39e4f94bd1941cef7ebc3dd48be02,,,0.3,30.0,0.12,0.0075,0.03,0,full,True
ACT,8,8000050,metaworld,False,200,1.1662958359993354,0,0,0,0,0.0,,False,True,timeout,df8a377a3083f124c38d423d139a1bd324ff03857cbd7047f5000acd2c5b1202,093171deee73c73233afa582007dc538d5372fbe19a180c78389ff37452cf336,64ee837add19202e84553431fdab118462cf5265eeae19a4d044b5a6818f771d,,,0.3,30.0,0.12,0.0075,0.03,0,full,True
ACT,9,8000051,metaworld,True,57,0.34231792599894106,0,0,0,0,0.0,,True,False,,14e265df42283b82d1c0c4276fd065a1f40e15fddee4d5907586f7b3745afc68,093171deee73c73233afa582007dc538d5372fbe19a180c78389ff37452cf336,6cb8d983459a8e57d4ae53a86da2394015cabba2d7c306dcaf7b14af979ca230,,,0.3,30.0,0.12,0.0075,0.03,0,full,True
ACT,10,8000052,metaworld,False,200,1.2102465589996427,0,0,0,0,0.0,,False,True,timeout,855faad6474afe214f2b398718ebddbb7570ec8f6dd23ad6d836f795b20ddc6c,093171deee73c73233afa582007dc538d5372fbe19a180c78389ff37452cf336,504c23f653f6cdee9d659d9320b164606b319d4f0e9cdf0f3a87e2fc7a98160a,,,0.3,30.0,0.12,0.0075,0.03,0,full,True
ACT,11,8000053,metaworld,False,200,1.1065747259999625,0,0,0,0,0.0,,False,True,timeout,9af5103797bf8cd7b374ddceaa3b9674841a2f629d9b6f9fa987265d1c6dfcf7,093171deee73c73233afa582007dc538d5372fbe19a180c78389ff37452cf336,06d355d7aff3b944ab4199c02a94c63d062e5c414c0b195f7b232b607e0ab1ed,,,0.3,30.0,0.12,0.0075,0.03,0,full,True
ACT,12,8000054,metaworld,False,200,1.0732745390014315,0,0,0,0,0.0,,False,True,timeout,4ac3f3a5bcfdcb552eb71c305bcd46db1553fd46fcd43eeb71694764e1e2d105,093171deee73c73233afa582007dc538d5372fbe19a180c78389ff37452cf336,742509487aeb71d366f1ddafa1cb12db2f7cfefe17c4ca89c98cffb67c1c8619,,,0.3,30.0,0.12,0.0075,0.03,0,full,True
ACT,13,8000055,metaworld,False,200,1.0420360079988313,0,0,0,0,0.0,,False,True,object_dropped,707f2903d8ad705a88d1c27556d07ab69834f7195d587a7cce964c27048499df,093171deee73c73233afa582007dc538d5372fbe19a180c78389ff37452cf336,e216352c7f1c7392270c7c501bb599f2a46f420613a124fda0729ab88160cdf2,,,0.3,30.0,0.12,0.0075,0.03,0,full,True
ACT,14,8000056,metaworld,False,200,1.0580088749993593,0,0,0,0,0.0,,False,True,timeout,7ddda59a9a10b4bcafda9c4451b08db9638b1ef692c57f821fde6e9ea49f91d5,093171deee73c73233afa582007dc538d5372fbe19a180c78389ff37452cf336,64ee837add19202e84553431fdab118462cf5265eeae19a4d044b5a6818f771d,,,0.3,30.0,0.12,0.0075,0.03,0,full,True
ACT,15,8000057,metaworld,False,200,1.0123074889997952,0,0,0,0,0.0,,False,True,timeout,f4305e51c73d7ec58e7b7cf21103ca61af704836b6d6ba8786a19d023387a0f2,093171deee73c73233afa582007dc538d5372fbe19a180c78389ff37452cf336,c40fedd273cade53989af8adc3ca66d02f2d92ca4d97b2f6391a0dd0ab6dbca3,,,0.3,30.0,0.12,0.0075,0.03,0,full,True
ACT,16,8000058,metaworld,False,200,0.9792317530009313,0,0,0,0,0.0,,False,True,timeout,0b99b9e6d542cccd0fd4f0fdd9cf29feed07e7172e54bdf597e1c7a7e649f2b5,093171deee73c73233afa582007dc538d5372fbe19a180c78389ff37452cf336,942fb6a87dc1e3eb7bf7bb111c97e7096138256b4a9a6b4c62a012fabe8bec38,,,0.3,30.0,0.12,0.0075,0.03,0,full,True
ACT,17,8000059,metaworld,False,200,0.979007032001391,0,0,0,0,0.0,,False,True,timeout,b7784d3cbf6ed008c78dc7c7ecef83162baf058119816444bb45130363c75f19,093171deee73c73233afa582007dc538d5372fbe19a180c78389ff37452cf336,0f719f94ef165c0b816b8b10c3f4f5fcf802c9f5a25141035590310315749280,,,0.3,30.0,0.12,0.0075,0.03,0,full,True
ACT,18,8000060,metaworld,True,59,0.28888747900055023,0,0,0,0,0.0,,True,False,,8974be0398b6fd18c6747de6c8151d6e6744899b38b1e9e8c67ee892a9da17f8,093171deee73c73233afa582007dc538d5372fbe19a180c78389ff37452cf336,b8e45a2f8f553d53c6eef0305347f910b9999bcae6df6ccaf0eaee6ac864e670,,,0.3,30.0,0.12,0.0075,0.03,0,full,True
ACT,19,8000061,metaworld,True,57,0.2768856659968151,0,0,0,0,0.0,,True,False,,5aed90bc43bde5be83681d22d027375eee9ea0a6ad27ff18c935b9a765be1a2c,093171deee73c73233afa582007dc538d5372fbe19a180c78389ff37452cf336,06d355d7aff3b944ab4199c02a94c63d062e5c414c0b195f7b232b607e0ab1ed,,,0.3,30.0,0.12,0.0075,0.03,0,full,True
ACT,20,8000062,metaworld,True,54,0.2756634910001594,0,0,0,0,0.0,,True,False,,b537831af23695219acba12f36caab14c2dfc4074e23aca8c63c083c965d6b4f,093171deee73c73233afa582007dc538d5372fbe19a180c78389ff37452cf336,5e1df472084de78052388a34f03cad3de438ca9b5dc801b5759dd57c66a7482a,,,0.3,30.0,0.12,0.0075,0.03,0,full,True
ACT,21,8000063,metaworld,True,58,0.2945607750007184,0,0,0,0,0.0,,True,False,,5251904614ec34f78ea9bab571fc4bd1c41d2ade1303979f8945fb97ee06923a,093171deee73c73233afa582007dc538d5372fbe19a180c78389ff37452cf336,0cda21f8ffacf0a1e40e7b0e858a8e2ddc276972106d4bced99d4404b4a13fd8,,,0.3,30.0,0.12,0.0075,0.03,0,full,True
ACT,22,8000064,metaworld,True,57,0.2708662719996937,0,0,0,0,0.0,,True,False,,05b34706452a8d747b050cd1ff1b26ad31988290378841e7246ff8b4deac79ad,093171deee73c73233afa582007dc538d5372fbe19a180c78389ff37452cf336,6cb8d983459a8e57d4ae53a86da2394015cabba2d7c306dcaf7b14af979ca230,,,0.3,30.0,0.12,0.0075,0.03,0,full,True
ACT,23,8000065,metaworld,False,200,0.9230877769987273,0,0,0,0,0.0,,False,True,object_dropped,07a6c0a25b0637e83ab7f582c844e385b84ea11f5c96bc17d436159ee9cf8846,093171deee73c73233afa582007dc538d5372fbe19a180c78389ff37452cf336,39001749c902e2ab9d015efb8c7644faffff99810b709d3203dc359d5eacdcbd,,,0.3,30.0,0.12,0.0075,0.03,0,full,True
ACT,24,8000066,metaworld,False,200,0.9357569719977619,0,0,0,0,0.0,,False,True,timeout,7dd43dba35c6a2c5ec9b0e7cdf439b4e1a1231d9e649f8d5224fb01846f15703,093171deee73c73233afa582007dc538d5372fbe19a180c78389ff37452cf336,56b7f182edcfeefa9301e1edd53d7f36e4418de7e6df1b54b0f0c298cde1b3cd,,,0.3,30.0,0.12,0.0075,0.03,0,full,True
ACT,25,8000067,metaworld,False,200,0.9148415030031174,0,0,0,0,0.0,,False,True,timeout,ca0979cb55d527b193a661c27f2fb255bac9c0bf2816b027152c6364b9f95f80,093171deee73c73233afa582007dc538d5372fbe19a180c78389ff37452cf336,e216352c7f1c7392270c7c501bb599f2a46f420613a124fda0729ab88160cdf2,,,0.3,30.0,0.12,0.0075,0.03,0,full,True
ACT,26,8000068,metaworld,True,54,0.25296435299969744,0,0,0,0,0.0,,True,False,,8d4602256c0a57b9e41261c23f8a4f323635d909247a11a49939636e29016235,093171deee73c73233afa582007dc538d5372fbe19a180c78389ff37452cf336,2eb279a724955c1a9d173681940490ec9cc8ed4fdc15a95533884a23d4ccdb4e,,,0.3,30.0,0.12,0.0075,0.03,0,full,True
ACT,27,8000069,metaworld,True,51,0.2340019530020072,0,0,0,0,0.0,,True,False,,ee932c553f7c2abd2d9c5b5c08342ac264f73e03cb44d3bad75dfcde528898f9,093171deee73c73233afa582007dc538d5372fbe19a180c78389ff37452cf336,15a9adece7ebea14bdf37f5376e274c6dce4711281025cf35060933ba9ab8ad3,,,0.3,30.0,0.12,0.0075,0.03,0,full,True
ACT,28,8000070,metaworld,False,200,1.011185203002242,0,0,0,0,0.0,,False,True,timeout,d39c0bb2cf0fb9673725dd7c5a2d0748d4aacc6fe79dc35728981d3b3914cfdb,093171deee73c73233afa582007dc538d5372fbe19a180c78389ff37452cf336,5d73f28d4d24cdbcb36a5e5cd61ec1a82f7287ce56d88da8cea912ed757b164c,,,0.3,30.0,0.12,0.0075,0.03,0,full,True
ACT,29,8000071,metaworld,False,200,0.9223435769999924,0,0,0,0,0.0,,False,True,timeout,de16ea6ccd63a443ebd301b764baec995cdbeb91d935731ff54dac50f0361c68,093171deee73c73233afa582007dc538d5372fbe19a180c78389ff37452cf336,5e1df472084de78052388a34f03cad3de438ca9b5dc801b5759dd57c66a7482a,,,0.3,30.0,0.12,0.0075,0.03,0,full,True
ACT,30,8000072,metaworld,False,200,0.9235080459984601,0,0,0,0,0.0,,False,True,timeout,d6b47bc18f928352e976964736a1ccb340862e3c18baae886d8fab4cde844ed2,093171deee73c73233afa582007dc538d5372fbe19a180c78389ff37452cf336,aba21ef1c98d0573e36116c9757115227fd3793cba96aea7eda95c2547314ca3,,,0.3,30.0,0.12,0.0075,0.03,0,full,True
ACT,31,8000073,metaworld,True,58,0.26757240500228363,0,0,0,0,0.0,,True,False,,ca742dcd5b7392414b26068f3721b226a2b60b828c0c6b74a72c83c5d2b94621,093171deee73c73233afa582007dc538d5372fbe19a180c78389ff37452cf336,b8e45a2f8f553d53c6eef0305347f910b9999bcae6df6ccaf0eaee6ac864e670,,,0.3,30.0,0.12,0.0075,0.03,0,full,True
ACT,32,8000074,metaworld,False,200,0.9320877630016184,0,0,0,0,0.0,,False,True,timeout,14fcd407eae74578e2fee650ef9e9bb34c8aa8933b2f151f2fa4db9ecdfb8a20,093171deee73c73233afa582007dc538d5372fbe19a180c78389ff37452cf336,ba19e0623fe05add91e00811bacb33e27305f5fcb6549be6f6278ebce6046101,,,0.3,30.0,0.12,0.0075,0.03,0,full,True
ACT,33,8000075,metaworld,False,200,0.9526812739968591,0,0,0,0,0.0,,False,True,timeout,e84687395e330092f747b607d69d3fce4b1b9ac40e497d2e37cb7004b2f9d0b6,093171deee73c73233afa582007dc538d5372fbe19a180c78389ff37452cf336,8a99d46d6d04afe3e2ef92bb607dde5e178b5c37506006c4f364e345976453b1,,,0.3,30.0,0.12,0.0075,0.03,0,full,True
ACT,34,8000076,metaworld,False,200,0.9477704630007793,0,0,0,0,0.0,,False,True,object_dropped,dbc890efb1ab8f47c6b386bfa8db39fa090e1e0b9f94960e5689e4ebc5a09c73,093171deee73c73233afa582007dc538d5372fbe19a180c78389ff37452cf336,4e97203f8ce1a96cef19545d4c4c300d0de39e4f94bd1941cef7ebc3dd48be02,,,0.3,30.0,0.12,0.0075,0.03,0,full,True
ACT,35,8000077,metaworld,False,200,0.945276272999763,0,0,0,0,0.0,,False,True,timeout,d6d35e06f9b9aeae4ae92f32269bf1f6057424bb1f1e588a9c136d083c1f1bc8,093171deee73c73233afa582007dc538d5372fbe19a180c78389ff37452cf336,06d355d7aff3b944ab4199c02a94c63d062e5c414c0b195f7b232b607e0ab1ed,,,0.3,30.0,0.12,0.0075,0.03,0,full,True
ACT,36,8000078,metaworld,False,200,0.9369387039987487,0,0,0,0,0.0,,False,True,timeout,4283bf3a91e16411189735d87e9ee88e0231eb0a7f7a410c648bd0de476e40a1,093171deee73c73233afa582007dc538d5372fbe19a180c78389ff37452cf336,39001749c902e2ab9d015efb8c7644faffff99810b709d3203dc359d5eacdcbd,,,0.3,30.0,0.12,0.0075,0.03,0,full,True
ACT,37,8000079,metaworld,False,200,0.9857053490013641,0,0,0,0,0.0,,False,True,timeout,c031a82912685c2e7bfd44cc62fea0f118109e2513b1bb879c798a3bc0d87202,093171deee73c73233afa582007dc538d5372fbe19a180c78389ff37452cf336,8a99d46d6d04afe3e2ef92bb607dde5e178b5c37506006c4f364e345976453b1,,,0.3,30.0,0.12,0.0075,0.03,0,full,True
ACT,38,8000080,metaworld,False,200,0.9858025959983934,0,0,0,0,0.0,,False,True,timeout,9e7f039a97082e3dc405f186cd2f2b82b06c36eda05c876a05fa6e02411c815e,093171deee73c73233afa582007dc538d5372fbe19a180c78389ff37452cf336,5d73f28d4d24cdbcb36a5e5cd61ec1a82f7287ce56d88da8cea912ed757b164c,,,0.3,30.0,0.12,0.0075,0.03,0,full,True
ACT,39,8000081,metaworld,True,61,0.30218544799936353,0,0,0,0,0.0,,True,False,,ef907b2a7f498f78a8c9ea532b67ddf1d800ea401d5c09795b6ac60ea5d09b07,093171deee73c73233afa582007dc538d5372fbe19a180c78389ff37452cf336,a8cfe6e2276fbd15230c5555255b87d17333bdd29f84f687df7405d0311fae7f,,,0.3,30.0,0.12,0.0075,0.03,0,full,True
ACT,40,8000082,metaworld,True,54,0.2663127240011818,0,0,0,0,0.0,,True,False,,2f7ea9f8e7f674b6f0a552944b92201bf800b5249cd816886f35b15ca98a6c6c,093171deee73c73233afa582007dc538d5372fbe19a180c78389ff37452cf336,f82ceac6f8787ac22c378edc1f141cedcc86bf9309b43f1aff6633ae0a963abb,,,0.3,30.0,0.12,0.0075,0.03,0,full,True
ACT,41,8000083,metaworld,True,64,0.31605761000173516,0,0,0,0,0.0,,True,False,,a1de1cb70c9ef8a4a6da0ef72523a2775d6dccab0cdc9eba9c839e7588b7a37c,093171deee73c73233afa582007dc538d5372fbe19a180c78389ff37452cf336,4e97203f8ce1a96cef19545d4c4c300d0de39e4f94bd1941cef7ebc3dd48be02,,,0.3,30.0,0.12,0.0075,0.03,0,full,True
ACT,42,8000084,metaworld,False,200,0.970487401002174,0,0,0,0,0.0,,False,True,timeout,3a273b22228bf3b09a8b9e01f00022698a19a7f41aeecf378d2ff00a9ab97641,093171deee73c73233afa582007dc538d5372fbe19a180c78389ff37452cf336,5d73f28d4d24cdbcb36a5e5cd61ec1a82f7287ce56d88da8cea912ed757b164c,,,0.3,30.0,0.12,0.0075,0.03,0,full,True
ACT,43,8000085,metaworld,True,54,0.2643463679996785,0,0,0,0,0.0,,True,False,,68128a0452afb44c0355a9236313dda9a1dbaf4de9a6dddfa373963e7b96d057,093171deee73c73233afa582007dc538d5372fbe19a180c78389ff37452cf336,aba21ef1c98d0573e36116c9757115227fd3793cba96aea7eda95c2547314ca3,,,0.3,30.0,0.12,0.0075,0.03,0,full,True
ACT,44,8000086,metaworld,False,200,0.9823223069979576,0,0,0,0,0.0,,False,True,object_dropped,8a54ac0c6dc53f9596e9fbd32b84c16b1f4be4eebf35c85677b04873b35c5f0a,093171deee73c73233afa582007dc538d5372fbe19a180c78389ff37452cf336,27e1ed8c670f23dae46752497e383610e58c248d638e3b9b707808a32ce33d4e,,,0.3,30.0,0.12,0.0075,0.03,0,full,True
ACT,45,8000087,metaworld,True,56,0.27497858599963365,0,0,0,0,0.0,,True,False,,f6e83e36f725663951ef1fe850e040a2732967f60f3734f4938f3b9c1e88bb1e,093171deee73c73233afa582007dc538d5372fbe19a180c78389ff37452cf336,ba19e0623fe05add91e00811bacb33e27305f5fcb6549be6f6278ebce6046101,,,0.3,30.0,0.12,0.0075,0.03,0,full,True
ACT,46,8000088,metaworld,False,200,0.9705183180012682,0,0,0,0,0.0,,False,True,timeout,99a6da740b3834f517602ee8f571b53136fd9e890a31f9804d3c8f0ffb9efb65,093171deee73c73233afa582007dc538d5372fbe19a180c78389ff37452cf336,e216352c7f1c7392270c7c501bb599f2a46f420613a124fda0729ab88160cdf2,,,0.3,30.0,0.12,0.0075,0.03,0,full,True
ACT,47,8000089,metaworld,True,53,0.2581119730020873,0,0,0,0,0.0,,True,False,,2328ede00be633c88551defe4ecdbf47882d69109b23618c4c9bcb93889c52ed,093171deee73c73233afa582007dc538d5372fbe19a180c78389ff37452cf336,f82ceac6f8787ac22c378edc1f141cedcc86bf9309b43f1aff6633ae0a963abb,,,0.3,30.0,0.12,0.0075,0.03,0,full,True
ACT,48,8000090,metaworld,True,63,0.3051505420007743,0,0,0,0,0.0,,True,False,,fc2d96c594c9b92e9bcbcd10df559a2eb04d5090e50d7a3532b4eb8ec31d73c8,093171deee73c73233afa582007dc538d5372fbe19a180c78389ff37452cf336,b8e45a2f8f553d53c6eef0305347f910b9999bcae6df6ccaf0eaee6ac864e670,,,0.3,30.0,0.12,0.0075,0.03,0,full,True
ACT,49,8000091,metaworld,True,51,0.24803624500054866,0,0,0,0,0.0,,True,False,,0dce9edf4b4c689088dfeb0b1b8cc08c370874d9b91cfe9ff72db19104155822,093171deee73c73233afa582007dc538d5372fbe19a180c78389ff37452cf336,c40fedd273cade53989af8adc3ca66d02f2d92ca4d97b2f6391a0dd0ab6dbca3,,,0.3,30.0,0.12,0.0075,0.03,0,full,True
ACT,50,8000092,metaworld,True,59,0.28488896599810687,0,0,0,0,0.0,,True,False,,0b116536f48e7dbccf950aa75db61b72fb76d3a1603bb78bc9363d3ee1a19a3f,093171deee73c73233afa582007dc538d5372fbe19a180c78389ff37452cf336,48ce9609a38b32e56f7e6a43ffef71c21c8b1d17ed5a63d47701bc1dfc3ff271,,,0.3,30.0,0.12,0.0075,0.03,0,full,True
ACT,51,8000093,metaworld,False,200,0.9525291099998867,0,0,0,0,0.0,,False,True,timeout,82ba754991ede97af38ba76cc0eec271aba2ed6a040d9f702e58648ce14851aa,093171deee73c73233afa582007dc538d5372fbe19a180c78389ff37452cf336,2ad5907877cc42b4447b9630988e3a1f0da0d83e1f696f71e22dc69905e631b6,,,0.3,30.0,0.12,0.0075,0.03,0,full,True
ACT,52,8000094,metaworld,False,200,1.0261996890003502,0,0,0,0,0.0,,False,True,object_dropped,b58042bec3518f5a41d2a935a310d2627d3e22a4ad0382f795aa916fa3f59dc4,093171deee73c73233afa582007dc538d5372fbe19a180c78389ff37452cf336,8a99d46d6d04afe3e2ef92bb607dde5e178b5c37506006c4f364e345976453b1,,,0.3,30.0,0.12,0.0075,0.03,0,full,True
ACT,53,8000095,metaworld,True,58,0.29673552999884123,0,0,0,0,0.0,,True,False,,a308712a8a1090268de785ddabd0f5865d4469964e4d67030bb6e87430d76a5e,093171deee73c73233afa582007dc538d5372fbe19a180c78389ff37452cf336,942fb6a87dc1e3eb7bf7bb111c97e7096138256b4a9a6b4c62a012fabe8bec38,,,0.3,30.0,0.12,0.0075,0.03,0,full,True
ACT,54,8000096,metaworld,False,200,1.0492516470003466,0,0,0,0,0.0,,False,True,timeout,f8532fd70c0cb16e9933c69ab33ad1e3628d125208559728ab79567935f82fd5,093171deee73c73233afa582007dc538d5372fbe19a180c78389ff37452cf336,4e97203f8ce1a96cef19545d4c4c300d0de39e4f94bd1941cef7ebc3dd48be02,,,0.3,30.0,0.12,0.0075,0.03,0,full,True
ACT,55,8000097,metaworld,True,54,0.27928509900084464,0,0,0,0,0.0,,True,False,,acea30cb5290075e3f8387a6edda5095df5cf506b853cf555518bc3e10dc1a8a,093171deee73c73233afa582007dc538d5372fbe19a180c78389ff37452cf336,742509487aeb71d366f1ddafa1cb12db2f7cfefe17c4ca89c98cffb67c1c8619,,,0.3,30.0,0.12,0.0075,0.03,0,full,True
ACT,56,8000098,metaworld,False,200,1.0323655389984197,0,0,0,0,0.0,,False,True,timeout,995c998d6e4d53398442140e174982875e08b80af96d26fa2a9b1feeace82f49,093171deee73c73233afa582007dc538d5372fbe19a180c78389ff37452cf336,08a97a6dfa17f78b5cc5b1351d60038e4a40a68fc93722672482714333b1d9b5,,,0.3,30.0,0.12,0.0075,0.03,0,full,True
ACT,57,8000099,metaworld,False,200,1.03492183599883,0,0,0,0,0.0,,False,True,timeout,d70e76129dd140096ec08808f5ffea51c9c257fc6ab53cb67616b1a6b6f2cdce,093171deee73c73233afa582007dc538d5372fbe19a180c78389ff37452cf336,35203d16cfa98b5f2e002fcb1ffde2400abf9459c161f6a289efa0c46eddb36f,,,0.3,30.0,0.12,0.0075,0.03,0,full,True
ACT,58,8000100,metaworld,True,61,0.30602067499785335,0,0,0,0,0.0,,True,False,,d8305da90f0d51255fcef5dcfc5b94ee3882b8e65692e24501635074c0f47c14,093171deee73c73233afa582007dc538d5372fbe19a180c78389ff37452cf336,64ee837add19202e84553431fdab118462cf5265eeae19a4d044b5a6818f771d,,,0.3,30.0,0.12,0.0075,0.03,0,full,True
ACT,59,8000101,metaworld,False,200,1.01941923999766,0,0,0,0,0.0,,False,True,timeout,e9544e1d5fba899943d87493f1c77fa8703c5ec7a45ead38acb5bb5161dce74d,093171deee73c73233afa582007dc538d5372fbe19a180c78389ff37452cf336,06d355d7aff3b944ab4199c02a94c63d062e5c414c0b195f7b232b607e0ab1ed,,,0.3,30.0,0.12,0.0075,0.03,0,full,True
ACT,60,8000102,metaworld,False,200,1.0219211020012153,0,0,0,0,0.0,,False,True,timeout,7e06dff7cf3a41c51e2dd7ce7ef60e6941d9c137056516b80718ef4d717954c6,093171deee73c73233afa582007dc538d5372fbe19a180c78389ff37452cf336,08a97a6dfa17f78b5cc5b1351d60038e4a40a68fc93722672482714333b1d9b5,,,0.3,30.0,0.12,0.0075,0.03,0,full,True
ACT,61,8000103,metaworld,False,200,1.015247023999109,0,0,0,0,0.0,,False,True,timeout,ecd067a20a444905405e052bee63c0318848f9991e9ea982062f1ce02d7b1f23,093171deee73c73233afa582007dc538d5372fbe19a180c78389ff37452cf336,0f719f94ef165c0b816b8b10c3f4f5fcf802c9f5a25141035590310315749280,,,0.3,30.0,0.12,0.0075,0.03,0,full,True
ACT,62,8000104,metaworld,True,50,0.25304865699945367,0,0,0,0,0.0,,True,False,,a6c095e01a3e350d1cf773a87dc9ee2de00b8767120f654f65f87dd314af1ee7,093171deee73c73233afa582007dc538d5372fbe19a180c78389ff37452cf336,35203d16cfa98b5f2e002fcb1ffde2400abf9459c161f6a289efa0c46eddb36f,,,0.3,30.0,0.12,0.0075,0.03,0,full,True
ACT,63,8000105,metaworld,False,200,0.9899384050004301,0,0,0,0,0.0,,False,True,timeout,ba712329d4a98ae50770208655ba08c65dd1229463d7edc513898bd64c22dc86,093171deee73c73233afa582007dc538d5372fbe19a180c78389ff37452cf336,4e97203f8ce1a96cef19545d4c4c300d0de39e4f94bd1941cef7ebc3dd48be02,,,0.3,30.0,0.12,0.0075,0.03,0,full,True
ACT,64,8000106,metaworld,True,58,0.2921429199996055,0,0,0,0,0.0,,True,False,,94be13ea3dfe5660346152bb7ee9bf93ad5321cac234ae4029ccc35c1b2d7afb,093171deee73c73233afa582007dc538d5372fbe19a180c78389ff37452cf336,06d355d7aff3b944ab4199c02a94c63d062e5c414c0b195f7b232b607e0ab1ed,,,0.3,30.0,0.12,0.0075,0.03,0,full,True
ACT,65,8000107,metaworld,False,200,1.0285489630005031,0,0,0,0,0.0,,False,True,timeout,656ebaa988ca366be0ce49ab5b391b04c010ec9e28b6049c9cb01f6fd94bd965,093171deee73c73233afa582007dc538d5372fbe19a180c78389ff37452cf336,0cda21f8ffacf0a1e40e7b0e858a8e2ddc276972106d4bced99d4404b4a13fd8,,,0.3,30.0,0.12,0.0075,0.03,0,full,True
ACT,66,8000108,metaworld,True,53,0.2636997159970633,0,0,0,0,0.0,,True,False,,4105368ece2d978dea2306fe4cbe915fd9a7729e19d76bde19a8d122fa73800c,093171deee73c73233afa582007dc538d5372fbe19a180c78389ff37452cf336,2ad5907877cc42b4447b9630988e3a1f0da0d83e1f696f71e22dc69905e631b6,,,0.3,30.0,0.12,0.0075,0.03,0,full,True
ACT,67,8000109,metaworld,True,58,0.28352617299970007,0,0,0,0,0.0,,True,False,,7e3d3ee306b9a39918bb64b8ee213c607b8332c1fafb0aa80b183aa1024d78c3,093171deee73c73233afa582007dc538d5372fbe19a180c78389ff37452cf336,a8cfe6e2276fbd15230c5555255b87d17333bdd29f84f687df7405d0311fae7f,,,0.3,30.0,0.12,0.0075,0.03,0,full,True
ACT,68,8000110,metaworld,False,200,0.9691443470001104,0,0,0,0,0.0,,False,True,timeout,7dd78dbf61d9260850143da611b2f768aa066bbb091442b3125f77e4825cc9cc,093171deee73c73233afa582007dc538d5372fbe19a180c78389ff37452cf336,0f719f94ef165c0b816b8b10c3f4f5fcf802c9f5a25141035590310315749280,,,0.3,30.0,0.12,0.0075,0.03,0,full,True
ACT,69,8000111,metaworld,True,60,0.2948642480005219,0,0,0,0,0.0,,True,False,,1be9672aa4f4e406560b1eea84edf02b27882436c79f0e21e80a21bdc316bd59,093171deee73c73233afa582007dc538d5372fbe19a180c78389ff37452cf336,3183afb500ebb9a5af177cccb5b5889a8321eb35261f8ec571269f8b5ed9cd1a,,,0.3,30.0,0.12,0.0075,0.03,0,full,True
ACT,70,8000112,metaworld,False,200,1.1602417860012793,0,0,0,0,0.0,,False,True,object_dropped,9b622b8e635b3c65f912161396bcaced12969af406fe8ad0d2430c0ac3888cab,093171deee73c73233afa582007dc538d5372fbe19a180c78389ff37452cf336,a8cfe6e2276fbd15230c5555255b87d17333bdd29f84f687df7405d0311fae7f,,,0.3,30.0,0.12,0.0075,0.03,0,full,True
ACT,71,8000113,metaworld,False,200,1.0018941700000141,0,0,0,0,0.0,,False,True,timeout,3211669fa345c882d3f73076867f9b19669b7c22546e146ac1c3470f3f3e5382,093171deee73c73233afa582007dc538d5372fbe19a180c78389ff37452cf336,f82ceac6f8787ac22c378edc1f141cedcc86bf9309b43f1aff6633ae0a963abb,,,0.3,30.0,0.12,0.0075,0.03,0,full,True
ACT,72,8000114,metaworld,True,51,0.2571103910013335,0,0,0,0,0.0,,True,False,,a0bf537125454e506071058d47e28daf80f516080ccf10f445d0015c3d48502d,093171deee73c73233afa582007dc538d5372fbe19a180c78389ff37452cf336,e6e55bdbd77dc052facbc072d20b08a21d116978c37627b9a3d9dc7989dfbe62,,,0.3,30.0,0.12,0.0075,0.03,0,full,True
ACT,73,8000115,metaworld,True,62,0.3086613679988659,0,0,0,0,0.0,,True,False,,61138546fbde2cbffb799e60e72d6e52d194e6739186395fe084c80fc2af0eae,093171deee73c73233afa582007dc538d5372fbe19a180c78389ff37452cf336,1c856fdcb5da12c3fa2d15b38741aa980fa3a47e64fb99f8635817590128f9ea,,,0.3,30.0,0.12,0.0075,0.03,0,full,True
ACT,74,8000116,metaworld,True,49,0.2500895490011317,0,0,0,0,0.0,,True,False,,b7201eb24be8dd18d0ca11a62321d7d038b7e090f4131de37a7325cb58a6ee73,093171deee73c73233afa582007dc538d5372fbe19a180c78389ff37452cf336,27e1ed8c670f23dae46752497e383610e58c248d638e3b9b707808a32ce33d4e,,,0.3,30.0,0.12,0.0075,0.03,0,full,True
ACT,75,8000117,metaworld,True,55,0.29613647799851606,0,0,0,0,0.0,,True,False,,d583ab754a06ef689e0e0d0a39f106fea3108cdad8fd47d5da31fcbb6cc18235,093171deee73c73233afa582007dc538d5372fbe19a180c78389ff37452cf336,3183afb500ebb9a5af177cccb5b5889a8321eb35261f8ec571269f8b5ed9cd1a,,,0.3,30.0,0.12,0.0075,0.03,0,full,True
ACT,76,8000118,metaworld,False,200,1.0057407559979765,0,0,0,0,0.0,,False,True,timeout,45f4b58c5c38ec633d3176453eea30a431c8e1d380c5064f0140015e460e0eb6,093171deee73c73233afa582007dc538d5372fbe19a180c78389ff37452cf336,acfaed29b052207b47b4b7fa76672795fd08de3add8565db05f141de82ece90b,,,0.3,30.0,0.12,0.0075,0.03,0,full,True
ACT,77,8000119,metaworld,False,200,0.9758122849998472,0,0,0,0,0.0,,False,True,timeout,22cbf3db00dd48c9578b8c537b44f2a623df6ee17af4a72ed82fd4143d45d943,093171deee73c73233afa582007dc538d5372fbe19a180c78389ff37452cf336,7c3391ee418e26d47c002810bc00065e4dd0b6728c969d2338ad549ad01ebb0a,,,0.3,30.0,0.12,0.0075,0.03,0,full,True
ACT,78,8000120,metaworld,True,55,0.27129764100027387,0,0,0,0,0.0,,True,False,,be644fb80a232f9fc81fec13200d0ad61b10f5070a90aca2ea8e15e3132f0e83,093171deee73c73233afa582007dc538d5372fbe19a180c78389ff37452cf336,64ee837add19202e84553431fdab118462cf5265eeae19a4d044b5a6818f771d,,,0.3,30.0,0.12,0.0075,0.03,0,full,True
ACT,79,8000121,metaworld,False,200,0.9729207349992066,0,0,0,0,0.0,,False,True,object_dropped,181cf5e31a4a47141af796efd40cea70d185a3158ff5630fd8ffebb7edc36c14,093171deee73c73233afa582007dc538d5372fbe19a180c78389ff37452cf336,25805a097f1f4b8c203ec3c130dcd3e66b5fb3ad298114a08662aae6c86fa673,,,0.3,30.0,0.12,0.0075,0.03,0,full,True
ACT,80,8000122,metaworld,False,200,0.9625040200007788,0,0,0,0,0.0,,False,True,timeout,36376c5dee1c941a98677e90c6ec3f9c2d744e89d979664e494a8710d4c1a4fd,093171deee73c73233afa582007dc538d5372fbe19a180c78389ff37452cf336,2eb279a724955c1a9d173681940490ec9cc8ed4fdc15a95533884a23d4ccdb4e,,,0.3,30.0,0.12,0.0075,0.03,0,full,True
ACT,81,8000123,metaworld,False,200,1.0431226510008855,0,0,0,0,0.0,,False,True,timeout,197a16975b503da42c564d5bf682e49f8c7adfa50c42e85c4b67c995a22c7ab4,093171deee73c73233afa582007dc538d5372fbe19a180c78389ff37452cf336,25805a097f1f4b8c203ec3c130dcd3e66b5fb3ad298114a08662aae6c86fa673,,,0.3,30.0,0.12,0.0075,0.03,0,full,True
ACT,82,8000124,metaworld,True,52,0.24958917500043754,0,0,0,0,0.0,,True,False,,0a65643b097b1f224fea56603cd948769b1666f0f7b76d0483c8b0efa8fe69d9,093171deee73c73233afa582007dc538d5372fbe19a180c78389ff37452cf336,bb2c6b1aed959fa3ddddb1c215ce67cbb5b0ec080eb65fb58e06b7776849a096,,,0.3,30.0,0.12,0.0075,0.03,0,full,True
ACT,83,8000125,metaworld,True,52,0.25065911000274355,0,0,0,0,0.0,,True,False,,fd07245fdd89910528153afacb68bdfa5025c4f31d258fb21c11cabae72fed55,093171deee73c73233afa582007dc538d5372fbe19a180c78389ff37452cf336,08a97a6dfa17f78b5cc5b1351d60038e4a40a68fc93722672482714333b1d9b5,,,0.3,30.0,0.12,0.0075,0.03,0,full,True
ACT,84,8000126,metaworld,True,57,0.27617733200168004,0,0,0,0,0.0,,True,False,,3b45fea099a3d0508560bbada93ab39114f638fa002abd2d75ec6c2c45fc32c4,093171deee73c73233afa582007dc538d5372fbe19a180c78389ff37452cf336,25805a097f1f4b8c203ec3c130dcd3e66b5fb3ad298114a08662aae6c86fa673,,,0.3,30.0,0.12,0.0075,0.03,0,full,True
ACT,85,8000127,metaworld,True,63,0.30833502099994803,0,0,0,0,0.0,,True,False,,cb7080e432d454576e87a04b54aecf444d394a1da357d348f8b211152469d7c2,093171deee73c73233afa582007dc538d5372fbe19a180c78389ff37452cf336,1c856fdcb5da12c3fa2d15b38741aa980fa3a47e64fb99f8635817590128f9ea,,,0.3,30.0,0.12,0.0075,0.03,0,full,True
ACT,86,8000128,metaworld,False,200,0.962200138001208,0,0,0,0,0.0,,False,True,timeout,36403427e20747a7b50c328e39a1ae6c0585681d8e9159b9244d487a91cbc6bd,093171deee73c73233afa582007dc538d5372fbe19a180c78389ff37452cf336,5e1df472084de78052388a34f03cad3de438ca9b5dc801b5759dd57c66a7482a,,,0.3,30.0,0.12,0.0075,0.03,0,full,True
ACT,87,8000129,metaworld,True,60,0.2907708710008592,0,0,0,0,0.0,,True,False,,f65b5aa65f8b66df8a46727e4bb867e7e57dec245036792e24493dee1e9c8b83,093171deee73c73233afa582007dc538d5372fbe19a180c78389ff37452cf336,1c856fdcb5da12c3fa2d15b38741aa980fa3a47e64fb99f8635817590128f9ea,,,0.3,30.0,0.12,0.0075,0.03,0,full,True
ACT,88,8000130,metaworld,True,60,0.2954750530007004,0,0,0,0,0.0,,True,False,,3249f20644502223e930d5cd135cb4ae02b8b241f0409e9487d1a9fe2815c35b,093171deee73c73233afa582007dc538d5372fbe19a180c78389ff37452cf336,942fb6a87dc1e3eb7bf7bb111c97e7096138256b4a9a6b4c62a012fabe8bec38,,,0.3,30.0,0.12,0.0075,0.03,0,full,True
ACT,89,8000131,metaworld,True,61,0.30048442899715155,0,0,0,0,0.0,,True,False,,dca0d5ef472b0d9c7a160dc14cf0eddf2599fd6c955bb99881e254618a58cd2d,093171deee73c73233afa582007dc538d5372fbe19a180c78389ff37452cf336,0f719f94ef165c0b816b8b10c3f4f5fcf802c9f5a25141035590310315749280,,,0.3,30.0,0.12,0.0075,0.03,0,full,True
ACT,90,8000132,metaworld,True,56,0.2734569679996639,0,0,0,0,0.0,,True,False,,807e2ad5a9cd6a76038ce457efbeddc4f09a2d8517c34b4f01a005f4d44338f8,093171deee73c73233afa582007dc538d5372fbe19a180c78389ff37452cf336,c40fedd273cade53989af8adc3ca66d02f2d92ca4d97b2f6391a0dd0ab6dbca3,,,0.3,30.0,0.12,0.0075,0.03,0,full,True
ACT,91,8000133,metaworld,True,53,0.2591789879988937,0,0,0,0,0.0,,True,False,,c741a4fc7fd4da9d41040f522a93d65e2d7d66229ad7cfa86cd55af0c170a845,093171deee73c73233afa582007dc538d5372fbe19a180c78389ff37452cf336,38329c6b97bbe7d133bf007c22742dca5f0cd7258f8d7199135c6c2371ae591d,,,0.3,30.0,0.12,0.0075,0.03,0,full,True
ACT,92,8000134,metaworld,True,59,0.2867541959967639,0,0,0,0,0.0,,True,False,,380695c619bdd7dc167bac184de0016bd27dc30ef8dc0781073b3ed7e53509f1,093171deee73c73233afa582007dc538d5372fbe19a180c78389ff37452cf336,48ce9609a38b32e56f7e6a43ffef71c21c8b1d17ed5a63d47701bc1dfc3ff271,,,0.3,30.0,0.12,0.0075,0.03,0,full,True
ACT,93,8000135,metaworld,False,200,0.9701814399995783,0,0,0,0,0.0,,False,True,timeout,9771125f4cd60be295cb0667d9885091ee066f42a2ac6b318b75977805a0d848,093171deee73c73233afa582007dc538d5372fbe19a180c78389ff37452cf336,48ce9609a38b32e56f7e6a43ffef71c21c8b1d17ed5a63d47701bc1dfc3ff271,,,0.3,30.0,0.12,0.0075,0.03,0,full,True
ACT,94,8000136,metaworld,True,50,0.2456575159994827,0,0,0,0,0.0,,True,False,,bf4d5941faf0158083c961596a3587196f26c8d283336ff4af6b762987ac1d7a,093171deee73c73233afa582007dc538d5372fbe19a180c78389ff37452cf336,bb2c6b1aed959fa3ddddb1c215ce67cbb5b0ec080eb65fb58e06b7776849a096,,,0.3,30.0,0.12,0.0075,0.03,0,full,True
ACT,95,8000137,metaworld,True,69,0.32870940400243853,0,0,0,0,0.0,,True,False,,32611936cba8d14d1ef7d21cb233351d5038fbeba890e237ac5b6641246ed3e6,093171deee73c73233afa582007dc538d5372fbe19a180c78389ff37452cf336,27e1ed8c670f23dae46752497e383610e58c248d638e3b9b707808a32ce33d4e,,,0.3,30.0,0.12,0.0075,0.03,0,full,True
ACT,96,8000138,metaworld,True,55,0.2632727039999736,0,0,0,0,0.0,,True,False,,6718dd804f49217b09f2ddc104a403f25a6502b7978ec9ccf82a412a3c2d5e76,093171deee73c73233afa582007dc538d5372fbe19a180c78389ff37452cf336,08a97a6dfa17f78b5cc5b1351d60038e4a40a68fc93722672482714333b1d9b5,,,0.3,30.0,0.12,0.0075,0.03,0,full,True
ACT,97,8000139,metaworld,True,61,0.29318705599871464,0,0,0,0,0.0,,True,False,,3a289a0df3eee0f4c3614499b500753eff14671c913c8ec40a6d5ecca97450ea,093171deee73c73233afa582007dc538d5372fbe19a180c78389ff37452cf336,b8e45a2f8f553d53c6eef0305347f910b9999bcae6df6ccaf0eaee6ac864e670,,,0.3,30.0,0.12,0.0075,0.03,0,full,True
ACT,98,8000140,metaworld,False,200,0.9552662980022433,0,0,0,0,0.0,,False,True,object_dropped,dc0f695b1bc902efb33f2438914c4a376401215e3d7d440397ec12d54faa6e6e,093171deee73c73233afa582007dc538d5372fbe19a180c78389ff37452cf336,f82ceac6f8787ac22c378edc1f141cedcc86bf9309b43f1aff6633ae0a963abb,,,0.3,30.0,0.12,0.0075,0.03,0,full,True
ACT,99,8000141,metaworld,False,200,0.9514002409996465,0,0,0,0,0.0,,False,True,object_dropped,f4388da0f188466b337d1bb5dc3e39d9bd39ab33922efc79a1eff8a6c26e6357,093171deee73c73233afa582007dc538d5372fbe19a180c78389ff37452cf336,f82ceac6f8787ac22c378edc1f141cedcc86bf9309b43f1aff6633ae0a963abb,,,0.3,30.0,0.12,0.0075,0.03,0,full,True
ACT,100,8000142,metaworld,False,200,0.95346868499837,0,0,0,0,0.0,,False,True,object_dropped,2e1d99b2f2cc1e2f54ae44bb670d05b388c021ad7a281364c827957802cbc2bf,093171deee73c73233afa582007dc538d5372fbe19a180c78389ff37452cf336,e216352c7f1c7392270c7c501bb599f2a46f420613a124fda0729ab88160cdf2,,,0.3,30.0,0.12,0.0075,0.03,0,full,True
ACT,101,8000143,metaworld,True,54,0.2868980040002498,0,0,0,0,0.0,,True,False,,37597ccc5a379553a6a69407c931432a1d4d330b8002747f2bde652ed425b9d5,093171deee73c73233afa582007dc538d5372fbe19a180c78389ff37452cf336,35203d16cfa98b5f2e002fcb1ffde2400abf9459c161f6a289efa0c46eddb36f,,,0.3,30.0,0.12,0.0075,0.03,0,full,True
ACT,102,8000144,metaworld,False,200,1.0032697149981686,0,0,0,0,0.0,,False,True,object_dropped,db1b2033276ab5b8bcc1c916026a783d45735be33cda6486d2aa5b598fd1b7e2,093171deee73c73233afa582007dc538d5372fbe19a180c78389ff37452cf336,504c23f653f6cdee9d659d9320b164606b319d4f0e9cdf0f3a87e2fc7a98160a,,,0.3,30.0,0.12,0.0075,0.03,0,full,True
ACT,103,8000145,metaworld,True,58,0.28310220099956496,0,0,0,0,0.0,,True,False,,3950478567fa100fae6144901ff0a60f950694bbc92a728022d47572ecc56a35,093171deee73c73233afa582007dc538d5372fbe19a180c78389ff37452cf336,a0b103bf3e43f4aa92753185301eba5e2e31594285004b99f51a59b33bd2d620,,,0.3,30.0,0.12,0.0075,0.03,0,full,True
ACT,104,8000146,metaworld,True,60,0.29782652399808285,0,0,0,0,0.0,,True,False,,cc0cd65eb9e23e834e82204025602b5a0e0deb336f2a0bb4b74c06a5528297a9,093171deee73c73233afa582007dc538d5372fbe19a180c78389ff37452cf336,56b7f182edcfeefa9301e1edd53d7f36e4418de7e6df1b54b0f0c298cde1b3cd,,,0.3,30.0,0.12,0.0075,0.03,0,full,True
ACT,105,8000147,metaworld,True,53,0.2620381199994881,0,0,0,0,0.0,,True,False,,f800f87c9ebf7de84f0db633260e6d59890d1a4fe1db233c737d26558ec5de1b,093171deee73c73233afa582007dc538d5372fbe19a180c78389ff37452cf336,08a97a6dfa17f78b5cc5b1351d60038e4a40a68fc93722672482714333b1d9b5,,,0.3,30.0,0.12,0.0075,0.03,0,full,True
ACT,106,8000148,metaworld,False,200,0.9783066679992771,0,0,0,0,0.0,,False,True,timeout,8cafa1a3ad72a7cf2ffd766747112019854cefc92a7df07c9e05be91243b9311,093171deee73c73233afa582007dc538d5372fbe19a180c78389ff37452cf336,08a97a6dfa17f78b5cc5b1351d60038e4a40a68fc93722672482714333b1d9b5,,,0.3,30.0,0.12,0.0075,0.03,0,full,True
ACT,107,8000149,metaworld,True,58,0.2896874430007301,0,0,0,0,0.0,,True,False,,3e707c7678093303bdc2025ad432db9e3188f5393c82e8bccda71b34e81aeca0,093171deee73c73233afa582007dc538d5372fbe19a180c78389ff37452cf336,524e161a612d94c222d06154bcd0129d0851b8fad51ae883abbef6e86d43cbb0,,,0.3,30.0,0.12,0.0075,0.03,0,full,True
ACT,108,8000150,metaworld,True,47,0.2323017950002395,0,0,0,0,0.0,,True,False,,72ba3019e19a978fcef290e14647938b7fe5e32369c522ef3819ead48572c3cf,093171deee73c73233afa582007dc538d5372fbe19a180c78389ff37452cf336,5d73f28d4d24cdbcb36a5e5cd61ec1a82f7287ce56d88da8cea912ed757b164c,,,0.3,30.0,0.12,0.0075,0.03,0,full,True
ACT,109,8000151,metaworld,True,64,0.31259322199912276,0,0,0,0,0.0,,True,False,,fe5d435a71e15df6e060a6cd61c48aa6be234b1361cb4163cf2e0e4391b8c118,093171deee73c73233afa582007dc538d5372fbe19a180c78389ff37452cf336,aa1f17aacdf569c3a2930a2ebbf742ff43f8d3acfc772731a5c344cabcd52570,,,0.3,30.0,0.12,0.0075,0.03,0,full,True
ACT,110,8000152,metaworld,False,200,1.004981879999832,0,0,0,0,0.0,,False,True,timeout,3bc16325a196f3c4d2704ca75de8829b849914fffacd8c4ba917b677a68ba6a4,093171deee73c73233afa582007dc538d5372fbe19a180c78389ff37452cf336,cea0b9105255f82e0ee99bfb3998a6edce02b446d4b14afb0747282cd18aa202,,,0.3,30.0,0.12,0.0075,0.03,0,full,True
ACT,111,8000153,metaworld,False,200,0.9805685629980871,0,0,0,0,0.0,,False,True,object_dropped,cb7c9ef2e52d4ad665288ade430c24b93d6fc7cf9f0f4b0b2bfda53d3e1d7611,093171deee73c73233afa582007dc538d5372fbe19a180c78389ff37452cf336,e6e55bdbd77dc052facbc072d20b08a21d116978c37627b9a3d9dc7989dfbe62,,,0.3,30.0,0.12,0.0075,0.03,0,full,True
ACT,112,8000154,metaworld,True,56,0.2849898439999379,0,0,0,0,0.0,,True,False,,9319f272444674a7d8e936c3ae382602065169e5c5c49a2072594b798853a442,093171deee73c73233afa582007dc538d5372fbe19a180c78389ff37452cf336,5e1df472084de78052388a34f03cad3de438ca9b5dc801b5759dd57c66a7482a,,,0.3,30.0,0.12,0.0075,0.03,0,full,True
ACT,113,8000155,metaworld,True,57,0.28157462300077896,0,0,0,0,0.0,,True,False,,772a80201ed9549be215fac7195f5f787428697b8fd6d22c5e260d7f46a536f0,093171deee73c73233afa582007dc538d5372fbe19a180c78389ff37452cf336,8a99d46d6d04afe3e2ef92bb607dde5e178b5c37506006c4f364e345976453b1,,,0.3,30.0,0.12,0.0075,0.03,0,full,True
ACT,114,8000156,metaworld,False,200,1.0180723980010953,0,0,0,0,0.0,,False,True,timeout,5267773dfc377960e8172f4a3fa86934157b7902580875b367f7fce08b5e3daf,093171deee73c73233afa582007dc538d5372fbe19a180c78389ff37452cf336,a8cfe6e2276fbd15230c5555255b87d17333bdd29f84f687df7405d0311fae7f,,,0.3,30.0,0.12,0.0075,0.03,0,full,True
ACT,115,8000157,metaworld,False,200,1.0223126579985546,0,0,0,0,0.0,,False,True,timeout,bd1172c3cfcfbb9efe5f0f73c888f5bf2e3cf208bd294f6df76356befd110e2b,093171deee73c73233afa582007dc538d5372fbe19a180c78389ff37452cf336,08a97a6dfa17f78b5cc5b1351d60038e4a40a68fc93722672482714333b1d9b5,,,0.3,30.0,0.12,0.0075,0.03,0,full,True
ACT,116,8000158,metaworld,False,200,1.0425314359999902,0,0,0,0,0.0,,False,True,object_dropped,0f575e495facb2cffb634dcffd760e4d6eb0a105ed23b6ca4172ce4163b0f66b,093171deee73c73233afa582007dc538d5372fbe19a180c78389ff37452cf336,b8e45a2f8f553d53c6eef0305347f910b9999bcae6df6ccaf0eaee6ac864e670,,,0.3,30.0,0.12,0.0075,0.03,0,full,True
ACT,117,8000159,metaworld,False,200,1.213816515999497,0,0,0,0,0.0,,False,True,timeout,5e60a02e35494710fda77c7264713a23c4a63428e5af846b8124a93210c85483,093171deee73c73233afa582007dc538d5372fbe19a180c78389ff37452cf336,0f719f94ef165c0b816b8b10c3f4f5fcf802c9f5a25141035590310315749280,,,0.3,30.0,0.12,0.0075,0.03,0,full,True
ACT,118,8000160,metaworld,True,58,0.31534517200270784,0,0,0,0,0.0,,True,False,,f84a9dcbd4df05b66e4248e723b80c356becdc84f28eaa557997ce07771f0242,093171deee73c73233afa582007dc538d5372fbe19a180c78389ff37452cf336,342b72dafe0e47ecf8a937cb01e62ac02c2d77bf93dafca59574cbbbfc4ad77b,,,0.3,30.0,0.12,0.0075,0.03,0,full,True
ACT,119,8000161,metaworld,True,54,0.2736742220004089,0,0,0,0,0.0,,True,False,,1cd9954d8390cf6afef99981be7658e10ad9c2609123ebc0e611929dbc3a969d,093171deee73c73233afa582007dc538d5372fbe19a180c78389ff37452cf336,ba19e0623fe05add91e00811bacb33e27305f5fcb6549be6f6278ebce6046101,,,0.3,30.0,0.12,0.0075,0.03,0,full,True
ACT,120,8000162,metaworld,True,56,0.29107782000210136,0,0,0,0,0.0,,True,False,,df8b27ebc83ce7b2a197a9142df82d9dd9061347854819a15fc83288b827dab4,093171deee73c73233afa582007dc538d5372fbe19a180c78389ff37452cf336,acfaed29b052207b47b4b7fa76672795fd08de3add8565db05f141de82ece90b,,,0.3,30.0,0.12,0.0075,0.03,0,full,True
ACT,121,8000163,metaworld,True,55,0.29803767599878483,0,0,0,0,0.0,,True,False,,11c44f691767e640281548addc297de9060a20fdff5b14c99aff8287266bfa36,093171deee73c73233afa582007dc538d5372fbe19a180c78389ff37452cf336,0cda21f8ffacf0a1e40e7b0e858a8e2ddc276972106d4bced99d4404b4a13fd8,,,0.3,30.0,0.12,0.0075,0.03,0,full,True
ACT,122,8000164,metaworld,False,200,1.0691213499994774,0,0,0,0,0.0,,False,True,timeout,7f4d0773cbcaabf69528fbb969c703904e5f6e2791892e266a1394c25d513a8a,093171deee73c73233afa582007dc538d5372fbe19a180c78389ff37452cf336,15a9adece7ebea14bdf37f5376e274c6dce4711281025cf35060933ba9ab8ad3,,,0.3,30.0,0.12,0.0075,0.03,0,full,True
ACT,123,8000165,metaworld,False,200,1.1602645169987227,0,0,0,0,0.0,,False,True,object_dropped,ce4b1dd156fd9e9c63c676f53b1c0babcfdb67f06a5cbccdb5d3eaf7f2b488e3,093171deee73c73233afa582007dc538d5372fbe19a180c78389ff37452cf336,0f719f94ef165c0b816b8b10c3f4f5fcf802c9f5a25141035590310315749280,,,0.3,30.0,0.12,0.0075,0.03,0,full,True
ACT,124,8000166,metaworld,True,53,0.2830729630004498,0,0,0,0,0.0,,True,False,,38b2c7e0e430236d9876b834792bad5c7bfd02c85d04bae9b06fae868e84a261,093171deee73c73233afa582007dc538d5372fbe19a180c78389ff37452cf336,aa1f17aacdf569c3a2930a2ebbf742ff43f8d3acfc772731a5c344cabcd52570,,,0.3,30.0,0.12,0.0075,0.03,0,full,True
ACT,125,8000167,metaworld,False,200,1.0010750600013125,0,0,0,0,0.0,,False,True,timeout,cfc156f78817345ac974a3209713f95a997b0cd27fe09fbc0d68faa5486e0f78,093171deee73c73233afa582007dc538d5372fbe19a180c78389ff37452cf336,a0b103bf3e43f4aa92753185301eba5e2e31594285004b99f51a59b33bd2d620,,,0.3,30.0,0.12,0.0075,0.03,0,full,True
ACT,126,8000168,metaworld,True,53,0.2649414469997282,0,0,0,0,0.0,,True,False,,31e8413ddbab8299bbb65b81defc7a26f0e67ab7f16985db10e9ecec324a4d7b,093171deee73c73233afa582007dc538d5372fbe19a180c78389ff37452cf336,15a9adece7ebea14bdf37f5376e274c6dce4711281025cf35060933ba9ab8ad3,,,0.3,30.0,0.12,0.0075,0.03,0,full,True
ACT,127,8000169,metaworld,False,200,0.997609365000244,0,0,0,0,0.0,,False,True,timeout,10bf329f0a8e9502a62c0816a384f46e78bbeb46e4b5c6bafb6c2271eed13bf0,093171deee73c73233afa582007dc538d5372fbe19a180c78389ff37452cf336,2ad5907877cc42b4447b9630988e3a1f0da0d83e1f696f71e22dc69905e631b6,,,0.3,30.0,0.12,0.0075,0.03,0,full,True
ACT,128,8000170,metaworld,False,200,1.004156057999353,0,0,0,0,0.0,,False,True,object_dropped,3e8ba9d62043eba30612d875c54e2c0497de03995be79e79906fd23c29dbd60e,093171deee73c73233afa582007dc538d5372fbe19a180c78389ff37452cf336,8a99d46d6d04afe3e2ef92bb607dde5e178b5c37506006c4f364e345976453b1,,,0.3,30.0,0.12,0.0075,0.03,0,full,True
ACT,129,8000171,metaworld,True,55,0.2801812610014167,0,0,0,0,0.0,,True,False,,6a0d873bcc31ed525bb7f53df24ad76245520b855a3a2397a3fad840cd7d6e3b,093171deee73c73233afa582007dc538d5372fbe19a180c78389ff37452cf336,08a97a6dfa17f78b5cc5b1351d60038e4a40a68fc93722672482714333b1d9b5,,,0.3,30.0,0.12,0.0075,0.03,0,full,True
ACT,130,8000172,metaworld,True,57,0.28962536600010935,0,0,0,0,0.0,,True,False,,b017f13b4092217506b7b0e0dbb8532a2a6e0a71cb3d306b96854f51cda5646d,093171deee73c73233afa582007dc538d5372fbe19a180c78389ff37452cf336,7c3391ee418e26d47c002810bc00065e4dd0b6728c969d2338ad549ad01ebb0a,,,0.3,30.0,0.12,0.0075,0.03,0,full,True
ACT,131,8000173,metaworld,True,50,0.2530668590006826,0,0,0,0,0.0,,True,False,,14fb6d152c6e08be2f0e48baefd332e149513642790abd2abb1254508b630f37,093171deee73c73233afa582007dc538d5372fbe19a180c78389ff37452cf336,bb2c6b1aed959fa3ddddb1c215ce67cbb5b0ec080eb65fb58e06b7776849a096,,,0.3,30.0,0.12,0.0075,0.03,0,full,True
ACT,132,8000174,metaworld,True,52,0.2640281870008039,0,0,0,0,0.0,,True,False,,7f06dfa8207c6f76132dd7f61166ba147203fa7ee32c3d2d726a666178d3554a,093171deee73c73233afa582007dc538d5372fbe19a180c78389ff37452cf336,c40fedd273cade53989af8adc3ca66d02f2d92ca4d97b2f6391a0dd0ab6dbca3,,,0.3,30.0,0.12,0.0075,0.03,0,full,True
ACT,133,8000175,metaworld,False,200,1.049854109998705,0,0,0,0,0.0,,False,True,timeout,b8b37b173ddd0c6d64c04424913663531444924f83bdb326811b2d4c547c3bc3,093171deee73c73233afa582007dc538d5372fbe19a180c78389ff37452cf336,bb2c6b1aed959fa3ddddb1c215ce67cbb5b0ec080eb65fb58e06b7776849a096,,,0.3,30.0,0.12,0.0075,0.03,0,full,True
ACT,134,8000176,metaworld,False,200,1.024484912999469,0,0,0,0,0.0,,False,True,timeout,a747c0862e36285db1159b03f143c36c61432a749b889364cf2a0a0f8f20d35d,093171deee73c73233afa582007dc538d5372fbe19a180c78389ff37452cf336,6338b57c8983138382fa5c9ee7bb2d2c200be44368697f7ffa8216ea26ddccaf,,,0.3,30.0,0.12,0.0075,0.03,0,full,True
ACT,135,8000177,metaworld,False,200,1.0398565239993331,0,0,0,0,0.0,,False,True,object_dropped,edd7778c933386c281374319825a440d8c0cb56ceba748315300c1dfc2ba6a18,093171deee73c73233afa582007dc538d5372fbe19a180c78389ff37452cf336,1c856fdcb5da12c3fa2d15b38741aa980fa3a47e64fb99f8635817590128f9ea,,,0.3,30.0,0.12,0.0075,0.03,0,full,True
ACT,136,8000178,metaworld,True,53,0.2783263140008785,0,0,0,0,0.0,,True,False,,6712972f7a2fb0c450363c1e4f05e7fdce9be6679c157a4c671cb4de21a739c7,093171deee73c73233afa582007dc538d5372fbe19a180c78389ff37452cf336,acfaed29b052207b47b4b7fa76672795fd08de3add8565db05f141de82ece90b,,,0.3,30.0,0.12,0.0075,0.03,0,full,True
ACT,137,8000179,metaworld,False,200,1.1374761719998787,0,0,0,0,0.0,,False,True,object_dropped,f339837057eaf2a9227814a9c0e59980173b3cdc9b04f27c3be3b093f29bc086,093171deee73c73233afa582007dc538d5372fbe19a180c78389ff37452cf336,2ad5907877cc42b4447b9630988e3a1f0da0d83e1f696f71e22dc69905e631b6,,,0.3,30.0,0.12,0.0075,0.03,0,full,True
ACT,138,8000180,metaworld,False,200,1.0533032629973604,0,0,0,0,0.0,,False,True,object_dropped,f85403342b32757b92baac7a989f80962090f5ab2ab53a6e4c9528094cbcbe57,093171deee73c73233afa582007dc538d5372fbe19a180c78389ff37452cf336,56b7f182edcfeefa9301e1edd53d7f36e4418de7e6df1b54b0f0c298cde1b3cd,,,0.3,30.0,0.12,0.0075,0.03,0,full,True
ACT,139,8000181,metaworld,True,56,0.27383215300142183,0,0,0,0,0.0,,True,False,,034402ab5e318690eef04d5f23568838f20e8de15022466b6c709aebfbe18c70,093171deee73c73233afa582007dc538d5372fbe19a180c78389ff37452cf336,0f719f94ef165c0b816b8b10c3f4f5fcf802c9f5a25141035590310315749280,,,0.3,30.0,0.12,0.0075,0.03,0,full,True
ACT,140,8000182,metaworld,True,55,0.28219106400138116,0,0,0,0,0.0,,True,False,,c04ef94a495e37a9d926e010b9ad31b570f51b262e83c259079345fef8c54d19,093171deee73c73233afa582007dc538d5372fbe19a180c78389ff37452cf336,6cb8d983459a8e57d4ae53a86da2394015cabba2d7c306dcaf7b14af979ca230,,,0.3,30.0,0.12,0.0075,0.03,0,full,True
ACT,141,8000183,metaworld,True,63,0.3198489750029694,0,0,0,0,0.0,,True,False,,6903b5fddeaf3a6feb95139af69808354c975c5d2953c10d964bbb04c80f2752,093171deee73c73233afa582007dc538d5372fbe19a180c78389ff37452cf336,39001749c902e2ab9d015efb8c7644faffff99810b709d3203dc359d5eacdcbd,,,0.3,30.0,0.12,0.0075,0.03,0,full,True
ACT,142,8000184,metaworld,True,59,0.30249868700047955,0,0,0,0,0.0,,True,False,,93276eaba88a60c3a07c7c3a1040569d4f01260d3d132283528d9de174345bac,093171deee73c73233afa582007dc538d5372fbe19a180c78389ff37452cf336,f6a9ed9055e00c868d6771022c2c557a6a48990bdacbed585d07cde857d4755a,,,0.3,30.0,0.12,0.0075,0.03,0,full,True
ACT,143,8000185,metaworld,True,59,0.29459108499941067,0,0,0,0,0.0,,True,False,,59be9d5f46b0bf48260a4aeb4f4e0d6530705654648899c807f7d5c1b28c4585,093171deee73c73233afa582007dc538d5372fbe19a180c78389ff37452cf336,39001749c902e2ab9d015efb8c7644faffff99810b709d3203dc359d5eacdcbd,,,0.3,30.0,0.12,0.0075,0.03,0,full,True
ACT,144,8000186,metaworld,True,59,0.2892355160001898,0,0,0,0,0.0,,True,False,,3b7c4548e107af77d727487294c38e5933dfb5ffa2d6f9eeb3c5e6be3d182119,093171deee73c73233afa582007dc538d5372fbe19a180c78389ff37452cf336,588df85fb38ef87f822932ad2f702be807974873e4a07ea43084bbdeeaac6604,,,0.3,30.0,0.12,0.0075,0.03,0,full,True
ACT,145,8000187,metaworld,True,68,0.3336332090002543,0,0,0,0,0.0,,True,False,,b84f9d0aae887f5cc2dbf231ecde36b00de80999842197e9b8c6cfe579e15de3,093171deee73c73233afa582007dc538d5372fbe19a180c78389ff37452cf336,c5023b3d25031a103b9549b6e8c83ba09d69e708ef117c31128a38e03616e5d8,,,0.3,30.0,0.12,0.0075,0.03,0,full,True
ACT,146,8000188,metaworld,False,200,0.9709385419992032,0,0,0,0,0.0,,False,True,timeout,f0d9e60efec0d7de49a34293553cf65d4e5df05669dbc353e99d779b27b15c7e,093171deee73c73233afa582007dc538d5372fbe19a180c78389ff37452cf336,942fb6a87dc1e3eb7bf7bb111c97e7096138256b4a9a6b4c62a012fabe8bec38,,,0.3,30.0,0.12,0.0075,0.03,0,full,True
ACT,147,8000189,metaworld,True,54,0.2627136959999916,0,0,0,0,0.0,,True,False,,38b14f3ff8ec21ce306dbeaf2d668489ce2a76ee281901e8ba42e1cda60f76a4,093171deee73c73233afa582007dc538d5372fbe19a180c78389ff37452cf336,7c3391ee418e26d47c002810bc00065e4dd0b6728c969d2338ad549ad01ebb0a,,,0.3,30.0,0.12,0.0075,0.03,0,full,True
ACT,148,8000190,metaworld,True,49,0.23804511400157935,0,0,0,0,0.0,,True,False,,7ac917cb60fde3f70cd279b33d55c8581b2b226bbefd8e349611c3c4dd76a609,093171deee73c73233afa582007dc538d5372fbe19a180c78389ff37452cf336,cea0b9105255f82e0ee99bfb3998a6edce02b446d4b14afb0747282cd18aa202,,,0.3,30.0,0.12,0.0075,0.03,0,full,True
ACT,149,8000191,metaworld,True,62,0.30567790700297337,0,0,0,0,0.0,,True,False,,2a03fd376a86cd3e549176c0a405466383120bca2b46eaf0dab98c2d14e29741,093171deee73c73233afa582007dc538d5372fbe19a180c78389ff37452cf336,e216352c7f1c7392270c7c501bb599f2a46f420613a124fda0729ab88160cdf2,,,0.3,30.0,0.12,0.0075,0.03,0,full,True
ACT,150,8000192,metaworld,True,57,0.2800806220002414,0,0,0,0,0.0,,True,False,,970487fc6a5bd5d9e3cff7987ad32e8e105f95f371396f1f7abdb990cb6b1515,093171deee73c73233afa582007dc538d5372fbe19a180c78389ff37452cf336,25805a097f1f4b8c203ec3c130dcd3e66b5fb3ad298114a08662aae6c86fa673,,,0.3,30.0,0.12,0.0075,0.03,0,full,True
ACT,151,8000193,metaworld,False,200,0.9702905109988933,0,0,0,0,0.0,,False,True,timeout,aacab6cdfb23a03a76ab567fe7c81a28aa3067534acb7d52288b44e54c1e1901,093171deee73c73233afa582007dc538d5372fbe19a180c78389ff37452cf336,1c856fdcb5da12c3fa2d15b38741aa980fa3a47e64fb99f8635817590128f9ea,,,0.3,30.0,0.12,0.0075,0.03,0,full,True
ACT,152,8000194,metaworld,True,59,0.290605747999507,0,0,0,0,0.0,,True,False,,0618f8a34f7d455dc96e540dd8b344a702c3353cc74b43732ac51f5b47330edc,093171deee73c73233afa582007dc538d5372fbe19a180c78389ff37452cf336,64ee837add19202e84553431fdab118462cf5265eeae19a4d044b5a6818f771d,,,0.3,30.0,0.12,0.0075,0.03,0,full,True
ACT,153,8000195,metaworld,True,56,0.27588234300128534,0,0,0,0,0.0,,True,False,,9a78c0e6024e4c167a6a9fabd62c62e98965fd03f8f8bb499cee35ad98d611b0,093171deee73c73233afa582007dc538d5372fbe19a180c78389ff37452cf336,2eb279a724955c1a9d173681940490ec9cc8ed4fdc15a95533884a23d4ccdb4e,,,0.3,30.0,0.12,0.0075,0.03,0,full,True
ACT,154,8000196,metaworld,True,57,0.286434540998016,0,0,0,0,0.0,,True,False,,c907b75412726fc7456c21a6f924af4ae417cfc4bc9c4dcb316902d272e207be,093171deee73c73233afa582007dc538d5372fbe19a180c78389ff37452cf336,342b72dafe0e47ecf8a937cb01e62ac02c2d77bf93dafca59574cbbbfc4ad77b,,,0.3,30.0,0.12,0.0075,0.03,0,full,True
ACT,155,8000197,metaworld,True,58,0.283983597997576,0,0,0,0,0.0,,True,False,,5a45493cfdbe0339482bbf25fc0bc1795ab745b5e9cb0f31519d22ca74b75de6,093171deee73c73233afa582007dc538d5372fbe19a180c78389ff37452cf336,524e161a612d94c222d06154bcd0129d0851b8fad51ae883abbef6e86d43cbb0,,,0.3,30.0,0.12,0.0075,0.03,0,full,True
ACT,156,8000198,metaworld,False,200,0.9818479810019198,0,0,0,0,0.0,,False,True,timeout,8e1daaefd3c0bf781cbae2a3c034c01121702744be74f761772510af052e0237,093171deee73c73233afa582007dc538d5372fbe19a180c78389ff37452cf336,56b7f182edcfeefa9301e1edd53d7f36e4418de7e6df1b54b0f0c298cde1b3cd,,,0.3,30.0,0.12,0.0075,0.03,0,full,True
ACT,157,8000199,metaworld,True,55,0.2737318100007542,0,0,0,0,0.0,,True,False,,95832f9b5d4f421d52731b75ecf98d619ebba84098132e54914736ddfbdc95c6,093171deee73c73233afa582007dc538d5372fbe19a180c78389ff37452cf336,3183afb500ebb9a5af177cccb5b5889a8321eb35261f8ec571269f8b5ed9cd1a,,,0.3,30.0,0.12,0.0075,0.03,0,full,True
ACT,158,8000200,metaworld,False,200,0.9961436660014442,0,0,0,0,0.0,,False,True,timeout,b4ec05d0636b5bd09e1eb25b4e199d8aaff8ab46a599c9aefd6722ceb375893c,093171deee73c73233afa582007dc538d5372fbe19a180c78389ff37452cf336,524e161a612d94c222d06154bcd0129d0851b8fad51ae883abbef6e86d43cbb0,,,0.3,30.0,0.12,0.0075,0.03,0,full,True
ACT,159,8000201,metaworld,True,56,0.2792243090007105,0,0,0,0,0.0,,True,False,,b5c9a6e8dc68cad21ff2142671e211dc684a226cdc8f3535ef95d0d6900a3581,093171deee73c73233afa582007dc538d5372fbe19a180c78389ff37452cf336,56b7f182edcfeefa9301e1edd53d7f36e4418de7e6df1b54b0f0c298cde1b3cd,,,0.3,30.0,0.12,0.0075,0.03,0,full,True
ACT,160,8000202,metaworld,True,70,0.35464186999888625,0,0,0,0,0.0,,True,False,,2beff2213c8fd854d2203e015fc0a8e3653a965822c62687a3d7d8697f183a5b,093171deee73c73233afa582007dc538d5372fbe19a180c78389ff37452cf336,c5023b3d25031a103b9549b6e8c83ba09d69e708ef117c31128a38e03616e5d8,,,0.3,30.0,0.12,0.0075,0.03,0,full,True
ACT,161,8000203,metaworld,False,200,0.9766994780002278,0,0,0,0,0.0,,False,True,timeout,8812cebc7e142add0f580588ef04f3ea2e28b63528c6f197805079a4a05d8ecd,093171deee73c73233afa582007dc538d5372fbe19a180c78389ff37452cf336,942fb6a87dc1e3eb7bf7bb111c97e7096138256b4a9a6b4c62a012fabe8bec38,,,0.3,30.0,0.12,0.0075,0.03,0,full,True
ACT,162,8000204,metaworld,True,54,0.26727746699907584,0,0,0,0,0.0,,True,False,,712cbd58171035393286d70e558cfe1ac871f0058c5ec982989845dc682c4e5b,093171deee73c73233afa582007dc538d5372fbe19a180c78389ff37452cf336,5e1df472084de78052388a34f03cad3de438ca9b5dc801b5759dd57c66a7482a,,,0.3,30.0,0.12,0.0075,0.03,0,full,True
ACT,163,8000205,metaworld,False,200,1.0005832360002387,0,0,0,0,0.0,,False,True,timeout,51ced0ff156436839ce37a740af69a1f636303027641d7a2d20af8f145f8d1f6,093171deee73c73233afa582007dc538d5372fbe19a180c78389ff37452cf336,6cb8d983459a8e57d4ae53a86da2394015cabba2d7c306dcaf7b14af979ca230,,,0.3,30.0,0.12,0.0075,0.03,0,full,True
ACT,164,8000206,metaworld,True,57,0.2906579270020302,0,0,0,0,0.0,,True,False,,f339fc3064f0943d57ed9e164706f48da0ca2db4c19f3faf4676ab9be530d3b0,093171deee73c73233afa582007dc538d5372fbe19a180c78389ff37452cf336,06d355d7aff3b944ab4199c02a94c63d062e5c414c0b195f7b232b607e0ab1ed,,,0.3,30.0,0.12,0.0075,0.03,0,full,True
ACT,165,8000207,metaworld,True,52,0.26017307700021775,0,0,0,0,0.0,,True,False,,2996753da2b626d7ffbff6869b0138e11969abdd0ea9fb799993a21dd78f0809,093171deee73c73233afa582007dc538d5372fbe19a180c78389ff37452cf336,6338b57c8983138382fa5c9ee7bb2d2c200be44368697f7ffa8216ea26ddccaf,,,0.3,30.0,0.12,0.0075,0.03,0,full,True
ACT,166,8000208,metaworld,True,57,0.28192522400058806,0,0,0,0,0.0,,True,False,,6d3566a98f0d28b5fb54cf493928865d9e6fe79a836b9ad9f1a88e573995e296,093171deee73c73233afa582007dc538d5372fbe19a180c78389ff37452cf336,35203d16cfa98b5f2e002fcb1ffde2400abf9459c161f6a289efa0c46eddb36f,,,0.3,30.0,0.12,0.0075,0.03,0,full,True
ACT,167,8000209,metaworld,False,200,0.9895944150011928,0,0,0,0,0.0,,False,True,timeout,1c2d871fe69bb76284c1bf5d7c56df1b354c8ccbedb310feff26fa912f4355a3,093171deee73c73233afa582007dc538d5372fbe19a180c78389ff37452cf336,71488b32995fa40c6ec3f77f6bcd912b1929aef29d90a66307ad46cd584acf29,,,0.3,30.0,0.12,0.0075,0.03,0,full,True
ACT,168,8000210,metaworld,False,200,1.0092429610012914,0,0,0,0,0.0,,False,True,timeout,d991076290da2375ab09a7c36fd8d96fa33a941182fe322e5f186306e0360b4b,093171deee73c73233afa582007dc538d5372fbe19a180c78389ff37452cf336,27e1ed8c670f23dae46752497e383610e58c248d638e3b9b707808a32ce33d4e,,,0.3,30.0,0.12,0.0075,0.03,0,full,True
ACT,169,8000211,metaworld,True,59,0.29313868199824356,0,0,0,0,0.0,,True,False,,a1d07cd94b412020b0fff2e7f3af83f086b41602c53423673dcff269383f2c06,093171deee73c73233afa582007dc538d5372fbe19a180c78389ff37452cf336,2ad5907877cc42b4447b9630988e3a1f0da0d83e1f696f71e22dc69905e631b6,,,0.3,30.0,0.12,0.0075,0.03,0,full,True
ACT,170,8000212,metaworld,True,55,0.27415027000097325,0,0,0,0,0.0,,True,False,,ae0780ac4c4b72e4e0f5c2f20879fd591c198f5f16642b512817c810b5a0e90a,093171deee73c73233afa582007dc538d5372fbe19a180c78389ff37452cf336,2eb279a724955c1a9d173681940490ec9cc8ed4fdc15a95533884a23d4ccdb4e,,,0.3,30.0,0.12,0.0075,0.03,0,full,True
ACT,171,8000213,metaworld,False,200,0.9662825689993042,0,0,0,0,0.0,,False,True,timeout,47ed972df577eff08eba0fdc3f1db6e451514dfae0479b4e1afb7f990a53892e,093171deee73c73233afa582007dc538d5372fbe19a180c78389ff37452cf336,35203d16cfa98b5f2e002fcb1ffde2400abf9459c161f6a289efa0c46eddb36f,,,0.3,30.0,0.12,0.0075,0.03,0,full,True
ACT,172,8000214,metaworld,False,200,0.9520213169998897,0,0,0,0,0.0,,False,True,object_dropped,03838c2d38db85dc6adabec5d02350473703b0142820c1bee8130aae811d85b7,093171deee73c73233afa582007dc538d5372fbe19a180c78389ff37452cf336,64ee837add19202e84553431fdab118462cf5265eeae19a4d044b5a6818f771d,,,0.3,30.0,0.12,0.0075,0.03,0,full,True
ACT,173,8000215,metaworld,True,60,0.288176067002496,0,0,0,0,0.0,,True,False,,1b5054efa34e6d6a8f338e6de341b8c7f5026432fbb5831266704f78404fd337,093171deee73c73233afa582007dc538d5372fbe19a180c78389ff37452cf336,a8cfe6e2276fbd15230c5555255b87d17333bdd29f84f687df7405d0311fae7f,,,0.3,30.0,0.12,0.0075,0.03,0,full,True
ACT,174,8000216,metaworld,False,200,0.9811431359994458,0,0,0,0,0.0,,False,True,timeout,45cad5773515df5d6393cd44f6ad5241c0e06a8a7be04ec31e80e2604b00f94b,093171deee73c73233afa582007dc538d5372fbe19a180c78389ff37452cf336,504c23f653f6cdee9d659d9320b164606b319d4f0e9cdf0f3a87e2fc7a98160a,,,0.3,30.0,0.12,0.0075,0.03,0,full,True
ACT,175,8000217,metaworld,False,200,0.9620566110024811,0,0,0,0,0.0,,False,True,timeout,c5de11d921ac5f1003fec573c3184003b9d28c2de3655460e6b52242e1c4cdad,093171deee73c73233afa582007dc538d5372fbe19a180c78389ff37452cf336,20cf3cfee33051ea4ca25b64648f05450b0068ae0136ae52c3108d28b02f3691,,,0.3,30.0,0.12,0.0075,0.03,0,full,True
ACT,176,8000218,metaworld,True,58,0.27221619700139854,0,0,0,0,0.0,,True,False,,85ae09916c0e3286216ef0edea8fd1e469c4526a886a4b126b2675e421c340e9,093171deee73c73233afa582007dc538d5372fbe19a180c78389ff37452cf336,f82ceac6f8787ac22c378edc1f141cedcc86bf9309b43f1aff6633ae0a963abb,,,0.3,30.0,0.12,0.0075,0.03,0,full,True
ACT,177,8000219,metaworld,True,58,0.2797394869994605,0,0,0,0,0.0,,True,False,,eb1c582fafe893682ded8ee7da414af5bf36e2532bc55fc0c774b450f6688c98,093171deee73c73233afa582007dc538d5372fbe19a180c78389ff37452cf336,942fb6a87dc1e3eb7bf7bb111c97e7096138256b4a9a6b4c62a012fabe8bec38,,,0.3,30.0,0.12,0.0075,0.03,0,full,True
ACT,178,8000220,metaworld,True,56,0.2812726209995162,0,0,0,0,0.0,,True,False,,ef114187a4d2182d61fb1e8002a5ca14290b141eba94a72886d22cedf010986b,093171deee73c73233afa582007dc538d5372fbe19a180c78389ff37452cf336,acfaed29b052207b47b4b7fa76672795fd08de3add8565db05f141de82ece90b,,,0.3,30.0,0.12,0.0075,0.03,0,full,True
ACT,179,8000221,metaworld,True,59,0.26476574600019376,0,0,0,0,0.0,,True,False,,03dbb3dc9c0a71f4409ecdb6327a8f909583375c909f0662175d4e1ced4b7645,093171deee73c73233afa582007dc538d5372fbe19a180c78389ff37452cf336,f6a9ed9055e00c868d6771022c2c557a6a48990bdacbed585d07cde857d4755a,,,0.3,30.0,0.12,0.0075,0.03,0,full,True
ACT,180,8000222,metaworld,False,200,0.892643922001298,0,0,0,0,0.0,,False,True,timeout,3ba7a69f6a338703c190cff326c12bf061af8af37ffb96b0810154fe7686c323,093171deee73c73233afa582007dc538d5372fbe19a180c78389ff37452cf336,25805a097f1f4b8c203ec3c130dcd3e66b5fb3ad298114a08662aae6c86fa673,,,0.3,30.0,0.12,0.0075,0.03,0,full,True
ACT,181,8000223,metaworld,False,200,0.8983328720023565,0,0,0,0,0.0,,False,True,timeout,c47c675a57d9a8df3273ef9d6cbec20cb4a08ec8c644a5e9b09de20c1506f83d,093171deee73c73233afa582007dc538d5372fbe19a180c78389ff37452cf336,25805a097f1f4b8c203ec3c130dcd3e66b5fb3ad298114a08662aae6c86fa673,,,0.3,30.0,0.12,0.0075,0.03,0,full,True
ACT,182,8000224,metaworld,False,200,0.8915785160024825,0,0,0,0,0.0,,False,True,timeout,ee12be3ad7b8210704e4affe87269008e6313a170b2831e9eec27cdfbd30ca0a,093171deee73c73233afa582007dc538d5372fbe19a180c78389ff37452cf336,342b72dafe0e47ecf8a937cb01e62ac02c2d77bf93dafca59574cbbbfc4ad77b,,,0.3,30.0,0.12,0.0075,0.03,0,full,True
ACT,183,8000225,metaworld,False,200,0.8864052249991801,0,0,0,0,0.0,,False,True,object_dropped,2b14cdc45de381d7f4a194a10b30aaaf2025f2096323c6638c5ec9a40b588304,093171deee73c73233afa582007dc538d5372fbe19a180c78389ff37452cf336,bb2c6b1aed959fa3ddddb1c215ce67cbb5b0ec080eb65fb58e06b7776849a096,,,0.3,30.0,0.12,0.0075,0.03,0,full,True
ACT,184,8000226,metaworld,False,200,0.9506639200008067,0,0,0,0,0.0,,False,True,object_dropped,01adc27a58fcdbb9b40b3f55a6901b23dbdb245c24ed91a706d2d571b951380a,093171deee73c73233afa582007dc538d5372fbe19a180c78389ff37452cf336,e216352c7f1c7392270c7c501bb599f2a46f420613a124fda0729ab88160cdf2,,,0.3,30.0,0.12,0.0075,0.03,0,full,True
ACT,185,8000227,metaworld,True,53,0.2356892499992682,0,0,0,0,0.0,,True,False,,97f5dd66204bc1a307e5f760dbea22edef8ef47246a8b3ecca7ab5a3fd1f91b1,093171deee73c73233afa582007dc538d5372fbe19a180c78389ff37452cf336,342b72dafe0e47ecf8a937cb01e62ac02c2d77bf93dafca59574cbbbfc4ad77b,,,0.3,30.0,0.12,0.0075,0.03,0,full,True
ACT,186,8000228,metaworld,False,200,0.878250088000641,0,0,0,0,0.0,,False,True,timeout,1e04ca033e4becf12c4779645be6c89541bb293af0661d2b6bf47daff2af612c,093171deee73c73233afa582007dc538d5372fbe19a180c78389ff37452cf336,cea0b9105255f82e0ee99bfb3998a6edce02b446d4b14afb0747282cd18aa202,,,0.3,30.0,0.12,0.0075,0.03,0,full,True
ACT,187,8000229,metaworld,True,62,0.27529978699749336,0,0,0,0,0.0,,True,False,,ada1586d2d849e112f33cebfb7d3f4a5a92b1936648fc7539552ec3bfdd65c5b,093171deee73c73233afa582007dc538d5372fbe19a180c78389ff37452cf336,acfaed29b052207b47b4b7fa76672795fd08de3add8565db05f141de82ece90b,,,0.3,30.0,0.12,0.0075,0.03,0,full,True
ACT,188,8000230,metaworld,False,200,0.9208409059974656,0,0,0,0,0.0,,False,True,timeout,e000d64f53e8b99329aecb147a397864ac43b05ef0a6107bc1e2b4bc73345097,093171deee73c73233afa582007dc538d5372fbe19a180c78389ff37452cf336,6943489118fc060756e24fd47685e2c10173293d54af0af7e8afa9e287c9c5f1,,,0.3,30.0,0.12,0.0075,0.03,0,full,True
ACT,189,8000231,metaworld,False,200,0.9280473569997412,0,0,0,0,0.0,,False,True,timeout,d6cc93e36001103b26a7669d9e65e6f7890ee7858d1088600d646eaa8f8f9fd2,093171deee73c73233afa582007dc538d5372fbe19a180c78389ff37452cf336,588df85fb38ef87f822932ad2f702be807974873e4a07ea43084bbdeeaac6604,,,0.3,30.0,0.12,0.0075,0.03,0,full,True
ACT,190,8000232,metaworld,False,200,0.9446833340007288,0,0,0,0,0.0,,False,True,object_dropped,9a32431ae011a04402e7c913e47aec93b3375c43729109f0ee2ddcc36b5a73e8,093171deee73c73233afa582007dc538d5372fbe19a180c78389ff37452cf336,b8e45a2f8f553d53c6eef0305347f910b9999bcae6df6ccaf0eaee6ac864e670,,,0.3,30.0,0.12,0.0075,0.03,0,full,True
ACT,191,8000233,metaworld,True,60,0.2766412279997894,0,0,0,0,0.0,,True,False,,18995b247b429a33b7fb2aeb8e563fe5920dafab9bd307e224fd4cf90176ceef,093171deee73c73233afa582007dc538d5372fbe19a180c78389ff37452cf336,aa1f17aacdf569c3a2930a2ebbf742ff43f8d3acfc772731a5c344cabcd52570,,,0.3,30.0,0.12,0.0075,0.03,0,full,True
ACT,192,8000234,metaworld,True,61,0.2816123049997259,0,0,0,0,0.0,,True,False,,81900798b4db34950c566b069f1d8d2f43a1774cefcf188af00f56d82bfe25c2,093171deee73c73233afa582007dc538d5372fbe19a180c78389ff37452cf336,c5023b3d25031a103b9549b6e8c83ba09d69e708ef117c31128a38e03616e5d8,,,0.3,30.0,0.12,0.0075,0.03,0,full,True
ACT,193,8000235,metaworld,True,51,0.2365509170012956,0,0,0,0,0.0,,True,False,,0cbd6a28294e4982233242540fef193ea4250edf176d7fa121007518f6bb3181,093171deee73c73233afa582007dc538d5372fbe19a180c78389ff37452cf336,aba21ef1c98d0573e36116c9757115227fd3793cba96aea7eda95c2547314ca3,,,0.3,30.0,0.12,0.0075,0.03,0,full,True
ACT,194,8000236,metaworld,True,62,0.28832826999860117,0,0,0,0,0.0,,True,False,,169ff8b242d94efe2d068fdef0d97fd936d0f3a78d3eddb34194c4535fd4ff89,093171deee73c73233afa582007dc538d5372fbe19a180c78389ff37452cf336,64ee837add19202e84553431fdab118462cf5265eeae19a4d044b5a6818f771d,,,0.3,30.0,0.12,0.0075,0.03,0,full,True
ACT,195,8000237,metaworld,False,200,0.9218519000023662,0,0,0,0,0.0,,False,True,timeout,309dfde0a4c6cd01159042aff76529e1a6b6e535d15a330c6c9b23af06ec5f12,093171deee73c73233afa582007dc538d5372fbe19a180c78389ff37452cf336,aba21ef1c98d0573e36116c9757115227fd3793cba96aea7eda95c2547314ca3,,,0.3,30.0,0.12,0.0075,0.03,0,full,True
ACT,196,8000238,metaworld,True,53,0.24485866899703979,0,0,0,0,0.0,,True,False,,c9bf370516cbc9a4758cf73ef9f568b943cd0155610f17ecf6bc8855dc8d0fc9,093171deee73c73233afa582007dc538d5372fbe19a180c78389ff37452cf336,acfaed29b052207b47b4b7fa76672795fd08de3add8565db05f141de82ece90b,,,0.3,30.0,0.12,0.0075,0.03,0,full,True
ACT,197,8000239,metaworld,True,59,0.27682294599799206,0,0,0,0,0.0,,True,False,,6e8092cb9b54dfb01aa0fa4e2978d6c9161ed7de03665482e6e50c29bc896475,093171deee73c73233afa582007dc538d5372fbe19a180c78389ff37452cf336,6cb8d983459a8e57d4ae53a86da2394015cabba2d7c306dcaf7b14af979ca230,,,0.3,30.0,0.12,0.0075,0.03,0,full,True
ACT,198,8000240,metaworld,False,200,0.9418882610007131,0,0,0,0,0.0,,False,True,timeout,759ff44b2f4e043f80fa8a6584676608537caaf08b7e64da79a3af622fded356,093171deee73c73233afa582007dc538d5372fbe19a180c78389ff37452cf336,742509487aeb71d366f1ddafa1cb12db2f7cfefe17c4ca89c98cffb67c1c8619,,,0.3,30.0,0.12,0.0075,0.03,0,full,True
ACT,199,8000241,metaworld,True,57,0.2658984190020419,0,0,0,0,0.0,,True,False,,6ef9c6518c17924f3d7a8b81d1c3ad402c4982b66fef35c1e913f6dcb760eb77,093171deee73c73233afa582007dc538d5372fbe19a180c78389ff37452cf336,5e1df472084de78052388a34f03cad3de438ca9b5dc801b5759dd57c66a7482a,,,0.3,30.0,0.12,0.0075,0.03,0,full,True
REIM (ACT + Detector + Recovery),0,8000042,metaworld,False,200,0.5353001740004402,1,0,1,150,0.9997215867042542,task_success_while_recovery_active_per_intervention,False,True,object_dropped,6e51fdc4fa9564a014be3a60efaaa6e75514d49a902c54e897905b041b01269f,093171deee73c73233afa582007dc538d5372fbe19a180c78389ff37452cf336,f82ceac6f8787ac22c378edc1f141cedcc86bf9309b43f1aff6633ae0a963abb,,,0.3,30.0,0.12,0.0075,0.03,0,full,True
REIM (ACT + Detector + Recovery),1,8000043,metaworld,True,61,0.299641312998574,0,0,0,0,0.15096424520015717,task_success_while_recovery_active_per_intervention,True,False,,a37cc9895497c161cc0e61cd91a17ceb6fc96a80c672228fff52878625245878,093171deee73c73233afa582007dc538d5372fbe19a180c78389ff37452cf336,06d355d7aff3b944ab4199c02a94c63d062e5c414c0b195f7b232b607e0ab1ed,,,0.3,30.0,0.12,0.0075,0.03,0,full,True
REIM (ACT + Detector + Recovery),2,8000044,metaworld,False,200,0.49163276699982816,1,0,1,150,0.9907283782958984,task_success_while_recovery_active_per_intervention,False,True,timeout,9019aa641c3e21bc94152e111aba2c0fe83a4e531f25b9d7c4299149fd785663,093171deee73c73233afa582007dc538d5372fbe19a180c78389ff37452cf336,f6a9ed9055e00c868d6771022c2c557a6a48990bdacbed585d07cde857d4755a,,,0.3,30.0,0.12,0.0075,0.03,0,full,True
REIM (ACT + Detector + Recovery),3,8000045,metaworld,True,53,0.12549303799823974,1,1,1,42,0.29918670654296875,task_success_while_recovery_active_per_intervention,True,False,,359e42e49029e62d58735744577f2dc2e2192bc31ee0b85b9d0926643c1a7940,093171deee73c73233afa582007dc538d5372fbe19a180c78389ff37452cf336,5d73f28d4d24cdbcb36a5e5cd61ec1a82f7287ce56d88da8cea912ed757b164c,,,0.3,30.0,0.12,0.0075,0.03,0,full,True
REIM (ACT + Detector + Recovery),4,8000046,metaworld,True,50,0.14512030099649564,1,1,1,31,0.21707531809806824,task_success_while_recovery_active_per_intervention,True,False,,611de65f6c9535ab7db32732b6dd841be76f5608de30ca5f8540cf2aebd7cd50,093171deee73c73233afa582007dc538d5372fbe19a180c78389ff37452cf336,27e1ed8c670f23dae46752497e383610e58c248d638e3b9b707808a32ce33d4e,,,0.3,30.0,0.12,0.0075,0.03,0,full,True
REIM (ACT + Detector + Recovery),5,8000047,metaworld,True,54,0.15152657799990266,1,1,1,37,0.23993200063705444,task_success_while_recovery_active_per_intervention,True,False,,f8d47adff6ca1a7ce33565c0878196861c2247a7c71e5ea587254f888ed16edd,093171deee73c73233afa582007dc538d5372fbe19a180c78389ff37452cf336,38329c6b97bbe7d133bf007c22742dca5f0cd7258f8d7199135c6c2371ae591d,,,0.3,30.0,0.12,0.0075,0.03,0,full,True
REIM (ACT + Detector + Recovery),6,8000048,metaworld,True,55,0.1218714259994158,1,1,1,47,0.42817115783691406,task_success_while_recovery_active_per_intervention,True,False,,e9080374aa214abacd6566b01d68dc5a7a1760592358299fffb51989e969a800,093171deee73c73233afa582007dc538d5372fbe19a180c78389ff37452cf336,aba21ef1c98d0573e36116c9757115227fd3793cba96aea7eda95c2547314ca3,,,0.3,30.0,0.12,0.0075,0.03,0,full,True
REIM (ACT + Detector + Recovery),7,8000049,metaworld,True,55,0.2802064050010813,0,0,0,0,0.12950806319713593,task_success_while_recovery_active_per_intervention,True,False,,26e333367aa36cbcd2db893969ccddd4097f5c70f09b684257ae0f33e182093d,093171deee73c73233afa582007dc538d5372fbe19a180c78389ff37452cf336,4e97203f8ce1a96cef19545d4c4c300d0de39e4f94bd1941cef7ebc3dd48be02,,,0.3,30.0,0.12,0.0075,0.03,0,full,True
REIM (ACT + Detector + Recovery),8,8000050,metaworld,False,200,0.5174004350010364,1,0,1,150,0.9998229146003723,task_success_while_recovery_active_per_intervention,False,True,object_dropped,df8a377a3083f124c38d423d139a1bd324ff03857cbd7047f5000acd2c5b1202,093171deee73c73233afa582007dc538d5372fbe19a180c78389ff37452cf336,64ee837add19202e84553431fdab118462cf5265eeae19a4d044b5a6818f771d,,,0.3,30.0,0.12,0.0075,0.03,0,full,True
REIM (ACT + Detector + Recovery),9,8000051,metaworld,True,57,0.2967229519999819,0,0,0,0,0.1687534749507904,task_success_while_recovery_active_per_intervention,True,False,,14e265df42283b82d1c0c4276fd065a1f40e15fddee4d5907586f7b3745afc68,093171deee73c73233afa582007dc538d5372fbe19a180c78389ff37452cf336,6cb8d983459a8e57d4ae53a86da2394015cabba2d7c306dcaf7b14af979ca230,,,0.3,30.0,0.12,0.0075,0.03,0,full,True
REIM (ACT + Detector + Recovery),10,8000052,metaworld,True,58,0.13682857899766532,1,1,1,47,0.3130897283554077,task_success_while_recovery_active_per_intervention,True,False,,855faad6474afe214f2b398718ebddbb7570ec8f6dd23ad6d836f795b20ddc6c,093171deee73c73233afa582007dc538d5372fbe19a180c78389ff37452cf336,504c23f653f6cdee9d659d9320b164606b319d4f0e9cdf0f3a87e2fc7a98160a,,,0.3,30.0,0.12,0.0075,0.03,0,full,True
REIM (ACT + Detector + Recovery),11,8000053,metaworld,True,62,0.13031593000050634,1,1,1,54,0.48798325657844543,task_success_while_recovery_active_per_intervention,True,False,,9af5103797bf8cd7b374ddceaa3b9674841a2f629d9b6f9fa987265d1c6dfcf7,093171deee73c73233afa582007dc538d5372fbe19a180c78389ff37452cf336,06d355d7aff3b944ab4199c02a94c63d062e5c414c0b195f7b232b607e0ab1ed,,,0.3,30.0,0.12,0.0075,0.03,0,full,True
REIM (ACT + Detector + Recovery),12,8000054,metaworld,False,200,0.5487317320003058,1,0,1,150,0.9989374279975891,task_success_while_recovery_active_per_intervention,False,True,timeout,4ac3f3a5bcfdcb552eb71c305bcd46db1553fd46fcd43eeb71694764e1e2d105,093171deee73c73233afa582007dc538d5372fbe19a180c78389ff37452cf336,742509487aeb71d366f1ddafa1cb12db2f7cfefe17c4ca89c98cffb67c1c8619,,,0.3,30.0,0.12,0.0075,0.03,0,full,True
REIM (ACT + Detector + Recovery),13,8000055,metaworld,True,64,0.1575519730031374,1,1,1,51,0.3165053129196167,task_success_while_recovery_active_per_intervention,True,False,,707f2903d8ad705a88d1c27556d07ab69834f7195d587a7cce964c27048499df,093171deee73c73233afa582007dc538d5372fbe19a180c78389ff37452cf336,e216352c7f1c7392270c7c501bb599f2a46f420613a124fda0729ab88160cdf2,,,0.3,30.0,0.12,0.0075,0.03,0,full,True
REIM (ACT + Detector + Recovery),14,8000056,metaworld,False,200,0.5180247280004551,1,0,1,150,0.9996416568756104,task_success_while_recovery_active_per_intervention,False,True,object_dropped,7ddda59a9a10b4bcafda9c4451b08db9638b1ef692c57f821fde6e9ea49f91d5,093171deee73c73233afa582007dc538d5372fbe19a180c78389ff37452cf336,64ee837add19202e84553431fdab118462cf5265eeae19a4d044b5a6818f771d,,,0.3,30.0,0.12,0.0075,0.03,0,full,True
REIM (ACT + Detector + Recovery),15,8000057,metaworld,False,200,0.50916197299739,1,0,1,150,0.9983439445495605,task_success_while_recovery_active_per_intervention,False,True,object_dropped,f4305e51c73d7ec58e7b7cf21103ca61af704836b6d6ba8786a19d023387a0f2,093171deee73c73233afa582007dc538d5372fbe19a180c78389ff37452cf336,c40fedd273cade53989af8adc3ca66d02f2d92ca4d97b2f6391a0dd0ab6dbca3,,,0.3,30.0,0.12,0.0075,0.03,0,full,True
REIM (ACT + Detector + Recovery),16,8000058,metaworld,True,58,0.12599025999952573,1,1,1,50,0.5670464634895325,task_success_while_recovery_active_per_intervention,True,False,,0b99b9e6d542cccd0fd4f0fdd9cf29feed07e7172e54bdf597e1c7a7e649f2b5,093171deee73c73233afa582007dc538d5372fbe19a180c78389ff37452cf336,942fb6a87dc1e3eb7bf7bb111c97e7096138256b4a9a6b4c62a012fabe8bec38,,,0.3,30.0,0.12,0.0075,0.03,0,full,True
REIM (ACT + Detector + Recovery),17,8000059,metaworld,True,58,0.1266551310000068,1,1,1,50,0.4826103746891022,task_success_while_recovery_active_per_intervention,True,False,,b7784d3cbf6ed008c78dc7c7ecef83162baf058119816444bb45130363c75f19,093171deee73c73233afa582007dc538d5372fbe19a180c78389ff37452cf336,0f719f94ef165c0b816b8b10c3f4f5fcf802c9f5a25141035590310315749280,,,0.3,30.0,0.12,0.0075,0.03,0,full,True
REIM (ACT + Detector + Recovery),18,8000060,metaworld,True,61,0.14029879399822676,1,1,1,51,0.20016007125377655,task_success_while_recovery_active_per_intervention,True,False,,8974be0398b6fd18c6747de6c8151d6e6744899b38b1e9e8c67ee892a9da17f8,093171deee73c73233afa582007dc538d5372fbe19a180c78389ff37452cf336,b8e45a2f8f553d53c6eef0305347f910b9999bcae6df6ccaf0eaee6ac864e670,,,0.3,30.0,0.12,0.0075,0.03,0,full,True
REIM (ACT + Detector + Recovery),19,8000061,metaworld,True,57,0.2906059710003319,0,0,0,0,0.11483174562454224,task_success_while_recovery_active_per_intervention,True,False,,5aed90bc43bde5be83681d22d027375eee9ea0a6ad27ff18c935b9a765be1a2c,093171deee73c73233afa582007dc538d5372fbe19a180c78389ff37452cf336,06d355d7aff3b944ab4199c02a94c63d062e5c414c0b195f7b232b607e0ab1ed,,,0.3,30.0,0.12,0.0075,0.03,0,full,True
REIM (ACT + Detector + Recovery),20,8000062,metaworld,True,54,0.14091162100157817,1,1,1,39,0.2888593077659607,task_success_while_recovery_active_per_intervention,True,False,,b537831af23695219acba12f36caab14c2dfc4074e23aca8c63c083c965d6b4f,093171deee73c73233afa582007dc538d5372fbe19a180c78389ff37452cf336,5e1df472084de78052388a34f03cad3de438ca9b5dc801b5759dd57c66a7482a,,,0.3,30.0,0.12,0.0075,0.03,0,full,True
REIM (ACT + Detector + Recovery),21,8000063,metaworld,True,58,0.284495436000725,0,0,0,0,0.18644331395626068,task_success_while_recovery_active_per_intervention,True,False,,5251904614ec34f78ea9bab571fc4bd1c41d2ade1303979f8945fb97ee06923a,093171deee73c73233afa582007dc538d5372fbe19a180c78389ff37452cf336,0cda21f8ffacf0a1e40e7b0e858a8e2ddc276972106d4bced99d4404b4a13fd8,,,0.3,30.0,0.12,0.0075,0.03,0,full,True
REIM (ACT + Detector + Recovery),22,8000064,metaworld,True,58,0.14293392800027505,1,1,1,45,0.20042620599269867,task_success_while_recovery_active_per_intervention,True,False,,05b34706452a8d747b050cd1ff1b26ad31988290378841e7246ff8b4deac79ad,093171deee73c73233afa582007dc538d5372fbe19a180c78389ff37452cf336,6cb8d983459a8e57d4ae53a86da2394015cabba2d7c306dcaf7b14af979ca230,,,0.3,30.0,0.12,0.0075,0.03,0,full,True
REIM (ACT + Detector + Recovery),23,8000065,metaworld,False,200,0.5391865300007339,1,0,1,150,0.9995802044868469,task_success_while_recovery_active_per_intervention,False,True,object_dropped,07a6c0a25b0637e83ab7f582c844e385b84ea11f5c96bc17d436159ee9cf8846,093171deee73c73233afa582007dc538d5372fbe19a180c78389ff37452cf336,39001749c902e2ab9d015efb8c7644faffff99810b709d3203dc359d5eacdcbd,,,0.3,30.0,0.12,0.0075,0.03,0,full,True
REIM (ACT + Detector + Recovery),24,8000066,metaworld,True,59,0.14770249299908755,1,1,1,48,0.3066658079624176,task_success_while_recovery_active_per_intervention,True,False,,7dd43dba35c6a2c5ec9b0e7cdf439b4e1a1231d9e649f8d5224fb01846f15703,093171deee73c73233afa582007dc538d5372fbe19a180c78389ff37452cf336,56b7f182edcfeefa9301e1edd53d7f36e4418de7e6df1b54b0f0c298cde1b3cd,,,0.3,30.0,0.12,0.0075,0.03,0,full,True
REIM (ACT + Detector + Recovery),25,8000067,metaworld,True,66,0.14487066400033655,1,1,1,59,0.31292539834976196,task_success_while_recovery_active_per_intervention,True,False,,ca0979cb55d527b193a661c27f2fb255bac9c0bf2816b027152c6364b9f95f80,093171deee73c73233afa582007dc538d5372fbe19a180c78389ff37452cf336,e216352c7f1c7392270c7c501bb599f2a46f420613a124fda0729ab88160cdf2,,,0.3,30.0,0.12,0.0075,0.03,0,full,True
REIM (ACT + Detector + Recovery),26,8000068,metaworld,True,54,0.14534018999984255,1,1,1,40,0.23278801143169403,task_success_while_recovery_active_per_intervention,True,False,,8d4602256c0a57b9e41261c23f8a4f323635d909247a11a49939636e29016235,093171deee73c73233afa582007dc538d5372fbe19a180c78389ff37452cf336,2eb279a724955c1a9d173681940490ec9cc8ed4fdc15a95533884a23d4ccdb4e,,,0.3,30.0,0.12,0.0075,0.03,0,full,True
REIM (ACT + Detector + Recovery),27,8000069,metaworld,True,51,0.2718781109979318,0,0,0,0,0.15069660544395447,task_success_while_recovery_active_per_intervention,True,False,,ee932c553f7c2abd2d9c5b5c08342ac264f73e03cb44d3bad75dfcde528898f9,093171deee73c73233afa582007dc538d5372fbe19a180c78389ff37452cf336,15a9adece7ebea14bdf37f5376e274c6dce4711281025cf35060933ba9ab8ad3,,,0.3,30.0,0.12,0.0075,0.03,0,full,True
REIM (ACT + Detector + Recovery),28,8000070,metaworld,False,200,0.5141444009968836,1,0,1,150,0.9983685612678528,task_success_while_recovery_active_per_intervention,False,True,timeout,d39c0bb2cf0fb9673725dd7c5a2d0748d4aacc6fe79dc35728981d3b3914cfdb,093171deee73c73233afa582007dc538d5372fbe19a180c78389ff37452cf336,5d73f28d4d24cdbcb36a5e5cd61ec1a82f7287ce56d88da8cea912ed757b164c,,,0.3,30.0,0.12,0.0075,0.03,0,full,True
REIM (ACT + Detector + Recovery),29,8000071,metaworld,True,53,0.17404360000000452,1,1,1,32,0.22660736739635468,task_success_while_recovery_active_per_intervention,True,False,,de16ea6ccd63a443ebd301b764baec995cdbeb91d935731ff54dac50f0361c68,093171deee73c73233afa582007dc538d5372fbe19a180c78389ff37452cf336,5e1df472084de78052388a34f03cad3de438ca9b5dc801b5759dd57c66a7482a,,,0.3,30.0,0.12,0.0075,0.03,0,full,True
REIM (ACT + Detector + Recovery),30,8000072,metaworld,True,59,0.14063578100103769,1,1,1,52,0.6452513337135315,task_success_while_recovery_active_per_intervention,True,False,,d6b47bc18f928352e976964736a1ccb340862e3c18baae886d8fab4cde844ed2,093171deee73c73233afa582007dc538d5372fbe19a180c78389ff37452cf336,aba21ef1c98d0573e36116c9757115227fd3793cba96aea7eda95c2547314ca3,,,0.3,30.0,0.12,0.0075,0.03,0,full,True
REIM (ACT + Detector + Recovery),31,8000073,metaworld,True,58,0.34575941100047203,0,0,0,0,0.19419902563095093,task_success_while_recovery_active_per_intervention,True,False,,ca742dcd5b7392414b26068f3721b226a2b60b828c0c6b74a72c83c5d2b94621,093171deee73c73233afa582007dc538d5372fbe19a180c78389ff37452cf336,b8e45a2f8f553d53c6eef0305347f910b9999bcae6df6ccaf0eaee6ac864e670,,,0.3,30.0,0.12,0.0075,0.03,0,full,True
REIM (ACT + Detector + Recovery),32,8000074,metaworld,True,58,0.13189706599951023,1,1,1,51,0.6663016080856323,task_success_while_recovery_active_per_intervention,True,False,,14fcd407eae74578e2fee650ef9e9bb34c8aa8933b2f151f2fa4db9ecdfb8a20,093171deee73c73233afa582007dc538d5372fbe19a180c78389ff37452cf336,ba19e0623fe05add91e00811bacb33e27305f5fcb6549be6f6278ebce6046101,,,0.3,30.0,0.12,0.0075,0.03,0,full,True
REIM (ACT + Detector + Recovery),33,8000075,metaworld,True,62,0.1492735169995285,1,1,1,48,0.36103153228759766,task_success_while_recovery_active_per_intervention,True,False,,e84687395e330092f747b607d69d3fce4b1b9ac40e497d2e37cb7004b2f9d0b6,093171deee73c73233afa582007dc538d5372fbe19a180c78389ff37452cf336,8a99d46d6d04afe3e2ef92bb607dde5e178b5c37506006c4f364e345976453b1,,,0.3,30.0,0.12,0.0075,0.03,0,full,True
REIM (ACT + Detector + Recovery),34,8000076,metaworld,False,200,0.5066026189997501,1,0,1,150,0.9996576309204102,task_success_while_recovery_active_per_intervention,False,True,object_dropped,dbc890efb1ab8f47c6b386bfa8db39fa090e1e0b9f94960e5689e4ebc5a09c73,093171deee73c73233afa582007dc538d5372fbe19a180c78389ff37452cf336,4e97203f8ce1a96cef19545d4c4c300d0de39e4f94bd1941cef7ebc3dd48be02,,,0.3,30.0,0.12,0.0075,0.03,0,full,True
REIM (ACT + Detector + Recovery),35,8000077,metaworld,True,63,0.1359456919999502,1,1,1,55,0.5024883151054382,task_success_while_recovery_active_per_intervention,True,False,,d6d35e06f9b9aeae4ae92f32269bf1f6057424bb1f1e588a9c136d083c1f1bc8,093171deee73c73233afa582007dc538d5372fbe19a180c78389ff37452cf336,06d355d7aff3b944ab4199c02a94c63d062e5c414c0b195f7b232b607e0ab1ed,,,0.3,30.0,0.12,0.0075,0.03,0,full,True
REIM (ACT + Detector + Recovery),36,8000078,metaworld,True,60,0.1270838790005655,1,1,1,53,0.3626900017261505,task_success_while_recovery_active_per_intervention,True,False,,4283bf3a91e16411189735d87e9ee88e0231eb0a7f7a410c648bd0de476e40a1,093171deee73c73233afa582007dc538d5372fbe19a180c78389ff37452cf336,39001749c902e2ab9d015efb8c7644faffff99810b709d3203dc359d5eacdcbd,,,0.3,30.0,0.12,0.0075,0.03,0,full,True
REIM (ACT + Detector + Recovery),37,8000079,metaworld,False,200,0.4970365910012333,1,0,1,150,0.9995974898338318,task_success_while_recovery_active_per_intervention,False,True,object_dropped,c031a82912685c2e7bfd44cc62fea0f118109e2513b1bb879c798a3bc0d87202,093171deee73c73233afa582007dc538d5372fbe19a180c78389ff37452cf336,8a99d46d6d04afe3e2ef92bb607dde5e178b5c37506006c4f364e345976453b1,,,0.3,30.0,0.12,0.0075,0.03,0,full,True
REIM (ACT + Detector + Recovery),38,8000080,metaworld,True,52,0.15857378199871164,1,1,1,29,0.21767796576023102,task_success_while_recovery_active_per_intervention,True,False,,9e7f039a97082e3dc405f186cd2f2b82b06c36eda05c876a05fa6e02411c815e,093171deee73c73233afa582007dc538d5372fbe19a180c78389ff37452cf336,5d73f28d4d24cdbcb36a5e5cd61ec1a82f7287ce56d88da8cea912ed757b164c,,,0.3,30.0,0.12,0.0075,0.03,0,full,True
REIM (ACT + Detector + Recovery),39,8000081,metaworld,True,62,0.13478789400323876,1,1,1,52,0.21177662909030914,task_success_while_recovery_active_per_intervention,True,False,,ef907b2a7f498f78a8c9ea532b67ddf1d800ea401d5c09795b6ac60ea5d09b07,093171deee73c73233afa582007dc538d5372fbe19a180c78389ff37452cf336,a8cfe6e2276fbd15230c5555255b87d17333bdd29f84f687df7405d0311fae7f,,,0.3,30.0,0.12,0.0075,0.03,0,full,True
REIM (ACT + Detector + Recovery),40,8000082,metaworld,True,53,0.1678468989994144,1,1,1,29,0.24144333600997925,task_success_while_recovery_active_per_intervention,True,False,,2f7ea9f8e7f674b6f0a552944b92201bf800b5249cd816886f35b15ca98a6c6c,093171deee73c73233afa582007dc538d5372fbe19a180c78389ff37452cf336,f82ceac6f8787ac22c378edc1f141cedcc86bf9309b43f1aff6633ae0a963abb,,,0.3,30.0,0.12,0.0075,0.03,0,full,True
REIM (ACT + Detector + Recovery),41,8000083,metaworld,True,64,0.32609469199815067,0,0,0,0,0.13715074956417084,task_success_while_recovery_active_per_intervention,True,False,,a1de1cb70c9ef8a4a6da0ef72523a2775d6dccab0cdc9eba9c839e7588b7a37c,093171deee73c73233afa582007dc538d5372fbe19a180c78389ff37452cf336,4e97203f8ce1a96cef19545d4c4c300d0de39e4f94bd1941cef7ebc3dd48be02,,,0.3,30.0,0.12,0.0075,0.03,0,full,True
REIM (ACT + Detector + Recovery),42,8000084,metaworld,False,200,0.5008636339989607,1,0,1,150,0.9966603517532349,task_success_while_recovery_active_per_intervention,False,True,timeout,3a273b22228bf3b09a8b9e01f00022698a19a7f41aeecf378d2ff00a9ab97641,093171deee73c73233afa582007dc538d5372fbe19a180c78389ff37452cf336,5d73f28d4d24cdbcb36a5e5cd61ec1a82f7287ce56d88da8cea912ed757b164c,,,0.3,30.0,0.12,0.0075,0.03,0,full,True
REIM (ACT + Detector + Recovery),43,8000085,metaworld,True,59,0.13268435599820805,1,1,1,49,0.3144895136356354,task_success_while_recovery_active_per_intervention,True,False,,68128a0452afb44c0355a9236313dda9a1dbaf4de9a6dddfa373963e7b96d057,093171deee73c73233afa582007dc538d5372fbe19a180c78389ff37452cf336,aba21ef1c98d0573e36116c9757115227fd3793cba96aea7eda95c2547314ca3,,,0.3,30.0,0.12,0.0075,0.03,0,full,True
REIM (ACT + Detector + Recovery),44,8000086,metaworld,True,50,0.13157937699725153,1,1,1,37,0.43851184844970703,task_success_while_recovery_active_per_intervention,True,False,,8a54ac0c6dc53f9596e9fbd32b84c16b1f4be4eebf35c85677b04873b35c5f0a,093171deee73c73233afa582007dc538d5372fbe19a180c78389ff37452cf336,27e1ed8c670f23dae46752497e383610e58c248d638e3b9b707808a32ce33d4e,,,0.3,30.0,0.12,0.0075,0.03,0,full,True
REIM (ACT + Detector + Recovery),45,8000087,metaworld,True,58,0.13281233200177667,1,1,1,49,0.34623637795448303,task_success_while_recovery_active_per_intervention,True,False,,f6e83e36f725663951ef1fe850e040a2732967f60f3734f4938f3b9c1e88bb1e,093171deee73c73233afa582007dc538d5372fbe19a180c78389ff37452cf336,ba19e0623fe05add91e00811bacb33e27305f5fcb6549be6f6278ebce6046101,,,0.3,30.0,0.12,0.0075,0.03,0,full,True
REIM (ACT + Detector + Recovery),46,8000088,metaworld,True,62,0.13894799800254987,1,1,1,52,0.20748496055603027,task_success_while_recovery_active_per_intervention,True,False,,99a6da740b3834f517602ee8f571b53136fd9e890a31f9804d3c8f0ffb9efb65,093171deee73c73233afa582007dc538d5372fbe19a180c78389ff37452cf336,e216352c7f1c7392270c7c501bb599f2a46f420613a124fda0729ab88160cdf2,,,0.3,30.0,0.12,0.0075,0.03,0,full,True
REIM (ACT + Detector + Recovery),47,8000089,metaworld,True,53,0.1692716469988227,1,1,1,30,0.2394365519285202,task_success_while_recovery_active_per_intervention,True,False,,2328ede00be633c88551defe4ecdbf47882d69109b23618c4c9bcb93889c52ed,093171deee73c73233afa582007dc538d5372fbe19a180c78389ff37452cf336,f82ceac6f8787ac22c378edc1f141cedcc86bf9309b43f1aff6633ae0a963abb,,,0.3,30.0,0.12,0.0075,0.03,0,full,True
REIM (ACT + Detector + Recovery),48,8000090,metaworld,True,57,0.15432184200108168,1,1,1,39,0.2226262092590332,task_success_while_recovery_active_per_intervention,True,False,,fc2d96c594c9b92e9bcbcd10df559a2eb04d5090e50d7a3532b4eb8ec31d73c8,093171deee73c73233afa582007dc538d5372fbe19a180c78389ff37452cf336,b8e45a2f8f553d53c6eef0305347f910b9999bcae6df6ccaf0eaee6ac864e670,,,0.3,30.0,0.12,0.0075,0.03,0,full,True
REIM (ACT + Detector + Recovery),49,8000091,metaworld,True,51,0.252673226998013,0,0,0,0,0.18059833347797394,task_success_while_recovery_active_per_intervention,True,False,,0dce9edf4b4c689088dfeb0b1b8cc08c370874d9b91cfe9ff72db19104155822,093171deee73c73233afa582007dc538d5372fbe19a180c78389ff37452cf336,c40fedd273cade53989af8adc3ca66d02f2d92ca4d97b2f6391a0dd0ab6dbca3,,,0.3,30.0,0.12,0.0075,0.03,0,full,True
REIM (ACT + Detector + Recovery),50,8000092,metaworld,True,57,0.21320676899995306,1,1,1,22,0.23683065176010132,task_success_while_recovery_active_per_intervention,True,False,,0b116536f48e7dbccf950aa75db61b72fb76d3a1603bb78bc9363d3ee1a19a3f,093171deee73c73233afa582007dc538d5372fbe19a180c78389ff37452cf336,48ce9609a38b32e56f7e6a43ffef71c21c8b1d17ed5a63d47701bc1dfc3ff271,,,0.3,30.0,0.12,0.0075,0.03,0,full,True
REIM (ACT + Detector + Recovery),51,8000093,metaworld,False,200,0.5055128300009528,1,0,1,149,0.9765591621398926,task_success_while_recovery_active_per_intervention,False,True,timeout,82ba754991ede97af38ba76cc0eec271aba2ed6a040d9f702e58648ce14851aa,093171deee73c73233afa582007dc538d5372fbe19a180c78389ff37452cf336,2ad5907877cc42b4447b9630988e3a1f0da0d83e1f696f71e22dc69905e631b6,,,0.3,30.0,0.12,0.0075,0.03,0,full,True
REIM (ACT + Detector + Recovery),52,8000094,metaworld,True,58,0.16279676200065296,1,1,1,39,0.31973764300346375,task_success_while_recovery_active_per_intervention,True,False,,b58042bec3518f5a41d2a935a310d2627d3e22a4ad0382f795aa916fa3f59dc4,093171deee73c73233afa582007dc538d5372fbe19a180c78389ff37452cf336,8a99d46d6d04afe3e2ef92bb607dde5e178b5c37506006c4f364e345976453b1,,,0.3,30.0,0.12,0.0075,0.03,0,full,True
REIM (ACT + Detector + Recovery),53,8000095,metaworld,True,55,0.1987917810001818,1,1,1,26,0.23676006495952606,task_success_while_recovery_active_per_intervention,True,False,,a308712a8a1090268de785ddabd0f5865d4469964e4d67030bb6e87430d76a5e,093171deee73c73233afa582007dc538d5372fbe19a180c78389ff37452cf336,942fb6a87dc1e3eb7bf7bb111c97e7096138256b4a9a6b4c62a012fabe8bec38,,,0.3,30.0,0.12,0.0075,0.03,0,full,True
REIM (ACT + Detector + Recovery),54,8000096,metaworld,False,200,0.5052351990016177,1,0,1,150,0.967205286026001,task_success_while_recovery_active_per_intervention,False,True,object_dropped,f8532fd70c0cb16e9933c69ab33ad1e3628d125208559728ab79567935f82fd5,093171deee73c73233afa582007dc538d5372fbe19a180c78389ff37452cf336,4e97203f8ce1a96cef19545d4c4c300d0de39e4f94bd1941cef7ebc3dd48be02,,,0.3,30.0,0.12,0.0075,0.03,0,full,True
REIM (ACT + Detector + Recovery),55,8000097,metaworld,True,54,0.27067603599789436,0,0,0,0,0.1273421347141266,task_success_while_recovery_active_per_intervention,True,False,,acea30cb5290075e3f8387a6edda5095df5cf506b853cf555518bc3e10dc1a8a,093171deee73c73233afa582007dc538d5372fbe19a180c78389ff37452cf336,742509487aeb71d366f1ddafa1cb12db2f7cfefe17c4ca89c98cffb67c1c8619,,,0.3,30.0,0.12,0.0075,0.03,0,full,True
REIM (ACT + Detector + Recovery),56,8000098,metaworld,True,54,0.17074174299705192,1,1,1,32,0.22754499316215515,task_success_while_recovery_active_per_intervention,True,False,,995c998d6e4d53398442140e174982875e08b80af96d26fa2a9b1feeace82f49,093171deee73c73233afa582007dc538d5372fbe19a180c78389ff37452cf336,08a97a6dfa17f78b5cc5b1351d60038e4a40a68fc93722672482714333b1d9b5,,,0.3,30.0,0.12,0.0075,0.03,0,full,True
REIM (ACT + Detector + Recovery),57,8000099,metaworld,True,56,0.11370792699744925,1,1,1,49,0.386837363243103,task_success_while_recovery_active_per_intervention,True,False,,d70e76129dd140096ec08808f5ffea51c9c257fc6ab53cb67616b1a6b6f2cdce,093171deee73c73233afa582007dc538d5372fbe19a180c78389ff37452cf336,35203d16cfa98b5f2e002fcb1ffde2400abf9459c161f6a289efa0c46eddb36f,,,0.3,30.0,0.12,0.0075,0.03,0,full,True
REIM (ACT + Detector + Recovery),58,8000100,metaworld,True,61,0.1538227420023759,1,1,1,43,0.32435089349746704,task_success_while_recovery_active_per_intervention,True,False,,d8305da90f0d51255fcef5dcfc5b94ee3882b8e65692e24501635074c0f47c14,093171deee73c73233afa582007dc538d5372fbe19a180c78389ff37452cf336,64ee837add19202e84553431fdab118462cf5265eeae19a4d044b5a6818f771d,,,0.3,30.0,0.12,0.0075,0.03,0,full,True
REIM (ACT + Detector + Recovery),59,8000101,metaworld,False,200,0.4750066960004915,1,0,1,150,0.9987678527832031,task_success_while_recovery_active_per_intervention,False,True,timeout,e9544e1d5fba899943d87493f1c77fa8703c5ec7a45ead38acb5bb5161dce74d,093171deee73c73233afa582007dc538d5372fbe19a180c78389ff37452cf336,06d355d7aff3b944ab4199c02a94c63d062e5c414c0b195f7b232b607e0ab1ed,,,0.3,30.0,0.12,0.0075,0.03,0,full,True
REIM (ACT + Detector + Recovery),60,8000102,metaworld,True,51,0.1279641420005646,1,1,1,37,0.48700034618377686,task_success_while_recovery_active_per_intervention,True,False,,7e06dff7cf3a41c51e2dd7ce7ef60e6941d9c137056516b80718ef4d717954c6,093171deee73c73233afa582007dc538d5372fbe19a180c78389ff37452cf336,08a97a6dfa17f78b5cc5b1351d60038e4a40a68fc93722672482714333b1d9b5,,,0.3,30.0,0.12,0.0075,0.03,0,full,True
REIM (ACT + Detector + Recovery),61,8000103,metaworld,True,57,0.12512347899973975,1,1,1,47,0.21529972553253174,task_success_while_recovery_active_per_intervention,True,False,,ecd067a20a444905405e052bee63c0318848f9991e9ea982062f1ce02d7b1f23,093171deee73c73233afa582007dc538d5372fbe19a180c78389ff37452cf336,0f719f94ef165c0b816b8b10c3f4f5fcf802c9f5a25141035590310315749280,,,0.3,30.0,0.12,0.0075,0.03,0,full,True
REIM (ACT + Detector + Recovery),62,8000104,metaworld,True,50,0.12926277199949254,1,1,1,34,0.21750518679618835,task_success_while_recovery_active_per_intervention,True,False,,a6c095e01a3e350d1cf773a87dc9ee2de00b8767120f654f65f87dd314af1ee7,093171deee73c73233afa582007dc538d5372fbe19a180c78389ff37452cf336,35203d16cfa98b5f2e002fcb1ffde2400abf9459c161f6a289efa0c46eddb36f,,,0.3,30.0,0.12,0.0075,0.03,0,full,True
REIM (ACT + Detector + Recovery),63,8000105,metaworld,False,200,0.4802016809990164,1,0,1,148,0.9951767921447754,task_success_while_recovery_active_per_intervention,False,True,object_dropped,ba712329d4a98ae50770208655ba08c65dd1229463d7edc513898bd64c22dc86,093171deee73c73233afa582007dc538d5372fbe19a180c78389ff37452cf336,4e97203f8ce1a96cef19545d4c4c300d0de39e4f94bd1941cef7ebc3dd48be02,,,0.3,30.0,0.12,0.0075,0.03,0,full,True
REIM (ACT + Detector + Recovery),64,8000106,metaworld,True,58,0.27179951300058747,0,0,0,0,0.15411271154880524,task_success_while_recovery_active_per_intervention,True,False,,94be13ea3dfe5660346152bb7ee9bf93ad5321cac234ae4029ccc35c1b2d7afb,093171deee73c73233afa582007dc538d5372fbe19a180c78389ff37452cf336,06d355d7aff3b944ab4199c02a94c63d062e5c414c0b195f7b232b607e0ab1ed,,,0.3,30.0,0.12,0.0075,0.03,0,full,True
REIM (ACT + Detector + Recovery),65,8000107,metaworld,True,61,0.13457832499989308,1,1,1,50,0.3538629114627838,task_success_while_recovery_active_per_intervention,True,False,,656ebaa988ca366be0ce49ab5b391b04c010ec9e28b6049c9cb01f6fd94bd965,093171deee73c73233afa582007dc538d5372fbe19a180c78389ff37452cf336,0cda21f8ffacf0a1e40e7b0e858a8e2ddc276972106d4bced99d4404b4a13fd8,,,0.3,30.0,0.12,0.0075,0.03,0,full,True
REIM (ACT + Detector + Recovery),66,8000108,metaworld,True,53,0.25324028900286066,0,0,0,0,0.17930090427398682,task_success_while_recovery_active_per_intervention,True,False,,4105368ece2d978dea2306fe4cbe915fd9a7729e19d76bde19a8d122fa73800c,093171deee73c73233afa582007dc538d5372fbe19a180c78389ff37452cf336,2ad5907877cc42b4447b9630988e3a1f0da0d83e1f696f71e22dc69905e631b6,,,0.3,30.0,0.12,0.0075,0.03,0,full,True
REIM (ACT + Detector + Recovery),67,8000109,metaworld,True,58,0.27399204799803556,0,0,0,0,0.15642453730106354,task_success_while_recovery_active_per_intervention,True,False,,7e3d3ee306b9a39918bb64b8ee213c607b8332c1fafb0aa80b183aa1024d78c3,093171deee73c73233afa582007dc538d5372fbe19a180c78389ff37452cf336,a8cfe6e2276fbd15230c5555255b87d17333bdd29f84f687df7405d0311fae7f,,,0.3,30.0,0.12,0.0075,0.03,0,full,True
REIM (ACT + Detector + Recovery),68,8000110,metaworld,True,56,0.12174670199965476,1,1,1,46,0.3644014000892639,task_success_while_recovery_active_per_intervention,True,False,,7dd78dbf61d9260850143da611b2f768aa066bbb091442b3125f77e4825cc9cc,093171deee73c73233afa582007dc538d5372fbe19a180c78389ff37452cf336,0f719f94ef165c0b816b8b10c3f4f5fcf802c9f5a25141035590310315749280,,,0.3,30.0,0.12,0.0075,0.03,0,full,True
REIM (ACT + Detector + Recovery),69,8000111,metaworld,True,62,0.13710522299879813,1,1,1,52,0.32893943786621094,task_success_while_recovery_active_per_intervention,True,False,,1be9672aa4f4e406560b1eea84edf02b27882436c79f0e21e80a21bdc316bd59,093171deee73c73233afa582007dc538d5372fbe19a180c78389ff37452cf336,3183afb500ebb9a5af177cccb5b5889a8321eb35261f8ec571269f8b5ed9cd1a,,,0.3,30.0,0.12,0.0075,0.03,0,full,True
REIM (ACT + Detector + Recovery),70,8000112,metaworld,False,200,0.5153024299979734,1,0,1,137,0.987838625907898,task_success_while_recovery_active_per_intervention,False,True,object_dropped,9b622b8e635b3c65f912161396bcaced12969af406fe8ad0d2430c0ac3888cab,093171deee73c73233afa582007dc538d5372fbe19a180c78389ff37452cf336,a8cfe6e2276fbd15230c5555255b87d17333bdd29f84f687df7405d0311fae7f,,,0.3,30.0,0.12,0.0075,0.03,0,full,True
REIM (ACT + Detector + Recovery),71,8000113,metaworld,True,59,0.14745091999793658,1,1,1,42,0.34225261211395264,task_success_while_recovery_active_per_intervention,True,False,,3211669fa345c882d3f73076867f9b19669b7c22546e146ac1c3470f3f3e5382,093171deee73c73233afa582007dc538d5372fbe19a180c78389ff37452cf336,f82ceac6f8787ac22c378edc1f141cedcc86bf9309b43f1aff6633ae0a963abb,,,0.3,30.0,0.12,0.0075,0.03,0,full,True
REIM (ACT + Detector + Recovery),72,8000114,metaworld,True,48,0.14538670900219586,1,1,1,26,0.20821112394332886,task_success_while_recovery_active_per_intervention,True,False,,a0bf537125454e506071058d47e28daf80f516080ccf10f445d0015c3d48502d,093171deee73c73233afa582007dc538d5372fbe19a180c78389ff37452cf336,e6e55bdbd77dc052facbc072d20b08a21d116978c37627b9a3d9dc7989dfbe62,,,0.3,30.0,0.12,0.0075,0.03,0,full,True
REIM (ACT + Detector + Recovery),73,8000115,metaworld,True,62,0.2952018690011755,0,0,0,0,0.14379313588142395,task_success_while_recovery_active_per_intervention,True,False,,61138546fbde2cbffb799e60e72d6e52d194e6739186395fe084c80fc2af0eae,093171deee73c73233afa582007dc538d5372fbe19a180c78389ff37452cf336,1c856fdcb5da12c3fa2d15b38741aa980fa3a47e64fb99f8635817590128f9ea,,,0.3,30.0,0.12,0.0075,0.03,0,full,True
REIM (ACT + Detector + Recovery),74,8000116,metaworld,True,51,0.12158808000094723,1,1,1,39,0.24397249519824982,task_success_while_recovery_active_per_intervention,True,False,,b7201eb24be8dd18d0ca11a62321d7d038b7e090f4131de37a7325cb58a6ee73,093171deee73c73233afa582007dc538d5372fbe19a180c78389ff37452cf336,27e1ed8c670f23dae46752497e383610e58c248d638e3b9b707808a32ce33d4e,,,0.3,30.0,0.12,0.0075,0.03,0,full,True
REIM (ACT + Detector + Recovery),75,8000117,metaworld,True,58,0.12064711700077169,1,1,1,49,0.4123637080192566,task_success_while_recovery_active_per_intervention,True,False,,d583ab754a06ef689e0e0d0a39f106fea3108cdad8fd47d5da31fcbb6cc18235,093171deee73c73233afa582007dc538d5372fbe19a180c78389ff37452cf336,3183afb500ebb9a5af177cccb5b5889a8321eb35261f8ec571269f8b5ed9cd1a,,,0.3,30.0,0.12,0.0075,0.03,0,full,True
REIM (ACT + Detector + Recovery),76,8000118,metaworld,True,54,0.1528308429988101,1,1,1,33,0.28796014189720154,task_success_while_recovery_active_per_intervention,True,False,,45f4b58c5c38ec633d3176453eea30a431c8e1d380c5064f0140015e460e0eb6,093171deee73c73233afa582007dc538d5372fbe19a180c78389ff37452cf336,acfaed29b052207b47b4b7fa76672795fd08de3add8565db05f141de82ece90b,,,0.3,30.0,0.12,0.0075,0.03,0,full,True
REIM (ACT + Detector + Recovery),77,8000119,metaworld,False,200,0.4718304089983576,1,0,1,150,0.9995099306106567,task_success_while_recovery_active_per_intervention,False,True,timeout,22cbf3db00dd48c9578b8c537b44f2a623df6ee17af4a72ed82fd4143d45d943,093171deee73c73233afa582007dc538d5372fbe19a180c78389ff37452cf336,7c3391ee418e26d47c002810bc00065e4dd0b6728c969d2338ad549ad01ebb0a,,,0.3,30.0,0.12,0.0075,0.03,0,full,True
REIM (ACT + Detector + Recovery),78,8000120,metaworld,True,56,0.16488751799988677,1,1,1,32,0.20518799126148224,task_success_while_recovery_active_per_intervention,True,False,,be644fb80a232f9fc81fec13200d0ad61b10f5070a90aca2ea8e15e3132f0e83,093171deee73c73233afa582007dc538d5372fbe19a180c78389ff37452cf336,64ee837add19202e84553431fdab118462cf5265eeae19a4d044b5a6818f771d,,,0.3,30.0,0.12,0.0075,0.03,0,full,True
REIM (ACT + Detector + Recovery),79,8000121,metaworld,False,200,0.4772132899997814,1,0,1,150,0.9792282581329346,task_success_while_recovery_active_per_intervention,False,True,object_dropped,181cf5e31a4a47141af796efd40cea70d185a3158ff5630fd8ffebb7edc36c14,093171deee73c73233afa582007dc538d5372fbe19a180c78389ff37452cf336,25805a097f1f4b8c203ec3c130dcd3e66b5fb3ad298114a08662aae6c86fa673,,,0.3,30.0,0.12,0.0075,0.03,0,full,True
REIM (ACT + Detector + Recovery),80,8000122,metaworld,False,200,0.46773880899854703,1,0,1,150,0.9943621158599854,task_success_while_recovery_active_per_intervention,False,True,timeout,36376c5dee1c941a98677e90c6ec3f9c2d744e89d979664e494a8710d4c1a4fd,093171deee73c73233afa582007dc538d5372fbe19a180c78389ff37452cf336,2eb279a724955c1a9d173681940490ec9cc8ed4fdc15a95533884a23d4ccdb4e,,,0.3,30.0,0.12,0.0075,0.03,0,full,True
REIM (ACT + Detector + Recovery),81,8000123,metaworld,False,200,0.471278329998313,1,0,1,150,0.9961342811584473,task_success_while_recovery_active_per_intervention,False,True,timeout,197a16975b503da42c564d5bf682e49f8c7adfa50c42e85c4b67c995a22c7ab4,093171deee73c73233afa582007dc538d5372fbe19a180c78389ff37452cf336,25805a097f1f4b8c203ec3c130dcd3e66b5fb3ad298114a08662aae6c86fa673,,,0.3,30.0,0.12,0.0075,0.03,0,full,True
REIM (ACT + Detector + Recovery),82,8000124,metaworld,True,53,0.10971290700035752,1,1,1,45,0.46497416496276855,task_success_while_recovery_active_per_intervention,True,False,,0a65643b097b1f224fea56603cd948769b1666f0f7b76d0483c8b0efa8fe69d9,093171deee73c73233afa582007dc538d5372fbe19a180c78389ff37452cf336,bb2c6b1aed959fa3ddddb1c215ce67cbb5b0ec080eb65fb58e06b7776849a096,,,0.3,30.0,0.12,0.0075,0.03,0,full,True
REIM (ACT + Detector + Recovery),83,8000125,metaworld,True,49,0.15881281099791522,1,1,1,25,0.2245442420244217,task_success_while_recovery_active_per_intervention,True,False,,fd07245fdd89910528153afacb68bdfa5025c4f31d258fb21c11cabae72fed55,093171deee73c73233afa582007dc538d5372fbe19a180c78389ff37452cf336,08a97a6dfa17f78b5cc5b1351d60038e4a40a68fc93722672482714333b1d9b5,,,0.3,30.0,0.12,0.0075,0.03,0,full,True
REIM (ACT + Detector + Recovery),84,8000126,metaworld,True,57,0.2621682669996517,0,0,0,0,0.1257333606481552,task_success_while_recovery_active_per_intervention,True,False,,3b45fea099a3d0508560bbada93ab39114f638fa002abd2d75ec6c2c45fc32c4,093171deee73c73233afa582007dc538d5372fbe19a180c78389ff37452cf336,25805a097f1f4b8c203ec3c130dcd3e66b5fb3ad298114a08662aae6c86fa673,,,0.3,30.0,0.12,0.0075,0.03,0,full,True
REIM (ACT + Detector + Recovery),85,8000127,metaworld,True,63,0.29165649599963217,0,0,0,0,0.19124335050582886,task_success_while_recovery_active_per_intervention,True,False,,cb7080e432d454576e87a04b54aecf444d394a1da357d348f8b211152469d7c2,093171deee73c73233afa582007dc538d5372fbe19a180c78389ff37452cf336,1c856fdcb5da12c3fa2d15b38741aa980fa3a47e64fb99f8635817590128f9ea,,,0.3,30.0,0.12,0.0075,0.03,0,full,True
REIM (ACT + Detector + Recovery),86,8000128,metaworld,True,56,0.12609990099736024,1,1,1,45,0.33818018436431885,task_success_while_recovery_active_per_intervention,True,False,,36403427e20747a7b50c328e39a1ae6c0585681d8e9159b9244d487a91cbc6bd,093171deee73c73233afa582007dc538d5372fbe19a180c78389ff37452cf336,5e1df472084de78052388a34f03cad3de438ca9b5dc801b5759dd57c66a7482a,,,0.3,30.0,0.12,0.0075,0.03,0,full,True
REIM (ACT + Detector + Recovery),87,8000129,metaworld,True,62,0.18098834400007036,1,1,1,35,0.21387192606925964,task_success_while_recovery_active_per_intervention,True,False,,f65b5aa65f8b66df8a46727e4bb867e7e57dec245036792e24493dee1e9c8b83,093171deee73c73233afa582007dc538d5372fbe19a180c78389ff37452cf336,1c856fdcb5da12c3fa2d15b38741aa980fa3a47e64fb99f8635817590128f9ea,,,0.3,30.0,0.12,0.0075,0.03,0,full,True
REIM (ACT + Detector + Recovery),88,8000130,metaworld,True,55,0.17161513199971523,1,1,1,27,0.2922589182853699,task_success_while_recovery_active_per_intervention,True,False,,3249f20644502223e930d5cd135cb4ae02b8b241f0409e9487d1a9fe2815c35b,093171deee73c73233afa582007dc538d5372fbe19a180c78389ff37452cf336,942fb6a87dc1e3eb7bf7bb111c97e7096138256b4a9a6b4c62a012fabe8bec38,,,0.3,30.0,0.12,0.0075,0.03,0,full,True
REIM (ACT + Detector + Recovery),89,8000131,metaworld,True,58,0.12102256399884936,1,1,1,49,0.5288413166999817,task_success_while_recovery_active_per_intervention,True,False,,dca0d5ef472b0d9c7a160dc14cf0eddf2599fd6c955bb99881e254618a58cd2d,093171deee73c73233afa582007dc538d5372fbe19a180c78389ff37452cf336,0f719f94ef165c0b816b8b10c3f4f5fcf802c9f5a25141035590310315749280,,,0.3,30.0,0.12,0.0075,0.03,0,full,True
REIM (ACT + Detector + Recovery),90,8000132,metaworld,True,53,0.1604690469976049,1,1,1,29,0.20944243669509888,task_success_while_recovery_active_per_intervention,True,False,,807e2ad5a9cd6a76038ce457efbeddc4f09a2d8517c34b4f01a005f4d44338f8,093171deee73c73233afa582007dc538d5372fbe19a180c78389ff37452cf336,c40fedd273cade53989af8adc3ca66d02f2d92ca4d97b2f6391a0dd0ab6dbca3,,,0.3,30.0,0.12,0.0075,0.03,0,full,True
REIM (ACT + Detector + Recovery),91,8000133,metaworld,True,56,0.13857618700058083,1,1,1,41,0.22680093348026276,task_success_while_recovery_active_per_intervention,True,False,,c741a4fc7fd4da9d41040f522a93d65e2d7d66229ad7cfa86cd55af0c170a845,093171deee73c73233afa582007dc538d5372fbe19a180c78389ff37452cf336,38329c6b97bbe7d133bf007c22742dca5f0cd7258f8d7199135c6c2371ae591d,,,0.3,30.0,0.12,0.0075,0.03,0,full,True
REIM (ACT + Detector + Recovery),92,8000134,metaworld,True,59,0.2779335129998799,0,0,0,0,0.1636320948600769,task_success_while_recovery_active_per_intervention,True,False,,380695c619bdd7dc167bac184de0016bd27dc30ef8dc0781073b3ed7e53509f1,093171deee73c73233afa582007dc538d5372fbe19a180c78389ff37452cf336,48ce9609a38b32e56f7e6a43ffef71c21c8b1d17ed5a63d47701bc1dfc3ff271,,,0.3,30.0,0.12,0.0075,0.03,0,full,True
REIM (ACT + Detector + Recovery),93,8000135,metaworld,False,200,0.58412457400118,1,0,1,114,0.825106680393219,task_success_while_recovery_active_per_intervention,False,True,timeout,9771125f4cd60be295cb0667d9885091ee066f42a2ac6b318b75977805a0d848,093171deee73c73233afa582007dc538d5372fbe19a180c78389ff37452cf336,48ce9609a38b32e56f7e6a43ffef71c21c8b1d17ed5a63d47701bc1dfc3ff271,,,0.3,30.0,0.12,0.0075,0.03,0,full,True
REIM (ACT + Detector + Recovery),94,8000136,metaworld,True,52,0.1069364629984193,1,1,1,45,0.36606428027153015,task_success_while_recovery_active_per_intervention,True,False,,bf4d5941faf0158083c961596a3587196f26c8d283336ff4af6b762987ac1d7a,093171deee73c73233afa582007dc538d5372fbe19a180c78389ff37452cf336,bb2c6b1aed959fa3ddddb1c215ce67cbb5b0ec080eb65fb58e06b7776849a096,,,0.3,30.0,0.12,0.0075,0.03,0,full,True
REIM (ACT + Detector + Recovery),95,8000137,metaworld,True,51,0.13495046500247554,1,1,1,34,0.28647691011428833,task_success_while_recovery_active_per_intervention,True,False,,32611936cba8d14d1ef7d21cb233351d5038fbeba890e237ac5b6641246ed3e6,093171deee73c73233afa582007dc538d5372fbe19a180c78389ff37452cf336,27e1ed8c670f23dae46752497e383610e58c248d638e3b9b707808a32ce33d4e,,,0.3,30.0,0.12,0.0075,0.03,0,full,True
REIM (ACT + Detector + Recovery),96,8000138,metaworld,True,55,0.2561587550007971,0,0,0,0,0.18833616375923157,task_success_while_recovery_active_per_intervention,True,False,,6718dd804f49217b09f2ddc104a403f25a6502b7978ec9ccf82a412a3c2d5e76,093171deee73c73233afa582007dc538d5372fbe19a180c78389ff37452cf336,08a97a6dfa17f78b5cc5b1351d60038e4a40a68fc93722672482714333b1d9b5,,,0.3,30.0,0.12,0.0075,0.03,0,full,True
REIM (ACT + Detector + Recovery),97,8000139,metaworld,True,60,0.14551491000020178,1,1,1,44,0.2973203957080841,task_success_while_recovery_active_per_intervention,True,False,,3a289a0df3eee0f4c3614499b500753eff14671c913c8ec40a6d5ecca97450ea,093171deee73c73233afa582007dc538d5372fbe19a180c78389ff37452cf336,b8e45a2f8f553d53c6eef0305347f910b9999bcae6df6ccaf0eaee6ac864e670,,,0.3,30.0,0.12,0.0075,0.03,0,full,True
REIM (ACT + Detector + Recovery),98,8000140,metaworld,False,200,0.47620700799961924,1,0,1,150,0.9996646642684937,task_success_while_recovery_active_per_intervention,False,True,object_dropped,dc0f695b1bc902efb33f2438914c4a376401215e3d7d440397ec12d54faa6e6e,093171deee73c73233afa582007dc538d5372fbe19a180c78389ff37452cf336,f82ceac6f8787ac22c378edc1f141cedcc86bf9309b43f1aff6633ae0a963abb,,,0.3,30.0,0.12,0.0075,0.03,0,full,True
REIM (ACT + Detector + Recovery),99,8000141,metaworld,True,59,0.14765934200113406,1,1,1,44,0.259809285402298,task_success_while_recovery_active_per_intervention,True,False,,f4388da0f188466b337d1bb5dc3e39d9bd39ab33922efc79a1eff8a6c26e6357,093171deee73c73233afa582007dc538d5372fbe19a180c78389ff37452cf336,f82ceac6f8787ac22c378edc1f141cedcc86bf9309b43f1aff6633ae0a963abb,,,0.3,30.0,0.12,0.0075,0.03,0,full,True
REIM (ACT + Detector + Recovery),100,8000142,metaworld,False,200,0.5041930730003514,1,0,1,145,0.9824563264846802,task_success_while_recovery_active_per_intervention,False,True,object_dropped,2e1d99b2f2cc1e2f54ae44bb670d05b388c021ad7a281364c827957802cbc2bf,093171deee73c73233afa582007dc538d5372fbe19a180c78389ff37452cf336,e216352c7f1c7392270c7c501bb599f2a46f420613a124fda0729ab88160cdf2,,,0.3,30.0,0.12,0.0075,0.03,0,full,True
REIM (ACT + Detector + Recovery),101,8000143,metaworld,True,57,0.1251489149981353,1,1,1,48,0.2720105051994324,task_success_while_recovery_active_per_intervention,True,False,,37597ccc5a379553a6a69407c931432a1d4d330b8002747f2bde652ed425b9d5,093171deee73c73233afa582007dc538d5372fbe19a180c78389ff37452cf336,35203d16cfa98b5f2e002fcb1ffde2400abf9459c161f6a289efa0c46eddb36f,,,0.3,30.0,0.12,0.0075,0.03,0,full,True
REIM (ACT + Detector + Recovery),102,8000144,metaworld,True,52,0.13218097999924794,1,1,1,37,0.42794251441955566,task_success_while_recovery_active_per_intervention,True,False,,db1b2033276ab5b8bcc1c916026a783d45735be33cda6486d2aa5b598fd1b7e2,093171deee73c73233afa582007dc538d5372fbe19a180c78389ff37452cf336,504c23f653f6cdee9d659d9320b164606b319d4f0e9cdf0f3a87e2fc7a98160a,,,0.3,30.0,0.12,0.0075,0.03,0,full,True
REIM (ACT + Detector + Recovery),103,8000145,metaworld,True,58,0.2781118509992666,0,0,0,0,0.15672878921031952,task_success_while_recovery_active_per_intervention,True,False,,3950478567fa100fae6144901ff0a60f950694bbc92a728022d47572ecc56a35,093171deee73c73233afa582007dc538d5372fbe19a180c78389ff37452cf336,a0b103bf3e43f4aa92753185301eba5e2e31594285004b99f51a59b33bd2d620,,,0.3,30.0,0.12,0.0075,0.03,0,full,True
REIM (ACT + Detector + Recovery),104,8000146,metaworld,True,60,0.2852022429979115,0,0,0,0,0.14096087217330933,task_success_while_recovery_active_per_intervention,True,False,,cc0cd65eb9e23e834e82204025602b5a0e0deb336f2a0bb4b74c06a5528297a9,093171deee73c73233afa582007dc538d5372fbe19a180c78389ff37452cf336,56b7f182edcfeefa9301e1edd53d7f36e4418de7e6df1b54b0f0c298cde1b3cd,,,0.3,30.0,0.12,0.0075,0.03,0,full,True
REIM (ACT + Detector + Recovery),105,8000147,metaworld,True,53,0.2510119649996341,0,0,0,0,0.17543074488639832,task_success_while_recovery_active_per_intervention,True,False,,f800f87c9ebf7de84f0db633260e6d59890d1a4fe1db233c737d26558ec5de1b,093171deee73c73233afa582007dc538d5372fbe19a180c78389ff37452cf336,08a97a6dfa17f78b5cc5b1351d60038e4a40a68fc93722672482714333b1d9b5,,,0.3,30.0,0.12,0.0075,0.03,0,full,True
REIM (ACT + Detector + Recovery),106,8000148,metaworld,True,51,0.13273725800172542,1,1,1,36,0.3551316261291504,task_success_while_recovery_active_per_intervention,True,False,,8cafa1a3ad72a7cf2ffd766747112019854cefc92a7df07c9e05be91243b9311,093171deee73c73233afa582007dc538d5372fbe19a180c78389ff37452cf336,08a97a6dfa17f78b5cc5b1351d60038e4a40a68fc93722672482714333b1d9b5,,,0.3,30.0,0.12,0.0075,0.03,0,full,True
REIM (ACT + Detector + Recovery),107,8000149,metaworld,True,58,0.1883768740008236,1,1,1,29,0.2034696340560913,task_success_while_recovery_active_per_intervention,True,False,,3e707c7678093303bdc2025ad432db9e3188f5393c82e8bccda71b34e81aeca0,093171deee73c73233afa582007dc538d5372fbe19a180c78389ff37452cf336,524e161a612d94c222d06154bcd0129d0851b8fad51ae883abbef6e86d43cbb0,,,0.3,30.0,0.12,0.0075,0.03,0,full,True
REIM (ACT + Detector + Recovery),108,8000150,metaworld,True,47,0.22321871900203405,0,0,0,0,0.19123868644237518,task_success_while_recovery_active_per_intervention,True,False,,72ba3019e19a978fcef290e14647938b7fe5e32369c522ef3819ead48572c3cf,093171deee73c73233afa582007dc538d5372fbe19a180c78389ff37452cf336,5d73f28d4d24cdbcb36a5e5cd61ec1a82f7287ce56d88da8cea912ed757b164c,,,0.3,30.0,0.12,0.0075,0.03,0,full,True
REIM (ACT + Detector + Recovery),109,8000151,metaworld,True,56,0.14447592199940118,1,1,1,39,0.26991158723831177,task_success_while_recovery_active_per_intervention,True,False,,fe5d435a71e15df6e060a6cd61c48aa6be234b1361cb4163cf2e0e4391b8c118,093171deee73c73233afa582007dc538d5372fbe19a180c78389ff37452cf336,aa1f17aacdf569c3a2930a2ebbf742ff43f8d3acfc772731a5c344cabcd52570,,,0.3,30.0,0.12,0.0075,0.03,0,full,True
REIM (ACT + Detector + Recovery),110,8000152,metaworld,True,53,0.1410593689979578,1,1,1,35,0.3708711862564087,task_success_while_recovery_active_per_intervention,True,False,,3bc16325a196f3c4d2704ca75de8829b849914fffacd8c4ba917b677a68ba6a4,093171deee73c73233afa582007dc538d5372fbe19a180c78389ff37452cf336,cea0b9105255f82e0ee99bfb3998a6edce02b446d4b14afb0747282cd18aa202,,,0.3,30.0,0.12,0.0075,0.03,0,full,True
REIM (ACT + Detector + Recovery),111,8000153,metaworld,False,200,0.47411541099791066,1,0,1,150,0.9963399171829224,task_success_while_recovery_active_per_intervention,False,True,object_dropped,cb7c9ef2e52d4ad665288ade430c24b93d6fc7cf9f0f4b0b2bfda53d3e1d7611,093171deee73c73233afa582007dc538d5372fbe19a180c78389ff37452cf336,e6e55bdbd77dc052facbc072d20b08a21d116978c37627b9a3d9dc7989dfbe62,,,0.3,30.0,0.12,0.0075,0.03,0,full,True
REIM (ACT + Detector + Recovery),112,8000154,metaworld,True,58,0.13730286200006958,1,1,1,45,0.28312602639198303,task_success_while_recovery_active_per_intervention,True,False,,9319f272444674a7d8e936c3ae382602065169e5c5c49a2072594b798853a442,093171deee73c73233afa582007dc538d5372fbe19a180c78389ff37452cf336,5e1df472084de78052388a34f03cad3de438ca9b5dc801b5759dd57c66a7482a,,,0.3,30.0,0.12,0.0075,0.03,0,full,True
REIM (ACT + Detector + Recovery),113,8000155,metaworld,True,56,0.16108190099839703,1,1,1,34,0.3331873416900635,task_success_while_recovery_active_per_intervention,True,False,,772a80201ed9549be215fac7195f5f787428697b8fd6d22c5e260d7f46a536f0,093171deee73c73233afa582007dc538d5372fbe19a180c78389ff37452cf336,8a99d46d6d04afe3e2ef92bb607dde5e178b5c37506006c4f364e345976453b1,,,0.3,30.0,0.12,0.0075,0.03,0,full,True
REIM (ACT + Detector + Recovery),114,8000156,metaworld,False,200,0.47888823699759087,1,0,1,150,0.9631335139274597,task_success_while_recovery_active_per_intervention,False,True,timeout,5267773dfc377960e8172f4a3fa86934157b7902580875b367f7fce08b5e3daf,093171deee73c73233afa582007dc538d5372fbe19a180c78389ff37452cf336,a8cfe6e2276fbd15230c5555255b87d17333bdd29f84f687df7405d0311fae7f,,,0.3,30.0,0.12,0.0075,0.03,0,full,True
REIM (ACT + Detector + Recovery),115,8000157,metaworld,True,51,0.11995376599952579,1,1,1,39,0.40243056416511536,task_success_while_recovery_active_per_intervention,True,False,,bd1172c3cfcfbb9efe5f0f73c888f5bf2e3cf208bd294f6df76356befd110e2b,093171deee73c73233afa582007dc538d5372fbe19a180c78389ff37452cf336,08a97a6dfa17f78b5cc5b1351d60038e4a40a68fc93722672482714333b1d9b5,,,0.3,30.0,0.12,0.0075,0.03,0,full,True
REIM (ACT + Detector + Recovery),116,8000158,metaworld,True,64,0.15560339800140355,1,1,1,48,0.4170375168323517,task_success_while_recovery_active_per_intervention,True,False,,0f575e495facb2cffb634dcffd760e4d6eb0a105ed23b6ca4172ce4163b0f66b,093171deee73c73233afa582007dc538d5372fbe19a180c78389ff37452cf336,b8e45a2f8f553d53c6eef0305347f910b9999bcae6df6ccaf0eaee6ac864e670,,,0.3,30.0,0.12,0.0075,0.03,0,full,True
REIM (ACT + Detector + Recovery),117,8000159,metaworld,False,200,0.4788135919989145,1,0,1,150,0.9987738728523254,task_success_while_recovery_active_per_intervention,False,True,timeout,5e60a02e35494710fda77c7264713a23c4a63428e5af846b8124a93210c85483,093171deee73c73233afa582007dc538d5372fbe19a180c78389ff37452cf336,0f719f94ef165c0b816b8b10c3f4f5fcf802c9f5a25141035590310315749280,,,0.3,30.0,0.12,0.0075,0.03,0,full,True
REIM (ACT + Detector + Recovery),118,8000160,metaworld,True,54,0.14580959099839674,1,1,1,37,0.35654494166374207,task_success_while_recovery_active_per_intervention,True,False,,f84a9dcbd4df05b66e4248e723b80c356becdc84f28eaa557997ce07771f0242,093171deee73c73233afa582007dc538d5372fbe19a180c78389ff37452cf336,342b72dafe0e47ecf8a937cb01e62ac02c2d77bf93dafca59574cbbbfc4ad77b,,,0.3,30.0,0.12,0.0075,0.03,0,full,True
REIM (ACT + Detector + Recovery),119,8000161,metaworld,True,56,0.14625789699857705,1,1,1,41,0.2720593810081482,task_success_while_recovery_active_per_intervention,True,False,,1cd9954d8390cf6afef99981be7658e10ad9c2609123ebc0e611929dbc3a969d,093171deee73c73233afa582007dc538d5372fbe19a180c78389ff37452cf336,ba19e0623fe05add91e00811bacb33e27305f5fcb6549be6f6278ebce6046101,,,0.3,30.0,0.12,0.0075,0.03,0,full,True
REIM (ACT + Detector + Recovery),120,8000162,metaworld,True,55,0.14136098399831099,1,1,1,42,0.2785484194755554,task_success_while_recovery_active_per_intervention,True,False,,df8b27ebc83ce7b2a197a9142df82d9dd9061347854819a15fc83288b827dab4,093171deee73c73233afa582007dc538d5372fbe19a180c78389ff37452cf336,acfaed29b052207b47b4b7fa76672795fd08de3add8565db05f141de82ece90b,,,0.3,30.0,0.12,0.0075,0.03,0,full,True
REIM (ACT + Detector + Recovery),121,8000163,metaworld,True,55,0.2577627749997191,0,0,0,0,0.15397103130817413,task_success_while_recovery_active_per_intervention,True,False,,11c44f691767e640281548addc297de9060a20fdff5b14c99aff8287266bfa36,093171deee73c73233afa582007dc538d5372fbe19a180c78389ff37452cf336,0cda21f8ffacf0a1e40e7b0e858a8e2ddc276972106d4bced99d4404b4a13fd8,,,0.3,30.0,0.12,0.0075,0.03,0,full,True
REIM (ACT + Detector + Recovery),122,8000164,metaworld,False,200,0.48972720299934736,1,0,1,149,0.9914646744728088,task_success_while_recovery_active_per_intervention,False,True,timeout,7f4d0773cbcaabf69528fbb969c703904e5f6e2791892e266a1394c25d513a8a,093171deee73c73233afa582007dc538d5372fbe19a180c78389ff37452cf336,15a9adece7ebea14bdf37f5376e274c6dce4711281025cf35060933ba9ab8ad3,,,0.3,30.0,0.12,0.0075,0.03,0,full,True
REIM (ACT + Detector + Recovery),123,8000165,metaworld,True,61,0.1315076319988293,1,1,1,51,0.41508355736732483,task_success_while_recovery_active_per_intervention,True,False,,ce4b1dd156fd9e9c63c676f53b1c0babcfdb67f06a5cbccdb5d3eaf7f2b488e3,093171deee73c73233afa582007dc538d5372fbe19a180c78389ff37452cf336,0f719f94ef165c0b816b8b10c3f4f5fcf802c9f5a25141035590310315749280,,,0.3,30.0,0.12,0.0075,0.03,0,full,True
REIM (ACT + Detector + Recovery),124,8000166,metaworld,True,53,0.14331132100051036,1,1,1,38,0.29195839166641235,task_success_while_recovery_active_per_intervention,True,False,,38b2c7e0e430236d9876b834792bad5c7bfd02c85d04bae9b06fae868e84a261,093171deee73c73233afa582007dc538d5372fbe19a180c78389ff37452cf336,aa1f17aacdf569c3a2930a2ebbf742ff43f8d3acfc772731a5c344cabcd52570,,,0.3,30.0,0.12,0.0075,0.03,0,full,True
REIM (ACT + Detector + Recovery),125,8000167,metaworld,False,200,0.5118908320000628,1,0,1,150,0.9984629154205322,task_success_while_recovery_active_per_intervention,False,True,timeout,cfc156f78817345ac974a3209713f95a997b0cd27fe09fbc0d68faa5486e0f78,093171deee73c73233afa582007dc538d5372fbe19a180c78389ff37452cf336,a0b103bf3e43f4aa92753185301eba5e2e31594285004b99f51a59b33bd2d620,,,0.3,30.0,0.12,0.0075,0.03,0,full,True
REIM (ACT + Detector + Recovery),126,8000168,metaworld,True,53,0.14237412000147742,1,1,1,38,0.27596035599708557,task_success_while_recovery_active_per_intervention,True,False,,31e8413ddbab8299bbb65b81defc7a26f0e67ab7f16985db10e9ecec324a4d7b,093171deee73c73233afa582007dc538d5372fbe19a180c78389ff37452cf336,15a9adece7ebea14bdf37f5376e274c6dce4711281025cf35060933ba9ab8ad3,,,0.3,30.0,0.12,0.0075,0.03,0,full,True
REIM (ACT + Detector + Recovery),127,8000169,metaworld,True,55,0.13690001600116375,1,1,1,42,0.3492225110530853,task_success_while_recovery_active_per_intervention,True,False,,10bf329f0a8e9502a62c0816a384f46e78bbeb46e4b5c6bafb6c2271eed13bf0,093171deee73c73233afa582007dc538d5372fbe19a180c78389ff37452cf336,2ad5907877cc42b4447b9630988e3a1f0da0d83e1f696f71e22dc69905e631b6,,,0.3,30.0,0.12,0.0075,0.03,0,full,True
REIM (ACT + Detector + Recovery),128,8000170,metaworld,False,200,0.491727697000897,1,0,1,150,0.9995318651199341,task_success_while_recovery_active_per_intervention,False,True,object_dropped,3e8ba9d62043eba30612d875c54e2c0497de03995be79e79906fd23c29dbd60e,093171deee73c73233afa582007dc538d5372fbe19a180c78389ff37452cf336,8a99d46d6d04afe3e2ef92bb607dde5e178b5c37506006c4f364e345976453b1,,,0.3,30.0,0.12,0.0075,0.03,0,full,True
REIM (ACT + Detector + Recovery),129,8000171,metaworld,True,50,0.1667478419985855,1,1,1,22,0.200078085064888,task_success_while_recovery_active_per_intervention,True,False,,6a0d873bcc31ed525bb7f53df24ad76245520b855a3a2397a3fad840cd7d6e3b,093171deee73c73233afa582007dc538d5372fbe19a180c78389ff37452cf336,08a97a6dfa17f78b5cc5b1351d60038e4a40a68fc93722672482714333b1d9b5,,,0.3,30.0,0.12,0.0075,0.03,0,full,True
REIM (ACT + Detector + Recovery),130,8000172,metaworld,True,55,0.14905512199766235,1,1,1,39,0.2756503224372864,task_success_while_recovery_active_per_intervention,True,False,,b017f13b4092217506b7b0e0dbb8532a2a6e0a71cb3d306b96854f51cda5646d,093171deee73c73233afa582007dc538d5372fbe19a180c78389ff37452cf336,7c3391ee418e26d47c002810bc00065e4dd0b6728c969d2338ad549ad01ebb0a,,,0.3,30.0,0.12,0.0075,0.03,0,full,True
REIM (ACT + Detector + Recovery),131,8000173,metaworld,True,56,0.12588446899826522,1,1,1,45,0.2832087278366089,task_success_while_recovery_active_per_intervention,True,False,,14fb6d152c6e08be2f0e48baefd332e149513642790abd2abb1254508b630f37,093171deee73c73233afa582007dc538d5372fbe19a180c78389ff37452cf336,bb2c6b1aed959fa3ddddb1c215ce67cbb5b0ec080eb65fb58e06b7776849a096,,,0.3,30.0,0.12,0.0075,0.03,0,full,True
REIM (ACT + Detector + Recovery),132,8000174,metaworld,True,55,0.1224606190007762,1,1,1,45,0.2653529644012451,task_success_while_recovery_active_per_intervention,True,False,,7f06dfa8207c6f76132dd7f61166ba147203fa7ee32c3d2d726a666178d3554a,093171deee73c73233afa582007dc538d5372fbe19a180c78389ff37452cf336,c40fedd273cade53989af8adc3ca66d02f2d92ca4d97b2f6391a0dd0ab6dbca3,,,0.3,30.0,0.12,0.0075,0.03,0,full,True
REIM (ACT + Detector + Recovery),133,8000175,metaworld,False,200,0.48997683500056155,1,0,1,150,0.9982050657272339,task_success_while_recovery_active_per_intervention,False,True,timeout,b8b37b173ddd0c6d64c04424913663531444924f83bdb326811b2d4c547c3bc3,093171deee73c73233afa582007dc538d5372fbe19a180c78389ff37452cf336,bb2c6b1aed959fa3ddddb1c215ce67cbb5b0ec080eb65fb58e06b7776849a096,,,0.3,30.0,0.12,0.0075,0.03,0,full,True
REIM (ACT + Detector + Recovery),134,8000176,metaworld,False,200,0.4728159449987288,1,0,1,150,0.9957388639450073,task_success_while_recovery_active_per_intervention,False,True,timeout,a747c0862e36285db1159b03f143c36c61432a749b889364cf2a0a0f8f20d35d,093171deee73c73233afa582007dc538d5372fbe19a180c78389ff37452cf336,6338b57c8983138382fa5c9ee7bb2d2c200be44368697f7ffa8216ea26ddccaf,,,0.3,30.0,0.12,0.0075,0.03,0,full,True
REIM (ACT + Detector + Recovery),135,8000177,metaworld,False,200,0.539746655998897,1,0,1,135,0.9990512728691101,task_success_while_recovery_active_per_intervention,False,True,object_dropped,edd7778c933386c281374319825a440d8c0cb56ceba748315300c1dfc2ba6a18,093171deee73c73233afa582007dc538d5372fbe19a180c78389ff37452cf336,1c856fdcb5da12c3fa2d15b38741aa980fa3a47e64fb99f8635817590128f9ea,,,0.3,30.0,0.12,0.0075,0.03,0,full,True
REIM (ACT + Detector + Recovery),136,8000178,metaworld,True,53,0.1454592939990107,1,1,1,37,0.26011043787002563,task_success_while_recovery_active_per_intervention,True,False,,6712972f7a2fb0c450363c1e4f05e7fdce9be6679c157a4c671cb4de21a739c7,093171deee73c73233afa582007dc538d5372fbe19a180c78389ff37452cf336,acfaed29b052207b47b4b7fa76672795fd08de3add8565db05f141de82ece90b,,,0.3,30.0,0.12,0.0075,0.03,0,full,True
REIM (ACT + Detector + Recovery),137,8000179,metaworld,False,200,0.5039962199989532,1,0,1,149,0.9980095028877258,task_success_while_recovery_active_per_intervention,False,True,object_dropped,f339837057eaf2a9227814a9c0e59980173b3cdc9b04f27c3be3b093f29bc086,093171deee73c73233afa582007dc538d5372fbe19a180c78389ff37452cf336,2ad5907877cc42b4447b9630988e3a1f0da0d83e1f696f71e22dc69905e631b6,,,0.3,30.0,0.12,0.0075,0.03,0,full,True
REIM (ACT + Detector + Recovery),138,8000180,metaworld,True,55,0.14124358400295023,1,1,1,41,0.21025380492210388,task_success_while_recovery_active_per_intervention,True,False,,f85403342b32757b92baac7a989f80962090f5ab2ab53a6e4c9528094cbcbe57,093171deee73c73233afa582007dc538d5372fbe19a180c78389ff37452cf336,56b7f182edcfeefa9301e1edd53d7f36e4418de7e6df1b54b0f0c298cde1b3cd,,,0.3,30.0,0.12,0.0075,0.03,0,full,True
REIM (ACT + Detector + Recovery),139,8000181,metaworld,True,60,0.1332434280011512,1,1,1,51,0.3046211898326874,task_success_while_recovery_active_per_intervention,True,False,,034402ab5e318690eef04d5f23568838f20e8de15022466b6c709aebfbe18c70,093171deee73c73233afa582007dc538d5372fbe19a180c78389ff37452cf336,0f719f94ef165c0b816b8b10c3f4f5fcf802c9f5a25141035590310315749280,,,0.3,30.0,0.12,0.0075,0.03,0,full,True
REIM (ACT + Detector + Recovery),140,8000182,metaworld,True,56,0.1731090450011834,1,1,1,32,0.25041109323501587,task_success_while_recovery_active_per_intervention,True,False,,c04ef94a495e37a9d926e010b9ad31b570f51b262e83c259079345fef8c54d19,093171deee73c73233afa582007dc538d5372fbe19a180c78389ff37452cf336,6cb8d983459a8e57d4ae53a86da2394015cabba2d7c306dcaf7b14af979ca230,,,0.3,30.0,0.12,0.0075,0.03,0,full,True
REIM (ACT + Detector + Recovery),141,8000183,metaworld,True,60,0.17319401699933223,1,1,1,38,0.25777822732925415,task_success_while_recovery_active_per_intervention,True,False,,6903b5fddeaf3a6feb95139af69808354c975c5d2953c10d964bbb04c80f2752,093171deee73c73233afa582007dc538d5372fbe19a180c78389ff37452cf336,39001749c902e2ab9d015efb8c7644faffff99810b709d3203dc359d5eacdcbd,,,0.3,30.0,0.12,0.0075,0.03,0,full,True
REIM (ACT + Detector + Recovery),142,8000184,metaworld,True,59,0.28543892100060475,0,0,0,0,0.17596009373664856,task_success_while_recovery_active_per_intervention,True,False,,93276eaba88a60c3a07c7c3a1040569d4f01260d3d132283528d9de174345bac,093171deee73c73233afa582007dc538d5372fbe19a180c78389ff37452cf336,f6a9ed9055e00c868d6771022c2c557a6a48990bdacbed585d07cde857d4755a,,,0.3,30.0,0.12,0.0075,0.03,0,full,True
REIM (ACT + Detector + Recovery),143,8000185,metaworld,True,61,0.14567252399865538,1,1,1,51,0.2085113376379013,task_success_while_recovery_active_per_intervention,True,False,,59be9d5f46b0bf48260a4aeb4f4e0d6530705654648899c807f7d5c1b28c4585,093171deee73c73233afa582007dc538d5372fbe19a180c78389ff37452cf336,39001749c902e2ab9d015efb8c7644faffff99810b709d3203dc359d5eacdcbd,,,0.3,30.0,0.12,0.0075,0.03,0,full,True
REIM (ACT + Detector + Recovery),144,8000186,metaworld,True,55,0.1255627899990941,1,1,1,47,0.3389171361923218,task_success_while_recovery_active_per_intervention,True,False,,3b7c4548e107af77d727487294c38e5933dfb5ffa2d6f9eeb3c5e6be3d182119,093171deee73c73233afa582007dc538d5372fbe19a180c78389ff37452cf336,588df85fb38ef87f822932ad2f702be807974873e4a07ea43084bbdeeaac6604,,,0.3,30.0,0.12,0.0075,0.03,0,full,True
REIM (ACT + Detector + Recovery),145,8000187,metaworld,True,63,0.1881390820017259,1,1,1,36,0.2349708080291748,task_success_while_recovery_active_per_intervention,True,False,,b84f9d0aae887f5cc2dbf231ecde36b00de80999842197e9b8c6cfe579e15de3,093171deee73c73233afa582007dc538d5372fbe19a180c78389ff37452cf336,c5023b3d25031a103b9549b6e8c83ba09d69e708ef117c31128a38e03616e5d8,,,0.3,30.0,0.12,0.0075,0.03,0,full,True
REIM (ACT + Detector + Recovery),146,8000188,metaworld,True,65,0.12948854899877915,1,1,1,56,0.5897333025932312,task_success_while_recovery_active_per_intervention,True,False,,f0d9e60efec0d7de49a34293553cf65d4e5df05669dbc353e99d779b27b15c7e,093171deee73c73233afa582007dc538d5372fbe19a180c78389ff37452cf336,942fb6a87dc1e3eb7bf7bb111c97e7096138256b4a9a6b4c62a012fabe8bec38,,,0.3,30.0,0.12,0.0075,0.03,0,full,True
REIM (ACT + Detector + Recovery),147,8000189,metaworld,True,57,0.138200361001509,1,1,1,41,0.20933948457241058,task_success_while_recovery_active_per_intervention,True,False,,38b14f3ff8ec21ce306dbeaf2d668489ce2a76ee281901e8ba42e1cda60f76a4,093171deee73c73233afa582007dc538d5372fbe19a180c78389ff37452cf336,7c3391ee418e26d47c002810bc00065e4dd0b6728c969d2338ad549ad01ebb0a,,,0.3,30.0,0.12,0.0075,0.03,0,full,True
REIM (ACT + Detector + Recovery),148,8000190,metaworld,True,48,0.15032980499745463,1,1,1,23,0.25967204570770264,task_success_while_recovery_active_per_intervention,True,False,,7ac917cb60fde3f70cd279b33d55c8581b2b226bbefd8e349611c3c4dd76a609,093171deee73c73233afa582007dc538d5372fbe19a180c78389ff37452cf336,cea0b9105255f82e0ee99bfb3998a6edce02b446d4b14afb0747282cd18aa202,,,0.3,30.0,0.12,0.0075,0.03,0,full,True
REIM (ACT + Detector + Recovery),149,8000191,metaworld,True,62,0.2898101860009774,0,0,0,0,0.17989481985569,task_success_while_recovery_active_per_intervention,True,False,,2a03fd376a86cd3e549176c0a405466383120bca2b46eaf0dab98c2d14e29741,093171deee73c73233afa582007dc538d5372fbe19a180c78389ff37452cf336,e216352c7f1c7392270c7c501bb599f2a46f420613a124fda0729ab88160cdf2,,,0.3,30.0,0.12,0.0075,0.03,0,full,True
REIM (ACT + Detector + Recovery),150,8000192,metaworld,True,57,0.2694443280015548,0,0,0,0,0.14776058495044708,task_success_while_recovery_active_per_intervention,True,False,,970487fc6a5bd5d9e3cff7987ad32e8e105f95f371396f1f7abdb990cb6b1515,093171deee73c73233afa582007dc538d5372fbe19a180c78389ff37452cf336,25805a097f1f4b8c203ec3c130dcd3e66b5fb3ad298114a08662aae6c86fa673,,,0.3,30.0,0.12,0.0075,0.03,0,full,True
REIM (ACT + Detector + Recovery),151,8000193,metaworld,True,68,0.1457417470010114,1,1,1,56,0.32951241731643677,task_success_while_recovery_active_per_intervention,True,False,,aacab6cdfb23a03a76ab567fe7c81a28aa3067534acb7d52288b44e54c1e1901,093171deee73c73233afa582007dc538d5372fbe19a180c78389ff37452cf336,1c856fdcb5da12c3fa2d15b38741aa980fa3a47e64fb99f8635817590128f9ea,,,0.3,30.0,0.12,0.0075,0.03,0,full,True
REIM (ACT + Detector + Recovery),152,8000194,metaworld,True,59,0.28228362099980586,0,0,0,0,0.1228843703866005,task_success_while_recovery_active_per_intervention,True,False,,0618f8a34f7d455dc96e540dd8b344a702c3353cc74b43732ac51f5b47330edc,093171deee73c73233afa582007dc538d5372fbe19a180c78389ff37452cf336,64ee837add19202e84553431fdab118462cf5265eeae19a4d044b5a6818f771d,,,0.3,30.0,0.12,0.0075,0.03,0,full,True
REIM (ACT + Detector + Recovery),153,8000195,metaworld,True,51,0.14043658600348863,1,1,1,32,0.3018299341201782,task_success_while_recovery_active_per_intervention,True,False,,9a78c0e6024e4c167a6a9fabd62c62e98965fd03f8f8bb499cee35ad98d611b0,093171deee73c73233afa582007dc538d5372fbe19a180c78389ff37452cf336,2eb279a724955c1a9d173681940490ec9cc8ed4fdc15a95533884a23d4ccdb4e,,,0.3,30.0,0.12,0.0075,0.03,0,full,True
REIM (ACT + Detector + Recovery),154,8000196,metaworld,True,58,0.14887190299850772,1,1,1,43,0.3033374845981598,task_success_while_recovery_active_per_intervention,True,False,,c907b75412726fc7456c21a6f924af4ae417cfc4bc9c4dcb316902d272e207be,093171deee73c73233afa582007dc538d5372fbe19a180c78389ff37452cf336,342b72dafe0e47ecf8a937cb01e62ac02c2d77bf93dafca59574cbbbfc4ad77b,,,0.3,30.0,0.12,0.0075,0.03,0,full,True
REIM (ACT + Detector + Recovery),155,8000197,metaworld,True,58,0.272213941996597,0,0,0,0,0.18779954314231873,task_success_while_recovery_active_per_intervention,True,False,,5a45493cfdbe0339482bbf25fc0bc1795ab745b5e9cb0f31519d22ca74b75de6,093171deee73c73233afa582007dc538d5372fbe19a180c78389ff37452cf336,524e161a612d94c222d06154bcd0129d0851b8fad51ae883abbef6e86d43cbb0,,,0.3,30.0,0.12,0.0075,0.03,0,full,True
REIM (ACT + Detector + Recovery),156,8000198,metaworld,True,57,0.13098078400071245,1,1,1,44,0.24619165062904358,task_success_while_recovery_active_per_intervention,True,False,,8e1daaefd3c0bf781cbae2a3c034c01121702744be74f761772510af052e0237,093171deee73c73233afa582007dc538d5372fbe19a180c78389ff37452cf336,56b7f182edcfeefa9301e1edd53d7f36e4418de7e6df1b54b0f0c298cde1b3cd,,,0.3,30.0,0.12,0.0075,0.03,0,full,True
REIM (ACT + Detector + Recovery),157,8000199,metaworld,True,56,0.14488316499773646,1,1,1,38,0.211183562874794,task_success_while_recovery_active_per_intervention,True,False,,95832f9b5d4f421d52731b75ecf98d619ebba84098132e54914736ddfbdc95c6,093171deee73c73233afa582007dc538d5372fbe19a180c78389ff37452cf336,3183afb500ebb9a5af177cccb5b5889a8321eb35261f8ec571269f8b5ed9cd1a,,,0.3,30.0,0.12,0.0075,0.03,0,full,True
REIM (ACT + Detector + Recovery),158,8000200,metaworld,False,200,0.4746661290009797,1,0,1,150,0.996034562587738,task_success_while_recovery_active_per_intervention,False,True,timeout,b4ec05d0636b5bd09e1eb25b4e199d8aaff8ab46a599c9aefd6722ceb375893c,093171deee73c73233afa582007dc538d5372fbe19a180c78389ff37452cf336,524e161a612d94c222d06154bcd0129d0851b8fad51ae883abbef6e86d43cbb0,,,0.3,30.0,0.12,0.0075,0.03,0,full,True
REIM (ACT + Detector + Recovery),159,8000201,metaworld,True,56,0.2607020739997097,0,0,0,0,0.1517663300037384,task_success_while_recovery_active_per_intervention,True,False,,b5c9a6e8dc68cad21ff2142671e211dc684a226cdc8f3535ef95d0d6900a3581,093171deee73c73233afa582007dc538d5372fbe19a180c78389ff37452cf336,56b7f182edcfeefa9301e1edd53d7f36e4418de7e6df1b54b0f0c298cde1b3cd,,,0.3,30.0,0.12,0.0075,0.03,0,full,True
REIM (ACT + Detector + Recovery),160,8000202,metaworld,True,67,0.22955650500080083,1,1,1,27,0.20013076066970825,task_success_while_recovery_active_per_intervention,True,False,,2beff2213c8fd854d2203e015fc0a8e3653a965822c62687a3d7d8697f183a5b,093171deee73c73233afa582007dc538d5372fbe19a180c78389ff37452cf336,c5023b3d25031a103b9549b6e8c83ba09d69e708ef117c31128a38e03616e5d8,,,0.3,30.0,0.12,0.0075,0.03,0,full,True
REIM (ACT + Detector + Recovery),161,8000203,metaworld,True,61,0.13250643699939246,1,1,1,50,0.32112056016921997,task_success_while_recovery_active_per_intervention,True,False,,8812cebc7e142add0f580588ef04f3ea2e28b63528c6f197805079a4a05d8ecd,093171deee73c73233afa582007dc538d5372fbe19a180c78389ff37452cf336,942fb6a87dc1e3eb7bf7bb111c97e7096138256b4a9a6b4c62a012fabe8bec38,,,0.3,30.0,0.12,0.0075,0.03,0,full,True
REIM (ACT + Detector + Recovery),162,8000204,metaworld,True,55,0.13277727799868444,1,1,1,41,0.27288976311683655,task_success_while_recovery_active_per_intervention,True,False,,712cbd58171035393286d70e558cfe1ac871f0058c5ec982989845dc682c4e5b,093171deee73c73233afa582007dc538d5372fbe19a180c78389ff37452cf336,5e1df472084de78052388a34f03cad3de438ca9b5dc801b5759dd57c66a7482a,,,0.3,30.0,0.12,0.0075,0.03,0,full,True
REIM (ACT + Detector + Recovery),163,8000205,metaworld,False,200,0.513941358000011,1,0,1,135,0.9988541603088379,task_success_while_recovery_active_per_intervention,False,True,timeout,51ced0ff156436839ce37a740af69a1f636303027641d7a2d20af8f145f8d1f6,093171deee73c73233afa582007dc538d5372fbe19a180c78389ff37452cf336,6cb8d983459a8e57d4ae53a86da2394015cabba2d7c306dcaf7b14af979ca230,,,0.3,30.0,0.12,0.0075,0.03,0,full,True
REIM (ACT + Detector + Recovery),164,8000206,metaworld,True,57,0.2649922279997554,0,0,0,0,0.12697339057922363,task_success_while_recovery_active_per_intervention,True,False,,f339fc3064f0943d57ed9e164706f48da0ca2db4c19f3faf4676ab9be530d3b0,093171deee73c73233afa582007dc538d5372fbe19a180c78389ff37452cf336,06d355d7aff3b944ab4199c02a94c63d062e5c414c0b195f7b232b607e0ab1ed,,,0.3,30.0,0.12,0.0075,0.03,0,full,True
REIM (ACT + Detector + Recovery),165,8000207,metaworld,True,52,0.24140977999923052,0,0,0,0,0.11177873611450195,task_success_while_recovery_active_per_intervention,True,False,,2996753da2b626d7ffbff6869b0138e11969abdd0ea9fb799993a21dd78f0809,093171deee73c73233afa582007dc538d5372fbe19a180c78389ff37452cf336,6338b57c8983138382fa5c9ee7bb2d2c200be44368697f7ffa8216ea26ddccaf,,,0.3,30.0,0.12,0.0075,0.03,0,full,True
REIM (ACT + Detector + Recovery),166,8000208,metaworld,True,56,0.12152872899969225,1,1,1,47,0.277145653963089,task_success_while_recovery_active_per_intervention,True,False,,6d3566a98f0d28b5fb54cf493928865d9e6fe79a836b9ad9f1a88e573995e296,093171deee73c73233afa582007dc538d5372fbe19a180c78389ff37452cf336,35203d16cfa98b5f2e002fcb1ffde2400abf9459c161f6a289efa0c46eddb36f,,,0.3,30.0,0.12,0.0075,0.03,0,full,True
REIM (ACT + Detector + Recovery),167,8000209,metaworld,True,57,0.13315661500018905,1,1,1,45,0.24291767179965973,task_success_while_recovery_active_per_intervention,True,False,,1c2d871fe69bb76284c1bf5d7c56df1b354c8ccbedb310feff26fa912f4355a3,093171deee73c73233afa582007dc538d5372fbe19a180c78389ff37452cf336,71488b32995fa40c6ec3f77f6bcd912b1929aef29d90a66307ad46cd584acf29,,,0.3,30.0,0.12,0.0075,0.03,0,full,True
REIM (ACT + Detector + Recovery),168,8000210,metaworld,True,51,0.13958168200042564,1,1,1,33,0.3000071942806244,task_success_while_recovery_active_per_intervention,True,False,,d991076290da2375ab09a7c36fd8d96fa33a941182fe322e5f186306e0360b4b,093171deee73c73233afa582007dc538d5372fbe19a180c78389ff37452cf336,27e1ed8c670f23dae46752497e383610e58c248d638e3b9b707808a32ce33d4e,,,0.3,30.0,0.12,0.0075,0.03,0,full,True
REIM (ACT + Detector + Recovery),169,8000211,metaworld,True,51,0.15743904400005704,1,1,1,28,0.20371811091899872,task_success_while_recovery_active_per_intervention,True,False,,a1d07cd94b412020b0fff2e7f3af83f086b41602c53423673dcff269383f2c06,093171deee73c73233afa582007dc538d5372fbe19a180c78389ff37452cf336,2ad5907877cc42b4447b9630988e3a1f0da0d83e1f696f71e22dc69905e631b6,,,0.3,30.0,0.12,0.0075,0.03,0,full,True
REIM (ACT + Detector + Recovery),170,8000212,metaworld,True,56,0.13910760799990385,1,1,1,40,0.24657292664051056,task_success_while_recovery_active_per_intervention,True,False,,ae0780ac4c4b72e4e0f5c2f20879fd591c198f5f16642b512817c810b5a0e90a,093171deee73c73233afa582007dc538d5372fbe19a180c78389ff37452cf336,2eb279a724955c1a9d173681940490ec9cc8ed4fdc15a95533884a23d4ccdb4e,,,0.3,30.0,0.12,0.0075,0.03,0,full,True
REIM (ACT + Detector + Recovery),171,8000213,metaworld,True,49,0.13622771000154899,1,1,1,30,0.24349413812160492,task_success_while_recovery_active_per_intervention,True,False,,47ed972df577eff08eba0fdc3f1db6e451514dfae0479b4e1afb7f990a53892e,093171deee73c73233afa582007dc538d5372fbe19a180c78389ff37452cf336,35203d16cfa98b5f2e002fcb1ffde2400abf9459c161f6a289efa0c46eddb36f,,,0.3,30.0,0.12,0.0075,0.03,0,full,True
REIM (ACT + Detector + Recovery),172,8000214,metaworld,True,63,0.1556206259992905,1,1,1,45,0.24384836852550507,task_success_while_recovery_active_per_intervention,True,False,,03838c2d38db85dc6adabec5d02350473703b0142820c1bee8130aae811d85b7,093171deee73c73233afa582007dc538d5372fbe19a180c78389ff37452cf336,64ee837add19202e84553431fdab118462cf5265eeae19a4d044b5a6818f771d,,,0.3,30.0,0.12,0.0075,0.03,0,full,True
REIM (ACT + Detector + Recovery),173,8000215,metaworld,True,61,0.12856880899926182,1,1,1,51,0.22559010982513428,task_success_while_recovery_active_per_intervention,True,False,,1b5054efa34e6d6a8f338e6de341b8c7f5026432fbb5831266704f78404fd337,093171deee73c73233afa582007dc538d5372fbe19a180c78389ff37452cf336,a8cfe6e2276fbd15230c5555255b87d17333bdd29f84f687df7405d0311fae7f,,,0.3,30.0,0.12,0.0075,0.03,0,full,True
REIM (ACT + Detector + Recovery),174,8000216,metaworld,False,200,0.4784300369974517,1,0,1,150,0.9972212314605713,task_success_while_recovery_active_per_intervention,False,True,timeout,45cad5773515df5d6393cd44f6ad5241c0e06a8a7be04ec31e80e2604b00f94b,093171deee73c73233afa582007dc538d5372fbe19a180c78389ff37452cf336,504c23f653f6cdee9d659d9320b164606b319d4f0e9cdf0f3a87e2fc7a98160a,,,0.3,30.0,0.12,0.0075,0.03,0,full,True
REIM (ACT + Detector + Recovery),175,8000217,metaworld,True,52,0.10798043199974927,1,1,1,45,0.3693405091762543,task_success_while_recovery_active_per_intervention,True,False,,c5de11d921ac5f1003fec573c3184003b9d28c2de3655460e6b52242e1c4cdad,093171deee73c73233afa582007dc538d5372fbe19a180c78389ff37452cf336,20cf3cfee33051ea4ca25b64648f05450b0068ae0136ae52c3108d28b02f3691,,,0.3,30.0,0.12,0.0075,0.03,0,full,True
REIM (ACT + Detector + Recovery),176,8000218,metaworld,True,58,0.26920233099735924,0,0,0,0,0.16614320874214172,task_success_while_recovery_active_per_intervention,True,False,,85ae09916c0e3286216ef0edea8fd1e469c4526a886a4b126b2675e421c340e9,093171deee73c73233afa582007dc538d5372fbe19a180c78389ff37452cf336,f82ceac6f8787ac22c378edc1f141cedcc86bf9309b43f1aff6633ae0a963abb,,,0.3,30.0,0.12,0.0075,0.03,0,full,True
REIM (ACT + Detector + Recovery),177,8000219,metaworld,True,55,0.1708603650004079,1,1,1,29,0.30703216791152954,task_success_while_recovery_active_per_intervention,True,False,,eb1c582fafe893682ded8ee7da414af5bf36e2532bc55fc0c774b450f6688c98,093171deee73c73233afa582007dc538d5372fbe19a180c78389ff37452cf336,942fb6a87dc1e3eb7bf7bb111c97e7096138256b4a9a6b4c62a012fabe8bec38,,,0.3,30.0,0.12,0.0075,0.03,0,full,True
REIM (ACT + Detector + Recovery),178,8000220,metaworld,True,56,0.12041132199738058,1,1,1,47,0.40950441360473633,task_success_while_recovery_active_per_intervention,True,False,,ef114187a4d2182d61fb1e8002a5ca14290b141eba94a72886d22cedf010986b,093171deee73c73233afa582007dc538d5372fbe19a180c78389ff37452cf336,acfaed29b052207b47b4b7fa76672795fd08de3add8565db05f141de82ece90b,,,0.3,30.0,0.12,0.0075,0.03,0,full,True
REIM (ACT + Detector + Recovery),179,8000221,metaworld,True,59,0.27345294800034026,0,0,0,0,0.09640564024448395,task_success_while_recovery_active_per_intervention,True,False,,03dbb3dc9c0a71f4409ecdb6327a8f909583375c909f0662175d4e1ced4b7645,093171deee73c73233afa582007dc538d5372fbe19a180c78389ff37452cf336,f6a9ed9055e00c868d6771022c2c557a6a48990bdacbed585d07cde857d4755a,,,0.3,30.0,0.12,0.0075,0.03,0,full,True
REIM (ACT + Detector + Recovery),180,8000222,metaworld,False,200,0.6815587490018515,1,0,1,84,0.9817790389060974,task_success_while_recovery_active_per_intervention,False,True,object_dropped,3ba7a69f6a338703c190cff326c12bf061af8af37ffb96b0810154fe7686c323,093171deee73c73233afa582007dc538d5372fbe19a180c78389ff37452cf336,25805a097f1f4b8c203ec3c130dcd3e66b5fb3ad298114a08662aae6c86fa673,,,0.3,30.0,0.12,0.0075,0.03,0,full,True
REIM (ACT + Detector + Recovery),181,8000223,metaworld,False,200,0.4819470359980187,1,0,1,150,0.9752623438835144,task_success_while_recovery_active_per_intervention,False,True,object_dropped,c47c675a57d9a8df3273ef9d6cbec20cb4a08ec8c644a5e9b09de20c1506f83d,093171deee73c73233afa582007dc538d5372fbe19a180c78389ff37452cf336,25805a097f1f4b8c203ec3c130dcd3e66b5fb3ad298114a08662aae6c86fa673,,,0.3,30.0,0.12,0.0075,0.03,0,full,True
REIM (ACT + Detector + Recovery),182,8000224,metaworld,True,55,0.11699169900020934,1,1,1,47,0.45958569645881653,task_success_while_recovery_active_per_intervention,True,False,,ee12be3ad7b8210704e4affe87269008e6313a170b2831e9eec27cdfbd30ca0a,093171deee73c73233afa582007dc538d5372fbe19a180c78389ff37452cf336,342b72dafe0e47ecf8a937cb01e62ac02c2d77bf93dafca59574cbbbfc4ad77b,,,0.3,30.0,0.12,0.0075,0.03,0,full,True
REIM (ACT + Detector + Recovery),183,8000225,metaworld,False,200,0.4795129129997804,1,0,1,150,0.9983626008033752,task_success_while_recovery_active_per_intervention,False,True,object_dropped,2b14cdc45de381d7f4a194a10b30aaaf2025f2096323c6638c5ec9a40b588304,093171deee73c73233afa582007dc538d5372fbe19a180c78389ff37452cf336,bb2c6b1aed959fa3ddddb1c215ce67cbb5b0ec080eb65fb58e06b7776849a096,,,0.3,30.0,0.12,0.0075,0.03,0,full,True
REIM (ACT + Detector + Recovery),184,8000226,metaworld,False,200,0.5001184169996122,1,0,1,142,0.9964759945869446,task_success_while_recovery_active_per_intervention,False,True,object_dropped,01adc27a58fcdbb9b40b3f55a6901b23dbdb245c24ed91a706d2d571b951380a,093171deee73c73233afa582007dc538d5372fbe19a180c78389ff37452cf336,e216352c7f1c7392270c7c501bb599f2a46f420613a124fda0729ab88160cdf2,,,0.3,30.0,0.12,0.0075,0.03,0,full,True
REIM (ACT + Detector + Recovery),185,8000227,metaworld,True,56,0.1325304359997972,1,1,1,42,0.2702185809612274,task_success_while_recovery_active_per_intervention,True,False,,97f5dd66204bc1a307e5f760dbea22edef8ef47246a8b3ecca7ab5a3fd1f91b1,093171deee73c73233afa582007dc538d5372fbe19a180c78389ff37452cf336,342b72dafe0e47ecf8a937cb01e62ac02c2d77bf93dafca59574cbbbfc4ad77b,,,0.3,30.0,0.12,0.0075,0.03,0,full,True
REIM (ACT + Detector + Recovery),186,8000228,metaworld,True,50,0.12353748600071413,1,1,1,36,0.3160775601863861,task_success_while_recovery_active_per_intervention,True,False,,1e04ca033e4becf12c4779645be6c89541bb293af0661d2b6bf47daff2af612c,093171deee73c73233afa582007dc538d5372fbe19a180c78389ff37452cf336,cea0b9105255f82e0ee99bfb3998a6edce02b446d4b14afb0747282cd18aa202,,,0.3,30.0,0.12,0.0075,0.03,0,full,True
REIM (ACT + Detector + Recovery),187,8000229,metaworld,True,56,0.11848279499827186,1,1,1,47,0.33519062399864197,task_success_while_recovery_active_per_intervention,True,False,,ada1586d2d849e112f33cebfb7d3f4a5a92b1936648fc7539552ec3bfdd65c5b,093171deee73c73233afa582007dc538d5372fbe19a180c78389ff37452cf336,acfaed29b052207b47b4b7fa76672795fd08de3add8565db05f141de82ece90b,,,0.3,30.0,0.12,0.0075,0.03,0,full,True
REIM (ACT + Detector + Recovery),188,8000230,metaworld,False,200,0.47774662699885084,1,0,1,150,0.9953540563583374,task_success_while_recovery_active_per_intervention,False,True,timeout,e000d64f53e8b99329aecb147a397864ac43b05ef0a6107bc1e2b4bc73345097,093171deee73c73233afa582007dc538d5372fbe19a180c78389ff37452cf336,6943489118fc060756e24fd47685e2c10173293d54af0af7e8afa9e287c9c5f1,,,0.3,30.0,0.12,0.0075,0.03,0,full,True
REIM (ACT + Detector + Recovery),189,8000231,metaworld,True,57,0.13191259000086575,1,1,1,45,0.2589610517024994,task_success_while_recovery_active_per_intervention,True,False,,d6cc93e36001103b26a7669d9e65e6f7890ee7858d1088600d646eaa8f8f9fd2,093171deee73c73233afa582007dc538d5372fbe19a180c78389ff37452cf336,588df85fb38ef87f822932ad2f702be807974873e4a07ea43084bbdeeaac6604,,,0.3,30.0,0.12,0.0075,0.03,0,full,True
REIM (ACT + Detector + Recovery),190,8000232,metaworld,True,65,0.13932018600098672,1,1,1,55,0.37573766708374023,task_success_while_recovery_active_per_intervention,True,False,,9a32431ae011a04402e7c913e47aec93b3375c43729109f0ee2ddcc36b5a73e8,093171deee73c73233afa582007dc538d5372fbe19a180c78389ff37452cf336,b8e45a2f8f553d53c6eef0305347f910b9999bcae6df6ccaf0eaee6ac864e670,,,0.3,30.0,0.12,0.0075,0.03,0,full,True
REIM (ACT + Detector + Recovery),191,8000233,metaworld,True,57,0.14586611399863614,1,1,1,40,0.34045934677124023,task_success_while_recovery_active_per_intervention,True,False,,18995b247b429a33b7fb2aeb8e563fe5920dafab9bd307e224fd4cf90176ceef,093171deee73c73233afa582007dc538d5372fbe19a180c78389ff37452cf336,aa1f17aacdf569c3a2930a2ebbf742ff43f8d3acfc772731a5c344cabcd52570,,,0.3,30.0,0.12,0.0075,0.03,0,full,True
REIM (ACT + Detector + Recovery),192,8000234,metaworld,True,61,0.2835144259988738,0,0,0,0,0.16124017536640167,task_success_while_recovery_active_per_intervention,True,False,,81900798b4db34950c566b069f1d8d2f43a1774cefcf188af00f56d82bfe25c2,093171deee73c73233afa582007dc538d5372fbe19a180c78389ff37452cf336,c5023b3d25031a103b9549b6e8c83ba09d69e708ef117c31128a38e03616e5d8,,,0.3,30.0,0.12,0.0075,0.03,0,full,True
REIM (ACT + Detector + Recovery),193,8000235,metaworld,True,57,0.1244701649993658,1,1,1,47,0.22564633190631866,task_success_while_recovery_active_per_intervention,True,False,,0cbd6a28294e4982233242540fef193ea4250edf176d7fa121007518f6bb3181,093171deee73c73233afa582007dc538d5372fbe19a180c78389ff37452cf336,aba21ef1c98d0573e36116c9757115227fd3793cba96aea7eda95c2547314ca3,,,0.3,30.0,0.12,0.0075,0.03,0,full,True
REIM (ACT + Detector + Recovery),194,8000236,metaworld,True,62,0.2864073960008682,0,0,0,0,0.18583865463733673,task_success_while_recovery_active_per_intervention,True,False,,169ff8b242d94efe2d068fdef0d97fd936d0f3a78d3eddb34194c4535fd4ff89,093171deee73c73233afa582007dc538d5372fbe19a180c78389ff37452cf336,64ee837add19202e84553431fdab118462cf5265eeae19a4d044b5a6818f771d,,,0.3,30.0,0.12,0.0075,0.03,0,full,True
REIM (ACT + Detector + Recovery),195,8000237,metaworld,True,55,0.11307474599743728,1,1,1,47,0.2992161810398102,task_success_while_recovery_active_per_intervention,True,False,,309dfde0a4c6cd01159042aff76529e1a6b6e535d15a330c6c9b23af06ec5f12,093171deee73c73233afa582007dc538d5372fbe19a180c78389ff37452cf336,aba21ef1c98d0573e36116c9757115227fd3793cba96aea7eda95c2547314ca3,,,0.3,30.0,0.12,0.0075,0.03,0,full,True
REIM (ACT + Detector + Recovery),196,8000238,metaworld,True,53,0.24900676499964902,0,0,0,0,0.19383655488491058,task_success_while_recovery_active_per_intervention,True,False,,c9bf370516cbc9a4758cf73ef9f568b943cd0155610f17ecf6bc8855dc8d0fc9,093171deee73c73233afa582007dc538d5372fbe19a180c78389ff37452cf336,acfaed29b052207b47b4b7fa76672795fd08de3add8565db05f141de82ece90b,,,0.3,30.0,0.12,0.0075,0.03,0,full,True
REIM (ACT + Detector + Recovery),197,8000239,metaworld,True,61,0.1424996440000541,1,1,1,46,0.22468169033527374,task_success_while_recovery_active_per_intervention,True,False,,6e8092cb9b54dfb01aa0fa4e2978d6c9161ed7de03665482e6e50c29bc896475,093171deee73c73233afa582007dc538d5372fbe19a180c78389ff37452cf336,6cb8d983459a8e57d4ae53a86da2394015cabba2d7c306dcaf7b14af979ca230,,,0.3,30.0,0.12,0.0075,0.03,0,full,True
REIM (ACT + Detector + Recovery),198,8000240,metaworld,True,55,0.14322836300198105,1,1,1,41,0.39540255069732666,task_success_while_recovery_active_per_intervention,True,False,,759ff44b2f4e043f80fa8a6584676608537caaf08b7e64da79a3af622fded356,093171deee73c73233afa582007dc538d5372fbe19a180c78389ff37452cf336,742509487aeb71d366f1ddafa1cb12db2f7cfefe17c4ca89c98cffb67c1c8619,,,0.3,30.0,0.12,0.0075,0.03,0,full,True
REIM (ACT + Detector + Recovery),199,8000241,metaworld,True,57,0.1408014929984347,1,1,1,42,0.22575055062770844,task_success_while_recovery_active_per_intervention,True,False,,6ef9c6518c17924f3d7a8b81d1c3ad402c4982b66fef35c1e913f6dcb760eb77,093171deee73c73233afa582007dc538d5372fbe19a180c78389ff37452cf336,5e1df472084de78052388a34f03cad3de438ca9b5dc801b5759dd57c66a7482a,,,0.3,30.0,0.12,0.0075,0.03,0,full,True
ACT,0,8000042,metaworld,False,200,1.3154539450006268,0,0,0,0,0.0,,False,True,timeout,49af4dccaf215666613e2ea62c85e1eee2da056b8052e7c0744488f7bbb76aea,b4d00b629663580725cee7c16b68664af3de3bc5986bddef37e01448932e3ffd,f82ceac6f8787ac22c378edc1f141cedcc86bf9309b43f1aff6633ae0a963abb,,,0.4,40.0,0.16000000000000003,0.010000000000000002,0.04000000000000001,0,full,True
ACT,1,8000043,metaworld,False,200,1.1221795629971894,0,0,0,0,0.0,,False,True,object_dropped,a89745bb33f745dbd0616005b2fee785af620f934dd473850837d9434ca927c0,b4d00b629663580725cee7c16b68664af3de3bc5986bddef37e01448932e3ffd,06d355d7aff3b944ab4199c02a94c63d062e5c414c0b195f7b232b607e0ab1ed,,,0.4,40.0,0.16000000000000003,0.010000000000000002,0.04000000000000001,0,full,True
ACT,2,8000044,metaworld,False,200,1.4296814430017548,0,0,0,0,0.0,,False,True,timeout,fa56d9300815aeb0be4648f5b0e9ba5546c734ddb8bb28bc2cd9f08452186d2c,b4d00b629663580725cee7c16b68664af3de3bc5986bddef37e01448932e3ffd,f6a9ed9055e00c868d6771022c2c557a6a48990bdacbed585d07cde857d4755a,,,0.4,40.0,0.16000000000000003,0.010000000000000002,0.04000000000000001,0,full,True
ACT,3,8000045,metaworld,False,200,1.1276555879994703,0,0,0,0,0.0,,False,True,timeout,f803045d63122625d5c1877925b903772104214bd6ff79573c274a7859579e0e,b4d00b629663580725cee7c16b68664af3de3bc5986bddef37e01448932e3ffd,5d73f28d4d24cdbcb36a5e5cd61ec1a82f7287ce56d88da8cea912ed757b164c,,,0.4,40.0,0.16000000000000003,0.010000000000000002,0.04000000000000001,0,full,True
ACT,4,8000046,metaworld,True,51,0.28693559100065613,0,0,0,0,0.0,,True,False,,cabda9829df92555761a7fdc2523f7b362a5a81c23975dc6e455ef7a2c32fc49,b4d00b629663580725cee7c16b68664af3de3bc5986bddef37e01448932e3ffd,27e1ed8c670f23dae46752497e383610e58c248d638e3b9b707808a32ce33d4e,,,0.4,40.0,0.16000000000000003,0.010000000000000002,0.04000000000000001,0,full,True
ACT,5,8000047,metaworld,True,53,0.2905252960008511,0,0,0,0,0.0,,True,False,,588b20e72ae92670b7f2eebbaefc75d6138d87f0671d4f4c689a3406740db11e,b4d00b629663580725cee7c16b68664af3de3bc5986bddef37e01448932e3ffd,38329c6b97bbe7d133bf007c22742dca5f0cd7258f8d7199135c6c2371ae591d,,,0.4,40.0,0.16000000000000003,0.010000000000000002,0.04000000000000001,0,full,True
ACT,6,8000048,metaworld,False,200,1.1451179300020158,0,0,0,0,0.0,,False,True,timeout,2829c76f04223b33b343cc3b8d6e3824d14237aa828c173d477343fe05fc8436,b4d00b629663580725cee7c16b68664af3de3bc5986bddef37e01448932e3ffd,aba21ef1c98d0573e36116c9757115227fd3793cba96aea7eda95c2547314ca3,,,0.4,40.0,0.16000000000000003,0.010000000000000002,0.04000000000000001,0,full,True
ACT,7,8000049,metaworld,True,56,0.6008468070031086,0,0,0,0,0.0,,True,False,,b9a99d5ec91400c3579050d8783b36c312cb95d10f3a9411bb61ecd8e31026a6,b4d00b629663580725cee7c16b68664af3de3bc5986bddef37e01448932e3ffd,4e97203f8ce1a96cef19545d4c4c300d0de39e4f94bd1941cef7ebc3dd48be02,,,0.4,40.0,0.16000000000000003,0.010000000000000002,0.04000000000000001,0,full,True
ACT,8,8000050,metaworld,False,200,1.1878959679997934,0,0,0,0,0.0,,False,True,timeout,d31e93454866d499134ecfc635a33d71c9cde493195ebcc8f7660a15758a6ab8,b4d00b629663580725cee7c16b68664af3de3bc5986bddef37e01448932e3ffd,64ee837add19202e84553431fdab118462cf5265eeae19a4d044b5a6818f771d,,,0.4,40.0,0.16000000000000003,0.010000000000000002,0.04000000000000001,0,full,True
ACT,9,8000051,metaworld,True,58,0.3065205920029257,0,0,0,0,0.0,,True,False,,afc35ca1b19c4fd9b4aacbd18954906ea743519b3b694c83049fd2503e50e072,b4d00b629663580725cee7c16b68664af3de3bc5986bddef37e01448932e3ffd,6cb8d983459a8e57d4ae53a86da2394015cabba2d7c306dcaf7b14af979ca230,,,0.4,40.0,0.16000000000000003,0.010000000000000002,0.04000000000000001,0,full,True
ACT,10,8000052,metaworld,False,200,1.1053315779972763,0,0,0,0,0.0,,False,True,timeout,c86e1bd89f255c7313cd690b2d569eaf9de680f0c2bea84692d37356fc4294a5,b4d00b629663580725cee7c16b68664af3de3bc5986bddef37e01448932e3ffd,504c23f653f6cdee9d659d9320b164606b319d4f0e9cdf0f3a87e2fc7a98160a,,,0.4,40.0,0.16000000000000003,0.010000000000000002,0.04000000000000001,0,full,True
ACT,11,8000053,metaworld,False,200,1.0307545719988411,0,0,0,0,0.0,,False,True,timeout,2a99f09f371d8bb1fd68e01dff65d19675679296dc7337c4dcac66b009f3257e,b4d00b629663580725cee7c16b68664af3de3bc5986bddef37e01448932e3ffd,06d355d7aff3b944ab4199c02a94c63d062e5c414c0b195f7b232b607e0ab1ed,,,0.4,40.0,0.16000000000000003,0.010000000000000002,0.04000000000000001,0,full,True
ACT,12,8000054,metaworld,False,200,1.0278558069985593,0,0,0,0,0.0,,False,True,timeout,26abeb4ac4984683eaeb844b6ee9b5fa41476302765213ddd887d38fd1f53946,b4d00b629663580725cee7c16b68664af3de3bc5986bddef37e01448932e3ffd,742509487aeb71d366f1ddafa1cb12db2f7cfefe17c4ca89c98cffb67c1c8619,,,0.4,40.0,0.16000000000000003,0.010000000000000002,0.04000000000000001,0,full,True
ACT,13,8000055,metaworld,False,200,1.0093728819992975,0,0,0,0,0.0,,False,True,object_dropped,57b01e38d9ca82c0ec14d8e3f84b5359b09d0d3916cad9521f3d972c52a61b27,b4d00b629663580725cee7c16b68664af3de3bc5986bddef37e01448932e3ffd,e216352c7f1c7392270c7c501bb599f2a46f420613a124fda0729ab88160cdf2,,,0.4,40.0,0.16000000000000003,0.010000000000000002,0.04000000000000001,0,full,True
ACT,14,8000056,metaworld,False,200,0.9669981709994317,0,0,0,0,0.0,,False,True,timeout,4aed2112511af94731131750d231c358309837787afb9b65da6d3cb2c5bb62cf,b4d00b629663580725cee7c16b68664af3de3bc5986bddef37e01448932e3ffd,64ee837add19202e84553431fdab118462cf5265eeae19a4d044b5a6818f771d,,,0.4,40.0,0.16000000000000003,0.010000000000000002,0.04000000000000001,0,full,True
ACT,15,8000057,metaworld,False,200,0.9689889460023551,0,0,0,0,0.0,,False,True,timeout,5b0042609bf8fe72262f73ad2cb6f93820c204ad020cecf49ff7400ac98a8057,b4d00b629663580725cee7c16b68664af3de3bc5986bddef37e01448932e3ffd,c40fedd273cade53989af8adc3ca66d02f2d92ca4d97b2f6391a0dd0ab6dbca3,,,0.4,40.0,0.16000000000000003,0.010000000000000002,0.04000000000000001,0,full,True
ACT,16,8000058,metaworld,False,200,0.9580172049973044,0,0,0,0,0.0,,False,True,timeout,651bd7197feed9ec5fbeb5607a3c625a01de4a38e5be71b566629e8f6ba4d8c8,b4d00b629663580725cee7c16b68664af3de3bc5986bddef37e01448932e3ffd,942fb6a87dc1e3eb7bf7bb111c97e7096138256b4a9a6b4c62a012fabe8bec38,,,0.4,40.0,0.16000000000000003,0.010000000000000002,0.04000000000000001,0,full,True
ACT,17,8000059,metaworld,False,200,0.9546350380005606,0,0,0,0,0.0,,False,True,timeout,5b3a78035ef1ee82783738813c481fbb90581f8dea8603488b16085a879e29bd,b4d00b629663580725cee7c16b68664af3de3bc5986bddef37e01448932e3ffd,0f719f94ef165c0b816b8b10c3f4f5fcf802c9f5a25141035590310315749280,,,0.4,40.0,0.16000000000000003,0.010000000000000002,0.04000000000000001,0,full,True
ACT,18,8000060,metaworld,True,64,0.29496965300131706,0,0,0,0,0.0,,True,False,,fe5f1e704e3ee940985dc401f290c5c2fc59314bfa89099de017341c987070d8,b4d00b629663580725cee7c16b68664af3de3bc5986bddef37e01448932e3ffd,b8e45a2f8f553d53c6eef0305347f910b9999bcae6df6ccaf0eaee6ac864e670,,,0.4,40.0,0.16000000000000003,0.010000000000000002,0.04000000000000001,0,full,True
ACT,19,8000061,metaworld,True,63,0.294430119000026,0,0,0,0,0.0,,True,False,,fcc9ae4d08cf5f34eef0d60c7bf423fc32ae524c7abae1fdc1362ea85f7a15a1,b4d00b629663580725cee7c16b68664af3de3bc5986bddef37e01448932e3ffd,06d355d7aff3b944ab4199c02a94c63d062e5c414c0b195f7b232b607e0ab1ed,,,0.4,40.0,0.16000000000000003,0.010000000000000002,0.04000000000000001,0,full,True
ACT,20,8000062,metaworld,True,55,0.2537674280029023,0,0,0,0,0.0,,True,False,,d5e32458b715c5a750fa79bd135d8185ed0e51c1d6a2594d1641e336b28ff16f,b4d00b629663580725cee7c16b68664af3de3bc5986bddef37e01448932e3ffd,5e1df472084de78052388a34f03cad3de438ca9b5dc801b5759dd57c66a7482a,,,0.4,40.0,0.16000000000000003,0.010000000000000002,0.04000000000000001,0,full,True
ACT,21,8000063,metaworld,True,60,0.27985093299867003,0,0,0,0,0.0,,True,False,,8dd13fc90d97f836aa31e5e9bf7b4983cc442d5e495c27998a892060556a2d3c,b4d00b629663580725cee7c16b68664af3de3bc5986bddef37e01448932e3ffd,0cda21f8ffacf0a1e40e7b0e858a8e2ddc276972106d4bced99d4404b4a13fd8,,,0.4,40.0,0.16000000000000003,0.010000000000000002,0.04000000000000001,0,full,True
ACT,22,8000064,metaworld,True,57,0.26562422899951343,0,0,0,0,0.0,,True,False,,46ec1fe9c24dd4f9462648c820bfca8abd759ead2018d4bc7f246479c45086fd,b4d00b629663580725cee7c16b68664af3de3bc5986bddef37e01448932e3ffd,6cb8d983459a8e57d4ae53a86da2394015cabba2d7c306dcaf7b14af979ca230,,,0.4,40.0,0.16000000000000003,0.010000000000000002,0.04000000000000001,0,full,True
ACT,23,8000065,metaworld,False,200,0.9023952870011271,0,0,0,0,0.0,,False,True,object_dropped,9090973d3f5a04cb5c04cbcd83a32cca3a1e71ad1b76e92b66a8b96b89d9beec,b4d00b629663580725cee7c16b68664af3de3bc5986bddef37e01448932e3ffd,39001749c902e2ab9d015efb8c7644faffff99810b709d3203dc359d5eacdcbd,,,0.4,40.0,0.16000000000000003,0.010000000000000002,0.04000000000000001,0,full,True
ACT,24,8000066,metaworld,False,200,0.9216072160015756,0,0,0,0,0.0,,False,True,timeout,845097c90650bc4d4755661c4e0cd59fff76c2afe428ec1b974f8c1faba83d88,b4d00b629663580725cee7c16b68664af3de3bc5986bddef37e01448932e3ffd,56b7f182edcfeefa9301e1edd53d7f36e4418de7e6df1b54b0f0c298cde1b3cd,,,0.4,40.0,0.16000000000000003,0.010000000000000002,0.04000000000000001,0,full,True
ACT,25,8000067,metaworld,False,200,0.9915944620006485,0,0,0,0,0.0,,False,True,timeout,d06f3079a6be90b53c6b06a8b6250c9020b4b677dccfe200b1a43070bf003080,b4d00b629663580725cee7c16b68664af3de3bc5986bddef37e01448932e3ffd,e216352c7f1c7392270c7c501bb599f2a46f420613a124fda0729ab88160cdf2,,,0.4,40.0,0.16000000000000003,0.010000000000000002,0.04000000000000001,0,full,True
ACT,26,8000068,metaworld,True,55,0.25108768599966425,0,0,0,0,0.0,,True,False,,213f7c15b0edb34f333827c8738c7370e60b78a8b45ef90544dbe3f2a81b262a,b4d00b629663580725cee7c16b68664af3de3bc5986bddef37e01448932e3ffd,2eb279a724955c1a9d173681940490ec9cc8ed4fdc15a95533884a23d4ccdb4e,,,0.4,40.0,0.16000000000000003,0.010000000000000002,0.04000000000000001,0,full,True
ACT,27,8000069,metaworld,True,54,0.2519869440002367,0,0,0,0,0.0,,True,False,,c38af4174b11ced48b37503b3c5783f4c5e18c9fc420830987a8113b554a1172,b4d00b629663580725cee7c16b68664af3de3bc5986bddef37e01448932e3ffd,15a9adece7ebea14bdf37f5376e274c6dce4711281025cf35060933ba9ab8ad3,,,0.4,40.0,0.16000000000000003,0.010000000000000002,0.04000000000000001,0,full,True
ACT,28,8000070,metaworld,False,200,0.9266450800023449,0,0,0,0,0.0,,False,True,timeout,6b804e3d7453daefe913623c4ffd0a6d5749ef818237c799fde4f928a8b6105f,b4d00b629663580725cee7c16b68664af3de3bc5986bddef37e01448932e3ffd,5d73f28d4d24cdbcb36a5e5cd61ec1a82f7287ce56d88da8cea912ed757b164c,,,0.4,40.0,0.16000000000000003,0.010000000000000002,0.04000000000000001,0,full,True
ACT,29,8000071,metaworld,False,200,0.9012098399980459,0,0,0,0,0.0,,False,True,timeout,917e50c8790318b89b210aacf285f7e57b204f2d9014f403cd186f090a592630,b4d00b629663580725cee7c16b68664af3de3bc5986bddef37e01448932e3ffd,5e1df472084de78052388a34f03cad3de438ca9b5dc801b5759dd57c66a7482a,,,0.4,40.0,0.16000000000000003,0.010000000000000002,0.04000000000000001,0,full,True
ACT,30,8000072,metaworld,False,200,0.9449404160004633,0,0,0,0,0.0,,False,True,timeout,7a94d9030530198f5a4bb16b56b22b5aba9aee1aba735461ae211515b6f1d046,b4d00b629663580725cee7c16b68664af3de3bc5986bddef37e01448932e3ffd,aba21ef1c98d0573e36116c9757115227fd3793cba96aea7eda95c2547314ca3,,,0.4,40.0,0.16000000000000003,0.010000000000000002,0.04000000000000001,0,full,True
ACT,31,8000073,metaworld,True,59,0.27933434400256374,0,0,0,0,0.0,,True,False,,a08abb52a81e7a23029eb0aa9ab84f08cda6ca659fe4aacc6abc289ba9972dda,b4d00b629663580725cee7c16b68664af3de3bc5986bddef37e01448932e3ffd,b8e45a2f8f553d53c6eef0305347f910b9999bcae6df6ccaf0eaee6ac864e670,,,0.4,40.0,0.16000000000000003,0.010000000000000002,0.04000000000000001,0,full,True
ACT,32,8000074,metaworld,False,200,0.9454858030003379,0,0,0,0,0.0,,False,True,timeout,596648e8d89f5d59abc62b99f632c1ebaf22d98353126cfda7afdb736e251f0b,b4d00b629663580725cee7c16b68664af3de3bc5986bddef37e01448932e3ffd,ba19e0623fe05add91e00811bacb33e27305f5fcb6549be6f6278ebce6046101,,,0.4,40.0,0.16000000000000003,0.010000000000000002,0.04000000000000001,0,full,True
ACT,33,8000075,metaworld,False,200,0.9392888780021167,0,0,0,0,0.0,,False,True,timeout,438541a69a168eeb4bc5088ff07b8219508f56593d348cbcefbf434fcabc08eb,b4d00b629663580725cee7c16b68664af3de3bc5986bddef37e01448932e3ffd,8a99d46d6d04afe3e2ef92bb607dde5e178b5c37506006c4f364e345976453b1,,,0.4,40.0,0.16000000000000003,0.010000000000000002,0.04000000000000001,0,full,True
ACT,34,8000076,metaworld,False,200,0.9270161449967418,0,0,0,0,0.0,,False,True,object_dropped,9c2df1c3d485baf819e014d7b05ac8414ff5c07e1533cf0baaccb2917b3d47bd,b4d00b629663580725cee7c16b68664af3de3bc5986bddef37e01448932e3ffd,4e97203f8ce1a96cef19545d4c4c300d0de39e4f94bd1941cef7ebc3dd48be02,,,0.4,40.0,0.16000000000000003,0.010000000000000002,0.04000000000000001,0,full,True
ACT,35,8000077,metaworld,False,200,0.9685202359978575,0,0,0,0,0.0,,False,True,timeout,26ab6f368f2bf01d332bde215f6006f23e0093a120bcdab09c2e08a26cd21bd3,b4d00b629663580725cee7c16b68664af3de3bc5986bddef37e01448932e3ffd,06d355d7aff3b944ab4199c02a94c63d062e5c414c0b195f7b232b607e0ab1ed,,,0.4,40.0,0.16000000000000003,0.010000000000000002,0.04000000000000001,0,full,True
ACT,36,8000078,metaworld,False,200,0.9733230960009678,0,0,0,0,0.0,,False,True,timeout,a092abb5ad049b6a1362820082c630f3b2650c09ab47ea13e38298ae2450de19,b4d00b629663580725cee7c16b68664af3de3bc5986bddef37e01448932e3ffd,39001749c902e2ab9d015efb8c7644faffff99810b709d3203dc359d5eacdcbd,,,0.4,40.0,0.16000000000000003,0.010000000000000002,0.04000000000000001,0,full,True
ACT,37,8000079,metaworld,False,200,0.9678929699985019,0,0,0,0,0.0,,False,True,object_dropped,187f37f7b403d3e939afd3673fb792a948b9ba59b8df53bc3d00f02db3ef1e2f,b4d00b629663580725cee7c16b68664af3de3bc5986bddef37e01448932e3ffd,8a99d46d6d04afe3e2ef92bb607dde5e178b5c37506006c4f364e345976453b1,,,0.4,40.0,0.16000000000000003,0.010000000000000002,0.04000000000000001,0,full,True
ACT,38,8000080,metaworld,False,200,0.9644263940026576,0,0,0,0,0.0,,False,True,timeout,76675fb1a616ca323c8cb367fae84cdca6b2058c7174320b481c790c1eb6c895,b4d00b629663580725cee7c16b68664af3de3bc5986bddef37e01448932e3ffd,5d73f28d4d24cdbcb36a5e5cd61ec1a82f7287ce56d88da8cea912ed757b164c,,,0.4,40.0,0.16000000000000003,0.010000000000000002,0.04000000000000001,0,full,True
ACT,39,8000081,metaworld,False,200,0.956811417996505,0,0,0,0,0.0,,False,True,timeout,6178eaf97f0a4996e65b18b82e6b7b8251816817735a701a59c39c7bd62c5fcd,b4d00b629663580725cee7c16b68664af3de3bc5986bddef37e01448932e3ffd,a8cfe6e2276fbd15230c5555255b87d17333bdd29f84f687df7405d0311fae7f,,,0.4,40.0,0.16000000000000003,0.010000000000000002,0.04000000000000001,0,full,True
ACT,40,8000082,metaworld,True,56,0.2827373309992254,0,0,0,0,0.0,,True,False,,6bb3c955f0ed9d44664e1065184c8cd170c8925e18cdb55eb3f4f558483e0bc2,b4d00b629663580725cee7c16b68664af3de3bc5986bddef37e01448932e3ffd,f82ceac6f8787ac22c378edc1f141cedcc86bf9309b43f1aff6633ae0a963abb,,,0.4,40.0,0.16000000000000003,0.010000000000000002,0.04000000000000001,0,full,True
ACT,41,8000083,metaworld,False,200,0.9720937759993831,0,0,0,0,0.0,,False,True,timeout,c284e7e72fde7e0c197aaba82cfb11aac152303caae87a855a121972e4e1a576,b4d00b629663580725cee7c16b68664af3de3bc5986bddef37e01448932e3ffd,4e97203f8ce1a96cef19545d4c4c300d0de39e4f94bd1941cef7ebc3dd48be02,,,0.4,40.0,0.16000000000000003,0.010000000000000002,0.04000000000000001,0,full,True
ACT,42,8000084,metaworld,False,200,0.9578909299998486,0,0,0,0,0.0,,False,True,timeout,7d7a956e74bc6568a77b919384e289dcb7100c2b725b74eafa5811278346561a,b4d00b629663580725cee7c16b68664af3de3bc5986bddef37e01448932e3ffd,5d73f28d4d24cdbcb36a5e5cd61ec1a82f7287ce56d88da8cea912ed757b164c,,,0.4,40.0,0.16000000000000003,0.010000000000000002,0.04000000000000001,0,full,True
ACT,43,8000085,metaworld,False,200,0.9484947270029807,0,0,0,0,0.0,,False,True,timeout,e056922dba837b70685a6be6f50678af027d993a6be34ffb3da06b0522d6aae9,b4d00b629663580725cee7c16b68664af3de3bc5986bddef37e01448932e3ffd,aba21ef1c98d0573e36116c9757115227fd3793cba96aea7eda95c2547314ca3,,,0.4,40.0,0.16000000000000003,0.010000000000000002,0.04000000000000001,0,full,True
ACT,44,8000086,metaworld,False,200,0.9494379329989897,0,0,0,0,0.0,,False,True,object_dropped,22aed3bc2a6344f7f00e9df3dca3444715ff1f6d1167effeb7beb967e582f6f2,b4d00b629663580725cee7c16b68664af3de3bc5986bddef37e01448932e3ffd,27e1ed8c670f23dae46752497e383610e58c248d638e3b9b707808a32ce33d4e,,,0.4,40.0,0.16000000000000003,0.010000000000000002,0.04000000000000001,0,full,True
ACT,45,8000087,metaworld,True,58,0.30625256200073636,0,0,0,0,0.0,,True,False,,ece7dace65b5220a861ee294897d54879ac3c67126827943f508dc0f233f0ac6,b4d00b629663580725cee7c16b68664af3de3bc5986bddef37e01448932e3ffd,ba19e0623fe05add91e00811bacb33e27305f5fcb6549be6f6278ebce6046101,,,0.4,40.0,0.16000000000000003,0.010000000000000002,0.04000000000000001,0,full,True
ACT,46,8000088,metaworld,False,200,1.020931652001309,0,0,0,0,0.0,,False,True,timeout,62c666e68dae1ef5b5327a01f09d3b8bb71bfb7260d11adea93eb90f42bde483,b4d00b629663580725cee7c16b68664af3de3bc5986bddef37e01448932e3ffd,e216352c7f1c7392270c7c501bb599f2a46f420613a124fda0729ab88160cdf2,,,0.4,40.0,0.16000000000000003,0.010000000000000002,0.04000000000000001,0,full,True
ACT,47,8000089,metaworld,True,55,0.3068210649980756,0,0,0,0,0.0,,True,False,,a3ae63e97a5861cf568ea6a7f13929e09220b410641ffa6ed73cfbd9a127ec26,b4d00b629663580725cee7c16b68664af3de3bc5986bddef37e01448932e3ffd,f82ceac6f8787ac22c378edc1f141cedcc86bf9309b43f1aff6633ae0a963abb,,,0.4,40.0,0.16000000000000003,0.010000000000000002,0.04000000000000001,0,full,True
ACT,48,8000090,metaworld,False,200,1.001573476001795,0,0,0,0,0.0,,False,True,timeout,87d547d7b42da5b21775902cbd8fa22617d9eab0fad155249a4244e516ad272a,b4d00b629663580725cee7c16b68664af3de3bc5986bddef37e01448932e3ffd,b8e45a2f8f553d53c6eef0305347f910b9999bcae6df6ccaf0eaee6ac864e670,,,0.4,40.0,0.16000000000000003,0.010000000000000002,0.04000000000000001,0,full,True
ACT,49,8000091,metaworld,False,200,1.056962687001942,0,0,0,0,0.0,,False,True,timeout,e3a0027fdb33dd7809e0c7e5dbe54118721f2d0cd56134ab8d2674f01bed4c90,b4d00b629663580725cee7c16b68664af3de3bc5986bddef37e01448932e3ffd,c40fedd273cade53989af8adc3ca66d02f2d92ca4d97b2f6391a0dd0ab6dbca3,,,0.4,40.0,0.16000000000000003,0.010000000000000002,0.04000000000000001,0,full,True
ACT,50,8000092,metaworld,False,200,1.042560075999063,0,0,0,0,0.0,,False,True,timeout,e11d820d381be36bcbd695f222b7d2f5da5c5d7f2816445df5c0340040883bf2,b4d00b629663580725cee7c16b68664af3de3bc5986bddef37e01448932e3ffd,48ce9609a38b32e56f7e6a43ffef71c21c8b1d17ed5a63d47701bc1dfc3ff271,,,0.4,40.0,0.16000000000000003,0.010000000000000002,0.04000000000000001,0,full,True
ACT,51,8000093,metaworld,False,200,1.0325575259994366,0,0,0,0,0.0,,False,True,timeout,222ed43cf53b288103b97699b627daa5b8de56637059b2fcdd69b26ac5eb4416,b4d00b629663580725cee7c16b68664af3de3bc5986bddef37e01448932e3ffd,2ad5907877cc42b4447b9630988e3a1f0da0d83e1f696f71e22dc69905e631b6,,,0.4,40.0,0.16000000000000003,0.010000000000000002,0.04000000000000001,0,full,True
ACT,52,8000094,metaworld,False,200,1.0118760900004418,0,0,0,0,0.0,,False,True,timeout,27ebbc72b95d8575d07ff2daed427ac6546c1a9fcfcdde3cd0e380cd5d5818fc,b4d00b629663580725cee7c16b68664af3de3bc5986bddef37e01448932e3ffd,8a99d46d6d04afe3e2ef92bb607dde5e178b5c37506006c4f364e345976453b1,,,0.4,40.0,0.16000000000000003,0.010000000000000002,0.04000000000000001,0,full,True
ACT,53,8000095,metaworld,True,60,0.3073505770007614,0,0,0,0,0.0,,True,False,,59d3e09c0daa47252efe75fda852aa7c150b2570ee62cde4a868fd71268db7e9,b4d00b629663580725cee7c16b68664af3de3bc5986bddef37e01448932e3ffd,942fb6a87dc1e3eb7bf7bb111c97e7096138256b4a9a6b4c62a012fabe8bec38,,,0.4,40.0,0.16000000000000003,0.010000000000000002,0.04000000000000001,0,full,True
ACT,54,8000096,metaworld,False,200,1.0036326660010673,0,0,0,0,0.0,,False,True,timeout,38718f752cc305af5d30cfcaf27ad45e58c92e576131a95d0f28032c5a9aa0c7,b4d00b629663580725cee7c16b68664af3de3bc5986bddef37e01448932e3ffd,4e97203f8ce1a96cef19545d4c4c300d0de39e4f94bd1941cef7ebc3dd48be02,,,0.4,40.0,0.16000000000000003,0.010000000000000002,0.04000000000000001,0,full,True
ACT,55,8000097,metaworld,True,70,0.3495445849985117,0,0,0,0,0.0,,True,False,,efd87e1fbe551ee9224fda0583bf49fd80f61066cc82eb7cc0b09efe9e1d9c03,b4d00b629663580725cee7c16b68664af3de3bc5986bddef37e01448932e3ffd,742509487aeb71d366f1ddafa1cb12db2f7cfefe17c4ca89c98cffb67c1c8619,,,0.4,40.0,0.16000000000000003,0.010000000000000002,0.04000000000000001,0,full,True
ACT,56,8000098,metaworld,False,200,1.0053110280023247,0,0,0,0,0.0,,False,True,timeout,26849df389dbd61f40b49887f726aafe53720d439f100f27b0019983619d4681,b4d00b629663580725cee7c16b68664af3de3bc5986bddef37e01448932e3ffd,08a97a6dfa17f78b5cc5b1351d60038e4a40a68fc93722672482714333b1d9b5,,,0.4,40.0,0.16000000000000003,0.010000000000000002,0.04000000000000001,0,full,True
ACT,57,8000099,metaworld,False,200,1.0305450420019042,0,0,0,0,0.0,,False,True,timeout,676b478d1945676e342a2c5609ea25b3d69608ef457d0e7cc2f52b22f45db382,b4d00b629663580725cee7c16b68664af3de3bc5986bddef37e01448932e3ffd,35203d16cfa98b5f2e002fcb1ffde2400abf9459c161f6a289efa0c46eddb36f,,,0.4,40.0,0.16000000000000003,0.010000000000000002,0.04000000000000001,0,full,True
ACT,58,8000100,metaworld,True,64,0.31778086399936,0,0,0,0,0.0,,True,False,,91cb6b13d6a9cc71ff38efb853304ce136d884be630893e8fe1abbfc6f1727d5,b4d00b629663580725cee7c16b68664af3de3bc5986bddef37e01448932e3ffd,64ee837add19202e84553431fdab118462cf5265eeae19a4d044b5a6818f771d,,,0.4,40.0,0.16000000000000003,0.010000000000000002,0.04000000000000001,0,full,True
ACT,59,8000101,metaworld,False,200,0.9772281559999101,0,0,0,0,0.0,,False,True,timeout,c78275a9ed019679c36c72a6241f821f6afcff8c523c71c3c6c8a834f3e44656,b4d00b629663580725cee7c16b68664af3de3bc5986bddef37e01448932e3ffd,06d355d7aff3b944ab4199c02a94c63d062e5c414c0b195f7b232b607e0ab1ed,,,0.4,40.0,0.16000000000000003,0.010000000000000002,0.04000000000000001,0,full,True
ACT,60,8000102,metaworld,False,200,1.367022411999642,0,0,0,0,0.0,,False,True,timeout,8db226bd5cf51449cc754a6c4a2c56843bdd9e995628617588e2789f6bc1c0d4,b4d00b629663580725cee7c16b68664af3de3bc5986bddef37e01448932e3ffd,08a97a6dfa17f78b5cc5b1351d60038e4a40a68fc93722672482714333b1d9b5,,,0.4,40.0,0.16000000000000003,0.010000000000000002,0.04000000000000001,0,full,True
ACT,61,8000103,metaworld,False,200,1.0682409490000282,0,0,0,0,0.0,,False,True,timeout,300d55e27321430a154e89a17c4ea230b9c6bd31c7c30234d6f9bf773998535b,b4d00b629663580725cee7c16b68664af3de3bc5986bddef37e01448932e3ffd,0f719f94ef165c0b816b8b10c3f4f5fcf802c9f5a25141035590310315749280,,,0.4,40.0,0.16000000000000003,0.010000000000000002,0.04000000000000001,0,full,True
ACT,62,8000104,metaworld,False,200,0.9940507329993125,0,0,0,0,0.0,,False,True,object_dropped,e9da47acb84a61d635557e3a2983ce0b141be505ca00086c4a2cb41c62d74560,b4d00b629663580725cee7c16b68664af3de3bc5986bddef37e01448932e3ffd,35203d16cfa98b5f2e002fcb1ffde2400abf9459c161f6a289efa0c46eddb36f,,,0.4,40.0,0.16000000000000003,0.010000000000000002,0.04000000000000001,0,full,True
ACT,63,8000105,metaworld,False,200,1.022204488999705,0,0,0,0,0.0,,False,True,timeout,6d2cd324f36337f1fe3e09020b31a2f55d22151d9ba47f076ccc156b689836cc,b4d00b629663580725cee7c16b68664af3de3bc5986bddef37e01448932e3ffd,4e97203f8ce1a96cef19545d4c4c300d0de39e4f94bd1941cef7ebc3dd48be02,,,0.4,40.0,0.16000000000000003,0.010000000000000002,0.04000000000000001,0,full,True
ACT,64,8000106,metaworld,True,58,0.2870348219985317,0,0,0,0,0.0,,True,False,,2447883c143c971864abdad95e3e09195a359b58c58585bf56b6bec600c58657,b4d00b629663580725cee7c16b68664af3de3bc5986bddef37e01448932e3ffd,06d355d7aff3b944ab4199c02a94c63d062e5c414c0b195f7b232b607e0ab1ed,,,0.4,40.0,0.16000000000000003,0.010000000000000002,0.04000000000000001,0,full,True
ACT,65,8000107,metaworld,False,200,0.9725231999982498,0,0,0,0,0.0,,False,True,timeout,381a6cfa956b90e917a8a4bbc0a86be073b1e7633aa6459843c4a3c2f6da54c4,b4d00b629663580725cee7c16b68664af3de3bc5986bddef37e01448932e3ffd,0cda21f8ffacf0a1e40e7b0e858a8e2ddc276972106d4bced99d4404b4a13fd8,,,0.4,40.0,0.16000000000000003,0.010000000000000002,0.04000000000000001,0,full,True
ACT,66,8000108,metaworld,True,53,0.2591630639981304,0,0,0,0,0.0,,True,False,,d85e82891dac155127684149b56732066f5cd176f8d0e4624c74940532fe71a3,b4d00b629663580725cee7c16b68664af3de3bc5986bddef37e01448932e3ffd,2ad5907877cc42b4447b9630988e3a1f0da0d83e1f696f71e22dc69905e631b6,,,0.4,40.0,0.16000000000000003,0.010000000000000002,0.04000000000000001,0,full,True
ACT,67,8000109,metaworld,True,59,0.28916131100049824,0,0,0,0,0.0,,True,False,,2edf884ffaa0daaf217c546f1efc564735f4ffd56290b135cd5523243e96620d,b4d00b629663580725cee7c16b68664af3de3bc5986bddef37e01448932e3ffd,a8cfe6e2276fbd15230c5555255b87d17333bdd29f84f687df7405d0311fae7f,,,0.4,40.0,0.16000000000000003,0.010000000000000002,0.04000000000000001,0,full,True
ACT,68,8000110,metaworld,False,200,0.9648131970025133,0,0,0,0,0.0,,False,True,timeout,bc4bdb25a7eb1b0b198b154b24f1079fff5a642b3b3dd9bb1880e35976f495b5,b4d00b629663580725cee7c16b68664af3de3bc5986bddef37e01448932e3ffd,0f719f94ef165c0b816b8b10c3f4f5fcf802c9f5a25141035590310315749280,,,0.4,40.0,0.16000000000000003,0.010000000000000002,0.04000000000000001,0,full,True
ACT,69,8000111,metaworld,False,200,0.9837947499981965,0,0,0,0,0.0,,False,True,timeout,535d239da8a3979ef1d254bb2510306bfb9266f7dd777eb385f262ab68e5d8a2,b4d00b629663580725cee7c16b68664af3de3bc5986bddef37e01448932e3ffd,3183afb500ebb9a5af177cccb5b5889a8321eb35261f8ec571269f8b5ed9cd1a,,,0.4,40.0,0.16000000000000003,0.010000000000000002,0.04000000000000001,0,full,True
ACT,70,8000112,metaworld,False,200,1.0139909360004822,0,0,0,0,0.0,,False,True,object_dropped,69f6039d4491c66b8f8aa961d943d2fc17dbf1ea9020144654936f9aafc1835a,b4d00b629663580725cee7c16b68664af3de3bc5986bddef37e01448932e3ffd,a8cfe6e2276fbd15230c5555255b87d17333bdd29f84f687df7405d0311fae7f,,,0.4,40.0,0.16000000000000003,0.010000000000000002,0.04000000000000001,0,full,True
ACT,71,8000113,metaworld,False,200,0.9559977950011671,0,0,0,0,0.0,,False,True,timeout,b961ebe81c77d47d2d78c573aaf2a9734c04ab46ec54df63a7bf7d9db2e37120,b4d00b629663580725cee7c16b68664af3de3bc5986bddef37e01448932e3ffd,f82ceac6f8787ac22c378edc1f141cedcc86bf9309b43f1aff6633ae0a963abb,,,0.4,40.0,0.16000000000000003,0.010000000000000002,0.04000000000000001,0,full,True
ACT,72,8000114,metaworld,False,200,0.9540636919991812,0,0,0,0,0.0,,False,True,timeout,959f14682c3c99b4925a6ed363be1d626d7c72a4d7f8ddbdbc9334faba2df37f,b4d00b629663580725cee7c16b68664af3de3bc5986bddef37e01448932e3ffd,e6e55bdbd77dc052facbc072d20b08a21d116978c37627b9a3d9dc7989dfbe62,,,0.4,40.0,0.16000000000000003,0.010000000000000002,0.04000000000000001,0,full,True
ACT,73,8000115,metaworld,True,65,0.31634589100212906,0,0,0,0,0.0,,True,False,,a523cf87764d31a5617851af30ce1f1d2f82f19ff177d196eef4f6e942fda708,b4d00b629663580725cee7c16b68664af3de3bc5986bddef37e01448932e3ffd,1c856fdcb5da12c3fa2d15b38741aa980fa3a47e64fb99f8635817590128f9ea,,,0.4,40.0,0.16000000000000003,0.010000000000000002,0.04000000000000001,0,full,True
ACT,74,8000116,metaworld,True,50,0.2463547160004964,0,0,0,0,0.0,,True,False,,8bc902b76aa7e1afaf9c4b8c8c7e68a2d327b97a8b0d526599dc7a843f4e228c,b4d00b629663580725cee7c16b68664af3de3bc5986bddef37e01448932e3ffd,27e1ed8c670f23dae46752497e383610e58c248d638e3b9b707808a32ce33d4e,,,0.4,40.0,0.16000000000000003,0.010000000000000002,0.04000000000000001,0,full,True
ACT,75,8000117,metaworld,True,56,0.2745779760007281,0,0,0,0,0.0,,True,False,,efcad61c716b91402d446517d7432ccc0ddc5fc0a5fcba9172db980dae38cba2,b4d00b629663580725cee7c16b68664af3de3bc5986bddef37e01448932e3ffd,3183afb500ebb9a5af177cccb5b5889a8321eb35261f8ec571269f8b5ed9cd1a,,,0.4,40.0,0.16000000000000003,0.010000000000000002,0.04000000000000001,0,full,True
ACT,76,8000118,metaworld,False,200,0.9549756310007069,0,0,0,0,0.0,,False,True,timeout,3a7b3d2540b6982094c0970cff90f17dd1210c21850500a953fc87b3ba21fcad,b4d00b629663580725cee7c16b68664af3de3bc5986bddef37e01448932e3ffd,acfaed29b052207b47b4b7fa76672795fd08de3add8565db05f141de82ece90b,,,0.4,40.0,0.16000000000000003,0.010000000000000002,0.04000000000000001,0,full,True
ACT,77,8000119,metaworld,False,200,0.9637360020024062,0,0,0,0,0.0,,False,True,timeout,705fdc240088ab3509dcf92038f9db7ca1a5edeb6beb0592323d25a12c9f1601,b4d00b629663580725cee7c16b68664af3de3bc5986bddef37e01448932e3ffd,7c3391ee418e26d47c002810bc00065e4dd0b6728c969d2338ad549ad01ebb0a,,,0.4,40.0,0.16000000000000003,0.010000000000000002,0.04000000000000001,0,full,True
ACT,78,8000120,metaworld,True,56,0.2679250709988992,0,0,0,0,0.0,,True,False,,0e46d49fef5ff7854e785e3fa0dc2ba8894b7944e8f020834e7c76109617ba2b,b4d00b629663580725cee7c16b68664af3de3bc5986bddef37e01448932e3ffd,64ee837add19202e84553431fdab118462cf5265eeae19a4d044b5a6818f771d,,,0.4,40.0,0.16000000000000003,0.010000000000000002,0.04000000000000001,0,full,True
ACT,79,8000121,metaworld,False,200,0.9444091449986445,0,0,0,0,0.0,,False,True,object_dropped,dbe80796e13c46376a1968ba56e850103b98cc8e0b92cd89b4c62bd29674d8c9,b4d00b629663580725cee7c16b68664af3de3bc5986bddef37e01448932e3ffd,25805a097f1f4b8c203ec3c130dcd3e66b5fb3ad298114a08662aae6c86fa673,,,0.4,40.0,0.16000000000000003,0.010000000000000002,0.04000000000000001,0,full,True
ACT,80,8000122,metaworld,False,200,0.9488313410001865,0,0,0,0,0.0,,False,True,timeout,eeda3f1bd08bfaea3585ef58db9dfbc712302ef84ca863fd7b08dcadf0210c45,b4d00b629663580725cee7c16b68664af3de3bc5986bddef37e01448932e3ffd,2eb279a724955c1a9d173681940490ec9cc8ed4fdc15a95533884a23d4ccdb4e,,,0.4,40.0,0.16000000000000003,0.010000000000000002,0.04000000000000001,0,full,True
ACT,81,8000123,metaworld,False,200,0.9475469720018737,0,0,0,0,0.0,,False,True,timeout,f9902fc02739a92ee55d07c4ad628ea52d1a1315501780b94d062494238b3493,b4d00b629663580725cee7c16b68664af3de3bc5986bddef37e01448932e3ffd,25805a097f1f4b8c203ec3c130dcd3e66b5fb3ad298114a08662aae6c86fa673,,,0.4,40.0,0.16000000000000003,0.010000000000000002,0.04000000000000001,0,full,True
ACT,82,8000124,metaworld,True,54,0.2572232279999298,0,0,0,0,0.0,,True,False,,84cac79d3208a6e72db45c5f8ba6d0cdc03d7b85165f07ae32dbb0d2613c78d6,b4d00b629663580725cee7c16b68664af3de3bc5986bddef37e01448932e3ffd,bb2c6b1aed959fa3ddddb1c215ce67cbb5b0ec080eb65fb58e06b7776849a096,,,0.4,40.0,0.16000000000000003,0.010000000000000002,0.04000000000000001,0,full,True
ACT,83,8000125,metaworld,False,200,1.0112374649979756,0,0,0,0,0.0,,False,True,timeout,828c53b2dc828574d489423a98ced88ec4e8a972522eac46b6a8deabcf393855,b4d00b629663580725cee7c16b68664af3de3bc5986bddef37e01448932e3ffd,08a97a6dfa17f78b5cc5b1351d60038e4a40a68fc93722672482714333b1d9b5,,,0.4,40.0,0.16000000000000003,0.010000000000000002,0.04000000000000001,0,full,True
ACT,84,8000126,metaworld,True,59,0.29445833299905644,0,0,0,0,0.0,,True,False,,0f1a014c792e0edb281a2a0eaeacf70c4c1f34d83735c0a6045f38e79b45bf56,b4d00b629663580725cee7c16b68664af3de3bc5986bddef37e01448932e3ffd,25805a097f1f4b8c203ec3c130dcd3e66b5fb3ad298114a08662aae6c86fa673,,,0.4,40.0,0.16000000000000003,0.010000000000000002,0.04000000000000001,0,full,True
ACT,85,8000127,metaworld,False,200,0.963933832001203,0,0,0,0,0.0,,False,True,timeout,abfed03c62e5c2f8aaf85a7031dada3bbd40219b909f107af903e29870d87cd4,b4d00b629663580725cee7c16b68664af3de3bc5986bddef37e01448932e3ffd,1c856fdcb5da12c3fa2d15b38741aa980fa3a47e64fb99f8635817590128f9ea,,,0.4,40.0,0.16000000000000003,0.010000000000000002,0.04000000000000001,0,full,True
ACT,86,8000128,metaworld,False,200,0.968827134998719,0,0,0,0,0.0,,False,True,timeout,ad5cfea78fe100dbca0983f2b60eb2817dc01fe8b7d7db73fdaaabfdcdfa00b7,b4d00b629663580725cee7c16b68664af3de3bc5986bddef37e01448932e3ffd,5e1df472084de78052388a34f03cad3de438ca9b5dc801b5759dd57c66a7482a,,,0.4,40.0,0.16000000000000003,0.010000000000000002,0.04000000000000001,0,full,True
ACT,87,8000129,metaworld,True,62,0.3037028510007076,0,0,0,0,0.0,,True,False,,960be8dafdcecdb2db5ddc5a016c80395f30edbe0fadd5bca05d28a852daf9a4,b4d00b629663580725cee7c16b68664af3de3bc5986bddef37e01448932e3ffd,1c856fdcb5da12c3fa2d15b38741aa980fa3a47e64fb99f8635817590128f9ea,,,0.4,40.0,0.16000000000000003,0.010000000000000002,0.04000000000000001,0,full,True
ACT,88,8000130,metaworld,False,200,1.0111066290010058,0,0,0,0,0.0,,False,True,timeout,9d6412aaddf3acf170d8eed9138091420a12de51b465c657333f9239064570f4,b4d00b629663580725cee7c16b68664af3de3bc5986bddef37e01448932e3ffd,942fb6a87dc1e3eb7bf7bb111c97e7096138256b4a9a6b4c62a012fabe8bec38,,,0.4,40.0,0.16000000000000003,0.010000000000000002,0.04000000000000001,0,full,True
ACT,89,8000131,metaworld,False,200,1.0296823289972963,0,0,0,0,0.0,,False,True,object_dropped,ce071c196c2456ccb1f3b5dbe35b69d761fe1f0a53dc239bc4840c3be46203b8,b4d00b629663580725cee7c16b68664af3de3bc5986bddef37e01448932e3ffd,0f719f94ef165c0b816b8b10c3f4f5fcf802c9f5a25141035590310315749280,,,0.4,40.0,0.16000000000000003,0.010000000000000002,0.04000000000000001,0,full,True
ACT,90,8000132,metaworld,True,61,0.298142938001547,0,0,0,0,0.0,,True,False,,3eb9a92d900b29ec24df51851c191f47ef26ea5aedc1a790d67684a7f9b9f15e,b4d00b629663580725cee7c16b68664af3de3bc5986bddef37e01448932e3ffd,c40fedd273cade53989af8adc3ca66d02f2d92ca4d97b2f6391a0dd0ab6dbca3,,,0.4,40.0,0.16000000000000003,0.010000000000000002,0.04000000000000001,0,full,True
ACT,91,8000133,metaworld,False,200,0.983926569999312,0,0,0,0,0.0,,False,True,timeout,8a1eeee6636bcc24376a830684430cec41f09a3358607701256a42aa4e0485ce,b4d00b629663580725cee7c16b68664af3de3bc5986bddef37e01448932e3ffd,38329c6b97bbe7d133bf007c22742dca5f0cd7258f8d7199135c6c2371ae591d,,,0.4,40.0,0.16000000000000003,0.010000000000000002,0.04000000000000001,0,full,True
ACT,92,8000134,metaworld,True,60,0.2943305619992316,0,0,0,0,0.0,,True,False,,37c207ce2ff63af405953c33edef808463129ff62aa5c797ae1f9fcec84a932f,b4d00b629663580725cee7c16b68664af3de3bc5986bddef37e01448932e3ffd,48ce9609a38b32e56f7e6a43ffef71c21c8b1d17ed5a63d47701bc1dfc3ff271,,,0.4,40.0,0.16000000000000003,0.010000000000000002,0.04000000000000001,0,full,True
ACT,93,8000135,metaworld,False,200,1.0218298399995547,0,0,0,0,0.0,,False,True,timeout,5d38bc5e75d3af55e746f7218b15784572e492b165f6ca57415443bc90428b07,b4d00b629663580725cee7c16b68664af3de3bc5986bddef37e01448932e3ffd,48ce9609a38b32e56f7e6a43ffef71c21c8b1d17ed5a63d47701bc1dfc3ff271,,,0.4,40.0,0.16000000000000003,0.010000000000000002,0.04000000000000001,0,full,True
ACT,94,8000136,metaworld,True,51,0.260940751999442,0,0,0,0,0.0,,True,False,,51233b15fdaf8b6d860743a1af6400e66c2cedf6549ce64598ddb21a6a384524,b4d00b629663580725cee7c16b68664af3de3bc5986bddef37e01448932e3ffd,bb2c6b1aed959fa3ddddb1c215ce67cbb5b0ec080eb65fb58e06b7776849a096,,,0.4,40.0,0.16000000000000003,0.010000000000000002,0.04000000000000001,0,full,True
ACT,95,8000137,metaworld,False,200,1.0063388630005647,0,0,0,0,0.0,,False,True,timeout,25ec4e1b30f0fbcb80f8055257c4bb51e4dc3c2a7ea36d6a500c641bc22a09c5,b4d00b629663580725cee7c16b68664af3de3bc5986bddef37e01448932e3ffd,27e1ed8c670f23dae46752497e383610e58c248d638e3b9b707808a32ce33d4e,,,0.4,40.0,0.16000000000000003,0.010000000000000002,0.04000000000000001,0,full,True
ACT,96,8000138,metaworld,False,200,1.228394981000747,0,0,0,0,0.0,,False,True,object_dropped,396995f778134fd316b9745a69a97acd91e2f1afc1fabf89b63b1f34afe71d7f,b4d00b629663580725cee7c16b68664af3de3bc5986bddef37e01448932e3ffd,08a97a6dfa17f78b5cc5b1351d60038e4a40a68fc93722672482714333b1d9b5,,,0.4,40.0,0.16000000000000003,0.010000000000000002,0.04000000000000001,0,full,True
ACT,97,8000139,metaworld,False,200,1.0518624169999384,0,0,0,0,0.0,,False,True,object_dropped,fea4954238a3defccb04f0726db3042b268a5bf97ab3b6f88ee37b0a6880131d,b4d00b629663580725cee7c16b68664af3de3bc5986bddef37e01448932e3ffd,b8e45a2f8f553d53c6eef0305347f910b9999bcae6df6ccaf0eaee6ac864e670,,,0.4,40.0,0.16000000000000003,0.010000000000000002,0.04000000000000001,0,full,True
ACT,98,8000140,metaworld,False,200,1.0321100620021753,0,0,0,0,0.0,,False,True,timeout,4f437a74206420b22c049a39a4994d46d4c937505216fe3937306c3a45404c60,b4d00b629663580725cee7c16b68664af3de3bc5986bddef37e01448932e3ffd,f82ceac6f8787ac22c378edc1f141cedcc86bf9309b43f1aff6633ae0a963abb,,,0.4,40.0,0.16000000000000003,0.010000000000000002,0.04000000000000001,0,full,True
ACT,99,8000141,metaworld,False,200,1.0820445490026032,0,0,0,0,0.0,,False,True,timeout,a8a3523171725e82e0435b99b8debd36d082ba814bcbb09198a77b47791ef6e5,b4d00b629663580725cee7c16b68664af3de3bc5986bddef37e01448932e3ffd,f82ceac6f8787ac22c378edc1f141cedcc86bf9309b43f1aff6633ae0a963abb,,,0.4,40.0,0.16000000000000003,0.010000000000000002,0.04000000000000001,0,full,True
ACT,100,8000142,metaworld,False,200,1.0323091710015433,0,0,0,0,0.0,,False,True,timeout,8c543dbb30a21db46592e209c79a7bd45d4575d827e23e6ab1eb32b09e3bb47b,b4d00b629663580725cee7c16b68664af3de3bc5986bddef37e01448932e3ffd,e216352c7f1c7392270c7c501bb599f2a46f420613a124fda0729ab88160cdf2,,,0.4,40.0,0.16000000000000003,0.010000000000000002,0.04000000000000001,0,full,True
ACT,101,8000143,metaworld,False,200,1.0158391579971067,0,0,0,0,0.0,,False,True,timeout,de422b577e36db21825a52b290638ebd03e1b922b39a1f435f32bc4cada1984c,b4d00b629663580725cee7c16b68664af3de3bc5986bddef37e01448932e3ffd,35203d16cfa98b5f2e002fcb1ffde2400abf9459c161f6a289efa0c46eddb36f,,,0.4,40.0,0.16000000000000003,0.010000000000000002,0.04000000000000001,0,full,True
ACT,102,8000144,metaworld,False,200,1.0003891960004694,0,0,0,0,0.0,,False,True,timeout,555ea9d663b4b4627cab8c6b56f24776c338e0387dd68e3b0df06bbdbd5a3d96,b4d00b629663580725cee7c16b68664af3de3bc5986bddef37e01448932e3ffd,504c23f653f6cdee9d659d9320b164606b319d4f0e9cdf0f3a87e2fc7a98160a,,,0.4,40.0,0.16000000000000003,0.010000000000000002,0.04000000000000001,0,full,True
ACT,103,8000145,metaworld,True,58,0.29134613400310627,0,0,0,0,0.0,,True,False,,8601ce5489fdee4e0cb577aa339328473418e664c643d49146a4456a28cf66c2,b4d00b629663580725cee7c16b68664af3de3bc5986bddef37e01448932e3ffd,a0b103bf3e43f4aa92753185301eba5e2e31594285004b99f51a59b33bd2d620,,,0.4,40.0,0.16000000000000003,0.010000000000000002,0.04000000000000001,0,full,True
ACT,104,8000146,metaworld,False,200,1.01826158699987,0,0,0,0,0.0,,False,True,timeout,6d7c6012b405c9970ff61a68e87a5a6da15cabb6c50eec0b1d6fc91c192eb607,b4d00b629663580725cee7c16b68664af3de3bc5986bddef37e01448932e3ffd,56b7f182edcfeefa9301e1edd53d7f36e4418de7e6df1b54b0f0c298cde1b3cd,,,0.4,40.0,0.16000000000000003,0.010000000000000002,0.04000000000000001,0,full,True
ACT,105,8000147,metaworld,False,200,1.0183668469981058,0,0,0,0,0.0,,False,True,timeout,9771f1e722ef88a6aed9147f44180df24e40817f4b1da9021131c146e6e458e2,b4d00b629663580725cee7c16b68664af3de3bc5986bddef37e01448932e3ffd,08a97a6dfa17f78b5cc5b1351d60038e4a40a68fc93722672482714333b1d9b5,,,0.4,40.0,0.16000000000000003,0.010000000000000002,0.04000000000000001,0,full,True
ACT,106,8000148,metaworld,False,200,1.092760368999734,0,0,0,0,0.0,,False,True,timeout,9f33c34bb78a671bfde49b890e3427ed7484415df17294d15ffcf2c8aad989a5,b4d00b629663580725cee7c16b68664af3de3bc5986bddef37e01448932e3ffd,08a97a6dfa17f78b5cc5b1351d60038e4a40a68fc93722672482714333b1d9b5,,,0.4,40.0,0.16000000000000003,0.010000000000000002,0.04000000000000001,0,full,True
ACT,107,8000149,metaworld,True,60,0.3073500659993442,0,0,0,0,0.0,,True,False,,39cc67900d329abbdcb2901ccec65c9735d1b3e4d53ccf51814fdead0b086d58,b4d00b629663580725cee7c16b68664af3de3bc5986bddef37e01448932e3ffd,524e161a612d94c222d06154bcd0129d0851b8fad51ae883abbef6e86d43cbb0,,,0.4,40.0,0.16000000000000003,0.010000000000000002,0.04000000000000001,0,full,True
ACT,108,8000150,metaworld,True,48,0.2429962259993772,0,0,0,0,0.0,,True,False,,7f431696e21e3b6d22626594c123c2e3d0ac86994635197d2d14daa49ed08e16,b4d00b629663580725cee7c16b68664af3de3bc5986bddef37e01448932e3ffd,5d73f28d4d24cdbcb36a5e5cd61ec1a82f7287ce56d88da8cea912ed757b164c,,,0.4,40.0,0.16000000000000003,0.010000000000000002,0.04000000000000001,0,full,True
ACT,109,8000151,metaworld,False,200,1.0141650190016662,0,0,0,0,0.0,,False,True,timeout,cd06332c5b03afe6a44f208e07d3c6d4524e6ba7bf5f4523617238f40dada520,b4d00b629663580725cee7c16b68664af3de3bc5986bddef37e01448932e3ffd,aa1f17aacdf569c3a2930a2ebbf742ff43f8d3acfc772731a5c344cabcd52570,,,0.4,40.0,0.16000000000000003,0.010000000000000002,0.04000000000000001,0,full,True
ACT,110,8000152,metaworld,False,200,1.0092727549999836,0,0,0,0,0.0,,False,True,timeout,e3244126e528ec522afb3e8200216f86a8281f864f2f428afa56098df9624954,b4d00b629663580725cee7c16b68664af3de3bc5986bddef37e01448932e3ffd,cea0b9105255f82e0ee99bfb3998a6edce02b446d4b14afb0747282cd18aa202,,,0.4,40.0,0.16000000000000003,0.010000000000000002,0.04000000000000001,0,full,True
ACT,111,8000153,metaworld,False,200,1.0452002640013234,0,0,0,0,0.0,,False,True,timeout,dd4fe80d0891f821a2bb7560b93d5a059f7d25d174cc0d40511048a4a423cf87,b4d00b629663580725cee7c16b68664af3de3bc5986bddef37e01448932e3ffd,e6e55bdbd77dc052facbc072d20b08a21d116978c37627b9a3d9dc7989dfbe62,,,0.4,40.0,0.16000000000000003,0.010000000000000002,0.04000000000000001,0,full,True
ACT,112,8000154,metaworld,False,200,1.0321973960017203,0,0,0,0,0.0,,False,True,timeout,868a5b4460f00a19445d2151ae28c5f1d2cfb0e005c48780fd84d3022c008b57,b4d00b629663580725cee7c16b68664af3de3bc5986bddef37e01448932e3ffd,5e1df472084de78052388a34f03cad3de438ca9b5dc801b5759dd57c66a7482a,,,0.4,40.0,0.16000000000000003,0.010000000000000002,0.04000000000000001,0,full,True
ACT,113,8000155,metaworld,True,61,0.29528995899818256,0,0,0,0,0.0,,True,False,,abd70758ae74840622d9d363e1147034d9553204021c4a15dc3577c63393fdf8,b4d00b629663580725cee7c16b68664af3de3bc5986bddef37e01448932e3ffd,8a99d46d6d04afe3e2ef92bb607dde5e178b5c37506006c4f364e345976453b1,,,0.4,40.0,0.16000000000000003,0.010000000000000002,0.04000000000000001,0,full,True
ACT,114,8000156,metaworld,False,200,0.9807741539989365,0,0,0,0,0.0,,False,True,timeout,cfaca34b85af5cc8154cd847b65ad21f7cfaa32c52906d78332d6c835897e8c9,b4d00b629663580725cee7c16b68664af3de3bc5986bddef37e01448932e3ffd,a8cfe6e2276fbd15230c5555255b87d17333bdd29f84f687df7405d0311fae7f,,,0.4,40.0,0.16000000000000003,0.010000000000000002,0.04000000000000001,0,full,True
ACT,115,8000157,metaworld,False,200,0.9590824680017249,0,0,0,0,0.0,,False,True,timeout,76614d88a9fd1ef4a7277c69be5baf3689681810c414a4ab066fc4bf731bb835,b4d00b629663580725cee7c16b68664af3de3bc5986bddef37e01448932e3ffd,08a97a6dfa17f78b5cc5b1351d60038e4a40a68fc93722672482714333b1d9b5,,,0.4,40.0,0.16000000000000003,0.010000000000000002,0.04000000000000001,0,full,True
ACT,116,8000158,metaworld,False,200,0.9530384559984668,0,0,0,0,0.0,,False,True,object_dropped,0e9dbc40df31e45a472b514df4c1032bcaa1e6b45131c87559e8af3bf4eacb70,b4d00b629663580725cee7c16b68664af3de3bc5986bddef37e01448932e3ffd,b8e45a2f8f553d53c6eef0305347f910b9999bcae6df6ccaf0eaee6ac864e670,,,0.4,40.0,0.16000000000000003,0.010000000000000002,0.04000000000000001,0,full,True
ACT,117,8000159,metaworld,False,200,0.9585174650019326,0,0,0,0,0.0,,False,True,timeout,92348c3c7c2d125033eeedbe185f1ddf636bc728ba1f7d31bdee9dde4aefd317,b4d00b629663580725cee7c16b68664af3de3bc5986bddef37e01448932e3ffd,0f719f94ef165c0b816b8b10c3f4f5fcf802c9f5a25141035590310315749280,,,0.4,40.0,0.16000000000000003,0.010000000000000002,0.04000000000000001,0,full,True
ACT,118,8000160,metaworld,False,200,0.9745679529987683,0,0,0,0,0.0,,False,True,timeout,f5622e341a0f6b774cc6fbefa16ed40f2a2472c79572a91aeb34e8b6df3f3ff4,b4d00b629663580725cee7c16b68664af3de3bc5986bddef37e01448932e3ffd,342b72dafe0e47ecf8a937cb01e62ac02c2d77bf93dafca59574cbbbfc4ad77b,,,0.4,40.0,0.16000000000000003,0.010000000000000002,0.04000000000000001,0,full,True
ACT,119,8000161,metaworld,True,55,0.27133421699909377,0,0,0,0,0.0,,True,False,,f3ed2b567573e4af8435db97c06c72f7a959fbe4df3753f1b322a8f3a65ea0a3,b4d00b629663580725cee7c16b68664af3de3bc5986bddef37e01448932e3ffd,ba19e0623fe05add91e00811bacb33e27305f5fcb6549be6f6278ebce6046101,,,0.4,40.0,0.16000000000000003,0.010000000000000002,0.04000000000000001,0,full,True
ACT,120,8000162,metaworld,True,59,0.2912455459991179,0,0,0,0,0.0,,True,False,,8ee312b715b638103566a56c2aeec7683ec94faf11817054a6c34f3497449ff9,b4d00b629663580725cee7c16b68664af3de3bc5986bddef37e01448932e3ffd,acfaed29b052207b47b4b7fa76672795fd08de3add8565db05f141de82ece90b,,,0.4,40.0,0.16000000000000003,0.010000000000000002,0.04000000000000001,0,full,True
ACT,121,8000163,metaworld,True,56,0.27752540900110034,0,0,0,0,0.0,,True,False,,837f9be6aa6c4ec151be3eb49625cdf06d116944597dbff82c26ace78ca52b2d,b4d00b629663580725cee7c16b68664af3de3bc5986bddef37e01448932e3ffd,0cda21f8ffacf0a1e40e7b0e858a8e2ddc276972106d4bced99d4404b4a13fd8,,,0.4,40.0,0.16000000000000003,0.010000000000000002,0.04000000000000001,0,full,True
ACT,122,8000164,metaworld,False,200,0.9886977130008745,0,0,0,0,0.0,,False,True,timeout,31a81aa11ec5be1bc43a939bab7b50aa9c200308e99ec4a693e08fc5d58f4e90,b4d00b629663580725cee7c16b68664af3de3bc5986bddef37e01448932e3ffd,15a9adece7ebea14bdf37f5376e274c6dce4711281025cf35060933ba9ab8ad3,,,0.4,40.0,0.16000000000000003,0.010000000000000002,0.04000000000000001,0,full,True
ACT,123,8000165,metaworld,False,200,0.9797405880017322,0,0,0,0,0.0,,False,True,timeout,4b6c4b98d8640ca219ed50d11f5b8e89417e393aa6b0cae8940390063eba20cb,b4d00b629663580725cee7c16b68664af3de3bc5986bddef37e01448932e3ffd,0f719f94ef165c0b816b8b10c3f4f5fcf802c9f5a25141035590310315749280,,,0.4,40.0,0.16000000000000003,0.010000000000000002,0.04000000000000001,0,full,True
ACT,124,8000166,metaworld,True,55,0.2961335540021537,0,0,0,0,0.0,,True,False,,9b878cb0432c9ff74a2ea0303c456e52b1f3c8f2f1f1060a6a693a3bffc65677,b4d00b629663580725cee7c16b68664af3de3bc5986bddef37e01448932e3ffd,aa1f17aacdf569c3a2930a2ebbf742ff43f8d3acfc772731a5c344cabcd52570,,,0.4,40.0,0.16000000000000003,0.010000000000000002,0.04000000000000001,0,full,True
ACT,125,8000167,metaworld,False,200,0.9835289830007241,0,0,0,0,0.0,,False,True,timeout,e36e8c4bd642e674767ad577e950ffe1ee1da9a72861a4f6c6c57970ff49aed3,b4d00b629663580725cee7c16b68664af3de3bc5986bddef37e01448932e3ffd,a0b103bf3e43f4aa92753185301eba5e2e31594285004b99f51a59b33bd2d620,,,0.4,40.0,0.16000000000000003,0.010000000000000002,0.04000000000000001,0,full,True
ACT,126,8000168,metaworld,False,200,0.973068074999901,0,0,0,0,0.0,,False,True,timeout,1245c2a4f8021be9da1771f78709206e80a2be62f141f31272d9052fae0c0067,b4d00b629663580725cee7c16b68664af3de3bc5986bddef37e01448932e3ffd,15a9adece7ebea14bdf37f5376e274c6dce4711281025cf35060933ba9ab8ad3,,,0.4,40.0,0.16000000000000003,0.010000000000000002,0.04000000000000001,0,full,True
ACT,127,8000169,metaworld,False,200,0.9879140520024521,0,0,0,0,0.0,,False,True,object_dropped,c88443ae5f1a27bdfe53737ff648a6fd4146e78fdcc7b7df7c6e93d0d5f4b76e,b4d00b629663580725cee7c16b68664af3de3bc5986bddef37e01448932e3ffd,2ad5907877cc42b4447b9630988e3a1f0da0d83e1f696f71e22dc69905e631b6,,,0.4,40.0,0.16000000000000003,0.010000000000000002,0.04000000000000001,0,full,True
ACT,128,8000170,metaworld,False,200,0.9837254450030741,0,0,0,0,0.0,,False,True,timeout,26667625bf595644472791e8be9f19c2c78bfbbd8cf602f10c9d16588555cc05,b4d00b629663580725cee7c16b68664af3de3bc5986bddef37e01448932e3ffd,8a99d46d6d04afe3e2ef92bb607dde5e178b5c37506006c4f364e345976453b1,,,0.4,40.0,0.16000000000000003,0.010000000000000002,0.04000000000000001,0,full,True
ACT,129,8000171,metaworld,True,61,0.29834987800131785,0,0,0,0,0.0,,True,False,,45c067e3f5d7deb7c594b7d3ad07d699ba69860bd6163d26e8b2a646294dd0f3,b4d00b629663580725cee7c16b68664af3de3bc5986bddef37e01448932e3ffd,08a97a6dfa17f78b5cc5b1351d60038e4a40a68fc93722672482714333b1d9b5,,,0.4,40.0,0.16000000000000003,0.010000000000000002,0.04000000000000001,0,full,True
ACT,130,8000172,metaworld,False,200,0.9822271419980098,0,0,0,0,0.0,,False,True,object_dropped,87cb9ba09122edf1449359c6ff9785e1ff403028e99c76ebfe4fb99ac893378c,b4d00b629663580725cee7c16b68664af3de3bc5986bddef37e01448932e3ffd,7c3391ee418e26d47c002810bc00065e4dd0b6728c969d2338ad549ad01ebb0a,,,0.4,40.0,0.16000000000000003,0.010000000000000002,0.04000000000000001,0,full,True
ACT,131,8000173,metaworld,True,51,0.2509168040014629,0,0,0,0,0.0,,True,False,,7273a4aad30435c699c36128d23215c64b71aee262ce679bc9d693ee9b667cc0,b4d00b629663580725cee7c16b68664af3de3bc5986bddef37e01448932e3ffd,bb2c6b1aed959fa3ddddb1c215ce67cbb5b0ec080eb65fb58e06b7776849a096,,,0.4,40.0,0.16000000000000003,0.010000000000000002,0.04000000000000001,0,full,True
ACT,132,8000174,metaworld,True,55,0.27597084599983646,0,0,0,0,0.0,,True,False,,61c51cb70b94b16a834ccfd9a3d7c361bf451504f658072b723a12c066041b3c,b4d00b629663580725cee7c16b68664af3de3bc5986bddef37e01448932e3ffd,c40fedd273cade53989af8adc3ca66d02f2d92ca4d97b2f6391a0dd0ab6dbca3,,,0.4,40.0,0.16000000000000003,0.010000000000000002,0.04000000000000001,0,full,True
ACT,133,8000175,metaworld,False,200,0.992357429000549,0,0,0,0,0.0,,False,True,timeout,d4f53030380ee98089cd15958d1fa9e01dbd6003bfa6b0ce02be646bd6bd2e77,b4d00b629663580725cee7c16b68664af3de3bc5986bddef37e01448932e3ffd,bb2c6b1aed959fa3ddddb1c215ce67cbb5b0ec080eb65fb58e06b7776849a096,,,0.4,40.0,0.16000000000000003,0.010000000000000002,0.04000000000000001,0,full,True
ACT,134,8000176,metaworld,False,200,0.9489117010016344,0,0,0,0,0.0,,False,True,timeout,a6fea1ee9d40af5a8fee406fd2d76344f19bd20befd119d0e636991a3bf12593,b4d00b629663580725cee7c16b68664af3de3bc5986bddef37e01448932e3ffd,6338b57c8983138382fa5c9ee7bb2d2c200be44368697f7ffa8216ea26ddccaf,,,0.4,40.0,0.16000000000000003,0.010000000000000002,0.04000000000000001,0,full,True
ACT,135,8000177,metaworld,False,200,0.9398608970004716,0,0,0,0,0.0,,False,True,timeout,ca72c76985e6dbfd701e264775a2f9f42fe21fc3a3c23e0151c4845cf2a1db7a,b4d00b629663580725cee7c16b68664af3de3bc5986bddef37e01448932e3ffd,1c856fdcb5da12c3fa2d15b38741aa980fa3a47e64fb99f8635817590128f9ea,,,0.4,40.0,0.16000000000000003,0.010000000000000002,0.04000000000000001,0,full,True
ACT,136,8000178,metaworld,True,57,0.26768010099840467,0,0,0,0,0.0,,True,False,,9c43025072d2ce91f52451c1d304365b41cbea5961a7b9ace7553ecd151a3fba,b4d00b629663580725cee7c16b68664af3de3bc5986bddef37e01448932e3ffd,acfaed29b052207b47b4b7fa76672795fd08de3add8565db05f141de82ece90b,,,0.4,40.0,0.16000000000000003,0.010000000000000002,0.04000000000000001,0,full,True
ACT,137,8000179,metaworld,False,200,0.9666362099997059,0,0,0,0,0.0,,False,True,object_dropped,7aa13fbb7a4502fddac23fef7c99cf7b9eeb8312f47b42965eb7e203b17efb7c,b4d00b629663580725cee7c16b68664af3de3bc5986bddef37e01448932e3ffd,2ad5907877cc42b4447b9630988e3a1f0da0d83e1f696f71e22dc69905e631b6,,,0.4,40.0,0.16000000000000003,0.010000000000000002,0.04000000000000001,0,full,True
ACT,138,8000180,metaworld,False,200,0.9595601250002801,0,0,0,0,0.0,,False,True,timeout,23ed77c539b17827dfc60de1f3839d831bc6173fe0251a2ec3ae9e89912eef18,b4d00b629663580725cee7c16b68664af3de3bc5986bddef37e01448932e3ffd,56b7f182edcfeefa9301e1edd53d7f36e4418de7e6df1b54b0f0c298cde1b3cd,,,0.4,40.0,0.16000000000000003,0.010000000000000002,0.04000000000000001,0,full,True
ACT,139,8000181,metaworld,False,200,0.9426071599991701,0,0,0,0,0.0,,False,True,object_dropped,aa458d9874ef6037deb1c36c386f4760701a9bb0eace95e66872ace76095a766,b4d00b629663580725cee7c16b68664af3de3bc5986bddef37e01448932e3ffd,0f719f94ef165c0b816b8b10c3f4f5fcf802c9f5a25141035590310315749280,,,0.4,40.0,0.16000000000000003,0.010000000000000002,0.04000000000000001,0,full,True
ACT,140,8000182,metaworld,True,55,0.24085548099901644,0,0,0,0,0.0,,True,False,,c1f98f5d685ba00e4aa3310b4b138bfc3a24b6b32fff82923effa81ad045dc05,b4d00b629663580725cee7c16b68664af3de3bc5986bddef37e01448932e3ffd,6cb8d983459a8e57d4ae53a86da2394015cabba2d7c306dcaf7b14af979ca230,,,0.4,40.0,0.16000000000000003,0.010000000000000002,0.04000000000000001,0,full,True
ACT,141,8000183,metaworld,True,66,0.29373025099994265,0,0,0,0,0.0,,True,False,,00403a4c011ba62f383e8c81adfe3470d56d5a630bb222cd0ba032f8fa127017,b4d00b629663580725cee7c16b68664af3de3bc5986bddef37e01448932e3ffd,39001749c902e2ab9d015efb8c7644faffff99810b709d3203dc359d5eacdcbd,,,0.4,40.0,0.16000000000000003,0.010000000000000002,0.04000000000000001,0,full,True
ACT,142,8000184,metaworld,True,60,0.265072895999765,0,0,0,0,0.0,,True,False,,a015c85de79071a2dd9561a35e88bdf2f95bac9f6be9456e7df85034b3909199,b4d00b629663580725cee7c16b68664af3de3bc5986bddef37e01448932e3ffd,f6a9ed9055e00c868d6771022c2c557a6a48990bdacbed585d07cde857d4755a,,,0.4,40.0,0.16000000000000003,0.010000000000000002,0.04000000000000001,0,full,True
ACT,143,8000185,metaworld,False,200,0.8878554620023351,0,0,0,0,0.0,,False,True,timeout,22e777af7004ede8ce3f7b2beab1ba35797c63f2ccb4af554dd33c178dd10a47,b4d00b629663580725cee7c16b68664af3de3bc5986bddef37e01448932e3ffd,39001749c902e2ab9d015efb8c7644faffff99810b709d3203dc359d5eacdcbd,,,0.4,40.0,0.16000000000000003,0.010000000000000002,0.04000000000000001,0,full,True
ACT,144,8000186,metaworld,False,200,0.879499490998569,0,0,0,0,0.0,,False,True,timeout,b80c0fc722c701337cd6c06e66f0a78b86bc460395f96a625162a8f207dc41ff,b4d00b629663580725cee7c16b68664af3de3bc5986bddef37e01448932e3ffd,588df85fb38ef87f822932ad2f702be807974873e4a07ea43084bbdeeaac6604,,,0.4,40.0,0.16000000000000003,0.010000000000000002,0.04000000000000001,0,full,True
ACT,145,8000187,metaworld,True,73,0.3277236569992965,0,0,0,0,0.0,,True,False,,573165e4a43cda046223ea5c78e1111114fafabdd209d0a87563b04c1d446551,b4d00b629663580725cee7c16b68664af3de3bc5986bddef37e01448932e3ffd,c5023b3d25031a103b9549b6e8c83ba09d69e708ef117c31128a38e03616e5d8,,,0.4,40.0,0.16000000000000003,0.010000000000000002,0.04000000000000001,0,full,True
ACT,146,8000188,metaworld,False,200,0.8752091030000884,0,0,0,0,0.0,,False,True,object_dropped,2f550a578510b170a0666981311b1c3a8e6e1e0005590ca427fc4af48405de3c,b4d00b629663580725cee7c16b68664af3de3bc5986bddef37e01448932e3ffd,942fb6a87dc1e3eb7bf7bb111c97e7096138256b4a9a6b4c62a012fabe8bec38,,,0.4,40.0,0.16000000000000003,0.010000000000000002,0.04000000000000001,0,full,True
ACT,147,8000189,metaworld,False,200,0.927416689999518,0,0,0,0,0.0,,False,True,timeout,1b2692168c221fd5e2992928147cc6045fcea4f602051cceda79bc1e55f5cafd,b4d00b629663580725cee7c16b68664af3de3bc5986bddef37e01448932e3ffd,7c3391ee418e26d47c002810bc00065e4dd0b6728c969d2338ad549ad01ebb0a,,,0.4,40.0,0.16000000000000003,0.010000000000000002,0.04000000000000001,0,full,True
ACT,148,8000190,metaworld,False,200,0.8591142559998843,0,0,0,0,0.0,,False,True,object_dropped,70a5bd302fff08dbf945611e45fab64a849e8304075aa52b1d5db95c1e60feb6,b4d00b629663580725cee7c16b68664af3de3bc5986bddef37e01448932e3ffd,cea0b9105255f82e0ee99bfb3998a6edce02b446d4b14afb0747282cd18aa202,,,0.4,40.0,0.16000000000000003,0.010000000000000002,0.04000000000000001,0,full,True
ACT,149,8000191,metaworld,False,200,0.8915988539993123,0,0,0,0,0.0,,False,True,timeout,1a738d08b2c17c69adb30fc030161ebdb5f6b05508346cdc5dd5e5529c956564,b4d00b629663580725cee7c16b68664af3de3bc5986bddef37e01448932e3ffd,e216352c7f1c7392270c7c501bb599f2a46f420613a124fda0729ab88160cdf2,,,0.4,40.0,0.16000000000000003,0.010000000000000002,0.04000000000000001,0,full,True
ACT,150,8000192,metaworld,True,60,0.27574201700190315,0,0,0,0,0.0,,True,False,,ef63a340cefdc942d5acebe57a2d5f6c06dcfd010db953824519026881776997,b4d00b629663580725cee7c16b68664af3de3bc5986bddef37e01448932e3ffd,25805a097f1f4b8c203ec3c130dcd3e66b5fb3ad298114a08662aae6c86fa673,,,0.4,40.0,0.16000000000000003,0.010000000000000002,0.04000000000000001,0,full,True
ACT,151,8000193,metaworld,False,200,0.911126854000031,0,0,0,0,0.0,,False,True,timeout,8f81996acca9a739817b9a90d7b7ff180727d758d7a59ad21652c008b769fa58,b4d00b629663580725cee7c16b68664af3de3bc5986bddef37e01448932e3ffd,1c856fdcb5da12c3fa2d15b38741aa980fa3a47e64fb99f8635817590128f9ea,,,0.4,40.0,0.16000000000000003,0.010000000000000002,0.04000000000000001,0,full,True
ACT,152,8000194,metaworld,False,200,0.9326029110015952,0,0,0,0,0.0,,False,True,timeout,a5e133fdade715837f31f3d1b80cfb10034bf4efb4848197dc90d5651a02c4ec,b4d00b629663580725cee7c16b68664af3de3bc5986bddef37e01448932e3ffd,64ee837add19202e84553431fdab118462cf5265eeae19a4d044b5a6818f771d,,,0.4,40.0,0.16000000000000003,0.010000000000000002,0.04000000000000001,0,full,True
ACT,153,8000195,metaworld,False,200,0.9282768190023489,0,0,0,0,0.0,,False,True,object_dropped,ceeffa9df259e215ef6cf039ccd2ae955686fdb60cbf9128715684301e9f7b3c,b4d00b629663580725cee7c16b68664af3de3bc5986bddef37e01448932e3ffd,2eb279a724955c1a9d173681940490ec9cc8ed4fdc15a95533884a23d4ccdb4e,,,0.4,40.0,0.16000000000000003,0.010000000000000002,0.04000000000000001,0,full,True
ACT,154,8000196,metaworld,True,61,0.28198726100163185,0,0,0,0,0.0,,True,False,,3082dfcf17b54b1038769ed140b948f48ad6c1ee4e98e270f106b328ba25890d,b4d00b629663580725cee7c16b68664af3de3bc5986bddef37e01448932e3ffd,342b72dafe0e47ecf8a937cb01e62ac02c2d77bf93dafca59574cbbbfc4ad77b,,,0.4,40.0,0.16000000000000003,0.010000000000000002,0.04000000000000001,0,full,True
ACT,155,8000197,metaworld,True,59,0.26440289599850075,0,0,0,0,0.0,,True,False,,60795d031dfc90281f324a1ddab4e8600b7493ce98eeaeae494717bec0891356,b4d00b629663580725cee7c16b68664af3de3bc5986bddef37e01448932e3ffd,524e161a612d94c222d06154bcd0129d0851b8fad51ae883abbef6e86d43cbb0,,,0.4,40.0,0.16000000000000003,0.010000000000000002,0.04000000000000001,0,full,True
ACT,156,8000198,metaworld,False,200,0.9274043439982051,0,0,0,0,0.0,,False,True,timeout,181cfc34449dd34b54582e59895794518849e87b19b3a8f08d37277a175ae58a,b4d00b629663580725cee7c16b68664af3de3bc5986bddef37e01448932e3ffd,56b7f182edcfeefa9301e1edd53d7f36e4418de7e6df1b54b0f0c298cde1b3cd,,,0.4,40.0,0.16000000000000003,0.010000000000000002,0.04000000000000001,0,full,True
ACT,157,8000199,metaworld,True,55,0.25214821199915605,0,0,0,0,0.0,,True,False,,257a139309b46ec34b8d0ea78c22682bc59e85e2a15c1bd8f00297bdde7be71a,b4d00b629663580725cee7c16b68664af3de3bc5986bddef37e01448932e3ffd,3183afb500ebb9a5af177cccb5b5889a8321eb35261f8ec571269f8b5ed9cd1a,,,0.4,40.0,0.16000000000000003,0.010000000000000002,0.04000000000000001,0,full,True
ACT,158,8000200,metaworld,False,200,0.9439278059981007,0,0,0,0,0.0,,False,True,timeout,effcedef5ee3994f3ee3b6c6c437e2f85b9c95c45032678a857f2058e0329749,b4d00b629663580725cee7c16b68664af3de3bc5986bddef37e01448932e3ffd,524e161a612d94c222d06154bcd0129d0851b8fad51ae883abbef6e86d43cbb0,,,0.4,40.0,0.16000000000000003,0.010000000000000002,0.04000000000000001,0,full,True
ACT,159,8000201,metaworld,False,200,0.9161838309992163,0,0,0,0,0.0,,False,True,object_dropped,45d1915eba2bf192fc56a2327a0152d4957f36d73dde33be599a41d048d143e9,b4d00b629663580725cee7c16b68664af3de3bc5986bddef37e01448932e3ffd,56b7f182edcfeefa9301e1edd53d7f36e4418de7e6df1b54b0f0c298cde1b3cd,,,0.4,40.0,0.16000000000000003,0.010000000000000002,0.04000000000000001,0,full,True
ACT,160,8000202,metaworld,False,200,0.9389745880034752,0,0,0,0,0.0,,False,True,timeout,409374eca9141f6f38f1cff19980ede126649eff0fa68412d0ebf8e038fe9611,b4d00b629663580725cee7c16b68664af3de3bc5986bddef37e01448932e3ffd,c5023b3d25031a103b9549b6e8c83ba09d69e708ef117c31128a38e03616e5d8,,,0.4,40.0,0.16000000000000003,0.010000000000000002,0.04000000000000001,0,full,True
ACT,161,8000203,metaworld,False,200,0.8650661239989859,0,0,0,0,0.0,,False,True,timeout,7f647cd144e468b56b7955b9101ab29b02a197d93974a0e5cd592fdf74645f0e,b4d00b629663580725cee7c16b68664af3de3bc5986bddef37e01448932e3ffd,942fb6a87dc1e3eb7bf7bb111c97e7096138256b4a9a6b4c62a012fabe8bec38,,,0.4,40.0,0.16000000000000003,0.010000000000000002,0.04000000000000001,0,full,True
ACT,162,8000204,metaworld,True,55,0.24565861500013852,0,0,0,0,0.0,,True,False,,8719f2f88af261eb97f9999f176a3a80cbdf5d3bd9ccbd80aba4b9a52545b2bd,b4d00b629663580725cee7c16b68664af3de3bc5986bddef37e01448932e3ffd,5e1df472084de78052388a34f03cad3de438ca9b5dc801b5759dd57c66a7482a,,,0.4,40.0,0.16000000000000003,0.010000000000000002,0.04000000000000001,0,full,True
ACT,163,8000205,metaworld,False,200,0.9215949159988668,0,0,0,0,0.0,,False,True,timeout,0569c32d432581f2434d19bc35e7a10271e6bf3575d1b1d9c019cddeb0c27546,b4d00b629663580725cee7c16b68664af3de3bc5986bddef37e01448932e3ffd,6cb8d983459a8e57d4ae53a86da2394015cabba2d7c306dcaf7b14af979ca230,,,0.4,40.0,0.16000000000000003,0.010000000000000002,0.04000000000000001,0,full,True
ACT,164,8000206,metaworld,True,57,0.25875466499928734,0,0,0,0,0.0,,True,False,,a98c9a86fb1ec6ac0264cbcbd7acd29b00d8db870c89814b224850395eb347dc,b4d00b629663580725cee7c16b68664af3de3bc5986bddef37e01448932e3ffd,06d355d7aff3b944ab4199c02a94c63d062e5c414c0b195f7b232b607e0ab1ed,,,0.4,40.0,0.16000000000000003,0.010000000000000002,0.04000000000000001,0,full,True
ACT,165,8000207,metaworld,False,200,0.9336110619988176,0,0,0,0,0.0,,False,True,object_dropped,d23d39d8c75b77fcff04617f673075bb41bcb87d06fdb42ec761a4aa68f6573c,b4d00b629663580725cee7c16b68664af3de3bc5986bddef37e01448932e3ffd,6338b57c8983138382fa5c9ee7bb2d2c200be44368697f7ffa8216ea26ddccaf,,,0.4,40.0,0.16000000000000003,0.010000000000000002,0.04000000000000001,0,full,True
ACT,166,8000208,metaworld,False,200,0.9019598840022809,0,0,0,0,0.0,,False,True,timeout,a475f3905a30c16b66f4ff716335615124ff1cc93538bedf0daf40cebb3ce310,b4d00b629663580725cee7c16b68664af3de3bc5986bddef37e01448932e3ffd,35203d16cfa98b5f2e002fcb1ffde2400abf9459c161f6a289efa0c46eddb36f,,,0.4,40.0,0.16000000000000003,0.010000000000000002,0.04000000000000001,0,full,True
ACT,167,8000209,metaworld,False,200,0.8886105050005426,0,0,0,0,0.0,,False,True,timeout,ef392694cadc2a4e41ea6a9a6319e1fe341b1f492f0671467427eabf9c1bd621,b4d00b629663580725cee7c16b68664af3de3bc5986bddef37e01448932e3ffd,71488b32995fa40c6ec3f77f6bcd912b1929aef29d90a66307ad46cd584acf29,,,0.4,40.0,0.16000000000000003,0.010000000000000002,0.04000000000000001,0,full,True
ACT,168,8000210,metaworld,False,200,0.9155090989988821,0,0,0,0,0.0,,False,True,object_dropped,8dc5a50bce881eca260c4077cb1b89b641801ce6f999c604ecd0e114bc2beb96,b4d00b629663580725cee7c16b68664af3de3bc5986bddef37e01448932e3ffd,27e1ed8c670f23dae46752497e383610e58c248d638e3b9b707808a32ce33d4e,,,0.4,40.0,0.16000000000000003,0.010000000000000002,0.04000000000000001,0,full,True
ACT,169,8000211,metaworld,False,200,0.9449917140009347,0,0,0,0,0.0,,False,True,timeout,368271406306c2507d55c3c2fc6f16a7e2176f3bd914ab7580f01b0348bcccb6,b4d00b629663580725cee7c16b68664af3de3bc5986bddef37e01448932e3ffd,2ad5907877cc42b4447b9630988e3a1f0da0d83e1f696f71e22dc69905e631b6,,,0.4,40.0,0.16000000000000003,0.010000000000000002,0.04000000000000001,0,full,True
ACT,170,8000212,metaworld,True,57,0.25214654699811945,0,0,0,0,0.0,,True,False,,bce0102c932859a34a46c600a241e455dc39004cd409a7918205199b44877a53,b4d00b629663580725cee7c16b68664af3de3bc5986bddef37e01448932e3ffd,2eb279a724955c1a9d173681940490ec9cc8ed4fdc15a95533884a23d4ccdb4e,,,0.4,40.0,0.16000000000000003,0.010000000000000002,0.04000000000000001,0,full,True
ACT,171,8000213,metaworld,True,71,0.340244924002036,0,0,0,0,0.0,,True,False,,6c52568711155c4ef0c71a07b6af50f32bac2d077f754c5c07dbc9cf55372f2b,b4d00b629663580725cee7c16b68664af3de3bc5986bddef37e01448932e3ffd,35203d16cfa98b5f2e002fcb1ffde2400abf9459c161f6a289efa0c46eddb36f,,,0.4,40.0,0.16000000000000003,0.010000000000000002,0.04000000000000001,0,full,True
ACT,172,8000214,metaworld,False,200,0.9601196750008967,0,0,0,0,0.0,,False,True,object_dropped,22eebdb201b7c1b5239838bae6f473bf1ef59b6b28a051b86d8e3083f98cc4ab,b4d00b629663580725cee7c16b68664af3de3bc5986bddef37e01448932e3ffd,64ee837add19202e84553431fdab118462cf5265eeae19a4d044b5a6818f771d,,,0.4,40.0,0.16000000000000003,0.010000000000000002,0.04000000000000001,0,full,True
ACT,173,8000215,metaworld,False,200,0.8839011879972531,0,0,0,0,0.0,,False,True,object_dropped,9f5387fd9e4e783f2cb16797faa003605a6d88f33e8b9431560d3f099d2406a6,b4d00b629663580725cee7c16b68664af3de3bc5986bddef37e01448932e3ffd,a8cfe6e2276fbd15230c5555255b87d17333bdd29f84f687df7405d0311fae7f,,,0.4,40.0,0.16000000000000003,0.010000000000000002,0.04000000000000001,0,full,True
ACT,174,8000216,metaworld,False,200,0.868690309998783,0,0,0,0,0.0,,False,True,timeout,34574a3e6443e72c4c5f6dc3d3ce216512da5372cdd417883e9a535dc9850f19,b4d00b629663580725cee7c16b68664af3de3bc5986bddef37e01448932e3ffd,504c23f653f6cdee9d659d9320b164606b319d4f0e9cdf0f3a87e2fc7a98160a,,,0.4,40.0,0.16000000000000003,0.010000000000000002,0.04000000000000001,0,full,True
ACT,175,8000217,metaworld,False,200,0.8938932430028217,0,0,0,0,0.0,,False,True,timeout,e418f08e3904bc3be685f923ac46ce71439d6899947aa92a599fc2e37af979da,b4d00b629663580725cee7c16b68664af3de3bc5986bddef37e01448932e3ffd,20cf3cfee33051ea4ca25b64648f05450b0068ae0136ae52c3108d28b02f3691,,,0.4,40.0,0.16000000000000003,0.010000000000000002,0.04000000000000001,0,full,True
ACT,176,8000218,metaworld,False,200,0.8842394250023062,0,0,0,0,0.0,,False,True,object_dropped,573b9020fafb4247d8dcb9b14c0436ea354d0cc06ad2ee632ffa5e7229958b94,b4d00b629663580725cee7c16b68664af3de3bc5986bddef37e01448932e3ffd,f82ceac6f8787ac22c378edc1f141cedcc86bf9309b43f1aff6633ae0a963abb,,,0.4,40.0,0.16000000000000003,0.010000000000000002,0.04000000000000001,0,full,True
ACT,177,8000219,metaworld,True,60,0.2715896000008797,0,0,0,0,0.0,,True,False,,e4161d424204142bfb35dfcabe37a7dc4f7d7286f3a4cf2cbab1ba37052e2c0b,b4d00b629663580725cee7c16b68664af3de3bc5986bddef37e01448932e3ffd,942fb6a87dc1e3eb7bf7bb111c97e7096138256b4a9a6b4c62a012fabe8bec38,,,0.4,40.0,0.16000000000000003,0.010000000000000002,0.04000000000000001,0,full,True
ACT,178,8000220,metaworld,False,200,0.8964123069999914,0,0,0,0,0.0,,False,True,timeout,3d841b2375223384c3debac4c807b54a6c22d150cca0f44654373cc63cd101aa,b4d00b629663580725cee7c16b68664af3de3bc5986bddef37e01448932e3ffd,acfaed29b052207b47b4b7fa76672795fd08de3add8565db05f141de82ece90b,,,0.4,40.0,0.16000000000000003,0.010000000000000002,0.04000000000000001,0,full,True
ACT,179,8000221,metaworld,True,62,0.272279905002506,0,0,0,0,0.0,,True,False,,4c08980bd2573d596b79a1b6a2aab7a2fc7e110087460bbc71573e24911416cb,b4d00b629663580725cee7c16b68664af3de3bc5986bddef37e01448932e3ffd,f6a9ed9055e00c868d6771022c2c557a6a48990bdacbed585d07cde857d4755a,,,0.4,40.0,0.16000000000000003,0.010000000000000002,0.04000000000000001,0,full,True
ACT,180,8000222,metaworld,False,200,0.8721874710026896,0,0,0,0,0.0,,False,True,object_dropped,c03a7fde9c94e834d8853085faf37cd3e7c1c2b5dc4a520218aa59851b5ec799,b4d00b629663580725cee7c16b68664af3de3bc5986bddef37e01448932e3ffd,25805a097f1f4b8c203ec3c130dcd3e66b5fb3ad298114a08662aae6c86fa673,,,0.4,40.0,0.16000000000000003,0.010000000000000002,0.04000000000000001,0,full,True
ACT,181,8000223,metaworld,False,200,0.8313078950013733,0,0,0,0,0.0,,False,True,timeout,5d1cee354dcd5f365ce4e56b9e40782dbfd2620dff000836e9e71a3fc81cf7ad,b4d00b629663580725cee7c16b68664af3de3bc5986bddef37e01448932e3ffd,25805a097f1f4b8c203ec3c130dcd3e66b5fb3ad298114a08662aae6c86fa673,,,0.4,40.0,0.16000000000000003,0.010000000000000002,0.04000000000000001,0,full,True
ACT,182,8000224,metaworld,False,200,0.8137521969983936,0,0,0,0,0.0,,False,True,timeout,7f184468c5af15b04ecaa8d15372790828821b35b03c8457ce095b3c169411b2,b4d00b629663580725cee7c16b68664af3de3bc5986bddef37e01448932e3ffd,342b72dafe0e47ecf8a937cb01e62ac02c2d77bf93dafca59574cbbbfc4ad77b,,,0.4,40.0,0.16000000000000003,0.010000000000000002,0.04000000000000001,0,full,True
ACT,183,8000225,metaworld,False,200,0.8276017020034487,0,0,0,0,0.0,,False,True,object_dropped,f4044bf1b5a1daa03d81dd79e3df92d2b4e1e33350bce85078fa96041c87262b,b4d00b629663580725cee7c16b68664af3de3bc5986bddef37e01448932e3ffd,bb2c6b1aed959fa3ddddb1c215ce67cbb5b0ec080eb65fb58e06b7776849a096,,,0.4,40.0,0.16000000000000003,0.010000000000000002,0.04000000000000001,0,full,True
ACT,184,8000226,metaworld,False,200,0.8195360880017688,0,0,0,0,0.0,,False,True,timeout,905187c3bddf16225ef41c405b5aa043783190832b6077e8d7c091a4b78aeefd,b4d00b629663580725cee7c16b68664af3de3bc5986bddef37e01448932e3ffd,e216352c7f1c7392270c7c501bb599f2a46f420613a124fda0729ab88160cdf2,,,0.4,40.0,0.16000000000000003,0.010000000000000002,0.04000000000000001,0,full,True
ACT,185,8000227,metaworld,False,200,0.8325194819990429,0,0,0,0,0.0,,False,True,timeout,78c177384d2c37c240b19185e5780f636049fe9bc96308be5e5ab34216c24feb,b4d00b629663580725cee7c16b68664af3de3bc5986bddef37e01448932e3ffd,342b72dafe0e47ecf8a937cb01e62ac02c2d77bf93dafca59574cbbbfc4ad77b,,,0.4,40.0,0.16000000000000003,0.010000000000000002,0.04000000000000001,0,full,True
ACT,186,8000228,metaworld,False,200,0.8203597419997095,0,0,0,0,0.0,,False,True,timeout,ab35aad0f26812fdb7c18fe67af56fbd8a85f55f73bd1b7374e54500961271a3,b4d00b629663580725cee7c16b68664af3de3bc5986bddef37e01448932e3ffd,cea0b9105255f82e0ee99bfb3998a6edce02b446d4b14afb0747282cd18aa202,,,0.4,40.0,0.16000000000000003,0.010000000000000002,0.04000000000000001,0,full,True
ACT,187,8000229,metaworld,False,200,0.8174769899997045,0,0,0,0,0.0,,False,True,timeout,61332a57cf8e65b3719753e07426f4724ca308c4bce5188327945b7906ce9eb5,b4d00b629663580725cee7c16b68664af3de3bc5986bddef37e01448932e3ffd,acfaed29b052207b47b4b7fa76672795fd08de3add8565db05f141de82ece90b,,,0.4,40.0,0.16000000000000003,0.010000000000000002,0.04000000000000001,0,full,True
ACT,188,8000230,metaworld,False,200,0.818852133998007,0,0,0,0,0.0,,False,True,timeout,54fe3912e20e0237cc951de11def49048190f3d4fafd908f1b4f40ea4d1b4ac2,b4d00b629663580725cee7c16b68664af3de3bc5986bddef37e01448932e3ffd,6943489118fc060756e24fd47685e2c10173293d54af0af7e8afa9e287c9c5f1,,,0.4,40.0,0.16000000000000003,0.010000000000000002,0.04000000000000001,0,full,True
ACT,189,8000231,metaworld,False,200,0.8106083409984421,0,0,0,0,0.0,,False,True,timeout,58161b4ac290f17dcd674f38f3b9dc2b00e55ce25e88692bf2ce0b0a9a7c82b0,b4d00b629663580725cee7c16b68664af3de3bc5986bddef37e01448932e3ffd,588df85fb38ef87f822932ad2f702be807974873e4a07ea43084bbdeeaac6604,,,0.4,40.0,0.16000000000000003,0.010000000000000002,0.04000000000000001,0,full,True
ACT,190,8000232,metaworld,False,200,0.8174621090001892,0,0,0,0,0.0,,False,True,timeout,368fa4225f005aac257ff0dc93befcbc0599af4e1ecd86954c85b5083e9390e5,b4d00b629663580725cee7c16b68664af3de3bc5986bddef37e01448932e3ffd,b8e45a2f8f553d53c6eef0305347f910b9999bcae6df6ccaf0eaee6ac864e670,,,0.4,40.0,0.16000000000000003,0.010000000000000002,0.04000000000000001,0,full,True
ACT,191,8000233,metaworld,True,65,0.2703859260000172,0,0,0,0,0.0,,True,False,,916d76187c8a65e5b32fc6e28383439b769dbe6b4c3b15949265ce4f3f1415a6,b4d00b629663580725cee7c16b68664af3de3bc5986bddef37e01448932e3ffd,aa1f17aacdf569c3a2930a2ebbf742ff43f8d3acfc772731a5c344cabcd52570,,,0.4,40.0,0.16000000000000003,0.010000000000000002,0.04000000000000001,0,full,True
ACT,192,8000234,metaworld,True,64,0.26466414500100655,0,0,0,0,0.0,,True,False,,e2f5fa96397a0ed3abc9cfb1d5233367ef4348303917c976516e93dc0c5120e3,b4d00b629663580725cee7c16b68664af3de3bc5986bddef37e01448932e3ffd,c5023b3d25031a103b9549b6e8c83ba09d69e708ef117c31128a38e03616e5d8,,,0.4,40.0,0.16000000000000003,0.010000000000000002,0.04000000000000001,0,full,True
ACT,193,8000235,metaworld,True,51,0.21158229399952688,0,0,0,0,0.0,,True,False,,3d68febfc2b1f7d6866bc26de1ce9c70d65e14a931f0519d81187e4843b81e81,b4d00b629663580725cee7c16b68664af3de3bc5986bddef37e01448932e3ffd,aba21ef1c98d0573e36116c9757115227fd3793cba96aea7eda95c2547314ca3,,,0.4,40.0,0.16000000000000003,0.010000000000000002,0.04000000000000001,0,full,True
ACT,194,8000236,metaworld,False,200,0.8095840759997373,0,0,0,0,0.0,,False,True,timeout,0764b8da749d16e6f37581b4f5dbea76fb89b864d5c1fb941c01238e3eb31db2,b4d00b629663580725cee7c16b68664af3de3bc5986bddef37e01448932e3ffd,64ee837add19202e84553431fdab118462cf5265eeae19a4d044b5a6818f771d,,,0.4,40.0,0.16000000000000003,0.010000000000000002,0.04000000000000001,0,full,True
ACT,195,8000237,metaworld,False,200,0.8498479720001342,0,0,0,0,0.0,,False,True,timeout,d3857ed5c0c744e7b238403bbcd3d4122174d723e9606d6721d0960032bf4ffd,b4d00b629663580725cee7c16b68664af3de3bc5986bddef37e01448932e3ffd,aba21ef1c98d0573e36116c9757115227fd3793cba96aea7eda95c2547314ca3,,,0.4,40.0,0.16000000000000003,0.010000000000000002,0.04000000000000001,0,full,True
ACT,196,8000238,metaworld,True,53,0.22989861099995323,0,0,0,0,0.0,,True,False,,d12c548e262b02870f40fe626beacbcf90351fb459542a4e22b9b9e45abac71f,b4d00b629663580725cee7c16b68664af3de3bc5986bddef37e01448932e3ffd,acfaed29b052207b47b4b7fa76672795fd08de3add8565db05f141de82ece90b,,,0.4,40.0,0.16000000000000003,0.010000000000000002,0.04000000000000001,0,full,True
ACT,197,8000239,metaworld,True,61,0.26223504899826366,0,0,0,0,0.0,,True,False,,06b30a52fdccdec7bb3619e9a29b3fea543cf4e0e4e5acc33dd8ced2855d84d3,b4d00b629663580725cee7c16b68664af3de3bc5986bddef37e01448932e3ffd,6cb8d983459a8e57d4ae53a86da2394015cabba2d7c306dcaf7b14af979ca230,,,0.4,40.0,0.16000000000000003,0.010000000000000002,0.04000000000000001,0,full,True
ACT,198,8000240,metaworld,False,200,0.8525436810014071,0,0,0,0,0.0,,False,True,timeout,3fbabed300b89f9cbaf8c4a50aa395aee37d4f15f39f33a76503ef68c869baf1,b4d00b629663580725cee7c16b68664af3de3bc5986bddef37e01448932e3ffd,742509487aeb71d366f1ddafa1cb12db2f7cfefe17c4ca89c98cffb67c1c8619,,,0.4,40.0,0.16000000000000003,0.010000000000000002,0.04000000000000001,0,full,True
ACT,199,8000241,metaworld,True,59,0.2539038340000843,0,0,0,0,0.0,,True,False,,b8f382d4e43767e58e78a22603d119a757295e7ccf0c60d94ffb632d43faab25,b4d00b629663580725cee7c16b68664af3de3bc5986bddef37e01448932e3ffd,5e1df472084de78052388a34f03cad3de438ca9b5dc801b5759dd57c66a7482a,,,0.4,40.0,0.16000000000000003,0.010000000000000002,0.04000000000000001,0,full,True
REIM (ACT + Detector + Recovery),0,8000042,metaworld,False,200,0.4730305289995158,1,0,1,150,0.9997709393501282,task_success_while_recovery_active_per_intervention,False,True,object_dropped,49af4dccaf215666613e2ea62c85e1eee2da056b8052e7c0744488f7bbb76aea,b4d00b629663580725cee7c16b68664af3de3bc5986bddef37e01448932e3ffd,f82ceac6f8787ac22c378edc1f141cedcc86bf9309b43f1aff6633ae0a963abb,,,0.4,40.0,0.16000000000000003,0.010000000000000002,0.04000000000000001,0,full,True
REIM (ACT + Detector + Recovery),1,8000043,metaworld,False,200,0.492868624998664,1,0,1,144,0.9940078258514404,task_success_while_recovery_active_per_intervention,False,True,object_dropped,a89745bb33f745dbd0616005b2fee785af620f934dd473850837d9434ca927c0,b4d00b629663580725cee7c16b68664af3de3bc5986bddef37e01448932e3ffd,06d355d7aff3b944ab4199c02a94c63d062e5c414c0b195f7b232b607e0ab1ed,,,0.4,40.0,0.16000000000000003,0.010000000000000002,0.04000000000000001,0,full,True
REIM (ACT + Detector + Recovery),2,8000044,metaworld,False,200,0.4763353680027649,1,0,1,150,0.9983758926391602,task_success_while_recovery_active_per_intervention,False,True,timeout,fa56d9300815aeb0be4648f5b0e9ba5546c734ddb8bb28bc2cd9f08452186d2c,b4d00b629663580725cee7c16b68664af3de3bc5986bddef37e01448932e3ffd,f6a9ed9055e00c868d6771022c2c557a6a48990bdacbed585d07cde857d4755a,,,0.4,40.0,0.16000000000000003,0.010000000000000002,0.04000000000000001,0,full,True
REIM (ACT + Detector + Recovery),3,8000045,metaworld,False,200,0.47834199000135413,1,0,1,150,0.9996446371078491,task_success_while_recovery_active_per_intervention,False,True,timeout,f803045d63122625d5c1877925b903772104214bd6ff79573c274a7859579e0e,b4d00b629663580725cee7c16b68664af3de3bc5986bddef37e01448932e3ffd,5d73f28d4d24cdbcb36a5e5cd61ec1a82f7287ce56d88da8cea912ed757b164c,,,0.4,40.0,0.16000000000000003,0.010000000000000002,0.04000000000000001,0,full,True
REIM (ACT + Detector + Recovery),4,8000046,metaworld,True,51,0.15100664100100403,1,1,1,30,0.21989864110946655,task_success_while_recovery_active_per_intervention,True,False,,cabda9829df92555761a7fdc2523f7b362a5a81c23975dc6e455ef7a2c32fc49,b4d00b629663580725cee7c16b68664af3de3bc5986bddef37e01448932e3ffd,27e1ed8c670f23dae46752497e383610e58c248d638e3b9b707808a32ce33d4e,,,0.4,40.0,0.16000000000000003,0.010000000000000002,0.04000000000000001,0,full,True
REIM (ACT + Detector + Recovery),5,8000047,metaworld,True,51,0.14769091199923423,1,1,1,34,0.26412832736968994,task_success_while_recovery_active_per_intervention,True,False,,588b20e72ae92670b7f2eebbaefc75d6138d87f0671d4f4c689a3406740db11e,b4d00b629663580725cee7c16b68664af3de3bc5986bddef37e01448932e3ffd,38329c6b97bbe7d133bf007c22742dca5f0cd7258f8d7199135c6c2371ae591d,,,0.4,40.0,0.16000000000000003,0.010000000000000002,0.04000000000000001,0,full,True
REIM (ACT + Detector + Recovery),6,8000048,metaworld,False,200,0.4843923500011442,1,0,1,150,0.9995598196983337,task_success_while_recovery_active_per_intervention,False,True,timeout,2829c76f04223b33b343cc3b8d6e3824d14237aa828c173d477343fe05fc8436,b4d00b629663580725cee7c16b68664af3de3bc5986bddef37e01448932e3ffd,aba21ef1c98d0573e36116c9757115227fd3793cba96aea7eda95c2547314ca3,,,0.4,40.0,0.16000000000000003,0.010000000000000002,0.04000000000000001,0,full,True
REIM (ACT + Detector + Recovery),7,8000049,metaworld,True,56,0.26445243900161586,0,0,0,0,0.15534286201000214,task_success_while_recovery_active_per_intervention,True,False,,b9a99d5ec91400c3579050d8783b36c312cb95d10f3a9411bb61ecd8e31026a6,b4d00b629663580725cee7c16b68664af3de3bc5986bddef37e01448932e3ffd,4e97203f8ce1a96cef19545d4c4c300d0de39e4f94bd1941cef7ebc3dd48be02,,,0.4,40.0,0.16000000000000003,0.010000000000000002,0.04000000000000001,0,full,True
REIM (ACT + Detector + Recovery),8,8000050,metaworld,False,200,0.4898312639998039,1,0,1,150,0.9420329928398132,task_success_while_recovery_active_per_intervention,False,True,timeout,d31e93454866d499134ecfc635a33d71c9cde493195ebcc8f7660a15758a6ab8,b4d00b629663580725cee7c16b68664af3de3bc5986bddef37e01448932e3ffd,64ee837add19202e84553431fdab118462cf5265eeae19a4d044b5a6818f771d,,,0.4,40.0,0.16000000000000003,0.010000000000000002,0.04000000000000001,0,full,True
REIM (ACT + Detector + Recovery),9,8000051,metaworld,True,58,0.2857741240004543,0,0,0,0,0.18258902430534363,task_success_while_recovery_active_per_intervention,True,False,,afc35ca1b19c4fd9b4aacbd18954906ea743519b3b694c83049fd2503e50e072,b4d00b629663580725cee7c16b68664af3de3bc5986bddef37e01448932e3ffd,6cb8d983459a8e57d4ae53a86da2394015cabba2d7c306dcaf7b14af979ca230,,,0.4,40.0,0.16000000000000003,0.010000000000000002,0.04000000000000001,0,full,True
REIM (ACT + Detector + Recovery),10,8000052,metaworld,True,63,0.14565199299977394,1,1,1,52,0.3789428472518921,task_success_while_recovery_active_per_intervention,True,False,,c86e1bd89f255c7313cd690b2d569eaf9de680f0c2bea84692d37356fc4294a5,b4d00b629663580725cee7c16b68664af3de3bc5986bddef37e01448932e3ffd,504c23f653f6cdee9d659d9320b164606b319d4f0e9cdf0f3a87e2fc7a98160a,,,0.4,40.0,0.16000000000000003,0.010000000000000002,0.04000000000000001,0,full,True
REIM (ACT + Detector + Recovery),11,8000053,metaworld,True,63,0.13503394500003196,1,1,1,56,0.6021584868431091,task_success_while_recovery_active_per_intervention,True,False,,2a99f09f371d8bb1fd68e01dff65d19675679296dc7337c4dcac66b009f3257e,b4d00b629663580725cee7c16b68664af3de3bc5986bddef37e01448932e3ffd,06d355d7aff3b944ab4199c02a94c63d062e5c414c0b195f7b232b607e0ab1ed,,,0.4,40.0,0.16000000000000003,0.010000000000000002,0.04000000000000001,0,full,True
REIM (ACT + Detector + Recovery),12,8000054,metaworld,False,200,0.49038124499929836,1,0,1,150,0.9989067316055298,task_success_while_recovery_active_per_intervention,False,True,timeout,26abeb4ac4984683eaeb844b6ee9b5fa41476302765213ddd887d38fd1f53946,b4d00b629663580725cee7c16b68664af3de3bc5986bddef37e01448932e3ffd,742509487aeb71d366f1ddafa1cb12db2f7cfefe17c4ca89c98cffb67c1c8619,,,0.4,40.0,0.16000000000000003,0.010000000000000002,0.04000000000000001,0,full,True
REIM (ACT + Detector + Recovery),13,8000055,metaworld,False,200,0.48494977800146444,1,0,1,150,0.9936627149581909,task_success_while_recovery_active_per_intervention,False,True,object_dropped,57b01e38d9ca82c0ec14d8e3f84b5359b09d0d3916cad9521f3d972c52a61b27,b4d00b629663580725cee7c16b68664af3de3bc5986bddef37e01448932e3ffd,e216352c7f1c7392270c7c501bb599f2a46f420613a124fda0729ab88160cdf2,,,0.4,40.0,0.16000000000000003,0.010000000000000002,0.04000000000000001,0,full,True
REIM (ACT + Detector + Recovery),14,8000056,metaworld,True,62,0.14553932700073346,1,1,1,47,0.33850210905075073,task_success_while_recovery_active_per_intervention,True,False,,4aed2112511af94731131750d231c358309837787afb9b65da6d3cb2c5bb62cf,b4d00b629663580725cee7c16b68664af3de3bc5986bddef37e01448932e3ffd,64ee837add19202e84553431fdab118462cf5265eeae19a4d044b5a6818f771d,,,0.4,40.0,0.16000000000000003,0.010000000000000002,0.04000000000000001,0,full,True
REIM (ACT + Detector + Recovery),15,8000057,metaworld,False,200,0.4799829959993076,1,0,1,150,0.999500036239624,task_success_while_recovery_active_per_intervention,False,True,timeout,5b0042609bf8fe72262f73ad2cb6f93820c204ad020cecf49ff7400ac98a8057,b4d00b629663580725cee7c16b68664af3de3bc5986bddef37e01448932e3ffd,c40fedd273cade53989af8adc3ca66d02f2d92ca4d97b2f6391a0dd0ab6dbca3,,,0.4,40.0,0.16000000000000003,0.010000000000000002,0.04000000000000001,0,full,True
REIM (ACT + Detector + Recovery),16,8000058,metaworld,True,60,0.12480386500101304,1,1,1,53,0.6694832444190979,task_success_while_recovery_active_per_intervention,True,False,,651bd7197feed9ec5fbeb5607a3c625a01de4a38e5be71b566629e8f6ba4d8c8,b4d00b629663580725cee7c16b68664af3de3bc5986bddef37e01448932e3ffd,942fb6a87dc1e3eb7bf7bb111c97e7096138256b4a9a6b4c62a012fabe8bec38,,,0.4,40.0,0.16000000000000003,0.010000000000000002,0.04000000000000001,0,full,True
REIM (ACT + Detector + Recovery),17,8000059,metaworld,True,59,0.12009894799848553,1,1,1,51,0.5460847020149231,task_success_while_recovery_active_per_intervention,True,False,,5b3a78035ef1ee82783738813c481fbb90581f8dea8603488b16085a879e29bd,b4d00b629663580725cee7c16b68664af3de3bc5986bddef37e01448932e3ffd,0f719f94ef165c0b816b8b10c3f4f5fcf802c9f5a25141035590310315749280,,,0.4,40.0,0.16000000000000003,0.010000000000000002,0.04000000000000001,0,full,True
REIM (ACT + Detector + Recovery),18,8000060,metaworld,True,62,0.1266132060009113,1,1,1,53,0.23296573758125305,task_success_while_recovery_active_per_intervention,True,False,,fe5f1e704e3ee940985dc401f290c5c2fc59314bfa89099de017341c987070d8,b4d00b629663580725cee7c16b68664af3de3bc5986bddef37e01448932e3ffd,b8e45a2f8f553d53c6eef0305347f910b9999bcae6df6ccaf0eaee6ac864e670,,,0.4,40.0,0.16000000000000003,0.010000000000000002,0.04000000000000001,0,full,True
REIM (ACT + Detector + Recovery),19,8000061,metaworld,True,63,0.2963988649971725,0,0,0,0,0.11316179484128952,task_success_while_recovery_active_per_intervention,True,False,,fcc9ae4d08cf5f34eef0d60c7bf423fc32ae524c7abae1fdc1362ea85f7a15a1,b4d00b629663580725cee7c16b68664af3de3bc5986bddef37e01448932e3ffd,06d355d7aff3b944ab4199c02a94c63d062e5c414c0b195f7b232b607e0ab1ed,,,0.4,40.0,0.16000000000000003,0.010000000000000002,0.04000000000000001,0,full,True
REIM (ACT + Detector + Recovery),20,8000062,metaworld,True,54,0.14097722000224167,1,1,1,39,0.3245813548564911,task_success_while_recovery_active_per_intervention,True,False,,d5e32458b715c5a750fa79bd135d8185ed0e51c1d6a2594d1641e336b28ff16f,b4d00b629663580725cee7c16b68664af3de3bc5986bddef37e01448932e3ffd,5e1df472084de78052388a34f03cad3de438ca9b5dc801b5759dd57c66a7482a,,,0.4,40.0,0.16000000000000003,0.010000000000000002,0.04000000000000001,0,full,True
REIM (ACT + Detector + Recovery),21,8000063,metaworld,True,56,0.1542222429998219,1,1,1,36,0.21600569784641266,task_success_while_recovery_active_per_intervention,True,False,,8dd13fc90d97f836aa31e5e9bf7b4983cc442d5e495c27998a892060556a2d3c,b4d00b629663580725cee7c16b68664af3de3bc5986bddef37e01448932e3ffd,0cda21f8ffacf0a1e40e7b0e858a8e2ddc276972106d4bced99d4404b4a13fd8,,,0.4,40.0,0.16000000000000003,0.010000000000000002,0.04000000000000001,0,full,True
REIM (ACT + Detector + Recovery),22,8000064,metaworld,True,59,0.1327115940002841,1,1,1,47,0.22983112931251526,task_success_while_recovery_active_per_intervention,True,False,,46ec1fe9c24dd4f9462648c820bfca8abd759ead2018d4bc7f246479c45086fd,b4d00b629663580725cee7c16b68664af3de3bc5986bddef37e01448932e3ffd,6cb8d983459a8e57d4ae53a86da2394015cabba2d7c306dcaf7b14af979ca230,,,0.4,40.0,0.16000000000000003,0.010000000000000002,0.04000000000000001,0,full,True
REIM (ACT + Detector + Recovery),23,8000065,metaworld,True,67,0.15255238600002485,1,1,1,56,0.5387284755706787,task_success_while_recovery_active_per_intervention,True,False,,9090973d3f5a04cb5c04cbcd83a32cca3a1e71ad1b76e92b66a8b96b89d9beec,b4d00b629663580725cee7c16b68664af3de3bc5986bddef37e01448932e3ffd,39001749c902e2ab9d015efb8c7644faffff99810b709d3203dc359d5eacdcbd,,,0.4,40.0,0.16000000000000003,0.010000000000000002,0.04000000000000001,0,full,True
REIM (ACT + Detector + Recovery),24,8000066,metaworld,False,200,0.4949378429992066,1,0,1,150,0.9405693411827087,task_success_while_recovery_active_per_intervention,False,True,timeout,845097c90650bc4d4755661c4e0cd59fff76c2afe428ec1b974f8c1faba83d88,b4d00b629663580725cee7c16b68664af3de3bc5986bddef37e01448932e3ffd,56b7f182edcfeefa9301e1edd53d7f36e4418de7e6df1b54b0f0c298cde1b3cd,,,0.4,40.0,0.16000000000000003,0.010000000000000002,0.04000000000000001,0,full,True
REIM (ACT + Detector + Recovery),25,8000067,metaworld,True,69,0.14326844100287417,1,1,1,62,0.34494543075561523,task_success_while_recovery_active_per_intervention,True,False,,d06f3079a6be90b53c6b06a8b6250c9020b4b677dccfe200b1a43070bf003080,b4d00b629663580725cee7c16b68664af3de3bc5986bddef37e01448932e3ffd,e216352c7f1c7392270c7c501bb599f2a46f420613a124fda0729ab88160cdf2,,,0.4,40.0,0.16000000000000003,0.010000000000000002,0.04000000000000001,0,full,True
REIM (ACT + Detector + Recovery),26,8000068,metaworld,True,54,0.12893440799962264,1,1,1,42,0.26008710265159607,task_success_while_recovery_active_per_intervention,True,False,,213f7c15b0edb34f333827c8738c7370e60b78a8b45ef90544dbe3f2a81b262a,b4d00b629663580725cee7c16b68664af3de3bc5986bddef37e01448932e3ffd,2eb279a724955c1a9d173681940490ec9cc8ed4fdc15a95533884a23d4ccdb4e,,,0.4,40.0,0.16000000000000003,0.010000000000000002,0.04000000000000001,0,full,True
REIM (ACT + Detector + Recovery),27,8000069,metaworld,True,54,0.26236965600037365,0,0,0,0,0.15657024085521698,task_success_while_recovery_active_per_intervention,True,False,,c38af4174b11ced48b37503b3c5783f4c5e18c9fc420830987a8113b554a1172,b4d00b629663580725cee7c16b68664af3de3bc5986bddef37e01448932e3ffd,15a9adece7ebea14bdf37f5376e274c6dce4711281025cf35060933ba9ab8ad3,,,0.4,40.0,0.16000000000000003,0.010000000000000002,0.04000000000000001,0,full,True
REIM (ACT + Detector + Recovery),28,8000070,metaworld,False,200,0.4956804040011775,1,0,1,150,0.9995889067649841,task_success_while_recovery_active_per_intervention,False,True,timeout,6b804e3d7453daefe913623c4ffd0a6d5749ef818237c799fde4f928a8b6105f,b4d00b629663580725cee7c16b68664af3de3bc5986bddef37e01448932e3ffd,5d73f28d4d24cdbcb36a5e5cd61ec1a82f7287ce56d88da8cea912ed757b164c,,,0.4,40.0,0.16000000000000003,0.010000000000000002,0.04000000000000001,0,full,True
REIM (ACT + Detector + Recovery),29,8000071,metaworld,True,54,0.15906183600236545,1,1,1,34,0.26184284687042236,task_success_while_recovery_active_per_intervention,True,False,,917e50c8790318b89b210aacf285f7e57b204f2d9014f403cd186f090a592630,b4d00b629663580725cee7c16b68664af3de3bc5986bddef37e01448932e3ffd,5e1df472084de78052388a34f03cad3de438ca9b5dc801b5759dd57c66a7482a,,,0.4,40.0,0.16000000000000003,0.010000000000000002,0.04000000000000001,0,full,True
REIM (ACT + Detector + Recovery),30,8000072,metaworld,True,61,0.11889888699806761,1,1,1,55,0.7638599872589111,task_success_while_recovery_active_per_intervention,True,False,,7a94d9030530198f5a4bb16b56b22b5aba9aee1aba735461ae211515b6f1d046,b4d00b629663580725cee7c16b68664af3de3bc5986bddef37e01448932e3ffd,aba21ef1c98d0573e36116c9757115227fd3793cba96aea7eda95c2547314ca3,,,0.4,40.0,0.16000000000000003,0.010000000000000002,0.04000000000000001,0,full,True
REIM (ACT + Detector + Recovery),31,8000073,metaworld,True,62,0.12946722800188581,1,1,1,51,0.225086972117424,task_success_while_recovery_active_per_intervention,True,False,,a08abb52a81e7a23029eb0aa9ab84f08cda6ca659fe4aacc6abc289ba9972dda,b4d00b629663580725cee7c16b68664af3de3bc5986bddef37e01448932e3ffd,b8e45a2f8f553d53c6eef0305347f910b9999bcae6df6ccaf0eaee6ac864e670,,,0.4,40.0,0.16000000000000003,0.010000000000000002,0.04000000000000001,0,full,True
REIM (ACT + Detector + Recovery),32,8000074,metaworld,True,59,0.11185724299866706,1,1,1,53,0.7519147396087646,task_success_while_recovery_active_per_intervention,True,False,,596648e8d89f5d59abc62b99f632c1ebaf22d98353126cfda7afdb736e251f0b,b4d00b629663580725cee7c16b68664af3de3bc5986bddef37e01448932e3ffd,ba19e0623fe05add91e00811bacb33e27305f5fcb6549be6f6278ebce6046101,,,0.4,40.0,0.16000000000000003,0.010000000000000002,0.04000000000000001,0,full,True
REIM (ACT + Detector + Recovery),33,8000075,metaworld,False,200,0.4638485720024619,1,0,1,150,0.9988572597503662,task_success_while_recovery_active_per_intervention,False,True,timeout,438541a69a168eeb4bc5088ff07b8219508f56593d348cbcefbf434fcabc08eb,b4d00b629663580725cee7c16b68664af3de3bc5986bddef37e01448932e3ffd,8a99d46d6d04afe3e2ef92bb607dde5e178b5c37506006c4f364e345976453b1,,,0.4,40.0,0.16000000000000003,0.010000000000000002,0.04000000000000001,0,full,True
REIM (ACT + Detector + Recovery),34,8000076,metaworld,False,200,0.47070911800256,1,0,1,150,0.9996256828308105,task_success_while_recovery_active_per_intervention,False,True,object_dropped,9c2df1c3d485baf819e014d7b05ac8414ff5c07e1533cf0baaccb2917b3d47bd,b4d00b629663580725cee7c16b68664af3de3bc5986bddef37e01448932e3ffd,4e97203f8ce1a96cef19545d4c4c300d0de39e4f94bd1941cef7ebc3dd48be02,,,0.4,40.0,0.16000000000000003,0.010000000000000002,0.04000000000000001,0,full,True
REIM (ACT + Detector + Recovery),35,8000077,metaworld,True,64,0.12724852700193878,1,1,1,57,0.6154290437698364,task_success_while_recovery_active_per_intervention,True,False,,26ab6f368f2bf01d332bde215f6006f23e0093a120bcdab09c2e08a26cd21bd3,b4d00b629663580725cee7c16b68664af3de3bc5986bddef37e01448932e3ffd,06d355d7aff3b944ab4199c02a94c63d062e5c414c0b195f7b232b607e0ab1ed,,,0.4,40.0,0.16000000000000003,0.010000000000000002,0.04000000000000001,0,full,True
REIM (ACT + Detector + Recovery),36,8000078,metaworld,True,61,0.1265321800019592,1,1,1,54,0.4449344575405121,task_success_while_recovery_active_per_intervention,True,False,,a092abb5ad049b6a1362820082c630f3b2650c09ab47ea13e38298ae2450de19,b4d00b629663580725cee7c16b68664af3de3bc5986bddef37e01448932e3ffd,39001749c902e2ab9d015efb8c7644faffff99810b709d3203dc359d5eacdcbd,,,0.4,40.0,0.16000000000000003,0.010000000000000002,0.04000000000000001,0,full,True
REIM (ACT + Detector + Recovery),37,8000079,metaworld,False,200,0.48036702400349895,1,0,1,150,0.9996780157089233,task_success_while_recovery_active_per_intervention,False,True,object_dropped,187f37f7b403d3e939afd3673fb792a948b9ba59b8df53bc3d00f02db3ef1e2f,b4d00b629663580725cee7c16b68664af3de3bc5986bddef37e01448932e3ffd,8a99d46d6d04afe3e2ef92bb607dde5e178b5c37506006c4f364e345976453b1,,,0.4,40.0,0.16000000000000003,0.010000000000000002,0.04000000000000001,0,full,True
REIM (ACT + Detector + Recovery),38,8000080,metaworld,True,52,0.14152091199866845,1,1,1,32,0.28441014885902405,task_success_while_recovery_active_per_intervention,True,False,,76675fb1a616ca323c8cb367fae84cdca6b2058c7174320b481c790c1eb6c895,b4d00b629663580725cee7c16b68664af3de3bc5986bddef37e01448932e3ffd,5d73f28d4d24cdbcb36a5e5cd61ec1a82f7287ce56d88da8cea912ed757b164c,,,0.4,40.0,0.16000000000000003,0.010000000000000002,0.04000000000000001,0,full,True
REIM (ACT + Detector + Recovery),39,8000081,metaworld,True,61,0.12563795000096434,1,1,1,52,0.24157914519309998,task_success_while_recovery_active_per_intervention,True,False,,6178eaf97f0a4996e65b18b82e6b7b8251816817735a701a59c39c7bd62c5fcd,b4d00b629663580725cee7c16b68664af3de3bc5986bddef37e01448932e3ffd,a8cfe6e2276fbd15230c5555255b87d17333bdd29f84f687df7405d0311fae7f,,,0.4,40.0,0.16000000000000003,0.010000000000000002,0.04000000000000001,0,full,True
REIM (ACT + Detector + Recovery),40,8000082,metaworld,True,52,0.15654348699899856,1,1,1,28,0.23944519460201263,task_success_while_recovery_active_per_intervention,True,False,,6bb3c955f0ed9d44664e1065184c8cd170c8925e18cdb55eb3f4f558483e0bc2,b4d00b629663580725cee7c16b68664af3de3bc5986bddef37e01448932e3ffd,f82ceac6f8787ac22c378edc1f141cedcc86bf9309b43f1aff6633ae0a963abb,,,0.4,40.0,0.16000000000000003,0.010000000000000002,0.04000000000000001,0,full,True
REIM (ACT + Detector + Recovery),41,8000083,metaworld,False,200,0.5012645740025619,1,0,1,139,0.9987391829490662,task_success_while_recovery_active_per_intervention,False,True,timeout,c284e7e72fde7e0c197aaba82cfb11aac152303caae87a855a121972e4e1a576,b4d00b629663580725cee7c16b68664af3de3bc5986bddef37e01448932e3ffd,4e97203f8ce1a96cef19545d4c4c300d0de39e4f94bd1941cef7ebc3dd48be02,,,0.4,40.0,0.16000000000000003,0.010000000000000002,0.04000000000000001,0,full,True
REIM (ACT + Detector + Recovery),42,8000084,metaworld,False,200,0.46822182400137535,1,0,1,150,0.9970484375953674,task_success_while_recovery_active_per_intervention,False,True,timeout,7d7a956e74bc6568a77b919384e289dcb7100c2b725b74eafa5811278346561a,b4d00b629663580725cee7c16b68664af3de3bc5986bddef37e01448932e3ffd,5d73f28d4d24cdbcb36a5e5cd61ec1a82f7287ce56d88da8cea912ed757b164c,,,0.4,40.0,0.16000000000000003,0.010000000000000002,0.04000000000000001,0,full,True
REIM (ACT + Detector + Recovery),43,8000085,metaworld,True,56,0.15539984499991988,1,1,1,33,0.34812477231025696,task_success_while_recovery_active_per_intervention,True,False,,e056922dba837b70685a6be6f50678af027d993a6be34ffb3da06b0522d6aae9,b4d00b629663580725cee7c16b68664af3de3bc5986bddef37e01448932e3ffd,aba21ef1c98d0573e36116c9757115227fd3793cba96aea7eda95c2547314ca3,,,0.4,40.0,0.16000000000000003,0.010000000000000002,0.04000000000000001,0,full,True
REIM (ACT + Detector + Recovery),44,8000086,metaworld,True,50,0.12493248700047843,1,1,1,36,0.6122923493385315,task_success_while_recovery_active_per_intervention,True,False,,22aed3bc2a6344f7f00e9df3dca3444715ff1f6d1167effeb7beb967e582f6f2,b4d00b629663580725cee7c16b68664af3de3bc5986bddef37e01448932e3ffd,27e1ed8c670f23dae46752497e383610e58c248d638e3b9b707808a32ce33d4e,,,0.4,40.0,0.16000000000000003,0.010000000000000002,0.04000000000000001,0,full,True
REIM (ACT + Detector + Recovery),45,8000087,metaworld,True,58,0.12023790199964424,1,1,1,49,0.35146743059158325,task_success_while_recovery_active_per_intervention,True,False,,ece7dace65b5220a861ee294897d54879ac3c67126827943f508dc0f233f0ac6,b4d00b629663580725cee7c16b68664af3de3bc5986bddef37e01448932e3ffd,ba19e0623fe05add91e00811bacb33e27305f5fcb6549be6f6278ebce6046101,,,0.4,40.0,0.16000000000000003,0.010000000000000002,0.04000000000000001,0,full,True
REIM (ACT + Detector + Recovery),46,8000088,metaworld,False,200,0.46006375899742125,1,0,1,150,0.9797333478927612,task_success_while_recovery_active_per_intervention,False,True,timeout,62c666e68dae1ef5b5327a01f09d3b8bb71bfb7260d11adea93eb90f42bde483,b4d00b629663580725cee7c16b68664af3de3bc5986bddef37e01448932e3ffd,e216352c7f1c7392270c7c501bb599f2a46f420613a124fda0729ab88160cdf2,,,0.4,40.0,0.16000000000000003,0.010000000000000002,0.04000000000000001,0,full,True
REIM (ACT + Detector + Recovery),47,8000089,metaworld,True,53,0.14680549799959408,1,1,1,33,0.22778412699699402,task_success_while_recovery_active_per_intervention,True,False,,a3ae63e97a5861cf568ea6a7f13929e09220b410641ffa6ed73cfbd9a127ec26,b4d00b629663580725cee7c16b68664af3de3bc5986bddef37e01448932e3ffd,f82ceac6f8787ac22c378edc1f141cedcc86bf9309b43f1aff6633ae0a963abb,,,0.4,40.0,0.16000000000000003,0.010000000000000002,0.04000000000000001,0,full,True
REIM (ACT + Detector + Recovery),48,8000090,metaworld,True,59,0.14354964399899472,1,1,1,43,0.23091235756874084,task_success_while_recovery_active_per_intervention,True,False,,87d547d7b42da5b21775902cbd8fa22617d9eab0fad155249a4244e516ad272a,b4d00b629663580725cee7c16b68664af3de3bc5986bddef37e01448932e3ffd,b8e45a2f8f553d53c6eef0305347f910b9999bcae6df6ccaf0eaee6ac864e670,,,0.4,40.0,0.16000000000000003,0.010000000000000002,0.04000000000000001,0,full,True
REIM (ACT + Detector + Recovery),49,8000091,metaworld,False,200,0.5031062630005181,1,0,1,140,0.9952324032783508,task_success_while_recovery_active_per_intervention,False,True,timeout,e3a0027fdb33dd7809e0c7e5dbe54118721f2d0cd56134ab8d2674f01bed4c90,b4d00b629663580725cee7c16b68664af3de3bc5986bddef37e01448932e3ffd,c40fedd273cade53989af8adc3ca66d02f2d92ca4d97b2f6391a0dd0ab6dbca3,,,0.4,40.0,0.16000000000000003,0.010000000000000002,0.04000000000000001,0,full,True
REIM (ACT + Detector + Recovery),50,8000092,metaworld,False,200,0.46444497399716056,1,0,1,150,0.9919523596763611,task_success_while_recovery_active_per_intervention,False,True,timeout,e11d820d381be36bcbd695f222b7d2f5da5c5d7f2816445df5c0340040883bf2,b4d00b629663580725cee7c16b68664af3de3bc5986bddef37e01448932e3ffd,48ce9609a38b32e56f7e6a43ffef71c21c8b1d17ed5a63d47701bc1dfc3ff271,,,0.4,40.0,0.16000000000000003,0.010000000000000002,0.04000000000000001,0,full,True
REIM (ACT + Detector + Recovery),51,8000093,metaworld,False,200,0.4567452390001563,1,0,1,150,0.997934103012085,task_success_while_recovery_active_per_intervention,False,True,timeout,222ed43cf53b288103b97699b627daa5b8de56637059b2fcdd69b26ac5eb4416,b4d00b629663580725cee7c16b68664af3de3bc5986bddef37e01448932e3ffd,2ad5907877cc42b4447b9630988e3a1f0da0d83e1f696f71e22dc69905e631b6,,,0.4,40.0,0.16000000000000003,0.010000000000000002,0.04000000000000001,0,full,True
REIM (ACT + Detector + Recovery),52,8000094,metaworld,True,59,0.14611374699961743,1,1,1,42,0.3462323546409607,task_success_while_recovery_active_per_intervention,True,False,,27ebbc72b95d8575d07ff2daed427ac6546c1a9fcfcdde3cd0e380cd5d5818fc,b4d00b629663580725cee7c16b68664af3de3bc5986bddef37e01448932e3ffd,8a99d46d6d04afe3e2ef92bb607dde5e178b5c37506006c4f364e345976453b1,,,0.4,40.0,0.16000000000000003,0.010000000000000002,0.04000000000000001,0,full,True
REIM (ACT + Detector + Recovery),53,8000095,metaworld,True,56,0.18226338200111059,1,1,1,25,0.2293717861175537,task_success_while_recovery_active_per_intervention,True,False,,59d3e09c0daa47252efe75fda852aa7c150b2570ee62cde4a868fd71268db7e9,b4d00b629663580725cee7c16b68664af3de3bc5986bddef37e01448932e3ffd,942fb6a87dc1e3eb7bf7bb111c97e7096138256b4a9a6b4c62a012fabe8bec38,,,0.4,40.0,0.16000000000000003,0.010000000000000002,0.04000000000000001,0,full,True
REIM (ACT + Detector + Recovery),54,8000096,metaworld,True,63,0.13605148300121073,1,1,1,52,0.5348381400108337,task_success_while_recovery_active_per_intervention,True,False,,38718f752cc305af5d30cfcaf27ad45e58c92e576131a95d0f28032c5a9aa0c7,b4d00b629663580725cee7c16b68664af3de3bc5986bddef37e01448932e3ffd,4e97203f8ce1a96cef19545d4c4c300d0de39e4f94bd1941cef7ebc3dd48be02,,,0.4,40.0,0.16000000000000003,0.010000000000000002,0.04000000000000001,0,full,True
REIM (ACT + Detector + Recovery),55,8000097,metaworld,True,70,0.32305913400341524,0,0,0,0,0.15629903972148895,task_success_while_recovery_active_per_intervention,True,False,,efd87e1fbe551ee9224fda0583bf49fd80f61066cc82eb7cc0b09efe9e1d9c03,b4d00b629663580725cee7c16b68664af3de3bc5986bddef37e01448932e3ffd,742509487aeb71d366f1ddafa1cb12db2f7cfefe17c4ca89c98cffb67c1c8619,,,0.4,40.0,0.16000000000000003,0.010000000000000002,0.04000000000000001,0,full,True
REIM (ACT + Detector + Recovery),56,8000098,metaworld,False,200,0.4647041600001103,1,0,1,150,0.9968587160110474,task_success_while_recovery_active_per_intervention,False,True,timeout,26849df389dbd61f40b49887f726aafe53720d439f100f27b0019983619d4681,b4d00b629663580725cee7c16b68664af3de3bc5986bddef37e01448932e3ffd,08a97a6dfa17f78b5cc5b1351d60038e4a40a68fc93722672482714333b1d9b5,,,0.4,40.0,0.16000000000000003,0.010000000000000002,0.04000000000000001,0,full,True
REIM (ACT + Detector + Recovery),57,8000099,metaworld,True,58,0.1099582310016558,1,1,1,52,0.45384806394577026,task_success_while_recovery_active_per_intervention,True,False,,676b478d1945676e342a2c5609ea25b3d69608ef457d0e7cc2f52b22f45db382,b4d00b629663580725cee7c16b68664af3de3bc5986bddef37e01448932e3ffd,35203d16cfa98b5f2e002fcb1ffde2400abf9459c161f6a289efa0c46eddb36f,,,0.4,40.0,0.16000000000000003,0.010000000000000002,0.04000000000000001,0,full,True
REIM (ACT + Detector + Recovery),58,8000100,metaworld,True,64,0.15182508699945174,1,1,1,48,0.37648671865463257,task_success_while_recovery_active_per_intervention,True,False,,91cb6b13d6a9cc71ff38efb853304ce136d884be630893e8fe1abbfc6f1727d5,b4d00b629663580725cee7c16b68664af3de3bc5986bddef37e01448932e3ffd,64ee837add19202e84553431fdab118462cf5265eeae19a4d044b5a6818f771d,,,0.4,40.0,0.16000000000000003,0.010000000000000002,0.04000000000000001,0,full,True
REIM (ACT + Detector + Recovery),59,8000101,metaworld,False,200,0.4701385750013287,1,0,1,150,0.9988740086555481,task_success_while_recovery_active_per_intervention,False,True,timeout,c78275a9ed019679c36c72a6241f821f6afcff8c523c71c3c6c8a834f3e44656,b4d00b629663580725cee7c16b68664af3de3bc5986bddef37e01448932e3ffd,06d355d7aff3b944ab4199c02a94c63d062e5c414c0b195f7b232b607e0ab1ed,,,0.4,40.0,0.16000000000000003,0.010000000000000002,0.04000000000000001,0,full,True
REIM (ACT + Detector + Recovery),60,8000102,metaworld,True,51,0.11737500399976852,1,1,1,39,0.6029302477836609,task_success_while_recovery_active_per_intervention,True,False,,8db226bd5cf51449cc754a6c4a2c56843bdd9e995628617588e2789f6bc1c0d4,b4d00b629663580725cee7c16b68664af3de3bc5986bddef37e01448932e3ffd,08a97a6dfa17f78b5cc5b1351d60038e4a40a68fc93722672482714333b1d9b5,,,0.4,40.0,0.16000000000000003,0.010000000000000002,0.04000000000000001,0,full,True
REIM (ACT + Detector + Recovery),61,8000103,metaworld,False,200,0.4676202339978772,1,0,1,150,0.9871613383293152,task_success_while_recovery_active_per_intervention,False,True,timeout,300d55e27321430a154e89a17c4ea230b9c6bd31c7c30234d6f9bf773998535b,b4d00b629663580725cee7c16b68664af3de3bc5986bddef37e01448932e3ffd,0f719f94ef165c0b816b8b10c3f4f5fcf802c9f5a25141035590310315749280,,,0.4,40.0,0.16000000000000003,0.010000000000000002,0.04000000000000001,0,full,True
REIM (ACT + Detector + Recovery),62,8000104,metaworld,True,52,0.12970832499922835,1,1,1,36,0.24938365817070007,task_success_while_recovery_active_per_intervention,True,False,,e9da47acb84a61d635557e3a2983ce0b141be505ca00086c4a2cb41c62d74560,b4d00b629663580725cee7c16b68664af3de3bc5986bddef37e01448932e3ffd,35203d16cfa98b5f2e002fcb1ffde2400abf9459c161f6a289efa0c46eddb36f,,,0.4,40.0,0.16000000000000003,0.010000000000000002,0.04000000000000001,0,full,True
REIM (ACT + Detector + Recovery),63,8000105,metaworld,False,200,0.5114195880014449,1,0,1,135,0.9944542050361633,task_success_while_recovery_active_per_intervention,False,True,timeout,6d2cd324f36337f1fe3e09020b31a2f55d22151d9ba47f076ccc156b689836cc,b4d00b629663580725cee7c16b68664af3de3bc5986bddef37e01448932e3ffd,4e97203f8ce1a96cef19545d4c4c300d0de39e4f94bd1941cef7ebc3dd48be02,,,0.4,40.0,0.16000000000000003,0.010000000000000002,0.04000000000000001,0,full,True
REIM (ACT + Detector + Recovery),64,8000106,metaworld,True,58,0.26447286100301426,0,0,0,0,0.16557511687278748,task_success_while_recovery_active_per_intervention,True,False,,2447883c143c971864abdad95e3e09195a359b58c58585bf56b6bec600c58657,b4d00b629663580725cee7c16b68664af3de3bc5986bddef37e01448932e3ffd,06d355d7aff3b944ab4199c02a94c63d062e5c414c0b195f7b232b607e0ab1ed,,,0.4,40.0,0.16000000000000003,0.010000000000000002,0.04000000000000001,0,full,True
REIM (ACT + Detector + Recovery),65,8000107,metaworld,True,62,0.1307616429985501,1,1,1,51,0.4146063029766083,task_success_while_recovery_active_per_intervention,True,False,,381a6cfa956b90e917a8a4bbc0a86be073b1e7633aa6459843c4a3c2f6da54c4,b4d00b629663580725cee7c16b68664af3de3bc5986bddef37e01448932e3ffd,0cda21f8ffacf0a1e40e7b0e858a8e2ddc276972106d4bced99d4404b4a13fd8,,,0.4,40.0,0.16000000000000003,0.010000000000000002,0.04000000000000001,0,full,True
REIM (ACT + Detector + Recovery),66,8000108,metaworld,True,53,0.23764113700235612,0,0,0,0,0.18068914115428925,task_success_while_recovery_active_per_intervention,True,False,,d85e82891dac155127684149b56732066f5cd176f8d0e4624c74940532fe71a3,b4d00b629663580725cee7c16b68664af3de3bc5986bddef37e01448932e3ffd,2ad5907877cc42b4447b9630988e3a1f0da0d83e1f696f71e22dc69905e631b6,,,0.4,40.0,0.16000000000000003,0.010000000000000002,0.04000000000000001,0,full,True
REIM (ACT + Detector + Recovery),67,8000109,metaworld,True,59,0.2675666009999986,0,0,0,0,0.15659333765506744,task_success_while_recovery_active_per_intervention,True,False,,2edf884ffaa0daaf217c546f1efc564735f4ffd56290b135cd5523243e96620d,b4d00b629663580725cee7c16b68664af3de3bc5986bddef37e01448932e3ffd,a8cfe6e2276fbd15230c5555255b87d17333bdd29f84f687df7405d0311fae7f,,,0.4,40.0,0.16000000000000003,0.010000000000000002,0.04000000000000001,0,full,True
REIM (ACT + Detector + Recovery),68,8000110,metaworld,False,200,0.46601534799992805,1,0,1,150,0.9989050626754761,task_success_while_recovery_active_per_intervention,False,True,timeout,bc4bdb25a7eb1b0b198b154b24f1079fff5a642b3b3dd9bb1880e35976f495b5,b4d00b629663580725cee7c16b68664af3de3bc5986bddef37e01448932e3ffd,0f719f94ef165c0b816b8b10c3f4f5fcf802c9f5a25141035590310315749280,,,0.4,40.0,0.16000000000000003,0.010000000000000002,0.04000000000000001,0,full,True
REIM (ACT + Detector + Recovery),69,8000111,metaworld,True,63,0.1262587090022862,1,1,1,55,0.3674893081188202,task_success_while_recovery_active_per_intervention,True,False,,535d239da8a3979ef1d254bb2510306bfb9266f7dd777eb385f262ab68e5d8a2,b4d00b629663580725cee7c16b68664af3de3bc5986bddef37e01448932e3ffd,3183afb500ebb9a5af177cccb5b5889a8321eb35261f8ec571269f8b5ed9cd1a,,,0.4,40.0,0.16000000000000003,0.010000000000000002,0.04000000000000001,0,full,True
REIM (ACT + Detector + Recovery),70,8000112,metaworld,False,200,0.46262250400104676,1,0,1,150,0.9910945892333984,task_success_while_recovery_active_per_intervention,False,True,object_dropped,69f6039d4491c66b8f8aa961d943d2fc17dbf1ea9020144654936f9aafc1835a,b4d00b629663580725cee7c16b68664af3de3bc5986bddef37e01448932e3ffd,a8cfe6e2276fbd15230c5555255b87d17333bdd29f84f687df7405d0311fae7f,,,0.4,40.0,0.16000000000000003,0.010000000000000002,0.04000000000000001,0,full,True
REIM (ACT + Detector + Recovery),71,8000113,metaworld,False,200,0.45918014099879656,1,0,1,150,0.9885552525520325,task_success_while_recovery_active_per_intervention,False,True,timeout,b961ebe81c77d47d2d78c573aaf2a9734c04ab46ec54df63a7bf7d9db2e37120,b4d00b629663580725cee7c16b68664af3de3bc5986bddef37e01448932e3ffd,f82ceac6f8787ac22c378edc1f141cedcc86bf9309b43f1aff6633ae0a963abb,,,0.4,40.0,0.16000000000000003,0.010000000000000002,0.04000000000000001,0,full,True
REIM (ACT + Detector + Recovery),72,8000114,metaworld,False,200,0.4722076220023155,1,0,1,150,0.9977304339408875,task_success_while_recovery_active_per_intervention,False,True,timeout,959f14682c3c99b4925a6ed363be1d626d7c72a4d7f8ddbdbc9334faba2df37f,b4d00b629663580725cee7c16b68664af3de3bc5986bddef37e01448932e3ffd,e6e55bdbd77dc052facbc072d20b08a21d116978c37627b9a3d9dc7989dfbe62,,,0.4,40.0,0.16000000000000003,0.010000000000000002,0.04000000000000001,0,full,True
REIM (ACT + Detector + Recovery),73,8000115,metaworld,True,65,0.299334577000991,0,0,0,0,0.142036572098732,task_success_while_recovery_active_per_intervention,True,False,,a523cf87764d31a5617851af30ce1f1d2f82f19ff177d196eef4f6e942fda708,b4d00b629663580725cee7c16b68664af3de3bc5986bddef37e01448932e3ffd,1c856fdcb5da12c3fa2d15b38741aa980fa3a47e64fb99f8635817590128f9ea,,,0.4,40.0,0.16000000000000003,0.010000000000000002,0.04000000000000001,0,full,True
REIM (ACT + Detector + Recovery),74,8000116,metaworld,True,51,0.11964516100124456,1,1,1,39,0.2674616277217865,task_success_while_recovery_active_per_intervention,True,False,,8bc902b76aa7e1afaf9c4b8c8c7e68a2d327b97a8b0d526599dc7a843f4e228c,b4d00b629663580725cee7c16b68664af3de3bc5986bddef37e01448932e3ffd,27e1ed8c670f23dae46752497e383610e58c248d638e3b9b707808a32ce33d4e,,,0.4,40.0,0.16000000000000003,0.010000000000000002,0.04000000000000001,0,full,True
REIM (ACT + Detector + Recovery),75,8000117,metaworld,True,58,0.11270971600242774,1,1,1,49,0.47102952003479004,task_success_while_recovery_active_per_intervention,True,False,,efcad61c716b91402d446517d7432ccc0ddc5fc0a5fcba9172db980dae38cba2,b4d00b629663580725cee7c16b68664af3de3bc5986bddef37e01448932e3ffd,3183afb500ebb9a5af177cccb5b5889a8321eb35261f8ec571269f8b5ed9cd1a,,,0.4,40.0,0.16000000000000003,0.010000000000000002,0.04000000000000001,0,full,True
REIM (ACT + Detector + Recovery),76,8000118,metaworld,True,56,0.13364690100206644,1,1,1,38,0.34098169207572937,task_success_while_recovery_active_per_intervention,True,False,,3a7b3d2540b6982094c0970cff90f17dd1210c21850500a953fc87b3ba21fcad,b4d00b629663580725cee7c16b68664af3de3bc5986bddef37e01448932e3ffd,acfaed29b052207b47b4b7fa76672795fd08de3add8565db05f141de82ece90b,,,0.4,40.0,0.16000000000000003,0.010000000000000002,0.04000000000000001,0,full,True
REIM (ACT + Detector + Recovery),77,8000119,metaworld,False,200,0.4616014789971814,1,0,1,150,0.9996935129165649,task_success_while_recovery_active_per_intervention,False,True,object_dropped,705fdc240088ab3509dcf92038f9db7ca1a5edeb6beb0592323d25a12c9f1601,b4d00b629663580725cee7c16b68664af3de3bc5986bddef37e01448932e3ffd,7c3391ee418e26d47c002810bc00065e4dd0b6728c969d2338ad549ad01ebb0a,,,0.4,40.0,0.16000000000000003,0.010000000000000002,0.04000000000000001,0,full,True
REIM (ACT + Detector + Recovery),78,8000120,metaworld,True,56,0.14075348999904236,1,1,1,34,0.22168578207492828,task_success_while_recovery_active_per_intervention,True,False,,0e46d49fef5ff7854e785e3fa0dc2ba8894b7944e8f020834e7c76109617ba2b,b4d00b629663580725cee7c16b68664af3de3bc5986bddef37e01448932e3ffd,64ee837add19202e84553431fdab118462cf5265eeae19a4d044b5a6818f771d,,,0.4,40.0,0.16000000000000003,0.010000000000000002,0.04000000000000001,0,full,True
REIM (ACT + Detector + Recovery),79,8000121,metaworld,False,200,0.41907222000008915,1,0,1,150,0.9893882274627686,task_success_while_recovery_active_per_intervention,False,True,object_dropped,dbe80796e13c46376a1968ba56e850103b98cc8e0b92cd89b4c62bd29674d8c9,b4d00b629663580725cee7c16b68664af3de3bc5986bddef37e01448932e3ffd,25805a097f1f4b8c203ec3c130dcd3e66b5fb3ad298114a08662aae6c86fa673,,,0.4,40.0,0.16000000000000003,0.010000000000000002,0.04000000000000001,0,full,True
REIM (ACT + Detector + Recovery),80,8000122,metaworld,False,200,0.42673999999897205,1,0,1,150,0.9973248243331909,task_success_while_recovery_active_per_intervention,False,True,timeout,eeda3f1bd08bfaea3585ef58db9dfbc712302ef84ca863fd7b08dcadf0210c45,b4d00b629663580725cee7c16b68664af3de3bc5986bddef37e01448932e3ffd,2eb279a724955c1a9d173681940490ec9cc8ed4fdc15a95533884a23d4ccdb4e,,,0.4,40.0,0.16000000000000003,0.010000000000000002,0.04000000000000001,0,full,True
REIM (ACT + Detector + Recovery),81,8000123,metaworld,False,200,0.4238221740015433,1,0,1,150,0.9951512813568115,task_success_while_recovery_active_per_intervention,False,True,timeout,f9902fc02739a92ee55d07c4ad628ea52d1a1315501780b94d062494238b3493,b4d00b629663580725cee7c16b68664af3de3bc5986bddef37e01448932e3ffd,25805a097f1f4b8c203ec3c130dcd3e66b5fb3ad298114a08662aae6c86fa673,,,0.4,40.0,0.16000000000000003,0.010000000000000002,0.04000000000000001,0,full,True
REIM (ACT + Detector + Recovery),82,8000124,metaworld,True,53,0.10082366899951012,1,1,1,45,0.6793913245201111,task_success_while_recovery_active_per_intervention,True,False,,84cac79d3208a6e72db45c5f8ba6d0cdc03d7b85165f07ae32dbb0d2613c78d6,b4d00b629663580725cee7c16b68664af3de3bc5986bddef37e01448932e3ffd,bb2c6b1aed959fa3ddddb1c215ce67cbb5b0ec080eb65fb58e06b7776849a096,,,0.4,40.0,0.16000000000000003,0.010000000000000002,0.04000000000000001,0,full,True
REIM (ACT + Detector + Recovery),83,8000125,metaworld,False,200,0.42601206899780664,1,0,1,150,0.9934600591659546,task_success_while_recovery_active_per_intervention,False,True,timeout,828c53b2dc828574d489423a98ced88ec4e8a972522eac46b6a8deabcf393855,b4d00b629663580725cee7c16b68664af3de3bc5986bddef37e01448932e3ffd,08a97a6dfa17f78b5cc5b1351d60038e4a40a68fc93722672482714333b1d9b5,,,0.4,40.0,0.16000000000000003,0.010000000000000002,0.04000000000000001,0,full,True
REIM (ACT + Detector + Recovery),84,8000126,metaworld,True,59,0.2525062379972951,0,0,0,0,0.13359135389328003,task_success_while_recovery_active_per_intervention,True,False,,0f1a014c792e0edb281a2a0eaeacf70c4c1f34d83735c0a6045f38e79b45bf56,b4d00b629663580725cee7c16b68664af3de3bc5986bddef37e01448932e3ffd,25805a097f1f4b8c203ec3c130dcd3e66b5fb3ad298114a08662aae6c86fa673,,,0.4,40.0,0.16000000000000003,0.010000000000000002,0.04000000000000001,0,full,True
REIM (ACT + Detector + Recovery),85,8000127,metaworld,False,200,0.4250361710001016,1,0,1,150,0.9798992872238159,task_success_while_recovery_active_per_intervention,False,True,timeout,abfed03c62e5c2f8aaf85a7031dada3bbd40219b909f107af903e29870d87cd4,b4d00b629663580725cee7c16b68664af3de3bc5986bddef37e01448932e3ffd,1c856fdcb5da12c3fa2d15b38741aa980fa3a47e64fb99f8635817590128f9ea,,,0.4,40.0,0.16000000000000003,0.010000000000000002,0.04000000000000001,0,full,True
REIM (ACT + Detector + Recovery),86,8000128,metaworld,True,61,0.11176131600223016,1,1,1,52,0.3578256070613861,task_success_while_recovery_active_per_intervention,True,False,,ad5cfea78fe100dbca0983f2b60eb2817dc01fe8b7d7db73fdaaabfdcdfa00b7,b4d00b629663580725cee7c16b68664af3de3bc5986bddef37e01448932e3ffd,5e1df472084de78052388a34f03cad3de438ca9b5dc801b5759dd57c66a7482a,,,0.4,40.0,0.16000000000000003,0.010000000000000002,0.04000000000000001,0,full,True
REIM (ACT + Detector + Recovery),87,8000129,metaworld,True,62,0.16036640299716964,1,1,1,36,0.24035972356796265,task_success_while_recovery_active_per_intervention,True,False,,960be8dafdcecdb2db5ddc5a016c80395f30edbe0fadd5bca05d28a852daf9a4,b4d00b629663580725cee7c16b68664af3de3bc5986bddef37e01448932e3ffd,1c856fdcb5da12c3fa2d15b38741aa980fa3a47e64fb99f8635817590128f9ea,,,0.4,40.0,0.16000000000000003,0.010000000000000002,0.04000000000000001,0,full,True
REIM (ACT + Detector + Recovery),88,8000130,metaworld,True,55,0.16076367100322386,1,1,1,27,0.2799697518348694,task_success_while_recovery_active_per_intervention,True,False,,9d6412aaddf3acf170d8eed9138091420a12de51b465c657333f9239064570f4,b4d00b629663580725cee7c16b68664af3de3bc5986bddef37e01448932e3ffd,942fb6a87dc1e3eb7bf7bb111c97e7096138256b4a9a6b4c62a012fabe8bec38,,,0.4,40.0,0.16000000000000003,0.010000000000000002,0.04000000000000001,0,full,True
REIM (ACT + Detector + Recovery),89,8000131,metaworld,True,58,0.11187658999915584,1,1,1,49,0.5966986417770386,task_success_while_recovery_active_per_intervention,True,False,,ce071c196c2456ccb1f3b5dbe35b69d761fe1f0a53dc239bc4840c3be46203b8,b4d00b629663580725cee7c16b68664af3de3bc5986bddef37e01448932e3ffd,0f719f94ef165c0b816b8b10c3f4f5fcf802c9f5a25141035590310315749280,,,0.4,40.0,0.16000000000000003,0.010000000000000002,0.04000000000000001,0,full,True
REIM (ACT + Detector + Recovery),90,8000132,metaworld,True,54,0.14051745700271567,1,1,1,32,0.21552473306655884,task_success_while_recovery_active_per_intervention,True,False,,3eb9a92d900b29ec24df51851c191f47ef26ea5aedc1a790d67684a7f9b9f15e,b4d00b629663580725cee7c16b68664af3de3bc5986bddef37e01448932e3ffd,c40fedd273cade53989af8adc3ca66d02f2d92ca4d97b2f6391a0dd0ab6dbca3,,,0.4,40.0,0.16000000000000003,0.010000000000000002,0.04000000000000001,0,full,True
REIM (ACT + Detector + Recovery),91,8000133,metaworld,True,57,0.12176708900005906,1,1,1,43,0.24208076298236847,task_success_while_recovery_active_per_intervention,True,False,,8a1eeee6636bcc24376a830684430cec41f09a3358607701256a42aa4e0485ce,b4d00b629663580725cee7c16b68664af3de3bc5986bddef37e01448932e3ffd,38329c6b97bbe7d133bf007c22742dca5f0cd7258f8d7199135c6c2371ae591d,,,0.4,40.0,0.16000000000000003,0.010000000000000002,0.04000000000000001,0,full,True
REIM (ACT + Detector + Recovery),92,8000134,metaworld,True,62,0.12367860799713526,1,1,1,50,0.22235487401485443,task_success_while_recovery_active_per_intervention,True,False,,37c207ce2ff63af405953c33edef808463129ff62aa5c797ae1f9fcec84a932f,b4d00b629663580725cee7c16b68664af3de3bc5986bddef37e01448932e3ffd,48ce9609a38b32e56f7e6a43ffef71c21c8b1d17ed5a63d47701bc1dfc3ff271,,,0.4,40.0,0.16000000000000003,0.010000000000000002,0.04000000000000001,0,full,True
REIM (ACT + Detector + Recovery),93,8000135,metaworld,False,200,0.45494368000072427,1,0,1,142,0.9930155277252197,task_success_while_recovery_active_per_intervention,False,True,timeout,5d38bc5e75d3af55e746f7218b15784572e492b165f6ca57415443bc90428b07,b4d00b629663580725cee7c16b68664af3de3bc5986bddef37e01448932e3ffd,48ce9609a38b32e56f7e6a43ffef71c21c8b1d17ed5a63d47701bc1dfc3ff271,,,0.4,40.0,0.16000000000000003,0.010000000000000002,0.04000000000000001,0,full,True
REIM (ACT + Detector + Recovery),94,8000136,metaworld,True,53,0.10211563199845841,1,1,1,46,0.3449518084526062,task_success_while_recovery_active_per_intervention,True,False,,51233b15fdaf8b6d860743a1af6400e66c2cedf6549ce64598ddb21a6a384524,b4d00b629663580725cee7c16b68664af3de3bc5986bddef37e01448932e3ffd,bb2c6b1aed959fa3ddddb1c215ce67cbb5b0ec080eb65fb58e06b7776849a096,,,0.4,40.0,0.16000000000000003,0.010000000000000002,0.04000000000000001,0,full,True
REIM (ACT + Detector + Recovery),95,8000137,metaworld,False,200,0.4363646149977285,1,0,1,150,0.9886559247970581,task_success_while_recovery_active_per_intervention,False,True,timeout,25ec4e1b30f0fbcb80f8055257c4bb51e4dc3c2a7ea36d6a500c641bc22a09c5,b4d00b629663580725cee7c16b68664af3de3bc5986bddef37e01448932e3ffd,27e1ed8c670f23dae46752497e383610e58c248d638e3b9b707808a32ce33d4e,,,0.4,40.0,0.16000000000000003,0.010000000000000002,0.04000000000000001,0,full,True
REIM (ACT + Detector + Recovery),96,8000138,metaworld,False,200,0.46060023400059436,1,0,1,140,0.9990693926811218,task_success_while_recovery_active_per_intervention,False,True,object_dropped,396995f778134fd316b9745a69a97acd91e2f1afc1fabf89b63b1f34afe71d7f,b4d00b629663580725cee7c16b68664af3de3bc5986bddef37e01448932e3ffd,08a97a6dfa17f78b5cc5b1351d60038e4a40a68fc93722672482714333b1d9b5,,,0.4,40.0,0.16000000000000003,0.010000000000000002,0.04000000000000001,0,full,True
REIM (ACT + Detector + Recovery),97,8000139,metaworld,True,60,0.131426071999158,1,1,1,45,0.3646933436393738,task_success_while_recovery_active_per_intervention,True,False,,fea4954238a3defccb04f0726db3042b268a5bf97ab3b6f88ee37b0a6880131d,b4d00b629663580725cee7c16b68664af3de3bc5986bddef37e01448932e3ffd,b8e45a2f8f553d53c6eef0305347f910b9999bcae6df6ccaf0eaee6ac864e670,,,0.4,40.0,0.16000000000000003,0.010000000000000002,0.04000000000000001,0,full,True
REIM (ACT + Detector + Recovery),98,8000140,metaworld,False,200,0.43992147500102874,1,0,1,150,0.9940429329872131,task_success_while_recovery_active_per_intervention,False,True,timeout,4f437a74206420b22c049a39a4994d46d4c937505216fe3937306c3a45404c60,b4d00b629663580725cee7c16b68664af3de3bc5986bddef37e01448932e3ffd,f82ceac6f8787ac22c378edc1f141cedcc86bf9309b43f1aff6633ae0a963abb,,,0.4,40.0,0.16000000000000003,0.010000000000000002,0.04000000000000001,0,full,True
REIM (ACT + Detector + Recovery),99,8000141,metaworld,True,60,0.12092460599888,1,1,1,48,0.29800957441329956,task_success_while_recovery_active_per_intervention,True,False,,a8a3523171725e82e0435b99b8debd36d082ba814bcbb09198a77b47791ef6e5,b4d00b629663580725cee7c16b68664af3de3bc5986bddef37e01448932e3ffd,f82ceac6f8787ac22c378edc1f141cedcc86bf9309b43f1aff6633ae0a963abb,,,0.4,40.0,0.16000000000000003,0.010000000000000002,0.04000000000000001,0,full,True
REIM (ACT + Detector + Recovery),100,8000142,metaworld,False,200,0.42518015099994955,1,0,1,150,0.9707514643669128,task_success_while_recovery_active_per_intervention,False,True,timeout,8c543dbb30a21db46592e209c79a7bd45d4575d827e23e6ab1eb32b09e3bb47b,b4d00b629663580725cee7c16b68664af3de3bc5986bddef37e01448932e3ffd,e216352c7f1c7392270c7c501bb599f2a46f420613a124fda0729ab88160cdf2,,,0.4,40.0,0.16000000000000003,0.010000000000000002,0.04000000000000001,0,full,True
REIM (ACT + Detector + Recovery),101,8000143,metaworld,False,200,0.42560606400002143,1,0,1,150,0.29862290620803833,task_success_while_recovery_active_per_intervention,False,True,timeout,de422b577e36db21825a52b290638ebd03e1b922b39a1f435f32bc4cada1984c,b4d00b629663580725cee7c16b68664af3de3bc5986bddef37e01448932e3ffd,35203d16cfa98b5f2e002fcb1ffde2400abf9459c161f6a289efa0c46eddb36f,,,0.4,40.0,0.16000000000000003,0.010000000000000002,0.04000000000000001,0,full,True
REIM (ACT + Detector + Recovery),102,8000144,metaworld,False,200,0.4704032109984837,1,0,1,150,0.9505003094673157,task_success_while_recovery_active_per_intervention,False,True,timeout,555ea9d663b4b4627cab8c6b56f24776c338e0387dd68e3b0df06bbdbd5a3d96,b4d00b629663580725cee7c16b68664af3de3bc5986bddef37e01448932e3ffd,504c23f653f6cdee9d659d9320b164606b319d4f0e9cdf0f3a87e2fc7a98160a,,,0.4,40.0,0.16000000000000003,0.010000000000000002,0.04000000000000001,0,full,True
REIM (ACT + Detector + Recovery),103,8000145,metaworld,True,58,0.24570232199766906,0,0,0,0,0.1681312471628189,task_success_while_recovery_active_per_intervention,True,False,,8601ce5489fdee4e0cb577aa339328473418e664c643d49146a4456a28cf66c2,b4d00b629663580725cee7c16b68664af3de3bc5986bddef37e01448932e3ffd,a0b103bf3e43f4aa92753185301eba5e2e31594285004b99f51a59b33bd2d620,,,0.4,40.0,0.16000000000000003,0.010000000000000002,0.04000000000000001,0,full,True
REIM (ACT + Detector + Recovery),104,8000146,metaworld,False,200,0.44210558299892,1,0,1,147,0.8324658870697021,task_success_while_recovery_active_per_intervention,False,True,timeout,6d7c6012b405c9970ff61a68e87a5a6da15cabb6c50eec0b1d6fc91c192eb607,b4d00b629663580725cee7c16b68664af3de3bc5986bddef37e01448932e3ffd,56b7f182edcfeefa9301e1edd53d7f36e4418de7e6df1b54b0f0c298cde1b3cd,,,0.4,40.0,0.16000000000000003,0.010000000000000002,0.04000000000000001,0,full,True
REIM (ACT + Detector + Recovery),105,8000147,metaworld,False,200,0.7620404580011382,1,0,1,26,0.9730516076087952,task_success_while_recovery_active_per_intervention,False,True,timeout,9771f1e722ef88a6aed9147f44180df24e40817f4b1da9021131c146e6e458e2,b4d00b629663580725cee7c16b68664af3de3bc5986bddef37e01448932e3ffd,08a97a6dfa17f78b5cc5b1351d60038e4a40a68fc93722672482714333b1d9b5,,,0.4,40.0,0.16000000000000003,0.010000000000000002,0.04000000000000001,0,full,True
REIM (ACT + Detector + Recovery),106,8000148,metaworld,True,51,0.11155789900294621,1,1,1,37,0.4617954194545746,task_success_while_recovery_active_per_intervention,True,False,,9f33c34bb78a671bfde49b890e3427ed7484415df17294d15ffcf2c8aad989a5,b4d00b629663580725cee7c16b68664af3de3bc5986bddef37e01448932e3ffd,08a97a6dfa17f78b5cc5b1351d60038e4a40a68fc93722672482714333b1d9b5,,,0.4,40.0,0.16000000000000003,0.010000000000000002,0.04000000000000001,0,full,True
REIM (ACT + Detector + Recovery),107,8000149,metaworld,True,58,0.15629112000169698,1,1,1,31,0.2327713966369629,task_success_while_recovery_active_per_intervention,True,False,,39cc67900d329abbdcb2901ccec65c9735d1b3e4d53ccf51814fdead0b086d58,b4d00b629663580725cee7c16b68664af3de3bc5986bddef37e01448932e3ffd,524e161a612d94c222d06154bcd0129d0851b8fad51ae883abbef6e86d43cbb0,,,0.4,40.0,0.16000000000000003,0.010000000000000002,0.04000000000000001,0,full,True
REIM (ACT + Detector + Recovery),108,8000150,metaworld,True,48,0.12460465199910686,1,1,1,27,0.22488948702812195,task_success_while_recovery_active_per_intervention,True,False,,7f431696e21e3b6d22626594c123c2e3d0ac86994635197d2d14daa49ed08e16,b4d00b629663580725cee7c16b68664af3de3bc5986bddef37e01448932e3ffd,5d73f28d4d24cdbcb36a5e5cd61ec1a82f7287ce56d88da8cea912ed757b164c,,,0.4,40.0,0.16000000000000003,0.010000000000000002,0.04000000000000001,0,full,True
REIM (ACT + Detector + Recovery),109,8000151,metaworld,True,57,0.13122917199871154,1,1,1,40,0.30521708726882935,task_success_while_recovery_active_per_intervention,True,False,,cd06332c5b03afe6a44f208e07d3c6d4524e6ba7bf5f4523617238f40dada520,b4d00b629663580725cee7c16b68664af3de3bc5986bddef37e01448932e3ffd,aa1f17aacdf569c3a2930a2ebbf742ff43f8d3acfc772731a5c344cabcd52570,,,0.4,40.0,0.16000000000000003,0.010000000000000002,0.04000000000000001,0,full,True
REIM (ACT + Detector + Recovery),110,8000152,metaworld,False,200,0.43317245899743284,1,0,1,150,0.8795416951179504,task_success_while_recovery_active_per_intervention,False,True,object_dropped,e3244126e528ec522afb3e8200216f86a8281f864f2f428afa56098df9624954,b4d00b629663580725cee7c16b68664af3de3bc5986bddef37e01448932e3ffd,cea0b9105255f82e0ee99bfb3998a6edce02b446d4b14afb0747282cd18aa202,,,0.4,40.0,0.16000000000000003,0.010000000000000002,0.04000000000000001,0,full,True
REIM (ACT + Detector + Recovery),111,8000153,metaworld,False,200,0.4306441989974701,1,0,1,150,0.999110758304596,task_success_while_recovery_active_per_intervention,False,True,timeout,dd4fe80d0891f821a2bb7560b93d5a059f7d25d174cc0d40511048a4a423cf87,b4d00b629663580725cee7c16b68664af3de3bc5986bddef37e01448932e3ffd,e6e55bdbd77dc052facbc072d20b08a21d116978c37627b9a3d9dc7989dfbe62,,,0.4,40.0,0.16000000000000003,0.010000000000000002,0.04000000000000001,0,full,True
REIM (ACT + Detector + Recovery),112,8000154,metaworld,True,59,0.12251134499820182,1,1,1,47,0.32102957367897034,task_success_while_recovery_active_per_intervention,True,False,,868a5b4460f00a19445d2151ae28c5f1d2cfb0e005c48780fd84d3022c008b57,b4d00b629663580725cee7c16b68664af3de3bc5986bddef37e01448932e3ffd,5e1df472084de78052388a34f03cad3de438ca9b5dc801b5759dd57c66a7482a,,,0.4,40.0,0.16000000000000003,0.010000000000000002,0.04000000000000001,0,full,True
REIM (ACT + Detector + Recovery),113,8000155,metaworld,True,57,0.13345159799791873,1,1,1,40,0.34771883487701416,task_success_while_recovery_active_per_intervention,True,False,,abd70758ae74840622d9d363e1147034d9553204021c4a15dc3577c63393fdf8,b4d00b629663580725cee7c16b68664af3de3bc5986bddef37e01448932e3ffd,8a99d46d6d04afe3e2ef92bb607dde5e178b5c37506006c4f364e345976453b1,,,0.4,40.0,0.16000000000000003,0.010000000000000002,0.04000000000000001,0,full,True
REIM (ACT + Detector + Recovery),114,8000156,metaworld,False,200,0.4329479000007268,1,0,1,150,0.9673625230789185,task_success_while_recovery_active_per_intervention,False,True,timeout,cfaca34b85af5cc8154cd847b65ad21f7cfaa32c52906d78332d6c835897e8c9,b4d00b629663580725cee7c16b68664af3de3bc5986bddef37e01448932e3ffd,a8cfe6e2276fbd15230c5555255b87d17333bdd29f84f687df7405d0311fae7f,,,0.4,40.0,0.16000000000000003,0.010000000000000002,0.04000000000000001,0,full,True
REIM (ACT + Detector + Recovery),115,8000157,metaworld,False,200,0.5545321200006583,1,0,1,150,0.9883453845977783,task_success_while_recovery_active_per_intervention,False,True,timeout,76614d88a9fd1ef4a7277c69be5baf3689681810c414a4ab066fc4bf731bb835,b4d00b629663580725cee7c16b68664af3de3bc5986bddef37e01448932e3ffd,08a97a6dfa17f78b5cc5b1351d60038e4a40a68fc93722672482714333b1d9b5,,,0.4,40.0,0.16000000000000003,0.010000000000000002,0.04000000000000001,0,full,True
REIM (ACT + Detector + Recovery),116,8000158,metaworld,True,63,0.18666869499793393,1,1,1,47,0.46481430530548096,task_success_while_recovery_active_per_intervention,True,False,,0e9dbc40df31e45a472b514df4c1032bcaa1e6b45131c87559e8af3bf4eacb70,b4d00b629663580725cee7c16b68664af3de3bc5986bddef37e01448932e3ffd,b8e45a2f8f553d53c6eef0305347f910b9999bcae6df6ccaf0eaee6ac864e670,,,0.4,40.0,0.16000000000000003,0.010000000000000002,0.04000000000000001,0,full,True
REIM (ACT + Detector + Recovery),117,8000159,metaworld,False,200,0.46598656399874017,1,0,1,150,0.9990139007568359,task_success_while_recovery_active_per_intervention,False,True,timeout,92348c3c7c2d125033eeedbe185f1ddf636bc728ba1f7d31bdee9dde4aefd317,b4d00b629663580725cee7c16b68664af3de3bc5986bddef37e01448932e3ffd,0f719f94ef165c0b816b8b10c3f4f5fcf802c9f5a25141035590310315749280,,,0.4,40.0,0.16000000000000003,0.010000000000000002,0.04000000000000001,0,full,True
REIM (ACT + Detector + Recovery),118,8000160,metaworld,True,54,0.13224604800052475,1,1,1,37,0.4697244465351105,task_success_while_recovery_active_per_intervention,True,False,,f5622e341a0f6b774cc6fbefa16ed40f2a2472c79572a91aeb34e8b6df3f3ff4,b4d00b629663580725cee7c16b68664af3de3bc5986bddef37e01448932e3ffd,342b72dafe0e47ecf8a937cb01e62ac02c2d77bf93dafca59574cbbbfc4ad77b,,,0.4,40.0,0.16000000000000003,0.010000000000000002,0.04000000000000001,0,full,True
REIM (ACT + Detector + Recovery),119,8000161,metaworld,True,54,0.13256495599853224,1,1,1,37,0.27589768171310425,task_success_while_recovery_active_per_intervention,True,False,,f3ed2b567573e4af8435db97c06c72f7a959fbe4df3753f1b322a8f3a65ea0a3,b4d00b629663580725cee7c16b68664af3de3bc5986bddef37e01448932e3ffd,ba19e0623fe05add91e00811bacb33e27305f5fcb6549be6f6278ebce6046101,,,0.4,40.0,0.16000000000000003,0.010000000000000002,0.04000000000000001,0,full,True
REIM (ACT + Detector + Recovery),120,8000162,metaworld,True,55,0.12031840000054217,1,1,1,42,0.3100559711456299,task_success_while_recovery_active_per_intervention,True,False,,8ee312b715b638103566a56c2aeec7683ec94faf11817054a6c34f3497449ff9,b4d00b629663580725cee7c16b68664af3de3bc5986bddef37e01448932e3ffd,acfaed29b052207b47b4b7fa76672795fd08de3add8565db05f141de82ece90b,,,0.4,40.0,0.16000000000000003,0.010000000000000002,0.04000000000000001,0,full,True
REIM (ACT + Detector + Recovery),121,8000163,metaworld,True,56,0.24104820899810875,0,0,0,0,0.1610087901353836,task_success_while_recovery_active_per_intervention,True,False,,837f9be6aa6c4ec151be3eb49625cdf06d116944597dbff82c26ace78ca52b2d,b4d00b629663580725cee7c16b68664af3de3bc5986bddef37e01448932e3ffd,0cda21f8ffacf0a1e40e7b0e858a8e2ddc276972106d4bced99d4404b4a13fd8,,,0.4,40.0,0.16000000000000003,0.010000000000000002,0.04000000000000001,0,full,True
REIM (ACT + Detector + Recovery),122,8000164,metaworld,False,200,0.4376491929979238,1,0,1,150,0.9988633394241333,task_success_while_recovery_active_per_intervention,False,True,timeout,31a81aa11ec5be1bc43a939bab7b50aa9c200308e99ec4a693e08fc5d58f4e90,b4d00b629663580725cee7c16b68664af3de3bc5986bddef37e01448932e3ffd,15a9adece7ebea14bdf37f5376e274c6dce4711281025cf35060933ba9ab8ad3,,,0.4,40.0,0.16000000000000003,0.010000000000000002,0.04000000000000001,0,full,True
REIM (ACT + Detector + Recovery),123,8000165,metaworld,True,62,0.12074631200084696,1,1,1,52,0.4507763981819153,task_success_while_recovery_active_per_intervention,True,False,,4b6c4b98d8640ca219ed50d11f5b8e89417e393aa6b0cae8940390063eba20cb,b4d00b629663580725cee7c16b68664af3de3bc5986bddef37e01448932e3ffd,0f719f94ef165c0b816b8b10c3f4f5fcf802c9f5a25141035590310315749280,,,0.4,40.0,0.16000000000000003,0.010000000000000002,0.04000000000000001,0,full,True
REIM (ACT + Detector + Recovery),124,8000166,metaworld,True,53,0.12530399999741348,1,1,1,38,0.3028033971786499,task_success_while_recovery_active_per_intervention,True,False,,9b878cb0432c9ff74a2ea0303c456e52b1f3c8f2f1f1060a6a693a3bffc65677,b4d00b629663580725cee7c16b68664af3de3bc5986bddef37e01448932e3ffd,aa1f17aacdf569c3a2930a2ebbf742ff43f8d3acfc772731a5c344cabcd52570,,,0.4,40.0,0.16000000000000003,0.010000000000000002,0.04000000000000001,0,full,True
REIM (ACT + Detector + Recovery),125,8000167,metaworld,False,200,0.43376316300054896,1,0,1,150,0.9990149736404419,task_success_while_recovery_active_per_intervention,False,True,timeout,e36e8c4bd642e674767ad577e950ffe1ee1da9a72861a4f6c6c57970ff49aed3,b4d00b629663580725cee7c16b68664af3de3bc5986bddef37e01448932e3ffd,a0b103bf3e43f4aa92753185301eba5e2e31594285004b99f51a59b33bd2d620,,,0.4,40.0,0.16000000000000003,0.010000000000000002,0.04000000000000001,0,full,True
REIM (ACT + Detector + Recovery),126,8000168,metaworld,True,54,0.11481757599904086,1,1,1,41,0.3304256498813629,task_success_while_recovery_active_per_intervention,True,False,,1245c2a4f8021be9da1771f78709206e80a2be62f141f31272d9052fae0c0067,b4d00b629663580725cee7c16b68664af3de3bc5986bddef37e01448932e3ffd,15a9adece7ebea14bdf37f5376e274c6dce4711281025cf35060933ba9ab8ad3,,,0.4,40.0,0.16000000000000003,0.010000000000000002,0.04000000000000001,0,full,True
REIM (ACT + Detector + Recovery),127,8000169,metaworld,False,200,0.4309202220028965,1,0,1,150,0.9986181259155273,task_success_while_recovery_active_per_intervention,False,True,object_dropped,c88443ae5f1a27bdfe53737ff648a6fd4146e78fdcc7b7df7c6e93d0d5f4b76e,b4d00b629663580725cee7c16b68664af3de3bc5986bddef37e01448932e3ffd,2ad5907877cc42b4447b9630988e3a1f0da0d83e1f696f71e22dc69905e631b6,,,0.4,40.0,0.16000000000000003,0.010000000000000002,0.04000000000000001,0,full,True
REIM (ACT + Detector + Recovery),128,8000170,metaworld,True,60,0.1293623839992506,1,1,1,45,0.23861517012119293,task_success_while_recovery_active_per_intervention,True,False,,26667625bf595644472791e8be9f19c2c78bfbbd8cf602f10c9d16588555cc05,b4d00b629663580725cee7c16b68664af3de3bc5986bddef37e01448932e3ffd,8a99d46d6d04afe3e2ef92bb607dde5e178b5c37506006c4f364e345976453b1,,,0.4,40.0,0.16000000000000003,0.010000000000000002,0.04000000000000001,0,full,True
REIM (ACT + Detector + Recovery),129,8000171,metaworld,True,50,0.15016410700263805,1,1,1,22,0.2124449908733368,task_success_while_recovery_active_per_intervention,True,False,,45c067e3f5d7deb7c594b7d3ad07d699ba69860bd6163d26e8b2a646294dd0f3,b4d00b629663580725cee7c16b68664af3de3bc5986bddef37e01448932e3ffd,08a97a6dfa17f78b5cc5b1351d60038e4a40a68fc93722672482714333b1d9b5,,,0.4,40.0,0.16000000000000003,0.010000000000000002,0.04000000000000001,0,full,True
REIM (ACT + Detector + Recovery),130,8000172,metaworld,True,56,0.12979253199955565,1,1,1,40,0.3212926685810089,task_success_while_recovery_active_per_intervention,True,False,,87cb9ba09122edf1449359c6ff9785e1ff403028e99c76ebfe4fb99ac893378c,b4d00b629663580725cee7c16b68664af3de3bc5986bddef37e01448932e3ffd,7c3391ee418e26d47c002810bc00065e4dd0b6728c969d2338ad549ad01ebb0a,,,0.4,40.0,0.16000000000000003,0.010000000000000002,0.04000000000000001,0,full,True
REIM (ACT + Detector + Recovery),131,8000173,metaworld,True,56,0.12293146699812496,1,1,1,43,0.2751663625240326,task_success_while_recovery_active_per_intervention,True,False,,7273a4aad30435c699c36128d23215c64b71aee262ce679bc9d693ee9b667cc0,b4d00b629663580725cee7c16b68664af3de3bc5986bddef37e01448932e3ffd,bb2c6b1aed959fa3ddddb1c215ce67cbb5b0ec080eb65fb58e06b7776849a096,,,0.4,40.0,0.16000000000000003,0.010000000000000002,0.04000000000000001,0,full,True
REIM (ACT + Detector + Recovery),132,8000174,metaworld,True,57,0.11355994799669133,1,1,1,47,0.277783066034317,task_success_while_recovery_active_per_intervention,True,False,,61c51cb70b94b16a834ccfd9a3d7c361bf451504f658072b723a12c066041b3c,b4d00b629663580725cee7c16b68664af3de3bc5986bddef37e01448932e3ffd,c40fedd273cade53989af8adc3ca66d02f2d92ca4d97b2f6391a0dd0ab6dbca3,,,0.4,40.0,0.16000000000000003,0.010000000000000002,0.04000000000000001,0,full,True
REIM (ACT + Detector + Recovery),133,8000175,metaworld,False,200,0.4634467349969782,1,0,1,150,0.9962790608406067,task_success_while_recovery_active_per_intervention,False,True,timeout,d4f53030380ee98089cd15958d1fa9e01dbd6003bfa6b0ce02be646bd6bd2e77,b4d00b629663580725cee7c16b68664af3de3bc5986bddef37e01448932e3ffd,bb2c6b1aed959fa3ddddb1c215ce67cbb5b0ec080eb65fb58e06b7776849a096,,,0.4,40.0,0.16000000000000003,0.010000000000000002,0.04000000000000001,0,full,True
REIM (ACT + Detector + Recovery),134,8000176,metaworld,True,62,0.13028611999834538,1,1,1,47,0.23151364922523499,task_success_while_recovery_active_per_intervention,True,False,,a6fea1ee9d40af5a8fee406fd2d76344f19bd20befd119d0e636991a3bf12593,b4d00b629663580725cee7c16b68664af3de3bc5986bddef37e01448932e3ffd,6338b57c8983138382fa5c9ee7bb2d2c200be44368697f7ffa8216ea26ddccaf,,,0.4,40.0,0.16000000000000003,0.010000000000000002,0.04000000000000001,0,full,True
REIM (ACT + Detector + Recovery),135,8000177,metaworld,False,200,0.4285886670004402,1,0,1,148,0.9996153116226196,task_success_while_recovery_active_per_intervention,False,True,timeout,ca72c76985e6dbfd701e264775a2f9f42fe21fc3a3c23e0151c4845cf2a1db7a,b4d00b629663580725cee7c16b68664af3de3bc5986bddef37e01448932e3ffd,1c856fdcb5da12c3fa2d15b38741aa980fa3a47e64fb99f8635817590128f9ea,,,0.4,40.0,0.16000000000000003,0.010000000000000002,0.04000000000000001,0,full,True
REIM (ACT + Detector + Recovery),136,8000178,metaworld,True,51,0.11984569500054931,1,1,1,35,0.28471899032592773,task_success_while_recovery_active_per_intervention,True,False,,9c43025072d2ce91f52451c1d304365b41cbea5961a7b9ace7553ecd151a3fba,b4d00b629663580725cee7c16b68664af3de3bc5986bddef37e01448932e3ffd,acfaed29b052207b47b4b7fa76672795fd08de3add8565db05f141de82ece90b,,,0.4,40.0,0.16000000000000003,0.010000000000000002,0.04000000000000001,0,full,True
REIM (ACT + Detector + Recovery),137,8000179,metaworld,True,53,0.1407883390020288,1,1,1,31,0.2162068486213684,task_success_while_recovery_active_per_intervention,True,False,,7aa13fbb7a4502fddac23fef7c99cf7b9eeb8312f47b42965eb7e203b17efb7c,b4d00b629663580725cee7c16b68664af3de3bc5986bddef37e01448932e3ffd,2ad5907877cc42b4447b9630988e3a1f0da0d83e1f696f71e22dc69905e631b6,,,0.4,40.0,0.16000000000000003,0.010000000000000002,0.04000000000000001,0,full,True
REIM (ACT + Detector + Recovery),138,8000180,metaworld,True,55,0.1164558290001878,1,1,1,43,0.23283366858959198,task_success_while_recovery_active_per_intervention,True,False,,23ed77c539b17827dfc60de1f3839d831bc6173fe0251a2ec3ae9e89912eef18,b4d00b629663580725cee7c16b68664af3de3bc5986bddef37e01448932e3ffd,56b7f182edcfeefa9301e1edd53d7f36e4418de7e6df1b54b0f0c298cde1b3cd,,,0.4,40.0,0.16000000000000003,0.010000000000000002,0.04000000000000001,0,full,True
REIM (ACT + Detector + Recovery),139,8000181,metaworld,True,61,0.11866935699799797,1,1,1,52,0.30800288915634155,task_success_while_recovery_active_per_intervention,True,False,,aa458d9874ef6037deb1c36c386f4760701a9bb0eace95e66872ace76095a766,b4d00b629663580725cee7c16b68664af3de3bc5986bddef37e01448932e3ffd,0f719f94ef165c0b816b8b10c3f4f5fcf802c9f5a25141035590310315749280,,,0.4,40.0,0.16000000000000003,0.010000000000000002,0.04000000000000001,0,full,True
REIM (ACT + Detector + Recovery),140,8000182,metaworld,True,57,0.1441032440015988,1,1,1,36,0.2928459048271179,task_success_while_recovery_active_per_intervention,True,False,,c1f98f5d685ba00e4aa3310b4b138bfc3a24b6b32fff82923effa81ad045dc05,b4d00b629663580725cee7c16b68664af3de3bc5986bddef37e01448932e3ffd,6cb8d983459a8e57d4ae53a86da2394015cabba2d7c306dcaf7b14af979ca230,,,0.4,40.0,0.16000000000000003,0.010000000000000002,0.04000000000000001,0,full,True
REIM (ACT + Detector + Recovery),141,8000183,metaworld,True,61,0.14530576799734263,1,1,1,41,0.2705768942832947,task_success_while_recovery_active_per_intervention,True,False,,00403a4c011ba62f383e8c81adfe3470d56d5a630bb222cd0ba032f8fa127017,b4d00b629663580725cee7c16b68664af3de3bc5986bddef37e01448932e3ffd,39001749c902e2ab9d015efb8c7644faffff99810b709d3203dc359d5eacdcbd,,,0.4,40.0,0.16000000000000003,0.010000000000000002,0.04000000000000001,0,full,True
REIM (ACT + Detector + Recovery),142,8000184,metaworld,True,57,0.1717037739981606,1,1,1,27,0.22841757535934448,task_success_while_recovery_active_per_intervention,True,False,,a015c85de79071a2dd9561a35e88bdf2f95bac9f6be9456e7df85034b3909199,b4d00b629663580725cee7c16b68664af3de3bc5986bddef37e01448932e3ffd,f6a9ed9055e00c868d6771022c2c557a6a48990bdacbed585d07cde857d4755a,,,0.4,40.0,0.16000000000000003,0.010000000000000002,0.04000000000000001,0,full,True
REIM (ACT + Detector + Recovery),143,8000185,metaworld,True,185,0.4073629240010632,1,1,1,139,0.988392174243927,task_success_while_recovery_active_per_intervention,True,False,,22e777af7004ede8ce3f7b2beab1ba35797c63f2ccb4af554dd33c178dd10a47,b4d00b629663580725cee7c16b68664af3de3bc5986bddef37e01448932e3ffd,39001749c902e2ab9d015efb8c7644faffff99810b709d3203dc359d5eacdcbd,,,0.4,40.0,0.16000000000000003,0.010000000000000002,0.04000000000000001,0,full,True
REIM (ACT + Detector + Recovery),144,8000186,metaworld,True,56,0.1054987310017168,1,1,1,49,0.3574821949005127,task_success_while_recovery_active_per_intervention,True,False,,b80c0fc722c701337cd6c06e66f0a78b86bc460395f96a625162a8f207dc41ff,b4d00b629663580725cee7c16b68664af3de3bc5986bddef37e01448932e3ffd,588df85fb38ef87f822932ad2f702be807974873e4a07ea43084bbdeeaac6604,,,0.4,40.0,0.16000000000000003,0.010000000000000002,0.04000000000000001,0,full,True
REIM (ACT + Detector + Recovery),145,8000187,metaworld,True,65,0.1731072700022196,1,1,1,38,0.27341392636299133,task_success_while_recovery_active_per_intervention,True,False,,573165e4a43cda046223ea5c78e1111114fafabdd209d0a87563b04c1d446551,b4d00b629663580725cee7c16b68664af3de3bc5986bddef37e01448932e3ffd,c5023b3d25031a103b9549b6e8c83ba09d69e708ef117c31128a38e03616e5d8,,,0.4,40.0,0.16000000000000003,0.010000000000000002,0.04000000000000001,0,full,True
REIM (ACT + Detector + Recovery),146,8000188,metaworld,True,71,0.12944124400019064,1,1,1,63,0.771517276763916,task_success_while_recovery_active_per_intervention,True,False,,2f550a578510b170a0666981311b1c3a8e6e1e0005590ca427fc4af48405de3c,b4d00b629663580725cee7c16b68664af3de3bc5986bddef37e01448932e3ffd,942fb6a87dc1e3eb7bf7bb111c97e7096138256b4a9a6b4c62a012fabe8bec38,,,0.4,40.0,0.16000000000000003,0.010000000000000002,0.04000000000000001,0,full,True
REIM (ACT + Detector + Recovery),147,8000189,metaworld,True,58,0.1250735839967092,1,1,1,44,0.24444997310638428,task_success_while_recovery_active_per_intervention,True,False,,1b2692168c221fd5e2992928147cc6045fcea4f602051cceda79bc1e55f5cafd,b4d00b629663580725cee7c16b68664af3de3bc5986bddef37e01448932e3ffd,7c3391ee418e26d47c002810bc00065e4dd0b6728c969d2338ad549ad01ebb0a,,,0.4,40.0,0.16000000000000003,0.010000000000000002,0.04000000000000001,0,full,True
REIM (ACT + Detector + Recovery),148,8000190,metaworld,True,48,0.13328160899982322,1,1,1,25,0.35753312706947327,task_success_while_recovery_active_per_intervention,True,False,,70a5bd302fff08dbf945611e45fab64a849e8304075aa52b1d5db95c1e60feb6,b4d00b629663580725cee7c16b68664af3de3bc5986bddef37e01448932e3ffd,cea0b9105255f82e0ee99bfb3998a6edce02b446d4b14afb0747282cd18aa202,,,0.4,40.0,0.16000000000000003,0.010000000000000002,0.04000000000000001,0,full,True
REIM (ACT + Detector + Recovery),149,8000191,metaworld,False,200,0.43490462100089644,1,0,1,150,0.9497455954551697,task_success_while_recovery_active_per_intervention,False,True,timeout,1a738d08b2c17c69adb30fc030161ebdb5f6b05508346cdc5dd5e5529c956564,b4d00b629663580725cee7c16b68664af3de3bc5986bddef37e01448932e3ffd,e216352c7f1c7392270c7c501bb599f2a46f420613a124fda0729ab88160cdf2,,,0.4,40.0,0.16000000000000003,0.010000000000000002,0.04000000000000001,0,full,True
REIM (ACT + Detector + Recovery),150,8000192,metaworld,True,60,0.2566701319992717,0,0,0,0,0.16195471584796906,task_success_while_recovery_active_per_intervention,True,False,,ef63a340cefdc942d5acebe57a2d5f6c06dcfd010db953824519026881776997,b4d00b629663580725cee7c16b68664af3de3bc5986bddef37e01448932e3ffd,25805a097f1f4b8c203ec3c130dcd3e66b5fb3ad298114a08662aae6c86fa673,,,0.4,40.0,0.16000000000000003,0.010000000000000002,0.04000000000000001,0,full,True
REIM (ACT + Detector + Recovery),151,8000193,metaworld,True,70,0.1430751039988536,1,1,1,58,0.47687408328056335,task_success_while_recovery_active_per_intervention,True,False,,8f81996acca9a739817b9a90d7b7ff180727d758d7a59ad21652c008b769fa58,b4d00b629663580725cee7c16b68664af3de3bc5986bddef37e01448932e3ffd,1c856fdcb5da12c3fa2d15b38741aa980fa3a47e64fb99f8635817590128f9ea,,,0.4,40.0,0.16000000000000003,0.010000000000000002,0.04000000000000001,0,full,True
REIM (ACT + Detector + Recovery),152,8000194,metaworld,False,200,0.4439390279985673,1,0,1,150,0.9964638352394104,task_success_while_recovery_active_per_intervention,False,True,timeout,a5e133fdade715837f31f3d1b80cfb10034bf4efb4848197dc90d5651a02c4ec,b4d00b629663580725cee7c16b68664af3de3bc5986bddef37e01448932e3ffd,64ee837add19202e84553431fdab118462cf5265eeae19a4d044b5a6818f771d,,,0.4,40.0,0.16000000000000003,0.010000000000000002,0.04000000000000001,0,full,True
REIM (ACT + Detector + Recovery),153,8000195,metaworld,True,51,0.1314345390019298,1,1,1,32,0.3140159249305725,task_success_while_recovery_active_per_intervention,True,False,,ceeffa9df259e215ef6cf039ccd2ae955686fdb60cbf9128715684301e9f7b3c,b4d00b629663580725cee7c16b68664af3de3bc5986bddef37e01448932e3ffd,2eb279a724955c1a9d173681940490ec9cc8ed4fdc15a95533884a23d4ccdb4e,,,0.4,40.0,0.16000000000000003,0.010000000000000002,0.04000000000000001,0,full,True
REIM (ACT + Detector + Recovery),154,8000196,metaworld,True,59,0.13019657800032292,1,1,1,45,0.36687272787094116,task_success_while_recovery_active_per_intervention,True,False,,3082dfcf17b54b1038769ed140b948f48ad6c1ee4e98e270f106b328ba25890d,b4d00b629663580725cee7c16b68664af3de3bc5986bddef37e01448932e3ffd,342b72dafe0e47ecf8a937cb01e62ac02c2d77bf93dafca59574cbbbfc4ad77b,,,0.4,40.0,0.16000000000000003,0.010000000000000002,0.04000000000000001,0,full,True
REIM (ACT + Detector + Recovery),155,8000197,metaworld,True,56,0.17520546299783746,1,1,1,24,0.23273517191410065,task_success_while_recovery_active_per_intervention,True,False,,60795d031dfc90281f324a1ddab4e8600b7493ce98eeaeae494717bec0891356,b4d00b629663580725cee7c16b68664af3de3bc5986bddef37e01448932e3ffd,524e161a612d94c222d06154bcd0129d0851b8fad51ae883abbef6e86d43cbb0,,,0.4,40.0,0.16000000000000003,0.010000000000000002,0.04000000000000001,0,full,True
REIM (ACT + Detector + Recovery),156,8000198,metaworld,False,200,0.44519269000011263,1,0,1,150,0.5931361317634583,task_success_while_recovery_active_per_intervention,False,True,object_dropped,181cfc34449dd34b54582e59895794518849e87b19b3a8f08d37277a175ae58a,b4d00b629663580725cee7c16b68664af3de3bc5986bddef37e01448932e3ffd,56b7f182edcfeefa9301e1edd53d7f36e4418de7e6df1b54b0f0c298cde1b3cd,,,0.4,40.0,0.16000000000000003,0.010000000000000002,0.04000000000000001,0,full,True
REIM (ACT + Detector + Recovery),157,8000199,metaworld,True,56,0.13348443499853602,1,1,1,38,0.22060468792915344,task_success_while_recovery_active_per_intervention,True,False,,257a139309b46ec34b8d0ea78c22682bc59e85e2a15c1bd8f00297bdde7be71a,b4d00b629663580725cee7c16b68664af3de3bc5986bddef37e01448932e3ffd,3183afb500ebb9a5af177cccb5b5889a8321eb35261f8ec571269f8b5ed9cd1a,,,0.4,40.0,0.16000000000000003,0.010000000000000002,0.04000000000000001,0,full,True
REIM (ACT + Detector + Recovery),158,8000200,metaworld,False,200,0.4368963579981937,1,0,1,150,0.9811726212501526,task_success_while_recovery_active_per_intervention,False,True,timeout,effcedef5ee3994f3ee3b6c6c437e2f85b9c95c45032678a857f2058e0329749,b4d00b629663580725cee7c16b68664af3de3bc5986bddef37e01448932e3ffd,524e161a612d94c222d06154bcd0129d0851b8fad51ae883abbef6e86d43cbb0,,,0.4,40.0,0.16000000000000003,0.010000000000000002,0.04000000000000001,0,full,True
REIM (ACT + Detector + Recovery),159,8000201,metaworld,False,200,0.43811491500309785,1,0,1,147,0.9911124110221863,task_success_while_recovery_active_per_intervention,False,True,object_dropped,45d1915eba2bf192fc56a2327a0152d4957f36d73dde33be599a41d048d143e9,b4d00b629663580725cee7c16b68664af3de3bc5986bddef37e01448932e3ffd,56b7f182edcfeefa9301e1edd53d7f36e4418de7e6df1b54b0f0c298cde1b3cd,,,0.4,40.0,0.16000000000000003,0.010000000000000002,0.04000000000000001,0,full,True
REIM (ACT + Detector + Recovery),160,8000202,metaworld,True,69,0.17752041399944574,1,1,1,42,0.2918681502342224,task_success_while_recovery_active_per_intervention,True,False,,409374eca9141f6f38f1cff19980ede126649eff0fa68412d0ebf8e038fe9611,b4d00b629663580725cee7c16b68664af3de3bc5986bddef37e01448932e3ffd,c5023b3d25031a103b9549b6e8c83ba09d69e708ef117c31128a38e03616e5d8,,,0.4,40.0,0.16000000000000003,0.010000000000000002,0.04000000000000001,0,full,True
REIM (ACT + Detector + Recovery),161,8000203,metaworld,False,200,0.42976080600055866,1,0,1,150,0.9993316531181335,task_success_while_recovery_active_per_intervention,False,True,timeout,7f647cd144e468b56b7955b9101ab29b02a197d93974a0e5cd592fdf74645f0e,b4d00b629663580725cee7c16b68664af3de3bc5986bddef37e01448932e3ffd,942fb6a87dc1e3eb7bf7bb111c97e7096138256b4a9a6b4c62a012fabe8bec38,,,0.4,40.0,0.16000000000000003,0.010000000000000002,0.04000000000000001,0,full,True
REIM (ACT + Detector + Recovery),162,8000204,metaworld,True,56,0.11564865200125496,1,1,1,44,0.29632461071014404,task_success_while_recovery_active_per_intervention,True,False,,8719f2f88af261eb97f9999f176a3a80cbdf5d3bd9ccbd80aba4b9a52545b2bd,b4d00b629663580725cee7c16b68664af3de3bc5986bddef37e01448932e3ffd,5e1df472084de78052388a34f03cad3de438ca9b5dc801b5759dd57c66a7482a,,,0.4,40.0,0.16000000000000003,0.010000000000000002,0.04000000000000001,0,full,True
REIM (ACT + Detector + Recovery),163,8000205,metaworld,False,200,0.4289118039996538,1,0,1,150,0.9991326928138733,task_success_while_recovery_active_per_intervention,False,True,timeout,0569c32d432581f2434d19bc35e7a10271e6bf3575d1b1d9c019cddeb0c27546,b4d00b629663580725cee7c16b68664af3de3bc5986bddef37e01448932e3ffd,6cb8d983459a8e57d4ae53a86da2394015cabba2d7c306dcaf7b14af979ca230,,,0.4,40.0,0.16000000000000003,0.010000000000000002,0.04000000000000001,0,full,True
REIM (ACT + Detector + Recovery),164,8000206,metaworld,True,57,0.24413710400040145,0,0,0,0,0.11118210852146149,task_success_while_recovery_active_per_intervention,True,False,,a98c9a86fb1ec6ac0264cbcbd7acd29b00d8db870c89814b224850395eb347dc,b4d00b629663580725cee7c16b68664af3de3bc5986bddef37e01448932e3ffd,06d355d7aff3b944ab4199c02a94c63d062e5c414c0b195f7b232b607e0ab1ed,,,0.4,40.0,0.16000000000000003,0.010000000000000002,0.04000000000000001,0,full,True
REIM (ACT + Detector + Recovery),165,8000207,metaworld,False,200,0.4521575020007731,1,0,1,144,0.9957452416419983,task_success_while_recovery_active_per_intervention,False,True,object_dropped,d23d39d8c75b77fcff04617f673075bb41bcb87d06fdb42ec761a4aa68f6573c,b4d00b629663580725cee7c16b68664af3de3bc5986bddef37e01448932e3ffd,6338b57c8983138382fa5c9ee7bb2d2c200be44368697f7ffa8216ea26ddccaf,,,0.4,40.0,0.16000000000000003,0.010000000000000002,0.04000000000000001,0,full,True
REIM (ACT + Detector + Recovery),166,8000208,metaworld,True,56,0.11713031500039506,1,1,1,45,0.2988775968551636,task_success_while_recovery_active_per_intervention,True,False,,a475f3905a30c16b66f4ff716335615124ff1cc93538bedf0daf40cebb3ce310,b4d00b629663580725cee7c16b68664af3de3bc5986bddef37e01448932e3ffd,35203d16cfa98b5f2e002fcb1ffde2400abf9459c161f6a289efa0c46eddb36f,,,0.4,40.0,0.16000000000000003,0.010000000000000002,0.04000000000000001,0,full,True
REIM (ACT + Detector + Recovery),167,8000209,metaworld,False,200,0.4346503480010142,1,0,1,150,0.9883728623390198,task_success_while_recovery_active_per_intervention,False,True,timeout,ef392694cadc2a4e41ea6a9a6319e1fe341b1f492f0671467427eabf9c1bd621,b4d00b629663580725cee7c16b68664af3de3bc5986bddef37e01448932e3ffd,71488b32995fa40c6ec3f77f6bcd912b1929aef29d90a66307ad46cd584acf29,,,0.4,40.0,0.16000000000000003,0.010000000000000002,0.04000000000000001,0,full,True
REIM (ACT + Detector + Recovery),168,8000210,metaworld,False,200,0.432603115998063,1,0,1,150,0.997603714466095,task_success_while_recovery_active_per_intervention,False,True,object_dropped,8dc5a50bce881eca260c4077cb1b89b641801ce6f999c604ecd0e114bc2beb96,b4d00b629663580725cee7c16b68664af3de3bc5986bddef37e01448932e3ffd,27e1ed8c670f23dae46752497e383610e58c248d638e3b9b707808a32ce33d4e,,,0.4,40.0,0.16000000000000003,0.010000000000000002,0.04000000000000001,0,full,True
REIM (ACT + Detector + Recovery),169,8000211,metaworld,True,53,0.13154274099724717,1,1,1,35,0.21124272048473358,task_success_while_recovery_active_per_intervention,True,False,,368271406306c2507d55c3c2fc6f16a7e2176f3bd914ab7580f01b0348bcccb6,b4d00b629663580725cee7c16b68664af3de3bc5986bddef37e01448932e3ffd,2ad5907877cc42b4447b9630988e3a1f0da0d83e1f696f71e22dc69905e631b6,,,0.4,40.0,0.16000000000000003,0.010000000000000002,0.04000000000000001,0,full,True
REIM (ACT + Detector + Recovery),170,8000212,metaworld,True,57,0.1306319249997614,1,1,1,42,0.2507227957248688,task_success_while_recovery_active_per_intervention,True,False,,bce0102c932859a34a46c600a241e455dc39004cd409a7918205199b44877a53,b4d00b629663580725cee7c16b68664af3de3bc5986bddef37e01448932e3ffd,2eb279a724955c1a9d173681940490ec9cc8ed4fdc15a95533884a23d4ccdb4e,,,0.4,40.0,0.16000000000000003,0.010000000000000002,0.04000000000000001,0,full,True
REIM (ACT + Detector + Recovery),171,8000213,metaworld,False,200,0.4410019660026592,1,0,1,150,0.753311276435852,task_success_while_recovery_active_per_intervention,False,True,object_dropped,6c52568711155c4ef0c71a07b6af50f32bac2d077f754c5c07dbc9cf55372f2b,b4d00b629663580725cee7c16b68664af3de3bc5986bddef37e01448932e3ffd,35203d16cfa98b5f2e002fcb1ffde2400abf9459c161f6a289efa0c46eddb36f,,,0.4,40.0,0.16000000000000003,0.010000000000000002,0.04000000000000001,0,full,True
REIM (ACT + Detector + Recovery),172,8000214,metaworld,True,66,0.14247090999924694,1,1,1,51,0.3993503749370575,task_success_while_recovery_active_per_intervention,True,False,,22eebdb201b7c1b5239838bae6f473bf1ef59b6b28a051b86d8e3083f98cc4ab,b4d00b629663580725cee7c16b68664af3de3bc5986bddef37e01448932e3ffd,64ee837add19202e84553431fdab118462cf5265eeae19a4d044b5a6818f771d,,,0.4,40.0,0.16000000000000003,0.010000000000000002,0.04000000000000001,0,full,True
REIM (ACT + Detector + Recovery),173,8000215,metaworld,True,60,0.11112837299879175,1,1,1,53,0.25400522351264954,task_success_while_recovery_active_per_intervention,True,False,,9f5387fd9e4e783f2cb16797faa003605a6d88f33e8b9431560d3f099d2406a6,b4d00b629663580725cee7c16b68664af3de3bc5986bddef37e01448932e3ffd,a8cfe6e2276fbd15230c5555255b87d17333bdd29f84f687df7405d0311fae7f,,,0.4,40.0,0.16000000000000003,0.010000000000000002,0.04000000000000001,0,full,True
REIM (ACT + Detector + Recovery),174,8000216,metaworld,False,200,0.44724886900075944,1,0,1,150,0.9993383288383484,task_success_while_recovery_active_per_intervention,False,True,timeout,34574a3e6443e72c4c5f6dc3d3ce216512da5372cdd417883e9a535dc9850f19,b4d00b629663580725cee7c16b68664af3de3bc5986bddef37e01448932e3ffd,504c23f653f6cdee9d659d9320b164606b319d4f0e9cdf0f3a87e2fc7a98160a,,,0.4,40.0,0.16000000000000003,0.010000000000000002,0.04000000000000001,0,full,True
REIM (ACT + Detector + Recovery),175,8000217,metaworld,True,53,0.10068231699915486,1,1,1,46,0.4021758735179901,task_success_while_recovery_active_per_intervention,True,False,,e418f08e3904bc3be685f923ac46ce71439d6899947aa92a599fc2e37af979da,b4d00b629663580725cee7c16b68664af3de3bc5986bddef37e01448932e3ffd,20cf3cfee33051ea4ca25b64648f05450b0068ae0136ae52c3108d28b02f3691,,,0.4,40.0,0.16000000000000003,0.010000000000000002,0.04000000000000001,0,full,True
REIM (ACT + Detector + Recovery),176,8000218,metaworld,False,200,0.43123199899855535,1,0,1,150,0.9993354678153992,task_success_while_recovery_active_per_intervention,False,True,object_dropped,573b9020fafb4247d8dcb9b14c0436ea354d0cc06ad2ee632ffa5e7229958b94,b4d00b629663580725cee7c16b68664af3de3bc5986bddef37e01448932e3ffd,f82ceac6f8787ac22c378edc1f141cedcc86bf9309b43f1aff6633ae0a963abb,,,0.4,40.0,0.16000000000000003,0.010000000000000002,0.04000000000000001,0,full,True
REIM (ACT + Detector + Recovery),177,8000219,metaworld,True,55,0.14829282199934823,1,1,1,32,0.28861331939697266,task_success_while_recovery_active_per_intervention,True,False,,e4161d424204142bfb35dfcabe37a7dc4f7d7286f3a4cf2cbab1ba37052e2c0b,b4d00b629663580725cee7c16b68664af3de3bc5986bddef37e01448932e3ffd,942fb6a87dc1e3eb7bf7bb111c97e7096138256b4a9a6b4c62a012fabe8bec38,,,0.4,40.0,0.16000000000000003,0.010000000000000002,0.04000000000000001,0,full,True
REIM (ACT + Detector + Recovery),178,8000220,metaworld,True,56,0.11272593600006076,1,1,1,47,0.4750586152076721,task_success_while_recovery_active_per_intervention,True,False,,3d841b2375223384c3debac4c807b54a6c22d150cca0f44654373cc63cd101aa,b4d00b629663580725cee7c16b68664af3de3bc5986bddef37e01448932e3ffd,acfaed29b052207b47b4b7fa76672795fd08de3add8565db05f141de82ece90b,,,0.4,40.0,0.16000000000000003,0.010000000000000002,0.04000000000000001,0,full,True
REIM (ACT + Detector + Recovery),179,8000221,metaworld,True,62,0.27198025899997447,0,0,0,0,0.09754946082830429,task_success_while_recovery_active_per_intervention,True,False,,4c08980bd2573d596b79a1b6a2aab7a2fc7e110087460bbc71573e24911416cb,b4d00b629663580725cee7c16b68664af3de3bc5986bddef37e01448932e3ffd,f6a9ed9055e00c868d6771022c2c557a6a48990bdacbed585d07cde857d4755a,,,0.4,40.0,0.16000000000000003,0.010000000000000002,0.04000000000000001,0,full,True
REIM (ACT + Detector + Recovery),180,8000222,metaworld,False,200,0.4473521609979798,1,0,1,150,0.9667887091636658,task_success_while_recovery_active_per_intervention,False,True,object_dropped,c03a7fde9c94e834d8853085faf37cd3e7c1c2b5dc4a520218aa59851b5ec799,b4d00b629663580725cee7c16b68664af3de3bc5986bddef37e01448932e3ffd,25805a097f1f4b8c203ec3c130dcd3e66b5fb3ad298114a08662aae6c86fa673,,,0.4,40.0,0.16000000000000003,0.010000000000000002,0.04000000000000001,0,full,True
REIM (ACT + Detector + Recovery),181,8000223,metaworld,False,200,0.44515956900067977,1,0,1,150,0.9962846040725708,task_success_while_recovery_active_per_intervention,False,True,object_dropped,5d1cee354dcd5f365ce4e56b9e40782dbfd2620dff000836e9e71a3fc81cf7ad,b4d00b629663580725cee7c16b68664af3de3bc5986bddef37e01448932e3ffd,25805a097f1f4b8c203ec3c130dcd3e66b5fb3ad298114a08662aae6c86fa673,,,0.4,40.0,0.16000000000000003,0.010000000000000002,0.04000000000000001,0,full,True
REIM (ACT + Detector + Recovery),182,8000224,metaworld,True,57,0.10852311100097722,1,1,1,50,0.5709461569786072,task_success_while_recovery_active_per_intervention,True,False,,7f184468c5af15b04ecaa8d15372790828821b35b03c8457ce095b3c169411b2,b4d00b629663580725cee7c16b68664af3de3bc5986bddef37e01448932e3ffd,342b72dafe0e47ecf8a937cb01e62ac02c2d77bf93dafca59574cbbbfc4ad77b,,,0.4,40.0,0.16000000000000003,0.010000000000000002,0.04000000000000001,0,full,True
REIM (ACT + Detector + Recovery),183,8000225,metaworld,False,200,0.4392245080016437,1,0,1,150,0.9990573525428772,task_success_while_recovery_active_per_intervention,False,True,timeout,f4044bf1b5a1daa03d81dd79e3df92d2b4e1e33350bce85078fa96041c87262b,b4d00b629663580725cee7c16b68664af3de3bc5986bddef37e01448932e3ffd,bb2c6b1aed959fa3ddddb1c215ce67cbb5b0ec080eb65fb58e06b7776849a096,,,0.4,40.0,0.16000000000000003,0.010000000000000002,0.04000000000000001,0,full,True
REIM (ACT + Detector + Recovery),184,8000226,metaworld,False,200,0.43997243699777755,1,0,1,150,0.9889388084411621,task_success_while_recovery_active_per_intervention,False,True,timeout,905187c3bddf16225ef41c405b5aa043783190832b6077e8d7c091a4b78aeefd,b4d00b629663580725cee7c16b68664af3de3bc5986bddef37e01448932e3ffd,e216352c7f1c7392270c7c501bb599f2a46f420613a124fda0729ab88160cdf2,,,0.4,40.0,0.16000000000000003,0.010000000000000002,0.04000000000000001,0,full,True
REIM (ACT + Detector + Recovery),185,8000227,metaworld,True,57,0.12186437000127626,1,1,1,44,0.30344122648239136,task_success_while_recovery_active_per_intervention,True,False,,78c177384d2c37c240b19185e5780f636049fe9bc96308be5e5ab34216c24feb,b4d00b629663580725cee7c16b68664af3de3bc5986bddef37e01448932e3ffd,342b72dafe0e47ecf8a937cb01e62ac02c2d77bf93dafca59574cbbbfc4ad77b,,,0.4,40.0,0.16000000000000003,0.010000000000000002,0.04000000000000001,0,full,True
REIM (ACT + Detector + Recovery),186,8000228,metaworld,True,51,0.11541624500023318,1,1,1,37,0.38929903507232666,task_success_while_recovery_active_per_intervention,True,False,,ab35aad0f26812fdb7c18fe67af56fbd8a85f55f73bd1b7374e54500961271a3,b4d00b629663580725cee7c16b68664af3de3bc5986bddef37e01448932e3ffd,cea0b9105255f82e0ee99bfb3998a6edce02b446d4b14afb0747282cd18aa202,,,0.4,40.0,0.16000000000000003,0.010000000000000002,0.04000000000000001,0,full,True
REIM (ACT + Detector + Recovery),187,8000229,metaworld,True,57,0.11089969999738969,1,1,1,48,0.38407060503959656,task_success_while_recovery_active_per_intervention,True,False,,61332a57cf8e65b3719753e07426f4724ca308c4bce5188327945b7906ce9eb5,b4d00b629663580725cee7c16b68664af3de3bc5986bddef37e01448932e3ffd,acfaed29b052207b47b4b7fa76672795fd08de3add8565db05f141de82ece90b,,,0.4,40.0,0.16000000000000003,0.010000000000000002,0.04000000000000001,0,full,True
REIM (ACT + Detector + Recovery),188,8000230,metaworld,False,200,0.4705514540000877,1,0,1,150,0.9992702603340149,task_success_while_recovery_active_per_intervention,False,True,timeout,54fe3912e20e0237cc951de11def49048190f3d4fafd908f1b4f40ea4d1b4ac2,b4d00b629663580725cee7c16b68664af3de3bc5986bddef37e01448932e3ffd,6943489118fc060756e24fd47685e2c10173293d54af0af7e8afa9e287c9c5f1,,,0.4,40.0,0.16000000000000003,0.010000000000000002,0.04000000000000001,0,full,True
REIM (ACT + Detector + Recovery),189,8000231,metaworld,False,200,0.4799228040028538,1,0,1,150,0.9977585077285767,task_success_while_recovery_active_per_intervention,False,True,timeout,58161b4ac290f17dcd674f38f3b9dc2b00e55ce25e88692bf2ce0b0a9a7c82b0,b4d00b629663580725cee7c16b68664af3de3bc5986bddef37e01448932e3ffd,588df85fb38ef87f822932ad2f702be807974873e4a07ea43084bbdeeaac6604,,,0.4,40.0,0.16000000000000003,0.010000000000000002,0.04000000000000001,0,full,True
REIM (ACT + Detector + Recovery),190,8000232,metaworld,True,68,0.13067732699710177,1,1,1,58,0.4742935597896576,task_success_while_recovery_active_per_intervention,True,False,,368fa4225f005aac257ff0dc93befcbc0599af4e1ecd86954c85b5083e9390e5,b4d00b629663580725cee7c16b68664af3de3bc5986bddef37e01448932e3ffd,b8e45a2f8f553d53c6eef0305347f910b9999bcae6df6ccaf0eaee6ac864e670,,,0.4,40.0,0.16000000000000003,0.010000000000000002,0.04000000000000001,0,full,True
REIM (ACT + Detector + Recovery),191,8000233,metaworld,True,59,0.1327164009999251,1,1,1,43,0.3462328612804413,task_success_while_recovery_active_per_intervention,True,False,,916d76187c8a65e5b32fc6e28383439b769dbe6b4c3b15949265ce4f3f1415a6,b4d00b629663580725cee7c16b68664af3de3bc5986bddef37e01448932e3ffd,aa1f17aacdf569c3a2930a2ebbf742ff43f8d3acfc772731a5c344cabcd52570,,,0.4,40.0,0.16000000000000003,0.010000000000000002,0.04000000000000001,0,full,True
REIM (ACT + Detector + Recovery),192,8000234,metaworld,True,64,0.2824640910002927,0,0,0,0,0.16893351078033447,task_success_while_recovery_active_per_intervention,True,False,,e2f5fa96397a0ed3abc9cfb1d5233367ef4348303917c976516e93dc0c5120e3,b4d00b629663580725cee7c16b68664af3de3bc5986bddef37e01448932e3ffd,c5023b3d25031a103b9549b6e8c83ba09d69e708ef117c31128a38e03616e5d8,,,0.4,40.0,0.16000000000000003,0.010000000000000002,0.04000000000000001,0,full,True
REIM (ACT + Detector + Recovery),193,8000235,metaworld,True,57,0.12580433699986315,1,1,1,47,0.2425655573606491,task_success_while_recovery_active_per_intervention,True,False,,3d68febfc2b1f7d6866bc26de1ce9c70d65e14a931f0519d81187e4843b81e81,b4d00b629663580725cee7c16b68664af3de3bc5986bddef37e01448932e3ffd,aba21ef1c98d0573e36116c9757115227fd3793cba96aea7eda95c2547314ca3,,,0.4,40.0,0.16000000000000003,0.010000000000000002,0.04000000000000001,0,full,True
REIM (ACT + Detector + Recovery),194,8000236,metaworld,False,200,0.4460505530005321,1,0,1,150,0.9981087446212769,task_success_while_recovery_active_per_intervention,False,True,timeout,0764b8da749d16e6f37581b4f5dbea76fb89b864d5c1fb941c01238e3eb31db2,b4d00b629663580725cee7c16b68664af3de3bc5986bddef37e01448932e3ffd,64ee837add19202e84553431fdab118462cf5265eeae19a4d044b5a6818f771d,,,0.4,40.0,0.16000000000000003,0.010000000000000002,0.04000000000000001,0,full,True
REIM (ACT + Detector + Recovery),195,8000237,metaworld,True,55,0.10880949999773293,1,1,1,46,0.30235010385513306,task_success_while_recovery_active_per_intervention,True,False,,d3857ed5c0c744e7b238403bbcd3d4122174d723e9606d6721d0960032bf4ffd,b4d00b629663580725cee7c16b68664af3de3bc5986bddef37e01448932e3ffd,aba21ef1c98d0573e36116c9757115227fd3793cba96aea7eda95c2547314ca3,,,0.4,40.0,0.16000000000000003,0.010000000000000002,0.04000000000000001,0,full,True
REIM (ACT + Detector + Recovery),196,8000238,metaworld,True,54,0.1544345610018354,1,1,1,29,0.2129451036453247,task_success_while_recovery_active_per_intervention,True,False,,d12c548e262b02870f40fe626beacbcf90351fb459542a4e22b9b9e45abac71f,b4d00b629663580725cee7c16b68664af3de3bc5986bddef37e01448932e3ffd,acfaed29b052207b47b4b7fa76672795fd08de3add8565db05f141de82ece90b,,,0.4,40.0,0.16000000000000003,0.010000000000000002,0.04000000000000001,0,full,True
REIM (ACT + Detector + Recovery),197,8000239,metaworld,True,62,0.12996735400156467,1,1,1,49,0.2679027318954468,task_success_while_recovery_active_per_intervention,True,False,,06b30a52fdccdec7bb3619e9a29b3fea543cf4e0e4e5acc33dd8ced2855d84d3,b4d00b629663580725cee7c16b68664af3de3bc5986bddef37e01448932e3ffd,6cb8d983459a8e57d4ae53a86da2394015cabba2d7c306dcaf7b14af979ca230,,,0.4,40.0,0.16000000000000003,0.010000000000000002,0.04000000000000001,0,full,True
REIM (ACT + Detector + Recovery),198,8000240,metaworld,True,56,0.11457649899966782,1,1,1,44,0.5340040922164917,task_success_while_recovery_active_per_intervention,True,False,,3fbabed300b89f9cbaf8c4a50aa395aee37d4f15f39f33a76503ef68c869baf1,b4d00b629663580725cee7c16b68664af3de3bc5986bddef37e01448932e3ffd,742509487aeb71d366f1ddafa1cb12db2f7cfefe17c4ca89c98cffb67c1c8619,,,0.4,40.0,0.16000000000000003,0.010000000000000002,0.04000000000000001,0,full,True
REIM (ACT + Detector + Recovery),199,8000241,metaworld,True,58,0.1341190679995634,1,1,1,43,0.23758520185947418,task_success_while_recovery_active_per_intervention,True,False,,b8f382d4e43767e58e78a22603d119a757295e7ccf0c60d94ffb632d43faab25,b4d00b629663580725cee7c16b68664af3de3bc5986bddef37e01448932e3ffd,5e1df472084de78052388a34f03cad3de438ca9b5dc801b5759dd57c66a7482a,,,0.4,40.0,0.16000000000000003,0.010000000000000002,0.04000000000000001,0,full,True
