method,episode,seed,backend,success,steps,elapsed_seconds,recovery_attempts,recovery_successes,detector_triggers,recovery_steps,failure_probability_max,recovery_definition,terminated,truncated,failure_reason,episode_specification_sha256,episode_bank_sha256,metaworld_task_sha256,retry_specification_sha256s,retry_task_sha256s,Profile,noise_level,Benchmark Eligible
REIM (ACT + Detector + Recovery),0,8000042,metaworld,True,53,0.14002813099796185,1,1,1,36,0.2928770184516907,task_success_while_recovery_active_per_intervention,True,False,,14e48f83a083b78eb4af5dc37d02e21b04a314c3c31b36f5a62b13e4add4f2a5,8c503c07dc6dcdd904e948f14d270410c2fbd4d9796f8d9e08451dc34c7d4399,f82ceac6f8787ac22c378edc1f141cedcc86bf9309b43f1aff6633ae0a963abb,,,full,0.2,True
REIM (ACT + Detector + Recovery),1,8000043,metaworld,True,59,0.28142334099902655,0,0,0,0,0.1756892055273056,task_success_while_recovery_active_per_intervention,True,False,,5db0a8f9e6d6bd6ef5c15f040f9f154f255e36a365af820faa97ca3d60f4450f,8c503c07dc6dcdd904e948f14d270410c2fbd4d9796f8d9e08451dc34c7d4399,06d355d7aff3b944ab4199c02a94c63d062e5c414c0b195f7b232b607e0ab1ed,,,full,0.2,True
REIM (ACT + Detector + Recovery),2,8000044,metaworld,True,60,0.2828431419984554,0,0,0,0,0.14332593977451324,task_success_while_recovery_active_per_intervention,True,False,,a465539695523fa7de2784bf02081a919b5a3de9a14c98e511df211c298c1ee2,8c503c07dc6dcdd904e948f14d270410c2fbd4d9796f8d9e08451dc34c7d4399,f6a9ed9055e00c868d6771022c2c557a6a48990bdacbed585d07cde857d4755a,,,full,0.2,True
REIM (ACT + Detector + Recovery),3,8000045,metaworld,True,51,0.24001356199732982,0,0,0,0,0.19307976961135864,task_success_while_recovery_active_per_intervention,True,False,,126bd203ec38252825c8befe6f6198c98a7a024ba44c52618f3f3fe35078f4c6,8c503c07dc6dcdd904e948f14d270410c2fbd4d9796f8d9e08451dc34c7d4399,5d73f28d4d24cdbcb36a5e5cd61ec1a82f7287ce56d88da8cea912ed757b164c,,,full,0.2,True
REIM (ACT + Detector + Recovery),4,8000046,metaworld,True,49,0.13792431299953023,1,1,1,30,0.21089382469654083,task_success_while_recovery_active_per_intervention,True,False,,4170194bcfe3841a7cfb0c3b09b2aa25f522a2c3b5ff3eb10715d8fce8c039a3,8c503c07dc6dcdd904e948f14d270410c2fbd4d9796f8d9e08451dc34c7d4399,27e1ed8c670f23dae46752497e383610e58c248d638e3b9b707808a32ce33d4e,,,full,0.2,True
REIM (ACT + Detector + Recovery),5,8000047,metaworld,True,54,0.14289941099923453,1,1,1,37,0.21033425629138947,task_success_while_recovery_active_per_intervention,True,False,,9fa661de69328d26c027384cf31722da103cd753d557e7a172d987d52fbc4d0a,8c503c07dc6dcdd904e948f14d270410c2fbd4d9796f8d9e08451dc34c7d4399,38329c6b97bbe7d133bf007c22742dca5f0cd7258f8d7199135c6c2371ae591d,,,full,0.2,True
REIM (ACT + Detector + Recovery),6,8000048,metaworld,True,54,0.11340265099715907,1,1,1,46,0.3804723918437958,task_success_while_recovery_active_per_intervention,True,False,,9c84beaab136edd4c1632709ff45c174ec3c717d220eaf94b7d668ee34962c9a,8c503c07dc6dcdd904e948f14d270410c2fbd4d9796f8d9e08451dc34c7d4399,aba21ef1c98d0573e36116c9757115227fd3793cba96aea7eda95c2547314ca3,,,full,0.2,True
REIM (ACT + Detector + Recovery),7,8000049,metaworld,True,55,0.26001780300066457,0,0,0,0,0.12680180370807648,task_success_while_recovery_active_per_intervention,True,False,,97ec25208265f89d11873f30142175e1e9164935e3849bfb439c16f9d0e10bba,8c503c07dc6dcdd904e948f14d270410c2fbd4d9796f8d9e08451dc34c7d4399,4e97203f8ce1a96cef19545d4c4c300d0de39e4f94bd1941cef7ebc3dd48be02,,,full,0.2,True
REIM (ACT + Detector + Recovery),8,8000050,metaworld,False,200,0.4741390480012342,1,0,1,150,0.9475914239883423,task_success_while_recovery_active_per_intervention,False,True,timeout,8769fe32964b96f67dc224fb90afd6d8797de02464877632840a2ce91db8e4a8,8c503c07dc6dcdd904e948f14d270410c2fbd4d9796f8d9e08451dc34c7d4399,64ee837add19202e84553431fdab118462cf5265eeae19a4d044b5a6818f771d,,,full,0.2,True
REIM (ACT + Detector + Recovery),9,8000051,metaworld,True,56,0.2648013709986117,0,0,0,0,0.15803071856498718,task_success_while_recovery_active_per_intervention,True,False,,16fd46334c762cf781c8537208c1d9c4dd0181204c1ce7b3ac83d9e6d9d6f33e,8c503c07dc6dcdd904e948f14d270410c2fbd4d9796f8d9e08451dc34c7d4399,6cb8d983459a8e57d4ae53a86da2394015cabba2d7c306dcaf7b14af979ca230,,,full,0.2,True
REIM (ACT + Detector + Recovery),10,8000052,metaworld,True,55,0.12601194899980328,1,1,1,43,0.28402507305145264,task_success_while_recovery_active_per_intervention,True,False,,4f3fb14aa7e8db1e8ccb3ee0be823a18ee391b9a93de96be600c72195fb4d5b4,8c503c07dc6dcdd904e948f14d270410c2fbd4d9796f8d9e08451dc34c7d4399,504c23f653f6cdee9d659d9320b164606b319d4f0e9cdf0f3a87e2fc7a98160a,,,full,0.2,True
REIM (ACT + Detector + Recovery),11,8000053,metaworld,True,61,0.12258614299935289,1,1,1,53,0.361573189496994,task_success_while_recovery_active_per_intervention,True,False,,fe0db2c8aa66264f9560b08bdf6be0b6525e05ada642ed85cb141ac5e8f8069e,8c503c07dc6dcdd904e948f14d270410c2fbd4d9796f8d9e08451dc34c7d4399,06d355d7aff3b944ab4199c02a94c63d062e5c414c0b195f7b232b607e0ab1ed,,,full,0.2,True
REIM (ACT + Detector + Recovery),12,8000054,metaworld,False,200,0.4736944889991719,1,0,1,150,0.9953563809394836,task_success_while_recovery_active_per_intervention,False,True,object_dropped,fc927d94df69cca4afa4a7b379c8ccd356a7b601a898f93accdbe4b8522a04d9,8c503c07dc6dcdd904e948f14d270410c2fbd4d9796f8d9e08451dc34c7d4399,742509487aeb71d366f1ddafa1cb12db2f7cfefe17c4ca89c98cffb67c1c8619,,,full,0.2,True
REIM (ACT + Detector + Recovery),13,8000055,metaworld,True,62,0.13410262599791167,1,1,1,51,0.2671586573123932,task_success_while_recovery_active_per_intervention,True,False,,73ca07205929864fb3976db97eb251eee24217110ff234855314e16dbe73d3d7,8c503c07dc6dcdd904e948f14d270410c2fbd4d9796f8d9e08451dc34c7d4399,e216352c7f1c7392270c7c501bb599f2a46f420613a124fda0729ab88160cdf2,,,full,0.2,True
REIM (ACT + Detector + Recovery),14,8000056,metaworld,False,200,0.5118000649999885,1,0,1,137,0.9992792010307312,task_success_while_recovery_active_per_intervention,False,True,object_dropped,4e4f19233a2a1078e55fc938d6c8ed524bf6d2a6ce9ca238d59275317ff0403d,8c503c07dc6dcdd904e948f14d270410c2fbd4d9796f8d9e08451dc34c7d4399,64ee837add19202e84553431fdab118462cf5265eeae19a4d044b5a6818f771d,,,full,0.2,True
REIM (ACT + Detector + Recovery),15,8000057,metaworld,True,52,0.15513992699925439,1,1,1,29,0.22898957133293152,task_success_while_recovery_active_per_intervention,True,False,,0274b408db235c17f1e98c2ddbd68d882a533d73d6492a6500df3efa4ae8d250,8c503c07dc6dcdd904e948f14d270410c2fbd4d9796f8d9e08451dc34c7d4399,c40fedd273cade53989af8adc3ca66d02f2d92ca4d97b2f6391a0dd0ab6dbca3,,,full,0.2,True
REIM (ACT + Detector + Recovery),16,8000058,metaworld,True,56,0.11863038499723189,1,1,1,47,0.4400848150253296,task_success_while_recovery_active_per_intervention,True,False,,a899d69383c7ae5c5ba4c88e8fc1244e0ac8260f029d876042b44598980a0baa,8c503c07dc6dcdd904e948f14d270410c2fbd4d9796f8d9e08451dc34c7d4399,942fb6a87dc1e3eb7bf7bb111c97e7096138256b4a9a6b4c62a012fabe8bec38,,,full,0.2,True
REIM (ACT + Detector + Recovery),17,8000059,metaworld,True,57,0.12260570500075119,1,1,1,48,0.42254582047462463,task_success_while_recovery_active_per_intervention,True,False,,d0e880776b41e9a7346c3b47514d531d86d209be30e687fe00a4827c90b28aa7,8c503c07dc6dcdd904e948f14d270410c2fbd4d9796f8d9e08451dc34c7d4399,0f719f94ef165c0b816b8b10c3f4f5fcf802c9f5a25141035590310315749280,,,full,0.2,True
REIM (ACT + Detector + Recovery),18,8000060,metaworld,True,57,0.2704288280001492,0,0,0,0,0.1684080958366394,task_success_while_recovery_active_per_intervention,True,False,,2644e948ed889fe95e4fd4a6ed0788dc22ab06c85be67ed0b50d61b254adcf59,8c503c07dc6dcdd904e948f14d270410c2fbd4d9796f8d9e08451dc34c7d4399,b8e45a2f8f553d53c6eef0305347f910b9999bcae6df6ccaf0eaee6ac864e670,,,full,0.2,True
REIM (ACT + Detector + Recovery),19,8000061,metaworld,True,57,0.27032727200275986,0,0,0,0,0.11880413442850113,task_success_while_recovery_active_per_intervention,True,False,,443ac5e35a84ec38bb96c2d12c88ca78502179195d8a15b9f452d95e41514b52,8c503c07dc6dcdd904e948f14d270410c2fbd4d9796f8d9e08451dc34c7d4399,06d355d7aff3b944ab4199c02a94c63d062e5c414c0b195f7b232b607e0ab1ed,,,full,0.2,True
REIM (ACT + Detector + Recovery),20,8000062,metaworld,True,54,0.14097829000093043,1,1,1,37,0.24938024580478668,task_success_while_recovery_active_per_intervention,True,False,,c7d69573c4f76c60b75c060138d0756619c6361cd0935a166c3801181c86532e,8c503c07dc6dcdd904e948f14d270410c2fbd4d9796f8d9e08451dc34c7d4399,5e1df472084de78052388a34f03cad3de438ca9b5dc801b5759dd57c66a7482a,,,full,0.2,True
REIM (ACT + Detector + Recovery),21,8000063,metaworld,True,57,0.2729078960001061,0,0,0,0,0.15661534667015076,task_success_while_recovery_active_per_intervention,True,False,,5e6e40c9dbc4d50ece5f16d594e2390170fba4f858df63efa6a872b6c1e468c3,8c503c07dc6dcdd904e948f14d270410c2fbd4d9796f8d9e08451dc34c7d4399,0cda21f8ffacf0a1e40e7b0e858a8e2ddc276972106d4bced99d4404b4a13fd8,,,full,0.2,True
REIM (ACT + Detector + Recovery),22,8000064,metaworld,True,56,0.26743756599898916,0,0,0,0,0.172805517911911,task_success_while_recovery_active_per_intervention,True,False,,dc058a3aec13295017acb9e064e07c8d6e960eb272b3ac74f9d9fe4e1f91f705,8c503c07dc6dcdd904e948f14d270410c2fbd4d9796f8d9e08451dc34c7d4399,6cb8d983459a8e57d4ae53a86da2394015cabba2d7c306dcaf7b14af979ca230,,,full,0.2,True
REIM (ACT + Detector + Recovery),23,8000065,metaworld,True,64,0.1352075419999892,1,1,1,54,0.3613864481449127,task_success_while_recovery_active_per_intervention,True,False,,2468e85877d284d96fc63097ff010690ffa63ee3b783b18d988b43b9ef9e9fc4,8c503c07dc6dcdd904e948f14d270410c2fbd4d9796f8d9e08451dc34c7d4399,39001749c902e2ab9d015efb8c7644faffff99810b709d3203dc359d5eacdcbd,,,full,0.2,True
REIM (ACT + Detector + Recovery),24,8000066,metaworld,True,56,0.13228205400082516,1,1,1,44,0.24068307876586914,task_success_while_recovery_active_per_intervention,True,False,,c7b96f51ae8f4bd013faa30e9467a9ecae3ebf2ecc099f58b64e64f8347e02a1,8c503c07dc6dcdd904e948f14d270410c2fbd4d9796f8d9e08451dc34c7d4399,56b7f182edcfeefa9301e1edd53d7f36e4418de7e6df1b54b0f0c298cde1b3cd,,,full,0.2,True
REIM (ACT + Detector + Recovery),25,8000067,metaworld,True,63,0.12868103800065,1,1,1,55,0.2847028374671936,task_success_while_recovery_active_per_intervention,True,False,,004cd1697ce866365cc7c06636882e544c13fb2f5525a94b1b9455f9bfa9a362,8c503c07dc6dcdd904e948f14d270410c2fbd4d9796f8d9e08451dc34c7d4399,e216352c7f1c7392270c7c501bb599f2a46f420613a124fda0729ab88160cdf2,,,full,0.2,True
REIM (ACT + Detector + Recovery),26,8000068,metaworld,True,53,0.14970146199993906,1,1,1,33,0.2115011215209961,task_success_while_recovery_active_per_intervention,True,False,,fb23a0a15ce3dc647b991d0909df165243cf5426dd7af985baf3d5641ab978c1,8c503c07dc6dcdd904e948f14d270410c2fbd4d9796f8d9e08451dc34c7d4399,2eb279a724955c1a9d173681940490ec9cc8ed4fdc15a95533884a23d4ccdb4e,,,full,0.2,True
REIM (ACT + Detector + Recovery),27,8000069,metaworld,True,50,0.23871105500074918,0,0,0,0,0.1444644331932068,task_success_while_recovery_active_per_intervention,True,False,,60df108b1dd97283f8da38259cc00e3238603ee577d29e2551c6c45e234f67c6,8c503c07dc6dcdd904e948f14d270410c2fbd4d9796f8d9e08451dc34c7d4399,15a9adece7ebea14bdf37f5376e274c6dce4711281025cf35060933ba9ab8ad3,,,full,0.2,True
REIM (ACT + Detector + Recovery),28,8000070,metaworld,True,49,0.23223549199974514,0,0,0,0,0.1593252271413803,task_success_while_recovery_active_per_intervention,True,False,,bac2f948bde8d6e90aa580cfc8be1d500acbc6205c40221a57c64b0ff881e88f,8c503c07dc6dcdd904e948f14d270410c2fbd4d9796f8d9e08451dc34c7d4399,5d73f28d4d24cdbcb36a5e5cd61ec1a82f7287ce56d88da8cea912ed757b164c,,,full,0.2,True
REIM (ACT + Detector + Recovery),29,8000071,metaworld,True,52,0.15207694499986246,1,1,1,30,0.20522217452526093,task_success_while_recovery_active_per_intervention,True,False,,20be4c7a46c48debaec1c2e252e20f005acca36c32a102483a854c1b35859af9,8c503c07dc6dcdd904e948f14d270410c2fbd4d9796f8d9e08451dc34c7d4399,5e1df472084de78052388a34f03cad3de438ca9b5dc801b5759dd57c66a7482a,,,full,0.2,True
REIM (ACT + Detector + Recovery),30,8000072,metaworld,True,58,0.11480590900100651,1,1,1,51,0.500039279460907,task_success_while_recovery_active_per_intervention,True,False,,da4a80a3406a8aa9fab61844fce0359a15336c1049592f59f943fb62e2495797,8c503c07dc6dcdd904e948f14d270410c2fbd4d9796f8d9e08451dc34c7d4399,aba21ef1c98d0573e36116c9757115227fd3793cba96aea7eda95c2547314ca3,,,full,0.2,True
REIM (ACT + Detector + Recovery),31,8000073,metaworld,True,58,0.2762670900010562,0,0,0,0,0.16320697963237762,task_success_while_recovery_active_per_intervention,True,False,,4da9be26fa79b672a30c577b358fecdb4e205973320427b65c217bd53026afd7,8c503c07dc6dcdd904e948f14d270410c2fbd4d9796f8d9e08451dc34c7d4399,b8e45a2f8f553d53c6eef0305347f910b9999bcae6df6ccaf0eaee6ac864e670,,,full,0.2,True
REIM (ACT + Detector + Recovery),32,8000074,metaworld,True,58,0.11644401700323215,1,1,1,51,0.5682228207588196,task_success_while_recovery_active_per_intervention,True,False,,36a62bd222580c04aad46f87461657ffa1593e0a5681dc38570c863d18420546,8c503c07dc6dcdd904e948f14d270410c2fbd4d9796f8d9e08451dc34c7d4399,ba19e0623fe05add91e00811bacb33e27305f5fcb6549be6f6278ebce6046101,,,full,0.2,True
REIM (ACT + Detector + Recovery),33,8000075,metaworld,True,60,0.14257273300245288,1,1,1,45,0.3284986913204193,task_success_while_recovery_active_per_intervention,True,False,,1154e789c5513e3bb2e6881367a6b62dd738bcebb9dc85d38aaa1f0ddf8bedf2,8c503c07dc6dcdd904e948f14d270410c2fbd4d9796f8d9e08451dc34c7d4399,8a99d46d6d04afe3e2ef92bb607dde5e178b5c37506006c4f364e345976453b1,,,full,0.2,True
REIM (ACT + Detector + Recovery),34,8000076,metaworld,False,200,0.48151729199889814,1,0,1,149,0.9973580241203308,task_success_while_recovery_active_per_intervention,False,True,object_dropped,433ad95382b3c52ecdc5a79f751560a26743a56b007fb46ea99e04b58e2724c0,8c503c07dc6dcdd904e948f14d270410c2fbd4d9796f8d9e08451dc34c7d4399,4e97203f8ce1a96cef19545d4c4c300d0de39e4f94bd1941cef7ebc3dd48be02,,,full,0.2,True
REIM (ACT + Detector + Recovery),35,8000077,metaworld,True,62,0.1273437770032615,1,1,1,54,0.3847529888153076,task_success_while_recovery_active_per_intervention,True,False,,02a5a89c5dd2451b2217ed8eba4032c9201efb37e38f02b0cf030dd549b8d6a9,8c503c07dc6dcdd904e948f14d270410c2fbd4d9796f8d9e08451dc34c7d4399,06d355d7aff3b944ab4199c02a94c63d062e5c414c0b195f7b232b607e0ab1ed,,,full,0.2,True
REIM (ACT + Detector + Recovery),36,8000078,metaworld,True,60,0.12390434600092703,1,1,1,52,0.3003312349319458,task_success_while_recovery_active_per_intervention,True,False,,22b3b34a1aef225432a3fd84829ba466190fa1ba12ac14e7e20dd61f7249c69f,8c503c07dc6dcdd904e948f14d270410c2fbd4d9796f8d9e08451dc34c7d4399,39001749c902e2ab9d015efb8c7644faffff99810b709d3203dc359d5eacdcbd,,,full,0.2,True
REIM (ACT + Detector + Recovery),37,8000079,metaworld,True,61,0.14564722099748906,1,1,1,46,0.4247741401195526,task_success_while_recovery_active_per_intervention,True,False,,07fa6a4261d0585806cf03e3c9398380b2e60d65f4e688cc01c18a7160262694,8c503c07dc6dcdd904e948f14d270410c2fbd4d9796f8d9e08451dc34c7d4399,8a99d46d6d04afe3e2ef92bb607dde5e178b5c37506006c4f364e345976453b1,,,full,0.2,True
REIM (ACT + Detector + Recovery),38,8000080,metaworld,False,200,0.8316757479988155,1,0,1,39,0.7128151655197144,task_success_while_recovery_active_per_intervention,False,True,timeout,e2a7104cbdb91402bae7f29fdee8ce2826881cb1775044067eae5c1169e01160,8c503c07dc6dcdd904e948f14d270410c2fbd4d9796f8d9e08451dc34c7d4399,5d73f28d4d24cdbcb36a5e5cd61ec1a82f7287ce56d88da8cea912ed757b164c,,,full,0.2,True
REIM (ACT + Detector + Recovery),39,8000081,metaworld,True,60,0.2827476000020397,0,0,0,0,0.18542325496673584,task_success_while_recovery_active_per_intervention,True,False,,3b630c411d109f0c8489766d9daa1f5528f5877721e4e6813ea1ee1398490f00,8c503c07dc6dcdd904e948f14d270410c2fbd4d9796f8d9e08451dc34c7d4399,a8cfe6e2276fbd15230c5555255b87d17333bdd29f84f687df7405d0311fae7f,,,full,0.2,True
REIM (ACT + Detector + Recovery),40,8000082,metaworld,True,53,0.16217477900136146,1,1,1,29,0.2408224195241928,task_success_while_recovery_active_per_intervention,True,False,,03cd26d21dcb24e30ab212648f3dea212c394cb946b2ac94bb229e77506c4417,8c503c07dc6dcdd904e948f14d270410c2fbd4d9796f8d9e08451dc34c7d4399,f82ceac6f8787ac22c378edc1f141cedcc86bf9309b43f1aff6633ae0a963abb,,,full,0.2,True
REIM (ACT + Detector + Recovery),41,8000083,metaworld,True,59,0.2827102829978685,0,0,0,0,0.13154928386211395,task_success_while_recovery_active_per_intervention,True,False,,445b54820c006dd7a5c46b3f4824df2608016ab376cca782546d503a96b49bbb,8c503c07dc6dcdd904e948f14d270410c2fbd4d9796f8d9e08451dc34c7d4399,4e97203f8ce1a96cef19545d4c4c300d0de39e4f94bd1941cef7ebc3dd48be02,,,full,0.2,True
REIM (ACT + Detector + Recovery),42,8000084,metaworld,False,200,0.4913654789997963,1,0,1,146,0.988223135471344,task_success_while_recovery_active_per_intervention,False,True,timeout,00544922f8d22cdb19acb1a83062d6c6953731238069f15c1aba4405db6bbcb0,8c503c07dc6dcdd904e948f14d270410c2fbd4d9796f8d9e08451dc34c7d4399,5d73f28d4d24cdbcb36a5e5cd61ec1a82f7287ce56d88da8cea912ed757b164c,,,full,0.2,True
REIM (ACT + Detector + Recovery),43,8000085,metaworld,True,58,0.12162855800124817,1,1,1,49,0.27620041370391846,task_success_while_recovery_active_per_intervention,True,False,,924b952ec037139bf8a6ecc872bb49ef7e104dc13554ec0de8604bfd1270ae2e,8c503c07dc6dcdd904e948f14d270410c2fbd4d9796f8d9e08451dc34c7d4399,aba21ef1c98d0573e36116c9757115227fd3793cba96aea7eda95c2547314ca3,,,full,0.2,True
REIM (ACT + Detector + Recovery),44,8000086,metaworld,True,50,0.12273010299759335,1,1,1,37,0.3244590163230896,task_success_while_recovery_active_per_intervention,True,False,,0b2fd969d7a30a9ea70bcc57ae43e9dbde135754384f8a1c1fda98c63590f2bd,8c503c07dc6dcdd904e948f14d270410c2fbd4d9796f8d9e08451dc34c7d4399,27e1ed8c670f23dae46752497e383610e58c248d638e3b9b707808a32ce33d4e,,,full,0.2,True
REIM (ACT + Detector + Recovery),45,8000087,metaworld,True,57,0.12215065900090849,1,1,1,48,0.34054508805274963,task_success_while_recovery_active_per_intervention,True,False,,6a12ab6fb500f57e437123fd7babdf9672a62cddc0cb86b9376ed02ab126a2ee,8c503c07dc6dcdd904e948f14d270410c2fbd4d9796f8d9e08451dc34c7d4399,ba19e0623fe05add91e00811bacb33e27305f5fcb6549be6f6278ebce6046101,,,full,0.2,True
REIM (ACT + Detector + Recovery),46,8000088,metaworld,True,62,0.13523106700085918,1,1,1,52,0.2140459418296814,task_success_while_recovery_active_per_intervention,True,False,,5edaf61ae02143431983521542fa523523b183eddc6c6df6b9bbfce21a1532ad,8c503c07dc6dcdd904e948f14d270410c2fbd4d9796f8d9e08451dc34c7d4399,e216352c7f1c7392270c7c501bb599f2a46f420613a124fda0729ab88160cdf2,,,full,0.2,True
REIM (ACT + Detector + Recovery),47,8000089,metaworld,True,53,0.15950240500023938,1,1,1,30,0.23590801656246185,task_success_while_recovery_active_per_intervention,True,False,,c1ab7fc45de2ecf404c3cd591d84c96bd1062b994a51b2a01e940e0018657fee,8c503c07dc6dcdd904e948f14d270410c2fbd4d9796f8d9e08451dc34c7d4399,f82ceac6f8787ac22c378edc1f141cedcc86bf9309b43f1aff6633ae0a963abb,,,full,0.2,True
REIM (ACT + Detector + Recovery),48,8000090,metaworld,True,60,0.2886552109994227,0,0,0,0,0.1756661832332611,task_success_while_recovery_active_per_intervention,True,False,,dfb345b4d2d255f18d997c82b851d4dc26bbbfcce8e6d31a2e7f1c5fdf7e7d6f,8c503c07dc6dcdd904e948f14d270410c2fbd4d9796f8d9e08451dc34c7d4399,b8e45a2f8f553d53c6eef0305347f910b9999bcae6df6ccaf0eaee6ac864e670,,,full,0.2,True
REIM (ACT + Detector + Recovery),49,8000091,metaworld,True,50,0.2429474009986734,0,0,0,0,0.184936985373497,task_success_while_recovery_active_per_intervention,True,False,,e5779ad13c5e4e1056ef6f9bd6643be7c2921ad2ad377b4830503ce222a0aebe,8c503c07dc6dcdd904e948f14d270410c2fbd4d9796f8d9e08451dc34c7d4399,c40fedd273cade53989af8adc3ca66d02f2d92ca4d97b2f6391a0dd0ab6dbca3,,,full,0.2,True
REIM (ACT + Detector + Recovery),50,8000092,metaworld,True,58,0.2789528180001071,0,0,0,0,0.1329340636730194,task_success_while_recovery_active_per_intervention,True,False,,0187525f347697417ad051e27f4cd38a55d41354c0180527d311e0a48208a098,8c503c07dc6dcdd904e948f14d270410c2fbd4d9796f8d9e08451dc34c7d4399,48ce9609a38b32e56f7e6a43ffef71c21c8b1d17ed5a63d47701bc1dfc3ff271,,,full,0.2,True
REIM (ACT + Detector + Recovery),51,8000093,metaworld,True,51,0.2426448709993565,0,0,0,0,0.1674814224243164,task_success_while_recovery_active_per_intervention,True,False,,6160f8edb60468986e845d9121f5cf54a8aac9e91aac546ba63e6b6b3b31708b,8c503c07dc6dcdd904e948f14d270410c2fbd4d9796f8d9e08451dc34c7d4399,2ad5907877cc42b4447b9630988e3a1f0da0d83e1f696f71e22dc69905e631b6,,,full,0.2,True
REIM (ACT + Detector + Recovery),52,8000094,metaworld,True,57,0.1867124780001177,1,1,1,27,0.29970991611480713,task_success_while_recovery_active_per_intervention,True,False,,5bae5ed20e5f9c5098fa2f109ab750f522add63f7f2f1e2b244c9493da411da6,8c503c07dc6dcdd904e948f14d270410c2fbd4d9796f8d9e08451dc34c7d4399,8a99d46d6d04afe3e2ef92bb607dde5e178b5c37506006c4f364e345976453b1,,,full,0.2,True
REIM (ACT + Detector + Recovery),53,8000095,metaworld,True,56,0.18178951499794493,1,1,1,27,0.23626448214054108,task_success_while_recovery_active_per_intervention,True,False,,dad88b69dcd17e4ae9c59f7275773c36e667ce6dd2e3b0b9cd4ec6ddcc263a8e,8c503c07dc6dcdd904e948f14d270410c2fbd4d9796f8d9e08451dc34c7d4399,942fb6a87dc1e3eb7bf7bb111c97e7096138256b4a9a6b4c62a012fabe8bec38,,,full,0.2,True
REIM (ACT + Detector + Recovery),54,8000096,metaworld,False,200,0.49827695599742583,1,0,1,144,0.9974225759506226,task_success_while_recovery_active_per_intervention,False,True,object_dropped,e32b8da9f59f35a5bff67b0dcfd186e1ea2bdc555390d21ab245e637374b7438,8c503c07dc6dcdd904e948f14d270410c2fbd4d9796f8d9e08451dc34c7d4399,4e97203f8ce1a96cef19545d4c4c300d0de39e4f94bd1941cef7ebc3dd48be02,,,full,0.2,True
REIM (ACT + Detector + Recovery),55,8000097,metaworld,True,52,0.2543574939991231,0,0,0,0,0.10913034528493881,task_success_while_recovery_active_per_intervention,True,False,,e2fe0a23b629980b7977ff966fac25c327e2c86beede181e5caa131615d10ff1,8c503c07dc6dcdd904e948f14d270410c2fbd4d9796f8d9e08451dc34c7d4399,742509487aeb71d366f1ddafa1cb12db2f7cfefe17c4ca89c98cffb67c1c8619,,,full,0.2,True
REIM (ACT + Detector + Recovery),56,8000098,metaworld,True,52,0.15663704999678885,1,1,1,29,0.2124583125114441,task_success_while_recovery_active_per_intervention,True,False,,160976d0415295ba619332c08ed3352136d2a533ff2f491491a49e2348970c06,8c503c07dc6dcdd904e948f14d270410c2fbd4d9796f8d9e08451dc34c7d4399,08a97a6dfa17f78b5cc5b1351d60038e4a40a68fc93722672482714333b1d9b5,,,full,0.2,True
REIM (ACT + Detector + Recovery),57,8000099,metaworld,True,55,0.11535420799918938,1,1,1,48,0.36806952953338623,task_success_while_recovery_active_per_intervention,True,False,,d6afb88d82f5aff8e8c841880adbb5c352b59aa106342da93075e364a75ebf1d,8c503c07dc6dcdd904e948f14d270410c2fbd4d9796f8d9e08451dc34c7d4399,35203d16cfa98b5f2e002fcb1ffde2400abf9459c161f6a289efa0c46eddb36f,,,full,0.2,True
REIM (ACT + Detector + Recovery),58,8000100,metaworld,True,59,0.17059321800115868,1,1,1,38,0.2665705680847168,task_success_while_recovery_active_per_intervention,True,False,,cf65b1e17cfaf490e49b7002bfa28326afa980b2692d0d744df608b2124fdde0,8c503c07dc6dcdd904e948f14d270410c2fbd4d9796f8d9e08451dc34c7d4399,64ee837add19202e84553431fdab118462cf5265eeae19a4d044b5a6818f771d,,,full,0.2,True
REIM (ACT + Detector + Recovery),59,8000101,metaworld,True,64,0.14011950999702094,1,1,1,56,0.45324021577835083,task_success_while_recovery_active_per_intervention,True,False,,b2f6ec852f1ecfd961eae67fc9cc2019462e3d5a70e11f0f90a41222646901f0,8c503c07dc6dcdd904e948f14d270410c2fbd4d9796f8d9e08451dc34c7d4399,06d355d7aff3b944ab4199c02a94c63d062e5c414c0b195f7b232b607e0ab1ed,,,full,0.2,True
REIM (ACT + Detector + Recovery),60,8000102,metaworld,True,50,0.14469880000251578,1,1,1,33,0.3556217551231384,task_success_while_recovery_active_per_intervention,True,False,,6979123f4789d9c0ff0d1ef23eb30c83fbe89b85fe610f2747696f569caaec5c,8c503c07dc6dcdd904e948f14d270410c2fbd4d9796f8d9e08451dc34c7d4399,08a97a6dfa17f78b5cc5b1351d60038e4a40a68fc93722672482714333b1d9b5,,,full,0.2,True
REIM (ACT + Detector + Recovery),61,8000103,metaworld,True,57,0.13178110499939066,1,1,1,47,0.23453374207019806,task_success_while_recovery_active_per_intervention,True,False,,84809919ce53a28565bcb1b3352a068db79cd9cca30093d0fe7d45e781a0ee0a,8c503c07dc6dcdd904e948f14d270410c2fbd4d9796f8d9e08451dc34c7d4399,0f719f94ef165c0b816b8b10c3f4f5fcf802c9f5a25141035590310315749280,,,full,0.2,True
REIM (ACT + Detector + Recovery),62,8000104,metaworld,True,54,0.1211035960004665,1,1,1,45,0.24014593660831451,task_success_while_recovery_active_per_intervention,True,False,,81af240b8647e3487bb24605abfb9d9a128354e089f7b7e4e6e8921c61232f83,8c503c07dc6dcdd904e948f14d270410c2fbd4d9796f8d9e08451dc34c7d4399,35203d16cfa98b5f2e002fcb1ffde2400abf9459c161f6a289efa0c46eddb36f,,,full,0.2,True
REIM (ACT + Detector + Recovery),63,8000105,metaworld,True,58,0.2973351399996318,0,0,0,0,0.1362585872411728,task_success_while_recovery_active_per_intervention,True,False,,32e8a2e68343de7c8a957571f30c3a503d19bf150a05d5358a16a71060aa6c16,8c503c07dc6dcdd904e948f14d270410c2fbd4d9796f8d9e08451dc34c7d4399,4e97203f8ce1a96cef19545d4c4c300d0de39e4f94bd1941cef7ebc3dd48be02,,,full,0.2,True
REIM (ACT + Detector + Recovery),64,8000106,metaworld,True,58,0.2916768040013267,0,0,0,0,0.13302692770957947,task_success_while_recovery_active_per_intervention,True,False,,7c8dfcd78c17b150edbd77c03c52794423861adba685a782107b4807a039704c,8c503c07dc6dcdd904e948f14d270410c2fbd4d9796f8d9e08451dc34c7d4399,06d355d7aff3b944ab4199c02a94c63d062e5c414c0b195f7b232b607e0ab1ed,,,full,0.2,True
REIM (ACT + Detector + Recovery),65,8000107,metaworld,True,61,0.14820333299940103,1,1,1,48,0.2796338200569153,task_success_while_recovery_active_per_intervention,True,False,,034e6f8edd9e32919aa5bfd6a8f57cead5bd384952f6164c27c2902cbd71a6fa,8c503c07dc6dcdd904e948f14d270410c2fbd4d9796f8d9e08451dc34c7d4399,0cda21f8ffacf0a1e40e7b0e858a8e2ddc276972106d4bced99d4404b4a13fd8,,,full,0.2,True
REIM (ACT + Detector + Recovery),66,8000108,metaworld,True,51,0.2573038999980781,0,0,0,0,0.1757526844739914,task_success_while_recovery_active_per_intervention,True,False,,fc854c85b8f3930786925bf59b1650d812d507443b891597f9bfe5a5c208af7e,8c503c07dc6dcdd904e948f14d270410c2fbd4d9796f8d9e08451dc34c7d4399,2ad5907877cc42b4447b9630988e3a1f0da0d83e1f696f71e22dc69905e631b6,,,full,0.2,True
REIM (ACT + Detector + Recovery),67,8000109,metaworld,True,58,0.2980700189982599,0,0,0,0,0.15356753766536713,task_success_while_recovery_active_per_intervention,True,False,,8d702f48e913c9ca4da97bb2ee29c7323de2670806cd815bd82577380575d48a,8c503c07dc6dcdd904e948f14d270410c2fbd4d9796f8d9e08451dc34c7d4399,a8cfe6e2276fbd15230c5555255b87d17333bdd29f84f687df7405d0311fae7f,,,full,0.2,True
REIM (ACT + Detector + Recovery),68,8000110,metaworld,True,56,0.12967867300176295,1,1,1,46,0.3282012641429901,task_success_while_recovery_active_per_intervention,True,False,,6ad4d11e1b113511ef59e39f620bd6fb9897dbbe32f024747d1a17ac5d57bf49,8c503c07dc6dcdd904e948f14d270410c2fbd4d9796f8d9e08451dc34c7d4399,0f719f94ef165c0b816b8b10c3f4f5fcf802c9f5a25141035590310315749280,,,full,0.2,True
REIM (ACT + Detector + Recovery),69,8000111,metaworld,True,61,0.13752574099999038,1,1,1,51,0.29388299584388733,task_success_while_recovery_active_per_intervention,True,False,,5669bd18266d523b66bcd3e91e8922f8f98da898ad4a5b7ccc276a19d7f9dc91,8c503c07dc6dcdd904e948f14d270410c2fbd4d9796f8d9e08451dc34c7d4399,3183afb500ebb9a5af177cccb5b5889a8321eb35261f8ec571269f8b5ed9cd1a,,,full,0.2,True
REIM (ACT + Detector + Recovery),70,8000112,metaworld,True,58,0.28876416999992216,0,0,0,0,0.09744438529014587,task_success_while_recovery_active_per_intervention,True,False,,0e65ce13b3121b6c798a76e6298f8de8fd5eccb06fe6f5dac1b24f759cc29588,8c503c07dc6dcdd904e948f14d270410c2fbd4d9796f8d9e08451dc34c7d4399,a8cfe6e2276fbd15230c5555255b87d17333bdd29f84f687df7405d0311fae7f,,,full,0.2,True
REIM (ACT + Detector + Recovery),71,8000113,metaworld,True,57,0.1590426100010518,1,1,1,39,0.3128727674484253,task_success_while_recovery_active_per_intervention,True,False,,11294e3f352dee934c5574151f1e37b1f24f4b9f3b47fe10e5b886c51d70a676,8c503c07dc6dcdd904e948f14d270410c2fbd4d9796f8d9e08451dc34c7d4399,f82ceac6f8787ac22c378edc1f141cedcc86bf9309b43f1aff6633ae0a963abb,,,full,0.2,True
REIM (ACT + Detector + Recovery),72,8000114,metaworld,True,48,0.24935850499969092,0,0,0,0,0.187981516122818,task_success_while_recovery_active_per_intervention,True,False,,ddb80678b6ad6ee1a6cbb53813f7c62bab4a3b4c7635bf8b5fcfd7e03dd0fe23,8c503c07dc6dcdd904e948f14d270410c2fbd4d9796f8d9e08451dc34c7d4399,e6e55bdbd77dc052facbc072d20b08a21d116978c37627b9a3d9dc7989dfbe62,,,full,0.2,True
REIM (ACT + Detector + Recovery),73,8000115,metaworld,True,61,0.3358033219992649,0,0,0,0,0.14462673664093018,task_success_while_recovery_active_per_intervention,True,False,,06066075c1bee718dc37cb57cbb342bcd1179c8bfdd2d8f56d2d4d0de8079d2e,8c503c07dc6dcdd904e948f14d270410c2fbd4d9796f8d9e08451dc34c7d4399,1c856fdcb5da12c3fa2d15b38741aa980fa3a47e64fb99f8635817590128f9ea,,,full,0.2,True
REIM (ACT + Detector + Recovery),74,8000116,metaworld,True,50,0.15270829099972616,1,1,1,35,0.22764749825000763,task_success_while_recovery_active_per_intervention,True,False,,d164eabf2d9f406a91dd06c767dfff1599b4a570c40f557bfbd78b64cf625794,8c503c07dc6dcdd904e948f14d270410c2fbd4d9796f8d9e08451dc34c7d4399,27e1ed8c670f23dae46752497e383610e58c248d638e3b9b707808a32ce33d4e,,,full,0.2,True
REIM (ACT + Detector + Recovery),75,8000117,metaworld,True,59,0.14700864200131036,1,1,1,50,0.35433053970336914,task_success_while_recovery_active_per_intervention,True,False,,649901a9bca53a75d48164a1726be3ca3166f47904e86bb0e74e4a39ea35d093,8c503c07dc6dcdd904e948f14d270410c2fbd4d9796f8d9e08451dc34c7d4399,3183afb500ebb9a5af177cccb5b5889a8321eb35261f8ec571269f8b5ed9cd1a,,,full,0.2,True
REIM (ACT + Detector + Recovery),76,8000118,metaworld,True,55,0.20942187100081355,1,1,1,25,0.20650707185268402,task_success_while_recovery_active_per_intervention,True,False,,53509cf568a46a011aa4689ecffbf91d5369ac34567c5d45039ea1c70544dc7c,8c503c07dc6dcdd904e948f14d270410c2fbd4d9796f8d9e08451dc34c7d4399,acfaed29b052207b47b4b7fa76672795fd08de3add8565db05f141de82ece90b,,,full,0.2,True
REIM (ACT + Detector + Recovery),77,8000119,metaworld,True,54,0.296190615001251,0,0,0,0,0.18549367785453796,task_success_while_recovery_active_per_intervention,True,False,,a4fac0771631f2d248f1bd4894ac3b6eec7d2a8a8843adc521698c46814b76fe,8c503c07dc6dcdd904e948f14d270410c2fbd4d9796f8d9e08451dc34c7d4399,7c3391ee418e26d47c002810bc00065e4dd0b6728c969d2338ad549ad01ebb0a,,,full,0.2,True
REIM (ACT + Detector + Recovery),78,8000120,metaworld,True,54,0.30845821700131637,0,0,0,0,0.1858866661787033,task_success_while_recovery_active_per_intervention,True,False,,ec01291b887a6da8ed70ca6444d82694267916f363ced9ef25dbf0fb430256a0,8c503c07dc6dcdd904e948f14d270410c2fbd4d9796f8d9e08451dc34c7d4399,64ee837add19202e84553431fdab118462cf5265eeae19a4d044b5a6818f771d,,,full,0.2,True
REIM (ACT + Detector + Recovery),79,8000121,metaworld,True,59,0.22042594899903634,1,1,1,29,0.20524846017360687,task_success_while_recovery_active_per_intervention,True,False,,148c040c8dde2ddd0d7b9cfbfea068e1466c10b5af103bb0ffe9e41462569266,8c503c07dc6dcdd904e948f14d270410c2fbd4d9796f8d9e08451dc34c7d4399,25805a097f1f4b8c203ec3c130dcd3e66b5fb3ad298114a08662aae6c86fa673,,,full,0.2,True
REIM (ACT + Detector + Recovery),80,8000122,metaworld,True,57,0.17187148599987268,1,1,1,39,0.3478197455406189,task_success_while_recovery_active_per_intervention,True,False,,4205e5508577e9439acfcbe7a3354c222eb1855555fd776739ba2f0ca257bd96,8c503c07dc6dcdd904e948f14d270410c2fbd4d9796f8d9e08451dc34c7d4399,2eb279a724955c1a9d173681940490ec9cc8ed4fdc15a95533884a23d4ccdb4e,,,full,0.2,True
REIM (ACT + Detector + Recovery),81,8000123,metaworld,True,56,0.3294301199966867,0,0,0,0,0.15601161122322083,task_success_while_recovery_active_per_intervention,True,False,,7967450762ddf8c1b9255bca1913c691c11e144442e413a7649b70dbf92793f7,8c503c07dc6dcdd904e948f14d270410c2fbd4d9796f8d9e08451dc34c7d4399,25805a097f1f4b8c203ec3c130dcd3e66b5fb3ad298114a08662aae6c86fa673,,,full,0.2,True
REIM (ACT + Detector + Recovery),82,8000124,metaworld,True,53,0.13260612600060995,1,1,1,46,0.4304761290550232,task_success_while_recovery_active_per_intervention,True,False,,11b263f2c0155df4470e53736bbe94ef82a4b17ecd11a12f786c4e8947d2e84e,8c503c07dc6dcdd904e948f14d270410c2fbd4d9796f8d9e08451dc34c7d4399,bb2c6b1aed959fa3ddddb1c215ce67cbb5b0ec080eb65fb58e06b7776849a096,,,full,0.2,True
REIM (ACT + Detector + Recovery),83,8000125,metaworld,True,50,0.32026871900234255,0,0,0,0,0.19060920178890228,task_success_while_recovery_active_per_intervention,True,False,,fcb89244acada579319d61021d3ad136961f17641ffe4d08fd75037465a17b0d,8c503c07dc6dcdd904e948f14d270410c2fbd4d9796f8d9e08451dc34c7d4399,08a97a6dfa17f78b5cc5b1351d60038e4a40a68fc93722672482714333b1d9b5,,,full,0.2,True
REIM (ACT + Detector + Recovery),84,8000126,metaworld,True,56,0.3264858729999105,0,0,0,0,0.11904693394899368,task_success_while_recovery_active_per_intervention,True,False,,26061e13fab6f25c73460040db432b1976348dd4675e5c2d1fb5c4d7d8e97056,8c503c07dc6dcdd904e948f14d270410c2fbd4d9796f8d9e08451dc34c7d4399,25805a097f1f4b8c203ec3c130dcd3e66b5fb3ad298114a08662aae6c86fa673,,,full,0.2,True
REIM (ACT + Detector + Recovery),85,8000127,metaworld,True,59,0.3393934849991638,0,0,0,0,0.17405183613300323,task_success_while_recovery_active_per_intervention,True,False,,dc5a5b439ff547e06b4e93c9795b1110bd9a5b38dd1159a444f62d4450800785,8c503c07dc6dcdd904e948f14d270410c2fbd4d9796f8d9e08451dc34c7d4399,1c856fdcb5da12c3fa2d15b38741aa980fa3a47e64fb99f8635817590128f9ea,,,full,0.2,True
REIM (ACT + Detector + Recovery),86,8000128,metaworld,True,57,0.16085433400076,1,1,1,45,0.2830156087875366,task_success_while_recovery_active_per_intervention,True,False,,380467ac86e628c4af1fb5958c2bd879e33d3af7f70d69a1bc2034d5ebfcdb6c,8c503c07dc6dcdd904e948f14d270410c2fbd4d9796f8d9e08451dc34c7d4399,5e1df472084de78052388a34f03cad3de438ca9b5dc801b5759dd57c66a7482a,,,full,0.2,True
REIM (ACT + Detector + Recovery),87,8000129,metaworld,True,59,0.34244293400115566,0,0,0,0,0.18339242041110992,task_success_while_recovery_active_per_intervention,True,False,,6fd64fed90e7d4372e717b1ca2b89a84c801b3fdd729c102aff93b53dcf21269,8c503c07dc6dcdd904e948f14d270410c2fbd4d9796f8d9e08451dc34c7d4399,1c856fdcb5da12c3fa2d15b38741aa980fa3a47e64fb99f8635817590128f9ea,,,full,0.2,True
REIM (ACT + Detector + Recovery),88,8000130,metaworld,True,55,0.21370295700035058,1,1,1,27,0.27336227893829346,task_success_while_recovery_active_per_intervention,True,False,,11e5f19d8b8962b9ed1e8b42e8e43b1a30f3f5f6577449ee22916843a5998229,8c503c07dc6dcdd904e948f14d270410c2fbd4d9796f8d9e08451dc34c7d4399,942fb6a87dc1e3eb7bf7bb111c97e7096138256b4a9a6b4c62a012fabe8bec38,,,full,0.2,True
REIM (ACT + Detector + Recovery),89,8000131,metaworld,True,58,0.14993964800305548,1,1,1,49,0.4571481943130493,task_success_while_recovery_active_per_intervention,True,False,,bb06790d587640bac71c02af660fd26cc7048f338fb8cf1cfa4baecb56853868,8c503c07dc6dcdd904e948f14d270410c2fbd4d9796f8d9e08451dc34c7d4399,0f719f94ef165c0b816b8b10c3f4f5fcf802c9f5a25141035590310315749280,,,full,0.2,True
REIM (ACT + Detector + Recovery),90,8000132,metaworld,True,53,0.30729753299965523,0,0,0,0,0.19508738815784454,task_success_while_recovery_active_per_intervention,True,False,,a615edfd7dc38255c3dafbb55b7811b70ce1699c1aabd8c70b22d3e05631e264,8c503c07dc6dcdd904e948f14d270410c2fbd4d9796f8d9e08451dc34c7d4399,c40fedd273cade53989af8adc3ca66d02f2d92ca4d97b2f6391a0dd0ab6dbca3,,,full,0.2,True
REIM (ACT + Detector + Recovery),91,8000133,metaworld,True,55,0.1777102069972898,1,1,1,38,0.21295075118541718,task_success_while_recovery_active_per_intervention,True,False,,f81156c2cdfb1c41e9b1f56d9fed85da97559f4a3f699a42dea976d59538252f,8c503c07dc6dcdd904e948f14d270410c2fbd4d9796f8d9e08451dc34c7d4399,38329c6b97bbe7d133bf007c22742dca5f0cd7258f8d7199135c6c2371ae591d,,,full,0.2,True
REIM (ACT + Detector + Recovery),92,8000134,metaworld,True,58,0.3206992999985232,0,0,0,0,0.13667085766792297,task_success_while_recovery_active_per_intervention,True,False,,b26162d8032ac6168826bcba51cd31aa177a6b45bdaaba22dcb55856813df307,8c503c07dc6dcdd904e948f14d270410c2fbd4d9796f8d9e08451dc34c7d4399,48ce9609a38b32e56f7e6a43ffef71c21c8b1d17ed5a63d47701bc1dfc3ff271,,,full,0.2,True
REIM (ACT + Detector + Recovery),93,8000135,metaworld,True,64,0.344240238002385,0,0,0,0,0.11502934247255325,task_success_while_recovery_active_per_intervention,True,False,,8f6de0b1c3ee994e2dc002d5fbadbc6c63fa2100ba2a99e74a5d8fbde6e28946,8c503c07dc6dcdd904e948f14d270410c2fbd4d9796f8d9e08451dc34c7d4399,48ce9609a38b32e56f7e6a43ffef71c21c8b1d17ed5a63d47701bc1dfc3ff271,,,full,0.2,True
REIM (ACT + Detector + Recovery),94,8000136,metaworld,True,52,0.1246242910019646,1,1,1,45,0.38839542865753174,task_success_while_recovery_active_per_intervention,True,False,,dc7d73319dae71a252328b45b3677ee8d53589d89c3d0bd9d13fe3e27987f8cb,8c503c07dc6dcdd904e948f14d270410c2fbd4d9796f8d9e08451dc34c7d4399,bb2c6b1aed959fa3ddddb1c215ce67cbb5b0ec080eb65fb58e06b7776849a096,,,full,0.2,True
REIM (ACT + Detector + Recovery),95,8000137,metaworld,True,50,0.15324064699962037,1,1,1,32,0.26263338327407837,task_success_while_recovery_active_per_intervention,True,False,,63a3a9b845d47aa96669257d0a57025ac2597f5d3ca4870c876919bc14aa59e2,8c503c07dc6dcdd904e948f14d270410c2fbd4d9796f8d9e08451dc34c7d4399,27e1ed8c670f23dae46752497e383610e58c248d638e3b9b707808a32ce33d4e,,,full,0.2,True
REIM (ACT + Detector + Recovery),96,8000138,metaworld,True,52,0.27866163999715354,0,0,0,0,0.19611749053001404,task_success_while_recovery_active_per_intervention,True,False,,cc593aa9a4572450ddb2a40c42d79377909769fea195ea73920d8b05256642a3,8c503c07dc6dcdd904e948f14d270410c2fbd4d9796f8d9e08451dc34c7d4399,08a97a6dfa17f78b5cc5b1351d60038e4a40a68fc93722672482714333b1d9b5,,,full,0.2,True
REIM (ACT + Detector + Recovery),97,8000139,metaworld,True,60,0.18052702199929627,1,1,1,41,0.2206435352563858,task_success_while_recovery_active_per_intervention,True,False,,8b208accdadbaa7aa6770da9a5e0b33b86b52082e1117a01d6d9c7b56a8b649c,8c503c07dc6dcdd904e948f14d270410c2fbd4d9796f8d9e08451dc34c7d4399,b8e45a2f8f553d53c6eef0305347f910b9999bcae6df6ccaf0eaee6ac864e670,,,full,0.2,True
REIM (ACT + Detector + Recovery),98,8000140,metaworld,True,54,0.2023365120003291,1,1,1,26,0.21707956492900848,task_success_while_recovery_active_per_intervention,True,False,,8af51917bdea956dcdd16ed0b1b01e2a1cc95729aa0c5c7f5c25b84bb5df7ec1,8c503c07dc6dcdd904e948f14d270410c2fbd4d9796f8d9e08451dc34c7d4399,f82ceac6f8787ac22c378edc1f141cedcc86bf9309b43f1aff6633ae0a963abb,,,full,0.2,True
REIM (ACT + Detector + Recovery),99,8000141,metaworld,True,56,0.19182324500070536,1,1,1,30,0.23406682908535004,task_success_while_recovery_active_per_intervention,True,False,,f999583bbc128eaf766aa3bad7d98a1a429f79b42c0d42bec76a1976192da45d,8c503c07dc6dcdd904e948f14d270410c2fbd4d9796f8d9e08451dc34c7d4399,f82ceac6f8787ac22c378edc1f141cedcc86bf9309b43f1aff6633ae0a963abb,,,full,0.2,True
REIM (ACT + Detector + Recovery),100,8000142,metaworld,False,200,0.5940983299988147,1,0,1,133,0.9937785267829895,task_success_while_recovery_active_per_intervention,False,True,object_dropped,e27526cb2517ae4f68fb82dea49b36ee0627873a67f0bd08d44231489adfaa01,8c503c07dc6dcdd904e948f14d270410c2fbd4d9796f8d9e08451dc34c7d4399,e216352c7f1c7392270c7c501bb599f2a46f420613a124fda0729ab88160cdf2,,,full,0.2,True
REIM (ACT + Detector + Recovery),101,8000143,metaworld,True,56,0.13031388300078106,1,1,1,48,0.29322654008865356,task_success_while_recovery_active_per_intervention,True,False,,428818778ba61c14190210330e727c3cbe1237e2f980818c0c0d21ed52127311,8c503c07dc6dcdd904e948f14d270410c2fbd4d9796f8d9e08451dc34c7d4399,35203d16cfa98b5f2e002fcb1ffde2400abf9459c161f6a289efa0c46eddb36f,,,full,0.2,True
REIM (ACT + Detector + Recovery),102,8000144,metaworld,True,51,0.14505387600001995,1,1,1,36,0.3535209596157074,task_success_while_recovery_active_per_intervention,True,False,,3f94814fb424506afbb979e6f5dfaafcc3144168d2f098a950bc971ff3a0b7e6,8c503c07dc6dcdd904e948f14d270410c2fbd4d9796f8d9e08451dc34c7d4399,504c23f653f6cdee9d659d9320b164606b319d4f0e9cdf0f3a87e2fc7a98160a,,,full,0.2,True
REIM (ACT + Detector + Recovery),103,8000145,metaworld,True,58,0.3047360040000058,0,0,0,0,0.1469237357378006,task_success_while_recovery_active_per_intervention,True,False,,a0ed016bbbc04406ce5a755d07e2c624fe57cb840607e1c9fc28457daf5e6e95,8c503c07dc6dcdd904e948f14d270410c2fbd4d9796f8d9e08451dc34c7d4399,a0b103bf3e43f4aa92753185301eba5e2e31594285004b99f51a59b33bd2d620,,,full,0.2,True
REIM (ACT + Detector + Recovery),104,8000146,metaworld,True,55,0.2916431859994191,0,0,0,0,0.13029398024082184,task_success_while_recovery_active_per_intervention,True,False,,8dbf347fc874c915b5cce2e8e011aec4062fc699a861342c0bce653794abfbac,8c503c07dc6dcdd904e948f14d270410c2fbd4d9796f8d9e08451dc34c7d4399,56b7f182edcfeefa9301e1edd53d7f36e4418de7e6df1b54b0f0c298cde1b3cd,,,full,0.2,True
REIM (ACT + Detector + Recovery),105,8000147,metaworld,True,51,0.2641659360015183,0,0,0,0,0.17939627170562744,task_success_while_recovery_active_per_intervention,True,False,,8cf1847e3c7ba597fff8b19f75c993cc87c1e5bff80c6e67ba21b3ed19ec8316,8c503c07dc6dcdd904e948f14d270410c2fbd4d9796f8d9e08451dc34c7d4399,08a97a6dfa17f78b5cc5b1351d60038e4a40a68fc93722672482714333b1d9b5,,,full,0.2,True
REIM (ACT + Detector + Recovery),106,8000148,metaworld,True,49,0.15281170999878668,1,1,1,30,0.26664432883262634,task_success_while_recovery_active_per_intervention,True,False,,4c908e10e761f2d22627e9e1110b583947653c675243b1da75025249bc10c5d0,8c503c07dc6dcdd904e948f14d270410c2fbd4d9796f8d9e08451dc34c7d4399,08a97a6dfa17f78b5cc5b1351d60038e4a40a68fc93722672482714333b1d9b5,,,full,0.2,True
REIM (ACT + Detector + Recovery),107,8000149,metaworld,True,57,0.2972178249983699,0,0,0,0,0.17955972254276276,task_success_while_recovery_active_per_intervention,True,False,,f4dcf26ca9f6cfe24bc16debf9c27c550242af4fbd01bf40783ac491011275ed,8c503c07dc6dcdd904e948f14d270410c2fbd4d9796f8d9e08451dc34c7d4399,524e161a612d94c222d06154bcd0129d0851b8fad51ae883abbef6e86d43cbb0,,,full,0.2,True
REIM (ACT + Detector + Recovery),108,8000150,metaworld,True,46,0.2408024939977622,0,0,0,0,0.16442234814167023,task_success_while_recovery_active_per_intervention,True,False,,78a8afdd79b2abfd1618d20ee6aeb806a69af8b49816641c1ad7d0b2bda64c5c,8c503c07dc6dcdd904e948f14d270410c2fbd4d9796f8d9e08451dc34c7d4399,5d73f28d4d24cdbcb36a5e5cd61ec1a82f7287ce56d88da8cea912ed757b164c,,,full,0.2,True
REIM (ACT + Detector + Recovery),109,8000151,metaworld,True,55,0.16346314899783465,1,1,1,36,0.25736746191978455,task_success_while_recovery_active_per_intervention,True,False,,343ce894157b28096af7019ec4e54e7d07b7fb3e430641e46e6c9d335851a9c8,8c503c07dc6dcdd904e948f14d270410c2fbd4d9796f8d9e08451dc34c7d4399,aa1f17aacdf569c3a2930a2ebbf742ff43f8d3acfc772731a5c344cabcd52570,,,full,0.2,True
REIM (ACT + Detector + Recovery),110,8000152,metaworld,True,50,0.15939739500026917,1,1,1,30,0.2560856342315674,task_success_while_recovery_active_per_intervention,True,False,,d9e2895944fe711adf37157a40b97b5340d757fcdb125bad36387f35814e5795,8c503c07dc6dcdd904e948f14d270410c2fbd4d9796f8d9e08451dc34c7d4399,cea0b9105255f82e0ee99bfb3998a6edce02b446d4b14afb0747282cd18aa202,,,full,0.2,True
REIM (ACT + Detector + Recovery),111,8000153,metaworld,True,47,0.24731338899800903,0,0,0,0,0.15798543393611908,task_success_while_recovery_active_per_intervention,True,False,,198bd80e98c40bde8a3b065eaa90dfc309f62439df20ec06d93d620bcf4411c1,8c503c07dc6dcdd904e948f14d270410c2fbd4d9796f8d9e08451dc34c7d4399,e6e55bdbd77dc052facbc072d20b08a21d116978c37627b9a3d9dc7989dfbe62,,,full,0.2,True
REIM (ACT + Detector + Recovery),112,8000154,metaworld,True,56,0.15309262499795295,1,1,1,41,0.25005584955215454,task_success_while_recovery_active_per_intervention,True,False,,a3e703b7aa74ae534234e107eb739ea225ff5356759bbbbb3630c8fab5c013ca,8c503c07dc6dcdd904e948f14d270410c2fbd4d9796f8d9e08451dc34c7d4399,5e1df472084de78052388a34f03cad3de438ca9b5dc801b5759dd57c66a7482a,,,full,0.2,True
REIM (ACT + Detector + Recovery),113,8000155,metaworld,True,56,0.1887008039993816,1,1,1,31,0.3069351017475128,task_success_while_recovery_active_per_intervention,True,False,,302bf9d6fc3af8b67b7720a6937f8817d98259a806336f03c174de43282675f1,8c503c07dc6dcdd904e948f14d270410c2fbd4d9796f8d9e08451dc34c7d4399,8a99d46d6d04afe3e2ef92bb607dde5e178b5c37506006c4f364e345976453b1,,,full,0.2,True
REIM (ACT + Detector + Recovery),114,8000156,metaworld,False,200,0.5223667649988784,1,0,1,150,0.9612641334533691,task_success_while_recovery_active_per_intervention,False,True,object_dropped,01033617e984155c155f825045f284f327e8083675002ff029f6ef803c737953,8c503c07dc6dcdd904e948f14d270410c2fbd4d9796f8d9e08451dc34c7d4399,a8cfe6e2276fbd15230c5555255b87d17333bdd29f84f687df7405d0311fae7f,,,full,0.2,True
REIM (ACT + Detector + Recovery),115,8000157,metaworld,True,51,0.13742284300315077,1,1,1,38,0.325656920671463,task_success_while_recovery_active_per_intervention,True,False,,167793ccd1711b70b981c1f2526f32876b9c8898e8bcae934967327d8c7eb7b3,8c503c07dc6dcdd904e948f14d270410c2fbd4d9796f8d9e08451dc34c7d4399,08a97a6dfa17f78b5cc5b1351d60038e4a40a68fc93722672482714333b1d9b5,,,full,0.2,True
REIM (ACT + Detector + Recovery),116,8000158,metaworld,True,63,0.1672224509966327,1,1,1,47,0.3066912591457367,task_success_while_recovery_active_per_intervention,True,False,,5b65b7a8751e56edb0fcfcd755e7a62be6a8e8959f7c5cdedb32dc496d1ace58,8c503c07dc6dcdd904e948f14d270410c2fbd4d9796f8d9e08451dc34c7d4399,b8e45a2f8f553d53c6eef0305347f910b9999bcae6df6ccaf0eaee6ac864e670,,,full,0.2,True
REIM (ACT + Detector + Recovery),117,8000159,metaworld,True,59,0.13910241200210294,1,1,1,50,0.41906628012657166,task_success_while_recovery_active_per_intervention,True,False,,84030802b072c9eafaee8a5ddc10ea57b1d1392c4769ac0b616f12e5ade0aed4,8c503c07dc6dcdd904e948f14d270410c2fbd4d9796f8d9e08451dc34c7d4399,0f719f94ef165c0b816b8b10c3f4f5fcf802c9f5a25141035590310315749280,,,full,0.2,True
REIM (ACT + Detector + Recovery),118,8000160,metaworld,True,54,0.15441157200257294,1,1,1,37,0.2886624336242676,task_success_while_recovery_active_per_intervention,True,False,,dd5a06d39c7a7caa7dfd198655304556031bbd1714299832eb57b4a4fe09e2f2,8c503c07dc6dcdd904e948f14d270410c2fbd4d9796f8d9e08451dc34c7d4399,342b72dafe0e47ecf8a937cb01e62ac02c2d77bf93dafca59574cbbbfc4ad77b,,,full,0.2,True
REIM (ACT + Detector + Recovery),119,8000161,metaworld,True,57,0.14864153699818416,1,1,1,46,0.27411866188049316,task_success_while_recovery_active_per_intervention,True,False,,e38a92dc400fb4f37b8da94d79f3a88b2391dc1da2a5fc9fc05f60c9a8373f84,8c503c07dc6dcdd904e948f14d270410c2fbd4d9796f8d9e08451dc34c7d4399,ba19e0623fe05add91e00811bacb33e27305f5fcb6549be6f6278ebce6046101,,,full,0.2,True
REIM (ACT + Detector + Recovery),120,8000162,metaworld,True,55,0.14912215699951048,1,1,1,42,0.2504356801509857,task_success_while_recovery_active_per_intervention,True,False,,19b11f4aa4ba6ee05d37a4e3ef51be9967db766f85e9121c6beb6097b1c7104e,8c503c07dc6dcdd904e948f14d270410c2fbd4d9796f8d9e08451dc34c7d4399,acfaed29b052207b47b4b7fa76672795fd08de3add8565db05f141de82ece90b,,,full,0.2,True
REIM (ACT + Detector + Recovery),121,8000163,metaworld,True,55,0.2934787039994262,0,0,0,0,0.14579613506793976,task_success_while_recovery_active_per_intervention,True,False,,af40ac9a1861b100f177ad3f46638da10a62a282cea63f5a0433b58f5aa3fe79,8c503c07dc6dcdd904e948f14d270410c2fbd4d9796f8d9e08451dc34c7d4399,0cda21f8ffacf0a1e40e7b0e858a8e2ddc276972106d4bced99d4404b4a13fd8,,,full,0.2,True
REIM (ACT + Detector + Recovery),122,8000164,metaworld,False,200,0.5749913200015726,1,0,1,140,0.990340530872345,task_success_while_recovery_active_per_intervention,False,True,timeout,367f1e67644619c23de9ab24e4ea980359d4def3cb4090d6568afe1a694d5219,8c503c07dc6dcdd904e948f14d270410c2fbd4d9796f8d9e08451dc34c7d4399,15a9adece7ebea14bdf37f5376e274c6dce4711281025cf35060933ba9ab8ad3,,,full,0.2,True
REIM (ACT + Detector + Recovery),123,8000165,metaworld,True,60,0.14044566699885763,1,1,1,51,0.3775867521762848,task_success_while_recovery_active_per_intervention,True,False,,df5cee6bdf9da33acca1ccdebe67ad63f8ef85dcdff9fc485d5109e5cd8abbcd,8c503c07dc6dcdd904e948f14d270410c2fbd4d9796f8d9e08451dc34c7d4399,0f719f94ef165c0b816b8b10c3f4f5fcf802c9f5a25141035590310315749280,,,full,0.2,True
REIM (ACT + Detector + Recovery),124,8000166,metaworld,True,53,0.14573466399815516,1,1,1,38,0.27568408846855164,task_success_while_recovery_active_per_intervention,True,False,,26fa0b82c9a5deefbb245931f68bee549b75c6c002fee4ecb29f50c174aacbc8,8c503c07dc6dcdd904e948f14d270410c2fbd4d9796f8d9e08451dc34c7d4399,aa1f17aacdf569c3a2930a2ebbf742ff43f8d3acfc772731a5c344cabcd52570,,,full,0.2,True
REIM (ACT + Detector + Recovery),125,8000167,metaworld,False,200,0.5875981969984423,1,0,1,138,0.9944104552268982,task_success_while_recovery_active_per_intervention,False,True,timeout,1d600a553cc641a82a9ff71753f457b0e7211107ae3ae03ce4a87f01b54f4e41,8c503c07dc6dcdd904e948f14d270410c2fbd4d9796f8d9e08451dc34c7d4399,a0b103bf3e43f4aa92753185301eba5e2e31594285004b99f51a59b33bd2d620,,,full,0.2,True
REIM (ACT + Detector + Recovery),126,8000168,metaworld,True,53,0.14847113699943293,1,1,1,38,0.21002700924873352,task_success_while_recovery_active_per_intervention,True,False,,e89a3f178e9ade12ff2ff3a7a1ef93ccf25fe29e227a1eab59eadcb410c14326,8c503c07dc6dcdd904e948f14d270410c2fbd4d9796f8d9e08451dc34c7d4399,15a9adece7ebea14bdf37f5376e274c6dce4711281025cf35060933ba9ab8ad3,,,full,0.2,True
REIM (ACT + Detector + Recovery),127,8000169,metaworld,True,54,0.15034156600086135,1,1,1,40,0.25557076930999756,task_success_while_recovery_active_per_intervention,True,False,,52eae8931c2fa5f9779b1d2b3202a4944329f0cb39e4bc19f92de63a8b559d95,8c503c07dc6dcdd904e948f14d270410c2fbd4d9796f8d9e08451dc34c7d4399,2ad5907877cc42b4447b9630988e3a1f0da0d83e1f696f71e22dc69905e631b6,,,full,0.2,True
REIM (ACT + Detector + Recovery),128,8000170,metaworld,True,56,0.20403051500034053,1,1,1,26,0.20029990375041962,task_success_while_recovery_active_per_intervention,True,False,,7a048d2f5b32f17beb069d11374d577135582aaa4bb7551d4bd070bab008b3d6,8c503c07dc6dcdd904e948f14d270410c2fbd4d9796f8d9e08451dc34c7d4399,8a99d46d6d04afe3e2ef92bb607dde5e178b5c37506006c4f364e345976453b1,,,full,0.2,True
REIM (ACT + Detector + Recovery),129,8000171,metaworld,True,51,0.27296793999994406,0,0,0,0,0.18710049986839294,task_success_while_recovery_active_per_intervention,True,False,,1eb285376b16e344536a3917d533ec5955dcac169c4029500f84456b6409e20a,8c503c07dc6dcdd904e948f14d270410c2fbd4d9796f8d9e08451dc34c7d4399,08a97a6dfa17f78b5cc5b1351d60038e4a40a68fc93722672482714333b1d9b5,,,full,0.2,True
REIM (ACT + Detector + Recovery),130,8000172,metaworld,True,54,0.16515925400017295,1,1,1,35,0.23992228507995605,task_success_while_recovery_active_per_intervention,True,False,,1f8b03c5941c810e87a999d5224062b2315a111fc4a0e75257a0f91046957c0c,8c503c07dc6dcdd904e948f14d270410c2fbd4d9796f8d9e08451dc34c7d4399,7c3391ee418e26d47c002810bc00065e4dd0b6728c969d2338ad549ad01ebb0a,,,full,0.2,True
REIM (ACT + Detector + Recovery),131,8000173,metaworld,True,55,0.13278072200046154,1,1,1,46,0.3588436543941498,task_success_while_recovery_active_per_intervention,True,False,,f76277b122c8e87f78cfd675c327d4aa84b28e53b07d1eb1a168966add789365,8c503c07dc6dcdd904e948f14d270410c2fbd4d9796f8d9e08451dc34c7d4399,bb2c6b1aed959fa3ddddb1c215ce67cbb5b0ec080eb65fb58e06b7776849a096,,,full,0.2,True
REIM (ACT + Detector + Recovery),132,8000174,metaworld,True,53,0.13226146400120342,1,1,1,43,0.25214457511901855,task_success_while_recovery_active_per_intervention,True,False,,55c44d88ccb99380515bcb5bc84218a2cfc1b0713e132539089f57794c6ffdd5,8c503c07dc6dcdd904e948f14d270410c2fbd4d9796f8d9e08451dc34c7d4399,c40fedd273cade53989af8adc3ca66d02f2d92ca4d97b2f6391a0dd0ab6dbca3,,,full,0.2,True
REIM (ACT + Detector + Recovery),133,8000175,metaworld,True,54,0.128640107002866,1,1,1,47,0.3839128613471985,task_success_while_recovery_active_per_intervention,True,False,,f11a97da0ff743e8b045304550d412fbadc1f2c42d395fdf043b7dd54915188a,8c503c07dc6dcdd904e948f14d270410c2fbd4d9796f8d9e08451dc34c7d4399,bb2c6b1aed959fa3ddddb1c215ce67cbb5b0ec080eb65fb58e06b7776849a096,,,full,0.2,True
REIM (ACT + Detector + Recovery),134,8000176,metaworld,False,200,0.5847453659989696,1,0,1,139,0.9989809393882751,task_success_while_recovery_active_per_intervention,False,True,object_dropped,2ba0b183a40c09fcf377cadf4cf4f4fd281dd6ba57e40dd54ce30441f8e57e0e,8c503c07dc6dcdd904e948f14d270410c2fbd4d9796f8d9e08451dc34c7d4399,6338b57c8983138382fa5c9ee7bb2d2c200be44368697f7ffa8216ea26ddccaf,,,full,0.2,True
REIM (ACT + Detector + Recovery),135,8000177,metaworld,True,61,0.3227141520001169,0,0,0,0,0.13840524852275848,task_success_while_recovery_active_per_intervention,True,False,,82c7f86131fbd18142eb8e21c15601731ec14e78cb8390cc016d29cfa98decfc,8c503c07dc6dcdd904e948f14d270410c2fbd4d9796f8d9e08451dc34c7d4399,1c856fdcb5da12c3fa2d15b38741aa980fa3a47e64fb99f8635817590128f9ea,,,full,0.2,True
REIM (ACT + Detector + Recovery),136,8000178,metaworld,True,53,0.1489714939998521,1,1,1,38,0.24991947412490845,task_success_while_recovery_active_per_intervention,True,False,,24f43dee3d57357bbdb445a7595edf3c95f1f4746b1903e1f77c9c2e1025e37c,8c503c07dc6dcdd904e948f14d270410c2fbd4d9796f8d9e08451dc34c7d4399,acfaed29b052207b47b4b7fa76672795fd08de3add8565db05f141de82ece90b,,,full,0.2,True
REIM (ACT + Detector + Recovery),137,8000179,metaworld,True,53,0.2826697230011632,0,0,0,0,0.1755971908569336,task_success_while_recovery_active_per_intervention,True,False,,1f1d070fcfa1481831605e75deb31a87022c1d0fd01892f5b868df78d72dc065,8c503c07dc6dcdd904e948f14d270410c2fbd4d9796f8d9e08451dc34c7d4399,2ad5907877cc42b4447b9630988e3a1f0da0d83e1f696f71e22dc69905e631b6,,,full,0.2,True
REIM (ACT + Detector + Recovery),138,8000180,metaworld,True,53,0.28511559899925487,0,0,0,0,0.18165773153305054,task_success_while_recovery_active_per_intervention,True,False,,0604f007c176ca535f3edf3f0b186eb0e4037d7551eec735cb3bb92f416e791d,8c503c07dc6dcdd904e948f14d270410c2fbd4d9796f8d9e08451dc34c7d4399,56b7f182edcfeefa9301e1edd53d7f36e4418de7e6df1b54b0f0c298cde1b3cd,,,full,0.2,True
REIM (ACT + Detector + Recovery),139,8000181,metaworld,True,59,0.14258061600048677,1,1,1,50,0.30353784561157227,task_success_while_recovery_active_per_intervention,True,False,,d1750b3be079c63c99a208b11d71b18c303e035fc387bc4c7cddeab8829bfa9f,8c503c07dc6dcdd904e948f14d270410c2fbd4d9796f8d9e08451dc34c7d4399,0f719f94ef165c0b816b8b10c3f4f5fcf802c9f5a25141035590310315749280,,,full,0.2,True
REIM (ACT + Detector + Recovery),140,8000182,metaworld,True,56,0.20678426999802468,1,1,1,26,0.20547258853912354,task_success_while_recovery_active_per_intervention,True,False,,3e676be21ae0868ec9e5c0b624e426127586bf6ff0416381a6ec327a9c4d9447,8c503c07dc6dcdd904e948f14d270410c2fbd4d9796f8d9e08451dc34c7d4399,6cb8d983459a8e57d4ae53a86da2394015cabba2d7c306dcaf7b14af979ca230,,,full,0.2,True
REIM (ACT + Detector + Recovery),141,8000183,metaworld,True,59,0.19491037399711786,1,1,1,33,0.2505437135696411,task_success_while_recovery_active_per_intervention,True,False,,95f9472e3a60fdeebc5bf7d5396c3789c5aa1c38d9a555f2fba5e597a443e221,8c503c07dc6dcdd904e948f14d270410c2fbd4d9796f8d9e08451dc34c7d4399,39001749c902e2ab9d015efb8c7644faffff99810b709d3203dc359d5eacdcbd,,,full,0.2,True
REIM (ACT + Detector + Recovery),142,8000184,metaworld,True,57,0.3019888080016244,0,0,0,0,0.1413864940404892,task_success_while_recovery_active_per_intervention,True,False,,a4c8a6810904e8130e719920fa0d526659ad1eaf212c842e6f6104af75b21132,8c503c07dc6dcdd904e948f14d270410c2fbd4d9796f8d9e08451dc34c7d4399,f6a9ed9055e00c868d6771022c2c557a6a48990bdacbed585d07cde857d4755a,,,full,0.2,True
REIM (ACT + Detector + Recovery),143,8000185,metaworld,True,60,0.14191962600307306,1,1,1,50,0.21513964235782623,task_success_while_recovery_active_per_intervention,True,False,,95b5ce343cfdd5b1b5978a83535b59f969f2bdc4f556399f41a9a472817d91ee,8c503c07dc6dcdd904e948f14d270410c2fbd4d9796f8d9e08451dc34c7d4399,39001749c902e2ab9d015efb8c7644faffff99810b709d3203dc359d5eacdcbd,,,full,0.2,True
REIM (ACT + Detector + Recovery),144,8000186,metaworld,True,56,0.12798115099940333,1,1,1,48,0.31263601779937744,task_success_while_recovery_active_per_intervention,True,False,,5a8616fcbb04f2ecf1a28f3152a71adb5233c40714ec27c74dc8f2aaf4a70c72,8c503c07dc6dcdd904e948f14d270410c2fbd4d9796f8d9e08451dc34c7d4399,588df85fb38ef87f822932ad2f702be807974873e4a07ea43084bbdeeaac6604,,,full,0.2,True
REIM (ACT + Detector + Recovery),145,8000187,metaworld,True,62,0.22164191599949845,1,1,1,30,0.20002947747707367,task_success_while_recovery_active_per_intervention,True,False,,80c8b7a15a3be6252bd883e79871c571a728006e66b0e0c1f30146d0ff255930,8c503c07dc6dcdd904e948f14d270410c2fbd4d9796f8d9e08451dc34c7d4399,c5023b3d25031a103b9549b6e8c83ba09d69e708ef117c31128a38e03616e5d8,,,full,0.2,True
REIM (ACT + Detector + Recovery),146,8000188,metaworld,True,60,0.1381821229988418,1,1,1,51,0.45604953169822693,task_success_while_recovery_active_per_intervention,True,False,,8aca1f179766a78c79a5ac30654ce84d2209de2a0a5bb7f1fe5cebcd5afade41,8c503c07dc6dcdd904e948f14d270410c2fbd4d9796f8d9e08451dc34c7d4399,942fb6a87dc1e3eb7bf7bb111c97e7096138256b4a9a6b4c62a012fabe8bec38,,,full,0.2,True
REIM (ACT + Detector + Recovery),147,8000189,metaworld,True,53,0.275472974000877,0,0,0,0,0.18499921262264252,task_success_while_recovery_active_per_intervention,True,False,,4d23a8d9dd4919dc79229406b6d08160f97ae690b2bb0e3a629b057dfda7d1e0,8c503c07dc6dcdd904e948f14d270410c2fbd4d9796f8d9e08451dc34c7d4399,7c3391ee418e26d47c002810bc00065e4dd0b6728c969d2338ad549ad01ebb0a,,,full,0.2,True
REIM (ACT + Detector + Recovery),148,8000190,metaworld,True,48,0.25725325199891813,0,0,0,0,0.18195058405399323,task_success_while_recovery_active_per_intervention,True,False,,b3c3447d16f90ab8d81259d629f68ce314aff532f0e8226e112dc208f57340c1,8c503c07dc6dcdd904e948f14d270410c2fbd4d9796f8d9e08451dc34c7d4399,cea0b9105255f82e0ee99bfb3998a6edce02b446d4b14afb0747282cd18aa202,,,full,0.2,True
REIM (ACT + Detector + Recovery),149,8000191,metaworld,True,61,0.3433269550005207,0,0,0,0,0.19261854887008667,task_success_while_recovery_active_per_intervention,True,False,,af3d24834e5d4e55e9857534f94f475d116e1351d0b5e7fec1fa1f448fe79c2b,8c503c07dc6dcdd904e948f14d270410c2fbd4d9796f8d9e08451dc34c7d4399,e216352c7f1c7392270c7c501bb599f2a46f420613a124fda0729ab88160cdf2,,,full,0.2,True
REIM (ACT + Detector + Recovery),150,8000192,metaworld,True,55,0.33742021799844224,0,0,0,0,0.1335875689983368,task_success_while_recovery_active_per_intervention,True,False,,5a6f0749f71faf3c839e9e25ecfb49fb62d202b3fab4f526c21107c8d3cd1b16,8c503c07dc6dcdd904e948f14d270410c2fbd4d9796f8d9e08451dc34c7d4399,25805a097f1f4b8c203ec3c130dcd3e66b5fb3ad298114a08662aae6c86fa673,,,full,0.2,True
REIM (ACT + Detector + Recovery),151,8000193,metaworld,False,200,0.5655730629987374,1,0,1,150,0.9971411228179932,task_success_while_recovery_active_per_intervention,False,True,timeout,323e457ec4fbfbebdfb75ca94a293f25e3ee0b446c916b8d5901b8ffcde99192,8c503c07dc6dcdd904e948f14d270410c2fbd4d9796f8d9e08451dc34c7d4399,1c856fdcb5da12c3fa2d15b38741aa980fa3a47e64fb99f8635817590128f9ea,,,full,0.2,True
REIM (ACT + Detector + Recovery),152,8000194,metaworld,True,57,0.3127005509995797,0,0,0,0,0.1414082944393158,task_success_while_recovery_active_per_intervention,True,False,,8d347fb9720e44c44b0c5b430ea7d4da64ef1c72a6dc01530e1dd034f9d43aac,8c503c07dc6dcdd904e948f14d270410c2fbd4d9796f8d9e08451dc34c7d4399,64ee837add19202e84553431fdab118462cf5265eeae19a4d044b5a6818f771d,,,full,0.2,True
REIM (ACT + Detector + Recovery),153,8000195,metaworld,True,52,0.17619451499922434,1,1,1,31,0.2832593023777008,task_success_while_recovery_active_per_intervention,True,False,,f796f36f13b0918c9bb949253f6265728ef55c573df6463d5a704f65bb8f798c,8c503c07dc6dcdd904e948f14d270410c2fbd4d9796f8d9e08451dc34c7d4399,2eb279a724955c1a9d173681940490ec9cc8ed4fdc15a95533884a23d4ccdb4e,,,full,0.2,True
REIM (ACT + Detector + Recovery),154,8000196,metaworld,True,57,0.16236322399709024,1,1,1,42,0.2603759765625,task_success_while_recovery_active_per_intervention,True,False,,f8e7921f76dda62c2369973f047bb9056b6040814da0e78e36f7845fc416e2fd,8c503c07dc6dcdd904e948f14d270410c2fbd4d9796f8d9e08451dc34c7d4399,342b72dafe0e47ecf8a937cb01e62ac02c2d77bf93dafca59574cbbbfc4ad77b,,,full,0.2,True
REIM (ACT + Detector + Recovery),155,8000197,metaworld,True,57,0.3229968319974432,0,0,0,0,0.1634901762008667,task_success_while_recovery_active_per_intervention,True,False,,9982be9cfa46b440b51bc916329491cd12d766b98fc65fb3b23cd8da41a43af0,8c503c07dc6dcdd904e948f14d270410c2fbd4d9796f8d9e08451dc34c7d4399,524e161a612d94c222d06154bcd0129d0851b8fad51ae883abbef6e86d43cbb0,,,full,0.2,True
REIM (ACT + Detector + Recovery),156,8000198,metaworld,True,55,0.1538497940018715,1,1,1,41,0.20549575984477997,task_success_while_recovery_active_per_intervention,True,False,,19ba117b291365a193cc8aab9fb1d50912f830b79264710bb79103d51ba229cd,8c503c07dc6dcdd904e948f14d270410c2fbd4d9796f8d9e08451dc34c7d4399,56b7f182edcfeefa9301e1edd53d7f36e4418de7e6df1b54b0f0c298cde1b3cd,,,full,0.2,True
REIM (ACT + Detector + Recovery),157,8000199,metaworld,True,56,0.17608881300111534,1,1,1,38,0.20109684765338898,task_success_while_recovery_active_per_intervention,True,False,,2d188ac66d28db50c707df10f5fd494d3baf736de663b64bf80a4a4e34dbc6c4,8c503c07dc6dcdd904e948f14d270410c2fbd4d9796f8d9e08451dc34c7d4399,3183afb500ebb9a5af177cccb5b5889a8321eb35261f8ec571269f8b5ed9cd1a,,,full,0.2,True
REIM (ACT + Detector + Recovery),158,8000200,metaworld,True,61,0.328282919999765,0,0,0,0,0.15169191360473633,task_success_while_recovery_active_per_intervention,True,False,,4e1bcd80d16f0b036f12c9043d3aec15e0d250e4e666d1c5ef4b27a5a45d569d,8c503c07dc6dcdd904e948f14d270410c2fbd4d9796f8d9e08451dc34c7d4399,524e161a612d94c222d06154bcd0129d0851b8fad51ae883abbef6e86d43cbb0,,,full,0.2,True
REIM (ACT + Detector + Recovery),159,8000201,metaworld,True,51,0.2653439409987186,0,0,0,0,0.1312195509672165,task_success_while_recovery_active_per_intervention,True,False,,c4b5e116217ec92a693bda33259abf8d6d888903490c669c82279d3845a3eb09,8c503c07dc6dcdd904e948f14d270410c2fbd4d9796f8d9e08451dc34c7d4399,56b7f182edcfeefa9301e1edd53d7f36e4418de7e6df1b54b0f0c298cde1b3cd,,,full,0.2,True
REIM (ACT + Detector + Recovery),160,8000202,metaworld,True,66,0.3439485649978451,0,0,0,0,0.1723160743713379,task_success_while_recovery_active_per_intervention,True,False,,74e2251336909dfe8a7412e2b779a8af351a594ddde58bb5ed7e620d50a9e4fa,8c503c07dc6dcdd904e948f14d270410c2fbd4d9796f8d9e08451dc34c7d4399,c5023b3d25031a103b9549b6e8c83ba09d69e708ef117c31128a38e03616e5d8,,,full,0.2,True
REIM (ACT + Detector + Recovery),161,8000203,metaworld,True,58,0.14578737299962086,1,1,1,47,0.28142645955085754,task_success_while_recovery_active_per_intervention,True,False,,9556a6bbe59aeda22432242f14d93255df2104fa486c020d6c7768fbf3cd56b2,8c503c07dc6dcdd904e948f14d270410c2fbd4d9796f8d9e08451dc34c7d4399,942fb6a87dc1e3eb7bf7bb111c97e7096138256b4a9a6b4c62a012fabe8bec38,,,full,0.2,True
REIM (ACT + Detector + Recovery),162,8000204,metaworld,True,55,0.154638972999237,1,1,1,40,0.23636876046657562,task_success_while_recovery_active_per_intervention,True,False,,17cb5f9b511150b6f60c91cb069c8ff460d60f9292d3468d67304be29ff2884b,8c503c07dc6dcdd904e948f14d270410c2fbd4d9796f8d9e08451dc34c7d4399,5e1df472084de78052388a34f03cad3de438ca9b5dc801b5759dd57c66a7482a,,,full,0.2,True
REIM (ACT + Detector + Recovery),163,8000205,metaworld,True,56,0.2955560650007101,0,0,0,0,0.14330750703811646,task_success_while_recovery_active_per_intervention,True,False,,40283a338c205d5924df6f3cfe18e3e348ada497a1fb26d69f326360d8efab1a,8c503c07dc6dcdd904e948f14d270410c2fbd4d9796f8d9e08451dc34c7d4399,6cb8d983459a8e57d4ae53a86da2394015cabba2d7c306dcaf7b14af979ca230,,,full,0.2,True
REIM (ACT + Detector + Recovery),164,8000206,metaworld,True,58,0.29356281599757494,0,0,0,0,0.1452341377735138,task_success_while_recovery_active_per_intervention,True,False,,44b92c02a6a8d61ed56f75424dc222cec8b8e38e6b610be7a977995d8626c64d,8c503c07dc6dcdd904e948f14d270410c2fbd4d9796f8d9e08451dc34c7d4399,06d355d7aff3b944ab4199c02a94c63d062e5c414c0b195f7b232b607e0ab1ed,,,full,0.2,True
REIM (ACT + Detector + Recovery),165,8000207,metaworld,True,51,0.25426475999847753,0,0,0,0,0.10553864389657974,task_success_while_recovery_active_per_intervention,True,False,,2c773b06993a2f500a70a83d3a0ed175e73e1208b06f81892dbd04d8fd55cd50,8c503c07dc6dcdd904e948f14d270410c2fbd4d9796f8d9e08451dc34c7d4399,6338b57c8983138382fa5c9ee7bb2d2c200be44368697f7ffa8216ea26ddccaf,,,full,0.2,True
REIM (ACT + Detector + Recovery),166,8000208,metaworld,True,55,0.1261155689971929,1,1,1,46,0.2620604932308197,task_success_while_recovery_active_per_intervention,True,False,,33e7e3532929384bdd113a3419f24d952bd4d9b3e370e62f3691610acf8ad49d,8c503c07dc6dcdd904e948f14d270410c2fbd4d9796f8d9e08451dc34c7d4399,35203d16cfa98b5f2e002fcb1ffde2400abf9459c161f6a289efa0c46eddb36f,,,full,0.2,True
REIM (ACT + Detector + Recovery),167,8000209,metaworld,True,55,0.14918975600085105,1,1,1,39,0.21856240928173065,task_success_while_recovery_active_per_intervention,True,False,,56cbae39ab2cb128de25373f2cb36d4fb4186fe87a4ced65f2b7b36bbfad3c53,8c503c07dc6dcdd904e948f14d270410c2fbd4d9796f8d9e08451dc34c7d4399,71488b32995fa40c6ec3f77f6bcd912b1929aef29d90a66307ad46cd584acf29,,,full,0.2,True
REIM (ACT + Detector + Recovery),168,8000210,metaworld,True,49,0.14785191400005715,1,1,1,31,0.24966415762901306,task_success_while_recovery_active_per_intervention,True,False,,2c69791080dbe782c61d4e1f04eb75b9e5d5f888a1068ddd58d56c28d45a2094,8c503c07dc6dcdd904e948f14d270410c2fbd4d9796f8d9e08451dc34c7d4399,27e1ed8c670f23dae46752497e383610e58c248d638e3b9b707808a32ce33d4e,,,full,0.2,True
REIM (ACT + Detector + Recovery),169,8000211,metaworld,True,53,0.2675973859986698,0,0,0,0,0.1917802393436432,task_success_while_recovery_active_per_intervention,True,False,,873f8d4c9f83eac8df54ed01c04ba3d3b1b5df2c089f265c75500693a829df9f,8c503c07dc6dcdd904e948f14d270410c2fbd4d9796f8d9e08451dc34c7d4399,2ad5907877cc42b4447b9630988e3a1f0da0d83e1f696f71e22dc69905e631b6,,,full,0.2,True
REIM (ACT + Detector + Recovery),170,8000212,metaworld,True,55,0.15570445200137328,1,1,1,38,0.23575285077095032,task_success_while_recovery_active_per_intervention,True,False,,b9c51a6a72bc2b6ab87f3f56cee68aa27f38415120333141a1f0ab4b2b46c3cb,8c503c07dc6dcdd904e948f14d270410c2fbd4d9796f8d9e08451dc34c7d4399,2eb279a724955c1a9d173681940490ec9cc8ed4fdc15a95533884a23d4ccdb4e,,,full,0.2,True
REIM (ACT + Detector + Recovery),171,8000213,metaworld,True,50,0.15420861600068747,1,1,1,31,0.22600772976875305,task_success_while_recovery_active_per_intervention,True,False,,00d0c55f62ade598c4fe6b49c663ad76168cd150e019dfd388f7f7f8c146942c,8c503c07dc6dcdd904e948f14d270410c2fbd4d9796f8d9e08451dc34c7d4399,35203d16cfa98b5f2e002fcb1ffde2400abf9459c161f6a289efa0c46eddb36f,,,full,0.2,True
REIM (ACT + Detector + Recovery),172,8000214,metaworld,True,60,0.30816183000206365,0,0,0,0,0.14688248932361603,task_success_while_recovery_active_per_intervention,True,False,,f942da803663ff78889828b19b4cca6b032dc487383b960ccfa3e19a752bf986,8c503c07dc6dcdd904e948f14d270410c2fbd4d9796f8d9e08451dc34c7d4399,64ee837add19202e84553431fdab118462cf5265eeae19a4d044b5a6818f771d,,,full,0.2,True
REIM (ACT + Detector + Recovery),173,8000215,metaworld,True,60,0.31134879300225293,0,0,0,0,0.1952468603849411,task_success_while_recovery_active_per_intervention,True,False,,63b592cc8433500589dd427919fb148204581094c62e04af23dffc7fd910c9b0,8c503c07dc6dcdd904e948f14d270410c2fbd4d9796f8d9e08451dc34c7d4399,a8cfe6e2276fbd15230c5555255b87d17333bdd29f84f687df7405d0311fae7f,,,full,0.2,True
REIM (ACT + Detector + Recovery),174,8000216,metaworld,True,54,0.12725470300210873,1,1,1,44,0.3031480014324188,task_success_while_recovery_active_per_intervention,True,False,,6716dc684df16c2e3b18b621765b729fa9f491cd6503320c3e29cd2df76706b8,8c503c07dc6dcdd904e948f14d270410c2fbd4d9796f8d9e08451dc34c7d4399,504c23f653f6cdee9d659d9320b164606b319d4f0e9cdf0f3a87e2fc7a98160a,,,full,0.2,True
REIM (ACT + Detector + Recovery),175,8000217,metaworld,True,51,0.11633467199862935,1,1,1,43,0.34265953302383423,task_success_while_recovery_active_per_intervention,True,False,,be26e3deff3b992c068bcf5c50b6b5027005dca7c8a16f339d8fa4fe4eccd9e9,8c503c07dc6dcdd904e948f14d270410c2fbd4d9796f8d9e08451dc34c7d4399,20cf3cfee33051ea4ca25b64648f05450b0068ae0136ae52c3108d28b02f3691,,,full,0.2,True
REIM (ACT + Detector + Recovery),176,8000218,metaworld,True,54,0.27152462099911645,0,0,0,0,0.17178727686405182,task_success_while_recovery_active_per_intervention,True,False,,e9f1968a62b7150ae5c13f85515eb13ea6e0573af4dc8f84ce85174b05bbadd4,8c503c07dc6dcdd904e948f14d270410c2fbd4d9796f8d9e08451dc34c7d4399,f82ceac6f8787ac22c378edc1f141cedcc86bf9309b43f1aff6633ae0a963abb,,,full,0.2,True
REIM (ACT + Detector + Recovery),177,8000219,metaworld,True,55,0.18903405200035195,1,1,1,26,0.292647123336792,task_success_while_recovery_active_per_intervention,True,False,,ea1c2380d73069f89c2283f28366399b930f4559795746611b94bbfb614cbbd7,8c503c07dc6dcdd904e948f14d270410c2fbd4d9796f8d9e08451dc34c7d4399,942fb6a87dc1e3eb7bf7bb111c97e7096138256b4a9a6b4c62a012fabe8bec38,,,full,0.2,True
REIM (ACT + Detector + Recovery),178,8000220,metaworld,True,55,0.128845988001558,1,1,1,44,0.3387240171432495,task_success_while_recovery_active_per_intervention,True,False,,38bd67fb5617cfb65a4d1643bfc092c0b7b006bf1bb5d72ea770ac45d7aaf535,8c503c07dc6dcdd904e948f14d270410c2fbd4d9796f8d9e08451dc34c7d4399,acfaed29b052207b47b4b7fa76672795fd08de3add8565db05f141de82ece90b,,,full,0.2,True
REIM (ACT + Detector + Recovery),179,8000221,metaworld,True,57,0.28394443100114586,0,0,0,0,0.09753609448671341,task_success_while_recovery_active_per_intervention,True,False,,5c60610d5cff6e2ccd8af1e4fce2890979cb5cab1b372b31110b22f3c343ea28,8c503c07dc6dcdd904e948f14d270410c2fbd4d9796f8d9e08451dc34c7d4399,f6a9ed9055e00c868d6771022c2c557a6a48990bdacbed585d07cde857d4755a,,,full,0.2,True
REIM (ACT + Detector + Recovery),180,8000222,metaworld,True,60,0.30790597899977,0,0,0,0,0.13593783974647522,task_success_while_recovery_active_per_intervention,True,False,,392264f8f8b19341906911dc92b7689d0a8a6e75633f8a9ebc0d3721a283a551,8c503c07dc6dcdd904e948f14d270410c2fbd4d9796f8d9e08451dc34c7d4399,25805a097f1f4b8c203ec3c130dcd3e66b5fb3ad298114a08662aae6c86fa673,,,full,0.2,True
REIM (ACT + Detector + Recovery),181,8000223,metaworld,False,200,0.512506872000813,1,0,1,150,0.9565631151199341,task_success_while_recovery_active_per_intervention,False,True,object_dropped,db2d64a16b1d4b3f50f7392641b915c253f9aab8bbad81410b126656ecdda276,8c503c07dc6dcdd904e948f14d270410c2fbd4d9796f8d9e08451dc34c7d4399,25805a097f1f4b8c203ec3c130dcd3e66b5fb3ad298114a08662aae6c86fa673,,,full,0.2,True
REIM (ACT + Detector + Recovery),182,8000224,metaworld,True,54,0.1267504139977973,1,1,1,44,0.3420962989330292,task_success_while_recovery_active_per_intervention,True,False,,642d33bfcbb6b5d887e0a7834e08dff14ebe8430ea24f98420b6f628963cc60c,8c503c07dc6dcdd904e948f14d270410c2fbd4d9796f8d9e08451dc34c7d4399,342b72dafe0e47ecf8a937cb01e62ac02c2d77bf93dafca59574cbbbfc4ad77b,,,full,0.2,True
REIM (ACT + Detector + Recovery),183,8000225,metaworld,True,52,0.12317709700073465,1,1,1,42,0.29294922947883606,task_success_while_recovery_active_per_intervention,True,False,,8fc5ddc209b3b3ca9f81d000a29b001f52ffc3d3f17efd4d81880f1f08c76d5e,8c503c07dc6dcdd904e948f14d270410c2fbd4d9796f8d9e08451dc34c7d4399,bb2c6b1aed959fa3ddddb1c215ce67cbb5b0ec080eb65fb58e06b7776849a096,,,full,0.2,True
REIM (ACT + Detector + Recovery),184,8000226,metaworld,True,64,0.3202867680010968,0,0,0,0,0.13163527846336365,task_success_while_recovery_active_per_intervention,True,False,,0a62b613f409cb6f37cabd44e5b9c3460a765d644eb50dac23fd1d366b443206,8c503c07dc6dcdd904e948f14d270410c2fbd4d9796f8d9e08451dc34c7d4399,e216352c7f1c7392270c7c501bb599f2a46f420613a124fda0729ab88160cdf2,,,full,0.2,True
REIM (ACT + Detector + Recovery),185,8000227,metaworld,True,53,0.15719231500042952,1,1,1,33,0.23348422348499298,task_success_while_recovery_active_per_intervention,True,False,,d5992319571babba77dd246dbc6cf7f0d8d04a0d6169f95e68371e598287129e,8c503c07dc6dcdd904e948f14d270410c2fbd4d9796f8d9e08451dc34c7d4399,342b72dafe0e47ecf8a937cb01e62ac02c2d77bf93dafca59574cbbbfc4ad77b,,,full,0.2,True
REIM (ACT + Detector + Recovery),186,8000228,metaworld,True,50,0.1436990180009161,1,1,1,33,0.23090986907482147,task_success_while_recovery_active_per_intervention,True,False,,d38914792c68c5ce04e53cf722b1298b39dbd43a01539d2ad53059401ff594c4,8c503c07dc6dcdd904e948f14d270410c2fbd4d9796f8d9e08451dc34c7d4399,cea0b9105255f82e0ee99bfb3998a6edce02b446d4b14afb0747282cd18aa202,,,full,0.2,True
REIM (ACT + Detector + Recovery),187,8000229,metaworld,True,56,0.13338079700042726,1,1,1,45,0.29000434279441833,task_success_while_recovery_active_per_intervention,True,False,,d44fcf1045c9afdf56a6c888cbfdf0dc0aa61b4a6ed01d20d96be630a2530147,8c503c07dc6dcdd904e948f14d270410c2fbd4d9796f8d9e08451dc34c7d4399,acfaed29b052207b47b4b7fa76672795fd08de3add8565db05f141de82ece90b,,,full,0.2,True
REIM (ACT + Detector + Recovery),188,8000230,metaworld,False,200,0.49691769299897715,1,0,1,150,0.9952223896980286,task_success_while_recovery_active_per_intervention,False,True,timeout,62fa050c6c67598685ca42cc7353cea9a0b9cbccbd0fe42031675bd1785d831e,8c503c07dc6dcdd904e948f14d270410c2fbd4d9796f8d9e08451dc34c7d4399,6943489118fc060756e24fd47685e2c10173293d54af0af7e8afa9e287c9c5f1,,,full,0.2,True
REIM (ACT + Detector + Recovery),189,8000231,metaworld,True,57,0.14558850899993558,1,1,1,43,0.2327583134174347,task_success_while_recovery_active_per_intervention,True,False,,38809d524195d171e28cc02ea50209eb964b0dd4e64bc5f41819599fcd99421a,8c503c07dc6dcdd904e948f14d270410c2fbd4d9796f8d9e08451dc34c7d4399,588df85fb38ef87f822932ad2f702be807974873e4a07ea43084bbdeeaac6604,,,full,0.2,True
REIM (ACT + Detector + Recovery),190,8000232,metaworld,True,63,0.1504402319988003,1,1,1,50,0.27346739172935486,task_success_while_recovery_active_per_intervention,True,False,,de90b645a71295d71dfab8cd9b51a93846af55a51b5612039d399af7d6d68560,8c503c07dc6dcdd904e948f14d270410c2fbd4d9796f8d9e08451dc34c7d4399,b8e45a2f8f553d53c6eef0305347f910b9999bcae6df6ccaf0eaee6ac864e670,,,full,0.2,True
REIM (ACT + Detector + Recovery),191,8000233,metaworld,True,55,0.14817002400013735,1,1,1,38,0.32474374771118164,task_success_while_recovery_active_per_intervention,True,False,,dbf9e83a97ef9ad7e8ecb62a7c17113fa219b3c773d7f8286114d3f6f7e106aa,8c503c07dc6dcdd904e948f14d270410c2fbd4d9796f8d9e08451dc34c7d4399,aa1f17aacdf569c3a2930a2ebbf742ff43f8d3acfc772731a5c344cabcd52570,,,full,0.2,True
REIM (ACT + Detector + Recovery),192,8000234,metaworld,True,61,0.30784895200122264,0,0,0,0,0.15412606298923492,task_success_while_recovery_active_per_intervention,True,False,,aa9eba9f5498f5735575f13bfbed2585b14a776d89a41d198a43391284f00c76,8c503c07dc6dcdd904e948f14d270410c2fbd4d9796f8d9e08451dc34c7d4399,c5023b3d25031a103b9549b6e8c83ba09d69e708ef117c31128a38e03616e5d8,,,full,0.2,True
REIM (ACT + Detector + Recovery),193,8000235,metaworld,True,57,0.12527205600054003,1,1,1,48,0.24976293742656708,task_success_while_recovery_active_per_intervention,True,False,,78e5bb5e01efba4f1a130a8a2b156f8c65942e8374fb5e70b562f7a5a957ffe9,8c503c07dc6dcdd904e948f14d270410c2fbd4d9796f8d9e08451dc34c7d4399,aba21ef1c98d0573e36116c9757115227fd3793cba96aea7eda95c2547314ca3,,,full,0.2,True
REIM (ACT + Detector + Recovery),194,8000236,metaworld,True,59,0.30242035899937036,0,0,0,0,0.17466376721858978,task_success_while_recovery_active_per_intervention,True,False,,4e586c8f1ee18dce696f7c6b9321faff78181c07aae11ef4ce41128e05b2c299,8c503c07dc6dcdd904e948f14d270410c2fbd4d9796f8d9e08451dc34c7d4399,64ee837add19202e84553431fdab118462cf5265eeae19a4d044b5a6818f771d,,,full,0.2,True
REIM (ACT + Detector + Recovery),195,8000237,metaworld,True,55,0.12609147100010887,1,1,1,47,0.3042924702167511,task_success_while_recovery_active_per_intervention,True,False,,d49ef440666d1f9870509df2c54d75af2b3e87ec807f6e18cbcbee5190bde27f,8c503c07dc6dcdd904e948f14d270410c2fbd4d9796f8d9e08451dc34c7d4399,aba21ef1c98d0573e36116c9757115227fd3793cba96aea7eda95c2547314ca3,,,full,0.2,True
REIM (ACT + Detector + Recovery),196,8000238,metaworld,True,52,0.26410184300038964,0,0,0,0,0.1917368769645691,task_success_while_recovery_active_per_intervention,True,False,,df7ffef0f8d68afd8b7827c4275093449bd07b37e89592013bee27e636bcfad9,8c503c07dc6dcdd904e948f14d270410c2fbd4d9796f8d9e08451dc34c7d4399,acfaed29b052207b47b4b7fa76672795fd08de3add8565db05f141de82ece90b,,,full,0.2,True
REIM (ACT + Detector + Recovery),197,8000239,metaworld,True,58,0.2941322990009212,0,0,0,0,0.19005374610424042,task_success_while_recovery_active_per_intervention,True,False,,3a66e96cc237d4cb5d4ac4c67706ec95ea47cbfa9997043158bb3bb465a0808e,8c503c07dc6dcdd904e948f14d270410c2fbd4d9796f8d9e08451dc34c7d4399,6cb8d983459a8e57d4ae53a86da2394015cabba2d7c306dcaf7b14af979ca230,,,full,0.2,True
REIM (ACT + Detector + Recovery),198,8000240,metaworld,False,200,0.5021776109970233,1,0,1,150,0.995232880115509,task_success_while_recovery_active_per_intervention,False,True,timeout,308665724a2e37cec7f5bf20121bce41e4187b2779aa8e916d000c5b8597fc4b,8c503c07dc6dcdd904e948f14d270410c2fbd4d9796f8d9e08451dc34c7d4399,742509487aeb71d366f1ddafa1cb12db2f7cfefe17c4ca89c98cffb67c1c8619,,,full,0.2,True
REIM (ACT + Detector + Recovery),199,8000241,metaworld,True,56,0.14877878400147893,1,1,1,40,0.20770782232284546,task_success_while_recovery_active_per_intervention,True,False,,29081c26d6691692208bff228f4ae665959f2925f011d52892d4f405c3e68a62,8c503c07dc6dcdd904e948f14d270410c2fbd4d9796f8d9e08451dc34c7d4399,5e1df472084de78052388a34f03cad3de438ca9b5dc801b5759dd57c66a7482a,,,full,0.2,True
REIM (ACT + Detector + Recovery),200,8000242,metaworld,True,55,0.1452232030023879,1,1,1,39,0.21713869273662567,task_success_while_recovery_active_per_intervention,True,False,,0e99aaeb5688aaefe51eb62c3c2f960d71e8640dfb4ebea90331e626731a1cd3,8c503c07dc6dcdd904e948f14d270410c2fbd4d9796f8d9e08451dc34c7d4399,588df85fb38ef87f822932ad2f702be807974873e4a07ea43084bbdeeaac6604,,,full,0.2,True
REIM (ACT + Detector + Recovery),201,8000243,metaworld,True,51,0.15179146000082255,1,1,1,31,0.23424814641475677,task_success_while_recovery_active_per_intervention,True,False,,84c1e0a6c02ae3ead4fce8ddebc1993a38afea0cfd02718b51c63eb57a00c929,8c503c07dc6dcdd904e948f14d270410c2fbd4d9796f8d9e08451dc34c7d4399,aa1f17aacdf569c3a2930a2ebbf742ff43f8d3acfc772731a5c344cabcd52570,,,full,0.2,True
REIM (ACT + Detector + Recovery),202,8000244,metaworld,True,53,0.2638972429995192,0,0,0,0,0.18284668028354645,task_success_while_recovery_active_per_intervention,True,False,,adc7b84ca5aa72565c19e631bf97a4ef6e08a72dc095773c3018e12295fdbdfa,8c503c07dc6dcdd904e948f14d270410c2fbd4d9796f8d9e08451dc34c7d4399,56b7f182edcfeefa9301e1edd53d7f36e4418de7e6df1b54b0f0c298cde1b3cd,,,full,0.2,True
REIM (ACT + Detector + Recovery),203,8000245,metaworld,True,51,0.261783566998929,0,0,0,0,0.18236438930034637,task_success_while_recovery_active_per_intervention,True,False,,7288af12dbc3dee0e330fa60583e8406a4e60b3dd1467e32d0577627b9a8ca68,8c503c07dc6dcdd904e948f14d270410c2fbd4d9796f8d9e08451dc34c7d4399,5e1df472084de78052388a34f03cad3de438ca9b5dc801b5759dd57c66a7482a,,,full,0.2,True
REIM (ACT + Detector + Recovery),204,8000246,metaworld,True,55,0.15864401300132158,1,1,1,42,0.24836601316928864,task_success_while_recovery_active_per_intervention,True,False,,53a506eeedc2c62e53654f1b4822820373cef5f863be6c182a0ac29c3b07a103,8c503c07dc6dcdd904e948f14d270410c2fbd4d9796f8d9e08451dc34c7d4399,2eb279a724955c1a9d173681940490ec9cc8ed4fdc15a95533884a23d4ccdb4e,,,full,0.2,True
REIM (ACT + Detector + Recovery),205,8000247,metaworld,True,62,0.334785245002422,0,0,0,0,0.18435001373291016,task_success_while_recovery_active_per_intervention,True,False,,6317a610f9cf6eb878d8cfde04bbe3de38fe0b593e4312937ec0566d7b055604,8c503c07dc6dcdd904e948f14d270410c2fbd4d9796f8d9e08451dc34c7d4399,c5023b3d25031a103b9549b6e8c83ba09d69e708ef117c31128a38e03616e5d8,,,full,0.2,True
REIM (ACT + Detector + Recovery),206,8000248,metaworld,False,200,0.5345715769981325,1,0,1,150,0.9877925515174866,task_success_while_recovery_active_per_intervention,False,True,timeout,eb7d54e25cf988c94a3fad62183f0ba1117f26669fbc239809c57557fefe1d1b,8c503c07dc6dcdd904e948f14d270410c2fbd4d9796f8d9e08451dc34c7d4399,5d73f28d4d24cdbcb36a5e5cd61ec1a82f7287ce56d88da8cea912ed757b164c,,,full,0.2,True
REIM (ACT + Detector + Recovery),207,8000249,metaworld,True,47,0.11595528900215868,1,1,1,37,0.2786376476287842,task_success_while_recovery_active_per_intervention,True,False,,f35426c94884742b036d8e283f52995943a73aa8abc384dcb1c07dd376e003e5,8c503c07dc6dcdd904e948f14d270410c2fbd4d9796f8d9e08451dc34c7d4399,20cf3cfee33051ea4ca25b64648f05450b0068ae0136ae52c3108d28b02f3691,,,full,0.2,True
REIM (ACT + Detector + Recovery),208,8000250,metaworld,True,48,0.24908810399938375,0,0,0,0,0.19999900460243225,task_success_while_recovery_active_per_intervention,True,False,,a7ca029c87b0283f4cc30a77407038759e3d945acd8b3a015cec99315b5a38cd,8c503c07dc6dcdd904e948f14d270410c2fbd4d9796f8d9e08451dc34c7d4399,e6e55bdbd77dc052facbc072d20b08a21d116978c37627b9a3d9dc7989dfbe62,,,full,0.2,True
REIM (ACT + Detector + Recovery),209,8000251,metaworld,True,59,0.13801293000142323,1,1,1,48,0.2626800835132599,task_success_while_recovery_active_per_intervention,True,False,,11ae3dac31a31c75566a1291321e06797e8967acbbcdb9c18f83471142c0c76e,8c503c07dc6dcdd904e948f14d270410c2fbd4d9796f8d9e08451dc34c7d4399,3183afb500ebb9a5af177cccb5b5889a8321eb35261f8ec571269f8b5ed9cd1a,,,full,0.2,True
REIM (ACT + Detector + Recovery),210,8000252,metaworld,True,57,0.17640512100115302,1,1,1,34,0.23851248621940613,task_success_while_recovery_active_per_intervention,True,False,,409eff25166a15104d99293dc29b9a8e2c8922db995b42df96aaecff4adc244e,8c503c07dc6dcdd904e948f14d270410c2fbd4d9796f8d9e08451dc34c7d4399,64ee837add19202e84553431fdab118462cf5265eeae19a4d044b5a6818f771d,,,full,0.2,True
REIM (ACT + Detector + Recovery),211,8000253,metaworld,True,58,0.29179205399850616,0,0,0,0,0.16055898368358612,task_success_while_recovery_active_per_intervention,True,False,,049d6c16abdd1f043478b766cb9d9511ad903fc4b45d95b6104c9f1a35caf4e3,8c503c07dc6dcdd904e948f14d270410c2fbd4d9796f8d9e08451dc34c7d4399,b8e45a2f8f553d53c6eef0305347f910b9999bcae6df6ccaf0eaee6ac864e670,,,full,0.2,True
REIM (ACT + Detector + Recovery),212,8000254,metaworld,True,60,0.18720629800009192,1,1,1,39,0.4357665777206421,task_success_while_recovery_active_per_intervention,True,False,,a5fb38aa460f63359f3ae03e92d9b2f7a2987abc4bd53b6d3eea4c08b49894b5,8c503c07dc6dcdd904e948f14d270410c2fbd4d9796f8d9e08451dc34c7d4399,8a99d46d6d04afe3e2ef92bb607dde5e178b5c37506006c4f364e345976453b1,,,full,0.2,True
REIM (ACT + Detector + Recovery),213,8000255,metaworld,True,52,0.15727777899883222,1,1,1,36,0.23638415336608887,task_success_while_recovery_active_per_intervention,True,False,,d375df25a6192e892858258c3e550d12f4e276f2279ed8c549cf377d03a69c6a,8c503c07dc6dcdd904e948f14d270410c2fbd4d9796f8d9e08451dc34c7d4399,aa1f17aacdf569c3a2930a2ebbf742ff43f8d3acfc772731a5c344cabcd52570,,,full,0.2,True
REIM (ACT + Detector + Recovery),214,8000256,metaworld,True,50,0.2546978530008346,0,0,0,0,0.15433581173419952,task_success_while_recovery_active_per_intervention,True,False,,25ac0388e14490ec211be1e2514fa341ef8a58d74610d296af94439ad28b665c,8c503c07dc6dcdd904e948f14d270410c2fbd4d9796f8d9e08451dc34c7d4399,2ad5907877cc42b4447b9630988e3a1f0da0d83e1f696f71e22dc69905e631b6,,,full,0.2,True
REIM (ACT + Detector + Recovery),215,8000257,metaworld,True,64,0.3533373110003595,0,0,0,0,0.1770266592502594,task_success_while_recovery_active_per_intervention,True,False,,56241fcc9327754aa12b61d19de04ff8ed2d0110c9959a1eabdda7540148d3d5,8c503c07dc6dcdd904e948f14d270410c2fbd4d9796f8d9e08451dc34c7d4399,c5023b3d25031a103b9549b6e8c83ba09d69e708ef117c31128a38e03616e5d8,,,full,0.2,True
REIM (ACT + Detector + Recovery),216,8000258,metaworld,True,57,0.14611665600023116,1,1,1,47,0.30523988604545593,task_success_while_recovery_active_per_intervention,True,False,,2b43a762a003c8fbd0bb840fe11f57638679a789c0ff200827aab19530867030,8c503c07dc6dcdd904e948f14d270410c2fbd4d9796f8d9e08451dc34c7d4399,aba21ef1c98d0573e36116c9757115227fd3793cba96aea7eda95c2547314ca3,,,full,0.2,True
REIM (ACT + Detector + Recovery),217,8000259,metaworld,True,54,0.16196075300103985,1,1,1,37,0.40606316924095154,task_success_while_recovery_active_per_intervention,True,False,,20f242e745c0b9186a2990a82dd75a0a1787cd898b4a412f474705c8f4158b94,8c503c07dc6dcdd904e948f14d270410c2fbd4d9796f8d9e08451dc34c7d4399,342b72dafe0e47ecf8a937cb01e62ac02c2d77bf93dafca59574cbbbfc4ad77b,,,full,0.2,True
REIM (ACT + Detector + Recovery),218,8000260,metaworld,True,54,0.2818104180005321,0,0,0,0,0.10001815110445023,task_success_while_recovery_active_per_intervention,True,False,,d95c008539cfd9cfcf9e45aaf53cc58f89f9db33495ec5e4d50593991889a2f8,8c503c07dc6dcdd904e948f14d270410c2fbd4d9796f8d9e08451dc34c7d4399,742509487aeb71d366f1ddafa1cb12db2f7cfefe17c4ca89c98cffb67c1c8619,,,full,0.2,True
REIM (ACT + Detector + Recovery),219,8000261,metaworld,True,50,0.15319047099910676,1,1,1,29,0.40586617588996887,task_success_while_recovery_active_per_intervention,True,False,,814777b97c68e0d333fa2b4d2caa7fe9833e983dcfee4548faf6c41a84293787,8c503c07dc6dcdd904e948f14d270410c2fbd4d9796f8d9e08451dc34c7d4399,e6e55bdbd77dc052facbc072d20b08a21d116978c37627b9a3d9dc7989dfbe62,,,full,0.2,True
REIM (ACT + Detector + Recovery),220,8000262,metaworld,True,57,0.13645159099905868,1,1,1,45,0.23958861827850342,task_success_while_recovery_active_per_intervention,True,False,,f2ccbcf316af9506c3c26337a540729ba188bd50fdd451ee7f5955880f230b06,8c503c07dc6dcdd904e948f14d270410c2fbd4d9796f8d9e08451dc34c7d4399,6cb8d983459a8e57d4ae53a86da2394015cabba2d7c306dcaf7b14af979ca230,,,full,0.2,True
REIM (ACT + Detector + Recovery),221,8000263,metaworld,True,53,0.26736032699773205,0,0,0,0,0.10478616505861282,task_success_while_recovery_active_per_intervention,True,False,,78bc28f0c0e3c58375e3ee2b10bb082e60108bb0a96a593f630927c0d8b0fdcf,8c503c07dc6dcdd904e948f14d270410c2fbd4d9796f8d9e08451dc34c7d4399,742509487aeb71d366f1ddafa1cb12db2f7cfefe17c4ca89c98cffb67c1c8619,,,full,0.2,True
REIM (ACT + Detector + Recovery),222,8000264,metaworld,True,53,0.13877833900187397,1,1,1,38,0.2780695855617523,task_success_while_recovery_active_per_intervention,True,False,,a0d355ff3b6e782935ec2a805390a9e33ba37a143a6b0888c81f2768bb5a6376,8c503c07dc6dcdd904e948f14d270410c2fbd4d9796f8d9e08451dc34c7d4399,08a97a6dfa17f78b5cc5b1351d60038e4a40a68fc93722672482714333b1d9b5,,,full,0.2,True
REIM (ACT + Detector + Recovery),223,8000265,metaworld,True,55,0.17265157699876,1,1,1,32,0.279949426651001,task_success_while_recovery_active_per_intervention,True,False,,6a6664f15c4b334c64098b6a75c865d9c1fec6176735e7c9a8cb5fe7af532c06,8c503c07dc6dcdd904e948f14d270410c2fbd4d9796f8d9e08451dc34c7d4399,f82ceac6f8787ac22c378edc1f141cedcc86bf9309b43f1aff6633ae0a963abb,,,full,0.2,True
REIM (ACT + Detector + Recovery),224,8000266,metaworld,True,61,0.14911327300069388,1,1,1,50,0.23606671392917633,task_success_while_recovery_active_per_intervention,True,False,,49a09476a0fc5b05834662241953d430f9871ce8023dbdb50859842af0fee4eb,8c503c07dc6dcdd904e948f14d270410c2fbd4d9796f8d9e08451dc34c7d4399,3183afb500ebb9a5af177cccb5b5889a8321eb35261f8ec571269f8b5ed9cd1a,,,full,0.2,True
REIM (ACT + Detector + Recovery),225,8000267,metaworld,True,54,0.1669213729983312,1,1,1,32,0.3206322491168976,task_success_while_recovery_active_per_intervention,True,False,,40c45da2404f13709ed3eef019ac68634f2d5eab91a3351e2d3242023f7f3891,8c503c07dc6dcdd904e948f14d270410c2fbd4d9796f8d9e08451dc34c7d4399,acfaed29b052207b47b4b7fa76672795fd08de3add8565db05f141de82ece90b,,,full,0.2,True
REIM (ACT + Detector + Recovery),226,8000268,metaworld,True,49,0.24000567000257433,0,0,0,0,0.183892160654068,task_success_while_recovery_active_per_intervention,True,False,,f465aac26912c5770e881c368548de819e4c821d0156784f48b9c0ab3db5561c,8c503c07dc6dcdd904e948f14d270410c2fbd4d9796f8d9e08451dc34c7d4399,08a97a6dfa17f78b5cc5b1351d60038e4a40a68fc93722672482714333b1d9b5,,,full,0.2,True
REIM (ACT + Detector + Recovery),227,8000269,metaworld,True,48,0.14050898299683467,1,1,1,30,0.2660488188266754,task_success_while_recovery_active_per_intervention,True,False,,6b6edfa086f9113ddc5d3df2896c8a8249fb2c3ea4115238a52f47e637cda0ad,8c503c07dc6dcdd904e948f14d270410c2fbd4d9796f8d9e08451dc34c7d4399,27e1ed8c670f23dae46752497e383610e58c248d638e3b9b707808a32ce33d4e,,,full,0.2,True
REIM (ACT + Detector + Recovery),228,8000270,metaworld,True,54,0.1752508060017135,1,1,1,28,0.2332916557788849,task_success_while_recovery_active_per_intervention,True,False,,0d1c95452d7bf7575613961de8b3972f8c00e647c0031856296f8b23f9dd3243,8c503c07dc6dcdd904e948f14d270410c2fbd4d9796f8d9e08451dc34c7d4399,f82ceac6f8787ac22c378edc1f141cedcc86bf9309b43f1aff6633ae0a963abb,,,full,0.2,True
REIM (ACT + Detector + Recovery),229,8000271,metaworld,True,59,0.13806409800235997,1,1,1,48,0.2381630688905716,task_success_while_recovery_active_per_intervention,True,False,,55a352332ff28e077db3e948a602ff2e04620a957a28e6cadaed6d0c642823d9,8c503c07dc6dcdd904e948f14d270410c2fbd4d9796f8d9e08451dc34c7d4399,0f719f94ef165c0b816b8b10c3f4f5fcf802c9f5a25141035590310315749280,,,full,0.2,True
REIM (ACT + Detector + Recovery),230,8000272,metaworld,False,200,0.5181535119991167,1,0,1,147,0.9783633947372437,task_success_while_recovery_active_per_intervention,False,True,object_dropped,4a69949dc1f6b365df17291001c58908f52b54429c124b32a6d17766eee7c892,8c503c07dc6dcdd904e948f14d270410c2fbd4d9796f8d9e08451dc34c7d4399,5732f26a5a3acd61cb38107328c80d8fadad8368570aba69b803668406e8f53d,,,full,0.2,True
REIM (ACT + Detector + Recovery),231,8000273,metaworld,True,53,0.13792529000056675,1,1,1,38,0.32196351885795593,task_success_while_recovery_active_per_intervention,True,False,,26bbfde43cc04fa591381121c7420eb5cb50847b0b2f938156f3ce2fd84968c4,8c503c07dc6dcdd904e948f14d270410c2fbd4d9796f8d9e08451dc34c7d4399,342b72dafe0e47ecf8a937cb01e62ac02c2d77bf93dafca59574cbbbfc4ad77b,,,full,0.2,True
REIM (ACT + Detector + Recovery),232,8000274,metaworld,True,52,0.1370103779991041,1,1,1,39,0.22921521961688995,task_success_while_recovery_active_per_intervention,True,False,,ba9be12121a1ff6d819cb8f4fd9595e0ed71dfbe65647a6c6c49db57335a2336,8c503c07dc6dcdd904e948f14d270410c2fbd4d9796f8d9e08451dc34c7d4399,35aa26efb4a8651c1d8f46a573d3d4fea76add87b5c76a00531e1cea9ad04412,,,full,0.2,True
REIM (ACT + Detector + Recovery),233,8000275,metaworld,True,54,0.28438061899942113,0,0,0,0,0.1217007115483284,task_success_while_recovery_active_per_intervention,True,False,,51dfdb3055a231c0b7567a655a6ab480c0c4a11acd2a9ab73ffa108a72be93b5,8c503c07dc6dcdd904e948f14d270410c2fbd4d9796f8d9e08451dc34c7d4399,64ee837add19202e84553431fdab118462cf5265eeae19a4d044b5a6818f771d,,,full,0.2,True
REIM (ACT + Detector + Recovery),234,8000276,metaworld,True,51,0.138449499001581,1,1,1,37,0.3109169006347656,task_success_while_recovery_active_per_intervention,True,False,,9151ed727125111163e0e9055029be8ef41790007d3d7cf25fddc6f7033fbaaf,8c503c07dc6dcdd904e948f14d270410c2fbd4d9796f8d9e08451dc34c7d4399,cea0b9105255f82e0ee99bfb3998a6edce02b446d4b14afb0747282cd18aa202,,,full,0.2,True
REIM (ACT + Detector + Recovery),235,8000277,metaworld,True,54,0.28236570800072514,0,0,0,0,0.18722914159297943,task_success_while_recovery_active_per_intervention,True,False,,1b34ae6a6957ce398feff1a8b7c6999a17da471989dd7925e674ea7bc1cbe4b8,8c503c07dc6dcdd904e948f14d270410c2fbd4d9796f8d9e08451dc34c7d4399,6943489118fc060756e24fd47685e2c10173293d54af0af7e8afa9e287c9c5f1,,,full,0.2,True
REIM (ACT + Detector + Recovery),236,8000278,metaworld,True,61,0.30266018099791836,0,0,0,0,0.16579271852970123,task_success_while_recovery_active_per_intervention,True,False,,c346c1d2189dcd2725a7fe93355d82f20f2de2baeec7743a9577a5e0639f10cb,8c503c07dc6dcdd904e948f14d270410c2fbd4d9796f8d9e08451dc34c7d4399,e216352c7f1c7392270c7c501bb599f2a46f420613a124fda0729ab88160cdf2,,,full,0.2,True
REIM (ACT + Detector + Recovery),237,8000279,metaworld,True,53,0.13565477899828693,1,1,1,41,0.339883029460907,task_success_while_recovery_active_per_intervention,True,False,,24120bbe87bfbe94d9d36c83865d1e613c576c1b384d5e0847df707295614dd6,8c503c07dc6dcdd904e948f14d270410c2fbd4d9796f8d9e08451dc34c7d4399,504c23f653f6cdee9d659d9320b164606b319d4f0e9cdf0f3a87e2fc7a98160a,,,full,0.2,True
REIM (ACT + Detector + Recovery),238,8000280,metaworld,True,58,0.13903008600027533,1,1,1,49,0.4036741554737091,task_success_while_recovery_active_per_intervention,True,False,,b89e3698b049e3313ccbf1404dda57b257c347e0525901ede1c115bee9e74ffc,8c503c07dc6dcdd904e948f14d270410c2fbd4d9796f8d9e08451dc34c7d4399,ba19e0623fe05add91e00811bacb33e27305f5fcb6549be6f6278ebce6046101,,,full,0.2,True
REIM (ACT + Detector + Recovery),239,8000281,metaworld,True,49,0.16490147900185548,1,1,1,25,0.2128245234489441,task_success_while_recovery_active_per_intervention,True,False,,ed9f5ee96c61008a492ca87b268dd1a0d586fbbf1620f98c501c4146a607600a,8c503c07dc6dcdd904e948f14d270410c2fbd4d9796f8d9e08451dc34c7d4399,08a97a6dfa17f78b5cc5b1351d60038e4a40a68fc93722672482714333b1d9b5,,,full,0.2,True
REIM (ACT + Detector + Recovery),240,8000282,metaworld,True,50,0.2487804270022025,0,0,0,0,0.1559719443321228,task_success_while_recovery_active_per_intervention,True,False,,a854bc5eb119af89249c83c21828240ee35413eee84f4c5d4bf40e8de16371d0,8c503c07dc6dcdd904e948f14d270410c2fbd4d9796f8d9e08451dc34c7d4399,56b7f182edcfeefa9301e1edd53d7f36e4418de7e6df1b54b0f0c298cde1b3cd,,,full,0.2,True
REIM (ACT + Detector + Recovery),241,8000283,metaworld,True,57,0.2854772739992768,0,0,0,0,0.1219194158911705,task_success_while_recovery_active_per_intervention,True,False,,0bcbd68cebc7193f758fd8d355ca1757aa7fb66af19cac7d829dfbe53e6a22b3,8c503c07dc6dcdd904e948f14d270410c2fbd4d9796f8d9e08451dc34c7d4399,a0b103bf3e43f4aa92753185301eba5e2e31594285004b99f51a59b33bd2d620,,,full,0.2,True
REIM (ACT + Detector + Recovery),242,8000284,metaworld,True,54,0.26919582900154637,0,0,0,0,0.1925297975540161,task_success_while_recovery_active_per_intervention,True,False,,e6df674e7aa64714ec72809c2285f48362947cd9295f0bb4249449ddcb2c1de9,8c503c07dc6dcdd904e948f14d270410c2fbd4d9796f8d9e08451dc34c7d4399,5e1df472084de78052388a34f03cad3de438ca9b5dc801b5759dd57c66a7482a,,,full,0.2,True
REIM (ACT + Detector + Recovery),243,8000285,metaworld,True,52,0.1595948159992986,1,1,1,31,0.2638242244720459,task_success_while_recovery_active_per_intervention,True,False,,dfb9f1a8e84a901c057deeb77404e506d15bc23587f9f0f8543fc68a710cd799,8c503c07dc6dcdd904e948f14d270410c2fbd4d9796f8d9e08451dc34c7d4399,504c23f653f6cdee9d659d9320b164606b319d4f0e9cdf0f3a87e2fc7a98160a,,,full,0.2,True
REIM (ACT + Detector + Recovery),244,8000286,metaworld,True,51,0.2503256039999542,0,0,0,0,0.1674126386642456,task_success_while_recovery_active_per_intervention,True,False,,e5cf8f03fc32103b2146e9684f9db653e9cc9ecff8a2a89c4753244794e44515,8c503c07dc6dcdd904e948f14d270410c2fbd4d9796f8d9e08451dc34c7d4399,2ad5907877cc42b4447b9630988e3a1f0da0d83e1f696f71e22dc69905e631b6,,,full,0.2,True
REIM (ACT + Detector + Recovery),245,8000287,metaworld,True,57,0.27903240399973583,0,0,0,0,0.17312246561050415,task_success_while_recovery_active_per_intervention,True,False,,b78f5441e3311b76b5de34f7b1db85316fb976ce18189166b42d6a74f65b4a15,8c503c07dc6dcdd904e948f14d270410c2fbd4d9796f8d9e08451dc34c7d4399,a0b103bf3e43f4aa92753185301eba5e2e31594285004b99f51a59b33bd2d620,,,full,0.2,True
REIM (ACT + Detector + Recovery),246,8000288,metaworld,True,56,0.1495933080004761,1,1,1,39,0.2724885642528534,task_success_while_recovery_active_per_intervention,True,False,,91becfe017c179d5436f0a7fb29e02ac009e090744aa5495cf12eb2dd28b1c02,8c503c07dc6dcdd904e948f14d270410c2fbd4d9796f8d9e08451dc34c7d4399,8a99d46d6d04afe3e2ef92bb607dde5e178b5c37506006c4f364e345976453b1,,,full,0.2,True
REIM (ACT + Detector + Recovery),247,8000289,metaworld,True,55,0.16654252399894176,1,1,1,31,0.26570042967796326,task_success_while_recovery_active_per_intervention,True,False,,fca9c8a79653c60ac0043625027e1c93f5bd8fc801ee1afd3c10149f19e83d03,8c503c07dc6dcdd904e948f14d270410c2fbd4d9796f8d9e08451dc34c7d4399,f82ceac6f8787ac22c378edc1f141cedcc86bf9309b43f1aff6633ae0a963abb,,,full,0.2,True
REIM (ACT + Detector + Recovery),248,8000290,metaworld,True,53,0.11087655700248433,1,1,1,46,0.6278205513954163,task_success_while_recovery_active_per_intervention,True,False,,594875d3784f28c90816cd2c54b5ab3d0c6be9c9ead70b0c432cdbaccfa70171,8c503c07dc6dcdd904e948f14d270410c2fbd4d9796f8d9e08451dc34c7d4399,35aa26efb4a8651c1d8f46a573d3d4fea76add87b5c76a00531e1cea9ad04412,,,full,0.2,True
REIM (ACT + Detector + Recovery),249,8000291,metaworld,True,60,0.29431760200168355,0,0,0,0,0.14947834610939026,task_success_while_recovery_active_per_intervention,True,False,,f21b9decb2278df2a5bc0b2db03d8663cae00374371bb3c72df35590e6d4754d,8c503c07dc6dcdd904e948f14d270410c2fbd4d9796f8d9e08451dc34c7d4399,5732f26a5a3acd61cb38107328c80d8fadad8368570aba69b803668406e8f53d,,,full,0.2,True
REIM (ACT + Detector + Recovery),250,8000292,metaworld,True,58,0.14662129000134883,1,1,1,43,0.3572916090488434,task_success_while_recovery_active_per_intervention,True,False,,249df828bc5aeda20d6c83c79f128d8221add27e30b78f8318e234ff574e76f1,8c503c07dc6dcdd904e948f14d270410c2fbd4d9796f8d9e08451dc34c7d4399,942fb6a87dc1e3eb7bf7bb111c97e7096138256b4a9a6b4c62a012fabe8bec38,,,full,0.2,True
REIM (ACT + Detector + Recovery),251,8000293,metaworld,True,58,0.12655515900041792,1,1,1,49,0.4401715099811554,task_success_while_recovery_active_per_intervention,True,False,,58b66834454962ef9859c6b0ead4d4557af87a9a40625cb473b49ed86d0a808d,8c503c07dc6dcdd904e948f14d270410c2fbd4d9796f8d9e08451dc34c7d4399,588df85fb38ef87f822932ad2f702be807974873e4a07ea43084bbdeeaac6604,,,full,0.2,True
REIM (ACT + Detector + Recovery),252,8000294,metaworld,True,57,0.12878857599935145,1,1,1,47,0.2848348021507263,task_success_while_recovery_active_per_intervention,True,False,,aa410d0276e7d82c962771eb550591e573c29d4e2acd8644f13066f540114adc,8c503c07dc6dcdd904e948f14d270410c2fbd4d9796f8d9e08451dc34c7d4399,0f719f94ef165c0b816b8b10c3f4f5fcf802c9f5a25141035590310315749280,,,full,0.2,True
REIM (ACT + Detector + Recovery),253,8000295,metaworld,True,58,0.12438141099846689,1,1,1,50,0.30053505301475525,task_success_while_recovery_active_per_intervention,True,False,,fb15aab2c598f92ae49d160c6c4908a817cbd3c4d231081f912a7772acc28aa5,8c503c07dc6dcdd904e948f14d270410c2fbd4d9796f8d9e08451dc34c7d4399,39001749c902e2ab9d015efb8c7644faffff99810b709d3203dc359d5eacdcbd,,,full,0.2,True
REIM (ACT + Detector + Recovery),254,8000296,metaworld,True,54,0.12303738999980851,1,1,1,44,0.23446926474571228,task_success_while_recovery_active_per_intervention,True,False,,77f79dc12dc01b50678b350ccba7496d5f0a50d593c1bc8374651b0e2170aa0d,8c503c07dc6dcdd904e948f14d270410c2fbd4d9796f8d9e08451dc34c7d4399,bb2c6b1aed959fa3ddddb1c215ce67cbb5b0ec080eb65fb58e06b7776849a096,,,full,0.2,True
REIM (ACT + Detector + Recovery),255,8000297,metaworld,True,54,0.26246823299879907,0,0,0,0,0.15796685218811035,task_success_while_recovery_active_per_intervention,True,False,,405d2778dcc9d10507d15969330706f7ac53f22af4a838d40e168037ef9f0f6b,8c503c07dc6dcdd904e948f14d270410c2fbd4d9796f8d9e08451dc34c7d4399,0f719f94ef165c0b816b8b10c3f4f5fcf802c9f5a25141035590310315749280,,,full,0.2,True
REIM (ACT + Detector + Recovery),256,8000298,metaworld,True,57,0.12601075500060688,1,1,1,49,0.3934508264064789,task_success_while_recovery_active_per_intervention,True,False,,8c5470be69556757ca7cf3bea960553b39820f4444afc2e634a56cbe01813fef,8c503c07dc6dcdd904e948f14d270410c2fbd4d9796f8d9e08451dc34c7d4399,aba21ef1c98d0573e36116c9757115227fd3793cba96aea7eda95c2547314ca3,,,full,0.2,True
REIM (ACT + Detector + Recovery),257,8000299,metaworld,True,52,0.16699868000068818,1,1,1,28,0.22417446970939636,task_success_while_recovery_active_per_intervention,True,False,,2a7b37452c9b89a9ec21ca375c29782b2f831e97d0d7e9e208addcd2d9046a07,8c503c07dc6dcdd904e948f14d270410c2fbd4d9796f8d9e08451dc34c7d4399,342b72dafe0e47ecf8a937cb01e62ac02c2d77bf93dafca59574cbbbfc4ad77b,,,full,0.2,True
REIM (ACT + Detector + Recovery),258,8000300,metaworld,True,58,0.28584823300116113,0,0,0,0,0.13230262696743011,task_success_while_recovery_active_per_intervention,True,False,,409fdc001402ea4d2c0de9bc5d204fdf740d0afd6b9406fb5a02cb014b4ed1fb,8c503c07dc6dcdd904e948f14d270410c2fbd4d9796f8d9e08451dc34c7d4399,48ce9609a38b32e56f7e6a43ffef71c21c8b1d17ed5a63d47701bc1dfc3ff271,,,full,0.2,True
REIM (ACT + Detector + Recovery),259,8000301,metaworld,False,200,0.5382183420006186,1,0,1,137,0.9988862872123718,task_success_while_recovery_active_per_intervention,False,True,object_dropped,0bf2e8e1b571b82641fcb082687713aa98221f24721af326b610cc19fa11de34,8c503c07dc6dcdd904e948f14d270410c2fbd4d9796f8d9e08451dc34c7d4399,64ee837add19202e84553431fdab118462cf5265eeae19a4d044b5a6818f771d,,,full,0.2,True
REIM (ACT + Detector + Recovery),260,8000302,metaworld,True,55,0.13384684899938293,1,1,1,42,0.271949827671051,task_success_while_recovery_active_per_intervention,True,False,,a584fc0ed39660aacaa0cf1711f0b65a289be0081abd3ec6dbf1399a4211001c,8c503c07dc6dcdd904e948f14d270410c2fbd4d9796f8d9e08451dc34c7d4399,942fb6a87dc1e3eb7bf7bb111c97e7096138256b4a9a6b4c62a012fabe8bec38,,,full,0.2,True
REIM (ACT + Detector + Recovery),261,8000303,metaworld,True,57,0.2792422409984283,1,1,1,1,0.2056809514760971,task_success_while_recovery_active_per_intervention,True,False,,bef4dfa480d74e317e31f1a64b64f6fc94fd9f9b046d80da8db7dabd074a1771,8c503c07dc6dcdd904e948f14d270410c2fbd4d9796f8d9e08451dc34c7d4399,4e97203f8ce1a96cef19545d4c4c300d0de39e4f94bd1941cef7ebc3dd48be02,,,full,0.2,True
REIM (ACT + Detector + Recovery),262,8000304,metaworld,True,47,0.1397148500000185,1,1,1,28,0.24483802914619446,task_success_while_recovery_active_per_intervention,True,False,,1fc27e4ccd409bdc2fa3faea38925f5005d3f14688a78cbe23b4a821c9157070,8c503c07dc6dcdd904e948f14d270410c2fbd4d9796f8d9e08451dc34c7d4399,27e1ed8c670f23dae46752497e383610e58c248d638e3b9b707808a32ce33d4e,,,full,0.2,True
REIM (ACT + Detector + Recovery),263,8000305,metaworld,True,54,0.12753625999903306,1,1,1,43,0.32915279269218445,task_success_while_recovery_active_per_intervention,True,False,,9fe9fa3ebd87e6a9054a8b2efa028aade649deca74766f413923627c2c71ac1f,8c503c07dc6dcdd904e948f14d270410c2fbd4d9796f8d9e08451dc34c7d4399,15a9adece7ebea14bdf37f5376e274c6dce4711281025cf35060933ba9ab8ad3,,,full,0.2,True
REIM (ACT + Detector + Recovery),264,8000306,metaworld,True,62,0.3118424620006408,0,0,0,0,0.17904166877269745,task_success_while_recovery_active_per_intervention,True,False,,8d522c343e4eb5958e7b305372dcc35b86e56704d729988bf065b44993c1885c,8c503c07dc6dcdd904e948f14d270410c2fbd4d9796f8d9e08451dc34c7d4399,1c856fdcb5da12c3fa2d15b38741aa980fa3a47e64fb99f8635817590128f9ea,,,full,0.2,True
REIM (ACT + Detector + Recovery),265,8000307,metaworld,True,64,0.31576970699825324,0,0,0,0,0.1581830531358719,task_success_while_recovery_active_per_intervention,True,False,,9b9e6d093cf9e44f769e05a401560cf152a20e88638426979f0d501daf934a3f,8c503c07dc6dcdd904e948f14d270410c2fbd4d9796f8d9e08451dc34c7d4399,c5023b3d25031a103b9549b6e8c83ba09d69e708ef117c31128a38e03616e5d8,,,full,0.2,True
REIM (ACT + Detector + Recovery),266,8000308,metaworld,True,65,0.1593593920006242,1,1,1,51,0.23728211224079132,task_success_while_recovery_active_per_intervention,True,False,,6255f2b699a7dc44e1481929c06544ae54bf0622df1452cf04d5b87776f033e1,8c503c07dc6dcdd904e948f14d270410c2fbd4d9796f8d9e08451dc34c7d4399,b8e45a2f8f553d53c6eef0305347f910b9999bcae6df6ccaf0eaee6ac864e670,,,full,0.2,True
REIM (ACT + Detector + Recovery),267,8000309,metaworld,True,53,0.14337584800159675,1,1,1,36,0.32415488362312317,task_success_while_recovery_active_per_intervention,True,False,,39cf10c33797fe3d25fe591b9ef79b49e2a8882967922ff041331b1a37855e69,8c503c07dc6dcdd904e948f14d270410c2fbd4d9796f8d9e08451dc34c7d4399,504c23f653f6cdee9d659d9320b164606b319d4f0e9cdf0f3a87e2fc7a98160a,,,full,0.2,True
REIM (ACT + Detector + Recovery),268,8000310,metaworld,True,50,0.1360528350014647,1,1,1,34,0.24809794127941132,task_success_while_recovery_active_per_intervention,True,False,,f4a5781ca05621d05c5e3d08f59447d1d62fad9b7f5454868a42c18ae06cba64,8c503c07dc6dcdd904e948f14d270410c2fbd4d9796f8d9e08451dc34c7d4399,27e1ed8c670f23dae46752497e383610e58c248d638e3b9b707808a32ce33d4e,,,full,0.2,True
REIM (ACT + Detector + Recovery),269,8000311,metaworld,True,49,0.14247530400098185,1,1,1,30,0.2549363076686859,task_success_while_recovery_active_per_intervention,True,False,,c6aba29278d9f1ee459fc1cee0fe2b45e45de65ac2fc380975fcf329f78a2291,8c503c07dc6dcdd904e948f14d270410c2fbd4d9796f8d9e08451dc34c7d4399,e6e55bdbd77dc052facbc072d20b08a21d116978c37627b9a3d9dc7989dfbe62,,,full,0.2,True
REIM (ACT + Detector + Recovery),270,8000312,metaworld,True,57,0.1260753470014606,1,1,1,48,0.3549325168132782,task_success_while_recovery_active_per_intervention,True,False,,f9f9bc456dc7a20c6a3e7452a94b4c8bac43308b44c9d21b6cfe53687247a813,8c503c07dc6dcdd904e948f14d270410c2fbd4d9796f8d9e08451dc34c7d4399,0f719f94ef165c0b816b8b10c3f4f5fcf802c9f5a25141035590310315749280,,,full,0.2,True
REIM (ACT + Detector + Recovery),271,8000313,metaworld,True,58,0.28144234600040363,0,0,0,0,0.18567489087581635,task_success_while_recovery_active_per_intervention,True,False,,0d84cf53bb41dd9ac5d2fc0cc4cb0b087abe32b34ce288bf17d4144583b49ce3,8c503c07dc6dcdd904e948f14d270410c2fbd4d9796f8d9e08451dc34c7d4399,524e161a612d94c222d06154bcd0129d0851b8fad51ae883abbef6e86d43cbb0,,,full,0.2,True
REIM (ACT + Detector + Recovery),272,8000314,metaworld,True,48,0.1580350019976322,1,1,1,23,0.20304840803146362,task_success_while_recovery_active_per_intervention,True,False,,2ee73cf9805009420276f883dfc7f11e4ee909b376287458c71a2bf80ec4fdc0,8c503c07dc6dcdd904e948f14d270410c2fbd4d9796f8d9e08451dc34c7d4399,08a97a6dfa17f78b5cc5b1351d60038e4a40a68fc93722672482714333b1d9b5,,,full,0.2,True
REIM (ACT + Detector + Recovery),273,8000315,metaworld,True,59,0.1494599539983028,1,1,1,47,0.22986485064029694,task_success_while_recovery_active_per_intervention,True,False,,de40af20ef0526c21677762beea42dcff16007f8106b224ad116ef57bd42d719,8c503c07dc6dcdd904e948f14d270410c2fbd4d9796f8d9e08451dc34c7d4399,0f719f94ef165c0b816b8b10c3f4f5fcf802c9f5a25141035590310315749280,,,full,0.2,True
REIM (ACT + Detector + Recovery),274,8000316,metaworld,True,56,0.29208790099801263,0,0,0,0,0.12244898825883865,task_success_while_recovery_active_per_intervention,True,False,,6b4a260efac82fcf5605400c71b27e735376ec6217b7965a71bdac9d1895486f,8c503c07dc6dcdd904e948f14d270410c2fbd4d9796f8d9e08451dc34c7d4399,f6a9ed9055e00c868d6771022c2c557a6a48990bdacbed585d07cde857d4755a,,,full,0.2,True
REIM (ACT + Detector + Recovery),275,8000317,metaworld,True,60,0.13001982100104215,1,1,1,51,0.5450487732887268,task_success_while_recovery_active_per_intervention,True,False,,97d1e4f028c73c9e3ad2af569b0ad7cafd88f27343ef326d69cdf205962fe321,8c503c07dc6dcdd904e948f14d270410c2fbd4d9796f8d9e08451dc34c7d4399,0f719f94ef165c0b816b8b10c3f4f5fcf802c9f5a25141035590310315749280,,,full,0.2,True
REIM (ACT + Detector + Recovery),276,8000318,metaworld,True,50,0.24177392699857592,0,0,0,0,0.16583503782749176,task_success_while_recovery_active_per_intervention,True,False,,5c4f5bc4c3962d9d0a917745fda30c6fc9b85921eddc1fd8a877279373d39030,8c503c07dc6dcdd904e948f14d270410c2fbd4d9796f8d9e08451dc34c7d4399,5d73f28d4d24cdbcb36a5e5cd61ec1a82f7287ce56d88da8cea912ed757b164c,,,full,0.2,True
REIM (ACT + Detector + Recovery),277,8000319,metaworld,True,59,0.2888025270003709,0,0,0,0,0.15207654237747192,task_success_while_recovery_active_per_intervention,True,False,,4d20feb35b0e3995d90d1362c7e580aedd0dfd8527201cb4266257144ced66f3,8c503c07dc6dcdd904e948f14d270410c2fbd4d9796f8d9e08451dc34c7d4399,a0b103bf3e43f4aa92753185301eba5e2e31594285004b99f51a59b33bd2d620,,,full,0.2,True
REIM (ACT + Detector + Recovery),278,8000320,metaworld,True,55,0.12400508200153126,1,1,1,47,0.4544219374656677,task_success_while_recovery_active_per_intervention,True,False,,7947e7e69e25d138143c0ae68cc73ce4cf22d6b0cb1cc00b738a4d57235a7316,8c503c07dc6dcdd904e948f14d270410c2fbd4d9796f8d9e08451dc34c7d4399,35aa26efb4a8651c1d8f46a573d3d4fea76add87b5c76a00531e1cea9ad04412,,,full,0.2,True
REIM (ACT + Detector + Recovery),279,8000321,metaworld,True,57,0.1704963480005972,1,1,1,37,0.2099602222442627,task_success_while_recovery_active_per_intervention,True,False,,8ae2759428c573487c26a45a64b9cfa1d540808c586ba605fd802b617a7646f0,8c503c07dc6dcdd904e948f14d270410c2fbd4d9796f8d9e08451dc34c7d4399,0cda21f8ffacf0a1e40e7b0e858a8e2ddc276972106d4bced99d4404b4a13fd8,,,full,0.2,True
REIM (ACT + Detector + Recovery),280,8000322,metaworld,True,49,0.11453557900313172,1,1,1,41,0.5924168825149536,task_success_while_recovery_active_per_intervention,True,False,,cfb8d0a1e6e9e2934e8fbae9eb72e4548b7013b9dd8d7530bc99b952b8e70550,8c503c07dc6dcdd904e948f14d270410c2fbd4d9796f8d9e08451dc34c7d4399,20cf3cfee33051ea4ca25b64648f05450b0068ae0136ae52c3108d28b02f3691,,,full,0.2,True
REIM (ACT + Detector + Recovery),281,8000323,metaworld,True,59,0.3073678939981619,0,0,0,0,0.18384937942028046,task_success_while_recovery_active_per_intervention,True,False,,452e20d692f62bdd12607994be2b77969885fff38091b77968aa8f68ee4c1772,8c503c07dc6dcdd904e948f14d270410c2fbd4d9796f8d9e08451dc34c7d4399,6cb8d983459a8e57d4ae53a86da2394015cabba2d7c306dcaf7b14af979ca230,,,full,0.2,True
REIM (ACT + Detector + Recovery),282,8000324,metaworld,True,59,0.2971751379991474,0,0,0,0,0.11415579169988632,task_success_while_recovery_active_per_intervention,True,False,,8f3f143b7af54e58e6376ef308636318e50e7db149bcb3741259cea9d12f93e4,8c503c07dc6dcdd904e948f14d270410c2fbd4d9796f8d9e08451dc34c7d4399,f6a9ed9055e00c868d6771022c2c557a6a48990bdacbed585d07cde857d4755a,,,full,0.2,True
REIM (ACT + Detector + Recovery),283,8000325,metaworld,True,49,0.14839859299900127,1,1,1,29,0.2232813686132431,task_success_while_recovery_active_per_intervention,True,False,,c195abd7cee7e0de0b6be8ab485544ba8597c2b88bd81fbae0fcefe831f1a2c9,8c503c07dc6dcdd904e948f14d270410c2fbd4d9796f8d9e08451dc34c7d4399,27e1ed8c670f23dae46752497e383610e58c248d638e3b9b707808a32ce33d4e,,,full,0.2,True
REIM (ACT + Detector + Recovery),284,8000326,metaworld,True,52,0.2588290229978156,0,0,0,0,0.15017695724964142,task_success_while_recovery_active_per_intervention,True,False,,811707dc45c2ba3524fd301b964986cb00099774b6a955b41f27aedd42ffa913,8c503c07dc6dcdd904e948f14d270410c2fbd4d9796f8d9e08451dc34c7d4399,15a9adece7ebea14bdf37f5376e274c6dce4711281025cf35060933ba9ab8ad3,,,full,0.2,True
REIM (ACT + Detector + Recovery),285,8000327,metaworld,True,55,0.15208892099690274,1,1,1,37,0.20556576550006866,task_success_while_recovery_active_per_intervention,True,False,,56d88e6772e83f191826614164c0288a972e50d23b0980215802e1a912dc457e,8c503c07dc6dcdd904e948f14d270410c2fbd4d9796f8d9e08451dc34c7d4399,6943489118fc060756e24fd47685e2c10173293d54af0af7e8afa9e287c9c5f1,,,full,0.2,True
REIM (ACT + Detector + Recovery),286,8000328,metaworld,True,57,0.2946975699996983,0,0,0,0,0.12723177671432495,task_success_while_recovery_active_per_intervention,True,False,,7779538051273cec52ebc804bbc0aed363d19ff44684188b1f969f427d383bdc,8c503c07dc6dcdd904e948f14d270410c2fbd4d9796f8d9e08451dc34c7d4399,25805a097f1f4b8c203ec3c130dcd3e66b5fb3ad298114a08662aae6c86fa673,,,full,0.2,True
REIM (ACT + Detector + Recovery),287,8000329,metaworld,True,57,0.15068218899978092,1,1,1,45,0.3798757493495941,task_success_while_recovery_active_per_intervention,True,False,,0eceb9faeee0e3e2ee29059b5193aebb8df4d360ff084ddd2892ed536e6cf482,8c503c07dc6dcdd904e948f14d270410c2fbd4d9796f8d9e08451dc34c7d4399,2eb279a724955c1a9d173681940490ec9cc8ed4fdc15a95533884a23d4ccdb4e,,,full,0.2,True
REIM (ACT + Detector + Recovery),288,8000330,metaworld,False,200,0.6322198620000563,1,0,1,148,0.995672881603241,task_success_while_recovery_active_per_intervention,False,True,timeout,9b4f1c650387a41c8fc8ce7d0b4893cd9dcedae9ebeb0465ae15f019c233ccc1,8c503c07dc6dcdd904e948f14d270410c2fbd4d9796f8d9e08451dc34c7d4399,6943489118fc060756e24fd47685e2c10173293d54af0af7e8afa9e287c9c5f1,,,full,0.2,True
REIM (ACT + Detector + Recovery),289,8000331,metaworld,True,57,0.13533959400228923,1,1,1,49,0.5556192398071289,task_success_while_recovery_active_per_intervention,True,False,,8d551e683d8dff8a4ebe514aa548c8c0f27b0e0753223ee2d6d81fd4d63cd34c,8c503c07dc6dcdd904e948f14d270410c2fbd4d9796f8d9e08451dc34c7d4399,942fb6a87dc1e3eb7bf7bb111c97e7096138256b4a9a6b4c62a012fabe8bec38,,,full,0.2,True
REIM (ACT + Detector + Recovery),290,8000332,metaworld,True,58,0.2259741989983013,1,1,1,26,0.23168720304965973,task_success_while_recovery_active_per_intervention,True,False,,c5a2b5ace3a234b9bc1e141c73800f7444bb7d8e9f3248cb20c4af07182e2efe,8c503c07dc6dcdd904e948f14d270410c2fbd4d9796f8d9e08451dc34c7d4399,39001749c902e2ab9d015efb8c7644faffff99810b709d3203dc359d5eacdcbd,,,full,0.2,True
REIM (ACT + Detector + Recovery),291,8000333,metaworld,True,53,0.2923989779992553,0,0,0,0,0.18903017044067383,task_success_while_recovery_active_per_intervention,True,False,,e8ee7bcfe9b736ba17e75fba22e3d89d0b586bd561ecd21223c2f9c81440e0b5,8c503c07dc6dcdd904e948f14d270410c2fbd4d9796f8d9e08451dc34c7d4399,4e97203f8ce1a96cef19545d4c4c300d0de39e4f94bd1941cef7ebc3dd48be02,,,full,0.2,True
REIM (ACT + Detector + Recovery),292,8000334,metaworld,True,58,0.14365016000010655,1,1,1,48,0.3982710540294647,task_success_while_recovery_active_per_intervention,True,False,,49664183a1a149c78a44b0faa2f04a7298178660bb978fddc2a311ffb3ac7571,8c503c07dc6dcdd904e948f14d270410c2fbd4d9796f8d9e08451dc34c7d4399,0f719f94ef165c0b816b8b10c3f4f5fcf802c9f5a25141035590310315749280,,,full,0.2,True
REIM (ACT + Detector + Recovery),293,8000335,metaworld,True,59,0.1398087760026101,1,1,1,50,0.32379570603370667,task_success_while_recovery_active_per_intervention,True,False,,fea03bc21d9e5f1da535c4d8fd5e5d341e1ec69a36912061d0509bacdeb97a14,8c503c07dc6dcdd904e948f14d270410c2fbd4d9796f8d9e08451dc34c7d4399,588df85fb38ef87f822932ad2f702be807974873e4a07ea43084bbdeeaac6604,,,full,0.2,True
REIM (ACT + Detector + Recovery),294,8000336,metaworld,True,54,0.16950859899952775,1,1,1,33,0.24619199335575104,task_success_while_recovery_active_per_intervention,True,False,,36cfcc75d76b223bba3b5c881c81c9b15188bd636d19419bcbaecefcb26f26f0,8c503c07dc6dcdd904e948f14d270410c2fbd4d9796f8d9e08451dc34c7d4399,aba21ef1c98d0573e36116c9757115227fd3793cba96aea7eda95c2547314ca3,,,full,0.2,True
REIM (ACT + Detector + Recovery),295,8000337,metaworld,True,54,0.12327140800334746,1,1,1,45,0.30219024419784546,task_success_while_recovery_active_per_intervention,True,False,,1230f1bcaf7bb1a48098ae6b6a051f74ba984932162fdf5ee7ac327efbbba87b,8c503c07dc6dcdd904e948f14d270410c2fbd4d9796f8d9e08451dc34c7d4399,c40fedd273cade53989af8adc3ca66d02f2d92ca4d97b2f6391a0dd0ab6dbca3,,,full,0.2,True
REIM (ACT + Detector + Recovery),296,8000338,metaworld,True,57,0.2880334519977623,0,0,0,0,0.15016679465770721,task_success_while_recovery_active_per_intervention,True,False,,6e61d16f64c1beb75ce33e3e969e7be4c908bf5f3d0437340312ad803327b45c,8c503c07dc6dcdd904e948f14d270410c2fbd4d9796f8d9e08451dc34c7d4399,b8e45a2f8f553d53c6eef0305347f910b9999bcae6df6ccaf0eaee6ac864e670,,,full,0.2,True
REIM (ACT + Detector + Recovery),297,8000339,metaworld,True,60,0.1706323370017344,1,1,1,40,0.33700957894325256,task_success_while_recovery_active_per_intervention,True,False,,ee130e5c9db65a3cf606ee1ecd7af9a9ad704f125b3772a02c67ed705cff2abe,8c503c07dc6dcdd904e948f14d270410c2fbd4d9796f8d9e08451dc34c7d4399,942fb6a87dc1e3eb7bf7bb111c97e7096138256b4a9a6b4c62a012fabe8bec38,,,full,0.2,True
REIM (ACT + Detector + Recovery),298,8000340,metaworld,True,54,0.1454412589991989,1,1,1,39,0.26070907711982727,task_success_while_recovery_active_per_intervention,True,False,,e6c1c547d287c474f8784ed8d6aa103e00b0624328e96369eb97986631f45186,8c503c07dc6dcdd904e948f14d270410c2fbd4d9796f8d9e08451dc34c7d4399,942fb6a87dc1e3eb7bf7bb111c97e7096138256b4a9a6b4c62a012fabe8bec38,,,full,0.2,True
REIM (ACT + Detector + Recovery),299,8000341,metaworld,True,58,0.1536817729975155,1,1,1,42,0.21081744134426117,task_success_while_recovery_active_per_intervention,True,False,,31a5d66e31c0b59bb963871cf160d60478478fe357cbd90ae723cccb313ea2bb,8c503c07dc6dcdd904e948f14d270410c2fbd4d9796f8d9e08451dc34c7d4399,524e161a612d94c222d06154bcd0129d0851b8fad51ae883abbef6e86d43cbb0,,,full,0.2,True
REIM (ACT + Detector + Recovery),300,8000342,metaworld,True,54,0.16779303700241144,1,1,1,32,0.2458002269268036,task_success_while_recovery_active_per_intervention,True,False,,22d83e10c4b769931c864ed27e30c3e8fac186beea8624414de68a07b96e3ca3,8c503c07dc6dcdd904e948f14d270410c2fbd4d9796f8d9e08451dc34c7d4399,f82ceac6f8787ac22c378edc1f141cedcc86bf9309b43f1aff6633ae0a963abb,,,full,0.2,True
REIM (ACT + Detector + Recovery),301,8000343,metaworld,True,58,0.30045460000110324,0,0,0,0,0.13379763066768646,task_success_while_recovery_active_per_intervention,True,False,,2c8bc1fe75ac16136f7c32b18c54e1412c8f3192eb13313bc038c857a7542611,8c503c07dc6dcdd904e948f14d270410c2fbd4d9796f8d9e08451dc34c7d4399,0cda21f8ffacf0a1e40e7b0e858a8e2ddc276972106d4bced99d4404b4a13fd8,,,full,0.2,True
REIM (ACT + Detector + Recovery),302,8000344,metaworld,True,56,0.14007228099944768,1,1,1,43,0.245570570230484,task_success_while_recovery_active_per_intervention,True,False,,fd3920622d30e5e6d0619b89e04b9d0429bd4cd1b5d73e8ed957aaabdc46cffe,8c503c07dc6dcdd904e948f14d270410c2fbd4d9796f8d9e08451dc34c7d4399,588df85fb38ef87f822932ad2f702be807974873e4a07ea43084bbdeeaac6604,,,full,0.2,True
REIM (ACT + Detector + Recovery),303,8000345,metaworld,True,51,0.11627406100160442,1,1,1,42,0.3739672303199768,task_success_while_recovery_active_per_intervention,True,False,,a61bd0b4afbbc6a5f5cfb473afc37b98d74c76d00f36156e1ed685d42bbd82f9,8c503c07dc6dcdd904e948f14d270410c2fbd4d9796f8d9e08451dc34c7d4399,20cf3cfee33051ea4ca25b64648f05450b0068ae0136ae52c3108d28b02f3691,,,full,0.2,True
REIM (ACT + Detector + Recovery),304,8000346,metaworld,True,58,0.2814844409986108,0,0,0,0,0.11962272971868515,task_success_while_recovery_active_per_intervention,True,False,,da7dc9b6c18e3580f714346f1c784c547cb45ac27a7611192ba8d4ef0528ce8b,8c503c07dc6dcdd904e948f14d270410c2fbd4d9796f8d9e08451dc34c7d4399,b8e45a2f8f553d53c6eef0305347f910b9999bcae6df6ccaf0eaee6ac864e670,,,full,0.2,True
REIM (ACT + Detector + Recovery),305,8000347,metaworld,True,59,0.29408406100264983,0,0,0,0,0.17957444489002228,task_success_while_recovery_active_per_intervention,True,False,,1c9986b8a5ee760ce6654b0730a9462a2f576b6a2656d0e81344ab6570a73e58,8c503c07dc6dcdd904e948f14d270410c2fbd4d9796f8d9e08451dc34c7d4399,a0b103bf3e43f4aa92753185301eba5e2e31594285004b99f51a59b33bd2d620,,,full,0.2,True
REIM (ACT + Detector + Recovery),306,8000348,metaworld,True,57,0.150321047000034,1,1,1,41,0.3319717347621918,task_success_while_recovery_active_per_intervention,True,False,,97dc22d3a8635af913410951ce8ae3875b7251962d5180886ce1b7765012ab96,8c503c07dc6dcdd904e948f14d270410c2fbd4d9796f8d9e08451dc34c7d4399,2eb279a724955c1a9d173681940490ec9cc8ed4fdc15a95533884a23d4ccdb4e,,,full,0.2,True
REIM (ACT + Detector + Recovery),307,8000349,metaworld,True,54,0.27781998299906263,0,0,0,0,0.17375610768795013,task_success_while_recovery_active_per_intervention,True,False,,5e4bc2271095b7fb065ec61303694ae68024f4a9762766e88d88ffc88d9d1f51,8c503c07dc6dcdd904e948f14d270410c2fbd4d9796f8d9e08451dc34c7d4399,38329c6b97bbe7d133bf007c22742dca5f0cd7258f8d7199135c6c2371ae591d,,,full,0.2,True
REIM (ACT + Detector + Recovery),308,8000350,metaworld,False,200,0.5565848309997818,1,0,1,136,0.9971541166305542,task_success_while_recovery_active_per_intervention,False,True,timeout,b622d7784dbe14f4add391b4405d420fafd0163116204436a42cc765359d6a59,8c503c07dc6dcdd904e948f14d270410c2fbd4d9796f8d9e08451dc34c7d4399,38329c6b97bbe7d133bf007c22742dca5f0cd7258f8d7199135c6c2371ae591d,,,full,0.2,True
REIM (ACT + Detector + Recovery),309,8000351,metaworld,True,55,0.13959675799924298,1,1,1,42,0.25523310899734497,task_success_while_recovery_active_per_intervention,True,False,,bdf334ffcbe481d661c3d31dae9e104e0437a4b98d6662f60405495bef9793a6,8c503c07dc6dcdd904e948f14d270410c2fbd4d9796f8d9e08451dc34c7d4399,588df85fb38ef87f822932ad2f702be807974873e4a07ea43084bbdeeaac6604,,,full,0.2,True
REIM (ACT + Detector + Recovery),310,8000352,metaworld,True,57,0.28092156300044735,0,0,0,0,0.15138466656208038,task_success_while_recovery_active_per_intervention,True,False,,fe792bad882ab6fda234e1e71a77f3d9407ce078d524cf17da4ffeb055980cf1,8c503c07dc6dcdd904e948f14d270410c2fbd4d9796f8d9e08451dc34c7d4399,25805a097f1f4b8c203ec3c130dcd3e66b5fb3ad298114a08662aae6c86fa673,,,full,0.2,True
REIM (ACT + Detector + Recovery),311,8000353,metaworld,True,48,0.23423614999774145,0,0,0,0,0.15043945610523224,task_success_while_recovery_active_per_intervention,True,False,,b1cb2eec99bfc5b3d3ce7f3f0275854d38e9aa863aeeb13db421bf0a24359b94,8c503c07dc6dcdd904e948f14d270410c2fbd4d9796f8d9e08451dc34c7d4399,5d73f28d4d24cdbcb36a5e5cd61ec1a82f7287ce56d88da8cea912ed757b164c,,,full,0.2,True
REIM (ACT + Detector + Recovery),312,8000354,metaworld,True,56,0.17271852100020624,1,1,1,32,0.2185412347316742,task_success_while_recovery_active_per_intervention,True,False,,140d48db26bd113575fe3b5b8f65d10563e51a8b4018c5f16faba24cdc646401,8c503c07dc6dcdd904e948f14d270410c2fbd4d9796f8d9e08451dc34c7d4399,39001749c902e2ab9d015efb8c7644faffff99810b709d3203dc359d5eacdcbd,,,full,0.2,True
REIM (ACT + Detector + Recovery),313,8000355,metaworld,True,62,0.3056643529998837,0,0,0,0,0.15195868909358978,task_success_while_recovery_active_per_intervention,True,False,,5d9939680a0765e079d65375b10ed8613f7c0c8562bf6eae817fecb8ef223530,8c503c07dc6dcdd904e948f14d270410c2fbd4d9796f8d9e08451dc34c7d4399,a8cfe6e2276fbd15230c5555255b87d17333bdd29f84f687df7405d0311fae7f,,,full,0.2,True
REIM (ACT + Detector + Recovery),314,8000356,metaworld,True,46,0.2294625860013184,0,0,0,0,0.15482276678085327,task_success_while_recovery_active_per_intervention,True,False,,c71c5edde634aff040b4e01607ea4a4f88c42d3abd0150031159486b30bb9d9a,8c503c07dc6dcdd904e948f14d270410c2fbd4d9796f8d9e08451dc34c7d4399,e6e55bdbd77dc052facbc072d20b08a21d116978c37627b9a3d9dc7989dfbe62,,,full,0.2,True
REIM (ACT + Detector + Recovery),315,8000357,metaworld,True,49,0.15626131300086854,1,1,1,27,0.24932436645030975,task_success_while_recovery_active_per_intervention,True,False,,9d50601d1d7ea3d97cfbf3d6bf753d4f420f10d63a68d80e648d523cf9a67373,8c503c07dc6dcdd904e948f14d270410c2fbd4d9796f8d9e08451dc34c7d4399,08a97a6dfa17f78b5cc5b1351d60038e4a40a68fc93722672482714333b1d9b5,,,full,0.2,True
REIM (ACT + Detector + Recovery),316,8000358,metaworld,True,61,0.16641281199918012,1,1,1,42,0.2133759707212448,task_success_while_recovery_active_per_intervention,True,False,,423f62d3a7e2b9105d2ab481014ed021b26d3fa248bbb409f5484c6227190934,8c503c07dc6dcdd904e948f14d270410c2fbd4d9796f8d9e08451dc34c7d4399,a0b103bf3e43f4aa92753185301eba5e2e31594285004b99f51a59b33bd2d620,,,full,0.2,True
REIM (ACT + Detector + Recovery),317,8000359,metaworld,True,53,0.17341599900100846,1,1,1,28,0.21759308874607086,task_success_while_recovery_active_per_intervention,True,False,,bcde689f0ebb31fae5436336acee734d992ffc9cc9c1c16b620844edac279bc6,8c503c07dc6dcdd904e948f14d270410c2fbd4d9796f8d9e08451dc34c7d4399,2ad5907877cc42b4447b9630988e3a1f0da0d83e1f696f71e22dc69905e631b6,,,full,0.2,True
REIM (ACT + Detector + Recovery),318,8000360,metaworld,True,57,0.28416649399878224,0,0,0,0,0.1430753618478775,task_success_while_recovery_active_per_intervention,True,False,,5e7b3a6532fe8e8eafb02126758b80bf288020e65c6dd9b82e3985722e4eb1b5,8c503c07dc6dcdd904e948f14d270410c2fbd4d9796f8d9e08451dc34c7d4399,25805a097f1f4b8c203ec3c130dcd3e66b5fb3ad298114a08662aae6c86fa673,,,full,0.2,True
REIM (ACT + Detector + Recovery),319,8000361,metaworld,True,51,0.1284323330000916,1,1,1,39,0.3372211456298828,task_success_while_recovery_active_per_intervention,True,False,,973fdcbb461d63bbeb565dd53dce5ecb5621ac585d5bd2c3d0dd8262170eb0ba,8c503c07dc6dcdd904e948f14d270410c2fbd4d9796f8d9e08451dc34c7d4399,08a97a6dfa17f78b5cc5b1351d60038e4a40a68fc93722672482714333b1d9b5,,,full,0.2,True
REIM (ACT + Detector + Recovery),320,8000362,metaworld,True,55,0.1369845469998836,1,1,1,44,0.26589235663414,task_success_while_recovery_active_per_intervention,True,False,,043dbf2e5564978f52430425657ff2e6b1988f32141791a8428f4a84a75d92c8,8c503c07dc6dcdd904e948f14d270410c2fbd4d9796f8d9e08451dc34c7d4399,acfaed29b052207b47b4b7fa76672795fd08de3add8565db05f141de82ece90b,,,full,0.2,True
REIM (ACT + Detector + Recovery),321,8000363,metaworld,True,60,0.13292994500079658,1,1,1,52,0.25829896330833435,task_success_while_recovery_active_per_intervention,True,False,,77d9d8f91faca647f6b8df13afb6882c41375cfdada73a55d1fe9c0933b67ee6,8c503c07dc6dcdd904e948f14d270410c2fbd4d9796f8d9e08451dc34c7d4399,e216352c7f1c7392270c7c501bb599f2a46f420613a124fda0729ab88160cdf2,,,full,0.2,True
REIM (ACT + Detector + Recovery),322,8000364,metaworld,True,50,0.1437587149994215,1,1,1,31,0.20674782991409302,task_success_while_recovery_active_per_intervention,True,False,,5141d567b1a5f6b70eb9a6d2f78957098c1043a732762c044606fbdc10980f25,8c503c07dc6dcdd904e948f14d270410c2fbd4d9796f8d9e08451dc34c7d4399,27e1ed8c670f23dae46752497e383610e58c248d638e3b9b707808a32ce33d4e,,,full,0.2,True
REIM (ACT + Detector + Recovery),323,8000365,metaworld,True,55,0.13097447399923112,1,1,1,43,0.25285837054252625,task_success_while_recovery_active_per_intervention,True,False,,c3b1828c93a2433f96317ff8e1a4af6a7b79222ed0589ec55b1c65072b98c511,8c503c07dc6dcdd904e948f14d270410c2fbd4d9796f8d9e08451dc34c7d4399,588df85fb38ef87f822932ad2f702be807974873e4a07ea43084bbdeeaac6604,,,full,0.2,True
REIM (ACT + Detector + Recovery),324,8000366,metaworld,False,200,0.49749709899697336,1,0,1,150,0.9955520033836365,task_success_while_recovery_active_per_intervention,False,True,timeout,da4c66ae32245582263b02de1812e702aaaa420fe6410ef90e194d15b9059601,8c503c07dc6dcdd904e948f14d270410c2fbd4d9796f8d9e08451dc34c7d4399,5d73f28d4d24cdbcb36a5e5cd61ec1a82f7287ce56d88da8cea912ed757b164c,,,full,0.2,True
REIM (ACT + Detector + Recovery),325,8000367,metaworld,True,56,0.13461245099824737,1,1,1,45,0.30782344937324524,task_success_while_recovery_active_per_intervention,True,False,,951d96ef917f054059af4cb95cded9bd5164c7a6f32d2da6dd238e62d5779bdf,8c503c07dc6dcdd904e948f14d270410c2fbd4d9796f8d9e08451dc34c7d4399,6943489118fc060756e24fd47685e2c10173293d54af0af7e8afa9e287c9c5f1,,,full,0.2,True
REIM (ACT + Detector + Recovery),326,8000368,metaworld,True,50,0.15855080300025293,1,1,1,27,0.21356534957885742,task_success_while_recovery_active_per_intervention,True,False,,d06a503125a900bba449ecdcf023985f5a3c2999189ba9d6dc4dde66e72851a8,8c503c07dc6dcdd904e948f14d270410c2fbd4d9796f8d9e08451dc34c7d4399,e6e55bdbd77dc052facbc072d20b08a21d116978c37627b9a3d9dc7989dfbe62,,,full,0.2,True
REIM (ACT + Detector + Recovery),327,8000369,metaworld,True,58,0.13184181000178796,1,1,1,48,0.3812214732170105,task_success_while_recovery_active_per_intervention,True,False,,4df202b344ec7a4ffdbd6079f9346af6454e54c4a09d3f4373a82c7bab18529c,8c503c07dc6dcdd904e948f14d270410c2fbd4d9796f8d9e08451dc34c7d4399,942fb6a87dc1e3eb7bf7bb111c97e7096138256b4a9a6b4c62a012fabe8bec38,,,full,0.2,True
REIM (ACT + Detector + Recovery),328,8000370,metaworld,True,59,0.2968822030015872,0,0,0,0,0.12355151027441025,task_success_while_recovery_active_per_intervention,True,False,,2e72981d6e281f57b818bca7577b214757e9b45301f4c59af20c67e9a1879484,8c503c07dc6dcdd904e948f14d270410c2fbd4d9796f8d9e08451dc34c7d4399,a0b103bf3e43f4aa92753185301eba5e2e31594285004b99f51a59b33bd2d620,,,full,0.2,True
REIM (ACT + Detector + Recovery),329,8000371,metaworld,True,56,0.279623939000885,0,0,0,0,0.13667479157447815,task_success_while_recovery_active_per_intervention,True,False,,7f8c2daf21930c5553511c4eebae816fb77eaf404e8d467be43871b54d710068,8c503c07dc6dcdd904e948f14d270410c2fbd4d9796f8d9e08451dc34c7d4399,0cda21f8ffacf0a1e40e7b0e858a8e2ddc276972106d4bced99d4404b4a13fd8,,,full,0.2,True
REIM (ACT + Detector + Recovery),330,8000372,metaworld,True,60,0.2959261140022136,0,0,0,0,0.14443692564964294,task_success_while_recovery_active_per_intervention,True,False,,fd71fc45c9b99c9686fd5e4b17dfc44892a85daff8535d7af571ec6bf8fcb073,8c503c07dc6dcdd904e948f14d270410c2fbd4d9796f8d9e08451dc34c7d4399,b8e45a2f8f553d53c6eef0305347f910b9999bcae6df6ccaf0eaee6ac864e670,,,full,0.2,True
REIM (ACT + Detector + Recovery),331,8000373,metaworld,True,55,0.15179138699750183,1,1,1,37,0.24599723517894745,task_success_while_recovery_active_per_intervention,True,False,,5b5cddd34fecfdfec052ab2e05ba821e59eca294c0bcaba2292ac38d70da3e22,8c503c07dc6dcdd904e948f14d270410c2fbd4d9796f8d9e08451dc34c7d4399,342b72dafe0e47ecf8a937cb01e62ac02c2d77bf93dafca59574cbbbfc4ad77b,,,full,0.2,True
REIM (ACT + Detector + Recovery),332,8000374,metaworld,True,54,0.1148074609991454,1,1,1,46,0.48498982191085815,task_success_while_recovery_active_per_intervention,True,False,,90b2993a24a22ed89b1901df7a3a85520377e7ee3508f44c929e58eda5907be6,8c503c07dc6dcdd904e948f14d270410c2fbd4d9796f8d9e08451dc34c7d4399,c40fedd273cade53989af8adc3ca66d02f2d92ca4d97b2f6391a0dd0ab6dbca3,,,full,0.2,True
REIM (ACT + Detector + Recovery),333,8000375,metaworld,True,52,0.15705570399950375,1,1,1,32,0.20491668581962585,task_success_while_recovery_active_per_intervention,True,False,,ce14a7bac321fc1b020edfe58bceeca7456de2a3f843377d4b7c091b97b789ad,8c503c07dc6dcdd904e948f14d270410c2fbd4d9796f8d9e08451dc34c7d4399,38329c6b97bbe7d133bf007c22742dca5f0cd7258f8d7199135c6c2371ae591d,,,full,0.2,True
REIM (ACT + Detector + Recovery),334,8000376,metaworld,True,62,0.15711002000170993,1,1,1,48,0.23212958872318268,task_success_while_recovery_active_per_intervention,True,False,,2bbd562ac711f84f93cb18a7804e485b21f547227e34819cd86186bc544f67f2,8c503c07dc6dcdd904e948f14d270410c2fbd4d9796f8d9e08451dc34c7d4399,0cda21f8ffacf0a1e40e7b0e858a8e2ddc276972106d4bced99d4404b4a13fd8,,,full,0.2,True
REIM (ACT + Detector + Recovery),335,8000377,metaworld,False,200,0.5025336620019516,1,0,1,150,0.9992971420288086,task_success_while_recovery_active_per_intervention,False,True,timeout,8d342ea034af5e52269b30581965f7f182e50216686c75e3b3319e18faddd3f3,8c503c07dc6dcdd904e948f14d270410c2fbd4d9796f8d9e08451dc34c7d4399,06d355d7aff3b944ab4199c02a94c63d062e5c414c0b195f7b232b607e0ab1ed,,,full,0.2,True
REIM (ACT + Detector + Recovery),336,8000378,metaworld,True,58,0.13284490400110371,1,1,1,49,0.4484240710735321,task_success_while_recovery_active_per_intervention,True,False,,be1803098f8bfbbc77df7d5985741a3c7f12958f13799f00ecee5238b694cea8,8c503c07dc6dcdd904e948f14d270410c2fbd4d9796f8d9e08451dc34c7d4399,ba19e0623fe05add91e00811bacb33e27305f5fcb6549be6f6278ebce6046101,,,full,0.2,True
REIM (ACT + Detector + Recovery),337,8000379,metaworld,True,56,0.13614024100024835,1,1,1,44,0.2707783877849579,task_success_while_recovery_active_per_intervention,True,False,,2527e49b2c819331cda8709eee78f7c985f1c53ee9f3086d76a9fc142227a731,8c503c07dc6dcdd904e948f14d270410c2fbd4d9796f8d9e08451dc34c7d4399,acfaed29b052207b47b4b7fa76672795fd08de3add8565db05f141de82ece90b,,,full,0.2,True
REIM (ACT + Detector + Recovery),338,8000380,metaworld,True,58,0.12710451999737415,1,1,1,50,0.4658442735671997,task_success_while_recovery_active_per_intervention,True,False,,25e03db569621cb64ae59ffc1c32792aa028d9b63635cd64e5140f7b6878f808,8c503c07dc6dcdd904e948f14d270410c2fbd4d9796f8d9e08451dc34c7d4399,0f719f94ef165c0b816b8b10c3f4f5fcf802c9f5a25141035590310315749280,,,full,0.2,True
REIM (ACT + Detector + Recovery),339,8000381,metaworld,True,52,0.26357915499829687,0,0,0,0,0.1951083391904831,task_success_while_recovery_active_per_intervention,True,False,,4ab856a4608fddc07da07ae7695cb668367d4507a40b1652546b9f198c632468,8c503c07dc6dcdd904e948f14d270410c2fbd4d9796f8d9e08451dc34c7d4399,e6e55bdbd77dc052facbc072d20b08a21d116978c37627b9a3d9dc7989dfbe62,,,full,0.2,True
REIM (ACT + Detector + Recovery),340,8000382,metaworld,True,56,0.17386648200044874,1,1,1,32,0.3717533051967621,task_success_while_recovery_active_per_intervention,True,False,,47aa07c1219ebcff4e2fc306acdbc66b0420a42e162b06e7d242e99f207cc1a2,8c503c07dc6dcdd904e948f14d270410c2fbd4d9796f8d9e08451dc34c7d4399,aa1f17aacdf569c3a2930a2ebbf742ff43f8d3acfc772731a5c344cabcd52570,,,full,0.2,True
REIM (ACT + Detector + Recovery),341,8000383,metaworld,False,200,0.4995905209980265,1,0,1,150,0.9968808889389038,task_success_while_recovery_active_per_intervention,False,True,timeout,f8b54e5fe228701738bcf538341f960a4c3883ded3d4a3ccc0a316b6cae64803,8c503c07dc6dcdd904e948f14d270410c2fbd4d9796f8d9e08451dc34c7d4399,e6e55bdbd77dc052facbc072d20b08a21d116978c37627b9a3d9dc7989dfbe62,,,full,0.2,True
REIM (ACT + Detector + Recovery),342,8000384,metaworld,True,59,0.12761084399971878,1,1,1,51,0.45182791352272034,task_success_while_recovery_active_per_intervention,True,False,,ab40776d579f81c3d2f328a76a00b7b93a8d5bef645ab522bc87ded1eff195fa,8c503c07dc6dcdd904e948f14d270410c2fbd4d9796f8d9e08451dc34c7d4399,0f719f94ef165c0b816b8b10c3f4f5fcf802c9f5a25141035590310315749280,,,full,0.2,True
REIM (ACT + Detector + Recovery),343,8000385,metaworld,True,51,0.13446479699996416,1,1,1,36,0.25796395540237427,task_success_while_recovery_active_per_intervention,True,False,,a3c65a9f164d06a0590653143b2ba3fd5cc2a1cb952233f6040fa621bcfee330,8c503c07dc6dcdd904e948f14d270410c2fbd4d9796f8d9e08451dc34c7d4399,27e1ed8c670f23dae46752497e383610e58c248d638e3b9b707808a32ce33d4e,,,full,0.2,True
REIM (ACT + Detector + Recovery),344,8000386,metaworld,True,55,0.11932753600194701,1,1,1,47,0.5437545776367188,task_success_while_recovery_active_per_intervention,True,False,,7c0a4645ca9a09becad003ebc1cefa4490ba398275f9983ab39f0e6f94344cae,8c503c07dc6dcdd904e948f14d270410c2fbd4d9796f8d9e08451dc34c7d4399,35aa26efb4a8651c1d8f46a573d3d4fea76add87b5c76a00531e1cea9ad04412,,,full,0.2,True
REIM (ACT + Detector + Recovery),345,8000387,metaworld,True,54,0.1489642439992167,1,1,1,38,0.21079963445663452,task_success_while_recovery_active_per_intervention,True,False,,3b49116da0ed87e9e76aacd91681a7500e36872c5898a323808e53a39d25a76a,8c503c07dc6dcdd904e948f14d270410c2fbd4d9796f8d9e08451dc34c7d4399,38329c6b97bbe7d133bf007c22742dca5f0cd7258f8d7199135c6c2371ae591d,,,full,0.2,True
REIM (ACT + Detector + Recovery),346,8000388,metaworld,True,57,0.2842453449993627,0,0,0,0,0.11981748044490814,task_success_while_recovery_active_per_intervention,True,False,,d3083ded7c6b4f9d60b7a13586c580ccb857484d291f48073214ce9eb67c1d4d,8c503c07dc6dcdd904e948f14d270410c2fbd4d9796f8d9e08451dc34c7d4399,48ce9609a38b32e56f7e6a43ffef71c21c8b1d17ed5a63d47701bc1dfc3ff271,,,full,0.2,True
REIM (ACT + Detector + Recovery),347,8000389,metaworld,True,62,0.14765343700128142,1,1,1,49,0.23717498779296875,task_success_while_recovery_active_per_intervention,True,False,,d515dac7877029eed6c661526edfe7b6770dea4198afce78d1a874663a3bc04c,8c503c07dc6dcdd904e948f14d270410c2fbd4d9796f8d9e08451dc34c7d4399,4e97203f8ce1a96cef19545d4c4c300d0de39e4f94bd1941cef7ebc3dd48be02,,,full,0.2,True
REIM (ACT + Detector + Recovery),348,8000390,metaworld,False,200,0.5255270609995932,1,0,1,141,0.9994214773178101,task_success_while_recovery_active_per_intervention,False,True,object_dropped,686f88c6f2f2febe51b7933cf21061ff1f4b21215a90949d9fbf1a577866d463,8c503c07dc6dcdd904e948f14d270410c2fbd4d9796f8d9e08451dc34c7d4399,7c3391ee418e26d47c002810bc00065e4dd0b6728c969d2338ad549ad01ebb0a,,,full,0.2,True
REIM (ACT + Detector + Recovery),349,8000391,metaworld,True,59,0.2962899339981959,0,0,0,0,0.1143982782959938,task_success_while_recovery_active_per_intervention,True,False,,6033937acd83949aec369b728260b3c1a86c112eb27b3d767628c52748b2ba1f,8c503c07dc6dcdd904e948f14d270410c2fbd4d9796f8d9e08451dc34c7d4399,f6a9ed9055e00c868d6771022c2c557a6a48990bdacbed585d07cde857d4755a,,,full,0.2,True
REIM (ACT + Detector + Recovery),350,8000392,metaworld,True,57,0.2830243229982443,0,0,0,0,0.15172794461250305,task_success_while_recovery_active_per_intervention,True,False,,e2624e38b2add8db5e34087f347f55dfe82096c8ee7666e8182d1af35522d56e,8c503c07dc6dcdd904e948f14d270410c2fbd4d9796f8d9e08451dc34c7d4399,f6a9ed9055e00c868d6771022c2c557a6a48990bdacbed585d07cde857d4755a,,,full,0.2,True
REIM (ACT + Detector + Recovery),351,8000393,metaworld,True,59,0.292908912000712,0,0,0,0,0.14946523308753967,task_success_while_recovery_active_per_intervention,True,False,,6cc80169b2786dc9333e676e0cfdbe6de1f10baaaa13bd1ece7468a42f69c17f,8c503c07dc6dcdd904e948f14d270410c2fbd4d9796f8d9e08451dc34c7d4399,a0b103bf3e43f4aa92753185301eba5e2e31594285004b99f51a59b33bd2d620,,,full,0.2,True
REIM (ACT + Detector + Recovery),352,8000394,metaworld,True,64,0.32026590000168653,0,0,0,0,0.135189950466156,task_success_while_recovery_active_per_intervention,True,False,,6e48c8272994462549cd840ef2a979c75b6d2d9397c1ce70e5d0336a09520068,8c503c07dc6dcdd904e948f14d270410c2fbd4d9796f8d9e08451dc34c7d4399,48ce9609a38b32e56f7e6a43ffef71c21c8b1d17ed5a63d47701bc1dfc3ff271,,,full,0.2,True
REIM (ACT + Detector + Recovery),353,8000395,metaworld,True,60,0.30166873099733493,0,0,0,0,0.12693312764167786,task_success_while_recovery_active_per_intervention,True,False,,d6666780e22cdac8e74429e4688a565e2f89e490553d1533c3182e625a13ef53,8c503c07dc6dcdd904e948f14d270410c2fbd4d9796f8d9e08451dc34c7d4399,5732f26a5a3acd61cb38107328c80d8fadad8368570aba69b803668406e8f53d,,,full,0.2,True
REIM (ACT + Detector + Recovery),354,8000396,metaworld,True,56,0.15349658000195632,1,1,1,39,0.2102138102054596,task_success_while_recovery_active_per_intervention,True,False,,9526b44fe3369ef30c95ab719fe5098a33f85f5e7ac93cf91e20074df56626e7,8c503c07dc6dcdd904e948f14d270410c2fbd4d9796f8d9e08451dc34c7d4399,6cb8d983459a8e57d4ae53a86da2394015cabba2d7c306dcaf7b14af979ca230,,,full,0.2,True
REIM (ACT + Detector + Recovery),355,8000397,metaworld,True,51,0.2587298449980153,0,0,0,0,0.1942388266324997,task_success_while_recovery_active_per_intervention,True,False,,71941c6799939e11d935064111eec1071b38ae10bf69c7998a18ff8cf741565d,8c503c07dc6dcdd904e948f14d270410c2fbd4d9796f8d9e08451dc34c7d4399,5e1df472084de78052388a34f03cad3de438ca9b5dc801b5759dd57c66a7482a,,,full,0.2,True
REIM (ACT + Detector + Recovery),356,8000398,metaworld,True,56,0.2862902729975758,0,0,0,0,0.14591088891029358,task_success_while_recovery_active_per_intervention,True,False,,7fdc35cfe56cc5b87c0f0f79caf95fb8d4cbf36f4745801da05e919b53799324,8c503c07dc6dcdd904e948f14d270410c2fbd4d9796f8d9e08451dc34c7d4399,524e161a612d94c222d06154bcd0129d0851b8fad51ae883abbef6e86d43cbb0,,,full,0.2,True
REIM (ACT + Detector + Recovery),357,8000399,metaworld,True,54,0.2699258770007873,0,0,0,0,0.1852620244026184,task_success_while_recovery_active_per_intervention,True,False,,b9f013e504e5c86fdeaf3fd9136d2362ce11c781eef34525cfe907382aea6456,8c503c07dc6dcdd904e948f14d270410c2fbd4d9796f8d9e08451dc34c7d4399,71488b32995fa40c6ec3f77f6bcd912b1929aef29d90a66307ad46cd584acf29,,,full,0.2,True
REIM (ACT + Detector + Recovery),358,8000400,metaworld,True,53,0.15859955199994147,1,1,1,33,0.2589578926563263,task_success_while_recovery_active_per_intervention,True,False,,e4e166c7fdfafbd22dea4fa94230b409994aec3c1a34986680684eef6c223e97,8c503c07dc6dcdd904e948f14d270410c2fbd4d9796f8d9e08451dc34c7d4399,f82ceac6f8787ac22c378edc1f141cedcc86bf9309b43f1aff6633ae0a963abb,,,full,0.2,True
REIM (ACT + Detector + Recovery),359,8000401,metaworld,True,52,0.16902113100150018,1,1,1,27,0.24504528939723969,task_success_while_recovery_active_per_intervention,True,False,,18258d72cdf97c5c6340c293297972b8a3bd3e50c76ca05b17568f98807d750f,8c503c07dc6dcdd904e948f14d270410c2fbd4d9796f8d9e08451dc34c7d4399,342b72dafe0e47ecf8a937cb01e62ac02c2d77bf93dafca59574cbbbfc4ad77b,,,full,0.2,True
REIM (ACT + Detector + Recovery),360,8000402,metaworld,False,200,0.5033593389998714,1,0,1,150,0.9786137938499451,task_success_while_recovery_active_per_intervention,False,True,timeout,412b30938fc743c03108b14afbd4ff004f34bdd6b032e632bc10ba51dc0eb55b,8c503c07dc6dcdd904e948f14d270410c2fbd4d9796f8d9e08451dc34c7d4399,742509487aeb71d366f1ddafa1cb12db2f7cfefe17c4ca89c98cffb67c1c8619,,,full,0.2,True
REIM (ACT + Detector + Recovery),361,8000403,metaworld,True,52,0.2669601950001379,0,0,0,0,0.18132154643535614,task_success_while_recovery_active_per_intervention,True,False,,333c514461586a1132d0a5022ac16b5740b163106fb9e920c1f6881048077a24,8c503c07dc6dcdd904e948f14d270410c2fbd4d9796f8d9e08451dc34c7d4399,5e1df472084de78052388a34f03cad3de438ca9b5dc801b5759dd57c66a7482a,,,full,0.2,True
REIM (ACT + Detector + Recovery),362,8000404,metaworld,True,64,0.13979687800019747,1,1,1,57,0.3679800033569336,task_success_while_recovery_active_per_intervention,True,False,,ce21d679606e6f46a33b287030576d513c9a8b25b723075651c2d0d2edba38b0,8c503c07dc6dcdd904e948f14d270410c2fbd4d9796f8d9e08451dc34c7d4399,e216352c7f1c7392270c7c501bb599f2a46f420613a124fda0729ab88160cdf2,,,full,0.2,True
REIM (ACT + Detector + Recovery),363,8000405,metaworld,True,58,0.13936687399836956,1,1,1,47,0.2926372289657593,task_success_while_recovery_active_per_intervention,True,False,,2806a3eb5348aeab5cd848f2ed17311959669afa46208be0159e3c4fa83ee7b6,8c503c07dc6dcdd904e948f14d270410c2fbd4d9796f8d9e08451dc34c7d4399,6943489118fc060756e24fd47685e2c10173293d54af0af7e8afa9e287c9c5f1,,,full,0.2,True
REIM (ACT + Detector + Recovery),364,8000406,metaworld,True,53,0.276140645997657,0,0,0,0,0.17431175708770752,task_success_while_recovery_active_per_intervention,True,False,,93a656b63d6106f40912fffba50c61f7aa6c8ac95dfd630dc1e3c04c31357073,8c503c07dc6dcdd904e948f14d270410c2fbd4d9796f8d9e08451dc34c7d4399,5e1df472084de78052388a34f03cad3de438ca9b5dc801b5759dd57c66a7482a,,,full,0.2,True
REIM (ACT + Detector + Recovery),365,8000407,metaworld,False,200,0.5974302750000788,1,0,1,150,0.9920616149902344,task_success_while_recovery_active_per_intervention,False,True,timeout,1111cc5628cdf8cf3e5f54820ac249fa24933bd89dffd6571a633bddbb653d77,8c503c07dc6dcdd904e948f14d270410c2fbd4d9796f8d9e08451dc34c7d4399,35203d16cfa98b5f2e002fcb1ffde2400abf9459c161f6a289efa0c46eddb36f,,,full,0.2,True
REIM (ACT + Detector + Recovery),366,8000408,metaworld,True,57,0.19385871600024984,1,1,1,41,0.3168966770172119,task_success_while_recovery_active_per_intervention,True,False,,c71fecba4d570fd7df6927be6eea93e44de205502980dc4612d531d74c72657f,8c503c07dc6dcdd904e948f14d270410c2fbd4d9796f8d9e08451dc34c7d4399,aa1f17aacdf569c3a2930a2ebbf742ff43f8d3acfc772731a5c344cabcd52570,,,full,0.2,True
REIM (ACT + Detector + Recovery),367,8000409,metaworld,True,53,0.1288044790017011,1,1,1,44,0.3056706488132477,task_success_while_recovery_active_per_intervention,True,False,,7e8e60cdc0637a37b76be9df214b92ed55accd94bdcddfff93206cd6e6cea173,8c503c07dc6dcdd904e948f14d270410c2fbd4d9796f8d9e08451dc34c7d4399,bb2c6b1aed959fa3ddddb1c215ce67cbb5b0ec080eb65fb58e06b7776849a096,,,full,0.2,True
REIM (ACT + Detector + Recovery),368,8000410,metaworld,True,54,0.18974502200217103,1,1,1,28,0.21669986844062805,task_success_while_recovery_active_per_intervention,True,False,,286ec1de04e2289ad093fb033a33b962df107f74c2a835c6e5d3328888d9af6c,8c503c07dc6dcdd904e948f14d270410c2fbd4d9796f8d9e08451dc34c7d4399,342b72dafe0e47ecf8a937cb01e62ac02c2d77bf93dafca59574cbbbfc4ad77b,,,full,0.2,True
REIM (ACT + Detector + Recovery),369,8000411,metaworld,True,56,0.17620714000076987,1,1,1,34,0.2773742973804474,task_success_while_recovery_active_per_intervention,True,False,,36671faf505eb1226e4c85695127d2bf5f78f8f5e42982e83378fda5fdd4d2f1,8c503c07dc6dcdd904e948f14d270410c2fbd4d9796f8d9e08451dc34c7d4399,f82ceac6f8787ac22c378edc1f141cedcc86bf9309b43f1aff6633ae0a963abb,,,full,0.2,True
REIM (ACT + Detector + Recovery),370,8000412,metaworld,True,55,0.13093709299937473,1,1,1,47,0.39585787057876587,task_success_while_recovery_active_per_intervention,True,False,,deeef6964c5eaba46be17b242d5bacdb646690982c16eefe98970b2f70cfc327,8c503c07dc6dcdd904e948f14d270410c2fbd4d9796f8d9e08451dc34c7d4399,35aa26efb4a8651c1d8f46a573d3d4fea76add87b5c76a00531e1cea9ad04412,,,full,0.2,True
REIM (ACT + Detector + Recovery),371,8000413,metaworld,False,200,0.5402098240010673,1,0,1,139,0.9977464079856873,task_success_while_recovery_active_per_intervention,False,True,timeout,42ecb225856ead5df9a67eebae89e418055ce3bb9750097eacfa98de53b65da3,8c503c07dc6dcdd904e948f14d270410c2fbd4d9796f8d9e08451dc34c7d4399,38329c6b97bbe7d133bf007c22742dca5f0cd7258f8d7199135c6c2371ae591d,,,full,0.2,True
REIM (ACT + Detector + Recovery),372,8000414,metaworld,True,57,0.29464227199787274,0,0,0,0,0.11147298663854599,task_success_while_recovery_active_per_intervention,True,False,,1f146db1822d7b99b9b07695c583497b2554b4efbd80c39fa70ceb7843e8c696,8c503c07dc6dcdd904e948f14d270410c2fbd4d9796f8d9e08451dc34c7d4399,4e97203f8ce1a96cef19545d4c4c300d0de39e4f94bd1941cef7ebc3dd48be02,,,full,0.2,True
REIM (ACT + Detector + Recovery),373,8000415,metaworld,True,50,0.14218505600001663,1,1,1,32,0.21564963459968567,task_success_while_recovery_active_per_intervention,True,False,,fe8061fac3d5629c0cb9d70a8f9d813d8474ce0c5d51280a0ec7efc03f56f880,8c503c07dc6dcdd904e948f14d270410c2fbd4d9796f8d9e08451dc34c7d4399,27e1ed8c670f23dae46752497e383610e58c248d638e3b9b707808a32ce33d4e,,,full,0.2,True
REIM (ACT + Detector + Recovery),374,8000416,metaworld,True,56,0.15900169300221023,1,1,1,38,0.23195093870162964,task_success_while_recovery_active_per_intervention,True,False,,62868a6b375c0d65b6b178625f75b73d32e07c23b5ae4dbd04f4e878da063372,8c503c07dc6dcdd904e948f14d270410c2fbd4d9796f8d9e08451dc34c7d4399,0cda21f8ffacf0a1e40e7b0e858a8e2ddc276972106d4bced99d4404b4a13fd8,,,full,0.2,True
REIM (ACT + Detector + Recovery),375,8000417,metaworld,True,50,0.2536838810010522,0,0,0,0,0.18104320764541626,task_success_while_recovery_active_per_intervention,True,False,,afaa5214de822a4c6205125a3e8e0e0becaa2abafa811e5e95168d942486bbeb,8c503c07dc6dcdd904e948f14d270410c2fbd4d9796f8d9e08451dc34c7d4399,2ad5907877cc42b4447b9630988e3a1f0da0d83e1f696f71e22dc69905e631b6,,,full,0.2,True
REIM (ACT + Detector + Recovery),376,8000418,metaworld,True,53,0.16285996700025862,1,1,1,34,0.2882131338119507,task_success_while_recovery_active_per_intervention,True,False,,d5209f43e05c99a562f5d53c5f7274292b80aef69594eaebe3b093428122c9fa,8c503c07dc6dcdd904e948f14d270410c2fbd4d9796f8d9e08451dc34c7d4399,2eb279a724955c1a9d173681940490ec9cc8ed4fdc15a95533884a23d4ccdb4e,,,full,0.2,True
REIM (ACT + Detector + Recovery),377,8000419,metaworld,True,54,0.19135941700005787,1,1,1,26,0.21780188381671906,task_success_while_recovery_active_per_intervention,True,False,,644b6015988db52f27dc40c8c16c507d4010da10e7585a2c23c83bed98b64bb6,8c503c07dc6dcdd904e948f14d270410c2fbd4d9796f8d9e08451dc34c7d4399,8a99d46d6d04afe3e2ef92bb607dde5e178b5c37506006c4f364e345976453b1,,,full,0.2,True
REIM (ACT + Detector + Recovery),378,8000420,metaworld,True,55,0.27785508599845343,0,0,0,0,0.11106371879577637,task_success_while_recovery_active_per_intervention,True,False,,0daa8318bf0c74629a9c4e13397c1a6eda106cc0a6a867f73ace56f6c0591028,8c503c07dc6dcdd904e948f14d270410c2fbd4d9796f8d9e08451dc34c7d4399,25805a097f1f4b8c203ec3c130dcd3e66b5fb3ad298114a08662aae6c86fa673,,,full,0.2,True
REIM (ACT + Detector + Recovery),379,8000421,metaworld,True,61,0.12787964200106217,1,1,1,54,0.3094964921474457,task_success_while_recovery_active_per_intervention,True,False,,13a45a7dfaf50e7bb0940d0be4f36facfae1ec000e0cb12856e327a3197443ac,8c503c07dc6dcdd904e948f14d270410c2fbd4d9796f8d9e08451dc34c7d4399,a8cfe6e2276fbd15230c5555255b87d17333bdd29f84f687df7405d0311fae7f,,,full,0.2,True
REIM (ACT + Detector + Recovery),380,8000422,metaworld,False,200,0.54713040599745,1,0,1,142,0.9861565828323364,task_success_while_recovery_active_per_intervention,False,True,object_dropped,a6bf74a64b76e4d1519c1d9f9d8143d723286713aab93632645216020ce67a28,8c503c07dc6dcdd904e948f14d270410c2fbd4d9796f8d9e08451dc34c7d4399,6943489118fc060756e24fd47685e2c10173293d54af0af7e8afa9e287c9c5f1,,,full,0.2,True
REIM (ACT + Detector + Recovery),381,8000423,metaworld,True,53,0.27263517699975637,0,0,0,0,0.1759394258260727,task_success_while_recovery_active_per_intervention,True,False,,68e7502331d43bad81d8312022b5a080061072f23dbc1c1f7d2aec428a11cedc,8c503c07dc6dcdd904e948f14d270410c2fbd4d9796f8d9e08451dc34c7d4399,71488b32995fa40c6ec3f77f6bcd912b1929aef29d90a66307ad46cd584acf29,,,full,0.2,True
REIM (ACT + Detector + Recovery),382,8000424,metaworld,True,52,0.1239984479980194,1,1,1,43,0.28789249062538147,task_success_while_recovery_active_per_intervention,True,False,,e67e23d7ccb2b743da9e67018b69e58cd034f03526f8540de7ca0c7170a9d523,8c503c07dc6dcdd904e948f14d270410c2fbd4d9796f8d9e08451dc34c7d4399,35aa26efb4a8651c1d8f46a573d3d4fea76add87b5c76a00531e1cea9ad04412,,,full,0.2,True
REIM (ACT + Detector + Recovery),383,8000425,metaworld,True,62,0.3286957220007025,0,0,0,0,0.12345274537801743,task_success_while_recovery_active_per_intervention,True,False,,e11d0e82cd334b46f46885f5e098db52df11f0df769d2af2190b3a69250e6642,8c503c07dc6dcdd904e948f14d270410c2fbd4d9796f8d9e08451dc34c7d4399,1c856fdcb5da12c3fa2d15b38741aa980fa3a47e64fb99f8635817590128f9ea,,,full,0.2,True
REIM (ACT + Detector + Recovery),384,8000426,metaworld,True,50,0.2485661370010348,0,0,0,0,0.17547588050365448,task_success_while_recovery_active_per_intervention,True,False,,e79abd26a2d41de730561438b783e4f70a915b75dc71f5300f3627f22e7064a0,8c503c07dc6dcdd904e948f14d270410c2fbd4d9796f8d9e08451dc34c7d4399,15a9adece7ebea14bdf37f5376e274c6dce4711281025cf35060933ba9ab8ad3,,,full,0.2,True
REIM (ACT + Detector + Recovery),385,8000427,metaworld,True,52,0.2572663270002522,0,0,0,0,0.18199443817138672,task_success_while_recovery_active_per_intervention,True,False,,60be5e009a20f3f82a95be30e9169b32bd31a9bedcddabb77b0cfd61cdb8d20b,8c503c07dc6dcdd904e948f14d270410c2fbd4d9796f8d9e08451dc34c7d4399,56b7f182edcfeefa9301e1edd53d7f36e4418de7e6df1b54b0f0c298cde1b3cd,,,full,0.2,True
REIM (ACT + Detector + Recovery),386,8000428,metaworld,True,57,0.1747481649981637,1,1,1,33,0.293224960565567,task_success_while_recovery_active_per_intervention,True,False,,1a87fe024d858569a0ac1d8432e16d91906d316916faaf584c15621a21a84677,8c503c07dc6dcdd904e948f14d270410c2fbd4d9796f8d9e08451dc34c7d4399,0f719f94ef165c0b816b8b10c3f4f5fcf802c9f5a25141035590310315749280,,,full,0.2,True
REIM (ACT + Detector + Recovery),387,8000429,metaworld,True,59,0.13735373899908154,1,1,1,49,0.39955464005470276,task_success_while_recovery_active_per_intervention,True,False,,c91b0d3f00e2e03a638a609c4ac7e7f896fa909a6a14f2d5c6e77286cd59477b,8c503c07dc6dcdd904e948f14d270410c2fbd4d9796f8d9e08451dc34c7d4399,942fb6a87dc1e3eb7bf7bb111c97e7096138256b4a9a6b4c62a012fabe8bec38,,,full,0.2,True
REIM (ACT + Detector + Recovery),388,8000430,metaworld,True,54,0.12542962500083377,1,1,1,45,0.38230395317077637,task_success_while_recovery_active_per_intervention,True,False,,9a5fb5baa9031009a2ef06e1650524a0927e48012d7a1ba676141b66c2e3c95d,8c503c07dc6dcdd904e948f14d270410c2fbd4d9796f8d9e08451dc34c7d4399,35aa26efb4a8651c1d8f46a573d3d4fea76add87b5c76a00531e1cea9ad04412,,,full,0.2,True
REIM (ACT + Detector + Recovery),389,8000431,metaworld,True,66,0.14858404500046163,1,1,1,56,0.2386218011379242,task_success_while_recovery_active_per_intervention,True,False,,e3da86c4a49c71946d3a2d4c03c69bbaf46b73fce838cc94a7b446afbe5f249c,8c503c07dc6dcdd904e948f14d270410c2fbd4d9796f8d9e08451dc34c7d4399,1c856fdcb5da12c3fa2d15b38741aa980fa3a47e64fb99f8635817590128f9ea,,,full,0.2,True
REIM (ACT + Detector + Recovery),390,8000432,metaworld,True,55,0.12081390599996666,1,1,1,48,0.4426352381706238,task_success_while_recovery_active_per_intervention,True,False,,f02b3dfc0a8f450067aeb2f7f2dad5e827b93d52101d95092e4d25c49f3ebbd5,8c503c07dc6dcdd904e948f14d270410c2fbd4d9796f8d9e08451dc34c7d4399,bb2c6b1aed959fa3ddddb1c215ce67cbb5b0ec080eb65fb58e06b7776849a096,,,full,0.2,True
REIM (ACT + Detector + Recovery),391,8000433,metaworld,True,51,0.11366927900235169,1,1,1,44,0.5453447699546814,task_success_while_recovery_active_per_intervention,True,False,,819fbe058a008a810e15f0e029712fe4b97d3ef77f81fd7c6f6eb851e8fe0103,8c503c07dc6dcdd904e948f14d270410c2fbd4d9796f8d9e08451dc34c7d4399,20cf3cfee33051ea4ca25b64648f05450b0068ae0136ae52c3108d28b02f3691,,,full,0.2,True
REIM (ACT + Detector + Recovery),392,8000434,metaworld,True,54,0.17561227599799167,1,1,1,30,0.24207177758216858,task_success_while_recovery_active_per_intervention,True,False,,57227b8a01a216536025f9b417c35c50fcc13ec266967bf339c12bfd112c8089,8c503c07dc6dcdd904e948f14d270410c2fbd4d9796f8d9e08451dc34c7d4399,f82ceac6f8787ac22c378edc1f141cedcc86bf9309b43f1aff6633ae0a963abb,,,full,0.2,True
REIM (ACT + Detector + Recovery),393,8000435,metaworld,True,55,0.17550046700125677,1,1,1,30,0.24717926979064941,task_success_while_recovery_active_per_intervention,True,False,,bf62458f032e40fc5ac23de35c41206db0ee0db198dd6f251a578363151d7fb2,8c503c07dc6dcdd904e948f14d270410c2fbd4d9796f8d9e08451dc34c7d4399,71488b32995fa40c6ec3f77f6bcd912b1929aef29d90a66307ad46cd584acf29,,,full,0.2,True
REIM (ACT + Detector + Recovery),394,8000436,metaworld,True,54,0.15100736399836023,1,1,1,37,0.24318352341651917,task_success_while_recovery_active_per_intervention,True,False,,ad1a9cccc381ce8de9522e7b6234a65819888375315f0ad54e4ae27bac6e4584,8c503c07dc6dcdd904e948f14d270410c2fbd4d9796f8d9e08451dc34c7d4399,942fb6a87dc1e3eb7bf7bb111c97e7096138256b4a9a6b4c62a012fabe8bec38,,,full,0.2,True
REIM (ACT + Detector + Recovery),395,8000437,metaworld,True,50,0.1170845240012568,1,1,1,41,0.26473701000213623,task_success_while_recovery_active_per_intervention,True,False,,726d4e449f7a2f31be10cc1e2d3a6725191a5c4840f45ada6bb4d84500106977,8c503c07dc6dcdd904e948f14d270410c2fbd4d9796f8d9e08451dc34c7d4399,bb2c6b1aed959fa3ddddb1c215ce67cbb5b0ec080eb65fb58e06b7776849a096,,,full,0.2,True
REIM (ACT + Detector + Recovery),396,8000438,metaworld,True,62,0.13950528200075496,1,1,1,52,0.24725335836410522,task_success_while_recovery_active_per_intervention,True,False,,215487a33438feb13e209ed9021e0fb62474bece36907759f606e53caebd058d,8c503c07dc6dcdd904e948f14d270410c2fbd4d9796f8d9e08451dc34c7d4399,e216352c7f1c7392270c7c501bb599f2a46f420613a124fda0729ab88160cdf2,,,full,0.2,True
REIM (ACT + Detector + Recovery),397,8000439,metaworld,True,53,0.16144543699920177,1,1,1,33,0.28680258989334106,task_success_while_recovery_active_per_intervention,True,False,,c31ead0a97593f4cfdd1dcb7bf90e9cac41e63bf785f1a1e3100544f5b2294bf,8c503c07dc6dcdd904e948f14d270410c2fbd4d9796f8d9e08451dc34c7d4399,2eb279a724955c1a9d173681940490ec9cc8ed4fdc15a95533884a23d4ccdb4e,,,full,0.2,True
REIM (ACT + Detector + Recovery),398,8000440,metaworld,False,200,0.946463489002781,1,0,1,30,0.8217599987983704,task_success_while_recovery_active_per_intervention,False,True,timeout,42f4202188e6fad715a6e4dd1341dabb1372d8aa773e970d03aee478e79e0ad6,8c503c07dc6dcdd904e948f14d270410c2fbd4d9796f8d9e08451dc34c7d4399,5d73f28d4d24cdbcb36a5e5cd61ec1a82f7287ce56d88da8cea912ed757b164c,,,full,0.2,True
REIM (ACT + Detector + Recovery),399,8000441,metaworld,True,59,0.29957843000011053,0,0,0,0,0.12492780387401581,task_success_while_recovery_active_per_intervention,True,False,,0d41bea179cce44e86ce28e726f1a27184f843398605ddae12c1a04cb6339651,8c503c07dc6dcdd904e948f14d270410c2fbd4d9796f8d9e08451dc34c7d4399,a8cfe6e2276fbd15230c5555255b87d17333bdd29f84f687df7405d0311fae7f,,,full,0.2,True
REIM (ACT + Detector + Recovery),400,8000442,metaworld,True,51,0.25807360500039067,0,0,0,0,0.185002863407135,task_success_while_recovery_active_per_intervention,True,False,,6d3c55057167039e1fef2ea61711bac34ec42ed4cdff8917d4954ddafbe263d4,8c503c07dc6dcdd904e948f14d270410c2fbd4d9796f8d9e08451dc34c7d4399,2ad5907877cc42b4447b9630988e3a1f0da0d83e1f696f71e22dc69905e631b6,,,full,0.2,True
REIM (ACT + Detector + Recovery),401,8000443,metaworld,True,53,0.12998642599995947,1,1,1,42,0.33936741948127747,task_success_while_recovery_active_per_intervention,True,False,,df3d24a79f9a29cc5b67c71e5d1f5aae0672f87aacce219dec0577225e014343,8c503c07dc6dcdd904e948f14d270410c2fbd4d9796f8d9e08451dc34c7d4399,15a9adece7ebea14bdf37f5376e274c6dce4711281025cf35060933ba9ab8ad3,,,full,0.2,True
REIM (ACT + Detector + Recovery),402,8000444,metaworld,True,59,0.29897078499925556,0,0,0,0,0.169965460896492,task_success_while_recovery_active_per_intervention,True,False,,76b115f9ce4af1292a8682710aea730f3cc7197cc379363897094604b904c301,8c503c07dc6dcdd904e948f14d270410c2fbd4d9796f8d9e08451dc34c7d4399,1c856fdcb5da12c3fa2d15b38741aa980fa3a47e64fb99f8635817590128f9ea,,,full,0.2,True
REIM (ACT + Detector + Recovery),403,8000445,metaworld,True,60,0.29753851600253256,0,0,0,0,0.1802811175584793,task_success_while_recovery_active_per_intervention,True,False,,1803f73fd69b442edcd8276287cb892d9a707da90cbf9a5588367c1b83c732ba,8c503c07dc6dcdd904e948f14d270410c2fbd4d9796f8d9e08451dc34c7d4399,c5023b3d25031a103b9549b6e8c83ba09d69e708ef117c31128a38e03616e5d8,,,full,0.2,True
REIM (ACT + Detector + Recovery),404,8000446,metaworld,True,55,0.2704953730026318,0,0,0,0,0.19365264475345612,task_success_while_recovery_active_per_intervention,True,False,,260cb90d6e988b1dc28340becbc6c7d0a4955e7e516012c2134048de3fc7d58b,8c503c07dc6dcdd904e948f14d270410c2fbd4d9796f8d9e08451dc34c7d4399,7c3391ee418e26d47c002810bc00065e4dd0b6728c969d2338ad549ad01ebb0a,,,full,0.2,True
REIM (ACT + Detector + Recovery),405,8000447,metaworld,True,54,0.14244679400144378,1,1,1,41,0.26907315850257874,task_success_while_recovery_active_per_intervention,True,False,,024d43b1c93c390c32eb8de746637a659046d6649f7b7d7afce15cc966472bf7,8c503c07dc6dcdd904e948f14d270410c2fbd4d9796f8d9e08451dc34c7d4399,71488b32995fa40c6ec3f77f6bcd912b1929aef29d90a66307ad46cd584acf29,,,full,0.2,True
REIM (ACT + Detector + Recovery),406,8000448,metaworld,True,53,0.2128617239977757,1,1,1,28,0.2086218148469925,task_success_while_recovery_active_per_intervention,True,False,,96dcede9368106560a98cf50912d35f5eac3d54fd388ee048e7ccbd42f797f53,8c503c07dc6dcdd904e948f14d270410c2fbd4d9796f8d9e08451dc34c7d4399,f82ceac6f8787ac22c378edc1f141cedcc86bf9309b43f1aff6633ae0a963abb,,,full,0.2,True
REIM (ACT + Detector + Recovery),407,8000449,metaworld,True,55,0.17326772500018706,1,1,1,39,0.3132575452327728,task_success_while_recovery_active_per_intervention,True,False,,2fc264bb2e311031c0cec7371c247aa3e71988041e9e48f87d00b45f21249904,8c503c07dc6dcdd904e948f14d270410c2fbd4d9796f8d9e08451dc34c7d4399,f82ceac6f8787ac22c378edc1f141cedcc86bf9309b43f1aff6633ae0a963abb,,,full,0.2,True
REIM (ACT + Detector + Recovery),408,8000450,metaworld,True,52,0.23975256999983685,1,1,1,8,0.22341211140155792,task_success_while_recovery_active_per_intervention,True,False,,4a000529a2614d59e9bcd57eaf6a05cf3276b667474203ca97bc6f90737e90fc,8c503c07dc6dcdd904e948f14d270410c2fbd4d9796f8d9e08451dc34c7d4399,742509487aeb71d366f1ddafa1cb12db2f7cfefe17c4ca89c98cffb67c1c8619,,,full,0.2,True
REIM (ACT + Detector + Recovery),409,8000451,metaworld,True,51,0.13200076299835928,1,1,1,38,0.27955174446105957,task_success_while_recovery_active_per_intervention,True,False,,e2cc18a64a742dcf45ffb046534f1ba175c355ddf2db2a7f17f833017c44de04,8c503c07dc6dcdd904e948f14d270410c2fbd4d9796f8d9e08451dc34c7d4399,c40fedd273cade53989af8adc3ca66d02f2d92ca4d97b2f6391a0dd0ab6dbca3,,,full,0.2,True
REIM (ACT + Detector + Recovery),410,8000452,metaworld,True,49,0.13855015900116996,1,1,1,33,0.23629993200302124,task_success_while_recovery_active_per_intervention,True,False,,f517e32194081be4eb2180fa7b4daeddefb08a755b8ae291630001c38613c2bf,8c503c07dc6dcdd904e948f14d270410c2fbd4d9796f8d9e08451dc34c7d4399,27e1ed8c670f23dae46752497e383610e58c248d638e3b9b707808a32ce33d4e,,,full,0.2,True
REIM (ACT + Detector + Recovery),411,8000453,metaworld,True,115,0.35322995600290596,1,1,1,68,0.9351335763931274,task_success_while_recovery_active_per_intervention,True,False,,7cce0f46b8f9739214064bfa50815635b27f26b8caeb6b727deff3a466f9bcd0,8c503c07dc6dcdd904e948f14d270410c2fbd4d9796f8d9e08451dc34c7d4399,6338b57c8983138382fa5c9ee7bb2d2c200be44368697f7ffa8216ea26ddccaf,,,full,0.2,True
REIM (ACT + Detector + Recovery),412,8000454,metaworld,True,52,0.1289196819998324,1,1,1,40,0.2249019742012024,task_success_while_recovery_active_per_intervention,True,False,,45b7a3795961a37327f0ea9537b1245c8b86551481288138b1f1bff595db9ee1,8c503c07dc6dcdd904e948f14d270410c2fbd4d9796f8d9e08451dc34c7d4399,27e1ed8c670f23dae46752497e383610e58c248d638e3b9b707808a32ce33d4e,,,full,0.2,True
REIM (ACT + Detector + Recovery),413,8000455,metaworld,True,54,0.12404657499791938,1,1,1,46,0.46490126848220825,task_success_while_recovery_active_per_intervention,True,False,,943cc3da741b5b8feae8b7688b9dd0a6b52fba479da463a657303bab530d03b5,8c503c07dc6dcdd904e948f14d270410c2fbd4d9796f8d9e08451dc34c7d4399,35aa26efb4a8651c1d8f46a573d3d4fea76add87b5c76a00531e1cea9ad04412,,,full,0.2,True
REIM (ACT + Detector + Recovery),414,8000456,metaworld,True,58,0.2893917049987067,0,0,0,0,0.15088434517383575,task_success_while_recovery_active_per_intervention,True,False,,d0706dadff5bbc194923f256258454ffe6cfd6d9f14a88a5a6e08aa24ebe1357,8c503c07dc6dcdd904e948f14d270410c2fbd4d9796f8d9e08451dc34c7d4399,48ce9609a38b32e56f7e6a43ffef71c21c8b1d17ed5a63d47701bc1dfc3ff271,,,full,0.2,True
REIM (ACT + Detector + Recovery),415,8000457,metaworld,True,58,0.148977749999176,1,1,1,44,0.259612500667572,task_success_while_recovery_active_per_intervention,True,False,,63bb4a2cc89953f602924d60131b54b2f2bc3f3bea9b286318eafd234b54b214,8c503c07dc6dcdd904e948f14d270410c2fbd4d9796f8d9e08451dc34c7d4399,524e161a612d94c222d06154bcd0129d0851b8fad51ae883abbef6e86d43cbb0,,,full,0.2,True
REIM (ACT + Detector + Recovery),416,8000458,metaworld,True,59,0.3042396890014061,0,0,0,0,0.16976387798786163,task_success_while_recovery_active_per_intervention,True,False,,00fa86c0dd368dcf201bbfbd62c5ed40da58659034e1c738733930f4ba1dd534,8c503c07dc6dcdd904e948f14d270410c2fbd4d9796f8d9e08451dc34c7d4399,5732f26a5a3acd61cb38107328c80d8fadad8368570aba69b803668406e8f53d,,,full,0.2,True
REIM (ACT + Detector + Recovery),417,8000459,metaworld,True,57,0.2887676729988016,0,0,0,0,0.16042588651180267,task_success_while_recovery_active_per_intervention,True,False,,8316999a352d05bf07c56109953a1d83c21219d73a0fa9b919925c2c9521fb74,8c503c07dc6dcdd904e948f14d270410c2fbd4d9796f8d9e08451dc34c7d4399,48ce9609a38b32e56f7e6a43ffef71c21c8b1d17ed5a63d47701bc1dfc3ff271,,,full,0.2,True
REIM (ACT + Detector + Recovery),418,8000460,metaworld,True,62,0.15769723799894564,1,1,1,47,0.23137888312339783,task_success_while_recovery_active_per_intervention,True,False,,6daf574176d073b76a56958bbe92e671a45ea9ec82e6756db400b4843c314045,8c503c07dc6dcdd904e948f14d270410c2fbd4d9796f8d9e08451dc34c7d4399,5732f26a5a3acd61cb38107328c80d8fadad8368570aba69b803668406e8f53d,,,full,0.2,True
REIM (ACT + Detector + Recovery),419,8000461,metaworld,True,63,0.16663988100117422,1,1,1,46,0.22938230633735657,task_success_while_recovery_active_per_intervention,True,False,,67779c2e151997ea1ed2e645d47256580bbc61429fa44082db17f3bc8968cdc3,8c503c07dc6dcdd904e948f14d270410c2fbd4d9796f8d9e08451dc34c7d4399,b8e45a2f8f553d53c6eef0305347f910b9999bcae6df6ccaf0eaee6ac864e670,,,full,0.2,True
REIM (ACT + Detector + Recovery),420,8000462,metaworld,True,54,0.26941738500318024,0,0,0,0,0.18321126699447632,task_success_while_recovery_active_per_intervention,True,False,,7159e1ea6940bcc93436d852e34d86ecd519514a51b16a7811777fb84897fb06,8c503c07dc6dcdd904e948f14d270410c2fbd4d9796f8d9e08451dc34c7d4399,6943489118fc060756e24fd47685e2c10173293d54af0af7e8afa9e287c9c5f1,,,full,0.2,True
REIM (ACT + Detector + Recovery),421,8000463,metaworld,True,56,0.13944934100072715,1,1,1,44,0.2179126888513565,task_success_while_recovery_active_per_intervention,True,False,,decca89dc9f7ddb925bb89ab78a96cae53dc60eac14dc03a42665111536e881d,8c503c07dc6dcdd904e948f14d270410c2fbd4d9796f8d9e08451dc34c7d4399,588df85fb38ef87f822932ad2f702be807974873e4a07ea43084bbdeeaac6604,,,full,0.2,True
REIM (ACT + Detector + Recovery),422,8000464,metaworld,True,55,0.27568320999853313,0,0,0,0,0.14188435673713684,task_success_while_recovery_active_per_intervention,True,False,,764d92c4220026da2d3c3af04c2ce9f9be6714b4e6ce2d2d50fc72e8c5452f29,8c503c07dc6dcdd904e948f14d270410c2fbd4d9796f8d9e08451dc34c7d4399,64ee837add19202e84553431fdab118462cf5265eeae19a4d044b5a6818f771d,,,full,0.2,True
REIM (ACT + Detector + Recovery),423,8000465,metaworld,True,60,0.30728912399717956,0,0,0,0,0.16821271181106567,task_success_while_recovery_active_per_intervention,True,False,,492264ee745d0e38f2633f5c9cef418216759774547e86c4d4a492fc0a4e9e32,8c503c07dc6dcdd904e948f14d270410c2fbd4d9796f8d9e08451dc34c7d4399,1c856fdcb5da12c3fa2d15b38741aa980fa3a47e64fb99f8635817590128f9ea,,,full,0.2,True
REIM (ACT + Detector + Recovery),424,8000466,metaworld,True,58,0.3017493639999884,0,0,0,0,0.19419416785240173,task_success_while_recovery_active_per_intervention,True,False,,00d644be4198637f92354e2d43156c6a8a487ce601062a1baa4c26ddc662e83d,8c503c07dc6dcdd904e948f14d270410c2fbd4d9796f8d9e08451dc34c7d4399,a8cfe6e2276fbd15230c5555255b87d17333bdd29f84f687df7405d0311fae7f,,,full,0.2,True
REIM (ACT + Detector + Recovery),425,8000467,metaworld,True,54,0.1271816949993081,1,1,1,45,0.49118611216545105,task_success_while_recovery_active_per_intervention,True,False,,bf99ceee86a832388ccec25cc7bd45c2efc3e1987f9bf036e9a542df2bd4dd15,8c503c07dc6dcdd904e948f14d270410c2fbd4d9796f8d9e08451dc34c7d4399,35aa26efb4a8651c1d8f46a573d3d4fea76add87b5c76a00531e1cea9ad04412,,,full,0.2,True
REIM (ACT + Detector + Recovery),426,8000468,metaworld,True,56,0.2824398159973498,0,0,0,0,0.09598667174577713,task_success_while_recovery_active_per_intervention,True,False,,fb390528964e1d49bf39f1ba0be13eb43ced85c8bfec068c79ce9f6863e27047,8c503c07dc6dcdd904e948f14d270410c2fbd4d9796f8d9e08451dc34c7d4399,f6a9ed9055e00c868d6771022c2c557a6a48990bdacbed585d07cde857d4755a,,,full,0.2,True
REIM (ACT + Detector + Recovery),427,8000469,metaworld,True,59,0.1362508929996693,1,1,1,48,0.26033300161361694,task_success_while_recovery_active_per_intervention,True,False,,702b89b234af82ae7c8d7f771abb8fc79ee05f8bde8d6ff6470b26f8a30c481f,8c503c07dc6dcdd904e948f14d270410c2fbd4d9796f8d9e08451dc34c7d4399,ba19e0623fe05add91e00811bacb33e27305f5fcb6549be6f6278ebce6046101,,,full,0.2,True
REIM (ACT + Detector + Recovery),428,8000470,metaworld,True,52,0.14489028999742004,1,1,1,34,0.2605348527431488,task_success_while_recovery_active_per_intervention,True,False,,949fa3c1ea93f4a0edfc30f2c5c4c9f46c76b35f4cd0cfb221ee7087579a1c16,8c503c07dc6dcdd904e948f14d270410c2fbd4d9796f8d9e08451dc34c7d4399,aa1f17aacdf569c3a2930a2ebbf742ff43f8d3acfc772731a5c344cabcd52570,,,full,0.2,True
REIM (ACT + Detector + Recovery),429,8000471,metaworld,True,51,0.2468181590011227,0,0,0,0,0.12685854732990265,task_success_while_recovery_active_per_intervention,True,False,,4373c313d43f50b550b030afd3214514827ac4babad391e9cab8c19ea1cf0c3b,8c503c07dc6dcdd904e948f14d270410c2fbd4d9796f8d9e08451dc34c7d4399,15a9adece7ebea14bdf37f5376e274c6dce4711281025cf35060933ba9ab8ad3,,,full,0.2,True
REIM (ACT + Detector + Recovery),430,8000472,metaworld,True,58,0.12791745999857085,1,1,1,48,0.28571417927742004,task_success_while_recovery_active_per_intervention,True,False,,56053db978eaf2cab605ec8645eac3cb789ab92d60a8a88c2d52b863571b21e0,8c503c07dc6dcdd904e948f14d270410c2fbd4d9796f8d9e08451dc34c7d4399,0f719f94ef165c0b816b8b10c3f4f5fcf802c9f5a25141035590310315749280,,,full,0.2,True
REIM (ACT + Detector + Recovery),431,8000473,metaworld,True,56,0.2760571479993814,0,0,0,0,0.13573507964611053,task_success_while_recovery_active_per_intervention,True,False,,af0fd23c865b68f3f7de7fa7e1c4109ee107a742937cea4957d5dfb95982e977,8c503c07dc6dcdd904e948f14d270410c2fbd4d9796f8d9e08451dc34c7d4399,4e97203f8ce1a96cef19545d4c4c300d0de39e4f94bd1941cef7ebc3dd48be02,,,full,0.2,True
REIM (ACT + Detector + Recovery),432,8000474,metaworld,True,56,0.15332654300073045,1,1,1,38,0.3006698489189148,task_success_while_recovery_active_per_intervention,True,False,,130c049891ab4ace8bf6b1bff677c4460e04c69d5933869dacf2cdd67db40247,8c503c07dc6dcdd904e948f14d270410c2fbd4d9796f8d9e08451dc34c7d4399,aa1f17aacdf569c3a2930a2ebbf742ff43f8d3acfc772731a5c344cabcd52570,,,full,0.2,True
REIM (ACT + Detector + Recovery),433,8000475,metaworld,True,51,0.2554404420006904,0,0,0,0,0.10179280489683151,task_success_while_recovery_active_per_intervention,True,False,,da54b65d3ea6d154356409982ee6ffdbfd3e5b1f5bd1a60e537d047e799aa1ea,8c503c07dc6dcdd904e948f14d270410c2fbd4d9796f8d9e08451dc34c7d4399,6338b57c8983138382fa5c9ee7bb2d2c200be44368697f7ffa8216ea26ddccaf,,,full,0.2,True
REIM (ACT + Detector + Recovery),434,8000476,metaworld,True,53,0.14558400999885635,1,1,1,38,0.3438100516796112,task_success_while_recovery_active_per_intervention,True,False,,95f6f5afedb90991bd0177f74404a81d5a2b541022a233da46e3bfaa0f7fd5e1,8c503c07dc6dcdd904e948f14d270410c2fbd4d9796f8d9e08451dc34c7d4399,504c23f653f6cdee9d659d9320b164606b319d4f0e9cdf0f3a87e2fc7a98160a,,,full,0.2,True
REIM (ACT + Detector + Recovery),435,8000477,metaworld,True,59,0.1698100270004943,1,1,1,41,0.3382991552352905,task_success_while_recovery_active_per_intervention,True,False,,a588650ff438aa8cc672659084efdc5135d27d605562a58afa9978b478b23a05,8c503c07dc6dcdd904e948f14d270410c2fbd4d9796f8d9e08451dc34c7d4399,8a99d46d6d04afe3e2ef92bb607dde5e178b5c37506006c4f364e345976453b1,,,full,0.2,True
REIM (ACT + Detector + Recovery),436,8000478,metaworld,True,54,0.13133155799732776,1,1,1,45,0.2394976168870926,task_success_while_recovery_active_per_intervention,True,False,,88b8eececdc798ac43154bbe1dfce86dc300756be4c53e94975296452c50c0fc,8c503c07dc6dcdd904e948f14d270410c2fbd4d9796f8d9e08451dc34c7d4399,bb2c6b1aed959fa3ddddb1c215ce67cbb5b0ec080eb65fb58e06b7776849a096,,,full,0.2,True
REIM (ACT + Detector + Recovery),437,8000479,metaworld,True,60,0.13326998199772788,1,1,1,53,0.6370531916618347,task_success_while_recovery_active_per_intervention,True,False,,aae4dbc3e4f0c8eeca2426c060f07fc595e0cecdfb5c593cd9c236e216ab9a7f,8c503c07dc6dcdd904e948f14d270410c2fbd4d9796f8d9e08451dc34c7d4399,aba21ef1c98d0573e36116c9757115227fd3793cba96aea7eda95c2547314ca3,,,full,0.2,True
REIM (ACT + Detector + Recovery),438,8000480,metaworld,True,49,0.12400619099935284,1,1,1,39,0.2599598467350006,task_success_while_recovery_active_per_intervention,True,False,,0e7ab1feda6e294ffe413b046ee466eaea17607bae9576dc3247a981ffdf4be1,8c503c07dc6dcdd904e948f14d270410c2fbd4d9796f8d9e08451dc34c7d4399,20cf3cfee33051ea4ca25b64648f05450b0068ae0136ae52c3108d28b02f3691,,,full,0.2,True
REIM (ACT + Detector + Recovery),439,8000481,metaworld,True,52,0.15076156500072102,1,1,1,36,0.38210269808769226,task_success_while_recovery_active_per_intervention,True,False,,0635edb295e559f1016271fd15020280ef0643d4d19e4d332c3adac0b8e0ed50,8c503c07dc6dcdd904e948f14d270410c2fbd4d9796f8d9e08451dc34c7d4399,342b72dafe0e47ecf8a937cb01e62ac02c2d77bf93dafca59574cbbbfc4ad77b,,,full,0.2,True
REIM (ACT + Detector + Recovery),440,8000482,metaworld,False,200,0.5471134449981037,1,0,1,141,0.9883507490158081,task_success_while_recovery_active_per_intervention,False,True,object_dropped,bdbf07412004b572830541ae6e07105e3c2161cdcfe5e083b7ba12e884670e20,8c503c07dc6dcdd904e948f14d270410c2fbd4d9796f8d9e08451dc34c7d4399,f6a9ed9055e00c868d6771022c2c557a6a48990bdacbed585d07cde857d4755a,,,full,0.2,True
REIM (ACT + Detector + Recovery),441,8000483,metaworld,True,60,0.21769527400101651,1,1,1,27,0.25932401418685913,task_success_while_recovery_active_per_intervention,True,False,,cd664639ac4533e42d0be25f0a21a02bd18566d5912f9fe8a97a561ac6f55be9,8c503c07dc6dcdd904e948f14d270410c2fbd4d9796f8d9e08451dc34c7d4399,39001749c902e2ab9d015efb8c7644faffff99810b709d3203dc359d5eacdcbd,,,full,0.2,True
REIM (ACT + Detector + Recovery),442,8000484,metaworld,True,62,0.19524542100043618,1,1,1,35,0.21260806918144226,task_success_while_recovery_active_per_intervention,True,False,,3fea51516dfb9bbc031e0146aae0fbf42dc1f24ff1acd184606011b428b6c186,8c503c07dc6dcdd904e948f14d270410c2fbd4d9796f8d9e08451dc34c7d4399,1c856fdcb5da12c3fa2d15b38741aa980fa3a47e64fb99f8635817590128f9ea,,,full,0.2,True
REIM (ACT + Detector + Recovery),443,8000485,metaworld,True,55,0.27191474700157414,0,0,0,0,0.10371200740337372,task_success_while_recovery_active_per_intervention,True,False,,396bf36395fbe537593b3734955c1d1c1900970ea45cda046d841ad08bd3b8eb,8c503c07dc6dcdd904e948f14d270410c2fbd4d9796f8d9e08451dc34c7d4399,742509487aeb71d366f1ddafa1cb12db2f7cfefe17c4ca89c98cffb67c1c8619,,,full,0.2,True
REIM (ACT + Detector + Recovery),444,8000486,metaworld,False,200,0.5018680319990381,1,0,1,150,0.9988686442375183,task_success_while_recovery_active_per_intervention,False,True,timeout,335e744735c7b1f0e08c4504ca1f6ddcbca823256f8aa39e2b5973d321e0bea2,8c503c07dc6dcdd904e948f14d270410c2fbd4d9796f8d9e08451dc34c7d4399,742509487aeb71d366f1ddafa1cb12db2f7cfefe17c4ca89c98cffb67c1c8619,,,full,0.2,True
REIM (ACT + Detector + Recovery),445,8000487,metaworld,True,54,0.18792105600005016,1,1,1,28,0.24490201473236084,task_success_while_recovery_active_per_intervention,True,False,,2f836b95ad700c3bdd11788fac8a5ebeb00603941c238ccc9003960844c8ade2,8c503c07dc6dcdd904e948f14d270410c2fbd4d9796f8d9e08451dc34c7d4399,0f719f94ef165c0b816b8b10c3f4f5fcf802c9f5a25141035590310315749280,,,full,0.2,True
REIM (ACT + Detector + Recovery),446,8000488,metaworld,True,50,0.1681302670003788,1,1,1,27,0.2517377734184265,task_success_while_recovery_active_per_intervention,True,False,,a916eb50a41c4d2d06725268fbde028c5bc1cc225c3efaad1f0cd8e9206dfd08,8c503c07dc6dcdd904e948f14d270410c2fbd4d9796f8d9e08451dc34c7d4399,cea0b9105255f82e0ee99bfb3998a6edce02b446d4b14afb0747282cd18aa202,,,full,0.2,True
REIM (ACT + Detector + Recovery),447,8000489,metaworld,True,59,0.1274205180015997,1,1,1,51,0.5327606797218323,task_success_while_recovery_active_per_intervention,True,False,,6658f33aeee5446d5224a13ac8e2dc53ce9363f3abbaae696f8cd40c1c4e0023,8c503c07dc6dcdd904e948f14d270410c2fbd4d9796f8d9e08451dc34c7d4399,ba19e0623fe05add91e00811bacb33e27305f5fcb6549be6f6278ebce6046101,,,full,0.2,True
REIM (ACT + Detector + Recovery),448,8000490,metaworld,True,55,0.15214744599870755,1,1,1,38,0.2104199379682541,task_success_while_recovery_active_per_intervention,True,False,,673e045fd9ae6e0fea6bf7b4c8bbd5e295232832aa447943972ef043696cc3e5,8c503c07dc6dcdd904e948f14d270410c2fbd4d9796f8d9e08451dc34c7d4399,5e1df472084de78052388a34f03cad3de438ca9b5dc801b5759dd57c66a7482a,,,full,0.2,True
REIM (ACT + Detector + Recovery),449,8000491,metaworld,True,52,0.15674097099690698,1,1,1,31,0.2783353328704834,task_success_while_recovery_active_per_intervention,True,False,,2dfccb7b118b8673ede8a38af60a64bb505ba28d9286419b9b5183c523611960,8c503c07dc6dcdd904e948f14d270410c2fbd4d9796f8d9e08451dc34c7d4399,2eb279a724955c1a9d173681940490ec9cc8ed4fdc15a95533884a23d4ccdb4e,,,full,0.2,True
REIM (ACT + Detector + Recovery),450,8000492,metaworld,True,53,0.13686770200001774,1,1,1,39,0.29545870423316956,task_success_while_recovery_active_per_intervention,True,False,,7712ea687bbaa1515f666ef5d7e22343f0e56cfbd99a5a8b9a94acd885dc0e53,8c503c07dc6dcdd904e948f14d270410c2fbd4d9796f8d9e08451dc34c7d4399,15a9adece7ebea14bdf37f5376e274c6dce4711281025cf35060933ba9ab8ad3,,,full,0.2,True
REIM (ACT + Detector + Recovery),451,8000493,metaworld,True,57,0.12761655999929644,1,1,1,47,0.30314549803733826,task_success_while_recovery_active_per_intervention,True,False,,228ed71bb7381fe6da85e209ee2ae174be5b3166e5c692c1ad18015785a22e1b,8c503c07dc6dcdd904e948f14d270410c2fbd4d9796f8d9e08451dc34c7d4399,acfaed29b052207b47b4b7fa76672795fd08de3add8565db05f141de82ece90b,,,full,0.2,True
REIM (ACT + Detector + Recovery),452,8000494,metaworld,True,52,0.14796158199897036,1,1,1,34,0.2587643265724182,task_success_while_recovery_active_per_intervention,True,False,,0d3b19c79047f27d71a396aa4efda1e96e2b40dab9075c36eefeee8f3a559c80,8c503c07dc6dcdd904e948f14d270410c2fbd4d9796f8d9e08451dc34c7d4399,aa1f17aacdf569c3a2930a2ebbf742ff43f8d3acfc772731a5c344cabcd52570,,,full,0.2,True
REIM (ACT + Detector + Recovery),453,8000495,metaworld,True,65,0.14567725400047493,1,1,1,56,0.3020458221435547,task_success_while_recovery_active_per_intervention,True,False,,d9264302af5f9a3fa4b345bce1636fc61f0a1c302a64d96b8816c65007ae8ae7,8c503c07dc6dcdd904e948f14d270410c2fbd4d9796f8d9e08451dc34c7d4399,524e161a612d94c222d06154bcd0129d0851b8fad51ae883abbef6e86d43cbb0,,,full,0.2,True
REIM (ACT + Detector + Recovery),454,8000496,metaworld,True,57,0.285371068999666,0,0,0,0,0.1041271984577179,task_success_while_recovery_active_per_intervention,True,False,,ea4ac1a7d54dd4172732e86fe3287b7ba44bec67c24edc62e7277941dcefa602,8c503c07dc6dcdd904e948f14d270410c2fbd4d9796f8d9e08451dc34c7d4399,742509487aeb71d366f1ddafa1cb12db2f7cfefe17c4ca89c98cffb67c1c8619,,,full,0.2,True
REIM (ACT + Detector + Recovery),455,8000497,metaworld,True,51,0.2663721639983123,0,0,0,0,0.18171419203281403,task_success_while_recovery_active_per_intervention,True,False,,88c9d21910b474942cc2a5ed9bfea3d98c06b0f80ff768574a54990a8077e882,8c503c07dc6dcdd904e948f14d270410c2fbd4d9796f8d9e08451dc34c7d4399,38329c6b97bbe7d133bf007c22742dca5f0cd7258f8d7199135c6c2371ae591d,,,full,0.2,True
REIM (ACT + Detector + Recovery),456,8000498,metaworld,True,57,0.13476112100033788,1,1,1,49,0.4927097260951996,task_success_while_recovery_active_per_intervention,True,False,,3b732e30fd9f72db419c1336f138ed32b91a1f6dc6c1880f1ff9b83deaa39be1,8c503c07dc6dcdd904e948f14d270410c2fbd4d9796f8d9e08451dc34c7d4399,ba19e0623fe05add91e00811bacb33e27305f5fcb6549be6f6278ebce6046101,,,full,0.2,True
REIM (ACT + Detector + Recovery),457,8000499,metaworld,True,59,0.1395448729999771,1,1,1,48,0.36913546919822693,task_success_while_recovery_active_per_intervention,True,False,,4b09c78a965b867a277074cb0030557205d15019f43f6a65b4d182fcd4a5e18d,8c503c07dc6dcdd904e948f14d270410c2fbd4d9796f8d9e08451dc34c7d4399,8a99d46d6d04afe3e2ef92bb607dde5e178b5c37506006c4f364e345976453b1,,,full,0.2,True
REIM (ACT + Detector + Recovery),458,8000500,metaworld,True,63,0.14759135900021647,1,1,1,53,0.20899175107479095,task_success_while_recovery_active_per_intervention,True,False,,3a58037f9d67549d77d4ab3114bae1f2b7ab07e965e3c6988aa3b1d44cc94dc1,8c503c07dc6dcdd904e948f14d270410c2fbd4d9796f8d9e08451dc34c7d4399,e216352c7f1c7392270c7c501bb599f2a46f420613a124fda0729ab88160cdf2,,,full,0.2,True
REIM (ACT + Detector + Recovery),459,8000501,metaworld,True,55,0.1732052549996297,1,1,1,32,0.20452602207660675,task_success_while_recovery_active_per_intervention,True,False,,e29b1b937306470d9f676fcf5d673a50dea9bc9f7b34fdb07aa6bfabb1aafb23,8c503c07dc6dcdd904e948f14d270410c2fbd4d9796f8d9e08451dc34c7d4399,64ee837add19202e84553431fdab118462cf5265eeae19a4d044b5a6818f771d,,,full,0.2,True
REIM (ACT + Detector + Recovery),460,8000502,metaworld,True,53,0.15935073900254793,1,1,1,32,0.2406754493713379,task_success_while_recovery_active_per_intervention,True,False,,83d6ed2ed6351af8de98fe35f4c5155a83c72e567e34b50ae44b354a08c55f72,8c503c07dc6dcdd904e948f14d270410c2fbd4d9796f8d9e08451dc34c7d4399,f82ceac6f8787ac22c378edc1f141cedcc86bf9309b43f1aff6633ae0a963abb,,,full,0.2,True
REIM (ACT + Detector + Recovery),461,8000503,metaworld,True,49,0.14018703299734625,1,1,1,33,0.37885597348213196,task_success_while_recovery_active_per_intervention,True,False,,5ab294fa03e41f308caedd4c42ef6369c14520f873a24b198de3b1ddd33ab631,8c503c07dc6dcdd904e948f14d270410c2fbd4d9796f8d9e08451dc34c7d4399,e6e55bdbd77dc052facbc072d20b08a21d116978c37627b9a3d9dc7989dfbe62,,,full,0.2,True
REIM (ACT + Detector + Recovery),462,8000504,metaworld,True,54,0.27756759600015357,0,0,0,0,0.19454891979694366,task_success_while_recovery_active_per_intervention,True,False,,4f3a516be0079d59737559ac76df0c326f9f414bf90404a6a0a91d2337c8af7a,8c503c07dc6dcdd904e948f14d270410c2fbd4d9796f8d9e08451dc34c7d4399,f82ceac6f8787ac22c378edc1f141cedcc86bf9309b43f1aff6633ae0a963abb,,,full,0.2,True
REIM (ACT + Detector + Recovery),463,8000505,metaworld,True,53,0.2697785529999237,0,0,0,0,0.16688917577266693,task_success_while_recovery_active_per_intervention,True,False,,8c8b7807eca9b6645c4177f00a597ca33650e82c2f98a061bd0c631500304789,8c503c07dc6dcdd904e948f14d270410c2fbd4d9796f8d9e08451dc34c7d4399,7c3391ee418e26d47c002810bc00065e4dd0b6728c969d2338ad549ad01ebb0a,,,full,0.2,True
REIM (ACT + Detector + Recovery),464,8000506,metaworld,True,50,0.1419971399991482,1,1,1,33,0.2467496544122696,task_success_while_recovery_active_per_intervention,True,False,,1c6a132d029c348b76c4d787540a639e62bde7117513ba6e16c99448fba18d82,8c503c07dc6dcdd904e948f14d270410c2fbd4d9796f8d9e08451dc34c7d4399,27e1ed8c670f23dae46752497e383610e58c248d638e3b9b707808a32ce33d4e,,,full,0.2,True
REIM (ACT + Detector + Recovery),465,8000507,metaworld,False,200,0.5141444479995698,1,0,1,150,0.9985988736152649,task_success_while_recovery_active_per_intervention,False,True,timeout,f176ee4b81ed94be2bee5b256d71ca3fc13367476519bb06ad8418cabf7b1143,8c503c07dc6dcdd904e948f14d270410c2fbd4d9796f8d9e08451dc34c7d4399,5d73f28d4d24cdbcb36a5e5cd61ec1a82f7287ce56d88da8cea912ed757b164c,,,full,0.2,True
REIM (ACT + Detector + Recovery),466,8000508,metaworld,True,54,0.2669712930000969,0,0,0,0,0.19909048080444336,task_success_while_recovery_active_per_intervention,True,False,,b76d04ad090e2485d60d7d069a2352600a9d738e914d8c5456bd8f8e8c2cbee9,8c503c07dc6dcdd904e948f14d270410c2fbd4d9796f8d9e08451dc34c7d4399,f82ceac6f8787ac22c378edc1f141cedcc86bf9309b43f1aff6633ae0a963abb,,,full,0.2,True
REIM (ACT + Detector + Recovery),467,8000509,metaworld,True,56,0.16031051400204888,1,1,1,36,0.2642291784286499,task_success_while_recovery_active_per_intervention,True,False,,3028a2b65cc5674009c131cc2f76da991097e9c74d66a25c1e56f7ae83f669b7,8c503c07dc6dcdd904e948f14d270410c2fbd4d9796f8d9e08451dc34c7d4399,8a99d46d6d04afe3e2ef92bb607dde5e178b5c37506006c4f364e345976453b1,,,full,0.2,True
REIM (ACT + Detector + Recovery),468,8000510,metaworld,True,58,0.1410818250005832,1,1,1,47,0.24072813987731934,task_success_while_recovery_active_per_intervention,True,False,,4d2a03dbe6a7b2553a2c22f6dc9e818a120c457762b7a7f1476e9f6bfd6f7ea2,8c503c07dc6dcdd904e948f14d270410c2fbd4d9796f8d9e08451dc34c7d4399,0f719f94ef165c0b816b8b10c3f4f5fcf802c9f5a25141035590310315749280,,,full,0.2,True
REIM (ACT + Detector + Recovery),469,8000511,metaworld,True,50,0.2501990509990719,0,0,0,0,0.16906581819057465,task_success_while_recovery_active_per_intervention,True,False,,d25f56f1502ba054f2fac05e11d21637e6fc5237871b5e9181136c51b654472a,8c503c07dc6dcdd904e948f14d270410c2fbd4d9796f8d9e08451dc34c7d4399,15a9adece7ebea14bdf37f5376e274c6dce4711281025cf35060933ba9ab8ad3,,,full,0.2,True
REIM (ACT + Detector + Recovery),470,8000512,metaworld,True,61,0.15841094300049008,1,1,1,45,0.21571345627307892,task_success_while_recovery_active_per_intervention,True,False,,cc89ea61aa905b0878fe59e9eca5757e06fe5d42f27c76e02f8c865ddd4c8c48,8c503c07dc6dcdd904e948f14d270410c2fbd4d9796f8d9e08451dc34c7d4399,b8e45a2f8f553d53c6eef0305347f910b9999bcae6df6ccaf0eaee6ac864e670,,,full,0.2,True
REIM (ACT + Detector + Recovery),471,8000513,metaworld,True,55,0.13532849900002475,1,1,1,43,0.24931025505065918,task_success_while_recovery_active_per_intervention,True,False,,4f0e5906bc9e20c08314bc892a4ddb37a66edb0d7fe1b00af0442adb74e29d63,8c503c07dc6dcdd904e948f14d270410c2fbd4d9796f8d9e08451dc34c7d4399,38329c6b97bbe7d133bf007c22742dca5f0cd7258f8d7199135c6c2371ae591d,,,full,0.2,True
REIM (ACT + Detector + Recovery),472,8000514,metaworld,True,57,0.13312241200037533,1,1,1,46,0.28818878531455994,task_success_while_recovery_active_per_intervention,True,False,,dc61727bba0722e9db8295fbb9fbffc35fc775384250d54875516cc61052c783,8c503c07dc6dcdd904e948f14d270410c2fbd4d9796f8d9e08451dc34c7d4399,588df85fb38ef87f822932ad2f702be807974873e4a07ea43084bbdeeaac6604,,,full,0.2,True
REIM (ACT + Detector + Recovery),473,8000515,metaworld,False,200,0.5360084739986632,1,0,1,138,0.9915446043014526,task_success_while_recovery_active_per_intervention,False,True,timeout,6f58f8db78f471be1cf6bbafcc55bba060c196ad7265dc070ceaae879fd457b9,8c503c07dc6dcdd904e948f14d270410c2fbd4d9796f8d9e08451dc34c7d4399,a0b103bf3e43f4aa92753185301eba5e2e31594285004b99f51a59b33bd2d620,,,full,0.2,True
REIM (ACT + Detector + Recovery),474,8000516,metaworld,True,54,0.13644491400191328,1,1,1,40,0.28033846616744995,task_success_while_recovery_active_per_intervention,True,False,,edd30a5a06cf01b92be462b8f92bf16510f55445f8ec9bf2640ec016356cabc7,8c503c07dc6dcdd904e948f14d270410c2fbd4d9796f8d9e08451dc34c7d4399,5e1df472084de78052388a34f03cad3de438ca9b5dc801b5759dd57c66a7482a,,,full,0.2,True
REIM (ACT + Detector + Recovery),475,8000517,metaworld,True,56,0.2817397040016658,0,0,0,0,0.11784941703081131,task_success_while_recovery_active_per_intervention,True,False,,ec0386a5a14dc2a14f3d3235ca7bf383ddb7f07bcd9cbe3d70415ed1cc70b562,8c503c07dc6dcdd904e948f14d270410c2fbd4d9796f8d9e08451dc34c7d4399,48ce9609a38b32e56f7e6a43ffef71c21c8b1d17ed5a63d47701bc1dfc3ff271,,,full,0.2,True
REIM (ACT + Detector + Recovery),476,8000518,metaworld,True,52,0.2557523110008333,0,0,0,0,0.1570950448513031,task_success_while_recovery_active_per_intervention,True,False,,aea2b3b9e7ed81184d17cc25fe01c15225da491f1e5206edd6b56e28fd687f0e,8c503c07dc6dcdd904e948f14d270410c2fbd4d9796f8d9e08451dc34c7d4399,15a9adece7ebea14bdf37f5376e274c6dce4711281025cf35060933ba9ab8ad3,,,full,0.2,True
REIM (ACT + Detector + Recovery),477,8000519,metaworld,True,57,0.2765856049991271,0,0,0,0,0.1368655413389206,task_success_while_recovery_active_per_intervention,True,False,,173fdcc140b7940e46943a4c444864d87082501a444eaa1d8854e3fc99816776,8c503c07dc6dcdd904e948f14d270410c2fbd4d9796f8d9e08451dc34c7d4399,06d355d7aff3b944ab4199c02a94c63d062e5c414c0b195f7b232b607e0ab1ed,,,full,0.2,True
REIM (ACT + Detector + Recovery),478,8000520,metaworld,True,58,0.14690716699988116,1,1,1,43,0.2189776450395584,task_success_while_recovery_active_per_intervention,True,False,,7b8769de12b4a6611b63bde3dc7074dd88b62ac85be6bc4e1a7d1f0dca7caff7,8c503c07dc6dcdd904e948f14d270410c2fbd4d9796f8d9e08451dc34c7d4399,0f719f94ef165c0b816b8b10c3f4f5fcf802c9f5a25141035590310315749280,,,full,0.2,True
REIM (ACT + Detector + Recovery),479,8000521,metaworld,True,51,0.10971337999944808,1,1,1,44,0.499687522649765,task_success_while_recovery_active_per_intervention,True,False,,122d05189dbeaac2c20a4360393088e8a3e955fbb0fc6e4deffe8d662a1e91fd,8c503c07dc6dcdd904e948f14d270410c2fbd4d9796f8d9e08451dc34c7d4399,35aa26efb4a8651c1d8f46a573d3d4fea76add87b5c76a00531e1cea9ad04412,,,full,0.2,True
REIM (ACT + Detector + Recovery),480,8000522,metaworld,False,200,0.5403391959989676,1,0,1,135,0.9882534742355347,task_success_while_recovery_active_per_intervention,False,True,object_dropped,7101fe959e121ba5d4e98544b30acace21c9f16e2f3b95106c7fea07d7156a7d,8c503c07dc6dcdd904e948f14d270410c2fbd4d9796f8d9e08451dc34c7d4399,5732f26a5a3acd61cb38107328c80d8fadad8368570aba69b803668406e8f53d,,,full,0.2,True
REIM (ACT + Detector + Recovery),481,8000523,metaworld,True,58,0.13394684200102347,1,1,1,47,0.258877694606781,task_success_while_recovery_active_per_intervention,True,False,,1319c1a5e5135dfd28643305b030987cbd5a0a0b20ed99242ca91097e91489cc,8c503c07dc6dcdd904e948f14d270410c2fbd4d9796f8d9e08451dc34c7d4399,8a99d46d6d04afe3e2ef92bb607dde5e178b5c37506006c4f364e345976453b1,,,full,0.2,True
REIM (ACT + Detector + Recovery),482,8000524,metaworld,True,62,0.12756897999861394,1,1,1,55,0.29928091168403625,task_success_while_recovery_active_per_intervention,True,False,,461f411703a18c4269ba9dcfed5e61753db8c0ee7edad8d279a1f4bfbbe31299,8c503c07dc6dcdd904e948f14d270410c2fbd4d9796f8d9e08451dc34c7d4399,e216352c7f1c7392270c7c501bb599f2a46f420613a124fda0729ab88160cdf2,,,full,0.2,True
REIM (ACT + Detector + Recovery),483,8000525,metaworld,True,59,0.2906363380025141,0,0,0,0,0.19269868731498718,task_success_while_recovery_active_per_intervention,True,False,,f58e1026a2d9e13799fa4d1764fb97e3834ed36d61027a76e69b32ea3be449e3,8c503c07dc6dcdd904e948f14d270410c2fbd4d9796f8d9e08451dc34c7d4399,524e161a612d94c222d06154bcd0129d0851b8fad51ae883abbef6e86d43cbb0,,,full,0.2,True
REIM (ACT + Detector + Recovery),484,8000526,metaworld,True,53,0.25502046899782727,0,0,0,0,0.1396341770887375,task_success_while_recovery_active_per_intervention,True,False,,ece2fe2a2703bad2a8bd8ca8642bd15baf23b91ffc65b94558bb3e372de78ed6,8c503c07dc6dcdd904e948f14d270410c2fbd4d9796f8d9e08451dc34c7d4399,56b7f182edcfeefa9301e1edd53d7f36e4418de7e6df1b54b0f0c298cde1b3cd,,,full,0.2,True
REIM (ACT + Detector + Recovery),485,8000527,metaworld,True,57,0.2831272359981085,0,0,0,0,0.15409712493419647,task_success_while_recovery_active_per_intervention,True,False,,aad7616d72a542944fe0533c0aee00af76618c350b3276bede634abb9720de2e,8c503c07dc6dcdd904e948f14d270410c2fbd4d9796f8d9e08451dc34c7d4399,588df85fb38ef87f822932ad2f702be807974873e4a07ea43084bbdeeaac6604,,,full,0.2,True
REIM (ACT + Detector + Recovery),486,8000528,metaworld,True,53,0.11154802400051267,1,1,1,47,0.5340332388877869,task_success_while_recovery_active_per_intervention,True,False,,bc2df5cf8b45f56f3b10893d8e50e82ff276c76c8a2d60f19900aa031cb4fdd2,8c503c07dc6dcdd904e948f14d270410c2fbd4d9796f8d9e08451dc34c7d4399,bb2c6b1aed959fa3ddddb1c215ce67cbb5b0ec080eb65fb58e06b7776849a096,,,full,0.2,True
REIM (ACT + Detector + Recovery),487,8000529,metaworld,True,58,0.29363244799969834,0,0,0,0,0.1545601785182953,task_success_while_recovery_active_per_intervention,True,False,,b50a8f05169cc39d8cc71a77828d68f2fee93f4717e6a7925ef456d82e30ad8c,8c503c07dc6dcdd904e948f14d270410c2fbd4d9796f8d9e08451dc34c7d4399,f6a9ed9055e00c868d6771022c2c557a6a48990bdacbed585d07cde857d4755a,,,full,0.2,True
REIM (ACT + Detector + Recovery),488,8000530,metaworld,True,52,0.2579079549977905,0,0,0,0,0.1536891609430313,task_success_while_recovery_active_per_intervention,True,False,,c47ffe701a4357b10becca3f316fc8cfb2ca0f2a53d908d156bb21efd6ed5042,8c503c07dc6dcdd904e948f14d270410c2fbd4d9796f8d9e08451dc34c7d4399,2ad5907877cc42b4447b9630988e3a1f0da0d83e1f696f71e22dc69905e631b6,,,full,0.2,True
REIM (ACT + Detector + Recovery),489,8000531,metaworld,True,56,0.1293104639989906,1,1,1,46,0.49358630180358887,task_success_while_recovery_active_per_intervention,True,False,,1e4d31236d63227cf2b7a910a1426c5dd31616de8e1fb90c806eebb5ad8c96b9,8c503c07dc6dcdd904e948f14d270410c2fbd4d9796f8d9e08451dc34c7d4399,942fb6a87dc1e3eb7bf7bb111c97e7096138256b4a9a6b4c62a012fabe8bec38,,,full,0.2,True
REIM (ACT + Detector + Recovery),490,8000532,metaworld,True,54,0.13213311999788857,1,1,1,42,0.32451125979423523,task_success_while_recovery_active_per_intervention,True,False,,36a0c650f516d0418320f9fc427f138b4166688fb6a8ee4751755c1030f044d5,8c503c07dc6dcdd904e948f14d270410c2fbd4d9796f8d9e08451dc34c7d4399,15a9adece7ebea14bdf37f5376e274c6dce4711281025cf35060933ba9ab8ad3,,,full,0.2,True
REIM (ACT + Detector + Recovery),491,8000533,metaworld,True,57,0.28256570099983946,0,0,0,0,0.19738787412643433,task_success_while_recovery_active_per_intervention,True,False,,d5d889aa4b9905768b8df1bd2321b9de5a43fb820a03b3a8a6fa331cac25f30f,8c503c07dc6dcdd904e948f14d270410c2fbd4d9796f8d9e08451dc34c7d4399,b8e45a2f8f553d53c6eef0305347f910b9999bcae6df6ccaf0eaee6ac864e670,,,full,0.2,True
REIM (ACT + Detector + Recovery),492,8000534,metaworld,True,49,0.1262088080002286,1,1,1,36,0.24255257844924927,task_success_while_recovery_active_per_intervention,True,False,,857d6b9b823325a2561d3d461e96886fccdd26e3209f083977635a4a3fb3c8fd,8c503c07dc6dcdd904e948f14d270410c2fbd4d9796f8d9e08451dc34c7d4399,20cf3cfee33051ea4ca25b64648f05450b0068ae0136ae52c3108d28b02f3691,,,full,0.2,True
REIM (ACT + Detector + Recovery),493,8000535,metaworld,True,56,0.1351262409989431,1,1,1,44,0.23994696140289307,task_success_while_recovery_active_per_intervention,True,False,,927ed87fd7f3e6b23d12985fb581ed1ac6d9495e14ab00baa4aa4b4dcf20083d,8c503c07dc6dcdd904e948f14d270410c2fbd4d9796f8d9e08451dc34c7d4399,5e1df472084de78052388a34f03cad3de438ca9b5dc801b5759dd57c66a7482a,,,full,0.2,True
REIM (ACT + Detector + Recovery),494,8000536,metaworld,True,65,0.14463887499732664,1,1,1,55,0.20342019200325012,task_success_while_recovery_active_per_intervention,True,False,,e2426eab2d8ffe87393bb7881e59190aeeabf83c1294856c83217c669eb3822d,8c503c07dc6dcdd904e948f14d270410c2fbd4d9796f8d9e08451dc34c7d4399,1c856fdcb5da12c3fa2d15b38741aa980fa3a47e64fb99f8635817590128f9ea,,,full,0.2,True
REIM (ACT + Detector + Recovery),495,8000537,metaworld,True,53,0.26064301099904696,0,0,0,0,0.19571134448051453,task_success_while_recovery_active_per_intervention,True,False,,3f0d6a176a8366ac2762d37e1269fa703a7a5b7412d9b447bfceafb23bc7c2df,8c503c07dc6dcdd904e948f14d270410c2fbd4d9796f8d9e08451dc34c7d4399,6943489118fc060756e24fd47685e2c10173293d54af0af7e8afa9e287c9c5f1,,,full,0.2,True
REIM (ACT + Detector + Recovery),496,8000538,metaworld,True,55,0.1569184750005661,1,1,1,35,0.33189478516578674,task_success_while_recovery_active_per_intervention,True,False,,5f213cd19558d7e01f7be6ee25c681e5f28f84a62866a5e80bf2b2f52a813a44,8c503c07dc6dcdd904e948f14d270410c2fbd4d9796f8d9e08451dc34c7d4399,aa1f17aacdf569c3a2930a2ebbf742ff43f8d3acfc772731a5c344cabcd52570,,,full,0.2,True
REIM (ACT + Detector + Recovery),497,8000539,metaworld,True,50,0.1188639450010669,1,1,1,40,0.2828851640224457,task_success_while_recovery_active_per_intervention,True,False,,451dc2ef8f7232f2a12aa62eac6b43806af4536fb734bb7fb17cd83a3cc195de,8c503c07dc6dcdd904e948f14d270410c2fbd4d9796f8d9e08451dc34c7d4399,20cf3cfee33051ea4ca25b64648f05450b0068ae0136ae52c3108d28b02f3691,,,full,0.2,True
REIM (ACT + Detector + Recovery),498,8000540,metaworld,True,60,0.12926609799978905,1,1,1,52,0.514876127243042,task_success_while_recovery_active_per_intervention,True,False,,8ede7a35a91e4872f7315767322a5647162f903f444f162c4e3bc67253a0aebe,8c503c07dc6dcdd904e948f14d270410c2fbd4d9796f8d9e08451dc34c7d4399,0f719f94ef165c0b816b8b10c3f4f5fcf802c9f5a25141035590310315749280,,,full,0.2,True
REIM (ACT + Detector + Recovery),499,8000541,metaworld,True,56,0.27645631300038076,0,0,0,0,0.12161590903997421,task_success_while_recovery_active_per_intervention,True,False,,af464ea8998bdb040e8e646e98e9a37b699248a242c37c98b971e16442cccbcc,8c503c07dc6dcdd904e948f14d270410c2fbd4d9796f8d9e08451dc34c7d4399,a0b103bf3e43f4aa92753185301eba5e2e31594285004b99f51a59b33bd2d620,,,full,0.2,True
REIM (ACT + Detector + Recovery),500,8000542,metaworld,True,53,0.13616921399807325,1,1,1,38,0.24632598459720612,task_success_while_recovery_active_per_intervention,True,False,,bc2ca476accc2cc663ae466a74eeba4a0dc11a391c01f0d5555965cce046d9b8,8c503c07dc6dcdd904e948f14d270410c2fbd4d9796f8d9e08451dc34c7d4399,aa1f17aacdf569c3a2930a2ebbf742ff43f8d3acfc772731a5c344cabcd52570,,,full,0.2,True
REIM (ACT + Detector + Recovery),501,8000543,metaworld,True,52,0.2564634340014891,0,0,0,0,0.16596469283103943,task_success_while_recovery_active_per_intervention,True,False,,51284ae553d7fcc8e2b371a1d8130ecf248d7669c1ba24e79303a4b4a0b74697,8c503c07dc6dcdd904e948f14d270410c2fbd4d9796f8d9e08451dc34c7d4399,38329c6b97bbe7d133bf007c22742dca5f0cd7258f8d7199135c6c2371ae591d,,,full,0.2,True
REIM (ACT + Detector + Recovery),502,8000544,metaworld,True,52,0.2612497749978502,0,0,0,0,0.18382702767848969,task_success_while_recovery_active_per_intervention,True,False,,bc58074285c0a5eca506fa9c58b45b90692bd9bc24920e33811c3ea77246dbfc,8c503c07dc6dcdd904e948f14d270410c2fbd4d9796f8d9e08451dc34c7d4399,38329c6b97bbe7d133bf007c22742dca5f0cd7258f8d7199135c6c2371ae591d,,,full,0.2,True
REIM (ACT + Detector + Recovery),503,8000545,metaworld,False,200,0.5130442330009828,1,0,1,144,0.9699614644050598,task_success_while_recovery_active_per_intervention,False,True,object_dropped,c6244ba983c81d662c54989ba3d0a56b99caa6211d997dee25ec9f88a705be24,8c503c07dc6dcdd904e948f14d270410c2fbd4d9796f8d9e08451dc34c7d4399,25805a097f1f4b8c203ec3c130dcd3e66b5fb3ad298114a08662aae6c86fa673,,,full,0.2,True
REIM (ACT + Detector + Recovery),504,8000546,metaworld,True,56,0.14495477700256743,1,1,1,41,0.28341245651245117,task_success_while_recovery_active_per_intervention,True,False,,deebc61330b2440439fe498ec59e64c5ea6e52d52b5ac2709dd815adb93917e4,8c503c07dc6dcdd904e948f14d270410c2fbd4d9796f8d9e08451dc34c7d4399,7c3391ee418e26d47c002810bc00065e4dd0b6728c969d2338ad549ad01ebb0a,,,full,0.2,True
REIM (ACT + Detector + Recovery),505,8000547,metaworld,True,63,0.3136627660023805,0,0,0,0,0.19751417636871338,task_success_while_recovery_active_per_intervention,True,False,,7867e180dc1a88910c9810b74babfcaee913d5395fbb43da6476a0208143a53a,8c503c07dc6dcdd904e948f14d270410c2fbd4d9796f8d9e08451dc34c7d4399,c5023b3d25031a103b9549b6e8c83ba09d69e708ef117c31128a38e03616e5d8,,,full,0.2,True
REIM (ACT + Detector + Recovery),506,8000548,metaworld,True,57,0.2868078199971933,0,0,0,0,0.17141062021255493,task_success_while_recovery_active_per_intervention,True,False,,86a66c39a2edbe8996ed666c7c4d6cd29568897818a08842fc4d081310041e48,8c503c07dc6dcdd904e948f14d270410c2fbd4d9796f8d9e08451dc34c7d4399,06d355d7aff3b944ab4199c02a94c63d062e5c414c0b195f7b232b607e0ab1ed,,,full,0.2,True
REIM (ACT + Detector + Recovery),507,8000549,metaworld,False,200,0.5203764229991066,1,0,1,150,0.994527280330658,task_success_while_recovery_active_per_intervention,False,True,timeout,2a07291dcdc884fe586bb77e9292f51048272289652234ef45b3c8a12c8b44aa,8c503c07dc6dcdd904e948f14d270410c2fbd4d9796f8d9e08451dc34c7d4399,742509487aeb71d366f1ddafa1cb12db2f7cfefe17c4ca89c98cffb67c1c8619,,,full,0.2,True
REIM (ACT + Detector + Recovery),508,8000550,metaworld,True,50,0.14576175399997737,1,1,1,32,0.25498083233833313,task_success_while_recovery_active_per_intervention,True,False,,666c52e530f1becd2d29a579007200364e55fd84bc257bd2d1a3e8d8b885dbbe,8c503c07dc6dcdd904e948f14d270410c2fbd4d9796f8d9e08451dc34c7d4399,504c23f653f6cdee9d659d9320b164606b319d4f0e9cdf0f3a87e2fc7a98160a,,,full,0.2,True
REIM (ACT + Detector + Recovery),509,8000551,metaworld,True,47,0.11243224299687427,1,1,1,36,0.25686123967170715,task_success_while_recovery_active_per_intervention,True,False,,9cf41cb02ccc7e49e1f2b6b8c2c2dec005ee9c6fd90c4a2b3c957736f73f34ab,8c503c07dc6dcdd904e948f14d270410c2fbd4d9796f8d9e08451dc34c7d4399,20cf3cfee33051ea4ca25b64648f05450b0068ae0136ae52c3108d28b02f3691,,,full,0.2,True
REIM (ACT + Detector + Recovery),510,8000552,metaworld,True,54,0.11326300799919409,1,1,1,47,0.4064400792121887,task_success_while_recovery_active_per_intervention,True,False,,7260bc6a80142072d58708e20cb342dda87937257d5025743b66bb828f050707,8c503c07dc6dcdd904e948f14d270410c2fbd4d9796f8d9e08451dc34c7d4399,bb2c6b1aed959fa3ddddb1c215ce67cbb5b0ec080eb65fb58e06b7776849a096,,,full,0.2,True
REIM (ACT + Detector + Recovery),511,8000553,metaworld,True,51,0.11083237899947562,1,1,1,43,0.31002676486968994,task_success_while_recovery_active_per_intervention,True,False,,bec4d15db2ae7a35f8f35282e963aa0eeb9a6f02dc20dd21c26bae6105c833a6,8c503c07dc6dcdd904e948f14d270410c2fbd4d9796f8d9e08451dc34c7d4399,bb2c6b1aed959fa3ddddb1c215ce67cbb5b0ec080eb65fb58e06b7776849a096,,,full,0.2,True
REIM (ACT + Detector + Recovery),512,8000554,metaworld,True,55,0.14042723199963802,1,1,1,40,0.269235759973526,task_success_while_recovery_active_per_intervention,True,False,,f843e31bbd29568823276fac18ab71a00a2a7b77f2ab978b09cacd6132d99f34,8c503c07dc6dcdd904e948f14d270410c2fbd4d9796f8d9e08451dc34c7d4399,504c23f653f6cdee9d659d9320b164606b319d4f0e9cdf0f3a87e2fc7a98160a,,,full,0.2,True
REIM (ACT + Detector + Recovery),513,8000555,metaworld,True,56,0.13108862700028112,1,1,1,44,0.30522051453590393,task_success_while_recovery_active_per_intervention,True,False,,7d0272e9257f17975bc5abd4d848aa6dd6572c6eed5313017a932ac0f1edcd98,8c503c07dc6dcdd904e948f14d270410c2fbd4d9796f8d9e08451dc34c7d4399,2eb279a724955c1a9d173681940490ec9cc8ed4fdc15a95533884a23d4ccdb4e,,,full,0.2,True
REIM (ACT + Detector + Recovery),514,8000556,metaworld,True,57,0.12947844300288125,1,1,1,46,0.3475325107574463,task_success_while_recovery_active_per_intervention,True,False,,450e937532e9c2f22e8066f3eaf6ff940dd2bcf2011bba7306d78d0f339020a0,8c503c07dc6dcdd904e948f14d270410c2fbd4d9796f8d9e08451dc34c7d4399,942fb6a87dc1e3eb7bf7bb111c97e7096138256b4a9a6b4c62a012fabe8bec38,,,full,0.2,True
REIM (ACT + Detector + Recovery),515,8000557,metaworld,True,60,0.29695296399950166,0,0,0,0,0.12676073610782623,task_success_while_recovery_active_per_intervention,True,False,,f1adb40d3cec6c1a2d3851ef89ccec72b1c99c31ea808c748234fbffbf2e8b16,8c503c07dc6dcdd904e948f14d270410c2fbd4d9796f8d9e08451dc34c7d4399,06d355d7aff3b944ab4199c02a94c63d062e5c414c0b195f7b232b607e0ab1ed,,,full,0.2,True
REIM (ACT + Detector + Recovery),516,8000558,metaworld,True,64,0.15830460699726245,1,1,1,49,0.21635550260543823,task_success_while_recovery_active_per_intervention,True,False,,2eaef5fc853af5e5d58c047a41c63415291ab3abecc2835053e89ba5f1e7c930,8c503c07dc6dcdd904e948f14d270410c2fbd4d9796f8d9e08451dc34c7d4399,a0b103bf3e43f4aa92753185301eba5e2e31594285004b99f51a59b33bd2d620,,,full,0.2,True
REIM (ACT + Detector + Recovery),517,8000559,metaworld,True,57,0.28214536599989515,0,0,0,0,0.14087165892124176,task_success_while_recovery_active_per_intervention,True,False,,b43d85c5c489686fec6033a1c06ca112bac93f6b3c210312b08d9cf0196e76ca,8c503c07dc6dcdd904e948f14d270410c2fbd4d9796f8d9e08451dc34c7d4399,b8e45a2f8f553d53c6eef0305347f910b9999bcae6df6ccaf0eaee6ac864e670,,,full,0.2,True
REIM (ACT + Detector + Recovery),518,8000560,metaworld,False,200,0.5121031829985441,1,0,1,146,0.9751209616661072,task_success_while_recovery_active_per_intervention,False,True,timeout,a34e0d5b745035d40242e15f2be487ed1a9c114a13675117a29d9c480bb0dd33,8c503c07dc6dcdd904e948f14d270410c2fbd4d9796f8d9e08451dc34c7d4399,48ce9609a38b32e56f7e6a43ffef71c21c8b1d17ed5a63d47701bc1dfc3ff271,,,full,0.2,True
REIM (ACT + Detector + Recovery),519,8000561,metaworld,True,57,0.14680534999934025,1,1,1,43,0.26737967133522034,task_success_while_recovery_active_per_intervention,True,False,,43a66495768bffe5ed7d38998c01206d5e1b64eda1c3dfadb4114f04ee37125b,8c503c07dc6dcdd904e948f14d270410c2fbd4d9796f8d9e08451dc34c7d4399,8a99d46d6d04afe3e2ef92bb607dde5e178b5c37506006c4f364e345976453b1,,,full,0.2,True
REIM (ACT + Detector + Recovery),520,8000562,metaworld,True,56,0.13916085500022746,1,1,1,43,0.22441284358501434,task_success_while_recovery_active_per_intervention,True,False,,c3e08e01bceb28aaa952defdbe445b5175d38754c5be953a4234d1629d4ffa19,8c503c07dc6dcdd904e948f14d270410c2fbd4d9796f8d9e08451dc34c7d4399,5e1df472084de78052388a34f03cad3de438ca9b5dc801b5759dd57c66a7482a,,,full,0.2,True
REIM (ACT + Detector + Recovery),521,8000563,metaworld,True,60,0.1622753299998294,1,1,1,43,0.32276591658592224,task_success_while_recovery_active_per_intervention,True,False,,c355f81c4333224a359af4b873f9410b3592cd774ebea268c099963c8deb547d,8c503c07dc6dcdd904e948f14d270410c2fbd4d9796f8d9e08451dc34c7d4399,f6a9ed9055e00c868d6771022c2c557a6a48990bdacbed585d07cde857d4755a,,,full,0.2,True
REIM (ACT + Detector + Recovery),522,8000564,metaworld,True,54,0.13117999700261862,1,1,1,42,0.23580552637577057,task_success_while_recovery_active_per_intervention,True,False,,91f960aa6905d8e11fba05efc3a66e5dd40cedfd8a002f805cb2ddcf1fe57fb2,8c503c07dc6dcdd904e948f14d270410c2fbd4d9796f8d9e08451dc34c7d4399,588df85fb38ef87f822932ad2f702be807974873e4a07ea43084bbdeeaac6604,,,full,0.2,True
REIM (ACT + Detector + Recovery),523,8000565,metaworld,True,58,0.11986795699704089,1,1,1,51,0.5182264447212219,task_success_while_recovery_active_per_intervention,True,False,,8e55b1c6b64cfe9bbe13c0d72a31814d4f2ce704e866a0fee18fd878f206bbbf,8c503c07dc6dcdd904e948f14d270410c2fbd4d9796f8d9e08451dc34c7d4399,35203d16cfa98b5f2e002fcb1ffde2400abf9459c161f6a289efa0c46eddb36f,,,full,0.2,True
REIM (ACT + Detector + Recovery),524,8000566,metaworld,True,54,0.1265390530024888,1,1,1,43,0.2621389925479889,task_success_while_recovery_active_per_intervention,True,False,,5e4a6a137f2d68856edb1f5d03c4f8d7ecface3248752f593ec82ebcd8d56a03,8c503c07dc6dcdd904e948f14d270410c2fbd4d9796f8d9e08451dc34c7d4399,5e1df472084de78052388a34f03cad3de438ca9b5dc801b5759dd57c66a7482a,,,full,0.2,True
REIM (ACT + Detector + Recovery),525,8000567,metaworld,True,64,0.13403438000023016,1,1,1,56,0.4486004710197449,task_success_while_recovery_active_per_intervention,True,False,,df740975eabd32158d9f2a58e7502b134366b518eb7f89b4a24753e91b963528,8c503c07dc6dcdd904e948f14d270410c2fbd4d9796f8d9e08451dc34c7d4399,06d355d7aff3b944ab4199c02a94c63d062e5c414c0b195f7b232b607e0ab1ed,,,full,0.2,True
REIM (ACT + Detector + Recovery),526,8000568,metaworld,True,55,0.1244286410001223,1,1,1,47,0.29045331478118896,task_success_while_recovery_active_per_intervention,True,False,,b0a380cc99ada47d060adcc2c01067f8fa32f0643accb47c84b216873437d117,8c503c07dc6dcdd904e948f14d270410c2fbd4d9796f8d9e08451dc34c7d4399,56b7f182edcfeefa9301e1edd53d7f36e4418de7e6df1b54b0f0c298cde1b3cd,,,full,0.2,True
REIM (ACT + Detector + Recovery),527,8000569,metaworld,True,54,0.2776813359996595,0,0,0,0,0.18472231924533844,task_success_while_recovery_active_per_intervention,True,False,,c5d9efd65468c2e6859c5ae5d7287d95854d87235b0ac768df3f08f7d06d901d,8c503c07dc6dcdd904e948f14d270410c2fbd4d9796f8d9e08451dc34c7d4399,6943489118fc060756e24fd47685e2c10173293d54af0af7e8afa9e287c9c5f1,,,full,0.2,True
REIM (ACT + Detector + Recovery),528,8000570,metaworld,True,48,0.23406661200351664,0,0,0,0,0.17914941906929016,task_success_while_recovery_active_per_intervention,True,False,,b87efa8ab59c25209fcde952f2fad7f9ed8b1f5130d617909afb03b402df08a9,8c503c07dc6dcdd904e948f14d270410c2fbd4d9796f8d9e08451dc34c7d4399,e6e55bdbd77dc052facbc072d20b08a21d116978c37627b9a3d9dc7989dfbe62,,,full,0.2,True
REIM (ACT + Detector + Recovery),529,8000571,metaworld,True,55,0.15887066000141203,1,1,1,35,0.2709433436393738,task_success_while_recovery_active_per_intervention,True,False,,6f94efdafa7dafbc957e3ed6374c9a9f62449f17ef74aeff98179547c355479a,8c503c07dc6dcdd904e948f14d270410c2fbd4d9796f8d9e08451dc34c7d4399,aa1f17aacdf569c3a2930a2ebbf742ff43f8d3acfc772731a5c344cabcd52570,,,full,0.2,True
REIM (ACT + Detector + Recovery),530,8000572,metaworld,True,59,0.14400317900071968,1,1,1,45,0.2315625250339508,task_success_while_recovery_active_per_intervention,True,False,,3ac96bb2731ea2ca9293b69071f030851fcb7e8fd455e2e84302491b8aa09908,8c503c07dc6dcdd904e948f14d270410c2fbd4d9796f8d9e08451dc34c7d4399,3183afb500ebb9a5af177cccb5b5889a8321eb35261f8ec571269f8b5ed9cd1a,,,full,0.2,True
REIM (ACT + Detector + Recovery),531,8000573,metaworld,False,200,0.5359009639978467,1,0,1,137,0.997961163520813,task_success_while_recovery_active_per_intervention,False,True,timeout,e995047697ec9ac2cdadc9916581e867cb91c58325c647116561256a0c0caa33,8c503c07dc6dcdd904e948f14d270410c2fbd4d9796f8d9e08451dc34c7d4399,0cda21f8ffacf0a1e40e7b0e858a8e2ddc276972106d4bced99d4404b4a13fd8,,,full,0.2,True
REIM (ACT + Detector + Recovery),532,8000574,metaworld,True,56,0.13486604200079455,1,1,1,43,0.31886428594589233,task_success_while_recovery_active_per_intervention,True,False,,0a51cbc71054cb49607133d1a70fa821ecdcf18f5f704fcda7de412bac70858b,8c503c07dc6dcdd904e948f14d270410c2fbd4d9796f8d9e08451dc34c7d4399,942fb6a87dc1e3eb7bf7bb111c97e7096138256b4a9a6b4c62a012fabe8bec38,,,full,0.2,True
REIM (ACT + Detector + Recovery),533,8000575,metaworld,True,56,0.15823977899708552,1,1,1,36,0.251344233751297,task_success_while_recovery_active_per_intervention,True,False,,d597c0ca857fd83d1dcd12a4c21b51d6cd1af8be018f75c98d8633f97f5dbd9c,8c503c07dc6dcdd904e948f14d270410c2fbd4d9796f8d9e08451dc34c7d4399,8a99d46d6d04afe3e2ef92bb607dde5e178b5c37506006c4f364e345976453b1,,,full,0.2,True
REIM (ACT + Detector + Recovery),534,8000576,metaworld,True,62,0.3000694830006978,0,0,0,0,0.1605023741722107,task_success_while_recovery_active_per_intervention,True,False,,de5b9715b70ab0b18f4703f2d2962260b43b93d82bbad97a9c59a0f5046c45d7,8c503c07dc6dcdd904e948f14d270410c2fbd4d9796f8d9e08451dc34c7d4399,c5023b3d25031a103b9549b6e8c83ba09d69e708ef117c31128a38e03616e5d8,,,full,0.2,True
REIM (ACT + Detector + Recovery),535,8000577,metaworld,True,56,0.27316907699787407,0,0,0,0,0.16585232317447662,task_success_while_recovery_active_per_intervention,True,False,,4529e4da480f395b23a663ca524df9d6b1814a3c1fda0c50e02fcbf6aa57a9df,8c503c07dc6dcdd904e948f14d270410c2fbd4d9796f8d9e08451dc34c7d4399,524e161a612d94c222d06154bcd0129d0851b8fad51ae883abbef6e86d43cbb0,,,full,0.2,True
REIM (ACT + Detector + Recovery),536,8000578,metaworld,True,54,0.1163971540008788,1,1,1,47,0.43426400423049927,task_success_while_recovery_active_per_intervention,True,False,,f6e86e6e093b7031a733f523bbc6dd2f901a87b58ca0cc6c442d2fe0c67c4f39,8c503c07dc6dcdd904e948f14d270410c2fbd4d9796f8d9e08451dc34c7d4399,bb2c6b1aed959fa3ddddb1c215ce67cbb5b0ec080eb65fb58e06b7776849a096,,,full,0.2,True
REIM (ACT + Detector + Recovery),537,8000579,metaworld,True,59,0.1267968700012716,1,1,1,51,0.5361200571060181,task_success_while_recovery_active_per_intervention,True,False,,3919fc93a121deae70eaa80d09bb1d9187554a6da8b0ffc8e5b6d269e3500d7f,8c503c07dc6dcdd904e948f14d270410c2fbd4d9796f8d9e08451dc34c7d4399,0f719f94ef165c0b816b8b10c3f4f5fcf802c9f5a25141035590310315749280,,,full,0.2,True
REIM (ACT + Detector + Recovery),538,8000580,metaworld,True,54,0.14067745500142337,1,1,1,39,0.35446369647979736,task_success_while_recovery_active_per_intervention,True,False,,da0f9a14ecadc556f9d49653bbffc636b56196652b2b3a30dd668aa1d681f7ad,8c503c07dc6dcdd904e948f14d270410c2fbd4d9796f8d9e08451dc34c7d4399,504c23f653f6cdee9d659d9320b164606b319d4f0e9cdf0f3a87e2fc7a98160a,,,full,0.2,True
REIM (ACT + Detector + Recovery),539,8000581,metaworld,True,52,0.11340253299931646,1,1,1,44,0.3667210638523102,task_success_while_recovery_active_per_intervention,True,False,,e3f57669d98d547fef1681bd5c880884d2d0839739464a0cdfe914a61ea4ddad,8c503c07dc6dcdd904e948f14d270410c2fbd4d9796f8d9e08451dc34c7d4399,35aa26efb4a8651c1d8f46a573d3d4fea76add87b5c76a00531e1cea9ad04412,,,full,0.2,True
REIM (ACT + Detector + Recovery),540,8000582,metaworld,True,57,0.2814640229989891,0,0,0,0,0.15249665081501007,task_success_while_recovery_active_per_intervention,True,False,,6f7d2222cde2c208555c7cb13d98f46a0ca314afae58fda1bb6cd743d15fcda8,8c503c07dc6dcdd904e948f14d270410c2fbd4d9796f8d9e08451dc34c7d4399,15a9adece7ebea14bdf37f5376e274c6dce4711281025cf35060933ba9ab8ad3,,,full,0.2,True
REIM (ACT + Detector + Recovery),541,8000583,metaworld,True,53,0.27341551500285277,0,0,0,0,0.17733250558376312,task_success_while_recovery_active_per_intervention,True,False,,9b2eda421106cc5663aacbfe878199f51640ef88a1ad113bec24c911cdd0db4f,8c503c07dc6dcdd904e948f14d270410c2fbd4d9796f8d9e08451dc34c7d4399,acfaed29b052207b47b4b7fa76672795fd08de3add8565db05f141de82ece90b,,,full,0.2,True
REIM (ACT + Detector + Recovery),542,8000584,metaworld,True,60,0.32626089500263333,0,0,0,0,0.1354440450668335,task_success_while_recovery_active_per_intervention,True,False,,e76665867adfd7a3cc18ae738445dbefcc5df12d5c73b00988aaa304fa9ddb55,8c503c07dc6dcdd904e948f14d270410c2fbd4d9796f8d9e08451dc34c7d4399,a0b103bf3e43f4aa92753185301eba5e2e31594285004b99f51a59b33bd2d620,,,full,0.2,True
REIM (ACT + Detector + Recovery),543,8000585,metaworld,True,55,0.1713808290005545,1,1,1,32,0.35772979259490967,task_success_while_recovery_active_per_intervention,True,False,,88716444b703fdf363f37b97225d2dd15afc4de9a1c7b23a7a3e08319d321ac1,8c503c07dc6dcdd904e948f14d270410c2fbd4d9796f8d9e08451dc34c7d4399,2eb279a724955c1a9d173681940490ec9cc8ed4fdc15a95533884a23d4ccdb4e,,,full,0.2,True
REIM (ACT + Detector + Recovery),544,8000586,metaworld,True,59,0.17836118199920747,1,1,1,41,0.22067414224147797,task_success_while_recovery_active_per_intervention,True,False,,b428487b7bb0b91b133cbaf5c66cb534e65396adff781761c61fc52e1bc25410,8c503c07dc6dcdd904e948f14d270410c2fbd4d9796f8d9e08451dc34c7d4399,f6a9ed9055e00c868d6771022c2c557a6a48990bdacbed585d07cde857d4755a,,,full,0.2,True
REIM (ACT + Detector + Recovery),545,8000587,metaworld,True,54,0.2809881979992497,0,0,0,0,0.17109796404838562,task_success_while_recovery_active_per_intervention,True,False,,983a1fec92f40b06ce3aaefe68d4a86dab5c44a96732ba2d9c83d2a485dfecf3,8c503c07dc6dcdd904e948f14d270410c2fbd4d9796f8d9e08451dc34c7d4399,56b7f182edcfeefa9301e1edd53d7f36e4418de7e6df1b54b0f0c298cde1b3cd,,,full,0.2,True
REIM (ACT + Detector + Recovery),546,8000588,metaworld,True,55,0.1261581879989535,1,1,1,46,0.5102580785751343,task_success_while_recovery_active_per_intervention,True,False,,01da7c33b22951d8c73136e17a93e0302038ebc47a9a2be08c9a05aaf7edb2ad,8c503c07dc6dcdd904e948f14d270410c2fbd4d9796f8d9e08451dc34c7d4399,35aa26efb4a8651c1d8f46a573d3d4fea76add87b5c76a00531e1cea9ad04412,,,full,0.2,True
REIM (ACT + Detector + Recovery),547,8000589,metaworld,True,59,0.30877601499742013,0,0,0,0,0.15168067812919617,task_success_while_recovery_active_per_intervention,True,False,,0d03c74d5250a83475306dd95a99c4868c7b649f8bf3422387dc3996b9698467,8c503c07dc6dcdd904e948f14d270410c2fbd4d9796f8d9e08451dc34c7d4399,a0b103bf3e43f4aa92753185301eba5e2e31594285004b99f51a59b33bd2d620,,,full,0.2,True
REIM (ACT + Detector + Recovery),548,8000590,metaworld,True,50,0.14896332400167012,1,1,1,31,0.27107566595077515,task_success_while_recovery_active_per_intervention,True,False,,3374562665338dbed143427fdadd2252c7a7072f87c514033757604da68f9eb7,8c503c07dc6dcdd904e948f14d270410c2fbd4d9796f8d9e08451dc34c7d4399,2ad5907877cc42b4447b9630988e3a1f0da0d83e1f696f71e22dc69905e631b6,,,full,0.2,True
REIM (ACT + Detector + Recovery),549,8000591,metaworld,True,57,0.28931919599926914,0,0,0,0,0.1580783873796463,task_success_while_recovery_active_per_intervention,True,False,,a1ac83f3bd17b74353ea8e94404038b0720969e89de758630d50586a76d1b489,8c503c07dc6dcdd904e948f14d270410c2fbd4d9796f8d9e08451dc34c7d4399,6cb8d983459a8e57d4ae53a86da2394015cabba2d7c306dcaf7b14af979ca230,,,full,0.2,True
REIM (ACT + Detector + Recovery),550,8000592,metaworld,True,51,0.24916563899751054,0,0,0,0,0.19348163902759552,task_success_while_recovery_active_per_intervention,True,False,,261b47f75f047416a981517f8124125c7f99f76456f0cdc1ba7c2eb8c0c09e40,8c503c07dc6dcdd904e948f14d270410c2fbd4d9796f8d9e08451dc34c7d4399,5e1df472084de78052388a34f03cad3de438ca9b5dc801b5759dd57c66a7482a,,,full,0.2,True
REIM (ACT + Detector + Recovery),551,8000593,metaworld,True,51,0.15391700100008165,1,1,1,33,0.3079749643802643,task_success_while_recovery_active_per_intervention,True,False,,2beab1aa5a134734fcbae556e8033fdec51263dd98e92ce1d172a5c04141c22d,8c503c07dc6dcdd904e948f14d270410c2fbd4d9796f8d9e08451dc34c7d4399,504c23f653f6cdee9d659d9320b164606b319d4f0e9cdf0f3a87e2fc7a98160a,,,full,0.2,True
REIM (ACT + Detector + Recovery),552,8000594,metaworld,True,58,0.14223757899890188,1,1,1,47,0.28250187635421753,task_success_while_recovery_active_per_intervention,True,False,,25d572eccad4dc2ff778f66064353470316cc9765ed06c2d488dc786601077fc,8c503c07dc6dcdd904e948f14d270410c2fbd4d9796f8d9e08451dc34c7d4399,342b72dafe0e47ecf8a937cb01e62ac02c2d77bf93dafca59574cbbbfc4ad77b,,,full,0.2,True
REIM (ACT + Detector + Recovery),553,8000595,metaworld,True,55,0.13560335199872497,1,1,1,44,0.3245156705379486,task_success_while_recovery_active_per_intervention,True,False,,9a3973b8d35b2d422cf62c5d9ed5218ffda7f7a6889bfc0eaa46e6459d58dec3,8c503c07dc6dcdd904e948f14d270410c2fbd4d9796f8d9e08451dc34c7d4399,08a97a6dfa17f78b5cc5b1351d60038e4a40a68fc93722672482714333b1d9b5,,,full,0.2,True
REIM (ACT + Detector + Recovery),554,8000596,metaworld,False,200,0.5465672290010843,1,0,1,148,0.8562914729118347,task_success_while_recovery_active_per_intervention,False,True,object_dropped,ec4f8d248873e0a95d665c454d1cf7d3aa179164a1487bcdd7315fdbbf64c8f3,8c503c07dc6dcdd904e948f14d270410c2fbd4d9796f8d9e08451dc34c7d4399,acfaed29b052207b47b4b7fa76672795fd08de3add8565db05f141de82ece90b,,,full,0.2,True
REIM (ACT + Detector + Recovery),555,8000597,metaworld,True,57,0.2967953569968813,0,0,0,0,0.19138677418231964,task_success_while_recovery_active_per_intervention,True,False,,1705294168533e3e6aa525444d231e2f959a0fd3024a64dff741409f908f2fd9,8c503c07dc6dcdd904e948f14d270410c2fbd4d9796f8d9e08451dc34c7d4399,3183afb500ebb9a5af177cccb5b5889a8321eb35261f8ec571269f8b5ed9cd1a,,,full,0.2,True
REIM (ACT + Detector + Recovery),556,8000598,metaworld,True,49,0.2577657760011789,0,0,0,0,0.1447329819202423,task_success_while_recovery_active_per_intervention,True,False,,73e0dd248460af9c70360bfb429d766cf7191171eee6cb5bb1192a722f228bc1,8c503c07dc6dcdd904e948f14d270410c2fbd4d9796f8d9e08451dc34c7d4399,15a9adece7ebea14bdf37f5376e274c6dce4711281025cf35060933ba9ab8ad3,,,full,0.2,True
REIM (ACT + Detector + Recovery),557,8000599,metaworld,True,55,0.2891383330024837,0,0,0,0,0.13418203592300415,task_success_while_recovery_active_per_intervention,True,False,,eec9206e0229565d04a4cc9ed93b685347836d65c80e5b4ac63f0b4396ad7131,8c503c07dc6dcdd904e948f14d270410c2fbd4d9796f8d9e08451dc34c7d4399,64ee837add19202e84553431fdab118462cf5265eeae19a4d044b5a6818f771d,,,full,0.2,True
REIM (ACT + Detector + Recovery),558,8000600,metaworld,False,200,0.5872312760002387,1,0,1,136,0.9974201917648315,task_success_while_recovery_active_per_intervention,False,True,object_dropped,c13747a49dd6977d9e662ee2a0c2267fad772f6f4476bb13f88319a2fb374625,8c503c07dc6dcdd904e948f14d270410c2fbd4d9796f8d9e08451dc34c7d4399,a8cfe6e2276fbd15230c5555255b87d17333bdd29f84f687df7405d0311fae7f,,,full,0.2,True
REIM (ACT + Detector + Recovery),559,8000601,metaworld,True,61,0.32579309200082207,0,0,0,0,0.19435007870197296,task_success_while_recovery_active_per_intervention,True,False,,7d9d80c1d6c569ab768c283e588d6eb7d56f74d63757f10dff85ad0de4ac8238,8c503c07dc6dcdd904e948f14d270410c2fbd4d9796f8d9e08451dc34c7d4399,c5023b3d25031a103b9549b6e8c83ba09d69e708ef117c31128a38e03616e5d8,,,full,0.2,True
REIM (ACT + Detector + Recovery),560,8000602,metaworld,True,53,0.11308533399642329,1,1,1,47,0.5706664323806763,task_success_while_recovery_active_per_intervention,True,False,,b95dc734574109a67805ee59c6be0c8497285a3ff8dd710f24ebd20cbd8437b6,8c503c07dc6dcdd904e948f14d270410c2fbd4d9796f8d9e08451dc34c7d4399,bb2c6b1aed959fa3ddddb1c215ce67cbb5b0ec080eb65fb58e06b7776849a096,,,full,0.2,True
REIM (ACT + Detector + Recovery),561,8000603,metaworld,False,200,0.5017078630007745,1,0,1,150,0.9975720047950745,task_success_while_recovery_active_per_intervention,False,True,object_dropped,b5fdc938122d6bee03a6afee96cdfcef94c1234fd9270f1a54eca5ec1bf0a72f,8c503c07dc6dcdd904e948f14d270410c2fbd4d9796f8d9e08451dc34c7d4399,25805a097f1f4b8c203ec3c130dcd3e66b5fb3ad298114a08662aae6c86fa673,,,full,0.2,True
REIM (ACT + Detector + Recovery),562,8000604,metaworld,True,52,0.1691259879989957,1,1,1,27,0.20731568336486816,task_success_while_recovery_active_per_intervention,True,False,,f72847c953d0a8fe07e11834722e0c5e5629367540ce8656a2fe89a875f4b217,8c503c07dc6dcdd904e948f14d270410c2fbd4d9796f8d9e08451dc34c7d4399,2eb279a724955c1a9d173681940490ec9cc8ed4fdc15a95533884a23d4ccdb4e,,,full,0.2,True
REIM (ACT + Detector + Recovery),563,8000605,metaworld,True,52,0.11560586899940972,1,1,1,44,0.4712902307510376,task_success_while_recovery_active_per_intervention,True,False,,11849815a7acdfaba6c3e438b547c936ddc86a93bc43290b75922bc86f89d31b,8c503c07dc6dcdd904e948f14d270410c2fbd4d9796f8d9e08451dc34c7d4399,35aa26efb4a8651c1d8f46a573d3d4fea76add87b5c76a00531e1cea9ad04412,,,full,0.2,True
REIM (ACT + Detector + Recovery),564,8000606,metaworld,True,57,0.13084583900126745,1,1,1,47,0.3617025911808014,task_success_while_recovery_active_per_intervention,True,False,,7dcf4db987b6107ba3306d01ffb5957927bdcb1478dab61e614eed6c6a53e098,8c503c07dc6dcdd904e948f14d270410c2fbd4d9796f8d9e08451dc34c7d4399,ba19e0623fe05add91e00811bacb33e27305f5fcb6549be6f6278ebce6046101,,,full,0.2,True
REIM (ACT + Detector + Recovery),565,8000607,metaworld,True,54,0.14946551300090505,1,1,1,36,0.253292977809906,task_success_while_recovery_active_per_intervention,True,False,,5415c9bed1d3c4a8e32d95ce16db349c951e9ae1eb2c10197d5cd2a6147e8d76,8c503c07dc6dcdd904e948f14d270410c2fbd4d9796f8d9e08451dc34c7d4399,342b72dafe0e47ecf8a937cb01e62ac02c2d77bf93dafca59574cbbbfc4ad77b,,,full,0.2,True
REIM (ACT + Detector + Recovery),566,8000608,metaworld,True,59,0.2983182149982895,0,0,0,0,0.13730011880397797,task_success_while_recovery_active_per_intervention,True,False,,5e98eb5a747d2628313a3f3de25c7749488df9ac9dacdc47c5b8c4c7970dd9ee,8c503c07dc6dcdd904e948f14d270410c2fbd4d9796f8d9e08451dc34c7d4399,a8cfe6e2276fbd15230c5555255b87d17333bdd29f84f687df7405d0311fae7f,,,full,0.2,True
REIM (ACT + Detector + Recovery),567,8000609,metaworld,True,56,0.15047334699920611,1,1,1,40,0.2445429563522339,task_success_while_recovery_active_per_intervention,True,False,,bfd73316ad9665b14aef3ee12738e0b467f15c11e6be4d5abab2c03f83208ee2,8c503c07dc6dcdd904e948f14d270410c2fbd4d9796f8d9e08451dc34c7d4399,7c3391ee418e26d47c002810bc00065e4dd0b6728c969d2338ad549ad01ebb0a,,,full,0.2,True
REIM (ACT + Detector + Recovery),568,8000610,metaworld,True,56,0.1414816950018576,1,1,1,42,0.21064697206020355,task_success_while_recovery_active_per_intervention,True,False,,6feb5ee9cc7ba038c8df86bb8f1aa42790fccb16fc5368b848e268efd7cc18b8,8c503c07dc6dcdd904e948f14d270410c2fbd4d9796f8d9e08451dc34c7d4399,588df85fb38ef87f822932ad2f702be807974873e4a07ea43084bbdeeaac6604,,,full,0.2,True
REIM (ACT + Detector + Recovery),569,8000611,metaworld,True,54,0.11418749999938882,1,1,1,47,0.6081763505935669,task_success_while_recovery_active_per_intervention,True,False,,1727210531c5ebfb63f389476b95a39d80fa2520dc595ffa6efb46564b0925fb,8c503c07dc6dcdd904e948f14d270410c2fbd4d9796f8d9e08451dc34c7d4399,35aa26efb4a8651c1d8f46a573d3d4fea76add87b5c76a00531e1cea9ad04412,,,full,0.2,True
REIM (ACT + Detector + Recovery),570,8000612,metaworld,True,64,0.13680860300155473,1,1,1,55,0.394335001707077,task_success_while_recovery_active_per_intervention,True,False,,3a15af68e044f071b80eff8c00f71a9a3aee58a8c27735bbaaf979c8992280e3,8c503c07dc6dcdd904e948f14d270410c2fbd4d9796f8d9e08451dc34c7d4399,3183afb500ebb9a5af177cccb5b5889a8321eb35261f8ec571269f8b5ed9cd1a,,,full,0.2,True
REIM (ACT + Detector + Recovery),571,8000613,metaworld,True,50,0.24681379700268735,0,0,0,0,0.16273292899131775,task_success_while_recovery_active_per_intervention,True,False,,f8d37f1c8dde9c5f296f8f942b06afea76e7aeb982402c85634ca53d461e1452,8c503c07dc6dcdd904e948f14d270410c2fbd4d9796f8d9e08451dc34c7d4399,5d73f28d4d24cdbcb36a5e5cd61ec1a82f7287ce56d88da8cea912ed757b164c,,,full,0.2,True
REIM (ACT + Detector + Recovery),572,8000614,metaworld,False,200,0.5123303689979366,1,0,1,147,0.9852023720741272,task_success_while_recovery_active_per_intervention,False,True,object_dropped,c7dfb4579fc14662e84aeaf9a94397b7af3d4bddd198a7c8f5ffb4130efe7c70,8c503c07dc6dcdd904e948f14d270410c2fbd4d9796f8d9e08451dc34c7d4399,6943489118fc060756e24fd47685e2c10173293d54af0af7e8afa9e287c9c5f1,,,full,0.2,True
REIM (ACT + Detector + Recovery),573,8000615,metaworld,True,53,0.15942270400046255,1,1,1,32,0.27982282638549805,task_success_while_recovery_active_per_intervention,True,False,,823422a9420f2f5bae2e634a010ad949866466c74519f4723a8ef2680fa9f0c9,8c503c07dc6dcdd904e948f14d270410c2fbd4d9796f8d9e08451dc34c7d4399,2eb279a724955c1a9d173681940490ec9cc8ed4fdc15a95533884a23d4ccdb4e,,,full,0.2,True
REIM (ACT + Detector + Recovery),574,8000616,metaworld,True,47,0.23284305600100197,0,0,0,0,0.18203842639923096,task_success_while_recovery_active_per_intervention,True,False,,9c1e9041b390b466ab0143299a8d72803fd406f753211c794be45b9d86e81618,8c503c07dc6dcdd904e948f14d270410c2fbd4d9796f8d9e08451dc34c7d4399,5d73f28d4d24cdbcb36a5e5cd61ec1a82f7287ce56d88da8cea912ed757b164c,,,full,0.2,True
REIM (ACT + Detector + Recovery),575,8000617,metaworld,True,54,0.2665727790008532,0,0,0,0,0.16689817607402802,task_success_while_recovery_active_per_intervention,True,False,,acb4079af8e85eff38e4475a912dcf5dfae29d303f162eabbe07c0344121759e,8c503c07dc6dcdd904e948f14d270410c2fbd4d9796f8d9e08451dc34c7d4399,f82ceac6f8787ac22c378edc1f141cedcc86bf9309b43f1aff6633ae0a963abb,,,full,0.2,True
REIM (ACT + Detector + Recovery),576,8000618,metaworld,True,49,0.10970774499946856,1,1,1,41,0.4172658324241638,task_success_while_recovery_active_per_intervention,True,False,,cd5151462cf8c485ab5448d557a795123bf5b410f52031af6b9f8bc8dfbeb9a0,8c503c07dc6dcdd904e948f14d270410c2fbd4d9796f8d9e08451dc34c7d4399,20cf3cfee33051ea4ca25b64648f05450b0068ae0136ae52c3108d28b02f3691,,,full,0.2,True
REIM (ACT + Detector + Recovery),577,8000619,metaworld,True,55,0.14034067899774527,1,1,1,41,0.2660976052284241,task_success_while_recovery_active_per_intervention,True,False,,06c4c5f6a98c2b5e5077ac8ea69ee087812113ee407c9b593180bd1f1958242b,8c503c07dc6dcdd904e948f14d270410c2fbd4d9796f8d9e08451dc34c7d4399,71488b32995fa40c6ec3f77f6bcd912b1929aef29d90a66307ad46cd584acf29,,,full,0.2,True
REIM (ACT + Detector + Recovery),578,8000620,metaworld,True,54,0.1943678079987876,1,1,1,23,0.20131763815879822,task_success_while_recovery_active_per_intervention,True,False,,50bf1663a929c07460222df910de966d3b5a8e166fa25da7ab4f5b438af0c202,8c503c07dc6dcdd904e948f14d270410c2fbd4d9796f8d9e08451dc34c7d4399,acfaed29b052207b47b4b7fa76672795fd08de3add8565db05f141de82ece90b,,,full,0.2,True
REIM (ACT + Detector + Recovery),579,8000621,metaworld,True,61,0.30528835900258855,0,0,0,0,0.13439308106899261,task_success_while_recovery_active_per_intervention,True,False,,38aec9e61bf929b4cf5291d561eee94282dbfacbe75d1142ed0fccbd6d4c8690,8c503c07dc6dcdd904e948f14d270410c2fbd4d9796f8d9e08451dc34c7d4399,a8cfe6e2276fbd15230c5555255b87d17333bdd29f84f687df7405d0311fae7f,,,full,0.2,True
REIM (ACT + Detector + Recovery),580,8000622,metaworld,True,53,0.15371078700263752,1,1,1,33,0.23052869737148285,task_success_while_recovery_active_per_intervention,True,False,,aa9e420772dfdd1f7ac16c839ddf5d181f0a071c833d80b3c2f0c10530e7713f,8c503c07dc6dcdd904e948f14d270410c2fbd4d9796f8d9e08451dc34c7d4399,342b72dafe0e47ecf8a937cb01e62ac02c2d77bf93dafca59574cbbbfc4ad77b,,,full,0.2,True
REIM (ACT + Detector + Recovery),581,8000623,metaworld,True,63,0.31575991600038833,0,0,0,0,0.1936018019914627,task_success_while_recovery_active_per_intervention,True,False,,37e3cd2a2a4d492ca7b11eebaa2e8fb05f9962297b86da9c8cd38d74639f7769,8c503c07dc6dcdd904e948f14d270410c2fbd4d9796f8d9e08451dc34c7d4399,5732f26a5a3acd61cb38107328c80d8fadad8368570aba69b803668406e8f53d,,,full,0.2,True
REIM (ACT + Detector + Recovery),582,8000624,metaworld,True,58,0.28911870399679174,0,0,0,0,0.18341118097305298,task_success_while_recovery_active_per_intervention,True,False,,d7409e3b0cb75ac8609565951eeec878a516650508aacf3903e9409fea2db8b7,8c503c07dc6dcdd904e948f14d270410c2fbd4d9796f8d9e08451dc34c7d4399,f6a9ed9055e00c868d6771022c2c557a6a48990bdacbed585d07cde857d4755a,,,full,0.2,True
REIM (ACT + Detector + Recovery),583,8000625,metaworld,True,52,0.2587193159997696,0,0,0,0,0.10614612698554993,task_success_while_recovery_active_per_intervention,True,False,,949bcfff99af9f9a48b251b263dbdb72230163b449a70192725788a7c992d13a,8c503c07dc6dcdd904e948f14d270410c2fbd4d9796f8d9e08451dc34c7d4399,742509487aeb71d366f1ddafa1cb12db2f7cfefe17c4ca89c98cffb67c1c8619,,,full,0.2,True
REIM (ACT + Detector + Recovery),584,8000626,metaworld,True,56,0.12015521700232057,1,1,1,48,0.43246373534202576,task_success_while_recovery_active_per_intervention,True,False,,ea138a562f3bda7df6413420ce1f02ddd7c654e55cc901b10b065a924f75f657,8c503c07dc6dcdd904e948f14d270410c2fbd4d9796f8d9e08451dc34c7d4399,35aa26efb4a8651c1d8f46a573d3d4fea76add87b5c76a00531e1cea9ad04412,,,full,0.2,True
REIM (ACT + Detector + Recovery),585,8000627,metaworld,True,50,0.13076826200267533,1,1,1,36,0.22692230343818665,task_success_while_recovery_active_per_intervention,True,False,,4d28f20c1340017c145dcc53a019ee5b88ab08bc8bd01519cc078af11cee4328,8c503c07dc6dcdd904e948f14d270410c2fbd4d9796f8d9e08451dc34c7d4399,504c23f653f6cdee9d659d9320b164606b319d4f0e9cdf0f3a87e2fc7a98160a,,,full,0.2,True
REIM (ACT + Detector + Recovery),586,8000628,metaworld,True,52,0.1592980780005746,1,1,1,31,0.20605657994747162,task_success_while_recovery_active_per_intervention,True,False,,23f05358de0ac68714618cf777938ddf8d401a4a78e5475dd64ddae2f4172d60,8c503c07dc6dcdd904e948f14d270410c2fbd4d9796f8d9e08451dc34c7d4399,27e1ed8c670f23dae46752497e383610e58c248d638e3b9b707808a32ce33d4e,,,full,0.2,True
REIM (ACT + Detector + Recovery),587,8000629,metaworld,True,61,0.3019412329995248,0,0,0,0,0.1963324397802353,task_success_while_recovery_active_per_intervention,True,False,,95d96ce86b6ef80c6a815d65974567c0c40b3e6cc77a3c3a04c522c29fe3181b,8c503c07dc6dcdd904e948f14d270410c2fbd4d9796f8d9e08451dc34c7d4399,a8cfe6e2276fbd15230c5555255b87d17333bdd29f84f687df7405d0311fae7f,,,full,0.2,True
REIM (ACT + Detector + Recovery),588,8000630,metaworld,True,59,0.29586365100112744,0,0,0,0,0.11959211528301239,task_success_while_recovery_active_per_intervention,True,False,,8991846f0b1545dce76f1b08cc173e67f0f36770ee6a13b26810ce02f2b296ed,8c503c07dc6dcdd904e948f14d270410c2fbd4d9796f8d9e08451dc34c7d4399,25805a097f1f4b8c203ec3c130dcd3e66b5fb3ad298114a08662aae6c86fa673,,,full,0.2,True
REIM (ACT + Detector + Recovery),589,8000631,metaworld,True,54,0.26920269900074345,0,0,0,0,0.1796378642320633,task_success_while_recovery_active_per_intervention,True,False,,1af98da21a8148f66b78ee069bca4e7bafe639138143d2201ed999668c670f88,8c503c07dc6dcdd904e948f14d270410c2fbd4d9796f8d9e08451dc34c7d4399,588df85fb38ef87f822932ad2f702be807974873e4a07ea43084bbdeeaac6604,,,full,0.2,True
REIM (ACT + Detector + Recovery),590,8000632,metaworld,True,54,0.14800601300157723,1,1,1,37,0.29215672612190247,task_success_while_recovery_active_per_intervention,True,False,,f832eb4ae53324a48780f572591637b5f1115ef9c711d087384b2581833f16a3,8c503c07dc6dcdd904e948f14d270410c2fbd4d9796f8d9e08451dc34c7d4399,aa1f17aacdf569c3a2930a2ebbf742ff43f8d3acfc772731a5c344cabcd52570,,,full,0.2,True
REIM (ACT + Detector + Recovery),591,8000633,metaworld,True,56,0.27778372499960824,0,0,0,0,0.1771499216556549,task_success_while_recovery_active_per_intervention,True,False,,53a76b77c8cdae774326bc66c8d336670e81b373da24af065e86729f110f1907,8c503c07dc6dcdd904e948f14d270410c2fbd4d9796f8d9e08451dc34c7d4399,3183afb500ebb9a5af177cccb5b5889a8321eb35261f8ec571269f8b5ed9cd1a,,,full,0.2,True
REIM (ACT + Detector + Recovery),592,8000634,metaworld,True,53,0.26383331200122484,0,0,0,0,0.13074974715709686,task_success_while_recovery_active_per_intervention,True,False,,18fa1a6e5d5157cc3edb8ec004f1d87eaadaa5c31cb77521ace584142cf58477,8c503c07dc6dcdd904e948f14d270410c2fbd4d9796f8d9e08451dc34c7d4399,25805a097f1f4b8c203ec3c130dcd3e66b5fb3ad298114a08662aae6c86fa673,,,full,0.2,True
REIM (ACT + Detector + Recovery),593,8000635,metaworld,True,55,0.17006617199876928,1,1,1,32,0.21274274587631226,task_success_while_recovery_active_per_intervention,True,False,,96e267768b10f9577327f5017aa3db4b3836442614b848d2f656c610280d3b51,8c503c07dc6dcdd904e948f14d270410c2fbd4d9796f8d9e08451dc34c7d4399,f82ceac6f8787ac22c378edc1f141cedcc86bf9309b43f1aff6633ae0a963abb,,,full,0.2,True
REIM (ACT + Detector + Recovery),594,8000636,metaworld,True,52,0.1185503430024255,1,1,1,43,0.4175184667110443,task_success_while_recovery_active_per_intervention,True,False,,1e291f7eb1c71f3d0730ed5d343d885c6c6677892d5fedfe13ec574276b346fe,8c503c07dc6dcdd904e948f14d270410c2fbd4d9796f8d9e08451dc34c7d4399,35aa26efb4a8651c1d8f46a573d3d4fea76add87b5c76a00531e1cea9ad04412,,,full,0.2,True
REIM (ACT + Detector + Recovery),595,8000637,metaworld,True,55,0.27383165799983544,0,0,0,0,0.18191979825496674,task_success_while_recovery_active_per_intervention,True,False,,313bd557a11fae06e0938581f677b169e9fcf1bc1a9379857f7a673847ea97cf,8c503c07dc6dcdd904e948f14d270410c2fbd4d9796f8d9e08451dc34c7d4399,acfaed29b052207b47b4b7fa76672795fd08de3add8565db05f141de82ece90b,,,full,0.2,True
REIM (ACT + Detector + Recovery),596,8000638,metaworld,True,63,0.17065177200129256,1,1,1,44,0.23896336555480957,task_success_while_recovery_active_per_intervention,True,False,,a5a897ea9ef437f896b9f7b41bde3140e74382a3c35f94b52bd8d13a5bb9a005,8c503c07dc6dcdd904e948f14d270410c2fbd4d9796f8d9e08451dc34c7d4399,48ce9609a38b32e56f7e6a43ffef71c21c8b1d17ed5a63d47701bc1dfc3ff271,,,full,0.2,True
REIM (ACT + Detector + Recovery),597,8000639,metaworld,True,55,0.27670785399823217,0,0,0,0,0.10897793620824814,task_success_while_recovery_active_per_intervention,True,False,,4266b611f171053b9018be0cc72d51ccdbcc900066627f30bdfadfb0f98c48ea,8c503c07dc6dcdd904e948f14d270410c2fbd4d9796f8d9e08451dc34c7d4399,742509487aeb71d366f1ddafa1cb12db2f7cfefe17c4ca89c98cffb67c1c8619,,,full,0.2,True
REIM (ACT + Detector + Recovery),598,8000640,metaworld,True,49,0.14077918999828398,1,1,1,31,0.20633801817893982,task_success_while_recovery_active_per_intervention,True,False,,0e8cf5b66459a7f84cb5a191e7a1f82488b84fb131a0b065b0dd19cb6c26c43c,8c503c07dc6dcdd904e948f14d270410c2fbd4d9796f8d9e08451dc34c7d4399,27e1ed8c670f23dae46752497e383610e58c248d638e3b9b707808a32ce33d4e,,,full,0.2,True
REIM (ACT + Detector + Recovery),599,8000641,metaworld,True,52,0.15898163299789303,1,1,1,30,0.25748637318611145,task_success_while_recovery_active_per_intervention,True,False,,1def4eddf51ed172864b77dcf8822643f158445f04688506ef641c8c90d65768,8c503c07dc6dcdd904e948f14d270410c2fbd4d9796f8d9e08451dc34c7d4399,f82ceac6f8787ac22c378edc1f141cedcc86bf9309b43f1aff6633ae0a963abb,,,full,0.2,True
REIM (ACT + Detector + Recovery),600,8000642,metaworld,True,53,0.13968296999883023,1,1,1,38,0.23111771047115326,task_success_while_recovery_active_per_intervention,True,False,,99e07260a4867cc8a05e548de9ecad8d362a5687730c423b29228ca17747b618,8c503c07dc6dcdd904e948f14d270410c2fbd4d9796f8d9e08451dc34c7d4399,2ad5907877cc42b4447b9630988e3a1f0da0d83e1f696f71e22dc69905e631b6,,,full,0.2,True
REIM (ACT + Detector + Recovery),601,8000643,metaworld,True,57,0.2873796650019358,0,0,0,0,0.1574062556028366,task_success_while_recovery_active_per_intervention,True,False,,2b53197b3b498c228d21e477ba0e2c5135b229e9305d0e374c8f9da500a5146c,8c503c07dc6dcdd904e948f14d270410c2fbd4d9796f8d9e08451dc34c7d4399,0cda21f8ffacf0a1e40e7b0e858a8e2ddc276972106d4bced99d4404b4a13fd8,,,full,0.2,True
REIM (ACT + Detector + Recovery),602,8000644,metaworld,False,200,0.500057872999605,1,0,1,150,0.9211646318435669,task_success_while_recovery_active_per_intervention,False,True,object_dropped,ec4eab49519ca7a0c8dfd1f2efb16b2751e8762c303b2577d20f905f05b6b7c0,8c503c07dc6dcdd904e948f14d270410c2fbd4d9796f8d9e08451dc34c7d4399,56b7f182edcfeefa9301e1edd53d7f36e4418de7e6df1b54b0f0c298cde1b3cd,,,full,0.2,True
REIM (ACT + Detector + Recovery),603,8000645,metaworld,True,48,0.2415059779996227,0,0,0,0,0.18210838735103607,task_success_while_recovery_active_per_intervention,True,False,,4c660e087b84230a5a17731f2d8ff2a8646443677a525861d12c239e9b2dc0f0,8c503c07dc6dcdd904e948f14d270410c2fbd4d9796f8d9e08451dc34c7d4399,e6e55bdbd77dc052facbc072d20b08a21d116978c37627b9a3d9dc7989dfbe62,,,full,0.2,True
REIM (ACT + Detector + Recovery),604,8000646,metaworld,True,58,0.3075514789998124,0,0,0,0,0.13459329307079315,task_success_while_recovery_active_per_intervention,True,False,,5c7d34c8bde43ffb9affbcd35c8ee324920dfeed41e0e371461599fbfaba5632,8c503c07dc6dcdd904e948f14d270410c2fbd4d9796f8d9e08451dc34c7d4399,a8cfe6e2276fbd15230c5555255b87d17333bdd29f84f687df7405d0311fae7f,,,full,0.2,True
REIM (ACT + Detector + Recovery),605,8000647,metaworld,True,48,0.2690293899977405,0,0,0,0,0.18023179471492767,task_success_while_recovery_active_per_intervention,True,False,,f58eaafb3ec3583912a5867f1400082fb1a70f1938993e7cce64965a03fe2fad,8c503c07dc6dcdd904e948f14d270410c2fbd4d9796f8d9e08451dc34c7d4399,cea0b9105255f82e0ee99bfb3998a6edce02b446d4b14afb0747282cd18aa202,,,full,0.2,True
REIM (ACT + Detector + Recovery),606,8000648,metaworld,True,50,0.1803253299985954,1,1,1,27,0.20984238386154175,task_success_while_recovery_active_per_intervention,True,False,,23fc5112377acc673410d7fe821e6935fa8270478777546f9e08090fe853c19c,8c503c07dc6dcdd904e948f14d270410c2fbd4d9796f8d9e08451dc34c7d4399,08a97a6dfa17f78b5cc5b1351d60038e4a40a68fc93722672482714333b1d9b5,,,full,0.2,True
REIM (ACT + Detector + Recovery),607,8000649,metaworld,True,52,0.26871874099742854,0,0,0,0,0.1702583283185959,task_success_while_recovery_active_per_intervention,True,False,,cac440d7f0b7568128b033d867b31a19f3318e3fcbf9972840274ab1d4c9cb20,8c503c07dc6dcdd904e948f14d270410c2fbd4d9796f8d9e08451dc34c7d4399,5e1df472084de78052388a34f03cad3de438ca9b5dc801b5759dd57c66a7482a,,,full,0.2,True
REIM (ACT + Detector + Recovery),608,8000650,metaworld,True,54,0.28630384099960793,0,0,0,0,0.19732274115085602,task_success_while_recovery_active_per_intervention,True,False,,9327f878fa9f6c678edb42dc999dc69a62f1a8ad1d54d4a9cc9f0608b785a7a7,8c503c07dc6dcdd904e948f14d270410c2fbd4d9796f8d9e08451dc34c7d4399,64ee837add19202e84553431fdab118462cf5265eeae19a4d044b5a6818f771d,,,full,0.2,True
REIM (ACT + Detector + Recovery),609,8000651,metaworld,True,56,0.29399104399999487,0,0,0,0,0.12778784334659576,task_success_while_recovery_active_per_intervention,True,False,,057c401eea3566dcb0f0c6ec7644caf0330e08c988f29e52edaae326807b2f5d,8c503c07dc6dcdd904e948f14d270410c2fbd4d9796f8d9e08451dc34c7d4399,25805a097f1f4b8c203ec3c130dcd3e66b5fb3ad298114a08662aae6c86fa673,,,full,0.2,True
REIM (ACT + Detector + Recovery),610,8000652,metaworld,False,200,0.5606144839985063,1,0,1,141,0.9954249262809753,task_success_while_recovery_active_per_intervention,False,True,timeout,3583aa98920153e8219ac360362d8e7abec26f95100fa28dff7b23d5a2e09a98,8c503c07dc6dcdd904e948f14d270410c2fbd4d9796f8d9e08451dc34c7d4399,5d73f28d4d24cdbcb36a5e5cd61ec1a82f7287ce56d88da8cea912ed757b164c,,,full,0.2,True
REIM (ACT + Detector + Recovery),611,8000653,metaworld,True,63,0.335017016997881,0,0,0,0,0.1969967931509018,task_success_while_recovery_active_per_intervention,True,False,,28c60a2fb79f21c416940226660df70d1e4f8f0d55c1300499766d2fec23b771,8c503c07dc6dcdd904e948f14d270410c2fbd4d9796f8d9e08451dc34c7d4399,39001749c902e2ab9d015efb8c7644faffff99810b709d3203dc359d5eacdcbd,,,full,0.2,True
REIM (ACT + Detector + Recovery),612,8000654,metaworld,True,59,0.31616929699885077,0,0,0,0,0.1875528246164322,task_success_while_recovery_active_per_intervention,True,False,,73ffa2a425a8ffd5fb85b019b95cad960d9d16ba13e21d2cb2d013b055ea52e2,8c503c07dc6dcdd904e948f14d270410c2fbd4d9796f8d9e08451dc34c7d4399,f6a9ed9055e00c868d6771022c2c557a6a48990bdacbed585d07cde857d4755a,,,full,0.2,True
REIM (ACT + Detector + Recovery),613,8000655,metaworld,True,53,0.28614822199961054,0,0,0,0,0.1839539259672165,task_success_while_recovery_active_per_intervention,True,False,,6efd1100f85efee9d732119d01a442b41be806aafaa96625a38d9771a8edfe02,8c503c07dc6dcdd904e948f14d270410c2fbd4d9796f8d9e08451dc34c7d4399,6943489118fc060756e24fd47685e2c10173293d54af0af7e8afa9e287c9c5f1,,,full,0.2,True
REIM (ACT + Detector + Recovery),614,8000656,metaworld,True,51,0.16695927099863184,1,1,1,29,0.23465204238891602,task_success_while_recovery_active_per_intervention,True,False,,c99d8abf216f7a56acd8ca1894e3c101cadfa5bd128651e8059238f4338310c4,8c503c07dc6dcdd904e948f14d270410c2fbd4d9796f8d9e08451dc34c7d4399,2ad5907877cc42b4447b9630988e3a1f0da0d83e1f696f71e22dc69905e631b6,,,full,0.2,True
REIM (ACT + Detector + Recovery),615,8000657,metaworld,True,55,0.1285025979996135,1,1,1,46,0.4156515598297119,task_success_while_recovery_active_per_intervention,True,False,,e0141921305bf1399a60e0fd725b877cd2f215defe7d87daf817d26911fcf4b9,8c503c07dc6dcdd904e948f14d270410c2fbd4d9796f8d9e08451dc34c7d4399,c40fedd273cade53989af8adc3ca66d02f2d92ca4d97b2f6391a0dd0ab6dbca3,,,full,0.2,True
REIM (ACT + Detector + Recovery),616,8000658,metaworld,True,57,0.286805222996918,0,0,0,0,0.10151226073503494,task_success_while_recovery_active_per_intervention,True,False,,acdee6d1ab8e9d541495f2c74f4184265981c56d6b9ad052cd79727f40ae60b1,8c503c07dc6dcdd904e948f14d270410c2fbd4d9796f8d9e08451dc34c7d4399,f6a9ed9055e00c868d6771022c2c557a6a48990bdacbed585d07cde857d4755a,,,full,0.2,True
REIM (ACT + Detector + Recovery),617,8000659,metaworld,False,200,0.5095979750003607,1,0,1,150,0.9963517189025879,task_success_while_recovery_active_per_intervention,False,True,timeout,0ddf8666827ca34cb04957bae7d71249e204768efdb755485dfbe38da53e73c1,8c503c07dc6dcdd904e948f14d270410c2fbd4d9796f8d9e08451dc34c7d4399,38329c6b97bbe7d133bf007c22742dca5f0cd7258f8d7199135c6c2371ae591d,,,full,0.2,True
REIM (ACT + Detector + Recovery),618,8000660,metaworld,True,62,0.13970410600086325,1,1,1,52,0.3385428190231323,task_success_while_recovery_active_per_intervention,True,False,,c4fbda9eb3337db4be2721581014347ce51d1a1077ea9bd0fbe9164a97a6db9b,8c503c07dc6dcdd904e948f14d270410c2fbd4d9796f8d9e08451dc34c7d4399,3183afb500ebb9a5af177cccb5b5889a8321eb35261f8ec571269f8b5ed9cd1a,,,full,0.2,True
REIM (ACT + Detector + Recovery),619,8000661,metaworld,True,53,0.15536405100283446,1,1,1,34,0.20882806181907654,task_success_while_recovery_active_per_intervention,True,False,,1b95625f479d3c3e66388dd72ae5839dd514ce57ea18ed6d302bad050b9c4dbf,8c503c07dc6dcdd904e948f14d270410c2fbd4d9796f8d9e08451dc34c7d4399,6943489118fc060756e24fd47685e2c10173293d54af0af7e8afa9e287c9c5f1,,,full,0.2,True
REIM (ACT + Detector + Recovery),620,8000662,metaworld,True,60,0.13468030800140696,1,1,1,51,0.2729206085205078,task_success_while_recovery_active_per_intervention,True,False,,ea803db20ce6296fb22596f9239d99f359ae825b6de6cc67d8381320ea9683d1,8c503c07dc6dcdd904e948f14d270410c2fbd4d9796f8d9e08451dc34c7d4399,39001749c902e2ab9d015efb8c7644faffff99810b709d3203dc359d5eacdcbd,,,full,0.2,True
REIM (ACT + Detector + Recovery),621,8000663,metaworld,True,52,0.26156368700321764,0,0,0,0,0.19145610928535461,task_success_while_recovery_active_per_intervention,True,False,,998de79b31af443f6a41fc0b983c4855f9fc16cc91ad93718e1413ab93d6f2a6,8c503c07dc6dcdd904e948f14d270410c2fbd4d9796f8d9e08451dc34c7d4399,7c3391ee418e26d47c002810bc00065e4dd0b6728c969d2338ad549ad01ebb0a,,,full,0.2,True
REIM (ACT + Detector + Recovery),622,8000664,metaworld,False,200,0.5007233750002342,1,0,1,150,0.9927780032157898,task_success_while_recovery_active_per_intervention,False,True,object_dropped,48a56ae2b450fa2e23c1546bcec7aa32f05d98e18cc39c252d4e1f02b645c871,8c503c07dc6dcdd904e948f14d270410c2fbd4d9796f8d9e08451dc34c7d4399,f6a9ed9055e00c868d6771022c2c557a6a48990bdacbed585d07cde857d4755a,,,full,0.2,True
REIM (ACT + Detector + Recovery),623,8000665,metaworld,True,48,0.2382373060027021,0,0,0,0,0.14479641616344452,task_success_while_recovery_active_per_intervention,True,False,,0d578a9d4234831bb6090752bf5fea7c5d243bd51785136213452dba403c2f6d,8c503c07dc6dcdd904e948f14d270410c2fbd4d9796f8d9e08451dc34c7d4399,5d73f28d4d24cdbcb36a5e5cd61ec1a82f7287ce56d88da8cea912ed757b164c,,,full,0.2,True
REIM (ACT + Detector + Recovery),624,8000666,metaworld,True,57,0.2827462169989303,0,0,0,0,0.1426733285188675,task_success_while_recovery_active_per_intervention,True,False,,9f21af7eddd0d37f3af10b09fc5f4057f1bd3228600cad99eaff8f8736a08c27,8c503c07dc6dcdd904e948f14d270410c2fbd4d9796f8d9e08451dc34c7d4399,a0b103bf3e43f4aa92753185301eba5e2e31594285004b99f51a59b33bd2d620,,,full,0.2,True
REIM (ACT + Detector + Recovery),625,8000667,metaworld,True,60,0.2929125619994011,0,0,0,0,0.18689486384391785,task_success_while_recovery_active_per_intervention,True,False,,6412270742a54508d5427f9cb47dfb5c447dc23ad3c206dc99c3397dcafee0ae,8c503c07dc6dcdd904e948f14d270410c2fbd4d9796f8d9e08451dc34c7d4399,e216352c7f1c7392270c7c501bb599f2a46f420613a124fda0729ab88160cdf2,,,full,0.2,True
REIM (ACT + Detector + Recovery),626,8000668,metaworld,True,55,0.13567892300125095,1,1,1,41,0.2497883439064026,task_success_while_recovery_active_per_intervention,True,False,,a5296098c17db7ddc9858aa51def4b686d6c9d30e72ad990f1abefb317324e19,8c503c07dc6dcdd904e948f14d270410c2fbd4d9796f8d9e08451dc34c7d4399,71488b32995fa40c6ec3f77f6bcd912b1929aef29d90a66307ad46cd584acf29,,,full,0.2,True
REIM (ACT + Detector + Recovery),627,8000669,metaworld,True,59,0.28669202600212884,0,0,0,0,0.13890622556209564,task_success_while_recovery_active_per_intervention,True,False,,7bb73d51ffa742ce1196f14fbfe072b9750854026f64e26b968f9f57bca8b2a8,8c503c07dc6dcdd904e948f14d270410c2fbd4d9796f8d9e08451dc34c7d4399,48ce9609a38b32e56f7e6a43ffef71c21c8b1d17ed5a63d47701bc1dfc3ff271,,,full,0.2,True
REIM (ACT + Detector + Recovery),628,8000670,metaworld,True,54,0.12488226300047245,1,1,1,44,0.3382897973060608,task_success_while_recovery_active_per_intervention,True,False,,69975be6204fb0c27eb3968d742ce3e533fe70e7fed63da1e4718b5a1eb6ed91,8c503c07dc6dcdd904e948f14d270410c2fbd4d9796f8d9e08451dc34c7d4399,c40fedd273cade53989af8adc3ca66d02f2d92ca4d97b2f6391a0dd0ab6dbca3,,,full,0.2,True
REIM (ACT + Detector + Recovery),629,8000671,metaworld,True,52,0.26092044499819167,0,0,0,0,0.10620592534542084,task_success_while_recovery_active_per_intervention,True,False,,14f186d3e94f2ff69a5087b5c41bbff2d408daaa4023478c1a094312a72fb591,8c503c07dc6dcdd904e948f14d270410c2fbd4d9796f8d9e08451dc34c7d4399,6338b57c8983138382fa5c9ee7bb2d2c200be44368697f7ffa8216ea26ddccaf,,,full,0.2,True
REIM (ACT + Detector + Recovery),630,8000672,metaworld,True,61,0.1290503840027668,1,1,1,54,0.3116376996040344,task_success_while_recovery_active_per_intervention,True,False,,ef85991cad2cdbb516eb2c367a142cf384be07eca0fb5b70340576391ec7fe57,8c503c07dc6dcdd904e948f14d270410c2fbd4d9796f8d9e08451dc34c7d4399,e216352c7f1c7392270c7c501bb599f2a46f420613a124fda0729ab88160cdf2,,,full,0.2,True
REIM (ACT + Detector + Recovery),631,8000673,metaworld,True,61,0.1390032710005471,1,1,1,51,0.3066653609275818,task_success_while_recovery_active_per_intervention,True,False,,5c90da32cdde53516afc69c73baa0126679a7f3c06083b01ed4d0b0847934e97,8c503c07dc6dcdd904e948f14d270410c2fbd4d9796f8d9e08451dc34c7d4399,39001749c902e2ab9d015efb8c7644faffff99810b709d3203dc359d5eacdcbd,,,full,0.2,True
REIM (ACT + Detector + Recovery),632,8000674,metaworld,True,63,0.15666886599865393,1,1,1,48,0.22678817808628082,task_success_while_recovery_active_per_intervention,True,False,,91f73ea6b53f4b8d6c6b69d5d12d9002c9621665487c7a3327875a13f7dc1e23,8c503c07dc6dcdd904e948f14d270410c2fbd4d9796f8d9e08451dc34c7d4399,a0b103bf3e43f4aa92753185301eba5e2e31594285004b99f51a59b33bd2d620,,,full,0.2,True
REIM (ACT + Detector + Recovery),633,8000675,metaworld,True,59,0.12481161400137353,1,1,1,52,0.4216691255569458,task_success_while_recovery_active_per_intervention,True,False,,797078c1d983490708a39b649fac8873ff7bc94901a2f9dde9ed8ddbf529bf3c,8c503c07dc6dcdd904e948f14d270410c2fbd4d9796f8d9e08451dc34c7d4399,588df85fb38ef87f822932ad2f702be807974873e4a07ea43084bbdeeaac6604,,,full,0.2,True
REIM (ACT + Detector + Recovery),634,8000676,metaworld,False,200,0.5047254730015993,1,0,1,147,0.9958410859107971,task_success_while_recovery_active_per_intervention,False,True,timeout,af0d2248e53d50c073576f6e7c2c6934de28cd3910b8ed4730ec3eff6d1b09d5,8c503c07dc6dcdd904e948f14d270410c2fbd4d9796f8d9e08451dc34c7d4399,56b7f182edcfeefa9301e1edd53d7f36e4418de7e6df1b54b0f0c298cde1b3cd,,,full,0.2,True
REIM (ACT + Detector + Recovery),635,8000677,metaworld,True,55,0.14367725899865036,1,1,1,39,0.2556664049625397,task_success_while_recovery_active_per_intervention,True,False,,e8e1c21cbb7aaf5b80fb3565bc3dff99d58181e3d9cc00cca3181e4091a4f200,8c503c07dc6dcdd904e948f14d270410c2fbd4d9796f8d9e08451dc34c7d4399,7c3391ee418e26d47c002810bc00065e4dd0b6728c969d2338ad549ad01ebb0a,,,full,0.2,True
REIM (ACT + Detector + Recovery),636,8000678,metaworld,True,57,0.16802610399827245,1,1,1,35,0.3251354396343231,task_success_while_recovery_active_per_intervention,True,False,,95b860db58f4f424aca012acd417e54a8dcd975eeee91ab4666c419118872c11,8c503c07dc6dcdd904e948f14d270410c2fbd4d9796f8d9e08451dc34c7d4399,f82ceac6f8787ac22c378edc1f141cedcc86bf9309b43f1aff6633ae0a963abb,,,full,0.2,True
REIM (ACT + Detector + Recovery),637,8000679,metaworld,True,49,0.13346087900208659,1,1,1,34,0.22196674346923828,task_success_while_recovery_active_per_intervention,True,False,,35b50671aa5c85387a10881247011bbdcb855855f8c8bc4e48625e91bd2a10fa,8c503c07dc6dcdd904e948f14d270410c2fbd4d9796f8d9e08451dc34c7d4399,5d73f28d4d24cdbcb36a5e5cd61ec1a82f7287ce56d88da8cea912ed757b164c,,,full,0.2,True
REIM (ACT + Detector + Recovery),638,8000680,metaworld,True,55,0.1175515719987743,1,1,1,48,0.4598502218723297,task_success_while_recovery_active_per_intervention,True,False,,403605cbdbeba7735a048d93fd21e511eb6b02e5c517bd764d896b58bdc6b8fc,8c503c07dc6dcdd904e948f14d270410c2fbd4d9796f8d9e08451dc34c7d4399,bb2c6b1aed959fa3ddddb1c215ce67cbb5b0ec080eb65fb58e06b7776849a096,,,full,0.2,True
REIM (ACT + Detector + Recovery),639,8000681,metaworld,True,54,0.1851568349993613,1,1,1,30,0.2082994133234024,task_success_while_recovery_active_per_intervention,True,False,,906a748df24e82692a9190b5ed681e60fedee3d689336b223bce0f01b2f72f8f,8c503c07dc6dcdd904e948f14d270410c2fbd4d9796f8d9e08451dc34c7d4399,2eb279a724955c1a9d173681940490ec9cc8ed4fdc15a95533884a23d4ccdb4e,,,full,0.2,True
REIM (ACT + Detector + Recovery),640,8000682,metaworld,True,54,0.12698132500008796,1,1,1,46,0.5119852423667908,task_success_while_recovery_active_per_intervention,True,False,,9d41d62f104c3b424c4374a502a4c6344b9e886b0a29070118a6915bb7e4e8da,8c503c07dc6dcdd904e948f14d270410c2fbd4d9796f8d9e08451dc34c7d4399,35aa26efb4a8651c1d8f46a573d3d4fea76add87b5c76a00531e1cea9ad04412,,,full,0.2,True
REIM (ACT + Detector + Recovery),641,8000683,metaworld,True,55,0.13243181699726847,1,1,1,44,0.29715579748153687,task_success_while_recovery_active_per_intervention,True,False,,46806dbbfe490b795eb66dcf4687d9945573aa1e56fe90970fc06d8f8d133d42,8c503c07dc6dcdd904e948f14d270410c2fbd4d9796f8d9e08451dc34c7d4399,2eb279a724955c1a9d173681940490ec9cc8ed4fdc15a95533884a23d4ccdb4e,,,full,0.2,True
REIM (ACT + Detector + Recovery),642,8000684,metaworld,True,57,0.14723357999901054,1,1,1,43,0.2396327555179596,task_success_while_recovery_active_per_intervention,True,False,,0a7fd86f011e2f677f1e30e1f807b0c2fda533e6deaa5e9d85003134b92340b8,8c503c07dc6dcdd904e948f14d270410c2fbd4d9796f8d9e08451dc34c7d4399,71488b32995fa40c6ec3f77f6bcd912b1929aef29d90a66307ad46cd584acf29,,,full,0.2,True
REIM (ACT + Detector + Recovery),643,8000685,metaworld,True,61,0.31408889099839143,0,0,0,0,0.17123863101005554,task_success_while_recovery_active_per_intervention,True,False,,094eef19534ac8c7083ab9d6d5e04eaa1c32c56bc8fc866d2f72792433a41350,8c503c07dc6dcdd904e948f14d270410c2fbd4d9796f8d9e08451dc34c7d4399,c5023b3d25031a103b9549b6e8c83ba09d69e708ef117c31128a38e03616e5d8,,,full,0.2,True
REIM (ACT + Detector + Recovery),644,8000686,metaworld,False,200,0.5136505439986649,1,0,1,150,0.9956825971603394,task_success_while_recovery_active_per_intervention,False,True,timeout,77edb107d1417689fdbec09363f6ee363596d1680c99af7396565b294364f827,8c503c07dc6dcdd904e948f14d270410c2fbd4d9796f8d9e08451dc34c7d4399,6338b57c8983138382fa5c9ee7bb2d2c200be44368697f7ffa8216ea26ddccaf,,,full,0.2,True
REIM (ACT + Detector + Recovery),645,8000687,metaworld,True,65,0.17011984000055236,1,1,1,48,0.3350384533405304,task_success_while_recovery_active_per_intervention,True,False,,7060f5edf0dbd187b1e870d4936a7a17342747556aadbe9ced700dd43d9ba009,8c503c07dc6dcdd904e948f14d270410c2fbd4d9796f8d9e08451dc34c7d4399,5732f26a5a3acd61cb38107328c80d8fadad8368570aba69b803668406e8f53d,,,full,0.2,True
REIM (ACT + Detector + Recovery),646,8000688,metaworld,True,52,0.26675208500091685,0,0,0,0,0.11924278736114502,task_success_while_recovery_active_per_intervention,True,False,,5917db3f525f2865067eea19e30e8dbcc602a87c0245b8d39ceab116102373d8,8c503c07dc6dcdd904e948f14d270410c2fbd4d9796f8d9e08451dc34c7d4399,6338b57c8983138382fa5c9ee7bb2d2c200be44368697f7ffa8216ea26ddccaf,,,full,0.2,True
REIM (ACT + Detector + Recovery),647,8000689,metaworld,True,60,0.13591395600087708,1,1,1,50,0.20421113073825836,task_success_while_recovery_active_per_intervention,True,False,,b276f025fa69d634fc7f251435b1b9ef3be91c3542f7cfea13cf230f62f17800,8c503c07dc6dcdd904e948f14d270410c2fbd4d9796f8d9e08451dc34c7d4399,e216352c7f1c7392270c7c501bb599f2a46f420613a124fda0729ab88160cdf2,,,full,0.2,True
REIM (ACT + Detector + Recovery),648,8000690,metaworld,True,48,0.11364021000190405,1,1,1,38,0.358932226896286,task_success_while_recovery_active_per_intervention,True,False,,b25efd28a90a6f3e9a0af04b994929f1b9735bc18e4c5a4585ef9087b529ae1f,8c503c07dc6dcdd904e948f14d270410c2fbd4d9796f8d9e08451dc34c7d4399,20cf3cfee33051ea4ca25b64648f05450b0068ae0136ae52c3108d28b02f3691,,,full,0.2,True
REIM (ACT + Detector + Recovery),649,8000691,metaworld,True,50,0.1545781269996951,1,1,1,31,0.310650110244751,task_success_while_recovery_active_per_intervention,True,False,,72876da62c741f92d5a04d20d7222be9e682357b060c8a409bfcb3eb22721715,8c503c07dc6dcdd904e948f14d270410c2fbd4d9796f8d9e08451dc34c7d4399,2ad5907877cc42b4447b9630988e3a1f0da0d83e1f696f71e22dc69905e631b6,,,full,0.2,True
REIM (ACT + Detector + Recovery),650,8000692,metaworld,True,52,0.13939723799921921,1,1,1,38,0.22779341042041779,task_success_while_recovery_active_per_intervention,True,False,,4bebd92c0bf39e3b242b1257a1e5d7dc9d99b7e7c645480edc7f25d9907dc68c,8c503c07dc6dcdd904e948f14d270410c2fbd4d9796f8d9e08451dc34c7d4399,504c23f653f6cdee9d659d9320b164606b319d4f0e9cdf0f3a87e2fc7a98160a,,,full,0.2,True
REIM (ACT + Detector + Recovery),651,8000693,metaworld,True,51,0.12091653400057112,1,1,1,42,0.3376370072364807,task_success_while_recovery_active_per_intervention,True,False,,2ab9fd8e6ff2d8cd72c92a10b5894e32b6a0d30555d167d8285189a137ff88f4,8c503c07dc6dcdd904e948f14d270410c2fbd4d9796f8d9e08451dc34c7d4399,20cf3cfee33051ea4ca25b64648f05450b0068ae0136ae52c3108d28b02f3691,,,full,0.2,True
REIM (ACT + Detector + Recovery),652,8000694,metaworld,True,60,0.15339780800059089,1,1,1,50,0.2558666467666626,task_success_while_recovery_active_per_intervention,True,False,,5bd211ee103d6635b0c76ef94093273e32bba69b799426bc48a1004aa4b76027,8c503c07dc6dcdd904e948f14d270410c2fbd4d9796f8d9e08451dc34c7d4399,39001749c902e2ab9d015efb8c7644faffff99810b709d3203dc359d5eacdcbd,,,full,0.2,True
REIM (ACT + Detector + Recovery),653,8000695,metaworld,True,59,0.3032970349995594,0,0,0,0,0.15377850830554962,task_success_while_recovery_active_per_intervention,True,False,,ac069760a6f51552343c46ea9eff44930e6698ded9cb682c4e425032a2e746d1,8c503c07dc6dcdd904e948f14d270410c2fbd4d9796f8d9e08451dc34c7d4399,b8e45a2f8f553d53c6eef0305347f910b9999bcae6df6ccaf0eaee6ac864e670,,,full,0.2,True
REIM (ACT + Detector + Recovery),654,8000696,metaworld,True,56,0.14239730500048609,1,1,1,41,0.2538936734199524,task_success_while_recovery_active_per_intervention,True,False,,dca4c745cbc6d6c443a3f36d7f82d3852bdf0519e913be88a3d3f5f253f08f16,8c503c07dc6dcdd904e948f14d270410c2fbd4d9796f8d9e08451dc34c7d4399,6943489118fc060756e24fd47685e2c10173293d54af0af7e8afa9e287c9c5f1,,,full,0.2,True
REIM (ACT + Detector + Recovery),655,8000697,metaworld,True,54,0.273869927998021,0,0,0,0,0.1956959366798401,task_success_while_recovery_active_per_intervention,True,False,,3e80c147d4a2ccca04181aefd7c985b631562f533add462bf0b763b1419bdf27,8c503c07dc6dcdd904e948f14d270410c2fbd4d9796f8d9e08451dc34c7d4399,38329c6b97bbe7d133bf007c22742dca5f0cd7258f8d7199135c6c2371ae591d,,,full,0.2,True
REIM (ACT + Detector + Recovery),656,8000698,metaworld,True,63,0.14801422700111289,1,1,1,52,0.33982518315315247,task_success_while_recovery_active_per_intervention,True,False,,b6379ef7b00aaad95b7afb0c65fe27cc77fe600f9d1506eb105089b587b8698f,8c503c07dc6dcdd904e948f14d270410c2fbd4d9796f8d9e08451dc34c7d4399,3183afb500ebb9a5af177cccb5b5889a8321eb35261f8ec571269f8b5ed9cd1a,,,full,0.2,True
REIM (ACT + Detector + Recovery),657,8000699,metaworld,True,52,0.1117443449984421,1,1,1,46,0.5514603853225708,task_success_while_recovery_active_per_intervention,True,False,,d43575a3f1f82a5dfc7a7845760b924505e5f6507fa809f3ec5a9f569b1e691a,8c503c07dc6dcdd904e948f14d270410c2fbd4d9796f8d9e08451dc34c7d4399,bb2c6b1aed959fa3ddddb1c215ce67cbb5b0ec080eb65fb58e06b7776849a096,,,full,0.2,True
REIM (ACT + Detector + Recovery),658,8000700,metaworld,True,63,0.15035246100160293,1,1,1,55,0.3247663974761963,task_success_while_recovery_active_per_intervention,True,False,,f7c439fc3691f4dd0b37498f2a7c7db201b689074cc1826382806a36328f996f,8c503c07dc6dcdd904e948f14d270410c2fbd4d9796f8d9e08451dc34c7d4399,e216352c7f1c7392270c7c501bb599f2a46f420613a124fda0729ab88160cdf2,,,full,0.2,True
REIM (ACT + Detector + Recovery),659,8000701,metaworld,True,56,0.27938712400282384,0,0,0,0,0.13844141364097595,task_success_while_recovery_active_per_intervention,True,False,,7d4dc0b5a60203a1643b5a1baaa02c962625abf3520be5bdfc66ec86203c7aa8,8c503c07dc6dcdd904e948f14d270410c2fbd4d9796f8d9e08451dc34c7d4399,0cda21f8ffacf0a1e40e7b0e858a8e2ddc276972106d4bced99d4404b4a13fd8,,,full,0.2,True
REIM (ACT + Detector + Recovery),660,8000702,metaworld,True,58,0.169872241000121,1,1,1,36,0.32463058829307556,task_success_while_recovery_active_per_intervention,True,False,,706eb28137e8b8f957c4c70b70c136697eb2917b5ad98925e292ae896bec8d5e,8c503c07dc6dcdd904e948f14d270410c2fbd4d9796f8d9e08451dc34c7d4399,8a99d46d6d04afe3e2ef92bb607dde5e178b5c37506006c4f364e345976453b1,,,full,0.2,True
REIM (ACT + Detector + Recovery),661,8000703,metaworld,True,56,0.12373512100020889,1,1,1,48,0.4918661415576935,task_success_while_recovery_active_per_intervention,True,False,,190c35b08807965fea01da20d3a2e6c19a53f3808deaeedf4979bc5aa9fdea68,8c503c07dc6dcdd904e948f14d270410c2fbd4d9796f8d9e08451dc34c7d4399,942fb6a87dc1e3eb7bf7bb111c97e7096138256b4a9a6b4c62a012fabe8bec38,,,full,0.2,True
REIM (ACT + Detector + Recovery),662,8000704,metaworld,True,47,0.13832462299978943,1,1,1,29,0.24784287810325623,task_success_while_recovery_active_per_intervention,True,False,,086b04a718f1c649e8431d4497d578ec8e3d1e7c48de968d7e828101f0c57a85,8c503c07dc6dcdd904e948f14d270410c2fbd4d9796f8d9e08451dc34c7d4399,27e1ed8c670f23dae46752497e383610e58c248d638e3b9b707808a32ce33d4e,,,full,0.2,True
REIM (ACT + Detector + Recovery),663,8000705,metaworld,True,62,0.3152637679995678,0,0,0,0,0.19710347056388855,task_success_while_recovery_active_per_intervention,True,False,,ceb3cbd8708a3161bac150f1c8fc00e7e196aad63112bbf4f693f44f89d07e29,8c503c07dc6dcdd904e948f14d270410c2fbd4d9796f8d9e08451dc34c7d4399,c5023b3d25031a103b9549b6e8c83ba09d69e708ef117c31128a38e03616e5d8,,,full,0.2,True
REIM (ACT + Detector + Recovery),664,8000706,metaworld,True,55,0.2827384339980199,0,0,0,0,0.13788294792175293,task_success_while_recovery_active_per_intervention,True,False,,b4d1527f99ccb33e05bc24b8e3cbac7b94448c08c412a7599ea31502e524f7c8,8c503c07dc6dcdd904e948f14d270410c2fbd4d9796f8d9e08451dc34c7d4399,742509487aeb71d366f1ddafa1cb12db2f7cfefe17c4ca89c98cffb67c1c8619,,,full,0.2,True
REIM (ACT + Detector + Recovery),665,8000707,metaworld,True,61,0.15800585399847478,1,1,1,47,0.209131121635437,task_success_while_recovery_active_per_intervention,True,False,,5a9b4968e9983bd1bf0e7856bb99daa50216e4110857f471f12db80a897ff0ef,8c503c07dc6dcdd904e948f14d270410c2fbd4d9796f8d9e08451dc34c7d4399,e216352c7f1c7392270c7c501bb599f2a46f420613a124fda0729ab88160cdf2,,,full,0.2,True
REIM (ACT + Detector + Recovery),666,8000708,metaworld,False,200,0.5712726350029698,1,0,1,140,0.9990639090538025,task_success_while_recovery_active_per_intervention,False,True,timeout,8799a4afaa2c751353aa110f366cbd3277289b7ebf8dc151d51a03ce6c9c46fa,8c503c07dc6dcdd904e948f14d270410c2fbd4d9796f8d9e08451dc34c7d4399,0cda21f8ffacf0a1e40e7b0e858a8e2ddc276972106d4bced99d4404b4a13fd8,,,full,0.2,True
REIM (ACT + Detector + Recovery),667,8000709,metaworld,True,55,0.2823259130018414,0,0,0,0,0.1511092483997345,task_success_while_recovery_active_per_intervention,True,False,,54d1302bd4b29fd0e5df12ee03fa2e6e3db37ed5829d6eee413037d8cca21721,8c503c07dc6dcdd904e948f14d270410c2fbd4d9796f8d9e08451dc34c7d4399,6cb8d983459a8e57d4ae53a86da2394015cabba2d7c306dcaf7b14af979ca230,,,full,0.2,True
REIM (ACT + Detector + Recovery),668,8000710,metaworld,True,57,0.14968169500207296,1,1,1,47,0.28983625769615173,task_success_while_recovery_active_per_intervention,True,False,,9eb00f74aec5bc1fb20832e1d7723ccc9250981f394ff7ef6e20d70ffb604036,8c503c07dc6dcdd904e948f14d270410c2fbd4d9796f8d9e08451dc34c7d4399,38329c6b97bbe7d133bf007c22742dca5f0cd7258f8d7199135c6c2371ae591d,,,full,0.2,True
REIM (ACT + Detector + Recovery),669,8000711,metaworld,True,48,0.24529387700022198,0,0,0,0,0.19565236568450928,task_success_while_recovery_active_per_intervention,True,False,,d7899d605fa4a1d3e3d9a4e18a391ce346066b1084e99bdefa576dd5fc7c624f,8c503c07dc6dcdd904e948f14d270410c2fbd4d9796f8d9e08451dc34c7d4399,5d73f28d4d24cdbcb36a5e5cd61ec1a82f7287ce56d88da8cea912ed757b164c,,,full,0.2,True
REIM (ACT + Detector + Recovery),670,8000712,metaworld,True,57,0.19829791700249189,1,1,1,29,0.26315921545028687,task_success_while_recovery_active_per_intervention,True,False,,53458e9578deb55a05b9c13fc8db49463a211d401f1236a4bf6d8bdb398f348a,8c503c07dc6dcdd904e948f14d270410c2fbd4d9796f8d9e08451dc34c7d4399,8a99d46d6d04afe3e2ef92bb607dde5e178b5c37506006c4f364e345976453b1,,,full,0.2,True
REIM (ACT + Detector + Recovery),671,8000713,metaworld,True,55,0.30165956299970276,0,0,0,0,0.15410147607326508,task_success_while_recovery_active_per_intervention,True,False,,7fdaf32edcffab8101082ac8d73bdfc7db212a04d0ee9dca3abc7cc9d33c592f,8c503c07dc6dcdd904e948f14d270410c2fbd4d9796f8d9e08451dc34c7d4399,48ce9609a38b32e56f7e6a43ffef71c21c8b1d17ed5a63d47701bc1dfc3ff271,,,full,0.2,True
REIM (ACT + Detector + Recovery),672,8000714,metaworld,True,61,0.32207510599982925,0,0,0,0,0.16566623747348785,task_success_while_recovery_active_per_intervention,True,False,,52f7f80801ca73bceccb1d79f487b58530aafad9687bae414bc3cb305c925f62,8c503c07dc6dcdd904e948f14d270410c2fbd4d9796f8d9e08451dc34c7d4399,c5023b3d25031a103b9549b6e8c83ba09d69e708ef117c31128a38e03616e5d8,,,full,0.2,True
REIM (ACT + Detector + Recovery),673,8000715,metaworld,True,57,0.13321442900269176,1,1,1,48,0.4235905706882477,task_success_while_recovery_active_per_intervention,True,False,,540d2889b35e795cb05fcf5e6eaa21dd3b8ce3266e99ebc378aee29f11802e7c,8c503c07dc6dcdd904e948f14d270410c2fbd4d9796f8d9e08451dc34c7d4399,ba19e0623fe05add91e00811bacb33e27305f5fcb6549be6f6278ebce6046101,,,full,0.2,True
REIM (ACT + Detector + Recovery),674,8000716,metaworld,True,59,0.21434201000010944,1,1,1,28,0.2193048596382141,task_success_while_recovery_active_per_intervention,True,False,,1c9d1c0e5e45ab9ca2347af1be9f649a742e78e0a9677d9d69dc14b0b3ada738,8c503c07dc6dcdd904e948f14d270410c2fbd4d9796f8d9e08451dc34c7d4399,39001749c902e2ab9d015efb8c7644faffff99810b709d3203dc359d5eacdcbd,,,full,0.2,True
REIM (ACT + Detector + Recovery),675,8000717,metaworld,True,52,0.12977462299750187,1,1,1,43,0.4614820182323456,task_success_while_recovery_active_per_intervention,True,False,,1baccf3f8c80a5776f13f16053e3cd6e5e9064b99b20f09dbd0c4953a97dca5e,8c503c07dc6dcdd904e948f14d270410c2fbd4d9796f8d9e08451dc34c7d4399,20cf3cfee33051ea4ca25b64648f05450b0068ae0136ae52c3108d28b02f3691,,,full,0.2,True
REIM (ACT + Detector + Recovery),676,8000718,metaworld,True,57,0.3031702900007076,0,0,0,0,0.14511241018772125,task_success_while_recovery_active_per_intervention,True,False,,aca993a1857a812f4bac5c9ef6f236eac8bbcda1720818a4f0cf5c5a33eb07ae,8c503c07dc6dcdd904e948f14d270410c2fbd4d9796f8d9e08451dc34c7d4399,a0b103bf3e43f4aa92753185301eba5e2e31594285004b99f51a59b33bd2d620,,,full,0.2,True
REIM (ACT + Detector + Recovery),677,8000719,metaworld,True,49,0.2557358480007679,0,0,0,0,0.19695213437080383,task_success_while_recovery_active_per_intervention,True,False,,0a09ce251d65c0fc0fe9cc291ac1ff95860ab8b59d14b159de9e97e34d7b2fb7,8c503c07dc6dcdd904e948f14d270410c2fbd4d9796f8d9e08451dc34c7d4399,cea0b9105255f82e0ee99bfb3998a6edce02b446d4b14afb0747282cd18aa202,,,full,0.2,True
REIM (ACT + Detector + Recovery),678,8000720,metaworld,False,200,0.5462831169970741,1,0,1,150,0.9996941089630127,task_success_while_recovery_active_per_intervention,False,True,object_dropped,726910c51cb7abc3c7035b62bf61a7e99964040229dd840d0cc24c4893984e39,8c503c07dc6dcdd904e948f14d270410c2fbd4d9796f8d9e08451dc34c7d4399,8a99d46d6d04afe3e2ef92bb607dde5e178b5c37506006c4f364e345976453b1,,,full,0.2,True
REIM (ACT + Detector + Recovery),679,8000721,metaworld,True,60,0.15696227599983104,1,1,1,46,0.24467156827449799,task_success_while_recovery_active_per_intervention,True,False,,1230b113aec782d01993b89a825d0c512cdb5d74cc9268b7fff7f4fd255eb9f7,8c503c07dc6dcdd904e948f14d270410c2fbd4d9796f8d9e08451dc34c7d4399,38329c6b97bbe7d133bf007c22742dca5f0cd7258f8d7199135c6c2371ae591d,,,full,0.2,True
REIM (ACT + Detector + Recovery),680,8000722,metaworld,True,53,0.13826130799861858,1,1,1,41,0.23447632789611816,task_success_while_recovery_active_per_intervention,True,False,,7343be28805e8d8cba165046d1afe895be67b875a9ebd32f88b1c2d78cf3a946,8c503c07dc6dcdd904e948f14d270410c2fbd4d9796f8d9e08451dc34c7d4399,56b7f182edcfeefa9301e1edd53d7f36e4418de7e6df1b54b0f0c298cde1b3cd,,,full,0.2,True
REIM (ACT + Detector + Recovery),681,8000723,metaworld,True,56,0.13495283399970504,1,1,1,47,0.26442065834999084,task_success_while_recovery_active_per_intervention,True,False,,c0ca70b18c602dedd371fc8fce0086b2a1fd49575d83a2992d9e3401e45f1e25,8c503c07dc6dcdd904e948f14d270410c2fbd4d9796f8d9e08451dc34c7d4399,35203d16cfa98b5f2e002fcb1ffde2400abf9459c161f6a289efa0c46eddb36f,,,full,0.2,True
REIM (ACT + Detector + Recovery),682,8000724,metaworld,True,56,0.1913942520004639,1,1,1,32,0.2668842077255249,task_success_while_recovery_active_per_intervention,True,False,,7d81555d7b067b8c5809fe61bbacf68f888625960c8c0a25398ad19c2f2d3ea7,8c503c07dc6dcdd904e948f14d270410c2fbd4d9796f8d9e08451dc34c7d4399,8a99d46d6d04afe3e2ef92bb607dde5e178b5c37506006c4f364e345976453b1,,,full,0.2,True
REIM (ACT + Detector + Recovery),683,8000725,metaworld,True,49,0.17352236599981552,1,1,1,28,0.2144126445055008,task_success_while_recovery_active_per_intervention,True,False,,5e924bf9f0400fd4dd4af65d259895f4ec4865a300e4ad97ebcbd8fc1ebe82b7,8c503c07dc6dcdd904e948f14d270410c2fbd4d9796f8d9e08451dc34c7d4399,08a97a6dfa17f78b5cc5b1351d60038e4a40a68fc93722672482714333b1d9b5,,,full,0.2,True
REIM (ACT + Detector + Recovery),684,8000726,metaworld,True,47,0.2563357660001202,0,0,0,0,0.18317565321922302,task_success_while_recovery_active_per_intervention,True,False,,8f3ccb46ee05721ef5fea49751791098de908f570982e2184de91e14c85b45d8,8c503c07dc6dcdd904e948f14d270410c2fbd4d9796f8d9e08451dc34c7d4399,e6e55bdbd77dc052facbc072d20b08a21d116978c37627b9a3d9dc7989dfbe62,,,full,0.2,True
REIM (ACT + Detector + Recovery),685,8000727,metaworld,True,54,0.16225551500247093,1,1,1,35,0.31543442606925964,task_success_while_recovery_active_per_intervention,True,False,,797f70286b1674061de027d3c8193f985c637a1a763fece776f0607e0d984f0e,8c503c07dc6dcdd904e948f14d270410c2fbd4d9796f8d9e08451dc34c7d4399,504c23f653f6cdee9d659d9320b164606b319d4f0e9cdf0f3a87e2fc7a98160a,,,full,0.2,True
REIM (ACT + Detector + Recovery),686,8000728,metaworld,True,65,0.1559375020005973,1,1,1,53,0.20753726363182068,task_success_while_recovery_active_per_intervention,True,False,,2419f41e2691ff7012f1419b5311c67360da1404de840d2832ed975cb3aa00a0,8c503c07dc6dcdd904e948f14d270410c2fbd4d9796f8d9e08451dc34c7d4399,1c856fdcb5da12c3fa2d15b38741aa980fa3a47e64fb99f8635817590128f9ea,,,full,0.2,True
REIM (ACT + Detector + Recovery),687,8000729,metaworld,True,57,0.18034599300153786,1,1,1,35,0.2503383457660675,task_success_while_recovery_active_per_intervention,True,False,,61c1ffd50e190ceb81b804eb44b0c5bb637387c7f8a6781d5b48c85c1f9f5c7a,8c503c07dc6dcdd904e948f14d270410c2fbd4d9796f8d9e08451dc34c7d4399,64ee837add19202e84553431fdab118462cf5265eeae19a4d044b5a6818f771d,,,full,0.2,True
REIM (ACT + Detector + Recovery),688,8000730,metaworld,True,52,0.27993588499884936,0,0,0,0,0.12548795342445374,task_success_while_recovery_active_per_intervention,True,False,,a4f1cb7eae1152ccc7f3fd937eaa0806c98437906ad38f2387a8e2fb8ca307a1,8c503c07dc6dcdd904e948f14d270410c2fbd4d9796f8d9e08451dc34c7d4399,15a9adece7ebea14bdf37f5376e274c6dce4711281025cf35060933ba9ab8ad3,,,full,0.2,True
REIM (ACT + Detector + Recovery),689,8000731,metaworld,True,60,0.15056167299917433,1,1,1,48,0.21606884896755219,task_success_while_recovery_active_per_intervention,True,False,,3c7d7165dd8116e74a798c88e62300dda08d4faa872fb1409a31049eea8c60f6,8c503c07dc6dcdd904e948f14d270410c2fbd4d9796f8d9e08451dc34c7d4399,742509487aeb71d366f1ddafa1cb12db2f7cfefe17c4ca89c98cffb67c1c8619,,,full,0.2,True
REIM (ACT + Detector + Recovery),690,8000732,metaworld,True,59,0.13970715300092706,1,1,1,51,0.29597291350364685,task_success_while_recovery_active_per_intervention,True,False,,a22d5db308af69c2df79c4d3a201e43d86a73e69b475146dae49d3880881047a,8c503c07dc6dcdd904e948f14d270410c2fbd4d9796f8d9e08451dc34c7d4399,524e161a612d94c222d06154bcd0129d0851b8fad51ae883abbef6e86d43cbb0,,,full,0.2,True
REIM (ACT + Detector + Recovery),691,8000733,metaworld,True,53,0.13118446999942535,1,1,1,40,0.252856582403183,task_success_while_recovery_active_per_intervention,True,False,,ad1319418b2fea365c76aaae6cc4f332aa6f59cb4c9c9f6e6028150ec1da2e9e,8c503c07dc6dcdd904e948f14d270410c2fbd4d9796f8d9e08451dc34c7d4399,c40fedd273cade53989af8adc3ca66d02f2d92ca4d97b2f6391a0dd0ab6dbca3,,,full,0.2,True
REIM (ACT + Detector + Recovery),692,8000734,metaworld,True,52,0.14817749299982097,1,1,1,34,0.2321678251028061,task_success_while_recovery_active_per_intervention,True,False,,cc5a5d805b5bb8a295a24e2df41dbf88720f81dece0f9df7309b1dfd926e835a,8c503c07dc6dcdd904e948f14d270410c2fbd4d9796f8d9e08451dc34c7d4399,2eb279a724955c1a9d173681940490ec9cc8ed4fdc15a95533884a23d4ccdb4e,,,full,0.2,True
REIM (ACT + Detector + Recovery),693,8000735,metaworld,True,54,0.1179426800008514,1,1,1,45,0.3562923073768616,task_success_while_recovery_active_per_intervention,True,False,,9cce6c3003309207808a9ce94a722ed1dfe1f69eb4c85ab640d2bc2acd979c6b,8c503c07dc6dcdd904e948f14d270410c2fbd4d9796f8d9e08451dc34c7d4399,35aa26efb4a8651c1d8f46a573d3d4fea76add87b5c76a00531e1cea9ad04412,,,full,0.2,True
REIM (ACT + Detector + Recovery),694,8000736,metaworld,True,53,0.2565527189981367,0,0,0,0,0.14547710120677948,task_success_while_recovery_active_per_intervention,True,False,,41634b39b360ee3422240f90270902fcacb8c6d4c48705668d4c22a2522d97bb,8c503c07dc6dcdd904e948f14d270410c2fbd4d9796f8d9e08451dc34c7d4399,15a9adece7ebea14bdf37f5376e274c6dce4711281025cf35060933ba9ab8ad3,,,full,0.2,True
REIM (ACT + Detector + Recovery),695,8000737,metaworld,True,58,0.28396796100059873,0,0,0,0,0.1584659069776535,task_success_while_recovery_active_per_intervention,True,False,,05284f34eabaf238767d277ccfb6ad5b125ee2f0cf78c7a15771e56747465444,8c503c07dc6dcdd904e948f14d270410c2fbd4d9796f8d9e08451dc34c7d4399,b8e45a2f8f553d53c6eef0305347f910b9999bcae6df6ccaf0eaee6ac864e670,,,full,0.2,True
REIM (ACT + Detector + Recovery),696,8000738,metaworld,True,48,0.16366357199876802,1,1,1,23,0.20433899760246277,task_success_while_recovery_active_per_intervention,True,False,,8ec8b9b68cb1093c9cca33d0f5a7433372252da79c8a4af43544e1ac6797cc95,8c503c07dc6dcdd904e948f14d270410c2fbd4d9796f8d9e08451dc34c7d4399,08a97a6dfa17f78b5cc5b1351d60038e4a40a68fc93722672482714333b1d9b5,,,full,0.2,True
REIM (ACT + Detector + Recovery),697,8000739,metaworld,True,59,0.20771232100014458,1,1,1,25,0.23058082163333893,task_success_while_recovery_active_per_intervention,True,False,,f158f0baea373b606be843ebe076fa15fb07257fef9e0c88cf921ddd60d99a15,8c503c07dc6dcdd904e948f14d270410c2fbd4d9796f8d9e08451dc34c7d4399,39001749c902e2ab9d015efb8c7644faffff99810b709d3203dc359d5eacdcbd,,,full,0.2,True
REIM (ACT + Detector + Recovery),698,8000740,metaworld,True,54,0.2715365340009157,0,0,0,0,0.1647970825433731,task_success_while_recovery_active_per_intervention,True,False,,a81e82c11549ca56a8e1f1711a5f9d3749abe6e47b4de5cf9fbc92cc3b90c9ad,8c503c07dc6dcdd904e948f14d270410c2fbd4d9796f8d9e08451dc34c7d4399,0cda21f8ffacf0a1e40e7b0e858a8e2ddc276972106d4bced99d4404b4a13fd8,,,full,0.2,True
REIM (ACT + Detector + Recovery),699,8000741,metaworld,True,52,0.25730714200108196,0,0,0,0,0.15367355942726135,task_success_while_recovery_active_per_intervention,True,False,,2fa14dbe17f14bc900edd704a3c430c41a0fcdc6e4590de2bf1722175c8d75de,8c503c07dc6dcdd904e948f14d270410c2fbd4d9796f8d9e08451dc34c7d4399,acfaed29b052207b47b4b7fa76672795fd08de3add8565db05f141de82ece90b,,,full,0.2,True
REIM (ACT + Detector + Recovery),700,8000742,metaworld,True,48,0.2314409090031404,0,0,0,0,0.19763469696044922,task_success_while_recovery_active_per_intervention,True,False,,062cffdc639fe3bc4995933c88eefeb25f9331fcf122b33bbac2f0285eb43e94,8c503c07dc6dcdd904e948f14d270410c2fbd4d9796f8d9e08451dc34c7d4399,e6e55bdbd77dc052facbc072d20b08a21d116978c37627b9a3d9dc7989dfbe62,,,full,0.2,True
REIM (ACT + Detector + Recovery),701,8000743,metaworld,True,63,0.13044811799773015,1,1,1,55,0.3683195114135742,task_success_while_recovery_active_per_intervention,True,False,,02c5781162a021901741a2e2c2ae6c0ffd3c508e62391d866f19858972ae815d,8c503c07dc6dcdd904e948f14d270410c2fbd4d9796f8d9e08451dc34c7d4399,e216352c7f1c7392270c7c501bb599f2a46f420613a124fda0729ab88160cdf2,,,full,0.2,True
REIM (ACT + Detector + Recovery),702,8000744,metaworld,True,56,0.12389989299845183,1,1,1,47,0.49907028675079346,task_success_while_recovery_active_per_intervention,True,False,,e136a2ef0c209da3bb3893728c0287f31a0a143ceb8f67e38b4108ef219f6339,8c503c07dc6dcdd904e948f14d270410c2fbd4d9796f8d9e08451dc34c7d4399,588df85fb38ef87f822932ad2f702be807974873e4a07ea43084bbdeeaac6604,,,full,0.2,True
REIM (ACT + Detector + Recovery),703,8000745,metaworld,True,56,0.27579536700068275,0,0,0,0,0.11223365366458893,task_success_while_recovery_active_per_intervention,True,False,,5eeeac512896fc9c54c3706bfd8560cc48242a266ba021157e0d67d041345396,8c503c07dc6dcdd904e948f14d270410c2fbd4d9796f8d9e08451dc34c7d4399,4e97203f8ce1a96cef19545d4c4c300d0de39e4f94bd1941cef7ebc3dd48be02,,,full,0.2,True
REIM (ACT + Detector + Recovery),704,8000746,metaworld,True,57,0.16675516899704235,1,1,1,34,0.20364196598529816,task_success_while_recovery_active_per_intervention,True,False,,0fc60d12f7c5e3bca091f516c57cd22c12585586b622ef511dd27d1effe3aae5,8c503c07dc6dcdd904e948f14d270410c2fbd4d9796f8d9e08451dc34c7d4399,6cb8d983459a8e57d4ae53a86da2394015cabba2d7c306dcaf7b14af979ca230,,,full,0.2,True
REIM (ACT + Detector + Recovery),705,8000747,metaworld,True,58,0.17497781299971393,1,1,1,33,0.20044390857219696,task_success_while_recovery_active_per_intervention,True,False,,b8a723c128a74dc7422956b7e0f1992e91f5f912a59218602b247f4258bc4c5f,8c503c07dc6dcdd904e948f14d270410c2fbd4d9796f8d9e08451dc34c7d4399,a0b103bf3e43f4aa92753185301eba5e2e31594285004b99f51a59b33bd2d620,,,full,0.2,True
REIM (ACT + Detector + Recovery),706,8000748,metaworld,True,55,0.25700716099890997,1,1,1,2,0.3446580171585083,task_success_while_recovery_active_per_intervention,True,False,,c3412a0ae6db5fbacbf463d1bdf1b632ade657bcb1905c3a8cfad9942ed95e53,8c503c07dc6dcdd904e948f14d270410c2fbd4d9796f8d9e08451dc34c7d4399,acfaed29b052207b47b4b7fa76672795fd08de3add8565db05f141de82ece90b,,,full,0.2,True
REIM (ACT + Detector + Recovery),707,8000749,metaworld,True,50,0.24846152999816695,0,0,0,0,0.17838723957538605,task_success_while_recovery_active_per_intervention,True,False,,0b8151b0d2d27da42ed04fef57fa71d0900172126a066a2857ebe38dd9d08e9a,8c503c07dc6dcdd904e948f14d270410c2fbd4d9796f8d9e08451dc34c7d4399,e6e55bdbd77dc052facbc072d20b08a21d116978c37627b9a3d9dc7989dfbe62,,,full,0.2,True
REIM (ACT + Detector + Recovery),708,8000750,metaworld,True,56,0.12538003900044714,1,1,1,48,0.3380597233772278,task_success_while_recovery_active_per_intervention,True,False,,6a66a7ffc64860070f5bab59d1e4ca3fe788cd13687a1e8f2988d9811f24ad9b,8c503c07dc6dcdd904e948f14d270410c2fbd4d9796f8d9e08451dc34c7d4399,aba21ef1c98d0573e36116c9757115227fd3793cba96aea7eda95c2547314ca3,,,full,0.2,True
REIM (ACT + Detector + Recovery),709,8000751,metaworld,True,55,0.12274483299916028,1,1,1,47,0.31002166867256165,task_success_while_recovery_active_per_intervention,True,False,,e91ac2e8c971d947e868dde1079bc171026c7abff0d65d222ae07ff80dc532af,8c503c07dc6dcdd904e948f14d270410c2fbd4d9796f8d9e08451dc34c7d4399,35203d16cfa98b5f2e002fcb1ffde2400abf9459c161f6a289efa0c46eddb36f,,,full,0.2,True
REIM (ACT + Detector + Recovery),710,8000752,metaworld,True,54,0.15772899099829374,1,1,1,34,0.24742348492145538,task_success_while_recovery_active_per_intervention,True,False,,ef5bc61b193b6f38e480e37a01744d8a3315cab71460216903417e762ff23626,8c503c07dc6dcdd904e948f14d270410c2fbd4d9796f8d9e08451dc34c7d4399,342b72dafe0e47ecf8a937cb01e62ac02c2d77bf93dafca59574cbbbfc4ad77b,,,full,0.2,True
REIM (ACT + Detector + Recovery),711,8000753,metaworld,False,200,0.5221697589986434,1,0,1,140,0.990921676158905,task_success_while_recovery_active_per_intervention,False,True,object_dropped,c92ec268ee550f6385d4e741afcf7d87ef9293a340beeceaa735533c0ae3dfdd,8c503c07dc6dcdd904e948f14d270410c2fbd4d9796f8d9e08451dc34c7d4399,524e161a612d94c222d06154bcd0129d0851b8fad51ae883abbef6e86d43cbb0,,,full,0.2,True
REIM (ACT + Detector + Recovery),712,8000754,metaworld,False,200,0.5037360659989645,1,0,1,150,0.9993945360183716,task_success_while_recovery_active_per_intervention,False,True,object_dropped,8b26de7e0379e564b842e91159894219c280d0619285014fa182a2c10a1ec4cf,8c503c07dc6dcdd904e948f14d270410c2fbd4d9796f8d9e08451dc34c7d4399,39001749c902e2ab9d015efb8c7644faffff99810b709d3203dc359d5eacdcbd,,,full,0.2,True
REIM (ACT + Detector + Recovery),713,8000755,metaworld,True,57,0.28977143200245337,0,0,0,0,0.13579967617988586,task_success_while_recovery_active_per_intervention,True,False,,8444940cd28e6c7d44f2dcd551c5007b2bddab155c8834c80cc28b8821bb7d81,8c503c07dc6dcdd904e948f14d270410c2fbd4d9796f8d9e08451dc34c7d4399,a0b103bf3e43f4aa92753185301eba5e2e31594285004b99f51a59b33bd2d620,,,full,0.2,True
REIM (ACT + Detector + Recovery),714,8000756,metaworld,True,61,0.13513169900033972,1,1,1,51,0.27229225635528564,task_success_while_recovery_active_per_intervention,True,False,,ba976cf63bd121cdf393a356ad398669f5c3f04c319f1aaaf6522d5abaeb3bb3,8c503c07dc6dcdd904e948f14d270410c2fbd4d9796f8d9e08451dc34c7d4399,ba19e0623fe05add91e00811bacb33e27305f5fcb6549be6f6278ebce6046101,,,full,0.2,True
REIM (ACT + Detector + Recovery),715,8000757,metaworld,True,57,0.28346824400068726,0,0,0,0,0.15481972694396973,task_success_while_recovery_active_per_intervention,True,False,,107c4dd8ef8b46b9c2819ed967b9604620a703fdc0aa75d0123785e6c5d7a907,8c503c07dc6dcdd904e948f14d270410c2fbd4d9796f8d9e08451dc34c7d4399,6cb8d983459a8e57d4ae53a86da2394015cabba2d7c306dcaf7b14af979ca230,,,full,0.2,True
REIM (ACT + Detector + Recovery),716,8000758,metaworld,True,50,0.25287619099981384,0,0,0,0,0.18375848233699799,task_success_while_recovery_active_per_intervention,True,False,,75d22c425d2ff1464fb60c5de7f7aea07ba34f5261ba25cfa7a55c1a8d645916,8c503c07dc6dcdd904e948f14d270410c2fbd4d9796f8d9e08451dc34c7d4399,e6e55bdbd77dc052facbc072d20b08a21d116978c37627b9a3d9dc7989dfbe62,,,full,0.2,True
REIM (ACT + Detector + Recovery),717,8000759,metaworld,True,56,0.14356362499893294,1,1,1,41,0.3047999441623688,task_success_while_recovery_active_per_intervention,True,False,,46143e2013923f9ec1fadb40fd842cf5eeba929fad8b63956b93bc2ebc916a49,8c503c07dc6dcdd904e948f14d270410c2fbd4d9796f8d9e08451dc34c7d4399,aa1f17aacdf569c3a2930a2ebbf742ff43f8d3acfc772731a5c344cabcd52570,,,full,0.2,True
REIM (ACT + Detector + Recovery),718,8000760,metaworld,True,48,0.1572432419998222,1,1,1,24,0.22337904572486877,task_success_while_recovery_active_per_intervention,True,False,,65570c15b190ba52c86663997996b2d533446f307b5c61a537857ecae095d5d3,8c503c07dc6dcdd904e948f14d270410c2fbd4d9796f8d9e08451dc34c7d4399,cea0b9105255f82e0ee99bfb3998a6edce02b446d4b14afb0747282cd18aa202,,,full,0.2,True
REIM (ACT + Detector + Recovery),719,8000761,metaworld,True,63,0.1349054470010742,1,1,1,54,0.2662760615348816,task_success_while_recovery_active_per_intervention,True,False,,aef2c2443cce6e5671a4d3e21424b86523bda031280ad385bdb22fe98bba1a74,8c503c07dc6dcdd904e948f14d270410c2fbd4d9796f8d9e08451dc34c7d4399,e216352c7f1c7392270c7c501bb599f2a46f420613a124fda0729ab88160cdf2,,,full,0.2,True
REIM (ACT + Detector + Recovery),720,8000762,metaworld,False,200,0.5201263410017418,1,0,1,142,0.9073243141174316,task_success_while_recovery_active_per_intervention,False,True,timeout,333e4174c2cfa88ee22360e1bccab9ef233cbbcdd0364dfad0f3ca5bf52a7ccb,8c503c07dc6dcdd904e948f14d270410c2fbd4d9796f8d9e08451dc34c7d4399,742509487aeb71d366f1ddafa1cb12db2f7cfefe17c4ca89c98cffb67c1c8619,,,full,0.2,True
REIM (ACT + Detector + Recovery),721,8000763,metaworld,False,200,0.5000928850022319,1,0,1,150,0.944587767124176,task_success_while_recovery_active_per_intervention,False,True,timeout,7ae9cb77bbd0c4b5dbf572174a6bce0342ae08d5f228f7e24c6e23aac2d10ef1,8c503c07dc6dcdd904e948f14d270410c2fbd4d9796f8d9e08451dc34c7d4399,a8cfe6e2276fbd15230c5555255b87d17333bdd29f84f687df7405d0311fae7f,,,full,0.2,True
REIM (ACT + Detector + Recovery),722,8000764,metaworld,True,50,0.13584399499814026,1,1,1,34,0.2414740025997162,task_success_while_recovery_active_per_intervention,True,False,,a4d9a1a27d67b521ea5a4bf4a9e454f74ed3f5051d27f56a6971b869f0d794cf,8c503c07dc6dcdd904e948f14d270410c2fbd4d9796f8d9e08451dc34c7d4399,08a97a6dfa17f78b5cc5b1351d60038e4a40a68fc93722672482714333b1d9b5,,,full,0.2,True
REIM (ACT + Detector + Recovery),723,8000765,metaworld,True,57,0.1331404560005467,1,1,1,45,0.3007652759552002,task_success_while_recovery_active_per_intervention,True,False,,4186fdc896a936119c06613c3d1b72af48d92fd36082b5acde80aaa443af8036,8c503c07dc6dcdd904e948f14d270410c2fbd4d9796f8d9e08451dc34c7d4399,342b72dafe0e47ecf8a937cb01e62ac02c2d77bf93dafca59574cbbbfc4ad77b,,,full,0.2,True
REIM (ACT + Detector + Recovery),724,8000766,metaworld,True,51,0.24682983099773992,0,0,0,0,0.15355154871940613,task_success_while_recovery_active_per_intervention,True,False,,48a2e2499626bd188451a8a7e9a2159fc6ba917ae8a6269718bb20a8aa27a40b,8c503c07dc6dcdd904e948f14d270410c2fbd4d9796f8d9e08451dc34c7d4399,15a9adece7ebea14bdf37f5376e274c6dce4711281025cf35060933ba9ab8ad3,,,full,0.2,True
REIM (ACT + Detector + Recovery),725,8000767,metaworld,True,65,0.22652349499912816,1,1,1,27,0.20995350182056427,task_success_while_recovery_active_per_intervention,True,False,,750647e1100e2baa179f77e0e1caa4ae82afb197c615ca2ee51af78acb51dbc5,8c503c07dc6dcdd904e948f14d270410c2fbd4d9796f8d9e08451dc34c7d4399,c5023b3d25031a103b9549b6e8c83ba09d69e708ef117c31128a38e03616e5d8,,,full,0.2,True
REIM (ACT + Detector + Recovery),726,8000768,metaworld,False,200,0.49080440900070244,1,0,1,150,0.996850311756134,task_success_while_recovery_active_per_intervention,False,True,timeout,728630eee3d9ae0787d630bcdceb5764d3df5f166d726f926c6d83e896c2d620,8c503c07dc6dcdd904e948f14d270410c2fbd4d9796f8d9e08451dc34c7d4399,2eb279a724955c1a9d173681940490ec9cc8ed4fdc15a95533884a23d4ccdb4e,,,full,0.2,True
REIM (ACT + Detector + Recovery),727,8000769,metaworld,True,62,0.13052465899818344,1,1,1,53,0.31467869877815247,task_success_while_recovery_active_per_intervention,True,False,,75b1d27c9540d6d7f144d5240e6fba091ce635a4d621cfbd2635c24d00b40c1b,8c503c07dc6dcdd904e948f14d270410c2fbd4d9796f8d9e08451dc34c7d4399,3183afb500ebb9a5af177cccb5b5889a8321eb35261f8ec571269f8b5ed9cd1a,,,full,0.2,True
REIM (ACT + Detector + Recovery),728,8000770,metaworld,True,54,0.17783612399944104,1,1,1,26,0.2623312473297119,task_success_while_recovery_active_per_intervention,True,False,,7afe5c25d98a1de1644e5f9a7bdf59d424df22912c29dc45b74202b5c070ca28,8c503c07dc6dcdd904e948f14d270410c2fbd4d9796f8d9e08451dc34c7d4399,942fb6a87dc1e3eb7bf7bb111c97e7096138256b4a9a6b4c62a012fabe8bec38,,,full,0.2,True
REIM (ACT + Detector + Recovery),729,8000771,metaworld,False,200,0.4841368789966509,1,0,1,150,0.9981790781021118,task_success_while_recovery_active_per_intervention,False,True,timeout,8d2f06c1103d944656d33a622bb963272429251aa82fa7878fe17224a8e574ee,8c503c07dc6dcdd904e948f14d270410c2fbd4d9796f8d9e08451dc34c7d4399,2eb279a724955c1a9d173681940490ec9cc8ed4fdc15a95533884a23d4ccdb4e,,,full,0.2,True
REIM (ACT + Detector + Recovery),730,8000772,metaworld,True,52,0.24979364099999657,0,0,0,0,0.17140249907970428,task_success_while_recovery_active_per_intervention,True,False,,d75ebb995002fb98cb14e92cfe460628c3ecae2a4a646ce0011ecaa3bc68d083,8c503c07dc6dcdd904e948f14d270410c2fbd4d9796f8d9e08451dc34c7d4399,38329c6b97bbe7d133bf007c22742dca5f0cd7258f8d7199135c6c2371ae591d,,,full,0.2,True
REIM (ACT + Detector + Recovery),731,8000773,metaworld,True,57,0.11940953399971477,1,1,1,49,0.3146025240421295,task_success_while_recovery_active_per_intervention,True,False,,8b18b44a58927efff0883a85eee36df9acdebae2284c068cef22c61ffbabf5ac,8c503c07dc6dcdd904e948f14d270410c2fbd4d9796f8d9e08451dc34c7d4399,aba21ef1c98d0573e36116c9757115227fd3793cba96aea7eda95c2547314ca3,,,full,0.2,True
REIM (ACT + Detector + Recovery),732,8000774,metaworld,False,200,0.5113097889989149,1,0,1,139,0.9993497729301453,task_success_while_recovery_active_per_intervention,False,True,object_dropped,a8b833b0cd91f9b8c24da1e887fd4c95c4a6f67f0a37d00091151451a384ab08,8c503c07dc6dcdd904e948f14d270410c2fbd4d9796f8d9e08451dc34c7d4399,7c3391ee418e26d47c002810bc00065e4dd0b6728c969d2338ad549ad01ebb0a,,,full,0.2,True
REIM (ACT + Detector + Recovery),733,8000775,metaworld,True,56,0.27153337400159216,0,0,0,0,0.11593087762594223,task_success_while_recovery_active_per_intervention,True,False,,1a643be80af3bb2bcbbb0eea8c457ce4fc19e44492e6a5b19865aed7c6fe05c1,8c503c07dc6dcdd904e948f14d270410c2fbd4d9796f8d9e08451dc34c7d4399,f6a9ed9055e00c868d6771022c2c557a6a48990bdacbed585d07cde857d4755a,,,full,0.2,True
REIM (ACT + Detector + Recovery),734,8000776,metaworld,True,54,0.11200974600069458,1,1,1,47,0.5149390697479248,task_success_while_recovery_active_per_intervention,True,False,,558e7034bce04f67b0c10d75aa7c3b310c1b415982ef2560116b741157a7fc75,8c503c07dc6dcdd904e948f14d270410c2fbd4d9796f8d9e08451dc34c7d4399,bb2c6b1aed959fa3ddddb1c215ce67cbb5b0ec080eb65fb58e06b7776849a096,,,full,0.2,True
REIM (ACT + Detector + Recovery),735,8000777,metaworld,True,48,0.23557462899771053,0,0,0,0,0.19417399168014526,task_success_while_recovery_active_per_intervention,True,False,,ef99449e962c5cc2aa0abc2a889562c481a110516bdfae1a3905882cc2cae2ce,8c503c07dc6dcdd904e948f14d270410c2fbd4d9796f8d9e08451dc34c7d4399,e6e55bdbd77dc052facbc072d20b08a21d116978c37627b9a3d9dc7989dfbe62,,,full,0.2,True
REIM (ACT + Detector + Recovery),736,8000778,metaworld,True,59,0.13193502699868986,1,1,1,50,0.2640872001647949,task_success_while_recovery_active_per_intervention,True,False,,0323226805d11267012ebbaaa8804544b5adf52a9c8694fe9cb22e16f0c3d52f,8c503c07dc6dcdd904e948f14d270410c2fbd4d9796f8d9e08451dc34c7d4399,39001749c902e2ab9d015efb8c7644faffff99810b709d3203dc359d5eacdcbd,,,full,0.2,True
REIM (ACT + Detector + Recovery),737,8000779,metaworld,True,52,0.13923448700006702,1,1,1,37,0.25379934906959534,task_success_while_recovery_active_per_intervention,True,False,,f44f47aebae209b4fdd9c1d9f70f74949c9c00cfb4e8b55734412b310251e9e0,8c503c07dc6dcdd904e948f14d270410c2fbd4d9796f8d9e08451dc34c7d4399,08a97a6dfa17f78b5cc5b1351d60038e4a40a68fc93722672482714333b1d9b5,,,full,0.2,True
REIM (ACT + Detector + Recovery),738,8000780,metaworld,True,56,0.17435301000296022,1,1,1,32,0.2531050145626068,task_success_while_recovery_active_per_intervention,True,False,,07990b1438253d29868f500ddf56ec87f148b4f4501a279d27e3bc882081334f,8c503c07dc6dcdd904e948f14d270410c2fbd4d9796f8d9e08451dc34c7d4399,2eb279a724955c1a9d173681940490ec9cc8ed4fdc15a95533884a23d4ccdb4e,,,full,0.2,True
REIM (ACT + Detector + Recovery),739,8000781,metaworld,True,53,0.11477807499977644,1,1,1,46,0.3675093948841095,task_success_while_recovery_active_per_intervention,True,False,,3d6e2f78b0cc1a62b4445c0dda9296152a49a8aa3ca214d5b036a29aad8d7468,8c503c07dc6dcdd904e948f14d270410c2fbd4d9796f8d9e08451dc34c7d4399,bb2c6b1aed959fa3ddddb1c215ce67cbb5b0ec080eb65fb58e06b7776849a096,,,full,0.2,True
REIM (ACT + Detector + Recovery),740,8000782,metaworld,True,47,0.10654673500175704,1,1,1,39,0.39909085631370544,task_success_while_recovery_active_per_intervention,True,False,,f76b3141075e12de3bdb0fb9a5d4e177d1696a768deb639f1be8942462b57ab9,8c503c07dc6dcdd904e948f14d270410c2fbd4d9796f8d9e08451dc34c7d4399,20cf3cfee33051ea4ca25b64648f05450b0068ae0136ae52c3108d28b02f3691,,,full,0.2,True
REIM (ACT + Detector + Recovery),741,8000783,metaworld,False,200,0.5052081950016145,1,0,1,150,0.9939007759094238,task_success_while_recovery_active_per_intervention,False,True,timeout,7236d204907430bcea8810e7c6761e3fc0dbba985941ac15586e45b2e688ac1e,8c503c07dc6dcdd904e948f14d270410c2fbd4d9796f8d9e08451dc34c7d4399,5d73f28d4d24cdbcb36a5e5cd61ec1a82f7287ce56d88da8cea912ed757b164c,,,full,0.2,True
REIM (ACT + Detector + Recovery),742,8000784,metaworld,True,53,0.1313291010010289,1,1,1,40,0.23615118861198425,task_success_while_recovery_active_per_intervention,True,False,,89a0bf1ae9dc62c18286d85ed1025ef7e7a187740ce910c810d8eb70fb04fac6,8c503c07dc6dcdd904e948f14d270410c2fbd4d9796f8d9e08451dc34c7d4399,15a9adece7ebea14bdf37f5376e274c6dce4711281025cf35060933ba9ab8ad3,,,full,0.2,True
REIM (ACT + Detector + Recovery),743,8000785,metaworld,False,200,0.5074129610002274,1,0,1,148,0.9912278652191162,task_success_while_recovery_active_per_intervention,False,True,object_dropped,888ef395ab056a229e636cfc6ace1c98c2902669d9cf2291c8cc17aedf940c92,8c503c07dc6dcdd904e948f14d270410c2fbd4d9796f8d9e08451dc34c7d4399,06d355d7aff3b944ab4199c02a94c63d062e5c414c0b195f7b232b607e0ab1ed,,,full,0.2,True
REIM (ACT + Detector + Recovery),744,8000786,metaworld,False,200,0.5042208850027237,1,0,1,150,0.9968921542167664,task_success_while_recovery_active_per_intervention,False,True,timeout,a491863eb527973b1836fd4c96d2a68191b4cf148bc7461df5a89c3a23023240,8c503c07dc6dcdd904e948f14d270410c2fbd4d9796f8d9e08451dc34c7d4399,8a99d46d6d04afe3e2ef92bb607dde5e178b5c37506006c4f364e345976453b1,,,full,0.2,True
REIM (ACT + Detector + Recovery),745,8000787,metaworld,True,62,0.14028852800038294,1,1,1,52,0.24751383066177368,task_success_while_recovery_active_per_intervention,True,False,,2c3094325bd65d9cafd80f4e06d7cd66dfe6ae2dadf911e4f8ef3b0c61fb3d3e,8c503c07dc6dcdd904e948f14d270410c2fbd4d9796f8d9e08451dc34c7d4399,39001749c902e2ab9d015efb8c7644faffff99810b709d3203dc359d5eacdcbd,,,full,0.2,True
REIM (ACT + Detector + Recovery),746,8000788,metaworld,True,54,0.26946589300132473,0,0,0,0,0.10034302622079849,task_success_while_recovery_active_per_intervention,True,False,,149995a63e5308056bc0f088a4d7bb91764c79a2301726cbb0343ea194a60165,8c503c07dc6dcdd904e948f14d270410c2fbd4d9796f8d9e08451dc34c7d4399,742509487aeb71d366f1ddafa1cb12db2f7cfefe17c4ca89c98cffb67c1c8619,,,full,0.2,True
REIM (ACT + Detector + Recovery),747,8000789,metaworld,True,55,0.278300780999416,0,0,0,0,0.18796516954898834,task_success_while_recovery_active_per_intervention,True,False,,4bad701592642487d093a7e3c2a35ad316ba79bd3359f6374aedd9405ccc3e6f,8c503c07dc6dcdd904e948f14d270410c2fbd4d9796f8d9e08451dc34c7d4399,588df85fb38ef87f822932ad2f702be807974873e4a07ea43084bbdeeaac6604,,,full,0.2,True
REIM (ACT + Detector + Recovery),748,8000790,metaworld,True,57,0.30786553700090735,0,0,0,0,0.12011773884296417,task_success_while_recovery_active_per_intervention,True,False,,3a039055ff8db020182a01217704fb945a483114344b72c1f13b064ee4dcfc1a,8c503c07dc6dcdd904e948f14d270410c2fbd4d9796f8d9e08451dc34c7d4399,524e161a612d94c222d06154bcd0129d0851b8fad51ae883abbef6e86d43cbb0,,,full,0.2,True
REIM (ACT + Detector + Recovery),749,8000791,metaworld,True,54,0.12471808199916268,1,1,1,46,0.3517211079597473,task_success_while_recovery_active_per_intervention,True,False,,0a661c14822516d80a7f7d07d52361e3d3053cf0f4dd41c8fff605854497ca24,8c503c07dc6dcdd904e948f14d270410c2fbd4d9796f8d9e08451dc34c7d4399,35203d16cfa98b5f2e002fcb1ffde2400abf9459c161f6a289efa0c46eddb36f,,,full,0.2,True
REIM (ACT + Detector + Recovery),750,8000792,metaworld,False,200,0.5426981739983603,1,0,1,144,0.9969367980957031,task_success_while_recovery_active_per_intervention,False,True,object_dropped,b31ae7582a00aad7f5d0e1c9aad6158eb89c30ee3d7dac6850a1918138da90e9,8c503c07dc6dcdd904e948f14d270410c2fbd4d9796f8d9e08451dc34c7d4399,71488b32995fa40c6ec3f77f6bcd912b1929aef29d90a66307ad46cd584acf29,,,full,0.2,True
REIM (ACT + Detector + Recovery),751,8000793,metaworld,True,50,0.177861865999148,1,1,1,25,0.20569907128810883,task_success_while_recovery_active_per_intervention,True,False,,c7efb61cdaa8c25a379b158dd4ecd93ac83ab7ddb19d05d355db3f59da3eabab,8c503c07dc6dcdd904e948f14d270410c2fbd4d9796f8d9e08451dc34c7d4399,08a97a6dfa17f78b5cc5b1351d60038e4a40a68fc93722672482714333b1d9b5,,,full,0.2,True
REIM (ACT + Detector + Recovery),752,8000794,metaworld,True,57,0.13719987500007846,1,1,1,48,0.3565261960029602,task_success_while_recovery_active_per_intervention,True,False,,93b4cb4d0d53d6678ccdc07d574577dd5213b1aa8a53a7b96037f3c879a46dbb,8c503c07dc6dcdd904e948f14d270410c2fbd4d9796f8d9e08451dc34c7d4399,588df85fb38ef87f822932ad2f702be807974873e4a07ea43084bbdeeaac6604,,,full,0.2,True
REIM (ACT + Detector + Recovery),753,8000795,metaworld,True,48,0.2466090730013093,0,0,0,0,0.19457325339317322,task_success_while_recovery_active_per_intervention,True,False,,8f498ff9bb09746908c62f70ab4080ebeac140aa5a02471cd1730ae89c3465aa,8c503c07dc6dcdd904e948f14d270410c2fbd4d9796f8d9e08451dc34c7d4399,e6e55bdbd77dc052facbc072d20b08a21d116978c37627b9a3d9dc7989dfbe62,,,full,0.2,True
REIM (ACT + Detector + Recovery),754,8000796,metaworld,True,51,0.16494679400057066,1,1,1,30,0.22201937437057495,task_success_while_recovery_active_per_intervention,True,False,,23e0dca1ed164b2dcdd4fdabd27d4e932549a94f74339ee499ac276dffd5b88f,8c503c07dc6dcdd904e948f14d270410c2fbd4d9796f8d9e08451dc34c7d4399,aa1f17aacdf569c3a2930a2ebbf742ff43f8d3acfc772731a5c344cabcd52570,,,full,0.2,True
REIM (ACT + Detector + Recovery),755,8000797,metaworld,True,52,0.15558119399793213,1,1,1,33,0.30637484788894653,task_success_while_recovery_active_per_intervention,True,False,,ba7e6b32b58e637f6645bd72b8bd45852fd2d05cb136d524c76b56a7c95cd345,8c503c07dc6dcdd904e948f14d270410c2fbd4d9796f8d9e08451dc34c7d4399,342b72dafe0e47ecf8a937cb01e62ac02c2d77bf93dafca59574cbbbfc4ad77b,,,full,0.2,True
REIM (ACT + Detector + Recovery),756,8000798,metaworld,True,57,0.28972212100052275,0,0,0,0,0.11491548269987106,task_success_while_recovery_active_per_intervention,True,False,,4e0c9f755ee4be0490d62f686b554b38ec7525538d1addc90af646af4d1a8cde,8c503c07dc6dcdd904e948f14d270410c2fbd4d9796f8d9e08451dc34c7d4399,f6a9ed9055e00c868d6771022c2c557a6a48990bdacbed585d07cde857d4755a,,,full,0.2,True
REIM (ACT + Detector + Recovery),757,8000799,metaworld,True,56,0.28706533400327316,0,0,0,0,0.17372480034828186,task_success_while_recovery_active_per_intervention,True,False,,a483e46a9937e93aa9ce2cac53579da65a65ece52a897ebb384472ec51de1887,8c503c07dc6dcdd904e948f14d270410c2fbd4d9796f8d9e08451dc34c7d4399,6cb8d983459a8e57d4ae53a86da2394015cabba2d7c306dcaf7b14af979ca230,,,full,0.2,True
REIM (ACT + Detector + Recovery),758,8000800,metaworld,True,58,0.30929743999877246,0,0,0,0,0.15287506580352783,task_success_while_recovery_active_per_intervention,True,False,,318cca8810fce686e523f9cf23f03dfba22f8b6877595a373148496c93120a1f,8c503c07dc6dcdd904e948f14d270410c2fbd4d9796f8d9e08451dc34c7d4399,3183afb500ebb9a5af177cccb5b5889a8321eb35261f8ec571269f8b5ed9cd1a,,,full,0.2,True
REIM (ACT + Detector + Recovery),759,8000801,metaworld,True,48,0.25671627200063085,0,0,0,0,0.1737385243177414,task_success_while_recovery_active_per_intervention,True,False,,4975e424f8c41aa17c5973ef04ecdb76f3c3b423908dc869459cd2c80d363b9b,8c503c07dc6dcdd904e948f14d270410c2fbd4d9796f8d9e08451dc34c7d4399,e6e55bdbd77dc052facbc072d20b08a21d116978c37627b9a3d9dc7989dfbe62,,,full,0.2,True
REIM (ACT + Detector + Recovery),760,8000802,metaworld,True,54,0.16258438899967587,1,1,1,35,0.26364952325820923,task_success_while_recovery_active_per_intervention,True,False,,ebed10eff94f3a56f8987f99b380da3609b22fc1eec14e2704887ab4d2961f5d,8c503c07dc6dcdd904e948f14d270410c2fbd4d9796f8d9e08451dc34c7d4399,2eb279a724955c1a9d173681940490ec9cc8ed4fdc15a95533884a23d4ccdb4e,,,full,0.2,True
REIM (ACT + Detector + Recovery),761,8000803,metaworld,True,48,0.1648453990019334,1,1,1,26,0.23077569901943207,task_success_while_recovery_active_per_intervention,True,False,,4b2cea65e83018ea5b194a9537782c48935a149e9c75c9668f18551f1524b71e,8c503c07dc6dcdd904e948f14d270410c2fbd4d9796f8d9e08451dc34c7d4399,e6e55bdbd77dc052facbc072d20b08a21d116978c37627b9a3d9dc7989dfbe62,,,full,0.2,True
REIM (ACT + Detector + Recovery),762,8000804,metaworld,True,55,0.2814848560010432,0,0,0,0,0.16219283640384674,task_success_while_recovery_active_per_intervention,True,False,,cc16580c84f26aabd40e4d3a45bfb9dfc90a6379b9b470f49c45449d10a5c91d,8c503c07dc6dcdd904e948f14d270410c2fbd4d9796f8d9e08451dc34c7d4399,524e161a612d94c222d06154bcd0129d0851b8fad51ae883abbef6e86d43cbb0,,,full,0.2,True
REIM (ACT + Detector + Recovery),763,8000805,metaworld,True,56,0.16044523600066896,1,1,1,39,0.2053854763507843,task_success_while_recovery_active_per_intervention,True,False,,e194f5852824571dcbcaafc25a5810de65664a526e5ffae839a4ffbbc9d1a015,8c503c07dc6dcdd904e948f14d270410c2fbd4d9796f8d9e08451dc34c7d4399,588df85fb38ef87f822932ad2f702be807974873e4a07ea43084bbdeeaac6604,,,full,0.2,True
REIM (ACT + Detector + Recovery),764,8000806,metaworld,True,66,0.3710573390017089,0,0,0,0,0.16566996276378632,task_success_while_recovery_active_per_intervention,True,False,,f9ed20d751bd477706680d50a04bc48019989c756a4a2cc782fd91db964a1dbc,8c503c07dc6dcdd904e948f14d270410c2fbd4d9796f8d9e08451dc34c7d4399,1c856fdcb5da12c3fa2d15b38741aa980fa3a47e64fb99f8635817590128f9ea,,,full,0.2,True
REIM (ACT + Detector + Recovery),765,8000807,metaworld,True,57,0.1272416259998863,1,1,1,49,0.412742555141449,task_success_while_recovery_active_per_intervention,True,False,,3dc76e9eef30c5afaa5efec7c19e3085625eddea4a2ecaa8edb47b135dcb3d00,8c503c07dc6dcdd904e948f14d270410c2fbd4d9796f8d9e08451dc34c7d4399,aba21ef1c98d0573e36116c9757115227fd3793cba96aea7eda95c2547314ca3,,,full,0.2,True
REIM (ACT + Detector + Recovery),766,8000808,metaworld,True,58,0.15180406000217772,1,1,1,44,0.20100532472133636,task_success_while_recovery_active_per_intervention,True,False,,dfeb9cc0a7609390332982c27f80cd91d1d756f4b295e2ba0ad1106301171e81,8c503c07dc6dcdd904e948f14d270410c2fbd4d9796f8d9e08451dc34c7d4399,0f719f94ef165c0b816b8b10c3f4f5fcf802c9f5a25141035590310315749280,,,full,0.2,True
REIM (ACT + Detector + Recovery),767,8000809,metaworld,False,200,0.5609893319997354,1,0,1,147,0.981744110584259,task_success_while_recovery_active_per_intervention,False,True,object_dropped,7d1287562dd457107a9926fd0127c4b538d4639df7164da3ec30d0fdb9225b05,8c503c07dc6dcdd904e948f14d270410c2fbd4d9796f8d9e08451dc34c7d4399,6943489118fc060756e24fd47685e2c10173293d54af0af7e8afa9e287c9c5f1,,,full,0.2,True
REIM (ACT + Detector + Recovery),768,8000810,metaworld,True,52,0.15847747899897513,1,1,1,37,0.25033143162727356,task_success_while_recovery_active_per_intervention,True,False,,113348605d999046f3abf4135075bfc4c90af9f7503c3e3b46196caca8bea23a,8c503c07dc6dcdd904e948f14d270410c2fbd4d9796f8d9e08451dc34c7d4399,08a97a6dfa17f78b5cc5b1351d60038e4a40a68fc93722672482714333b1d9b5,,,full,0.2,True
REIM (ACT + Detector + Recovery),769,8000811,metaworld,True,55,0.31928795099884155,0,0,0,0,0.11823952198028564,task_success_while_recovery_active_per_intervention,True,False,,a218c20702dbae1fd9dd12ca25e82ccec13482d80f852595b2f6f9dfb32f8665,8c503c07dc6dcdd904e948f14d270410c2fbd4d9796f8d9e08451dc34c7d4399,48ce9609a38b32e56f7e6a43ffef71c21c8b1d17ed5a63d47701bc1dfc3ff271,,,full,0.2,True
REIM (ACT + Detector + Recovery),770,8000812,metaworld,False,200,0.5449172900007397,1,0,1,150,0.9972153902053833,task_success_while_recovery_active_per_intervention,False,True,timeout,e92b9368c1d5a7bf2a522f2678f4d349cb163d85bf2caa1db36918a5f10fc8ba,8c503c07dc6dcdd904e948f14d270410c2fbd4d9796f8d9e08451dc34c7d4399,48ce9609a38b32e56f7e6a43ffef71c21c8b1d17ed5a63d47701bc1dfc3ff271,,,full,0.2,True
REIM (ACT + Detector + Recovery),771,8000813,metaworld,True,59,0.30464226999902166,0,0,0,0,0.10934329032897949,task_success_while_recovery_active_per_intervention,True,False,,886086f28e5ad747886e48d71809427845390ba64d72f9cbebc4a11d49535a5d,8c503c07dc6dcdd904e948f14d270410c2fbd4d9796f8d9e08451dc34c7d4399,e216352c7f1c7392270c7c501bb599f2a46f420613a124fda0729ab88160cdf2,,,full,0.2,True
REIM (ACT + Detector + Recovery),772,8000814,metaworld,True,57,0.13570434500070405,1,1,1,46,0.37767401337623596,task_success_while_recovery_active_per_intervention,True,False,,1e6154f14514a80e6531d7426c7216f6cc79ad821732381a2489312418dae325,8c503c07dc6dcdd904e948f14d270410c2fbd4d9796f8d9e08451dc34c7d4399,08a97a6dfa17f78b5cc5b1351d60038e4a40a68fc93722672482714333b1d9b5,,,full,0.2,True
REIM (ACT + Detector + Recovery),773,8000815,metaworld,True,56,0.14361370100232307,1,1,1,41,0.2601248025894165,task_success_while_recovery_active_per_intervention,True,False,,b6d7844eb3a5f6b1f2c3e73b5a5115b0efa90a01574afae4e16a96f2998fd6c3,8c503c07dc6dcdd904e948f14d270410c2fbd4d9796f8d9e08451dc34c7d4399,342b72dafe0e47ecf8a937cb01e62ac02c2d77bf93dafca59574cbbbfc4ad77b,,,full,0.2,True
REIM (ACT + Detector + Recovery),774,8000816,metaworld,True,61,0.30884727199736517,0,0,0,0,0.16166555881500244,task_success_while_recovery_active_per_intervention,True,False,,3c4ddb5b2e3252ea5a6a7454ac4b8cb846c378ad7390149707e085129503dca7,8c503c07dc6dcdd904e948f14d270410c2fbd4d9796f8d9e08451dc34c7d4399,1c856fdcb5da12c3fa2d15b38741aa980fa3a47e64fb99f8635817590128f9ea,,,full,0.2,True
REIM (ACT + Detector + Recovery),775,8000817,metaworld,True,47,0.23543022599915275,0,0,0,0,0.1710175722837448,task_success_while_recovery_active_per_intervention,True,False,,792b29bb17245d37c7004a459781b50a51e3754827b9a45e780a9580c1a73f5f,8c503c07dc6dcdd904e948f14d270410c2fbd4d9796f8d9e08451dc34c7d4399,e6e55bdbd77dc052facbc072d20b08a21d116978c37627b9a3d9dc7989dfbe62,,,full,0.2,True
REIM (ACT + Detector + Recovery),776,8000818,metaworld,True,58,0.13823222900100518,1,1,1,46,0.3250977098941803,task_success_while_recovery_active_per_intervention,True,False,,826a8b91016c41deadfd6c05929281d788a6afaca983abf98c8baa2e72c56b7d,8c503c07dc6dcdd904e948f14d270410c2fbd4d9796f8d9e08451dc34c7d4399,942fb6a87dc1e3eb7bf7bb111c97e7096138256b4a9a6b4c62a012fabe8bec38,,,full,0.2,True
REIM (ACT + Detector + Recovery),777,8000819,metaworld,False,200,0.5850240809995739,1,0,1,131,0.995643138885498,task_success_while_recovery_active_per_intervention,False,True,object_dropped,5f1482db5e289be0b23187079a9e4c46397e6bfd7627240e1b1e34085152780a,8c503c07dc6dcdd904e948f14d270410c2fbd4d9796f8d9e08451dc34c7d4399,5732f26a5a3acd61cb38107328c80d8fadad8368570aba69b803668406e8f53d,,,full,0.2,True
REIM (ACT + Detector + Recovery),778,8000820,metaworld,True,59,0.3088966520008398,0,0,0,0,0.17804618179798126,task_success_while_recovery_active_per_intervention,True,False,,28ffdbb9896af26352c26f184dc0b002927e00708eb40c5248fb083502e6f625,8c503c07dc6dcdd904e948f14d270410c2fbd4d9796f8d9e08451dc34c7d4399,06d355d7aff3b944ab4199c02a94c63d062e5c414c0b195f7b232b607e0ab1ed,,,full,0.2,True
REIM (ACT + Detector + Recovery),779,8000821,metaworld,True,51,0.2673508949992538,0,0,0,0,0.19449429214000702,task_success_while_recovery_active_per_intervention,True,False,,472f93f6ee21c4cd99b9717451681ce57642c00fc856b05b0af1a60b8fc55637,8c503c07dc6dcdd904e948f14d270410c2fbd4d9796f8d9e08451dc34c7d4399,5e1df472084de78052388a34f03cad3de438ca9b5dc801b5759dd57c66a7482a,,,full,0.2,True
REIM (ACT + Detector + Recovery),780,8000822,metaworld,True,56,0.1731679599979543,1,1,1,35,0.3151088356971741,task_success_while_recovery_active_per_intervention,True,False,,231d15e68d48fcdee269c5707342b2e8151e6672d113ab31afcff494c4ff1802,8c503c07dc6dcdd904e948f14d270410c2fbd4d9796f8d9e08451dc34c7d4399,942fb6a87dc1e3eb7bf7bb111c97e7096138256b4a9a6b4c62a012fabe8bec38,,,full,0.2,True
REIM (ACT + Detector + Recovery),781,8000823,metaworld,False,200,0.5407030980022682,1,0,1,142,0.9974226951599121,task_success_while_recovery_active_per_intervention,False,True,object_dropped,cac2f7c3c6a59d0d24ab26fed2ba6bb41e68d50807f7bcbd4d49a78f2dcd627c,8c503c07dc6dcdd904e948f14d270410c2fbd4d9796f8d9e08451dc34c7d4399,6338b57c8983138382fa5c9ee7bb2d2c200be44368697f7ffa8216ea26ddccaf,,,full,0.2,True
REIM (ACT + Detector + Recovery),782,8000824,metaworld,True,49,0.12902047299940023,1,1,1,36,0.23274829983711243,task_success_while_recovery_active_per_intervention,True,False,,5e2efb18d5cd72b595601959e116bd542b09afec1b16281d285ab45acddec824,8c503c07dc6dcdd904e948f14d270410c2fbd4d9796f8d9e08451dc34c7d4399,20cf3cfee33051ea4ca25b64648f05450b0068ae0136ae52c3108d28b02f3691,,,full,0.2,True
REIM (ACT + Detector + Recovery),783,8000825,metaworld,False,200,0.5213474240008509,1,0,1,150,0.9916858077049255,task_success_while_recovery_active_per_intervention,False,True,timeout,09d7772b80fedc80c9c2773ecfc79ed219750563757a137778d9d8f8abbe6ec7,8c503c07dc6dcdd904e948f14d270410c2fbd4d9796f8d9e08451dc34c7d4399,7c3391ee418e26d47c002810bc00065e4dd0b6728c969d2338ad549ad01ebb0a,,,full,0.2,True
REIM (ACT + Detector + Recovery),784,8000826,metaworld,True,55,0.14084273099797429,1,1,1,41,0.258418470621109,task_success_while_recovery_active_per_intervention,True,False,,5bda6f304aa2b767484a7cf23c619660771aebcca5e992253b327d4e0b7b5de0,8c503c07dc6dcdd904e948f14d270410c2fbd4d9796f8d9e08451dc34c7d4399,342b72dafe0e47ecf8a937cb01e62ac02c2d77bf93dafca59574cbbbfc4ad77b,,,full,0.2,True
REIM (ACT + Detector + Recovery),785,8000827,metaworld,True,57,0.2929505940010131,0,0,0,0,0.19226808845996857,task_success_while_recovery_active_per_intervention,True,False,,cb991eff92e331ef191d16421bc3fff2e6f6ea1a212f444f015d053bc4c57c5b,8c503c07dc6dcdd904e948f14d270410c2fbd4d9796f8d9e08451dc34c7d4399,64ee837add19202e84553431fdab118462cf5265eeae19a4d044b5a6818f771d,,,full,0.2,True
REIM (ACT + Detector + Recovery),786,8000828,metaworld,False,200,0.5578718949982431,1,0,1,139,0.9868844747543335,task_success_while_recovery_active_per_intervention,False,True,timeout,5d00bc89323f862d8feef1c5af11064ad8d90ff5516a19e9fda9ce4202c14e2f,8c503c07dc6dcdd904e948f14d270410c2fbd4d9796f8d9e08451dc34c7d4399,6943489118fc060756e24fd47685e2c10173293d54af0af7e8afa9e287c9c5f1,,,full,0.2,True
REIM (ACT + Detector + Recovery),787,8000829,metaworld,True,51,0.14362368900037836,1,1,1,36,0.33971619606018066,task_success_while_recovery_active_per_intervention,True,False,,f920d5e43c3548bfcab174645a9863b6129e0073da26a0b3e85f0a23a144d1d5,8c503c07dc6dcdd904e948f14d270410c2fbd4d9796f8d9e08451dc34c7d4399,e6e55bdbd77dc052facbc072d20b08a21d116978c37627b9a3d9dc7989dfbe62,,,full,0.2,True
REIM (ACT + Detector + Recovery),788,8000830,metaworld,True,64,0.14886510599899339,1,1,1,55,0.26117292046546936,task_success_while_recovery_active_per_intervention,True,False,,5f7580e2ecb41ad9dc1a480a687cf77c956ce8f11c5640928547fad879242b88,8c503c07dc6dcdd904e948f14d270410c2fbd4d9796f8d9e08451dc34c7d4399,a8cfe6e2276fbd15230c5555255b87d17333bdd29f84f687df7405d0311fae7f,,,full,0.2,True
REIM (ACT + Detector + Recovery),789,8000831,metaworld,True,51,0.2646211069986748,0,0,0,0,0.19625060260295868,task_success_while_recovery_active_per_intervention,True,False,,c53816e5059737c6346665dafb2b92593a5d4bb9a5a5a0066c131fd8f16ac6ed,8c503c07dc6dcdd904e948f14d270410c2fbd4d9796f8d9e08451dc34c7d4399,cea0b9105255f82e0ee99bfb3998a6edce02b446d4b14afb0747282cd18aa202,,,full,0.2,True
REIM (ACT + Detector + Recovery),790,8000832,metaworld,True,60,0.15494768599819508,1,1,1,45,0.2183307558298111,task_success_while_recovery_active_per_intervention,True,False,,a027ef7d1a80877c7140fb1ad5686146da0c35c7dc1c162f60fde0219f1fd798,8c503c07dc6dcdd904e948f14d270410c2fbd4d9796f8d9e08451dc34c7d4399,f82ceac6f8787ac22c378edc1f141cedcc86bf9309b43f1aff6633ae0a963abb,,,full,0.2,True
REIM (ACT + Detector + Recovery),791,8000833,metaworld,False,200,0.551981707001687,1,0,1,139,0.9974332451820374,task_success_while_recovery_active_per_intervention,False,True,timeout,90d8ff1e5c3f29b4ca23c187df551db837283cdcdf838b8b30d4df36fdaf34fb,8c503c07dc6dcdd904e948f14d270410c2fbd4d9796f8d9e08451dc34c7d4399,0cda21f8ffacf0a1e40e7b0e858a8e2ddc276972106d4bced99d4404b4a13fd8,,,full,0.2,True
REIM (ACT + Detector + Recovery),792,8000834,metaworld,True,54,0.15380745899892645,1,1,1,36,0.2113807052373886,task_success_while_recovery_active_per_intervention,True,False,,3b363334bbb1e3d495f49e4c277fff56f84d90a1c077dedae5a41e9364a9e4f1,8c503c07dc6dcdd904e948f14d270410c2fbd4d9796f8d9e08451dc34c7d4399,38329c6b97bbe7d133bf007c22742dca5f0cd7258f8d7199135c6c2371ae591d,,,full,0.2,True
REIM (ACT + Detector + Recovery),793,8000835,metaworld,False,200,0.546086155998637,1,0,1,138,0.9980382323265076,task_success_while_recovery_active_per_intervention,False,True,timeout,6cecdf620be03b41d0eb4bc5e79c5636edcd410f9bf2b2b0145108e3481a49fe,8c503c07dc6dcdd904e948f14d270410c2fbd4d9796f8d9e08451dc34c7d4399,a0b103bf3e43f4aa92753185301eba5e2e31594285004b99f51a59b33bd2d620,,,full,0.2,True
REIM (ACT + Detector + Recovery),794,8000836,metaworld,True,55,0.28647777999867685,0,0,0,0,0.18195727467536926,task_success_while_recovery_active_per_intervention,True,False,,9b43b9299708fb52825867a3c75f95d829609d12f4b471ad68b728476021d17e,8c503c07dc6dcdd904e948f14d270410c2fbd4d9796f8d9e08451dc34c7d4399,6cb8d983459a8e57d4ae53a86da2394015cabba2d7c306dcaf7b14af979ca230,,,full,0.2,True
REIM (ACT + Detector + Recovery),795,8000837,metaworld,True,48,0.25783318400135613,0,0,0,0,0.19911189377307892,task_success_while_recovery_active_per_intervention,True,False,,fe5e707bec30f31290d7dd32709b39a3703da8e7e5d9b2c5bb183d3f5cbc2f87,8c503c07dc6dcdd904e948f14d270410c2fbd4d9796f8d9e08451dc34c7d4399,27e1ed8c670f23dae46752497e383610e58c248d638e3b9b707808a32ce33d4e,,,full,0.2,True
REIM (ACT + Detector + Recovery),796,8000838,metaworld,True,55,0.27447240200126544,0,0,0,0,0.14468485116958618,task_success_while_recovery_active_per_intervention,True,False,,e61f53e3ad1880c9d804ae6d912b311f9749d6be9870791192a5ce11552c67b4,8c503c07dc6dcdd904e948f14d270410c2fbd4d9796f8d9e08451dc34c7d4399,4e97203f8ce1a96cef19545d4c4c300d0de39e4f94bd1941cef7ebc3dd48be02,,,full,0.2,True
REIM (ACT + Detector + Recovery),797,8000839,metaworld,True,58,0.3028332930007309,0,0,0,0,0.19224227964878082,task_success_while_recovery_active_per_intervention,True,False,,f471ac93c1d6aafb393fb7cb5897dfbbfd80edd4e624a9fa2219a1f9f080fa48,8c503c07dc6dcdd904e948f14d270410c2fbd4d9796f8d9e08451dc34c7d4399,3183afb500ebb9a5af177cccb5b5889a8321eb35261f8ec571269f8b5ed9cd1a,,,full,0.2,True
REIM (ACT + Detector + Recovery),798,8000840,metaworld,True,54,0.2660140109983331,0,0,0,0,0.11492408812046051,task_success_while_recovery_active_per_intervention,True,False,,bd04c9b974384e9c2ef4452a367009ea224181cd24c0688fad7213918ad07160,8c503c07dc6dcdd904e948f14d270410c2fbd4d9796f8d9e08451dc34c7d4399,f6a9ed9055e00c868d6771022c2c557a6a48990bdacbed585d07cde857d4755a,,,full,0.2,True
REIM (ACT + Detector + Recovery),799,8000841,metaworld,True,59,0.13686368900016532,1,1,1,49,0.32749417424201965,task_success_while_recovery_active_per_intervention,True,False,,1a28a5291d4b01411236c79018ca818d21e52ee86a993dbdfad7027764589e2d,8c503c07dc6dcdd904e948f14d270410c2fbd4d9796f8d9e08451dc34c7d4399,38329c6b97bbe7d133bf007c22742dca5f0cd7258f8d7199135c6c2371ae591d,,,full,0.2,True
REIM (ACT + Detector + Recovery),800,8000842,metaworld,True,48,0.1398799960006727,1,1,1,31,0.23536962270736694,task_success_while_recovery_active_per_intervention,True,False,,b7c46dee019834c3b2f6350cfdbf2a3583369c55d02e3c984071c90eaa62b03c,8c503c07dc6dcdd904e948f14d270410c2fbd4d9796f8d9e08451dc34c7d4399,e6e55bdbd77dc052facbc072d20b08a21d116978c37627b9a3d9dc7989dfbe62,,,full,0.2,True
REIM (ACT + Detector + Recovery),801,8000843,metaworld,False,200,0.49930518499968457,1,0,1,150,0.9996246099472046,task_success_while_recovery_active_per_intervention,False,True,object_dropped,f69cc23e7126a7091d001b3929d14f1d3032d0d60c040abdc802dbc4ec192619,8c503c07dc6dcdd904e948f14d270410c2fbd4d9796f8d9e08451dc34c7d4399,f82ceac6f8787ac22c378edc1f141cedcc86bf9309b43f1aff6633ae0a963abb,,,full,0.2,True
REIM (ACT + Detector + Recovery),802,8000844,metaworld,False,200,0.5069702670007246,1,0,1,150,0.9994980096817017,task_success_while_recovery_active_per_intervention,False,True,object_dropped,ff7ab9200ff23391a6c9a4ff63744daab684713d32e1a8f23c9722b877f95dd9,8c503c07dc6dcdd904e948f14d270410c2fbd4d9796f8d9e08451dc34c7d4399,7c3391ee418e26d47c002810bc00065e4dd0b6728c969d2338ad549ad01ebb0a,,,full,0.2,True
REIM (ACT + Detector + Recovery),803,8000845,metaworld,True,58,0.19809964399973978,1,1,1,28,0.2503427267074585,task_success_while_recovery_active_per_intervention,True,False,,a0f3d200e95501655490046d407eaf62d7674cc89dc6f22d929d098ab2bf6849,8c503c07dc6dcdd904e948f14d270410c2fbd4d9796f8d9e08451dc34c7d4399,8a99d46d6d04afe3e2ef92bb607dde5e178b5c37506006c4f364e345976453b1,,,full,0.2,True
REIM (ACT + Detector + Recovery),804,8000846,metaworld,True,53,0.26550014699751046,0,0,0,0,0.19775831699371338,task_success_while_recovery_active_per_intervention,True,False,,87f9482c095be1520fcf52c6e32d4a257b001b479b1984f7eba47ccf2d58b6fa,8c503c07dc6dcdd904e948f14d270410c2fbd4d9796f8d9e08451dc34c7d4399,71488b32995fa40c6ec3f77f6bcd912b1929aef29d90a66307ad46cd584acf29,,,full,0.2,True
REIM (ACT + Detector + Recovery),805,8000847,metaworld,True,57,0.2862651329996879,0,0,0,0,0.1928064078092575,task_success_while_recovery_active_per_intervention,True,False,,706105f72315b28b5d3564e8d675ef9a64fc2eb1cdef0f3c9dd96b25de0397c0,8c503c07dc6dcdd904e948f14d270410c2fbd4d9796f8d9e08451dc34c7d4399,7c3391ee418e26d47c002810bc00065e4dd0b6728c969d2338ad549ad01ebb0a,,,full,0.2,True
REIM (ACT + Detector + Recovery),806,8000848,metaworld,True,55,0.11926720799965551,1,1,1,48,0.5008382797241211,task_success_while_recovery_active_per_intervention,True,False,,b434e06f0be0a96525e9b57d147c41cd229595451c4f5d2e90020fbb23213310,8c503c07dc6dcdd904e948f14d270410c2fbd4d9796f8d9e08451dc34c7d4399,bb2c6b1aed959fa3ddddb1c215ce67cbb5b0ec080eb65fb58e06b7776849a096,,,full,0.2,True
REIM (ACT + Detector + Recovery),807,8000849,metaworld,True,59,0.29425246399841853,0,0,0,0,0.18707430362701416,task_success_while_recovery_active_per_intervention,True,False,,44445e6b1c6cc80008112b33a4fbf989e713b03f0a90cb958a94e51a0fd7752c,8c503c07dc6dcdd904e948f14d270410c2fbd4d9796f8d9e08451dc34c7d4399,6cb8d983459a8e57d4ae53a86da2394015cabba2d7c306dcaf7b14af979ca230,,,full,0.2,True
REIM (ACT + Detector + Recovery),808,8000850,metaworld,True,55,0.14450856400071643,1,1,1,40,0.2640235126018524,task_success_while_recovery_active_per_intervention,True,False,,824778b67f665db123050f95dce5b2aa2d4d736b40a7d28eac18dbcdf795a755,8c503c07dc6dcdd904e948f14d270410c2fbd4d9796f8d9e08451dc34c7d4399,342b72dafe0e47ecf8a937cb01e62ac02c2d77bf93dafca59574cbbbfc4ad77b,,,full,0.2,True
REIM (ACT + Detector + Recovery),809,8000851,metaworld,True,48,0.16045756999665173,1,1,1,25,0.2465241402387619,task_success_while_recovery_active_per_intervention,True,False,,89fca2cdaf1bf91f96efb92ffc78a907587a3a4d8fae5a00bebfe31a707709be,8c503c07dc6dcdd904e948f14d270410c2fbd4d9796f8d9e08451dc34c7d4399,5d73f28d4d24cdbcb36a5e5cd61ec1a82f7287ce56d88da8cea912ed757b164c,,,full,0.2,True
REIM (ACT + Detector + Recovery),810,8000852,metaworld,True,54,0.28078330800053664,0,0,0,0,0.16798944771289825,task_success_while_recovery_active_per_intervention,True,False,,8b62806c60ee9be961d391c559779a09a225706b0e2f3643660407433252e5e2,8c503c07dc6dcdd904e948f14d270410c2fbd4d9796f8d9e08451dc34c7d4399,6943489118fc060756e24fd47685e2c10173293d54af0af7e8afa9e287c9c5f1,,,full,0.2,True
REIM (ACT + Detector + Recovery),811,8000853,metaworld,True,54,0.2785242030004156,0,0,0,0,0.16022969782352448,task_success_while_recovery_active_per_intervention,True,False,,2dcc59c89589cdf7e9ee31b3821257b889081fd21775eb88769ae7ef1d14ea98,8c503c07dc6dcdd904e948f14d270410c2fbd4d9796f8d9e08451dc34c7d4399,15a9adece7ebea14bdf37f5376e274c6dce4711281025cf35060933ba9ab8ad3,,,full,0.2,True
REIM (ACT + Detector + Recovery),812,8000854,metaworld,True,61,0.13847251900006086,1,1,1,53,0.45236897468566895,task_success_while_recovery_active_per_intervention,True,False,,8b8580180c79fef19427a270eaf691ed0c5e762122388726b3d512400fb134f6,8c503c07dc6dcdd904e948f14d270410c2fbd4d9796f8d9e08451dc34c7d4399,3183afb500ebb9a5af177cccb5b5889a8321eb35261f8ec571269f8b5ed9cd1a,,,full,0.2,True
REIM (ACT + Detector + Recovery),813,8000855,metaworld,True,54,0.1225130029997672,1,1,1,46,0.3460887372493744,task_success_while_recovery_active_per_intervention,True,False,,704a43b5620ca6cfc7344ce172e171f28a8564a926256b15a04fa5a52d5d80a1,8c503c07dc6dcdd904e948f14d270410c2fbd4d9796f8d9e08451dc34c7d4399,35aa26efb4a8651c1d8f46a573d3d4fea76add87b5c76a00531e1cea9ad04412,,,full,0.2,True
REIM (ACT + Detector + Recovery),814,8000856,metaworld,True,58,0.2945203509989369,0,0,0,0,0.16356946527957916,task_success_while_recovery_active_per_intervention,True,False,,e0fee9a81a0f9193e3a8367b1b21eae4f939acc78c7ee6515a23f85a3da945e6,8c503c07dc6dcdd904e948f14d270410c2fbd4d9796f8d9e08451dc34c7d4399,5732f26a5a3acd61cb38107328c80d8fadad8368570aba69b803668406e8f53d,,,full,0.2,True
REIM (ACT + Detector + Recovery),815,8000857,metaworld,False,200,0.5119455569983984,1,0,1,148,0.9991626739501953,task_success_while_recovery_active_per_intervention,False,True,object_dropped,30f3b89df72e8f8d4e3d334972939df8c8e14f405279f4eb9d2f3119a4f9fc95,8c503c07dc6dcdd904e948f14d270410c2fbd4d9796f8d9e08451dc34c7d4399,64ee837add19202e84553431fdab118462cf5265eeae19a4d044b5a6818f771d,,,full,0.2,True
REIM (ACT + Detector + Recovery),816,8000858,metaworld,False,200,0.5152704040010576,1,0,1,150,0.9850220084190369,task_success_while_recovery_active_per_intervention,False,True,timeout,e987ce7dd6be2c78267847938a75c1bae7159bed991c837bc0ba0511c600e593,8c503c07dc6dcdd904e948f14d270410c2fbd4d9796f8d9e08451dc34c7d4399,8a99d46d6d04afe3e2ef92bb607dde5e178b5c37506006c4f364e345976453b1,,,full,0.2,True
REIM (ACT + Detector + Recovery),817,8000859,metaworld,True,52,0.14657102699857205,1,1,1,36,0.3083842098712921,task_success_while_recovery_active_per_intervention,True,False,,f9d26acc81a67a26f332d64ff6e78bd36d47c964c24f859b99b10adae1984826,8c503c07dc6dcdd904e948f14d270410c2fbd4d9796f8d9e08451dc34c7d4399,aa1f17aacdf569c3a2930a2ebbf742ff43f8d3acfc772731a5c344cabcd52570,,,full,0.2,True
REIM (ACT + Detector + Recovery),818,8000860,metaworld,True,58,0.2914622040007089,0,0,0,0,0.18731525540351868,task_success_while_recovery_active_per_intervention,True,False,,be868859dafb5d8c613e06957e3d1c727ca55d51ff8ec5e209e9cf545dc82c64,8c503c07dc6dcdd904e948f14d270410c2fbd4d9796f8d9e08451dc34c7d4399,b8e45a2f8f553d53c6eef0305347f910b9999bcae6df6ccaf0eaee6ac864e670,,,full,0.2,True
REIM (ACT + Detector + Recovery),819,8000861,metaworld,True,51,0.1470941129991843,1,1,1,33,0.36090415716171265,task_success_while_recovery_active_per_intervention,True,False,,6077a2d90abdd696df9c2202bb8861487bee3abfa14b2e7eb5ebe073b0596dce,8c503c07dc6dcdd904e948f14d270410c2fbd4d9796f8d9e08451dc34c7d4399,504c23f653f6cdee9d659d9320b164606b319d4f0e9cdf0f3a87e2fc7a98160a,,,full,0.2,True
REIM (ACT + Detector + Recovery),820,8000862,metaworld,False,200,0.5189802389977558,1,0,1,150,0.9959269165992737,task_success_while_recovery_active_per_intervention,False,True,timeout,2382230e71fb2c69086e0da07b4d5533ea2cb616203a130b95f1127aebd4593d,8c503c07dc6dcdd904e948f14d270410c2fbd4d9796f8d9e08451dc34c7d4399,1c856fdcb5da12c3fa2d15b38741aa980fa3a47e64fb99f8635817590128f9ea,,,full,0.2,True
REIM (ACT + Detector + Recovery),821,8000863,metaworld,True,59,0.1658794230024796,1,1,1,42,0.2031880021095276,task_success_while_recovery_active_per_intervention,True,False,,4af5e243901e773fcb408fa519d8c2632cebd2fbf205f14333ab5aa20c3bc907,8c503c07dc6dcdd904e948f14d270410c2fbd4d9796f8d9e08451dc34c7d4399,588df85fb38ef87f822932ad2f702be807974873e4a07ea43084bbdeeaac6604,,,full,0.2,True
REIM (ACT + Detector + Recovery),822,8000864,metaworld,True,54,0.2759607670013793,0,0,0,0,0.1636718213558197,task_success_while_recovery_active_per_intervention,True,False,,c8fa57efb9fc2f92d274d3bf852ead4fdf77573c27b921a68eaaac9b1fbc6a2e,8c503c07dc6dcdd904e948f14d270410c2fbd4d9796f8d9e08451dc34c7d4399,0cda21f8ffacf0a1e40e7b0e858a8e2ddc276972106d4bced99d4404b4a13fd8,,,full,0.2,True
REIM (ACT + Detector + Recovery),823,8000865,metaworld,False,200,0.5382041599987133,1,0,1,150,0.9996182918548584,task_success_while_recovery_active_per_intervention,False,True,object_dropped,f3ecf4e67cdad0c1d3f94823489bb044253ed75832b9f706594a096bfcfe2774,8c503c07dc6dcdd904e948f14d270410c2fbd4d9796f8d9e08451dc34c7d4399,39001749c902e2ab9d015efb8c7644faffff99810b709d3203dc359d5eacdcbd,,,full,0.2,True
REIM (ACT + Detector + Recovery),824,8000866,metaworld,True,51,0.11412705999828177,1,1,1,43,0.3240802586078644,task_success_while_recovery_active_per_intervention,True,False,,4bafadfb86d28507f039b67a9ce62930565699dab48d24e6edc42e5647f71264,8c503c07dc6dcdd904e948f14d270410c2fbd4d9796f8d9e08451dc34c7d4399,bb2c6b1aed959fa3ddddb1c215ce67cbb5b0ec080eb65fb58e06b7776849a096,,,full,0.2,True
REIM (ACT + Detector + Recovery),825,8000867,metaworld,True,56,0.13318144799995935,1,1,1,47,0.4475845396518707,task_success_while_recovery_active_per_intervention,True,False,,c5c3ecc7942093b93e444085ff0bbf139dd942c54ff6a8c0a30a69a7c8c523ee,8c503c07dc6dcdd904e948f14d270410c2fbd4d9796f8d9e08451dc34c7d4399,35203d16cfa98b5f2e002fcb1ffde2400abf9459c161f6a289efa0c46eddb36f,,,full,0.2,True
REIM (ACT + Detector + Recovery),826,8000868,metaworld,False,200,0.5861568479995185,1,0,1,140,0.9961530566215515,task_success_while_recovery_active_per_intervention,False,True,timeout,b4bd64b956554091180df07adc9bdfff740a3818ed677886ec4ecd266901ac78,8c503c07dc6dcdd904e948f14d270410c2fbd4d9796f8d9e08451dc34c7d4399,5d73f28d4d24cdbcb36a5e5cd61ec1a82f7287ce56d88da8cea912ed757b164c,,,full,0.2,True
REIM (ACT + Detector + Recovery),827,8000869,metaworld,False,200,0.500070998998126,1,0,1,150,0.24473616480827332,task_success_while_recovery_active_per_intervention,False,True,timeout,9a637acc8875d904c9068af25a031addfffcfcf005db0445511a3b2d9532a059,8c503c07dc6dcdd904e948f14d270410c2fbd4d9796f8d9e08451dc34c7d4399,35aa26efb4a8651c1d8f46a573d3d4fea76add87b5c76a00531e1cea9ad04412,,,full,0.2,True
REIM (ACT + Detector + Recovery),828,8000870,metaworld,True,59,0.30658839799798443,0,0,0,0,0.11650357395410538,task_success_while_recovery_active_per_intervention,True,False,,f4f845eba701b8a558f7317f8820067b85627021382d40accb28cd467f6034cf,8c503c07dc6dcdd904e948f14d270410c2fbd4d9796f8d9e08451dc34c7d4399,a8cfe6e2276fbd15230c5555255b87d17333bdd29f84f687df7405d0311fae7f,,,full,0.2,True
REIM (ACT + Detector + Recovery),829,8000871,metaworld,True,57,0.17953761399985524,1,1,1,31,0.20916634798049927,task_success_while_recovery_active_per_intervention,True,False,,17050214b838d272bd4090f98a99f800fca0b2e0759b2c2b0da97e28541d97a3,8c503c07dc6dcdd904e948f14d270410c2fbd4d9796f8d9e08451dc34c7d4399,6cb8d983459a8e57d4ae53a86da2394015cabba2d7c306dcaf7b14af979ca230,,,full,0.2,True
REIM (ACT + Detector + Recovery),830,8000872,metaworld,True,58,0.28210167799988994,0,0,0,0,0.1306603103876114,task_success_while_recovery_active_per_intervention,True,False,,635131bf5e4d13003c81262276e175aef787a326f16ef520982c7206c1f1ac8d,8c503c07dc6dcdd904e948f14d270410c2fbd4d9796f8d9e08451dc34c7d4399,5732f26a5a3acd61cb38107328c80d8fadad8368570aba69b803668406e8f53d,,,full,0.2,True
REIM (ACT + Detector + Recovery),831,8000873,metaworld,True,54,0.11677141700056382,1,1,1,46,0.29420897364616394,task_success_while_recovery_active_per_intervention,True,False,,1fca7e0e1c6f122ad9f84e3b77b09023d1f00125a93780ed56a6ce1583340764,8c503c07dc6dcdd904e948f14d270410c2fbd4d9796f8d9e08451dc34c7d4399,56b7f182edcfeefa9301e1edd53d7f36e4418de7e6df1b54b0f0c298cde1b3cd,,,full,0.2,True
REIM (ACT + Detector + Recovery),832,8000874,metaworld,True,59,0.2923792530018545,0,0,0,0,0.19791923463344574,task_success_while_recovery_active_per_intervention,True,False,,ff8ae35d1c3b1151432988efc52443c9f0990f645063a083da61ce5f0b4360a9,8c503c07dc6dcdd904e948f14d270410c2fbd4d9796f8d9e08451dc34c7d4399,a0b103bf3e43f4aa92753185301eba5e2e31594285004b99f51a59b33bd2d620,,,full,0.2,True
REIM (ACT + Detector + Recovery),833,8000875,metaworld,True,54,0.13253307599734399,1,1,1,42,0.3131181597709656,task_success_while_recovery_active_per_intervention,True,False,,f195aa7bbb18aae5df438a2294093f4267040b7f9747e0075c304308e2049653,8c503c07dc6dcdd904e948f14d270410c2fbd4d9796f8d9e08451dc34c7d4399,08a97a6dfa17f78b5cc5b1351d60038e4a40a68fc93722672482714333b1d9b5,,,full,0.2,True
REIM (ACT + Detector + Recovery),834,8000876,metaworld,False,200,0.5042612670004019,1,0,1,150,0.9923135638237,task_success_while_recovery_active_per_intervention,False,True,object_dropped,fe9aee47ac911dffe1097edf0573ac0bd07cdfd9f63eacc0eef1a4f8c918f72a,8c503c07dc6dcdd904e948f14d270410c2fbd4d9796f8d9e08451dc34c7d4399,f6a9ed9055e00c868d6771022c2c557a6a48990bdacbed585d07cde857d4755a,,,full,0.2,True
REIM (ACT + Detector + Recovery),835,8000877,metaworld,True,55,0.14943944499827921,1,1,1,38,0.25698938965797424,task_success_while_recovery_active_per_intervention,True,False,,43de08e8f88c23efbb3e98cb57ce0f180dd435ac86ba1c51af24731db3278e0d,8c503c07dc6dcdd904e948f14d270410c2fbd4d9796f8d9e08451dc34c7d4399,942fb6a87dc1e3eb7bf7bb111c97e7096138256b4a9a6b4c62a012fabe8bec38,,,full,0.2,True
REIM (ACT + Detector + Recovery),836,8000878,metaworld,True,50,0.13330358200255432,1,1,1,35,0.30038121342658997,task_success_while_recovery_active_per_intervention,True,False,,5185d09a507c34ade224c0062c996edddf15b653bb1498f33ea44b1e5e342328,8c503c07dc6dcdd904e948f14d270410c2fbd4d9796f8d9e08451dc34c7d4399,504c23f653f6cdee9d659d9320b164606b319d4f0e9cdf0f3a87e2fc7a98160a,,,full,0.2,True
REIM (ACT + Detector + Recovery),837,8000879,metaworld,True,54,0.2584783880010946,0,0,0,0,0.1911824345588684,task_success_while_recovery_active_per_intervention,True,False,,d171d4a27307ff4bbbddd4a3d8dad68609e8957709633c282426bf7c70848165,8c503c07dc6dcdd904e948f14d270410c2fbd4d9796f8d9e08451dc34c7d4399,7c3391ee418e26d47c002810bc00065e4dd0b6728c969d2338ad549ad01ebb0a,,,full,0.2,True
REIM (ACT + Detector + Recovery),838,8000880,metaworld,True,53,0.1235953100003826,1,1,1,43,0.2135767936706543,task_success_while_recovery_active_per_intervention,True,False,,b00f6908e398eeb7cdeff4389c5b6a4add5a517229e92d2c99a32618827e925b,8c503c07dc6dcdd904e948f14d270410c2fbd4d9796f8d9e08451dc34c7d4399,35203d16cfa98b5f2e002fcb1ffde2400abf9459c161f6a289efa0c46eddb36f,,,full,0.2,True
REIM (ACT + Detector + Recovery),839,8000881,metaworld,True,57,0.3134253250027541,0,0,0,0,0.12852579355239868,task_success_while_recovery_active_per_intervention,True,False,,8f0a471dab2670a465bbbae03c9aeec6c297edd7ea253818e3be5678371592a7,8c503c07dc6dcdd904e948f14d270410c2fbd4d9796f8d9e08451dc34c7d4399,4e97203f8ce1a96cef19545d4c4c300d0de39e4f94bd1941cef7ebc3dd48be02,,,full,0.2,True
REIM (ACT + Detector + Recovery),840,8000882,metaworld,True,53,0.3003942969990021,0,0,0,0,0.1766326129436493,task_success_while_recovery_active_per_intervention,True,False,,be3a12be9b9745e76873200eecbe7b9923a2bf9cb2ff60e4f262d1aed1c1c05b,8c503c07dc6dcdd904e948f14d270410c2fbd4d9796f8d9e08451dc34c7d4399,38329c6b97bbe7d133bf007c22742dca5f0cd7258f8d7199135c6c2371ae591d,,,full,0.2,True
REIM (ACT + Detector + Recovery),841,8000883,metaworld,True,55,0.13206800500120153,1,1,1,46,0.4754786193370819,task_success_while_recovery_active_per_intervention,True,False,,0458332f5d92ffc5d3ffd92c765518ac244d51a6ec89e71bca396aff52b01312,8c503c07dc6dcdd904e948f14d270410c2fbd4d9796f8d9e08451dc34c7d4399,35aa26efb4a8651c1d8f46a573d3d4fea76add87b5c76a00531e1cea9ad04412,,,full,0.2,True
REIM (ACT + Detector + Recovery),842,8000884,metaworld,True,55,0.13902491500266478,1,1,1,39,0.20913952589035034,task_success_while_recovery_active_per_intervention,True,False,,38e41ef9541b0e7bfca91eb89c0152d2b0591723799408045d6ebe424a9def20,8c503c07dc6dcdd904e948f14d270410c2fbd4d9796f8d9e08451dc34c7d4399,38329c6b97bbe7d133bf007c22742dca5f0cd7258f8d7199135c6c2371ae591d,,,full,0.2,True
REIM (ACT + Detector + Recovery),843,8000885,metaworld,False,200,0.4559324900001229,1,0,1,150,0.9912534356117249,task_success_while_recovery_active_per_intervention,False,True,timeout,674c877d3a38602b7ef059e5f807e68bdeabd356a2f6d13cf8cac4c5fabcb307,8c503c07dc6dcdd904e948f14d270410c2fbd4d9796f8d9e08451dc34c7d4399,3183afb500ebb9a5af177cccb5b5889a8321eb35261f8ec571269f8b5ed9cd1a,,,full,0.2,True
REIM (ACT + Detector + Recovery),844,8000886,metaworld,True,49,0.10628165600064676,1,1,1,39,0.2828136384487152,task_success_while_recovery_active_per_intervention,True,False,,66145edf418f1b52cc69a3f97e30bcba895b5352bc3b54b7626262ff36457e58,8c503c07dc6dcdd904e948f14d270410c2fbd4d9796f8d9e08451dc34c7d4399,20cf3cfee33051ea4ca25b64648f05450b0068ae0136ae52c3108d28b02f3691,,,full,0.2,True
REIM (ACT + Detector + Recovery),845,8000887,metaworld,True,48,0.13704244100154028,1,1,1,29,0.22296042740345,task_success_while_recovery_active_per_intervention,True,False,,17b501cd74ab22e9e704f17343fd388ad3f1bc123e383e15d673c55b82e4a9d4,8c503c07dc6dcdd904e948f14d270410c2fbd4d9796f8d9e08451dc34c7d4399,cea0b9105255f82e0ee99bfb3998a6edce02b446d4b14afb0747282cd18aa202,,,full,0.2,True
REIM (ACT + Detector + Recovery),846,8000888,metaworld,True,57,0.26798326099742553,0,0,0,0,0.15669037401676178,task_success_while_recovery_active_per_intervention,True,False,,a7d45b843ceab50c65cdd78bacc69025c7fbfd553cc6225e2fa89bb1c83a6e0c,8c503c07dc6dcdd904e948f14d270410c2fbd4d9796f8d9e08451dc34c7d4399,0cda21f8ffacf0a1e40e7b0e858a8e2ddc276972106d4bced99d4404b4a13fd8,,,full,0.2,True
REIM (ACT + Detector + Recovery),847,8000889,metaworld,True,55,0.11307144400052493,1,1,1,47,0.41216346621513367,task_success_while_recovery_active_per_intervention,True,False,,ca9fa74a921c83620e14e30953205d89d86fda737901f20b5185a977b8c09e78,8c503c07dc6dcdd904e948f14d270410c2fbd4d9796f8d9e08451dc34c7d4399,35aa26efb4a8651c1d8f46a573d3d4fea76add87b5c76a00531e1cea9ad04412,,,full,0.2,True
REIM (ACT + Detector + Recovery),848,8000890,metaworld,True,51,0.23831942199831246,0,0,0,0,0.14449508488178253,task_success_while_recovery_active_per_intervention,True,False,,0e01b74738208d3a6458cb504b7978a33afd7608ba1aa27d5fd4f71721aac781,8c503c07dc6dcdd904e948f14d270410c2fbd4d9796f8d9e08451dc34c7d4399,5d73f28d4d24cdbcb36a5e5cd61ec1a82f7287ce56d88da8cea912ed757b164c,,,full,0.2,True
REIM (ACT + Detector + Recovery),849,8000891,metaworld,True,53,0.23832816399954027,0,0,0,0,0.17299383878707886,task_success_while_recovery_active_per_intervention,True,False,,31651fd3cc63438ad5fcd0e4856a4e06186a69f88c0e6ab124b0c9f81f86bc22,8c503c07dc6dcdd904e948f14d270410c2fbd4d9796f8d9e08451dc34c7d4399,6943489118fc060756e24fd47685e2c10173293d54af0af7e8afa9e287c9c5f1,,,full,0.2,True
REIM (ACT + Detector + Recovery),850,8000892,metaworld,True,50,0.12491656799829798,1,1,1,34,0.24104447662830353,task_success_while_recovery_active_per_intervention,True,False,,4186efdd7f1a10b0b260a88bbe72c5265621849f37a31d791a209502be1eb43f,8c503c07dc6dcdd904e948f14d270410c2fbd4d9796f8d9e08451dc34c7d4399,cea0b9105255f82e0ee99bfb3998a6edce02b446d4b14afb0747282cd18aa202,,,full,0.2,True
REIM (ACT + Detector + Recovery),851,8000893,metaworld,True,55,0.13696357399749104,1,1,1,40,0.22220328450202942,task_success_while_recovery_active_per_intervention,True,False,,8e1bc3a71c72de008144c1348d8b50dd0cefc672b630d7810632d25f163421f9,8c503c07dc6dcdd904e948f14d270410c2fbd4d9796f8d9e08451dc34c7d4399,38329c6b97bbe7d133bf007c22742dca5f0cd7258f8d7199135c6c2371ae591d,,,full,0.2,True
REIM (ACT + Detector + Recovery),852,8000894,metaworld,False,200,0.46555243100010557,1,0,1,150,0.9938096404075623,task_success_while_recovery_active_per_intervention,False,True,object_dropped,3eccebe22d38447297e32725c23880f83934e15454a4a8c64fb8092519ab21d3,8c503c07dc6dcdd904e948f14d270410c2fbd4d9796f8d9e08451dc34c7d4399,71488b32995fa40c6ec3f77f6bcd912b1929aef29d90a66307ad46cd584acf29,,,full,0.2,True
REIM (ACT + Detector + Recovery),853,8000895,metaworld,True,51,0.23841118400014238,0,0,0,0,0.18696007132530212,task_success_while_recovery_active_per_intervention,True,False,,89c608d9284fe8e85cac718090dfe90675a9459d6f61dcf7eeffd2796b8ef28d,8c503c07dc6dcdd904e948f14d270410c2fbd4d9796f8d9e08451dc34c7d4399,5e1df472084de78052388a34f03cad3de438ca9b5dc801b5759dd57c66a7482a,,,full,0.2,True
REIM (ACT + Detector + Recovery),854,8000896,metaworld,True,56,0.26177045900112716,0,0,0,0,0.16873382031917572,task_success_while_recovery_active_per_intervention,True,False,,9ebf4bc897e4543bfe2fa5b9d3635d09842bc1c66b1e42c98a26a41a4e290f85,8c503c07dc6dcdd904e948f14d270410c2fbd4d9796f8d9e08451dc34c7d4399,3183afb500ebb9a5af177cccb5b5889a8321eb35261f8ec571269f8b5ed9cd1a,,,full,0.2,True
REIM (ACT + Detector + Recovery),855,8000897,metaworld,True,58,0.278655746998993,0,0,0,0,0.15638476610183716,task_success_while_recovery_active_per_intervention,True,False,,75b6ea49c36dff70ef686d59b2b354538f81556c4aacf81d0abd6ed934501842,8c503c07dc6dcdd904e948f14d270410c2fbd4d9796f8d9e08451dc34c7d4399,524e161a612d94c222d06154bcd0129d0851b8fad51ae883abbef6e86d43cbb0,,,full,0.2,True
REIM (ACT + Detector + Recovery),856,8000898,metaworld,True,53,0.1056716189996223,1,1,1,46,0.3973023593425751,task_success_while_recovery_active_per_intervention,True,False,,fdf15d8641323ef72013f2399269716cece6c355954de3ccffdb50a5c1ad4037,8c503c07dc6dcdd904e948f14d270410c2fbd4d9796f8d9e08451dc34c7d4399,35203d16cfa98b5f2e002fcb1ffde2400abf9459c161f6a289efa0c46eddb36f,,,full,0.2,True
REIM (ACT + Detector + Recovery),857,8000899,metaworld,True,54,0.11798870299753617,1,1,1,44,0.24607320129871368,task_success_while_recovery_active_per_intervention,True,False,,019bf77b22f30a8a8e1068bd5daba3b5704410f5038fb98b7beb21fc468af743,8c503c07dc6dcdd904e948f14d270410c2fbd4d9796f8d9e08451dc34c7d4399,c40fedd273cade53989af8adc3ca66d02f2d92ca4d97b2f6391a0dd0ab6dbca3,,,full,0.2,True
REIM (ACT + Detector + Recovery),858,8000900,metaworld,False,200,0.46417755099901115,1,0,1,150,0.9862504005432129,task_success_while_recovery_active_per_intervention,False,True,timeout,f9114c087b95dbca7762a633f33e48910ef471380ce60b8b922e514bb4a32dd2,8c503c07dc6dcdd904e948f14d270410c2fbd4d9796f8d9e08451dc34c7d4399,742509487aeb71d366f1ddafa1cb12db2f7cfefe17c4ca89c98cffb67c1c8619,,,full,0.2,True
REIM (ACT + Detector + Recovery),859,8000901,metaworld,True,56,0.12906298099915148,1,1,1,44,0.25881102681159973,task_success_while_recovery_active_per_intervention,True,False,,2095cc310e89d08632505606b15f6799522c6d06d0b769c548ba20781f2cec54,8c503c07dc6dcdd904e948f14d270410c2fbd4d9796f8d9e08451dc34c7d4399,588df85fb38ef87f822932ad2f702be807974873e4a07ea43084bbdeeaac6604,,,full,0.2,True
REIM (ACT + Detector + Recovery),860,8000902,metaworld,True,55,0.25354944999708096,0,0,0,0,0.14558570086956024,task_success_while_recovery_active_per_intervention,True,False,,177e6a685249f4eb1ae4267e07282462832cf7184ee1b90c0917bd2a1b3803f8,8c503c07dc6dcdd904e948f14d270410c2fbd4d9796f8d9e08451dc34c7d4399,3183afb500ebb9a5af177cccb5b5889a8321eb35261f8ec571269f8b5ed9cd1a,,,full,0.2,True
REIM (ACT + Detector + Recovery),861,8000903,metaworld,True,54,0.25156629599950975,0,0,0,0,0.18160779774188995,task_success_while_recovery_active_per_intervention,True,False,,8d90b48bab2c373b348b32d7cfd5d7112ec7dc83a5676cfefbf90197dd7d94e4,8c503c07dc6dcdd904e948f14d270410c2fbd4d9796f8d9e08451dc34c7d4399,6943489118fc060756e24fd47685e2c10173293d54af0af7e8afa9e287c9c5f1,,,full,0.2,True
REIM (ACT + Detector + Recovery),862,8000904,metaworld,True,55,0.10466082700077095,1,1,1,49,0.5139478445053101,task_success_while_recovery_active_per_intervention,True,False,,95540341b961c8f2207a5bcb754bb95db31868d5769f0e1d87340b342c165ed7,8c503c07dc6dcdd904e948f14d270410c2fbd4d9796f8d9e08451dc34c7d4399,bb2c6b1aed959fa3ddddb1c215ce67cbb5b0ec080eb65fb58e06b7776849a096,,,full,0.2,True
REIM (ACT + Detector + Recovery),863,8000905,metaworld,True,52,0.11815893799939658,1,1,1,41,0.26086369156837463,task_success_while_recovery_active_per_intervention,True,False,,8cada6e909eb15f5faaca21a606fc2ebe35767caa4c5a0fa02c208d685188629,8c503c07dc6dcdd904e948f14d270410c2fbd4d9796f8d9e08451dc34c7d4399,27e1ed8c670f23dae46752497e383610e58c248d638e3b9b707808a32ce33d4e,,,full,0.2,True
REIM (ACT + Detector + Recovery),864,8000906,metaworld,False,200,0.47578260799855343,1,0,1,150,0.9956384301185608,task_success_while_recovery_active_per_intervention,False,True,object_dropped,e9b7e53992b136e0066f51be022b56024b5c287bdac21a74a72695b2170e7384,8c503c07dc6dcdd904e948f14d270410c2fbd4d9796f8d9e08451dc34c7d4399,742509487aeb71d366f1ddafa1cb12db2f7cfefe17c4ca89c98cffb67c1c8619,,,full,0.2,True
REIM (ACT + Detector + Recovery),865,8000907,metaworld,True,60,0.1250385280000046,1,1,1,51,0.26044413447380066,task_success_while_recovery_active_per_intervention,True,False,,36663ad46e66dbd7aa34e0cae2f51d5872c70fe007b4fb8b371df0334d3857e1,8c503c07dc6dcdd904e948f14d270410c2fbd4d9796f8d9e08451dc34c7d4399,39001749c902e2ab9d015efb8c7644faffff99810b709d3203dc359d5eacdcbd,,,full,0.2,True
REIM (ACT + Detector + Recovery),866,8000908,metaworld,True,57,0.12353714900018531,1,1,1,47,0.2457234114408493,task_success_while_recovery_active_per_intervention,True,False,,f747282f01cd45e3b93542bcae8458009921ed37e697fede137dac87bc74cb69,8c503c07dc6dcdd904e948f14d270410c2fbd4d9796f8d9e08451dc34c7d4399,742509487aeb71d366f1ddafa1cb12db2f7cfefe17c4ca89c98cffb67c1c8619,,,full,0.2,True
REIM (ACT + Detector + Recovery),867,8000909,metaworld,True,52,0.2407973490007862,0,0,0,0,0.13293275237083435,task_success_while_recovery_active_per_intervention,True,False,,b77be07027535fc3e2a63f4d8b61634f990600e1b9ac2d0b4bc073a450becf08,8c503c07dc6dcdd904e948f14d270410c2fbd4d9796f8d9e08451dc34c7d4399,56b7f182edcfeefa9301e1edd53d7f36e4418de7e6df1b54b0f0c298cde1b3cd,,,full,0.2,True
REIM (ACT + Detector + Recovery),868,8000910,metaworld,True,58,0.11899917799746618,1,1,1,50,0.4079832136631012,task_success_while_recovery_active_per_intervention,True,False,,d9e4528b24e13e120fb99284c2b4a0e1487e40d9866b26e71c2b04aa2dc6f1a6,8c503c07dc6dcdd904e948f14d270410c2fbd4d9796f8d9e08451dc34c7d4399,0f719f94ef165c0b816b8b10c3f4f5fcf802c9f5a25141035590310315749280,,,full,0.2,True
REIM (ACT + Detector + Recovery),869,8000911,metaworld,True,56,0.26671052999881795,0,0,0,0,0.09382376819849014,task_success_while_recovery_active_per_intervention,True,False,,fe6481faedc730492e806ac603a6c577132effc630d5d6c3f48bfda89b4b4745,8c503c07dc6dcdd904e948f14d270410c2fbd4d9796f8d9e08451dc34c7d4399,f6a9ed9055e00c868d6771022c2c557a6a48990bdacbed585d07cde857d4755a,,,full,0.2,True
REIM (ACT + Detector + Recovery),870,8000912,metaworld,True,53,0.2514365019997058,0,0,0,0,0.16842462122440338,task_success_while_recovery_active_per_intervention,True,False,,b98d8612d5c3936c1707a397b07b6d588b7a48828fceaf5c36cd8511a36c320c,8c503c07dc6dcdd904e948f14d270410c2fbd4d9796f8d9e08451dc34c7d4399,5e1df472084de78052388a34f03cad3de438ca9b5dc801b5759dd57c66a7482a,,,full,0.2,True
REIM (ACT + Detector + Recovery),871,8000913,metaworld,True,60,0.2835274130011385,0,0,0,0,0.12097377330064774,task_success_while_recovery_active_per_intervention,True,False,,461d9a03b1dd516ed1414709a738926161a97816141de902c8876d96b7923ff7,8c503c07dc6dcdd904e948f14d270410c2fbd4d9796f8d9e08451dc34c7d4399,a0b103bf3e43f4aa92753185301eba5e2e31594285004b99f51a59b33bd2d620,,,full,0.2,True
REIM (ACT + Detector + Recovery),872,8000914,metaworld,True,55,0.14082074199905037,1,1,1,41,0.2949766218662262,task_success_while_recovery_active_per_intervention,True,False,,48ea924c95fb5343f2250e4b889a5b800f7310017aa2b79787a773860f2db012,8c503c07dc6dcdd904e948f14d270410c2fbd4d9796f8d9e08451dc34c7d4399,504c23f653f6cdee9d659d9320b164606b319d4f0e9cdf0f3a87e2fc7a98160a,,,full,0.2,True
REIM (ACT + Detector + Recovery),873,8000915,metaworld,True,56,0.14129326499823947,1,1,1,41,0.27276167273521423,task_success_while_recovery_active_per_intervention,True,False,,2bab1359919545c6c8d8b1ce09ec25b33ad0613e73c121e7f75ddd553635b820,8c503c07dc6dcdd904e948f14d270410c2fbd4d9796f8d9e08451dc34c7d4399,942fb6a87dc1e3eb7bf7bb111c97e7096138256b4a9a6b4c62a012fabe8bec38,,,full,0.2,True
REIM (ACT + Detector + Recovery),874,8000916,metaworld,True,53,0.15093302000241238,1,1,1,32,0.22535988688468933,task_success_while_recovery_active_per_intervention,True,False,,ac4e7f69745cf130c04f56514a93b561c0242689e07143cb4a4706d011a66e1a,8c503c07dc6dcdd904e948f14d270410c2fbd4d9796f8d9e08451dc34c7d4399,aa1f17aacdf569c3a2930a2ebbf742ff43f8d3acfc772731a5c344cabcd52570,,,full,0.2,True
REIM (ACT + Detector + Recovery),875,8000917,metaworld,False,200,0.4715569219988538,1,0,1,150,0.987181544303894,task_success_while_recovery_active_per_intervention,False,True,timeout,c140e4b04a8fba52eb9ec1c6aa2ec94334a5903b90a88a18cce809b40126a07c,8c503c07dc6dcdd904e948f14d270410c2fbd4d9796f8d9e08451dc34c7d4399,64ee837add19202e84553431fdab118462cf5265eeae19a4d044b5a6818f771d,,,full,0.2,True
REIM (ACT + Detector + Recovery),876,8000918,metaworld,True,61,0.2898718430005829,0,0,0,0,0.16596192121505737,task_success_while_recovery_active_per_intervention,True,False,,37a841a47eaf4da1a09c241fa95c521016e7b0c70f35f4af5193a04f742067a5,8c503c07dc6dcdd904e948f14d270410c2fbd4d9796f8d9e08451dc34c7d4399,5732f26a5a3acd61cb38107328c80d8fadad8368570aba69b803668406e8f53d,,,full,0.2,True
REIM (ACT + Detector + Recovery),877,8000919,metaworld,True,63,0.1465740259991435,1,1,1,49,0.2790255844593048,task_success_while_recovery_active_per_intervention,True,False,,f19f0435fc4c41a1955269170d95c8453e8842307ec2e29bbc545a5c527c15fb,8c503c07dc6dcdd904e948f14d270410c2fbd4d9796f8d9e08451dc34c7d4399,0cda21f8ffacf0a1e40e7b0e858a8e2ddc276972106d4bced99d4404b4a13fd8,,,full,0.2,True
REIM (ACT + Detector + Recovery),878,8000920,metaworld,True,54,0.10881907200018759,1,1,1,47,0.405817449092865,task_success_while_recovery_active_per_intervention,True,False,,6413a416a0317a3a420e29eb9c78ad8f88235a4313fd583ec238f555ff2a04a5,8c503c07dc6dcdd904e948f14d270410c2fbd4d9796f8d9e08451dc34c7d4399,35203d16cfa98b5f2e002fcb1ffde2400abf9459c161f6a289efa0c46eddb36f,,,full,0.2,True
REIM (ACT + Detector + Recovery),879,8000921,metaworld,True,63,0.12693485300042084,1,1,1,55,0.3026348054409027,task_success_while_recovery_active_per_intervention,True,False,,5067cdae565122700476610da3e536b18e7c871b638327b5e43abe2571c4027e,8c503c07dc6dcdd904e948f14d270410c2fbd4d9796f8d9e08451dc34c7d4399,a8cfe6e2276fbd15230c5555255b87d17333bdd29f84f687df7405d0311fae7f,,,full,0.2,True
REIM (ACT + Detector + Recovery),880,8000922,metaworld,False,200,0.5115299580029387,1,0,1,143,0.9989227652549744,task_success_while_recovery_active_per_intervention,False,True,object_dropped,810ad617e932b1ec987059d98c55be2f621a0df3fc0f93efccacd46b6eb87c55,8c503c07dc6dcdd904e948f14d270410c2fbd4d9796f8d9e08451dc34c7d4399,1c856fdcb5da12c3fa2d15b38741aa980fa3a47e64fb99f8635817590128f9ea,,,full,0.2,True
REIM (ACT + Detector + Recovery),881,8000923,metaworld,True,48,0.1432989999993879,1,1,1,26,0.25497689843177795,task_success_while_recovery_active_per_intervention,True,False,,51503d39f5491dd18ef9c53c7a766b7cb87cd263002765cca7ef59637a8414d1,8c503c07dc6dcdd904e948f14d270410c2fbd4d9796f8d9e08451dc34c7d4399,08a97a6dfa17f78b5cc5b1351d60038e4a40a68fc93722672482714333b1d9b5,,,full,0.2,True
REIM (ACT + Detector + Recovery),882,8000924,metaworld,True,50,0.13544822100084275,1,1,1,36,0.24060967564582825,task_success_while_recovery_active_per_intervention,True,False,,7db17eb168b9ac33773648e47ad5ecfd5741256328c6fac46277c19931ead506,8c503c07dc6dcdd904e948f14d270410c2fbd4d9796f8d9e08451dc34c7d4399,08a97a6dfa17f78b5cc5b1351d60038e4a40a68fc93722672482714333b1d9b5,,,full,0.2,True
REIM (ACT + Detector + Recovery),883,8000925,metaworld,True,54,0.17081859099926078,1,1,1,31,0.24201937019824982,task_success_while_recovery_active_per_intervention,True,False,,06fcf120965317acfebd7f21ef14440c42294e4c11da5e1ccdbcc4d8726c44bd,8c503c07dc6dcdd904e948f14d270410c2fbd4d9796f8d9e08451dc34c7d4399,2eb279a724955c1a9d173681940490ec9cc8ed4fdc15a95533884a23d4ccdb4e,,,full,0.2,True
REIM (ACT + Detector + Recovery),884,8000926,metaworld,True,60,0.29492763899907004,0,0,0,0,0.16683979332447052,task_success_while_recovery_active_per_intervention,True,False,,f456444d72c34a8bd52a5419d4d7e484c2767caabc0d7e36c47a125890a20880,8c503c07dc6dcdd904e948f14d270410c2fbd4d9796f8d9e08451dc34c7d4399,1c856fdcb5da12c3fa2d15b38741aa980fa3a47e64fb99f8635817590128f9ea,,,full,0.2,True
REIM (ACT + Detector + Recovery),885,8000927,metaworld,False,200,0.59457742000086,1,0,1,148,0.9971221089363098,task_success_while_recovery_active_per_intervention,False,True,object_dropped,375d7e09224a2709e43842dc9163643f3eef2af8f9e0e6d7dd181b9bb1376186,8c503c07dc6dcdd904e948f14d270410c2fbd4d9796f8d9e08451dc34c7d4399,4e97203f8ce1a96cef19545d4c4c300d0de39e4f94bd1941cef7ebc3dd48be02,,,full,0.2,True
REIM (ACT + Detector + Recovery),886,8000928,metaworld,True,55,0.21296002700182726,1,1,1,29,0.21253249049186707,task_success_while_recovery_active_per_intervention,True,False,,28b0045afc2d86e4dfe9dcb905805a5713d538e5d89189faa4b6f6d3f3081fbb,8c503c07dc6dcdd904e948f14d270410c2fbd4d9796f8d9e08451dc34c7d4399,7c3391ee418e26d47c002810bc00065e4dd0b6728c969d2338ad549ad01ebb0a,,,full,0.2,True
REIM (ACT + Detector + Recovery),887,8000929,metaworld,True,56,0.30332717900091666,0,0,0,0,0.14867599308490753,task_success_while_recovery_active_per_intervention,True,False,,35ae6090012e7455db98f21f93a271aefa02df5f6f3723529e212e16c5c787f1,8c503c07dc6dcdd904e948f14d270410c2fbd4d9796f8d9e08451dc34c7d4399,4e97203f8ce1a96cef19545d4c4c300d0de39e4f94bd1941cef7ebc3dd48be02,,,full,0.2,True
REIM (ACT + Detector + Recovery),888,8000930,metaworld,True,53,0.13464419999945676,1,1,1,40,0.2767171561717987,task_success_while_recovery_active_per_intervention,True,False,,aff716f04814888443355b0fdc9b1f858ba89f5d7fd9bf9e98195a2b8bbbe623,8c503c07dc6dcdd904e948f14d270410c2fbd4d9796f8d9e08451dc34c7d4399,08a97a6dfa17f78b5cc5b1351d60038e4a40a68fc93722672482714333b1d9b5,,,full,0.2,True
REIM (ACT + Detector + Recovery),889,8000931,metaworld,True,50,0.24216435299967998,0,0,0,0,0.1336326152086258,task_success_while_recovery_active_per_intervention,True,False,,5be455a2c2e7eac6f2a69864257ee82d8e4a7e587dd6e2edadc6ba87f57e3045,8c503c07dc6dcdd904e948f14d270410c2fbd4d9796f8d9e08451dc34c7d4399,56b7f182edcfeefa9301e1edd53d7f36e4418de7e6df1b54b0f0c298cde1b3cd,,,full,0.2,True
REIM (ACT + Detector + Recovery),890,8000932,metaworld,True,49,0.2532475059997523,0,0,0,0,0.1637798398733139,task_success_while_recovery_active_per_intervention,True,False,,2e17e5b0d5f5283e42929011e82ab93a311cfe226dfdae1ad705d9cf72dcaa1d,8c503c07dc6dcdd904e948f14d270410c2fbd4d9796f8d9e08451dc34c7d4399,2ad5907877cc42b4447b9630988e3a1f0da0d83e1f696f71e22dc69905e631b6,,,full,0.2,True
REIM (ACT + Detector + Recovery),891,8000933,metaworld,True,53,0.14291787599722738,1,1,1,39,0.20474165678024292,task_success_while_recovery_active_per_intervention,True,False,,4f698fc3851f82fbfdf7374d88f12e0e783480a7e1573ec3e82d8b1956afbf83,8c503c07dc6dcdd904e948f14d270410c2fbd4d9796f8d9e08451dc34c7d4399,56b7f182edcfeefa9301e1edd53d7f36e4418de7e6df1b54b0f0c298cde1b3cd,,,full,0.2,True
REIM (ACT + Detector + Recovery),892,8000934,metaworld,True,61,0.3210319019999588,0,0,0,0,0.13233689963817596,task_success_while_recovery_active_per_intervention,True,False,,f4b58e8a6ae8c4ab6a4606f17b8a869e13919546eed9740840c6c410fe6acb69,8c503c07dc6dcdd904e948f14d270410c2fbd4d9796f8d9e08451dc34c7d4399,1c856fdcb5da12c3fa2d15b38741aa980fa3a47e64fb99f8635817590128f9ea,,,full,0.2,True
REIM (ACT + Detector + Recovery),893,8000935,metaworld,True,55,0.12926555900048697,1,1,1,45,0.37037962675094604,task_success_while_recovery_active_per_intervention,True,False,,e4e47ed3b0f312499f87a18acd7e3846fadefe57ded9b5190d11295f7393f037,8c503c07dc6dcdd904e948f14d270410c2fbd4d9796f8d9e08451dc34c7d4399,588df85fb38ef87f822932ad2f702be807974873e4a07ea43084bbdeeaac6604,,,full,0.2,True
REIM (ACT + Detector + Recovery),894,8000936,metaworld,True,60,0.303681470999436,0,0,0,0,0.191128209233284,task_success_while_recovery_active_per_intervention,True,False,,f4647ce85348fb28e151dbab666351d1ee8ef299e652f93608733ca54e88be7c,8c503c07dc6dcdd904e948f14d270410c2fbd4d9796f8d9e08451dc34c7d4399,5732f26a5a3acd61cb38107328c80d8fadad8368570aba69b803668406e8f53d,,,full,0.2,True
REIM (ACT + Detector + Recovery),895,8000937,metaworld,True,57,0.3120499190008559,0,0,0,0,0.11112719774246216,task_success_while_recovery_active_per_intervention,True,False,,c8903e3c04c69da3830a20ca58a6e3cf2860e228046d476d97142b7175e3de9a,8c503c07dc6dcdd904e948f14d270410c2fbd4d9796f8d9e08451dc34c7d4399,25805a097f1f4b8c203ec3c130dcd3e66b5fb3ad298114a08662aae6c86fa673,,,full,0.2,True
REIM (ACT + Detector + Recovery),896,8000938,metaworld,True,55,0.2759032779977133,0,0,0,0,0.16094662249088287,task_success_while_recovery_active_per_intervention,True,False,,0364e82a5b0783dfd829fd589f95a8a08e64c90e61d3e87eeac249a8e647ffb6,8c503c07dc6dcdd904e948f14d270410c2fbd4d9796f8d9e08451dc34c7d4399,48ce9609a38b32e56f7e6a43ffef71c21c8b1d17ed5a63d47701bc1dfc3ff271,,,full,0.2,True
REIM (ACT + Detector + Recovery),897,8000939,metaworld,True,49,0.1347379649996583,1,1,1,33,0.21500413119792938,task_success_while_recovery_active_per_intervention,True,False,,ca0f8461d7f07b692c046761297d3a259d7f13d62279c5158da76f8ee0bc63df,8c503c07dc6dcdd904e948f14d270410c2fbd4d9796f8d9e08451dc34c7d4399,27e1ed8c670f23dae46752497e383610e58c248d638e3b9b707808a32ce33d4e,,,full,0.2,True
REIM (ACT + Detector + Recovery),898,8000940,metaworld,False,200,0.5199567300005583,1,0,1,150,0.9997162222862244,task_success_while_recovery_active_per_intervention,False,True,object_dropped,e8229c177bb687d33f4e10e61d528dbca3756f48e53fcca0ce6bd8e273613ecc,8c503c07dc6dcdd904e948f14d270410c2fbd4d9796f8d9e08451dc34c7d4399,f82ceac6f8787ac22c378edc1f141cedcc86bf9309b43f1aff6633ae0a963abb,,,full,0.2,True
REIM (ACT + Detector + Recovery),899,8000941,metaworld,True,62,0.3157363999998779,0,0,0,0,0.1622641384601593,task_success_while_recovery_active_per_intervention,True,False,,0598d2f2f512df1d8cc5becc14aeaff135071a6a8660e47337ebbd9f57d11798,8c503c07dc6dcdd904e948f14d270410c2fbd4d9796f8d9e08451dc34c7d4399,e216352c7f1c7392270c7c501bb599f2a46f420613a124fda0729ab88160cdf2,,,full,0.2,True
REIM (ACT + Detector + Recovery),900,8000942,metaworld,True,51,0.26619530799871427,0,0,0,0,0.14186318218708038,task_success_while_recovery_active_per_intervention,True,False,,3e4d19f414aece2cf8e58a8ac5097ae2e9abbeafd4a17c8f94797dd382c3cb2a,8c503c07dc6dcdd904e948f14d270410c2fbd4d9796f8d9e08451dc34c7d4399,15a9adece7ebea14bdf37f5376e274c6dce4711281025cf35060933ba9ab8ad3,,,full,0.2,True
REIM (ACT + Detector + Recovery),901,8000943,metaworld,True,57,0.15213018199938233,1,1,1,41,0.2541540563106537,task_success_while_recovery_active_per_intervention,True,False,,c83386164ee170fd84117b8b21a00873ca54741c89d7a863ae81edc773bd7ec8,8c503c07dc6dcdd904e948f14d270410c2fbd4d9796f8d9e08451dc34c7d4399,8a99d46d6d04afe3e2ef92bb607dde5e178b5c37506006c4f364e345976453b1,,,full,0.2,True
REIM (ACT + Detector + Recovery),902,8000944,metaworld,True,52,0.1303469859994948,1,1,1,41,0.26688748598098755,task_success_while_recovery_active_per_intervention,True,False,,c30bfc9b93b9486cf830ca1afcdd371924b56fdfa29391bba374d9ef4ce54a57,8c503c07dc6dcdd904e948f14d270410c2fbd4d9796f8d9e08451dc34c7d4399,c40fedd273cade53989af8adc3ca66d02f2d92ca4d97b2f6391a0dd0ab6dbca3,,,full,0.2,True
REIM (ACT + Detector + Recovery),903,8000945,metaworld,True,58,0.30414410999946995,0,0,0,0,0.16009169816970825,task_success_while_recovery_active_per_intervention,True,False,,1f535e286c50a56f3faf2a13bd686b127ed5b99ec9f212e060138a621e5a1249,8c503c07dc6dcdd904e948f14d270410c2fbd4d9796f8d9e08451dc34c7d4399,1c856fdcb5da12c3fa2d15b38741aa980fa3a47e64fb99f8635817590128f9ea,,,full,0.2,True
REIM (ACT + Detector + Recovery),904,8000946,metaworld,True,53,0.1298648720003257,1,1,1,45,0.4235493838787079,task_success_while_recovery_active_per_intervention,True,False,,5b9f985132a0c27d8941efdf1e7dd8630c3b69b344c05f96bd89e6eb6f90c3d3,8c503c07dc6dcdd904e948f14d270410c2fbd4d9796f8d9e08451dc34c7d4399,35aa26efb4a8651c1d8f46a573d3d4fea76add87b5c76a00531e1cea9ad04412,,,full,0.2,True
REIM (ACT + Detector + Recovery),905,8000947,metaworld,True,58,0.3148442359997716,0,0,0,0,0.12329701334238052,task_success_while_recovery_active_per_intervention,True,False,,69758b1812381598b1367ac321d36f917e020415f67969c6fe02e932bf800980,8c503c07dc6dcdd904e948f14d270410c2fbd4d9796f8d9e08451dc34c7d4399,48ce9609a38b32e56f7e6a43ffef71c21c8b1d17ed5a63d47701bc1dfc3ff271,,,full,0.2,True
REIM (ACT + Detector + Recovery),906,8000948,metaworld,True,47,0.25586060100249597,0,0,0,0,0.1791413277387619,task_success_while_recovery_active_per_intervention,True,False,,77e94579dbcc43c907e6d03d564abb76fabfdd63b728baf4686a60cbfdcff544,8c503c07dc6dcdd904e948f14d270410c2fbd4d9796f8d9e08451dc34c7d4399,e6e55bdbd77dc052facbc072d20b08a21d116978c37627b9a3d9dc7989dfbe62,,,full,0.2,True
REIM (ACT + Detector + Recovery),907,8000949,metaworld,True,59,0.16146131700224942,1,1,1,43,0.29441481828689575,task_success_while_recovery_active_per_intervention,True,False,,6aeb082248630e6e932baefb9669d492d3ffa91f1f77d57b7911d37f95f8c9a0,8c503c07dc6dcdd904e948f14d270410c2fbd4d9796f8d9e08451dc34c7d4399,6cb8d983459a8e57d4ae53a86da2394015cabba2d7c306dcaf7b14af979ca230,,,full,0.2,True
REIM (ACT + Detector + Recovery),908,8000950,metaworld,True,55,0.2965083090020926,0,0,0,0,0.1350538730621338,task_success_while_recovery_active_per_intervention,True,False,,6272956a14b77b7ecee660bd45a9e861a048ca044365cb291bc22ee9af88890b,8c503c07dc6dcdd904e948f14d270410c2fbd4d9796f8d9e08451dc34c7d4399,6338b57c8983138382fa5c9ee7bb2d2c200be44368697f7ffa8216ea26ddccaf,,,full,0.2,True
REIM (ACT + Detector + Recovery),909,8000951,metaworld,True,54,0.14757538699996076,1,1,1,37,0.24926376342773438,task_success_while_recovery_active_per_intervention,True,False,,1c65d816fd36041b4eaf6154ca658d03c27d27f6e4b725ed03530cf100885144,8c503c07dc6dcdd904e948f14d270410c2fbd4d9796f8d9e08451dc34c7d4399,aa1f17aacdf569c3a2930a2ebbf742ff43f8d3acfc772731a5c344cabcd52570,,,full,0.2,True
REIM (ACT + Detector + Recovery),910,8000952,metaworld,True,53,0.15458767999734846,1,1,1,35,0.2280067652463913,task_success_while_recovery_active_per_intervention,True,False,,bc20415bcd5a117b753ec329f9b3b694a7f87b578c8d73f472f41e7c09f7430a,8c503c07dc6dcdd904e948f14d270410c2fbd4d9796f8d9e08451dc34c7d4399,38329c6b97bbe7d133bf007c22742dca5f0cd7258f8d7199135c6c2371ae591d,,,full,0.2,True
REIM (ACT + Detector + Recovery),911,8000953,metaworld,True,51,0.14526737399864942,1,1,1,36,0.3453190326690674,task_success_while_recovery_active_per_intervention,True,False,,bf0d23123adae77bae902c57132602961c45154734057bd8c600830921b4eab1,8c503c07dc6dcdd904e948f14d270410c2fbd4d9796f8d9e08451dc34c7d4399,504c23f653f6cdee9d659d9320b164606b319d4f0e9cdf0f3a87e2fc7a98160a,,,full,0.2,True
REIM (ACT + Detector + Recovery),912,8000954,metaworld,True,56,0.1908468530018581,1,1,1,31,0.23516380786895752,task_success_while_recovery_active_per_intervention,True,False,,4ab44534b108c9ce48733b5b64bf4e5305576a204afadb58f15f6753663165db,8c503c07dc6dcdd904e948f14d270410c2fbd4d9796f8d9e08451dc34c7d4399,6cb8d983459a8e57d4ae53a86da2394015cabba2d7c306dcaf7b14af979ca230,,,full,0.2,True
REIM (ACT + Detector + Recovery),913,8000955,metaworld,True,60,0.1734337529996992,1,1,1,43,0.3483225703239441,task_success_while_recovery_active_per_intervention,True,False,,01405fc5e30d2627403a9f2113cb948e06d7212d43a382fdc5f07d711010fbfe,8c503c07dc6dcdd904e948f14d270410c2fbd4d9796f8d9e08451dc34c7d4399,25805a097f1f4b8c203ec3c130dcd3e66b5fb3ad298114a08662aae6c86fa673,,,full,0.2,True
REIM (ACT + Detector + Recovery),914,8000956,metaworld,True,54,0.12313710000307765,1,1,1,48,0.5606041550636292,task_success_while_recovery_active_per_intervention,True,False,,a4a84a13e6edf2d9369bb34650ed2fb700a418dc88c97d7353d8c6f7eff98968,8c503c07dc6dcdd904e948f14d270410c2fbd4d9796f8d9e08451dc34c7d4399,bb2c6b1aed959fa3ddddb1c215ce67cbb5b0ec080eb65fb58e06b7776849a096,,,full,0.2,True
REIM (ACT + Detector + Recovery),915,8000957,metaworld,True,56,0.1647453969999333,1,1,1,37,0.22801360487937927,task_success_while_recovery_active_per_intervention,True,False,,1c924171bdc431b73e0960436a4d8b75ce066e42493e228f49719da9e17804b8,8c503c07dc6dcdd904e948f14d270410c2fbd4d9796f8d9e08451dc34c7d4399,64ee837add19202e84553431fdab118462cf5265eeae19a4d044b5a6818f771d,,,full,0.2,True
REIM (ACT + Detector + Recovery),916,8000958,metaworld,False,200,0.5138430949991744,1,0,1,148,0.5135291814804077,task_success_while_recovery_active_per_intervention,False,True,object_dropped,3d9deb609b70e38da7df835c08744d6dd2238e2b28f7700748b39a6d4c9f09ec,8c503c07dc6dcdd904e948f14d270410c2fbd4d9796f8d9e08451dc34c7d4399,56b7f182edcfeefa9301e1edd53d7f36e4418de7e6df1b54b0f0c298cde1b3cd,,,full,0.2,True
REIM (ACT + Detector + Recovery),917,8000959,metaworld,True,55,0.13723346299957484,1,1,1,42,0.2994998097419739,task_success_while_recovery_active_per_intervention,True,False,,fd01e68b0cacf5e7641192c156498d40575f02b9ba03d773f6ac1546903d5f63,8c503c07dc6dcdd904e948f14d270410c2fbd4d9796f8d9e08451dc34c7d4399,71488b32995fa40c6ec3f77f6bcd912b1929aef29d90a66307ad46cd584acf29,,,full,0.2,True
REIM (ACT + Detector + Recovery),918,8000960,metaworld,True,57,0.144585267000366,1,1,1,47,0.27608051896095276,task_success_while_recovery_active_per_intervention,True,False,,35cb047aee9c10e3bcccaed74826d0129c03237c830be532b06a4f5335612545,8c503c07dc6dcdd904e948f14d270410c2fbd4d9796f8d9e08451dc34c7d4399,942fb6a87dc1e3eb7bf7bb111c97e7096138256b4a9a6b4c62a012fabe8bec38,,,full,0.2,True
REIM (ACT + Detector + Recovery),919,8000961,metaworld,True,55,0.16315195899733226,1,1,1,34,0.3054809272289276,task_success_while_recovery_active_per_intervention,True,False,,052c5d7f721c28f4ac8619b685bc14b7cbc196907637312141008bb6448e9b4a,8c503c07dc6dcdd904e948f14d270410c2fbd4d9796f8d9e08451dc34c7d4399,f82ceac6f8787ac22c378edc1f141cedcc86bf9309b43f1aff6633ae0a963abb,,,full,0.2,True
REIM (ACT + Detector + Recovery),920,8000962,metaworld,True,52,0.1349027100004605,1,1,1,40,0.22788700461387634,task_success_while_recovery_active_per_intervention,True,False,,119a0bf01f9f4b0e87d2fdfb44e19d189cb806dfbf7041233d43b4d58ebc7d8e,8c503c07dc6dcdd904e948f14d270410c2fbd4d9796f8d9e08451dc34c7d4399,20cf3cfee33051ea4ca25b64648f05450b0068ae0136ae52c3108d28b02f3691,,,full,0.2,True
REIM (ACT + Detector + Recovery),921,8000963,metaworld,True,54,0.14916482600165182,1,1,1,39,0.2887146770954132,task_success_while_recovery_active_per_intervention,True,False,,54dbb139b4c0151c810ec89104f3483f36f74a73be0b68e2ab73c700bd4ab545,8c503c07dc6dcdd904e948f14d270410c2fbd4d9796f8d9e08451dc34c7d4399,342b72dafe0e47ecf8a937cb01e62ac02c2d77bf93dafca59574cbbbfc4ad77b,,,full,0.2,True
REIM (ACT + Detector + Recovery),922,8000964,metaworld,True,62,0.3359234939998714,0,0,0,0,0.150050550699234,task_success_while_recovery_active_per_intervention,True,False,,1fbc58eea67af31d92d84bb1e026dc7913cf6d303977605858edd6d2179e22cf,8c503c07dc6dcdd904e948f14d270410c2fbd4d9796f8d9e08451dc34c7d4399,06d355d7aff3b944ab4199c02a94c63d062e5c414c0b195f7b232b607e0ab1ed,,,full,0.2,True
REIM (ACT + Detector + Recovery),923,8000965,metaworld,True,66,0.19138456599830533,1,1,1,48,0.22550348937511444,task_success_while_recovery_active_per_intervention,True,False,,4323031f4aa75a3674c0748125b08ce5787fb3ccc218a690eef3449f1a2eb07e,8c503c07dc6dcdd904e948f14d270410c2fbd4d9796f8d9e08451dc34c7d4399,5732f26a5a3acd61cb38107328c80d8fadad8368570aba69b803668406e8f53d,,,full,0.2,True
REIM (ACT + Detector + Recovery),924,8000966,metaworld,True,57,0.28859931899933144,0,0,0,0,0.1609475016593933,task_success_while_recovery_active_per_intervention,True,False,,b05270a09330080af886964189351edb0f1a0df30dd554052dd1a6dafc68c9df,8c503c07dc6dcdd904e948f14d270410c2fbd4d9796f8d9e08451dc34c7d4399,524e161a612d94c222d06154bcd0129d0851b8fad51ae883abbef6e86d43cbb0,,,full,0.2,True
REIM (ACT + Detector + Recovery),925,8000967,metaworld,True,55,0.27509228399867425,0,0,0,0,0.1846991628408432,task_success_while_recovery_active_per_intervention,True,False,,ce52597f2a911f21deab5f64610cfc2728277aeee68b55455664503f2e7ad708,8c503c07dc6dcdd904e948f14d270410c2fbd4d9796f8d9e08451dc34c7d4399,71488b32995fa40c6ec3f77f6bcd912b1929aef29d90a66307ad46cd584acf29,,,full,0.2,True
REIM (ACT + Detector + Recovery),926,8000968,metaworld,True,49,0.3001589299965417,0,0,0,0,0.1508345603942871,task_success_while_recovery_active_per_intervention,True,False,,da66bffd958a98ad7bb911e852e42a94d7702fccdf3181e896d4483604948456,8c503c07dc6dcdd904e948f14d270410c2fbd4d9796f8d9e08451dc34c7d4399,56b7f182edcfeefa9301e1edd53d7f36e4418de7e6df1b54b0f0c298cde1b3cd,,,full,0.2,True
REIM (ACT + Detector + Recovery),927,8000969,metaworld,False,200,0.6562814770004479,1,0,1,128,0.9977495074272156,task_success_while_recovery_active_per_intervention,False,True,timeout,a89d2bf2b619ede10ca2df8c364ac7194e403eda2afde820dda4efb3373add7a,8c503c07dc6dcdd904e948f14d270410c2fbd4d9796f8d9e08451dc34c7d4399,5e1df472084de78052388a34f03cad3de438ca9b5dc801b5759dd57c66a7482a,,,full,0.2,True
REIM (ACT + Detector + Recovery),928,8000970,metaworld,True,66,0.16222272100276314,1,1,1,56,0.2536514401435852,task_success_while_recovery_active_per_intervention,True,False,,3e318834cec27fff9974f815dbfe203ee23a8f1e7cd4631b6b455759671a82fa,8c503c07dc6dcdd904e948f14d270410c2fbd4d9796f8d9e08451dc34c7d4399,06d355d7aff3b944ab4199c02a94c63d062e5c414c0b195f7b232b607e0ab1ed,,,full,0.2,True
REIM (ACT + Detector + Recovery),929,8000971,metaworld,True,65,0.3448658199995407,0,0,0,0,0.19271160662174225,task_success_while_recovery_active_per_intervention,True,False,,7dd8caed46cbea8536edff3a2461aec03ba91ba414847dfa2fe4e472ad8e8389,8c503c07dc6dcdd904e948f14d270410c2fbd4d9796f8d9e08451dc34c7d4399,c5023b3d25031a103b9549b6e8c83ba09d69e708ef117c31128a38e03616e5d8,,,full,0.2,True
REIM (ACT + Detector + Recovery),930,8000972,metaworld,True,57,0.1440035949999583,1,1,1,43,0.24114608764648438,task_success_while_recovery_active_per_intervention,True,False,,e4476d7e0b68c3a439e2dbeea06db2833fde70314b895e4f587b1dfbc3ad918b,8c503c07dc6dcdd904e948f14d270410c2fbd4d9796f8d9e08451dc34c7d4399,5e1df472084de78052388a34f03cad3de438ca9b5dc801b5759dd57c66a7482a,,,full,0.2,True
REIM (ACT + Detector + Recovery),931,8000973,metaworld,True,54,0.12181642500218004,1,1,1,45,0.29472118616104126,task_success_while_recovery_active_per_intervention,True,False,,9efc73ef8a78d76dc8b5af23b04c5212f7918e3e69a2eea3f4131e1c04451965,8c503c07dc6dcdd904e948f14d270410c2fbd4d9796f8d9e08451dc34c7d4399,bb2c6b1aed959fa3ddddb1c215ce67cbb5b0ec080eb65fb58e06b7776849a096,,,full,0.2,True
REIM (ACT + Detector + Recovery),932,8000974,metaworld,True,50,0.2597745359998953,0,0,0,0,0.1768188774585724,task_success_while_recovery_active_per_intervention,True,False,,b8185d4ea7f5a9442f1c4603dc1bf19accccfc60666cf1e8e9b3c07529deca50,8c503c07dc6dcdd904e948f14d270410c2fbd4d9796f8d9e08451dc34c7d4399,08a97a6dfa17f78b5cc5b1351d60038e4a40a68fc93722672482714333b1d9b5,,,full,0.2,True
REIM (ACT + Detector + Recovery),933,8000975,metaworld,False,200,0.503202282001439,1,0,1,150,0.999491810798645,task_success_while_recovery_active_per_intervention,False,True,timeout,8c4a595154633f380bb4b7a91f158043359fc49e1342ff10a9da10eade96fd6a,8c503c07dc6dcdd904e948f14d270410c2fbd4d9796f8d9e08451dc34c7d4399,3183afb500ebb9a5af177cccb5b5889a8321eb35261f8ec571269f8b5ed9cd1a,,,full,0.2,True
REIM (ACT + Detector + Recovery),934,8000976,metaworld,True,48,0.13767328800167888,1,1,1,31,0.2533756494522095,task_success_while_recovery_active_per_intervention,True,False,,e51eec9f172aadb81d2ff98780053f1444221b16c223a94647804c8812df75aa,8c503c07dc6dcdd904e948f14d270410c2fbd4d9796f8d9e08451dc34c7d4399,27e1ed8c670f23dae46752497e383610e58c248d638e3b9b707808a32ce33d4e,,,full,0.2,True
REIM (ACT + Detector + Recovery),935,8000977,metaworld,False,200,0.4820492880025995,1,0,1,150,0.9586194753646851,task_success_while_recovery_active_per_intervention,False,True,timeout,494829247b472e1bf76b8675a6b04f084dbac220865dfd4bc3045b6db13901aa,8c503c07dc6dcdd904e948f14d270410c2fbd4d9796f8d9e08451dc34c7d4399,b8e45a2f8f553d53c6eef0305347f910b9999bcae6df6ccaf0eaee6ac864e670,,,full,0.2,True
REIM (ACT + Detector + Recovery),936,8000978,metaworld,True,54,0.2468550960002176,0,0,0,0,0.17370617389678955,task_success_while_recovery_active_per_intervention,True,False,,58ca8721d01c7aa9e421be9e89e99600e1b9b5c7fd2c980f431920e654f59aa3,8c503c07dc6dcdd904e948f14d270410c2fbd4d9796f8d9e08451dc34c7d4399,38329c6b97bbe7d133bf007c22742dca5f0cd7258f8d7199135c6c2371ae591d,,,full,0.2,True
REIM (ACT + Detector + Recovery),937,8000979,metaworld,True,50,0.15495970199845033,1,1,1,25,0.21112468838691711,task_success_while_recovery_active_per_intervention,True,False,,3bd6244914b24d3205ef0f22c28cf56038f053cebe283c86479a1ce88f5c8f3c,8c503c07dc6dcdd904e948f14d270410c2fbd4d9796f8d9e08451dc34c7d4399,2ad5907877cc42b4447b9630988e3a1f0da0d83e1f696f71e22dc69905e631b6,,,full,0.2,True
REIM (ACT + Detector + Recovery),938,8000980,metaworld,True,60,0.1275221120013157,1,1,1,51,0.5575183033943176,task_success_while_recovery_active_per_intervention,True,False,,80859810f8e01cbf1751bb23d6783533e2941974545201927c4730686d7577f1,8c503c07dc6dcdd904e948f14d270410c2fbd4d9796f8d9e08451dc34c7d4399,ba19e0623fe05add91e00811bacb33e27305f5fcb6549be6f6278ebce6046101,,,full,0.2,True
REIM (ACT + Detector + Recovery),939,8000981,metaworld,True,53,0.24795317300231545,0,0,0,0,0.17289043962955475,task_success_while_recovery_active_per_intervention,True,False,,1352e3be087063787a9095d1d7087b0c26b7141fb7f7d5bb0b1d3c875c09d6d7,8c503c07dc6dcdd904e948f14d270410c2fbd4d9796f8d9e08451dc34c7d4399,acfaed29b052207b47b4b7fa76672795fd08de3add8565db05f141de82ece90b,,,full,0.2,True
REIM (ACT + Detector + Recovery),940,8000982,metaworld,True,59,0.2816736669992679,0,0,0,0,0.09817768633365631,task_success_while_recovery_active_per_intervention,True,False,,454f718cbad3ee1ce65351569ae8f9057ae9fab8248369cc84644e07985fa897,8c503c07dc6dcdd904e948f14d270410c2fbd4d9796f8d9e08451dc34c7d4399,a8cfe6e2276fbd15230c5555255b87d17333bdd29f84f687df7405d0311fae7f,,,full,0.2,True
REIM (ACT + Detector + Recovery),941,8000983,metaworld,True,56,0.13225757400141447,1,1,1,45,0.3044476807117462,task_success_while_recovery_active_per_intervention,True,False,,5bd325714819874a91685014345b33d09af444b576dabb05bec3eec81785862b,8c503c07dc6dcdd904e948f14d270410c2fbd4d9796f8d9e08451dc34c7d4399,38329c6b97bbe7d133bf007c22742dca5f0cd7258f8d7199135c6c2371ae591d,,,full,0.2,True
REIM (ACT + Detector + Recovery),942,8000984,metaworld,True,55,0.2750280580003164,0,0,0,0,0.10669625550508499,task_success_while_recovery_active_per_intervention,True,False,,98d19c2452327898a0c00931cd6f7c72b1ec047b84c42f165c5367c97f1f32b6,8c503c07dc6dcdd904e948f14d270410c2fbd4d9796f8d9e08451dc34c7d4399,742509487aeb71d366f1ddafa1cb12db2f7cfefe17c4ca89c98cffb67c1c8619,,,full,0.2,True
REIM (ACT + Detector + Recovery),943,8000985,metaworld,True,57,0.15124273000037647,1,1,1,41,0.20537561178207397,task_success_while_recovery_active_per_intervention,True,False,,9b74c57fb383c480fe969ab56c36359b4423f7e2905238486d92ba204c9af378,8c503c07dc6dcdd904e948f14d270410c2fbd4d9796f8d9e08451dc34c7d4399,6943489118fc060756e24fd47685e2c10173293d54af0af7e8afa9e287c9c5f1,,,full,0.2,True
REIM (ACT + Detector + Recovery),944,8000986,metaworld,True,49,0.24704623599973274,0,0,0,0,0.1547258347272873,task_success_while_recovery_active_per_intervention,True,False,,6ff07826dafdf009cfa38ea722c1ff9a6788724cdb40493b3817c24f15f92466,8c503c07dc6dcdd904e948f14d270410c2fbd4d9796f8d9e08451dc34c7d4399,5d73f28d4d24cdbcb36a5e5cd61ec1a82f7287ce56d88da8cea912ed757b164c,,,full,0.2,True
REIM (ACT + Detector + Recovery),945,8000987,metaworld,True,52,0.24792495500150835,0,0,0,0,0.1984063684940338,task_success_while_recovery_active_per_intervention,True,False,,0420c0ee86d8c0c4a24a98bbe1f8bc3c1de6e4a256a346fe58a97a433ae4e199,8c503c07dc6dcdd904e948f14d270410c2fbd4d9796f8d9e08451dc34c7d4399,2eb279a724955c1a9d173681940490ec9cc8ed4fdc15a95533884a23d4ccdb4e,,,full,0.2,True
REIM (ACT + Detector + Recovery),946,8000988,metaworld,True,55,0.25858909000089625,0,0,0,0,0.09972836822271347,task_success_while_recovery_active_per_intervention,True,False,,847343fd92903ae8fa1619e66571e334506ba610d4a8e53ec1459cec4b5948fc,8c503c07dc6dcdd904e948f14d270410c2fbd4d9796f8d9e08451dc34c7d4399,742509487aeb71d366f1ddafa1cb12db2f7cfefe17c4ca89c98cffb67c1c8619,,,full,0.2,True
REIM (ACT + Detector + Recovery),947,8000989,metaworld,True,50,0.127858613999706,1,1,1,36,0.23666073381900787,task_success_while_recovery_active_per_intervention,True,False,,3e1122c71b22704030608e4812f79016fd05e4802e260316508562d8b6dbb917,8c503c07dc6dcdd904e948f14d270410c2fbd4d9796f8d9e08451dc34c7d4399,20cf3cfee33051ea4ca25b64648f05450b0068ae0136ae52c3108d28b02f3691,,,full,0.2,True
REIM (ACT + Detector + Recovery),948,8000990,metaworld,True,54,0.27180879899970023,0,0,0,0,0.19237111508846283,task_success_while_recovery_active_per_intervention,True,False,,1548aa8de0fee19b3d237a7e8cd519157d0fe2478cacce31102a529ce1609cb0,8c503c07dc6dcdd904e948f14d270410c2fbd4d9796f8d9e08451dc34c7d4399,2eb279a724955c1a9d173681940490ec9cc8ed4fdc15a95533884a23d4ccdb4e,,,full,0.2,True
REIM (ACT + Detector + Recovery),949,8000991,metaworld,True,58,0.27078378099758993,0,0,0,0,0.19056321680545807,task_success_while_recovery_active_per_intervention,True,False,,792fc7bde5d98e371529e8e21789341da4901ec75b5b1a472cc9fab8fd803a37,8c503c07dc6dcdd904e948f14d270410c2fbd4d9796f8d9e08451dc34c7d4399,f6a9ed9055e00c868d6771022c2c557a6a48990bdacbed585d07cde857d4755a,,,full,0.2,True
REIM (ACT + Detector + Recovery),950,8000992,metaworld,True,51,0.1428107639985683,1,1,1,31,0.26578301191329956,task_success_while_recovery_active_per_intervention,True,False,,6eab8067cfd992993cadfe2b2d671289bff0f5b41bdebb6d28f2aa9f03fe48ba,8c503c07dc6dcdd904e948f14d270410c2fbd4d9796f8d9e08451dc34c7d4399,2eb279a724955c1a9d173681940490ec9cc8ed4fdc15a95533884a23d4ccdb4e,,,full,0.2,True
REIM (ACT + Detector + Recovery),951,8000993,metaworld,True,53,0.17408884500036947,1,1,1,26,0.20844696462154388,task_success_while_recovery_active_per_intervention,True,False,,c4591b81dd2e441bfac6cc86f5d7b17a7876e6cc018ccee2e3f3c92d1f114f35,8c503c07dc6dcdd904e948f14d270410c2fbd4d9796f8d9e08451dc34c7d4399,2eb279a724955c1a9d173681940490ec9cc8ed4fdc15a95533884a23d4ccdb4e,,,full,0.2,True
REIM (ACT + Detector + Recovery),952,8000994,metaworld,True,60,0.3078327299990633,0,0,0,0,0.13066963851451874,task_success_while_recovery_active_per_intervention,True,False,,b585aa8dc5b4c8f2795c0a7291b9498a36740d2f31dadfcb04e633932f769e0c,8c503c07dc6dcdd904e948f14d270410c2fbd4d9796f8d9e08451dc34c7d4399,5732f26a5a3acd61cb38107328c80d8fadad8368570aba69b803668406e8f53d,,,full,0.2,True
REIM (ACT + Detector + Recovery),953,8000995,metaworld,True,62,0.1629801460003364,1,1,1,47,0.3237802982330322,task_success_while_recovery_active_per_intervention,True,False,,424b0e4f088fa08e6c0c4f5d0fcc11942afe6a7d634dd431b79097939014413e,8c503c07dc6dcdd904e948f14d270410c2fbd4d9796f8d9e08451dc34c7d4399,8a99d46d6d04afe3e2ef92bb607dde5e178b5c37506006c4f364e345976453b1,,,full,0.2,True
REIM (ACT + Detector + Recovery),954,8000996,metaworld,True,59,0.12653495999984443,1,1,1,51,0.3166654109954834,task_success_while_recovery_active_per_intervention,True,False,,ad948e75e4b9ecbdd3156b377fb8989e3195f37a2bd5223eb39561212256c8f9,8c503c07dc6dcdd904e948f14d270410c2fbd4d9796f8d9e08451dc34c7d4399,39001749c902e2ab9d015efb8c7644faffff99810b709d3203dc359d5eacdcbd,,,full,0.2,True
REIM (ACT + Detector + Recovery),955,8000997,metaworld,False,200,0.4680885239977215,1,0,1,150,0.9827273488044739,task_success_while_recovery_active_per_intervention,False,True,timeout,06853ccfb10d15edb70029db7fc49bd8fe364daf4e91805acaa86907d6e9af03,8c503c07dc6dcdd904e948f14d270410c2fbd4d9796f8d9e08451dc34c7d4399,6338b57c8983138382fa5c9ee7bb2d2c200be44368697f7ffa8216ea26ddccaf,,,full,0.2,True
REIM (ACT + Detector + Recovery),956,8000998,metaworld,True,57,0.26902572799735935,0,0,0,0,0.11842227727174759,task_success_while_recovery_active_per_intervention,True,False,,3395fe5e56fc283f05306f1b68e3390ba6cccaf911495f6c7f7163a6384b9dc8,8c503c07dc6dcdd904e948f14d270410c2fbd4d9796f8d9e08451dc34c7d4399,f6a9ed9055e00c868d6771022c2c557a6a48990bdacbed585d07cde857d4755a,,,full,0.2,True
REIM (ACT + Detector + Recovery),957,8000999,metaworld,True,54,0.13656921500296448,1,1,1,38,0.27145129442214966,task_success_while_recovery_active_per_intervention,True,False,,0aa92a10410d244dd4047e1cf1d7515d2006ac2f29a91476637631028556f7be,8c503c07dc6dcdd904e948f14d270410c2fbd4d9796f8d9e08451dc34c7d4399,aa1f17aacdf569c3a2930a2ebbf742ff43f8d3acfc772731a5c344cabcd52570,,,full,0.2,True
REIM (ACT + Detector + Recovery),958,8001000,metaworld,True,57,0.12331070800064481,1,1,1,47,0.2896915376186371,task_success_while_recovery_active_per_intervention,True,False,,90ea6c8978d574d9ad489fab5d7dc0950f93a02a363bfe77e6d90e713699e814,8c503c07dc6dcdd904e948f14d270410c2fbd4d9796f8d9e08451dc34c7d4399,588df85fb38ef87f822932ad2f702be807974873e4a07ea43084bbdeeaac6604,,,full,0.2,True
REIM (ACT + Detector + Recovery),959,8001001,metaworld,True,55,0.2593672910006717,0,0,0,0,0.13445819914340973,task_success_while_recovery_active_per_intervention,True,False,,c6da5e66e2e9d1f0ab813557ba38944babd0873529a184b87d899be2ff094842,8c503c07dc6dcdd904e948f14d270410c2fbd4d9796f8d9e08451dc34c7d4399,4e97203f8ce1a96cef19545d4c4c300d0de39e4f94bd1941cef7ebc3dd48be02,,,full,0.2,True
REIM (ACT + Detector + Recovery),960,8001002,metaworld,True,51,0.13262113000018871,1,1,1,34,0.27235063910484314,task_success_while_recovery_active_per_intervention,True,False,,977720dd939b1f66f9f761f92e367a2b550bb380fcda778ec6b805239b2b060f,8c503c07dc6dcdd904e948f14d270410c2fbd4d9796f8d9e08451dc34c7d4399,cea0b9105255f82e0ee99bfb3998a6edce02b446d4b14afb0747282cd18aa202,,,full,0.2,True
REIM (ACT + Detector + Recovery),961,8001003,metaworld,True,61,0.1262236459988344,1,1,1,51,0.31757569313049316,task_success_while_recovery_active_per_intervention,True,False,,6c5b03243e944351023798d454017dd327b9386453f2295a577975dec95d8798,8c503c07dc6dcdd904e948f14d270410c2fbd4d9796f8d9e08451dc34c7d4399,3183afb500ebb9a5af177cccb5b5889a8321eb35261f8ec571269f8b5ed9cd1a,,,full,0.2,True
REIM (ACT + Detector + Recovery),962,8001004,metaworld,True,48,0.14946337999936077,1,1,1,24,0.21119657158851624,task_success_while_recovery_active_per_intervention,True,False,,e9dedc4589d61ceb5e9124675e908c3963443def8941409b5d78e6ba87dc49f8,8c503c07dc6dcdd904e948f14d270410c2fbd4d9796f8d9e08451dc34c7d4399,08a97a6dfa17f78b5cc5b1351d60038e4a40a68fc93722672482714333b1d9b5,,,full,0.2,True
REIM (ACT + Detector + Recovery),963,8001005,metaworld,True,54,0.11210291099996539,1,1,1,46,0.2595420479774475,task_success_while_recovery_active_per_intervention,True,False,,57830a8f0a4c158dfb73288f66c2efbce44cb8ee7b7bcc51180520e8d6bacc09,8c503c07dc6dcdd904e948f14d270410c2fbd4d9796f8d9e08451dc34c7d4399,aba21ef1c98d0573e36116c9757115227fd3793cba96aea7eda95c2547314ca3,,,full,0.2,True
REIM (ACT + Detector + Recovery),964,8001006,metaworld,True,62,0.29709218900097767,0,0,0,0,0.1667620837688446,task_success_while_recovery_active_per_intervention,True,False,,780c3f356dcba1ff95898c073a59e9ce3f9fdcf992722ee97b5b4c894ecdcbe6,8c503c07dc6dcdd904e948f14d270410c2fbd4d9796f8d9e08451dc34c7d4399,1c856fdcb5da12c3fa2d15b38741aa980fa3a47e64fb99f8635817590128f9ea,,,full,0.2,True
REIM (ACT + Detector + Recovery),965,8001007,metaworld,True,60,0.1269264970032964,1,1,1,51,0.3461604118347168,task_success_while_recovery_active_per_intervention,True,False,,d340ec159b58636a886da7e02720f1587439d7e78fefe4f709d668389ec767d4,8c503c07dc6dcdd904e948f14d270410c2fbd4d9796f8d9e08451dc34c7d4399,ba19e0623fe05add91e00811bacb33e27305f5fcb6549be6f6278ebce6046101,,,full,0.2,True
REIM (ACT + Detector + Recovery),966,8001008,metaworld,True,52,0.12832232200162252,1,1,1,38,0.21957479417324066,task_success_while_recovery_active_per_intervention,True,False,,21e55bf6a5f530ca563c2f12706b40333778abcccdff129642bdf78fc4e2b81a,8c503c07dc6dcdd904e948f14d270410c2fbd4d9796f8d9e08451dc34c7d4399,2ad5907877cc42b4447b9630988e3a1f0da0d83e1f696f71e22dc69905e631b6,,,full,0.2,True
REIM (ACT + Detector + Recovery),967,8001009,metaworld,False,200,0.5098367350001354,1,0,1,135,0.9924578666687012,task_success_while_recovery_active_per_intervention,False,True,timeout,9c1c18ee2cace5b16aa18053db4ef4d22b74f70aa7ecf1cbf3ff2c6f6e22767c,8c503c07dc6dcdd904e948f14d270410c2fbd4d9796f8d9e08451dc34c7d4399,6943489118fc060756e24fd47685e2c10173293d54af0af7e8afa9e287c9c5f1,,,full,0.2,True
REIM (ACT + Detector + Recovery),968,8001010,metaworld,True,57,0.11317564700220828,1,1,1,49,0.3147795498371124,task_success_while_recovery_active_per_intervention,True,False,,1698c0422a3a8dcec5ee097e52b4b03df2805c5e1179101f04b67dfa6235d4f4,8c503c07dc6dcdd904e948f14d270410c2fbd4d9796f8d9e08451dc34c7d4399,aba21ef1c98d0573e36116c9757115227fd3793cba96aea7eda95c2547314ca3,,,full,0.2,True
REIM (ACT + Detector + Recovery),969,8001011,metaworld,False,200,0.46174409100058256,1,0,1,150,0.9364928007125854,task_success_while_recovery_active_per_intervention,False,True,timeout,14c8a6664139e15dbc3e80caa7425c7202a3624515c9a0c424558ca3880edbf1,8c503c07dc6dcdd904e948f14d270410c2fbd4d9796f8d9e08451dc34c7d4399,6338b57c8983138382fa5c9ee7bb2d2c200be44368697f7ffa8216ea26ddccaf,,,full,0.2,True
REIM (ACT + Detector + Recovery),970,8001012,metaworld,True,58,0.19205646500267903,1,1,1,29,0.3217146098613739,task_success_while_recovery_active_per_intervention,True,False,,20c8daafc2d6813fffa41fbcd2e25494520a27586f45f67053b9edb7faa38285,8c503c07dc6dcdd904e948f14d270410c2fbd4d9796f8d9e08451dc34c7d4399,8a99d46d6d04afe3e2ef92bb607dde5e178b5c37506006c4f364e345976453b1,,,full,0.2,True
REIM (ACT + Detector + Recovery),971,8001013,metaworld,True,52,0.1644090169975243,1,1,1,32,0.209537535905838,task_success_while_recovery_active_per_intervention,True,False,,95dcd189f78a4e301d4ce106fdcee3b9c07808336fb2f68373237f108af5572f,8c503c07dc6dcdd904e948f14d270410c2fbd4d9796f8d9e08451dc34c7d4399,aa1f17aacdf569c3a2930a2ebbf742ff43f8d3acfc772731a5c344cabcd52570,,,full,0.2,True
REIM (ACT + Detector + Recovery),972,8001014,metaworld,True,54,0.18520964200070011,1,1,1,28,0.2029479742050171,task_success_while_recovery_active_per_intervention,True,False,,72db4932dbbe77dc654af4d4613ad7fd1dd8d7803bde824ce02234948b97107e,8c503c07dc6dcdd904e948f14d270410c2fbd4d9796f8d9e08451dc34c7d4399,f82ceac6f8787ac22c378edc1f141cedcc86bf9309b43f1aff6633ae0a963abb,,,full,0.2,True
REIM (ACT + Detector + Recovery),973,8001015,metaworld,True,55,0.2898033729979943,0,0,0,0,0.13034209609031677,task_success_while_recovery_active_per_intervention,True,False,,d2aae1846245f9402ff8eafe70a076049301660cea0ba772eacaf03f71b8161c,8c503c07dc6dcdd904e948f14d270410c2fbd4d9796f8d9e08451dc34c7d4399,0cda21f8ffacf0a1e40e7b0e858a8e2ddc276972106d4bced99d4404b4a13fd8,,,full,0.2,True
REIM (ACT + Detector + Recovery),974,8001016,metaworld,True,54,0.12806951200036565,1,1,1,41,0.24915224313735962,task_success_while_recovery_active_per_intervention,True,False,,c50d18bec91e81ce8ec0c2d920aced0ba6742ec13518f5ccf3cc6e8a4971b2d1,8c503c07dc6dcdd904e948f14d270410c2fbd4d9796f8d9e08451dc34c7d4399,5e1df472084de78052388a34f03cad3de438ca9b5dc801b5759dd57c66a7482a,,,full,0.2,True
REIM (ACT + Detector + Recovery),975,8001017,metaworld,False,200,0.5593854719991214,1,0,1,139,0.994478702545166,task_success_while_recovery_active_per_intervention,False,True,timeout,7ec1a3ac61d0b2eea1f380c5c5ed1831ffecbf12563d784ef69cc1a57d2154e8,8c503c07dc6dcdd904e948f14d270410c2fbd4d9796f8d9e08451dc34c7d4399,a0b103bf3e43f4aa92753185301eba5e2e31594285004b99f51a59b33bd2d620,,,full,0.2,True
REIM (ACT + Detector + Recovery),976,8001018,metaworld,True,59,0.1258168670028681,1,1,1,51,0.5082453489303589,task_success_while_recovery_active_per_intervention,True,False,,c06c4985580bc898e81d50cfbfc52e53aa047ec283ba308fac12070d43059597,8c503c07dc6dcdd904e948f14d270410c2fbd4d9796f8d9e08451dc34c7d4399,0f719f94ef165c0b816b8b10c3f4f5fcf802c9f5a25141035590310315749280,,,full,0.2,True
REIM (ACT + Detector + Recovery),977,8001019,metaworld,True,53,0.2710599189995264,0,0,0,0,0.17419587075710297,task_success_while_recovery_active_per_intervention,True,False,,f9b15670e25cbedc3f7d6b306e33961be7f6127cfb69a86c3ad62c223d8e2721,8c503c07dc6dcdd904e948f14d270410c2fbd4d9796f8d9e08451dc34c7d4399,38329c6b97bbe7d133bf007c22742dca5f0cd7258f8d7199135c6c2371ae591d,,,full,0.2,True
REIM (ACT + Detector + Recovery),978,8001020,metaworld,True,60,0.31920986200202606,0,0,0,0,0.18527847528457642,task_success_while_recovery_active_per_intervention,True,False,,078297182f2007221eda584c979c240d85cda5f6de615f2b3101c4bacadc3ebf,8c503c07dc6dcdd904e948f14d270410c2fbd4d9796f8d9e08451dc34c7d4399,5732f26a5a3acd61cb38107328c80d8fadad8368570aba69b803668406e8f53d,,,full,0.2,True
REIM (ACT + Detector + Recovery),979,8001021,metaworld,True,53,0.272646313002042,0,0,0,0,0.15990476310253143,task_success_while_recovery_active_per_intervention,True,False,,8cb0ea1b60e6aef73f550e46256e155ca16fe7a8790db746c3744d810202cf33,8c503c07dc6dcdd904e948f14d270410c2fbd4d9796f8d9e08451dc34c7d4399,588df85fb38ef87f822932ad2f702be807974873e4a07ea43084bbdeeaac6604,,,full,0.2,True
REIM (ACT + Detector + Recovery),980,8001022,metaworld,True,51,0.2755149279983016,0,0,0,0,0.15405350923538208,task_success_while_recovery_active_per_intervention,True,False,,69b2d337111674b540ebfb296837eabba18340fe716b0398a9c9a782b10c294b,8c503c07dc6dcdd904e948f14d270410c2fbd4d9796f8d9e08451dc34c7d4399,2ad5907877cc42b4447b9630988e3a1f0da0d83e1f696f71e22dc69905e631b6,,,full,0.2,True
REIM (ACT + Detector + Recovery),981,8001023,metaworld,True,53,0.13426057499964372,1,1,1,43,0.27265116572380066,task_success_while_recovery_active_per_intervention,True,False,,6d80372bcd595afa9927702e585086435cfdaaf3845b6ca697437aa2f45256c1,8c503c07dc6dcdd904e948f14d270410c2fbd4d9796f8d9e08451dc34c7d4399,35aa26efb4a8651c1d8f46a573d3d4fea76add87b5c76a00531e1cea9ad04412,,,full,0.2,True
REIM (ACT + Detector + Recovery),982,8001024,metaworld,True,53,0.16199247099939384,1,1,1,32,0.2946336269378662,task_success_while_recovery_active_per_intervention,True,False,,2f75a8f6405a8aeb41c9bce073208f65518efa83b282126eb060adbfb272601a,8c503c07dc6dcdd904e948f14d270410c2fbd4d9796f8d9e08451dc34c7d4399,f82ceac6f8787ac22c378edc1f141cedcc86bf9309b43f1aff6633ae0a963abb,,,full,0.2,True
REIM (ACT + Detector + Recovery),983,8001025,metaworld,True,56,0.14663075199860032,1,1,1,38,0.24619701504707336,task_success_while_recovery_active_per_intervention,True,False,,2fac53e1b1361108c06d2f0588f26451260febd71c77a0cc49057522516be052,8c503c07dc6dcdd904e948f14d270410c2fbd4d9796f8d9e08451dc34c7d4399,8a99d46d6d04afe3e2ef92bb607dde5e178b5c37506006c4f364e345976453b1,,,full,0.2,True
REIM (ACT + Detector + Recovery),984,8001026,metaworld,True,57,0.2670501409993449,0,0,0,0,0.1452329307794571,task_success_while_recovery_active_per_intervention,True,False,,da5f900161ee49e663b261aca742d9d6769bfdc9857280826d841a428b5ee2b8,8c503c07dc6dcdd904e948f14d270410c2fbd4d9796f8d9e08451dc34c7d4399,b8e45a2f8f553d53c6eef0305347f910b9999bcae6df6ccaf0eaee6ac864e670,,,full,0.2,True
REIM (ACT + Detector + Recovery),985,8001027,metaworld,True,54,0.12412460599807673,1,1,1,43,0.2809198200702667,task_success_while_recovery_active_per_intervention,True,False,,017750e17c2421df0e4fe40ce4fe5cc00ad8419496072ce45ba8b0de709b2b60,8c503c07dc6dcdd904e948f14d270410c2fbd4d9796f8d9e08451dc34c7d4399,c40fedd273cade53989af8adc3ca66d02f2d92ca4d97b2f6391a0dd0ab6dbca3,,,full,0.2,True
REIM (ACT + Detector + Recovery),986,8001028,metaworld,True,52,0.11766403499859734,1,1,1,42,0.2794339656829834,task_success_while_recovery_active_per_intervention,True,False,,9365a2ffe829a0b017cb6eaddd0441fcff9193b12b82c18ec350bad7da4b9a74,8c503c07dc6dcdd904e948f14d270410c2fbd4d9796f8d9e08451dc34c7d4399,c40fedd273cade53989af8adc3ca66d02f2d92ca4d97b2f6391a0dd0ab6dbca3,,,full,0.2,True
REIM (ACT + Detector + Recovery),987,8001029,metaworld,True,50,0.14694168799906038,1,1,1,31,0.2902366518974304,task_success_while_recovery_active_per_intervention,True,False,,680718ce9e5f6c842380ba06eafca56a0b3c240e5cb0927f191d48ce340833c0,8c503c07dc6dcdd904e948f14d270410c2fbd4d9796f8d9e08451dc34c7d4399,e6e55bdbd77dc052facbc072d20b08a21d116978c37627b9a3d9dc7989dfbe62,,,full,0.2,True
REIM (ACT + Detector + Recovery),988,8001030,metaworld,True,58,0.18865962700147065,1,1,1,31,0.20347993075847626,task_success_while_recovery_active_per_intervention,True,False,,50a48e47d37cff441db407d5c85bebaee171992ec254d0d49996c0cee7e3c95f,8c503c07dc6dcdd904e948f14d270410c2fbd4d9796f8d9e08451dc34c7d4399,06d355d7aff3b944ab4199c02a94c63d062e5c414c0b195f7b232b607e0ab1ed,,,full,0.2,True
REIM (ACT + Detector + Recovery),989,8001031,metaworld,True,61,0.13281583699790644,1,1,1,52,0.37354373931884766,task_success_while_recovery_active_per_intervention,True,False,,09239d06cca232e9e5b0102ffd96aecdc22ea4774db8038343d1e5c754799159,8c503c07dc6dcdd904e948f14d270410c2fbd4d9796f8d9e08451dc34c7d4399,b8e45a2f8f553d53c6eef0305347f910b9999bcae6df6ccaf0eaee6ac864e670,,,full,0.2,True
REIM (ACT + Detector + Recovery),990,8001032,metaworld,True,56,0.2886787440002081,0,0,0,0,0.1745741367340088,task_success_while_recovery_active_per_intervention,True,False,,4e1cfe0837b7bf1af3636cde944f11f9abc242045a952c5e2a4da0ee36004563,8c503c07dc6dcdd904e948f14d270410c2fbd4d9796f8d9e08451dc34c7d4399,25805a097f1f4b8c203ec3c130dcd3e66b5fb3ad298114a08662aae6c86fa673,,,full,0.2,True
REIM (ACT + Detector + Recovery),991,8001033,metaworld,True,54,0.15535365499818,1,1,1,34,0.203518807888031,task_success_while_recovery_active_per_intervention,True,False,,25b9642d072ccf4bb9a164a6ca3f9ca34aaa629b6a237af56004a7eece24d88c,8c503c07dc6dcdd904e948f14d270410c2fbd4d9796f8d9e08451dc34c7d4399,7c3391ee418e26d47c002810bc00065e4dd0b6728c969d2338ad549ad01ebb0a,,,full,0.2,True
REIM (ACT + Detector + Recovery),992,8001034,metaworld,True,53,0.1182686920001288,1,1,1,43,0.2783845067024231,task_success_while_recovery_active_per_intervention,True,False,,47ae3e92147da1fac2d65db5923cb291fa5c5e8e5ce5b2518fd339adae69bfbb,8c503c07dc6dcdd904e948f14d270410c2fbd4d9796f8d9e08451dc34c7d4399,c40fedd273cade53989af8adc3ca66d02f2d92ca4d97b2f6391a0dd0ab6dbca3,,,full,0.2,True
REIM (ACT + Detector + Recovery),993,8001035,metaworld,True,51,0.23918756199782365,0,0,0,0,0.15088015794754028,task_success_while_recovery_active_per_intervention,True,False,,0f6b07fabbf131927aad1c0f6957c88f7ba5cb4376a64904572351ac9015647c,8c503c07dc6dcdd904e948f14d270410c2fbd4d9796f8d9e08451dc34c7d4399,15a9adece7ebea14bdf37f5376e274c6dce4711281025cf35060933ba9ab8ad3,,,full,0.2,True
REIM (ACT + Detector + Recovery),994,8001036,metaworld,True,55,0.2648266219985089,0,0,0,0,0.1977822631597519,task_success_while_recovery_active_per_intervention,True,False,,3f1c66114c7d72f09d8a4138e6dbd9e6d624f7cddac41d9df75d9b1163f5c383,8c503c07dc6dcdd904e948f14d270410c2fbd4d9796f8d9e08451dc34c7d4399,64ee837add19202e84553431fdab118462cf5265eeae19a4d044b5a6818f771d,,,full,0.2,True
REIM (ACT + Detector + Recovery),995,8001037,metaworld,False,200,0.4823903309988964,1,0,1,150,0.9916372895240784,task_success_while_recovery_active_per_intervention,False,True,timeout,186afe0a658e5074e9ceff9f3ff1139573b13a9bd4779138b9f04f782f0bd4c9,8c503c07dc6dcdd904e948f14d270410c2fbd4d9796f8d9e08451dc34c7d4399,b8e45a2f8f553d53c6eef0305347f910b9999bcae6df6ccaf0eaee6ac864e670,,,full,0.2,True
REIM (ACT + Detector + Recovery),996,8001038,metaworld,True,57,0.2920969020015036,0,0,0,0,0.09063366800546646,task_success_while_recovery_active_per_intervention,True,False,,498fd9abbf8eaf3603cf3133e43b9a6890961a9369fdc9fbd7a14015f4094693,8c503c07dc6dcdd904e948f14d270410c2fbd4d9796f8d9e08451dc34c7d4399,f6a9ed9055e00c868d6771022c2c557a6a48990bdacbed585d07cde857d4755a,,,full,0.2,True
REIM (ACT + Detector + Recovery),997,8001039,metaworld,True,56,0.13577344000077574,1,1,1,41,0.23987282812595367,task_success_while_recovery_active_per_intervention,True,False,,54ebba5db844ab6800a5369552f454a682afa36a2c83c2b1a35573187666150d,8c503c07dc6dcdd904e948f14d270410c2fbd4d9796f8d9e08451dc34c7d4399,8a99d46d6d04afe3e2ef92bb607dde5e178b5c37506006c4f364e345976453b1,,,full,0.2,True
REIM (ACT + Detector + Recovery),998,8001040,metaworld,True,60,0.14956608599823085,1,1,1,43,0.3217083215713501,task_success_while_recovery_active_per_intervention,True,False,,7d92bf48aab6edb9ae95189a0196cdd92cb8a9628d929eb8e00a25b16c29f44c,8c503c07dc6dcdd904e948f14d270410c2fbd4d9796f8d9e08451dc34c7d4399,8a99d46d6d04afe3e2ef92bb607dde5e178b5c37506006c4f364e345976453b1,,,full,0.2,True
REIM (ACT + Detector + Recovery),999,8001041,metaworld,True,54,0.152068370996858,1,1,1,33,0.2321794480085373,task_success_while_recovery_active_per_intervention,True,False,,30e5b42498154950202ec6ba41f9f4ffa76f7911aececf2cf1b81ee090ae050b,8c503c07dc6dcdd904e948f14d270410c2fbd4d9796f8d9e08451dc34c7d4399,aa1f17aacdf569c3a2930a2ebbf742ff43f8d3acfc772731a5c344cabcd52570,,,full,0.2,True
