method,episode,seed,backend,success,steps,elapsed_seconds,recovery_attempts,recovery_successes,detector_triggers,recovery_steps,failure_probability_max,recovery_definition,terminated,truncated,failure_reason,episode_specification_sha256,episode_bank_sha256,metaworld_task_sha256,retry_specification_sha256s,retry_task_sha256s,noise_level,noise_percent,action_noise_std,observation_noise_std,object_impulse_std_m,condition_index,Profile,Benchmark Eligible
ACT,0,8000042,metaworld,False,200,1.1008262819996162,0,0,0,0,0.0,,False,True,timeout,6e51fdc4fa9564a014be3a60efaaa6e75514d49a902c54e897905b041b01269f,093171deee73c73233afa582007dc538d5372fbe19a180c78389ff37452cf336,f82ceac6f8787ac22c378edc1f141cedcc86bf9309b43f1aff6633ae0a963abb,,,0.3,30.0,0.12,0.0075,0.03,0,full,True
ACT,1,8000043,metaworld,True,61,0.3418159459979506,0,0,0,0,0.0,,True,False,,a37cc9895497c161cc0e61cd91a17ceb6fc96a80c672228fff52878625245878,093171deee73c73233afa582007dc538d5372fbe19a180c78389ff37452cf336,06d355d7aff3b944ab4199c02a94c63d062e5c414c0b195f7b232b607e0ab1ed,,,0.3,30.0,0.12,0.0075,0.03,0,full,True
ACT,2,8000044,metaworld,False,200,1.115927451999596,0,0,0,0,0.0,,False,True,timeout,9019aa641c3e21bc94152e111aba2c0fe83a4e531f25b9d7c4299149fd785663,093171deee73c73233afa582007dc538d5372fbe19a180c78389ff37452cf336,f6a9ed9055e00c868d6771022c2c557a6a48990bdacbed585d07cde857d4755a,,,0.3,30.0,0.12,0.0075,0.03,0,full,True
ACT,3,8000045,metaworld,False,200,1.1322615509998286,0,0,0,0,0.0,,False,True,timeout,359e42e49029e62d58735744577f2dc2e2192bc31ee0b85b9d0926643c1a7940,093171deee73c73233afa582007dc538d5372fbe19a180c78389ff37452cf336,5d73f28d4d24cdbcb36a5e5cd61ec1a82f7287ce56d88da8cea912ed757b164c,,,0.3,30.0,0.12,0.0075,0.03,0,full,True
ACT,4,8000046,metaworld,True,49,0.2881465479986218,0,0,0,0,0.0,,True,False,,611de65f6c9535ab7db32732b6dd841be76f5608de30ca5f8540cf2aebd7cd50,093171deee73c73233afa582007dc538d5372fbe19a180c78389ff37452cf336,27e1ed8c670f23dae46752497e383610e58c248d638e3b9b707808a32ce33d4e,,,0.3,30.0,0.12,0.0075,0.03,0,full,True
ACT,5,8000047,metaworld,True,53,0.29500818899759906,0,0,0,0,0.0,,True,False,,f8d47adff6ca1a7ce33565c0878196861c2247a7c71e5ea587254f888ed16edd,093171deee73c73233afa582007dc538d5372fbe19a180c78389ff37452cf336,38329c6b97bbe7d133bf007c22742dca5f0cd7258f8d7199135c6c2371ae591d,,,0.3,30.0,0.12,0.0075,0.03,0,full,True
ACT,6,8000048,metaworld,False,200,1.127608766000776,0,0,0,0,0.0,,False,True,timeout,e9080374aa214abacd6566b01d68dc5a7a1760592358299fffb51989e969a800,093171deee73c73233afa582007dc538d5372fbe19a180c78389ff37452cf336,aba21ef1c98d0573e36116c9757115227fd3793cba96aea7eda95c2547314ca3,,,0.3,30.0,0.12,0.0075,0.03,0,full,True
ACT,7,8000049,metaworld,True,55,0.31599083399851224,0,0,0,0,0.0,,True,False,,26e333367aa36cbcd2db893969ccddd4097f5c70f09b684257ae0f33e182093d,093171deee73c73233afa582007dc538d5372fbe19a180c78389ff37452cf336,4e97203f8ce1a96cef19545d4c4c300d0de39e4f94bd1941cef7ebc3dd48be02,,,0.3,30.0,0.12,0.0075,0.03,0,full,True
ACT,8,8000050,metaworld,False,200,1.1662958359993354,0,0,0,0,0.0,,False,True,timeout,df8a377a3083f124c38d423d139a1bd324ff03857cbd7047f5000acd2c5b1202,093171deee73c73233afa582007dc538d5372fbe19a180c78389ff37452cf336,64ee837add19202e84553431fdab118462cf5265eeae19a4d044b5a6818f771d,,,0.3,30.0,0.12,0.0075,0.03,0,full,True
ACT,9,8000051,metaworld,True,57,0.34231792599894106,0,0,0,0,0.0,,True,False,,14e265df42283b82d1c0c4276fd065a1f40e15fddee4d5907586f7b3745afc68,093171deee73c73233afa582007dc538d5372fbe19a180c78389ff37452cf336,6cb8d983459a8e57d4ae53a86da2394015cabba2d7c306dcaf7b14af979ca230,,,0.3,30.0,0.12,0.0075,0.03,0,full,True
ACT,10,8000052,metaworld,False,200,1.2102465589996427,0,0,0,0,0.0,,False,True,timeout,855faad6474afe214f2b398718ebddbb7570ec8f6dd23ad6d836f795b20ddc6c,093171deee73c73233afa582007dc538d5372fbe19a180c78389ff37452cf336,504c23f653f6cdee9d659d9320b164606b319d4f0e9cdf0f3a87e2fc7a98160a,,,0.3,30.0,0.12,0.0075,0.03,0,full,True
ACT,11,8000053,metaworld,False,200,1.1065747259999625,0,0,0,0,0.0,,False,True,timeout,9af5103797bf8cd7b374ddceaa3b9674841a2f629d9b6f9fa987265d1c6dfcf7,093171deee73c73233afa582007dc538d5372fbe19a180c78389ff37452cf336,06d355d7aff3b944ab4199c02a94c63d062e5c414c0b195f7b232b607e0ab1ed,,,0.3,30.0,0.12,0.0075,0.03,0,full,True
ACT,12,8000054,metaworld,False,200,1.0732745390014315,0,0,0,0,0.0,,False,True,timeout,4ac3f3a5bcfdcb552eb71c305bcd46db1553fd46fcd43eeb71694764e1e2d105,093171deee73c73233afa582007dc538d5372fbe19a180c78389ff37452cf336,742509487aeb71d366f1ddafa1cb12db2f7cfefe17c4ca89c98cffb67c1c8619,,,0.3,30.0,0.12,0.0075,0.03,0,full,True
ACT,13,8000055,metaworld,False,200,1.0420360079988313,0,0,0,0,0.0,,False,True,object_dropped,707f2903d8ad705a88d1c27556d07ab69834f7195d587a7cce964c27048499df,093171deee73c73233afa582007dc538d5372fbe19a180c78389ff37452cf336,e216352c7f1c7392270c7c501bb599f2a46f420613a124fda0729ab88160cdf2,,,0.3,30.0,0.12,0.0075,0.03,0,full,True
ACT,14,8000056,metaworld,False,200,1.0580088749993593,0,0,0,0,0.0,,False,True,timeout,7ddda59a9a10b4bcafda9c4451b08db9638b1ef692c57f821fde6e9ea49f91d5,093171deee73c73233afa582007dc538d5372fbe19a180c78389ff37452cf336,64ee837add19202e84553431fdab118462cf5265eeae19a4d044b5a6818f771d,,,0.3,30.0,0.12,0.0075,0.03,0,full,True
ACT,15,8000057,metaworld,False,200,1.0123074889997952,0,0,0,0,0.0,,False,True,timeout,f4305e51c73d7ec58e7b7cf21103ca61af704836b6d6ba8786a19d023387a0f2,093171deee73c73233afa582007dc538d5372fbe19a180c78389ff37452cf336,c40fedd273cade53989af8adc3ca66d02f2d92ca4d97b2f6391a0dd0ab6dbca3,,,0.3,30.0,0.12,0.0075,0.03,0,full,True
ACT,16,8000058,metaworld,False,200,0.9792317530009313,0,0,0,0,0.0,,False,True,timeout,0b99b9e6d542cccd0fd4f0fdd9cf29feed07e7172e54bdf597e1c7a7e649f2b5,093171deee73c73233afa582007dc538d5372fbe19a180c78389ff37452cf336,942fb6a87dc1e3eb7bf7bb111c97e7096138256b4a9a6b4c62a012fabe8bec38,,,0.3,30.0,0.12,0.0075,0.03,0,full,True
ACT,17,8000059,metaworld,False,200,0.979007032001391,0,0,0,0,0.0,,False,True,timeout,b7784d3cbf6ed008c78dc7c7ecef83162baf058119816444bb45130363c75f19,093171deee73c73233afa582007dc538d5372fbe19a180c78389ff37452cf336,0f719f94ef165c0b816b8b10c3f4f5fcf802c9f5a25141035590310315749280,,,0.3,30.0,0.12,0.0075,0.03,0,full,True
ACT,18,8000060,metaworld,True,59,0.28888747900055023,0,0,0,0,0.0,,True,False,,8974be0398b6fd18c6747de6c8151d6e6744899b38b1e9e8c67ee892a9da17f8,093171deee73c73233afa582007dc538d5372fbe19a180c78389ff37452cf336,b8e45a2f8f553d53c6eef0305347f910b9999bcae6df6ccaf0eaee6ac864e670,,,0.3,30.0,0.12,0.0075,0.03,0,full,True
ACT,19,8000061,metaworld,True,57,0.2768856659968151,0,0,0,0,0.0,,True,False,,5aed90bc43bde5be83681d22d027375eee9ea0a6ad27ff18c935b9a765be1a2c,093171deee73c73233afa582007dc538d5372fbe19a180c78389ff37452cf336,06d355d7aff3b944ab4199c02a94c63d062e5c414c0b195f7b232b607e0ab1ed,,,0.3,30.0,0.12,0.0075,0.03,0,full,True
ACT,20,8000062,metaworld,True,54,0.2756634910001594,0,0,0,0,0.0,,True,False,,b537831af23695219acba12f36caab14c2dfc4074e23aca8c63c083c965d6b4f,093171deee73c73233afa582007dc538d5372fbe19a180c78389ff37452cf336,5e1df472084de78052388a34f03cad3de438ca9b5dc801b5759dd57c66a7482a,,,0.3,30.0,0.12,0.0075,0.03,0,full,True
ACT,21,8000063,metaworld,True,58,0.2945607750007184,0,0,0,0,0.0,,True,False,,5251904614ec34f78ea9bab571fc4bd1c41d2ade1303979f8945fb97ee06923a,093171deee73c73233afa582007dc538d5372fbe19a180c78389ff37452cf336,0cda21f8ffacf0a1e40e7b0e858a8e2ddc276972106d4bced99d4404b4a13fd8,,,0.3,30.0,0.12,0.0075,0.03,0,full,True
ACT,22,8000064,metaworld,True,57,0.2708662719996937,0,0,0,0,0.0,,True,False,,05b34706452a8d747b050cd1ff1b26ad31988290378841e7246ff8b4deac79ad,093171deee73c73233afa582007dc538d5372fbe19a180c78389ff37452cf336,6cb8d983459a8e57d4ae53a86da2394015cabba2d7c306dcaf7b14af979ca230,,,0.3,30.0,0.12,0.0075,0.03,0,full,True
ACT,23,8000065,metaworld,False,200,0.9230877769987273,0,0,0,0,0.0,,False,True,object_dropped,07a6c0a25b0637e83ab7f582c844e385b84ea11f5c96bc17d436159ee9cf8846,093171deee73c73233afa582007dc538d5372fbe19a180c78389ff37452cf336,39001749c902e2ab9d015efb8c7644faffff99810b709d3203dc359d5eacdcbd,,,0.3,30.0,0.12,0.0075,0.03,0,full,True
ACT,24,8000066,metaworld,False,200,0.9357569719977619,0,0,0,0,0.0,,False,True,timeout,7dd43dba35c6a2c5ec9b0e7cdf439b4e1a1231d9e649f8d5224fb01846f15703,093171deee73c73233afa582007dc538d5372fbe19a180c78389ff37452cf336,56b7f182edcfeefa9301e1edd53d7f36e4418de7e6df1b54b0f0c298cde1b3cd,,,0.3,30.0,0.12,0.0075,0.03,0,full,True
ACT,25,8000067,metaworld,False,200,0.9148415030031174,0,0,0,0,0.0,,False,True,timeout,ca0979cb55d527b193a661c27f2fb255bac9c0bf2816b027152c6364b9f95f80,093171deee73c73233afa582007dc538d5372fbe19a180c78389ff37452cf336,e216352c7f1c7392270c7c501bb599f2a46f420613a124fda0729ab88160cdf2,,,0.3,30.0,0.12,0.0075,0.03,0,full,True
ACT,26,8000068,metaworld,True,54,0.25296435299969744,0,0,0,0,0.0,,True,False,,8d4602256c0a57b9e41261c23f8a4f323635d909247a11a49939636e29016235,093171deee73c73233afa582007dc538d5372fbe19a180c78389ff37452cf336,2eb279a724955c1a9d173681940490ec9cc8ed4fdc15a95533884a23d4ccdb4e,,,0.3,30.0,0.12,0.0075,0.03,0,full,True
ACT,27,8000069,metaworld,True,51,0.2340019530020072,0,0,0,0,0.0,,True,False,,ee932c553f7c2abd2d9c5b5c08342ac264f73e03cb44d3bad75dfcde528898f9,093171deee73c73233afa582007dc538d5372fbe19a180c78389ff37452cf336,15a9adece7ebea14bdf37f5376e274c6dce4711281025cf35060933ba9ab8ad3,,,0.3,30.0,0.12,0.0075,0.03,0,full,True
ACT,28,8000070,metaworld,False,200,1.011185203002242,0,0,0,0,0.0,,False,True,timeout,d39c0bb2cf0fb9673725dd7c5a2d0748d4aacc6fe79dc35728981d3b3914cfdb,093171deee73c73233afa582007dc538d5372fbe19a180c78389ff37452cf336,5d73f28d4d24cdbcb36a5e5cd61ec1a82f7287ce56d88da8cea912ed757b164c,,,0.3,30.0,0.12,0.0075,0.03,0,full,True
ACT,29,8000071,metaworld,False,200,0.9223435769999924,0,0,0,0,0.0,,False,True,timeout,de16ea6ccd63a443ebd301b764baec995cdbeb91d935731ff54dac50f0361c68,093171deee73c73233afa582007dc538d5372fbe19a180c78389ff37452cf336,5e1df472084de78052388a34f03cad3de438ca9b5dc801b5759dd57c66a7482a,,,0.3,30.0,0.12,0.0075,0.03,0,full,True
ACT,30,8000072,metaworld,False,200,0.9235080459984601,0,0,0,0,0.0,,False,True,timeout,d6b47bc18f928352e976964736a1ccb340862e3c18baae886d8fab4cde844ed2,093171deee73c73233afa582007dc538d5372fbe19a180c78389ff37452cf336,aba21ef1c98d0573e36116c9757115227fd3793cba96aea7eda95c2547314ca3,,,0.3,30.0,0.12,0.0075,0.03,0,full,True
ACT,31,8000073,metaworld,True,58,0.26757240500228363,0,0,0,0,0.0,,True,False,,ca742dcd5b7392414b26068f3721b226a2b60b828c0c6b74a72c83c5d2b94621,093171deee73c73233afa582007dc538d5372fbe19a180c78389ff37452cf336,b8e45a2f8f553d53c6eef0305347f910b9999bcae6df6ccaf0eaee6ac864e670,,,0.3,30.0,0.12,0.0075,0.03,0,full,True
ACT,32,8000074,metaworld,False,200,0.9320877630016184,0,0,0,0,0.0,,False,True,timeout,14fcd407eae74578e2fee650ef9e9bb34c8aa8933b2f151f2fa4db9ecdfb8a20,093171deee73c73233afa582007dc538d5372fbe19a180c78389ff37452cf336,ba19e0623fe05add91e00811bacb33e27305f5fcb6549be6f6278ebce6046101,,,0.3,30.0,0.12,0.0075,0.03,0,full,True
ACT,33,8000075,metaworld,False,200,0.9526812739968591,0,0,0,0,0.0,,False,True,timeout,e84687395e330092f747b607d69d3fce4b1b9ac40e497d2e37cb7004b2f9d0b6,093171deee73c73233afa582007dc538d5372fbe19a180c78389ff37452cf336,8a99d46d6d04afe3e2ef92bb607dde5e178b5c37506006c4f364e345976453b1,,,0.3,30.0,0.12,0.0075,0.03,0,full,True
ACT,34,8000076,metaworld,False,200,0.9477704630007793,0,0,0,0,0.0,,False,True,object_dropped,dbc890efb1ab8f47c6b386bfa8db39fa090e1e0b9f94960e5689e4ebc5a09c73,093171deee73c73233afa582007dc538d5372fbe19a180c78389ff37452cf336,4e97203f8ce1a96cef19545d4c4c300d0de39e4f94bd1941cef7ebc3dd48be02,,,0.3,30.0,0.12,0.0075,0.03,0,full,True
ACT,35,8000077,metaworld,False,200,0.945276272999763,0,0,0,0,0.0,,False,True,timeout,d6d35e06f9b9aeae4ae92f32269bf1f6057424bb1f1e588a9c136d083c1f1bc8,093171deee73c73233afa582007dc538d5372fbe19a180c78389ff37452cf336,06d355d7aff3b944ab4199c02a94c63d062e5c414c0b195f7b232b607e0ab1ed,,,0.3,30.0,0.12,0.0075,0.03,0,full,True
ACT,36,8000078,metaworld,False,200,0.9369387039987487,0,0,0,0,0.0,,False,True,timeout,4283bf3a91e16411189735d87e9ee88e0231eb0a7f7a410c648bd0de476e40a1,093171deee73c73233afa582007dc538d5372fbe19a180c78389ff37452cf336,39001749c902e2ab9d015efb8c7644faffff99810b709d3203dc359d5eacdcbd,,,0.3,30.0,0.12,0.0075,0.03,0,full,True
ACT,37,8000079,metaworld,False,200,0.9857053490013641,0,0,0,0,0.0,,False,True,timeout,c031a82912685c2e7bfd44cc62fea0f118109e2513b1bb879c798a3bc0d87202,093171deee73c73233afa582007dc538d5372fbe19a180c78389ff37452cf336,8a99d46d6d04afe3e2ef92bb607dde5e178b5c37506006c4f364e345976453b1,,,0.3,30.0,0.12,0.0075,0.03,0,full,True
ACT,38,8000080,metaworld,False,200,0.9858025959983934,0,0,0,0,0.0,,False,True,timeout,9e7f039a97082e3dc405f186cd2f2b82b06c36eda05c876a05fa6e02411c815e,093171deee73c73233afa582007dc538d5372fbe19a180c78389ff37452cf336,5d73f28d4d24cdbcb36a5e5cd61ec1a82f7287ce56d88da8cea912ed757b164c,,,0.3,30.0,0.12,0.0075,0.03,0,full,True
ACT,39,8000081,metaworld,True,61,0.30218544799936353,0,0,0,0,0.0,,True,False,,ef907b2a7f498f78a8c9ea532b67ddf1d800ea401d5c09795b6ac60ea5d09b07,093171deee73c73233afa582007dc538d5372fbe19a180c78389ff37452cf336,a8cfe6e2276fbd15230c5555255b87d17333bdd29f84f687df7405d0311fae7f,,,0.3,30.0,0.12,0.0075,0.03,0,full,True
ACT,40,8000082,metaworld,True,54,0.2663127240011818,0,0,0,0,0.0,,True,False,,2f7ea9f8e7f674b6f0a552944b92201bf800b5249cd816886f35b15ca98a6c6c,093171deee73c73233afa582007dc538d5372fbe19a180c78389ff37452cf336,f82ceac6f8787ac22c378edc1f141cedcc86bf9309b43f1aff6633ae0a963abb,,,0.3,30.0,0.12,0.0075,0.03,0,full,True
ACT,41,8000083,metaworld,True,64,0.31605761000173516,0,0,0,0,0.0,,True,False,,a1de1cb70c9ef8a4a6da0ef72523a2775d6dccab0cdc9eba9c839e7588b7a37c,093171deee73c73233afa582007dc538d5372fbe19a180c78389ff37452cf336,4e97203f8ce1a96cef19545d4c4c300d0de39e4f94bd1941cef7ebc3dd48be02,,,0.3,30.0,0.12,0.0075,0.03,0,full,True
ACT,42,8000084,metaworld,False,200,0.970487401002174,0,0,0,0,0.0,,False,True,timeout,3a273b22228bf3b09a8b9e01f00022698a19a7f41aeecf378d2ff00a9ab97641,093171deee73c73233afa582007dc538d5372fbe19a180c78389ff37452cf336,5d73f28d4d24cdbcb36a5e5cd61ec1a82f7287ce56d88da8cea912ed757b164c,,,0.3,30.0,0.12,0.0075,0.03,0,full,True
ACT,43,8000085,metaworld,True,54,0.2643463679996785,0,0,0,0,0.0,,True,False,,68128a0452afb44c0355a9236313dda9a1dbaf4de9a6dddfa373963e7b96d057,093171deee73c73233afa582007dc538d5372fbe19a180c78389ff37452cf336,aba21ef1c98d0573e36116c9757115227fd3793cba96aea7eda95c2547314ca3,,,0.3,30.0,0.12,0.0075,0.03,0,full,True
ACT,44,8000086,metaworld,False,200,0.9823223069979576,0,0,0,0,0.0,,False,True,object_dropped,8a54ac0c6dc53f9596e9fbd32b84c16b1f4be4eebf35c85677b04873b35c5f0a,093171deee73c73233afa582007dc538d5372fbe19a180c78389ff37452cf336,27e1ed8c670f23dae46752497e383610e58c248d638e3b9b707808a32ce33d4e,,,0.3,30.0,0.12,0.0075,0.03,0,full,True
ACT,45,8000087,metaworld,True,56,0.27497858599963365,0,0,0,0,0.0,,True,False,,f6e83e36f725663951ef1fe850e040a2732967f60f3734f4938f3b9c1e88bb1e,093171deee73c73233afa582007dc538d5372fbe19a180c78389ff37452cf336,ba19e0623fe05add91e00811bacb33e27305f5fcb6549be6f6278ebce6046101,,,0.3,30.0,0.12,0.0075,0.03,0,full,True
ACT,46,8000088,metaworld,False,200,0.9705183180012682,0,0,0,0,0.0,,False,True,timeout,99a6da740b3834f517602ee8f571b53136fd9e890a31f9804d3c8f0ffb9efb65,093171deee73c73233afa582007dc538d5372fbe19a180c78389ff37452cf336,e216352c7f1c7392270c7c501bb599f2a46f420613a124fda0729ab88160cdf2,,,0.3,30.0,0.12,0.0075,0.03,0,full,True
ACT,47,8000089,metaworld,True,53,0.2581119730020873,0,0,0,0,0.0,,True,False,,2328ede00be633c88551defe4ecdbf47882d69109b23618c4c9bcb93889c52ed,093171deee73c73233afa582007dc538d5372fbe19a180c78389ff37452cf336,f82ceac6f8787ac22c378edc1f141cedcc86bf9309b43f1aff6633ae0a963abb,,,0.3,30.0,0.12,0.0075,0.03,0,full,True
ACT,48,8000090,metaworld,True,63,0.3051505420007743,0,0,0,0,0.0,,True,False,,fc2d96c594c9b92e9bcbcd10df559a2eb04d5090e50d7a3532b4eb8ec31d73c8,093171deee73c73233afa582007dc538d5372fbe19a180c78389ff37452cf336,b8e45a2f8f553d53c6eef0305347f910b9999bcae6df6ccaf0eaee6ac864e670,,,0.3,30.0,0.12,0.0075,0.03,0,full,True
ACT,49,8000091,metaworld,True,51,0.24803624500054866,0,0,0,0,0.0,,True,False,,0dce9edf4b4c689088dfeb0b1b8cc08c370874d9b91cfe9ff72db19104155822,093171deee73c73233afa582007dc538d5372fbe19a180c78389ff37452cf336,c40fedd273cade53989af8adc3ca66d02f2d92ca4d97b2f6391a0dd0ab6dbca3,,,0.3,30.0,0.12,0.0075,0.03,0,full,True
ACT,50,8000092,metaworld,True,59,0.28488896599810687,0,0,0,0,0.0,,True,False,,0b116536f48e7dbccf950aa75db61b72fb76d3a1603bb78bc9363d3ee1a19a3f,093171deee73c73233afa582007dc538d5372fbe19a180c78389ff37452cf336,48ce9609a38b32e56f7e6a43ffef71c21c8b1d17ed5a63d47701bc1dfc3ff271,,,0.3,30.0,0.12,0.0075,0.03,0,full,True
ACT,51,8000093,metaworld,False,200,0.9525291099998867,0,0,0,0,0.0,,False,True,timeout,82ba754991ede97af38ba76cc0eec271aba2ed6a040d9f702e58648ce14851aa,093171deee73c73233afa582007dc538d5372fbe19a180c78389ff37452cf336,2ad5907877cc42b4447b9630988e3a1f0da0d83e1f696f71e22dc69905e631b6,,,0.3,30.0,0.12,0.0075,0.03,0,full,True
ACT,52,8000094,metaworld,False,200,1.0261996890003502,0,0,0,0,0.0,,False,True,object_dropped,b58042bec3518f5a41d2a935a310d2627d3e22a4ad0382f795aa916fa3f59dc4,093171deee73c73233afa582007dc538d5372fbe19a180c78389ff37452cf336,8a99d46d6d04afe3e2ef92bb607dde5e178b5c37506006c4f364e345976453b1,,,0.3,30.0,0.12,0.0075,0.03,0,full,True
ACT,53,8000095,metaworld,True,58,0.29673552999884123,0,0,0,0,0.0,,True,False,,a308712a8a1090268de785ddabd0f5865d4469964e4d67030bb6e87430d76a5e,093171deee73c73233afa582007dc538d5372fbe19a180c78389ff37452cf336,942fb6a87dc1e3eb7bf7bb111c97e7096138256b4a9a6b4c62a012fabe8bec38,,,0.3,30.0,0.12,0.0075,0.03,0,full,True
ACT,54,8000096,metaworld,False,200,1.0492516470003466,0,0,0,0,0.0,,False,True,timeout,f8532fd70c0cb16e9933c69ab33ad1e3628d125208559728ab79567935f82fd5,093171deee73c73233afa582007dc538d5372fbe19a180c78389ff37452cf336,4e97203f8ce1a96cef19545d4c4c300d0de39e4f94bd1941cef7ebc3dd48be02,,,0.3,30.0,0.12,0.0075,0.03,0,full,True
ACT,55,8000097,metaworld,True,54,0.27928509900084464,0,0,0,0,0.0,,True,False,,acea30cb5290075e3f8387a6edda5095df5cf506b853cf555518bc3e10dc1a8a,093171deee73c73233afa582007dc538d5372fbe19a180c78389ff37452cf336,742509487aeb71d366f1ddafa1cb12db2f7cfefe17c4ca89c98cffb67c1c8619,,,0.3,30.0,0.12,0.0075,0.03,0,full,True
ACT,56,8000098,metaworld,False,200,1.0323655389984197,0,0,0,0,0.0,,False,True,timeout,995c998d6e4d53398442140e174982875e08b80af96d26fa2a9b1feeace82f49,093171deee73c73233afa582007dc538d5372fbe19a180c78389ff37452cf336,08a97a6dfa17f78b5cc5b1351d60038e4a40a68fc93722672482714333b1d9b5,,,0.3,30.0,0.12,0.0075,0.03,0,full,True
ACT,57,8000099,metaworld,False,200,1.03492183599883,0,0,0,0,0.0,,False,True,timeout,d70e76129dd140096ec08808f5ffea51c9c257fc6ab53cb67616b1a6b6f2cdce,093171deee73c73233afa582007dc538d5372fbe19a180c78389ff37452cf336,35203d16cfa98b5f2e002fcb1ffde2400abf9459c161f6a289efa0c46eddb36f,,,0.3,30.0,0.12,0.0075,0.03,0,full,True
ACT,58,8000100,metaworld,True,61,0.30602067499785335,0,0,0,0,0.0,,True,False,,d8305da90f0d51255fcef5dcfc5b94ee3882b8e65692e24501635074c0f47c14,093171deee73c73233afa582007dc538d5372fbe19a180c78389ff37452cf336,64ee837add19202e84553431fdab118462cf5265eeae19a4d044b5a6818f771d,,,0.3,30.0,0.12,0.0075,0.03,0,full,True
ACT,59,8000101,metaworld,False,200,1.01941923999766,0,0,0,0,0.0,,False,True,timeout,e9544e1d5fba899943d87493f1c77fa8703c5ec7a45ead38acb5bb5161dce74d,093171deee73c73233afa582007dc538d5372fbe19a180c78389ff37452cf336,06d355d7aff3b944ab4199c02a94c63d062e5c414c0b195f7b232b607e0ab1ed,,,0.3,30.0,0.12,0.0075,0.03,0,full,True
ACT,60,8000102,metaworld,False,200,1.0219211020012153,0,0,0,0,0.0,,False,True,timeout,7e06dff7cf3a41c51e2dd7ce7ef60e6941d9c137056516b80718ef4d717954c6,093171deee73c73233afa582007dc538d5372fbe19a180c78389ff37452cf336,08a97a6dfa17f78b5cc5b1351d60038e4a40a68fc93722672482714333b1d9b5,,,0.3,30.0,0.12,0.0075,0.03,0,full,True
ACT,61,8000103,metaworld,False,200,1.015247023999109,0,0,0,0,0.0,,False,True,timeout,ecd067a20a444905405e052bee63c0318848f9991e9ea982062f1ce02d7b1f23,093171deee73c73233afa582007dc538d5372fbe19a180c78389ff37452cf336,0f719f94ef165c0b816b8b10c3f4f5fcf802c9f5a25141035590310315749280,,,0.3,30.0,0.12,0.0075,0.03,0,full,True
ACT,62,8000104,metaworld,True,50,0.25304865699945367,0,0,0,0,0.0,,True,False,,a6c095e01a3e350d1cf773a87dc9ee2de00b8767120f654f65f87dd314af1ee7,093171deee73c73233afa582007dc538d5372fbe19a180c78389ff37452cf336,35203d16cfa98b5f2e002fcb1ffde2400abf9459c161f6a289efa0c46eddb36f,,,0.3,30.0,0.12,0.0075,0.03,0,full,True
ACT,63,8000105,metaworld,False,200,0.9899384050004301,0,0,0,0,0.0,,False,True,timeout,ba712329d4a98ae50770208655ba08c65dd1229463d7edc513898bd64c22dc86,093171deee73c73233afa582007dc538d5372fbe19a180c78389ff37452cf336,4e97203f8ce1a96cef19545d4c4c300d0de39e4f94bd1941cef7ebc3dd48be02,,,0.3,30.0,0.12,0.0075,0.03,0,full,True
ACT,64,8000106,metaworld,True,58,0.2921429199996055,0,0,0,0,0.0,,True,False,,94be13ea3dfe5660346152bb7ee9bf93ad5321cac234ae4029ccc35c1b2d7afb,093171deee73c73233afa582007dc538d5372fbe19a180c78389ff37452cf336,06d355d7aff3b944ab4199c02a94c63d062e5c414c0b195f7b232b607e0ab1ed,,,0.3,30.0,0.12,0.0075,0.03,0,full,True
ACT,65,8000107,metaworld,False,200,1.0285489630005031,0,0,0,0,0.0,,False,True,timeout,656ebaa988ca366be0ce49ab5b391b04c010ec9e28b6049c9cb01f6fd94bd965,093171deee73c73233afa582007dc538d5372fbe19a180c78389ff37452cf336,0cda21f8ffacf0a1e40e7b0e858a8e2ddc276972106d4bced99d4404b4a13fd8,,,0.3,30.0,0.12,0.0075,0.03,0,full,True
ACT,66,8000108,metaworld,True,53,0.2636997159970633,0,0,0,0,0.0,,True,False,,4105368ece2d978dea2306fe4cbe915fd9a7729e19d76bde19a8d122fa73800c,093171deee73c73233afa582007dc538d5372fbe19a180c78389ff37452cf336,2ad5907877cc42b4447b9630988e3a1f0da0d83e1f696f71e22dc69905e631b6,,,0.3,30.0,0.12,0.0075,0.03,0,full,True
ACT,67,8000109,metaworld,True,58,0.28352617299970007,0,0,0,0,0.0,,True,False,,7e3d3ee306b9a39918bb64b8ee213c607b8332c1fafb0aa80b183aa1024d78c3,093171deee73c73233afa582007dc538d5372fbe19a180c78389ff37452cf336,a8cfe6e2276fbd15230c5555255b87d17333bdd29f84f687df7405d0311fae7f,,,0.3,30.0,0.12,0.0075,0.03,0,full,True
ACT,68,8000110,metaworld,False,200,0.9691443470001104,0,0,0,0,0.0,,False,True,timeout,7dd78dbf61d9260850143da611b2f768aa066bbb091442b3125f77e4825cc9cc,093171deee73c73233afa582007dc538d5372fbe19a180c78389ff37452cf336,0f719f94ef165c0b816b8b10c3f4f5fcf802c9f5a25141035590310315749280,,,0.3,30.0,0.12,0.0075,0.03,0,full,True
ACT,69,8000111,metaworld,True,60,0.2948642480005219,0,0,0,0,0.0,,True,False,,1be9672aa4f4e406560b1eea84edf02b27882436c79f0e21e80a21bdc316bd59,093171deee73c73233afa582007dc538d5372fbe19a180c78389ff37452cf336,3183afb500ebb9a5af177cccb5b5889a8321eb35261f8ec571269f8b5ed9cd1a,,,0.3,30.0,0.12,0.0075,0.03,0,full,True
ACT,70,8000112,metaworld,False,200,1.1602417860012793,0,0,0,0,0.0,,False,True,object_dropped,9b622b8e635b3c65f912161396bcaced12969af406fe8ad0d2430c0ac3888cab,093171deee73c73233afa582007dc538d5372fbe19a180c78389ff37452cf336,a8cfe6e2276fbd15230c5555255b87d17333bdd29f84f687df7405d0311fae7f,,,0.3,30.0,0.12,0.0075,0.03,0,full,True
ACT,71,8000113,metaworld,False,200,1.0018941700000141,0,0,0,0,0.0,,False,True,timeout,3211669fa345c882d3f73076867f9b19669b7c22546e146ac1c3470f3f3e5382,093171deee73c73233afa582007dc538d5372fbe19a180c78389ff37452cf336,f82ceac6f8787ac22c378edc1f141cedcc86bf9309b43f1aff6633ae0a963abb,,,0.3,30.0,0.12,0.0075,0.03,0,full,True
ACT,72,8000114,metaworld,True,51,0.2571103910013335,0,0,0,0,0.0,,True,False,,a0bf537125454e506071058d47e28daf80f516080ccf10f445d0015c3d48502d,093171deee73c73233afa582007dc538d5372fbe19a180c78389ff37452cf336,e6e55bdbd77dc052facbc072d20b08a21d116978c37627b9a3d9dc7989dfbe62,,,0.3,30.0,0.12,0.0075,0.03,0,full,True
ACT,73,8000115,metaworld,True,62,0.3086613679988659,0,0,0,0,0.0,,True,False,,61138546fbde2cbffb799e60e72d6e52d194e6739186395fe084c80fc2af0eae,093171deee73c73233afa582007dc538d5372fbe19a180c78389ff37452cf336,1c856fdcb5da12c3fa2d15b38741aa980fa3a47e64fb99f8635817590128f9ea,,,0.3,30.0,0.12,0.0075,0.03,0,full,True
ACT,74,8000116,metaworld,True,49,0.2500895490011317,0,0,0,0,0.0,,True,False,,b7201eb24be8dd18d0ca11a62321d7d038b7e090f4131de37a7325cb58a6ee73,093171deee73c73233afa582007dc538d5372fbe19a180c78389ff37452cf336,27e1ed8c670f23dae46752497e383610e58c248d638e3b9b707808a32ce33d4e,,,0.3,30.0,0.12,0.0075,0.03,0,full,True
ACT,75,8000117,metaworld,True,55,0.29613647799851606,0,0,0,0,0.0,,True,False,,d583ab754a06ef689e0e0d0a39f106fea3108cdad8fd47d5da31fcbb6cc18235,093171deee73c73233afa582007dc538d5372fbe19a180c78389ff37452cf336,3183afb500ebb9a5af177cccb5b5889a8321eb35261f8ec571269f8b5ed9cd1a,,,0.3,30.0,0.12,0.0075,0.03,0,full,True
ACT,76,8000118,metaworld,False,200,1.0057407559979765,0,0,0,0,0.0,,False,True,timeout,45f4b58c5c38ec633d3176453eea30a431c8e1d380c5064f0140015e460e0eb6,093171deee73c73233afa582007dc538d5372fbe19a180c78389ff37452cf336,acfaed29b052207b47b4b7fa76672795fd08de3add8565db05f141de82ece90b,,,0.3,30.0,0.12,0.0075,0.03,0,full,True
ACT,77,8000119,metaworld,False,200,0.9758122849998472,0,0,0,0,0.0,,False,True,timeout,22cbf3db00dd48c9578b8c537b44f2a623df6ee17af4a72ed82fd4143d45d943,093171deee73c73233afa582007dc538d5372fbe19a180c78389ff37452cf336,7c3391ee418e26d47c002810bc00065e4dd0b6728c969d2338ad549ad01ebb0a,,,0.3,30.0,0.12,0.0075,0.03,0,full,True
ACT,78,8000120,metaworld,True,55,0.27129764100027387,0,0,0,0,0.0,,True,False,,be644fb80a232f9fc81fec13200d0ad61b10f5070a90aca2ea8e15e3132f0e83,093171deee73c73233afa582007dc538d5372fbe19a180c78389ff37452cf336,64ee837add19202e84553431fdab118462cf5265eeae19a4d044b5a6818f771d,,,0.3,30.0,0.12,0.0075,0.03,0,full,True
ACT,79,8000121,metaworld,False,200,0.9729207349992066,0,0,0,0,0.0,,False,True,object_dropped,181cf5e31a4a47141af796efd40cea70d185a3158ff5630fd8ffebb7edc36c14,093171deee73c73233afa582007dc538d5372fbe19a180c78389ff37452cf336,25805a097f1f4b8c203ec3c130dcd3e66b5fb3ad298114a08662aae6c86fa673,,,0.3,30.0,0.12,0.0075,0.03,0,full,True
ACT,80,8000122,metaworld,False,200,0.9625040200007788,0,0,0,0,0.0,,False,True,timeout,36376c5dee1c941a98677e90c6ec3f9c2d744e89d979664e494a8710d4c1a4fd,093171deee73c73233afa582007dc538d5372fbe19a180c78389ff37452cf336,2eb279a724955c1a9d173681940490ec9cc8ed4fdc15a95533884a23d4ccdb4e,,,0.3,30.0,0.12,0.0075,0.03,0,full,True
ACT,81,8000123,metaworld,False,200,1.0431226510008855,0,0,0,0,0.0,,False,True,timeout,197a16975b503da42c564d5bf682e49f8c7adfa50c42e85c4b67c995a22c7ab4,093171deee73c73233afa582007dc538d5372fbe19a180c78389ff37452cf336,25805a097f1f4b8c203ec3c130dcd3e66b5fb3ad298114a08662aae6c86fa673,,,0.3,30.0,0.12,0.0075,0.03,0,full,True
ACT,82,8000124,metaworld,True,52,0.24958917500043754,0,0,0,0,0.0,,True,False,,0a65643b097b1f224fea56603cd948769b1666f0f7b76d0483c8b0efa8fe69d9,093171deee73c73233afa582007dc538d5372fbe19a180c78389ff37452cf336,bb2c6b1aed959fa3ddddb1c215ce67cbb5b0ec080eb65fb58e06b7776849a096,,,0.3,30.0,0.12,0.0075,0.03,0,full,True
ACT,83,8000125,metaworld,True,52,0.25065911000274355,0,0,0,0,0.0,,True,False,,fd07245fdd89910528153afacb68bdfa5025c4f31d258fb21c11cabae72fed55,093171deee73c73233afa582007dc538d5372fbe19a180c78389ff37452cf336,08a97a6dfa17f78b5cc5b1351d60038e4a40a68fc93722672482714333b1d9b5,,,0.3,30.0,0.12,0.0075,0.03,0,full,True
ACT,84,8000126,metaworld,True,57,0.27617733200168004,0,0,0,0,0.0,,True,False,,3b45fea099a3d0508560bbada93ab39114f638fa002abd2d75ec6c2c45fc32c4,093171deee73c73233afa582007dc538d5372fbe19a180c78389ff37452cf336,25805a097f1f4b8c203ec3c130dcd3e66b5fb3ad298114a08662aae6c86fa673,,,0.3,30.0,0.12,0.0075,0.03,0,full,True
ACT,85,8000127,metaworld,True,63,0.30833502099994803,0,0,0,0,0.0,,True,False,,cb7080e432d454576e87a04b54aecf444d394a1da357d348f8b211152469d7c2,093171deee73c73233afa582007dc538d5372fbe19a180c78389ff37452cf336,1c856fdcb5da12c3fa2d15b38741aa980fa3a47e64fb99f8635817590128f9ea,,,0.3,30.0,0.12,0.0075,0.03,0,full,True
ACT,86,8000128,metaworld,False,200,0.962200138001208,0,0,0,0,0.0,,False,True,timeout,36403427e20747a7b50c328e39a1ae6c0585681d8e9159b9244d487a91cbc6bd,093171deee73c73233afa582007dc538d5372fbe19a180c78389ff37452cf336,5e1df472084de78052388a34f03cad3de438ca9b5dc801b5759dd57c66a7482a,,,0.3,30.0,0.12,0.0075,0.03,0,full,True
ACT,87,8000129,metaworld,True,60,0.2907708710008592,0,0,0,0,0.0,,True,False,,f65b5aa65f8b66df8a46727e4bb867e7e57dec245036792e24493dee1e9c8b83,093171deee73c73233afa582007dc538d5372fbe19a180c78389ff37452cf336,1c856fdcb5da12c3fa2d15b38741aa980fa3a47e64fb99f8635817590128f9ea,,,0.3,30.0,0.12,0.0075,0.03,0,full,True
ACT,88,8000130,metaworld,True,60,0.2954750530007004,0,0,0,0,0.0,,True,False,,3249f20644502223e930d5cd135cb4ae02b8b241f0409e9487d1a9fe2815c35b,093171deee73c73233afa582007dc538d5372fbe19a180c78389ff37452cf336,942fb6a87dc1e3eb7bf7bb111c97e7096138256b4a9a6b4c62a012fabe8bec38,,,0.3,30.0,0.12,0.0075,0.03,0,full,True
ACT,89,8000131,metaworld,True,61,0.30048442899715155,0,0,0,0,0.0,,True,False,,dca0d5ef472b0d9c7a160dc14cf0eddf2599fd6c955bb99881e254618a58cd2d,093171deee73c73233afa582007dc538d5372fbe19a180c78389ff37452cf336,0f719f94ef165c0b816b8b10c3f4f5fcf802c9f5a25141035590310315749280,,,0.3,30.0,0.12,0.0075,0.03,0,full,True
ACT,90,8000132,metaworld,True,56,0.2734569679996639,0,0,0,0,0.0,,True,False,,807e2ad5a9cd6a76038ce457efbeddc4f09a2d8517c34b4f01a005f4d44338f8,093171deee73c73233afa582007dc538d5372fbe19a180c78389ff37452cf336,c40fedd273cade53989af8adc3ca66d02f2d92ca4d97b2f6391a0dd0ab6dbca3,,,0.3,30.0,0.12,0.0075,0.03,0,full,True
ACT,91,8000133,metaworld,True,53,0.2591789879988937,0,0,0,0,0.0,,True,False,,c741a4fc7fd4da9d41040f522a93d65e2d7d66229ad7cfa86cd55af0c170a845,093171deee73c73233afa582007dc538d5372fbe19a180c78389ff37452cf336,38329c6b97bbe7d133bf007c22742dca5f0cd7258f8d7199135c6c2371ae591d,,,0.3,30.0,0.12,0.0075,0.03,0,full,True
ACT,92,8000134,metaworld,True,59,0.2867541959967639,0,0,0,0,0.0,,True,False,,380695c619bdd7dc167bac184de0016bd27dc30ef8dc0781073b3ed7e53509f1,093171deee73c73233afa582007dc538d5372fbe19a180c78389ff37452cf336,48ce9609a38b32e56f7e6a43ffef71c21c8b1d17ed5a63d47701bc1dfc3ff271,,,0.3,30.0,0.12,0.0075,0.03,0,full,True
ACT,93,8000135,metaworld,False,200,0.9701814399995783,0,0,0,0,0.0,,False,True,timeout,9771125f4cd60be295cb0667d9885091ee066f42a2ac6b318b75977805a0d848,093171deee73c73233afa582007dc538d5372fbe19a180c78389ff37452cf336,48ce9609a38b32e56f7e6a43ffef71c21c8b1d17ed5a63d47701bc1dfc3ff271,,,0.3,30.0,0.12,0.0075,0.03,0,full,True
ACT,94,8000136,metaworld,True,50,0.2456575159994827,0,0,0,0,0.0,,True,False,,bf4d5941faf0158083c961596a3587196f26c8d283336ff4af6b762987ac1d7a,093171deee73c73233afa582007dc538d5372fbe19a180c78389ff37452cf336,bb2c6b1aed959fa3ddddb1c215ce67cbb5b0ec080eb65fb58e06b7776849a096,,,0.3,30.0,0.12,0.0075,0.03,0,full,True
ACT,95,8000137,metaworld,True,69,0.32870940400243853,0,0,0,0,0.0,,True,False,,32611936cba8d14d1ef7d21cb233351d5038fbeba890e237ac5b6641246ed3e6,093171deee73c73233afa582007dc538d5372fbe19a180c78389ff37452cf336,27e1ed8c670f23dae46752497e383610e58c248d638e3b9b707808a32ce33d4e,,,0.3,30.0,0.12,0.0075,0.03,0,full,True
ACT,96,8000138,metaworld,True,55,0.2632727039999736,0,0,0,0,0.0,,True,False,,6718dd804f49217b09f2ddc104a403f25a6502b7978ec9ccf82a412a3c2d5e76,093171deee73c73233afa582007dc538d5372fbe19a180c78389ff37452cf336,08a97a6dfa17f78b5cc5b1351d60038e4a40a68fc93722672482714333b1d9b5,,,0.3,30.0,0.12,0.0075,0.03,0,full,True
ACT,97,8000139,metaworld,True,61,0.29318705599871464,0,0,0,0,0.0,,True,False,,3a289a0df3eee0f4c3614499b500753eff14671c913c8ec40a6d5ecca97450ea,093171deee73c73233afa582007dc538d5372fbe19a180c78389ff37452cf336,b8e45a2f8f553d53c6eef0305347f910b9999bcae6df6ccaf0eaee6ac864e670,,,0.3,30.0,0.12,0.0075,0.03,0,full,True
ACT,98,8000140,metaworld,False,200,0.9552662980022433,0,0,0,0,0.0,,False,True,object_dropped,dc0f695b1bc902efb33f2438914c4a376401215e3d7d440397ec12d54faa6e6e,093171deee73c73233afa582007dc538d5372fbe19a180c78389ff37452cf336,f82ceac6f8787ac22c378edc1f141cedcc86bf9309b43f1aff6633ae0a963abb,,,0.3,30.0,0.12,0.0075,0.03,0,full,True
ACT,99,8000141,metaworld,False,200,0.9514002409996465,0,0,0,0,0.0,,False,True,object_dropped,f4388da0f188466b337d1bb5dc3e39d9bd39ab33922efc79a1eff8a6c26e6357,093171deee73c73233afa582007dc538d5372fbe19a180c78389ff37452cf336,f82ceac6f8787ac22c378edc1f141cedcc86bf9309b43f1aff6633ae0a963abb,,,0.3,30.0,0.12,0.0075,0.03,0,full,True
ACT,100,8000142,metaworld,False,200,0.95346868499837,0,0,0,0,0.0,,False,True,object_dropped,2e1d99b2f2cc1e2f54ae44bb670d05b388c021ad7a281364c827957802cbc2bf,093171deee73c73233afa582007dc538d5372fbe19a180c78389ff37452cf336,e216352c7f1c7392270c7c501bb599f2a46f420613a124fda0729ab88160cdf2,,,0.3,30.0,0.12,0.0075,0.03,0,full,True
ACT,101,8000143,metaworld,True,54,0.2868980040002498,0,0,0,0,0.0,,True,False,,37597ccc5a379553a6a69407c931432a1d4d330b8002747f2bde652ed425b9d5,093171deee73c73233afa582007dc538d5372fbe19a180c78389ff37452cf336,35203d16cfa98b5f2e002fcb1ffde2400abf9459c161f6a289efa0c46eddb36f,,,0.3,30.0,0.12,0.0075,0.03,0,full,True
ACT,102,8000144,metaworld,False,200,1.0032697149981686,0,0,0,0,0.0,,False,True,object_dropped,db1b2033276ab5b8bcc1c916026a783d45735be33cda6486d2aa5b598fd1b7e2,093171deee73c73233afa582007dc538d5372fbe19a180c78389ff37452cf336,504c23f653f6cdee9d659d9320b164606b319d4f0e9cdf0f3a87e2fc7a98160a,,,0.3,30.0,0.12,0.0075,0.03,0,full,True
ACT,103,8000145,metaworld,True,58,0.28310220099956496,0,0,0,0,0.0,,True,False,,3950478567fa100fae6144901ff0a60f950694bbc92a728022d47572ecc56a35,093171deee73c73233afa582007dc538d5372fbe19a180c78389ff37452cf336,a0b103bf3e43f4aa92753185301eba5e2e31594285004b99f51a59b33bd2d620,,,0.3,30.0,0.12,0.0075,0.03,0,full,True
ACT,104,8000146,metaworld,True,60,0.29782652399808285,0,0,0,0,0.0,,True,False,,cc0cd65eb9e23e834e82204025602b5a0e0deb336f2a0bb4b74c06a5528297a9,093171deee73c73233afa582007dc538d5372fbe19a180c78389ff37452cf336,56b7f182edcfeefa9301e1edd53d7f36e4418de7e6df1b54b0f0c298cde1b3cd,,,0.3,30.0,0.12,0.0075,0.03,0,full,True
ACT,105,8000147,metaworld,True,53,0.2620381199994881,0,0,0,0,0.0,,True,False,,f800f87c9ebf7de84f0db633260e6d59890d1a4fe1db233c737d26558ec5de1b,093171deee73c73233afa582007dc538d5372fbe19a180c78389ff37452cf336,08a97a6dfa17f78b5cc5b1351d60038e4a40a68fc93722672482714333b1d9b5,,,0.3,30.0,0.12,0.0075,0.03,0,full,True
ACT,106,8000148,metaworld,False,200,0.9783066679992771,0,0,0,0,0.0,,False,True,timeout,8cafa1a3ad72a7cf2ffd766747112019854cefc92a7df07c9e05be91243b9311,093171deee73c73233afa582007dc538d5372fbe19a180c78389ff37452cf336,08a97a6dfa17f78b5cc5b1351d60038e4a40a68fc93722672482714333b1d9b5,,,0.3,30.0,0.12,0.0075,0.03,0,full,True
ACT,107,8000149,metaworld,True,58,0.2896874430007301,0,0,0,0,0.0,,True,False,,3e707c7678093303bdc2025ad432db9e3188f5393c82e8bccda71b34e81aeca0,093171deee73c73233afa582007dc538d5372fbe19a180c78389ff37452cf336,524e161a612d94c222d06154bcd0129d0851b8fad51ae883abbef6e86d43cbb0,,,0.3,30.0,0.12,0.0075,0.03,0,full,True
ACT,108,8000150,metaworld,True,47,0.2323017950002395,0,0,0,0,0.0,,True,False,,72ba3019e19a978fcef290e14647938b7fe5e32369c522ef3819ead48572c3cf,093171deee73c73233afa582007dc538d5372fbe19a180c78389ff37452cf336,5d73f28d4d24cdbcb36a5e5cd61ec1a82f7287ce56d88da8cea912ed757b164c,,,0.3,30.0,0.12,0.0075,0.03,0,full,True
ACT,109,8000151,metaworld,True,64,0.31259322199912276,0,0,0,0,0.0,,True,False,,fe5d435a71e15df6e060a6cd61c48aa6be234b1361cb4163cf2e0e4391b8c118,093171deee73c73233afa582007dc538d5372fbe19a180c78389ff37452cf336,aa1f17aacdf569c3a2930a2ebbf742ff43f8d3acfc772731a5c344cabcd52570,,,0.3,30.0,0.12,0.0075,0.03,0,full,True
ACT,110,8000152,metaworld,False,200,1.004981879999832,0,0,0,0,0.0,,False,True,timeout,3bc16325a196f3c4d2704ca75de8829b849914fffacd8c4ba917b677a68ba6a4,093171deee73c73233afa582007dc538d5372fbe19a180c78389ff37452cf336,cea0b9105255f82e0ee99bfb3998a6edce02b446d4b14afb0747282cd18aa202,,,0.3,30.0,0.12,0.0075,0.03,0,full,True
ACT,111,8000153,metaworld,False,200,0.9805685629980871,0,0,0,0,0.0,,False,True,object_dropped,cb7c9ef2e52d4ad665288ade430c24b93d6fc7cf9f0f4b0b2bfda53d3e1d7611,093171deee73c73233afa582007dc538d5372fbe19a180c78389ff37452cf336,e6e55bdbd77dc052facbc072d20b08a21d116978c37627b9a3d9dc7989dfbe62,,,0.3,30.0,0.12,0.0075,0.03,0,full,True
ACT,112,8000154,metaworld,True,56,0.2849898439999379,0,0,0,0,0.0,,True,False,,9319f272444674a7d8e936c3ae382602065169e5c5c49a2072594b798853a442,093171deee73c73233afa582007dc538d5372fbe19a180c78389ff37452cf336,5e1df472084de78052388a34f03cad3de438ca9b5dc801b5759dd57c66a7482a,,,0.3,30.0,0.12,0.0075,0.03,0,full,True
ACT,113,8000155,metaworld,True,57,0.28157462300077896,0,0,0,0,0.0,,True,False,,772a80201ed9549be215fac7195f5f787428697b8fd6d22c5e260d7f46a536f0,093171deee73c73233afa582007dc538d5372fbe19a180c78389ff37452cf336,8a99d46d6d04afe3e2ef92bb607dde5e178b5c37506006c4f364e345976453b1,,,0.3,30.0,0.12,0.0075,0.03,0,full,True
ACT,114,8000156,metaworld,False,200,1.0180723980010953,0,0,0,0,0.0,,False,True,timeout,5267773dfc377960e8172f4a3fa86934157b7902580875b367f7fce08b5e3daf,093171deee73c73233afa582007dc538d5372fbe19a180c78389ff37452cf336,a8cfe6e2276fbd15230c5555255b87d17333bdd29f84f687df7405d0311fae7f,,,0.3,30.0,0.12,0.0075,0.03,0,full,True
ACT,115,8000157,metaworld,False,200,1.0223126579985546,0,0,0,0,0.0,,False,True,timeout,bd1172c3cfcfbb9efe5f0f73c888f5bf2e3cf208bd294f6df76356befd110e2b,093171deee73c73233afa582007dc538d5372fbe19a180c78389ff37452cf336,08a97a6dfa17f78b5cc5b1351d60038e4a40a68fc93722672482714333b1d9b5,,,0.3,30.0,0.12,0.0075,0.03,0,full,True
ACT,116,8000158,metaworld,False,200,1.0425314359999902,0,0,0,0,0.0,,False,True,object_dropped,0f575e495facb2cffb634dcffd760e4d6eb0a105ed23b6ca4172ce4163b0f66b,093171deee73c73233afa582007dc538d5372fbe19a180c78389ff37452cf336,b8e45a2f8f553d53c6eef0305347f910b9999bcae6df6ccaf0eaee6ac864e670,,,0.3,30.0,0.12,0.0075,0.03,0,full,True
ACT,117,8000159,metaworld,False,200,1.213816515999497,0,0,0,0,0.0,,False,True,timeout,5e60a02e35494710fda77c7264713a23c4a63428e5af846b8124a93210c85483,093171deee73c73233afa582007dc538d5372fbe19a180c78389ff37452cf336,0f719f94ef165c0b816b8b10c3f4f5fcf802c9f5a25141035590310315749280,,,0.3,30.0,0.12,0.0075,0.03,0,full,True
ACT,118,8000160,metaworld,True,58,0.31534517200270784,0,0,0,0,0.0,,True,False,,f84a9dcbd4df05b66e4248e723b80c356becdc84f28eaa557997ce07771f0242,093171deee73c73233afa582007dc538d5372fbe19a180c78389ff37452cf336,342b72dafe0e47ecf8a937cb01e62ac02c2d77bf93dafca59574cbbbfc4ad77b,,,0.3,30.0,0.12,0.0075,0.03,0,full,True
ACT,119,8000161,metaworld,True,54,0.2736742220004089,0,0,0,0,0.0,,True,False,,1cd9954d8390cf6afef99981be7658e10ad9c2609123ebc0e611929dbc3a969d,093171deee73c73233afa582007dc538d5372fbe19a180c78389ff37452cf336,ba19e0623fe05add91e00811bacb33e27305f5fcb6549be6f6278ebce6046101,,,0.3,30.0,0.12,0.0075,0.03,0,full,True
ACT,120,8000162,metaworld,True,56,0.29107782000210136,0,0,0,0,0.0,,True,False,,df8b27ebc83ce7b2a197a9142df82d9dd9061347854819a15fc83288b827dab4,093171deee73c73233afa582007dc538d5372fbe19a180c78389ff37452cf336,acfaed29b052207b47b4b7fa76672795fd08de3add8565db05f141de82ece90b,,,0.3,30.0,0.12,0.0075,0.03,0,full,True
ACT,121,8000163,metaworld,True,55,0.29803767599878483,0,0,0,0,0.0,,True,False,,11c44f691767e640281548addc297de9060a20fdff5b14c99aff8287266bfa36,093171deee73c73233afa582007dc538d5372fbe19a180c78389ff37452cf336,0cda21f8ffacf0a1e40e7b0e858a8e2ddc276972106d4bced99d4404b4a13fd8,,,0.3,30.0,0.12,0.0075,0.03,0,full,True
ACT,122,8000164,metaworld,False,200,1.0691213499994774,0,0,0,0,0.0,,False,True,timeout,7f4d0773cbcaabf69528fbb969c703904e5f6e2791892e266a1394c25d513a8a,093171deee73c73233afa582007dc538d5372fbe19a180c78389ff37452cf336,15a9adece7ebea14bdf37f5376e274c6dce4711281025cf35060933ba9ab8ad3,,,0.3,30.0,0.12,0.0075,0.03,0,full,True
ACT,123,8000165,metaworld,False,200,1.1602645169987227,0,0,0,0,0.0,,False,True,object_dropped,ce4b1dd156fd9e9c63c676f53b1c0babcfdb67f06a5cbccdb5d3eaf7f2b488e3,093171deee73c73233afa582007dc538d5372fbe19a180c78389ff37452cf336,0f719f94ef165c0b816b8b10c3f4f5fcf802c9f5a25141035590310315749280,,,0.3,30.0,0.12,0.0075,0.03,0,full,True
ACT,124,8000166,metaworld,True,53,0.2830729630004498,0,0,0,0,0.0,,True,False,,38b2c7e0e430236d9876b834792bad5c7bfd02c85d04bae9b06fae868e84a261,093171deee73c73233afa582007dc538d5372fbe19a180c78389ff37452cf336,aa1f17aacdf569c3a2930a2ebbf742ff43f8d3acfc772731a5c344cabcd52570,,,0.3,30.0,0.12,0.0075,0.03,0,full,True
ACT,125,8000167,metaworld,False,200,1.0010750600013125,0,0,0,0,0.0,,False,True,timeout,cfc156f78817345ac974a3209713f95a997b0cd27fe09fbc0d68faa5486e0f78,093171deee73c73233afa582007dc538d5372fbe19a180c78389ff37452cf336,a0b103bf3e43f4aa92753185301eba5e2e31594285004b99f51a59b33bd2d620,,,0.3,30.0,0.12,0.0075,0.03,0,full,True
ACT,126,8000168,metaworld,True,53,0.2649414469997282,0,0,0,0,0.0,,True,False,,31e8413ddbab8299bbb65b81defc7a26f0e67ab7f16985db10e9ecec324a4d7b,093171deee73c73233afa582007dc538d5372fbe19a180c78389ff37452cf336,15a9adece7ebea14bdf37f5376e274c6dce4711281025cf35060933ba9ab8ad3,,,0.3,30.0,0.12,0.0075,0.03,0,full,True
ACT,127,8000169,metaworld,False,200,0.997609365000244,0,0,0,0,0.0,,False,True,timeout,10bf329f0a8e9502a62c0816a384f46e78bbeb46e4b5c6bafb6c2271eed13bf0,093171deee73c73233afa582007dc538d5372fbe19a180c78389ff37452cf336,2ad5907877cc42b4447b9630988e3a1f0da0d83e1f696f71e22dc69905e631b6,,,0.3,30.0,0.12,0.0075,0.03,0,full,True
ACT,128,8000170,metaworld,False,200,1.004156057999353,0,0,0,0,0.0,,False,True,object_dropped,3e8ba9d62043eba30612d875c54e2c0497de03995be79e79906fd23c29dbd60e,093171deee73c73233afa582007dc538d5372fbe19a180c78389ff37452cf336,8a99d46d6d04afe3e2ef92bb607dde5e178b5c37506006c4f364e345976453b1,,,0.3,30.0,0.12,0.0075,0.03,0,full,True
ACT,129,8000171,metaworld,True,55,0.2801812610014167,0,0,0,0,0.0,,True,False,,6a0d873bcc31ed525bb7f53df24ad76245520b855a3a2397a3fad840cd7d6e3b,093171deee73c73233afa582007dc538d5372fbe19a180c78389ff37452cf336,08a97a6dfa17f78b5cc5b1351d60038e4a40a68fc93722672482714333b1d9b5,,,0.3,30.0,0.12,0.0075,0.03,0,full,True
ACT,130,8000172,metaworld,True,57,0.28962536600010935,0,0,0,0,0.0,,True,False,,b017f13b4092217506b7b0e0dbb8532a2a6e0a71cb3d306b96854f51cda5646d,093171deee73c73233afa582007dc538d5372fbe19a180c78389ff37452cf336,7c3391ee418e26d47c002810bc00065e4dd0b6728c969d2338ad549ad01ebb0a,,,0.3,30.0,0.12,0.0075,0.03,0,full,True
ACT,131,8000173,metaworld,True,50,0.2530668590006826,0,0,0,0,0.0,,True,False,,14fb6d152c6e08be2f0e48baefd332e149513642790abd2abb1254508b630f37,093171deee73c73233afa582007dc538d5372fbe19a180c78389ff37452cf336,bb2c6b1aed959fa3ddddb1c215ce67cbb5b0ec080eb65fb58e06b7776849a096,,,0.3,30.0,0.12,0.0075,0.03,0,full,True
ACT,132,8000174,metaworld,True,52,0.2640281870008039,0,0,0,0,0.0,,True,False,,7f06dfa8207c6f76132dd7f61166ba147203fa7ee32c3d2d726a666178d3554a,093171deee73c73233afa582007dc538d5372fbe19a180c78389ff37452cf336,c40fedd273cade53989af8adc3ca66d02f2d92ca4d97b2f6391a0dd0ab6dbca3,,,0.3,30.0,0.12,0.0075,0.03,0,full,True
ACT,133,8000175,metaworld,False,200,1.049854109998705,0,0,0,0,0.0,,False,True,timeout,b8b37b173ddd0c6d64c04424913663531444924f83bdb326811b2d4c547c3bc3,093171deee73c73233afa582007dc538d5372fbe19a180c78389ff37452cf336,bb2c6b1aed959fa3ddddb1c215ce67cbb5b0ec080eb65fb58e06b7776849a096,,,0.3,30.0,0.12,0.0075,0.03,0,full,True
ACT,134,8000176,metaworld,False,200,1.024484912999469,0,0,0,0,0.0,,False,True,timeout,a747c0862e36285db1159b03f143c36c61432a749b889364cf2a0a0f8f20d35d,093171deee73c73233afa582007dc538d5372fbe19a180c78389ff37452cf336,6338b57c8983138382fa5c9ee7bb2d2c200be44368697f7ffa8216ea26ddccaf,,,0.3,30.0,0.12,0.0075,0.03,0,full,True
ACT,135,8000177,metaworld,False,200,1.0398565239993331,0,0,0,0,0.0,,False,True,object_dropped,edd7778c933386c281374319825a440d8c0cb56ceba748315300c1dfc2ba6a18,093171deee73c73233afa582007dc538d5372fbe19a180c78389ff37452cf336,1c856fdcb5da12c3fa2d15b38741aa980fa3a47e64fb99f8635817590128f9ea,,,0.3,30.0,0.12,0.0075,0.03,0,full,True
ACT,136,8000178,metaworld,True,53,0.2783263140008785,0,0,0,0,0.0,,True,False,,6712972f7a2fb0c450363c1e4f05e7fdce9be6679c157a4c671cb4de21a739c7,093171deee73c73233afa582007dc538d5372fbe19a180c78389ff37452cf336,acfaed29b052207b47b4b7fa76672795fd08de3add8565db05f141de82ece90b,,,0.3,30.0,0.12,0.0075,0.03,0,full,True
ACT,137,8000179,metaworld,False,200,1.1374761719998787,0,0,0,0,0.0,,False,True,object_dropped,f339837057eaf2a9227814a9c0e59980173b3cdc9b04f27c3be3b093f29bc086,093171deee73c73233afa582007dc538d5372fbe19a180c78389ff37452cf336,2ad5907877cc42b4447b9630988e3a1f0da0d83e1f696f71e22dc69905e631b6,,,0.3,30.0,0.12,0.0075,0.03,0,full,True
ACT,138,8000180,metaworld,False,200,1.0533032629973604,0,0,0,0,0.0,,False,True,object_dropped,f85403342b32757b92baac7a989f80962090f5ab2ab53a6e4c9528094cbcbe57,093171deee73c73233afa582007dc538d5372fbe19a180c78389ff37452cf336,56b7f182edcfeefa9301e1edd53d7f36e4418de7e6df1b54b0f0c298cde1b3cd,,,0.3,30.0,0.12,0.0075,0.03,0,full,True
ACT,139,8000181,metaworld,True,56,0.27383215300142183,0,0,0,0,0.0,,True,False,,034402ab5e318690eef04d5f23568838f20e8de15022466b6c709aebfbe18c70,093171deee73c73233afa582007dc538d5372fbe19a180c78389ff37452cf336,0f719f94ef165c0b816b8b10c3f4f5fcf802c9f5a25141035590310315749280,,,0.3,30.0,0.12,0.0075,0.03,0,full,True
ACT,140,8000182,metaworld,True,55,0.28219106400138116,0,0,0,0,0.0,,True,False,,c04ef94a495e37a9d926e010b9ad31b570f51b262e83c259079345fef8c54d19,093171deee73c73233afa582007dc538d5372fbe19a180c78389ff37452cf336,6cb8d983459a8e57d4ae53a86da2394015cabba2d7c306dcaf7b14af979ca230,,,0.3,30.0,0.12,0.0075,0.03,0,full,True
ACT,141,8000183,metaworld,True,63,0.3198489750029694,0,0,0,0,0.0,,True,False,,6903b5fddeaf3a6feb95139af69808354c975c5d2953c10d964bbb04c80f2752,093171deee73c73233afa582007dc538d5372fbe19a180c78389ff37452cf336,39001749c902e2ab9d015efb8c7644faffff99810b709d3203dc359d5eacdcbd,,,0.3,30.0,0.12,0.0075,0.03,0,full,True
ACT,142,8000184,metaworld,True,59,0.30249868700047955,0,0,0,0,0.0,,True,False,,93276eaba88a60c3a07c7c3a1040569d4f01260d3d132283528d9de174345bac,093171deee73c73233afa582007dc538d5372fbe19a180c78389ff37452cf336,f6a9ed9055e00c868d6771022c2c557a6a48990bdacbed585d07cde857d4755a,,,0.3,30.0,0.12,0.0075,0.03,0,full,True
ACT,143,8000185,metaworld,True,59,0.29459108499941067,0,0,0,0,0.0,,True,False,,59be9d5f46b0bf48260a4aeb4f4e0d6530705654648899c807f7d5c1b28c4585,093171deee73c73233afa582007dc538d5372fbe19a180c78389ff37452cf336,39001749c902e2ab9d015efb8c7644faffff99810b709d3203dc359d5eacdcbd,,,0.3,30.0,0.12,0.0075,0.03,0,full,True
ACT,144,8000186,metaworld,True,59,0.2892355160001898,0,0,0,0,0.0,,True,False,,3b7c4548e107af77d727487294c38e5933dfb5ffa2d6f9eeb3c5e6be3d182119,093171deee73c73233afa582007dc538d5372fbe19a180c78389ff37452cf336,588df85fb38ef87f822932ad2f702be807974873e4a07ea43084bbdeeaac6604,,,0.3,30.0,0.12,0.0075,0.03,0,full,True
ACT,145,8000187,metaworld,True,68,0.3336332090002543,0,0,0,0,0.0,,True,False,,b84f9d0aae887f5cc2dbf231ecde36b00de80999842197e9b8c6cfe579e15de3,093171deee73c73233afa582007dc538d5372fbe19a180c78389ff37452cf336,c5023b3d25031a103b9549b6e8c83ba09d69e708ef117c31128a38e03616e5d8,,,0.3,30.0,0.12,0.0075,0.03,0,full,True
ACT,146,8000188,metaworld,False,200,0.9709385419992032,0,0,0,0,0.0,,False,True,timeout,f0d9e60efec0d7de49a34293553cf65d4e5df05669dbc353e99d779b27b15c7e,093171deee73c73233afa582007dc538d5372fbe19a180c78389ff37452cf336,942fb6a87dc1e3eb7bf7bb111c97e7096138256b4a9a6b4c62a012fabe8bec38,,,0.3,30.0,0.12,0.0075,0.03,0,full,True
ACT,147,8000189,metaworld,True,54,0.2627136959999916,0,0,0,0,0.0,,True,False,,38b14f3ff8ec21ce306dbeaf2d668489ce2a76ee281901e8ba42e1cda60f76a4,093171deee73c73233afa582007dc538d5372fbe19a180c78389ff37452cf336,7c3391ee418e26d47c002810bc00065e4dd0b6728c969d2338ad549ad01ebb0a,,,0.3,30.0,0.12,0.0075,0.03,0,full,True
ACT,148,8000190,metaworld,True,49,0.23804511400157935,0,0,0,0,0.0,,True,False,,7ac917cb60fde3f70cd279b33d55c8581b2b226bbefd8e349611c3c4dd76a609,093171deee73c73233afa582007dc538d5372fbe19a180c78389ff37452cf336,cea0b9105255f82e0ee99bfb3998a6edce02b446d4b14afb0747282cd18aa202,,,0.3,30.0,0.12,0.0075,0.03,0,full,True
ACT,149,8000191,metaworld,True,62,0.30567790700297337,0,0,0,0,0.0,,True,False,,2a03fd376a86cd3e549176c0a405466383120bca2b46eaf0dab98c2d14e29741,093171deee73c73233afa582007dc538d5372fbe19a180c78389ff37452cf336,e216352c7f1c7392270c7c501bb599f2a46f420613a124fda0729ab88160cdf2,,,0.3,30.0,0.12,0.0075,0.03,0,full,True
ACT,150,8000192,metaworld,True,57,0.2800806220002414,0,0,0,0,0.0,,True,False,,970487fc6a5bd5d9e3cff7987ad32e8e105f95f371396f1f7abdb990cb6b1515,093171deee73c73233afa582007dc538d5372fbe19a180c78389ff37452cf336,25805a097f1f4b8c203ec3c130dcd3e66b5fb3ad298114a08662aae6c86fa673,,,0.3,30.0,0.12,0.0075,0.03,0,full,True
ACT,151,8000193,metaworld,False,200,0.9702905109988933,0,0,0,0,0.0,,False,True,timeout,aacab6cdfb23a03a76ab567fe7c81a28aa3067534acb7d52288b44e54c1e1901,093171deee73c73233afa582007dc538d5372fbe19a180c78389ff37452cf336,1c856fdcb5da12c3fa2d15b38741aa980fa3a47e64fb99f8635817590128f9ea,,,0.3,30.0,0.12,0.0075,0.03,0,full,True
ACT,152,8000194,metaworld,True,59,0.290605747999507,0,0,0,0,0.0,,True,False,,0618f8a34f7d455dc96e540dd8b344a702c3353cc74b43732ac51f5b47330edc,093171deee73c73233afa582007dc538d5372fbe19a180c78389ff37452cf336,64ee837add19202e84553431fdab118462cf5265eeae19a4d044b5a6818f771d,,,0.3,30.0,0.12,0.0075,0.03,0,full,True
ACT,153,8000195,metaworld,True,56,0.27588234300128534,0,0,0,0,0.0,,True,False,,9a78c0e6024e4c167a6a9fabd62c62e98965fd03f8f8bb499cee35ad98d611b0,093171deee73c73233afa582007dc538d5372fbe19a180c78389ff37452cf336,2eb279a724955c1a9d173681940490ec9cc8ed4fdc15a95533884a23d4ccdb4e,,,0.3,30.0,0.12,0.0075,0.03,0,full,True
ACT,154,8000196,metaworld,True,57,0.286434540998016,0,0,0,0,0.0,,True,False,,c907b75412726fc7456c21a6f924af4ae417cfc4bc9c4dcb316902d272e207be,093171deee73c73233afa582007dc538d5372fbe19a180c78389ff37452cf336,342b72dafe0e47ecf8a937cb01e62ac02c2d77bf93dafca59574cbbbfc4ad77b,,,0.3,30.0,0.12,0.0075,0.03,0,full,True
ACT,155,8000197,metaworld,True,58,0.283983597997576,0,0,0,0,0.0,,True,False,,5a45493cfdbe0339482bbf25fc0bc1795ab745b5e9cb0f31519d22ca74b75de6,093171deee73c73233afa582007dc538d5372fbe19a180c78389ff37452cf336,524e161a612d94c222d06154bcd0129d0851b8fad51ae883abbef6e86d43cbb0,,,0.3,30.0,0.12,0.0075,0.03,0,full,True
ACT,156,8000198,metaworld,False,200,0.9818479810019198,0,0,0,0,0.0,,False,True,timeout,8e1daaefd3c0bf781cbae2a3c034c01121702744be74f761772510af052e0237,093171deee73c73233afa582007dc538d5372fbe19a180c78389ff37452cf336,56b7f182edcfeefa9301e1edd53d7f36e4418de7e6df1b54b0f0c298cde1b3cd,,,0.3,30.0,0.12,0.0075,0.03,0,full,True
ACT,157,8000199,metaworld,True,55,0.2737318100007542,0,0,0,0,0.0,,True,False,,95832f9b5d4f421d52731b75ecf98d619ebba84098132e54914736ddfbdc95c6,093171deee73c73233afa582007dc538d5372fbe19a180c78389ff37452cf336,3183afb500ebb9a5af177cccb5b5889a8321eb35261f8ec571269f8b5ed9cd1a,,,0.3,30.0,0.12,0.0075,0.03,0,full,True
ACT,158,8000200,metaworld,False,200,0.9961436660014442,0,0,0,0,0.0,,False,True,timeout,b4ec05d0636b5bd09e1eb25b4e199d8aaff8ab46a599c9aefd6722ceb375893c,093171deee73c73233afa582007dc538d5372fbe19a180c78389ff37452cf336,524e161a612d94c222d06154bcd0129d0851b8fad51ae883abbef6e86d43cbb0,,,0.3,30.0,0.12,0.0075,0.03,0,full,True
ACT,159,8000201,metaworld,True,56,0.2792243090007105,0,0,0,0,0.0,,True,False,,b5c9a6e8dc68cad21ff2142671e211dc684a226cdc8f3535ef95d0d6900a3581,093171deee73c73233afa582007dc538d5372fbe19a180c78389ff37452cf336,56b7f182edcfeefa9301e1edd53d7f36e4418de7e6df1b54b0f0c298cde1b3cd,,,0.3,30.0,0.12,0.0075,0.03,0,full,True
ACT,160,8000202,metaworld,True,70,0.35464186999888625,0,0,0,0,0.0,,True,False,,2beff2213c8fd854d2203e015fc0a8e3653a965822c62687a3d7d8697f183a5b,093171deee73c73233afa582007dc538d5372fbe19a180c78389ff37452cf336,c5023b3d25031a103b9549b6e8c83ba09d69e708ef117c31128a38e03616e5d8,,,0.3,30.0,0.12,0.0075,0.03,0,full,True
ACT,161,8000203,metaworld,False,200,0.9766994780002278,0,0,0,0,0.0,,False,True,timeout,8812cebc7e142add0f580588ef04f3ea2e28b63528c6f197805079a4a05d8ecd,093171deee73c73233afa582007dc538d5372fbe19a180c78389ff37452cf336,942fb6a87dc1e3eb7bf7bb111c97e7096138256b4a9a6b4c62a012fabe8bec38,,,0.3,30.0,0.12,0.0075,0.03,0,full,True
ACT,162,8000204,metaworld,True,54,0.26727746699907584,0,0,0,0,0.0,,True,False,,712cbd58171035393286d70e558cfe1ac871f0058c5ec982989845dc682c4e5b,093171deee73c73233afa582007dc538d5372fbe19a180c78389ff37452cf336,5e1df472084de78052388a34f03cad3de438ca9b5dc801b5759dd57c66a7482a,,,0.3,30.0,0.12,0.0075,0.03,0,full,True
ACT,163,8000205,metaworld,False,200,1.0005832360002387,0,0,0,0,0.0,,False,True,timeout,51ced0ff156436839ce37a740af69a1f636303027641d7a2d20af8f145f8d1f6,093171deee73c73233afa582007dc538d5372fbe19a180c78389ff37452cf336,6cb8d983459a8e57d4ae53a86da2394015cabba2d7c306dcaf7b14af979ca230,,,0.3,30.0,0.12,0.0075,0.03,0,full,True
ACT,164,8000206,metaworld,True,57,0.2906579270020302,0,0,0,0,0.0,,True,False,,f339fc3064f0943d57ed9e164706f48da0ca2db4c19f3faf4676ab9be530d3b0,093171deee73c73233afa582007dc538d5372fbe19a180c78389ff37452cf336,06d355d7aff3b944ab4199c02a94c63d062e5c414c0b195f7b232b607e0ab1ed,,,0.3,30.0,0.12,0.0075,0.03,0,full,True
ACT,165,8000207,metaworld,True,52,0.26017307700021775,0,0,0,0,0.0,,True,False,,2996753da2b626d7ffbff6869b0138e11969abdd0ea9fb799993a21dd78f0809,093171deee73c73233afa582007dc538d5372fbe19a180c78389ff37452cf336,6338b57c8983138382fa5c9ee7bb2d2c200be44368697f7ffa8216ea26ddccaf,,,0.3,30.0,0.12,0.0075,0.03,0,full,True
ACT,166,8000208,metaworld,True,57,0.28192522400058806,0,0,0,0,0.0,,True,False,,6d3566a98f0d28b5fb54cf493928865d9e6fe79a836b9ad9f1a88e573995e296,093171deee73c73233afa582007dc538d5372fbe19a180c78389ff37452cf336,35203d16cfa98b5f2e002fcb1ffde2400abf9459c161f6a289efa0c46eddb36f,,,0.3,30.0,0.12,0.0075,0.03,0,full,True
ACT,167,8000209,metaworld,False,200,0.9895944150011928,0,0,0,0,0.0,,False,True,timeout,1c2d871fe69bb76284c1bf5d7c56df1b354c8ccbedb310feff26fa912f4355a3,093171deee73c73233afa582007dc538d5372fbe19a180c78389ff37452cf336,71488b32995fa40c6ec3f77f6bcd912b1929aef29d90a66307ad46cd584acf29,,,0.3,30.0,0.12,0.0075,0.03,0,full,True
ACT,168,8000210,metaworld,False,200,1.0092429610012914,0,0,0,0,0.0,,False,True,timeout,d991076290da2375ab09a7c36fd8d96fa33a941182fe322e5f186306e0360b4b,093171deee73c73233afa582007dc538d5372fbe19a180c78389ff37452cf336,27e1ed8c670f23dae46752497e383610e58c248d638e3b9b707808a32ce33d4e,,,0.3,30.0,0.12,0.0075,0.03,0,full,True
ACT,169,8000211,metaworld,True,59,0.29313868199824356,0,0,0,0,0.0,,True,False,,a1d07cd94b412020b0fff2e7f3af83f086b41602c53423673dcff269383f2c06,093171deee73c73233afa582007dc538d5372fbe19a180c78389ff37452cf336,2ad5907877cc42b4447b9630988e3a1f0da0d83e1f696f71e22dc69905e631b6,,,0.3,30.0,0.12,0.0075,0.03,0,full,True
ACT,170,8000212,metaworld,True,55,0.27415027000097325,0,0,0,0,0.0,,True,False,,ae0780ac4c4b72e4e0f5c2f20879fd591c198f5f16642b512817c810b5a0e90a,093171deee73c73233afa582007dc538d5372fbe19a180c78389ff37452cf336,2eb279a724955c1a9d173681940490ec9cc8ed4fdc15a95533884a23d4ccdb4e,,,0.3,30.0,0.12,0.0075,0.03,0,full,True
ACT,171,8000213,metaworld,False,200,0.9662825689993042,0,0,0,0,0.0,,False,True,timeout,47ed972df577eff08eba0fdc3f1db6e451514dfae0479b4e1afb7f990a53892e,093171deee73c73233afa582007dc538d5372fbe19a180c78389ff37452cf336,35203d16cfa98b5f2e002fcb1ffde2400abf9459c161f6a289efa0c46eddb36f,,,0.3,30.0,0.12,0.0075,0.03,0,full,True
ACT,172,8000214,metaworld,False,200,0.9520213169998897,0,0,0,0,0.0,,False,True,object_dropped,03838c2d38db85dc6adabec5d02350473703b0142820c1bee8130aae811d85b7,093171deee73c73233afa582007dc538d5372fbe19a180c78389ff37452cf336,64ee837add19202e84553431fdab118462cf5265eeae19a4d044b5a6818f771d,,,0.3,30.0,0.12,0.0075,0.03,0,full,True
ACT,173,8000215,metaworld,True,60,0.288176067002496,0,0,0,0,0.0,,True,False,,1b5054efa34e6d6a8f338e6de341b8c7f5026432fbb5831266704f78404fd337,093171deee73c73233afa582007dc538d5372fbe19a180c78389ff37452cf336,a8cfe6e2276fbd15230c5555255b87d17333bdd29f84f687df7405d0311fae7f,,,0.3,30.0,0.12,0.0075,0.03,0,full,True
ACT,174,8000216,metaworld,False,200,0.9811431359994458,0,0,0,0,0.0,,False,True,timeout,45cad5773515df5d6393cd44f6ad5241c0e06a8a7be04ec31e80e2604b00f94b,093171deee73c73233afa582007dc538d5372fbe19a180c78389ff37452cf336,504c23f653f6cdee9d659d9320b164606b319d4f0e9cdf0f3a87e2fc7a98160a,,,0.3,30.0,0.12,0.0075,0.03,0,full,True
ACT,175,8000217,metaworld,False,200,0.9620566110024811,0,0,0,0,0.0,,False,True,timeout,c5de11d921ac5f1003fec573c3184003b9d28c2de3655460e6b52242e1c4cdad,093171deee73c73233afa582007dc538d5372fbe19a180c78389ff37452cf336,20cf3cfee33051ea4ca25b64648f05450b0068ae0136ae52c3108d28b02f3691,,,0.3,30.0,0.12,0.0075,0.03,0,full,True
ACT,176,8000218,metaworld,True,58,0.27221619700139854,0,0,0,0,0.0,,True,False,,85ae09916c0e3286216ef0edea8fd1e469c4526a886a4b126b2675e421c340e9,093171deee73c73233afa582007dc538d5372fbe19a180c78389ff37452cf336,f82ceac6f8787ac22c378edc1f141cedcc86bf9309b43f1aff6633ae0a963abb,,,0.3,30.0,0.12,0.0075,0.03,0,full,True
ACT,177,8000219,metaworld,True,58,0.2797394869994605,0,0,0,0,0.0,,True,False,,eb1c582fafe893682ded8ee7da414af5bf36e2532bc55fc0c774b450f6688c98,093171deee73c73233afa582007dc538d5372fbe19a180c78389ff37452cf336,942fb6a87dc1e3eb7bf7bb111c97e7096138256b4a9a6b4c62a012fabe8bec38,,,0.3,30.0,0.12,0.0075,0.03,0,full,True
ACT,178,8000220,metaworld,True,56,0.2812726209995162,0,0,0,0,0.0,,True,False,,ef114187a4d2182d61fb1e8002a5ca14290b141eba94a72886d22cedf010986b,093171deee73c73233afa582007dc538d5372fbe19a180c78389ff37452cf336,acfaed29b052207b47b4b7fa76672795fd08de3add8565db05f141de82ece90b,,,0.3,30.0,0.12,0.0075,0.03,0,full,True
ACT,179,8000221,metaworld,True,59,0.26476574600019376,0,0,0,0,0.0,,True,False,,03dbb3dc9c0a71f4409ecdb6327a8f909583375c909f0662175d4e1ced4b7645,093171deee73c73233afa582007dc538d5372fbe19a180c78389ff37452cf336,f6a9ed9055e00c868d6771022c2c557a6a48990bdacbed585d07cde857d4755a,,,0.3,30.0,0.12,0.0075,0.03,0,full,True
ACT,180,8000222,metaworld,False,200,0.892643922001298,0,0,0,0,0.0,,False,True,timeout,3ba7a69f6a338703c190cff326c12bf061af8af37ffb96b0810154fe7686c323,093171deee73c73233afa582007dc538d5372fbe19a180c78389ff37452cf336,25805a097f1f4b8c203ec3c130dcd3e66b5fb3ad298114a08662aae6c86fa673,,,0.3,30.0,0.12,0.0075,0.03,0,full,True
ACT,181,8000223,metaworld,False,200,0.8983328720023565,0,0,0,0,0.0,,False,True,timeout,c47c675a57d9a8df3273ef9d6cbec20cb4a08ec8c644a5e9b09de20c1506f83d,093171deee73c73233afa582007dc538d5372fbe19a180c78389ff37452cf336,25805a097f1f4b8c203ec3c130dcd3e66b5fb3ad298114a08662aae6c86fa673,,,0.3,30.0,0.12,0.0075,0.03,0,full,True
ACT,182,8000224,metaworld,False,200,0.8915785160024825,0,0,0,0,0.0,,False,True,timeout,ee12be3ad7b8210704e4affe87269008e6313a170b2831e9eec27cdfbd30ca0a,093171deee73c73233afa582007dc538d5372fbe19a180c78389ff37452cf336,342b72dafe0e47ecf8a937cb01e62ac02c2d77bf93dafca59574cbbbfc4ad77b,,,0.3,30.0,0.12,0.0075,0.03,0,full,True
ACT,183,8000225,metaworld,False,200,0.8864052249991801,0,0,0,0,0.0,,False,True,object_dropped,2b14cdc45de381d7f4a194a10b30aaaf2025f2096323c6638c5ec9a40b588304,093171deee73c73233afa582007dc538d5372fbe19a180c78389ff37452cf336,bb2c6b1aed959fa3ddddb1c215ce67cbb5b0ec080eb65fb58e06b7776849a096,,,0.3,30.0,0.12,0.0075,0.03,0,full,True
ACT,184,8000226,metaworld,False,200,0.9506639200008067,0,0,0,0,0.0,,False,True,object_dropped,01adc27a58fcdbb9b40b3f55a6901b23dbdb245c24ed91a706d2d571b951380a,093171deee73c73233afa582007dc538d5372fbe19a180c78389ff37452cf336,e216352c7f1c7392270c7c501bb599f2a46f420613a124fda0729ab88160cdf2,,,0.3,30.0,0.12,0.0075,0.03,0,full,True
ACT,185,8000227,metaworld,True,53,0.2356892499992682,0,0,0,0,0.0,,True,False,,97f5dd66204bc1a307e5f760dbea22edef8ef47246a8b3ecca7ab5a3fd1f91b1,093171deee73c73233afa582007dc538d5372fbe19a180c78389ff37452cf336,342b72dafe0e47ecf8a937cb01e62ac02c2d77bf93dafca59574cbbbfc4ad77b,,,0.3,30.0,0.12,0.0075,0.03,0,full,True
ACT,186,8000228,metaworld,False,200,0.878250088000641,0,0,0,0,0.0,,False,True,timeout,1e04ca033e4becf12c4779645be6c89541bb293af0661d2b6bf47daff2af612c,093171deee73c73233afa582007dc538d5372fbe19a180c78389ff37452cf336,cea0b9105255f82e0ee99bfb3998a6edce02b446d4b14afb0747282cd18aa202,,,0.3,30.0,0.12,0.0075,0.03,0,full,True
ACT,187,8000229,metaworld,True,62,0.27529978699749336,0,0,0,0,0.0,,True,False,,ada1586d2d849e112f33cebfb7d3f4a5a92b1936648fc7539552ec3bfdd65c5b,093171deee73c73233afa582007dc538d5372fbe19a180c78389ff37452cf336,acfaed29b052207b47b4b7fa76672795fd08de3add8565db05f141de82ece90b,,,0.3,30.0,0.12,0.0075,0.03,0,full,True
ACT,188,8000230,metaworld,False,200,0.9208409059974656,0,0,0,0,0.0,,False,True,timeout,e000d64f53e8b99329aecb147a397864ac43b05ef0a6107bc1e2b4bc73345097,093171deee73c73233afa582007dc538d5372fbe19a180c78389ff37452cf336,6943489118fc060756e24fd47685e2c10173293d54af0af7e8afa9e287c9c5f1,,,0.3,30.0,0.12,0.0075,0.03,0,full,True
ACT,189,8000231,metaworld,False,200,0.9280473569997412,0,0,0,0,0.0,,False,True,timeout,d6cc93e36001103b26a7669d9e65e6f7890ee7858d1088600d646eaa8f8f9fd2,093171deee73c73233afa582007dc538d5372fbe19a180c78389ff37452cf336,588df85fb38ef87f822932ad2f702be807974873e4a07ea43084bbdeeaac6604,,,0.3,30.0,0.12,0.0075,0.03,0,full,True
ACT,190,8000232,metaworld,False,200,0.9446833340007288,0,0,0,0,0.0,,False,True,object_dropped,9a32431ae011a04402e7c913e47aec93b3375c43729109f0ee2ddcc36b5a73e8,093171deee73c73233afa582007dc538d5372fbe19a180c78389ff37452cf336,b8e45a2f8f553d53c6eef0305347f910b9999bcae6df6ccaf0eaee6ac864e670,,,0.3,30.0,0.12,0.0075,0.03,0,full,True
ACT,191,8000233,metaworld,True,60,0.2766412279997894,0,0,0,0,0.0,,True,False,,18995b247b429a33b7fb2aeb8e563fe5920dafab9bd307e224fd4cf90176ceef,093171deee73c73233afa582007dc538d5372fbe19a180c78389ff37452cf336,aa1f17aacdf569c3a2930a2ebbf742ff43f8d3acfc772731a5c344cabcd52570,,,0.3,30.0,0.12,0.0075,0.03,0,full,True
ACT,192,8000234,metaworld,True,61,0.2816123049997259,0,0,0,0,0.0,,True,False,,81900798b4db34950c566b069f1d8d2f43a1774cefcf188af00f56d82bfe25c2,093171deee73c73233afa582007dc538d5372fbe19a180c78389ff37452cf336,c5023b3d25031a103b9549b6e8c83ba09d69e708ef117c31128a38e03616e5d8,,,0.3,30.0,0.12,0.0075,0.03,0,full,True
ACT,193,8000235,metaworld,True,51,0.2365509170012956,0,0,0,0,0.0,,True,False,,0cbd6a28294e4982233242540fef193ea4250edf176d7fa121007518f6bb3181,093171deee73c73233afa582007dc538d5372fbe19a180c78389ff37452cf336,aba21ef1c98d0573e36116c9757115227fd3793cba96aea7eda95c2547314ca3,,,0.3,30.0,0.12,0.0075,0.03,0,full,True
ACT,194,8000236,metaworld,True,62,0.28832826999860117,0,0,0,0,0.0,,True,False,,169ff8b242d94efe2d068fdef0d97fd936d0f3a78d3eddb34194c4535fd4ff89,093171deee73c73233afa582007dc538d5372fbe19a180c78389ff37452cf336,64ee837add19202e84553431fdab118462cf5265eeae19a4d044b5a6818f771d,,,0.3,30.0,0.12,0.0075,0.03,0,full,True
ACT,195,8000237,metaworld,False,200,0.9218519000023662,0,0,0,0,0.0,,False,True,timeout,309dfde0a4c6cd01159042aff76529e1a6b6e535d15a330c6c9b23af06ec5f12,093171deee73c73233afa582007dc538d5372fbe19a180c78389ff37452cf336,aba21ef1c98d0573e36116c9757115227fd3793cba96aea7eda95c2547314ca3,,,0.3,30.0,0.12,0.0075,0.03,0,full,True
ACT,196,8000238,metaworld,True,53,0.24485866899703979,0,0,0,0,0.0,,True,False,,c9bf370516cbc9a4758cf73ef9f568b943cd0155610f17ecf6bc8855dc8d0fc9,093171deee73c73233afa582007dc538d5372fbe19a180c78389ff37452cf336,acfaed29b052207b47b4b7fa76672795fd08de3add8565db05f141de82ece90b,,,0.3,30.0,0.12,0.0075,0.03,0,full,True
ACT,197,8000239,metaworld,True,59,0.27682294599799206,0,0,0,0,0.0,,True,False,,6e8092cb9b54dfb01aa0fa4e2978d6c9161ed7de03665482e6e50c29bc896475,093171deee73c73233afa582007dc538d5372fbe19a180c78389ff37452cf336,6cb8d983459a8e57d4ae53a86da2394015cabba2d7c306dcaf7b14af979ca230,,,0.3,30.0,0.12,0.0075,0.03,0,full,True
ACT,198,8000240,metaworld,False,200,0.9418882610007131,0,0,0,0,0.0,,False,True,timeout,759ff44b2f4e043f80fa8a6584676608537caaf08b7e64da79a3af622fded356,093171deee73c73233afa582007dc538d5372fbe19a180c78389ff37452cf336,742509487aeb71d366f1ddafa1cb12db2f7cfefe17c4ca89c98cffb67c1c8619,,,0.3,30.0,0.12,0.0075,0.03,0,full,True
ACT,199,8000241,metaworld,True,57,0.2658984190020419,0,0,0,0,0.0,,True,False,,6ef9c6518c17924f3d7a8b81d1c3ad402c4982b66fef35c1e913f6dcb760eb77,093171deee73c73233afa582007dc538d5372fbe19a180c78389ff37452cf336,5e1df472084de78052388a34f03cad3de438ca9b5dc801b5759dd57c66a7482a,,,0.3,30.0,0.12,0.0075,0.03,0,full,True
REIM (ACT + Detector + Recovery),0,8000042,metaworld,False,200,0.5353001740004402,1,0,1,150,0.9997215867042542,task_success_while_recovery_active_per_intervention,False,True,object_dropped,6e51fdc4fa9564a014be3a60efaaa6e75514d49a902c54e897905b041b01269f,093171deee73c73233afa582007dc538d5372fbe19a180c78389ff37452cf336,f82ceac6f8787ac22c378edc1f141cedcc86bf9309b43f1aff6633ae0a963abb,,,0.3,30.0,0.12,0.0075,0.03,0,full,True
REIM (ACT + Detector + Recovery),1,8000043,metaworld,True,61,0.299641312998574,0,0,0,0,0.15096424520015717,task_success_while_recovery_active_per_intervention,True,False,,a37cc9895497c161cc0e61cd91a17ceb6fc96a80c672228fff52878625245878,093171deee73c73233afa582007dc538d5372fbe19a180c78389ff37452cf336,06d355d7aff3b944ab4199c02a94c63d062e5c414c0b195f7b232b607e0ab1ed,,,0.3,30.0,0.12,0.0075,0.03,0,full,True
REIM (ACT + Detector + Recovery),2,8000044,metaworld,False,200,0.49163276699982816,1,0,1,150,0.9907283782958984,task_success_while_recovery_active_per_intervention,False,True,timeout,9019aa641c3e21bc94152e111aba2c0fe83a4e531f25b9d7c4299149fd785663,093171deee73c73233afa582007dc538d5372fbe19a180c78389ff37452cf336,f6a9ed9055e00c868d6771022c2c557a6a48990bdacbed585d07cde857d4755a,,,0.3,30.0,0.12,0.0075,0.03,0,full,True
REIM (ACT + Detector + Recovery),3,8000045,metaworld,True,53,0.12549303799823974,1,1,1,42,0.29918670654296875,task_success_while_recovery_active_per_intervention,True,False,,359e42e49029e62d58735744577f2dc2e2192bc31ee0b85b9d0926643c1a7940,093171deee73c73233afa582007dc538d5372fbe19a180c78389ff37452cf336,5d73f28d4d24cdbcb36a5e5cd61ec1a82f7287ce56d88da8cea912ed757b164c,,,0.3,30.0,0.12,0.0075,0.03,0,full,True
REIM (ACT + Detector + Recovery),4,8000046,metaworld,True,50,0.14512030099649564,1,1,1,31,0.21707531809806824,task_success_while_recovery_active_per_intervention,True,False,,611de65f6c9535ab7db32732b6dd841be76f5608de30ca5f8540cf2aebd7cd50,093171deee73c73233afa582007dc538d5372fbe19a180c78389ff37452cf336,27e1ed8c670f23dae46752497e383610e58c248d638e3b9b707808a32ce33d4e,,,0.3,30.0,0.12,0.0075,0.03,0,full,True
REIM (ACT + Detector + Recovery),5,8000047,metaworld,True,54,0.15152657799990266,1,1,1,37,0.23993200063705444,task_success_while_recovery_active_per_intervention,True,False,,f8d47adff6ca1a7ce33565c0878196861c2247a7c71e5ea587254f888ed16edd,093171deee73c73233afa582007dc538d5372fbe19a180c78389ff37452cf336,38329c6b97bbe7d133bf007c22742dca5f0cd7258f8d7199135c6c2371ae591d,,,0.3,30.0,0.12,0.0075,0.03,0,full,True
REIM (ACT + Detector + Recovery),6,8000048,metaworld,True,55,0.1218714259994158,1,1,1,47,0.42817115783691406,task_success_while_recovery_active_per_intervention,True,False,,e9080374aa214abacd6566b01d68dc5a7a1760592358299fffb51989e969a800,093171deee73c73233afa582007dc538d5372fbe19a180c78389ff37452cf336,aba21ef1c98d0573e36116c9757115227fd3793cba96aea7eda95c2547314ca3,,,0.3,30.0,0.12,0.0075,0.03,0,full,True
REIM (ACT + Detector + Recovery),7,8000049,metaworld,True,55,0.2802064050010813,0,0,0,0,0.12950806319713593,task_success_while_recovery_active_per_intervention,True,False,,26e333367aa36cbcd2db893969ccddd4097f5c70f09b684257ae0f33e182093d,093171deee73c73233afa582007dc538d5372fbe19a180c78389ff37452cf336,4e97203f8ce1a96cef19545d4c4c300d0de39e4f94bd1941cef7ebc3dd48be02,,,0.3,30.0,0.12,0.0075,0.03,0,full,True
REIM (ACT + Detector + Recovery),8,8000050,metaworld,False,200,0.5174004350010364,1,0,1,150,0.9998229146003723,task_success_while_recovery_active_per_intervention,False,True,object_dropped,df8a377a3083f124c38d423d139a1bd324ff03857cbd7047f5000acd2c5b1202,093171deee73c73233afa582007dc538d5372fbe19a180c78389ff37452cf336,64ee837add19202e84553431fdab118462cf5265eeae19a4d044b5a6818f771d,,,0.3,30.0,0.12,0.0075,0.03,0,full,True
REIM (ACT + Detector + Recovery),9,8000051,metaworld,True,57,0.2967229519999819,0,0,0,0,0.1687534749507904,task_success_while_recovery_active_per_intervention,True,False,,14e265df42283b82d1c0c4276fd065a1f40e15fddee4d5907586f7b3745afc68,093171deee73c73233afa582007dc538d5372fbe19a180c78389ff37452cf336,6cb8d983459a8e57d4ae53a86da2394015cabba2d7c306dcaf7b14af979ca230,,,0.3,30.0,0.12,0.0075,0.03,0,full,True
REIM (ACT + Detector + Recovery),10,8000052,metaworld,True,58,0.13682857899766532,1,1,1,47,0.3130897283554077,task_success_while_recovery_active_per_intervention,True,False,,855faad6474afe214f2b398718ebddbb7570ec8f6dd23ad6d836f795b20ddc6c,093171deee73c73233afa582007dc538d5372fbe19a180c78389ff37452cf336,504c23f653f6cdee9d659d9320b164606b319d4f0e9cdf0f3a87e2fc7a98160a,,,0.3,30.0,0.12,0.0075,0.03,0,full,True
REIM (ACT + Detector + Recovery),11,8000053,metaworld,True,62,0.13031593000050634,1,1,1,54,0.48798325657844543,task_success_while_recovery_active_per_intervention,True,False,,9af5103797bf8cd7b374ddceaa3b9674841a2f629d9b6f9fa987265d1c6dfcf7,093171deee73c73233afa582007dc538d5372fbe19a180c78389ff37452cf336,06d355d7aff3b944ab4199c02a94c63d062e5c414c0b195f7b232b607e0ab1ed,,,0.3,30.0,0.12,0.0075,0.03,0,full,True
REIM (ACT + Detector + Recovery),12,8000054,metaworld,False,200,0.5487317320003058,1,0,1,150,0.9989374279975891,task_success_while_recovery_active_per_intervention,False,True,timeout,4ac3f3a5bcfdcb552eb71c305bcd46db1553fd46fcd43eeb71694764e1e2d105,093171deee73c73233afa582007dc538d5372fbe19a180c78389ff37452cf336,742509487aeb71d366f1ddafa1cb12db2f7cfefe17c4ca89c98cffb67c1c8619,,,0.3,30.0,0.12,0.0075,0.03,0,full,True
REIM (ACT + Detector + Recovery),13,8000055,metaworld,True,64,0.1575519730031374,1,1,1,51,0.3165053129196167,task_success_while_recovery_active_per_intervention,True,False,,707f2903d8ad705a88d1c27556d07ab69834f7195d587a7cce964c27048499df,093171deee73c73233afa582007dc538d5372fbe19a180c78389ff37452cf336,e216352c7f1c7392270c7c501bb599f2a46f420613a124fda0729ab88160cdf2,,,0.3,30.0,0.12,0.0075,0.03,0,full,True
REIM (ACT + Detector + Recovery),14,8000056,metaworld,False,200,0.5180247280004551,1,0,1,150,0.9996416568756104,task_success_while_recovery_active_per_intervention,False,True,object_dropped,7ddda59a9a10b4bcafda9c4451b08db9638b1ef692c57f821fde6e9ea49f91d5,093171deee73c73233afa582007dc538d5372fbe19a180c78389ff37452cf336,64ee837add19202e84553431fdab118462cf5265eeae19a4d044b5a6818f771d,,,0.3,30.0,0.12,0.0075,0.03,0,full,True
REIM (ACT + Detector + Recovery),15,8000057,metaworld,False,200,0.50916197299739,1,0,1,150,0.9983439445495605,task_success_while_recovery_active_per_intervention,False,True,object_dropped,f4305e51c73d7ec58e7b7cf21103ca61af704836b6d6ba8786a19d023387a0f2,093171deee73c73233afa582007dc538d5372fbe19a180c78389ff37452cf336,c40fedd273cade53989af8adc3ca66d02f2d92ca4d97b2f6391a0dd0ab6dbca3,,,0.3,30.0,0.12,0.0075,0.03,0,full,True
REIM (ACT + Detector + Recovery),16,8000058,metaworld,True,58,0.12599025999952573,1,1,1,50,0.5670464634895325,task_success_while_recovery_active_per_intervention,True,False,,0b99b9e6d542cccd0fd4f0fdd9cf29feed07e7172e54bdf597e1c7a7e649f2b5,093171deee73c73233afa582007dc538d5372fbe19a180c78389ff37452cf336,942fb6a87dc1e3eb7bf7bb111c97e7096138256b4a9a6b4c62a012fabe8bec38,,,0.3,30.0,0.12,0.0075,0.03,0,full,True
REIM (ACT + Detector + Recovery),17,8000059,metaworld,True,58,0.1266551310000068,1,1,1,50,0.4826103746891022,task_success_while_recovery_active_per_intervention,True,False,,b7784d3cbf6ed008c78dc7c7ecef83162baf058119816444bb45130363c75f19,093171deee73c73233afa582007dc538d5372fbe19a180c78389ff37452cf336,0f719f94ef165c0b816b8b10c3f4f5fcf802c9f5a25141035590310315749280,,,0.3,30.0,0.12,0.0075,0.03,0,full,True
REIM (ACT + Detector + Recovery),18,8000060,metaworld,True,61,0.14029879399822676,1,1,1,51,0.20016007125377655,task_success_while_recovery_active_per_intervention,True,False,,8974be0398b6fd18c6747de6c8151d6e6744899b38b1e9e8c67ee892a9da17f8,093171deee73c73233afa582007dc538d5372fbe19a180c78389ff37452cf336,b8e45a2f8f553d53c6eef0305347f910b9999bcae6df6ccaf0eaee6ac864e670,,,0.3,30.0,0.12,0.0075,0.03,0,full,True
REIM (ACT + Detector + Recovery),19,8000061,metaworld,True,57,0.2906059710003319,0,0,0,0,0.11483174562454224,task_success_while_recovery_active_per_intervention,True,False,,5aed90bc43bde5be83681d22d027375eee9ea0a6ad27ff18c935b9a765be1a2c,093171deee73c73233afa582007dc538d5372fbe19a180c78389ff37452cf336,06d355d7aff3b944ab4199c02a94c63d062e5c414c0b195f7b232b607e0ab1ed,,,0.3,30.0,0.12,0.0075,0.03,0,full,True
REIM (ACT + Detector + Recovery),20,8000062,metaworld,True,54,0.14091162100157817,1,1,1,39,0.2888593077659607,task_success_while_recovery_active_per_intervention,True,False,,b537831af23695219acba12f36caab14c2dfc4074e23aca8c63c083c965d6b4f,093171deee73c73233afa582007dc538d5372fbe19a180c78389ff37452cf336,5e1df472084de78052388a34f03cad3de438ca9b5dc801b5759dd57c66a7482a,,,0.3,30.0,0.12,0.0075,0.03,0,full,True
REIM (ACT + Detector + Recovery),21,8000063,metaworld,True,58,0.284495436000725,0,0,0,0,0.18644331395626068,task_success_while_recovery_active_per_intervention,True,False,,5251904614ec34f78ea9bab571fc4bd1c41d2ade1303979f8945fb97ee06923a,093171deee73c73233afa582007dc538d5372fbe19a180c78389ff37452cf336,0cda21f8ffacf0a1e40e7b0e858a8e2ddc276972106d4bced99d4404b4a13fd8,,,0.3,30.0,0.12,0.0075,0.03,0,full,True
REIM (ACT + Detector + Recovery),22,8000064,metaworld,True,58,0.14293392800027505,1,1,1,45,0.20042620599269867,task_success_while_recovery_active_per_intervention,True,False,,05b34706452a8d747b050cd1ff1b26ad31988290378841e7246ff8b4deac79ad,093171deee73c73233afa582007dc538d5372fbe19a180c78389ff37452cf336,6cb8d983459a8e57d4ae53a86da2394015cabba2d7c306dcaf7b14af979ca230,,,0.3,30.0,0.12,0.0075,0.03,0,full,True
REIM (ACT + Detector + Recovery),23,8000065,metaworld,False,200,0.5391865300007339,1,0,1,150,0.9995802044868469,task_success_while_recovery_active_per_intervention,False,True,object_dropped,07a6c0a25b0637e83ab7f582c844e385b84ea11f5c96bc17d436159ee9cf8846,093171deee73c73233afa582007dc538d5372fbe19a180c78389ff37452cf336,39001749c902e2ab9d015efb8c7644faffff99810b709d3203dc359d5eacdcbd,,,0.3,30.0,0.12,0.0075,0.03,0,full,True
REIM (ACT + Detector + Recovery),24,8000066,metaworld,True,59,0.14770249299908755,1,1,1,48,0.3066658079624176,task_success_while_recovery_active_per_intervention,True,False,,7dd43dba35c6a2c5ec9b0e7cdf439b4e1a1231d9e649f8d5224fb01846f15703,093171deee73c73233afa582007dc538d5372fbe19a180c78389ff37452cf336,56b7f182edcfeefa9301e1edd53d7f36e4418de7e6df1b54b0f0c298cde1b3cd,,,0.3,30.0,0.12,0.0075,0.03,0,full,True
REIM (ACT + Detector + Recovery),25,8000067,metaworld,True,66,0.14487066400033655,1,1,1,59,0.31292539834976196,task_success_while_recovery_active_per_intervention,True,False,,ca0979cb55d527b193a661c27f2fb255bac9c0bf2816b027152c6364b9f95f80,093171deee73c73233afa582007dc538d5372fbe19a180c78389ff37452cf336,e216352c7f1c7392270c7c501bb599f2a46f420613a124fda0729ab88160cdf2,,,0.3,30.0,0.12,0.0075,0.03,0,full,True
REIM (ACT + Detector + Recovery),26,8000068,metaworld,True,54,0.14534018999984255,1,1,1,40,0.23278801143169403,task_success_while_recovery_active_per_intervention,True,False,,8d4602256c0a57b9e41261c23f8a4f323635d909247a11a49939636e29016235,093171deee73c73233afa582007dc538d5372fbe19a180c78389ff37452cf336,2eb279a724955c1a9d173681940490ec9cc8ed4fdc15a95533884a23d4ccdb4e,,,0.3,30.0,0.12,0.0075,0.03,0,full,True
REIM (ACT + Detector + Recovery),27,8000069,metaworld,True,51,0.2718781109979318,0,0,0,0,0.15069660544395447,task_success_while_recovery_active_per_intervention,True,False,,ee932c553f7c2abd2d9c5b5c08342ac264f73e03cb44d3bad75dfcde528898f9,093171deee73c73233afa582007dc538d5372fbe19a180c78389ff37452cf336,15a9adece7ebea14bdf37f5376e274c6dce4711281025cf35060933ba9ab8ad3,,,0.3,30.0,0.12,0.0075,0.03,0,full,True
REIM (ACT + Detector + Recovery),28,8000070,metaworld,False,200,0.5141444009968836,1,0,1,150,0.9983685612678528,task_success_while_recovery_active_per_intervention,False,True,timeout,d39c0bb2cf0fb9673725dd7c5a2d0748d4aacc6fe79dc35728981d3b3914cfdb,093171deee73c73233afa582007dc538d5372fbe19a180c78389ff37452cf336,5d73f28d4d24cdbcb36a5e5cd61ec1a82f7287ce56d88da8cea912ed757b164c,,,0.3,30.0,0.12,0.0075,0.03,0,full,True
REIM (ACT + Detector + Recovery),29,8000071,metaworld,True,53,0.17404360000000452,1,1,1,32,0.22660736739635468,task_success_while_recovery_active_per_intervention,True,False,,de16ea6ccd63a443ebd301b764baec995cdbeb91d935731ff54dac50f0361c68,093171deee73c73233afa582007dc538d5372fbe19a180c78389ff37452cf336,5e1df472084de78052388a34f03cad3de438ca9b5dc801b5759dd57c66a7482a,,,0.3,30.0,0.12,0.0075,0.03,0,full,True
REIM (ACT + Detector + Recovery),30,8000072,metaworld,True,59,0.14063578100103769,1,1,1,52,0.6452513337135315,task_success_while_recovery_active_per_intervention,True,False,,d6b47bc18f928352e976964736a1ccb340862e3c18baae886d8fab4cde844ed2,093171deee73c73233afa582007dc538d5372fbe19a180c78389ff37452cf336,aba21ef1c98d0573e36116c9757115227fd3793cba96aea7eda95c2547314ca3,,,0.3,30.0,0.12,0.0075,0.03,0,full,True
REIM (ACT + Detector + Recovery),31,8000073,metaworld,True,58,0.34575941100047203,0,0,0,0,0.19419902563095093,task_success_while_recovery_active_per_intervention,True,False,,ca742dcd5b7392414b26068f3721b226a2b60b828c0c6b74a72c83c5d2b94621,093171deee73c73233afa582007dc538d5372fbe19a180c78389ff37452cf336,b8e45a2f8f553d53c6eef0305347f910b9999bcae6df6ccaf0eaee6ac864e670,,,0.3,30.0,0.12,0.0075,0.03,0,full,True
REIM (ACT + Detector + Recovery),32,8000074,metaworld,True,58,0.13189706599951023,1,1,1,51,0.6663016080856323,task_success_while_recovery_active_per_intervention,True,False,,14fcd407eae74578e2fee650ef9e9bb34c8aa8933b2f151f2fa4db9ecdfb8a20,093171deee73c73233afa582007dc538d5372fbe19a180c78389ff37452cf336,ba19e0623fe05add91e00811bacb33e27305f5fcb6549be6f6278ebce6046101,,,0.3,30.0,0.12,0.0075,0.03,0,full,True
REIM (ACT + Detector + Recovery),33,8000075,metaworld,True,62,0.1492735169995285,1,1,1,48,0.36103153228759766,task_success_while_recovery_active_per_intervention,True,False,,e84687395e330092f747b607d69d3fce4b1b9ac40e497d2e37cb7004b2f9d0b6,093171deee73c73233afa582007dc538d5372fbe19a180c78389ff37452cf336,8a99d46d6d04afe3e2ef92bb607dde5e178b5c37506006c4f364e345976453b1,,,0.3,30.0,0.12,0.0075,0.03,0,full,True
REIM (ACT + Detector + Recovery),34,8000076,metaworld,False,200,0.5066026189997501,1,0,1,150,0.9996576309204102,task_success_while_recovery_active_per_intervention,False,True,object_dropped,dbc890efb1ab8f47c6b386bfa8db39fa090e1e0b9f94960e5689e4ebc5a09c73,093171deee73c73233afa582007dc538d5372fbe19a180c78389ff37452cf336,4e97203f8ce1a96cef19545d4c4c300d0de39e4f94bd1941cef7ebc3dd48be02,,,0.3,30.0,0.12,0.0075,0.03,0,full,True
REIM (ACT + Detector + Recovery),35,8000077,metaworld,True,63,0.1359456919999502,1,1,1,55,0.5024883151054382,task_success_while_recovery_active_per_intervention,True,False,,d6d35e06f9b9aeae4ae92f32269bf1f6057424bb1f1e588a9c136d083c1f1bc8,093171deee73c73233afa582007dc538d5372fbe19a180c78389ff37452cf336,06d355d7aff3b944ab4199c02a94c63d062e5c414c0b195f7b232b607e0ab1ed,,,0.3,30.0,0.12,0.0075,0.03,0,full,True
REIM (ACT + Detector + Recovery),36,8000078,metaworld,True,60,0.1270838790005655,1,1,1,53,0.3626900017261505,task_success_while_recovery_active_per_intervention,True,False,,4283bf3a91e16411189735d87e9ee88e0231eb0a7f7a410c648bd0de476e40a1,093171deee73c73233afa582007dc538d5372fbe19a180c78389ff37452cf336,39001749c902e2ab9d015efb8c7644faffff99810b709d3203dc359d5eacdcbd,,,0.3,30.0,0.12,0.0075,0.03,0,full,True
REIM (ACT + Detector + Recovery),37,8000079,metaworld,False,200,0.4970365910012333,1,0,1,150,0.9995974898338318,task_success_while_recovery_active_per_intervention,False,True,object_dropped,c031a82912685c2e7bfd44cc62fea0f118109e2513b1bb879c798a3bc0d87202,093171deee73c73233afa582007dc538d5372fbe19a180c78389ff37452cf336,8a99d46d6d04afe3e2ef92bb607dde5e178b5c37506006c4f364e345976453b1,,,0.3,30.0,0.12,0.0075,0.03,0,full,True
REIM (ACT + Detector + Recovery),38,8000080,metaworld,True,52,0.15857378199871164,1,1,1,29,0.21767796576023102,task_success_while_recovery_active_per_intervention,True,False,,9e7f039a97082e3dc405f186cd2f2b82b06c36eda05c876a05fa6e02411c815e,093171deee73c73233afa582007dc538d5372fbe19a180c78389ff37452cf336,5d73f28d4d24cdbcb36a5e5cd61ec1a82f7287ce56d88da8cea912ed757b164c,,,0.3,30.0,0.12,0.0075,0.03,0,full,True
REIM (ACT + Detector + Recovery),39,8000081,metaworld,True,62,0.13478789400323876,1,1,1,52,0.21177662909030914,task_success_while_recovery_active_per_intervention,True,False,,ef907b2a7f498f78a8c9ea532b67ddf1d800ea401d5c09795b6ac60ea5d09b07,093171deee73c73233afa582007dc538d5372fbe19a180c78389ff37452cf336,a8cfe6e2276fbd15230c5555255b87d17333bdd29f84f687df7405d0311fae7f,,,0.3,30.0,0.12,0.0075,0.03,0,full,True
REIM (ACT + Detector + Recovery),40,8000082,metaworld,True,53,0.1678468989994144,1,1,1,29,0.24144333600997925,task_success_while_recovery_active_per_intervention,True,False,,2f7ea9f8e7f674b6f0a552944b92201bf800b5249cd816886f35b15ca98a6c6c,093171deee73c73233afa582007dc538d5372fbe19a180c78389ff37452cf336,f82ceac6f8787ac22c378edc1f141cedcc86bf9309b43f1aff6633ae0a963abb,,,0.3,30.0,0.12,0.0075,0.03,0,full,True
REIM (ACT + Detector + Recovery),41,8000083,metaworld,True,64,0.32609469199815067,0,0,0,0,0.13715074956417084,task_success_while_recovery_active_per_intervention,True,False,,a1de1cb70c9ef8a4a6da0ef72523a2775d6dccab0cdc9eba9c839e7588b7a37c,093171deee73c73233afa582007dc538d5372fbe19a180c78389ff37452cf336,4e97203f8ce1a96cef19545d4c4c300d0de39e4f94bd1941cef7ebc3dd48be02,,,0.3,30.0,0.12,0.0075,0.03,0,full,True
REIM (ACT + Detector + Recovery),42,8000084,metaworld,False,200,0.5008636339989607,1,0,1,150,0.9966603517532349,task_success_while_recovery_active_per_intervention,False,True,timeout,3a273b22228bf3b09a8b9e01f00022698a19a7f41aeecf378d2ff00a9ab97641,093171deee73c73233afa582007dc538d5372fbe19a180c78389ff37452cf336,5d73f28d4d24cdbcb36a5e5cd61ec1a82f7287ce56d88da8cea912ed757b164c,,,0.3,30.0,0.12,0.0075,0.03,0,full,True
REIM (ACT + Detector + Recovery),43,8000085,metaworld,True,59,0.13268435599820805,1,1,1,49,0.3144895136356354,task_success_while_recovery_active_per_intervention,True,False,,68128a0452afb44c0355a9236313dda9a1dbaf4de9a6dddfa373963e7b96d057,093171deee73c73233afa582007dc538d5372fbe19a180c78389ff37452cf336,aba21ef1c98d0573e36116c9757115227fd3793cba96aea7eda95c2547314ca3,,,0.3,30.0,0.12,0.0075,0.03,0,full,True
REIM (ACT + Detector + Recovery),44,8000086,metaworld,True,50,0.13157937699725153,1,1,1,37,0.43851184844970703,task_success_while_recovery_active_per_intervention,True,False,,8a54ac0c6dc53f9596e9fbd32b84c16b1f4be4eebf35c85677b04873b35c5f0a,093171deee73c73233afa582007dc538d5372fbe19a180c78389ff37452cf336,27e1ed8c670f23dae46752497e383610e58c248d638e3b9b707808a32ce33d4e,,,0.3,30.0,0.12,0.0075,0.03,0,full,True
REIM (ACT + Detector + Recovery),45,8000087,metaworld,True,58,0.13281233200177667,1,1,1,49,0.34623637795448303,task_success_while_recovery_active_per_intervention,True,False,,f6e83e36f725663951ef1fe850e040a2732967f60f3734f4938f3b9c1e88bb1e,093171deee73c73233afa582007dc538d5372fbe19a180c78389ff37452cf336,ba19e0623fe05add91e00811bacb33e27305f5fcb6549be6f6278ebce6046101,,,0.3,30.0,0.12,0.0075,0.03,0,full,True
REIM (ACT + Detector + Recovery),46,8000088,metaworld,True,62,0.13894799800254987,1,1,1,52,0.20748496055603027,task_success_while_recovery_active_per_intervention,True,False,,99a6da740b3834f517602ee8f571b53136fd9e890a31f9804d3c8f0ffb9efb65,093171deee73c73233afa582007dc538d5372fbe19a180c78389ff37452cf336,e216352c7f1c7392270c7c501bb599f2a46f420613a124fda0729ab88160cdf2,,,0.3,30.0,0.12,0.0075,0.03,0,full,True
REIM (ACT + Detector + Recovery),47,8000089,metaworld,True,53,0.1692716469988227,1,1,1,30,0.2394365519285202,task_success_while_recovery_active_per_intervention,True,False,,2328ede00be633c88551defe4ecdbf47882d69109b23618c4c9bcb93889c52ed,093171deee73c73233afa582007dc538d5372fbe19a180c78389ff37452cf336,f82ceac6f8787ac22c378edc1f141cedcc86bf9309b43f1aff6633ae0a963abb,,,0.3,30.0,0.12,0.0075,0.03,0,full,True
REIM (ACT + Detector + Recovery),48,8000090,metaworld,True,57,0.15432184200108168,1,1,1,39,0.2226262092590332,task_success_while_recovery_active_per_intervention,True,False,,fc2d96c594c9b92e9bcbcd10df559a2eb04d5090e50d7a3532b4eb8ec31d73c8,093171deee73c73233afa582007dc538d5372fbe19a180c78389ff37452cf336,b8e45a2f8f553d53c6eef0305347f910b9999bcae6df6ccaf0eaee6ac864e670,,,0.3,30.0,0.12,0.0075,0.03,0,full,True
REIM (ACT + Detector + Recovery),49,8000091,metaworld,True,51,0.252673226998013,0,0,0,0,0.18059833347797394,task_success_while_recovery_active_per_intervention,True,False,,0dce9edf4b4c689088dfeb0b1b8cc08c370874d9b91cfe9ff72db19104155822,093171deee73c73233afa582007dc538d5372fbe19a180c78389ff37452cf336,c40fedd273cade53989af8adc3ca66d02f2d92ca4d97b2f6391a0dd0ab6dbca3,,,0.3,30.0,0.12,0.0075,0.03,0,full,True
REIM (ACT + Detector + Recovery),50,8000092,metaworld,True,57,0.21320676899995306,1,1,1,22,0.23683065176010132,task_success_while_recovery_active_per_intervention,True,False,,0b116536f48e7dbccf950aa75db61b72fb76d3a1603bb78bc9363d3ee1a19a3f,093171deee73c73233afa582007dc538d5372fbe19a180c78389ff37452cf336,48ce9609a38b32e56f7e6a43ffef71c21c8b1d17ed5a63d47701bc1dfc3ff271,,,0.3,30.0,0.12,0.0075,0.03,0,full,True
REIM (ACT + Detector + Recovery),51,8000093,metaworld,False,200,0.5055128300009528,1,0,1,149,0.9765591621398926,task_success_while_recovery_active_per_intervention,False,True,timeout,82ba754991ede97af38ba76cc0eec271aba2ed6a040d9f702e58648ce14851aa,093171deee73c73233afa582007dc538d5372fbe19a180c78389ff37452cf336,2ad5907877cc42b4447b9630988e3a1f0da0d83e1f696f71e22dc69905e631b6,,,0.3,30.0,0.12,0.0075,0.03,0,full,True
REIM (ACT + Detector + Recovery),52,8000094,metaworld,True,58,0.16279676200065296,1,1,1,39,0.31973764300346375,task_success_while_recovery_active_per_intervention,True,False,,b58042bec3518f5a41d2a935a310d2627d3e22a4ad0382f795aa916fa3f59dc4,093171deee73c73233afa582007dc538d5372fbe19a180c78389ff37452cf336,8a99d46d6d04afe3e2ef92bb607dde5e178b5c37506006c4f364e345976453b1,,,0.3,30.0,0.12,0.0075,0.03,0,full,True
REIM (ACT + Detector + Recovery),53,8000095,metaworld,True,55,0.1987917810001818,1,1,1,26,0.23676006495952606,task_success_while_recovery_active_per_intervention,True,False,,a308712a8a1090268de785ddabd0f5865d4469964e4d67030bb6e87430d76a5e,093171deee73c73233afa582007dc538d5372fbe19a180c78389ff37452cf336,942fb6a87dc1e3eb7bf7bb111c97e7096138256b4a9a6b4c62a012fabe8bec38,,,0.3,30.0,0.12,0.0075,0.03,0,full,True
REIM (ACT + Detector + Recovery),54,8000096,metaworld,False,200,0.5052351990016177,1,0,1,150,0.967205286026001,task_success_while_recovery_active_per_intervention,False,True,object_dropped,f8532fd70c0cb16e9933c69ab33ad1e3628d125208559728ab79567935f82fd5,093171deee73c73233afa582007dc538d5372fbe19a180c78389ff37452cf336,4e97203f8ce1a96cef19545d4c4c300d0de39e4f94bd1941cef7ebc3dd48be02,,,0.3,30.0,0.12,0.0075,0.03,0,full,True
REIM (ACT + Detector + Recovery),55,8000097,metaworld,True,54,0.27067603599789436,0,0,0,0,0.1273421347141266,task_success_while_recovery_active_per_intervention,True,False,,acea30cb5290075e3f8387a6edda5095df5cf506b853cf555518bc3e10dc1a8a,093171deee73c73233afa582007dc538d5372fbe19a180c78389ff37452cf336,742509487aeb71d366f1ddafa1cb12db2f7cfefe17c4ca89c98cffb67c1c8619,,,0.3,30.0,0.12,0.0075,0.03,0,full,True
REIM (ACT + Detector + Recovery),56,8000098,metaworld,True,54,0.17074174299705192,1,1,1,32,0.22754499316215515,task_success_while_recovery_active_per_intervention,True,False,,995c998d6e4d53398442140e174982875e08b80af96d26fa2a9b1feeace82f49,093171deee73c73233afa582007dc538d5372fbe19a180c78389ff37452cf336,08a97a6dfa17f78b5cc5b1351d60038e4a40a68fc93722672482714333b1d9b5,,,0.3,30.0,0.12,0.0075,0.03,0,full,True
REIM (ACT + Detector + Recovery),57,8000099,metaworld,True,56,0.11370792699744925,1,1,1,49,0.386837363243103,task_success_while_recovery_active_per_intervention,True,False,,d70e76129dd140096ec08808f5ffea51c9c257fc6ab53cb67616b1a6b6f2cdce,093171deee73c73233afa582007dc538d5372fbe19a180c78389ff37452cf336,35203d16cfa98b5f2e002fcb1ffde2400abf9459c161f6a289efa0c46eddb36f,,,0.3,30.0,0.12,0.0075,0.03,0,full,True
REIM (ACT + Detector + Recovery),58,8000100,metaworld,True,61,0.1538227420023759,1,1,1,43,0.32435089349746704,task_success_while_recovery_active_per_intervention,True,False,,d8305da90f0d51255fcef5dcfc5b94ee3882b8e65692e24501635074c0f47c14,093171deee73c73233afa582007dc538d5372fbe19a180c78389ff37452cf336,64ee837add19202e84553431fdab118462cf5265eeae19a4d044b5a6818f771d,,,0.3,30.0,0.12,0.0075,0.03,0,full,True
REIM (ACT + Detector + Recovery),59,8000101,metaworld,False,200,0.4750066960004915,1,0,1,150,0.9987678527832031,task_success_while_recovery_active_per_intervention,False,True,timeout,e9544e1d5fba899943d87493f1c77fa8703c5ec7a45ead38acb5bb5161dce74d,093171deee73c73233afa582007dc538d5372fbe19a180c78389ff37452cf336,06d355d7aff3b944ab4199c02a94c63d062e5c414c0b195f7b232b607e0ab1ed,,,0.3,30.0,0.12,0.0075,0.03,0,full,True
REIM (ACT + Detector + Recovery),60,8000102,metaworld,True,51,0.1279641420005646,1,1,1,37,0.48700034618377686,task_success_while_recovery_active_per_intervention,True,False,,7e06dff7cf3a41c51e2dd7ce7ef60e6941d9c137056516b80718ef4d717954c6,093171deee73c73233afa582007dc538d5372fbe19a180c78389ff37452cf336,08a97a6dfa17f78b5cc5b1351d60038e4a40a68fc93722672482714333b1d9b5,,,0.3,30.0,0.12,0.0075,0.03,0,full,True
REIM (ACT + Detector + Recovery),61,8000103,metaworld,True,57,0.12512347899973975,1,1,1,47,0.21529972553253174,task_success_while_recovery_active_per_intervention,True,False,,ecd067a20a444905405e052bee63c0318848f9991e9ea982062f1ce02d7b1f23,093171deee73c73233afa582007dc538d5372fbe19a180c78389ff37452cf336,0f719f94ef165c0b816b8b10c3f4f5fcf802c9f5a25141035590310315749280,,,0.3,30.0,0.12,0.0075,0.03,0,full,True
REIM (ACT + Detector + Recovery),62,8000104,metaworld,True,50,0.12926277199949254,1,1,1,34,0.21750518679618835,task_success_while_recovery_active_per_intervention,True,False,,a6c095e01a3e350d1cf773a87dc9ee2de00b8767120f654f65f87dd314af1ee7,093171deee73c73233afa582007dc538d5372fbe19a180c78389ff37452cf336,35203d16cfa98b5f2e002fcb1ffde2400abf9459c161f6a289efa0c46eddb36f,,,0.3,30.0,0.12,0.0075,0.03,0,full,True
REIM (ACT + Detector + Recovery),63,8000105,metaworld,False,200,0.4802016809990164,1,0,1,148,0.9951767921447754,task_success_while_recovery_active_per_intervention,False,True,object_dropped,ba712329d4a98ae50770208655ba08c65dd1229463d7edc513898bd64c22dc86,093171deee73c73233afa582007dc538d5372fbe19a180c78389ff37452cf336,4e97203f8ce1a96cef19545d4c4c300d0de39e4f94bd1941cef7ebc3dd48be02,,,0.3,30.0,0.12,0.0075,0.03,0,full,True
REIM (ACT + Detector + Recovery),64,8000106,metaworld,True,58,0.27179951300058747,0,0,0,0,0.15411271154880524,task_success_while_recovery_active_per_intervention,True,False,,94be13ea3dfe5660346152bb7ee9bf93ad5321cac234ae4029ccc35c1b2d7afb,093171deee73c73233afa582007dc538d5372fbe19a180c78389ff37452cf336,06d355d7aff3b944ab4199c02a94c63d062e5c414c0b195f7b232b607e0ab1ed,,,0.3,30.0,0.12,0.0075,0.03,0,full,True
REIM (ACT + Detector + Recovery),65,8000107,metaworld,True,61,0.13457832499989308,1,1,1,50,0.3538629114627838,task_success_while_recovery_active_per_intervention,True,False,,656ebaa988ca366be0ce49ab5b391b04c010ec9e28b6049c9cb01f6fd94bd965,093171deee73c73233afa582007dc538d5372fbe19a180c78389ff37452cf336,0cda21f8ffacf0a1e40e7b0e858a8e2ddc276972106d4bced99d4404b4a13fd8,,,0.3,30.0,0.12,0.0075,0.03,0,full,True
REIM (ACT + Detector + Recovery),66,8000108,metaworld,True,53,0.25324028900286066,0,0,0,0,0.17930090427398682,task_success_while_recovery_active_per_intervention,True,False,,4105368ece2d978dea2306fe4cbe915fd9a7729e19d76bde19a8d122fa73800c,093171deee73c73233afa582007dc538d5372fbe19a180c78389ff37452cf336,2ad5907877cc42b4447b9630988e3a1f0da0d83e1f696f71e22dc69905e631b6,,,0.3,30.0,0.12,0.0075,0.03,0,full,True
REIM (ACT + Detector + Recovery),67,8000109,metaworld,True,58,0.27399204799803556,0,0,0,0,0.15642453730106354,task_success_while_recovery_active_per_intervention,True,False,,7e3d3ee306b9a39918bb64b8ee213c607b8332c1fafb0aa80b183aa1024d78c3,093171deee73c73233afa582007dc538d5372fbe19a180c78389ff37452cf336,a8cfe6e2276fbd15230c5555255b87d17333bdd29f84f687df7405d0311fae7f,,,0.3,30.0,0.12,0.0075,0.03,0,full,True
REIM (ACT + Detector + Recovery),68,8000110,metaworld,True,56,0.12174670199965476,1,1,1,46,0.3644014000892639,task_success_while_recovery_active_per_intervention,True,False,,7dd78dbf61d9260850143da611b2f768aa066bbb091442b3125f77e4825cc9cc,093171deee73c73233afa582007dc538d5372fbe19a180c78389ff37452cf336,0f719f94ef165c0b816b8b10c3f4f5fcf802c9f5a25141035590310315749280,,,0.3,30.0,0.12,0.0075,0.03,0,full,True
REIM (ACT + Detector + Recovery),69,8000111,metaworld,True,62,0.13710522299879813,1,1,1,52,0.32893943786621094,task_success_while_recovery_active_per_intervention,True,False,,1be9672aa4f4e406560b1eea84edf02b27882436c79f0e21e80a21bdc316bd59,093171deee73c73233afa582007dc538d5372fbe19a180c78389ff37452cf336,3183afb500ebb9a5af177cccb5b5889a8321eb35261f8ec571269f8b5ed9cd1a,,,0.3,30.0,0.12,0.0075,0.03,0,full,True
REIM (ACT + Detector + Recovery),70,8000112,metaworld,False,200,0.5153024299979734,1,0,1,137,0.987838625907898,task_success_while_recovery_active_per_intervention,False,True,object_dropped,9b622b8e635b3c65f912161396bcaced12969af406fe8ad0d2430c0ac3888cab,093171deee73c73233afa582007dc538d5372fbe19a180c78389ff37452cf336,a8cfe6e2276fbd15230c5555255b87d17333bdd29f84f687df7405d0311fae7f,,,0.3,30.0,0.12,0.0075,0.03,0,full,True
REIM (ACT + Detector + Recovery),71,8000113,metaworld,True,59,0.14745091999793658,1,1,1,42,0.34225261211395264,task_success_while_recovery_active_per_intervention,True,False,,3211669fa345c882d3f73076867f9b19669b7c22546e146ac1c3470f3f3e5382,093171deee73c73233afa582007dc538d5372fbe19a180c78389ff37452cf336,f82ceac6f8787ac22c378edc1f141cedcc86bf9309b43f1aff6633ae0a963abb,,,0.3,30.0,0.12,0.0075,0.03,0,full,True
REIM (ACT + Detector + Recovery),72,8000114,metaworld,True,48,0.14538670900219586,1,1,1,26,0.20821112394332886,task_success_while_recovery_active_per_intervention,True,False,,a0bf537125454e506071058d47e28daf80f516080ccf10f445d0015c3d48502d,093171deee73c73233afa582007dc538d5372fbe19a180c78389ff37452cf336,e6e55bdbd77dc052facbc072d20b08a21d116978c37627b9a3d9dc7989dfbe62,,,0.3,30.0,0.12,0.0075,0.03,0,full,True
REIM (ACT + Detector + Recovery),73,8000115,metaworld,True,62,0.2952018690011755,0,0,0,0,0.14379313588142395,task_success_while_recovery_active_per_intervention,True,False,,61138546fbde2cbffb799e60e72d6e52d194e6739186395fe084c80fc2af0eae,093171deee73c73233afa582007dc538d5372fbe19a180c78389ff37452cf336,1c856fdcb5da12c3fa2d15b38741aa980fa3a47e64fb99f8635817590128f9ea,,,0.3,30.0,0.12,0.0075,0.03,0,full,True
REIM (ACT + Detector + Recovery),74,8000116,metaworld,True,51,0.12158808000094723,1,1,1,39,0.24397249519824982,task_success_while_recovery_active_per_intervention,True,False,,b7201eb24be8dd18d0ca11a62321d7d038b7e090f4131de37a7325cb58a6ee73,093171deee73c73233afa582007dc538d5372fbe19a180c78389ff37452cf336,27e1ed8c670f23dae46752497e383610e58c248d638e3b9b707808a32ce33d4e,,,0.3,30.0,0.12,0.0075,0.03,0,full,True
REIM (ACT + Detector + Recovery),75,8000117,metaworld,True,58,0.12064711700077169,1,1,1,49,0.4123637080192566,task_success_while_recovery_active_per_intervention,True,False,,d583ab754a06ef689e0e0d0a39f106fea3108cdad8fd47d5da31fcbb6cc18235,093171deee73c73233afa582007dc538d5372fbe19a180c78389ff37452cf336,3183afb500ebb9a5af177cccb5b5889a8321eb35261f8ec571269f8b5ed9cd1a,,,0.3,30.0,0.12,0.0075,0.03,0,full,True
REIM (ACT + Detector + Recovery),76,8000118,metaworld,True,54,0.1528308429988101,1,1,1,33,0.28796014189720154,task_success_while_recovery_active_per_intervention,True,False,,45f4b58c5c38ec633d3176453eea30a431c8e1d380c5064f0140015e460e0eb6,093171deee73c73233afa582007dc538d5372fbe19a180c78389ff37452cf336,acfaed29b052207b47b4b7fa76672795fd08de3add8565db05f141de82ece90b,,,0.3,30.0,0.12,0.0075,0.03,0,full,True
REIM (ACT + Detector + Recovery),77,8000119,metaworld,False,200,0.4718304089983576,1,0,1,150,0.9995099306106567,task_success_while_recovery_active_per_intervention,False,True,timeout,22cbf3db00dd48c9578b8c537b44f2a623df6ee17af4a72ed82fd4143d45d943,093171deee73c73233afa582007dc538d5372fbe19a180c78389ff37452cf336,7c3391ee418e26d47c002810bc00065e4dd0b6728c969d2338ad549ad01ebb0a,,,0.3,30.0,0.12,0.0075,0.03,0,full,True
REIM (ACT + Detector + Recovery),78,8000120,metaworld,True,56,0.16488751799988677,1,1,1,32,0.20518799126148224,task_success_while_recovery_active_per_intervention,True,False,,be644fb80a232f9fc81fec13200d0ad61b10f5070a90aca2ea8e15e3132f0e83,093171deee73c73233afa582007dc538d5372fbe19a180c78389ff37452cf336,64ee837add19202e84553431fdab118462cf5265eeae19a4d044b5a6818f771d,,,0.3,30.0,0.12,0.0075,0.03,0,full,True
REIM (ACT + Detector + Recovery),79,8000121,metaworld,False,200,0.4772132899997814,1,0,1,150,0.9792282581329346,task_success_while_recovery_active_per_intervention,False,True,object_dropped,181cf5e31a4a47141af796efd40cea70d185a3158ff5630fd8ffebb7edc36c14,093171deee73c73233afa582007dc538d5372fbe19a180c78389ff37452cf336,25805a097f1f4b8c203ec3c130dcd3e66b5fb3ad298114a08662aae6c86fa673,,,0.3,30.0,0.12,0.0075,0.03,0,full,True
REIM (ACT + Detector + Recovery),80,8000122,metaworld,False,200,0.46773880899854703,1,0,1,150,0.9943621158599854,task_success_while_recovery_active_per_intervention,False,True,timeout,36376c5dee1c941a98677e90c6ec3f9c2d744e89d979664e494a8710d4c1a4fd,093171deee73c73233afa582007dc538d5372fbe19a180c78389ff37452cf336,2eb279a724955c1a9d173681940490ec9cc8ed4fdc15a95533884a23d4ccdb4e,,,0.3,30.0,0.12,0.0075,0.03,0,full,True
REIM (ACT + Detector + Recovery),81,8000123,metaworld,False,200,0.471278329998313,1,0,1,150,0.9961342811584473,task_success_while_recovery_active_per_intervention,False,True,timeout,197a16975b503da42c564d5bf682e49f8c7adfa50c42e85c4b67c995a22c7ab4,093171deee73c73233afa582007dc538d5372fbe19a180c78389ff37452cf336,25805a097f1f4b8c203ec3c130dcd3e66b5fb3ad298114a08662aae6c86fa673,,,0.3,30.0,0.12,0.0075,0.03,0,full,True
REIM (ACT + Detector + Recovery),82,8000124,metaworld,True,53,0.10971290700035752,1,1,1,45,0.46497416496276855,task_success_while_recovery_active_per_intervention,True,False,,0a65643b097b1f224fea56603cd948769b1666f0f7b76d0483c8b0efa8fe69d9,093171deee73c73233afa582007dc538d5372fbe19a180c78389ff37452cf336,bb2c6b1aed959fa3ddddb1c215ce67cbb5b0ec080eb65fb58e06b7776849a096,,,0.3,30.0,0.12,0.0075,0.03,0,full,True
REIM (ACT + Detector + Recovery),83,8000125,metaworld,True,49,0.15881281099791522,1,1,1,25,0.2245442420244217,task_success_while_recovery_active_per_intervention,True,False,,fd07245fdd89910528153afacb68bdfa5025c4f31d258fb21c11cabae72fed55,093171deee73c73233afa582007dc538d5372fbe19a180c78389ff37452cf336,08a97a6dfa17f78b5cc5b1351d60038e4a40a68fc93722672482714333b1d9b5,,,0.3,30.0,0.12,0.0075,0.03,0,full,True
REIM (ACT + Detector + Recovery),84,8000126,metaworld,True,57,0.2621682669996517,0,0,0,0,0.1257333606481552,task_success_while_recovery_active_per_intervention,True,False,,3b45fea099a3d0508560bbada93ab39114f638fa002abd2d75ec6c2c45fc32c4,093171deee73c73233afa582007dc538d5372fbe19a180c78389ff37452cf336,25805a097f1f4b8c203ec3c130dcd3e66b5fb3ad298114a08662aae6c86fa673,,,0.3,30.0,0.12,0.0075,0.03,0,full,True
REIM (ACT + Detector + Recovery),85,8000127,metaworld,True,63,0.29165649599963217,0,0,0,0,0.19124335050582886,task_success_while_recovery_active_per_intervention,True,False,,cb7080e432d454576e87a04b54aecf444d394a1da357d348f8b211152469d7c2,093171deee73c73233afa582007dc538d5372fbe19a180c78389ff37452cf336,1c856fdcb5da12c3fa2d15b38741aa980fa3a47e64fb99f8635817590128f9ea,,,0.3,30.0,0.12,0.0075,0.03,0,full,True
REIM (ACT + Detector + Recovery),86,8000128,metaworld,True,56,0.12609990099736024,1,1,1,45,0.33818018436431885,task_success_while_recovery_active_per_intervention,True,False,,36403427e20747a7b50c328e39a1ae6c0585681d8e9159b9244d487a91cbc6bd,093171deee73c73233afa582007dc538d5372fbe19a180c78389ff37452cf336,5e1df472084de78052388a34f03cad3de438ca9b5dc801b5759dd57c66a7482a,,,0.3,30.0,0.12,0.0075,0.03,0,full,True
REIM (ACT + Detector + Recovery),87,8000129,metaworld,True,62,0.18098834400007036,1,1,1,35,0.21387192606925964,task_success_while_recovery_active_per_intervention,True,False,,f65b5aa65f8b66df8a46727e4bb867e7e57dec245036792e24493dee1e9c8b83,093171deee73c73233afa582007dc538d5372fbe19a180c78389ff37452cf336,1c856fdcb5da12c3fa2d15b38741aa980fa3a47e64fb99f8635817590128f9ea,,,0.3,30.0,0.12,0.0075,0.03,0,full,True
REIM (ACT + Detector + Recovery),88,8000130,metaworld,True,55,0.17161513199971523,1,1,1,27,0.2922589182853699,task_success_while_recovery_active_per_intervention,True,False,,3249f20644502223e930d5cd135cb4ae02b8b241f0409e9487d1a9fe2815c35b,093171deee73c73233afa582007dc538d5372fbe19a180c78389ff37452cf336,942fb6a87dc1e3eb7bf7bb111c97e7096138256b4a9a6b4c62a012fabe8bec38,,,0.3,30.0,0.12,0.0075,0.03,0,full,True
REIM (ACT + Detector + Recovery),89,8000131,metaworld,True,58,0.12102256399884936,1,1,1,49,0.5288413166999817,task_success_while_recovery_active_per_intervention,True,False,,dca0d5ef472b0d9c7a160dc14cf0eddf2599fd6c955bb99881e254618a58cd2d,093171deee73c73233afa582007dc538d5372fbe19a180c78389ff37452cf336,0f719f94ef165c0b816b8b10c3f4f5fcf802c9f5a25141035590310315749280,,,0.3,30.0,0.12,0.0075,0.03,0,full,True
REIM (ACT + Detector + Recovery),90,8000132,metaworld,True,53,0.1604690469976049,1,1,1,29,0.20944243669509888,task_success_while_recovery_active_per_intervention,True,False,,807e2ad5a9cd6a76038ce457efbeddc4f09a2d8517c34b4f01a005f4d44338f8,093171deee73c73233afa582007dc538d5372fbe19a180c78389ff37452cf336,c40fedd273cade53989af8adc3ca66d02f2d92ca4d97b2f6391a0dd0ab6dbca3,,,0.3,30.0,0.12,0.0075,0.03,0,full,True
REIM (ACT + Detector + Recovery),91,8000133,metaworld,True,56,0.13857618700058083,1,1,1,41,0.22680093348026276,task_success_while_recovery_active_per_intervention,True,False,,c741a4fc7fd4da9d41040f522a93d65e2d7d66229ad7cfa86cd55af0c170a845,093171deee73c73233afa582007dc538d5372fbe19a180c78389ff37452cf336,38329c6b97bbe7d133bf007c22742dca5f0cd7258f8d7199135c6c2371ae591d,,,0.3,30.0,0.12,0.0075,0.03,0,full,True
REIM (ACT + Detector + Recovery),92,8000134,metaworld,True,59,0.2779335129998799,0,0,0,0,0.1636320948600769,task_success_while_recovery_active_per_intervention,True,False,,380695c619bdd7dc167bac184de0016bd27dc30ef8dc0781073b3ed7e53509f1,093171deee73c73233afa582007dc538d5372fbe19a180c78389ff37452cf336,48ce9609a38b32e56f7e6a43ffef71c21c8b1d17ed5a63d47701bc1dfc3ff271,,,0.3,30.0,0.12,0.0075,0.03,0,full,True
REIM (ACT + Detector + Recovery),93,8000135,metaworld,False,200,0.58412457400118,1,0,1,114,0.825106680393219,task_success_while_recovery_active_per_intervention,False,True,timeout,9771125f4cd60be295cb0667d9885091ee066f42a2ac6b318b75977805a0d848,093171deee73c73233afa582007dc538d5372fbe19a180c78389ff37452cf336,48ce9609a38b32e56f7e6a43ffef71c21c8b1d17ed5a63d47701bc1dfc3ff271,,,0.3,30.0,0.12,0.0075,0.03,0,full,True
REIM (ACT + Detector + Recovery),94,8000136,metaworld,True,52,0.1069364629984193,1,1,1,45,0.36606428027153015,task_success_while_recovery_active_per_intervention,True,False,,bf4d5941faf0158083c961596a3587196f26c8d283336ff4af6b762987ac1d7a,093171deee73c73233afa582007dc538d5372fbe19a180c78389ff37452cf336,bb2c6b1aed959fa3ddddb1c215ce67cbb5b0ec080eb65fb58e06b7776849a096,,,0.3,30.0,0.12,0.0075,0.03,0,full,True
REIM (ACT + Detector + Recovery),95,8000137,metaworld,True,51,0.13495046500247554,1,1,1,34,0.28647691011428833,task_success_while_recovery_active_per_intervention,True,False,,32611936cba8d14d1ef7d21cb233351d5038fbeba890e237ac5b6641246ed3e6,093171deee73c73233afa582007dc538d5372fbe19a180c78389ff37452cf336,27e1ed8c670f23dae46752497e383610e58c248d638e3b9b707808a32ce33d4e,,,0.3,30.0,0.12,0.0075,0.03,0,full,True
REIM (ACT + Detector + Recovery),96,8000138,metaworld,True,55,0.2561587550007971,0,0,0,0,0.18833616375923157,task_success_while_recovery_active_per_intervention,True,False,,6718dd804f49217b09f2ddc104a403f25a6502b7978ec9ccf82a412a3c2d5e76,093171deee73c73233afa582007dc538d5372fbe19a180c78389ff37452cf336,08a97a6dfa17f78b5cc5b1351d60038e4a40a68fc93722672482714333b1d9b5,,,0.3,30.0,0.12,0.0075,0.03,0,full,True
REIM (ACT + Detector + Recovery),97,8000139,metaworld,True,60,0.14551491000020178,1,1,1,44,0.2973203957080841,task_success_while_recovery_active_per_intervention,True,False,,3a289a0df3eee0f4c3614499b500753eff14671c913c8ec40a6d5ecca97450ea,093171deee73c73233afa582007dc538d5372fbe19a180c78389ff37452cf336,b8e45a2f8f553d53c6eef0305347f910b9999bcae6df6ccaf0eaee6ac864e670,,,0.3,30.0,0.12,0.0075,0.03,0,full,True
REIM (ACT + Detector + Recovery),98,8000140,metaworld,False,200,0.47620700799961924,1,0,1,150,0.9996646642684937,task_success_while_recovery_active_per_intervention,False,True,object_dropped,dc0f695b1bc902efb33f2438914c4a376401215e3d7d440397ec12d54faa6e6e,093171deee73c73233afa582007dc538d5372fbe19a180c78389ff37452cf336,f82ceac6f8787ac22c378edc1f141cedcc86bf9309b43f1aff6633ae0a963abb,,,0.3,30.0,0.12,0.0075,0.03,0,full,True
REIM (ACT + Detector + Recovery),99,8000141,metaworld,True,59,0.14765934200113406,1,1,1,44,0.259809285402298,task_success_while_recovery_active_per_intervention,True,False,,f4388da0f188466b337d1bb5dc3e39d9bd39ab33922efc79a1eff8a6c26e6357,093171deee73c73233afa582007dc538d5372fbe19a180c78389ff37452cf336,f82ceac6f8787ac22c378edc1f141cedcc86bf9309b43f1aff6633ae0a963abb,,,0.3,30.0,0.12,0.0075,0.03,0,full,True
REIM (ACT + Detector + Recovery),100,8000142,metaworld,False,200,0.5041930730003514,1,0,1,145,0.9824563264846802,task_success_while_recovery_active_per_intervention,False,True,object_dropped,2e1d99b2f2cc1e2f54ae44bb670d05b388c021ad7a281364c827957802cbc2bf,093171deee73c73233afa582007dc538d5372fbe19a180c78389ff37452cf336,e216352c7f1c7392270c7c501bb599f2a46f420613a124fda0729ab88160cdf2,,,0.3,30.0,0.12,0.0075,0.03,0,full,True
REIM (ACT + Detector + Recovery),101,8000143,metaworld,True,57,0.1251489149981353,1,1,1,48,0.2720105051994324,task_success_while_recovery_active_per_intervention,True,False,,37597ccc5a379553a6a69407c931432a1d4d330b8002747f2bde652ed425b9d5,093171deee73c73233afa582007dc538d5372fbe19a180c78389ff37452cf336,35203d16cfa98b5f2e002fcb1ffde2400abf9459c161f6a289efa0c46eddb36f,,,0.3,30.0,0.12,0.0075,0.03,0,full,True
REIM (ACT + Detector + Recovery),102,8000144,metaworld,True,52,0.13218097999924794,1,1,1,37,0.42794251441955566,task_success_while_recovery_active_per_intervention,True,False,,db1b2033276ab5b8bcc1c916026a783d45735be33cda6486d2aa5b598fd1b7e2,093171deee73c73233afa582007dc538d5372fbe19a180c78389ff37452cf336,504c23f653f6cdee9d659d9320b164606b319d4f0e9cdf0f3a87e2fc7a98160a,,,0.3,30.0,0.12,0.0075,0.03,0,full,True
REIM (ACT + Detector + Recovery),103,8000145,metaworld,True,58,0.2781118509992666,0,0,0,0,0.15672878921031952,task_success_while_recovery_active_per_intervention,True,False,,3950478567fa100fae6144901ff0a60f950694bbc92a728022d47572ecc56a35,093171deee73c73233afa582007dc538d5372fbe19a180c78389ff37452cf336,a0b103bf3e43f4aa92753185301eba5e2e31594285004b99f51a59b33bd2d620,,,0.3,30.0,0.12,0.0075,0.03,0,full,True
REIM (ACT + Detector + Recovery),104,8000146,metaworld,True,60,0.2852022429979115,0,0,0,0,0.14096087217330933,task_success_while_recovery_active_per_intervention,True,False,,cc0cd65eb9e23e834e82204025602b5a0e0deb336f2a0bb4b74c06a5528297a9,093171deee73c73233afa582007dc538d5372fbe19a180c78389ff37452cf336,56b7f182edcfeefa9301e1edd53d7f36e4418de7e6df1b54b0f0c298cde1b3cd,,,0.3,30.0,0.12,0.0075,0.03,0,full,True
REIM (ACT + Detector + Recovery),105,8000147,metaworld,True,53,0.2510119649996341,0,0,0,0,0.17543074488639832,task_success_while_recovery_active_per_intervention,True,False,,f800f87c9ebf7de84f0db633260e6d59890d1a4fe1db233c737d26558ec5de1b,093171deee73c73233afa582007dc538d5372fbe19a180c78389ff37452cf336,08a97a6dfa17f78b5cc5b1351d60038e4a40a68fc93722672482714333b1d9b5,,,0.3,30.0,0.12,0.0075,0.03,0,full,True
REIM (ACT + Detector + Recovery),106,8000148,metaworld,True,51,0.13273725800172542,1,1,1,36,0.3551316261291504,task_success_while_recovery_active_per_intervention,True,False,,8cafa1a3ad72a7cf2ffd766747112019854cefc92a7df07c9e05be91243b9311,093171deee73c73233afa582007dc538d5372fbe19a180c78389ff37452cf336,08a97a6dfa17f78b5cc5b1351d60038e4a40a68fc93722672482714333b1d9b5,,,0.3,30.0,0.12,0.0075,0.03,0,full,True
REIM (ACT + Detector + Recovery),107,8000149,metaworld,True,58,0.1883768740008236,1,1,1,29,0.2034696340560913,task_success_while_recovery_active_per_intervention,True,False,,3e707c7678093303bdc2025ad432db9e3188f5393c82e8bccda71b34e81aeca0,093171deee73c73233afa582007dc538d5372fbe19a180c78389ff37452cf336,524e161a612d94c222d06154bcd0129d0851b8fad51ae883abbef6e86d43cbb0,,,0.3,30.0,0.12,0.0075,0.03,0,full,True
REIM (ACT + Detector + Recovery),108,8000150,metaworld,True,47,0.22321871900203405,0,0,0,0,0.19123868644237518,task_success_while_recovery_active_per_intervention,True,False,,72ba3019e19a978fcef290e14647938b7fe5e32369c522ef3819ead48572c3cf,093171deee73c73233afa582007dc538d5372fbe19a180c78389ff37452cf336,5d73f28d4d24cdbcb36a5e5cd61ec1a82f7287ce56d88da8cea912ed757b164c,,,0.3,30.0,0.12,0.0075,0.03,0,full,True
REIM (ACT + Detector + Recovery),109,8000151,metaworld,True,56,0.14447592199940118,1,1,1,39,0.26991158723831177,task_success_while_recovery_active_per_intervention,True,False,,fe5d435a71e15df6e060a6cd61c48aa6be234b1361cb4163cf2e0e4391b8c118,093171deee73c73233afa582007dc538d5372fbe19a180c78389ff37452cf336,aa1f17aacdf569c3a2930a2ebbf742ff43f8d3acfc772731a5c344cabcd52570,,,0.3,30.0,0.12,0.0075,0.03,0,full,True
REIM (ACT + Detector + Recovery),110,8000152,metaworld,True,53,0.1410593689979578,1,1,1,35,0.3708711862564087,task_success_while_recovery_active_per_intervention,True,False,,3bc16325a196f3c4d2704ca75de8829b849914fffacd8c4ba917b677a68ba6a4,093171deee73c73233afa582007dc538d5372fbe19a180c78389ff37452cf336,cea0b9105255f82e0ee99bfb3998a6edce02b446d4b14afb0747282cd18aa202,,,0.3,30.0,0.12,0.0075,0.03,0,full,True
REIM (ACT + Detector + Recovery),111,8000153,metaworld,False,200,0.47411541099791066,1,0,1,150,0.9963399171829224,task_success_while_recovery_active_per_intervention,False,True,object_dropped,cb7c9ef2e52d4ad665288ade430c24b93d6fc7cf9f0f4b0b2bfda53d3e1d7611,093171deee73c73233afa582007dc538d5372fbe19a180c78389ff37452cf336,e6e55bdbd77dc052facbc072d20b08a21d116978c37627b9a3d9dc7989dfbe62,,,0.3,30.0,0.12,0.0075,0.03,0,full,True
REIM (ACT + Detector + Recovery),112,8000154,metaworld,True,58,0.13730286200006958,1,1,1,45,0.28312602639198303,task_success_while_recovery_active_per_intervention,True,False,,9319f272444674a7d8e936c3ae382602065169e5c5c49a2072594b798853a442,093171deee73c73233afa582007dc538d5372fbe19a180c78389ff37452cf336,5e1df472084de78052388a34f03cad3de438ca9b5dc801b5759dd57c66a7482a,,,0.3,30.0,0.12,0.0075,0.03,0,full,True
REIM (ACT + Detector + Recovery),113,8000155,metaworld,True,56,0.16108190099839703,1,1,1,34,0.3331873416900635,task_success_while_recovery_active_per_intervention,True,False,,772a80201ed9549be215fac7195f5f787428697b8fd6d22c5e260d7f46a536f0,093171deee73c73233afa582007dc538d5372fbe19a180c78389ff37452cf336,8a99d46d6d04afe3e2ef92bb607dde5e178b5c37506006c4f364e345976453b1,,,0.3,30.0,0.12,0.0075,0.03,0,full,True
REIM (ACT + Detector + Recovery),114,8000156,metaworld,False,200,0.47888823699759087,1,0,1,150,0.9631335139274597,task_success_while_recovery_active_per_intervention,False,True,timeout,5267773dfc377960e8172f4a3fa86934157b7902580875b367f7fce08b5e3daf,093171deee73c73233afa582007dc538d5372fbe19a180c78389ff37452cf336,a8cfe6e2276fbd15230c5555255b87d17333bdd29f84f687df7405d0311fae7f,,,0.3,30.0,0.12,0.0075,0.03,0,full,True
REIM (ACT + Detector + Recovery),115,8000157,metaworld,True,51,0.11995376599952579,1,1,1,39,0.40243056416511536,task_success_while_recovery_active_per_intervention,True,False,,bd1172c3cfcfbb9efe5f0f73c888f5bf2e3cf208bd294f6df76356befd110e2b,093171deee73c73233afa582007dc538d5372fbe19a180c78389ff37452cf336,08a97a6dfa17f78b5cc5b1351d60038e4a40a68fc93722672482714333b1d9b5,,,0.3,30.0,0.12,0.0075,0.03,0,full,True
REIM (ACT + Detector + Recovery),116,8000158,metaworld,True,64,0.15560339800140355,1,1,1,48,0.4170375168323517,task_success_while_recovery_active_per_intervention,True,False,,0f575e495facb2cffb634dcffd760e4d6eb0a105ed23b6ca4172ce4163b0f66b,093171deee73c73233afa582007dc538d5372fbe19a180c78389ff37452cf336,b8e45a2f8f553d53c6eef0305347f910b9999bcae6df6ccaf0eaee6ac864e670,,,0.3,30.0,0.12,0.0075,0.03,0,full,True
REIM (ACT + Detector + Recovery),117,8000159,metaworld,False,200,0.4788135919989145,1,0,1,150,0.9987738728523254,task_success_while_recovery_active_per_intervention,False,True,timeout,5e60a02e35494710fda77c7264713a23c4a63428e5af846b8124a93210c85483,093171deee73c73233afa582007dc538d5372fbe19a180c78389ff37452cf336,0f719f94ef165c0b816b8b10c3f4f5fcf802c9f5a25141035590310315749280,,,0.3,30.0,0.12,0.0075,0.03,0,full,True
REIM (ACT + Detector + Recovery),118,8000160,metaworld,True,54,0.14580959099839674,1,1,1,37,0.35654494166374207,task_success_while_recovery_active_per_intervention,True,False,,f84a9dcbd4df05b66e4248e723b80c356becdc84f28eaa557997ce07771f0242,093171deee73c73233afa582007dc538d5372fbe19a180c78389ff37452cf336,342b72dafe0e47ecf8a937cb01e62ac02c2d77bf93dafca59574cbbbfc4ad77b,,,0.3,30.0,0.12,0.0075,0.03,0,full,True
REIM (ACT + Detector + Recovery),119,8000161,metaworld,True,56,0.14625789699857705,1,1,1,41,0.2720593810081482,task_success_while_recovery_active_per_intervention,True,False,,1cd9954d8390cf6afef99981be7658e10ad9c2609123ebc0e611929dbc3a969d,093171deee73c73233afa582007dc538d5372fbe19a180c78389ff37452cf336,ba19e0623fe05add91e00811bacb33e27305f5fcb6549be6f6278ebce6046101,,,0.3,30.0,0.12,0.0075,0.03,0,full,True
REIM (ACT + Detector + Recovery),120,8000162,metaworld,True,55,0.14136098399831099,1,1,1,42,0.2785484194755554,task_success_while_recovery_active_per_intervention,True,False,,df8b27ebc83ce7b2a197a9142df82d9dd9061347854819a15fc83288b827dab4,093171deee73c73233afa582007dc538d5372fbe19a180c78389ff37452cf336,acfaed29b052207b47b4b7fa76672795fd08de3add8565db05f141de82ece90b,,,0.3,30.0,0.12,0.0075,0.03,0,full,True
REIM (ACT + Detector + Recovery),121,8000163,metaworld,True,55,0.2577627749997191,0,0,0,0,0.15397103130817413,task_success_while_recovery_active_per_intervention,True,False,,11c44f691767e640281548addc297de9060a20fdff5b14c99aff8287266bfa36,093171deee73c73233afa582007dc538d5372fbe19a180c78389ff37452cf336,0cda21f8ffacf0a1e40e7b0e858a8e2ddc276972106d4bced99d4404b4a13fd8,,,0.3,30.0,0.12,0.0075,0.03,0,full,True
REIM (ACT + Detector + Recovery),122,8000164,metaworld,False,200,0.48972720299934736,1,0,1,149,0.9914646744728088,task_success_while_recovery_active_per_intervention,False,True,timeout,7f4d0773cbcaabf69528fbb969c703904e5f6e2791892e266a1394c25d513a8a,093171deee73c73233afa582007dc538d5372fbe19a180c78389ff37452cf336,15a9adece7ebea14bdf37f5376e274c6dce4711281025cf35060933ba9ab8ad3,,,0.3,30.0,0.12,0.0075,0.03,0,full,True
REIM (ACT + Detector + Recovery),123,8000165,metaworld,True,61,0.1315076319988293,1,1,1,51,0.41508355736732483,task_success_while_recovery_active_per_intervention,True,False,,ce4b1dd156fd9e9c63c676f53b1c0babcfdb67f06a5cbccdb5d3eaf7f2b488e3,093171deee73c73233afa582007dc538d5372fbe19a180c78389ff37452cf336,0f719f94ef165c0b816b8b10c3f4f5fcf802c9f5a25141035590310315749280,,,0.3,30.0,0.12,0.0075,0.03,0,full,True
REIM (ACT + Detector + Recovery),124,8000166,metaworld,True,53,0.14331132100051036,1,1,1,38,0.29195839166641235,task_success_while_recovery_active_per_intervention,True,False,,38b2c7e0e430236d9876b834792bad5c7bfd02c85d04bae9b06fae868e84a261,093171deee73c73233afa582007dc538d5372fbe19a180c78389ff37452cf336,aa1f17aacdf569c3a2930a2ebbf742ff43f8d3acfc772731a5c344cabcd52570,,,0.3,30.0,0.12,0.0075,0.03,0,full,True
REIM (ACT + Detector + Recovery),125,8000167,metaworld,False,200,0.5118908320000628,1,0,1,150,0.9984629154205322,task_success_while_recovery_active_per_intervention,False,True,timeout,cfc156f78817345ac974a3209713f95a997b0cd27fe09fbc0d68faa5486e0f78,093171deee73c73233afa582007dc538d5372fbe19a180c78389ff37452cf336,a0b103bf3e43f4aa92753185301eba5e2e31594285004b99f51a59b33bd2d620,,,0.3,30.0,0.12,0.0075,0.03,0,full,True
REIM (ACT + Detector + Recovery),126,8000168,metaworld,True,53,0.14237412000147742,1,1,1,38,0.27596035599708557,task_success_while_recovery_active_per_intervention,True,False,,31e8413ddbab8299bbb65b81defc7a26f0e67ab7f16985db10e9ecec324a4d7b,093171deee73c73233afa582007dc538d5372fbe19a180c78389ff37452cf336,15a9adece7ebea14bdf37f5376e274c6dce4711281025cf35060933ba9ab8ad3,,,0.3,30.0,0.12,0.0075,0.03,0,full,True
REIM (ACT + Detector + Recovery),127,8000169,metaworld,True,55,0.13690001600116375,1,1,1,42,0.3492225110530853,task_success_while_recovery_active_per_intervention,True,False,,10bf329f0a8e9502a62c0816a384f46e78bbeb46e4b5c6bafb6c2271eed13bf0,093171deee73c73233afa582007dc538d5372fbe19a180c78389ff37452cf336,2ad5907877cc42b4447b9630988e3a1f0da0d83e1f696f71e22dc69905e631b6,,,0.3,30.0,0.12,0.0075,0.03,0,full,True
REIM (ACT + Detector + Recovery),128,8000170,metaworld,False,200,0.491727697000897,1,0,1,150,0.9995318651199341,task_success_while_recovery_active_per_intervention,False,True,object_dropped,3e8ba9d62043eba30612d875c54e2c0497de03995be79e79906fd23c29dbd60e,093171deee73c73233afa582007dc538d5372fbe19a180c78389ff37452cf336,8a99d46d6d04afe3e2ef92bb607dde5e178b5c37506006c4f364e345976453b1,,,0.3,30.0,0.12,0.0075,0.03,0,full,True
REIM (ACT + Detector + Recovery),129,8000171,metaworld,True,50,0.1667478419985855,1,1,1,22,0.200078085064888,task_success_while_recovery_active_per_intervention,True,False,,6a0d873bcc31ed525bb7f53df24ad76245520b855a3a2397a3fad840cd7d6e3b,093171deee73c73233afa582007dc538d5372fbe19a180c78389ff37452cf336,08a97a6dfa17f78b5cc5b1351d60038e4a40a68fc93722672482714333b1d9b5,,,0.3,30.0,0.12,0.0075,0.03,0,full,True
REIM (ACT + Detector + Recovery),130,8000172,metaworld,True,55,0.14905512199766235,1,1,1,39,0.2756503224372864,task_success_while_recovery_active_per_intervention,True,False,,b017f13b4092217506b7b0e0dbb8532a2a6e0a71cb3d306b96854f51cda5646d,093171deee73c73233afa582007dc538d5372fbe19a180c78389ff37452cf336,7c3391ee418e26d47c002810bc00065e4dd0b6728c969d2338ad549ad01ebb0a,,,0.3,30.0,0.12,0.0075,0.03,0,full,True
REIM (ACT + Detector + Recovery),131,8000173,metaworld,True,56,0.12588446899826522,1,1,1,45,0.2832087278366089,task_success_while_recovery_active_per_intervention,True,False,,14fb6d152c6e08be2f0e48baefd332e149513642790abd2abb1254508b630f37,093171deee73c73233afa582007dc538d5372fbe19a180c78389ff37452cf336,bb2c6b1aed959fa3ddddb1c215ce67cbb5b0ec080eb65fb58e06b7776849a096,,,0.3,30.0,0.12,0.0075,0.03,0,full,True
REIM (ACT + Detector + Recovery),132,8000174,metaworld,True,55,0.1224606190007762,1,1,1,45,0.2653529644012451,task_success_while_recovery_active_per_intervention,True,False,,7f06dfa8207c6f76132dd7f61166ba147203fa7ee32c3d2d726a666178d3554a,093171deee73c73233afa582007dc538d5372fbe19a180c78389ff37452cf336,c40fedd273cade53989af8adc3ca66d02f2d92ca4d97b2f6391a0dd0ab6dbca3,,,0.3,30.0,0.12,0.0075,0.03,0,full,True
REIM (ACT + Detector + Recovery),133,8000175,metaworld,False,200,0.48997683500056155,1,0,1,150,0.9982050657272339,task_success_while_recovery_active_per_intervention,False,True,timeout,b8b37b173ddd0c6d64c04424913663531444924f83bdb326811b2d4c547c3bc3,093171deee73c73233afa582007dc538d5372fbe19a180c78389ff37452cf336,bb2c6b1aed959fa3ddddb1c215ce67cbb5b0ec080eb65fb58e06b7776849a096,,,0.3,30.0,0.12,0.0075,0.03,0,full,True
REIM (ACT + Detector + Recovery),134,8000176,metaworld,False,200,0.4728159449987288,1,0,1,150,0.9957388639450073,task_success_while_recovery_active_per_intervention,False,True,timeout,a747c0862e36285db1159b03f143c36c61432a749b889364cf2a0a0f8f20d35d,093171deee73c73233afa582007dc538d5372fbe19a180c78389ff37452cf336,6338b57c8983138382fa5c9ee7bb2d2c200be44368697f7ffa8216ea26ddccaf,,,0.3,30.0,0.12,0.0075,0.03,0,full,True
REIM (ACT + Detector + Recovery),135,8000177,metaworld,False,200,0.539746655998897,1,0,1,135,0.9990512728691101,task_success_while_recovery_active_per_intervention,False,True,object_dropped,edd7778c933386c281374319825a440d8c0cb56ceba748315300c1dfc2ba6a18,093171deee73c73233afa582007dc538d5372fbe19a180c78389ff37452cf336,1c856fdcb5da12c3fa2d15b38741aa980fa3a47e64fb99f8635817590128f9ea,,,0.3,30.0,0.12,0.0075,0.03,0,full,True
REIM (ACT + Detector + Recovery),136,8000178,metaworld,True,53,0.1454592939990107,1,1,1,37,0.26011043787002563,task_success_while_recovery_active_per_intervention,True,False,,6712972f7a2fb0c450363c1e4f05e7fdce9be6679c157a4c671cb4de21a739c7,093171deee73c73233afa582007dc538d5372fbe19a180c78389ff37452cf336,acfaed29b052207b47b4b7fa76672795fd08de3add8565db05f141de82ece90b,,,0.3,30.0,0.12,0.0075,0.03,0,full,True
REIM (ACT + Detector + Recovery),137,8000179,metaworld,False,200,0.5039962199989532,1,0,1,149,0.9980095028877258,task_success_while_recovery_active_per_intervention,False,True,object_dropped,f339837057eaf2a9227814a9c0e59980173b3cdc9b04f27c3be3b093f29bc086,093171deee73c73233afa582007dc538d5372fbe19a180c78389ff37452cf336,2ad5907877cc42b4447b9630988e3a1f0da0d83e1f696f71e22dc69905e631b6,,,0.3,30.0,0.12,0.0075,0.03,0,full,True
REIM (ACT + Detector + Recovery),138,8000180,metaworld,True,55,0.14124358400295023,1,1,1,41,0.21025380492210388,task_success_while_recovery_active_per_intervention,True,False,,f85403342b32757b92baac7a989f80962090f5ab2ab53a6e4c9528094cbcbe57,093171deee73c73233afa582007dc538d5372fbe19a180c78389ff37452cf336,56b7f182edcfeefa9301e1edd53d7f36e4418de7e6df1b54b0f0c298cde1b3cd,,,0.3,30.0,0.12,0.0075,0.03,0,full,True
REIM (ACT + Detector + Recovery),139,8000181,metaworld,True,60,0.1332434280011512,1,1,1,51,0.3046211898326874,task_success_while_recovery_active_per_intervention,True,False,,034402ab5e318690eef04d5f23568838f20e8de15022466b6c709aebfbe18c70,093171deee73c73233afa582007dc538d5372fbe19a180c78389ff37452cf336,0f719f94ef165c0b816b8b10c3f4f5fcf802c9f5a25141035590310315749280,,,0.3,30.0,0.12,0.0075,0.03,0,full,True
REIM (ACT + Detector + Recovery),140,8000182,metaworld,True,56,0.1731090450011834,1,1,1,32,0.25041109323501587,task_success_while_recovery_active_per_intervention,True,False,,c04ef94a495e37a9d926e010b9ad31b570f51b262e83c259079345fef8c54d19,093171deee73c73233afa582007dc538d5372fbe19a180c78389ff37452cf336,6cb8d983459a8e57d4ae53a86da2394015cabba2d7c306dcaf7b14af979ca230,,,0.3,30.0,0.12,0.0075,0.03,0,full,True
REIM (ACT + Detector + Recovery),141,8000183,metaworld,True,60,0.17319401699933223,1,1,1,38,0.25777822732925415,task_success_while_recovery_active_per_intervention,True,False,,6903b5fddeaf3a6feb95139af69808354c975c5d2953c10d964bbb04c80f2752,093171deee73c73233afa582007dc538d5372fbe19a180c78389ff37452cf336,39001749c902e2ab9d015efb8c7644faffff99810b709d3203dc359d5eacdcbd,,,0.3,30.0,0.12,0.0075,0.03,0,full,True
REIM (ACT + Detector + Recovery),142,8000184,metaworld,True,59,0.28543892100060475,0,0,0,0,0.17596009373664856,task_success_while_recovery_active_per_intervention,True,False,,93276eaba88a60c3a07c7c3a1040569d4f01260d3d132283528d9de174345bac,093171deee73c73233afa582007dc538d5372fbe19a180c78389ff37452cf336,f6a9ed9055e00c868d6771022c2c557a6a48990bdacbed585d07cde857d4755a,,,0.3,30.0,0.12,0.0075,0.03,0,full,True
REIM (ACT + Detector + Recovery),143,8000185,metaworld,True,61,0.14567252399865538,1,1,1,51,0.2085113376379013,task_success_while_recovery_active_per_intervention,True,False,,59be9d5f46b0bf48260a4aeb4f4e0d6530705654648899c807f7d5c1b28c4585,093171deee73c73233afa582007dc538d5372fbe19a180c78389ff37452cf336,39001749c902e2ab9d015efb8c7644faffff99810b709d3203dc359d5eacdcbd,,,0.3,30.0,0.12,0.0075,0.03,0,full,True
REIM (ACT + Detector + Recovery),144,8000186,metaworld,True,55,0.1255627899990941,1,1,1,47,0.3389171361923218,task_success_while_recovery_active_per_intervention,True,False,,3b7c4548e107af77d727487294c38e5933dfb5ffa2d6f9eeb3c5e6be3d182119,093171deee73c73233afa582007dc538d5372fbe19a180c78389ff37452cf336,588df85fb38ef87f822932ad2f702be807974873e4a07ea43084bbdeeaac6604,,,0.3,30.0,0.12,0.0075,0.03,0,full,True
REIM (ACT + Detector + Recovery),145,8000187,metaworld,True,63,0.1881390820017259,1,1,1,36,0.2349708080291748,task_success_while_recovery_active_per_intervention,True,False,,b84f9d0aae887f5cc2dbf231ecde36b00de80999842197e9b8c6cfe579e15de3,093171deee73c73233afa582007dc538d5372fbe19a180c78389ff37452cf336,c5023b3d25031a103b9549b6e8c83ba09d69e708ef117c31128a38e03616e5d8,,,0.3,30.0,0.12,0.0075,0.03,0,full,True
REIM (ACT + Detector + Recovery),146,8000188,metaworld,True,65,0.12948854899877915,1,1,1,56,0.5897333025932312,task_success_while_recovery_active_per_intervention,True,False,,f0d9e60efec0d7de49a34293553cf65d4e5df05669dbc353e99d779b27b15c7e,093171deee73c73233afa582007dc538d5372fbe19a180c78389ff37452cf336,942fb6a87dc1e3eb7bf7bb111c97e7096138256b4a9a6b4c62a012fabe8bec38,,,0.3,30.0,0.12,0.0075,0.03,0,full,True
REIM (ACT + Detector + Recovery),147,8000189,metaworld,True,57,0.138200361001509,1,1,1,41,0.20933948457241058,task_success_while_recovery_active_per_intervention,True,False,,38b14f3ff8ec21ce306dbeaf2d668489ce2a76ee281901e8ba42e1cda60f76a4,093171deee73c73233afa582007dc538d5372fbe19a180c78389ff37452cf336,7c3391ee418e26d47c002810bc00065e4dd0b6728c969d2338ad549ad01ebb0a,,,0.3,30.0,0.12,0.0075,0.03,0,full,True
REIM (ACT + Detector + Recovery),148,8000190,metaworld,True,48,0.15032980499745463,1,1,1,23,0.25967204570770264,task_success_while_recovery_active_per_intervention,True,False,,7ac917cb60fde3f70cd279b33d55c8581b2b226bbefd8e349611c3c4dd76a609,093171deee73c73233afa582007dc538d5372fbe19a180c78389ff37452cf336,cea0b9105255f82e0ee99bfb3998a6edce02b446d4b14afb0747282cd18aa202,,,0.3,30.0,0.12,0.0075,0.03,0,full,True
REIM (ACT + Detector + Recovery),149,8000191,metaworld,True,62,0.2898101860009774,0,0,0,0,0.17989481985569,task_success_while_recovery_active_per_intervention,True,False,,2a03fd376a86cd3e549176c0a405466383120bca2b46eaf0dab98c2d14e29741,093171deee73c73233afa582007dc538d5372fbe19a180c78389ff37452cf336,e216352c7f1c7392270c7c501bb599f2a46f420613a124fda0729ab88160cdf2,,,0.3,30.0,0.12,0.0075,0.03,0,full,True
REIM (ACT + Detector + Recovery),150,8000192,metaworld,True,57,0.2694443280015548,0,0,0,0,0.14776058495044708,task_success_while_recovery_active_per_intervention,True,False,,970487fc6a5bd5d9e3cff7987ad32e8e105f95f371396f1f7abdb990cb6b1515,093171deee73c73233afa582007dc538d5372fbe19a180c78389ff37452cf336,25805a097f1f4b8c203ec3c130dcd3e66b5fb3ad298114a08662aae6c86fa673,,,0.3,30.0,0.12,0.0075,0.03,0,full,True
REIM (ACT + Detector + Recovery),151,8000193,metaworld,True,68,0.1457417470010114,1,1,1,56,0.32951241731643677,task_success_while_recovery_active_per_intervention,True,False,,aacab6cdfb23a03a76ab567fe7c81a28aa3067534acb7d52288b44e54c1e1901,093171deee73c73233afa582007dc538d5372fbe19a180c78389ff37452cf336,1c856fdcb5da12c3fa2d15b38741aa980fa3a47e64fb99f8635817590128f9ea,,,0.3,30.0,0.12,0.0075,0.03,0,full,True
REIM (ACT + Detector + Recovery),152,8000194,metaworld,True,59,0.28228362099980586,0,0,0,0,0.1228843703866005,task_success_while_recovery_active_per_intervention,True,False,,0618f8a34f7d455dc96e540dd8b344a702c3353cc74b43732ac51f5b47330edc,093171deee73c73233afa582007dc538d5372fbe19a180c78389ff37452cf336,64ee837add19202e84553431fdab118462cf5265eeae19a4d044b5a6818f771d,,,0.3,30.0,0.12,0.0075,0.03,0,full,True
REIM (ACT + Detector + Recovery),153,8000195,metaworld,True,51,0.14043658600348863,1,1,1,32,0.3018299341201782,task_success_while_recovery_active_per_intervention,True,False,,9a78c0e6024e4c167a6a9fabd62c62e98965fd03f8f8bb499cee35ad98d611b0,093171deee73c73233afa582007dc538d5372fbe19a180c78389ff37452cf336,2eb279a724955c1a9d173681940490ec9cc8ed4fdc15a95533884a23d4ccdb4e,,,0.3,30.0,0.12,0.0075,0.03,0,full,True
REIM (ACT + Detector + Recovery),154,8000196,metaworld,True,58,0.14887190299850772,1,1,1,43,0.3033374845981598,task_success_while_recovery_active_per_intervention,True,False,,c907b75412726fc7456c21a6f924af4ae417cfc4bc9c4dcb316902d272e207be,093171deee73c73233afa582007dc538d5372fbe19a180c78389ff37452cf336,342b72dafe0e47ecf8a937cb01e62ac02c2d77bf93dafca59574cbbbfc4ad77b,,,0.3,30.0,0.12,0.0075,0.03,0,full,True
REIM (ACT + Detector + Recovery),155,8000197,metaworld,True,58,0.272213941996597,0,0,0,0,0.18779954314231873,task_success_while_recovery_active_per_intervention,True,False,,5a45493cfdbe0339482bbf25fc0bc1795ab745b5e9cb0f31519d22ca74b75de6,093171deee73c73233afa582007dc538d5372fbe19a180c78389ff37452cf336,524e161a612d94c222d06154bcd0129d0851b8fad51ae883abbef6e86d43cbb0,,,0.3,30.0,0.12,0.0075,0.03,0,full,True
REIM (ACT + Detector + Recovery),156,8000198,metaworld,True,57,0.13098078400071245,1,1,1,44,0.24619165062904358,task_success_while_recovery_active_per_intervention,True,False,,8e1daaefd3c0bf781cbae2a3c034c01121702744be74f761772510af052e0237,093171deee73c73233afa582007dc538d5372fbe19a180c78389ff37452cf336,56b7f182edcfeefa9301e1edd53d7f36e4418de7e6df1b54b0f0c298cde1b3cd,,,0.3,30.0,0.12,0.0075,0.03,0,full,True
REIM (ACT + Detector + Recovery),157,8000199,metaworld,True,56,0.14488316499773646,1,1,1,38,0.211183562874794,task_success_while_recovery_active_per_intervention,True,False,,95832f9b5d4f421d52731b75ecf98d619ebba84098132e54914736ddfbdc95c6,093171deee73c73233afa582007dc538d5372fbe19a180c78389ff37452cf336,3183afb500ebb9a5af177cccb5b5889a8321eb35261f8ec571269f8b5ed9cd1a,,,0.3,30.0,0.12,0.0075,0.03,0,full,True
REIM (ACT + Detector + Recovery),158,8000200,metaworld,False,200,0.4746661290009797,1,0,1,150,0.996034562587738,task_success_while_recovery_active_per_intervention,False,True,timeout,b4ec05d0636b5bd09e1eb25b4e199d8aaff8ab46a599c9aefd6722ceb375893c,093171deee73c73233afa582007dc538d5372fbe19a180c78389ff37452cf336,524e161a612d94c222d06154bcd0129d0851b8fad51ae883abbef6e86d43cbb0,,,0.3,30.0,0.12,0.0075,0.03,0,full,True
REIM (ACT + Detector + Recovery),159,8000201,metaworld,True,56,0.2607020739997097,0,0,0,0,0.1517663300037384,task_success_while_recovery_active_per_intervention,True,False,,b5c9a6e8dc68cad21ff2142671e211dc684a226cdc8f3535ef95d0d6900a3581,093171deee73c73233afa582007dc538d5372fbe19a180c78389ff37452cf336,56b7f182edcfeefa9301e1edd53d7f36e4418de7e6df1b54b0f0c298cde1b3cd,,,0.3,30.0,0.12,0.0075,0.03,0,full,True
REIM (ACT + Detector + Recovery),160,8000202,metaworld,True,67,0.22955650500080083,1,1,1,27,0.20013076066970825,task_success_while_recovery_active_per_intervention,True,False,,2beff2213c8fd854d2203e015fc0a8e3653a965822c62687a3d7d8697f183a5b,093171deee73c73233afa582007dc538d5372fbe19a180c78389ff37452cf336,c5023b3d25031a103b9549b6e8c83ba09d69e708ef117c31128a38e03616e5d8,,,0.3,30.0,0.12,0.0075,0.03,0,full,True
REIM (ACT + Detector + Recovery),161,8000203,metaworld,True,61,0.13250643699939246,1,1,1,50,0.32112056016921997,task_success_while_recovery_active_per_intervention,True,False,,8812cebc7e142add0f580588ef04f3ea2e28b63528c6f197805079a4a05d8ecd,093171deee73c73233afa582007dc538d5372fbe19a180c78389ff37452cf336,942fb6a87dc1e3eb7bf7bb111c97e7096138256b4a9a6b4c62a012fabe8bec38,,,0.3,30.0,0.12,0.0075,0.03,0,full,True
REIM (ACT + Detector + Recovery),162,8000204,metaworld,True,55,0.13277727799868444,1,1,1,41,0.27288976311683655,task_success_while_recovery_active_per_intervention,True,False,,712cbd58171035393286d70e558cfe1ac871f0058c5ec982989845dc682c4e5b,093171deee73c73233afa582007dc538d5372fbe19a180c78389ff37452cf336,5e1df472084de78052388a34f03cad3de438ca9b5dc801b5759dd57c66a7482a,,,0.3,30.0,0.12,0.0075,0.03,0,full,True
REIM (ACT + Detector + Recovery),163,8000205,metaworld,False,200,0.513941358000011,1,0,1,135,0.9988541603088379,task_success_while_recovery_active_per_intervention,False,True,timeout,51ced0ff156436839ce37a740af69a1f636303027641d7a2d20af8f145f8d1f6,093171deee73c73233afa582007dc538d5372fbe19a180c78389ff37452cf336,6cb8d983459a8e57d4ae53a86da2394015cabba2d7c306dcaf7b14af979ca230,,,0.3,30.0,0.12,0.0075,0.03,0,full,True
REIM (ACT + Detector + Recovery),164,8000206,metaworld,True,57,0.2649922279997554,0,0,0,0,0.12697339057922363,task_success_while_recovery_active_per_intervention,True,False,,f339fc3064f0943d57ed9e164706f48da0ca2db4c19f3faf4676ab9be530d3b0,093171deee73c73233afa582007dc538d5372fbe19a180c78389ff37452cf336,06d355d7aff3b944ab4199c02a94c63d062e5c414c0b195f7b232b607e0ab1ed,,,0.3,30.0,0.12,0.0075,0.03,0,full,True
REIM (ACT + Detector + Recovery),165,8000207,metaworld,True,52,0.24140977999923052,0,0,0,0,0.11177873611450195,task_success_while_recovery_active_per_intervention,True,False,,2996753da2b626d7ffbff6869b0138e11969abdd0ea9fb799993a21dd78f0809,093171deee73c73233afa582007dc538d5372fbe19a180c78389ff37452cf336,6338b57c8983138382fa5c9ee7bb2d2c200be44368697f7ffa8216ea26ddccaf,,,0.3,30.0,0.12,0.0075,0.03,0,full,True
REIM (ACT + Detector + Recovery),166,8000208,metaworld,True,56,0.12152872899969225,1,1,1,47,0.277145653963089,task_success_while_recovery_active_per_intervention,True,False,,6d3566a98f0d28b5fb54cf493928865d9e6fe79a836b9ad9f1a88e573995e296,093171deee73c73233afa582007dc538d5372fbe19a180c78389ff37452cf336,35203d16cfa98b5f2e002fcb1ffde2400abf9459c161f6a289efa0c46eddb36f,,,0.3,30.0,0.12,0.0075,0.03,0,full,True
REIM (ACT + Detector + Recovery),167,8000209,metaworld,True,57,0.13315661500018905,1,1,1,45,0.24291767179965973,task_success_while_recovery_active_per_intervention,True,False,,1c2d871fe69bb76284c1bf5d7c56df1b354c8ccbedb310feff26fa912f4355a3,093171deee73c73233afa582007dc538d5372fbe19a180c78389ff37452cf336,71488b32995fa40c6ec3f77f6bcd912b1929aef29d90a66307ad46cd584acf29,,,0.3,30.0,0.12,0.0075,0.03,0,full,True
REIM (ACT + Detector + Recovery),168,8000210,metaworld,True,51,0.13958168200042564,1,1,1,33,0.3000071942806244,task_success_while_recovery_active_per_intervention,True,False,,d991076290da2375ab09a7c36fd8d96fa33a941182fe322e5f186306e0360b4b,093171deee73c73233afa582007dc538d5372fbe19a180c78389ff37452cf336,27e1ed8c670f23dae46752497e383610e58c248d638e3b9b707808a32ce33d4e,,,0.3,30.0,0.12,0.0075,0.03,0,full,True
REIM (ACT + Detector + Recovery),169,8000211,metaworld,True,51,0.15743904400005704,1,1,1,28,0.20371811091899872,task_success_while_recovery_active_per_intervention,True,False,,a1d07cd94b412020b0fff2e7f3af83f086b41602c53423673dcff269383f2c06,093171deee73c73233afa582007dc538d5372fbe19a180c78389ff37452cf336,2ad5907877cc42b4447b9630988e3a1f0da0d83e1f696f71e22dc69905e631b6,,,0.3,30.0,0.12,0.0075,0.03,0,full,True
REIM (ACT + Detector + Recovery),170,8000212,metaworld,True,56,0.13910760799990385,1,1,1,40,0.24657292664051056,task_success_while_recovery_active_per_intervention,True,False,,ae0780ac4c4b72e4e0f5c2f20879fd591c198f5f16642b512817c810b5a0e90a,093171deee73c73233afa582007dc538d5372fbe19a180c78389ff37452cf336,2eb279a724955c1a9d173681940490ec9cc8ed4fdc15a95533884a23d4ccdb4e,,,0.3,30.0,0.12,0.0075,0.03,0,full,True
REIM (ACT + Detector + Recovery),171,8000213,metaworld,True,49,0.13622771000154899,1,1,1,30,0.24349413812160492,task_success_while_recovery_active_per_intervention,True,False,,47ed972df577eff08eba0fdc3f1db6e451514dfae0479b4e1afb7f990a53892e,093171deee73c73233afa582007dc538d5372fbe19a180c78389ff37452cf336,35203d16cfa98b5f2e002fcb1ffde2400abf9459c161f6a289efa0c46eddb36f,,,0.3,30.0,0.12,0.0075,0.03,0,full,True
REIM (ACT + Detector + Recovery),172,8000214,metaworld,True,63,0.1556206259992905,1,1,1,45,0.24384836852550507,task_success_while_recovery_active_per_intervention,True,False,,03838c2d38db85dc6adabec5d02350473703b0142820c1bee8130aae811d85b7,093171deee73c73233afa582007dc538d5372fbe19a180c78389ff37452cf336,64ee837add19202e84553431fdab118462cf5265eeae19a4d044b5a6818f771d,,,0.3,30.0,0.12,0.0075,0.03,0,full,True
REIM (ACT + Detector + Recovery),173,8000215,metaworld,True,61,0.12856880899926182,1,1,1,51,0.22559010982513428,task_success_while_recovery_active_per_intervention,True,False,,1b5054efa34e6d6a8f338e6de341b8c7f5026432fbb5831266704f78404fd337,093171deee73c73233afa582007dc538d5372fbe19a180c78389ff37452cf336,a8cfe6e2276fbd15230c5555255b87d17333bdd29f84f687df7405d0311fae7f,,,0.3,30.0,0.12,0.0075,0.03,0,full,True
REIM (ACT + Detector + Recovery),174,8000216,metaworld,False,200,0.4784300369974517,1,0,1,150,0.9972212314605713,task_success_while_recovery_active_per_intervention,False,True,timeout,45cad5773515df5d6393cd44f6ad5241c0e06a8a7be04ec31e80e2604b00f94b,093171deee73c73233afa582007dc538d5372fbe19a180c78389ff37452cf336,504c23f653f6cdee9d659d9320b164606b319d4f0e9cdf0f3a87e2fc7a98160a,,,0.3,30.0,0.12,0.0075,0.03,0,full,True
REIM (ACT + Detector + Recovery),175,8000217,metaworld,True,52,0.10798043199974927,1,1,1,45,0.3693405091762543,task_success_while_recovery_active_per_intervention,True,False,,c5de11d921ac5f1003fec573c3184003b9d28c2de3655460e6b52242e1c4cdad,093171deee73c73233afa582007dc538d5372fbe19a180c78389ff37452cf336,20cf3cfee33051ea4ca25b64648f05450b0068ae0136ae52c3108d28b02f3691,,,0.3,30.0,0.12,0.0075,0.03,0,full,True
REIM (ACT + Detector + Recovery),176,8000218,metaworld,True,58,0.26920233099735924,0,0,0,0,0.16614320874214172,task_success_while_recovery_active_per_intervention,True,False,,85ae09916c0e3286216ef0edea8fd1e469c4526a886a4b126b2675e421c340e9,093171deee73c73233afa582007dc538d5372fbe19a180c78389ff37452cf336,f82ceac6f8787ac22c378edc1f141cedcc86bf9309b43f1aff6633ae0a963abb,,,0.3,30.0,0.12,0.0075,0.03,0,full,True
REIM (ACT + Detector + Recovery),177,8000219,metaworld,True,55,0.1708603650004079,1,1,1,29,0.30703216791152954,task_success_while_recovery_active_per_intervention,True,False,,eb1c582fafe893682ded8ee7da414af5bf36e2532bc55fc0c774b450f6688c98,093171deee73c73233afa582007dc538d5372fbe19a180c78389ff37452cf336,942fb6a87dc1e3eb7bf7bb111c97e7096138256b4a9a6b4c62a012fabe8bec38,,,0.3,30.0,0.12,0.0075,0.03,0,full,True
REIM (ACT + Detector + Recovery),178,8000220,metaworld,True,56,0.12041132199738058,1,1,1,47,0.40950441360473633,task_success_while_recovery_active_per_intervention,True,False,,ef114187a4d2182d61fb1e8002a5ca14290b141eba94a72886d22cedf010986b,093171deee73c73233afa582007dc538d5372fbe19a180c78389ff37452cf336,acfaed29b052207b47b4b7fa76672795fd08de3add8565db05f141de82ece90b,,,0.3,30.0,0.12,0.0075,0.03,0,full,True
REIM (ACT + Detector + Recovery),179,8000221,metaworld,True,59,0.27345294800034026,0,0,0,0,0.09640564024448395,task_success_while_recovery_active_per_intervention,True,False,,03dbb3dc9c0a71f4409ecdb6327a8f909583375c909f0662175d4e1ced4b7645,093171deee73c73233afa582007dc538d5372fbe19a180c78389ff37452cf336,f6a9ed9055e00c868d6771022c2c557a6a48990bdacbed585d07cde857d4755a,,,0.3,30.0,0.12,0.0075,0.03,0,full,True
REIM (ACT + Detector + Recovery),180,8000222,metaworld,False,200,0.6815587490018515,1,0,1,84,0.9817790389060974,task_success_while_recovery_active_per_intervention,False,True,object_dropped,3ba7a69f6a338703c190cff326c12bf061af8af37ffb96b0810154fe7686c323,093171deee73c73233afa582007dc538d5372fbe19a180c78389ff37452cf336,25805a097f1f4b8c203ec3c130dcd3e66b5fb3ad298114a08662aae6c86fa673,,,0.3,30.0,0.12,0.0075,0.03,0,full,True
REIM (ACT + Detector + Recovery),181,8000223,metaworld,False,200,0.4819470359980187,1,0,1,150,0.9752623438835144,task_success_while_recovery_active_per_intervention,False,True,object_dropped,c47c675a57d9a8df3273ef9d6cbec20cb4a08ec8c644a5e9b09de20c1506f83d,093171deee73c73233afa582007dc538d5372fbe19a180c78389ff37452cf336,25805a097f1f4b8c203ec3c130dcd3e66b5fb3ad298114a08662aae6c86fa673,,,0.3,30.0,0.12,0.0075,0.03,0,full,True
REIM (ACT + Detector + Recovery),182,8000224,metaworld,True,55,0.11699169900020934,1,1,1,47,0.45958569645881653,task_success_while_recovery_active_per_intervention,True,False,,ee12be3ad7b8210704e4affe87269008e6313a170b2831e9eec27cdfbd30ca0a,093171deee73c73233afa582007dc538d5372fbe19a180c78389ff37452cf336,342b72dafe0e47ecf8a937cb01e62ac02c2d77bf93dafca59574cbbbfc4ad77b,,,0.3,30.0,0.12,0.0075,0.03,0,full,True
REIM (ACT + Detector + Recovery),183,8000225,metaworld,False,200,0.4795129129997804,1,0,1,150,0.9983626008033752,task_success_while_recovery_active_per_intervention,False,True,object_dropped,2b14cdc45de381d7f4a194a10b30aaaf2025f2096323c6638c5ec9a40b588304,093171deee73c73233afa582007dc538d5372fbe19a180c78389ff37452cf336,bb2c6b1aed959fa3ddddb1c215ce67cbb5b0ec080eb65fb58e06b7776849a096,,,0.3,30.0,0.12,0.0075,0.03,0,full,True
REIM (ACT + Detector + Recovery),184,8000226,metaworld,False,200,0.5001184169996122,1,0,1,142,0.9964759945869446,task_success_while_recovery_active_per_intervention,False,True,object_dropped,01adc27a58fcdbb9b40b3f55a6901b23dbdb245c24ed91a706d2d571b951380a,093171deee73c73233afa582007dc538d5372fbe19a180c78389ff37452cf336,e216352c7f1c7392270c7c501bb599f2a46f420613a124fda0729ab88160cdf2,,,0.3,30.0,0.12,0.0075,0.03,0,full,True
REIM (ACT + Detector + Recovery),185,8000227,metaworld,True,56,0.1325304359997972,1,1,1,42,0.2702185809612274,task_success_while_recovery_active_per_intervention,True,False,,97f5dd66204bc1a307e5f760dbea22edef8ef47246a8b3ecca7ab5a3fd1f91b1,093171deee73c73233afa582007dc538d5372fbe19a180c78389ff37452cf336,342b72dafe0e47ecf8a937cb01e62ac02c2d77bf93dafca59574cbbbfc4ad77b,,,0.3,30.0,0.12,0.0075,0.03,0,full,True
REIM (ACT + Detector + Recovery),186,8000228,metaworld,True,50,0.12353748600071413,1,1,1,36,0.3160775601863861,task_success_while_recovery_active_per_intervention,True,False,,1e04ca033e4becf12c4779645be6c89541bb293af0661d2b6bf47daff2af612c,093171deee73c73233afa582007dc538d5372fbe19a180c78389ff37452cf336,cea0b9105255f82e0ee99bfb3998a6edce02b446d4b14afb0747282cd18aa202,,,0.3,30.0,0.12,0.0075,0.03,0,full,True
REIM (ACT + Detector + Recovery),187,8000229,metaworld,True,56,0.11848279499827186,1,1,1,47,0.33519062399864197,task_success_while_recovery_active_per_intervention,True,False,,ada1586d2d849e112f33cebfb7d3f4a5a92b1936648fc7539552ec3bfdd65c5b,093171deee73c73233afa582007dc538d5372fbe19a180c78389ff37452cf336,acfaed29b052207b47b4b7fa76672795fd08de3add8565db05f141de82ece90b,,,0.3,30.0,0.12,0.0075,0.03,0,full,True
REIM (ACT + Detector + Recovery),188,8000230,metaworld,False,200,0.47774662699885084,1,0,1,150,0.9953540563583374,task_success_while_recovery_active_per_intervention,False,True,timeout,e000d64f53e8b99329aecb147a397864ac43b05ef0a6107bc1e2b4bc73345097,093171deee73c73233afa582007dc538d5372fbe19a180c78389ff37452cf336,6943489118fc060756e24fd47685e2c10173293d54af0af7e8afa9e287c9c5f1,,,0.3,30.0,0.12,0.0075,0.03,0,full,True
REIM (ACT + Detector + Recovery),189,8000231,metaworld,True,57,0.13191259000086575,1,1,1,45,0.2589610517024994,task_success_while_recovery_active_per_intervention,True,False,,d6cc93e36001103b26a7669d9e65e6f7890ee7858d1088600d646eaa8f8f9fd2,093171deee73c73233afa582007dc538d5372fbe19a180c78389ff37452cf336,588df85fb38ef87f822932ad2f702be807974873e4a07ea43084bbdeeaac6604,,,0.3,30.0,0.12,0.0075,0.03,0,full,True
REIM (ACT + Detector + Recovery),190,8000232,metaworld,True,65,0.13932018600098672,1,1,1,55,0.37573766708374023,task_success_while_recovery_active_per_intervention,True,False,,9a32431ae011a04402e7c913e47aec93b3375c43729109f0ee2ddcc36b5a73e8,093171deee73c73233afa582007dc538d5372fbe19a180c78389ff37452cf336,b8e45a2f8f553d53c6eef0305347f910b9999bcae6df6ccaf0eaee6ac864e670,,,0.3,30.0,0.12,0.0075,0.03,0,full,True
REIM (ACT + Detector + Recovery),191,8000233,metaworld,True,57,0.14586611399863614,1,1,1,40,0.34045934677124023,task_success_while_recovery_active_per_intervention,True,False,,18995b247b429a33b7fb2aeb8e563fe5920dafab9bd307e224fd4cf90176ceef,093171deee73c73233afa582007dc538d5372fbe19a180c78389ff37452cf336,aa1f17aacdf569c3a2930a2ebbf742ff43f8d3acfc772731a5c344cabcd52570,,,0.3,30.0,0.12,0.0075,0.03,0,full,True
REIM (ACT + Detector + Recovery),192,8000234,metaworld,True,61,0.2835144259988738,0,0,0,0,0.16124017536640167,task_success_while_recovery_active_per_intervention,True,False,,81900798b4db34950c566b069f1d8d2f43a1774cefcf188af00f56d82bfe25c2,093171deee73c73233afa582007dc538d5372fbe19a180c78389ff37452cf336,c5023b3d25031a103b9549b6e8c83ba09d69e708ef117c31128a38e03616e5d8,,,0.3,30.0,0.12,0.0075,0.03,0,full,True
REIM (ACT + Detector + Recovery),193,8000235,metaworld,True,57,0.1244701649993658,1,1,1,47,0.22564633190631866,task_success_while_recovery_active_per_intervention,True,False,,0cbd6a28294e4982233242540fef193ea4250edf176d7fa121007518f6bb3181,093171deee73c73233afa582007dc538d5372fbe19a180c78389ff37452cf336,aba21ef1c98d0573e36116c9757115227fd3793cba96aea7eda95c2547314ca3,,,0.3,30.0,0.12,0.0075,0.03,0,full,True
REIM (ACT + Detector + Recovery),194,8000236,metaworld,True,62,0.2864073960008682,0,0,0,0,0.18583865463733673,task_success_while_recovery_active_per_intervention,True,False,,169ff8b242d94efe2d068fdef0d97fd936d0f3a78d3eddb34194c4535fd4ff89,093171deee73c73233afa582007dc538d5372fbe19a180c78389ff37452cf336,64ee837add19202e84553431fdab118462cf5265eeae19a4d044b5a6818f771d,,,0.3,30.0,0.12,0.0075,0.03,0,full,True
REIM (ACT + Detector + Recovery),195,8000237,metaworld,True,55,0.11307474599743728,1,1,1,47,0.2992161810398102,task_success_while_recovery_active_per_intervention,True,False,,309dfde0a4c6cd01159042aff76529e1a6b6e535d15a330c6c9b23af06ec5f12,093171deee73c73233afa582007dc538d5372fbe19a180c78389ff37452cf336,aba21ef1c98d0573e36116c9757115227fd3793cba96aea7eda95c2547314ca3,,,0.3,30.0,0.12,0.0075,0.03,0,full,True
REIM (ACT + Detector + Recovery),196,8000238,metaworld,True,53,0.24900676499964902,0,0,0,0,0.19383655488491058,task_success_while_recovery_active_per_intervention,True,False,,c9bf370516cbc9a4758cf73ef9f568b943cd0155610f17ecf6bc8855dc8d0fc9,093171deee73c73233afa582007dc538d5372fbe19a180c78389ff37452cf336,acfaed29b052207b47b4b7fa76672795fd08de3add8565db05f141de82ece90b,,,0.3,30.0,0.12,0.0075,0.03,0,full,True
REIM (ACT + Detector + Recovery),197,8000239,metaworld,True,61,0.1424996440000541,1,1,1,46,0.22468169033527374,task_success_while_recovery_active_per_intervention,True,False,,6e8092cb9b54dfb01aa0fa4e2978d6c9161ed7de03665482e6e50c29bc896475,093171deee73c73233afa582007dc538d5372fbe19a180c78389ff37452cf336,6cb8d983459a8e57d4ae53a86da2394015cabba2d7c306dcaf7b14af979ca230,,,0.3,30.0,0.12,0.0075,0.03,0,full,True
REIM (ACT + Detector + Recovery),198,8000240,metaworld,True,55,0.14322836300198105,1,1,1,41,0.39540255069732666,task_success_while_recovery_active_per_intervention,True,False,,759ff44b2f4e043f80fa8a6584676608537caaf08b7e64da79a3af622fded356,093171deee73c73233afa582007dc538d5372fbe19a180c78389ff37452cf336,742509487aeb71d366f1ddafa1cb12db2f7cfefe17c4ca89c98cffb67c1c8619,,,0.3,30.0,0.12,0.0075,0.03,0,full,True
REIM (ACT + Detector + Recovery),199,8000241,metaworld,True,57,0.1408014929984347,1,1,1,42,0.22575055062770844,task_success_while_recovery_active_per_intervention,True,False,,6ef9c6518c17924f3d7a8b81d1c3ad402c4982b66fef35c1e913f6dcb760eb77,093171deee73c73233afa582007dc538d5372fbe19a180c78389ff37452cf336,5e1df472084de78052388a34f03cad3de438ca9b5dc801b5759dd57c66a7482a,,,0.3,30.0,0.12,0.0075,0.03,0,full,True
