method,episode,seed,backend,success,steps,elapsed_seconds,recovery_attempts,recovery_successes,detector_triggers,recovery_steps,failure_probability_max,recovery_definition,terminated,truncated,failure_reason,episode_specification_sha256,episode_bank_sha256,metaworld_task_sha256,retry_specification_sha256s,retry_task_sha256s,noise_level,noise_percent,action_noise_std,observation_noise_std,object_impulse_std_m,condition_index,Profile,Benchmark Eligible
ACT,0,8000042,metaworld,True,51,0.28322669999761274,0,0,0,0,0.0,,True,False,,715d5a0c7842079b83d9c16a76fd2de84c63f4f2195fb852c3a0605aacc68aea,5dab9ea09f41c6bcf76a778fec235e41b2ca78bc226d49a2cf5818fef53b3bc9,f82ceac6f8787ac22c378edc1f141cedcc86bf9309b43f1aff6633ae0a963abb,,,0.1,10.0,0.04000000000000001,0.0025000000000000005,0.010000000000000002,0,full,True
ACT,1,8000043,metaworld,True,58,0.3239173660003871,0,0,0,0,0.0,,True,False,,9d1d0c3c57b3832317e72769356f8964ec840f478e21f8222e9fdfcf992fbb77,5dab9ea09f41c6bcf76a778fec235e41b2ca78bc226d49a2cf5818fef53b3bc9,06d355d7aff3b944ab4199c02a94c63d062e5c414c0b195f7b232b607e0ab1ed,,,0.1,10.0,0.04000000000000001,0.0025000000000000005,0.010000000000000002,0,full,True
ACT,2,8000044,metaworld,True,57,0.3281265750010789,0,0,0,0,0.0,,True,False,,b7d3618db0381047d091e311b527d4c21ee99a8810d2b4c6fec6574179055ad0,5dab9ea09f41c6bcf76a778fec235e41b2ca78bc226d49a2cf5818fef53b3bc9,f6a9ed9055e00c868d6771022c2c557a6a48990bdacbed585d07cde857d4755a,,,0.1,10.0,0.04000000000000001,0.0025000000000000005,0.010000000000000002,0,full,True
ACT,3,8000045,metaworld,True,48,0.2710361440003908,0,0,0,0,0.0,,True,False,,888a39421625d6346901f0c77b1a63aee8cc32868474695bc0b38c4c100397d5,5dab9ea09f41c6bcf76a778fec235e41b2ca78bc226d49a2cf5818fef53b3bc9,5d73f28d4d24cdbcb36a5e5cd61ec1a82f7287ce56d88da8cea912ed757b164c,,,0.1,10.0,0.04000000000000001,0.0025000000000000005,0.010000000000000002,0,full,True
ACT,4,8000046,metaworld,True,47,0.26636607100226684,0,0,0,0,0.0,,True,False,,089d99c25cf97c736ab3675504f97f1b83d439e6e38ef08421b60a41c65746d8,5dab9ea09f41c6bcf76a778fec235e41b2ca78bc226d49a2cf5818fef53b3bc9,27e1ed8c670f23dae46752497e383610e58c248d638e3b9b707808a32ce33d4e,,,0.1,10.0,0.04000000000000001,0.0025000000000000005,0.010000000000000002,0,full,True
ACT,5,8000047,metaworld,True,52,0.29660361999776796,0,0,0,0,0.0,,True,False,,1b61b178e26a03b58864a6b2a2d894e3a3ca546d63d002a44b8f8447a82e5042,5dab9ea09f41c6bcf76a778fec235e41b2ca78bc226d49a2cf5818fef53b3bc9,38329c6b97bbe7d133bf007c22742dca5f0cd7258f8d7199135c6c2371ae591d,,,0.1,10.0,0.04000000000000001,0.0025000000000000005,0.010000000000000002,0,full,True
ACT,6,8000048,metaworld,True,54,0.30922412700238056,0,0,0,0,0.0,,True,False,,281c1c9499e07280975e4af52a9f4c4949ca64eeee90f06d4fd66707baf4d6e5,5dab9ea09f41c6bcf76a778fec235e41b2ca78bc226d49a2cf5818fef53b3bc9,aba21ef1c98d0573e36116c9757115227fd3793cba96aea7eda95c2547314ca3,,,0.1,10.0,0.04000000000000001,0.0025000000000000005,0.010000000000000002,0,full,True
ACT,7,8000049,metaworld,True,55,0.3112964460015064,0,0,0,0,0.0,,True,False,,529473c04f0b966c3a492d02f40fbd92e9c4af0876cbd85c0f3dced09d65b290,5dab9ea09f41c6bcf76a778fec235e41b2ca78bc226d49a2cf5818fef53b3bc9,4e97203f8ce1a96cef19545d4c4c300d0de39e4f94bd1941cef7ebc3dd48be02,,,0.1,10.0,0.04000000000000001,0.0025000000000000005,0.010000000000000002,0,full,True
ACT,8,8000050,metaworld,True,57,0.3275487589999102,0,0,0,0,0.0,,True,False,,339fc6fda71cc9a8fcd0c6eddf8b322fcd8e490f42c277344fc61d90f7307603,5dab9ea09f41c6bcf76a778fec235e41b2ca78bc226d49a2cf5818fef53b3bc9,64ee837add19202e84553431fdab118462cf5265eeae19a4d044b5a6818f771d,,,0.1,10.0,0.04000000000000001,0.0025000000000000005,0.010000000000000002,0,full,True
ACT,9,8000051,metaworld,True,56,0.3195847679999133,0,0,0,0,0.0,,True,False,,108ac2dba7d48e9a800837ad9dc76d09eaa3f9114122bb5198a184eb2cf8c001,5dab9ea09f41c6bcf76a778fec235e41b2ca78bc226d49a2cf5818fef53b3bc9,6cb8d983459a8e57d4ae53a86da2394015cabba2d7c306dcaf7b14af979ca230,,,0.1,10.0,0.04000000000000001,0.0025000000000000005,0.010000000000000002,0,full,True
ACT,10,8000052,metaworld,True,52,0.2974716190001345,0,0,0,0,0.0,,True,False,,672cce3315eff491d4a43ea3d745bfd6ad0abc362cb0b317738df505d0fee17c,5dab9ea09f41c6bcf76a778fec235e41b2ca78bc226d49a2cf5818fef53b3bc9,504c23f653f6cdee9d659d9320b164606b319d4f0e9cdf0f3a87e2fc7a98160a,,,0.1,10.0,0.04000000000000001,0.0025000000000000005,0.010000000000000002,0,full,True
ACT,11,8000053,metaworld,False,200,1.2528961099997105,0,0,0,0,0.0,,False,True,object_dropped,ce4882d32353b104c4e0b6270fba704e12c70f1a478bd811751abf0a9b5cd5b7,5dab9ea09f41c6bcf76a778fec235e41b2ca78bc226d49a2cf5818fef53b3bc9,06d355d7aff3b944ab4199c02a94c63d062e5c414c0b195f7b232b607e0ab1ed,,,0.1,10.0,0.04000000000000001,0.0025000000000000005,0.010000000000000002,0,full,True
ACT,12,8000054,metaworld,True,52,0.2968749779975042,0,0,0,0,0.0,,True,False,,52d057cf64d85364d6c670a2fdadb9f097cc55529c691f98067927da5006f750,5dab9ea09f41c6bcf76a778fec235e41b2ca78bc226d49a2cf5818fef53b3bc9,742509487aeb71d366f1ddafa1cb12db2f7cfefe17c4ca89c98cffb67c1c8619,,,0.1,10.0,0.04000000000000001,0.0025000000000000005,0.010000000000000002,0,full,True
ACT,13,8000055,metaworld,True,61,0.35462684499725583,0,0,0,0,0.0,,True,False,,8cea7666ad98998d9aa6a237e60cfb36d660a337f44a34a04ec215e056a4e998,5dab9ea09f41c6bcf76a778fec235e41b2ca78bc226d49a2cf5818fef53b3bc9,e216352c7f1c7392270c7c501bb599f2a46f420613a124fda0729ab88160cdf2,,,0.1,10.0,0.04000000000000001,0.0025000000000000005,0.010000000000000002,0,full,True
ACT,14,8000056,metaworld,True,56,0.3216239430003043,0,0,0,0,0.0,,True,False,,89545fb080e0ad86330bbc4f4d917ec8377edea020bde3c9be1e82eb160a743e,5dab9ea09f41c6bcf76a778fec235e41b2ca78bc226d49a2cf5818fef53b3bc9,64ee837add19202e84553431fdab118462cf5265eeae19a4d044b5a6818f771d,,,0.1,10.0,0.04000000000000001,0.0025000000000000005,0.010000000000000002,0,full,True
ACT,15,8000057,metaworld,True,49,0.27109780099999625,0,0,0,0,0.0,,True,False,,938a066ce5a3160b459415f4aed2e54a9428a9ca6ae066d48caa350926b4eef0,5dab9ea09f41c6bcf76a778fec235e41b2ca78bc226d49a2cf5818fef53b3bc9,c40fedd273cade53989af8adc3ca66d02f2d92ca4d97b2f6391a0dd0ab6dbca3,,,0.1,10.0,0.04000000000000001,0.0025000000000000005,0.010000000000000002,0,full,True
ACT,16,8000058,metaworld,True,58,0.3274956300010672,0,0,0,0,0.0,,True,False,,dd67c7dbaf96df43e31be6cfcde363eb618f3f2c884b340f20ae2f586783d938,5dab9ea09f41c6bcf76a778fec235e41b2ca78bc226d49a2cf5818fef53b3bc9,942fb6a87dc1e3eb7bf7bb111c97e7096138256b4a9a6b4c62a012fabe8bec38,,,0.1,10.0,0.04000000000000001,0.0025000000000000005,0.010000000000000002,0,full,True
ACT,17,8000059,metaworld,True,56,0.3140068769971549,0,0,0,0,0.0,,True,False,,e60ee6eb03dee313f38feb99186ee64223b8d924a4793ca2ac20d9f78726b282,5dab9ea09f41c6bcf76a778fec235e41b2ca78bc226d49a2cf5818fef53b3bc9,0f719f94ef165c0b816b8b10c3f4f5fcf802c9f5a25141035590310315749280,,,0.1,10.0,0.04000000000000001,0.0025000000000000005,0.010000000000000002,0,full,True
ACT,18,8000060,metaworld,True,57,0.32440987799782306,0,0,0,0,0.0,,True,False,,5d73dfb3971696fd8d08036c3847feb407bf1678b4ae3a25dec96cf3092aed48,5dab9ea09f41c6bcf76a778fec235e41b2ca78bc226d49a2cf5818fef53b3bc9,b8e45a2f8f553d53c6eef0305347f910b9999bcae6df6ccaf0eaee6ac864e670,,,0.1,10.0,0.04000000000000001,0.0025000000000000005,0.010000000000000002,0,full,True
ACT,19,8000061,metaworld,True,58,0.3429811000023619,0,0,0,0,0.0,,True,False,,429302392801008aad074e8ae48b15634d4d9ca2a0667ca7c173dbce120ccf66,5dab9ea09f41c6bcf76a778fec235e41b2ca78bc226d49a2cf5818fef53b3bc9,06d355d7aff3b944ab4199c02a94c63d062e5c414c0b195f7b232b607e0ab1ed,,,0.1,10.0,0.04000000000000001,0.0025000000000000005,0.010000000000000002,0,full,True
ACT,20,8000062,metaworld,True,52,0.29928135400041356,0,0,0,0,0.0,,True,False,,c629671c4ebd1d0156baa4dabdc6df72a3af04431ac6f4729d9509f5e3baeddf,5dab9ea09f41c6bcf76a778fec235e41b2ca78bc226d49a2cf5818fef53b3bc9,5e1df472084de78052388a34f03cad3de438ca9b5dc801b5759dd57c66a7482a,,,0.1,10.0,0.04000000000000001,0.0025000000000000005,0.010000000000000002,0,full,True
ACT,21,8000063,metaworld,True,56,0.3210849179995421,0,0,0,0,0.0,,True,False,,833f5048bfaa911d5690a63b313cbe94a589c4a0695bd6c5619c092b8ef59210,5dab9ea09f41c6bcf76a778fec235e41b2ca78bc226d49a2cf5818fef53b3bc9,0cda21f8ffacf0a1e40e7b0e858a8e2ddc276972106d4bced99d4404b4a13fd8,,,0.1,10.0,0.04000000000000001,0.0025000000000000005,0.010000000000000002,0,full,True
ACT,22,8000064,metaworld,True,56,0.3081060010008514,0,0,0,0,0.0,,True,False,,177b59cf33f11485480f37b11ba1fb2d4945101f9608562d48c269f7e8c3fcec,5dab9ea09f41c6bcf76a778fec235e41b2ca78bc226d49a2cf5818fef53b3bc9,6cb8d983459a8e57d4ae53a86da2394015cabba2d7c306dcaf7b14af979ca230,,,0.1,10.0,0.04000000000000001,0.0025000000000000005,0.010000000000000002,0,full,True
ACT,23,8000065,metaworld,False,200,1.227355284998339,0,0,0,0,0.0,,False,True,object_dropped,2d1c11ec2fd92cf3160f88474fbf9be848bc348b8b91c80b3ba5b8f7fd604fc0,5dab9ea09f41c6bcf76a778fec235e41b2ca78bc226d49a2cf5818fef53b3bc9,39001749c902e2ab9d015efb8c7644faffff99810b709d3203dc359d5eacdcbd,,,0.1,10.0,0.04000000000000001,0.0025000000000000005,0.010000000000000002,0,full,True
ACT,24,8000066,metaworld,True,54,0.33011796200298704,0,0,0,0,0.0,,True,False,,09688b0e20dc094afc58f92c2353d239493c415f74bf6e8f0b8fbdee18ee9a6e,5dab9ea09f41c6bcf76a778fec235e41b2ca78bc226d49a2cf5818fef53b3bc9,56b7f182edcfeefa9301e1edd53d7f36e4418de7e6df1b54b0f0c298cde1b3cd,,,0.1,10.0,0.04000000000000001,0.0025000000000000005,0.010000000000000002,0,full,True
ACT,25,8000067,metaworld,True,61,0.3299324359977618,0,0,0,0,0.0,,True,False,,dddf935bf2815116145232466cbc0d53c3c38237dcecd8b20558502907f72027,5dab9ea09f41c6bcf76a778fec235e41b2ca78bc226d49a2cf5818fef53b3bc9,e216352c7f1c7392270c7c501bb599f2a46f420613a124fda0729ab88160cdf2,,,0.1,10.0,0.04000000000000001,0.0025000000000000005,0.010000000000000002,0,full,True
ACT,26,8000068,metaworld,True,52,0.27982732000236865,0,0,0,0,0.0,,True,False,,fc5e73a887f8588ad9990f9826d0987607cad2b949d72f337d62de5114cd5fb4,5dab9ea09f41c6bcf76a778fec235e41b2ca78bc226d49a2cf5818fef53b3bc9,2eb279a724955c1a9d173681940490ec9cc8ed4fdc15a95533884a23d4ccdb4e,,,0.1,10.0,0.04000000000000001,0.0025000000000000005,0.010000000000000002,0,full,True
ACT,27,8000069,metaworld,True,50,0.2677610740029195,0,0,0,0,0.0,,True,False,,5c87136df39ffc251ba7c7988e18939d9af6e6a9b0afa03331df9d6ddce75d31,5dab9ea09f41c6bcf76a778fec235e41b2ca78bc226d49a2cf5818fef53b3bc9,15a9adece7ebea14bdf37f5376e274c6dce4711281025cf35060933ba9ab8ad3,,,0.1,10.0,0.04000000000000001,0.0025000000000000005,0.010000000000000002,0,full,True
ACT,28,8000070,metaworld,True,47,0.2526499129999138,0,0,0,0,0.0,,True,False,,14e3a3d33aa45144c8d030c7506934553669957b994cd87a9d87118d26b543dd,5dab9ea09f41c6bcf76a778fec235e41b2ca78bc226d49a2cf5818fef53b3bc9,5d73f28d4d24cdbcb36a5e5cd61ec1a82f7287ce56d88da8cea912ed757b164c,,,0.1,10.0,0.04000000000000001,0.0025000000000000005,0.010000000000000002,0,full,True
ACT,29,8000071,metaworld,True,51,0.27025642799708294,0,0,0,0,0.0,,True,False,,d9154f9f0c3577155dfd7f855d92a89c62fbb2184baaa6fc021b9cd288989e67,5dab9ea09f41c6bcf76a778fec235e41b2ca78bc226d49a2cf5818fef53b3bc9,5e1df472084de78052388a34f03cad3de438ca9b5dc801b5759dd57c66a7482a,,,0.1,10.0,0.04000000000000001,0.0025000000000000005,0.010000000000000002,0,full,True
ACT,30,8000072,metaworld,True,57,0.2971597060022759,0,0,0,0,0.0,,True,False,,f9a0c0ca294deb143be54ec3b9921a4133d6c6e3592e65af706c96c7565a8ad7,5dab9ea09f41c6bcf76a778fec235e41b2ca78bc226d49a2cf5818fef53b3bc9,aba21ef1c98d0573e36116c9757115227fd3793cba96aea7eda95c2547314ca3,,,0.1,10.0,0.04000000000000001,0.0025000000000000005,0.010000000000000002,0,full,True
ACT,31,8000073,metaworld,True,57,0.2986620679985208,0,0,0,0,0.0,,True,False,,954ee3f5b21273c07baa84969470f15bb08077e5741c5e18ba9b5bb2ddcfc13a,5dab9ea09f41c6bcf76a778fec235e41b2ca78bc226d49a2cf5818fef53b3bc9,b8e45a2f8f553d53c6eef0305347f910b9999bcae6df6ccaf0eaee6ac864e670,,,0.1,10.0,0.04000000000000001,0.0025000000000000005,0.010000000000000002,0,full,True
ACT,32,8000074,metaworld,True,56,0.3007479500010959,0,0,0,0,0.0,,True,False,,e8edd1ea15cd99fa07c29b31ee7ae2c65288447f2cf3f5ffc6ca1dfc7338e032,5dab9ea09f41c6bcf76a778fec235e41b2ca78bc226d49a2cf5818fef53b3bc9,ba19e0623fe05add91e00811bacb33e27305f5fcb6549be6f6278ebce6046101,,,0.1,10.0,0.04000000000000001,0.0025000000000000005,0.010000000000000002,0,full,True
ACT,33,8000075,metaworld,True,58,0.30957761100216885,0,0,0,0,0.0,,True,False,,3eeaf09d60fff23a57f3df1ca350b63ee1b148363d1ae981d992d3d5ee52c772,5dab9ea09f41c6bcf76a778fec235e41b2ca78bc226d49a2cf5818fef53b3bc9,8a99d46d6d04afe3e2ef92bb607dde5e178b5c37506006c4f364e345976453b1,,,0.1,10.0,0.04000000000000001,0.0025000000000000005,0.010000000000000002,0,full,True
ACT,34,8000076,metaworld,True,56,0.29898641999898246,0,0,0,0,0.0,,True,False,,85ba53f3cddb9b6b56d17002c185f9def3435e9916c385febc085c98dcd49a92,5dab9ea09f41c6bcf76a778fec235e41b2ca78bc226d49a2cf5818fef53b3bc9,4e97203f8ce1a96cef19545d4c4c300d0de39e4f94bd1941cef7ebc3dd48be02,,,0.1,10.0,0.04000000000000001,0.0025000000000000005,0.010000000000000002,0,full,True
ACT,35,8000077,metaworld,True,58,0.30646133499976713,0,0,0,0,0.0,,True,False,,c13bb984bf266057025c2ea8b3c782308eb97499654db35f91f4466aaee41034,5dab9ea09f41c6bcf76a778fec235e41b2ca78bc226d49a2cf5818fef53b3bc9,06d355d7aff3b944ab4199c02a94c63d062e5c414c0b195f7b232b607e0ab1ed,,,0.1,10.0,0.04000000000000001,0.0025000000000000005,0.010000000000000002,0,full,True
ACT,36,8000078,metaworld,True,61,0.314187721000053,0,0,0,0,0.0,,True,False,,2e5937a787e711a198058bf2c3e87857cb7f20e630c54201ff138be382f40877,5dab9ea09f41c6bcf76a778fec235e41b2ca78bc226d49a2cf5818fef53b3bc9,39001749c902e2ab9d015efb8c7644faffff99810b709d3203dc359d5eacdcbd,,,0.1,10.0,0.04000000000000001,0.0025000000000000005,0.010000000000000002,0,full,True
ACT,37,8000079,metaworld,False,200,0.998076850999496,0,0,0,0,0.0,,False,True,object_dropped,3ff2fa6aa9f3b0c7ad4da5fdf196a0347ef63594f9ffb0187b31e995ee046cd1,5dab9ea09f41c6bcf76a778fec235e41b2ca78bc226d49a2cf5818fef53b3bc9,8a99d46d6d04afe3e2ef92bb607dde5e178b5c37506006c4f364e345976453b1,,,0.1,10.0,0.04000000000000001,0.0025000000000000005,0.010000000000000002,0,full,True
ACT,38,8000080,metaworld,True,48,0.24295720800000709,0,0,0,0,0.0,,True,False,,8d48c7d45c8a34cabe63e571f38919b536801c61a0009739d0a28cad9b6ecf57,5dab9ea09f41c6bcf76a778fec235e41b2ca78bc226d49a2cf5818fef53b3bc9,5d73f28d4d24cdbcb36a5e5cd61ec1a82f7287ce56d88da8cea912ed757b164c,,,0.1,10.0,0.04000000000000001,0.0025000000000000005,0.010000000000000002,0,full,True
ACT,39,8000081,metaworld,True,59,0.29915121200247086,0,0,0,0,0.0,,True,False,,439a781f6027cb12b1e4c9e54f81adc57d67bad15bbea60200b2c2c6c3ce55e0,5dab9ea09f41c6bcf76a778fec235e41b2ca78bc226d49a2cf5818fef53b3bc9,a8cfe6e2276fbd15230c5555255b87d17333bdd29f84f687df7405d0311fae7f,,,0.1,10.0,0.04000000000000001,0.0025000000000000005,0.010000000000000002,0,full,True
ACT,40,8000082,metaworld,True,52,0.25787761799801956,0,0,0,0,0.0,,True,False,,8c46f64bf9d5a2c1bad9da76fd5024e91138c6595819c3876c219ea28fc9fce4,5dab9ea09f41c6bcf76a778fec235e41b2ca78bc226d49a2cf5818fef53b3bc9,f82ceac6f8787ac22c378edc1f141cedcc86bf9309b43f1aff6633ae0a963abb,,,0.1,10.0,0.04000000000000001,0.0025000000000000005,0.010000000000000002,0,full,True
ACT,41,8000083,metaworld,True,57,0.2810638499977358,0,0,0,0,0.0,,True,False,,c04387c7d0ee1c00977fe03ed3a685a660088bfd0b8b22221c9547334d90d027,5dab9ea09f41c6bcf76a778fec235e41b2ca78bc226d49a2cf5818fef53b3bc9,4e97203f8ce1a96cef19545d4c4c300d0de39e4f94bd1941cef7ebc3dd48be02,,,0.1,10.0,0.04000000000000001,0.0025000000000000005,0.010000000000000002,0,full,True
ACT,42,8000084,metaworld,True,48,0.2357700209977338,0,0,0,0,0.0,,True,False,,dc6bbaf50386be35e409a89b992e717a34907acccc351974ff797d86b5e8232c,5dab9ea09f41c6bcf76a778fec235e41b2ca78bc226d49a2cf5818fef53b3bc9,5d73f28d4d24cdbcb36a5e5cd61ec1a82f7287ce56d88da8cea912ed757b164c,,,0.1,10.0,0.04000000000000001,0.0025000000000000005,0.010000000000000002,0,full,True
ACT,43,8000085,metaworld,True,52,0.2571906160010258,0,0,0,0,0.0,,True,False,,d1ab2a45af9ee28c746c81139742b8405ec5acda2d0a46eb09de07a6fdafe2da,5dab9ea09f41c6bcf76a778fec235e41b2ca78bc226d49a2cf5818fef53b3bc9,aba21ef1c98d0573e36116c9757115227fd3793cba96aea7eda95c2547314ca3,,,0.1,10.0,0.04000000000000001,0.0025000000000000005,0.010000000000000002,0,full,True
ACT,44,8000086,metaworld,True,48,0.23508429499997874,0,0,0,0,0.0,,True,False,,f7d68082a51cfb15f74da5e0575b2bc9474af7c4b2c46da5bb487bc14a8a202b,5dab9ea09f41c6bcf76a778fec235e41b2ca78bc226d49a2cf5818fef53b3bc9,27e1ed8c670f23dae46752497e383610e58c248d638e3b9b707808a32ce33d4e,,,0.1,10.0,0.04000000000000001,0.0025000000000000005,0.010000000000000002,0,full,True
ACT,45,8000087,metaworld,True,55,0.28442608499972266,0,0,0,0,0.0,,True,False,,4d60860cf7fd27908341afedca6951e710e4b91f73771b6d347ccfa13e3fafe0,5dab9ea09f41c6bcf76a778fec235e41b2ca78bc226d49a2cf5818fef53b3bc9,ba19e0623fe05add91e00811bacb33e27305f5fcb6549be6f6278ebce6046101,,,0.1,10.0,0.04000000000000001,0.0025000000000000005,0.010000000000000002,0,full,True
ACT,46,8000088,metaworld,True,61,0.3077208200011228,0,0,0,0,0.0,,True,False,,46c48ce627a82377d099328202800b0dc668120233e4a58e8185ffc504833799,5dab9ea09f41c6bcf76a778fec235e41b2ca78bc226d49a2cf5818fef53b3bc9,e216352c7f1c7392270c7c501bb599f2a46f420613a124fda0729ab88160cdf2,,,0.1,10.0,0.04000000000000001,0.0025000000000000005,0.010000000000000002,0,full,True
ACT,47,8000089,metaworld,True,52,0.2470607459981693,0,0,0,0,0.0,,True,False,,fda8bdf5712ac7b504e8cda490010657f3907a1a0d2dc09b006d3ee85ebff774,5dab9ea09f41c6bcf76a778fec235e41b2ca78bc226d49a2cf5818fef53b3bc9,f82ceac6f8787ac22c378edc1f141cedcc86bf9309b43f1aff6633ae0a963abb,,,0.1,10.0,0.04000000000000001,0.0025000000000000005,0.010000000000000002,0,full,True
ACT,48,8000090,metaworld,True,58,0.27138101500167977,0,0,0,0,0.0,,True,False,,10686c1f158c98928a625256706d927ae92046f4209c3891b79a9acb6d5d5747,5dab9ea09f41c6bcf76a778fec235e41b2ca78bc226d49a2cf5818fef53b3bc9,b8e45a2f8f553d53c6eef0305347f910b9999bcae6df6ccaf0eaee6ac864e670,,,0.1,10.0,0.04000000000000001,0.0025000000000000005,0.010000000000000002,0,full,True
ACT,49,8000091,metaworld,True,50,0.23341950600297423,0,0,0,0,0.0,,True,False,,fda3d895af4ac39d1222fe0101537200edb8d6a482193455db7f8d448a17cacf,5dab9ea09f41c6bcf76a778fec235e41b2ca78bc226d49a2cf5818fef53b3bc9,c40fedd273cade53989af8adc3ca66d02f2d92ca4d97b2f6391a0dd0ab6dbca3,,,0.1,10.0,0.04000000000000001,0.0025000000000000005,0.010000000000000002,0,full,True
ACT,50,8000092,metaworld,True,57,0.2705726899985166,0,0,0,0,0.0,,True,False,,462e0bac3e6455ba7384582f0d4c5985117c910fed74afb90ec69fab7bb6862a,5dab9ea09f41c6bcf76a778fec235e41b2ca78bc226d49a2cf5818fef53b3bc9,48ce9609a38b32e56f7e6a43ffef71c21c8b1d17ed5a63d47701bc1dfc3ff271,,,0.1,10.0,0.04000000000000001,0.0025000000000000005,0.010000000000000002,0,full,True
ACT,51,8000093,metaworld,True,51,0.24015481300011743,0,0,0,0,0.0,,True,False,,350fe16aeff254492e9752ffc78be3d5d2b512542886e4cd3b58a23d0865a366,5dab9ea09f41c6bcf76a778fec235e41b2ca78bc226d49a2cf5818fef53b3bc9,2ad5907877cc42b4447b9630988e3a1f0da0d83e1f696f71e22dc69905e631b6,,,0.1,10.0,0.04000000000000001,0.0025000000000000005,0.010000000000000002,0,full,True
ACT,52,8000094,metaworld,True,58,0.2747477330012771,0,0,0,0,0.0,,True,False,,f283c497b6301748d0eba4142077244b4d374178ac2e853dffc0ec9150153d8e,5dab9ea09f41c6bcf76a778fec235e41b2ca78bc226d49a2cf5818fef53b3bc9,8a99d46d6d04afe3e2ef92bb607dde5e178b5c37506006c4f364e345976453b1,,,0.1,10.0,0.04000000000000001,0.0025000000000000005,0.010000000000000002,0,full,True
ACT,53,8000095,metaworld,True,55,0.25990964700031327,0,0,0,0,0.0,,True,False,,a1684eeccf43d51f4027e9a6806302eb46cb7748143035fec77f3bab857a3446,5dab9ea09f41c6bcf76a778fec235e41b2ca78bc226d49a2cf5818fef53b3bc9,942fb6a87dc1e3eb7bf7bb111c97e7096138256b4a9a6b4c62a012fabe8bec38,,,0.1,10.0,0.04000000000000001,0.0025000000000000005,0.010000000000000002,0,full,True
ACT,54,8000096,metaworld,True,57,0.268219929002953,0,0,0,0,0.0,,True,False,,000551a7b0d1fe4f31487512fd48fa403af5cba70a4ebfcf1b0a8b41cb5e291b,5dab9ea09f41c6bcf76a778fec235e41b2ca78bc226d49a2cf5818fef53b3bc9,4e97203f8ce1a96cef19545d4c4c300d0de39e4f94bd1941cef7ebc3dd48be02,,,0.1,10.0,0.04000000000000001,0.0025000000000000005,0.010000000000000002,0,full,True
ACT,55,8000097,metaworld,True,53,0.24562925799909863,0,0,0,0,0.0,,True,False,,0ab65985fabd8e782c901ffbd541be42ec887eeb2ec96c6fe1da1826261c8e25,5dab9ea09f41c6bcf76a778fec235e41b2ca78bc226d49a2cf5818fef53b3bc9,742509487aeb71d366f1ddafa1cb12db2f7cfefe17c4ca89c98cffb67c1c8619,,,0.1,10.0,0.04000000000000001,0.0025000000000000005,0.010000000000000002,0,full,True
ACT,56,8000098,metaworld,True,49,0.2280837979997159,0,0,0,0,0.0,,True,False,,348437ccbc57c46c322a8750a207a86ce296cd01759fa516f07b39b787fada4e,5dab9ea09f41c6bcf76a778fec235e41b2ca78bc226d49a2cf5818fef53b3bc9,08a97a6dfa17f78b5cc5b1351d60038e4a40a68fc93722672482714333b1d9b5,,,0.1,10.0,0.04000000000000001,0.0025000000000000005,0.010000000000000002,0,full,True
ACT,57,8000099,metaworld,True,50,0.23198096499982057,0,0,0,0,0.0,,True,False,,4569bf5d8a00341102a48600b7bf440af2f33caa4484202934cb48166c099835,5dab9ea09f41c6bcf76a778fec235e41b2ca78bc226d49a2cf5818fef53b3bc9,35203d16cfa98b5f2e002fcb1ffde2400abf9459c161f6a289efa0c46eddb36f,,,0.1,10.0,0.04000000000000001,0.0025000000000000005,0.010000000000000002,0,full,True
ACT,58,8000100,metaworld,True,55,0.2587068069988163,0,0,0,0,0.0,,True,False,,a2f1e4553ba96b7cc464603c077cf29ce6633850c0e71c3f1a332c11fa938e48,5dab9ea09f41c6bcf76a778fec235e41b2ca78bc226d49a2cf5818fef53b3bc9,64ee837add19202e84553431fdab118462cf5265eeae19a4d044b5a6818f771d,,,0.1,10.0,0.04000000000000001,0.0025000000000000005,0.010000000000000002,0,full,True
ACT,59,8000101,metaworld,False,200,0.9898499490009272,0,0,0,0,0.0,,False,True,object_dropped,b24d52f1f615a45cb19131c5e0e7ad85c35e1f20d114b7b3357f9f0a7ff77003,5dab9ea09f41c6bcf76a778fec235e41b2ca78bc226d49a2cf5818fef53b3bc9,06d355d7aff3b944ab4199c02a94c63d062e5c414c0b195f7b232b607e0ab1ed,,,0.1,10.0,0.04000000000000001,0.0025000000000000005,0.010000000000000002,0,full,True
ACT,60,8000102,metaworld,True,48,0.2469534499978181,0,0,0,0,0.0,,True,False,,dd5a2492f45415f08c429d54c416123a26b05fb8af0192947dd8e7c7e5936ac7,5dab9ea09f41c6bcf76a778fec235e41b2ca78bc226d49a2cf5818fef53b3bc9,08a97a6dfa17f78b5cc5b1351d60038e4a40a68fc93722672482714333b1d9b5,,,0.1,10.0,0.04000000000000001,0.0025000000000000005,0.010000000000000002,0,full,True
ACT,61,8000103,metaworld,True,53,0.24430747099904693,0,0,0,0,0.0,,True,False,,70a7dccf257d715dfc9d8a760b1e54c973c0c43364444d4f2623acf8bddcfd9a,5dab9ea09f41c6bcf76a778fec235e41b2ca78bc226d49a2cf5818fef53b3bc9,0f719f94ef165c0b816b8b10c3f4f5fcf802c9f5a25141035590310315749280,,,0.1,10.0,0.04000000000000001,0.0025000000000000005,0.010000000000000002,0,full,True
ACT,62,8000104,metaworld,True,49,0.22544158500022604,0,0,0,0,0.0,,True,False,,3884e9427c4fcfb2bbc049b2037c89ce4e79f6dd0b56c68500fc112ef7751415,5dab9ea09f41c6bcf76a778fec235e41b2ca78bc226d49a2cf5818fef53b3bc9,35203d16cfa98b5f2e002fcb1ffde2400abf9459c161f6a289efa0c46eddb36f,,,0.1,10.0,0.04000000000000001,0.0025000000000000005,0.010000000000000002,0,full,True
ACT,63,8000105,metaworld,True,55,0.26168227000016486,0,0,0,0,0.0,,True,False,,8366d18da227c1c7e5a1da1695f8200da490b6c4e46b620d2c23d24bd00db709,5dab9ea09f41c6bcf76a778fec235e41b2ca78bc226d49a2cf5818fef53b3bc9,4e97203f8ce1a96cef19545d4c4c300d0de39e4f94bd1941cef7ebc3dd48be02,,,0.1,10.0,0.04000000000000001,0.0025000000000000005,0.010000000000000002,0,full,True
ACT,64,8000106,metaworld,True,58,0.2781973040000594,0,0,0,0,0.0,,True,False,,85a453e6b6fb6f67ffbcc5acee7b8bb0910d5032612e1673e983fdc35489d156,5dab9ea09f41c6bcf76a778fec235e41b2ca78bc226d49a2cf5818fef53b3bc9,06d355d7aff3b944ab4199c02a94c63d062e5c414c0b195f7b232b607e0ab1ed,,,0.1,10.0,0.04000000000000001,0.0025000000000000005,0.010000000000000002,0,full,True
ACT,65,8000107,metaworld,True,58,0.27528067599996575,0,0,0,0,0.0,,True,False,,c3e9f12b2862dbd318dbcfb2a492a5f686170276ba10d42381272d87a04dccc3,5dab9ea09f41c6bcf76a778fec235e41b2ca78bc226d49a2cf5818fef53b3bc9,0cda21f8ffacf0a1e40e7b0e858a8e2ddc276972106d4bced99d4404b4a13fd8,,,0.1,10.0,0.04000000000000001,0.0025000000000000005,0.010000000000000002,0,full,True
ACT,66,8000108,metaworld,True,50,0.23785336299988558,0,0,0,0,0.0,,True,False,,4ab299410ad1a39a3205269c754ff099b23f3121a886292c54ab376c95bf465e,5dab9ea09f41c6bcf76a778fec235e41b2ca78bc226d49a2cf5818fef53b3bc9,2ad5907877cc42b4447b9630988e3a1f0da0d83e1f696f71e22dc69905e631b6,,,0.1,10.0,0.04000000000000001,0.0025000000000000005,0.010000000000000002,0,full,True
ACT,67,8000109,metaworld,True,59,0.27737182199780364,0,0,0,0,0.0,,True,False,,8f2e49a3503657c887662e31ee357361eef2a88e629025a29183643c526fc202,5dab9ea09f41c6bcf76a778fec235e41b2ca78bc226d49a2cf5818fef53b3bc9,a8cfe6e2276fbd15230c5555255b87d17333bdd29f84f687df7405d0311fae7f,,,0.1,10.0,0.04000000000000001,0.0025000000000000005,0.010000000000000002,0,full,True
ACT,68,8000110,metaworld,True,54,0.24929780599995865,0,0,0,0,0.0,,True,False,,61a1caefe8c765ccb35e56b3f8d3062cb104c02578b7a861fe631f20acea4df6,5dab9ea09f41c6bcf76a778fec235e41b2ca78bc226d49a2cf5818fef53b3bc9,0f719f94ef165c0b816b8b10c3f4f5fcf802c9f5a25141035590310315749280,,,0.1,10.0,0.04000000000000001,0.0025000000000000005,0.010000000000000002,0,full,True
ACT,69,8000111,metaworld,True,56,0.2634105970028031,0,0,0,0,0.0,,True,False,,5332947db45f344bee20d083ef9591146a264b4de4806f7d408a6aa1c0787a54,5dab9ea09f41c6bcf76a778fec235e41b2ca78bc226d49a2cf5818fef53b3bc9,3183afb500ebb9a5af177cccb5b5889a8321eb35261f8ec571269f8b5ed9cd1a,,,0.1,10.0,0.04000000000000001,0.0025000000000000005,0.010000000000000002,0,full,True
ACT,70,8000112,metaworld,True,58,0.26844716999767115,0,0,0,0,0.0,,True,False,,9e21b27e95cfa412491bb6a99b6a14b673fcb548b893f324ea461ffe41903958,5dab9ea09f41c6bcf76a778fec235e41b2ca78bc226d49a2cf5818fef53b3bc9,a8cfe6e2276fbd15230c5555255b87d17333bdd29f84f687df7405d0311fae7f,,,0.1,10.0,0.04000000000000001,0.0025000000000000005,0.010000000000000002,0,full,True
ACT,71,8000113,metaworld,True,55,0.2694640519985114,0,0,0,0,0.0,,True,False,,68a57b642829e679ebd9ae95b44ecae4a746deb323b8a643aa19d7df5e6274ec,5dab9ea09f41c6bcf76a778fec235e41b2ca78bc226d49a2cf5818fef53b3bc9,f82ceac6f8787ac22c378edc1f141cedcc86bf9309b43f1aff6633ae0a963abb,,,0.1,10.0,0.04000000000000001,0.0025000000000000005,0.010000000000000002,0,full,True
ACT,72,8000114,metaworld,True,47,0.22626868299994385,0,0,0,0,0.0,,True,False,,1c2f06a4dc22a6bd9450e07889cf4eba6d82b75baa0768129fc421be026ef23e,5dab9ea09f41c6bcf76a778fec235e41b2ca78bc226d49a2cf5818fef53b3bc9,e6e55bdbd77dc052facbc072d20b08a21d116978c37627b9a3d9dc7989dfbe62,,,0.1,10.0,0.04000000000000001,0.0025000000000000005,0.010000000000000002,0,full,True
ACT,73,8000115,metaworld,True,60,0.2975860120022844,0,0,0,0,0.0,,True,False,,7818f145854900f63172d1ef3aff0575f558f0e42b46e275969f731c5be5d387,5dab9ea09f41c6bcf76a778fec235e41b2ca78bc226d49a2cf5818fef53b3bc9,1c856fdcb5da12c3fa2d15b38741aa980fa3a47e64fb99f8635817590128f9ea,,,0.1,10.0,0.04000000000000001,0.0025000000000000005,0.010000000000000002,0,full,True
ACT,74,8000116,metaworld,True,47,0.22608095100076753,0,0,0,0,0.0,,True,False,,9a39bb551845e8590393cdeb066e039666c2dec4bca88f736573961999a8fdca,5dab9ea09f41c6bcf76a778fec235e41b2ca78bc226d49a2cf5818fef53b3bc9,27e1ed8c670f23dae46752497e383610e58c248d638e3b9b707808a32ce33d4e,,,0.1,10.0,0.04000000000000001,0.0025000000000000005,0.010000000000000002,0,full,True
ACT,75,8000117,metaworld,True,55,0.26800335599909886,0,0,0,0,0.0,,True,False,,a1e92124789f357fa38c418aecf6fea179ed635d86695b849d2f361b77bd5b96,5dab9ea09f41c6bcf76a778fec235e41b2ca78bc226d49a2cf5818fef53b3bc9,3183afb500ebb9a5af177cccb5b5889a8321eb35261f8ec571269f8b5ed9cd1a,,,0.1,10.0,0.04000000000000001,0.0025000000000000005,0.010000000000000002,0,full,True
ACT,76,8000118,metaworld,True,51,0.2533753309980966,0,0,0,0,0.0,,True,False,,7d4747cc28edbe0e6364e09783cf1a15ef90442318304d746c3f3f665e213990,5dab9ea09f41c6bcf76a778fec235e41b2ca78bc226d49a2cf5818fef53b3bc9,acfaed29b052207b47b4b7fa76672795fd08de3add8565db05f141de82ece90b,,,0.1,10.0,0.04000000000000001,0.0025000000000000005,0.010000000000000002,0,full,True
ACT,77,8000119,metaworld,True,52,0.25555916800294654,0,0,0,0,0.0,,True,False,,a7f27e3d58eaa9f35a4a6d9bc49e4cf9036cc3178b7b661d8d5f583b7f2493a6,5dab9ea09f41c6bcf76a778fec235e41b2ca78bc226d49a2cf5818fef53b3bc9,7c3391ee418e26d47c002810bc00065e4dd0b6728c969d2338ad549ad01ebb0a,,,0.1,10.0,0.04000000000000001,0.0025000000000000005,0.010000000000000002,0,full,True
ACT,78,8000120,metaworld,True,54,0.26375977699717623,0,0,0,0,0.0,,True,False,,6a1f0b000328653d1877be00c2f61d50c183d03b1e80c41d97df4727b8d5c649,5dab9ea09f41c6bcf76a778fec235e41b2ca78bc226d49a2cf5818fef53b3bc9,64ee837add19202e84553431fdab118462cf5265eeae19a4d044b5a6818f771d,,,0.1,10.0,0.04000000000000001,0.0025000000000000005,0.010000000000000002,0,full,True
ACT,79,8000121,metaworld,True,57,0.27609197399942786,0,0,0,0,0.0,,True,False,,f6046eb80b214347943853c39917e09f0a4be43eeff1d4bacd42f250ffd53943,5dab9ea09f41c6bcf76a778fec235e41b2ca78bc226d49a2cf5818fef53b3bc9,25805a097f1f4b8c203ec3c130dcd3e66b5fb3ad298114a08662aae6c86fa673,,,0.1,10.0,0.04000000000000001,0.0025000000000000005,0.010000000000000002,0,full,True
ACT,80,8000122,metaworld,True,56,0.2708327830005146,0,0,0,0,0.0,,True,False,,258a20b5c7bea60a4b5b61933377348f7b7d2dc96dc1af1c63f89efc774526f6,5dab9ea09f41c6bcf76a778fec235e41b2ca78bc226d49a2cf5818fef53b3bc9,2eb279a724955c1a9d173681940490ec9cc8ed4fdc15a95533884a23d4ccdb4e,,,0.1,10.0,0.04000000000000001,0.0025000000000000005,0.010000000000000002,0,full,True
ACT,81,8000123,metaworld,True,55,0.26838180999766337,0,0,0,0,0.0,,True,False,,45c615655865d195c6dd02c7b92cb2782a8f58154bdaa23b87dfa9964479ae14,5dab9ea09f41c6bcf76a778fec235e41b2ca78bc226d49a2cf5818fef53b3bc9,25805a097f1f4b8c203ec3c130dcd3e66b5fb3ad298114a08662aae6c86fa673,,,0.1,10.0,0.04000000000000001,0.0025000000000000005,0.010000000000000002,0,full,True
ACT,82,8000124,metaworld,True,50,0.24593277399981162,0,0,0,0,0.0,,True,False,,b4df63a1f7a48698f31a11ac384e298f69482955b9dda9eafc9f8b066b30eb79,5dab9ea09f41c6bcf76a778fec235e41b2ca78bc226d49a2cf5818fef53b3bc9,bb2c6b1aed959fa3ddddb1c215ce67cbb5b0ec080eb65fb58e06b7776849a096,,,0.1,10.0,0.04000000000000001,0.0025000000000000005,0.010000000000000002,0,full,True
ACT,83,8000125,metaworld,True,49,0.23460122699907515,0,0,0,0,0.0,,True,False,,9e96247f1bb2f6a01c0b08145b3674a16afa09382a5a1549a9479d70d1f7d11a,5dab9ea09f41c6bcf76a778fec235e41b2ca78bc226d49a2cf5818fef53b3bc9,08a97a6dfa17f78b5cc5b1351d60038e4a40a68fc93722672482714333b1d9b5,,,0.1,10.0,0.04000000000000001,0.0025000000000000005,0.010000000000000002,0,full,True
ACT,84,8000126,metaworld,True,55,0.2664108999997552,0,0,0,0,0.0,,True,False,,09bf8116666e73557f92c6820f218590c32c90f3ba103d0a19d61bbf05a3031b,5dab9ea09f41c6bcf76a778fec235e41b2ca78bc226d49a2cf5818fef53b3bc9,25805a097f1f4b8c203ec3c130dcd3e66b5fb3ad298114a08662aae6c86fa673,,,0.1,10.0,0.04000000000000001,0.0025000000000000005,0.010000000000000002,0,full,True
ACT,85,8000127,metaworld,True,59,0.28529350299868383,0,0,0,0,0.0,,True,False,,f43885354226ac679bed113897e89e361b391dc6f505cc790ae1e9d3de9a498e,5dab9ea09f41c6bcf76a778fec235e41b2ca78bc226d49a2cf5818fef53b3bc9,1c856fdcb5da12c3fa2d15b38741aa980fa3a47e64fb99f8635817590128f9ea,,,0.1,10.0,0.04000000000000001,0.0025000000000000005,0.010000000000000002,0,full,True
ACT,86,8000128,metaworld,True,53,0.2564010160022008,0,0,0,0,0.0,,True,False,,726d338e1454a01d064f5f04569d8aa068b21b1b312b6d64125ec654129a579a,5dab9ea09f41c6bcf76a778fec235e41b2ca78bc226d49a2cf5818fef53b3bc9,5e1df472084de78052388a34f03cad3de438ca9b5dc801b5759dd57c66a7482a,,,0.1,10.0,0.04000000000000001,0.0025000000000000005,0.010000000000000002,0,full,True
ACT,87,8000129,metaworld,True,59,0.29803766799886944,0,0,0,0,0.0,,True,False,,69ed15ea45317a6c7c211c9b6742cb291a6b0a69100d675eeeaae77ae4138238,5dab9ea09f41c6bcf76a778fec235e41b2ca78bc226d49a2cf5818fef53b3bc9,1c856fdcb5da12c3fa2d15b38741aa980fa3a47e64fb99f8635817590128f9ea,,,0.1,10.0,0.04000000000000001,0.0025000000000000005,0.010000000000000002,0,full,True
ACT,88,8000130,metaworld,True,55,0.27906535000147414,0,0,0,0,0.0,,True,False,,085e0f243b6b425f1f67ddf6e4dccebd55082d6037b6075dd993de7882e7a42e,5dab9ea09f41c6bcf76a778fec235e41b2ca78bc226d49a2cf5818fef53b3bc9,942fb6a87dc1e3eb7bf7bb111c97e7096138256b4a9a6b4c62a012fabe8bec38,,,0.1,10.0,0.04000000000000001,0.0025000000000000005,0.010000000000000002,0,full,True
ACT,89,8000131,metaworld,True,55,0.28085511199969915,0,0,0,0,0.0,,True,False,,0a193efe7759c14f8e4a00508697d1e6346544784833199c025cac26c96d5f68,5dab9ea09f41c6bcf76a778fec235e41b2ca78bc226d49a2cf5818fef53b3bc9,0f719f94ef165c0b816b8b10c3f4f5fcf802c9f5a25141035590310315749280,,,0.1,10.0,0.04000000000000001,0.0025000000000000005,0.010000000000000002,0,full,True
ACT,90,8000132,metaworld,True,51,0.2604509949997009,0,0,0,0,0.0,,True,False,,7ed528f6868ea1489e9cc538ec3ec6742adc786e207a969fd25898eed91d2554,5dab9ea09f41c6bcf76a778fec235e41b2ca78bc226d49a2cf5818fef53b3bc9,c40fedd273cade53989af8adc3ca66d02f2d92ca4d97b2f6391a0dd0ab6dbca3,,,0.1,10.0,0.04000000000000001,0.0025000000000000005,0.010000000000000002,0,full,True
ACT,91,8000133,metaworld,True,52,0.2625254229969869,0,0,0,0,0.0,,True,False,,c75fe006f17420f73598f8b1cbcf17b0a966c90e4903b20f297af7c0a5ad67e5,5dab9ea09f41c6bcf76a778fec235e41b2ca78bc226d49a2cf5818fef53b3bc9,38329c6b97bbe7d133bf007c22742dca5f0cd7258f8d7199135c6c2371ae591d,,,0.1,10.0,0.04000000000000001,0.0025000000000000005,0.010000000000000002,0,full,True
ACT,92,8000134,metaworld,True,56,0.2815769030021329,0,0,0,0,0.0,,True,False,,32ec5f5954c85a21c9181191c4d56d847b94011c16e7520fdd9e1b37552053c5,5dab9ea09f41c6bcf76a778fec235e41b2ca78bc226d49a2cf5818fef53b3bc9,48ce9609a38b32e56f7e6a43ffef71c21c8b1d17ed5a63d47701bc1dfc3ff271,,,0.1,10.0,0.04000000000000001,0.0025000000000000005,0.010000000000000002,0,full,True
ACT,93,8000135,metaworld,True,56,0.282149307000509,0,0,0,0,0.0,,True,False,,6075b67ab649bd6b2c588c476933956dbf70864a7f3341a3ce9379e99ef7aed9,5dab9ea09f41c6bcf76a778fec235e41b2ca78bc226d49a2cf5818fef53b3bc9,48ce9609a38b32e56f7e6a43ffef71c21c8b1d17ed5a63d47701bc1dfc3ff271,,,0.1,10.0,0.04000000000000001,0.0025000000000000005,0.010000000000000002,0,full,True
ACT,94,8000136,metaworld,True,49,0.24972215900197625,0,0,0,0,0.0,,True,False,,f548508cf2809e4b8fdc07c5a48fc51478eeaa987fd03712ff87e5433d7772d2,5dab9ea09f41c6bcf76a778fec235e41b2ca78bc226d49a2cf5818fef53b3bc9,bb2c6b1aed959fa3ddddb1c215ce67cbb5b0ec080eb65fb58e06b7776849a096,,,0.1,10.0,0.04000000000000001,0.0025000000000000005,0.010000000000000002,0,full,True
ACT,95,8000137,metaworld,True,47,0.23552706400005263,0,0,0,0,0.0,,True,False,,23320a2a32bd11e34510f66390df9983d9f6b166e759e26b56de53da2b0bf118,5dab9ea09f41c6bcf76a778fec235e41b2ca78bc226d49a2cf5818fef53b3bc9,27e1ed8c670f23dae46752497e383610e58c248d638e3b9b707808a32ce33d4e,,,0.1,10.0,0.04000000000000001,0.0025000000000000005,0.010000000000000002,0,full,True
ACT,96,8000138,metaworld,True,50,0.2512577540001075,0,0,0,0,0.0,,True,False,,d89b5ee388a55cc53aca8c4a611bbeb798a90b1b9737fddf76c4d49410194e7f,5dab9ea09f41c6bcf76a778fec235e41b2ca78bc226d49a2cf5818fef53b3bc9,08a97a6dfa17f78b5cc5b1351d60038e4a40a68fc93722672482714333b1d9b5,,,0.1,10.0,0.04000000000000001,0.0025000000000000005,0.010000000000000002,0,full,True
ACT,97,8000139,metaworld,True,58,0.2916704140006914,0,0,0,0,0.0,,True,False,,6e159398740150910cebe64de611c8c45de4e35b706feadd0912c20b87055b64,5dab9ea09f41c6bcf76a778fec235e41b2ca78bc226d49a2cf5818fef53b3bc9,b8e45a2f8f553d53c6eef0305347f910b9999bcae6df6ccaf0eaee6ac864e670,,,0.1,10.0,0.04000000000000001,0.0025000000000000005,0.010000000000000002,0,full,True
ACT,98,8000140,metaworld,True,53,0.26470615300058853,0,0,0,0,0.0,,True,False,,800afdc699f79637ee85bfa75d1241772ca4d130c98746c2b698c64e919fbbfb,5dab9ea09f41c6bcf76a778fec235e41b2ca78bc226d49a2cf5818fef53b3bc9,f82ceac6f8787ac22c378edc1f141cedcc86bf9309b43f1aff6633ae0a963abb,,,0.1,10.0,0.04000000000000001,0.0025000000000000005,0.010000000000000002,0,full,True
ACT,99,8000141,metaworld,True,54,0.2684690870009945,0,0,0,0,0.0,,True,False,,ec3a946527731c0eb744ad9619b08eb6b619e223abf6e932354fdadd5bb1bc88,5dab9ea09f41c6bcf76a778fec235e41b2ca78bc226d49a2cf5818fef53b3bc9,f82ceac6f8787ac22c378edc1f141cedcc86bf9309b43f1aff6633ae0a963abb,,,0.1,10.0,0.04000000000000001,0.0025000000000000005,0.010000000000000002,0,full,True
ACT,100,8000142,metaworld,True,60,0.2983504069998162,0,0,0,0,0.0,,True,False,,d540c1997526662f40182eeb4471eb16a9ebe2e121e9c78323721e5737fc310a,5dab9ea09f41c6bcf76a778fec235e41b2ca78bc226d49a2cf5818fef53b3bc9,e216352c7f1c7392270c7c501bb599f2a46f420613a124fda0729ab88160cdf2,,,0.1,10.0,0.04000000000000001,0.0025000000000000005,0.010000000000000002,0,full,True
ACT,101,8000143,metaworld,True,51,0.2530915470015316,0,0,0,0,0.0,,True,False,,94723965603cbf8ccf8c04673e7365e2a6da64997095aafdb9e59a51f6381cd9,5dab9ea09f41c6bcf76a778fec235e41b2ca78bc226d49a2cf5818fef53b3bc9,35203d16cfa98b5f2e002fcb1ffde2400abf9459c161f6a289efa0c46eddb36f,,,0.1,10.0,0.04000000000000001,0.0025000000000000005,0.010000000000000002,0,full,True
ACT,102,8000144,metaworld,True,51,0.2549343879982189,0,0,0,0,0.0,,True,False,,78b12a414a53e3014a472e8604c909307eb5a722f56b8e5e0b70a3c7dd598456,5dab9ea09f41c6bcf76a778fec235e41b2ca78bc226d49a2cf5818fef53b3bc9,504c23f653f6cdee9d659d9320b164606b319d4f0e9cdf0f3a87e2fc7a98160a,,,0.1,10.0,0.04000000000000001,0.0025000000000000005,0.010000000000000002,0,full,True
ACT,103,8000145,metaworld,True,58,0.29142937600045116,0,0,0,0,0.0,,True,False,,7a5738fc583016aae7b120a2721d249e304865b5518a7d24c693f2c20f686a83,5dab9ea09f41c6bcf76a778fec235e41b2ca78bc226d49a2cf5818fef53b3bc9,a0b103bf3e43f4aa92753185301eba5e2e31594285004b99f51a59b33bd2d620,,,0.1,10.0,0.04000000000000001,0.0025000000000000005,0.010000000000000002,0,full,True
ACT,104,8000146,metaworld,True,52,0.26780008700006874,0,0,0,0,0.0,,True,False,,c98700a272208259b82075f778e7a5ea2c2bf92b2652016fbd8417c4ce2282b5,5dab9ea09f41c6bcf76a778fec235e41b2ca78bc226d49a2cf5818fef53b3bc9,56b7f182edcfeefa9301e1edd53d7f36e4418de7e6df1b54b0f0c298cde1b3cd,,,0.1,10.0,0.04000000000000001,0.0025000000000000005,0.010000000000000002,0,full,True
ACT,105,8000147,metaworld,True,49,0.24516540100012207,0,0,0,0,0.0,,True,False,,29dbed53b610e90e5757f2ae4da98133cb4a6d4af2bc6149372a95ce29710dc8,5dab9ea09f41c6bcf76a778fec235e41b2ca78bc226d49a2cf5818fef53b3bc9,08a97a6dfa17f78b5cc5b1351d60038e4a40a68fc93722672482714333b1d9b5,,,0.1,10.0,0.04000000000000001,0.0025000000000000005,0.010000000000000002,0,full,True
ACT,106,8000148,metaworld,True,48,0.23982425600115675,0,0,0,0,0.0,,True,False,,9059b57e108470f65d4302bc37c4d56e33e931e1cf9f5e6399ef03051af62e9d,5dab9ea09f41c6bcf76a778fec235e41b2ca78bc226d49a2cf5818fef53b3bc9,08a97a6dfa17f78b5cc5b1351d60038e4a40a68fc93722672482714333b1d9b5,,,0.1,10.0,0.04000000000000001,0.0025000000000000005,0.010000000000000002,0,full,True
ACT,107,8000149,metaworld,True,56,0.2815576200009673,0,0,0,0,0.0,,True,False,,43d1a60f8ad35b130bb564e6f3dc3c0a04517ce7853bbe2a5ff528091037bd96,5dab9ea09f41c6bcf76a778fec235e41b2ca78bc226d49a2cf5818fef53b3bc9,524e161a612d94c222d06154bcd0129d0851b8fad51ae883abbef6e86d43cbb0,,,0.1,10.0,0.04000000000000001,0.0025000000000000005,0.010000000000000002,0,full,True
ACT,108,8000150,metaworld,True,46,0.23021493799751624,0,0,0,0,0.0,,True,False,,21a86049162c4612fe7d34bc8187e6fe2916656e0c048c69ec5546f539c68363,5dab9ea09f41c6bcf76a778fec235e41b2ca78bc226d49a2cf5818fef53b3bc9,5d73f28d4d24cdbcb36a5e5cd61ec1a82f7287ce56d88da8cea912ed757b164c,,,0.1,10.0,0.04000000000000001,0.0025000000000000005,0.010000000000000002,0,full,True
ACT,109,8000151,metaworld,True,53,0.26290264800263685,0,0,0,0,0.0,,True,False,,68320d507b6d0e85d258ef86965c0cef652f4fee7552c914ace6148ab2b205d9,5dab9ea09f41c6bcf76a778fec235e41b2ca78bc226d49a2cf5818fef53b3bc9,aa1f17aacdf569c3a2930a2ebbf742ff43f8d3acfc772731a5c344cabcd52570,,,0.1,10.0,0.04000000000000001,0.0025000000000000005,0.010000000000000002,0,full,True
ACT,110,8000152,metaworld,True,49,0.24402665800153045,0,0,0,0,0.0,,True,False,,f301b0059ccf650fea3cf8950687121ee5d0fc3174396da313a42c5c9bbaed4f,5dab9ea09f41c6bcf76a778fec235e41b2ca78bc226d49a2cf5818fef53b3bc9,cea0b9105255f82e0ee99bfb3998a6edce02b446d4b14afb0747282cd18aa202,,,0.1,10.0,0.04000000000000001,0.0025000000000000005,0.010000000000000002,0,full,True
ACT,111,8000153,metaworld,True,47,0.23285669600227266,0,0,0,0,0.0,,True,False,,22ec6dd51bf6d96e553648a69600dbc326344505f5050864c7c6a47bff837180,5dab9ea09f41c6bcf76a778fec235e41b2ca78bc226d49a2cf5818fef53b3bc9,e6e55bdbd77dc052facbc072d20b08a21d116978c37627b9a3d9dc7989dfbe62,,,0.1,10.0,0.04000000000000001,0.0025000000000000005,0.010000000000000002,0,full,True
ACT,112,8000154,metaworld,True,52,0.25472459999946295,0,0,0,0,0.0,,True,False,,387f83803b7d1cdfe5f6ad24f9606fdccd5e0bda8e21a15c3f6c40e9a4eae8c4,5dab9ea09f41c6bcf76a778fec235e41b2ca78bc226d49a2cf5818fef53b3bc9,5e1df472084de78052388a34f03cad3de438ca9b5dc801b5759dd57c66a7482a,,,0.1,10.0,0.04000000000000001,0.0025000000000000005,0.010000000000000002,0,full,True
ACT,113,8000155,metaworld,True,56,0.2767758519985364,0,0,0,0,0.0,,True,False,,352b0c0ae8786dcd3b0cfc347ccb57f0af1ee4bf717f0946247a719287ca8fd7,5dab9ea09f41c6bcf76a778fec235e41b2ca78bc226d49a2cf5818fef53b3bc9,8a99d46d6d04afe3e2ef92bb607dde5e178b5c37506006c4f364e345976453b1,,,0.1,10.0,0.04000000000000001,0.0025000000000000005,0.010000000000000002,0,full,True
ACT,114,8000156,metaworld,True,59,0.2908730290000676,0,0,0,0,0.0,,True,False,,3aae8ec9f1fd331cb67e7e2e24d6c308a91967afdbc29ddfcc13fe965617095c,5dab9ea09f41c6bcf76a778fec235e41b2ca78bc226d49a2cf5818fef53b3bc9,a8cfe6e2276fbd15230c5555255b87d17333bdd29f84f687df7405d0311fae7f,,,0.1,10.0,0.04000000000000001,0.0025000000000000005,0.010000000000000002,0,full,True
ACT,115,8000157,metaworld,True,49,0.2388804420006636,0,0,0,0,0.0,,True,False,,20ac4e1755ce841cd307cecfad126ab866e1fa075ecc28ac684ded555b511e24,5dab9ea09f41c6bcf76a778fec235e41b2ca78bc226d49a2cf5818fef53b3bc9,08a97a6dfa17f78b5cc5b1351d60038e4a40a68fc93722672482714333b1d9b5,,,0.1,10.0,0.04000000000000001,0.0025000000000000005,0.010000000000000002,0,full,True
ACT,116,8000158,metaworld,True,59,0.28961456999968505,0,0,0,0,0.0,,True,False,,5eaefddefb5f43a9dc6aaf6776d02105a737defdd29ea2b9192223daefa70eba,5dab9ea09f41c6bcf76a778fec235e41b2ca78bc226d49a2cf5818fef53b3bc9,b8e45a2f8f553d53c6eef0305347f910b9999bcae6df6ccaf0eaee6ac864e670,,,0.1,10.0,0.04000000000000001,0.0025000000000000005,0.010000000000000002,0,full,True
ACT,117,8000159,metaworld,True,54,0.26450318800198147,0,0,0,0,0.0,,True,False,,fed1ba43ad87dde0cbd3a3b6b3847d0bdc1d9e1edbcca8cca947d9f84280e258,5dab9ea09f41c6bcf76a778fec235e41b2ca78bc226d49a2cf5818fef53b3bc9,0f719f94ef165c0b816b8b10c3f4f5fcf802c9f5a25141035590310315749280,,,0.1,10.0,0.04000000000000001,0.0025000000000000005,0.010000000000000002,0,full,True
ACT,118,8000160,metaworld,True,52,0.2570731580017309,0,0,0,0,0.0,,True,False,,dd10ff75b477901dad90657fe2bd12f15c4db2a9e11ddc8a8917a8072829ae08,5dab9ea09f41c6bcf76a778fec235e41b2ca78bc226d49a2cf5818fef53b3bc9,342b72dafe0e47ecf8a937cb01e62ac02c2d77bf93dafca59574cbbbfc4ad77b,,,0.1,10.0,0.04000000000000001,0.0025000000000000005,0.010000000000000002,0,full,True
ACT,119,8000161,metaworld,True,54,0.28451543700066395,0,0,0,0,0.0,,True,False,,d8c3683b5ee91a265a6cf8117e6c278dddc01fa8b32f4ea78b77abcfedac4646,5dab9ea09f41c6bcf76a778fec235e41b2ca78bc226d49a2cf5818fef53b3bc9,ba19e0623fe05add91e00811bacb33e27305f5fcb6549be6f6278ebce6046101,,,0.1,10.0,0.04000000000000001,0.0025000000000000005,0.010000000000000002,0,full,True
ACT,120,8000162,metaworld,True,54,0.30737824300013017,0,0,0,0,0.0,,True,False,,5a8205cb58b8fec485fd11e67587076d1672f3c63d0f8f5d3610b9ac582b1a8f,5dab9ea09f41c6bcf76a778fec235e41b2ca78bc226d49a2cf5818fef53b3bc9,acfaed29b052207b47b4b7fa76672795fd08de3add8565db05f141de82ece90b,,,0.1,10.0,0.04000000000000001,0.0025000000000000005,0.010000000000000002,0,full,True
ACT,121,8000163,metaworld,True,55,0.2784384709993901,0,0,0,0,0.0,,True,False,,303f376dda6c231b9692f10e2817e53cf5e3b52dfa60c0d585f899628538719a,5dab9ea09f41c6bcf76a778fec235e41b2ca78bc226d49a2cf5818fef53b3bc9,0cda21f8ffacf0a1e40e7b0e858a8e2ddc276972106d4bced99d4404b4a13fd8,,,0.1,10.0,0.04000000000000001,0.0025000000000000005,0.010000000000000002,0,full,True
ACT,122,8000164,metaworld,True,49,0.25524739300090005,0,0,0,0,0.0,,True,False,,695dd132ca2d791b4c69e8bef1e065e6c804824a76e8ba196010b0a250fe1672,5dab9ea09f41c6bcf76a778fec235e41b2ca78bc226d49a2cf5818fef53b3bc9,15a9adece7ebea14bdf37f5376e274c6dce4711281025cf35060933ba9ab8ad3,,,0.1,10.0,0.04000000000000001,0.0025000000000000005,0.010000000000000002,0,full,True
ACT,123,8000165,metaworld,True,55,0.29589807099910104,0,0,0,0,0.0,,True,False,,3f03b405155731dc33b87f3ba9c874a73524d79d84392b2d4729383efafe58fe,5dab9ea09f41c6bcf76a778fec235e41b2ca78bc226d49a2cf5818fef53b3bc9,0f719f94ef165c0b816b8b10c3f4f5fcf802c9f5a25141035590310315749280,,,0.1,10.0,0.04000000000000001,0.0025000000000000005,0.010000000000000002,0,full,True
ACT,124,8000166,metaworld,True,51,0.2924564749991987,0,0,0,0,0.0,,True,False,,ec5f36315c1c6b8f25408c4c372fff07cd6c67de8601f65cb36b2d03cdf6c3da,5dab9ea09f41c6bcf76a778fec235e41b2ca78bc226d49a2cf5818fef53b3bc9,aa1f17aacdf569c3a2930a2ebbf742ff43f8d3acfc772731a5c344cabcd52570,,,0.1,10.0,0.04000000000000001,0.0025000000000000005,0.010000000000000002,0,full,True
ACT,125,8000167,metaworld,True,57,0.29413230099817156,0,0,0,0,0.0,,True,False,,63c47f7444273ddcf87f9262c63e9ecc2de805b3897157f50341d9ff2c81ec9e,5dab9ea09f41c6bcf76a778fec235e41b2ca78bc226d49a2cf5818fef53b3bc9,a0b103bf3e43f4aa92753185301eba5e2e31594285004b99f51a59b33bd2d620,,,0.1,10.0,0.04000000000000001,0.0025000000000000005,0.010000000000000002,0,full,True
ACT,126,8000168,metaworld,True,51,0.26877565600079834,0,0,0,0,0.0,,True,False,,a94e0285427ccfcbbd14d74f0d4c58ff410b934e75b74bed3fc2c8221f0167de,5dab9ea09f41c6bcf76a778fec235e41b2ca78bc226d49a2cf5818fef53b3bc9,15a9adece7ebea14bdf37f5376e274c6dce4711281025cf35060933ba9ab8ad3,,,0.1,10.0,0.04000000000000001,0.0025000000000000005,0.010000000000000002,0,full,True
ACT,127,8000169,metaworld,True,52,0.26947423899764544,0,0,0,0,0.0,,True,False,,ddb4f4d6baf9b72bd0b70abab331a9f3de4723053b3d67a8700673c4ec1ab32b,5dab9ea09f41c6bcf76a778fec235e41b2ca78bc226d49a2cf5818fef53b3bc9,2ad5907877cc42b4447b9630988e3a1f0da0d83e1f696f71e22dc69905e631b6,,,0.1,10.0,0.04000000000000001,0.0025000000000000005,0.010000000000000002,0,full,True
ACT,128,8000170,metaworld,True,58,0.2998377710027853,0,0,0,0,0.0,,True,False,,2fcca70658384fbac0b94fed522559b6fa6e54c41871308049f275143fd6d84a,5dab9ea09f41c6bcf76a778fec235e41b2ca78bc226d49a2cf5818fef53b3bc9,8a99d46d6d04afe3e2ef92bb607dde5e178b5c37506006c4f364e345976453b1,,,0.1,10.0,0.04000000000000001,0.0025000000000000005,0.010000000000000002,0,full,True
ACT,129,8000171,metaworld,True,50,0.2649517289974028,0,0,0,0,0.0,,True,False,,a3a4f558f2101345a727ee0f203520560749a367399185555e9f6b2f14edb287,5dab9ea09f41c6bcf76a778fec235e41b2ca78bc226d49a2cf5818fef53b3bc9,08a97a6dfa17f78b5cc5b1351d60038e4a40a68fc93722672482714333b1d9b5,,,0.1,10.0,0.04000000000000001,0.0025000000000000005,0.010000000000000002,0,full,True
ACT,130,8000172,metaworld,True,53,0.2849714709991531,0,0,0,0,0.0,,True,False,,b6b1115e46fa1105811c1e96a159b04d00556d83f0b73e2e9b5bf1124dd572fe,5dab9ea09f41c6bcf76a778fec235e41b2ca78bc226d49a2cf5818fef53b3bc9,7c3391ee418e26d47c002810bc00065e4dd0b6728c969d2338ad549ad01ebb0a,,,0.1,10.0,0.04000000000000001,0.0025000000000000005,0.010000000000000002,0,full,True
ACT,131,8000173,metaworld,True,49,0.26049496099949465,0,0,0,0,0.0,,True,False,,3c0f8faaafd06616532f849360e88807d12f4011d35d41a72408a7b93910d4d2,5dab9ea09f41c6bcf76a778fec235e41b2ca78bc226d49a2cf5818fef53b3bc9,bb2c6b1aed959fa3ddddb1c215ce67cbb5b0ec080eb65fb58e06b7776849a096,,,0.1,10.0,0.04000000000000001,0.0025000000000000005,0.010000000000000002,0,full,True
ACT,132,8000174,metaworld,True,50,0.2649075779991108,0,0,0,0,0.0,,True,False,,e4a7e0256a9cc08a2f7a0b14860c62f9da547186a467f8b1860df43faffec0e8,5dab9ea09f41c6bcf76a778fec235e41b2ca78bc226d49a2cf5818fef53b3bc9,c40fedd273cade53989af8adc3ca66d02f2d92ca4d97b2f6391a0dd0ab6dbca3,,,0.1,10.0,0.04000000000000001,0.0025000000000000005,0.010000000000000002,0,full,True
ACT,133,8000175,metaworld,True,48,0.2510637230006978,0,0,0,0,0.0,,True,False,,3779ed8a6b4cdce10223f9b1a749c311f5089ff2860768e39129ff9d2b1c81bd,5dab9ea09f41c6bcf76a778fec235e41b2ca78bc226d49a2cf5818fef53b3bc9,bb2c6b1aed959fa3ddddb1c215ce67cbb5b0ec080eb65fb58e06b7776849a096,,,0.1,10.0,0.04000000000000001,0.0025000000000000005,0.010000000000000002,0,full,True
ACT,134,8000176,metaworld,True,53,0.2754291929995816,0,0,0,0,0.0,,True,False,,6026fb6bd1520f2c2fe77eb0017a811d203f7a1468c9ea902851fb83e39b4a44,5dab9ea09f41c6bcf76a778fec235e41b2ca78bc226d49a2cf5818fef53b3bc9,6338b57c8983138382fa5c9ee7bb2d2c200be44368697f7ffa8216ea26ddccaf,,,0.1,10.0,0.04000000000000001,0.0025000000000000005,0.010000000000000002,0,full,True
ACT,135,8000177,metaworld,True,60,0.3031900960013445,0,0,0,0,0.0,,True,False,,b86bcb0b0850834a422b8cbcea8ceccb328ab9f918bb9f1a9f56dbc3fed07116,5dab9ea09f41c6bcf76a778fec235e41b2ca78bc226d49a2cf5818fef53b3bc9,1c856fdcb5da12c3fa2d15b38741aa980fa3a47e64fb99f8635817590128f9ea,,,0.1,10.0,0.04000000000000001,0.0025000000000000005,0.010000000000000002,0,full,True
ACT,136,8000178,metaworld,True,53,0.27645977000065614,0,0,0,0,0.0,,True,False,,4482c3b5c497ae4a69a6a91c8920080160a52376fb942ac8994af53b368d7637,5dab9ea09f41c6bcf76a778fec235e41b2ca78bc226d49a2cf5818fef53b3bc9,acfaed29b052207b47b4b7fa76672795fd08de3add8565db05f141de82ece90b,,,0.1,10.0,0.04000000000000001,0.0025000000000000005,0.010000000000000002,0,full,True
ACT,137,8000179,metaworld,True,51,0.2654230580010335,0,0,0,0,0.0,,True,False,,19776eac0cddf7e89d09d715a4d39777c5e7c32eb59900d7ee8490b27d49aed1,5dab9ea09f41c6bcf76a778fec235e41b2ca78bc226d49a2cf5818fef53b3bc9,2ad5907877cc42b4447b9630988e3a1f0da0d83e1f696f71e22dc69905e631b6,,,0.1,10.0,0.04000000000000001,0.0025000000000000005,0.010000000000000002,0,full,True
ACT,138,8000180,metaworld,True,52,0.2839387280000665,0,0,0,0,0.0,,True,False,,a199767ec0b8469fbe0a8215d7a77a4c19deeb3893c49e6e0643d660b82ee071,5dab9ea09f41c6bcf76a778fec235e41b2ca78bc226d49a2cf5818fef53b3bc9,56b7f182edcfeefa9301e1edd53d7f36e4418de7e6df1b54b0f0c298cde1b3cd,,,0.1,10.0,0.04000000000000001,0.0025000000000000005,0.010000000000000002,0,full,True
ACT,139,8000181,metaworld,True,54,0.28044375000172295,0,0,0,0,0.0,,True,False,,b12f1d09bdaffa330fd7242621455e3023fe9cb3a867b5fa2a1046d0276bde1b,5dab9ea09f41c6bcf76a778fec235e41b2ca78bc226d49a2cf5818fef53b3bc9,0f719f94ef165c0b816b8b10c3f4f5fcf802c9f5a25141035590310315749280,,,0.1,10.0,0.04000000000000001,0.0025000000000000005,0.010000000000000002,0,full,True
ACT,140,8000182,metaworld,True,55,0.2826783409982454,0,0,0,0,0.0,,True,False,,ca33c3baa47dc2e9fd63ec760316ad0903084e49fe90f702fad756e4bfb0cda4,5dab9ea09f41c6bcf76a778fec235e41b2ca78bc226d49a2cf5818fef53b3bc9,6cb8d983459a8e57d4ae53a86da2394015cabba2d7c306dcaf7b14af979ca230,,,0.1,10.0,0.04000000000000001,0.0025000000000000005,0.010000000000000002,0,full,True
ACT,141,8000183,metaworld,True,59,0.3529213299989351,0,0,0,0,0.0,,True,False,,86f61f8a9c51e2fd6a8ae80324a8c4e3dc0168ab74406e186680a7fd8d4322dd,5dab9ea09f41c6bcf76a778fec235e41b2ca78bc226d49a2cf5818fef53b3bc9,39001749c902e2ab9d015efb8c7644faffff99810b709d3203dc359d5eacdcbd,,,0.1,10.0,0.04000000000000001,0.0025000000000000005,0.010000000000000002,0,full,True
ACT,142,8000184,metaworld,True,57,0.30898135600000387,0,0,0,0,0.0,,True,False,,689e2471a15e5a0916473644dd40ebccad73e670b6a313a656b5caac0f3a9ceb,5dab9ea09f41c6bcf76a778fec235e41b2ca78bc226d49a2cf5818fef53b3bc9,f6a9ed9055e00c868d6771022c2c557a6a48990bdacbed585d07cde857d4755a,,,0.1,10.0,0.04000000000000001,0.0025000000000000005,0.010000000000000002,0,full,True
ACT,143,8000185,metaworld,True,58,0.3024297369993292,0,0,0,0,0.0,,True,False,,f61ce382cb078ed55ba1aaf376f7416a756f2f28a9e6721979a88344c4e45ebf,5dab9ea09f41c6bcf76a778fec235e41b2ca78bc226d49a2cf5818fef53b3bc9,39001749c902e2ab9d015efb8c7644faffff99810b709d3203dc359d5eacdcbd,,,0.1,10.0,0.04000000000000001,0.0025000000000000005,0.010000000000000002,0,full,True
ACT,144,8000186,metaworld,True,55,0.2878824359977443,0,0,0,0,0.0,,True,False,,f5e5ef2442f1a53b69779bdeccd3c2d20aa18a346844803c0efdfedcdfc2932a,5dab9ea09f41c6bcf76a778fec235e41b2ca78bc226d49a2cf5818fef53b3bc9,588df85fb38ef87f822932ad2f702be807974873e4a07ea43084bbdeeaac6604,,,0.1,10.0,0.04000000000000001,0.0025000000000000005,0.010000000000000002,0,full,True
ACT,145,8000187,metaworld,True,62,0.3220448780011793,0,0,0,0,0.0,,True,False,,ae0b60a08d7cc85dd8e227bf478c45e3e61939e159a6416a9ca509208051b5c2,5dab9ea09f41c6bcf76a778fec235e41b2ca78bc226d49a2cf5818fef53b3bc9,c5023b3d25031a103b9549b6e8c83ba09d69e708ef117c31128a38e03616e5d8,,,0.1,10.0,0.04000000000000001,0.0025000000000000005,0.010000000000000002,0,full,True
ACT,146,8000188,metaworld,False,200,1.0034075000003213,0,0,0,0,0.0,,False,True,object_dropped,aa68ad91fb36e4d739e8b330a2aaccd7014c6d583fc9c4a72865f84c0df5b6bc,5dab9ea09f41c6bcf76a778fec235e41b2ca78bc226d49a2cf5818fef53b3bc9,942fb6a87dc1e3eb7bf7bb111c97e7096138256b4a9a6b4c62a012fabe8bec38,,,0.1,10.0,0.04000000000000001,0.0025000000000000005,0.010000000000000002,0,full,True
ACT,147,8000189,metaworld,True,53,0.26642756599903805,0,0,0,0,0.0,,True,False,,83a2aa8640d4d9c0ba9777827f000b4f174dde7f085df8accfbc179ed6ced682,5dab9ea09f41c6bcf76a778fec235e41b2ca78bc226d49a2cf5818fef53b3bc9,7c3391ee418e26d47c002810bc00065e4dd0b6728c969d2338ad549ad01ebb0a,,,0.1,10.0,0.04000000000000001,0.0025000000000000005,0.010000000000000002,0,full,True
ACT,148,8000190,metaworld,True,47,0.23580442100137589,0,0,0,0,0.0,,True,False,,865f5f994194aabc93b44fcd2bc272fc1e134c8d64e89ed049cc477cec466331,5dab9ea09f41c6bcf76a778fec235e41b2ca78bc226d49a2cf5818fef53b3bc9,cea0b9105255f82e0ee99bfb3998a6edce02b446d4b14afb0747282cd18aa202,,,0.1,10.0,0.04000000000000001,0.0025000000000000005,0.010000000000000002,0,full,True
ACT,149,8000191,metaworld,True,60,0.41899546700005885,0,0,0,0,0.0,,True,False,,99de4f9062d05233dff7ea6b4bb80e0a5f0ba439badff3b226778c947ee0e6ec,5dab9ea09f41c6bcf76a778fec235e41b2ca78bc226d49a2cf5818fef53b3bc9,e216352c7f1c7392270c7c501bb599f2a46f420613a124fda0729ab88160cdf2,,,0.1,10.0,0.04000000000000001,0.0025000000000000005,0.010000000000000002,0,full,True
ACT,150,8000192,metaworld,True,55,0.2890194799983874,0,0,0,0,0.0,,True,False,,7176cbbac821e197e47e778456b2aa44115f48e4b7969c723102e773057e8300,5dab9ea09f41c6bcf76a778fec235e41b2ca78bc226d49a2cf5818fef53b3bc9,25805a097f1f4b8c203ec3c130dcd3e66b5fb3ad298114a08662aae6c86fa673,,,0.1,10.0,0.04000000000000001,0.0025000000000000005,0.010000000000000002,0,full,True
ACT,151,8000193,metaworld,False,200,1.0003353799984325,0,0,0,0,0.0,,False,True,object_dropped,3121e40cb31410c7bf8b84e4ec9d7b48f4755be6bcca73077f7029c56b658c50,5dab9ea09f41c6bcf76a778fec235e41b2ca78bc226d49a2cf5818fef53b3bc9,1c856fdcb5da12c3fa2d15b38741aa980fa3a47e64fb99f8635817590128f9ea,,,0.1,10.0,0.04000000000000001,0.0025000000000000005,0.010000000000000002,0,full,True
ACT,152,8000194,metaworld,True,56,0.2772649949984043,0,0,0,0,0.0,,True,False,,5bc1b04ab0474efbcd8f8b2af5d8fe3474131731dac30dc5e8126ec81274072f,5dab9ea09f41c6bcf76a778fec235e41b2ca78bc226d49a2cf5818fef53b3bc9,64ee837add19202e84553431fdab118462cf5265eeae19a4d044b5a6818f771d,,,0.1,10.0,0.04000000000000001,0.0025000000000000005,0.010000000000000002,0,full,True
ACT,153,8000195,metaworld,True,53,0.2595613920020696,0,0,0,0,0.0,,True,False,,0c278693663fe357bf76ccf29e9a37a81d0d26ce5a2e92475f3694c51d0ef3ed,5dab9ea09f41c6bcf76a778fec235e41b2ca78bc226d49a2cf5818fef53b3bc9,2eb279a724955c1a9d173681940490ec9cc8ed4fdc15a95533884a23d4ccdb4e,,,0.1,10.0,0.04000000000000001,0.0025000000000000005,0.010000000000000002,0,full,True
ACT,154,8000196,metaworld,True,53,0.26075561299876426,0,0,0,0,0.0,,True,False,,3728dc3680301cb65fd8ab165638642ea76f9c7070fafb8b162bc9a18a1bc7ba,5dab9ea09f41c6bcf76a778fec235e41b2ca78bc226d49a2cf5818fef53b3bc9,342b72dafe0e47ecf8a937cb01e62ac02c2d77bf93dafca59574cbbbfc4ad77b,,,0.1,10.0,0.04000000000000001,0.0025000000000000005,0.010000000000000002,0,full,True
ACT,155,8000197,metaworld,True,56,0.27492290699956357,0,0,0,0,0.0,,True,False,,ab78c100bfa47d4c1949759c7981fe45174e5b3be1b5eb0d6ca60ba28089e034,5dab9ea09f41c6bcf76a778fec235e41b2ca78bc226d49a2cf5818fef53b3bc9,524e161a612d94c222d06154bcd0129d0851b8fad51ae883abbef6e86d43cbb0,,,0.1,10.0,0.04000000000000001,0.0025000000000000005,0.010000000000000002,0,full,True
ACT,156,8000198,metaworld,True,53,0.26046952700198744,0,0,0,0,0.0,,True,False,,8a47e2f5a121dea30e89cd4fdcc7499323db9149d560a43992fcdc28dab73ea2,5dab9ea09f41c6bcf76a778fec235e41b2ca78bc226d49a2cf5818fef53b3bc9,56b7f182edcfeefa9301e1edd53d7f36e4418de7e6df1b54b0f0c298cde1b3cd,,,0.1,10.0,0.04000000000000001,0.0025000000000000005,0.010000000000000002,0,full,True
ACT,157,8000199,metaworld,True,55,0.30523844300114433,0,0,0,0,0.0,,True,False,,259bee8971cb7dfc7645650da267f0f0bb84f366cf22b6f35442149773bc9e5e,5dab9ea09f41c6bcf76a778fec235e41b2ca78bc226d49a2cf5818fef53b3bc9,3183afb500ebb9a5af177cccb5b5889a8321eb35261f8ec571269f8b5ed9cd1a,,,0.1,10.0,0.04000000000000001,0.0025000000000000005,0.010000000000000002,0,full,True
ACT,158,8000200,metaworld,True,56,0.37757147799857194,0,0,0,0,0.0,,True,False,,63fef7a157804636a718eb24d2059bb5dbe1cc81cefad259e33e126dc847ffdb,5dab9ea09f41c6bcf76a778fec235e41b2ca78bc226d49a2cf5818fef53b3bc9,524e161a612d94c222d06154bcd0129d0851b8fad51ae883abbef6e86d43cbb0,,,0.1,10.0,0.04000000000000001,0.0025000000000000005,0.010000000000000002,0,full,True
ACT,159,8000201,metaworld,True,50,0.2909190069985925,0,0,0,0,0.0,,True,False,,2be4d3450dcc4bd35487b54e32cc54f5ead1ca6f768e3ce8662bba2e18ffa69f,5dab9ea09f41c6bcf76a778fec235e41b2ca78bc226d49a2cf5818fef53b3bc9,56b7f182edcfeefa9301e1edd53d7f36e4418de7e6df1b54b0f0c298cde1b3cd,,,0.1,10.0,0.04000000000000001,0.0025000000000000005,0.010000000000000002,0,full,True
ACT,160,8000202,metaworld,True,62,0.39043477999803144,0,0,0,0,0.0,,True,False,,71ecca27eb8c33d4a878ccd7cec871bc9228fb9f2158f92597c84a3fc5b2f39b,5dab9ea09f41c6bcf76a778fec235e41b2ca78bc226d49a2cf5818fef53b3bc9,c5023b3d25031a103b9549b6e8c83ba09d69e708ef117c31128a38e03616e5d8,,,0.1,10.0,0.04000000000000001,0.0025000000000000005,0.010000000000000002,0,full,True
ACT,161,8000203,metaworld,True,55,0.27309851799873286,0,0,0,0,0.0,,True,False,,45e560dfc10d6f93689f7ac07c77151ab7949bb674bbd0e661ef306195d31a00,5dab9ea09f41c6bcf76a778fec235e41b2ca78bc226d49a2cf5818fef53b3bc9,942fb6a87dc1e3eb7bf7bb111c97e7096138256b4a9a6b4c62a012fabe8bec38,,,0.1,10.0,0.04000000000000001,0.0025000000000000005,0.010000000000000002,0,full,True
ACT,162,8000204,metaworld,True,53,0.26324271299745305,0,0,0,0,0.0,,True,False,,31e61193842a127d4633e0e447aeb8116e2dc6808b9732706d5fe044e227d3b3,5dab9ea09f41c6bcf76a778fec235e41b2ca78bc226d49a2cf5818fef53b3bc9,5e1df472084de78052388a34f03cad3de438ca9b5dc801b5759dd57c66a7482a,,,0.1,10.0,0.04000000000000001,0.0025000000000000005,0.010000000000000002,0,full,True
ACT,163,8000205,metaworld,True,55,0.2784063139988575,0,0,0,0,0.0,,True,False,,847a35f0de4f8184950dfdc57a8911a2bbfd8888fcc60afc8ea99385d1870302,5dab9ea09f41c6bcf76a778fec235e41b2ca78bc226d49a2cf5818fef53b3bc9,6cb8d983459a8e57d4ae53a86da2394015cabba2d7c306dcaf7b14af979ca230,,,0.1,10.0,0.04000000000000001,0.0025000000000000005,0.010000000000000002,0,full,True
ACT,164,8000206,metaworld,True,58,0.2917108859983273,0,0,0,0,0.0,,True,False,,258ae9d2cdf57dd2a7b89e89137b3302e0938926c19b1b45aed2eb3f50fc991c,5dab9ea09f41c6bcf76a778fec235e41b2ca78bc226d49a2cf5818fef53b3bc9,06d355d7aff3b944ab4199c02a94c63d062e5c414c0b195f7b232b607e0ab1ed,,,0.1,10.0,0.04000000000000001,0.0025000000000000005,0.010000000000000002,0,full,True
ACT,165,8000207,metaworld,True,50,0.25694365200251923,0,0,0,0,0.0,,True,False,,34e1c65c3207fd902bad06ee626cfbcb7e242838ae3ba919accb3943eefc5d23,5dab9ea09f41c6bcf76a778fec235e41b2ca78bc226d49a2cf5818fef53b3bc9,6338b57c8983138382fa5c9ee7bb2d2c200be44368697f7ffa8216ea26ddccaf,,,0.1,10.0,0.04000000000000001,0.0025000000000000005,0.010000000000000002,0,full,True
ACT,166,8000208,metaworld,True,51,0.31425915699946927,0,0,0,0,0.0,,True,False,,99b4083a00ce61f55c5f1f1c26b6bc4df75687a41d26beebce515217fd526437,5dab9ea09f41c6bcf76a778fec235e41b2ca78bc226d49a2cf5818fef53b3bc9,35203d16cfa98b5f2e002fcb1ffde2400abf9459c161f6a289efa0c46eddb36f,,,0.1,10.0,0.04000000000000001,0.0025000000000000005,0.010000000000000002,0,full,True
ACT,167,8000209,metaworld,True,53,0.2717897670008824,0,0,0,0,0.0,,True,False,,0c6849112e0312a3ee1213591a5b3a672f64f113d3d37c20305970acdb5fb541,5dab9ea09f41c6bcf76a778fec235e41b2ca78bc226d49a2cf5818fef53b3bc9,71488b32995fa40c6ec3f77f6bcd912b1929aef29d90a66307ad46cd584acf29,,,0.1,10.0,0.04000000000000001,0.0025000000000000005,0.010000000000000002,0,full,True
ACT,168,8000210,metaworld,True,47,0.2459997369987832,0,0,0,0,0.0,,True,False,,593aa03d63fdf9961d8d8e47b9a9d4eeda641c1a8788a6b170e0d6fdaf078208,5dab9ea09f41c6bcf76a778fec235e41b2ca78bc226d49a2cf5818fef53b3bc9,27e1ed8c670f23dae46752497e383610e58c248d638e3b9b707808a32ce33d4e,,,0.1,10.0,0.04000000000000001,0.0025000000000000005,0.010000000000000002,0,full,True
ACT,169,8000211,metaworld,True,50,0.25834743499945034,0,0,0,0,0.0,,True,False,,5ffca749fbf32460dc49212e68857c491758267371344b76f7f6d1e33c8d8778,5dab9ea09f41c6bcf76a778fec235e41b2ca78bc226d49a2cf5818fef53b3bc9,2ad5907877cc42b4447b9630988e3a1f0da0d83e1f696f71e22dc69905e631b6,,,0.1,10.0,0.04000000000000001,0.0025000000000000005,0.010000000000000002,0,full,True
ACT,170,8000212,metaworld,True,53,0.2643600229966978,0,0,0,0,0.0,,True,False,,5574ce59fe42439331aabf680b227f7b6385d4a7fdf04cdb12c79bc94dd5bdd6,5dab9ea09f41c6bcf76a778fec235e41b2ca78bc226d49a2cf5818fef53b3bc9,2eb279a724955c1a9d173681940490ec9cc8ed4fdc15a95533884a23d4ccdb4e,,,0.1,10.0,0.04000000000000001,0.0025000000000000005,0.010000000000000002,0,full,True
ACT,171,8000213,metaworld,True,50,0.24699440300173592,0,0,0,0,0.0,,True,False,,d90d9cdb88f042db2737c75f0458e8db2cae931b4432c02a4429b2206ac39516,5dab9ea09f41c6bcf76a778fec235e41b2ca78bc226d49a2cf5818fef53b3bc9,35203d16cfa98b5f2e002fcb1ffde2400abf9459c161f6a289efa0c46eddb36f,,,0.1,10.0,0.04000000000000001,0.0025000000000000005,0.010000000000000002,0,full,True
ACT,172,8000214,metaworld,True,56,0.2832617130006838,0,0,0,0,0.0,,True,False,,a32b8100748a2ef515ec3e7539a70ee9d8ae596186d418ee5820a33650a3ef67,5dab9ea09f41c6bcf76a778fec235e41b2ca78bc226d49a2cf5818fef53b3bc9,64ee837add19202e84553431fdab118462cf5265eeae19a4d044b5a6818f771d,,,0.1,10.0,0.04000000000000001,0.0025000000000000005,0.010000000000000002,0,full,True
ACT,173,8000215,metaworld,True,59,0.294174472001032,0,0,0,0,0.0,,True,False,,1f78abec0c306cd9e052cdf17c622fd59765f6c764f0ef332c675bbc2e437c0d,5dab9ea09f41c6bcf76a778fec235e41b2ca78bc226d49a2cf5818fef53b3bc9,a8cfe6e2276fbd15230c5555255b87d17333bdd29f84f687df7405d0311fae7f,,,0.1,10.0,0.04000000000000001,0.0025000000000000005,0.010000000000000002,0,full,True
ACT,174,8000216,metaworld,True,51,0.24924322699735058,0,0,0,0,0.0,,True,False,,9e4c27a80c8c942e35bef08f24abdd3954957e497d3a9f61c01b2304598d936a,5dab9ea09f41c6bcf76a778fec235e41b2ca78bc226d49a2cf5818fef53b3bc9,504c23f653f6cdee9d659d9320b164606b319d4f0e9cdf0f3a87e2fc7a98160a,,,0.1,10.0,0.04000000000000001,0.0025000000000000005,0.010000000000000002,0,full,True
ACT,175,8000217,metaworld,True,46,0.2285251100001915,0,0,0,0,0.0,,True,False,,1d64c5cd5fd301fa87aaba517e146b35239e9907336b8f2ef04e4ea2f6e72367,5dab9ea09f41c6bcf76a778fec235e41b2ca78bc226d49a2cf5818fef53b3bc9,20cf3cfee33051ea4ca25b64648f05450b0068ae0136ae52c3108d28b02f3691,,,0.1,10.0,0.04000000000000001,0.0025000000000000005,0.010000000000000002,0,full,True
ACT,176,8000218,metaworld,True,53,0.26251051500003086,0,0,0,0,0.0,,True,False,,d02bc778c9bc4051c89243024d0381f72214d4df72c50ecbc40368a093973e53,5dab9ea09f41c6bcf76a778fec235e41b2ca78bc226d49a2cf5818fef53b3bc9,f82ceac6f8787ac22c378edc1f141cedcc86bf9309b43f1aff6633ae0a963abb,,,0.1,10.0,0.04000000000000001,0.0025000000000000005,0.010000000000000002,0,full,True
ACT,177,8000219,metaworld,True,55,0.27000856900122017,0,0,0,0,0.0,,True,False,,b4d307cf013abadcc3c7142978b0a3567510afed7e0a280ab06576db214bbcd2,5dab9ea09f41c6bcf76a778fec235e41b2ca78bc226d49a2cf5818fef53b3bc9,942fb6a87dc1e3eb7bf7bb111c97e7096138256b4a9a6b4c62a012fabe8bec38,,,0.1,10.0,0.04000000000000001,0.0025000000000000005,0.010000000000000002,0,full,True
ACT,178,8000220,metaworld,True,54,0.2681030070016277,0,0,0,0,0.0,,True,False,,2933c9a729609d48df620bed6a24b4e461015dbec87c41b03c479c24ef73ccbe,5dab9ea09f41c6bcf76a778fec235e41b2ca78bc226d49a2cf5818fef53b3bc9,acfaed29b052207b47b4b7fa76672795fd08de3add8565db05f141de82ece90b,,,0.1,10.0,0.04000000000000001,0.0025000000000000005,0.010000000000000002,0,full,True
ACT,179,8000221,metaworld,True,56,0.2769076770018728,0,0,0,0,0.0,,True,False,,ee0351473689bcf64f33065d15b5c194e961151952842a62d9f7c230e913548c,5dab9ea09f41c6bcf76a778fec235e41b2ca78bc226d49a2cf5818fef53b3bc9,f6a9ed9055e00c868d6771022c2c557a6a48990bdacbed585d07cde857d4755a,,,0.1,10.0,0.04000000000000001,0.0025000000000000005,0.010000000000000002,0,full,True
ACT,180,8000222,metaworld,True,56,0.27631969100184506,0,0,0,0,0.0,,True,False,,da73c64463d4af5ac19dbb2f2ccc5adaea0350ddf5c4cfe09cddcedad391f3e0,5dab9ea09f41c6bcf76a778fec235e41b2ca78bc226d49a2cf5818fef53b3bc9,25805a097f1f4b8c203ec3c130dcd3e66b5fb3ad298114a08662aae6c86fa673,,,0.1,10.0,0.04000000000000001,0.0025000000000000005,0.010000000000000002,0,full,True
ACT,181,8000223,metaworld,True,55,0.26969274899965967,0,0,0,0,0.0,,True,False,,da65b7e60221e9e31df2ca300dc702ac573e1ab006331bcdce50077b80b5280b,5dab9ea09f41c6bcf76a778fec235e41b2ca78bc226d49a2cf5818fef53b3bc9,25805a097f1f4b8c203ec3c130dcd3e66b5fb3ad298114a08662aae6c86fa673,,,0.1,10.0,0.04000000000000001,0.0025000000000000005,0.010000000000000002,0,full,True
ACT,182,8000224,metaworld,True,53,0.2592935649990977,0,0,0,0,0.0,,True,False,,f277bf24b7dd8d946f965065fbcac26a67df9a0c2caeb1f43b48764bf7b92143,5dab9ea09f41c6bcf76a778fec235e41b2ca78bc226d49a2cf5818fef53b3bc9,342b72dafe0e47ecf8a937cb01e62ac02c2d77bf93dafca59574cbbbfc4ad77b,,,0.1,10.0,0.04000000000000001,0.0025000000000000005,0.010000000000000002,0,full,True
ACT,183,8000225,metaworld,True,49,0.3019448100021691,0,0,0,0,0.0,,True,False,,1222f895a335bb3dff72c3d9b228aaecf107b1b8b7afdd91f1d2ff32122ec135,5dab9ea09f41c6bcf76a778fec235e41b2ca78bc226d49a2cf5818fef53b3bc9,bb2c6b1aed959fa3ddddb1c215ce67cbb5b0ec080eb65fb58e06b7776849a096,,,0.1,10.0,0.04000000000000001,0.0025000000000000005,0.010000000000000002,0,full,True
ACT,184,8000226,metaworld,True,60,0.3287856790011574,0,0,0,0,0.0,,True,False,,5c99bcc5dfa4621a907d85607297abceb92d36139b1c414d4df54fe7bce11482,5dab9ea09f41c6bcf76a778fec235e41b2ca78bc226d49a2cf5818fef53b3bc9,e216352c7f1c7392270c7c501bb599f2a46f420613a124fda0729ab88160cdf2,,,0.1,10.0,0.04000000000000001,0.0025000000000000005,0.010000000000000002,0,full,True
ACT,185,8000227,metaworld,True,51,0.2804665029980242,0,0,0,0,0.0,,True,False,,c0a2274f58cfe752631fe381353edf47495f68d7d1c93c092a0addefa80f8fd9,5dab9ea09f41c6bcf76a778fec235e41b2ca78bc226d49a2cf5818fef53b3bc9,342b72dafe0e47ecf8a937cb01e62ac02c2d77bf93dafca59574cbbbfc4ad77b,,,0.1,10.0,0.04000000000000001,0.0025000000000000005,0.010000000000000002,0,full,True
ACT,186,8000228,metaworld,True,48,0.23824942799910787,0,0,0,0,0.0,,True,False,,bc8bbccf15ee77585fbc5e4a1a27015118d31b13b9f6e76a096a6b50810d1929,5dab9ea09f41c6bcf76a778fec235e41b2ca78bc226d49a2cf5818fef53b3bc9,cea0b9105255f82e0ee99bfb3998a6edce02b446d4b14afb0747282cd18aa202,,,0.1,10.0,0.04000000000000001,0.0025000000000000005,0.010000000000000002,0,full,True
ACT,187,8000229,metaworld,True,54,0.2620824099976744,0,0,0,0,0.0,,True,False,,44d903099e3f060035103d4f6643863ba45a038157e1d3838e75d28d87798f4d,5dab9ea09f41c6bcf76a778fec235e41b2ca78bc226d49a2cf5818fef53b3bc9,acfaed29b052207b47b4b7fa76672795fd08de3add8565db05f141de82ece90b,,,0.1,10.0,0.04000000000000001,0.0025000000000000005,0.010000000000000002,0,full,True
ACT,188,8000230,metaworld,True,53,0.263155958000425,0,0,0,0,0.0,,True,False,,cfb551f22c97a19b625210ae8853348cfef545aedf9d49f539f9ee8b33b8844f,5dab9ea09f41c6bcf76a778fec235e41b2ca78bc226d49a2cf5818fef53b3bc9,6943489118fc060756e24fd47685e2c10173293d54af0af7e8afa9e287c9c5f1,,,0.1,10.0,0.04000000000000001,0.0025000000000000005,0.010000000000000002,0,full,True
ACT,189,8000231,metaworld,True,54,0.26894123099918943,0,0,0,0,0.0,,True,False,,c0bc91010af884d367cd9cb4583f603641dff0df22358d3a427065870c04adf6,5dab9ea09f41c6bcf76a778fec235e41b2ca78bc226d49a2cf5818fef53b3bc9,588df85fb38ef87f822932ad2f702be807974873e4a07ea43084bbdeeaac6604,,,0.1,10.0,0.04000000000000001,0.0025000000000000005,0.010000000000000002,0,full,True
ACT,190,8000232,metaworld,True,59,0.29260918100044364,0,0,0,0,0.0,,True,False,,ca1ed2d1e39b52f45c833e6a43b5cd71f617923a857986cf08e755537b3c3c24,5dab9ea09f41c6bcf76a778fec235e41b2ca78bc226d49a2cf5818fef53b3bc9,b8e45a2f8f553d53c6eef0305347f910b9999bcae6df6ccaf0eaee6ac864e670,,,0.1,10.0,0.04000000000000001,0.0025000000000000005,0.010000000000000002,0,full,True
ACT,191,8000233,metaworld,True,53,0.26051194200044847,0,0,0,0,0.0,,True,False,,0aeefa4e6735aef2955361d3cc5fb7cf8abda8e7afbb5877fe244033378b2d43,5dab9ea09f41c6bcf76a778fec235e41b2ca78bc226d49a2cf5818fef53b3bc9,aa1f17aacdf569c3a2930a2ebbf742ff43f8d3acfc772731a5c344cabcd52570,,,0.1,10.0,0.04000000000000001,0.0025000000000000005,0.010000000000000002,0,full,True
ACT,192,8000234,metaworld,True,60,0.29295550199822173,0,0,0,0,0.0,,True,False,,229538fb577bebf395036aea7670e74f0cb1b8e6a2d2c2beaa47829ead7d11fe,5dab9ea09f41c6bcf76a778fec235e41b2ca78bc226d49a2cf5818fef53b3bc9,c5023b3d25031a103b9549b6e8c83ba09d69e708ef117c31128a38e03616e5d8,,,0.1,10.0,0.04000000000000001,0.0025000000000000005,0.010000000000000002,0,full,True
ACT,193,8000235,metaworld,True,51,0.2527548990001378,0,0,0,0,0.0,,True,False,,f858bd6808274761522bd11afbfa62b925fa726f29c8509d7f5e55b75f4f1565,5dab9ea09f41c6bcf76a778fec235e41b2ca78bc226d49a2cf5818fef53b3bc9,aba21ef1c98d0573e36116c9757115227fd3793cba96aea7eda95c2547314ca3,,,0.1,10.0,0.04000000000000001,0.0025000000000000005,0.010000000000000002,0,full,True
ACT,194,8000236,metaworld,True,56,0.2748073379989364,0,0,0,0,0.0,,True,False,,ca32608cb4d75ecf32ae4f9888df7de8e668be673dc3a1ade7490887dcb459ae,5dab9ea09f41c6bcf76a778fec235e41b2ca78bc226d49a2cf5818fef53b3bc9,64ee837add19202e84553431fdab118462cf5265eeae19a4d044b5a6818f771d,,,0.1,10.0,0.04000000000000001,0.0025000000000000005,0.010000000000000002,0,full,True
ACT,195,8000237,metaworld,True,53,0.2657837360020494,0,0,0,0,0.0,,True,False,,f57805df706a7c131f6d23c074d8e4f3bf2a43ac9a9827a6cee04b3e8b56eb9f,5dab9ea09f41c6bcf76a778fec235e41b2ca78bc226d49a2cf5818fef53b3bc9,aba21ef1c98d0573e36116c9757115227fd3793cba96aea7eda95c2547314ca3,,,0.1,10.0,0.04000000000000001,0.0025000000000000005,0.010000000000000002,0,full,True
ACT,196,8000238,metaworld,True,52,0.25844499499726226,0,0,0,0,0.0,,True,False,,ff1671d6f6d8520a1e232207465c18535facc63836d97367db56ca53b9947395,5dab9ea09f41c6bcf76a778fec235e41b2ca78bc226d49a2cf5818fef53b3bc9,acfaed29b052207b47b4b7fa76672795fd08de3add8565db05f141de82ece90b,,,0.1,10.0,0.04000000000000001,0.0025000000000000005,0.010000000000000002,0,full,True
ACT,197,8000239,metaworld,True,57,0.28260392299853265,0,0,0,0,0.0,,True,False,,abc8263598fc25fed3c922a60c94ebf7f5b22c855145e5c1b92038a229819919,5dab9ea09f41c6bcf76a778fec235e41b2ca78bc226d49a2cf5818fef53b3bc9,6cb8d983459a8e57d4ae53a86da2394015cabba2d7c306dcaf7b14af979ca230,,,0.1,10.0,0.04000000000000001,0.0025000000000000005,0.010000000000000002,0,full,True
ACT,198,8000240,metaworld,True,54,0.2676145479999832,0,0,0,0,0.0,,True,False,,a3d9bad7d3a85605eb1033018c848d5778e77b077353a43bddc38629bbf7c557,5dab9ea09f41c6bcf76a778fec235e41b2ca78bc226d49a2cf5818fef53b3bc9,742509487aeb71d366f1ddafa1cb12db2f7cfefe17c4ca89c98cffb67c1c8619,,,0.1,10.0,0.04000000000000001,0.0025000000000000005,0.010000000000000002,0,full,True
ACT,199,8000241,metaworld,True,53,0.26067871199848014,0,0,0,0,0.0,,True,False,,b85424793080d99f9a12dab28b0eaf541207d01fb94831778180c4af8b9ce2e3,5dab9ea09f41c6bcf76a778fec235e41b2ca78bc226d49a2cf5818fef53b3bc9,5e1df472084de78052388a34f03cad3de438ca9b5dc801b5759dd57c66a7482a,,,0.1,10.0,0.04000000000000001,0.0025000000000000005,0.010000000000000002,0,full,True
REIM (ACT + Detector + Recovery),0,8000042,metaworld,True,53,0.18326223300027777,1,1,1,32,0.25225120782852173,task_success_while_recovery_active_per_intervention,True,False,,715d5a0c7842079b83d9c16a76fd2de84c63f4f2195fb852c3a0605aacc68aea,5dab9ea09f41c6bcf76a778fec235e41b2ca78bc226d49a2cf5818fef53b3bc9,f82ceac6f8787ac22c378edc1f141cedcc86bf9309b43f1aff6633ae0a963abb,,,0.1,10.0,0.04000000000000001,0.0025000000000000005,0.010000000000000002,0,full,True
REIM (ACT + Detector + Recovery),1,8000043,metaworld,True,58,0.3145365849995869,0,0,0,0,0.1892118752002716,task_success_while_recovery_active_per_intervention,True,False,,9d1d0c3c57b3832317e72769356f8964ec840f478e21f8222e9fdfcf992fbb77,5dab9ea09f41c6bcf76a778fec235e41b2ca78bc226d49a2cf5818fef53b3bc9,06d355d7aff3b944ab4199c02a94c63d062e5c414c0b195f7b232b607e0ab1ed,,,0.1,10.0,0.04000000000000001,0.0025000000000000005,0.010000000000000002,0,full,True
REIM (ACT + Detector + Recovery),2,8000044,metaworld,True,57,0.31172631500157877,0,0,0,0,0.11075148731470108,task_success_while_recovery_active_per_intervention,True,False,,b7d3618db0381047d091e311b527d4c21ee99a8810d2b4c6fec6574179055ad0,5dab9ea09f41c6bcf76a778fec235e41b2ca78bc226d49a2cf5818fef53b3bc9,f6a9ed9055e00c868d6771022c2c557a6a48990bdacbed585d07cde857d4755a,,,0.1,10.0,0.04000000000000001,0.0025000000000000005,0.010000000000000002,0,full,True
REIM (ACT + Detector + Recovery),3,8000045,metaworld,True,48,0.2599075250000169,0,0,0,0,0.1485702097415924,task_success_while_recovery_active_per_intervention,True,False,,888a39421625d6346901f0c77b1a63aee8cc32868474695bc0b38c4c100397d5,5dab9ea09f41c6bcf76a778fec235e41b2ca78bc226d49a2cf5818fef53b3bc9,5d73f28d4d24cdbcb36a5e5cd61ec1a82f7287ce56d88da8cea912ed757b164c,,,0.1,10.0,0.04000000000000001,0.0025000000000000005,0.010000000000000002,0,full,True
REIM (ACT + Detector + Recovery),4,8000046,metaworld,True,48,0.15626139999949373,1,1,1,29,0.20487470924854279,task_success_while_recovery_active_per_intervention,True,False,,089d99c25cf97c736ab3675504f97f1b83d439e6e38ef08421b60a41c65746d8,5dab9ea09f41c6bcf76a778fec235e41b2ca78bc226d49a2cf5818fef53b3bc9,27e1ed8c670f23dae46752497e383610e58c248d638e3b9b707808a32ce33d4e,,,0.1,10.0,0.04000000000000001,0.0025000000000000005,0.010000000000000002,0,full,True
REIM (ACT + Detector + Recovery),5,8000047,metaworld,True,52,0.28179780099890195,0,0,0,0,0.19139769673347473,task_success_while_recovery_active_per_intervention,True,False,,1b61b178e26a03b58864a6b2a2d894e3a3ca546d63d002a44b8f8447a82e5042,5dab9ea09f41c6bcf76a778fec235e41b2ca78bc226d49a2cf5818fef53b3bc9,38329c6b97bbe7d133bf007c22742dca5f0cd7258f8d7199135c6c2371ae591d,,,0.1,10.0,0.04000000000000001,0.0025000000000000005,0.010000000000000002,0,full,True
REIM (ACT + Detector + Recovery),6,8000048,metaworld,True,55,0.1331360050025978,1,1,1,47,0.3315925598144531,task_success_while_recovery_active_per_intervention,True,False,,281c1c9499e07280975e4af52a9f4c4949ca64eeee90f06d4fd66707baf4d6e5,5dab9ea09f41c6bcf76a778fec235e41b2ca78bc226d49a2cf5818fef53b3bc9,aba21ef1c98d0573e36116c9757115227fd3793cba96aea7eda95c2547314ca3,,,0.1,10.0,0.04000000000000001,0.0025000000000000005,0.010000000000000002,0,full,True
REIM (ACT + Detector + Recovery),7,8000049,metaworld,True,55,0.29829415999847697,0,0,0,0,0.12475702166557312,task_success_while_recovery_active_per_intervention,True,False,,529473c04f0b966c3a492d02f40fbd92e9c4af0876cbd85c0f3dced09d65b290,5dab9ea09f41c6bcf76a778fec235e41b2ca78bc226d49a2cf5818fef53b3bc9,4e97203f8ce1a96cef19545d4c4c300d0de39e4f94bd1941cef7ebc3dd48be02,,,0.1,10.0,0.04000000000000001,0.0025000000000000005,0.010000000000000002,0,full,True
REIM (ACT + Detector + Recovery),8,8000050,metaworld,True,57,0.3128799690020969,0,0,0,0,0.1333341747522354,task_success_while_recovery_active_per_intervention,True,False,,339fc6fda71cc9a8fcd0c6eddf8b322fcd8e490f42c277344fc61d90f7307603,5dab9ea09f41c6bcf76a778fec235e41b2ca78bc226d49a2cf5818fef53b3bc9,64ee837add19202e84553431fdab118462cf5265eeae19a4d044b5a6818f771d,,,0.1,10.0,0.04000000000000001,0.0025000000000000005,0.010000000000000002,0,full,True
REIM (ACT + Detector + Recovery),9,8000051,metaworld,True,56,0.30643168599999626,0,0,0,0,0.1517055630683899,task_success_while_recovery_active_per_intervention,True,False,,108ac2dba7d48e9a800837ad9dc76d09eaa3f9114122bb5198a184eb2cf8c001,5dab9ea09f41c6bcf76a778fec235e41b2ca78bc226d49a2cf5818fef53b3bc9,6cb8d983459a8e57d4ae53a86da2394015cabba2d7c306dcaf7b14af979ca230,,,0.1,10.0,0.04000000000000001,0.0025000000000000005,0.010000000000000002,0,full,True
REIM (ACT + Detector + Recovery),10,8000052,metaworld,True,53,0.14520053100204677,1,1,1,40,0.2677166759967804,task_success_while_recovery_active_per_intervention,True,False,,672cce3315eff491d4a43ea3d745bfd6ad0abc362cb0b317738df505d0fee17c,5dab9ea09f41c6bcf76a778fec235e41b2ca78bc226d49a2cf5818fef53b3bc9,504c23f653f6cdee9d659d9320b164606b319d4f0e9cdf0f3a87e2fc7a98160a,,,0.1,10.0,0.04000000000000001,0.0025000000000000005,0.010000000000000002,0,full,True
REIM (ACT + Detector + Recovery),11,8000053,metaworld,True,62,0.15157155799897737,1,1,1,52,0.2697901725769043,task_success_while_recovery_active_per_intervention,True,False,,ce4882d32353b104c4e0b6270fba704e12c70f1a478bd811751abf0a9b5cd5b7,5dab9ea09f41c6bcf76a778fec235e41b2ca78bc226d49a2cf5818fef53b3bc9,06d355d7aff3b944ab4199c02a94c63d062e5c414c0b195f7b232b607e0ab1ed,,,0.1,10.0,0.04000000000000001,0.0025000000000000005,0.010000000000000002,0,full,True
REIM (ACT + Detector + Recovery),12,8000054,metaworld,True,52,0.2837419419993239,0,0,0,0,0.09942629188299179,task_success_while_recovery_active_per_intervention,True,False,,52d057cf64d85364d6c670a2fdadb9f097cc55529c691f98067927da5006f750,5dab9ea09f41c6bcf76a778fec235e41b2ca78bc226d49a2cf5818fef53b3bc9,742509487aeb71d366f1ddafa1cb12db2f7cfefe17c4ca89c98cffb67c1c8619,,,0.1,10.0,0.04000000000000001,0.0025000000000000005,0.010000000000000002,0,full,True
REIM (ACT + Detector + Recovery),13,8000055,metaworld,True,61,0.14684881500215852,1,1,1,52,0.2466445416212082,task_success_while_recovery_active_per_intervention,True,False,,8cea7666ad98998d9aa6a237e60cfb36d660a337f44a34a04ec215e056a4e998,5dab9ea09f41c6bcf76a778fec235e41b2ca78bc226d49a2cf5818fef53b3bc9,e216352c7f1c7392270c7c501bb599f2a46f420613a124fda0729ab88160cdf2,,,0.1,10.0,0.04000000000000001,0.0025000000000000005,0.010000000000000002,0,full,True
REIM (ACT + Detector + Recovery),14,8000056,metaworld,True,56,0.3052894290012773,0,0,0,0,0.1362128108739853,task_success_while_recovery_active_per_intervention,True,False,,89545fb080e0ad86330bbc4f4d917ec8377edea020bde3c9be1e82eb160a743e,5dab9ea09f41c6bcf76a778fec235e41b2ca78bc226d49a2cf5818fef53b3bc9,64ee837add19202e84553431fdab118462cf5265eeae19a4d044b5a6818f771d,,,0.1,10.0,0.04000000000000001,0.0025000000000000005,0.010000000000000002,0,full,True
REIM (ACT + Detector + Recovery),15,8000057,metaworld,True,49,0.2639847890022793,0,0,0,0,0.1931874006986618,task_success_while_recovery_active_per_intervention,True,False,,938a066ce5a3160b459415f4aed2e54a9428a9ca6ae066d48caa350926b4eef0,5dab9ea09f41c6bcf76a778fec235e41b2ca78bc226d49a2cf5818fef53b3bc9,c40fedd273cade53989af8adc3ca66d02f2d92ca4d97b2f6391a0dd0ab6dbca3,,,0.1,10.0,0.04000000000000001,0.0025000000000000005,0.010000000000000002,0,full,True
REIM (ACT + Detector + Recovery),16,8000058,metaworld,True,55,0.1406614930019714,1,1,1,44,0.31350234150886536,task_success_while_recovery_active_per_intervention,True,False,,dd67c7dbaf96df43e31be6cfcde363eb618f3f2c884b340f20ae2f586783d938,5dab9ea09f41c6bcf76a778fec235e41b2ca78bc226d49a2cf5818fef53b3bc9,942fb6a87dc1e3eb7bf7bb111c97e7096138256b4a9a6b4c62a012fabe8bec38,,,0.1,10.0,0.04000000000000001,0.0025000000000000005,0.010000000000000002,0,full,True
REIM (ACT + Detector + Recovery),17,8000059,metaworld,True,57,0.13768888000049628,1,1,1,48,0.36440977454185486,task_success_while_recovery_active_per_intervention,True,False,,e60ee6eb03dee313f38feb99186ee64223b8d924a4793ca2ac20d9f78726b282,5dab9ea09f41c6bcf76a778fec235e41b2ca78bc226d49a2cf5818fef53b3bc9,0f719f94ef165c0b816b8b10c3f4f5fcf802c9f5a25141035590310315749280,,,0.1,10.0,0.04000000000000001,0.0025000000000000005,0.010000000000000002,0,full,True
REIM (ACT + Detector + Recovery),18,8000060,metaworld,True,57,0.3415697499985981,0,0,0,0,0.1431988626718521,task_success_while_recovery_active_per_intervention,True,False,,5d73dfb3971696fd8d08036c3847feb407bf1678b4ae3a25dec96cf3092aed48,5dab9ea09f41c6bcf76a778fec235e41b2ca78bc226d49a2cf5818fef53b3bc9,b8e45a2f8f553d53c6eef0305347f910b9999bcae6df6ccaf0eaee6ac864e670,,,0.1,10.0,0.04000000000000001,0.0025000000000000005,0.010000000000000002,0,full,True
REIM (ACT + Detector + Recovery),19,8000061,metaworld,True,58,0.3611502890016709,0,0,0,0,0.12488158792257309,task_success_while_recovery_active_per_intervention,True,False,,429302392801008aad074e8ae48b15634d4d9ca2a0667ca7c173dbce120ccf66,5dab9ea09f41c6bcf76a778fec235e41b2ca78bc226d49a2cf5818fef53b3bc9,06d355d7aff3b944ab4199c02a94c63d062e5c414c0b195f7b232b607e0ab1ed,,,0.1,10.0,0.04000000000000001,0.0025000000000000005,0.010000000000000002,0,full,True
REIM (ACT + Detector + Recovery),20,8000062,metaworld,True,53,0.17972067200025776,1,1,1,34,0.20892545580863953,task_success_while_recovery_active_per_intervention,True,False,,c629671c4ebd1d0156baa4dabdc6df72a3af04431ac6f4729d9509f5e3baeddf,5dab9ea09f41c6bcf76a778fec235e41b2ca78bc226d49a2cf5818fef53b3bc9,5e1df472084de78052388a34f03cad3de438ca9b5dc801b5759dd57c66a7482a,,,0.1,10.0,0.04000000000000001,0.0025000000000000005,0.010000000000000002,0,full,True
REIM (ACT + Detector + Recovery),21,8000063,metaworld,True,56,0.3064385460020276,0,0,0,0,0.13650456070899963,task_success_while_recovery_active_per_intervention,True,False,,833f5048bfaa911d5690a63b313cbe94a589c4a0695bd6c5619c092b8ef59210,5dab9ea09f41c6bcf76a778fec235e41b2ca78bc226d49a2cf5818fef53b3bc9,0cda21f8ffacf0a1e40e7b0e858a8e2ddc276972106d4bced99d4404b4a13fd8,,,0.1,10.0,0.04000000000000001,0.0025000000000000005,0.010000000000000002,0,full,True
REIM (ACT + Detector + Recovery),22,8000064,metaworld,True,56,0.30701486700127134,0,0,0,0,0.1528051495552063,task_success_while_recovery_active_per_intervention,True,False,,177b59cf33f11485480f37b11ba1fb2d4945101f9608562d48c269f7e8c3fcec,5dab9ea09f41c6bcf76a778fec235e41b2ca78bc226d49a2cf5818fef53b3bc9,6cb8d983459a8e57d4ae53a86da2394015cabba2d7c306dcaf7b14af979ca230,,,0.1,10.0,0.04000000000000001,0.0025000000000000005,0.010000000000000002,0,full,True
REIM (ACT + Detector + Recovery),23,8000065,metaworld,True,61,0.14989584800059674,1,1,1,51,0.28962400555610657,task_success_while_recovery_active_per_intervention,True,False,,2d1c11ec2fd92cf3160f88474fbf9be848bc348b8b91c80b3ba5b8f7fd604fc0,5dab9ea09f41c6bcf76a778fec235e41b2ca78bc226d49a2cf5818fef53b3bc9,39001749c902e2ab9d015efb8c7644faffff99810b709d3203dc359d5eacdcbd,,,0.1,10.0,0.04000000000000001,0.0025000000000000005,0.010000000000000002,0,full,True
REIM (ACT + Detector + Recovery),24,8000066,metaworld,True,54,0.2975395989997196,0,0,0,0,0.17468003928661346,task_success_while_recovery_active_per_intervention,True,False,,09688b0e20dc094afc58f92c2353d239493c415f74bf6e8f0b8fbdee18ee9a6e,5dab9ea09f41c6bcf76a778fec235e41b2ca78bc226d49a2cf5818fef53b3bc9,56b7f182edcfeefa9301e1edd53d7f36e4418de7e6df1b54b0f0c298cde1b3cd,,,0.1,10.0,0.04000000000000001,0.0025000000000000005,0.010000000000000002,0,full,True
REIM (ACT + Detector + Recovery),25,8000067,metaworld,True,61,0.1456772390010883,1,1,1,53,0.25643566250801086,task_success_while_recovery_active_per_intervention,True,False,,dddf935bf2815116145232466cbc0d53c3c38237dcecd8b20558502907f72027,5dab9ea09f41c6bcf76a778fec235e41b2ca78bc226d49a2cf5818fef53b3bc9,e216352c7f1c7392270c7c501bb599f2a46f420613a124fda0729ab88160cdf2,,,0.1,10.0,0.04000000000000001,0.0025000000000000005,0.010000000000000002,0,full,True
REIM (ACT + Detector + Recovery),26,8000068,metaworld,True,53,0.1989351850024832,1,1,1,26,0.21050260961055756,task_success_while_recovery_active_per_intervention,True,False,,fc5e73a887f8588ad9990f9826d0987607cad2b949d72f337d62de5114cd5fb4,5dab9ea09f41c6bcf76a778fec235e41b2ca78bc226d49a2cf5818fef53b3bc9,2eb279a724955c1a9d173681940490ec9cc8ed4fdc15a95533884a23d4ccdb4e,,,0.1,10.0,0.04000000000000001,0.0025000000000000005,0.010000000000000002,0,full,True
REIM (ACT + Detector + Recovery),27,8000069,metaworld,True,50,0.2737828709978203,0,0,0,0,0.13801203668117523,task_success_while_recovery_active_per_intervention,True,False,,5c87136df39ffc251ba7c7988e18939d9af6e6a9b0afa03331df9d6ddce75d31,5dab9ea09f41c6bcf76a778fec235e41b2ca78bc226d49a2cf5818fef53b3bc9,15a9adece7ebea14bdf37f5376e274c6dce4711281025cf35060933ba9ab8ad3,,,0.1,10.0,0.04000000000000001,0.0025000000000000005,0.010000000000000002,0,full,True
REIM (ACT + Detector + Recovery),28,8000070,metaworld,True,47,0.2588736420002533,0,0,0,0,0.14467379450798035,task_success_while_recovery_active_per_intervention,True,False,,14e3a3d33aa45144c8d030c7506934553669957b994cd87a9d87118d26b543dd,5dab9ea09f41c6bcf76a778fec235e41b2ca78bc226d49a2cf5818fef53b3bc9,5d73f28d4d24cdbcb36a5e5cd61ec1a82f7287ce56d88da8cea912ed757b164c,,,0.1,10.0,0.04000000000000001,0.0025000000000000005,0.010000000000000002,0,full,True
REIM (ACT + Detector + Recovery),29,8000071,metaworld,True,51,0.28117288800058304,0,0,0,0,0.18878422677516937,task_success_while_recovery_active_per_intervention,True,False,,d9154f9f0c3577155dfd7f855d92a89c62fbb2184baaa6fc021b9cd288989e67,5dab9ea09f41c6bcf76a778fec235e41b2ca78bc226d49a2cf5818fef53b3bc9,5e1df472084de78052388a34f03cad3de438ca9b5dc801b5759dd57c66a7482a,,,0.1,10.0,0.04000000000000001,0.0025000000000000005,0.010000000000000002,0,full,True
REIM (ACT + Detector + Recovery),30,8000072,metaworld,True,57,0.1371288199989067,1,1,1,49,0.3966587483882904,task_success_while_recovery_active_per_intervention,True,False,,f9a0c0ca294deb143be54ec3b9921a4133d6c6e3592e65af706c96c7565a8ad7,5dab9ea09f41c6bcf76a778fec235e41b2ca78bc226d49a2cf5818fef53b3bc9,aba21ef1c98d0573e36116c9757115227fd3793cba96aea7eda95c2547314ca3,,,0.1,10.0,0.04000000000000001,0.0025000000000000005,0.010000000000000002,0,full,True
REIM (ACT + Detector + Recovery),31,8000073,metaworld,True,57,0.31673941999906674,0,0,0,0,0.13920406997203827,task_success_while_recovery_active_per_intervention,True,False,,954ee3f5b21273c07baa84969470f15bb08077e5741c5e18ba9b5bb2ddcfc13a,5dab9ea09f41c6bcf76a778fec235e41b2ca78bc226d49a2cf5818fef53b3bc9,b8e45a2f8f553d53c6eef0305347f910b9999bcae6df6ccaf0eaee6ac864e670,,,0.1,10.0,0.04000000000000001,0.0025000000000000005,0.010000000000000002,0,full,True
REIM (ACT + Detector + Recovery),32,8000074,metaworld,True,57,0.13571231499736314,1,1,1,49,0.4611193835735321,task_success_while_recovery_active_per_intervention,True,False,,e8edd1ea15cd99fa07c29b31ee7ae2c65288447f2cf3f5ffc6ca1dfc7338e032,5dab9ea09f41c6bcf76a778fec235e41b2ca78bc226d49a2cf5818fef53b3bc9,ba19e0623fe05add91e00811bacb33e27305f5fcb6549be6f6278ebce6046101,,,0.1,10.0,0.04000000000000001,0.0025000000000000005,0.010000000000000002,0,full,True
REIM (ACT + Detector + Recovery),33,8000075,metaworld,True,58,0.17897737300154404,1,1,1,39,0.28906214237213135,task_success_while_recovery_active_per_intervention,True,False,,3eeaf09d60fff23a57f3df1ca350b63ee1b148363d1ae981d992d3d5ee52c772,5dab9ea09f41c6bcf76a778fec235e41b2ca78bc226d49a2cf5818fef53b3bc9,8a99d46d6d04afe3e2ef92bb607dde5e178b5c37506006c4f364e345976453b1,,,0.1,10.0,0.04000000000000001,0.0025000000000000005,0.010000000000000002,0,full,True
REIM (ACT + Detector + Recovery),34,8000076,metaworld,True,56,0.3068337069998961,0,0,0,0,0.11649195104837418,task_success_while_recovery_active_per_intervention,True,False,,85ba53f3cddb9b6b56d17002c185f9def3435e9916c385febc085c98dcd49a92,5dab9ea09f41c6bcf76a778fec235e41b2ca78bc226d49a2cf5818fef53b3bc9,4e97203f8ce1a96cef19545d4c4c300d0de39e4f94bd1941cef7ebc3dd48be02,,,0.1,10.0,0.04000000000000001,0.0025000000000000005,0.010000000000000002,0,full,True
REIM (ACT + Detector + Recovery),35,8000077,metaworld,True,62,0.15808216499863192,1,1,1,53,0.28063419461250305,task_success_while_recovery_active_per_intervention,True,False,,c13bb984bf266057025c2ea8b3c782308eb97499654db35f91f4466aaee41034,5dab9ea09f41c6bcf76a778fec235e41b2ca78bc226d49a2cf5818fef53b3bc9,06d355d7aff3b944ab4199c02a94c63d062e5c414c0b195f7b232b607e0ab1ed,,,0.1,10.0,0.04000000000000001,0.0025000000000000005,0.010000000000000002,0,full,True
REIM (ACT + Detector + Recovery),36,8000078,metaworld,True,59,0.15508402200066485,1,1,1,50,0.25279656052589417,task_success_while_recovery_active_per_intervention,True,False,,2e5937a787e711a198058bf2c3e87857cb7f20e630c54201ff138be382f40877,5dab9ea09f41c6bcf76a778fec235e41b2ca78bc226d49a2cf5818fef53b3bc9,39001749c902e2ab9d015efb8c7644faffff99810b709d3203dc359d5eacdcbd,,,0.1,10.0,0.04000000000000001,0.0025000000000000005,0.010000000000000002,0,full,True
REIM (ACT + Detector + Recovery),37,8000079,metaworld,True,59,0.22140931299873046,1,1,1,31,0.3493174612522125,task_success_while_recovery_active_per_intervention,True,False,,3ff2fa6aa9f3b0c7ad4da5fdf196a0347ef63594f9ffb0187b31e995ee046cd1,5dab9ea09f41c6bcf76a778fec235e41b2ca78bc226d49a2cf5818fef53b3bc9,8a99d46d6d04afe3e2ef92bb607dde5e178b5c37506006c4f364e345976453b1,,,0.1,10.0,0.04000000000000001,0.0025000000000000005,0.010000000000000002,0,full,True
REIM (ACT + Detector + Recovery),38,8000080,metaworld,True,48,0.2636213340010727,0,0,0,0,0.14852374792099,task_success_while_recovery_active_per_intervention,True,False,,8d48c7d45c8a34cabe63e571f38919b536801c61a0009739d0a28cad9b6ecf57,5dab9ea09f41c6bcf76a778fec235e41b2ca78bc226d49a2cf5818fef53b3bc9,5d73f28d4d24cdbcb36a5e5cd61ec1a82f7287ce56d88da8cea912ed757b164c,,,0.1,10.0,0.04000000000000001,0.0025000000000000005,0.010000000000000002,0,full,True
REIM (ACT + Detector + Recovery),39,8000081,metaworld,True,59,0.3272913670007256,0,0,0,0,0.15938112139701843,task_success_while_recovery_active_per_intervention,True,False,,439a781f6027cb12b1e4c9e54f81adc57d67bad15bbea60200b2c2c6c3ce55e0,5dab9ea09f41c6bcf76a778fec235e41b2ca78bc226d49a2cf5818fef53b3bc9,a8cfe6e2276fbd15230c5555255b87d17333bdd29f84f687df7405d0311fae7f,,,0.1,10.0,0.04000000000000001,0.0025000000000000005,0.010000000000000002,0,full,True
REIM (ACT + Detector + Recovery),40,8000082,metaworld,True,53,0.1882467870018445,1,1,1,29,0.23621928691864014,task_success_while_recovery_active_per_intervention,True,False,,8c46f64bf9d5a2c1bad9da76fd5024e91138c6595819c3876c219ea28fc9fce4,5dab9ea09f41c6bcf76a778fec235e41b2ca78bc226d49a2cf5818fef53b3bc9,f82ceac6f8787ac22c378edc1f141cedcc86bf9309b43f1aff6633ae0a963abb,,,0.1,10.0,0.04000000000000001,0.0025000000000000005,0.010000000000000002,0,full,True
REIM (ACT + Detector + Recovery),41,8000083,metaworld,True,57,0.31914155400227173,0,0,0,0,0.12761136889457703,task_success_while_recovery_active_per_intervention,True,False,,c04387c7d0ee1c00977fe03ed3a685a660088bfd0b8b22221c9547334d90d027,5dab9ea09f41c6bcf76a778fec235e41b2ca78bc226d49a2cf5818fef53b3bc9,4e97203f8ce1a96cef19545d4c4c300d0de39e4f94bd1941cef7ebc3dd48be02,,,0.1,10.0,0.04000000000000001,0.0025000000000000005,0.010000000000000002,0,full,True
REIM (ACT + Detector + Recovery),42,8000084,metaworld,True,48,0.2658436259989685,0,0,0,0,0.13926587998867035,task_success_while_recovery_active_per_intervention,True,False,,dc6bbaf50386be35e409a89b992e717a34907acccc351974ff797d86b5e8232c,5dab9ea09f41c6bcf76a778fec235e41b2ca78bc226d49a2cf5818fef53b3bc9,5d73f28d4d24cdbcb36a5e5cd61ec1a82f7287ce56d88da8cea912ed757b164c,,,0.1,10.0,0.04000000000000001,0.0025000000000000005,0.010000000000000002,0,full,True
REIM (ACT + Detector + Recovery),43,8000085,metaworld,True,57,0.1397711130011885,1,1,1,49,0.2760497033596039,task_success_while_recovery_active_per_intervention,True,False,,d1ab2a45af9ee28c746c81139742b8405ec5acda2d0a46eb09de07a6fdafe2da,5dab9ea09f41c6bcf76a778fec235e41b2ca78bc226d49a2cf5818fef53b3bc9,aba21ef1c98d0573e36116c9757115227fd3793cba96aea7eda95c2547314ca3,,,0.1,10.0,0.04000000000000001,0.0025000000000000005,0.010000000000000002,0,full,True
REIM (ACT + Detector + Recovery),44,8000086,metaworld,True,49,0.1548400049978227,1,1,1,34,0.24425671994686127,task_success_while_recovery_active_per_intervention,True,False,,f7d68082a51cfb15f74da5e0575b2bc9474af7c4b2c46da5bb487bc14a8a202b,5dab9ea09f41c6bcf76a778fec235e41b2ca78bc226d49a2cf5818fef53b3bc9,27e1ed8c670f23dae46752497e383610e58c248d638e3b9b707808a32ce33d4e,,,0.1,10.0,0.04000000000000001,0.0025000000000000005,0.010000000000000002,0,full,True
REIM (ACT + Detector + Recovery),45,8000087,metaworld,True,57,0.13995971300028032,1,1,1,48,0.33800315856933594,task_success_while_recovery_active_per_intervention,True,False,,4d60860cf7fd27908341afedca6951e710e4b91f73771b6d347ccfa13e3fafe0,5dab9ea09f41c6bcf76a778fec235e41b2ca78bc226d49a2cf5818fef53b3bc9,ba19e0623fe05add91e00811bacb33e27305f5fcb6549be6f6278ebce6046101,,,0.1,10.0,0.04000000000000001,0.0025000000000000005,0.010000000000000002,0,full,True
REIM (ACT + Detector + Recovery),46,8000088,metaworld,True,61,0.1518586439997307,1,1,1,51,0.22120358049869537,task_success_while_recovery_active_per_intervention,True,False,,46c48ce627a82377d099328202800b0dc668120233e4a58e8185ffc504833799,5dab9ea09f41c6bcf76a778fec235e41b2ca78bc226d49a2cf5818fef53b3bc9,e216352c7f1c7392270c7c501bb599f2a46f420613a124fda0729ab88160cdf2,,,0.1,10.0,0.04000000000000001,0.0025000000000000005,0.010000000000000002,0,full,True
REIM (ACT + Detector + Recovery),47,8000089,metaworld,True,53,0.18874463300016942,1,1,1,29,0.2245398610830307,task_success_while_recovery_active_per_intervention,True,False,,fda8bdf5712ac7b504e8cda490010657f3907a1a0d2dc09b006d3ee85ebff774,5dab9ea09f41c6bcf76a778fec235e41b2ca78bc226d49a2cf5818fef53b3bc9,f82ceac6f8787ac22c378edc1f141cedcc86bf9309b43f1aff6633ae0a963abb,,,0.1,10.0,0.04000000000000001,0.0025000000000000005,0.010000000000000002,0,full,True
REIM (ACT + Detector + Recovery),48,8000090,metaworld,True,58,0.3387639370012039,0,0,0,0,0.14239776134490967,task_success_while_recovery_active_per_intervention,True,False,,10686c1f158c98928a625256706d927ae92046f4209c3891b79a9acb6d5d5747,5dab9ea09f41c6bcf76a778fec235e41b2ca78bc226d49a2cf5818fef53b3bc9,b8e45a2f8f553d53c6eef0305347f910b9999bcae6df6ccaf0eaee6ac864e670,,,0.1,10.0,0.04000000000000001,0.0025000000000000005,0.010000000000000002,0,full,True
REIM (ACT + Detector + Recovery),49,8000091,metaworld,True,53,0.15941895600190037,1,1,1,40,0.21378257870674133,task_success_while_recovery_active_per_intervention,True,False,,fda3d895af4ac39d1222fe0101537200edb8d6a482193455db7f8d448a17cacf,5dab9ea09f41c6bcf76a778fec235e41b2ca78bc226d49a2cf5818fef53b3bc9,c40fedd273cade53989af8adc3ca66d02f2d92ca4d97b2f6391a0dd0ab6dbca3,,,0.1,10.0,0.04000000000000001,0.0025000000000000005,0.010000000000000002,0,full,True
REIM (ACT + Detector + Recovery),50,8000092,metaworld,True,57,0.3347365780027758,0,0,0,0,0.11729966849088669,task_success_while_recovery_active_per_intervention,True,False,,462e0bac3e6455ba7384582f0d4c5985117c910fed74afb90ec69fab7bb6862a,5dab9ea09f41c6bcf76a778fec235e41b2ca78bc226d49a2cf5818fef53b3bc9,48ce9609a38b32e56f7e6a43ffef71c21c8b1d17ed5a63d47701bc1dfc3ff271,,,0.1,10.0,0.04000000000000001,0.0025000000000000005,0.010000000000000002,0,full,True
REIM (ACT + Detector + Recovery),51,8000093,metaworld,True,51,0.2971709169978567,0,0,0,0,0.16089950501918793,task_success_while_recovery_active_per_intervention,True,False,,350fe16aeff254492e9752ffc78be3d5d2b512542886e4cd3b58a23d0865a366,5dab9ea09f41c6bcf76a778fec235e41b2ca78bc226d49a2cf5818fef53b3bc9,2ad5907877cc42b4447b9630988e3a1f0da0d83e1f696f71e22dc69905e631b6,,,0.1,10.0,0.04000000000000001,0.0025000000000000005,0.010000000000000002,0,full,True
REIM (ACT + Detector + Recovery),52,8000094,metaworld,True,56,0.22513469800105668,1,1,1,27,0.2637716233730316,task_success_while_recovery_active_per_intervention,True,False,,f283c497b6301748d0eba4142077244b4d374178ac2e853dffc0ec9150153d8e,5dab9ea09f41c6bcf76a778fec235e41b2ca78bc226d49a2cf5818fef53b3bc9,8a99d46d6d04afe3e2ef92bb607dde5e178b5c37506006c4f364e345976453b1,,,0.1,10.0,0.04000000000000001,0.0025000000000000005,0.010000000000000002,0,full,True
REIM (ACT + Detector + Recovery),53,8000095,metaworld,True,57,0.17609316599919111,1,1,1,41,0.24755099415779114,task_success_while_recovery_active_per_intervention,True,False,,a1684eeccf43d51f4027e9a6806302eb46cb7748143035fec77f3bab857a3446,5dab9ea09f41c6bcf76a778fec235e41b2ca78bc226d49a2cf5818fef53b3bc9,942fb6a87dc1e3eb7bf7bb111c97e7096138256b4a9a6b4c62a012fabe8bec38,,,0.1,10.0,0.04000000000000001,0.0025000000000000005,0.010000000000000002,0,full,True
REIM (ACT + Detector + Recovery),54,8000096,metaworld,True,57,0.3236956900000223,0,0,0,0,0.12409874051809311,task_success_while_recovery_active_per_intervention,True,False,,000551a7b0d1fe4f31487512fd48fa403af5cba70a4ebfcf1b0a8b41cb5e291b,5dab9ea09f41c6bcf76a778fec235e41b2ca78bc226d49a2cf5818fef53b3bc9,4e97203f8ce1a96cef19545d4c4c300d0de39e4f94bd1941cef7ebc3dd48be02,,,0.1,10.0,0.04000000000000001,0.0025000000000000005,0.010000000000000002,0,full,True
REIM (ACT + Detector + Recovery),55,8000097,metaworld,True,53,0.3040248689976579,0,0,0,0,0.1008811742067337,task_success_while_recovery_active_per_intervention,True,False,,0ab65985fabd8e782c901ffbd541be42ec887eeb2ec96c6fe1da1826261c8e25,5dab9ea09f41c6bcf76a778fec235e41b2ca78bc226d49a2cf5818fef53b3bc9,742509487aeb71d366f1ddafa1cb12db2f7cfefe17c4ca89c98cffb67c1c8619,,,0.1,10.0,0.04000000000000001,0.0025000000000000005,0.010000000000000002,0,full,True
REIM (ACT + Detector + Recovery),56,8000098,metaworld,True,49,0.2783661520006717,0,0,0,0,0.19897903501987457,task_success_while_recovery_active_per_intervention,True,False,,348437ccbc57c46c322a8750a207a86ce296cd01759fa516f07b39b787fada4e,5dab9ea09f41c6bcf76a778fec235e41b2ca78bc226d49a2cf5818fef53b3bc9,08a97a6dfa17f78b5cc5b1351d60038e4a40a68fc93722672482714333b1d9b5,,,0.1,10.0,0.04000000000000001,0.0025000000000000005,0.010000000000000002,0,full,True
REIM (ACT + Detector + Recovery),57,8000099,metaworld,True,55,0.1429629769991152,1,1,1,48,0.3474377989768982,task_success_while_recovery_active_per_intervention,True,False,,4569bf5d8a00341102a48600b7bf440af2f33caa4484202934cb48166c099835,5dab9ea09f41c6bcf76a778fec235e41b2ca78bc226d49a2cf5818fef53b3bc9,35203d16cfa98b5f2e002fcb1ffde2400abf9459c161f6a289efa0c46eddb36f,,,0.1,10.0,0.04000000000000001,0.0025000000000000005,0.010000000000000002,0,full,True
REIM (ACT + Detector + Recovery),58,8000100,metaworld,True,55,0.6177347849989019,0,0,0,0,0.19575846195220947,task_success_while_recovery_active_per_intervention,True,False,,a2f1e4553ba96b7cc464603c077cf29ce6633850c0e71c3f1a332c11fa938e48,5dab9ea09f41c6bcf76a778fec235e41b2ca78bc226d49a2cf5818fef53b3bc9,64ee837add19202e84553431fdab118462cf5265eeae19a4d044b5a6818f771d,,,0.1,10.0,0.04000000000000001,0.0025000000000000005,0.010000000000000002,0,full,True
REIM (ACT + Detector + Recovery),59,8000101,metaworld,True,63,0.1838997279992327,1,1,1,54,0.31543442606925964,task_success_while_recovery_active_per_intervention,True,False,,b24d52f1f615a45cb19131c5e0e7ad85c35e1f20d114b7b3357f9f0a7ff77003,5dab9ea09f41c6bcf76a778fec235e41b2ca78bc226d49a2cf5818fef53b3bc9,06d355d7aff3b944ab4199c02a94c63d062e5c414c0b195f7b232b607e0ab1ed,,,0.1,10.0,0.04000000000000001,0.0025000000000000005,0.010000000000000002,0,full,True
REIM (ACT + Detector + Recovery),60,8000102,metaworld,True,49,0.17831176899926504,1,1,1,28,0.2411874383687973,task_success_while_recovery_active_per_intervention,True,False,,dd5a2492f45415f08c429d54c416123a26b05fb8af0192947dd8e7c7e5936ac7,5dab9ea09f41c6bcf76a778fec235e41b2ca78bc226d49a2cf5818fef53b3bc9,08a97a6dfa17f78b5cc5b1351d60038e4a40a68fc93722672482714333b1d9b5,,,0.1,10.0,0.04000000000000001,0.0025000000000000005,0.010000000000000002,0,full,True
REIM (ACT + Detector + Recovery),61,8000103,metaworld,True,58,0.1543330780004908,1,1,1,48,0.2609325051307678,task_success_while_recovery_active_per_intervention,True,False,,70a7dccf257d715dfc9d8a760b1e54c973c0c43364444d4f2623acf8bddcfd9a,5dab9ea09f41c6bcf76a778fec235e41b2ca78bc226d49a2cf5818fef53b3bc9,0f719f94ef165c0b816b8b10c3f4f5fcf802c9f5a25141035590310315749280,,,0.1,10.0,0.04000000000000001,0.0025000000000000005,0.010000000000000002,0,full,True
REIM (ACT + Detector + Recovery),62,8000104,metaworld,True,54,0.13817689099960262,1,1,1,46,0.29209962487220764,task_success_while_recovery_active_per_intervention,True,False,,3884e9427c4fcfb2bbc049b2037c89ce4e79f6dd0b56c68500fc112ef7751415,5dab9ea09f41c6bcf76a778fec235e41b2ca78bc226d49a2cf5818fef53b3bc9,35203d16cfa98b5f2e002fcb1ffde2400abf9459c161f6a289efa0c46eddb36f,,,0.1,10.0,0.04000000000000001,0.0025000000000000005,0.010000000000000002,0,full,True
REIM (ACT + Detector + Recovery),63,8000105,metaworld,True,55,0.3315540100011276,0,0,0,0,0.12674322724342346,task_success_while_recovery_active_per_intervention,True,False,,8366d18da227c1c7e5a1da1695f8200da490b6c4e46b620d2c23d24bd00db709,5dab9ea09f41c6bcf76a778fec235e41b2ca78bc226d49a2cf5818fef53b3bc9,4e97203f8ce1a96cef19545d4c4c300d0de39e4f94bd1941cef7ebc3dd48be02,,,0.1,10.0,0.04000000000000001,0.0025000000000000005,0.010000000000000002,0,full,True
REIM (ACT + Detector + Recovery),64,8000106,metaworld,True,58,0.3273052389995428,0,0,0,0,0.15823733806610107,task_success_while_recovery_active_per_intervention,True,False,,85a453e6b6fb6f67ffbcc5acee7b8bb0910d5032612e1673e983fdc35489d156,5dab9ea09f41c6bcf76a778fec235e41b2ca78bc226d49a2cf5818fef53b3bc9,06d355d7aff3b944ab4199c02a94c63d062e5c414c0b195f7b232b607e0ab1ed,,,0.1,10.0,0.04000000000000001,0.0025000000000000005,0.010000000000000002,0,full,True
REIM (ACT + Detector + Recovery),65,8000107,metaworld,True,58,0.3300233310001204,0,0,0,0,0.17347264289855957,task_success_while_recovery_active_per_intervention,True,False,,c3e9f12b2862dbd318dbcfb2a492a5f686170276ba10d42381272d87a04dccc3,5dab9ea09f41c6bcf76a778fec235e41b2ca78bc226d49a2cf5818fef53b3bc9,0cda21f8ffacf0a1e40e7b0e858a8e2ddc276972106d4bced99d4404b4a13fd8,,,0.1,10.0,0.04000000000000001,0.0025000000000000005,0.010000000000000002,0,full,True
REIM (ACT + Detector + Recovery),66,8000108,metaworld,True,50,0.2957904509967193,0,0,0,0,0.16953428089618683,task_success_while_recovery_active_per_intervention,True,False,,4ab299410ad1a39a3205269c754ff099b23f3121a886292c54ab376c95bf465e,5dab9ea09f41c6bcf76a778fec235e41b2ca78bc226d49a2cf5818fef53b3bc9,2ad5907877cc42b4447b9630988e3a1f0da0d83e1f696f71e22dc69905e631b6,,,0.1,10.0,0.04000000000000001,0.0025000000000000005,0.010000000000000002,0,full,True
REIM (ACT + Detector + Recovery),67,8000109,metaworld,True,59,0.33429974200043944,0,0,0,0,0.14834582805633545,task_success_while_recovery_active_per_intervention,True,False,,8f2e49a3503657c887662e31ee357361eef2a88e629025a29183643c526fc202,5dab9ea09f41c6bcf76a778fec235e41b2ca78bc226d49a2cf5818fef53b3bc9,a8cfe6e2276fbd15230c5555255b87d17333bdd29f84f687df7405d0311fae7f,,,0.1,10.0,0.04000000000000001,0.0025000000000000005,0.010000000000000002,0,full,True
REIM (ACT + Detector + Recovery),68,8000110,metaworld,True,57,0.15262707199872239,1,1,1,47,0.3234526813030243,task_success_while_recovery_active_per_intervention,True,False,,61a1caefe8c765ccb35e56b3f8d3062cb104c02578b7a861fe631f20acea4df6,5dab9ea09f41c6bcf76a778fec235e41b2ca78bc226d49a2cf5818fef53b3bc9,0f719f94ef165c0b816b8b10c3f4f5fcf802c9f5a25141035590310315749280,,,0.1,10.0,0.04000000000000001,0.0025000000000000005,0.010000000000000002,0,full,True
REIM (ACT + Detector + Recovery),69,8000111,metaworld,True,61,0.16917788499995368,1,1,1,51,0.26613566279411316,task_success_while_recovery_active_per_intervention,True,False,,5332947db45f344bee20d083ef9591146a264b4de4806f7d408a6aa1c0787a54,5dab9ea09f41c6bcf76a778fec235e41b2ca78bc226d49a2cf5818fef53b3bc9,3183afb500ebb9a5af177cccb5b5889a8321eb35261f8ec571269f8b5ed9cd1a,,,0.1,10.0,0.04000000000000001,0.0025000000000000005,0.010000000000000002,0,full,True
REIM (ACT + Detector + Recovery),70,8000112,metaworld,True,58,0.35532797899941215,0,0,0,0,0.10882341116666794,task_success_while_recovery_active_per_intervention,True,False,,9e21b27e95cfa412491bb6a99b6a14b673fcb548b893f324ea461ffe41903958,5dab9ea09f41c6bcf76a778fec235e41b2ca78bc226d49a2cf5818fef53b3bc9,a8cfe6e2276fbd15230c5555255b87d17333bdd29f84f687df7405d0311fae7f,,,0.1,10.0,0.04000000000000001,0.0025000000000000005,0.010000000000000002,0,full,True
REIM (ACT + Detector + Recovery),71,8000113,metaworld,True,55,0.20789289599997574,1,1,1,33,0.2604887783527374,task_success_while_recovery_active_per_intervention,True,False,,68a57b642829e679ebd9ae95b44ecae4a746deb323b8a643aa19d7df5e6274ec,5dab9ea09f41c6bcf76a778fec235e41b2ca78bc226d49a2cf5818fef53b3bc9,f82ceac6f8787ac22c378edc1f141cedcc86bf9309b43f1aff6633ae0a963abb,,,0.1,10.0,0.04000000000000001,0.0025000000000000005,0.010000000000000002,0,full,True
REIM (ACT + Detector + Recovery),72,8000114,metaworld,True,47,0.27511904900165973,0,0,0,0,0.17059600353240967,task_success_while_recovery_active_per_intervention,True,False,,1c2f06a4dc22a6bd9450e07889cf4eba6d82b75baa0768129fc421be026ef23e,5dab9ea09f41c6bcf76a778fec235e41b2ca78bc226d49a2cf5818fef53b3bc9,e6e55bdbd77dc052facbc072d20b08a21d116978c37627b9a3d9dc7989dfbe62,,,0.1,10.0,0.04000000000000001,0.0025000000000000005,0.010000000000000002,0,full,True
REIM (ACT + Detector + Recovery),73,8000115,metaworld,True,60,0.34665518200199585,0,0,0,0,0.14593897759914398,task_success_while_recovery_active_per_intervention,True,False,,7818f145854900f63172d1ef3aff0575f558f0e42b46e275969f731c5be5d387,5dab9ea09f41c6bcf76a778fec235e41b2ca78bc226d49a2cf5818fef53b3bc9,1c856fdcb5da12c3fa2d15b38741aa980fa3a47e64fb99f8635817590128f9ea,,,0.1,10.0,0.04000000000000001,0.0025000000000000005,0.010000000000000002,0,full,True
REIM (ACT + Detector + Recovery),74,8000116,metaworld,True,48,0.1580592099999194,1,1,1,30,0.21635214984416962,task_success_while_recovery_active_per_intervention,True,False,,9a39bb551845e8590393cdeb066e039666c2dec4bca88f736573961999a8fdca,5dab9ea09f41c6bcf76a778fec235e41b2ca78bc226d49a2cf5818fef53b3bc9,27e1ed8c670f23dae46752497e383610e58c248d638e3b9b707808a32ce33d4e,,,0.1,10.0,0.04000000000000001,0.0025000000000000005,0.010000000000000002,0,full,True
REIM (ACT + Detector + Recovery),75,8000117,metaworld,True,59,0.1565240679992712,1,1,1,49,0.2957988977432251,task_success_while_recovery_active_per_intervention,True,False,,a1e92124789f357fa38c418aecf6fea179ed635d86695b849d2f361b77bd5b96,5dab9ea09f41c6bcf76a778fec235e41b2ca78bc226d49a2cf5818fef53b3bc9,3183afb500ebb9a5af177cccb5b5889a8321eb35261f8ec571269f8b5ed9cd1a,,,0.1,10.0,0.04000000000000001,0.0025000000000000005,0.010000000000000002,0,full,True
REIM (ACT + Detector + Recovery),76,8000118,metaworld,True,51,0.30042949999915436,0,0,0,0,0.15596017241477966,task_success_while_recovery_active_per_intervention,True,False,,7d4747cc28edbe0e6364e09783cf1a15ef90442318304d746c3f3f665e213990,5dab9ea09f41c6bcf76a778fec235e41b2ca78bc226d49a2cf5818fef53b3bc9,acfaed29b052207b47b4b7fa76672795fd08de3add8565db05f141de82ece90b,,,0.1,10.0,0.04000000000000001,0.0025000000000000005,0.010000000000000002,0,full,True
REIM (ACT + Detector + Recovery),77,8000119,metaworld,True,52,0.28579551499933586,0,0,0,0,0.17784389853477478,task_success_while_recovery_active_per_intervention,True,False,,a7f27e3d58eaa9f35a4a6d9bc49e4cf9036cc3178b7b661d8d5f583b7f2493a6,5dab9ea09f41c6bcf76a778fec235e41b2ca78bc226d49a2cf5818fef53b3bc9,7c3391ee418e26d47c002810bc00065e4dd0b6728c969d2338ad549ad01ebb0a,,,0.1,10.0,0.04000000000000001,0.0025000000000000005,0.010000000000000002,0,full,True
REIM (ACT + Detector + Recovery),78,8000120,metaworld,True,54,0.3033550110012584,0,0,0,0,0.15932001173496246,task_success_while_recovery_active_per_intervention,True,False,,6a1f0b000328653d1877be00c2f61d50c183d03b1e80c41d97df4727b8d5c649,5dab9ea09f41c6bcf76a778fec235e41b2ca78bc226d49a2cf5818fef53b3bc9,64ee837add19202e84553431fdab118462cf5265eeae19a4d044b5a6818f771d,,,0.1,10.0,0.04000000000000001,0.0025000000000000005,0.010000000000000002,0,full,True
REIM (ACT + Detector + Recovery),79,8000121,metaworld,True,57,0.31783915699998033,0,0,0,0,0.12410083413124084,task_success_while_recovery_active_per_intervention,True,False,,f6046eb80b214347943853c39917e09f0a4be43eeff1d4bacd42f250ffd53943,5dab9ea09f41c6bcf76a778fec235e41b2ca78bc226d49a2cf5818fef53b3bc9,25805a097f1f4b8c203ec3c130dcd3e66b5fb3ad298114a08662aae6c86fa673,,,0.1,10.0,0.04000000000000001,0.0025000000000000005,0.010000000000000002,0,full,True
REIM (ACT + Detector + Recovery),80,8000122,metaworld,True,55,0.18453971299823024,1,1,1,33,0.2520735561847687,task_success_while_recovery_active_per_intervention,True,False,,258a20b5c7bea60a4b5b61933377348f7b7d2dc96dc1af1c63f89efc774526f6,5dab9ea09f41c6bcf76a778fec235e41b2ca78bc226d49a2cf5818fef53b3bc9,2eb279a724955c1a9d173681940490ec9cc8ed4fdc15a95533884a23d4ccdb4e,,,0.1,10.0,0.04000000000000001,0.0025000000000000005,0.010000000000000002,0,full,True
REIM (ACT + Detector + Recovery),81,8000123,metaworld,True,55,0.30671490500026266,0,0,0,0,0.1212196871638298,task_success_while_recovery_active_per_intervention,True,False,,45c615655865d195c6dd02c7b92cb2782a8f58154bdaa23b87dfa9964479ae14,5dab9ea09f41c6bcf76a778fec235e41b2ca78bc226d49a2cf5818fef53b3bc9,25805a097f1f4b8c203ec3c130dcd3e66b5fb3ad298114a08662aae6c86fa673,,,0.1,10.0,0.04000000000000001,0.0025000000000000005,0.010000000000000002,0,full,True
REIM (ACT + Detector + Recovery),82,8000124,metaworld,True,53,0.12820535900027608,1,1,1,46,0.43284639716148376,task_success_while_recovery_active_per_intervention,True,False,,b4df63a1f7a48698f31a11ac384e298f69482955b9dda9eafc9f8b066b30eb79,5dab9ea09f41c6bcf76a778fec235e41b2ca78bc226d49a2cf5818fef53b3bc9,bb2c6b1aed959fa3ddddb1c215ce67cbb5b0ec080eb65fb58e06b7776849a096,,,0.1,10.0,0.04000000000000001,0.0025000000000000005,0.010000000000000002,0,full,True
REIM (ACT + Detector + Recovery),83,8000125,metaworld,True,49,0.2747218509975937,0,0,0,0,0.1849467009305954,task_success_while_recovery_active_per_intervention,True,False,,9e96247f1bb2f6a01c0b08145b3674a16afa09382a5a1549a9479d70d1f7d11a,5dab9ea09f41c6bcf76a778fec235e41b2ca78bc226d49a2cf5818fef53b3bc9,08a97a6dfa17f78b5cc5b1351d60038e4a40a68fc93722672482714333b1d9b5,,,0.1,10.0,0.04000000000000001,0.0025000000000000005,0.010000000000000002,0,full,True
REIM (ACT + Detector + Recovery),84,8000126,metaworld,True,55,0.3040228880017821,0,0,0,0,0.11406748741865158,task_success_while_recovery_active_per_intervention,True,False,,09bf8116666e73557f92c6820f218590c32c90f3ba103d0a19d61bbf05a3031b,5dab9ea09f41c6bcf76a778fec235e41b2ca78bc226d49a2cf5818fef53b3bc9,25805a097f1f4b8c203ec3c130dcd3e66b5fb3ad298114a08662aae6c86fa673,,,0.1,10.0,0.04000000000000001,0.0025000000000000005,0.010000000000000002,0,full,True
REIM (ACT + Detector + Recovery),85,8000127,metaworld,True,59,0.3423879459987802,0,0,0,0,0.1424219161272049,task_success_while_recovery_active_per_intervention,True,False,,f43885354226ac679bed113897e89e361b391dc6f505cc790ae1e9d3de9a498e,5dab9ea09f41c6bcf76a778fec235e41b2ca78bc226d49a2cf5818fef53b3bc9,1c856fdcb5da12c3fa2d15b38741aa980fa3a47e64fb99f8635817590128f9ea,,,0.1,10.0,0.04000000000000001,0.0025000000000000005,0.010000000000000002,0,full,True
REIM (ACT + Detector + Recovery),86,8000128,metaworld,True,56,0.16070992900131387,1,1,1,42,0.22345642745494843,task_success_while_recovery_active_per_intervention,True,False,,726d338e1454a01d064f5f04569d8aa068b21b1b312b6d64125ec654129a579a,5dab9ea09f41c6bcf76a778fec235e41b2ca78bc226d49a2cf5818fef53b3bc9,5e1df472084de78052388a34f03cad3de438ca9b5dc801b5759dd57c66a7482a,,,0.1,10.0,0.04000000000000001,0.0025000000000000005,0.010000000000000002,0,full,True
REIM (ACT + Detector + Recovery),87,8000129,metaworld,True,59,0.3300342609982181,0,0,0,0,0.1487303376197815,task_success_while_recovery_active_per_intervention,True,False,,69ed15ea45317a6c7c211c9b6742cb291a6b0a69100d675eeeaae77ae4138238,5dab9ea09f41c6bcf76a778fec235e41b2ca78bc226d49a2cf5818fef53b3bc9,1c856fdcb5da12c3fa2d15b38741aa980fa3a47e64fb99f8635817590128f9ea,,,0.1,10.0,0.04000000000000001,0.0025000000000000005,0.010000000000000002,0,full,True
REIM (ACT + Detector + Recovery),88,8000130,metaworld,True,56,0.2060731970013876,1,1,1,29,0.24533620476722717,task_success_while_recovery_active_per_intervention,True,False,,085e0f243b6b425f1f67ddf6e4dccebd55082d6037b6075dd993de7882e7a42e,5dab9ea09f41c6bcf76a778fec235e41b2ca78bc226d49a2cf5818fef53b3bc9,942fb6a87dc1e3eb7bf7bb111c97e7096138256b4a9a6b4c62a012fabe8bec38,,,0.1,10.0,0.04000000000000001,0.0025000000000000005,0.010000000000000002,0,full,True
REIM (ACT + Detector + Recovery),89,8000131,metaworld,True,57,0.144453032000456,1,1,1,48,0.37366601824760437,task_success_while_recovery_active_per_intervention,True,False,,0a193efe7759c14f8e4a00508697d1e6346544784833199c025cac26c96d5f68,5dab9ea09f41c6bcf76a778fec235e41b2ca78bc226d49a2cf5818fef53b3bc9,0f719f94ef165c0b816b8b10c3f4f5fcf802c9f5a25141035590310315749280,,,0.1,10.0,0.04000000000000001,0.0025000000000000005,0.010000000000000002,0,full,True
REIM (ACT + Detector + Recovery),90,8000132,metaworld,True,53,0.14893843900063075,1,1,1,41,0.21250861883163452,task_success_while_recovery_active_per_intervention,True,False,,7ed528f6868ea1489e9cc538ec3ec6742adc786e207a969fd25898eed91d2554,5dab9ea09f41c6bcf76a778fec235e41b2ca78bc226d49a2cf5818fef53b3bc9,c40fedd273cade53989af8adc3ca66d02f2d92ca4d97b2f6391a0dd0ab6dbca3,,,0.1,10.0,0.04000000000000001,0.0025000000000000005,0.010000000000000002,0,full,True
REIM (ACT + Detector + Recovery),91,8000133,metaworld,True,52,0.29335868599810055,0,0,0,0,0.194118931889534,task_success_while_recovery_active_per_intervention,True,False,,c75fe006f17420f73598f8b1cbcf17b0a966c90e4903b20f297af7c0a5ad67e5,5dab9ea09f41c6bcf76a778fec235e41b2ca78bc226d49a2cf5818fef53b3bc9,38329c6b97bbe7d133bf007c22742dca5f0cd7258f8d7199135c6c2371ae591d,,,0.1,10.0,0.04000000000000001,0.0025000000000000005,0.010000000000000002,0,full,True
REIM (ACT + Detector + Recovery),92,8000134,metaworld,True,56,0.3150630070012994,0,0,0,0,0.11957556009292603,task_success_while_recovery_active_per_intervention,True,False,,32ec5f5954c85a21c9181191c4d56d847b94011c16e7520fdd9e1b37552053c5,5dab9ea09f41c6bcf76a778fec235e41b2ca78bc226d49a2cf5818fef53b3bc9,48ce9609a38b32e56f7e6a43ffef71c21c8b1d17ed5a63d47701bc1dfc3ff271,,,0.1,10.0,0.04000000000000001,0.0025000000000000005,0.010000000000000002,0,full,True
REIM (ACT + Detector + Recovery),93,8000135,metaworld,True,56,0.31649089800339425,0,0,0,0,0.10702425986528397,task_success_while_recovery_active_per_intervention,True,False,,6075b67ab649bd6b2c588c476933956dbf70864a7f3341a3ce9379e99ef7aed9,5dab9ea09f41c6bcf76a778fec235e41b2ca78bc226d49a2cf5818fef53b3bc9,48ce9609a38b32e56f7e6a43ffef71c21c8b1d17ed5a63d47701bc1dfc3ff271,,,0.1,10.0,0.04000000000000001,0.0025000000000000005,0.010000000000000002,0,full,True
REIM (ACT + Detector + Recovery),94,8000136,metaworld,True,52,0.13041834300020128,1,1,1,45,0.40966272354125977,task_success_while_recovery_active_per_intervention,True,False,,f548508cf2809e4b8fdc07c5a48fc51478eeaa987fd03712ff87e5433d7772d2,5dab9ea09f41c6bcf76a778fec235e41b2ca78bc226d49a2cf5818fef53b3bc9,bb2c6b1aed959fa3ddddb1c215ce67cbb5b0ec080eb65fb58e06b7776849a096,,,0.1,10.0,0.04000000000000001,0.0025000000000000005,0.010000000000000002,0,full,True
REIM (ACT + Detector + Recovery),95,8000137,metaworld,True,48,0.1630776349993539,1,1,1,29,0.2269228994846344,task_success_while_recovery_active_per_intervention,True,False,,23320a2a32bd11e34510f66390df9983d9f6b166e759e26b56de53da2b0bf118,5dab9ea09f41c6bcf76a778fec235e41b2ca78bc226d49a2cf5818fef53b3bc9,27e1ed8c670f23dae46752497e383610e58c248d638e3b9b707808a32ce33d4e,,,0.1,10.0,0.04000000000000001,0.0025000000000000005,0.010000000000000002,0,full,True
REIM (ACT + Detector + Recovery),96,8000138,metaworld,True,50,0.29401036099807243,0,0,0,0,0.19360658526420593,task_success_while_recovery_active_per_intervention,True,False,,d89b5ee388a55cc53aca8c4a611bbeb798a90b1b9737fddf76c4d49410194e7f,5dab9ea09f41c6bcf76a778fec235e41b2ca78bc226d49a2cf5818fef53b3bc9,08a97a6dfa17f78b5cc5b1351d60038e4a40a68fc93722672482714333b1d9b5,,,0.1,10.0,0.04000000000000001,0.0025000000000000005,0.010000000000000002,0,full,True
REIM (ACT + Detector + Recovery),97,8000139,metaworld,True,58,0.3295264749976923,0,0,0,0,0.16182841360569,task_success_while_recovery_active_per_intervention,True,False,,6e159398740150910cebe64de611c8c45de4e35b706feadd0912c20b87055b64,5dab9ea09f41c6bcf76a778fec235e41b2ca78bc226d49a2cf5818fef53b3bc9,b8e45a2f8f553d53c6eef0305347f910b9999bcae6df6ccaf0eaee6ac864e670,,,0.1,10.0,0.04000000000000001,0.0025000000000000005,0.010000000000000002,0,full,True
REIM (ACT + Detector + Recovery),98,8000140,metaworld,True,53,0.20947449599771062,1,1,1,25,0.21215863525867462,task_success_while_recovery_active_per_intervention,True,False,,800afdc699f79637ee85bfa75d1241772ca4d130c98746c2b698c64e919fbbfb,5dab9ea09f41c6bcf76a778fec235e41b2ca78bc226d49a2cf5818fef53b3bc9,f82ceac6f8787ac22c378edc1f141cedcc86bf9309b43f1aff6633ae0a963abb,,,0.1,10.0,0.04000000000000001,0.0025000000000000005,0.010000000000000002,0,full,True
REIM (ACT + Detector + Recovery),99,8000141,metaworld,True,54,0.206279039997753,1,1,1,27,0.22213301062583923,task_success_while_recovery_active_per_intervention,True,False,,ec3a946527731c0eb744ad9619b08eb6b619e223abf6e932354fdadd5bb1bc88,5dab9ea09f41c6bcf76a778fec235e41b2ca78bc226d49a2cf5818fef53b3bc9,f82ceac6f8787ac22c378edc1f141cedcc86bf9309b43f1aff6633ae0a963abb,,,0.1,10.0,0.04000000000000001,0.0025000000000000005,0.010000000000000002,0,full,True
REIM (ACT + Detector + Recovery),100,8000142,metaworld,True,61,0.15483063599822344,1,1,1,51,0.2046354115009308,task_success_while_recovery_active_per_intervention,True,False,,d540c1997526662f40182eeb4471eb16a9ebe2e121e9c78323721e5737fc310a,5dab9ea09f41c6bcf76a778fec235e41b2ca78bc226d49a2cf5818fef53b3bc9,e216352c7f1c7392270c7c501bb599f2a46f420613a124fda0729ab88160cdf2,,,0.1,10.0,0.04000000000000001,0.0025000000000000005,0.010000000000000002,0,full,True
REIM (ACT + Detector + Recovery),101,8000143,metaworld,True,54,0.13487752500077477,1,1,1,46,0.3110548257827759,task_success_while_recovery_active_per_intervention,True,False,,94723965603cbf8ccf8c04673e7365e2a6da64997095aafdb9e59a51f6381cd9,5dab9ea09f41c6bcf76a778fec235e41b2ca78bc226d49a2cf5818fef53b3bc9,35203d16cfa98b5f2e002fcb1ffde2400abf9459c161f6a289efa0c46eddb36f,,,0.1,10.0,0.04000000000000001,0.0025000000000000005,0.010000000000000002,0,full,True
REIM (ACT + Detector + Recovery),102,8000144,metaworld,True,51,0.16439254299984896,1,1,1,34,0.2859443426132202,task_success_while_recovery_active_per_intervention,True,False,,78b12a414a53e3014a472e8604c909307eb5a722f56b8e5e0b70a3c7dd598456,5dab9ea09f41c6bcf76a778fec235e41b2ca78bc226d49a2cf5818fef53b3bc9,504c23f653f6cdee9d659d9320b164606b319d4f0e9cdf0f3a87e2fc7a98160a,,,0.1,10.0,0.04000000000000001,0.0025000000000000005,0.010000000000000002,0,full,True
REIM (ACT + Detector + Recovery),103,8000145,metaworld,True,58,0.3403359520016238,0,0,0,0,0.13843810558319092,task_success_while_recovery_active_per_intervention,True,False,,7a5738fc583016aae7b120a2721d249e304865b5518a7d24c693f2c20f686a83,5dab9ea09f41c6bcf76a778fec235e41b2ca78bc226d49a2cf5818fef53b3bc9,a0b103bf3e43f4aa92753185301eba5e2e31594285004b99f51a59b33bd2d620,,,0.1,10.0,0.04000000000000001,0.0025000000000000005,0.010000000000000002,0,full,True
REIM (ACT + Detector + Recovery),104,8000146,metaworld,True,52,0.29791563899925677,0,0,0,0,0.12472295016050339,task_success_while_recovery_active_per_intervention,True,False,,c98700a272208259b82075f778e7a5ea2c2bf92b2652016fbd8417c4ce2282b5,5dab9ea09f41c6bcf76a778fec235e41b2ca78bc226d49a2cf5818fef53b3bc9,56b7f182edcfeefa9301e1edd53d7f36e4418de7e6df1b54b0f0c298cde1b3cd,,,0.1,10.0,0.04000000000000001,0.0025000000000000005,0.010000000000000002,0,full,True
REIM (ACT + Detector + Recovery),105,8000147,metaworld,True,49,0.27963489499961725,0,0,0,0,0.18545156717300415,task_success_while_recovery_active_per_intervention,True,False,,29dbed53b610e90e5757f2ae4da98133cb4a6d4af2bc6149372a95ce29710dc8,5dab9ea09f41c6bcf76a778fec235e41b2ca78bc226d49a2cf5818fef53b3bc9,08a97a6dfa17f78b5cc5b1351d60038e4a40a68fc93722672482714333b1d9b5,,,0.1,10.0,0.04000000000000001,0.0025000000000000005,0.010000000000000002,0,full,True
REIM (ACT + Detector + Recovery),106,8000148,metaworld,True,50,0.1772512560019095,1,1,1,28,0.21327805519104004,task_success_while_recovery_active_per_intervention,True,False,,9059b57e108470f65d4302bc37c4d56e33e931e1cf9f5e6399ef03051af62e9d,5dab9ea09f41c6bcf76a778fec235e41b2ca78bc226d49a2cf5818fef53b3bc9,08a97a6dfa17f78b5cc5b1351d60038e4a40a68fc93722672482714333b1d9b5,,,0.1,10.0,0.04000000000000001,0.0025000000000000005,0.010000000000000002,0,full,True
REIM (ACT + Detector + Recovery),107,8000149,metaworld,True,56,0.323116060000757,0,0,0,0,0.1691601425409317,task_success_while_recovery_active_per_intervention,True,False,,43d1a60f8ad35b130bb564e6f3dc3c0a04517ce7853bbe2a5ff528091037bd96,5dab9ea09f41c6bcf76a778fec235e41b2ca78bc226d49a2cf5818fef53b3bc9,524e161a612d94c222d06154bcd0129d0851b8fad51ae883abbef6e86d43cbb0,,,0.1,10.0,0.04000000000000001,0.0025000000000000005,0.010000000000000002,0,full,True
REIM (ACT + Detector + Recovery),108,8000150,metaworld,True,46,0.2693232359997637,0,0,0,0,0.14666040241718292,task_success_while_recovery_active_per_intervention,True,False,,21a86049162c4612fe7d34bc8187e6fe2916656e0c048c69ec5546f539c68363,5dab9ea09f41c6bcf76a778fec235e41b2ca78bc226d49a2cf5818fef53b3bc9,5d73f28d4d24cdbcb36a5e5cd61ec1a82f7287ce56d88da8cea912ed757b164c,,,0.1,10.0,0.04000000000000001,0.0025000000000000005,0.010000000000000002,0,full,True
REIM (ACT + Detector + Recovery),109,8000151,metaworld,True,53,0.18220581499917898,1,1,1,34,0.23953260481357574,task_success_while_recovery_active_per_intervention,True,False,,68320d507b6d0e85d258ef86965c0cef652f4fee7552c914ace6148ab2b205d9,5dab9ea09f41c6bcf76a778fec235e41b2ca78bc226d49a2cf5818fef53b3bc9,aa1f17aacdf569c3a2930a2ebbf742ff43f8d3acfc772731a5c344cabcd52570,,,0.1,10.0,0.04000000000000001,0.0025000000000000005,0.010000000000000002,0,full,True
REIM (ACT + Detector + Recovery),110,8000152,metaworld,True,49,0.2773095039992768,0,0,0,0,0.17635490000247955,task_success_while_recovery_active_per_intervention,True,False,,f301b0059ccf650fea3cf8950687121ee5d0fc3174396da313a42c5c9bbaed4f,5dab9ea09f41c6bcf76a778fec235e41b2ca78bc226d49a2cf5818fef53b3bc9,cea0b9105255f82e0ee99bfb3998a6edce02b446d4b14afb0747282cd18aa202,,,0.1,10.0,0.04000000000000001,0.0025000000000000005,0.010000000000000002,0,full,True
REIM (ACT + Detector + Recovery),111,8000153,metaworld,True,47,0.2691600729995116,0,0,0,0,0.15133927762508392,task_success_while_recovery_active_per_intervention,True,False,,22ec6dd51bf6d96e553648a69600dbc326344505f5050864c7c6a47bff837180,5dab9ea09f41c6bcf76a778fec235e41b2ca78bc226d49a2cf5818fef53b3bc9,e6e55bdbd77dc052facbc072d20b08a21d116978c37627b9a3d9dc7989dfbe62,,,0.1,10.0,0.04000000000000001,0.0025000000000000005,0.010000000000000002,0,full,True
REIM (ACT + Detector + Recovery),112,8000154,metaworld,True,54,0.18174190900026588,1,1,1,35,0.21166075766086578,task_success_while_recovery_active_per_intervention,True,False,,387f83803b7d1cdfe5f6ad24f9606fdccd5e0bda8e21a15c3f6c40e9a4eae8c4,5dab9ea09f41c6bcf76a778fec235e41b2ca78bc226d49a2cf5818fef53b3bc9,5e1df472084de78052388a34f03cad3de438ca9b5dc801b5759dd57c66a7482a,,,0.1,10.0,0.04000000000000001,0.0025000000000000005,0.010000000000000002,0,full,True
REIM (ACT + Detector + Recovery),113,8000155,metaworld,True,56,0.2136574530013604,1,1,1,31,0.27291592955589294,task_success_while_recovery_active_per_intervention,True,False,,352b0c0ae8786dcd3b0cfc347ccb57f0af1ee4bf717f0946247a719287ca8fd7,5dab9ea09f41c6bcf76a778fec235e41b2ca78bc226d49a2cf5818fef53b3bc9,8a99d46d6d04afe3e2ef92bb607dde5e178b5c37506006c4f364e345976453b1,,,0.1,10.0,0.04000000000000001,0.0025000000000000005,0.010000000000000002,0,full,True
REIM (ACT + Detector + Recovery),114,8000156,metaworld,True,59,0.330254103999323,0,0,0,0,0.13462020456790924,task_success_while_recovery_active_per_intervention,True,False,,3aae8ec9f1fd331cb67e7e2e24d6c308a91967afdbc29ddfcc13fe965617095c,5dab9ea09f41c6bcf76a778fec235e41b2ca78bc226d49a2cf5818fef53b3bc9,a8cfe6e2276fbd15230c5555255b87d17333bdd29f84f687df7405d0311fae7f,,,0.1,10.0,0.04000000000000001,0.0025000000000000005,0.010000000000000002,0,full,True
REIM (ACT + Detector + Recovery),115,8000157,metaworld,True,51,0.14784640600191779,1,1,1,36,0.22442826628684998,task_success_while_recovery_active_per_intervention,True,False,,20ac4e1755ce841cd307cecfad126ab866e1fa075ecc28ac684ded555b511e24,5dab9ea09f41c6bcf76a778fec235e41b2ca78bc226d49a2cf5818fef53b3bc9,08a97a6dfa17f78b5cc5b1351d60038e4a40a68fc93722672482714333b1d9b5,,,0.1,10.0,0.04000000000000001,0.0025000000000000005,0.010000000000000002,0,full,True
REIM (ACT + Detector + Recovery),116,8000158,metaworld,True,60,0.17619407099846285,1,1,1,41,0.2034159004688263,task_success_while_recovery_active_per_intervention,True,False,,5eaefddefb5f43a9dc6aaf6776d02105a737defdd29ea2b9192223daefa70eba,5dab9ea09f41c6bcf76a778fec235e41b2ca78bc226d49a2cf5818fef53b3bc9,b8e45a2f8f553d53c6eef0305347f910b9999bcae6df6ccaf0eaee6ac864e670,,,0.1,10.0,0.04000000000000001,0.0025000000000000005,0.010000000000000002,0,full,True
REIM (ACT + Detector + Recovery),117,8000159,metaworld,True,58,0.13880578800308285,1,1,1,49,0.3552921414375305,task_success_while_recovery_active_per_intervention,True,False,,fed1ba43ad87dde0cbd3a3b6b3847d0bdc1d9e1edbcca8cca947d9f84280e258,5dab9ea09f41c6bcf76a778fec235e41b2ca78bc226d49a2cf5818fef53b3bc9,0f719f94ef165c0b816b8b10c3f4f5fcf802c9f5a25141035590310315749280,,,0.1,10.0,0.04000000000000001,0.0025000000000000005,0.010000000000000002,0,full,True
REIM (ACT + Detector + Recovery),118,8000160,metaworld,True,54,0.16007703300056164,1,1,1,37,0.24849963188171387,task_success_while_recovery_active_per_intervention,True,False,,dd10ff75b477901dad90657fe2bd12f15c4db2a9e11ddc8a8917a8072829ae08,5dab9ea09f41c6bcf76a778fec235e41b2ca78bc226d49a2cf5818fef53b3bc9,342b72dafe0e47ecf8a937cb01e62ac02c2d77bf93dafca59574cbbbfc4ad77b,,,0.1,10.0,0.04000000000000001,0.0025000000000000005,0.010000000000000002,0,full,True
REIM (ACT + Detector + Recovery),119,8000161,metaworld,True,57,0.1422424010015675,1,1,1,47,0.2836393117904663,task_success_while_recovery_active_per_intervention,True,False,,d8c3683b5ee91a265a6cf8117e6c278dddc01fa8b32f4ea78b77abcfedac4646,5dab9ea09f41c6bcf76a778fec235e41b2ca78bc226d49a2cf5818fef53b3bc9,ba19e0623fe05add91e00811bacb33e27305f5fcb6549be6f6278ebce6046101,,,0.1,10.0,0.04000000000000001,0.0025000000000000005,0.010000000000000002,0,full,True
REIM (ACT + Detector + Recovery),120,8000162,metaworld,True,55,0.14837546399940038,1,1,1,42,0.23150388896465302,task_success_while_recovery_active_per_intervention,True,False,,5a8205cb58b8fec485fd11e67587076d1672f3c63d0f8f5d3610b9ac582b1a8f,5dab9ea09f41c6bcf76a778fec235e41b2ca78bc226d49a2cf5818fef53b3bc9,acfaed29b052207b47b4b7fa76672795fd08de3add8565db05f141de82ece90b,,,0.1,10.0,0.04000000000000001,0.0025000000000000005,0.010000000000000002,0,full,True
REIM (ACT + Detector + Recovery),121,8000163,metaworld,True,55,0.30287439200037625,0,0,0,0,0.13907447457313538,task_success_while_recovery_active_per_intervention,True,False,,303f376dda6c231b9692f10e2817e53cf5e3b52dfa60c0d585f899628538719a,5dab9ea09f41c6bcf76a778fec235e41b2ca78bc226d49a2cf5818fef53b3bc9,0cda21f8ffacf0a1e40e7b0e858a8e2ddc276972106d4bced99d4404b4a13fd8,,,0.1,10.0,0.04000000000000001,0.0025000000000000005,0.010000000000000002,0,full,True
REIM (ACT + Detector + Recovery),122,8000164,metaworld,True,49,0.2722167559986701,0,0,0,0,0.12783417105674744,task_success_while_recovery_active_per_intervention,True,False,,695dd132ca2d791b4c69e8bef1e065e6c804824a76e8ba196010b0a250fe1672,5dab9ea09f41c6bcf76a778fec235e41b2ca78bc226d49a2cf5818fef53b3bc9,15a9adece7ebea14bdf37f5376e274c6dce4711281025cf35060933ba9ab8ad3,,,0.1,10.0,0.04000000000000001,0.0025000000000000005,0.010000000000000002,0,full,True
REIM (ACT + Detector + Recovery),123,8000165,metaworld,True,59,0.15017623199673835,1,1,1,49,0.3406102657318115,task_success_while_recovery_active_per_intervention,True,False,,3f03b405155731dc33b87f3ba9c874a73524d79d84392b2d4729383efafe58fe,5dab9ea09f41c6bcf76a778fec235e41b2ca78bc226d49a2cf5818fef53b3bc9,0f719f94ef165c0b816b8b10c3f4f5fcf802c9f5a25141035590310315749280,,,0.1,10.0,0.04000000000000001,0.0025000000000000005,0.010000000000000002,0,full,True
REIM (ACT + Detector + Recovery),124,8000166,metaworld,True,53,0.1593186969985254,1,1,1,36,0.2573121190071106,task_success_while_recovery_active_per_intervention,True,False,,ec5f36315c1c6b8f25408c4c372fff07cd6c67de8601f65cb36b2d03cdf6c3da,5dab9ea09f41c6bcf76a778fec235e41b2ca78bc226d49a2cf5818fef53b3bc9,aa1f17aacdf569c3a2930a2ebbf742ff43f8d3acfc772731a5c344cabcd52570,,,0.1,10.0,0.04000000000000001,0.0025000000000000005,0.010000000000000002,0,full,True
REIM (ACT + Detector + Recovery),125,8000167,metaworld,True,57,0.306040450999717,0,0,0,0,0.1273232251405716,task_success_while_recovery_active_per_intervention,True,False,,63c47f7444273ddcf87f9262c63e9ecc2de805b3897157f50341d9ff2c81ec9e,5dab9ea09f41c6bcf76a778fec235e41b2ca78bc226d49a2cf5818fef53b3bc9,a0b103bf3e43f4aa92753185301eba5e2e31594285004b99f51a59b33bd2d620,,,0.1,10.0,0.04000000000000001,0.0025000000000000005,0.010000000000000002,0,full,True
REIM (ACT + Detector + Recovery),126,8000168,metaworld,True,51,0.27223542600040673,0,0,0,0,0.1532747745513916,task_success_while_recovery_active_per_intervention,True,False,,a94e0285427ccfcbbd14d74f0d4c58ff410b934e75b74bed3fc2c8221f0167de,5dab9ea09f41c6bcf76a778fec235e41b2ca78bc226d49a2cf5818fef53b3bc9,15a9adece7ebea14bdf37f5376e274c6dce4711281025cf35060933ba9ab8ad3,,,0.1,10.0,0.04000000000000001,0.0025000000000000005,0.010000000000000002,0,full,True
REIM (ACT + Detector + Recovery),127,8000169,metaworld,True,52,0.27823094699851936,0,0,0,0,0.18597738444805145,task_success_while_recovery_active_per_intervention,True,False,,ddb4f4d6baf9b72bd0b70abab331a9f3de4723053b3d67a8700673c4ec1ab32b,5dab9ea09f41c6bcf76a778fec235e41b2ca78bc226d49a2cf5818fef53b3bc9,2ad5907877cc42b4447b9630988e3a1f0da0d83e1f696f71e22dc69905e631b6,,,0.1,10.0,0.04000000000000001,0.0025000000000000005,0.010000000000000002,0,full,True
REIM (ACT + Detector + Recovery),128,8000170,metaworld,True,56,0.20035293999899295,1,1,1,28,0.2165955752134323,task_success_while_recovery_active_per_intervention,True,False,,2fcca70658384fbac0b94fed522559b6fa6e54c41871308049f275143fd6d84a,5dab9ea09f41c6bcf76a778fec235e41b2ca78bc226d49a2cf5818fef53b3bc9,8a99d46d6d04afe3e2ef92bb607dde5e178b5c37506006c4f364e345976453b1,,,0.1,10.0,0.04000000000000001,0.0025000000000000005,0.010000000000000002,0,full,True
REIM (ACT + Detector + Recovery),129,8000171,metaworld,True,50,0.26767692799694487,0,0,0,0,0.18697509169578552,task_success_while_recovery_active_per_intervention,True,False,,a3a4f558f2101345a727ee0f203520560749a367399185555e9f6b2f14edb287,5dab9ea09f41c6bcf76a778fec235e41b2ca78bc226d49a2cf5818fef53b3bc9,08a97a6dfa17f78b5cc5b1351d60038e4a40a68fc93722672482714333b1d9b5,,,0.1,10.0,0.04000000000000001,0.0025000000000000005,0.010000000000000002,0,full,True
REIM (ACT + Detector + Recovery),130,8000172,metaworld,True,53,0.2865845240012277,0,0,0,0,0.19532711803913116,task_success_while_recovery_active_per_intervention,True,False,,b6b1115e46fa1105811c1e96a159b04d00556d83f0b73e2e9b5bf1124dd572fe,5dab9ea09f41c6bcf76a778fec235e41b2ca78bc226d49a2cf5818fef53b3bc9,7c3391ee418e26d47c002810bc00065e4dd0b6728c969d2338ad549ad01ebb0a,,,0.1,10.0,0.04000000000000001,0.0025000000000000005,0.010000000000000002,0,full,True
REIM (ACT + Detector + Recovery),131,8000173,metaworld,True,53,0.12049649899927317,1,1,1,46,0.4057801067829132,task_success_while_recovery_active_per_intervention,True,False,,3c0f8faaafd06616532f849360e88807d12f4011d35d41a72408a7b93910d4d2,5dab9ea09f41c6bcf76a778fec235e41b2ca78bc226d49a2cf5818fef53b3bc9,bb2c6b1aed959fa3ddddb1c215ce67cbb5b0ec080eb65fb58e06b7776849a096,,,0.1,10.0,0.04000000000000001,0.0025000000000000005,0.010000000000000002,0,full,True
REIM (ACT + Detector + Recovery),132,8000174,metaworld,True,52,0.1312023450009292,1,1,1,42,0.24450208246707916,task_success_while_recovery_active_per_intervention,True,False,,e4a7e0256a9cc08a2f7a0b14860c62f9da547186a467f8b1860df43faffec0e8,5dab9ea09f41c6bcf76a778fec235e41b2ca78bc226d49a2cf5818fef53b3bc9,c40fedd273cade53989af8adc3ca66d02f2d92ca4d97b2f6391a0dd0ab6dbca3,,,0.1,10.0,0.04000000000000001,0.0025000000000000005,0.010000000000000002,0,full,True
REIM (ACT + Detector + Recovery),133,8000175,metaworld,True,53,0.1213078350010619,1,1,1,46,0.3967668414115906,task_success_while_recovery_active_per_intervention,True,False,,3779ed8a6b4cdce10223f9b1a749c311f5089ff2860768e39129ff9d2b1c81bd,5dab9ea09f41c6bcf76a778fec235e41b2ca78bc226d49a2cf5818fef53b3bc9,bb2c6b1aed959fa3ddddb1c215ce67cbb5b0ec080eb65fb58e06b7776849a096,,,0.1,10.0,0.04000000000000001,0.0025000000000000005,0.010000000000000002,0,full,True
REIM (ACT + Detector + Recovery),134,8000176,metaworld,True,53,0.2810286999992968,0,0,0,0,0.10965730249881744,task_success_while_recovery_active_per_intervention,True,False,,6026fb6bd1520f2c2fe77eb0017a811d203f7a1468c9ea902851fb83e39b4a44,5dab9ea09f41c6bcf76a778fec235e41b2ca78bc226d49a2cf5818fef53b3bc9,6338b57c8983138382fa5c9ee7bb2d2c200be44368697f7ffa8216ea26ddccaf,,,0.1,10.0,0.04000000000000001,0.0025000000000000005,0.010000000000000002,0,full,True
REIM (ACT + Detector + Recovery),135,8000177,metaworld,True,60,0.32653141199989477,0,0,0,0,0.14210937917232513,task_success_while_recovery_active_per_intervention,True,False,,b86bcb0b0850834a422b8cbcea8ceccb328ab9f918bb9f1a9f56dbc3fed07116,5dab9ea09f41c6bcf76a778fec235e41b2ca78bc226d49a2cf5818fef53b3bc9,1c856fdcb5da12c3fa2d15b38741aa980fa3a47e64fb99f8635817590128f9ea,,,0.1,10.0,0.04000000000000001,0.0025000000000000005,0.010000000000000002,0,full,True
REIM (ACT + Detector + Recovery),136,8000178,metaworld,True,54,0.14545205399917904,1,1,1,41,0.2417990267276764,task_success_while_recovery_active_per_intervention,True,False,,4482c3b5c497ae4a69a6a91c8920080160a52376fb942ac8994af53b368d7637,5dab9ea09f41c6bcf76a778fec235e41b2ca78bc226d49a2cf5818fef53b3bc9,acfaed29b052207b47b4b7fa76672795fd08de3add8565db05f141de82ece90b,,,0.1,10.0,0.04000000000000001,0.0025000000000000005,0.010000000000000002,0,full,True
REIM (ACT + Detector + Recovery),137,8000179,metaworld,True,51,0.27549262899992755,0,0,0,0,0.16743172705173492,task_success_while_recovery_active_per_intervention,True,False,,19776eac0cddf7e89d09d715a4d39777c5e7c32eb59900d7ee8490b27d49aed1,5dab9ea09f41c6bcf76a778fec235e41b2ca78bc226d49a2cf5818fef53b3bc9,2ad5907877cc42b4447b9630988e3a1f0da0d83e1f696f71e22dc69905e631b6,,,0.1,10.0,0.04000000000000001,0.0025000000000000005,0.010000000000000002,0,full,True
REIM (ACT + Detector + Recovery),138,8000180,metaworld,True,52,0.2838781860009476,0,0,0,0,0.14855267107486725,task_success_while_recovery_active_per_intervention,True,False,,a199767ec0b8469fbe0a8215d7a77a4c19deeb3893c49e6e0643d660b82ee071,5dab9ea09f41c6bcf76a778fec235e41b2ca78bc226d49a2cf5818fef53b3bc9,56b7f182edcfeefa9301e1edd53d7f36e4418de7e6df1b54b0f0c298cde1b3cd,,,0.1,10.0,0.04000000000000001,0.0025000000000000005,0.010000000000000002,0,full,True
REIM (ACT + Detector + Recovery),139,8000181,metaworld,True,58,0.1439134690008359,1,1,1,48,0.3004443347454071,task_success_while_recovery_active_per_intervention,True,False,,b12f1d09bdaffa330fd7242621455e3023fe9cb3a867b5fa2a1046d0276bde1b,5dab9ea09f41c6bcf76a778fec235e41b2ca78bc226d49a2cf5818fef53b3bc9,0f719f94ef165c0b816b8b10c3f4f5fcf802c9f5a25141035590310315749280,,,0.1,10.0,0.04000000000000001,0.0025000000000000005,0.010000000000000002,0,full,True
REIM (ACT + Detector + Recovery),140,8000182,metaworld,True,55,0.3007423210001434,0,0,0,0,0.17018134891986847,task_success_while_recovery_active_per_intervention,True,False,,ca33c3baa47dc2e9fd63ec760316ad0903084e49fe90f702fad756e4bfb0cda4,5dab9ea09f41c6bcf76a778fec235e41b2ca78bc226d49a2cf5818fef53b3bc9,6cb8d983459a8e57d4ae53a86da2394015cabba2d7c306dcaf7b14af979ca230,,,0.1,10.0,0.04000000000000001,0.0025000000000000005,0.010000000000000002,0,full,True
REIM (ACT + Detector + Recovery),141,8000183,metaworld,True,58,0.2171334089980519,1,1,1,28,0.23600219190120697,task_success_while_recovery_active_per_intervention,True,False,,86f61f8a9c51e2fd6a8ae80324a8c4e3dc0168ab74406e186680a7fd8d4322dd,5dab9ea09f41c6bcf76a778fec235e41b2ca78bc226d49a2cf5818fef53b3bc9,39001749c902e2ab9d015efb8c7644faffff99810b709d3203dc359d5eacdcbd,,,0.1,10.0,0.04000000000000001,0.0025000000000000005,0.010000000000000002,0,full,True
REIM (ACT + Detector + Recovery),142,8000184,metaworld,True,57,0.31348061300013796,0,0,0,0,0.11523153632879257,task_success_while_recovery_active_per_intervention,True,False,,689e2471a15e5a0916473644dd40ebccad73e670b6a313a656b5caac0f3a9ceb,5dab9ea09f41c6bcf76a778fec235e41b2ca78bc226d49a2cf5818fef53b3bc9,f6a9ed9055e00c868d6771022c2c557a6a48990bdacbed585d07cde857d4755a,,,0.1,10.0,0.04000000000000001,0.0025000000000000005,0.010000000000000002,0,full,True
REIM (ACT + Detector + Recovery),143,8000185,metaworld,True,60,0.14899816300021484,1,1,1,50,0.21606379747390747,task_success_while_recovery_active_per_intervention,True,False,,f61ce382cb078ed55ba1aaf376f7416a756f2f28a9e6721979a88344c4e45ebf,5dab9ea09f41c6bcf76a778fec235e41b2ca78bc226d49a2cf5818fef53b3bc9,39001749c902e2ab9d015efb8c7644faffff99810b709d3203dc359d5eacdcbd,,,0.1,10.0,0.04000000000000001,0.0025000000000000005,0.010000000000000002,0,full,True
REIM (ACT + Detector + Recovery),144,8000186,metaworld,True,55,0.1359485479988507,1,1,1,46,0.28833526372909546,task_success_while_recovery_active_per_intervention,True,False,,f5e5ef2442f1a53b69779bdeccd3c2d20aa18a346844803c0efdfedcdfc2932a,5dab9ea09f41c6bcf76a778fec235e41b2ca78bc226d49a2cf5818fef53b3bc9,588df85fb38ef87f822932ad2f702be807974873e4a07ea43084bbdeeaac6604,,,0.1,10.0,0.04000000000000001,0.0025000000000000005,0.010000000000000002,0,full,True
REIM (ACT + Detector + Recovery),145,8000187,metaworld,True,62,0.3351501380020636,0,0,0,0,0.16630490124225616,task_success_while_recovery_active_per_intervention,True,False,,ae0b60a08d7cc85dd8e227bf478c45e3e61939e159a6416a9ca509208051b5c2,5dab9ea09f41c6bcf76a778fec235e41b2ca78bc226d49a2cf5818fef53b3bc9,c5023b3d25031a103b9549b6e8c83ba09d69e708ef117c31128a38e03616e5d8,,,0.1,10.0,0.04000000000000001,0.0025000000000000005,0.010000000000000002,0,full,True
REIM (ACT + Detector + Recovery),146,8000188,metaworld,True,57,0.14120460400226875,1,1,1,47,0.32422536611557007,task_success_while_recovery_active_per_intervention,True,False,,aa68ad91fb36e4d739e8b330a2aaccd7014c6d583fc9c4a72865f84c0df5b6bc,5dab9ea09f41c6bcf76a778fec235e41b2ca78bc226d49a2cf5818fef53b3bc9,942fb6a87dc1e3eb7bf7bb111c97e7096138256b4a9a6b4c62a012fabe8bec38,,,0.1,10.0,0.04000000000000001,0.0025000000000000005,0.010000000000000002,0,full,True
REIM (ACT + Detector + Recovery),147,8000189,metaworld,True,53,0.28687873799935915,0,0,0,0,0.17717230319976807,task_success_while_recovery_active_per_intervention,True,False,,83a2aa8640d4d9c0ba9777827f000b4f174dde7f085df8accfbc179ed6ced682,5dab9ea09f41c6bcf76a778fec235e41b2ca78bc226d49a2cf5818fef53b3bc9,7c3391ee418e26d47c002810bc00065e4dd0b6728c969d2338ad549ad01ebb0a,,,0.1,10.0,0.04000000000000001,0.0025000000000000005,0.010000000000000002,0,full,True
REIM (ACT + Detector + Recovery),148,8000190,metaworld,True,47,0.26282039000216173,0,0,0,0,0.16556362807750702,task_success_while_recovery_active_per_intervention,True,False,,865f5f994194aabc93b44fcd2bc272fc1e134c8d64e89ed049cc477cec466331,5dab9ea09f41c6bcf76a778fec235e41b2ca78bc226d49a2cf5818fef53b3bc9,cea0b9105255f82e0ee99bfb3998a6edce02b446d4b14afb0747282cd18aa202,,,0.1,10.0,0.04000000000000001,0.0025000000000000005,0.010000000000000002,0,full,True
REIM (ACT + Detector + Recovery),149,8000191,metaworld,True,61,0.15126919099930092,1,1,1,51,0.21183310449123383,task_success_while_recovery_active_per_intervention,True,False,,99de4f9062d05233dff7ea6b4bb80e0a5f0ba439badff3b226778c947ee0e6ec,5dab9ea09f41c6bcf76a778fec235e41b2ca78bc226d49a2cf5818fef53b3bc9,e216352c7f1c7392270c7c501bb599f2a46f420613a124fda0729ab88160cdf2,,,0.1,10.0,0.04000000000000001,0.0025000000000000005,0.010000000000000002,0,full,True
REIM (ACT + Detector + Recovery),150,8000192,metaworld,True,55,0.3013686520025658,0,0,0,0,0.12074077129364014,task_success_while_recovery_active_per_intervention,True,False,,7176cbbac821e197e47e778456b2aa44115f48e4b7969c723102e773057e8300,5dab9ea09f41c6bcf76a778fec235e41b2ca78bc226d49a2cf5818fef53b3bc9,25805a097f1f4b8c203ec3c130dcd3e66b5fb3ad298114a08662aae6c86fa673,,,0.1,10.0,0.04000000000000001,0.0025000000000000005,0.010000000000000002,0,full,True
REIM (ACT + Detector + Recovery),151,8000193,metaworld,False,200,0.6076149600012286,1,0,1,137,0.9990272521972656,task_success_while_recovery_active_per_intervention,False,True,object_dropped,3121e40cb31410c7bf8b84e4ec9d7b48f4755be6bcca73077f7029c56b658c50,5dab9ea09f41c6bcf76a778fec235e41b2ca78bc226d49a2cf5818fef53b3bc9,1c856fdcb5da12c3fa2d15b38741aa980fa3a47e64fb99f8635817590128f9ea,,,0.1,10.0,0.04000000000000001,0.0025000000000000005,0.010000000000000002,0,full,True
REIM (ACT + Detector + Recovery),152,8000194,metaworld,True,56,0.3069454249998671,0,0,0,0,0.144278421998024,task_success_while_recovery_active_per_intervention,True,False,,5bc1b04ab0474efbcd8f8b2af5d8fe3474131731dac30dc5e8126ec81274072f,5dab9ea09f41c6bcf76a778fec235e41b2ca78bc226d49a2cf5818fef53b3bc9,64ee837add19202e84553431fdab118462cf5265eeae19a4d044b5a6818f771d,,,0.1,10.0,0.04000000000000001,0.0025000000000000005,0.010000000000000002,0,full,True
REIM (ACT + Detector + Recovery),153,8000195,metaworld,True,52,0.17721026499930304,1,1,1,30,0.2463681846857071,task_success_while_recovery_active_per_intervention,True,False,,0c278693663fe357bf76ccf29e9a37a81d0d26ce5a2e92475f3694c51d0ef3ed,5dab9ea09f41c6bcf76a778fec235e41b2ca78bc226d49a2cf5818fef53b3bc9,2eb279a724955c1a9d173681940490ec9cc8ed4fdc15a95533884a23d4ccdb4e,,,0.1,10.0,0.04000000000000001,0.0025000000000000005,0.010000000000000002,0,full,True
REIM (ACT + Detector + Recovery),154,8000196,metaworld,True,55,0.1689458389992069,1,1,1,37,0.23175083100795746,task_success_while_recovery_active_per_intervention,True,False,,3728dc3680301cb65fd8ab165638642ea76f9c7070fafb8b162bc9a18a1bc7ba,5dab9ea09f41c6bcf76a778fec235e41b2ca78bc226d49a2cf5818fef53b3bc9,342b72dafe0e47ecf8a937cb01e62ac02c2d77bf93dafca59574cbbbfc4ad77b,,,0.1,10.0,0.04000000000000001,0.0025000000000000005,0.010000000000000002,0,full,True
REIM (ACT + Detector + Recovery),155,8000197,metaworld,True,56,0.31401466700117453,0,0,0,0,0.1610589176416397,task_success_while_recovery_active_per_intervention,True,False,,ab78c100bfa47d4c1949759c7981fe45174e5b3be1b5eb0d6ca60ba28089e034,5dab9ea09f41c6bcf76a778fec235e41b2ca78bc226d49a2cf5818fef53b3bc9,524e161a612d94c222d06154bcd0129d0851b8fad51ae883abbef6e86d43cbb0,,,0.1,10.0,0.04000000000000001,0.0025000000000000005,0.010000000000000002,0,full,True
REIM (ACT + Detector + Recovery),156,8000198,metaworld,True,53,0.28703830299855326,0,0,0,0,0.1591612547636032,task_success_while_recovery_active_per_intervention,True,False,,8a47e2f5a121dea30e89cd4fdcc7499323db9149d560a43992fcdc28dab73ea2,5dab9ea09f41c6bcf76a778fec235e41b2ca78bc226d49a2cf5818fef53b3bc9,56b7f182edcfeefa9301e1edd53d7f36e4418de7e6df1b54b0f0c298cde1b3cd,,,0.1,10.0,0.04000000000000001,0.0025000000000000005,0.010000000000000002,0,full,True
REIM (ACT + Detector + Recovery),157,8000199,metaworld,True,58,0.15919872100130306,1,1,1,44,0.2080318033695221,task_success_while_recovery_active_per_intervention,True,False,,259bee8971cb7dfc7645650da267f0f0bb84f366cf22b6f35442149773bc9e5e,5dab9ea09f41c6bcf76a778fec235e41b2ca78bc226d49a2cf5818fef53b3bc9,3183afb500ebb9a5af177cccb5b5889a8321eb35261f8ec571269f8b5ed9cd1a,,,0.1,10.0,0.04000000000000001,0.0025000000000000005,0.010000000000000002,0,full,True
REIM (ACT + Detector + Recovery),158,8000200,metaworld,True,56,0.3070224759976554,0,0,0,0,0.14248767495155334,task_success_while_recovery_active_per_intervention,True,False,,63fef7a157804636a718eb24d2059bb5dbe1cc81cefad259e33e126dc847ffdb,5dab9ea09f41c6bcf76a778fec235e41b2ca78bc226d49a2cf5818fef53b3bc9,524e161a612d94c222d06154bcd0129d0851b8fad51ae883abbef6e86d43cbb0,,,0.1,10.0,0.04000000000000001,0.0025000000000000005,0.010000000000000002,0,full,True
REIM (ACT + Detector + Recovery),159,8000201,metaworld,True,50,0.2715968169977714,0,0,0,0,0.11920538544654846,task_success_while_recovery_active_per_intervention,True,False,,2be4d3450dcc4bd35487b54e32cc54f5ead1ca6f768e3ce8662bba2e18ffa69f,5dab9ea09f41c6bcf76a778fec235e41b2ca78bc226d49a2cf5818fef53b3bc9,56b7f182edcfeefa9301e1edd53d7f36e4418de7e6df1b54b0f0c298cde1b3cd,,,0.1,10.0,0.04000000000000001,0.0025000000000000005,0.010000000000000002,0,full,True
REIM (ACT + Detector + Recovery),160,8000202,metaworld,True,62,0.33903498200015747,0,0,0,0,0.15679582953453064,task_success_while_recovery_active_per_intervention,True,False,,71ecca27eb8c33d4a878ccd7cec871bc9228fb9f2158f92597c84a3fc5b2f39b,5dab9ea09f41c6bcf76a778fec235e41b2ca78bc226d49a2cf5818fef53b3bc9,c5023b3d25031a103b9549b6e8c83ba09d69e708ef117c31128a38e03616e5d8,,,0.1,10.0,0.04000000000000001,0.0025000000000000005,0.010000000000000002,0,full,True
REIM (ACT + Detector + Recovery),161,8000203,metaworld,True,57,0.15526891999979853,1,1,1,44,0.24353636801242828,task_success_while_recovery_active_per_intervention,True,False,,45e560dfc10d6f93689f7ac07c77151ab7949bb674bbd0e661ef306195d31a00,5dab9ea09f41c6bcf76a778fec235e41b2ca78bc226d49a2cf5818fef53b3bc9,942fb6a87dc1e3eb7bf7bb111c97e7096138256b4a9a6b4c62a012fabe8bec38,,,0.1,10.0,0.04000000000000001,0.0025000000000000005,0.010000000000000002,0,full,True
REIM (ACT + Detector + Recovery),162,8000204,metaworld,True,53,0.17807741800061194,1,1,1,34,0.2030790001153946,task_success_while_recovery_active_per_intervention,True,False,,31e61193842a127d4633e0e447aeb8116e2dc6808b9732706d5fe044e227d3b3,5dab9ea09f41c6bcf76a778fec235e41b2ca78bc226d49a2cf5818fef53b3bc9,5e1df472084de78052388a34f03cad3de438ca9b5dc801b5759dd57c66a7482a,,,0.1,10.0,0.04000000000000001,0.0025000000000000005,0.010000000000000002,0,full,True
REIM (ACT + Detector + Recovery),163,8000205,metaworld,True,55,0.3045985610006028,0,0,0,0,0.13725048303604126,task_success_while_recovery_active_per_intervention,True,False,,847a35f0de4f8184950dfdc57a8911a2bbfd8888fcc60afc8ea99385d1870302,5dab9ea09f41c6bcf76a778fec235e41b2ca78bc226d49a2cf5818fef53b3bc9,6cb8d983459a8e57d4ae53a86da2394015cabba2d7c306dcaf7b14af979ca230,,,0.1,10.0,0.04000000000000001,0.0025000000000000005,0.010000000000000002,0,full,True
REIM (ACT + Detector + Recovery),164,8000206,metaworld,True,58,0.32350981600029627,0,0,0,0,0.16737695038318634,task_success_while_recovery_active_per_intervention,True,False,,258ae9d2cdf57dd2a7b89e89137b3302e0938926c19b1b45aed2eb3f50fc991c,5dab9ea09f41c6bcf76a778fec235e41b2ca78bc226d49a2cf5818fef53b3bc9,06d355d7aff3b944ab4199c02a94c63d062e5c414c0b195f7b232b607e0ab1ed,,,0.1,10.0,0.04000000000000001,0.0025000000000000005,0.010000000000000002,0,full,True
REIM (ACT + Detector + Recovery),165,8000207,metaworld,True,50,0.27708981099931407,0,0,0,0,0.10051508992910385,task_success_while_recovery_active_per_intervention,True,False,,34e1c65c3207fd902bad06ee626cfbcb7e242838ae3ba919accb3943eefc5d23,5dab9ea09f41c6bcf76a778fec235e41b2ca78bc226d49a2cf5818fef53b3bc9,6338b57c8983138382fa5c9ee7bb2d2c200be44368697f7ffa8216ea26ddccaf,,,0.1,10.0,0.04000000000000001,0.0025000000000000005,0.010000000000000002,0,full,True
REIM (ACT + Detector + Recovery),166,8000208,metaworld,True,55,0.1329751800003578,1,1,1,47,0.2947348952293396,task_success_while_recovery_active_per_intervention,True,False,,99b4083a00ce61f55c5f1f1c26b6bc4df75687a41d26beebce515217fd526437,5dab9ea09f41c6bcf76a778fec235e41b2ca78bc226d49a2cf5818fef53b3bc9,35203d16cfa98b5f2e002fcb1ffde2400abf9459c161f6a289efa0c46eddb36f,,,0.1,10.0,0.04000000000000001,0.0025000000000000005,0.010000000000000002,0,full,True
REIM (ACT + Detector + Recovery),167,8000209,metaworld,True,54,0.1648253739986103,1,1,1,36,0.202961727976799,task_success_while_recovery_active_per_intervention,True,False,,0c6849112e0312a3ee1213591a5b3a672f64f113d3d37c20305970acdb5fb541,5dab9ea09f41c6bcf76a778fec235e41b2ca78bc226d49a2cf5818fef53b3bc9,71488b32995fa40c6ec3f77f6bcd912b1929aef29d90a66307ad46cd584acf29,,,0.1,10.0,0.04000000000000001,0.0025000000000000005,0.010000000000000002,0,full,True
REIM (ACT + Detector + Recovery),168,8000210,metaworld,True,48,0.15729436200126656,1,1,1,29,0.22181540727615356,task_success_while_recovery_active_per_intervention,True,False,,593aa03d63fdf9961d8d8e47b9a9d4eeda641c1a8788a6b170e0d6fdaf078208,5dab9ea09f41c6bcf76a778fec235e41b2ca78bc226d49a2cf5818fef53b3bc9,27e1ed8c670f23dae46752497e383610e58c248d638e3b9b707808a32ce33d4e,,,0.1,10.0,0.04000000000000001,0.0025000000000000005,0.010000000000000002,0,full,True
REIM (ACT + Detector + Recovery),169,8000211,metaworld,True,50,0.2721299149998231,0,0,0,0,0.17535266280174255,task_success_while_recovery_active_per_intervention,True,False,,5ffca749fbf32460dc49212e68857c491758267371344b76f7f6d1e33c8d8778,5dab9ea09f41c6bcf76a778fec235e41b2ca78bc226d49a2cf5818fef53b3bc9,2ad5907877cc42b4447b9630988e3a1f0da0d83e1f696f71e22dc69905e631b6,,,0.1,10.0,0.04000000000000001,0.0025000000000000005,0.010000000000000002,0,full,True
REIM (ACT + Detector + Recovery),170,8000212,metaworld,True,53,0.18860797999877832,1,1,1,28,0.21297907829284668,task_success_while_recovery_active_per_intervention,True,False,,5574ce59fe42439331aabf680b227f7b6385d4a7fdf04cdb12c79bc94dd5bdd6,5dab9ea09f41c6bcf76a778fec235e41b2ca78bc226d49a2cf5818fef53b3bc9,2eb279a724955c1a9d173681940490ec9cc8ed4fdc15a95533884a23d4ccdb4e,,,0.1,10.0,0.04000000000000001,0.0025000000000000005,0.010000000000000002,0,full,True
REIM (ACT + Detector + Recovery),171,8000213,metaworld,True,53,0.1355622629998834,1,1,1,44,0.25846147537231445,task_success_while_recovery_active_per_intervention,True,False,,d90d9cdb88f042db2737c75f0458e8db2cae931b4432c02a4429b2206ac39516,5dab9ea09f41c6bcf76a778fec235e41b2ca78bc226d49a2cf5818fef53b3bc9,35203d16cfa98b5f2e002fcb1ffde2400abf9459c161f6a289efa0c46eddb36f,,,0.1,10.0,0.04000000000000001,0.0025000000000000005,0.010000000000000002,0,full,True
REIM (ACT + Detector + Recovery),172,8000214,metaworld,True,56,0.3099481739991461,0,0,0,0,0.13086599111557007,task_success_while_recovery_active_per_intervention,True,False,,a32b8100748a2ef515ec3e7539a70ee9d8ae596186d418ee5820a33650a3ef67,5dab9ea09f41c6bcf76a778fec235e41b2ca78bc226d49a2cf5818fef53b3bc9,64ee837add19202e84553431fdab118462cf5265eeae19a4d044b5a6818f771d,,,0.1,10.0,0.04000000000000001,0.0025000000000000005,0.010000000000000002,0,full,True
REIM (ACT + Detector + Recovery),173,8000215,metaworld,True,59,0.32292061200132594,0,0,0,0,0.16757315397262573,task_success_while_recovery_active_per_intervention,True,False,,1f78abec0c306cd9e052cdf17c622fd59765f6c764f0ef332c675bbc2e437c0d,5dab9ea09f41c6bcf76a778fec235e41b2ca78bc226d49a2cf5818fef53b3bc9,a8cfe6e2276fbd15230c5555255b87d17333bdd29f84f687df7405d0311fae7f,,,0.1,10.0,0.04000000000000001,0.0025000000000000005,0.010000000000000002,0,full,True
REIM (ACT + Detector + Recovery),174,8000216,metaworld,True,53,0.1427807580002991,1,1,1,41,0.24019597470760345,task_success_while_recovery_active_per_intervention,True,False,,9e4c27a80c8c942e35bef08f24abdd3954957e497d3a9f61c01b2304598d936a,5dab9ea09f41c6bcf76a778fec235e41b2ca78bc226d49a2cf5818fef53b3bc9,504c23f653f6cdee9d659d9320b164606b319d4f0e9cdf0f3a87e2fc7a98160a,,,0.1,10.0,0.04000000000000001,0.0025000000000000005,0.010000000000000002,0,full,True
REIM (ACT + Detector + Recovery),175,8000217,metaworld,True,50,0.12531068400130607,1,1,1,41,0.31786423921585083,task_success_while_recovery_active_per_intervention,True,False,,1d64c5cd5fd301fa87aaba517e146b35239e9907336b8f2ef04e4ea2f6e72367,5dab9ea09f41c6bcf76a778fec235e41b2ca78bc226d49a2cf5818fef53b3bc9,20cf3cfee33051ea4ca25b64648f05450b0068ae0136ae52c3108d28b02f3691,,,0.1,10.0,0.04000000000000001,0.0025000000000000005,0.010000000000000002,0,full,True
REIM (ACT + Detector + Recovery),176,8000218,metaworld,True,53,0.2073853890033206,1,1,1,26,0.20169468224048615,task_success_while_recovery_active_per_intervention,True,False,,d02bc778c9bc4051c89243024d0381f72214d4df72c50ecbc40368a093973e53,5dab9ea09f41c6bcf76a778fec235e41b2ca78bc226d49a2cf5818fef53b3bc9,f82ceac6f8787ac22c378edc1f141cedcc86bf9309b43f1aff6633ae0a963abb,,,0.1,10.0,0.04000000000000001,0.0025000000000000005,0.010000000000000002,0,full,True
REIM (ACT + Detector + Recovery),177,8000219,metaworld,True,56,0.20198275899747387,1,1,1,33,0.25991904735565186,task_success_while_recovery_active_per_intervention,True,False,,b4d307cf013abadcc3c7142978b0a3567510afed7e0a280ab06576db214bbcd2,5dab9ea09f41c6bcf76a778fec235e41b2ca78bc226d49a2cf5818fef53b3bc9,942fb6a87dc1e3eb7bf7bb111c97e7096138256b4a9a6b4c62a012fabe8bec38,,,0.1,10.0,0.04000000000000001,0.0025000000000000005,0.010000000000000002,0,full,True
REIM (ACT + Detector + Recovery),178,8000220,metaworld,True,54,0.14076792600098997,1,1,1,43,0.2729562819004059,task_success_while_recovery_active_per_intervention,True,False,,2933c9a729609d48df620bed6a24b4e461015dbec87c41b03c479c24ef73ccbe,5dab9ea09f41c6bcf76a778fec235e41b2ca78bc226d49a2cf5818fef53b3bc9,acfaed29b052207b47b4b7fa76672795fd08de3add8565db05f141de82ece90b,,,0.1,10.0,0.04000000000000001,0.0025000000000000005,0.010000000000000002,0,full,True
REIM (ACT + Detector + Recovery),179,8000221,metaworld,True,56,0.3084272649975901,0,0,0,0,0.09808723628520966,task_success_while_recovery_active_per_intervention,True,False,,ee0351473689bcf64f33065d15b5c194e961151952842a62d9f7c230e913548c,5dab9ea09f41c6bcf76a778fec235e41b2ca78bc226d49a2cf5818fef53b3bc9,f6a9ed9055e00c868d6771022c2c557a6a48990bdacbed585d07cde857d4755a,,,0.1,10.0,0.04000000000000001,0.0025000000000000005,0.010000000000000002,0,full,True
REIM (ACT + Detector + Recovery),180,8000222,metaworld,True,56,0.3110898469967651,0,0,0,0,0.11901011317968369,task_success_while_recovery_active_per_intervention,True,False,,da73c64463d4af5ac19dbb2f2ccc5adaea0350ddf5c4cfe09cddcedad391f3e0,5dab9ea09f41c6bcf76a778fec235e41b2ca78bc226d49a2cf5818fef53b3bc9,25805a097f1f4b8c203ec3c130dcd3e66b5fb3ad298114a08662aae6c86fa673,,,0.1,10.0,0.04000000000000001,0.0025000000000000005,0.010000000000000002,0,full,True
REIM (ACT + Detector + Recovery),181,8000223,metaworld,True,55,0.2970424470004218,0,0,0,0,0.12516555190086365,task_success_while_recovery_active_per_intervention,True,False,,da65b7e60221e9e31df2ca300dc702ac573e1ab006331bcdce50077b80b5280b,5dab9ea09f41c6bcf76a778fec235e41b2ca78bc226d49a2cf5818fef53b3bc9,25805a097f1f4b8c203ec3c130dcd3e66b5fb3ad298114a08662aae6c86fa673,,,0.1,10.0,0.04000000000000001,0.0025000000000000005,0.010000000000000002,0,full,True
REIM (ACT + Detector + Recovery),182,8000224,metaworld,True,54,0.14077045999874827,1,1,1,41,0.2646799683570862,task_success_while_recovery_active_per_intervention,True,False,,f277bf24b7dd8d946f965065fbcac26a67df9a0c2caeb1f43b48764bf7b92143,5dab9ea09f41c6bcf76a778fec235e41b2ca78bc226d49a2cf5818fef53b3bc9,342b72dafe0e47ecf8a937cb01e62ac02c2d77bf93dafca59574cbbbfc4ad77b,,,0.1,10.0,0.04000000000000001,0.0025000000000000005,0.010000000000000002,0,full,True
REIM (ACT + Detector + Recovery),183,8000225,metaworld,True,52,0.11930276799830608,1,1,1,44,0.351409375667572,task_success_while_recovery_active_per_intervention,True,False,,1222f895a335bb3dff72c3d9b228aaecf107b1b8b7afdd91f1d2ff32122ec135,5dab9ea09f41c6bcf76a778fec235e41b2ca78bc226d49a2cf5818fef53b3bc9,bb2c6b1aed959fa3ddddb1c215ce67cbb5b0ec080eb65fb58e06b7776849a096,,,0.1,10.0,0.04000000000000001,0.0025000000000000005,0.010000000000000002,0,full,True
REIM (ACT + Detector + Recovery),184,8000226,metaworld,True,60,0.3223066310019931,0,0,0,0,0.16401316225528717,task_success_while_recovery_active_per_intervention,True,False,,5c99bcc5dfa4621a907d85607297abceb92d36139b1c414d4df54fe7bce11482,5dab9ea09f41c6bcf76a778fec235e41b2ca78bc226d49a2cf5818fef53b3bc9,e216352c7f1c7392270c7c501bb599f2a46f420613a124fda0729ab88160cdf2,,,0.1,10.0,0.04000000000000001,0.0025000000000000005,0.010000000000000002,0,full,True
REIM (ACT + Detector + Recovery),185,8000227,metaworld,True,53,0.16138257500278996,1,1,1,34,0.22281202673912048,task_success_while_recovery_active_per_intervention,True,False,,c0a2274f58cfe752631fe381353edf47495f68d7d1c93c092a0addefa80f8fd9,5dab9ea09f41c6bcf76a778fec235e41b2ca78bc226d49a2cf5818fef53b3bc9,342b72dafe0e47ecf8a937cb01e62ac02c2d77bf93dafca59574cbbbfc4ad77b,,,0.1,10.0,0.04000000000000001,0.0025000000000000005,0.010000000000000002,0,full,True
REIM (ACT + Detector + Recovery),186,8000228,metaworld,True,48,0.2558137890009675,0,0,0,0,0.17397838830947876,task_success_while_recovery_active_per_intervention,True,False,,bc8bbccf15ee77585fbc5e4a1a27015118d31b13b9f6e76a096a6b50810d1929,5dab9ea09f41c6bcf76a778fec235e41b2ca78bc226d49a2cf5818fef53b3bc9,cea0b9105255f82e0ee99bfb3998a6edce02b446d4b14afb0747282cd18aa202,,,0.1,10.0,0.04000000000000001,0.0025000000000000005,0.010000000000000002,0,full,True
REIM (ACT + Detector + Recovery),187,8000229,metaworld,True,55,0.14208034799958114,1,1,1,43,0.24943770468235016,task_success_while_recovery_active_per_intervention,True,False,,44d903099e3f060035103d4f6643863ba45a038157e1d3838e75d28d87798f4d,5dab9ea09f41c6bcf76a778fec235e41b2ca78bc226d49a2cf5818fef53b3bc9,acfaed29b052207b47b4b7fa76672795fd08de3add8565db05f141de82ece90b,,,0.1,10.0,0.04000000000000001,0.0025000000000000005,0.010000000000000002,0,full,True
REIM (ACT + Detector + Recovery),188,8000230,metaworld,True,53,0.2793747919968155,0,0,0,0,0.17409522831439972,task_success_while_recovery_active_per_intervention,True,False,,cfb551f22c97a19b625210ae8853348cfef545aedf9d49f539f9ee8b33b8844f,5dab9ea09f41c6bcf76a778fec235e41b2ca78bc226d49a2cf5818fef53b3bc9,6943489118fc060756e24fd47685e2c10173293d54af0af7e8afa9e287c9c5f1,,,0.1,10.0,0.04000000000000001,0.0025000000000000005,0.010000000000000002,0,full,True
REIM (ACT + Detector + Recovery),189,8000231,metaworld,True,56,0.14188758700038306,1,1,1,45,0.2331937998533249,task_success_while_recovery_active_per_intervention,True,False,,c0bc91010af884d367cd9cb4583f603641dff0df22358d3a427065870c04adf6,5dab9ea09f41c6bcf76a778fec235e41b2ca78bc226d49a2cf5818fef53b3bc9,588df85fb38ef87f822932ad2f702be807974873e4a07ea43084bbdeeaac6604,,,0.1,10.0,0.04000000000000001,0.0025000000000000005,0.010000000000000002,0,full,True
REIM (ACT + Detector + Recovery),190,8000232,metaworld,True,59,0.3145554090006044,0,0,0,0,0.1779983788728714,task_success_while_recovery_active_per_intervention,True,False,,ca1ed2d1e39b52f45c833e6a43b5cd71f617923a857986cf08e755537b3c3c24,5dab9ea09f41c6bcf76a778fec235e41b2ca78bc226d49a2cf5818fef53b3bc9,b8e45a2f8f553d53c6eef0305347f910b9999bcae6df6ccaf0eaee6ac864e670,,,0.1,10.0,0.04000000000000001,0.0025000000000000005,0.010000000000000002,0,full,True
REIM (ACT + Detector + Recovery),191,8000233,metaworld,True,53,0.16788141800134326,1,1,1,34,0.2983315885066986,task_success_while_recovery_active_per_intervention,True,False,,0aeefa4e6735aef2955361d3cc5fb7cf8abda8e7afbb5877fe244033378b2d43,5dab9ea09f41c6bcf76a778fec235e41b2ca78bc226d49a2cf5818fef53b3bc9,aa1f17aacdf569c3a2930a2ebbf742ff43f8d3acfc772731a5c344cabcd52570,,,0.1,10.0,0.04000000000000001,0.0025000000000000005,0.010000000000000002,0,full,True
REIM (ACT + Detector + Recovery),192,8000234,metaworld,True,60,0.3325450209995324,0,0,0,0,0.14744064211845398,task_success_while_recovery_active_per_intervention,True,False,,229538fb577bebf395036aea7670e74f0cb1b8e6a2d2c2beaa47829ead7d11fe,5dab9ea09f41c6bcf76a778fec235e41b2ca78bc226d49a2cf5818fef53b3bc9,c5023b3d25031a103b9549b6e8c83ba09d69e708ef117c31128a38e03616e5d8,,,0.1,10.0,0.04000000000000001,0.0025000000000000005,0.010000000000000002,0,full,True
REIM (ACT + Detector + Recovery),193,8000235,metaworld,True,56,0.13755797799967695,1,1,1,47,0.2785954773426056,task_success_while_recovery_active_per_intervention,True,False,,f858bd6808274761522bd11afbfa62b925fa726f29c8509d7f5e55b75f4f1565,5dab9ea09f41c6bcf76a778fec235e41b2ca78bc226d49a2cf5818fef53b3bc9,aba21ef1c98d0573e36116c9757115227fd3793cba96aea7eda95c2547314ca3,,,0.1,10.0,0.04000000000000001,0.0025000000000000005,0.010000000000000002,0,full,True
REIM (ACT + Detector + Recovery),194,8000236,metaworld,True,56,0.29981529300130205,0,0,0,0,0.16395075619220734,task_success_while_recovery_active_per_intervention,True,False,,ca32608cb4d75ecf32ae4f9888df7de8e668be673dc3a1ade7490887dcb459ae,5dab9ea09f41c6bcf76a778fec235e41b2ca78bc226d49a2cf5818fef53b3bc9,64ee837add19202e84553431fdab118462cf5265eeae19a4d044b5a6818f771d,,,0.1,10.0,0.04000000000000001,0.0025000000000000005,0.010000000000000002,0,full,True
REIM (ACT + Detector + Recovery),195,8000237,metaworld,True,55,0.13352124399898457,1,1,1,47,0.3066907227039337,task_success_while_recovery_active_per_intervention,True,False,,f57805df706a7c131f6d23c074d8e4f3bf2a43ac9a9827a6cee04b3e8b56eb9f,5dab9ea09f41c6bcf76a778fec235e41b2ca78bc226d49a2cf5818fef53b3bc9,aba21ef1c98d0573e36116c9757115227fd3793cba96aea7eda95c2547314ca3,,,0.1,10.0,0.04000000000000001,0.0025000000000000005,0.010000000000000002,0,full,True
REIM (ACT + Detector + Recovery),196,8000238,metaworld,True,52,0.2811438899989298,0,0,0,0,0.19554771482944489,task_success_while_recovery_active_per_intervention,True,False,,ff1671d6f6d8520a1e232207465c18535facc63836d97367db56ca53b9947395,5dab9ea09f41c6bcf76a778fec235e41b2ca78bc226d49a2cf5818fef53b3bc9,acfaed29b052207b47b4b7fa76672795fd08de3add8565db05f141de82ece90b,,,0.1,10.0,0.04000000000000001,0.0025000000000000005,0.010000000000000002,0,full,True
REIM (ACT + Detector + Recovery),197,8000239,metaworld,True,57,0.2950252400005411,0,0,0,0,0.16548185050487518,task_success_while_recovery_active_per_intervention,True,False,,abc8263598fc25fed3c922a60c94ebf7f5b22c855145e5c1b92038a229819919,5dab9ea09f41c6bcf76a778fec235e41b2ca78bc226d49a2cf5818fef53b3bc9,6cb8d983459a8e57d4ae53a86da2394015cabba2d7c306dcaf7b14af979ca230,,,0.1,10.0,0.04000000000000001,0.0025000000000000005,0.010000000000000002,0,full,True
REIM (ACT + Detector + Recovery),198,8000240,metaworld,True,54,0.27877905900095357,0,0,0,0,0.11421152204275131,task_success_while_recovery_active_per_intervention,True,False,,a3d9bad7d3a85605eb1033018c848d5778e77b077353a43bddc38629bbf7c557,5dab9ea09f41c6bcf76a778fec235e41b2ca78bc226d49a2cf5818fef53b3bc9,742509487aeb71d366f1ddafa1cb12db2f7cfefe17c4ca89c98cffb67c1c8619,,,0.1,10.0,0.04000000000000001,0.0025000000000000005,0.010000000000000002,0,full,True
REIM (ACT + Detector + Recovery),199,8000241,metaworld,True,53,0.28270277900082874,0,0,0,0,0.18515056371688843,task_success_while_recovery_active_per_intervention,True,False,,b85424793080d99f9a12dab28b0eaf541207d01fb94831778180c4af8b9ce2e3,5dab9ea09f41c6bcf76a778fec235e41b2ca78bc226d49a2cf5818fef53b3bc9,5e1df472084de78052388a34f03cad3de438ca9b5dc801b5759dd57c66a7482a,,,0.1,10.0,0.04000000000000001,0.0025000000000000005,0.010000000000000002,0,full,True
