method,episode,seed,backend,success,steps,elapsed_seconds,recovery_attempts,recovery_successes,detector_triggers,recovery_steps,failure_probability_max,recovery_definition,terminated,truncated,failure_reason,episode_specification_sha256,episode_bank_sha256,metaworld_task_sha256,retry_specification_sha256s,retry_task_sha256s,noise_level,noise_percent,action_noise_std,observation_noise_std,object_impulse_std_m,condition_index,Profile,Benchmark Eligible
ACT,0,8000042,metaworld,False,200,1.3154539450006268,0,0,0,0,0.0,,False,True,timeout,49af4dccaf215666613e2ea62c85e1eee2da056b8052e7c0744488f7bbb76aea,b4d00b629663580725cee7c16b68664af3de3bc5986bddef37e01448932e3ffd,f82ceac6f8787ac22c378edc1f141cedcc86bf9309b43f1aff6633ae0a963abb,,,0.4,40.0,0.16000000000000003,0.010000000000000002,0.04000000000000001,0,full,True
ACT,1,8000043,metaworld,False,200,1.1221795629971894,0,0,0,0,0.0,,False,True,object_dropped,a89745bb33f745dbd0616005b2fee785af620f934dd473850837d9434ca927c0,b4d00b629663580725cee7c16b68664af3de3bc5986bddef37e01448932e3ffd,06d355d7aff3b944ab4199c02a94c63d062e5c414c0b195f7b232b607e0ab1ed,,,0.4,40.0,0.16000000000000003,0.010000000000000002,0.04000000000000001,0,full,True
ACT,2,8000044,metaworld,False,200,1.4296814430017548,0,0,0,0,0.0,,False,True,timeout,fa56d9300815aeb0be4648f5b0e9ba5546c734ddb8bb28bc2cd9f08452186d2c,b4d00b629663580725cee7c16b68664af3de3bc5986bddef37e01448932e3ffd,f6a9ed9055e00c868d6771022c2c557a6a48990bdacbed585d07cde857d4755a,,,0.4,40.0,0.16000000000000003,0.010000000000000002,0.04000000000000001,0,full,True
ACT,3,8000045,metaworld,False,200,1.1276555879994703,0,0,0,0,0.0,,False,True,timeout,f803045d63122625d5c1877925b903772104214bd6ff79573c274a7859579e0e,b4d00b629663580725cee7c16b68664af3de3bc5986bddef37e01448932e3ffd,5d73f28d4d24cdbcb36a5e5cd61ec1a82f7287ce56d88da8cea912ed757b164c,,,0.4,40.0,0.16000000000000003,0.010000000000000002,0.04000000000000001,0,full,True
ACT,4,8000046,metaworld,True,51,0.28693559100065613,0,0,0,0,0.0,,True,False,,cabda9829df92555761a7fdc2523f7b362a5a81c23975dc6e455ef7a2c32fc49,b4d00b629663580725cee7c16b68664af3de3bc5986bddef37e01448932e3ffd,27e1ed8c670f23dae46752497e383610e58c248d638e3b9b707808a32ce33d4e,,,0.4,40.0,0.16000000000000003,0.010000000000000002,0.04000000000000001,0,full,True
ACT,5,8000047,metaworld,True,53,0.2905252960008511,0,0,0,0,0.0,,True,False,,588b20e72ae92670b7f2eebbaefc75d6138d87f0671d4f4c689a3406740db11e,b4d00b629663580725cee7c16b68664af3de3bc5986bddef37e01448932e3ffd,38329c6b97bbe7d133bf007c22742dca5f0cd7258f8d7199135c6c2371ae591d,,,0.4,40.0,0.16000000000000003,0.010000000000000002,0.04000000000000001,0,full,True
ACT,6,8000048,metaworld,False,200,1.1451179300020158,0,0,0,0,0.0,,False,True,timeout,2829c76f04223b33b343cc3b8d6e3824d14237aa828c173d477343fe05fc8436,b4d00b629663580725cee7c16b68664af3de3bc5986bddef37e01448932e3ffd,aba21ef1c98d0573e36116c9757115227fd3793cba96aea7eda95c2547314ca3,,,0.4,40.0,0.16000000000000003,0.010000000000000002,0.04000000000000001,0,full,True
ACT,7,8000049,metaworld,True,56,0.6008468070031086,0,0,0,0,0.0,,True,False,,b9a99d5ec91400c3579050d8783b36c312cb95d10f3a9411bb61ecd8e31026a6,b4d00b629663580725cee7c16b68664af3de3bc5986bddef37e01448932e3ffd,4e97203f8ce1a96cef19545d4c4c300d0de39e4f94bd1941cef7ebc3dd48be02,,,0.4,40.0,0.16000000000000003,0.010000000000000002,0.04000000000000001,0,full,True
ACT,8,8000050,metaworld,False,200,1.1878959679997934,0,0,0,0,0.0,,False,True,timeout,d31e93454866d499134ecfc635a33d71c9cde493195ebcc8f7660a15758a6ab8,b4d00b629663580725cee7c16b68664af3de3bc5986bddef37e01448932e3ffd,64ee837add19202e84553431fdab118462cf5265eeae19a4d044b5a6818f771d,,,0.4,40.0,0.16000000000000003,0.010000000000000002,0.04000000000000001,0,full,True
ACT,9,8000051,metaworld,True,58,0.3065205920029257,0,0,0,0,0.0,,True,False,,afc35ca1b19c4fd9b4aacbd18954906ea743519b3b694c83049fd2503e50e072,b4d00b629663580725cee7c16b68664af3de3bc5986bddef37e01448932e3ffd,6cb8d983459a8e57d4ae53a86da2394015cabba2d7c306dcaf7b14af979ca230,,,0.4,40.0,0.16000000000000003,0.010000000000000002,0.04000000000000001,0,full,True
ACT,10,8000052,metaworld,False,200,1.1053315779972763,0,0,0,0,0.0,,False,True,timeout,c86e1bd89f255c7313cd690b2d569eaf9de680f0c2bea84692d37356fc4294a5,b4d00b629663580725cee7c16b68664af3de3bc5986bddef37e01448932e3ffd,504c23f653f6cdee9d659d9320b164606b319d4f0e9cdf0f3a87e2fc7a98160a,,,0.4,40.0,0.16000000000000003,0.010000000000000002,0.04000000000000001,0,full,True
ACT,11,8000053,metaworld,False,200,1.0307545719988411,0,0,0,0,0.0,,False,True,timeout,2a99f09f371d8bb1fd68e01dff65d19675679296dc7337c4dcac66b009f3257e,b4d00b629663580725cee7c16b68664af3de3bc5986bddef37e01448932e3ffd,06d355d7aff3b944ab4199c02a94c63d062e5c414c0b195f7b232b607e0ab1ed,,,0.4,40.0,0.16000000000000003,0.010000000000000002,0.04000000000000001,0,full,True
ACT,12,8000054,metaworld,False,200,1.0278558069985593,0,0,0,0,0.0,,False,True,timeout,26abeb4ac4984683eaeb844b6ee9b5fa41476302765213ddd887d38fd1f53946,b4d00b629663580725cee7c16b68664af3de3bc5986bddef37e01448932e3ffd,742509487aeb71d366f1ddafa1cb12db2f7cfefe17c4ca89c98cffb67c1c8619,,,0.4,40.0,0.16000000000000003,0.010000000000000002,0.04000000000000001,0,full,True
ACT,13,8000055,metaworld,False,200,1.0093728819992975,0,0,0,0,0.0,,False,True,object_dropped,57b01e38d9ca82c0ec14d8e3f84b5359b09d0d3916cad9521f3d972c52a61b27,b4d00b629663580725cee7c16b68664af3de3bc5986bddef37e01448932e3ffd,e216352c7f1c7392270c7c501bb599f2a46f420613a124fda0729ab88160cdf2,,,0.4,40.0,0.16000000000000003,0.010000000000000002,0.04000000000000001,0,full,True
ACT,14,8000056,metaworld,False,200,0.9669981709994317,0,0,0,0,0.0,,False,True,timeout,4aed2112511af94731131750d231c358309837787afb9b65da6d3cb2c5bb62cf,b4d00b629663580725cee7c16b68664af3de3bc5986bddef37e01448932e3ffd,64ee837add19202e84553431fdab118462cf5265eeae19a4d044b5a6818f771d,,,0.4,40.0,0.16000000000000003,0.010000000000000002,0.04000000000000001,0,full,True
ACT,15,8000057,metaworld,False,200,0.9689889460023551,0,0,0,0,0.0,,False,True,timeout,5b0042609bf8fe72262f73ad2cb6f93820c204ad020cecf49ff7400ac98a8057,b4d00b629663580725cee7c16b68664af3de3bc5986bddef37e01448932e3ffd,c40fedd273cade53989af8adc3ca66d02f2d92ca4d97b2f6391a0dd0ab6dbca3,,,0.4,40.0,0.16000000000000003,0.010000000000000002,0.04000000000000001,0,full,True
ACT,16,8000058,metaworld,False,200,0.9580172049973044,0,0,0,0,0.0,,False,True,timeout,651bd7197feed9ec5fbeb5607a3c625a01de4a38e5be71b566629e8f6ba4d8c8,b4d00b629663580725cee7c16b68664af3de3bc5986bddef37e01448932e3ffd,942fb6a87dc1e3eb7bf7bb111c97e7096138256b4a9a6b4c62a012fabe8bec38,,,0.4,40.0,0.16000000000000003,0.010000000000000002,0.04000000000000001,0,full,True
ACT,17,8000059,metaworld,False,200,0.9546350380005606,0,0,0,0,0.0,,False,True,timeout,5b3a78035ef1ee82783738813c481fbb90581f8dea8603488b16085a879e29bd,b4d00b629663580725cee7c16b68664af3de3bc5986bddef37e01448932e3ffd,0f719f94ef165c0b816b8b10c3f4f5fcf802c9f5a25141035590310315749280,,,0.4,40.0,0.16000000000000003,0.010000000000000002,0.04000000000000001,0,full,True
ACT,18,8000060,metaworld,True,64,0.29496965300131706,0,0,0,0,0.0,,True,False,,fe5f1e704e3ee940985dc401f290c5c2fc59314bfa89099de017341c987070d8,b4d00b629663580725cee7c16b68664af3de3bc5986bddef37e01448932e3ffd,b8e45a2f8f553d53c6eef0305347f910b9999bcae6df6ccaf0eaee6ac864e670,,,0.4,40.0,0.16000000000000003,0.010000000000000002,0.04000000000000001,0,full,True
ACT,19,8000061,metaworld,True,63,0.294430119000026,0,0,0,0,0.0,,True,False,,fcc9ae4d08cf5f34eef0d60c7bf423fc32ae524c7abae1fdc1362ea85f7a15a1,b4d00b629663580725cee7c16b68664af3de3bc5986bddef37e01448932e3ffd,06d355d7aff3b944ab4199c02a94c63d062e5c414c0b195f7b232b607e0ab1ed,,,0.4,40.0,0.16000000000000003,0.010000000000000002,0.04000000000000001,0,full,True
ACT,20,8000062,metaworld,True,55,0.2537674280029023,0,0,0,0,0.0,,True,False,,d5e32458b715c5a750fa79bd135d8185ed0e51c1d6a2594d1641e336b28ff16f,b4d00b629663580725cee7c16b68664af3de3bc5986bddef37e01448932e3ffd,5e1df472084de78052388a34f03cad3de438ca9b5dc801b5759dd57c66a7482a,,,0.4,40.0,0.16000000000000003,0.010000000000000002,0.04000000000000001,0,full,True
ACT,21,8000063,metaworld,True,60,0.27985093299867003,0,0,0,0,0.0,,True,False,,8dd13fc90d97f836aa31e5e9bf7b4983cc442d5e495c27998a892060556a2d3c,b4d00b629663580725cee7c16b68664af3de3bc5986bddef37e01448932e3ffd,0cda21f8ffacf0a1e40e7b0e858a8e2ddc276972106d4bced99d4404b4a13fd8,,,0.4,40.0,0.16000000000000003,0.010000000000000002,0.04000000000000001,0,full,True
ACT,22,8000064,metaworld,True,57,0.26562422899951343,0,0,0,0,0.0,,True,False,,46ec1fe9c24dd4f9462648c820bfca8abd759ead2018d4bc7f246479c45086fd,b4d00b629663580725cee7c16b68664af3de3bc5986bddef37e01448932e3ffd,6cb8d983459a8e57d4ae53a86da2394015cabba2d7c306dcaf7b14af979ca230,,,0.4,40.0,0.16000000000000003,0.010000000000000002,0.04000000000000001,0,full,True
ACT,23,8000065,metaworld,False,200,0.9023952870011271,0,0,0,0,0.0,,False,True,object_dropped,9090973d3f5a04cb5c04cbcd83a32cca3a1e71ad1b76e92b66a8b96b89d9beec,b4d00b629663580725cee7c16b68664af3de3bc5986bddef37e01448932e3ffd,39001749c902e2ab9d015efb8c7644faffff99810b709d3203dc359d5eacdcbd,,,0.4,40.0,0.16000000000000003,0.010000000000000002,0.04000000000000001,0,full,True
ACT,24,8000066,metaworld,False,200,0.9216072160015756,0,0,0,0,0.0,,False,True,timeout,845097c90650bc4d4755661c4e0cd59fff76c2afe428ec1b974f8c1faba83d88,b4d00b629663580725cee7c16b68664af3de3bc5986bddef37e01448932e3ffd,56b7f182edcfeefa9301e1edd53d7f36e4418de7e6df1b54b0f0c298cde1b3cd,,,0.4,40.0,0.16000000000000003,0.010000000000000002,0.04000000000000001,0,full,True
ACT,25,8000067,metaworld,False,200,0.9915944620006485,0,0,0,0,0.0,,False,True,timeout,d06f3079a6be90b53c6b06a8b6250c9020b4b677dccfe200b1a43070bf003080,b4d00b629663580725cee7c16b68664af3de3bc5986bddef37e01448932e3ffd,e216352c7f1c7392270c7c501bb599f2a46f420613a124fda0729ab88160cdf2,,,0.4,40.0,0.16000000000000003,0.010000000000000002,0.04000000000000001,0,full,True
ACT,26,8000068,metaworld,True,55,0.25108768599966425,0,0,0,0,0.0,,True,False,,213f7c15b0edb34f333827c8738c7370e60b78a8b45ef90544dbe3f2a81b262a,b4d00b629663580725cee7c16b68664af3de3bc5986bddef37e01448932e3ffd,2eb279a724955c1a9d173681940490ec9cc8ed4fdc15a95533884a23d4ccdb4e,,,0.4,40.0,0.16000000000000003,0.010000000000000002,0.04000000000000001,0,full,True
ACT,27,8000069,metaworld,True,54,0.2519869440002367,0,0,0,0,0.0,,True,False,,c38af4174b11ced48b37503b3c5783f4c5e18c9fc420830987a8113b554a1172,b4d00b629663580725cee7c16b68664af3de3bc5986bddef37e01448932e3ffd,15a9adece7ebea14bdf37f5376e274c6dce4711281025cf35060933ba9ab8ad3,,,0.4,40.0,0.16000000000000003,0.010000000000000002,0.04000000000000001,0,full,True
ACT,28,8000070,metaworld,False,200,0.9266450800023449,0,0,0,0,0.0,,False,True,timeout,6b804e3d7453daefe913623c4ffd0a6d5749ef818237c799fde4f928a8b6105f,b4d00b629663580725cee7c16b68664af3de3bc5986bddef37e01448932e3ffd,5d73f28d4d24cdbcb36a5e5cd61ec1a82f7287ce56d88da8cea912ed757b164c,,,0.4,40.0,0.16000000000000003,0.010000000000000002,0.04000000000000001,0,full,True
ACT,29,8000071,metaworld,False,200,0.9012098399980459,0,0,0,0,0.0,,False,True,timeout,917e50c8790318b89b210aacf285f7e57b204f2d9014f403cd186f090a592630,b4d00b629663580725cee7c16b68664af3de3bc5986bddef37e01448932e3ffd,5e1df472084de78052388a34f03cad3de438ca9b5dc801b5759dd57c66a7482a,,,0.4,40.0,0.16000000000000003,0.010000000000000002,0.04000000000000001,0,full,True
ACT,30,8000072,metaworld,False,200,0.9449404160004633,0,0,0,0,0.0,,False,True,timeout,7a94d9030530198f5a4bb16b56b22b5aba9aee1aba735461ae211515b6f1d046,b4d00b629663580725cee7c16b68664af3de3bc5986bddef37e01448932e3ffd,aba21ef1c98d0573e36116c9757115227fd3793cba96aea7eda95c2547314ca3,,,0.4,40.0,0.16000000000000003,0.010000000000000002,0.04000000000000001,0,full,True
ACT,31,8000073,metaworld,True,59,0.27933434400256374,0,0,0,0,0.0,,True,False,,a08abb52a81e7a23029eb0aa9ab84f08cda6ca659fe4aacc6abc289ba9972dda,b4d00b629663580725cee7c16b68664af3de3bc5986bddef37e01448932e3ffd,b8e45a2f8f553d53c6eef0305347f910b9999bcae6df6ccaf0eaee6ac864e670,,,0.4,40.0,0.16000000000000003,0.010000000000000002,0.04000000000000001,0,full,True
ACT,32,8000074,metaworld,False,200,0.9454858030003379,0,0,0,0,0.0,,False,True,timeout,596648e8d89f5d59abc62b99f632c1ebaf22d98353126cfda7afdb736e251f0b,b4d00b629663580725cee7c16b68664af3de3bc5986bddef37e01448932e3ffd,ba19e0623fe05add91e00811bacb33e27305f5fcb6549be6f6278ebce6046101,,,0.4,40.0,0.16000000000000003,0.010000000000000002,0.04000000000000001,0,full,True
ACT,33,8000075,metaworld,False,200,0.9392888780021167,0,0,0,0,0.0,,False,True,timeout,438541a69a168eeb4bc5088ff07b8219508f56593d348cbcefbf434fcabc08eb,b4d00b629663580725cee7c16b68664af3de3bc5986bddef37e01448932e3ffd,8a99d46d6d04afe3e2ef92bb607dde5e178b5c37506006c4f364e345976453b1,,,0.4,40.0,0.16000000000000003,0.010000000000000002,0.04000000000000001,0,full,True
ACT,34,8000076,metaworld,False,200,0.9270161449967418,0,0,0,0,0.0,,False,True,object_dropped,9c2df1c3d485baf819e014d7b05ac8414ff5c07e1533cf0baaccb2917b3d47bd,b4d00b629663580725cee7c16b68664af3de3bc5986bddef37e01448932e3ffd,4e97203f8ce1a96cef19545d4c4c300d0de39e4f94bd1941cef7ebc3dd48be02,,,0.4,40.0,0.16000000000000003,0.010000000000000002,0.04000000000000001,0,full,True
ACT,35,8000077,metaworld,False,200,0.9685202359978575,0,0,0,0,0.0,,False,True,timeout,26ab6f368f2bf01d332bde215f6006f23e0093a120bcdab09c2e08a26cd21bd3,b4d00b629663580725cee7c16b68664af3de3bc5986bddef37e01448932e3ffd,06d355d7aff3b944ab4199c02a94c63d062e5c414c0b195f7b232b607e0ab1ed,,,0.4,40.0,0.16000000000000003,0.010000000000000002,0.04000000000000001,0,full,True
ACT,36,8000078,metaworld,False,200,0.9733230960009678,0,0,0,0,0.0,,False,True,timeout,a092abb5ad049b6a1362820082c630f3b2650c09ab47ea13e38298ae2450de19,b4d00b629663580725cee7c16b68664af3de3bc5986bddef37e01448932e3ffd,39001749c902e2ab9d015efb8c7644faffff99810b709d3203dc359d5eacdcbd,,,0.4,40.0,0.16000000000000003,0.010000000000000002,0.04000000000000001,0,full,True
ACT,37,8000079,metaworld,False,200,0.9678929699985019,0,0,0,0,0.0,,False,True,object_dropped,187f37f7b403d3e939afd3673fb792a948b9ba59b8df53bc3d00f02db3ef1e2f,b4d00b629663580725cee7c16b68664af3de3bc5986bddef37e01448932e3ffd,8a99d46d6d04afe3e2ef92bb607dde5e178b5c37506006c4f364e345976453b1,,,0.4,40.0,0.16000000000000003,0.010000000000000002,0.04000000000000001,0,full,True
ACT,38,8000080,metaworld,False,200,0.9644263940026576,0,0,0,0,0.0,,False,True,timeout,76675fb1a616ca323c8cb367fae84cdca6b2058c7174320b481c790c1eb6c895,b4d00b629663580725cee7c16b68664af3de3bc5986bddef37e01448932e3ffd,5d73f28d4d24cdbcb36a5e5cd61ec1a82f7287ce56d88da8cea912ed757b164c,,,0.4,40.0,0.16000000000000003,0.010000000000000002,0.04000000000000001,0,full,True
ACT,39,8000081,metaworld,False,200,0.956811417996505,0,0,0,0,0.0,,False,True,timeout,6178eaf97f0a4996e65b18b82e6b7b8251816817735a701a59c39c7bd62c5fcd,b4d00b629663580725cee7c16b68664af3de3bc5986bddef37e01448932e3ffd,a8cfe6e2276fbd15230c5555255b87d17333bdd29f84f687df7405d0311fae7f,,,0.4,40.0,0.16000000000000003,0.010000000000000002,0.04000000000000001,0,full,True
ACT,40,8000082,metaworld,True,56,0.2827373309992254,0,0,0,0,0.0,,True,False,,6bb3c955f0ed9d44664e1065184c8cd170c8925e18cdb55eb3f4f558483e0bc2,b4d00b629663580725cee7c16b68664af3de3bc5986bddef37e01448932e3ffd,f82ceac6f8787ac22c378edc1f141cedcc86bf9309b43f1aff6633ae0a963abb,,,0.4,40.0,0.16000000000000003,0.010000000000000002,0.04000000000000001,0,full,True
ACT,41,8000083,metaworld,False,200,0.9720937759993831,0,0,0,0,0.0,,False,True,timeout,c284e7e72fde7e0c197aaba82cfb11aac152303caae87a855a121972e4e1a576,b4d00b629663580725cee7c16b68664af3de3bc5986bddef37e01448932e3ffd,4e97203f8ce1a96cef19545d4c4c300d0de39e4f94bd1941cef7ebc3dd48be02,,,0.4,40.0,0.16000000000000003,0.010000000000000002,0.04000000000000001,0,full,True
ACT,42,8000084,metaworld,False,200,0.9578909299998486,0,0,0,0,0.0,,False,True,timeout,7d7a956e74bc6568a77b919384e289dcb7100c2b725b74eafa5811278346561a,b4d00b629663580725cee7c16b68664af3de3bc5986bddef37e01448932e3ffd,5d73f28d4d24cdbcb36a5e5cd61ec1a82f7287ce56d88da8cea912ed757b164c,,,0.4,40.0,0.16000000000000003,0.010000000000000002,0.04000000000000001,0,full,True
ACT,43,8000085,metaworld,False,200,0.9484947270029807,0,0,0,0,0.0,,False,True,timeout,e056922dba837b70685a6be6f50678af027d993a6be34ffb3da06b0522d6aae9,b4d00b629663580725cee7c16b68664af3de3bc5986bddef37e01448932e3ffd,aba21ef1c98d0573e36116c9757115227fd3793cba96aea7eda95c2547314ca3,,,0.4,40.0,0.16000000000000003,0.010000000000000002,0.04000000000000001,0,full,True
ACT,44,8000086,metaworld,False,200,0.9494379329989897,0,0,0,0,0.0,,False,True,object_dropped,22aed3bc2a6344f7f00e9df3dca3444715ff1f6d1167effeb7beb967e582f6f2,b4d00b629663580725cee7c16b68664af3de3bc5986bddef37e01448932e3ffd,27e1ed8c670f23dae46752497e383610e58c248d638e3b9b707808a32ce33d4e,,,0.4,40.0,0.16000000000000003,0.010000000000000002,0.04000000000000001,0,full,True
ACT,45,8000087,metaworld,True,58,0.30625256200073636,0,0,0,0,0.0,,True,False,,ece7dace65b5220a861ee294897d54879ac3c67126827943f508dc0f233f0ac6,b4d00b629663580725cee7c16b68664af3de3bc5986bddef37e01448932e3ffd,ba19e0623fe05add91e00811bacb33e27305f5fcb6549be6f6278ebce6046101,,,0.4,40.0,0.16000000000000003,0.010000000000000002,0.04000000000000001,0,full,True
ACT,46,8000088,metaworld,False,200,1.020931652001309,0,0,0,0,0.0,,False,True,timeout,62c666e68dae1ef5b5327a01f09d3b8bb71bfb7260d11adea93eb90f42bde483,b4d00b629663580725cee7c16b68664af3de3bc5986bddef37e01448932e3ffd,e216352c7f1c7392270c7c501bb599f2a46f420613a124fda0729ab88160cdf2,,,0.4,40.0,0.16000000000000003,0.010000000000000002,0.04000000000000001,0,full,True
ACT,47,8000089,metaworld,True,55,0.3068210649980756,0,0,0,0,0.0,,True,False,,a3ae63e97a5861cf568ea6a7f13929e09220b410641ffa6ed73cfbd9a127ec26,b4d00b629663580725cee7c16b68664af3de3bc5986bddef37e01448932e3ffd,f82ceac6f8787ac22c378edc1f141cedcc86bf9309b43f1aff6633ae0a963abb,,,0.4,40.0,0.16000000000000003,0.010000000000000002,0.04000000000000001,0,full,True
ACT,48,8000090,metaworld,False,200,1.001573476001795,0,0,0,0,0.0,,False,True,timeout,87d547d7b42da5b21775902cbd8fa22617d9eab0fad155249a4244e516ad272a,b4d00b629663580725cee7c16b68664af3de3bc5986bddef37e01448932e3ffd,b8e45a2f8f553d53c6eef0305347f910b9999bcae6df6ccaf0eaee6ac864e670,,,0.4,40.0,0.16000000000000003,0.010000000000000002,0.04000000000000001,0,full,True
ACT,49,8000091,metaworld,False,200,1.056962687001942,0,0,0,0,0.0,,False,True,timeout,e3a0027fdb33dd7809e0c7e5dbe54118721f2d0cd56134ab8d2674f01bed4c90,b4d00b629663580725cee7c16b68664af3de3bc5986bddef37e01448932e3ffd,c40fedd273cade53989af8adc3ca66d02f2d92ca4d97b2f6391a0dd0ab6dbca3,,,0.4,40.0,0.16000000000000003,0.010000000000000002,0.04000000000000001,0,full,True
ACT,50,8000092,metaworld,False,200,1.042560075999063,0,0,0,0,0.0,,False,True,timeout,e11d820d381be36bcbd695f222b7d2f5da5c5d7f2816445df5c0340040883bf2,b4d00b629663580725cee7c16b68664af3de3bc5986bddef37e01448932e3ffd,48ce9609a38b32e56f7e6a43ffef71c21c8b1d17ed5a63d47701bc1dfc3ff271,,,0.4,40.0,0.16000000000000003,0.010000000000000002,0.04000000000000001,0,full,True
ACT,51,8000093,metaworld,False,200,1.0325575259994366,0,0,0,0,0.0,,False,True,timeout,222ed43cf53b288103b97699b627daa5b8de56637059b2fcdd69b26ac5eb4416,b4d00b629663580725cee7c16b68664af3de3bc5986bddef37e01448932e3ffd,2ad5907877cc42b4447b9630988e3a1f0da0d83e1f696f71e22dc69905e631b6,,,0.4,40.0,0.16000000000000003,0.010000000000000002,0.04000000000000001,0,full,True
ACT,52,8000094,metaworld,False,200,1.0118760900004418,0,0,0,0,0.0,,False,True,timeout,27ebbc72b95d8575d07ff2daed427ac6546c1a9fcfcdde3cd0e380cd5d5818fc,b4d00b629663580725cee7c16b68664af3de3bc5986bddef37e01448932e3ffd,8a99d46d6d04afe3e2ef92bb607dde5e178b5c37506006c4f364e345976453b1,,,0.4,40.0,0.16000000000000003,0.010000000000000002,0.04000000000000001,0,full,True
ACT,53,8000095,metaworld,True,60,0.3073505770007614,0,0,0,0,0.0,,True,False,,59d3e09c0daa47252efe75fda852aa7c150b2570ee62cde4a868fd71268db7e9,b4d00b629663580725cee7c16b68664af3de3bc5986bddef37e01448932e3ffd,942fb6a87dc1e3eb7bf7bb111c97e7096138256b4a9a6b4c62a012fabe8bec38,,,0.4,40.0,0.16000000000000003,0.010000000000000002,0.04000000000000001,0,full,True
ACT,54,8000096,metaworld,False,200,1.0036326660010673,0,0,0,0,0.0,,False,True,timeout,38718f752cc305af5d30cfcaf27ad45e58c92e576131a95d0f28032c5a9aa0c7,b4d00b629663580725cee7c16b68664af3de3bc5986bddef37e01448932e3ffd,4e97203f8ce1a96cef19545d4c4c300d0de39e4f94bd1941cef7ebc3dd48be02,,,0.4,40.0,0.16000000000000003,0.010000000000000002,0.04000000000000001,0,full,True
ACT,55,8000097,metaworld,True,70,0.3495445849985117,0,0,0,0,0.0,,True,False,,efd87e1fbe551ee9224fda0583bf49fd80f61066cc82eb7cc0b09efe9e1d9c03,b4d00b629663580725cee7c16b68664af3de3bc5986bddef37e01448932e3ffd,742509487aeb71d366f1ddafa1cb12db2f7cfefe17c4ca89c98cffb67c1c8619,,,0.4,40.0,0.16000000000000003,0.010000000000000002,0.04000000000000001,0,full,True
ACT,56,8000098,metaworld,False,200,1.0053110280023247,0,0,0,0,0.0,,False,True,timeout,26849df389dbd61f40b49887f726aafe53720d439f100f27b0019983619d4681,b4d00b629663580725cee7c16b68664af3de3bc5986bddef37e01448932e3ffd,08a97a6dfa17f78b5cc5b1351d60038e4a40a68fc93722672482714333b1d9b5,,,0.4,40.0,0.16000000000000003,0.010000000000000002,0.04000000000000001,0,full,True
ACT,57,8000099,metaworld,False,200,1.0305450420019042,0,0,0,0,0.0,,False,True,timeout,676b478d1945676e342a2c5609ea25b3d69608ef457d0e7cc2f52b22f45db382,b4d00b629663580725cee7c16b68664af3de3bc5986bddef37e01448932e3ffd,35203d16cfa98b5f2e002fcb1ffde2400abf9459c161f6a289efa0c46eddb36f,,,0.4,40.0,0.16000000000000003,0.010000000000000002,0.04000000000000001,0,full,True
ACT,58,8000100,metaworld,True,64,0.31778086399936,0,0,0,0,0.0,,True,False,,91cb6b13d6a9cc71ff38efb853304ce136d884be630893e8fe1abbfc6f1727d5,b4d00b629663580725cee7c16b68664af3de3bc5986bddef37e01448932e3ffd,64ee837add19202e84553431fdab118462cf5265eeae19a4d044b5a6818f771d,,,0.4,40.0,0.16000000000000003,0.010000000000000002,0.04000000000000001,0,full,True
ACT,59,8000101,metaworld,False,200,0.9772281559999101,0,0,0,0,0.0,,False,True,timeout,c78275a9ed019679c36c72a6241f821f6afcff8c523c71c3c6c8a834f3e44656,b4d00b629663580725cee7c16b68664af3de3bc5986bddef37e01448932e3ffd,06d355d7aff3b944ab4199c02a94c63d062e5c414c0b195f7b232b607e0ab1ed,,,0.4,40.0,0.16000000000000003,0.010000000000000002,0.04000000000000001,0,full,True
ACT,60,8000102,metaworld,False,200,1.367022411999642,0,0,0,0,0.0,,False,True,timeout,8db226bd5cf51449cc754a6c4a2c56843bdd9e995628617588e2789f6bc1c0d4,b4d00b629663580725cee7c16b68664af3de3bc5986bddef37e01448932e3ffd,08a97a6dfa17f78b5cc5b1351d60038e4a40a68fc93722672482714333b1d9b5,,,0.4,40.0,0.16000000000000003,0.010000000000000002,0.04000000000000001,0,full,True
ACT,61,8000103,metaworld,False,200,1.0682409490000282,0,0,0,0,0.0,,False,True,timeout,300d55e27321430a154e89a17c4ea230b9c6bd31c7c30234d6f9bf773998535b,b4d00b629663580725cee7c16b68664af3de3bc5986bddef37e01448932e3ffd,0f719f94ef165c0b816b8b10c3f4f5fcf802c9f5a25141035590310315749280,,,0.4,40.0,0.16000000000000003,0.010000000000000002,0.04000000000000001,0,full,True
ACT,62,8000104,metaworld,False,200,0.9940507329993125,0,0,0,0,0.0,,False,True,object_dropped,e9da47acb84a61d635557e3a2983ce0b141be505ca00086c4a2cb41c62d74560,b4d00b629663580725cee7c16b68664af3de3bc5986bddef37e01448932e3ffd,35203d16cfa98b5f2e002fcb1ffde2400abf9459c161f6a289efa0c46eddb36f,,,0.4,40.0,0.16000000000000003,0.010000000000000002,0.04000000000000001,0,full,True
ACT,63,8000105,metaworld,False,200,1.022204488999705,0,0,0,0,0.0,,False,True,timeout,6d2cd324f36337f1fe3e09020b31a2f55d22151d9ba47f076ccc156b689836cc,b4d00b629663580725cee7c16b68664af3de3bc5986bddef37e01448932e3ffd,4e97203f8ce1a96cef19545d4c4c300d0de39e4f94bd1941cef7ebc3dd48be02,,,0.4,40.0,0.16000000000000003,0.010000000000000002,0.04000000000000001,0,full,True
ACT,64,8000106,metaworld,True,58,0.2870348219985317,0,0,0,0,0.0,,True,False,,2447883c143c971864abdad95e3e09195a359b58c58585bf56b6bec600c58657,b4d00b629663580725cee7c16b68664af3de3bc5986bddef37e01448932e3ffd,06d355d7aff3b944ab4199c02a94c63d062e5c414c0b195f7b232b607e0ab1ed,,,0.4,40.0,0.16000000000000003,0.010000000000000002,0.04000000000000001,0,full,True
ACT,65,8000107,metaworld,False,200,0.9725231999982498,0,0,0,0,0.0,,False,True,timeout,381a6cfa956b90e917a8a4bbc0a86be073b1e7633aa6459843c4a3c2f6da54c4,b4d00b629663580725cee7c16b68664af3de3bc5986bddef37e01448932e3ffd,0cda21f8ffacf0a1e40e7b0e858a8e2ddc276972106d4bced99d4404b4a13fd8,,,0.4,40.0,0.16000000000000003,0.010000000000000002,0.04000000000000001,0,full,True
ACT,66,8000108,metaworld,True,53,0.2591630639981304,0,0,0,0,0.0,,True,False,,d85e82891dac155127684149b56732066f5cd176f8d0e4624c74940532fe71a3,b4d00b629663580725cee7c16b68664af3de3bc5986bddef37e01448932e3ffd,2ad5907877cc42b4447b9630988e3a1f0da0d83e1f696f71e22dc69905e631b6,,,0.4,40.0,0.16000000000000003,0.010000000000000002,0.04000000000000001,0,full,True
ACT,67,8000109,metaworld,True,59,0.28916131100049824,0,0,0,0,0.0,,True,False,,2edf884ffaa0daaf217c546f1efc564735f4ffd56290b135cd5523243e96620d,b4d00b629663580725cee7c16b68664af3de3bc5986bddef37e01448932e3ffd,a8cfe6e2276fbd15230c5555255b87d17333bdd29f84f687df7405d0311fae7f,,,0.4,40.0,0.16000000000000003,0.010000000000000002,0.04000000000000001,0,full,True
ACT,68,8000110,metaworld,False,200,0.9648131970025133,0,0,0,0,0.0,,False,True,timeout,bc4bdb25a7eb1b0b198b154b24f1079fff5a642b3b3dd9bb1880e35976f495b5,b4d00b629663580725cee7c16b68664af3de3bc5986bddef37e01448932e3ffd,0f719f94ef165c0b816b8b10c3f4f5fcf802c9f5a25141035590310315749280,,,0.4,40.0,0.16000000000000003,0.010000000000000002,0.04000000000000001,0,full,True
ACT,69,8000111,metaworld,False,200,0.9837947499981965,0,0,0,0,0.0,,False,True,timeout,535d239da8a3979ef1d254bb2510306bfb9266f7dd777eb385f262ab68e5d8a2,b4d00b629663580725cee7c16b68664af3de3bc5986bddef37e01448932e3ffd,3183afb500ebb9a5af177cccb5b5889a8321eb35261f8ec571269f8b5ed9cd1a,,,0.4,40.0,0.16000000000000003,0.010000000000000002,0.04000000000000001,0,full,True
ACT,70,8000112,metaworld,False,200,1.0139909360004822,0,0,0,0,0.0,,False,True,object_dropped,69f6039d4491c66b8f8aa961d943d2fc17dbf1ea9020144654936f9aafc1835a,b4d00b629663580725cee7c16b68664af3de3bc5986bddef37e01448932e3ffd,a8cfe6e2276fbd15230c5555255b87d17333bdd29f84f687df7405d0311fae7f,,,0.4,40.0,0.16000000000000003,0.010000000000000002,0.04000000000000001,0,full,True
ACT,71,8000113,metaworld,False,200,0.9559977950011671,0,0,0,0,0.0,,False,True,timeout,b961ebe81c77d47d2d78c573aaf2a9734c04ab46ec54df63a7bf7d9db2e37120,b4d00b629663580725cee7c16b68664af3de3bc5986bddef37e01448932e3ffd,f82ceac6f8787ac22c378edc1f141cedcc86bf9309b43f1aff6633ae0a963abb,,,0.4,40.0,0.16000000000000003,0.010000000000000002,0.04000000000000001,0,full,True
ACT,72,8000114,metaworld,False,200,0.9540636919991812,0,0,0,0,0.0,,False,True,timeout,959f14682c3c99b4925a6ed363be1d626d7c72a4d7f8ddbdbc9334faba2df37f,b4d00b629663580725cee7c16b68664af3de3bc5986bddef37e01448932e3ffd,e6e55bdbd77dc052facbc072d20b08a21d116978c37627b9a3d9dc7989dfbe62,,,0.4,40.0,0.16000000000000003,0.010000000000000002,0.04000000000000001,0,full,True
ACT,73,8000115,metaworld,True,65,0.31634589100212906,0,0,0,0,0.0,,True,False,,a523cf87764d31a5617851af30ce1f1d2f82f19ff177d196eef4f6e942fda708,b4d00b629663580725cee7c16b68664af3de3bc5986bddef37e01448932e3ffd,1c856fdcb5da12c3fa2d15b38741aa980fa3a47e64fb99f8635817590128f9ea,,,0.4,40.0,0.16000000000000003,0.010000000000000002,0.04000000000000001,0,full,True
ACT,74,8000116,metaworld,True,50,0.2463547160004964,0,0,0,0,0.0,,True,False,,8bc902b76aa7e1afaf9c4b8c8c7e68a2d327b97a8b0d526599dc7a843f4e228c,b4d00b629663580725cee7c16b68664af3de3bc5986bddef37e01448932e3ffd,27e1ed8c670f23dae46752497e383610e58c248d638e3b9b707808a32ce33d4e,,,0.4,40.0,0.16000000000000003,0.010000000000000002,0.04000000000000001,0,full,True
ACT,75,8000117,metaworld,True,56,0.2745779760007281,0,0,0,0,0.0,,True,False,,efcad61c716b91402d446517d7432ccc0ddc5fc0a5fcba9172db980dae38cba2,b4d00b629663580725cee7c16b68664af3de3bc5986bddef37e01448932e3ffd,3183afb500ebb9a5af177cccb5b5889a8321eb35261f8ec571269f8b5ed9cd1a,,,0.4,40.0,0.16000000000000003,0.010000000000000002,0.04000000000000001,0,full,True
ACT,76,8000118,metaworld,False,200,0.9549756310007069,0,0,0,0,0.0,,False,True,timeout,3a7b3d2540b6982094c0970cff90f17dd1210c21850500a953fc87b3ba21fcad,b4d00b629663580725cee7c16b68664af3de3bc5986bddef37e01448932e3ffd,acfaed29b052207b47b4b7fa76672795fd08de3add8565db05f141de82ece90b,,,0.4,40.0,0.16000000000000003,0.010000000000000002,0.04000000000000001,0,full,True
ACT,77,8000119,metaworld,False,200,0.9637360020024062,0,0,0,0,0.0,,False,True,timeout,705fdc240088ab3509dcf92038f9db7ca1a5edeb6beb0592323d25a12c9f1601,b4d00b629663580725cee7c16b68664af3de3bc5986bddef37e01448932e3ffd,7c3391ee418e26d47c002810bc00065e4dd0b6728c969d2338ad549ad01ebb0a,,,0.4,40.0,0.16000000000000003,0.010000000000000002,0.04000000000000001,0,full,True
ACT,78,8000120,metaworld,True,56,0.2679250709988992,0,0,0,0,0.0,,True,False,,0e46d49fef5ff7854e785e3fa0dc2ba8894b7944e8f020834e7c76109617ba2b,b4d00b629663580725cee7c16b68664af3de3bc5986bddef37e01448932e3ffd,64ee837add19202e84553431fdab118462cf5265eeae19a4d044b5a6818f771d,,,0.4,40.0,0.16000000000000003,0.010000000000000002,0.04000000000000001,0,full,True
ACT,79,8000121,metaworld,False,200,0.9444091449986445,0,0,0,0,0.0,,False,True,object_dropped,dbe80796e13c46376a1968ba56e850103b98cc8e0b92cd89b4c62bd29674d8c9,b4d00b629663580725cee7c16b68664af3de3bc5986bddef37e01448932e3ffd,25805a097f1f4b8c203ec3c130dcd3e66b5fb3ad298114a08662aae6c86fa673,,,0.4,40.0,0.16000000000000003,0.010000000000000002,0.04000000000000001,0,full,True
ACT,80,8000122,metaworld,False,200,0.9488313410001865,0,0,0,0,0.0,,False,True,timeout,eeda3f1bd08bfaea3585ef58db9dfbc712302ef84ca863fd7b08dcadf0210c45,b4d00b629663580725cee7c16b68664af3de3bc5986bddef37e01448932e3ffd,2eb279a724955c1a9d173681940490ec9cc8ed4fdc15a95533884a23d4ccdb4e,,,0.4,40.0,0.16000000000000003,0.010000000000000002,0.04000000000000001,0,full,True
ACT,81,8000123,metaworld,False,200,0.9475469720018737,0,0,0,0,0.0,,False,True,timeout,f9902fc02739a92ee55d07c4ad628ea52d1a1315501780b94d062494238b3493,b4d00b629663580725cee7c16b68664af3de3bc5986bddef37e01448932e3ffd,25805a097f1f4b8c203ec3c130dcd3e66b5fb3ad298114a08662aae6c86fa673,,,0.4,40.0,0.16000000000000003,0.010000000000000002,0.04000000000000001,0,full,True
ACT,82,8000124,metaworld,True,54,0.2572232279999298,0,0,0,0,0.0,,True,False,,84cac79d3208a6e72db45c5f8ba6d0cdc03d7b85165f07ae32dbb0d2613c78d6,b4d00b629663580725cee7c16b68664af3de3bc5986bddef37e01448932e3ffd,bb2c6b1aed959fa3ddddb1c215ce67cbb5b0ec080eb65fb58e06b7776849a096,,,0.4,40.0,0.16000000000000003,0.010000000000000002,0.04000000000000001,0,full,True
ACT,83,8000125,metaworld,False,200,1.0112374649979756,0,0,0,0,0.0,,False,True,timeout,828c53b2dc828574d489423a98ced88ec4e8a972522eac46b6a8deabcf393855,b4d00b629663580725cee7c16b68664af3de3bc5986bddef37e01448932e3ffd,08a97a6dfa17f78b5cc5b1351d60038e4a40a68fc93722672482714333b1d9b5,,,0.4,40.0,0.16000000000000003,0.010000000000000002,0.04000000000000001,0,full,True
ACT,84,8000126,metaworld,True,59,0.29445833299905644,0,0,0,0,0.0,,True,False,,0f1a014c792e0edb281a2a0eaeacf70c4c1f34d83735c0a6045f38e79b45bf56,b4d00b629663580725cee7c16b68664af3de3bc5986bddef37e01448932e3ffd,25805a097f1f4b8c203ec3c130dcd3e66b5fb3ad298114a08662aae6c86fa673,,,0.4,40.0,0.16000000000000003,0.010000000000000002,0.04000000000000001,0,full,True
ACT,85,8000127,metaworld,False,200,0.963933832001203,0,0,0,0,0.0,,False,True,timeout,abfed03c62e5c2f8aaf85a7031dada3bbd40219b909f107af903e29870d87cd4,b4d00b629663580725cee7c16b68664af3de3bc5986bddef37e01448932e3ffd,1c856fdcb5da12c3fa2d15b38741aa980fa3a47e64fb99f8635817590128f9ea,,,0.4,40.0,0.16000000000000003,0.010000000000000002,0.04000000000000001,0,full,True
ACT,86,8000128,metaworld,False,200,0.968827134998719,0,0,0,0,0.0,,False,True,timeout,ad5cfea78fe100dbca0983f2b60eb2817dc01fe8b7d7db73fdaaabfdcdfa00b7,b4d00b629663580725cee7c16b68664af3de3bc5986bddef37e01448932e3ffd,5e1df472084de78052388a34f03cad3de438ca9b5dc801b5759dd57c66a7482a,,,0.4,40.0,0.16000000000000003,0.010000000000000002,0.04000000000000001,0,full,True
ACT,87,8000129,metaworld,True,62,0.3037028510007076,0,0,0,0,0.0,,True,False,,960be8dafdcecdb2db5ddc5a016c80395f30edbe0fadd5bca05d28a852daf9a4,b4d00b629663580725cee7c16b68664af3de3bc5986bddef37e01448932e3ffd,1c856fdcb5da12c3fa2d15b38741aa980fa3a47e64fb99f8635817590128f9ea,,,0.4,40.0,0.16000000000000003,0.010000000000000002,0.04000000000000001,0,full,True
ACT,88,8000130,metaworld,False,200,1.0111066290010058,0,0,0,0,0.0,,False,True,timeout,9d6412aaddf3acf170d8eed9138091420a12de51b465c657333f9239064570f4,b4d00b629663580725cee7c16b68664af3de3bc5986bddef37e01448932e3ffd,942fb6a87dc1e3eb7bf7bb111c97e7096138256b4a9a6b4c62a012fabe8bec38,,,0.4,40.0,0.16000000000000003,0.010000000000000002,0.04000000000000001,0,full,True
ACT,89,8000131,metaworld,False,200,1.0296823289972963,0,0,0,0,0.0,,False,True,object_dropped,ce071c196c2456ccb1f3b5dbe35b69d761fe1f0a53dc239bc4840c3be46203b8,b4d00b629663580725cee7c16b68664af3de3bc5986bddef37e01448932e3ffd,0f719f94ef165c0b816b8b10c3f4f5fcf802c9f5a25141035590310315749280,,,0.4,40.0,0.16000000000000003,0.010000000000000002,0.04000000000000001,0,full,True
ACT,90,8000132,metaworld,True,61,0.298142938001547,0,0,0,0,0.0,,True,False,,3eb9a92d900b29ec24df51851c191f47ef26ea5aedc1a790d67684a7f9b9f15e,b4d00b629663580725cee7c16b68664af3de3bc5986bddef37e01448932e3ffd,c40fedd273cade53989af8adc3ca66d02f2d92ca4d97b2f6391a0dd0ab6dbca3,,,0.4,40.0,0.16000000000000003,0.010000000000000002,0.04000000000000001,0,full,True
ACT,91,8000133,metaworld,False,200,0.983926569999312,0,0,0,0,0.0,,False,True,timeout,8a1eeee6636bcc24376a830684430cec41f09a3358607701256a42aa4e0485ce,b4d00b629663580725cee7c16b68664af3de3bc5986bddef37e01448932e3ffd,38329c6b97bbe7d133bf007c22742dca5f0cd7258f8d7199135c6c2371ae591d,,,0.4,40.0,0.16000000000000003,0.010000000000000002,0.04000000000000001,0,full,True
ACT,92,8000134,metaworld,True,60,0.2943305619992316,0,0,0,0,0.0,,True,False,,37c207ce2ff63af405953c33edef808463129ff62aa5c797ae1f9fcec84a932f,b4d00b629663580725cee7c16b68664af3de3bc5986bddef37e01448932e3ffd,48ce9609a38b32e56f7e6a43ffef71c21c8b1d17ed5a63d47701bc1dfc3ff271,,,0.4,40.0,0.16000000000000003,0.010000000000000002,0.04000000000000001,0,full,True
ACT,93,8000135,metaworld,False,200,1.0218298399995547,0,0,0,0,0.0,,False,True,timeout,5d38bc5e75d3af55e746f7218b15784572e492b165f6ca57415443bc90428b07,b4d00b629663580725cee7c16b68664af3de3bc5986bddef37e01448932e3ffd,48ce9609a38b32e56f7e6a43ffef71c21c8b1d17ed5a63d47701bc1dfc3ff271,,,0.4,40.0,0.16000000000000003,0.010000000000000002,0.04000000000000001,0,full,True
ACT,94,8000136,metaworld,True,51,0.260940751999442,0,0,0,0,0.0,,True,False,,51233b15fdaf8b6d860743a1af6400e66c2cedf6549ce64598ddb21a6a384524,b4d00b629663580725cee7c16b68664af3de3bc5986bddef37e01448932e3ffd,bb2c6b1aed959fa3ddddb1c215ce67cbb5b0ec080eb65fb58e06b7776849a096,,,0.4,40.0,0.16000000000000003,0.010000000000000002,0.04000000000000001,0,full,True
ACT,95,8000137,metaworld,False,200,1.0063388630005647,0,0,0,0,0.0,,False,True,timeout,25ec4e1b30f0fbcb80f8055257c4bb51e4dc3c2a7ea36d6a500c641bc22a09c5,b4d00b629663580725cee7c16b68664af3de3bc5986bddef37e01448932e3ffd,27e1ed8c670f23dae46752497e383610e58c248d638e3b9b707808a32ce33d4e,,,0.4,40.0,0.16000000000000003,0.010000000000000002,0.04000000000000001,0,full,True
ACT,96,8000138,metaworld,False,200,1.228394981000747,0,0,0,0,0.0,,False,True,object_dropped,396995f778134fd316b9745a69a97acd91e2f1afc1fabf89b63b1f34afe71d7f,b4d00b629663580725cee7c16b68664af3de3bc5986bddef37e01448932e3ffd,08a97a6dfa17f78b5cc5b1351d60038e4a40a68fc93722672482714333b1d9b5,,,0.4,40.0,0.16000000000000003,0.010000000000000002,0.04000000000000001,0,full,True
ACT,97,8000139,metaworld,False,200,1.0518624169999384,0,0,0,0,0.0,,False,True,object_dropped,fea4954238a3defccb04f0726db3042b268a5bf97ab3b6f88ee37b0a6880131d,b4d00b629663580725cee7c16b68664af3de3bc5986bddef37e01448932e3ffd,b8e45a2f8f553d53c6eef0305347f910b9999bcae6df6ccaf0eaee6ac864e670,,,0.4,40.0,0.16000000000000003,0.010000000000000002,0.04000000000000001,0,full,True
ACT,98,8000140,metaworld,False,200,1.0321100620021753,0,0,0,0,0.0,,False,True,timeout,4f437a74206420b22c049a39a4994d46d4c937505216fe3937306c3a45404c60,b4d00b629663580725cee7c16b68664af3de3bc5986bddef37e01448932e3ffd,f82ceac6f8787ac22c378edc1f141cedcc86bf9309b43f1aff6633ae0a963abb,,,0.4,40.0,0.16000000000000003,0.010000000000000002,0.04000000000000001,0,full,True
ACT,99,8000141,metaworld,False,200,1.0820445490026032,0,0,0,0,0.0,,False,True,timeout,a8a3523171725e82e0435b99b8debd36d082ba814bcbb09198a77b47791ef6e5,b4d00b629663580725cee7c16b68664af3de3bc5986bddef37e01448932e3ffd,f82ceac6f8787ac22c378edc1f141cedcc86bf9309b43f1aff6633ae0a963abb,,,0.4,40.0,0.16000000000000003,0.010000000000000002,0.04000000000000001,0,full,True
ACT,100,8000142,metaworld,False,200,1.0323091710015433,0,0,0,0,0.0,,False,True,timeout,8c543dbb30a21db46592e209c79a7bd45d4575d827e23e6ab1eb32b09e3bb47b,b4d00b629663580725cee7c16b68664af3de3bc5986bddef37e01448932e3ffd,e216352c7f1c7392270c7c501bb599f2a46f420613a124fda0729ab88160cdf2,,,0.4,40.0,0.16000000000000003,0.010000000000000002,0.04000000000000001,0,full,True
ACT,101,8000143,metaworld,False,200,1.0158391579971067,0,0,0,0,0.0,,False,True,timeout,de422b577e36db21825a52b290638ebd03e1b922b39a1f435f32bc4cada1984c,b4d00b629663580725cee7c16b68664af3de3bc5986bddef37e01448932e3ffd,35203d16cfa98b5f2e002fcb1ffde2400abf9459c161f6a289efa0c46eddb36f,,,0.4,40.0,0.16000000000000003,0.010000000000000002,0.04000000000000001,0,full,True
ACT,102,8000144,metaworld,False,200,1.0003891960004694,0,0,0,0,0.0,,False,True,timeout,555ea9d663b4b4627cab8c6b56f24776c338e0387dd68e3b0df06bbdbd5a3d96,b4d00b629663580725cee7c16b68664af3de3bc5986bddef37e01448932e3ffd,504c23f653f6cdee9d659d9320b164606b319d4f0e9cdf0f3a87e2fc7a98160a,,,0.4,40.0,0.16000000000000003,0.010000000000000002,0.04000000000000001,0,full,True
ACT,103,8000145,metaworld,True,58,0.29134613400310627,0,0,0,0,0.0,,True,False,,8601ce5489fdee4e0cb577aa339328473418e664c643d49146a4456a28cf66c2,b4d00b629663580725cee7c16b68664af3de3bc5986bddef37e01448932e3ffd,a0b103bf3e43f4aa92753185301eba5e2e31594285004b99f51a59b33bd2d620,,,0.4,40.0,0.16000000000000003,0.010000000000000002,0.04000000000000001,0,full,True
ACT,104,8000146,metaworld,False,200,1.01826158699987,0,0,0,0,0.0,,False,True,timeout,6d7c6012b405c9970ff61a68e87a5a6da15cabb6c50eec0b1d6fc91c192eb607,b4d00b629663580725cee7c16b68664af3de3bc5986bddef37e01448932e3ffd,56b7f182edcfeefa9301e1edd53d7f36e4418de7e6df1b54b0f0c298cde1b3cd,,,0.4,40.0,0.16000000000000003,0.010000000000000002,0.04000000000000001,0,full,True
ACT,105,8000147,metaworld,False,200,1.0183668469981058,0,0,0,0,0.0,,False,True,timeout,9771f1e722ef88a6aed9147f44180df24e40817f4b1da9021131c146e6e458e2,b4d00b629663580725cee7c16b68664af3de3bc5986bddef37e01448932e3ffd,08a97a6dfa17f78b5cc5b1351d60038e4a40a68fc93722672482714333b1d9b5,,,0.4,40.0,0.16000000000000003,0.010000000000000002,0.04000000000000001,0,full,True
ACT,106,8000148,metaworld,False,200,1.092760368999734,0,0,0,0,0.0,,False,True,timeout,9f33c34bb78a671bfde49b890e3427ed7484415df17294d15ffcf2c8aad989a5,b4d00b629663580725cee7c16b68664af3de3bc5986bddef37e01448932e3ffd,08a97a6dfa17f78b5cc5b1351d60038e4a40a68fc93722672482714333b1d9b5,,,0.4,40.0,0.16000000000000003,0.010000000000000002,0.04000000000000001,0,full,True
ACT,107,8000149,metaworld,True,60,0.3073500659993442,0,0,0,0,0.0,,True,False,,39cc67900d329abbdcb2901ccec65c9735d1b3e4d53ccf51814fdead0b086d58,b4d00b629663580725cee7c16b68664af3de3bc5986bddef37e01448932e3ffd,524e161a612d94c222d06154bcd0129d0851b8fad51ae883abbef6e86d43cbb0,,,0.4,40.0,0.16000000000000003,0.010000000000000002,0.04000000000000001,0,full,True
ACT,108,8000150,metaworld,True,48,0.2429962259993772,0,0,0,0,0.0,,True,False,,7f431696e21e3b6d22626594c123c2e3d0ac86994635197d2d14daa49ed08e16,b4d00b629663580725cee7c16b68664af3de3bc5986bddef37e01448932e3ffd,5d73f28d4d24cdbcb36a5e5cd61ec1a82f7287ce56d88da8cea912ed757b164c,,,0.4,40.0,0.16000000000000003,0.010000000000000002,0.04000000000000001,0,full,True
ACT,109,8000151,metaworld,False,200,1.0141650190016662,0,0,0,0,0.0,,False,True,timeout,cd06332c5b03afe6a44f208e07d3c6d4524e6ba7bf5f4523617238f40dada520,b4d00b629663580725cee7c16b68664af3de3bc5986bddef37e01448932e3ffd,aa1f17aacdf569c3a2930a2ebbf742ff43f8d3acfc772731a5c344cabcd52570,,,0.4,40.0,0.16000000000000003,0.010000000000000002,0.04000000000000001,0,full,True
ACT,110,8000152,metaworld,False,200,1.0092727549999836,0,0,0,0,0.0,,False,True,timeout,e3244126e528ec522afb3e8200216f86a8281f864f2f428afa56098df9624954,b4d00b629663580725cee7c16b68664af3de3bc5986bddef37e01448932e3ffd,cea0b9105255f82e0ee99bfb3998a6edce02b446d4b14afb0747282cd18aa202,,,0.4,40.0,0.16000000000000003,0.010000000000000002,0.04000000000000001,0,full,True
ACT,111,8000153,metaworld,False,200,1.0452002640013234,0,0,0,0,0.0,,False,True,timeout,dd4fe80d0891f821a2bb7560b93d5a059f7d25d174cc0d40511048a4a423cf87,b4d00b629663580725cee7c16b68664af3de3bc5986bddef37e01448932e3ffd,e6e55bdbd77dc052facbc072d20b08a21d116978c37627b9a3d9dc7989dfbe62,,,0.4,40.0,0.16000000000000003,0.010000000000000002,0.04000000000000001,0,full,True
ACT,112,8000154,metaworld,False,200,1.0321973960017203,0,0,0,0,0.0,,False,True,timeout,868a5b4460f00a19445d2151ae28c5f1d2cfb0e005c48780fd84d3022c008b57,b4d00b629663580725cee7c16b68664af3de3bc5986bddef37e01448932e3ffd,5e1df472084de78052388a34f03cad3de438ca9b5dc801b5759dd57c66a7482a,,,0.4,40.0,0.16000000000000003,0.010000000000000002,0.04000000000000001,0,full,True
ACT,113,8000155,metaworld,True,61,0.29528995899818256,0,0,0,0,0.0,,True,False,,abd70758ae74840622d9d363e1147034d9553204021c4a15dc3577c63393fdf8,b4d00b629663580725cee7c16b68664af3de3bc5986bddef37e01448932e3ffd,8a99d46d6d04afe3e2ef92bb607dde5e178b5c37506006c4f364e345976453b1,,,0.4,40.0,0.16000000000000003,0.010000000000000002,0.04000000000000001,0,full,True
ACT,114,8000156,metaworld,False,200,0.9807741539989365,0,0,0,0,0.0,,False,True,timeout,cfaca34b85af5cc8154cd847b65ad21f7cfaa32c52906d78332d6c835897e8c9,b4d00b629663580725cee7c16b68664af3de3bc5986bddef37e01448932e3ffd,a8cfe6e2276fbd15230c5555255b87d17333bdd29f84f687df7405d0311fae7f,,,0.4,40.0,0.16000000000000003,0.010000000000000002,0.04000000000000001,0,full,True
ACT,115,8000157,metaworld,False,200,0.9590824680017249,0,0,0,0,0.0,,False,True,timeout,76614d88a9fd1ef4a7277c69be5baf3689681810c414a4ab066fc4bf731bb835,b4d00b629663580725cee7c16b68664af3de3bc5986bddef37e01448932e3ffd,08a97a6dfa17f78b5cc5b1351d60038e4a40a68fc93722672482714333b1d9b5,,,0.4,40.0,0.16000000000000003,0.010000000000000002,0.04000000000000001,0,full,True
ACT,116,8000158,metaworld,False,200,0.9530384559984668,0,0,0,0,0.0,,False,True,object_dropped,0e9dbc40df31e45a472b514df4c1032bcaa1e6b45131c87559e8af3bf4eacb70,b4d00b629663580725cee7c16b68664af3de3bc5986bddef37e01448932e3ffd,b8e45a2f8f553d53c6eef0305347f910b9999bcae6df6ccaf0eaee6ac864e670,,,0.4,40.0,0.16000000000000003,0.010000000000000002,0.04000000000000001,0,full,True
ACT,117,8000159,metaworld,False,200,0.9585174650019326,0,0,0,0,0.0,,False,True,timeout,92348c3c7c2d125033eeedbe185f1ddf636bc728ba1f7d31bdee9dde4aefd317,b4d00b629663580725cee7c16b68664af3de3bc5986bddef37e01448932e3ffd,0f719f94ef165c0b816b8b10c3f4f5fcf802c9f5a25141035590310315749280,,,0.4,40.0,0.16000000000000003,0.010000000000000002,0.04000000000000001,0,full,True
ACT,118,8000160,metaworld,False,200,0.9745679529987683,0,0,0,0,0.0,,False,True,timeout,f5622e341a0f6b774cc6fbefa16ed40f2a2472c79572a91aeb34e8b6df3f3ff4,b4d00b629663580725cee7c16b68664af3de3bc5986bddef37e01448932e3ffd,342b72dafe0e47ecf8a937cb01e62ac02c2d77bf93dafca59574cbbbfc4ad77b,,,0.4,40.0,0.16000000000000003,0.010000000000000002,0.04000000000000001,0,full,True
ACT,119,8000161,metaworld,True,55,0.27133421699909377,0,0,0,0,0.0,,True,False,,f3ed2b567573e4af8435db97c06c72f7a959fbe4df3753f1b322a8f3a65ea0a3,b4d00b629663580725cee7c16b68664af3de3bc5986bddef37e01448932e3ffd,ba19e0623fe05add91e00811bacb33e27305f5fcb6549be6f6278ebce6046101,,,0.4,40.0,0.16000000000000003,0.010000000000000002,0.04000000000000001,0,full,True
ACT,120,8000162,metaworld,True,59,0.2912455459991179,0,0,0,0,0.0,,True,False,,8ee312b715b638103566a56c2aeec7683ec94faf11817054a6c34f3497449ff9,b4d00b629663580725cee7c16b68664af3de3bc5986bddef37e01448932e3ffd,acfaed29b052207b47b4b7fa76672795fd08de3add8565db05f141de82ece90b,,,0.4,40.0,0.16000000000000003,0.010000000000000002,0.04000000000000001,0,full,True
ACT,121,8000163,metaworld,True,56,0.27752540900110034,0,0,0,0,0.0,,True,False,,837f9be6aa6c4ec151be3eb49625cdf06d116944597dbff82c26ace78ca52b2d,b4d00b629663580725cee7c16b68664af3de3bc5986bddef37e01448932e3ffd,0cda21f8ffacf0a1e40e7b0e858a8e2ddc276972106d4bced99d4404b4a13fd8,,,0.4,40.0,0.16000000000000003,0.010000000000000002,0.04000000000000001,0,full,True
ACT,122,8000164,metaworld,False,200,0.9886977130008745,0,0,0,0,0.0,,False,True,timeout,31a81aa11ec5be1bc43a939bab7b50aa9c200308e99ec4a693e08fc5d58f4e90,b4d00b629663580725cee7c16b68664af3de3bc5986bddef37e01448932e3ffd,15a9adece7ebea14bdf37f5376e274c6dce4711281025cf35060933ba9ab8ad3,,,0.4,40.0,0.16000000000000003,0.010000000000000002,0.04000000000000001,0,full,True
ACT,123,8000165,metaworld,False,200,0.9797405880017322,0,0,0,0,0.0,,False,True,timeout,4b6c4b98d8640ca219ed50d11f5b8e89417e393aa6b0cae8940390063eba20cb,b4d00b629663580725cee7c16b68664af3de3bc5986bddef37e01448932e3ffd,0f719f94ef165c0b816b8b10c3f4f5fcf802c9f5a25141035590310315749280,,,0.4,40.0,0.16000000000000003,0.010000000000000002,0.04000000000000001,0,full,True
ACT,124,8000166,metaworld,True,55,0.2961335540021537,0,0,0,0,0.0,,True,False,,9b878cb0432c9ff74a2ea0303c456e52b1f3c8f2f1f1060a6a693a3bffc65677,b4d00b629663580725cee7c16b68664af3de3bc5986bddef37e01448932e3ffd,aa1f17aacdf569c3a2930a2ebbf742ff43f8d3acfc772731a5c344cabcd52570,,,0.4,40.0,0.16000000000000003,0.010000000000000002,0.04000000000000001,0,full,True
ACT,125,8000167,metaworld,False,200,0.9835289830007241,0,0,0,0,0.0,,False,True,timeout,e36e8c4bd642e674767ad577e950ffe1ee1da9a72861a4f6c6c57970ff49aed3,b4d00b629663580725cee7c16b68664af3de3bc5986bddef37e01448932e3ffd,a0b103bf3e43f4aa92753185301eba5e2e31594285004b99f51a59b33bd2d620,,,0.4,40.0,0.16000000000000003,0.010000000000000002,0.04000000000000001,0,full,True
ACT,126,8000168,metaworld,False,200,0.973068074999901,0,0,0,0,0.0,,False,True,timeout,1245c2a4f8021be9da1771f78709206e80a2be62f141f31272d9052fae0c0067,b4d00b629663580725cee7c16b68664af3de3bc5986bddef37e01448932e3ffd,15a9adece7ebea14bdf37f5376e274c6dce4711281025cf35060933ba9ab8ad3,,,0.4,40.0,0.16000000000000003,0.010000000000000002,0.04000000000000001,0,full,True
ACT,127,8000169,metaworld,False,200,0.9879140520024521,0,0,0,0,0.0,,False,True,object_dropped,c88443ae5f1a27bdfe53737ff648a6fd4146e78fdcc7b7df7c6e93d0d5f4b76e,b4d00b629663580725cee7c16b68664af3de3bc5986bddef37e01448932e3ffd,2ad5907877cc42b4447b9630988e3a1f0da0d83e1f696f71e22dc69905e631b6,,,0.4,40.0,0.16000000000000003,0.010000000000000002,0.04000000000000001,0,full,True
ACT,128,8000170,metaworld,False,200,0.9837254450030741,0,0,0,0,0.0,,False,True,timeout,26667625bf595644472791e8be9f19c2c78bfbbd8cf602f10c9d16588555cc05,b4d00b629663580725cee7c16b68664af3de3bc5986bddef37e01448932e3ffd,8a99d46d6d04afe3e2ef92bb607dde5e178b5c37506006c4f364e345976453b1,,,0.4,40.0,0.16000000000000003,0.010000000000000002,0.04000000000000001,0,full,True
ACT,129,8000171,metaworld,True,61,0.29834987800131785,0,0,0,0,0.0,,True,False,,45c067e3f5d7deb7c594b7d3ad07d699ba69860bd6163d26e8b2a646294dd0f3,b4d00b629663580725cee7c16b68664af3de3bc5986bddef37e01448932e3ffd,08a97a6dfa17f78b5cc5b1351d60038e4a40a68fc93722672482714333b1d9b5,,,0.4,40.0,0.16000000000000003,0.010000000000000002,0.04000000000000001,0,full,True
ACT,130,8000172,metaworld,False,200,0.9822271419980098,0,0,0,0,0.0,,False,True,object_dropped,87cb9ba09122edf1449359c6ff9785e1ff403028e99c76ebfe4fb99ac893378c,b4d00b629663580725cee7c16b68664af3de3bc5986bddef37e01448932e3ffd,7c3391ee418e26d47c002810bc00065e4dd0b6728c969d2338ad549ad01ebb0a,,,0.4,40.0,0.16000000000000003,0.010000000000000002,0.04000000000000001,0,full,True
ACT,131,8000173,metaworld,True,51,0.2509168040014629,0,0,0,0,0.0,,True,False,,7273a4aad30435c699c36128d23215c64b71aee262ce679bc9d693ee9b667cc0,b4d00b629663580725cee7c16b68664af3de3bc5986bddef37e01448932e3ffd,bb2c6b1aed959fa3ddddb1c215ce67cbb5b0ec080eb65fb58e06b7776849a096,,,0.4,40.0,0.16000000000000003,0.010000000000000002,0.04000000000000001,0,full,True
ACT,132,8000174,metaworld,True,55,0.27597084599983646,0,0,0,0,0.0,,True,False,,61c51cb70b94b16a834ccfd9a3d7c361bf451504f658072b723a12c066041b3c,b4d00b629663580725cee7c16b68664af3de3bc5986bddef37e01448932e3ffd,c40fedd273cade53989af8adc3ca66d02f2d92ca4d97b2f6391a0dd0ab6dbca3,,,0.4,40.0,0.16000000000000003,0.010000000000000002,0.04000000000000001,0,full,True
ACT,133,8000175,metaworld,False,200,0.992357429000549,0,0,0,0,0.0,,False,True,timeout,d4f53030380ee98089cd15958d1fa9e01dbd6003bfa6b0ce02be646bd6bd2e77,b4d00b629663580725cee7c16b68664af3de3bc5986bddef37e01448932e3ffd,bb2c6b1aed959fa3ddddb1c215ce67cbb5b0ec080eb65fb58e06b7776849a096,,,0.4,40.0,0.16000000000000003,0.010000000000000002,0.04000000000000001,0,full,True
ACT,134,8000176,metaworld,False,200,0.9489117010016344,0,0,0,0,0.0,,False,True,timeout,a6fea1ee9d40af5a8fee406fd2d76344f19bd20befd119d0e636991a3bf12593,b4d00b629663580725cee7c16b68664af3de3bc5986bddef37e01448932e3ffd,6338b57c8983138382fa5c9ee7bb2d2c200be44368697f7ffa8216ea26ddccaf,,,0.4,40.0,0.16000000000000003,0.010000000000000002,0.04000000000000001,0,full,True
ACT,135,8000177,metaworld,False,200,0.9398608970004716,0,0,0,0,0.0,,False,True,timeout,ca72c76985e6dbfd701e264775a2f9f42fe21fc3a3c23e0151c4845cf2a1db7a,b4d00b629663580725cee7c16b68664af3de3bc5986bddef37e01448932e3ffd,1c856fdcb5da12c3fa2d15b38741aa980fa3a47e64fb99f8635817590128f9ea,,,0.4,40.0,0.16000000000000003,0.010000000000000002,0.04000000000000001,0,full,True
ACT,136,8000178,metaworld,True,57,0.26768010099840467,0,0,0,0,0.0,,True,False,,9c43025072d2ce91f52451c1d304365b41cbea5961a7b9ace7553ecd151a3fba,b4d00b629663580725cee7c16b68664af3de3bc5986bddef37e01448932e3ffd,acfaed29b052207b47b4b7fa76672795fd08de3add8565db05f141de82ece90b,,,0.4,40.0,0.16000000000000003,0.010000000000000002,0.04000000000000001,0,full,True
ACT,137,8000179,metaworld,False,200,0.9666362099997059,0,0,0,0,0.0,,False,True,object_dropped,7aa13fbb7a4502fddac23fef7c99cf7b9eeb8312f47b42965eb7e203b17efb7c,b4d00b629663580725cee7c16b68664af3de3bc5986bddef37e01448932e3ffd,2ad5907877cc42b4447b9630988e3a1f0da0d83e1f696f71e22dc69905e631b6,,,0.4,40.0,0.16000000000000003,0.010000000000000002,0.04000000000000001,0,full,True
ACT,138,8000180,metaworld,False,200,0.9595601250002801,0,0,0,0,0.0,,False,True,timeout,23ed77c539b17827dfc60de1f3839d831bc6173fe0251a2ec3ae9e89912eef18,b4d00b629663580725cee7c16b68664af3de3bc5986bddef37e01448932e3ffd,56b7f182edcfeefa9301e1edd53d7f36e4418de7e6df1b54b0f0c298cde1b3cd,,,0.4,40.0,0.16000000000000003,0.010000000000000002,0.04000000000000001,0,full,True
ACT,139,8000181,metaworld,False,200,0.9426071599991701,0,0,0,0,0.0,,False,True,object_dropped,aa458d9874ef6037deb1c36c386f4760701a9bb0eace95e66872ace76095a766,b4d00b629663580725cee7c16b68664af3de3bc5986bddef37e01448932e3ffd,0f719f94ef165c0b816b8b10c3f4f5fcf802c9f5a25141035590310315749280,,,0.4,40.0,0.16000000000000003,0.010000000000000002,0.04000000000000001,0,full,True
ACT,140,8000182,metaworld,True,55,0.24085548099901644,0,0,0,0,0.0,,True,False,,c1f98f5d685ba00e4aa3310b4b138bfc3a24b6b32fff82923effa81ad045dc05,b4d00b629663580725cee7c16b68664af3de3bc5986bddef37e01448932e3ffd,6cb8d983459a8e57d4ae53a86da2394015cabba2d7c306dcaf7b14af979ca230,,,0.4,40.0,0.16000000000000003,0.010000000000000002,0.04000000000000001,0,full,True
ACT,141,8000183,metaworld,True,66,0.29373025099994265,0,0,0,0,0.0,,True,False,,00403a4c011ba62f383e8c81adfe3470d56d5a630bb222cd0ba032f8fa127017,b4d00b629663580725cee7c16b68664af3de3bc5986bddef37e01448932e3ffd,39001749c902e2ab9d015efb8c7644faffff99810b709d3203dc359d5eacdcbd,,,0.4,40.0,0.16000000000000003,0.010000000000000002,0.04000000000000001,0,full,True
ACT,142,8000184,metaworld,True,60,0.265072895999765,0,0,0,0,0.0,,True,False,,a015c85de79071a2dd9561a35e88bdf2f95bac9f6be9456e7df85034b3909199,b4d00b629663580725cee7c16b68664af3de3bc5986bddef37e01448932e3ffd,f6a9ed9055e00c868d6771022c2c557a6a48990bdacbed585d07cde857d4755a,,,0.4,40.0,0.16000000000000003,0.010000000000000002,0.04000000000000001,0,full,True
ACT,143,8000185,metaworld,False,200,0.8878554620023351,0,0,0,0,0.0,,False,True,timeout,22e777af7004ede8ce3f7b2beab1ba35797c63f2ccb4af554dd33c178dd10a47,b4d00b629663580725cee7c16b68664af3de3bc5986bddef37e01448932e3ffd,39001749c902e2ab9d015efb8c7644faffff99810b709d3203dc359d5eacdcbd,,,0.4,40.0,0.16000000000000003,0.010000000000000002,0.04000000000000001,0,full,True
ACT,144,8000186,metaworld,False,200,0.879499490998569,0,0,0,0,0.0,,False,True,timeout,b80c0fc722c701337cd6c06e66f0a78b86bc460395f96a625162a8f207dc41ff,b4d00b629663580725cee7c16b68664af3de3bc5986bddef37e01448932e3ffd,588df85fb38ef87f822932ad2f702be807974873e4a07ea43084bbdeeaac6604,,,0.4,40.0,0.16000000000000003,0.010000000000000002,0.04000000000000001,0,full,True
ACT,145,8000187,metaworld,True,73,0.3277236569992965,0,0,0,0,0.0,,True,False,,573165e4a43cda046223ea5c78e1111114fafabdd209d0a87563b04c1d446551,b4d00b629663580725cee7c16b68664af3de3bc5986bddef37e01448932e3ffd,c5023b3d25031a103b9549b6e8c83ba09d69e708ef117c31128a38e03616e5d8,,,0.4,40.0,0.16000000000000003,0.010000000000000002,0.04000000000000001,0,full,True
ACT,146,8000188,metaworld,False,200,0.8752091030000884,0,0,0,0,0.0,,False,True,object_dropped,2f550a578510b170a0666981311b1c3a8e6e1e0005590ca427fc4af48405de3c,b4d00b629663580725cee7c16b68664af3de3bc5986bddef37e01448932e3ffd,942fb6a87dc1e3eb7bf7bb111c97e7096138256b4a9a6b4c62a012fabe8bec38,,,0.4,40.0,0.16000000000000003,0.010000000000000002,0.04000000000000001,0,full,True
ACT,147,8000189,metaworld,False,200,0.927416689999518,0,0,0,0,0.0,,False,True,timeout,1b2692168c221fd5e2992928147cc6045fcea4f602051cceda79bc1e55f5cafd,b4d00b629663580725cee7c16b68664af3de3bc5986bddef37e01448932e3ffd,7c3391ee418e26d47c002810bc00065e4dd0b6728c969d2338ad549ad01ebb0a,,,0.4,40.0,0.16000000000000003,0.010000000000000002,0.04000000000000001,0,full,True
ACT,148,8000190,metaworld,False,200,0.8591142559998843,0,0,0,0,0.0,,False,True,object_dropped,70a5bd302fff08dbf945611e45fab64a849e8304075aa52b1d5db95c1e60feb6,b4d00b629663580725cee7c16b68664af3de3bc5986bddef37e01448932e3ffd,cea0b9105255f82e0ee99bfb3998a6edce02b446d4b14afb0747282cd18aa202,,,0.4,40.0,0.16000000000000003,0.010000000000000002,0.04000000000000001,0,full,True
ACT,149,8000191,metaworld,False,200,0.8915988539993123,0,0,0,0,0.0,,False,True,timeout,1a738d08b2c17c69adb30fc030161ebdb5f6b05508346cdc5dd5e5529c956564,b4d00b629663580725cee7c16b68664af3de3bc5986bddef37e01448932e3ffd,e216352c7f1c7392270c7c501bb599f2a46f420613a124fda0729ab88160cdf2,,,0.4,40.0,0.16000000000000003,0.010000000000000002,0.04000000000000001,0,full,True
ACT,150,8000192,metaworld,True,60,0.27574201700190315,0,0,0,0,0.0,,True,False,,ef63a340cefdc942d5acebe57a2d5f6c06dcfd010db953824519026881776997,b4d00b629663580725cee7c16b68664af3de3bc5986bddef37e01448932e3ffd,25805a097f1f4b8c203ec3c130dcd3e66b5fb3ad298114a08662aae6c86fa673,,,0.4,40.0,0.16000000000000003,0.010000000000000002,0.04000000000000001,0,full,True
ACT,151,8000193,metaworld,False,200,0.911126854000031,0,0,0,0,0.0,,False,True,timeout,8f81996acca9a739817b9a90d7b7ff180727d758d7a59ad21652c008b769fa58,b4d00b629663580725cee7c16b68664af3de3bc5986bddef37e01448932e3ffd,1c856fdcb5da12c3fa2d15b38741aa980fa3a47e64fb99f8635817590128f9ea,,,0.4,40.0,0.16000000000000003,0.010000000000000002,0.04000000000000001,0,full,True
ACT,152,8000194,metaworld,False,200,0.9326029110015952,0,0,0,0,0.0,,False,True,timeout,a5e133fdade715837f31f3d1b80cfb10034bf4efb4848197dc90d5651a02c4ec,b4d00b629663580725cee7c16b68664af3de3bc5986bddef37e01448932e3ffd,64ee837add19202e84553431fdab118462cf5265eeae19a4d044b5a6818f771d,,,0.4,40.0,0.16000000000000003,0.010000000000000002,0.04000000000000001,0,full,True
ACT,153,8000195,metaworld,False,200,0.9282768190023489,0,0,0,0,0.0,,False,True,object_dropped,ceeffa9df259e215ef6cf039ccd2ae955686fdb60cbf9128715684301e9f7b3c,b4d00b629663580725cee7c16b68664af3de3bc5986bddef37e01448932e3ffd,2eb279a724955c1a9d173681940490ec9cc8ed4fdc15a95533884a23d4ccdb4e,,,0.4,40.0,0.16000000000000003,0.010000000000000002,0.04000000000000001,0,full,True
ACT,154,8000196,metaworld,True,61,0.28198726100163185,0,0,0,0,0.0,,True,False,,3082dfcf17b54b1038769ed140b948f48ad6c1ee4e98e270f106b328ba25890d,b4d00b629663580725cee7c16b68664af3de3bc5986bddef37e01448932e3ffd,342b72dafe0e47ecf8a937cb01e62ac02c2d77bf93dafca59574cbbbfc4ad77b,,,0.4,40.0,0.16000000000000003,0.010000000000000002,0.04000000000000001,0,full,True
ACT,155,8000197,metaworld,True,59,0.26440289599850075,0,0,0,0,0.0,,True,False,,60795d031dfc90281f324a1ddab4e8600b7493ce98eeaeae494717bec0891356,b4d00b629663580725cee7c16b68664af3de3bc5986bddef37e01448932e3ffd,524e161a612d94c222d06154bcd0129d0851b8fad51ae883abbef6e86d43cbb0,,,0.4,40.0,0.16000000000000003,0.010000000000000002,0.04000000000000001,0,full,True
ACT,156,8000198,metaworld,False,200,0.9274043439982051,0,0,0,0,0.0,,False,True,timeout,181cfc34449dd34b54582e59895794518849e87b19b3a8f08d37277a175ae58a,b4d00b629663580725cee7c16b68664af3de3bc5986bddef37e01448932e3ffd,56b7f182edcfeefa9301e1edd53d7f36e4418de7e6df1b54b0f0c298cde1b3cd,,,0.4,40.0,0.16000000000000003,0.010000000000000002,0.04000000000000001,0,full,True
ACT,157,8000199,metaworld,True,55,0.25214821199915605,0,0,0,0,0.0,,True,False,,257a139309b46ec34b8d0ea78c22682bc59e85e2a15c1bd8f00297bdde7be71a,b4d00b629663580725cee7c16b68664af3de3bc5986bddef37e01448932e3ffd,3183afb500ebb9a5af177cccb5b5889a8321eb35261f8ec571269f8b5ed9cd1a,,,0.4,40.0,0.16000000000000003,0.010000000000000002,0.04000000000000001,0,full,True
ACT,158,8000200,metaworld,False,200,0.9439278059981007,0,0,0,0,0.0,,False,True,timeout,effcedef5ee3994f3ee3b6c6c437e2f85b9c95c45032678a857f2058e0329749,b4d00b629663580725cee7c16b68664af3de3bc5986bddef37e01448932e3ffd,524e161a612d94c222d06154bcd0129d0851b8fad51ae883abbef6e86d43cbb0,,,0.4,40.0,0.16000000000000003,0.010000000000000002,0.04000000000000001,0,full,True
ACT,159,8000201,metaworld,False,200,0.9161838309992163,0,0,0,0,0.0,,False,True,object_dropped,45d1915eba2bf192fc56a2327a0152d4957f36d73dde33be599a41d048d143e9,b4d00b629663580725cee7c16b68664af3de3bc5986bddef37e01448932e3ffd,56b7f182edcfeefa9301e1edd53d7f36e4418de7e6df1b54b0f0c298cde1b3cd,,,0.4,40.0,0.16000000000000003,0.010000000000000002,0.04000000000000001,0,full,True
ACT,160,8000202,metaworld,False,200,0.9389745880034752,0,0,0,0,0.0,,False,True,timeout,409374eca9141f6f38f1cff19980ede126649eff0fa68412d0ebf8e038fe9611,b4d00b629663580725cee7c16b68664af3de3bc5986bddef37e01448932e3ffd,c5023b3d25031a103b9549b6e8c83ba09d69e708ef117c31128a38e03616e5d8,,,0.4,40.0,0.16000000000000003,0.010000000000000002,0.04000000000000001,0,full,True
ACT,161,8000203,metaworld,False,200,0.8650661239989859,0,0,0,0,0.0,,False,True,timeout,7f647cd144e468b56b7955b9101ab29b02a197d93974a0e5cd592fdf74645f0e,b4d00b629663580725cee7c16b68664af3de3bc5986bddef37e01448932e3ffd,942fb6a87dc1e3eb7bf7bb111c97e7096138256b4a9a6b4c62a012fabe8bec38,,,0.4,40.0,0.16000000000000003,0.010000000000000002,0.04000000000000001,0,full,True
ACT,162,8000204,metaworld,True,55,0.24565861500013852,0,0,0,0,0.0,,True,False,,8719f2f88af261eb97f9999f176a3a80cbdf5d3bd9ccbd80aba4b9a52545b2bd,b4d00b629663580725cee7c16b68664af3de3bc5986bddef37e01448932e3ffd,5e1df472084de78052388a34f03cad3de438ca9b5dc801b5759dd57c66a7482a,,,0.4,40.0,0.16000000000000003,0.010000000000000002,0.04000000000000001,0,full,True
ACT,163,8000205,metaworld,False,200,0.9215949159988668,0,0,0,0,0.0,,False,True,timeout,0569c32d432581f2434d19bc35e7a10271e6bf3575d1b1d9c019cddeb0c27546,b4d00b629663580725cee7c16b68664af3de3bc5986bddef37e01448932e3ffd,6cb8d983459a8e57d4ae53a86da2394015cabba2d7c306dcaf7b14af979ca230,,,0.4,40.0,0.16000000000000003,0.010000000000000002,0.04000000000000001,0,full,True
ACT,164,8000206,metaworld,True,57,0.25875466499928734,0,0,0,0,0.0,,True,False,,a98c9a86fb1ec6ac0264cbcbd7acd29b00d8db870c89814b224850395eb347dc,b4d00b629663580725cee7c16b68664af3de3bc5986bddef37e01448932e3ffd,06d355d7aff3b944ab4199c02a94c63d062e5c414c0b195f7b232b607e0ab1ed,,,0.4,40.0,0.16000000000000003,0.010000000000000002,0.04000000000000001,0,full,True
ACT,165,8000207,metaworld,False,200,0.9336110619988176,0,0,0,0,0.0,,False,True,object_dropped,d23d39d8c75b77fcff04617f673075bb41bcb87d06fdb42ec761a4aa68f6573c,b4d00b629663580725cee7c16b68664af3de3bc5986bddef37e01448932e3ffd,6338b57c8983138382fa5c9ee7bb2d2c200be44368697f7ffa8216ea26ddccaf,,,0.4,40.0,0.16000000000000003,0.010000000000000002,0.04000000000000001,0,full,True
ACT,166,8000208,metaworld,False,200,0.9019598840022809,0,0,0,0,0.0,,False,True,timeout,a475f3905a30c16b66f4ff716335615124ff1cc93538bedf0daf40cebb3ce310,b4d00b629663580725cee7c16b68664af3de3bc5986bddef37e01448932e3ffd,35203d16cfa98b5f2e002fcb1ffde2400abf9459c161f6a289efa0c46eddb36f,,,0.4,40.0,0.16000000000000003,0.010000000000000002,0.04000000000000001,0,full,True
ACT,167,8000209,metaworld,False,200,0.8886105050005426,0,0,0,0,0.0,,False,True,timeout,ef392694cadc2a4e41ea6a9a6319e1fe341b1f492f0671467427eabf9c1bd621,b4d00b629663580725cee7c16b68664af3de3bc5986bddef37e01448932e3ffd,71488b32995fa40c6ec3f77f6bcd912b1929aef29d90a66307ad46cd584acf29,,,0.4,40.0,0.16000000000000003,0.010000000000000002,0.04000000000000001,0,full,True
ACT,168,8000210,metaworld,False,200,0.9155090989988821,0,0,0,0,0.0,,False,True,object_dropped,8dc5a50bce881eca260c4077cb1b89b641801ce6f999c604ecd0e114bc2beb96,b4d00b629663580725cee7c16b68664af3de3bc5986bddef37e01448932e3ffd,27e1ed8c670f23dae46752497e383610e58c248d638e3b9b707808a32ce33d4e,,,0.4,40.0,0.16000000000000003,0.010000000000000002,0.04000000000000001,0,full,True
ACT,169,8000211,metaworld,False,200,0.9449917140009347,0,0,0,0,0.0,,False,True,timeout,368271406306c2507d55c3c2fc6f16a7e2176f3bd914ab7580f01b0348bcccb6,b4d00b629663580725cee7c16b68664af3de3bc5986bddef37e01448932e3ffd,2ad5907877cc42b4447b9630988e3a1f0da0d83e1f696f71e22dc69905e631b6,,,0.4,40.0,0.16000000000000003,0.010000000000000002,0.04000000000000001,0,full,True
ACT,170,8000212,metaworld,True,57,0.25214654699811945,0,0,0,0,0.0,,True,False,,bce0102c932859a34a46c600a241e455dc39004cd409a7918205199b44877a53,b4d00b629663580725cee7c16b68664af3de3bc5986bddef37e01448932e3ffd,2eb279a724955c1a9d173681940490ec9cc8ed4fdc15a95533884a23d4ccdb4e,,,0.4,40.0,0.16000000000000003,0.010000000000000002,0.04000000000000001,0,full,True
ACT,171,8000213,metaworld,True,71,0.340244924002036,0,0,0,0,0.0,,True,False,,6c52568711155c4ef0c71a07b6af50f32bac2d077f754c5c07dbc9cf55372f2b,b4d00b629663580725cee7c16b68664af3de3bc5986bddef37e01448932e3ffd,35203d16cfa98b5f2e002fcb1ffde2400abf9459c161f6a289efa0c46eddb36f,,,0.4,40.0,0.16000000000000003,0.010000000000000002,0.04000000000000001,0,full,True
ACT,172,8000214,metaworld,False,200,0.9601196750008967,0,0,0,0,0.0,,False,True,object_dropped,22eebdb201b7c1b5239838bae6f473bf1ef59b6b28a051b86d8e3083f98cc4ab,b4d00b629663580725cee7c16b68664af3de3bc5986bddef37e01448932e3ffd,64ee837add19202e84553431fdab118462cf5265eeae19a4d044b5a6818f771d,,,0.4,40.0,0.16000000000000003,0.010000000000000002,0.04000000000000001,0,full,True
ACT,173,8000215,metaworld,False,200,0.8839011879972531,0,0,0,0,0.0,,False,True,object_dropped,9f5387fd9e4e783f2cb16797faa003605a6d88f33e8b9431560d3f099d2406a6,b4d00b629663580725cee7c16b68664af3de3bc5986bddef37e01448932e3ffd,a8cfe6e2276fbd15230c5555255b87d17333bdd29f84f687df7405d0311fae7f,,,0.4,40.0,0.16000000000000003,0.010000000000000002,0.04000000000000001,0,full,True
ACT,174,8000216,metaworld,False,200,0.868690309998783,0,0,0,0,0.0,,False,True,timeout,34574a3e6443e72c4c5f6dc3d3ce216512da5372cdd417883e9a535dc9850f19,b4d00b629663580725cee7c16b68664af3de3bc5986bddef37e01448932e3ffd,504c23f653f6cdee9d659d9320b164606b319d4f0e9cdf0f3a87e2fc7a98160a,,,0.4,40.0,0.16000000000000003,0.010000000000000002,0.04000000000000001,0,full,True
ACT,175,8000217,metaworld,False,200,0.8938932430028217,0,0,0,0,0.0,,False,True,timeout,e418f08e3904bc3be685f923ac46ce71439d6899947aa92a599fc2e37af979da,b4d00b629663580725cee7c16b68664af3de3bc5986bddef37e01448932e3ffd,20cf3cfee33051ea4ca25b64648f05450b0068ae0136ae52c3108d28b02f3691,,,0.4,40.0,0.16000000000000003,0.010000000000000002,0.04000000000000001,0,full,True
ACT,176,8000218,metaworld,False,200,0.8842394250023062,0,0,0,0,0.0,,False,True,object_dropped,573b9020fafb4247d8dcb9b14c0436ea354d0cc06ad2ee632ffa5e7229958b94,b4d00b629663580725cee7c16b68664af3de3bc5986bddef37e01448932e3ffd,f82ceac6f8787ac22c378edc1f141cedcc86bf9309b43f1aff6633ae0a963abb,,,0.4,40.0,0.16000000000000003,0.010000000000000002,0.04000000000000001,0,full,True
ACT,177,8000219,metaworld,True,60,0.2715896000008797,0,0,0,0,0.0,,True,False,,e4161d424204142bfb35dfcabe37a7dc4f7d7286f3a4cf2cbab1ba37052e2c0b,b4d00b629663580725cee7c16b68664af3de3bc5986bddef37e01448932e3ffd,942fb6a87dc1e3eb7bf7bb111c97e7096138256b4a9a6b4c62a012fabe8bec38,,,0.4,40.0,0.16000000000000003,0.010000000000000002,0.04000000000000001,0,full,True
ACT,178,8000220,metaworld,False,200,0.8964123069999914,0,0,0,0,0.0,,False,True,timeout,3d841b2375223384c3debac4c807b54a6c22d150cca0f44654373cc63cd101aa,b4d00b629663580725cee7c16b68664af3de3bc5986bddef37e01448932e3ffd,acfaed29b052207b47b4b7fa76672795fd08de3add8565db05f141de82ece90b,,,0.4,40.0,0.16000000000000003,0.010000000000000002,0.04000000000000001,0,full,True
ACT,179,8000221,metaworld,True,62,0.272279905002506,0,0,0,0,0.0,,True,False,,4c08980bd2573d596b79a1b6a2aab7a2fc7e110087460bbc71573e24911416cb,b4d00b629663580725cee7c16b68664af3de3bc5986bddef37e01448932e3ffd,f6a9ed9055e00c868d6771022c2c557a6a48990bdacbed585d07cde857d4755a,,,0.4,40.0,0.16000000000000003,0.010000000000000002,0.04000000000000001,0,full,True
ACT,180,8000222,metaworld,False,200,0.8721874710026896,0,0,0,0,0.0,,False,True,object_dropped,c03a7fde9c94e834d8853085faf37cd3e7c1c2b5dc4a520218aa59851b5ec799,b4d00b629663580725cee7c16b68664af3de3bc5986bddef37e01448932e3ffd,25805a097f1f4b8c203ec3c130dcd3e66b5fb3ad298114a08662aae6c86fa673,,,0.4,40.0,0.16000000000000003,0.010000000000000002,0.04000000000000001,0,full,True
ACT,181,8000223,metaworld,False,200,0.8313078950013733,0,0,0,0,0.0,,False,True,timeout,5d1cee354dcd5f365ce4e56b9e40782dbfd2620dff000836e9e71a3fc81cf7ad,b4d00b629663580725cee7c16b68664af3de3bc5986bddef37e01448932e3ffd,25805a097f1f4b8c203ec3c130dcd3e66b5fb3ad298114a08662aae6c86fa673,,,0.4,40.0,0.16000000000000003,0.010000000000000002,0.04000000000000001,0,full,True
ACT,182,8000224,metaworld,False,200,0.8137521969983936,0,0,0,0,0.0,,False,True,timeout,7f184468c5af15b04ecaa8d15372790828821b35b03c8457ce095b3c169411b2,b4d00b629663580725cee7c16b68664af3de3bc5986bddef37e01448932e3ffd,342b72dafe0e47ecf8a937cb01e62ac02c2d77bf93dafca59574cbbbfc4ad77b,,,0.4,40.0,0.16000000000000003,0.010000000000000002,0.04000000000000001,0,full,True
ACT,183,8000225,metaworld,False,200,0.8276017020034487,0,0,0,0,0.0,,False,True,object_dropped,f4044bf1b5a1daa03d81dd79e3df92d2b4e1e33350bce85078fa96041c87262b,b4d00b629663580725cee7c16b68664af3de3bc5986bddef37e01448932e3ffd,bb2c6b1aed959fa3ddddb1c215ce67cbb5b0ec080eb65fb58e06b7776849a096,,,0.4,40.0,0.16000000000000003,0.010000000000000002,0.04000000000000001,0,full,True
ACT,184,8000226,metaworld,False,200,0.8195360880017688,0,0,0,0,0.0,,False,True,timeout,905187c3bddf16225ef41c405b5aa043783190832b6077e8d7c091a4b78aeefd,b4d00b629663580725cee7c16b68664af3de3bc5986bddef37e01448932e3ffd,e216352c7f1c7392270c7c501bb599f2a46f420613a124fda0729ab88160cdf2,,,0.4,40.0,0.16000000000000003,0.010000000000000002,0.04000000000000001,0,full,True
ACT,185,8000227,metaworld,False,200,0.8325194819990429,0,0,0,0,0.0,,False,True,timeout,78c177384d2c37c240b19185e5780f636049fe9bc96308be5e5ab34216c24feb,b4d00b629663580725cee7c16b68664af3de3bc5986bddef37e01448932e3ffd,342b72dafe0e47ecf8a937cb01e62ac02c2d77bf93dafca59574cbbbfc4ad77b,,,0.4,40.0,0.16000000000000003,0.010000000000000002,0.04000000000000001,0,full,True
ACT,186,8000228,metaworld,False,200,0.8203597419997095,0,0,0,0,0.0,,False,True,timeout,ab35aad0f26812fdb7c18fe67af56fbd8a85f55f73bd1b7374e54500961271a3,b4d00b629663580725cee7c16b68664af3de3bc5986bddef37e01448932e3ffd,cea0b9105255f82e0ee99bfb3998a6edce02b446d4b14afb0747282cd18aa202,,,0.4,40.0,0.16000000000000003,0.010000000000000002,0.04000000000000001,0,full,True
ACT,187,8000229,metaworld,False,200,0.8174769899997045,0,0,0,0,0.0,,False,True,timeout,61332a57cf8e65b3719753e07426f4724ca308c4bce5188327945b7906ce9eb5,b4d00b629663580725cee7c16b68664af3de3bc5986bddef37e01448932e3ffd,acfaed29b052207b47b4b7fa76672795fd08de3add8565db05f141de82ece90b,,,0.4,40.0,0.16000000000000003,0.010000000000000002,0.04000000000000001,0,full,True
ACT,188,8000230,metaworld,False,200,0.818852133998007,0,0,0,0,0.0,,False,True,timeout,54fe3912e20e0237cc951de11def49048190f3d4fafd908f1b4f40ea4d1b4ac2,b4d00b629663580725cee7c16b68664af3de3bc5986bddef37e01448932e3ffd,6943489118fc060756e24fd47685e2c10173293d54af0af7e8afa9e287c9c5f1,,,0.4,40.0,0.16000000000000003,0.010000000000000002,0.04000000000000001,0,full,True
ACT,189,8000231,metaworld,False,200,0.8106083409984421,0,0,0,0,0.0,,False,True,timeout,58161b4ac290f17dcd674f38f3b9dc2b00e55ce25e88692bf2ce0b0a9a7c82b0,b4d00b629663580725cee7c16b68664af3de3bc5986bddef37e01448932e3ffd,588df85fb38ef87f822932ad2f702be807974873e4a07ea43084bbdeeaac6604,,,0.4,40.0,0.16000000000000003,0.010000000000000002,0.04000000000000001,0,full,True
ACT,190,8000232,metaworld,False,200,0.8174621090001892,0,0,0,0,0.0,,False,True,timeout,368fa4225f005aac257ff0dc93befcbc0599af4e1ecd86954c85b5083e9390e5,b4d00b629663580725cee7c16b68664af3de3bc5986bddef37e01448932e3ffd,b8e45a2f8f553d53c6eef0305347f910b9999bcae6df6ccaf0eaee6ac864e670,,,0.4,40.0,0.16000000000000003,0.010000000000000002,0.04000000000000001,0,full,True
ACT,191,8000233,metaworld,True,65,0.2703859260000172,0,0,0,0,0.0,,True,False,,916d76187c8a65e5b32fc6e28383439b769dbe6b4c3b15949265ce4f3f1415a6,b4d00b629663580725cee7c16b68664af3de3bc5986bddef37e01448932e3ffd,aa1f17aacdf569c3a2930a2ebbf742ff43f8d3acfc772731a5c344cabcd52570,,,0.4,40.0,0.16000000000000003,0.010000000000000002,0.04000000000000001,0,full,True
ACT,192,8000234,metaworld,True,64,0.26466414500100655,0,0,0,0,0.0,,True,False,,e2f5fa96397a0ed3abc9cfb1d5233367ef4348303917c976516e93dc0c5120e3,b4d00b629663580725cee7c16b68664af3de3bc5986bddef37e01448932e3ffd,c5023b3d25031a103b9549b6e8c83ba09d69e708ef117c31128a38e03616e5d8,,,0.4,40.0,0.16000000000000003,0.010000000000000002,0.04000000000000001,0,full,True
ACT,193,8000235,metaworld,True,51,0.21158229399952688,0,0,0,0,0.0,,True,False,,3d68febfc2b1f7d6866bc26de1ce9c70d65e14a931f0519d81187e4843b81e81,b4d00b629663580725cee7c16b68664af3de3bc5986bddef37e01448932e3ffd,aba21ef1c98d0573e36116c9757115227fd3793cba96aea7eda95c2547314ca3,,,0.4,40.0,0.16000000000000003,0.010000000000000002,0.04000000000000001,0,full,True
ACT,194,8000236,metaworld,False,200,0.8095840759997373,0,0,0,0,0.0,,False,True,timeout,0764b8da749d16e6f37581b4f5dbea76fb89b864d5c1fb941c01238e3eb31db2,b4d00b629663580725cee7c16b68664af3de3bc5986bddef37e01448932e3ffd,64ee837add19202e84553431fdab118462cf5265eeae19a4d044b5a6818f771d,,,0.4,40.0,0.16000000000000003,0.010000000000000002,0.04000000000000001,0,full,True
ACT,195,8000237,metaworld,False,200,0.8498479720001342,0,0,0,0,0.0,,False,True,timeout,d3857ed5c0c744e7b238403bbcd3d4122174d723e9606d6721d0960032bf4ffd,b4d00b629663580725cee7c16b68664af3de3bc5986bddef37e01448932e3ffd,aba21ef1c98d0573e36116c9757115227fd3793cba96aea7eda95c2547314ca3,,,0.4,40.0,0.16000000000000003,0.010000000000000002,0.04000000000000001,0,full,True
ACT,196,8000238,metaworld,True,53,0.22989861099995323,0,0,0,0,0.0,,True,False,,d12c548e262b02870f40fe626beacbcf90351fb459542a4e22b9b9e45abac71f,b4d00b629663580725cee7c16b68664af3de3bc5986bddef37e01448932e3ffd,acfaed29b052207b47b4b7fa76672795fd08de3add8565db05f141de82ece90b,,,0.4,40.0,0.16000000000000003,0.010000000000000002,0.04000000000000001,0,full,True
ACT,197,8000239,metaworld,True,61,0.26223504899826366,0,0,0,0,0.0,,True,False,,06b30a52fdccdec7bb3619e9a29b3fea543cf4e0e4e5acc33dd8ced2855d84d3,b4d00b629663580725cee7c16b68664af3de3bc5986bddef37e01448932e3ffd,6cb8d983459a8e57d4ae53a86da2394015cabba2d7c306dcaf7b14af979ca230,,,0.4,40.0,0.16000000000000003,0.010000000000000002,0.04000000000000001,0,full,True
ACT,198,8000240,metaworld,False,200,0.8525436810014071,0,0,0,0,0.0,,False,True,timeout,3fbabed300b89f9cbaf8c4a50aa395aee37d4f15f39f33a76503ef68c869baf1,b4d00b629663580725cee7c16b68664af3de3bc5986bddef37e01448932e3ffd,742509487aeb71d366f1ddafa1cb12db2f7cfefe17c4ca89c98cffb67c1c8619,,,0.4,40.0,0.16000000000000003,0.010000000000000002,0.04000000000000001,0,full,True
ACT,199,8000241,metaworld,True,59,0.2539038340000843,0,0,0,0,0.0,,True,False,,b8f382d4e43767e58e78a22603d119a757295e7ccf0c60d94ffb632d43faab25,b4d00b629663580725cee7c16b68664af3de3bc5986bddef37e01448932e3ffd,5e1df472084de78052388a34f03cad3de438ca9b5dc801b5759dd57c66a7482a,,,0.4,40.0,0.16000000000000003,0.010000000000000002,0.04000000000000001,0,full,True
REIM (ACT + Detector + Recovery),0,8000042,metaworld,False,200,0.4730305289995158,1,0,1,150,0.9997709393501282,task_success_while_recovery_active_per_intervention,False,True,object_dropped,49af4dccaf215666613e2ea62c85e1eee2da056b8052e7c0744488f7bbb76aea,b4d00b629663580725cee7c16b68664af3de3bc5986bddef37e01448932e3ffd,f82ceac6f8787ac22c378edc1f141cedcc86bf9309b43f1aff6633ae0a963abb,,,0.4,40.0,0.16000000000000003,0.010000000000000002,0.04000000000000001,0,full,True
REIM (ACT + Detector + Recovery),1,8000043,metaworld,False,200,0.492868624998664,1,0,1,144,0.9940078258514404,task_success_while_recovery_active_per_intervention,False,True,object_dropped,a89745bb33f745dbd0616005b2fee785af620f934dd473850837d9434ca927c0,b4d00b629663580725cee7c16b68664af3de3bc5986bddef37e01448932e3ffd,06d355d7aff3b944ab4199c02a94c63d062e5c414c0b195f7b232b607e0ab1ed,,,0.4,40.0,0.16000000000000003,0.010000000000000002,0.04000000000000001,0,full,True
REIM (ACT + Detector + Recovery),2,8000044,metaworld,False,200,0.4763353680027649,1,0,1,150,0.9983758926391602,task_success_while_recovery_active_per_intervention,False,True,timeout,fa56d9300815aeb0be4648f5b0e9ba5546c734ddb8bb28bc2cd9f08452186d2c,b4d00b629663580725cee7c16b68664af3de3bc5986bddef37e01448932e3ffd,f6a9ed9055e00c868d6771022c2c557a6a48990bdacbed585d07cde857d4755a,,,0.4,40.0,0.16000000000000003,0.010000000000000002,0.04000000000000001,0,full,True
REIM (ACT + Detector + Recovery),3,8000045,metaworld,False,200,0.47834199000135413,1,0,1,150,0.9996446371078491,task_success_while_recovery_active_per_intervention,False,True,timeout,f803045d63122625d5c1877925b903772104214bd6ff79573c274a7859579e0e,b4d00b629663580725cee7c16b68664af3de3bc5986bddef37e01448932e3ffd,5d73f28d4d24cdbcb36a5e5cd61ec1a82f7287ce56d88da8cea912ed757b164c,,,0.4,40.0,0.16000000000000003,0.010000000000000002,0.04000000000000001,0,full,True
REIM (ACT + Detector + Recovery),4,8000046,metaworld,True,51,0.15100664100100403,1,1,1,30,0.21989864110946655,task_success_while_recovery_active_per_intervention,True,False,,cabda9829df92555761a7fdc2523f7b362a5a81c23975dc6e455ef7a2c32fc49,b4d00b629663580725cee7c16b68664af3de3bc5986bddef37e01448932e3ffd,27e1ed8c670f23dae46752497e383610e58c248d638e3b9b707808a32ce33d4e,,,0.4,40.0,0.16000000000000003,0.010000000000000002,0.04000000000000001,0,full,True
REIM (ACT + Detector + Recovery),5,8000047,metaworld,True,51,0.14769091199923423,1,1,1,34,0.26412832736968994,task_success_while_recovery_active_per_intervention,True,False,,588b20e72ae92670b7f2eebbaefc75d6138d87f0671d4f4c689a3406740db11e,b4d00b629663580725cee7c16b68664af3de3bc5986bddef37e01448932e3ffd,38329c6b97bbe7d133bf007c22742dca5f0cd7258f8d7199135c6c2371ae591d,,,0.4,40.0,0.16000000000000003,0.010000000000000002,0.04000000000000001,0,full,True
REIM (ACT + Detector + Recovery),6,8000048,metaworld,False,200,0.4843923500011442,1,0,1,150,0.9995598196983337,task_success_while_recovery_active_per_intervention,False,True,timeout,2829c76f04223b33b343cc3b8d6e3824d14237aa828c173d477343fe05fc8436,b4d00b629663580725cee7c16b68664af3de3bc5986bddef37e01448932e3ffd,aba21ef1c98d0573e36116c9757115227fd3793cba96aea7eda95c2547314ca3,,,0.4,40.0,0.16000000000000003,0.010000000000000002,0.04000000000000001,0,full,True
REIM (ACT + Detector + Recovery),7,8000049,metaworld,True,56,0.26445243900161586,0,0,0,0,0.15534286201000214,task_success_while_recovery_active_per_intervention,True,False,,b9a99d5ec91400c3579050d8783b36c312cb95d10f3a9411bb61ecd8e31026a6,b4d00b629663580725cee7c16b68664af3de3bc5986bddef37e01448932e3ffd,4e97203f8ce1a96cef19545d4c4c300d0de39e4f94bd1941cef7ebc3dd48be02,,,0.4,40.0,0.16000000000000003,0.010000000000000002,0.04000000000000001,0,full,True
REIM (ACT + Detector + Recovery),8,8000050,metaworld,False,200,0.4898312639998039,1,0,1,150,0.9420329928398132,task_success_while_recovery_active_per_intervention,False,True,timeout,d31e93454866d499134ecfc635a33d71c9cde493195ebcc8f7660a15758a6ab8,b4d00b629663580725cee7c16b68664af3de3bc5986bddef37e01448932e3ffd,64ee837add19202e84553431fdab118462cf5265eeae19a4d044b5a6818f771d,,,0.4,40.0,0.16000000000000003,0.010000000000000002,0.04000000000000001,0,full,True
REIM (ACT + Detector + Recovery),9,8000051,metaworld,True,58,0.2857741240004543,0,0,0,0,0.18258902430534363,task_success_while_recovery_active_per_intervention,True,False,,afc35ca1b19c4fd9b4aacbd18954906ea743519b3b694c83049fd2503e50e072,b4d00b629663580725cee7c16b68664af3de3bc5986bddef37e01448932e3ffd,6cb8d983459a8e57d4ae53a86da2394015cabba2d7c306dcaf7b14af979ca230,,,0.4,40.0,0.16000000000000003,0.010000000000000002,0.04000000000000001,0,full,True
REIM (ACT + Detector + Recovery),10,8000052,metaworld,True,63,0.14565199299977394,1,1,1,52,0.3789428472518921,task_success_while_recovery_active_per_intervention,True,False,,c86e1bd89f255c7313cd690b2d569eaf9de680f0c2bea84692d37356fc4294a5,b4d00b629663580725cee7c16b68664af3de3bc5986bddef37e01448932e3ffd,504c23f653f6cdee9d659d9320b164606b319d4f0e9cdf0f3a87e2fc7a98160a,,,0.4,40.0,0.16000000000000003,0.010000000000000002,0.04000000000000001,0,full,True
REIM (ACT + Detector + Recovery),11,8000053,metaworld,True,63,0.13503394500003196,1,1,1,56,0.6021584868431091,task_success_while_recovery_active_per_intervention,True,False,,2a99f09f371d8bb1fd68e01dff65d19675679296dc7337c4dcac66b009f3257e,b4d00b629663580725cee7c16b68664af3de3bc5986bddef37e01448932e3ffd,06d355d7aff3b944ab4199c02a94c63d062e5c414c0b195f7b232b607e0ab1ed,,,0.4,40.0,0.16000000000000003,0.010000000000000002,0.04000000000000001,0,full,True
REIM (ACT + Detector + Recovery),12,8000054,metaworld,False,200,0.49038124499929836,1,0,1,150,0.9989067316055298,task_success_while_recovery_active_per_intervention,False,True,timeout,26abeb4ac4984683eaeb844b6ee9b5fa41476302765213ddd887d38fd1f53946,b4d00b629663580725cee7c16b68664af3de3bc5986bddef37e01448932e3ffd,742509487aeb71d366f1ddafa1cb12db2f7cfefe17c4ca89c98cffb67c1c8619,,,0.4,40.0,0.16000000000000003,0.010000000000000002,0.04000000000000001,0,full,True
REIM (ACT + Detector + Recovery),13,8000055,metaworld,False,200,0.48494977800146444,1,0,1,150,0.9936627149581909,task_success_while_recovery_active_per_intervention,False,True,object_dropped,57b01e38d9ca82c0ec14d8e3f84b5359b09d0d3916cad9521f3d972c52a61b27,b4d00b629663580725cee7c16b68664af3de3bc5986bddef37e01448932e3ffd,e216352c7f1c7392270c7c501bb599f2a46f420613a124fda0729ab88160cdf2,,,0.4,40.0,0.16000000000000003,0.010000000000000002,0.04000000000000001,0,full,True
REIM (ACT + Detector + Recovery),14,8000056,metaworld,True,62,0.14553932700073346,1,1,1,47,0.33850210905075073,task_success_while_recovery_active_per_intervention,True,False,,4aed2112511af94731131750d231c358309837787afb9b65da6d3cb2c5bb62cf,b4d00b629663580725cee7c16b68664af3de3bc5986bddef37e01448932e3ffd,64ee837add19202e84553431fdab118462cf5265eeae19a4d044b5a6818f771d,,,0.4,40.0,0.16000000000000003,0.010000000000000002,0.04000000000000001,0,full,True
REIM (ACT + Detector + Recovery),15,8000057,metaworld,False,200,0.4799829959993076,1,0,1,150,0.999500036239624,task_success_while_recovery_active_per_intervention,False,True,timeout,5b0042609bf8fe72262f73ad2cb6f93820c204ad020cecf49ff7400ac98a8057,b4d00b629663580725cee7c16b68664af3de3bc5986bddef37e01448932e3ffd,c40fedd273cade53989af8adc3ca66d02f2d92ca4d97b2f6391a0dd0ab6dbca3,,,0.4,40.0,0.16000000000000003,0.010000000000000002,0.04000000000000001,0,full,True
REIM (ACT + Detector + Recovery),16,8000058,metaworld,True,60,0.12480386500101304,1,1,1,53,0.6694832444190979,task_success_while_recovery_active_per_intervention,True,False,,651bd7197feed9ec5fbeb5607a3c625a01de4a38e5be71b566629e8f6ba4d8c8,b4d00b629663580725cee7c16b68664af3de3bc5986bddef37e01448932e3ffd,942fb6a87dc1e3eb7bf7bb111c97e7096138256b4a9a6b4c62a012fabe8bec38,,,0.4,40.0,0.16000000000000003,0.010000000000000002,0.04000000000000001,0,full,True
REIM (ACT + Detector + Recovery),17,8000059,metaworld,True,59,0.12009894799848553,1,1,1,51,0.5460847020149231,task_success_while_recovery_active_per_intervention,True,False,,5b3a78035ef1ee82783738813c481fbb90581f8dea8603488b16085a879e29bd,b4d00b629663580725cee7c16b68664af3de3bc5986bddef37e01448932e3ffd,0f719f94ef165c0b816b8b10c3f4f5fcf802c9f5a25141035590310315749280,,,0.4,40.0,0.16000000000000003,0.010000000000000002,0.04000000000000001,0,full,True
REIM (ACT + Detector + Recovery),18,8000060,metaworld,True,62,0.1266132060009113,1,1,1,53,0.23296573758125305,task_success_while_recovery_active_per_intervention,True,False,,fe5f1e704e3ee940985dc401f290c5c2fc59314bfa89099de017341c987070d8,b4d00b629663580725cee7c16b68664af3de3bc5986bddef37e01448932e3ffd,b8e45a2f8f553d53c6eef0305347f910b9999bcae6df6ccaf0eaee6ac864e670,,,0.4,40.0,0.16000000000000003,0.010000000000000002,0.04000000000000001,0,full,True
REIM (ACT + Detector + Recovery),19,8000061,metaworld,True,63,0.2963988649971725,0,0,0,0,0.11316179484128952,task_success_while_recovery_active_per_intervention,True,False,,fcc9ae4d08cf5f34eef0d60c7bf423fc32ae524c7abae1fdc1362ea85f7a15a1,b4d00b629663580725cee7c16b68664af3de3bc5986bddef37e01448932e3ffd,06d355d7aff3b944ab4199c02a94c63d062e5c414c0b195f7b232b607e0ab1ed,,,0.4,40.0,0.16000000000000003,0.010000000000000002,0.04000000000000001,0,full,True
REIM (ACT + Detector + Recovery),20,8000062,metaworld,True,54,0.14097722000224167,1,1,1,39,0.3245813548564911,task_success_while_recovery_active_per_intervention,True,False,,d5e32458b715c5a750fa79bd135d8185ed0e51c1d6a2594d1641e336b28ff16f,b4d00b629663580725cee7c16b68664af3de3bc5986bddef37e01448932e3ffd,5e1df472084de78052388a34f03cad3de438ca9b5dc801b5759dd57c66a7482a,,,0.4,40.0,0.16000000000000003,0.010000000000000002,0.04000000000000001,0,full,True
REIM (ACT + Detector + Recovery),21,8000063,metaworld,True,56,0.1542222429998219,1,1,1,36,0.21600569784641266,task_success_while_recovery_active_per_intervention,True,False,,8dd13fc90d97f836aa31e5e9bf7b4983cc442d5e495c27998a892060556a2d3c,b4d00b629663580725cee7c16b68664af3de3bc5986bddef37e01448932e3ffd,0cda21f8ffacf0a1e40e7b0e858a8e2ddc276972106d4bced99d4404b4a13fd8,,,0.4,40.0,0.16000000000000003,0.010000000000000002,0.04000000000000001,0,full,True
REIM (ACT + Detector + Recovery),22,8000064,metaworld,True,59,0.1327115940002841,1,1,1,47,0.22983112931251526,task_success_while_recovery_active_per_intervention,True,False,,46ec1fe9c24dd4f9462648c820bfca8abd759ead2018d4bc7f246479c45086fd,b4d00b629663580725cee7c16b68664af3de3bc5986bddef37e01448932e3ffd,6cb8d983459a8e57d4ae53a86da2394015cabba2d7c306dcaf7b14af979ca230,,,0.4,40.0,0.16000000000000003,0.010000000000000002,0.04000000000000001,0,full,True
REIM (ACT + Detector + Recovery),23,8000065,metaworld,True,67,0.15255238600002485,1,1,1,56,0.5387284755706787,task_success_while_recovery_active_per_intervention,True,False,,9090973d3f5a04cb5c04cbcd83a32cca3a1e71ad1b76e92b66a8b96b89d9beec,b4d00b629663580725cee7c16b68664af3de3bc5986bddef37e01448932e3ffd,39001749c902e2ab9d015efb8c7644faffff99810b709d3203dc359d5eacdcbd,,,0.4,40.0,0.16000000000000003,0.010000000000000002,0.04000000000000001,0,full,True
REIM (ACT + Detector + Recovery),24,8000066,metaworld,False,200,0.4949378429992066,1,0,1,150,0.9405693411827087,task_success_while_recovery_active_per_intervention,False,True,timeout,845097c90650bc4d4755661c4e0cd59fff76c2afe428ec1b974f8c1faba83d88,b4d00b629663580725cee7c16b68664af3de3bc5986bddef37e01448932e3ffd,56b7f182edcfeefa9301e1edd53d7f36e4418de7e6df1b54b0f0c298cde1b3cd,,,0.4,40.0,0.16000000000000003,0.010000000000000002,0.04000000000000001,0,full,True
REIM (ACT + Detector + Recovery),25,8000067,metaworld,True,69,0.14326844100287417,1,1,1,62,0.34494543075561523,task_success_while_recovery_active_per_intervention,True,False,,d06f3079a6be90b53c6b06a8b6250c9020b4b677dccfe200b1a43070bf003080,b4d00b629663580725cee7c16b68664af3de3bc5986bddef37e01448932e3ffd,e216352c7f1c7392270c7c501bb599f2a46f420613a124fda0729ab88160cdf2,,,0.4,40.0,0.16000000000000003,0.010000000000000002,0.04000000000000001,0,full,True
REIM (ACT + Detector + Recovery),26,8000068,metaworld,True,54,0.12893440799962264,1,1,1,42,0.26008710265159607,task_success_while_recovery_active_per_intervention,True,False,,213f7c15b0edb34f333827c8738c7370e60b78a8b45ef90544dbe3f2a81b262a,b4d00b629663580725cee7c16b68664af3de3bc5986bddef37e01448932e3ffd,2eb279a724955c1a9d173681940490ec9cc8ed4fdc15a95533884a23d4ccdb4e,,,0.4,40.0,0.16000000000000003,0.010000000000000002,0.04000000000000001,0,full,True
REIM (ACT + Detector + Recovery),27,8000069,metaworld,True,54,0.26236965600037365,0,0,0,0,0.15657024085521698,task_success_while_recovery_active_per_intervention,True,False,,c38af4174b11ced48b37503b3c5783f4c5e18c9fc420830987a8113b554a1172,b4d00b629663580725cee7c16b68664af3de3bc5986bddef37e01448932e3ffd,15a9adece7ebea14bdf37f5376e274c6dce4711281025cf35060933ba9ab8ad3,,,0.4,40.0,0.16000000000000003,0.010000000000000002,0.04000000000000001,0,full,True
REIM (ACT + Detector + Recovery),28,8000070,metaworld,False,200,0.4956804040011775,1,0,1,150,0.9995889067649841,task_success_while_recovery_active_per_intervention,False,True,timeout,6b804e3d7453daefe913623c4ffd0a6d5749ef818237c799fde4f928a8b6105f,b4d00b629663580725cee7c16b68664af3de3bc5986bddef37e01448932e3ffd,5d73f28d4d24cdbcb36a5e5cd61ec1a82f7287ce56d88da8cea912ed757b164c,,,0.4,40.0,0.16000000000000003,0.010000000000000002,0.04000000000000001,0,full,True
REIM (ACT + Detector + Recovery),29,8000071,metaworld,True,54,0.15906183600236545,1,1,1,34,0.26184284687042236,task_success_while_recovery_active_per_intervention,True,False,,917e50c8790318b89b210aacf285f7e57b204f2d9014f403cd186f090a592630,b4d00b629663580725cee7c16b68664af3de3bc5986bddef37e01448932e3ffd,5e1df472084de78052388a34f03cad3de438ca9b5dc801b5759dd57c66a7482a,,,0.4,40.0,0.16000000000000003,0.010000000000000002,0.04000000000000001,0,full,True
REIM (ACT + Detector + Recovery),30,8000072,metaworld,True,61,0.11889888699806761,1,1,1,55,0.7638599872589111,task_success_while_recovery_active_per_intervention,True,False,,7a94d9030530198f5a4bb16b56b22b5aba9aee1aba735461ae211515b6f1d046,b4d00b629663580725cee7c16b68664af3de3bc5986bddef37e01448932e3ffd,aba21ef1c98d0573e36116c9757115227fd3793cba96aea7eda95c2547314ca3,,,0.4,40.0,0.16000000000000003,0.010000000000000002,0.04000000000000001,0,full,True
REIM (ACT + Detector + Recovery),31,8000073,metaworld,True,62,0.12946722800188581,1,1,1,51,0.225086972117424,task_success_while_recovery_active_per_intervention,True,False,,a08abb52a81e7a23029eb0aa9ab84f08cda6ca659fe4aacc6abc289ba9972dda,b4d00b629663580725cee7c16b68664af3de3bc5986bddef37e01448932e3ffd,b8e45a2f8f553d53c6eef0305347f910b9999bcae6df6ccaf0eaee6ac864e670,,,0.4,40.0,0.16000000000000003,0.010000000000000002,0.04000000000000001,0,full,True
REIM (ACT + Detector + Recovery),32,8000074,metaworld,True,59,0.11185724299866706,1,1,1,53,0.7519147396087646,task_success_while_recovery_active_per_intervention,True,False,,596648e8d89f5d59abc62b99f632c1ebaf22d98353126cfda7afdb736e251f0b,b4d00b629663580725cee7c16b68664af3de3bc5986bddef37e01448932e3ffd,ba19e0623fe05add91e00811bacb33e27305f5fcb6549be6f6278ebce6046101,,,0.4,40.0,0.16000000000000003,0.010000000000000002,0.04000000000000001,0,full,True
REIM (ACT + Detector + Recovery),33,8000075,metaworld,False,200,0.4638485720024619,1,0,1,150,0.9988572597503662,task_success_while_recovery_active_per_intervention,False,True,timeout,438541a69a168eeb4bc5088ff07b8219508f56593d348cbcefbf434fcabc08eb,b4d00b629663580725cee7c16b68664af3de3bc5986bddef37e01448932e3ffd,8a99d46d6d04afe3e2ef92bb607dde5e178b5c37506006c4f364e345976453b1,,,0.4,40.0,0.16000000000000003,0.010000000000000002,0.04000000000000001,0,full,True
REIM (ACT + Detector + Recovery),34,8000076,metaworld,False,200,0.47070911800256,1,0,1,150,0.9996256828308105,task_success_while_recovery_active_per_intervention,False,True,object_dropped,9c2df1c3d485baf819e014d7b05ac8414ff5c07e1533cf0baaccb2917b3d47bd,b4d00b629663580725cee7c16b68664af3de3bc5986bddef37e01448932e3ffd,4e97203f8ce1a96cef19545d4c4c300d0de39e4f94bd1941cef7ebc3dd48be02,,,0.4,40.0,0.16000000000000003,0.010000000000000002,0.04000000000000001,0,full,True
REIM (ACT + Detector + Recovery),35,8000077,metaworld,True,64,0.12724852700193878,1,1,1,57,0.6154290437698364,task_success_while_recovery_active_per_intervention,True,False,,26ab6f368f2bf01d332bde215f6006f23e0093a120bcdab09c2e08a26cd21bd3,b4d00b629663580725cee7c16b68664af3de3bc5986bddef37e01448932e3ffd,06d355d7aff3b944ab4199c02a94c63d062e5c414c0b195f7b232b607e0ab1ed,,,0.4,40.0,0.16000000000000003,0.010000000000000002,0.04000000000000001,0,full,True
REIM (ACT + Detector + Recovery),36,8000078,metaworld,True,61,0.1265321800019592,1,1,1,54,0.4449344575405121,task_success_while_recovery_active_per_intervention,True,False,,a092abb5ad049b6a1362820082c630f3b2650c09ab47ea13e38298ae2450de19,b4d00b629663580725cee7c16b68664af3de3bc5986bddef37e01448932e3ffd,39001749c902e2ab9d015efb8c7644faffff99810b709d3203dc359d5eacdcbd,,,0.4,40.0,0.16000000000000003,0.010000000000000002,0.04000000000000001,0,full,True
REIM (ACT + Detector + Recovery),37,8000079,metaworld,False,200,0.48036702400349895,1,0,1,150,0.9996780157089233,task_success_while_recovery_active_per_intervention,False,True,object_dropped,187f37f7b403d3e939afd3673fb792a948b9ba59b8df53bc3d00f02db3ef1e2f,b4d00b629663580725cee7c16b68664af3de3bc5986bddef37e01448932e3ffd,8a99d46d6d04afe3e2ef92bb607dde5e178b5c37506006c4f364e345976453b1,,,0.4,40.0,0.16000000000000003,0.010000000000000002,0.04000000000000001,0,full,True
REIM (ACT + Detector + Recovery),38,8000080,metaworld,True,52,0.14152091199866845,1,1,1,32,0.28441014885902405,task_success_while_recovery_active_per_intervention,True,False,,76675fb1a616ca323c8cb367fae84cdca6b2058c7174320b481c790c1eb6c895,b4d00b629663580725cee7c16b68664af3de3bc5986bddef37e01448932e3ffd,5d73f28d4d24cdbcb36a5e5cd61ec1a82f7287ce56d88da8cea912ed757b164c,,,0.4,40.0,0.16000000000000003,0.010000000000000002,0.04000000000000001,0,full,True
REIM (ACT + Detector + Recovery),39,8000081,metaworld,True,61,0.12563795000096434,1,1,1,52,0.24157914519309998,task_success_while_recovery_active_per_intervention,True,False,,6178eaf97f0a4996e65b18b82e6b7b8251816817735a701a59c39c7bd62c5fcd,b4d00b629663580725cee7c16b68664af3de3bc5986bddef37e01448932e3ffd,a8cfe6e2276fbd15230c5555255b87d17333bdd29f84f687df7405d0311fae7f,,,0.4,40.0,0.16000000000000003,0.010000000000000002,0.04000000000000001,0,full,True
REIM (ACT + Detector + Recovery),40,8000082,metaworld,True,52,0.15654348699899856,1,1,1,28,0.23944519460201263,task_success_while_recovery_active_per_intervention,True,False,,6bb3c955f0ed9d44664e1065184c8cd170c8925e18cdb55eb3f4f558483e0bc2,b4d00b629663580725cee7c16b68664af3de3bc5986bddef37e01448932e3ffd,f82ceac6f8787ac22c378edc1f141cedcc86bf9309b43f1aff6633ae0a963abb,,,0.4,40.0,0.16000000000000003,0.010000000000000002,0.04000000000000001,0,full,True
REIM (ACT + Detector + Recovery),41,8000083,metaworld,False,200,0.5012645740025619,1,0,1,139,0.9987391829490662,task_success_while_recovery_active_per_intervention,False,True,timeout,c284e7e72fde7e0c197aaba82cfb11aac152303caae87a855a121972e4e1a576,b4d00b629663580725cee7c16b68664af3de3bc5986bddef37e01448932e3ffd,4e97203f8ce1a96cef19545d4c4c300d0de39e4f94bd1941cef7ebc3dd48be02,,,0.4,40.0,0.16000000000000003,0.010000000000000002,0.04000000000000001,0,full,True
REIM (ACT + Detector + Recovery),42,8000084,metaworld,False,200,0.46822182400137535,1,0,1,150,0.9970484375953674,task_success_while_recovery_active_per_intervention,False,True,timeout,7d7a956e74bc6568a77b919384e289dcb7100c2b725b74eafa5811278346561a,b4d00b629663580725cee7c16b68664af3de3bc5986bddef37e01448932e3ffd,5d73f28d4d24cdbcb36a5e5cd61ec1a82f7287ce56d88da8cea912ed757b164c,,,0.4,40.0,0.16000000000000003,0.010000000000000002,0.04000000000000001,0,full,True
REIM (ACT + Detector + Recovery),43,8000085,metaworld,True,56,0.15539984499991988,1,1,1,33,0.34812477231025696,task_success_while_recovery_active_per_intervention,True,False,,e056922dba837b70685a6be6f50678af027d993a6be34ffb3da06b0522d6aae9,b4d00b629663580725cee7c16b68664af3de3bc5986bddef37e01448932e3ffd,aba21ef1c98d0573e36116c9757115227fd3793cba96aea7eda95c2547314ca3,,,0.4,40.0,0.16000000000000003,0.010000000000000002,0.04000000000000001,0,full,True
REIM (ACT + Detector + Recovery),44,8000086,metaworld,True,50,0.12493248700047843,1,1,1,36,0.6122923493385315,task_success_while_recovery_active_per_intervention,True,False,,22aed3bc2a6344f7f00e9df3dca3444715ff1f6d1167effeb7beb967e582f6f2,b4d00b629663580725cee7c16b68664af3de3bc5986bddef37e01448932e3ffd,27e1ed8c670f23dae46752497e383610e58c248d638e3b9b707808a32ce33d4e,,,0.4,40.0,0.16000000000000003,0.010000000000000002,0.04000000000000001,0,full,True
REIM (ACT + Detector + Recovery),45,8000087,metaworld,True,58,0.12023790199964424,1,1,1,49,0.35146743059158325,task_success_while_recovery_active_per_intervention,True,False,,ece7dace65b5220a861ee294897d54879ac3c67126827943f508dc0f233f0ac6,b4d00b629663580725cee7c16b68664af3de3bc5986bddef37e01448932e3ffd,ba19e0623fe05add91e00811bacb33e27305f5fcb6549be6f6278ebce6046101,,,0.4,40.0,0.16000000000000003,0.010000000000000002,0.04000000000000001,0,full,True
REIM (ACT + Detector + Recovery),46,8000088,metaworld,False,200,0.46006375899742125,1,0,1,150,0.9797333478927612,task_success_while_recovery_active_per_intervention,False,True,timeout,62c666e68dae1ef5b5327a01f09d3b8bb71bfb7260d11adea93eb90f42bde483,b4d00b629663580725cee7c16b68664af3de3bc5986bddef37e01448932e3ffd,e216352c7f1c7392270c7c501bb599f2a46f420613a124fda0729ab88160cdf2,,,0.4,40.0,0.16000000000000003,0.010000000000000002,0.04000000000000001,0,full,True
REIM (ACT + Detector + Recovery),47,8000089,metaworld,True,53,0.14680549799959408,1,1,1,33,0.22778412699699402,task_success_while_recovery_active_per_intervention,True,False,,a3ae63e97a5861cf568ea6a7f13929e09220b410641ffa6ed73cfbd9a127ec26,b4d00b629663580725cee7c16b68664af3de3bc5986bddef37e01448932e3ffd,f82ceac6f8787ac22c378edc1f141cedcc86bf9309b43f1aff6633ae0a963abb,,,0.4,40.0,0.16000000000000003,0.010000000000000002,0.04000000000000001,0,full,True
REIM (ACT + Detector + Recovery),48,8000090,metaworld,True,59,0.14354964399899472,1,1,1,43,0.23091235756874084,task_success_while_recovery_active_per_intervention,True,False,,87d547d7b42da5b21775902cbd8fa22617d9eab0fad155249a4244e516ad272a,b4d00b629663580725cee7c16b68664af3de3bc5986bddef37e01448932e3ffd,b8e45a2f8f553d53c6eef0305347f910b9999bcae6df6ccaf0eaee6ac864e670,,,0.4,40.0,0.16000000000000003,0.010000000000000002,0.04000000000000001,0,full,True
REIM (ACT + Detector + Recovery),49,8000091,metaworld,False,200,0.5031062630005181,1,0,1,140,0.9952324032783508,task_success_while_recovery_active_per_intervention,False,True,timeout,e3a0027fdb33dd7809e0c7e5dbe54118721f2d0cd56134ab8d2674f01bed4c90,b4d00b629663580725cee7c16b68664af3de3bc5986bddef37e01448932e3ffd,c40fedd273cade53989af8adc3ca66d02f2d92ca4d97b2f6391a0dd0ab6dbca3,,,0.4,40.0,0.16000000000000003,0.010000000000000002,0.04000000000000001,0,full,True
REIM (ACT + Detector + Recovery),50,8000092,metaworld,False,200,0.46444497399716056,1,0,1,150,0.9919523596763611,task_success_while_recovery_active_per_intervention,False,True,timeout,e11d820d381be36bcbd695f222b7d2f5da5c5d7f2816445df5c0340040883bf2,b4d00b629663580725cee7c16b68664af3de3bc5986bddef37e01448932e3ffd,48ce9609a38b32e56f7e6a43ffef71c21c8b1d17ed5a63d47701bc1dfc3ff271,,,0.4,40.0,0.16000000000000003,0.010000000000000002,0.04000000000000001,0,full,True
REIM (ACT + Detector + Recovery),51,8000093,metaworld,False,200,0.4567452390001563,1,0,1,150,0.997934103012085,task_success_while_recovery_active_per_intervention,False,True,timeout,222ed43cf53b288103b97699b627daa5b8de56637059b2fcdd69b26ac5eb4416,b4d00b629663580725cee7c16b68664af3de3bc5986bddef37e01448932e3ffd,2ad5907877cc42b4447b9630988e3a1f0da0d83e1f696f71e22dc69905e631b6,,,0.4,40.0,0.16000000000000003,0.010000000000000002,0.04000000000000001,0,full,True
REIM (ACT + Detector + Recovery),52,8000094,metaworld,True,59,0.14611374699961743,1,1,1,42,0.3462323546409607,task_success_while_recovery_active_per_intervention,True,False,,27ebbc72b95d8575d07ff2daed427ac6546c1a9fcfcdde3cd0e380cd5d5818fc,b4d00b629663580725cee7c16b68664af3de3bc5986bddef37e01448932e3ffd,8a99d46d6d04afe3e2ef92bb607dde5e178b5c37506006c4f364e345976453b1,,,0.4,40.0,0.16000000000000003,0.010000000000000002,0.04000000000000001,0,full,True
REIM (ACT + Detector + Recovery),53,8000095,metaworld,True,56,0.18226338200111059,1,1,1,25,0.2293717861175537,task_success_while_recovery_active_per_intervention,True,False,,59d3e09c0daa47252efe75fda852aa7c150b2570ee62cde4a868fd71268db7e9,b4d00b629663580725cee7c16b68664af3de3bc5986bddef37e01448932e3ffd,942fb6a87dc1e3eb7bf7bb111c97e7096138256b4a9a6b4c62a012fabe8bec38,,,0.4,40.0,0.16000000000000003,0.010000000000000002,0.04000000000000001,0,full,True
REIM (ACT + Detector + Recovery),54,8000096,metaworld,True,63,0.13605148300121073,1,1,1,52,0.5348381400108337,task_success_while_recovery_active_per_intervention,True,False,,38718f752cc305af5d30cfcaf27ad45e58c92e576131a95d0f28032c5a9aa0c7,b4d00b629663580725cee7c16b68664af3de3bc5986bddef37e01448932e3ffd,4e97203f8ce1a96cef19545d4c4c300d0de39e4f94bd1941cef7ebc3dd48be02,,,0.4,40.0,0.16000000000000003,0.010000000000000002,0.04000000000000001,0,full,True
REIM (ACT + Detector + Recovery),55,8000097,metaworld,True,70,0.32305913400341524,0,0,0,0,0.15629903972148895,task_success_while_recovery_active_per_intervention,True,False,,efd87e1fbe551ee9224fda0583bf49fd80f61066cc82eb7cc0b09efe9e1d9c03,b4d00b629663580725cee7c16b68664af3de3bc5986bddef37e01448932e3ffd,742509487aeb71d366f1ddafa1cb12db2f7cfefe17c4ca89c98cffb67c1c8619,,,0.4,40.0,0.16000000000000003,0.010000000000000002,0.04000000000000001,0,full,True
REIM (ACT + Detector + Recovery),56,8000098,metaworld,False,200,0.4647041600001103,1,0,1,150,0.9968587160110474,task_success_while_recovery_active_per_intervention,False,True,timeout,26849df389dbd61f40b49887f726aafe53720d439f100f27b0019983619d4681,b4d00b629663580725cee7c16b68664af3de3bc5986bddef37e01448932e3ffd,08a97a6dfa17f78b5cc5b1351d60038e4a40a68fc93722672482714333b1d9b5,,,0.4,40.0,0.16000000000000003,0.010000000000000002,0.04000000000000001,0,full,True
REIM (ACT + Detector + Recovery),57,8000099,metaworld,True,58,0.1099582310016558,1,1,1,52,0.45384806394577026,task_success_while_recovery_active_per_intervention,True,False,,676b478d1945676e342a2c5609ea25b3d69608ef457d0e7cc2f52b22f45db382,b4d00b629663580725cee7c16b68664af3de3bc5986bddef37e01448932e3ffd,35203d16cfa98b5f2e002fcb1ffde2400abf9459c161f6a289efa0c46eddb36f,,,0.4,40.0,0.16000000000000003,0.010000000000000002,0.04000000000000001,0,full,True
REIM (ACT + Detector + Recovery),58,8000100,metaworld,True,64,0.15182508699945174,1,1,1,48,0.37648671865463257,task_success_while_recovery_active_per_intervention,True,False,,91cb6b13d6a9cc71ff38efb853304ce136d884be630893e8fe1abbfc6f1727d5,b4d00b629663580725cee7c16b68664af3de3bc5986bddef37e01448932e3ffd,64ee837add19202e84553431fdab118462cf5265eeae19a4d044b5a6818f771d,,,0.4,40.0,0.16000000000000003,0.010000000000000002,0.04000000000000001,0,full,True
REIM (ACT + Detector + Recovery),59,8000101,metaworld,False,200,0.4701385750013287,1,0,1,150,0.9988740086555481,task_success_while_recovery_active_per_intervention,False,True,timeout,c78275a9ed019679c36c72a6241f821f6afcff8c523c71c3c6c8a834f3e44656,b4d00b629663580725cee7c16b68664af3de3bc5986bddef37e01448932e3ffd,06d355d7aff3b944ab4199c02a94c63d062e5c414c0b195f7b232b607e0ab1ed,,,0.4,40.0,0.16000000000000003,0.010000000000000002,0.04000000000000001,0,full,True
REIM (ACT + Detector + Recovery),60,8000102,metaworld,True,51,0.11737500399976852,1,1,1,39,0.6029302477836609,task_success_while_recovery_active_per_intervention,True,False,,8db226bd5cf51449cc754a6c4a2c56843bdd9e995628617588e2789f6bc1c0d4,b4d00b629663580725cee7c16b68664af3de3bc5986bddef37e01448932e3ffd,08a97a6dfa17f78b5cc5b1351d60038e4a40a68fc93722672482714333b1d9b5,,,0.4,40.0,0.16000000000000003,0.010000000000000002,0.04000000000000001,0,full,True
REIM (ACT + Detector + Recovery),61,8000103,metaworld,False,200,0.4676202339978772,1,0,1,150,0.9871613383293152,task_success_while_recovery_active_per_intervention,False,True,timeout,300d55e27321430a154e89a17c4ea230b9c6bd31c7c30234d6f9bf773998535b,b4d00b629663580725cee7c16b68664af3de3bc5986bddef37e01448932e3ffd,0f719f94ef165c0b816b8b10c3f4f5fcf802c9f5a25141035590310315749280,,,0.4,40.0,0.16000000000000003,0.010000000000000002,0.04000000000000001,0,full,True
REIM (ACT + Detector + Recovery),62,8000104,metaworld,True,52,0.12970832499922835,1,1,1,36,0.24938365817070007,task_success_while_recovery_active_per_intervention,True,False,,e9da47acb84a61d635557e3a2983ce0b141be505ca00086c4a2cb41c62d74560,b4d00b629663580725cee7c16b68664af3de3bc5986bddef37e01448932e3ffd,35203d16cfa98b5f2e002fcb1ffde2400abf9459c161f6a289efa0c46eddb36f,,,0.4,40.0,0.16000000000000003,0.010000000000000002,0.04000000000000001,0,full,True
REIM (ACT + Detector + Recovery),63,8000105,metaworld,False,200,0.5114195880014449,1,0,1,135,0.9944542050361633,task_success_while_recovery_active_per_intervention,False,True,timeout,6d2cd324f36337f1fe3e09020b31a2f55d22151d9ba47f076ccc156b689836cc,b4d00b629663580725cee7c16b68664af3de3bc5986bddef37e01448932e3ffd,4e97203f8ce1a96cef19545d4c4c300d0de39e4f94bd1941cef7ebc3dd48be02,,,0.4,40.0,0.16000000000000003,0.010000000000000002,0.04000000000000001,0,full,True
REIM (ACT + Detector + Recovery),64,8000106,metaworld,True,58,0.26447286100301426,0,0,0,0,0.16557511687278748,task_success_while_recovery_active_per_intervention,True,False,,2447883c143c971864abdad95e3e09195a359b58c58585bf56b6bec600c58657,b4d00b629663580725cee7c16b68664af3de3bc5986bddef37e01448932e3ffd,06d355d7aff3b944ab4199c02a94c63d062e5c414c0b195f7b232b607e0ab1ed,,,0.4,40.0,0.16000000000000003,0.010000000000000002,0.04000000000000001,0,full,True
REIM (ACT + Detector + Recovery),65,8000107,metaworld,True,62,0.1307616429985501,1,1,1,51,0.4146063029766083,task_success_while_recovery_active_per_intervention,True,False,,381a6cfa956b90e917a8a4bbc0a86be073b1e7633aa6459843c4a3c2f6da54c4,b4d00b629663580725cee7c16b68664af3de3bc5986bddef37e01448932e3ffd,0cda21f8ffacf0a1e40e7b0e858a8e2ddc276972106d4bced99d4404b4a13fd8,,,0.4,40.0,0.16000000000000003,0.010000000000000002,0.04000000000000001,0,full,True
REIM (ACT + Detector + Recovery),66,8000108,metaworld,True,53,0.23764113700235612,0,0,0,0,0.18068914115428925,task_success_while_recovery_active_per_intervention,True,False,,d85e82891dac155127684149b56732066f5cd176f8d0e4624c74940532fe71a3,b4d00b629663580725cee7c16b68664af3de3bc5986bddef37e01448932e3ffd,2ad5907877cc42b4447b9630988e3a1f0da0d83e1f696f71e22dc69905e631b6,,,0.4,40.0,0.16000000000000003,0.010000000000000002,0.04000000000000001,0,full,True
REIM (ACT + Detector + Recovery),67,8000109,metaworld,True,59,0.2675666009999986,0,0,0,0,0.15659333765506744,task_success_while_recovery_active_per_intervention,True,False,,2edf884ffaa0daaf217c546f1efc564735f4ffd56290b135cd5523243e96620d,b4d00b629663580725cee7c16b68664af3de3bc5986bddef37e01448932e3ffd,a8cfe6e2276fbd15230c5555255b87d17333bdd29f84f687df7405d0311fae7f,,,0.4,40.0,0.16000000000000003,0.010000000000000002,0.04000000000000001,0,full,True
REIM (ACT + Detector + Recovery),68,8000110,metaworld,False,200,0.46601534799992805,1,0,1,150,0.9989050626754761,task_success_while_recovery_active_per_intervention,False,True,timeout,bc4bdb25a7eb1b0b198b154b24f1079fff5a642b3b3dd9bb1880e35976f495b5,b4d00b629663580725cee7c16b68664af3de3bc5986bddef37e01448932e3ffd,0f719f94ef165c0b816b8b10c3f4f5fcf802c9f5a25141035590310315749280,,,0.4,40.0,0.16000000000000003,0.010000000000000002,0.04000000000000001,0,full,True
REIM (ACT + Detector + Recovery),69,8000111,metaworld,True,63,0.1262587090022862,1,1,1,55,0.3674893081188202,task_success_while_recovery_active_per_intervention,True,False,,535d239da8a3979ef1d254bb2510306bfb9266f7dd777eb385f262ab68e5d8a2,b4d00b629663580725cee7c16b68664af3de3bc5986bddef37e01448932e3ffd,3183afb500ebb9a5af177cccb5b5889a8321eb35261f8ec571269f8b5ed9cd1a,,,0.4,40.0,0.16000000000000003,0.010000000000000002,0.04000000000000001,0,full,True
REIM (ACT + Detector + Recovery),70,8000112,metaworld,False,200,0.46262250400104676,1,0,1,150,0.9910945892333984,task_success_while_recovery_active_per_intervention,False,True,object_dropped,69f6039d4491c66b8f8aa961d943d2fc17dbf1ea9020144654936f9aafc1835a,b4d00b629663580725cee7c16b68664af3de3bc5986bddef37e01448932e3ffd,a8cfe6e2276fbd15230c5555255b87d17333bdd29f84f687df7405d0311fae7f,,,0.4,40.0,0.16000000000000003,0.010000000000000002,0.04000000000000001,0,full,True
REIM (ACT + Detector + Recovery),71,8000113,metaworld,False,200,0.45918014099879656,1,0,1,150,0.9885552525520325,task_success_while_recovery_active_per_intervention,False,True,timeout,b961ebe81c77d47d2d78c573aaf2a9734c04ab46ec54df63a7bf7d9db2e37120,b4d00b629663580725cee7c16b68664af3de3bc5986bddef37e01448932e3ffd,f82ceac6f8787ac22c378edc1f141cedcc86bf9309b43f1aff6633ae0a963abb,,,0.4,40.0,0.16000000000000003,0.010000000000000002,0.04000000000000001,0,full,True
REIM (ACT + Detector + Recovery),72,8000114,metaworld,False,200,0.4722076220023155,1,0,1,150,0.9977304339408875,task_success_while_recovery_active_per_intervention,False,True,timeout,959f14682c3c99b4925a6ed363be1d626d7c72a4d7f8ddbdbc9334faba2df37f,b4d00b629663580725cee7c16b68664af3de3bc5986bddef37e01448932e3ffd,e6e55bdbd77dc052facbc072d20b08a21d116978c37627b9a3d9dc7989dfbe62,,,0.4,40.0,0.16000000000000003,0.010000000000000002,0.04000000000000001,0,full,True
REIM (ACT + Detector + Recovery),73,8000115,metaworld,True,65,0.299334577000991,0,0,0,0,0.142036572098732,task_success_while_recovery_active_per_intervention,True,False,,a523cf87764d31a5617851af30ce1f1d2f82f19ff177d196eef4f6e942fda708,b4d00b629663580725cee7c16b68664af3de3bc5986bddef37e01448932e3ffd,1c856fdcb5da12c3fa2d15b38741aa980fa3a47e64fb99f8635817590128f9ea,,,0.4,40.0,0.16000000000000003,0.010000000000000002,0.04000000000000001,0,full,True
REIM (ACT + Detector + Recovery),74,8000116,metaworld,True,51,0.11964516100124456,1,1,1,39,0.2674616277217865,task_success_while_recovery_active_per_intervention,True,False,,8bc902b76aa7e1afaf9c4b8c8c7e68a2d327b97a8b0d526599dc7a843f4e228c,b4d00b629663580725cee7c16b68664af3de3bc5986bddef37e01448932e3ffd,27e1ed8c670f23dae46752497e383610e58c248d638e3b9b707808a32ce33d4e,,,0.4,40.0,0.16000000000000003,0.010000000000000002,0.04000000000000001,0,full,True
REIM (ACT + Detector + Recovery),75,8000117,metaworld,True,58,0.11270971600242774,1,1,1,49,0.47102952003479004,task_success_while_recovery_active_per_intervention,True,False,,efcad61c716b91402d446517d7432ccc0ddc5fc0a5fcba9172db980dae38cba2,b4d00b629663580725cee7c16b68664af3de3bc5986bddef37e01448932e3ffd,3183afb500ebb9a5af177cccb5b5889a8321eb35261f8ec571269f8b5ed9cd1a,,,0.4,40.0,0.16000000000000003,0.010000000000000002,0.04000000000000001,0,full,True
REIM (ACT + Detector + Recovery),76,8000118,metaworld,True,56,0.13364690100206644,1,1,1,38,0.34098169207572937,task_success_while_recovery_active_per_intervention,True,False,,3a7b3d2540b6982094c0970cff90f17dd1210c21850500a953fc87b3ba21fcad,b4d00b629663580725cee7c16b68664af3de3bc5986bddef37e01448932e3ffd,acfaed29b052207b47b4b7fa76672795fd08de3add8565db05f141de82ece90b,,,0.4,40.0,0.16000000000000003,0.010000000000000002,0.04000000000000001,0,full,True
REIM (ACT + Detector + Recovery),77,8000119,metaworld,False,200,0.4616014789971814,1,0,1,150,0.9996935129165649,task_success_while_recovery_active_per_intervention,False,True,object_dropped,705fdc240088ab3509dcf92038f9db7ca1a5edeb6beb0592323d25a12c9f1601,b4d00b629663580725cee7c16b68664af3de3bc5986bddef37e01448932e3ffd,7c3391ee418e26d47c002810bc00065e4dd0b6728c969d2338ad549ad01ebb0a,,,0.4,40.0,0.16000000000000003,0.010000000000000002,0.04000000000000001,0,full,True
REIM (ACT + Detector + Recovery),78,8000120,metaworld,True,56,0.14075348999904236,1,1,1,34,0.22168578207492828,task_success_while_recovery_active_per_intervention,True,False,,0e46d49fef5ff7854e785e3fa0dc2ba8894b7944e8f020834e7c76109617ba2b,b4d00b629663580725cee7c16b68664af3de3bc5986bddef37e01448932e3ffd,64ee837add19202e84553431fdab118462cf5265eeae19a4d044b5a6818f771d,,,0.4,40.0,0.16000000000000003,0.010000000000000002,0.04000000000000001,0,full,True
REIM (ACT + Detector + Recovery),79,8000121,metaworld,False,200,0.41907222000008915,1,0,1,150,0.9893882274627686,task_success_while_recovery_active_per_intervention,False,True,object_dropped,dbe80796e13c46376a1968ba56e850103b98cc8e0b92cd89b4c62bd29674d8c9,b4d00b629663580725cee7c16b68664af3de3bc5986bddef37e01448932e3ffd,25805a097f1f4b8c203ec3c130dcd3e66b5fb3ad298114a08662aae6c86fa673,,,0.4,40.0,0.16000000000000003,0.010000000000000002,0.04000000000000001,0,full,True
REIM (ACT + Detector + Recovery),80,8000122,metaworld,False,200,0.42673999999897205,1,0,1,150,0.9973248243331909,task_success_while_recovery_active_per_intervention,False,True,timeout,eeda3f1bd08bfaea3585ef58db9dfbc712302ef84ca863fd7b08dcadf0210c45,b4d00b629663580725cee7c16b68664af3de3bc5986bddef37e01448932e3ffd,2eb279a724955c1a9d173681940490ec9cc8ed4fdc15a95533884a23d4ccdb4e,,,0.4,40.0,0.16000000000000003,0.010000000000000002,0.04000000000000001,0,full,True
REIM (ACT + Detector + Recovery),81,8000123,metaworld,False,200,0.4238221740015433,1,0,1,150,0.9951512813568115,task_success_while_recovery_active_per_intervention,False,True,timeout,f9902fc02739a92ee55d07c4ad628ea52d1a1315501780b94d062494238b3493,b4d00b629663580725cee7c16b68664af3de3bc5986bddef37e01448932e3ffd,25805a097f1f4b8c203ec3c130dcd3e66b5fb3ad298114a08662aae6c86fa673,,,0.4,40.0,0.16000000000000003,0.010000000000000002,0.04000000000000001,0,full,True
REIM (ACT + Detector + Recovery),82,8000124,metaworld,True,53,0.10082366899951012,1,1,1,45,0.6793913245201111,task_success_while_recovery_active_per_intervention,True,False,,84cac79d3208a6e72db45c5f8ba6d0cdc03d7b85165f07ae32dbb0d2613c78d6,b4d00b629663580725cee7c16b68664af3de3bc5986bddef37e01448932e3ffd,bb2c6b1aed959fa3ddddb1c215ce67cbb5b0ec080eb65fb58e06b7776849a096,,,0.4,40.0,0.16000000000000003,0.010000000000000002,0.04000000000000001,0,full,True
REIM (ACT + Detector + Recovery),83,8000125,metaworld,False,200,0.42601206899780664,1,0,1,150,0.9934600591659546,task_success_while_recovery_active_per_intervention,False,True,timeout,828c53b2dc828574d489423a98ced88ec4e8a972522eac46b6a8deabcf393855,b4d00b629663580725cee7c16b68664af3de3bc5986bddef37e01448932e3ffd,08a97a6dfa17f78b5cc5b1351d60038e4a40a68fc93722672482714333b1d9b5,,,0.4,40.0,0.16000000000000003,0.010000000000000002,0.04000000000000001,0,full,True
REIM (ACT + Detector + Recovery),84,8000126,metaworld,True,59,0.2525062379972951,0,0,0,0,0.13359135389328003,task_success_while_recovery_active_per_intervention,True,False,,0f1a014c792e0edb281a2a0eaeacf70c4c1f34d83735c0a6045f38e79b45bf56,b4d00b629663580725cee7c16b68664af3de3bc5986bddef37e01448932e3ffd,25805a097f1f4b8c203ec3c130dcd3e66b5fb3ad298114a08662aae6c86fa673,,,0.4,40.0,0.16000000000000003,0.010000000000000002,0.04000000000000001,0,full,True
REIM (ACT + Detector + Recovery),85,8000127,metaworld,False,200,0.4250361710001016,1,0,1,150,0.9798992872238159,task_success_while_recovery_active_per_intervention,False,True,timeout,abfed03c62e5c2f8aaf85a7031dada3bbd40219b909f107af903e29870d87cd4,b4d00b629663580725cee7c16b68664af3de3bc5986bddef37e01448932e3ffd,1c856fdcb5da12c3fa2d15b38741aa980fa3a47e64fb99f8635817590128f9ea,,,0.4,40.0,0.16000000000000003,0.010000000000000002,0.04000000000000001,0,full,True
REIM (ACT + Detector + Recovery),86,8000128,metaworld,True,61,0.11176131600223016,1,1,1,52,0.3578256070613861,task_success_while_recovery_active_per_intervention,True,False,,ad5cfea78fe100dbca0983f2b60eb2817dc01fe8b7d7db73fdaaabfdcdfa00b7,b4d00b629663580725cee7c16b68664af3de3bc5986bddef37e01448932e3ffd,5e1df472084de78052388a34f03cad3de438ca9b5dc801b5759dd57c66a7482a,,,0.4,40.0,0.16000000000000003,0.010000000000000002,0.04000000000000001,0,full,True
REIM (ACT + Detector + Recovery),87,8000129,metaworld,True,62,0.16036640299716964,1,1,1,36,0.24035972356796265,task_success_while_recovery_active_per_intervention,True,False,,960be8dafdcecdb2db5ddc5a016c80395f30edbe0fadd5bca05d28a852daf9a4,b4d00b629663580725cee7c16b68664af3de3bc5986bddef37e01448932e3ffd,1c856fdcb5da12c3fa2d15b38741aa980fa3a47e64fb99f8635817590128f9ea,,,0.4,40.0,0.16000000000000003,0.010000000000000002,0.04000000000000001,0,full,True
REIM (ACT + Detector + Recovery),88,8000130,metaworld,True,55,0.16076367100322386,1,1,1,27,0.2799697518348694,task_success_while_recovery_active_per_intervention,True,False,,9d6412aaddf3acf170d8eed9138091420a12de51b465c657333f9239064570f4,b4d00b629663580725cee7c16b68664af3de3bc5986bddef37e01448932e3ffd,942fb6a87dc1e3eb7bf7bb111c97e7096138256b4a9a6b4c62a012fabe8bec38,,,0.4,40.0,0.16000000000000003,0.010000000000000002,0.04000000000000001,0,full,True
REIM (ACT + Detector + Recovery),89,8000131,metaworld,True,58,0.11187658999915584,1,1,1,49,0.5966986417770386,task_success_while_recovery_active_per_intervention,True,False,,ce071c196c2456ccb1f3b5dbe35b69d761fe1f0a53dc239bc4840c3be46203b8,b4d00b629663580725cee7c16b68664af3de3bc5986bddef37e01448932e3ffd,0f719f94ef165c0b816b8b10c3f4f5fcf802c9f5a25141035590310315749280,,,0.4,40.0,0.16000000000000003,0.010000000000000002,0.04000000000000001,0,full,True
REIM (ACT + Detector + Recovery),90,8000132,metaworld,True,54,0.14051745700271567,1,1,1,32,0.21552473306655884,task_success_while_recovery_active_per_intervention,True,False,,3eb9a92d900b29ec24df51851c191f47ef26ea5aedc1a790d67684a7f9b9f15e,b4d00b629663580725cee7c16b68664af3de3bc5986bddef37e01448932e3ffd,c40fedd273cade53989af8adc3ca66d02f2d92ca4d97b2f6391a0dd0ab6dbca3,,,0.4,40.0,0.16000000000000003,0.010000000000000002,0.04000000000000001,0,full,True
REIM (ACT + Detector + Recovery),91,8000133,metaworld,True,57,0.12176708900005906,1,1,1,43,0.24208076298236847,task_success_while_recovery_active_per_intervention,True,False,,8a1eeee6636bcc24376a830684430cec41f09a3358607701256a42aa4e0485ce,b4d00b629663580725cee7c16b68664af3de3bc5986bddef37e01448932e3ffd,38329c6b97bbe7d133bf007c22742dca5f0cd7258f8d7199135c6c2371ae591d,,,0.4,40.0,0.16000000000000003,0.010000000000000002,0.04000000000000001,0,full,True
REIM (ACT + Detector + Recovery),92,8000134,metaworld,True,62,0.12367860799713526,1,1,1,50,0.22235487401485443,task_success_while_recovery_active_per_intervention,True,False,,37c207ce2ff63af405953c33edef808463129ff62aa5c797ae1f9fcec84a932f,b4d00b629663580725cee7c16b68664af3de3bc5986bddef37e01448932e3ffd,48ce9609a38b32e56f7e6a43ffef71c21c8b1d17ed5a63d47701bc1dfc3ff271,,,0.4,40.0,0.16000000000000003,0.010000000000000002,0.04000000000000001,0,full,True
REIM (ACT + Detector + Recovery),93,8000135,metaworld,False,200,0.45494368000072427,1,0,1,142,0.9930155277252197,task_success_while_recovery_active_per_intervention,False,True,timeout,5d38bc5e75d3af55e746f7218b15784572e492b165f6ca57415443bc90428b07,b4d00b629663580725cee7c16b68664af3de3bc5986bddef37e01448932e3ffd,48ce9609a38b32e56f7e6a43ffef71c21c8b1d17ed5a63d47701bc1dfc3ff271,,,0.4,40.0,0.16000000000000003,0.010000000000000002,0.04000000000000001,0,full,True
REIM (ACT + Detector + Recovery),94,8000136,metaworld,True,53,0.10211563199845841,1,1,1,46,0.3449518084526062,task_success_while_recovery_active_per_intervention,True,False,,51233b15fdaf8b6d860743a1af6400e66c2cedf6549ce64598ddb21a6a384524,b4d00b629663580725cee7c16b68664af3de3bc5986bddef37e01448932e3ffd,bb2c6b1aed959fa3ddddb1c215ce67cbb5b0ec080eb65fb58e06b7776849a096,,,0.4,40.0,0.16000000000000003,0.010000000000000002,0.04000000000000001,0,full,True
REIM (ACT + Detector + Recovery),95,8000137,metaworld,False,200,0.4363646149977285,1,0,1,150,0.9886559247970581,task_success_while_recovery_active_per_intervention,False,True,timeout,25ec4e1b30f0fbcb80f8055257c4bb51e4dc3c2a7ea36d6a500c641bc22a09c5,b4d00b629663580725cee7c16b68664af3de3bc5986bddef37e01448932e3ffd,27e1ed8c670f23dae46752497e383610e58c248d638e3b9b707808a32ce33d4e,,,0.4,40.0,0.16000000000000003,0.010000000000000002,0.04000000000000001,0,full,True
REIM (ACT + Detector + Recovery),96,8000138,metaworld,False,200,0.46060023400059436,1,0,1,140,0.9990693926811218,task_success_while_recovery_active_per_intervention,False,True,object_dropped,396995f778134fd316b9745a69a97acd91e2f1afc1fabf89b63b1f34afe71d7f,b4d00b629663580725cee7c16b68664af3de3bc5986bddef37e01448932e3ffd,08a97a6dfa17f78b5cc5b1351d60038e4a40a68fc93722672482714333b1d9b5,,,0.4,40.0,0.16000000000000003,0.010000000000000002,0.04000000000000001,0,full,True
REIM (ACT + Detector + Recovery),97,8000139,metaworld,True,60,0.131426071999158,1,1,1,45,0.3646933436393738,task_success_while_recovery_active_per_intervention,True,False,,fea4954238a3defccb04f0726db3042b268a5bf97ab3b6f88ee37b0a6880131d,b4d00b629663580725cee7c16b68664af3de3bc5986bddef37e01448932e3ffd,b8e45a2f8f553d53c6eef0305347f910b9999bcae6df6ccaf0eaee6ac864e670,,,0.4,40.0,0.16000000000000003,0.010000000000000002,0.04000000000000001,0,full,True
REIM (ACT + Detector + Recovery),98,8000140,metaworld,False,200,0.43992147500102874,1,0,1,150,0.9940429329872131,task_success_while_recovery_active_per_intervention,False,True,timeout,4f437a74206420b22c049a39a4994d46d4c937505216fe3937306c3a45404c60,b4d00b629663580725cee7c16b68664af3de3bc5986bddef37e01448932e3ffd,f82ceac6f8787ac22c378edc1f141cedcc86bf9309b43f1aff6633ae0a963abb,,,0.4,40.0,0.16000000000000003,0.010000000000000002,0.04000000000000001,0,full,True
REIM (ACT + Detector + Recovery),99,8000141,metaworld,True,60,0.12092460599888,1,1,1,48,0.29800957441329956,task_success_while_recovery_active_per_intervention,True,False,,a8a3523171725e82e0435b99b8debd36d082ba814bcbb09198a77b47791ef6e5,b4d00b629663580725cee7c16b68664af3de3bc5986bddef37e01448932e3ffd,f82ceac6f8787ac22c378edc1f141cedcc86bf9309b43f1aff6633ae0a963abb,,,0.4,40.0,0.16000000000000003,0.010000000000000002,0.04000000000000001,0,full,True
REIM (ACT + Detector + Recovery),100,8000142,metaworld,False,200,0.42518015099994955,1,0,1,150,0.9707514643669128,task_success_while_recovery_active_per_intervention,False,True,timeout,8c543dbb30a21db46592e209c79a7bd45d4575d827e23e6ab1eb32b09e3bb47b,b4d00b629663580725cee7c16b68664af3de3bc5986bddef37e01448932e3ffd,e216352c7f1c7392270c7c501bb599f2a46f420613a124fda0729ab88160cdf2,,,0.4,40.0,0.16000000000000003,0.010000000000000002,0.04000000000000001,0,full,True
REIM (ACT + Detector + Recovery),101,8000143,metaworld,False,200,0.42560606400002143,1,0,1,150,0.29862290620803833,task_success_while_recovery_active_per_intervention,False,True,timeout,de422b577e36db21825a52b290638ebd03e1b922b39a1f435f32bc4cada1984c,b4d00b629663580725cee7c16b68664af3de3bc5986bddef37e01448932e3ffd,35203d16cfa98b5f2e002fcb1ffde2400abf9459c161f6a289efa0c46eddb36f,,,0.4,40.0,0.16000000000000003,0.010000000000000002,0.04000000000000001,0,full,True
REIM (ACT + Detector + Recovery),102,8000144,metaworld,False,200,0.4704032109984837,1,0,1,150,0.9505003094673157,task_success_while_recovery_active_per_intervention,False,True,timeout,555ea9d663b4b4627cab8c6b56f24776c338e0387dd68e3b0df06bbdbd5a3d96,b4d00b629663580725cee7c16b68664af3de3bc5986bddef37e01448932e3ffd,504c23f653f6cdee9d659d9320b164606b319d4f0e9cdf0f3a87e2fc7a98160a,,,0.4,40.0,0.16000000000000003,0.010000000000000002,0.04000000000000001,0,full,True
REIM (ACT + Detector + Recovery),103,8000145,metaworld,True,58,0.24570232199766906,0,0,0,0,0.1681312471628189,task_success_while_recovery_active_per_intervention,True,False,,8601ce5489fdee4e0cb577aa339328473418e664c643d49146a4456a28cf66c2,b4d00b629663580725cee7c16b68664af3de3bc5986bddef37e01448932e3ffd,a0b103bf3e43f4aa92753185301eba5e2e31594285004b99f51a59b33bd2d620,,,0.4,40.0,0.16000000000000003,0.010000000000000002,0.04000000000000001,0,full,True
REIM (ACT + Detector + Recovery),104,8000146,metaworld,False,200,0.44210558299892,1,0,1,147,0.8324658870697021,task_success_while_recovery_active_per_intervention,False,True,timeout,6d7c6012b405c9970ff61a68e87a5a6da15cabb6c50eec0b1d6fc91c192eb607,b4d00b629663580725cee7c16b68664af3de3bc5986bddef37e01448932e3ffd,56b7f182edcfeefa9301e1edd53d7f36e4418de7e6df1b54b0f0c298cde1b3cd,,,0.4,40.0,0.16000000000000003,0.010000000000000002,0.04000000000000001,0,full,True
REIM (ACT + Detector + Recovery),105,8000147,metaworld,False,200,0.7620404580011382,1,0,1,26,0.9730516076087952,task_success_while_recovery_active_per_intervention,False,True,timeout,9771f1e722ef88a6aed9147f44180df24e40817f4b1da9021131c146e6e458e2,b4d00b629663580725cee7c16b68664af3de3bc5986bddef37e01448932e3ffd,08a97a6dfa17f78b5cc5b1351d60038e4a40a68fc93722672482714333b1d9b5,,,0.4,40.0,0.16000000000000003,0.010000000000000002,0.04000000000000001,0,full,True
REIM (ACT + Detector + Recovery),106,8000148,metaworld,True,51,0.11155789900294621,1,1,1,37,0.4617954194545746,task_success_while_recovery_active_per_intervention,True,False,,9f33c34bb78a671bfde49b890e3427ed7484415df17294d15ffcf2c8aad989a5,b4d00b629663580725cee7c16b68664af3de3bc5986bddef37e01448932e3ffd,08a97a6dfa17f78b5cc5b1351d60038e4a40a68fc93722672482714333b1d9b5,,,0.4,40.0,0.16000000000000003,0.010000000000000002,0.04000000000000001,0,full,True
REIM (ACT + Detector + Recovery),107,8000149,metaworld,True,58,0.15629112000169698,1,1,1,31,0.2327713966369629,task_success_while_recovery_active_per_intervention,True,False,,39cc67900d329abbdcb2901ccec65c9735d1b3e4d53ccf51814fdead0b086d58,b4d00b629663580725cee7c16b68664af3de3bc5986bddef37e01448932e3ffd,524e161a612d94c222d06154bcd0129d0851b8fad51ae883abbef6e86d43cbb0,,,0.4,40.0,0.16000000000000003,0.010000000000000002,0.04000000000000001,0,full,True
REIM (ACT + Detector + Recovery),108,8000150,metaworld,True,48,0.12460465199910686,1,1,1,27,0.22488948702812195,task_success_while_recovery_active_per_intervention,True,False,,7f431696e21e3b6d22626594c123c2e3d0ac86994635197d2d14daa49ed08e16,b4d00b629663580725cee7c16b68664af3de3bc5986bddef37e01448932e3ffd,5d73f28d4d24cdbcb36a5e5cd61ec1a82f7287ce56d88da8cea912ed757b164c,,,0.4,40.0,0.16000000000000003,0.010000000000000002,0.04000000000000001,0,full,True
REIM (ACT + Detector + Recovery),109,8000151,metaworld,True,57,0.13122917199871154,1,1,1,40,0.30521708726882935,task_success_while_recovery_active_per_intervention,True,False,,cd06332c5b03afe6a44f208e07d3c6d4524e6ba7bf5f4523617238f40dada520,b4d00b629663580725cee7c16b68664af3de3bc5986bddef37e01448932e3ffd,aa1f17aacdf569c3a2930a2ebbf742ff43f8d3acfc772731a5c344cabcd52570,,,0.4,40.0,0.16000000000000003,0.010000000000000002,0.04000000000000001,0,full,True
REIM (ACT + Detector + Recovery),110,8000152,metaworld,False,200,0.43317245899743284,1,0,1,150,0.8795416951179504,task_success_while_recovery_active_per_intervention,False,True,object_dropped,e3244126e528ec522afb3e8200216f86a8281f864f2f428afa56098df9624954,b4d00b629663580725cee7c16b68664af3de3bc5986bddef37e01448932e3ffd,cea0b9105255f82e0ee99bfb3998a6edce02b446d4b14afb0747282cd18aa202,,,0.4,40.0,0.16000000000000003,0.010000000000000002,0.04000000000000001,0,full,True
REIM (ACT + Detector + Recovery),111,8000153,metaworld,False,200,0.4306441989974701,1,0,1,150,0.999110758304596,task_success_while_recovery_active_per_intervention,False,True,timeout,dd4fe80d0891f821a2bb7560b93d5a059f7d25d174cc0d40511048a4a423cf87,b4d00b629663580725cee7c16b68664af3de3bc5986bddef37e01448932e3ffd,e6e55bdbd77dc052facbc072d20b08a21d116978c37627b9a3d9dc7989dfbe62,,,0.4,40.0,0.16000000000000003,0.010000000000000002,0.04000000000000001,0,full,True
REIM (ACT + Detector + Recovery),112,8000154,metaworld,True,59,0.12251134499820182,1,1,1,47,0.32102957367897034,task_success_while_recovery_active_per_intervention,True,False,,868a5b4460f00a19445d2151ae28c5f1d2cfb0e005c48780fd84d3022c008b57,b4d00b629663580725cee7c16b68664af3de3bc5986bddef37e01448932e3ffd,5e1df472084de78052388a34f03cad3de438ca9b5dc801b5759dd57c66a7482a,,,0.4,40.0,0.16000000000000003,0.010000000000000002,0.04000000000000001,0,full,True
REIM (ACT + Detector + Recovery),113,8000155,metaworld,True,57,0.13345159799791873,1,1,1,40,0.34771883487701416,task_success_while_recovery_active_per_intervention,True,False,,abd70758ae74840622d9d363e1147034d9553204021c4a15dc3577c63393fdf8,b4d00b629663580725cee7c16b68664af3de3bc5986bddef37e01448932e3ffd,8a99d46d6d04afe3e2ef92bb607dde5e178b5c37506006c4f364e345976453b1,,,0.4,40.0,0.16000000000000003,0.010000000000000002,0.04000000000000001,0,full,True
REIM (ACT + Detector + Recovery),114,8000156,metaworld,False,200,0.4329479000007268,1,0,1,150,0.9673625230789185,task_success_while_recovery_active_per_intervention,False,True,timeout,cfaca34b85af5cc8154cd847b65ad21f7cfaa32c52906d78332d6c835897e8c9,b4d00b629663580725cee7c16b68664af3de3bc5986bddef37e01448932e3ffd,a8cfe6e2276fbd15230c5555255b87d17333bdd29f84f687df7405d0311fae7f,,,0.4,40.0,0.16000000000000003,0.010000000000000002,0.04000000000000001,0,full,True
REIM (ACT + Detector + Recovery),115,8000157,metaworld,False,200,0.5545321200006583,1,0,1,150,0.9883453845977783,task_success_while_recovery_active_per_intervention,False,True,timeout,76614d88a9fd1ef4a7277c69be5baf3689681810c414a4ab066fc4bf731bb835,b4d00b629663580725cee7c16b68664af3de3bc5986bddef37e01448932e3ffd,08a97a6dfa17f78b5cc5b1351d60038e4a40a68fc93722672482714333b1d9b5,,,0.4,40.0,0.16000000000000003,0.010000000000000002,0.04000000000000001,0,full,True
REIM (ACT + Detector + Recovery),116,8000158,metaworld,True,63,0.18666869499793393,1,1,1,47,0.46481430530548096,task_success_while_recovery_active_per_intervention,True,False,,0e9dbc40df31e45a472b514df4c1032bcaa1e6b45131c87559e8af3bf4eacb70,b4d00b629663580725cee7c16b68664af3de3bc5986bddef37e01448932e3ffd,b8e45a2f8f553d53c6eef0305347f910b9999bcae6df6ccaf0eaee6ac864e670,,,0.4,40.0,0.16000000000000003,0.010000000000000002,0.04000000000000001,0,full,True
REIM (ACT + Detector + Recovery),117,8000159,metaworld,False,200,0.46598656399874017,1,0,1,150,0.9990139007568359,task_success_while_recovery_active_per_intervention,False,True,timeout,92348c3c7c2d125033eeedbe185f1ddf636bc728ba1f7d31bdee9dde4aefd317,b4d00b629663580725cee7c16b68664af3de3bc5986bddef37e01448932e3ffd,0f719f94ef165c0b816b8b10c3f4f5fcf802c9f5a25141035590310315749280,,,0.4,40.0,0.16000000000000003,0.010000000000000002,0.04000000000000001,0,full,True
REIM (ACT + Detector + Recovery),118,8000160,metaworld,True,54,0.13224604800052475,1,1,1,37,0.4697244465351105,task_success_while_recovery_active_per_intervention,True,False,,f5622e341a0f6b774cc6fbefa16ed40f2a2472c79572a91aeb34e8b6df3f3ff4,b4d00b629663580725cee7c16b68664af3de3bc5986bddef37e01448932e3ffd,342b72dafe0e47ecf8a937cb01e62ac02c2d77bf93dafca59574cbbbfc4ad77b,,,0.4,40.0,0.16000000000000003,0.010000000000000002,0.04000000000000001,0,full,True
REIM (ACT + Detector + Recovery),119,8000161,metaworld,True,54,0.13256495599853224,1,1,1,37,0.27589768171310425,task_success_while_recovery_active_per_intervention,True,False,,f3ed2b567573e4af8435db97c06c72f7a959fbe4df3753f1b322a8f3a65ea0a3,b4d00b629663580725cee7c16b68664af3de3bc5986bddef37e01448932e3ffd,ba19e0623fe05add91e00811bacb33e27305f5fcb6549be6f6278ebce6046101,,,0.4,40.0,0.16000000000000003,0.010000000000000002,0.04000000000000001,0,full,True
REIM (ACT + Detector + Recovery),120,8000162,metaworld,True,55,0.12031840000054217,1,1,1,42,0.3100559711456299,task_success_while_recovery_active_per_intervention,True,False,,8ee312b715b638103566a56c2aeec7683ec94faf11817054a6c34f3497449ff9,b4d00b629663580725cee7c16b68664af3de3bc5986bddef37e01448932e3ffd,acfaed29b052207b47b4b7fa76672795fd08de3add8565db05f141de82ece90b,,,0.4,40.0,0.16000000000000003,0.010000000000000002,0.04000000000000001,0,full,True
REIM (ACT + Detector + Recovery),121,8000163,metaworld,True,56,0.24104820899810875,0,0,0,0,0.1610087901353836,task_success_while_recovery_active_per_intervention,True,False,,837f9be6aa6c4ec151be3eb49625cdf06d116944597dbff82c26ace78ca52b2d,b4d00b629663580725cee7c16b68664af3de3bc5986bddef37e01448932e3ffd,0cda21f8ffacf0a1e40e7b0e858a8e2ddc276972106d4bced99d4404b4a13fd8,,,0.4,40.0,0.16000000000000003,0.010000000000000002,0.04000000000000001,0,full,True
REIM (ACT + Detector + Recovery),122,8000164,metaworld,False,200,0.4376491929979238,1,0,1,150,0.9988633394241333,task_success_while_recovery_active_per_intervention,False,True,timeout,31a81aa11ec5be1bc43a939bab7b50aa9c200308e99ec4a693e08fc5d58f4e90,b4d00b629663580725cee7c16b68664af3de3bc5986bddef37e01448932e3ffd,15a9adece7ebea14bdf37f5376e274c6dce4711281025cf35060933ba9ab8ad3,,,0.4,40.0,0.16000000000000003,0.010000000000000002,0.04000000000000001,0,full,True
REIM (ACT + Detector + Recovery),123,8000165,metaworld,True,62,0.12074631200084696,1,1,1,52,0.4507763981819153,task_success_while_recovery_active_per_intervention,True,False,,4b6c4b98d8640ca219ed50d11f5b8e89417e393aa6b0cae8940390063eba20cb,b4d00b629663580725cee7c16b68664af3de3bc5986bddef37e01448932e3ffd,0f719f94ef165c0b816b8b10c3f4f5fcf802c9f5a25141035590310315749280,,,0.4,40.0,0.16000000000000003,0.010000000000000002,0.04000000000000001,0,full,True
REIM (ACT + Detector + Recovery),124,8000166,metaworld,True,53,0.12530399999741348,1,1,1,38,0.3028033971786499,task_success_while_recovery_active_per_intervention,True,False,,9b878cb0432c9ff74a2ea0303c456e52b1f3c8f2f1f1060a6a693a3bffc65677,b4d00b629663580725cee7c16b68664af3de3bc5986bddef37e01448932e3ffd,aa1f17aacdf569c3a2930a2ebbf742ff43f8d3acfc772731a5c344cabcd52570,,,0.4,40.0,0.16000000000000003,0.010000000000000002,0.04000000000000001,0,full,True
REIM (ACT + Detector + Recovery),125,8000167,metaworld,False,200,0.43376316300054896,1,0,1,150,0.9990149736404419,task_success_while_recovery_active_per_intervention,False,True,timeout,e36e8c4bd642e674767ad577e950ffe1ee1da9a72861a4f6c6c57970ff49aed3,b4d00b629663580725cee7c16b68664af3de3bc5986bddef37e01448932e3ffd,a0b103bf3e43f4aa92753185301eba5e2e31594285004b99f51a59b33bd2d620,,,0.4,40.0,0.16000000000000003,0.010000000000000002,0.04000000000000001,0,full,True
REIM (ACT + Detector + Recovery),126,8000168,metaworld,True,54,0.11481757599904086,1,1,1,41,0.3304256498813629,task_success_while_recovery_active_per_intervention,True,False,,1245c2a4f8021be9da1771f78709206e80a2be62f141f31272d9052fae0c0067,b4d00b629663580725cee7c16b68664af3de3bc5986bddef37e01448932e3ffd,15a9adece7ebea14bdf37f5376e274c6dce4711281025cf35060933ba9ab8ad3,,,0.4,40.0,0.16000000000000003,0.010000000000000002,0.04000000000000001,0,full,True
REIM (ACT + Detector + Recovery),127,8000169,metaworld,False,200,0.4309202220028965,1,0,1,150,0.9986181259155273,task_success_while_recovery_active_per_intervention,False,True,object_dropped,c88443ae5f1a27bdfe53737ff648a6fd4146e78fdcc7b7df7c6e93d0d5f4b76e,b4d00b629663580725cee7c16b68664af3de3bc5986bddef37e01448932e3ffd,2ad5907877cc42b4447b9630988e3a1f0da0d83e1f696f71e22dc69905e631b6,,,0.4,40.0,0.16000000000000003,0.010000000000000002,0.04000000000000001,0,full,True
REIM (ACT + Detector + Recovery),128,8000170,metaworld,True,60,0.1293623839992506,1,1,1,45,0.23861517012119293,task_success_while_recovery_active_per_intervention,True,False,,26667625bf595644472791e8be9f19c2c78bfbbd8cf602f10c9d16588555cc05,b4d00b629663580725cee7c16b68664af3de3bc5986bddef37e01448932e3ffd,8a99d46d6d04afe3e2ef92bb607dde5e178b5c37506006c4f364e345976453b1,,,0.4,40.0,0.16000000000000003,0.010000000000000002,0.04000000000000001,0,full,True
REIM (ACT + Detector + Recovery),129,8000171,metaworld,True,50,0.15016410700263805,1,1,1,22,0.2124449908733368,task_success_while_recovery_active_per_intervention,True,False,,45c067e3f5d7deb7c594b7d3ad07d699ba69860bd6163d26e8b2a646294dd0f3,b4d00b629663580725cee7c16b68664af3de3bc5986bddef37e01448932e3ffd,08a97a6dfa17f78b5cc5b1351d60038e4a40a68fc93722672482714333b1d9b5,,,0.4,40.0,0.16000000000000003,0.010000000000000002,0.04000000000000001,0,full,True
REIM (ACT + Detector + Recovery),130,8000172,metaworld,True,56,0.12979253199955565,1,1,1,40,0.3212926685810089,task_success_while_recovery_active_per_intervention,True,False,,87cb9ba09122edf1449359c6ff9785e1ff403028e99c76ebfe4fb99ac893378c,b4d00b629663580725cee7c16b68664af3de3bc5986bddef37e01448932e3ffd,7c3391ee418e26d47c002810bc00065e4dd0b6728c969d2338ad549ad01ebb0a,,,0.4,40.0,0.16000000000000003,0.010000000000000002,0.04000000000000001,0,full,True
REIM (ACT + Detector + Recovery),131,8000173,metaworld,True,56,0.12293146699812496,1,1,1,43,0.2751663625240326,task_success_while_recovery_active_per_intervention,True,False,,7273a4aad30435c699c36128d23215c64b71aee262ce679bc9d693ee9b667cc0,b4d00b629663580725cee7c16b68664af3de3bc5986bddef37e01448932e3ffd,bb2c6b1aed959fa3ddddb1c215ce67cbb5b0ec080eb65fb58e06b7776849a096,,,0.4,40.0,0.16000000000000003,0.010000000000000002,0.04000000000000001,0,full,True
REIM (ACT + Detector + Recovery),132,8000174,metaworld,True,57,0.11355994799669133,1,1,1,47,0.277783066034317,task_success_while_recovery_active_per_intervention,True,False,,61c51cb70b94b16a834ccfd9a3d7c361bf451504f658072b723a12c066041b3c,b4d00b629663580725cee7c16b68664af3de3bc5986bddef37e01448932e3ffd,c40fedd273cade53989af8adc3ca66d02f2d92ca4d97b2f6391a0dd0ab6dbca3,,,0.4,40.0,0.16000000000000003,0.010000000000000002,0.04000000000000001,0,full,True
REIM (ACT + Detector + Recovery),133,8000175,metaworld,False,200,0.4634467349969782,1,0,1,150,0.9962790608406067,task_success_while_recovery_active_per_intervention,False,True,timeout,d4f53030380ee98089cd15958d1fa9e01dbd6003bfa6b0ce02be646bd6bd2e77,b4d00b629663580725cee7c16b68664af3de3bc5986bddef37e01448932e3ffd,bb2c6b1aed959fa3ddddb1c215ce67cbb5b0ec080eb65fb58e06b7776849a096,,,0.4,40.0,0.16000000000000003,0.010000000000000002,0.04000000000000001,0,full,True
REIM (ACT + Detector + Recovery),134,8000176,metaworld,True,62,0.13028611999834538,1,1,1,47,0.23151364922523499,task_success_while_recovery_active_per_intervention,True,False,,a6fea1ee9d40af5a8fee406fd2d76344f19bd20befd119d0e636991a3bf12593,b4d00b629663580725cee7c16b68664af3de3bc5986bddef37e01448932e3ffd,6338b57c8983138382fa5c9ee7bb2d2c200be44368697f7ffa8216ea26ddccaf,,,0.4,40.0,0.16000000000000003,0.010000000000000002,0.04000000000000001,0,full,True
REIM (ACT + Detector + Recovery),135,8000177,metaworld,False,200,0.4285886670004402,1,0,1,148,0.9996153116226196,task_success_while_recovery_active_per_intervention,False,True,timeout,ca72c76985e6dbfd701e264775a2f9f42fe21fc3a3c23e0151c4845cf2a1db7a,b4d00b629663580725cee7c16b68664af3de3bc5986bddef37e01448932e3ffd,1c856fdcb5da12c3fa2d15b38741aa980fa3a47e64fb99f8635817590128f9ea,,,0.4,40.0,0.16000000000000003,0.010000000000000002,0.04000000000000001,0,full,True
REIM (ACT + Detector + Recovery),136,8000178,metaworld,True,51,0.11984569500054931,1,1,1,35,0.28471899032592773,task_success_while_recovery_active_per_intervention,True,False,,9c43025072d2ce91f52451c1d304365b41cbea5961a7b9ace7553ecd151a3fba,b4d00b629663580725cee7c16b68664af3de3bc5986bddef37e01448932e3ffd,acfaed29b052207b47b4b7fa76672795fd08de3add8565db05f141de82ece90b,,,0.4,40.0,0.16000000000000003,0.010000000000000002,0.04000000000000001,0,full,True
REIM (ACT + Detector + Recovery),137,8000179,metaworld,True,53,0.1407883390020288,1,1,1,31,0.2162068486213684,task_success_while_recovery_active_per_intervention,True,False,,7aa13fbb7a4502fddac23fef7c99cf7b9eeb8312f47b42965eb7e203b17efb7c,b4d00b629663580725cee7c16b68664af3de3bc5986bddef37e01448932e3ffd,2ad5907877cc42b4447b9630988e3a1f0da0d83e1f696f71e22dc69905e631b6,,,0.4,40.0,0.16000000000000003,0.010000000000000002,0.04000000000000001,0,full,True
REIM (ACT + Detector + Recovery),138,8000180,metaworld,True,55,0.1164558290001878,1,1,1,43,0.23283366858959198,task_success_while_recovery_active_per_intervention,True,False,,23ed77c539b17827dfc60de1f3839d831bc6173fe0251a2ec3ae9e89912eef18,b4d00b629663580725cee7c16b68664af3de3bc5986bddef37e01448932e3ffd,56b7f182edcfeefa9301e1edd53d7f36e4418de7e6df1b54b0f0c298cde1b3cd,,,0.4,40.0,0.16000000000000003,0.010000000000000002,0.04000000000000001,0,full,True
REIM (ACT + Detector + Recovery),139,8000181,metaworld,True,61,0.11866935699799797,1,1,1,52,0.30800288915634155,task_success_while_recovery_active_per_intervention,True,False,,aa458d9874ef6037deb1c36c386f4760701a9bb0eace95e66872ace76095a766,b4d00b629663580725cee7c16b68664af3de3bc5986bddef37e01448932e3ffd,0f719f94ef165c0b816b8b10c3f4f5fcf802c9f5a25141035590310315749280,,,0.4,40.0,0.16000000000000003,0.010000000000000002,0.04000000000000001,0,full,True
REIM (ACT + Detector + Recovery),140,8000182,metaworld,True,57,0.1441032440015988,1,1,1,36,0.2928459048271179,task_success_while_recovery_active_per_intervention,True,False,,c1f98f5d685ba00e4aa3310b4b138bfc3a24b6b32fff82923effa81ad045dc05,b4d00b629663580725cee7c16b68664af3de3bc5986bddef37e01448932e3ffd,6cb8d983459a8e57d4ae53a86da2394015cabba2d7c306dcaf7b14af979ca230,,,0.4,40.0,0.16000000000000003,0.010000000000000002,0.04000000000000001,0,full,True
REIM (ACT + Detector + Recovery),141,8000183,metaworld,True,61,0.14530576799734263,1,1,1,41,0.2705768942832947,task_success_while_recovery_active_per_intervention,True,False,,00403a4c011ba62f383e8c81adfe3470d56d5a630bb222cd0ba032f8fa127017,b4d00b629663580725cee7c16b68664af3de3bc5986bddef37e01448932e3ffd,39001749c902e2ab9d015efb8c7644faffff99810b709d3203dc359d5eacdcbd,,,0.4,40.0,0.16000000000000003,0.010000000000000002,0.04000000000000001,0,full,True
REIM (ACT + Detector + Recovery),142,8000184,metaworld,True,57,0.1717037739981606,1,1,1,27,0.22841757535934448,task_success_while_recovery_active_per_intervention,True,False,,a015c85de79071a2dd9561a35e88bdf2f95bac9f6be9456e7df85034b3909199,b4d00b629663580725cee7c16b68664af3de3bc5986bddef37e01448932e3ffd,f6a9ed9055e00c868d6771022c2c557a6a48990bdacbed585d07cde857d4755a,,,0.4,40.0,0.16000000000000003,0.010000000000000002,0.04000000000000001,0,full,True
REIM (ACT + Detector + Recovery),143,8000185,metaworld,True,185,0.4073629240010632,1,1,1,139,0.988392174243927,task_success_while_recovery_active_per_intervention,True,False,,22e777af7004ede8ce3f7b2beab1ba35797c63f2ccb4af554dd33c178dd10a47,b4d00b629663580725cee7c16b68664af3de3bc5986bddef37e01448932e3ffd,39001749c902e2ab9d015efb8c7644faffff99810b709d3203dc359d5eacdcbd,,,0.4,40.0,0.16000000000000003,0.010000000000000002,0.04000000000000001,0,full,True
REIM (ACT + Detector + Recovery),144,8000186,metaworld,True,56,0.1054987310017168,1,1,1,49,0.3574821949005127,task_success_while_recovery_active_per_intervention,True,False,,b80c0fc722c701337cd6c06e66f0a78b86bc460395f96a625162a8f207dc41ff,b4d00b629663580725cee7c16b68664af3de3bc5986bddef37e01448932e3ffd,588df85fb38ef87f822932ad2f702be807974873e4a07ea43084bbdeeaac6604,,,0.4,40.0,0.16000000000000003,0.010000000000000002,0.04000000000000001,0,full,True
REIM (ACT + Detector + Recovery),145,8000187,metaworld,True,65,0.1731072700022196,1,1,1,38,0.27341392636299133,task_success_while_recovery_active_per_intervention,True,False,,573165e4a43cda046223ea5c78e1111114fafabdd209d0a87563b04c1d446551,b4d00b629663580725cee7c16b68664af3de3bc5986bddef37e01448932e3ffd,c5023b3d25031a103b9549b6e8c83ba09d69e708ef117c31128a38e03616e5d8,,,0.4,40.0,0.16000000000000003,0.010000000000000002,0.04000000000000001,0,full,True
REIM (ACT + Detector + Recovery),146,8000188,metaworld,True,71,0.12944124400019064,1,1,1,63,0.771517276763916,task_success_while_recovery_active_per_intervention,True,False,,2f550a578510b170a0666981311b1c3a8e6e1e0005590ca427fc4af48405de3c,b4d00b629663580725cee7c16b68664af3de3bc5986bddef37e01448932e3ffd,942fb6a87dc1e3eb7bf7bb111c97e7096138256b4a9a6b4c62a012fabe8bec38,,,0.4,40.0,0.16000000000000003,0.010000000000000002,0.04000000000000001,0,full,True
REIM (ACT + Detector + Recovery),147,8000189,metaworld,True,58,0.1250735839967092,1,1,1,44,0.24444997310638428,task_success_while_recovery_active_per_intervention,True,False,,1b2692168c221fd5e2992928147cc6045fcea4f602051cceda79bc1e55f5cafd,b4d00b629663580725cee7c16b68664af3de3bc5986bddef37e01448932e3ffd,7c3391ee418e26d47c002810bc00065e4dd0b6728c969d2338ad549ad01ebb0a,,,0.4,40.0,0.16000000000000003,0.010000000000000002,0.04000000000000001,0,full,True
REIM (ACT + Detector + Recovery),148,8000190,metaworld,True,48,0.13328160899982322,1,1,1,25,0.35753312706947327,task_success_while_recovery_active_per_intervention,True,False,,70a5bd302fff08dbf945611e45fab64a849e8304075aa52b1d5db95c1e60feb6,b4d00b629663580725cee7c16b68664af3de3bc5986bddef37e01448932e3ffd,cea0b9105255f82e0ee99bfb3998a6edce02b446d4b14afb0747282cd18aa202,,,0.4,40.0,0.16000000000000003,0.010000000000000002,0.04000000000000001,0,full,True
REIM (ACT + Detector + Recovery),149,8000191,metaworld,False,200,0.43490462100089644,1,0,1,150,0.9497455954551697,task_success_while_recovery_active_per_intervention,False,True,timeout,1a738d08b2c17c69adb30fc030161ebdb5f6b05508346cdc5dd5e5529c956564,b4d00b629663580725cee7c16b68664af3de3bc5986bddef37e01448932e3ffd,e216352c7f1c7392270c7c501bb599f2a46f420613a124fda0729ab88160cdf2,,,0.4,40.0,0.16000000000000003,0.010000000000000002,0.04000000000000001,0,full,True
REIM (ACT + Detector + Recovery),150,8000192,metaworld,True,60,0.2566701319992717,0,0,0,0,0.16195471584796906,task_success_while_recovery_active_per_intervention,True,False,,ef63a340cefdc942d5acebe57a2d5f6c06dcfd010db953824519026881776997,b4d00b629663580725cee7c16b68664af3de3bc5986bddef37e01448932e3ffd,25805a097f1f4b8c203ec3c130dcd3e66b5fb3ad298114a08662aae6c86fa673,,,0.4,40.0,0.16000000000000003,0.010000000000000002,0.04000000000000001,0,full,True
REIM (ACT + Detector + Recovery),151,8000193,metaworld,True,70,0.1430751039988536,1,1,1,58,0.47687408328056335,task_success_while_recovery_active_per_intervention,True,False,,8f81996acca9a739817b9a90d7b7ff180727d758d7a59ad21652c008b769fa58,b4d00b629663580725cee7c16b68664af3de3bc5986bddef37e01448932e3ffd,1c856fdcb5da12c3fa2d15b38741aa980fa3a47e64fb99f8635817590128f9ea,,,0.4,40.0,0.16000000000000003,0.010000000000000002,0.04000000000000001,0,full,True
REIM (ACT + Detector + Recovery),152,8000194,metaworld,False,200,0.4439390279985673,1,0,1,150,0.9964638352394104,task_success_while_recovery_active_per_intervention,False,True,timeout,a5e133fdade715837f31f3d1b80cfb10034bf4efb4848197dc90d5651a02c4ec,b4d00b629663580725cee7c16b68664af3de3bc5986bddef37e01448932e3ffd,64ee837add19202e84553431fdab118462cf5265eeae19a4d044b5a6818f771d,,,0.4,40.0,0.16000000000000003,0.010000000000000002,0.04000000000000001,0,full,True
REIM (ACT + Detector + Recovery),153,8000195,metaworld,True,51,0.1314345390019298,1,1,1,32,0.3140159249305725,task_success_while_recovery_active_per_intervention,True,False,,ceeffa9df259e215ef6cf039ccd2ae955686fdb60cbf9128715684301e9f7b3c,b4d00b629663580725cee7c16b68664af3de3bc5986bddef37e01448932e3ffd,2eb279a724955c1a9d173681940490ec9cc8ed4fdc15a95533884a23d4ccdb4e,,,0.4,40.0,0.16000000000000003,0.010000000000000002,0.04000000000000001,0,full,True
REIM (ACT + Detector + Recovery),154,8000196,metaworld,True,59,0.13019657800032292,1,1,1,45,0.36687272787094116,task_success_while_recovery_active_per_intervention,True,False,,3082dfcf17b54b1038769ed140b948f48ad6c1ee4e98e270f106b328ba25890d,b4d00b629663580725cee7c16b68664af3de3bc5986bddef37e01448932e3ffd,342b72dafe0e47ecf8a937cb01e62ac02c2d77bf93dafca59574cbbbfc4ad77b,,,0.4,40.0,0.16000000000000003,0.010000000000000002,0.04000000000000001,0,full,True
REIM (ACT + Detector + Recovery),155,8000197,metaworld,True,56,0.17520546299783746,1,1,1,24,0.23273517191410065,task_success_while_recovery_active_per_intervention,True,False,,60795d031dfc90281f324a1ddab4e8600b7493ce98eeaeae494717bec0891356,b4d00b629663580725cee7c16b68664af3de3bc5986bddef37e01448932e3ffd,524e161a612d94c222d06154bcd0129d0851b8fad51ae883abbef6e86d43cbb0,,,0.4,40.0,0.16000000000000003,0.010000000000000002,0.04000000000000001,0,full,True
REIM (ACT + Detector + Recovery),156,8000198,metaworld,False,200,0.44519269000011263,1,0,1,150,0.5931361317634583,task_success_while_recovery_active_per_intervention,False,True,object_dropped,181cfc34449dd34b54582e59895794518849e87b19b3a8f08d37277a175ae58a,b4d00b629663580725cee7c16b68664af3de3bc5986bddef37e01448932e3ffd,56b7f182edcfeefa9301e1edd53d7f36e4418de7e6df1b54b0f0c298cde1b3cd,,,0.4,40.0,0.16000000000000003,0.010000000000000002,0.04000000000000001,0,full,True
REIM (ACT + Detector + Recovery),157,8000199,metaworld,True,56,0.13348443499853602,1,1,1,38,0.22060468792915344,task_success_while_recovery_active_per_intervention,True,False,,257a139309b46ec34b8d0ea78c22682bc59e85e2a15c1bd8f00297bdde7be71a,b4d00b629663580725cee7c16b68664af3de3bc5986bddef37e01448932e3ffd,3183afb500ebb9a5af177cccb5b5889a8321eb35261f8ec571269f8b5ed9cd1a,,,0.4,40.0,0.16000000000000003,0.010000000000000002,0.04000000000000001,0,full,True
REIM (ACT + Detector + Recovery),158,8000200,metaworld,False,200,0.4368963579981937,1,0,1,150,0.9811726212501526,task_success_while_recovery_active_per_intervention,False,True,timeout,effcedef5ee3994f3ee3b6c6c437e2f85b9c95c45032678a857f2058e0329749,b4d00b629663580725cee7c16b68664af3de3bc5986bddef37e01448932e3ffd,524e161a612d94c222d06154bcd0129d0851b8fad51ae883abbef6e86d43cbb0,,,0.4,40.0,0.16000000000000003,0.010000000000000002,0.04000000000000001,0,full,True
REIM (ACT + Detector + Recovery),159,8000201,metaworld,False,200,0.43811491500309785,1,0,1,147,0.9911124110221863,task_success_while_recovery_active_per_intervention,False,True,object_dropped,45d1915eba2bf192fc56a2327a0152d4957f36d73dde33be599a41d048d143e9,b4d00b629663580725cee7c16b68664af3de3bc5986bddef37e01448932e3ffd,56b7f182edcfeefa9301e1edd53d7f36e4418de7e6df1b54b0f0c298cde1b3cd,,,0.4,40.0,0.16000000000000003,0.010000000000000002,0.04000000000000001,0,full,True
REIM (ACT + Detector + Recovery),160,8000202,metaworld,True,69,0.17752041399944574,1,1,1,42,0.2918681502342224,task_success_while_recovery_active_per_intervention,True,False,,409374eca9141f6f38f1cff19980ede126649eff0fa68412d0ebf8e038fe9611,b4d00b629663580725cee7c16b68664af3de3bc5986bddef37e01448932e3ffd,c5023b3d25031a103b9549b6e8c83ba09d69e708ef117c31128a38e03616e5d8,,,0.4,40.0,0.16000000000000003,0.010000000000000002,0.04000000000000001,0,full,True
REIM (ACT + Detector + Recovery),161,8000203,metaworld,False,200,0.42976080600055866,1,0,1,150,0.9993316531181335,task_success_while_recovery_active_per_intervention,False,True,timeout,7f647cd144e468b56b7955b9101ab29b02a197d93974a0e5cd592fdf74645f0e,b4d00b629663580725cee7c16b68664af3de3bc5986bddef37e01448932e3ffd,942fb6a87dc1e3eb7bf7bb111c97e7096138256b4a9a6b4c62a012fabe8bec38,,,0.4,40.0,0.16000000000000003,0.010000000000000002,0.04000000000000001,0,full,True
REIM (ACT + Detector + Recovery),162,8000204,metaworld,True,56,0.11564865200125496,1,1,1,44,0.29632461071014404,task_success_while_recovery_active_per_intervention,True,False,,8719f2f88af261eb97f9999f176a3a80cbdf5d3bd9ccbd80aba4b9a52545b2bd,b4d00b629663580725cee7c16b68664af3de3bc5986bddef37e01448932e3ffd,5e1df472084de78052388a34f03cad3de438ca9b5dc801b5759dd57c66a7482a,,,0.4,40.0,0.16000000000000003,0.010000000000000002,0.04000000000000001,0,full,True
REIM (ACT + Detector + Recovery),163,8000205,metaworld,False,200,0.4289118039996538,1,0,1,150,0.9991326928138733,task_success_while_recovery_active_per_intervention,False,True,timeout,0569c32d432581f2434d19bc35e7a10271e6bf3575d1b1d9c019cddeb0c27546,b4d00b629663580725cee7c16b68664af3de3bc5986bddef37e01448932e3ffd,6cb8d983459a8e57d4ae53a86da2394015cabba2d7c306dcaf7b14af979ca230,,,0.4,40.0,0.16000000000000003,0.010000000000000002,0.04000000000000001,0,full,True
REIM (ACT + Detector + Recovery),164,8000206,metaworld,True,57,0.24413710400040145,0,0,0,0,0.11118210852146149,task_success_while_recovery_active_per_intervention,True,False,,a98c9a86fb1ec6ac0264cbcbd7acd29b00d8db870c89814b224850395eb347dc,b4d00b629663580725cee7c16b68664af3de3bc5986bddef37e01448932e3ffd,06d355d7aff3b944ab4199c02a94c63d062e5c414c0b195f7b232b607e0ab1ed,,,0.4,40.0,0.16000000000000003,0.010000000000000002,0.04000000000000001,0,full,True
REIM (ACT + Detector + Recovery),165,8000207,metaworld,False,200,0.4521575020007731,1,0,1,144,0.9957452416419983,task_success_while_recovery_active_per_intervention,False,True,object_dropped,d23d39d8c75b77fcff04617f673075bb41bcb87d06fdb42ec761a4aa68f6573c,b4d00b629663580725cee7c16b68664af3de3bc5986bddef37e01448932e3ffd,6338b57c8983138382fa5c9ee7bb2d2c200be44368697f7ffa8216ea26ddccaf,,,0.4,40.0,0.16000000000000003,0.010000000000000002,0.04000000000000001,0,full,True
REIM (ACT + Detector + Recovery),166,8000208,metaworld,True,56,0.11713031500039506,1,1,1,45,0.2988775968551636,task_success_while_recovery_active_per_intervention,True,False,,a475f3905a30c16b66f4ff716335615124ff1cc93538bedf0daf40cebb3ce310,b4d00b629663580725cee7c16b68664af3de3bc5986bddef37e01448932e3ffd,35203d16cfa98b5f2e002fcb1ffde2400abf9459c161f6a289efa0c46eddb36f,,,0.4,40.0,0.16000000000000003,0.010000000000000002,0.04000000000000001,0,full,True
REIM (ACT + Detector + Recovery),167,8000209,metaworld,False,200,0.4346503480010142,1,0,1,150,0.9883728623390198,task_success_while_recovery_active_per_intervention,False,True,timeout,ef392694cadc2a4e41ea6a9a6319e1fe341b1f492f0671467427eabf9c1bd621,b4d00b629663580725cee7c16b68664af3de3bc5986bddef37e01448932e3ffd,71488b32995fa40c6ec3f77f6bcd912b1929aef29d90a66307ad46cd584acf29,,,0.4,40.0,0.16000000000000003,0.010000000000000002,0.04000000000000001,0,full,True
REIM (ACT + Detector + Recovery),168,8000210,metaworld,False,200,0.432603115998063,1,0,1,150,0.997603714466095,task_success_while_recovery_active_per_intervention,False,True,object_dropped,8dc5a50bce881eca260c4077cb1b89b641801ce6f999c604ecd0e114bc2beb96,b4d00b629663580725cee7c16b68664af3de3bc5986bddef37e01448932e3ffd,27e1ed8c670f23dae46752497e383610e58c248d638e3b9b707808a32ce33d4e,,,0.4,40.0,0.16000000000000003,0.010000000000000002,0.04000000000000001,0,full,True
REIM (ACT + Detector + Recovery),169,8000211,metaworld,True,53,0.13154274099724717,1,1,1,35,0.21124272048473358,task_success_while_recovery_active_per_intervention,True,False,,368271406306c2507d55c3c2fc6f16a7e2176f3bd914ab7580f01b0348bcccb6,b4d00b629663580725cee7c16b68664af3de3bc5986bddef37e01448932e3ffd,2ad5907877cc42b4447b9630988e3a1f0da0d83e1f696f71e22dc69905e631b6,,,0.4,40.0,0.16000000000000003,0.010000000000000002,0.04000000000000001,0,full,True
REIM (ACT + Detector + Recovery),170,8000212,metaworld,True,57,0.1306319249997614,1,1,1,42,0.2507227957248688,task_success_while_recovery_active_per_intervention,True,False,,bce0102c932859a34a46c600a241e455dc39004cd409a7918205199b44877a53,b4d00b629663580725cee7c16b68664af3de3bc5986bddef37e01448932e3ffd,2eb279a724955c1a9d173681940490ec9cc8ed4fdc15a95533884a23d4ccdb4e,,,0.4,40.0,0.16000000000000003,0.010000000000000002,0.04000000000000001,0,full,True
REIM (ACT + Detector + Recovery),171,8000213,metaworld,False,200,0.4410019660026592,1,0,1,150,0.753311276435852,task_success_while_recovery_active_per_intervention,False,True,object_dropped,6c52568711155c4ef0c71a07b6af50f32bac2d077f754c5c07dbc9cf55372f2b,b4d00b629663580725cee7c16b68664af3de3bc5986bddef37e01448932e3ffd,35203d16cfa98b5f2e002fcb1ffde2400abf9459c161f6a289efa0c46eddb36f,,,0.4,40.0,0.16000000000000003,0.010000000000000002,0.04000000000000001,0,full,True
REIM (ACT + Detector + Recovery),172,8000214,metaworld,True,66,0.14247090999924694,1,1,1,51,0.3993503749370575,task_success_while_recovery_active_per_intervention,True,False,,22eebdb201b7c1b5239838bae6f473bf1ef59b6b28a051b86d8e3083f98cc4ab,b4d00b629663580725cee7c16b68664af3de3bc5986bddef37e01448932e3ffd,64ee837add19202e84553431fdab118462cf5265eeae19a4d044b5a6818f771d,,,0.4,40.0,0.16000000000000003,0.010000000000000002,0.04000000000000001,0,full,True
REIM (ACT + Detector + Recovery),173,8000215,metaworld,True,60,0.11112837299879175,1,1,1,53,0.25400522351264954,task_success_while_recovery_active_per_intervention,True,False,,9f5387fd9e4e783f2cb16797faa003605a6d88f33e8b9431560d3f099d2406a6,b4d00b629663580725cee7c16b68664af3de3bc5986bddef37e01448932e3ffd,a8cfe6e2276fbd15230c5555255b87d17333bdd29f84f687df7405d0311fae7f,,,0.4,40.0,0.16000000000000003,0.010000000000000002,0.04000000000000001,0,full,True
REIM (ACT + Detector + Recovery),174,8000216,metaworld,False,200,0.44724886900075944,1,0,1,150,0.9993383288383484,task_success_while_recovery_active_per_intervention,False,True,timeout,34574a3e6443e72c4c5f6dc3d3ce216512da5372cdd417883e9a535dc9850f19,b4d00b629663580725cee7c16b68664af3de3bc5986bddef37e01448932e3ffd,504c23f653f6cdee9d659d9320b164606b319d4f0e9cdf0f3a87e2fc7a98160a,,,0.4,40.0,0.16000000000000003,0.010000000000000002,0.04000000000000001,0,full,True
REIM (ACT + Detector + Recovery),175,8000217,metaworld,True,53,0.10068231699915486,1,1,1,46,0.4021758735179901,task_success_while_recovery_active_per_intervention,True,False,,e418f08e3904bc3be685f923ac46ce71439d6899947aa92a599fc2e37af979da,b4d00b629663580725cee7c16b68664af3de3bc5986bddef37e01448932e3ffd,20cf3cfee33051ea4ca25b64648f05450b0068ae0136ae52c3108d28b02f3691,,,0.4,40.0,0.16000000000000003,0.010000000000000002,0.04000000000000001,0,full,True
REIM (ACT + Detector + Recovery),176,8000218,metaworld,False,200,0.43123199899855535,1,0,1,150,0.9993354678153992,task_success_while_recovery_active_per_intervention,False,True,object_dropped,573b9020fafb4247d8dcb9b14c0436ea354d0cc06ad2ee632ffa5e7229958b94,b4d00b629663580725cee7c16b68664af3de3bc5986bddef37e01448932e3ffd,f82ceac6f8787ac22c378edc1f141cedcc86bf9309b43f1aff6633ae0a963abb,,,0.4,40.0,0.16000000000000003,0.010000000000000002,0.04000000000000001,0,full,True
REIM (ACT + Detector + Recovery),177,8000219,metaworld,True,55,0.14829282199934823,1,1,1,32,0.28861331939697266,task_success_while_recovery_active_per_intervention,True,False,,e4161d424204142bfb35dfcabe37a7dc4f7d7286f3a4cf2cbab1ba37052e2c0b,b4d00b629663580725cee7c16b68664af3de3bc5986bddef37e01448932e3ffd,942fb6a87dc1e3eb7bf7bb111c97e7096138256b4a9a6b4c62a012fabe8bec38,,,0.4,40.0,0.16000000000000003,0.010000000000000002,0.04000000000000001,0,full,True
REIM (ACT + Detector + Recovery),178,8000220,metaworld,True,56,0.11272593600006076,1,1,1,47,0.4750586152076721,task_success_while_recovery_active_per_intervention,True,False,,3d841b2375223384c3debac4c807b54a6c22d150cca0f44654373cc63cd101aa,b4d00b629663580725cee7c16b68664af3de3bc5986bddef37e01448932e3ffd,acfaed29b052207b47b4b7fa76672795fd08de3add8565db05f141de82ece90b,,,0.4,40.0,0.16000000000000003,0.010000000000000002,0.04000000000000001,0,full,True
REIM (ACT + Detector + Recovery),179,8000221,metaworld,True,62,0.27198025899997447,0,0,0,0,0.09754946082830429,task_success_while_recovery_active_per_intervention,True,False,,4c08980bd2573d596b79a1b6a2aab7a2fc7e110087460bbc71573e24911416cb,b4d00b629663580725cee7c16b68664af3de3bc5986bddef37e01448932e3ffd,f6a9ed9055e00c868d6771022c2c557a6a48990bdacbed585d07cde857d4755a,,,0.4,40.0,0.16000000000000003,0.010000000000000002,0.04000000000000001,0,full,True
REIM (ACT + Detector + Recovery),180,8000222,metaworld,False,200,0.4473521609979798,1,0,1,150,0.9667887091636658,task_success_while_recovery_active_per_intervention,False,True,object_dropped,c03a7fde9c94e834d8853085faf37cd3e7c1c2b5dc4a520218aa59851b5ec799,b4d00b629663580725cee7c16b68664af3de3bc5986bddef37e01448932e3ffd,25805a097f1f4b8c203ec3c130dcd3e66b5fb3ad298114a08662aae6c86fa673,,,0.4,40.0,0.16000000000000003,0.010000000000000002,0.04000000000000001,0,full,True
REIM (ACT + Detector + Recovery),181,8000223,metaworld,False,200,0.44515956900067977,1,0,1,150,0.9962846040725708,task_success_while_recovery_active_per_intervention,False,True,object_dropped,5d1cee354dcd5f365ce4e56b9e40782dbfd2620dff000836e9e71a3fc81cf7ad,b4d00b629663580725cee7c16b68664af3de3bc5986bddef37e01448932e3ffd,25805a097f1f4b8c203ec3c130dcd3e66b5fb3ad298114a08662aae6c86fa673,,,0.4,40.0,0.16000000000000003,0.010000000000000002,0.04000000000000001,0,full,True
REIM (ACT + Detector + Recovery),182,8000224,metaworld,True,57,0.10852311100097722,1,1,1,50,0.5709461569786072,task_success_while_recovery_active_per_intervention,True,False,,7f184468c5af15b04ecaa8d15372790828821b35b03c8457ce095b3c169411b2,b4d00b629663580725cee7c16b68664af3de3bc5986bddef37e01448932e3ffd,342b72dafe0e47ecf8a937cb01e62ac02c2d77bf93dafca59574cbbbfc4ad77b,,,0.4,40.0,0.16000000000000003,0.010000000000000002,0.04000000000000001,0,full,True
REIM (ACT + Detector + Recovery),183,8000225,metaworld,False,200,0.4392245080016437,1,0,1,150,0.9990573525428772,task_success_while_recovery_active_per_intervention,False,True,timeout,f4044bf1b5a1daa03d81dd79e3df92d2b4e1e33350bce85078fa96041c87262b,b4d00b629663580725cee7c16b68664af3de3bc5986bddef37e01448932e3ffd,bb2c6b1aed959fa3ddddb1c215ce67cbb5b0ec080eb65fb58e06b7776849a096,,,0.4,40.0,0.16000000000000003,0.010000000000000002,0.04000000000000001,0,full,True
REIM (ACT + Detector + Recovery),184,8000226,metaworld,False,200,0.43997243699777755,1,0,1,150,0.9889388084411621,task_success_while_recovery_active_per_intervention,False,True,timeout,905187c3bddf16225ef41c405b5aa043783190832b6077e8d7c091a4b78aeefd,b4d00b629663580725cee7c16b68664af3de3bc5986bddef37e01448932e3ffd,e216352c7f1c7392270c7c501bb599f2a46f420613a124fda0729ab88160cdf2,,,0.4,40.0,0.16000000000000003,0.010000000000000002,0.04000000000000001,0,full,True
REIM (ACT + Detector + Recovery),185,8000227,metaworld,True,57,0.12186437000127626,1,1,1,44,0.30344122648239136,task_success_while_recovery_active_per_intervention,True,False,,78c177384d2c37c240b19185e5780f636049fe9bc96308be5e5ab34216c24feb,b4d00b629663580725cee7c16b68664af3de3bc5986bddef37e01448932e3ffd,342b72dafe0e47ecf8a937cb01e62ac02c2d77bf93dafca59574cbbbfc4ad77b,,,0.4,40.0,0.16000000000000003,0.010000000000000002,0.04000000000000001,0,full,True
REIM (ACT + Detector + Recovery),186,8000228,metaworld,True,51,0.11541624500023318,1,1,1,37,0.38929903507232666,task_success_while_recovery_active_per_intervention,True,False,,ab35aad0f26812fdb7c18fe67af56fbd8a85f55f73bd1b7374e54500961271a3,b4d00b629663580725cee7c16b68664af3de3bc5986bddef37e01448932e3ffd,cea0b9105255f82e0ee99bfb3998a6edce02b446d4b14afb0747282cd18aa202,,,0.4,40.0,0.16000000000000003,0.010000000000000002,0.04000000000000001,0,full,True
REIM (ACT + Detector + Recovery),187,8000229,metaworld,True,57,0.11089969999738969,1,1,1,48,0.38407060503959656,task_success_while_recovery_active_per_intervention,True,False,,61332a57cf8e65b3719753e07426f4724ca308c4bce5188327945b7906ce9eb5,b4d00b629663580725cee7c16b68664af3de3bc5986bddef37e01448932e3ffd,acfaed29b052207b47b4b7fa76672795fd08de3add8565db05f141de82ece90b,,,0.4,40.0,0.16000000000000003,0.010000000000000002,0.04000000000000001,0,full,True
REIM (ACT + Detector + Recovery),188,8000230,metaworld,False,200,0.4705514540000877,1,0,1,150,0.9992702603340149,task_success_while_recovery_active_per_intervention,False,True,timeout,54fe3912e20e0237cc951de11def49048190f3d4fafd908f1b4f40ea4d1b4ac2,b4d00b629663580725cee7c16b68664af3de3bc5986bddef37e01448932e3ffd,6943489118fc060756e24fd47685e2c10173293d54af0af7e8afa9e287c9c5f1,,,0.4,40.0,0.16000000000000003,0.010000000000000002,0.04000000000000001,0,full,True
REIM (ACT + Detector + Recovery),189,8000231,metaworld,False,200,0.4799228040028538,1,0,1,150,0.9977585077285767,task_success_while_recovery_active_per_intervention,False,True,timeout,58161b4ac290f17dcd674f38f3b9dc2b00e55ce25e88692bf2ce0b0a9a7c82b0,b4d00b629663580725cee7c16b68664af3de3bc5986bddef37e01448932e3ffd,588df85fb38ef87f822932ad2f702be807974873e4a07ea43084bbdeeaac6604,,,0.4,40.0,0.16000000000000003,0.010000000000000002,0.04000000000000001,0,full,True
REIM (ACT + Detector + Recovery),190,8000232,metaworld,True,68,0.13067732699710177,1,1,1,58,0.4742935597896576,task_success_while_recovery_active_per_intervention,True,False,,368fa4225f005aac257ff0dc93befcbc0599af4e1ecd86954c85b5083e9390e5,b4d00b629663580725cee7c16b68664af3de3bc5986bddef37e01448932e3ffd,b8e45a2f8f553d53c6eef0305347f910b9999bcae6df6ccaf0eaee6ac864e670,,,0.4,40.0,0.16000000000000003,0.010000000000000002,0.04000000000000001,0,full,True
REIM (ACT + Detector + Recovery),191,8000233,metaworld,True,59,0.1327164009999251,1,1,1,43,0.3462328612804413,task_success_while_recovery_active_per_intervention,True,False,,916d76187c8a65e5b32fc6e28383439b769dbe6b4c3b15949265ce4f3f1415a6,b4d00b629663580725cee7c16b68664af3de3bc5986bddef37e01448932e3ffd,aa1f17aacdf569c3a2930a2ebbf742ff43f8d3acfc772731a5c344cabcd52570,,,0.4,40.0,0.16000000000000003,0.010000000000000002,0.04000000000000001,0,full,True
REIM (ACT + Detector + Recovery),192,8000234,metaworld,True,64,0.2824640910002927,0,0,0,0,0.16893351078033447,task_success_while_recovery_active_per_intervention,True,False,,e2f5fa96397a0ed3abc9cfb1d5233367ef4348303917c976516e93dc0c5120e3,b4d00b629663580725cee7c16b68664af3de3bc5986bddef37e01448932e3ffd,c5023b3d25031a103b9549b6e8c83ba09d69e708ef117c31128a38e03616e5d8,,,0.4,40.0,0.16000000000000003,0.010000000000000002,0.04000000000000001,0,full,True
REIM (ACT + Detector + Recovery),193,8000235,metaworld,True,57,0.12580433699986315,1,1,1,47,0.2425655573606491,task_success_while_recovery_active_per_intervention,True,False,,3d68febfc2b1f7d6866bc26de1ce9c70d65e14a931f0519d81187e4843b81e81,b4d00b629663580725cee7c16b68664af3de3bc5986bddef37e01448932e3ffd,aba21ef1c98d0573e36116c9757115227fd3793cba96aea7eda95c2547314ca3,,,0.4,40.0,0.16000000000000003,0.010000000000000002,0.04000000000000001,0,full,True
REIM (ACT + Detector + Recovery),194,8000236,metaworld,False,200,0.4460505530005321,1,0,1,150,0.9981087446212769,task_success_while_recovery_active_per_intervention,False,True,timeout,0764b8da749d16e6f37581b4f5dbea76fb89b864d5c1fb941c01238e3eb31db2,b4d00b629663580725cee7c16b68664af3de3bc5986bddef37e01448932e3ffd,64ee837add19202e84553431fdab118462cf5265eeae19a4d044b5a6818f771d,,,0.4,40.0,0.16000000000000003,0.010000000000000002,0.04000000000000001,0,full,True
REIM (ACT + Detector + Recovery),195,8000237,metaworld,True,55,0.10880949999773293,1,1,1,46,0.30235010385513306,task_success_while_recovery_active_per_intervention,True,False,,d3857ed5c0c744e7b238403bbcd3d4122174d723e9606d6721d0960032bf4ffd,b4d00b629663580725cee7c16b68664af3de3bc5986bddef37e01448932e3ffd,aba21ef1c98d0573e36116c9757115227fd3793cba96aea7eda95c2547314ca3,,,0.4,40.0,0.16000000000000003,0.010000000000000002,0.04000000000000001,0,full,True
REIM (ACT + Detector + Recovery),196,8000238,metaworld,True,54,0.1544345610018354,1,1,1,29,0.2129451036453247,task_success_while_recovery_active_per_intervention,True,False,,d12c548e262b02870f40fe626beacbcf90351fb459542a4e22b9b9e45abac71f,b4d00b629663580725cee7c16b68664af3de3bc5986bddef37e01448932e3ffd,acfaed29b052207b47b4b7fa76672795fd08de3add8565db05f141de82ece90b,,,0.4,40.0,0.16000000000000003,0.010000000000000002,0.04000000000000001,0,full,True
REIM (ACT + Detector + Recovery),197,8000239,metaworld,True,62,0.12996735400156467,1,1,1,49,0.2679027318954468,task_success_while_recovery_active_per_intervention,True,False,,06b30a52fdccdec7bb3619e9a29b3fea543cf4e0e4e5acc33dd8ced2855d84d3,b4d00b629663580725cee7c16b68664af3de3bc5986bddef37e01448932e3ffd,6cb8d983459a8e57d4ae53a86da2394015cabba2d7c306dcaf7b14af979ca230,,,0.4,40.0,0.16000000000000003,0.010000000000000002,0.04000000000000001,0,full,True
REIM (ACT + Detector + Recovery),198,8000240,metaworld,True,56,0.11457649899966782,1,1,1,44,0.5340040922164917,task_success_while_recovery_active_per_intervention,True,False,,3fbabed300b89f9cbaf8c4a50aa395aee37d4f15f39f33a76503ef68c869baf1,b4d00b629663580725cee7c16b68664af3de3bc5986bddef37e01448932e3ffd,742509487aeb71d366f1ddafa1cb12db2f7cfefe17c4ca89c98cffb67c1c8619,,,0.4,40.0,0.16000000000000003,0.010000000000000002,0.04000000000000001,0,full,True
REIM (ACT + Detector + Recovery),199,8000241,metaworld,True,58,0.1341190679995634,1,1,1,43,0.23758520185947418,task_success_while_recovery_active_per_intervention,True,False,,b8f382d4e43767e58e78a22603d119a757295e7ccf0c60d94ffb632d43faab25,b4d00b629663580725cee7c16b68664af3de3bc5986bddef37e01448932e3ffd,5e1df472084de78052388a34f03cad3de438ca9b5dc801b5759dd57c66a7482a,,,0.4,40.0,0.16000000000000003,0.010000000000000002,0.04000000000000001,0,full,True
