method,episode,seed,backend,success,steps,elapsed_seconds,recovery_attempts,recovery_successes,detector_triggers,recovery_steps,failure_probability_max,recovery_definition,terminated,truncated,failure_reason,Profile,noise_level
ACT + RL Recovery,0,6000042,metaworld,True,49,0.4920380669991573,1,1,1,29,0.85,task_success_while_recovery_active_per_intervention,True,False,,full,0.2
ACT + RL Recovery,1,6000043,metaworld,True,51,0.3685575389990845,1,1,1,31,0.85,task_success_while_recovery_active_per_intervention,True,False,,full,0.2
ACT + RL Recovery,2,6000044,metaworld,True,58,0.579503464001391,1,1,1,37,0.85,task_success_while_recovery_active_per_intervention,True,False,,full,0.2
ACT + RL Recovery,3,6000045,metaworld,True,55,0.3049737469991669,0,0,0,0,0.0,task_success_while_recovery_active_per_intervention,True,False,,full,0.2
ACT + RL Recovery,4,6000046,metaworld,True,53,0.5226787949995924,1,1,1,33,0.85,task_success_while_recovery_active_per_intervention,True,False,,full,0.2
ACT + RL Recovery,5,6000047,metaworld,True,51,0.46612479299983534,1,1,1,31,0.85,task_success_while_recovery_active_per_intervention,True,False,,full,0.2
ACT + RL Recovery,6,6000048,metaworld,True,56,0.5150877400010359,0,0,0,0,0.0,task_success_while_recovery_active_per_intervention,True,False,,full,0.2
ACT + RL Recovery,7,6000049,metaworld,True,54,0.5881210339994141,1,1,1,31,0.85,task_success_while_recovery_active_per_intervention,True,False,,full,0.2
ACT + RL Recovery,8,6000050,metaworld,True,55,0.698249527000371,0,0,0,0,0.0,task_success_while_recovery_active_per_intervention,True,False,,full,0.2
ACT + RL Recovery,9,6000051,metaworld,True,54,0.7390339020003012,1,1,1,34,0.85,task_success_while_recovery_active_per_intervention,True,False,,full,0.2
ACT + RL Recovery,10,6000052,metaworld,True,47,0.703572823000286,1,1,1,25,0.85,task_success_while_recovery_active_per_intervention,True,False,,full,0.2
ACT + RL Recovery,11,6000053,metaworld,True,53,0.6025375339995662,0,0,0,0,0.0,task_success_while_recovery_active_per_intervention,True,False,,full,0.2
ACT + RL Recovery,12,6000054,metaworld,True,50,0.705713048000689,1,1,1,30,0.85,task_success_while_recovery_active_per_intervention,True,False,,full,0.2
ACT + RL Recovery,13,6000055,metaworld,False,200,2.317917225000201,1,0,1,144,1.0,task_success_while_recovery_active_per_intervention,False,True,object_dropped,full,0.2
ACT + RL Recovery,14,6000056,metaworld,True,58,0.48136074200010626,0,0,0,0,0.0,task_success_while_recovery_active_per_intervention,True,False,,full,0.2
ACT + RL Recovery,15,6000057,metaworld,True,51,0.3968548770008056,0,0,0,0,0.0,task_success_while_recovery_active_per_intervention,True,False,,full,0.2
ACT + RL Recovery,16,6000058,metaworld,True,52,0.6357190969993098,1,1,1,43,1.0,task_success_while_recovery_active_per_intervention,True,False,,full,0.2
ACT + RL Recovery,17,6000059,metaworld,True,59,0.59083397699942,1,1,1,39,0.85,task_success_while_recovery_active_per_intervention,True,False,,full,0.2
ACT + RL Recovery,18,6000060,metaworld,True,46,0.4144302000004245,1,1,1,26,0.85,task_success_while_recovery_active_per_intervention,True,False,,full,0.2
ACT + RL Recovery,19,6000061,metaworld,True,52,0.5252859239990357,1,1,1,32,0.85,task_success_while_recovery_active_per_intervention,True,False,,full,0.2
ACT + RL Recovery,20,6000062,metaworld,True,54,0.4504002269986813,0,0,0,0,0.0,task_success_while_recovery_active_per_intervention,True,False,,full,0.2
ACT + RL Recovery,21,6000063,metaworld,True,53,0.4340127739997115,0,0,0,0,0.0,task_success_while_recovery_active_per_intervention,True,False,,full,0.2
ACT + RL Recovery,22,6000064,metaworld,True,51,0.47076594200007094,0,0,0,0,0.0,task_success_while_recovery_active_per_intervention,True,False,,full,0.2
ACT + RL Recovery,23,6000065,metaworld,True,51,0.44078761499986285,1,1,1,31,0.85,task_success_while_recovery_active_per_intervention,True,False,,full,0.2
ACT + RL Recovery,24,6000066,metaworld,False,200,1.6019402769998123,1,0,1,136,1.0,task_success_while_recovery_active_per_intervention,False,True,object_dropped,full,0.2
ACT + RL Recovery,25,6000067,metaworld,True,56,0.38752223000119557,1,1,1,46,1.0,task_success_while_recovery_active_per_intervention,True,False,,full,0.2
ACT + RL Recovery,26,6000068,metaworld,True,53,0.5311852340000769,1,1,1,33,0.85,task_success_while_recovery_active_per_intervention,True,False,,full,0.2
ACT + RL Recovery,27,6000069,metaworld,True,55,0.444730093000544,1,1,1,35,0.85,task_success_while_recovery_active_per_intervention,True,False,,full,0.2
ACT + RL Recovery,28,6000070,metaworld,True,54,0.40879945999949996,0,0,0,0,0.0,task_success_while_recovery_active_per_intervention,True,False,,full,0.2
ACT + RL Recovery,29,6000071,metaworld,True,57,0.40587467099976493,1,1,1,33,0.85,task_success_while_recovery_active_per_intervention,True,False,,full,0.2
ACT + RL Recovery,30,6000072,metaworld,True,59,0.7482358009983727,1,1,1,39,0.9,task_success_while_recovery_active_per_intervention,True,False,,full,0.2
ACT + RL Recovery,31,6000073,metaworld,True,51,0.699751413998456,1,1,1,31,0.85,task_success_while_recovery_active_per_intervention,True,False,,full,0.2
ACT + RL Recovery,32,6000074,metaworld,True,46,0.4543441799996799,1,1,1,26,0.85,task_success_while_recovery_active_per_intervention,True,False,,full,0.2
ACT + RL Recovery,33,6000075,metaworld,True,58,0.45877548299904447,0,0,0,0,0.0,task_success_while_recovery_active_per_intervention,True,False,,full,0.2
ACT + RL Recovery,34,6000076,metaworld,True,58,0.597431461999804,1,1,1,38,0.85,task_success_while_recovery_active_per_intervention,True,False,,full,0.2
ACT + RL Recovery,35,6000077,metaworld,True,55,0.6618256229994586,1,1,1,47,1.0,task_success_while_recovery_active_per_intervention,True,False,,full,0.2
ACT + RL Recovery,36,6000078,metaworld,True,52,0.5291798090001976,1,1,1,32,0.85,task_success_while_recovery_active_per_intervention,True,False,,full,0.2
ACT + RL Recovery,37,6000079,metaworld,True,51,0.46114885400129424,1,1,1,30,0.85,task_success_while_recovery_active_per_intervention,True,False,,full,0.2
ACT + RL Recovery,38,6000080,metaworld,True,47,0.4426716750003834,1,1,1,26,0.85,task_success_while_recovery_active_per_intervention,True,False,,full,0.2
ACT + RL Recovery,39,6000081,metaworld,True,62,0.5032198680000874,0,0,0,0,0.0,task_success_while_recovery_active_per_intervention,True,False,,full,0.2
ACT + RL Recovery,40,6000082,metaworld,True,52,0.4150976740002079,0,0,0,0,0.0,task_success_while_recovery_active_per_intervention,True,False,,full,0.2
ACT + RL Recovery,41,6000083,metaworld,True,54,0.5233201390001341,1,1,1,34,0.85,task_success_while_recovery_active_per_intervention,True,False,,full,0.2
ACT + RL Recovery,42,6000084,metaworld,True,54,0.41278262499872653,0,0,0,0,0.0,task_success_while_recovery_active_per_intervention,True,False,,full,0.2
ACT + RL Recovery,43,6000085,metaworld,True,54,0.46919807699850935,0,0,0,0,0.0,task_success_while_recovery_active_per_intervention,True,False,,full,0.2
ACT + RL Recovery,44,6000086,metaworld,True,52,0.5111585369995737,0,0,0,0,0.0,task_success_while_recovery_active_per_intervention,True,False,,full,0.2
ACT + RL Recovery,45,6000087,metaworld,True,53,0.4522235009990254,0,0,0,0,0.0,task_success_while_recovery_active_per_intervention,True,False,,full,0.2
ACT + RL Recovery,46,6000088,metaworld,True,63,0.6590662799990241,1,1,1,43,0.85,task_success_while_recovery_active_per_intervention,True,False,,full,0.2
ACT + RL Recovery,47,6000089,metaworld,True,54,0.4864831380000396,1,1,1,33,0.85,task_success_while_recovery_active_per_intervention,True,False,,full,0.2
ACT + RL Recovery,48,6000090,metaworld,True,53,0.47795763299836835,1,1,1,33,0.85,task_success_while_recovery_active_per_intervention,True,False,,full,0.2
ACT + RL Recovery,49,6000091,metaworld,True,52,0.5247492639991833,1,1,1,32,0.85,task_success_while_recovery_active_per_intervention,True,False,,full,0.2
ACT + RL Recovery,50,6000092,metaworld,True,52,0.38678600899947924,1,1,1,32,0.85,task_success_while_recovery_active_per_intervention,True,False,,full,0.2
ACT + RL Recovery,51,6000093,metaworld,True,58,0.6028949789997569,1,1,1,38,0.85,task_success_while_recovery_active_per_intervention,True,False,,full,0.2
ACT + RL Recovery,52,6000094,metaworld,True,53,0.5832844380001916,1,1,1,33,0.85,task_success_while_recovery_active_per_intervention,True,False,,full,0.2
ACT + RL Recovery,53,6000095,metaworld,False,200,2.158006097000907,1,0,1,150,1.0,task_success_while_recovery_active_per_intervention,False,True,object_dropped,full,0.2
ACT + RL Recovery,54,6000096,metaworld,True,58,0.8762369479991321,1,1,1,38,0.85,task_success_while_recovery_active_per_intervention,True,False,,full,0.2
ACT + RL Recovery,55,6000097,metaworld,True,54,0.7927126700014924,0,0,0,0,0.0,task_success_while_recovery_active_per_intervention,True,False,,full,0.2
ACT + RL Recovery,56,6000098,metaworld,True,46,0.33493471300062083,0,0,0,0,0.0,task_success_while_recovery_active_per_intervention,True,False,,full,0.2
ACT + RL Recovery,57,6000099,metaworld,True,53,0.5237775320001674,0,0,0,0,0.0,task_success_while_recovery_active_per_intervention,True,False,,full,0.2
ACT + RL Recovery,58,6000100,metaworld,True,52,0.37293084700104373,0,0,0,0,0.0,task_success_while_recovery_active_per_intervention,True,False,,full,0.2
ACT + RL Recovery,59,6000101,metaworld,False,200,1.5087603779993515,1,0,1,150,1.0,task_success_while_recovery_active_per_intervention,False,True,object_dropped,full,0.2
ACT + RL Recovery,60,6000102,metaworld,True,46,0.36424473300030513,1,1,1,26,0.85,task_success_while_recovery_active_per_intervention,True,False,,full,0.2
ACT + RL Recovery,61,6000103,metaworld,True,48,0.23593754500143405,0,0,0,0,0.0,task_success_while_recovery_active_per_intervention,True,False,,full,0.2
ACT + RL Recovery,62,6000104,metaworld,True,55,0.34550040700014506,1,1,1,35,0.85,task_success_while_recovery_active_per_intervention,True,False,,full,0.2
ACT + RL Recovery,63,6000105,metaworld,True,50,0.18381091199989896,0,0,0,0,0.0,task_success_while_recovery_active_per_intervention,True,False,,full,0.2
ACT + RL Recovery,64,6000106,metaworld,True,52,0.1913803090010333,0,0,0,0,0.0,task_success_while_recovery_active_per_intervention,True,False,,full,0.2
ACT + RL Recovery,65,6000107,metaworld,True,62,0.6632218239992653,1,1,1,42,0.85,task_success_while_recovery_active_per_intervention,True,False,,full,0.2
ACT + RL Recovery,66,6000108,metaworld,True,49,0.44846947000041837,1,1,1,29,0.85,task_success_while_recovery_active_per_intervention,True,False,,full,0.2
ACT + RL Recovery,67,6000109,metaworld,True,53,0.4081860959995538,0,0,0,0,0.0,task_success_while_recovery_active_per_intervention,True,False,,full,0.2
ACT + RL Recovery,68,6000110,metaworld,True,57,0.4915573599992058,0,0,0,0,0.0,task_success_while_recovery_active_per_intervention,True,False,,full,0.2
ACT + RL Recovery,69,6000111,metaworld,True,54,0.44748960600009013,1,1,1,32,0.85,task_success_while_recovery_active_per_intervention,True,False,,full,0.2
ACT + RL Recovery,70,6000112,metaworld,True,49,0.4690873189992999,1,1,1,29,0.85,task_success_while_recovery_active_per_intervention,True,False,,full,0.2
ACT + RL Recovery,71,6000113,metaworld,True,54,0.4694154440003331,0,0,0,0,0.0,task_success_while_recovery_active_per_intervention,True,False,,full,0.2
ACT + RL Recovery,72,6000114,metaworld,True,51,0.3981757880010264,0,0,0,0,0.0,task_success_while_recovery_active_per_intervention,True,False,,full,0.2
ACT + RL Recovery,73,6000115,metaworld,False,200,1.6276498059996811,1,0,1,150,0.9,task_success_while_recovery_active_per_intervention,False,True,timeout,full,0.2
ACT + RL Recovery,74,6000116,metaworld,True,52,0.5252954030002002,1,1,1,29,0.85,task_success_while_recovery_active_per_intervention,True,False,,full,0.2
ACT + RL Recovery,75,6000117,metaworld,True,56,0.6075769050003146,0,0,0,0,0.0,task_success_while_recovery_active_per_intervention,True,False,,full,0.2
ACT + RL Recovery,76,6000118,metaworld,False,200,2.086705735000578,1,0,1,150,1.0,task_success_while_recovery_active_per_intervention,False,True,object_dropped,full,0.2
ACT + RL Recovery,77,6000119,metaworld,True,55,0.6157113289991685,1,1,1,35,0.85,task_success_while_recovery_active_per_intervention,True,False,,full,0.2
ACT + RL Recovery,78,6000120,metaworld,True,60,0.5718169320007291,1,1,1,40,0.85,task_success_while_recovery_active_per_intervention,True,False,,full,0.2
ACT + RL Recovery,79,6000121,metaworld,True,59,0.4265613600000506,0,0,0,0,0.0,task_success_while_recovery_active_per_intervention,True,False,,full,0.2
ACT + RL Recovery,80,6000122,metaworld,True,56,0.43678634199932276,0,0,0,0,0.0,task_success_while_recovery_active_per_intervention,True,False,,full,0.2
ACT + RL Recovery,81,6000123,metaworld,False,200,1.7075552189999144,1,0,1,150,0.9,task_success_while_recovery_active_per_intervention,False,True,timeout,full,0.2
ACT + RL Recovery,82,6000124,metaworld,True,52,0.37754019599924504,0,0,0,0,0.0,task_success_while_recovery_active_per_intervention,True,False,,full,0.2
ACT + RL Recovery,83,6000125,metaworld,True,55,0.6570499520003068,0,0,0,0,0.0,task_success_while_recovery_active_per_intervention,True,False,,full,0.2
ACT + RL Recovery,84,6000126,metaworld,True,56,0.5439582899998641,1,1,1,36,0.85,task_success_while_recovery_active_per_intervention,True,False,,full,0.2
ACT + RL Recovery,85,6000127,metaworld,True,49,0.41880957700050203,1,1,1,29,0.85,task_success_while_recovery_active_per_intervention,True,False,,full,0.2
ACT + RL Recovery,86,6000128,metaworld,True,62,0.47145683000053396,0,0,0,0,0.0,task_success_while_recovery_active_per_intervention,True,False,,full,0.2
ACT + RL Recovery,87,6000129,metaworld,True,52,0.4351858030004223,0,0,0,0,0.0,task_success_while_recovery_active_per_intervention,True,False,,full,0.2
ACT + RL Recovery,88,6000130,metaworld,True,60,0.4907705480000004,0,0,0,0,0.0,task_success_while_recovery_active_per_intervention,True,False,,full,0.2
ACT + RL Recovery,89,6000131,metaworld,True,47,0.3426576080000814,1,1,1,27,0.85,task_success_while_recovery_active_per_intervention,True,False,,full,0.2
ACT + RL Recovery,90,6000132,metaworld,True,50,0.4041503120006382,0,0,0,0,0.0,task_success_while_recovery_active_per_intervention,True,False,,full,0.2
ACT + RL Recovery,91,6000133,metaworld,True,50,0.3619465890005813,1,1,1,30,0.85,task_success_while_recovery_active_per_intervention,True,False,,full,0.2
ACT + RL Recovery,92,6000134,metaworld,True,53,0.3685003200007486,1,1,1,33,0.85,task_success_while_recovery_active_per_intervention,True,False,,full,0.2
ACT + RL Recovery,93,6000135,metaworld,True,53,0.4613958999998431,0,0,0,0,0.0,task_success_while_recovery_active_per_intervention,True,False,,full,0.2
ACT + RL Recovery,94,6000136,metaworld,True,51,0.46617721099937626,0,0,0,0,0.0,task_success_while_recovery_active_per_intervention,True,False,,full,0.2
ACT + RL Recovery,95,6000137,metaworld,True,57,0.4643660460005776,1,1,1,37,0.85,task_success_while_recovery_active_per_intervention,True,False,,full,0.2
ACT + RL Recovery,96,6000138,metaworld,True,56,0.6778548309994221,1,1,1,36,0.85,task_success_while_recovery_active_per_intervention,True,False,,full,0.2
ACT + RL Recovery,97,6000139,metaworld,True,50,0.5704369449995284,1,1,1,30,0.85,task_success_while_recovery_active_per_intervention,True,False,,full,0.2
ACT + RL Recovery,98,6000140,metaworld,False,200,1.783769759000279,1,0,1,150,1.0,task_success_while_recovery_active_per_intervention,False,True,timeout,full,0.2
ACT + RL Recovery,99,6000141,metaworld,True,44,0.5831649249994371,1,1,1,24,0.85,task_success_while_recovery_active_per_intervention,True,False,,full,0.2
ACT + RL Recovery,100,6000142,metaworld,True,55,0.3588609529997484,0,0,0,0,0.0,task_success_while_recovery_active_per_intervention,True,False,,full,0.2
ACT + RL Recovery,101,6000143,metaworld,True,53,0.4322707490009634,0,0,0,0,0.0,task_success_while_recovery_active_per_intervention,True,False,,full,0.2
ACT + RL Recovery,102,6000144,metaworld,False,200,2.0781709309994767,1,0,1,150,0.9,task_success_while_recovery_active_per_intervention,False,True,timeout,full,0.2
ACT + RL Recovery,103,6000145,metaworld,False,200,2.0238575319999654,1,0,1,150,0.9,task_success_while_recovery_active_per_intervention,False,True,timeout,full,0.2
ACT + RL Recovery,104,6000146,metaworld,True,52,0.4355698890012718,0,0,0,0,0.0,task_success_while_recovery_active_per_intervention,True,False,,full,0.2
ACT + RL Recovery,105,6000147,metaworld,True,59,0.5276120719991013,1,1,1,39,0.85,task_success_while_recovery_active_per_intervention,True,False,,full,0.2
ACT + RL Recovery,106,6000148,metaworld,True,53,0.46519395299947064,0,0,0,0,0.0,task_success_while_recovery_active_per_intervention,True,False,,full,0.2
ACT + RL Recovery,107,6000149,metaworld,False,200,2.1263172150011087,1,0,1,150,0.9,task_success_while_recovery_active_per_intervention,False,True,timeout,full,0.2
ACT + RL Recovery,108,6000150,metaworld,True,48,0.4740768930005288,0,0,0,0,0.0,task_success_while_recovery_active_per_intervention,True,False,,full,0.2
ACT + RL Recovery,109,6000151,metaworld,False,200,1.5770307530001446,1,0,1,150,1.0,task_success_while_recovery_active_per_intervention,False,True,object_dropped,full,0.2
ACT + RL Recovery,110,6000152,metaworld,True,53,0.5651005660001829,1,1,1,33,0.85,task_success_while_recovery_active_per_intervention,True,False,,full,0.2
ACT + RL Recovery,111,6000153,metaworld,True,51,0.5034751490002236,0,0,0,0,0.0,task_success_while_recovery_active_per_intervention,True,False,,full,0.2
ACT + RL Recovery,112,6000154,metaworld,False,200,1.6844213749991468,1,0,1,150,1.0,task_success_while_recovery_active_per_intervention,False,True,object_dropped,full,0.2
ACT + RL Recovery,113,6000155,metaworld,False,200,1.1944499370001722,1,0,1,149,1.0,task_success_while_recovery_active_per_intervention,False,True,object_dropped,full,0.2
ACT + RL Recovery,114,6000156,metaworld,True,53,0.3324643729993113,1,1,1,32,0.85,task_success_while_recovery_active_per_intervention,True,False,,full,0.2
ACT + RL Recovery,115,6000157,metaworld,False,200,1.45922019200043,1,0,1,150,0.9,task_success_while_recovery_active_per_intervention,False,True,timeout,full,0.2
ACT + RL Recovery,116,6000158,metaworld,True,57,0.460487712000031,1,1,1,37,0.85,task_success_while_recovery_active_per_intervention,True,False,,full,0.2
ACT + RL Recovery,117,6000159,metaworld,True,49,0.332708731000821,1,1,1,29,0.85,task_success_while_recovery_active_per_intervention,True,False,,full,0.2
ACT + RL Recovery,118,6000160,metaworld,True,61,0.32125277600061963,0,0,0,0,0.0,task_success_while_recovery_active_per_intervention,True,False,,full,0.2
ACT + RL Recovery,119,6000161,metaworld,True,60,0.4012012370003504,0,0,0,0,0.0,task_success_while_recovery_active_per_intervention,True,False,,full,0.2
ACT + RL Recovery,120,6000162,metaworld,True,64,0.3733721759999753,1,1,1,44,0.85,task_success_while_recovery_active_per_intervention,True,False,,full,0.2
ACT + RL Recovery,121,6000163,metaworld,True,60,0.46627581600114354,1,1,1,36,0.85,task_success_while_recovery_active_per_intervention,True,False,,full,0.2
ACT + RL Recovery,122,6000164,metaworld,True,46,0.3622079219985608,1,1,1,25,0.85,task_success_while_recovery_active_per_intervention,True,False,,full,0.2
ACT + RL Recovery,123,6000165,metaworld,False,200,1.7104428349994123,1,0,1,150,1.0,task_success_while_recovery_active_per_intervention,False,True,object_dropped,full,0.2
ACT + RL Recovery,124,6000166,metaworld,True,53,0.44653612300135137,1,1,1,33,0.85,task_success_while_recovery_active_per_intervention,True,False,,full,0.2
ACT + RL Recovery,125,6000167,metaworld,True,62,0.48549187800017535,1,1,1,42,0.85,task_success_while_recovery_active_per_intervention,True,False,,full,0.2
ACT + RL Recovery,126,6000168,metaworld,False,200,2.224441423000826,1,0,1,150,0.9,task_success_while_recovery_active_per_intervention,False,True,timeout,full,0.2
ACT + RL Recovery,127,6000169,metaworld,True,60,0.6085531730004732,1,1,1,40,0.85,task_success_while_recovery_active_per_intervention,True,False,,full,0.2
ACT + RL Recovery,128,6000170,metaworld,True,51,0.38777100200059067,1,1,1,31,0.85,task_success_while_recovery_active_per_intervention,True,False,,full,0.2
ACT + RL Recovery,129,6000171,metaworld,True,50,0.5456314940001903,1,1,1,30,0.85,task_success_while_recovery_active_per_intervention,True,False,,full,0.2
ACT + RL Recovery,130,6000172,metaworld,True,52,0.5061080109990144,1,1,1,32,0.85,task_success_while_recovery_active_per_intervention,True,False,,full,0.2
ACT + RL Recovery,131,6000173,metaworld,True,45,0.3608666389991413,0,0,0,0,0.0,task_success_while_recovery_active_per_intervention,True,False,,full,0.2
ACT + RL Recovery,132,6000174,metaworld,True,56,0.499428158000228,0,0,0,0,0.0,task_success_while_recovery_active_per_intervention,True,False,,full,0.2
ACT + RL Recovery,133,6000175,metaworld,True,56,0.5205832359988563,1,1,1,34,0.85,task_success_while_recovery_active_per_intervention,True,False,,full,0.2
ACT + RL Recovery,134,6000176,metaworld,True,51,0.42631601500033867,1,1,1,31,0.85,task_success_while_recovery_active_per_intervention,True,False,,full,0.2
ACT + RL Recovery,135,6000177,metaworld,False,200,1.686048072999256,1,0,1,150,0.9,task_success_while_recovery_active_per_intervention,False,True,timeout,full,0.2
ACT + RL Recovery,136,6000178,metaworld,True,51,0.5209379289990466,1,1,1,31,0.85,task_success_while_recovery_active_per_intervention,True,False,,full,0.2
ACT + RL Recovery,137,6000179,metaworld,True,59,0.4384785700003704,1,1,1,39,0.85,task_success_while_recovery_active_per_intervention,True,False,,full,0.2
ACT + RL Recovery,138,6000180,metaworld,True,62,0.4173469329998625,1,1,1,42,0.85,task_success_while_recovery_active_per_intervention,True,False,,full,0.2
ACT + RL Recovery,139,6000181,metaworld,False,200,1.5646495399996638,1,0,1,150,0.9,task_success_while_recovery_active_per_intervention,False,True,timeout,full,0.2
ACT + RL Recovery,140,6000182,metaworld,True,53,0.4228100079999422,1,1,1,33,0.85,task_success_while_recovery_active_per_intervention,True,False,,full,0.2
ACT + RL Recovery,141,6000183,metaworld,True,59,0.39288155199938046,1,1,1,36,0.85,task_success_while_recovery_active_per_intervention,True,False,,full,0.2
ACT + RL Recovery,142,6000184,metaworld,True,50,0.22059325100053684,0,0,0,0,0.0,task_success_while_recovery_active_per_intervention,True,False,,full,0.2
ACT + RL Recovery,143,6000185,metaworld,True,53,0.40646824600116815,1,1,1,33,0.85,task_success_while_recovery_active_per_intervention,True,False,,full,0.2
ACT + RL Recovery,144,6000186,metaworld,True,52,0.300429451999662,1,1,1,32,0.85,task_success_while_recovery_active_per_intervention,True,False,,full,0.2
ACT + RL Recovery,145,6000187,metaworld,True,50,0.32406259900017176,1,1,1,30,0.85,task_success_while_recovery_active_per_intervention,True,False,,full,0.2
ACT + RL Recovery,146,6000188,metaworld,True,57,0.43024563399922044,0,0,0,0,0.0,task_success_while_recovery_active_per_intervention,True,False,,full,0.2
ACT + RL Recovery,147,6000189,metaworld,False,200,2.2452248870013136,1,0,1,150,0.85,task_success_while_recovery_active_per_intervention,False,True,timeout,full,0.2
ACT + RL Recovery,148,6000190,metaworld,True,49,0.48789501700048277,1,1,1,27,0.85,task_success_while_recovery_active_per_intervention,True,False,,full,0.2
ACT + RL Recovery,149,6000191,metaworld,True,55,0.507940397999846,1,1,1,35,0.85,task_success_while_recovery_active_per_intervention,True,False,,full,0.2
ACT + RL Recovery,150,6000192,metaworld,True,52,0.604766815999028,1,1,1,32,0.85,task_success_while_recovery_active_per_intervention,True,False,,full,0.2
ACT + RL Recovery,151,6000193,metaworld,True,51,0.46055992400033574,1,1,1,31,0.85,task_success_while_recovery_active_per_intervention,True,False,,full,0.2
ACT + RL Recovery,152,6000194,metaworld,True,53,0.4379779890005011,0,0,0,0,0.0,task_success_while_recovery_active_per_intervention,True,False,,full,0.2
ACT + RL Recovery,153,6000195,metaworld,True,51,0.7048548559996561,1,1,1,31,0.85,task_success_while_recovery_active_per_intervention,True,False,,full,0.2
ACT + RL Recovery,154,6000196,metaworld,False,200,1.5767772929993953,1,0,1,144,1.0,task_success_while_recovery_active_per_intervention,False,True,object_dropped,full,0.2
ACT + RL Recovery,155,6000197,metaworld,False,200,1.379980190000424,1,0,1,150,1.0,task_success_while_recovery_active_per_intervention,False,True,object_dropped,full,0.2
ACT + RL Recovery,156,6000198,metaworld,True,53,0.5297293300009187,1,1,1,44,1.0,task_success_while_recovery_active_per_intervention,True,False,,full,0.2
ACT + RL Recovery,157,6000199,metaworld,True,60,0.2652379209994251,0,0,0,0,0.0,task_success_while_recovery_active_per_intervention,True,False,,full,0.2
ACT + RL Recovery,158,6000200,metaworld,True,55,0.2413363070008927,0,0,0,0,0.0,task_success_while_recovery_active_per_intervention,True,False,,full,0.2
ACT + RL Recovery,159,6000201,metaworld,True,50,0.42927709400100866,1,1,1,30,0.85,task_success_while_recovery_active_per_intervention,True,False,,full,0.2
ACT + RL Recovery,160,6000202,metaworld,True,50,0.3670283150004252,1,1,1,30,0.85,task_success_while_recovery_active_per_intervention,True,False,,full,0.2
ACT + RL Recovery,161,6000203,metaworld,False,200,1.2766340880007192,1,0,1,150,0.9,task_success_while_recovery_active_per_intervention,False,True,timeout,full,0.2
ACT + RL Recovery,162,6000204,metaworld,True,51,0.3190712479990907,1,1,1,30,0.85,task_success_while_recovery_active_per_intervention,True,False,,full,0.2
ACT + RL Recovery,163,6000205,metaworld,False,200,1.3998694259989861,1,0,1,150,0.9,task_success_while_recovery_active_per_intervention,False,True,timeout,full,0.2
ACT + RL Recovery,164,6000206,metaworld,True,50,0.21657065900035377,0,0,0,0,0.0,task_success_while_recovery_active_per_intervention,True,False,,full,0.2
ACT + RL Recovery,165,6000207,metaworld,True,56,0.33951101200000267,1,1,1,36,0.85,task_success_while_recovery_active_per_intervention,True,False,,full,0.2
ACT + RL Recovery,166,6000208,metaworld,True,50,0.3211554260014964,1,1,1,30,0.85,task_success_while_recovery_active_per_intervention,True,False,,full,0.2
ACT + RL Recovery,167,6000209,metaworld,True,52,0.33817302500028745,1,1,1,32,0.85,task_success_while_recovery_active_per_intervention,True,False,,full,0.2
ACT + RL Recovery,168,6000210,metaworld,True,52,0.27944861499963736,0,0,0,0,0.0,task_success_while_recovery_active_per_intervention,True,False,,full,0.2
ACT + RL Recovery,169,6000211,metaworld,False,200,1.558467491000556,1,0,1,150,0.9,task_success_while_recovery_active_per_intervention,False,True,timeout,full,0.2
ACT + RL Recovery,170,6000212,metaworld,True,54,0.46760061100030725,1,1,1,34,0.85,task_success_while_recovery_active_per_intervention,True,False,,full,0.2
ACT + RL Recovery,171,6000213,metaworld,True,48,0.39512981600091734,1,1,1,28,0.85,task_success_while_recovery_active_per_intervention,True,False,,full,0.2
ACT + RL Recovery,172,6000214,metaworld,True,54,0.406347658001323,1,1,1,33,0.85,task_success_while_recovery_active_per_intervention,True,False,,full,0.2
ACT + RL Recovery,173,6000215,metaworld,False,200,1.728340608999133,1,0,1,150,0.85,task_success_while_recovery_active_per_intervention,False,True,timeout,full,0.2
ACT + RL Recovery,174,6000216,metaworld,True,52,0.3406448999994609,1,1,1,31,0.85,task_success_while_recovery_active_per_intervention,True,False,,full,0.2
ACT + RL Recovery,175,6000217,metaworld,True,51,0.42994760800138465,1,1,1,31,0.85,task_success_while_recovery_active_per_intervention,True,False,,full,0.2
ACT + RL Recovery,176,6000218,metaworld,True,50,0.44878716499988514,1,1,1,30,0.85,task_success_while_recovery_active_per_intervention,True,False,,full,0.2
ACT + RL Recovery,177,6000219,metaworld,True,54,0.6302477860008366,1,1,1,34,0.85,task_success_while_recovery_active_per_intervention,True,False,,full,0.2
ACT + RL Recovery,178,6000220,metaworld,True,63,0.6093498829995951,1,1,1,43,0.85,task_success_while_recovery_active_per_intervention,True,False,,full,0.2
ACT + RL Recovery,179,6000221,metaworld,True,60,0.45877194499917096,1,1,1,39,0.85,task_success_while_recovery_active_per_intervention,True,False,,full,0.2
ACT + RL Recovery,180,6000222,metaworld,True,51,0.3326704270002665,1,1,1,28,0.85,task_success_while_recovery_active_per_intervention,True,False,,full,0.2
ACT + RL Recovery,181,6000223,metaworld,True,50,0.42275160499957565,1,1,1,29,0.85,task_success_while_recovery_active_per_intervention,True,False,,full,0.2
ACT + RL Recovery,182,6000224,metaworld,True,59,0.42231409900159633,0,0,0,0,0.0,task_success_while_recovery_active_per_intervention,True,False,,full,0.2
ACT + RL Recovery,183,6000225,metaworld,True,46,0.6541149700005917,1,1,1,26,0.85,task_success_while_recovery_active_per_intervention,True,False,,full,0.2
ACT + RL Recovery,184,6000226,metaworld,True,53,0.6896252909991745,1,1,1,33,0.85,task_success_while_recovery_active_per_intervention,True,False,,full,0.2
ACT + RL Recovery,185,6000227,metaworld,True,62,0.740855971000201,1,1,1,39,0.85,task_success_while_recovery_active_per_intervention,True,False,,full,0.2
ACT + RL Recovery,186,6000228,metaworld,True,58,0.6339817390016833,0,0,0,0,0.0,task_success_while_recovery_active_per_intervention,True,False,,full,0.2
ACT + RL Recovery,187,6000229,metaworld,True,52,0.7137261820007552,1,1,1,32,0.85,task_success_while_recovery_active_per_intervention,True,False,,full,0.2
ACT + RL Recovery,188,6000230,metaworld,True,55,0.5507610799995746,1,1,1,35,0.85,task_success_while_recovery_active_per_intervention,True,False,,full,0.2
ACT + RL Recovery,189,6000231,metaworld,False,200,1.7961404740017315,1,0,1,150,1.0,task_success_while_recovery_active_per_intervention,False,True,object_dropped,full,0.2
ACT + RL Recovery,190,6000232,metaworld,True,55,0.5269450449995929,1,1,1,35,0.85,task_success_while_recovery_active_per_intervention,True,False,,full,0.2
ACT + RL Recovery,191,6000233,metaworld,True,53,0.6728263309996692,0,0,0,0,0.0,task_success_while_recovery_active_per_intervention,True,False,,full,0.2
ACT + RL Recovery,192,6000234,metaworld,True,55,0.45804194799893594,0,0,0,0,0.0,task_success_while_recovery_active_per_intervention,True,False,,full,0.2
ACT + RL Recovery,193,6000235,metaworld,True,49,0.6266976489987428,1,1,1,29,0.85,task_success_while_recovery_active_per_intervention,True,False,,full,0.2
ACT + RL Recovery,194,6000236,metaworld,True,57,0.6944426059999387,1,1,1,37,0.85,task_success_while_recovery_active_per_intervention,True,False,,full,0.2
ACT + RL Recovery,195,6000237,metaworld,True,50,0.6339993140009028,1,1,1,30,0.85,task_success_while_recovery_active_per_intervention,True,False,,full,0.2
ACT + RL Recovery,196,6000238,metaworld,True,51,0.41229249800016987,1,1,1,31,0.85,task_success_while_recovery_active_per_intervention,True,False,,full,0.2
ACT + RL Recovery,197,6000239,metaworld,True,58,0.4695094649996463,0,0,0,0,0.0,task_success_while_recovery_active_per_intervention,True,False,,full,0.2
ACT + RL Recovery,198,6000240,metaworld,False,200,2.3897715140010405,1,0,1,150,1.0,task_success_while_recovery_active_per_intervention,False,True,object_dropped,full,0.2
ACT + RL Recovery,199,6000241,metaworld,True,59,0.6632810489991243,1,1,1,39,0.85,task_success_while_recovery_active_per_intervention,True,False,,full,0.2
ACT + RL Recovery,200,6000242,metaworld,False,200,2.414136571000199,1,0,1,150,1.0,task_success_while_recovery_active_per_intervention,False,True,object_dropped,full,0.2
ACT + RL Recovery,201,6000243,metaworld,True,61,0.565097747999971,1,1,1,39,0.85,task_success_while_recovery_active_per_intervention,True,False,,full,0.2
ACT + RL Recovery,202,6000244,metaworld,True,52,0.24316673799876298,0,0,0,0,0.0,task_success_while_recovery_active_per_intervention,True,False,,full,0.2
ACT + RL Recovery,203,6000245,metaworld,True,62,0.38969966900003783,1,1,1,42,0.85,task_success_while_recovery_active_per_intervention,True,False,,full,0.2
ACT + RL Recovery,204,6000246,metaworld,False,200,1.9460009199992783,1,0,1,150,0.9,task_success_while_recovery_active_per_intervention,False,True,timeout,full,0.2
ACT + RL Recovery,205,6000247,metaworld,True,49,0.26549050199901103,0,0,0,0,0.0,task_success_while_recovery_active_per_intervention,True,False,,full,0.2
ACT + RL Recovery,206,6000248,metaworld,False,200,1.8362795049997658,1,0,1,108,1.0,task_success_while_recovery_active_per_intervention,False,True,timeout,full,0.2
ACT + RL Recovery,207,6000249,metaworld,True,62,0.7002110699995683,1,1,1,42,0.85,task_success_while_recovery_active_per_intervention,True,False,,full,0.2
ACT + RL Recovery,208,6000250,metaworld,True,52,0.5297932479988958,1,1,1,32,0.85,task_success_while_recovery_active_per_intervention,True,False,,full,0.2
ACT + RL Recovery,209,6000251,metaworld,True,49,0.31480382599875156,1,1,1,29,0.85,task_success_while_recovery_active_per_intervention,True,False,,full,0.2
ACT + RL Recovery,210,6000252,metaworld,True,48,0.3011717249992216,1,1,1,28,0.85,task_success_while_recovery_active_per_intervention,True,False,,full,0.2
ACT + RL Recovery,211,6000253,metaworld,True,46,0.2967051759987953,1,1,1,25,0.85,task_success_while_recovery_active_per_intervention,True,False,,full,0.2
ACT + RL Recovery,212,6000254,metaworld,True,56,0.43955704500149295,1,1,1,36,0.85,task_success_while_recovery_active_per_intervention,True,False,,full,0.2
ACT + RL Recovery,213,6000255,metaworld,True,52,0.46551302400075656,1,1,1,32,0.85,task_success_while_recovery_active_per_intervention,True,False,,full,0.2
ACT + RL Recovery,214,6000256,metaworld,False,200,1.7631560110003193,1,0,1,150,1.0,task_success_while_recovery_active_per_intervention,False,True,object_dropped,full,0.2
ACT + RL Recovery,215,6000257,metaworld,True,52,0.6462114250007289,1,1,1,32,0.85,task_success_while_recovery_active_per_intervention,True,False,,full,0.2
ACT + RL Recovery,216,6000258,metaworld,True,51,0.5719486170000891,1,1,1,31,0.85,task_success_while_recovery_active_per_intervention,True,False,,full,0.2
ACT + RL Recovery,217,6000259,metaworld,True,52,0.5468942570005311,1,1,1,32,0.85,task_success_while_recovery_active_per_intervention,True,False,,full,0.2
ACT + RL Recovery,218,6000260,metaworld,False,200,1.7145120840013988,1,0,1,150,0.9,task_success_while_recovery_active_per_intervention,False,True,timeout,full,0.2
ACT + RL Recovery,219,6000261,metaworld,True,53,0.5803913700001431,1,1,1,33,0.85,task_success_while_recovery_active_per_intervention,True,False,,full,0.2
ACT + RL Recovery,220,6000262,metaworld,True,45,0.33595854199847963,1,1,1,25,0.85,task_success_while_recovery_active_per_intervention,True,False,,full,0.2
ACT + RL Recovery,221,6000263,metaworld,True,57,0.5582028730004822,1,1,1,37,0.85,task_success_while_recovery_active_per_intervention,True,False,,full,0.2
ACT + RL Recovery,222,6000264,metaworld,True,48,0.3539983989994653,1,1,1,28,0.85,task_success_while_recovery_active_per_intervention,True,False,,full,0.2
ACT + RL Recovery,223,6000265,metaworld,True,51,0.5084237409992056,1,1,1,31,0.85,task_success_while_recovery_active_per_intervention,True,False,,full,0.2
ACT + RL Recovery,224,6000266,metaworld,True,58,0.3508380479997868,0,0,0,0,0.0,task_success_while_recovery_active_per_intervention,True,False,,full,0.2
ACT + RL Recovery,225,6000267,metaworld,True,51,0.4312309879987879,1,1,1,31,0.85,task_success_while_recovery_active_per_intervention,True,False,,full,0.2
ACT + RL Recovery,226,6000268,metaworld,True,54,0.36816343800092,1,1,1,34,0.85,task_success_while_recovery_active_per_intervention,True,False,,full,0.2
ACT + RL Recovery,227,6000269,metaworld,True,55,0.42349303100127145,0,0,0,0,0.0,task_success_while_recovery_active_per_intervention,True,False,,full,0.2
ACT + RL Recovery,228,6000270,metaworld,True,53,0.4311613070003659,0,0,0,0,0.0,task_success_while_recovery_active_per_intervention,True,False,,full,0.2
ACT + RL Recovery,229,6000271,metaworld,True,52,0.4009145220006758,0,0,0,0,0.0,task_success_while_recovery_active_per_intervention,True,False,,full,0.2
ACT + RL Recovery,230,6000272,metaworld,True,55,0.5510733870014519,1,1,1,46,1.0,task_success_while_recovery_active_per_intervention,True,False,,full,0.2
ACT + RL Recovery,231,6000273,metaworld,True,54,0.5878427610005019,1,1,1,44,1.0,task_success_while_recovery_active_per_intervention,True,False,,full,0.2
ACT + RL Recovery,232,6000274,metaworld,True,56,0.5719084199990903,1,1,1,36,0.85,task_success_while_recovery_active_per_intervention,True,False,,full,0.2
ACT + RL Recovery,233,6000275,metaworld,True,53,0.6867860949987517,1,1,1,29,0.85,task_success_while_recovery_active_per_intervention,True,False,,full,0.2
ACT + RL Recovery,234,6000276,metaworld,False,200,2.0026933329991152,1,0,1,150,1.0,task_success_while_recovery_active_per_intervention,False,True,object_dropped,full,0.2
ACT + RL Recovery,235,6000277,metaworld,False,200,1.7576780910003436,1,0,1,150,1.0,task_success_while_recovery_active_per_intervention,False,True,object_dropped,full,0.2
ACT + RL Recovery,236,6000278,metaworld,True,47,0.6702704680010356,1,1,1,27,0.85,task_success_while_recovery_active_per_intervention,True,False,,full,0.2
ACT + RL Recovery,237,6000279,metaworld,True,55,0.5314155939995544,0,0,0,0,0.0,task_success_while_recovery_active_per_intervention,True,False,,full,0.2
ACT + RL Recovery,238,6000280,metaworld,True,52,0.711477286000445,1,1,1,32,0.85,task_success_while_recovery_active_per_intervention,True,False,,full,0.2
ACT + RL Recovery,239,6000281,metaworld,True,52,0.7076191570013179,1,1,1,31,0.85,task_success_while_recovery_active_per_intervention,True,False,,full,0.2
ACT + RL Recovery,240,6000282,metaworld,True,49,0.40612331300144433,0,0,0,0,0.0,task_success_while_recovery_active_per_intervention,True,False,,full,0.2
ACT + RL Recovery,241,6000283,metaworld,True,76,0.695567385000686,1,1,1,56,0.85,task_success_while_recovery_active_per_intervention,True,False,,full,0.2
ACT + RL Recovery,242,6000284,metaworld,False,200,2.1035205480002332,1,0,1,138,1.0,task_success_while_recovery_active_per_intervention,False,True,object_dropped,full,0.2
ACT + RL Recovery,243,6000285,metaworld,True,47,0.547672746999524,1,1,1,27,0.85,task_success_while_recovery_active_per_intervention,True,False,,full,0.2
ACT + RL Recovery,244,6000286,metaworld,True,51,0.5455392439998832,1,1,1,31,0.85,task_success_while_recovery_active_per_intervention,True,False,,full,0.2
ACT + RL Recovery,245,6000287,metaworld,True,54,0.5258646680013044,1,1,1,31,0.85,task_success_while_recovery_active_per_intervention,True,False,,full,0.2
ACT + RL Recovery,246,6000288,metaworld,True,55,0.24281137300022237,0,0,0,0,0.0,task_success_while_recovery_active_per_intervention,True,False,,full,0.2
ACT + RL Recovery,247,6000289,metaworld,True,54,0.2790327519996936,0,0,0,0,0.0,task_success_while_recovery_active_per_intervention,True,False,,full,0.2
ACT + RL Recovery,248,6000290,metaworld,False,200,1.8542874630002188,1,0,1,150,1.0,task_success_while_recovery_active_per_intervention,False,True,object_dropped,full,0.2
ACT + RL Recovery,249,6000291,metaworld,True,49,0.5622774540006503,1,1,1,29,0.85,task_success_while_recovery_active_per_intervention,True,False,,full,0.2
ACT + RL Recovery,250,6000292,metaworld,True,52,0.8561146310003096,1,1,1,32,0.85,task_success_while_recovery_active_per_intervention,True,False,,full,0.2
ACT + RL Recovery,251,6000293,metaworld,True,52,0.48979412900007446,1,1,1,32,0.85,task_success_while_recovery_active_per_intervention,True,False,,full,0.2
ACT + RL Recovery,252,6000294,metaworld,True,53,0.46799894499963557,0,0,0,0,0.0,task_success_while_recovery_active_per_intervention,True,False,,full,0.2
ACT + RL Recovery,253,6000295,metaworld,True,52,0.7614528379999683,1,1,1,32,0.85,task_success_while_recovery_active_per_intervention,True,False,,full,0.2
ACT + RL Recovery,254,6000296,metaworld,True,51,0.3474682020005275,1,1,1,31,0.85,task_success_while_recovery_active_per_intervention,True,False,,full,0.2
ACT + RL Recovery,255,6000297,metaworld,True,52,0.5096582820006006,1,1,1,32,0.85,task_success_while_recovery_active_per_intervention,True,False,,full,0.2
ACT + RL Recovery,256,6000298,metaworld,False,200,2.369687657999748,1,0,1,150,1.0,task_success_while_recovery_active_per_intervention,False,True,object_dropped,full,0.2
ACT + RL Recovery,257,6000299,metaworld,True,58,0.5472942820015305,0,0,0,0,0.0,task_success_while_recovery_active_per_intervention,True,False,,full,0.2
ACT + RL Recovery,258,6000300,metaworld,True,48,0.6428070870006195,1,1,1,28,0.85,task_success_while_recovery_active_per_intervention,True,False,,full,0.2
ACT + RL Recovery,259,6000301,metaworld,False,200,2.207554803999301,1,0,1,143,1.0,task_success_while_recovery_active_per_intervention,False,True,object_dropped,full,0.2
ACT + RL Recovery,260,6000302,metaworld,True,52,0.5624259270007315,1,1,1,32,0.85,task_success_while_recovery_active_per_intervention,True,False,,full,0.2
ACT + RL Recovery,261,6000303,metaworld,True,56,0.691438666999602,1,1,1,36,0.85,task_success_while_recovery_active_per_intervention,True,False,,full,0.2
ACT + RL Recovery,262,6000304,metaworld,True,50,0.493303293000281,0,0,0,0,0.0,task_success_while_recovery_active_per_intervention,True,False,,full,0.2
ACT + RL Recovery,263,6000305,metaworld,True,49,0.6665007159990637,1,1,1,29,0.85,task_success_while_recovery_active_per_intervention,True,False,,full,0.2
ACT + RL Recovery,264,6000306,metaworld,True,52,0.6282063580001704,0,0,0,0,0.0,task_success_while_recovery_active_per_intervention,True,False,,full,0.2
ACT + RL Recovery,265,6000307,metaworld,True,52,0.5994215240007179,1,1,1,32,0.85,task_success_while_recovery_active_per_intervention,True,False,,full,0.2
ACT + RL Recovery,266,6000308,metaworld,True,58,0.49314141499962716,0,0,0,0,0.0,task_success_while_recovery_active_per_intervention,True,False,,full,0.2
ACT + RL Recovery,267,6000309,metaworld,True,54,0.5379073929998412,1,1,1,34,0.85,task_success_while_recovery_active_per_intervention,True,False,,full,0.2
ACT + RL Recovery,268,6000310,metaworld,True,48,0.2540580040003988,0,0,0,0,0.0,task_success_while_recovery_active_per_intervention,True,False,,full,0.2
ACT + RL Recovery,269,6000311,metaworld,True,55,0.47869501799868885,1,1,1,35,0.85,task_success_while_recovery_active_per_intervention,True,False,,full,0.2
ACT + RL Recovery,270,6000312,metaworld,True,55,0.23246007999841822,0,0,0,0,0.0,task_success_while_recovery_active_per_intervention,True,False,,full,0.2
ACT + RL Recovery,271,6000313,metaworld,True,45,0.2701297390012769,1,1,1,23,0.85,task_success_while_recovery_active_per_intervention,True,False,,full,0.2
ACT + RL Recovery,272,6000314,metaworld,True,58,0.3118158510005742,0,0,0,0,0.0,task_success_while_recovery_active_per_intervention,True,False,,full,0.2
ACT + RL Recovery,273,6000315,metaworld,True,46,0.5105318930000067,1,1,1,26,0.85,task_success_while_recovery_active_per_intervention,True,False,,full,0.2
ACT + RL Recovery,274,6000316,metaworld,True,53,0.724424418000126,1,1,1,32,0.85,task_success_while_recovery_active_per_intervention,True,False,,full,0.2
ACT + RL Recovery,275,6000317,metaworld,True,53,0.6322872350010584,1,1,1,33,0.85,task_success_while_recovery_active_per_intervention,True,False,,full,0.2
ACT + RL Recovery,276,6000318,metaworld,True,60,0.45970009099983145,0,0,0,0,0.0,task_success_while_recovery_active_per_intervention,True,False,,full,0.2
ACT + RL Recovery,277,6000319,metaworld,True,52,0.7345033639994654,1,1,1,30,0.85,task_success_while_recovery_active_per_intervention,True,False,,full,0.2
ACT + RL Recovery,278,6000320,metaworld,True,54,0.6286033710002812,1,1,1,34,0.85,task_success_while_recovery_active_per_intervention,True,False,,full,0.2
ACT + RL Recovery,279,6000321,metaworld,True,51,0.6625846450006065,1,1,1,30,0.85,task_success_while_recovery_active_per_intervention,True,False,,full,0.2
ACT + RL Recovery,280,6000322,metaworld,True,56,0.6919621580000239,1,1,1,47,1.0,task_success_while_recovery_active_per_intervention,True,False,,full,0.2
ACT + RL Recovery,281,6000323,metaworld,True,54,0.6687750930013863,1,1,1,34,0.85,task_success_while_recovery_active_per_intervention,True,False,,full,0.2
ACT + RL Recovery,282,6000324,metaworld,True,54,0.5816572129988344,1,1,1,34,0.85,task_success_while_recovery_active_per_intervention,True,False,,full,0.2
ACT + RL Recovery,283,6000325,metaworld,True,61,0.5590927639987058,1,1,1,41,0.85,task_success_while_recovery_active_per_intervention,True,False,,full,0.2
ACT + RL Recovery,284,6000326,metaworld,True,47,0.35889236199909647,1,1,1,26,0.85,task_success_while_recovery_active_per_intervention,True,False,,full,0.2
ACT + RL Recovery,285,6000327,metaworld,True,52,0.38920463800059224,1,1,1,30,0.85,task_success_while_recovery_active_per_intervention,True,False,,full,0.2
ACT + RL Recovery,286,6000328,metaworld,True,53,0.35685188500065124,1,1,1,33,0.9,task_success_while_recovery_active_per_intervention,True,False,,full,0.2
ACT + RL Recovery,287,6000329,metaworld,True,53,0.310141552999994,1,1,1,33,0.85,task_success_while_recovery_active_per_intervention,True,False,,full,0.2
ACT + RL Recovery,288,6000330,metaworld,True,54,0.2308021770004416,0,0,0,0,0.0,task_success_while_recovery_active_per_intervention,True,False,,full,0.2
ACT + RL Recovery,289,6000331,metaworld,True,52,0.32481539499895007,0,0,0,0,0.0,task_success_while_recovery_active_per_intervention,True,False,,full,0.2
ACT + RL Recovery,290,6000332,metaworld,True,47,0.2941578770005435,0,0,0,0,0.0,task_success_while_recovery_active_per_intervention,True,False,,full,0.2
ACT + RL Recovery,291,6000333,metaworld,True,53,0.6235364570002275,1,1,1,33,0.85,task_success_while_recovery_active_per_intervention,True,False,,full,0.2
ACT + RL Recovery,292,6000334,metaworld,True,47,0.491030581000814,1,1,1,27,0.85,task_success_while_recovery_active_per_intervention,True,False,,full,0.2
ACT + RL Recovery,293,6000335,metaworld,False,200,1.9097102630003064,1,0,1,150,0.9,task_success_while_recovery_active_per_intervention,False,True,timeout,full,0.2
ACT + RL Recovery,294,6000336,metaworld,True,53,0.33419712700015225,1,1,1,33,0.85,task_success_while_recovery_active_per_intervention,True,False,,full,0.2
ACT + RL Recovery,295,6000337,metaworld,True,52,0.2428154879999056,0,0,0,0,0.0,task_success_while_recovery_active_per_intervention,True,False,,full,0.2
ACT + RL Recovery,296,6000338,metaworld,True,50,0.3449204659991665,1,1,1,30,0.85,task_success_while_recovery_active_per_intervention,True,False,,full,0.2
ACT + RL Recovery,297,6000339,metaworld,True,60,0.43092607600010524,0,0,0,0,0.0,task_success_while_recovery_active_per_intervention,True,False,,full,0.2
ACT + RL Recovery,298,6000340,metaworld,True,61,0.433305857999585,0,0,0,0,0.0,task_success_while_recovery_active_per_intervention,True,False,,full,0.2
ACT + RL Recovery,299,6000341,metaworld,True,53,0.6184139829983906,1,1,1,33,0.85,task_success_while_recovery_active_per_intervention,True,False,,full,0.2
ACT + RL Recovery,300,6000342,metaworld,True,44,0.39700219400037895,1,1,1,23,0.85,task_success_while_recovery_active_per_intervention,True,False,,full,0.2
ACT + RL Recovery,301,6000343,metaworld,True,57,0.6524764139994659,1,1,1,37,0.85,task_success_while_recovery_active_per_intervention,True,False,,full,0.2
ACT + RL Recovery,302,6000344,metaworld,True,55,0.2768272480006999,0,0,0,0,0.0,task_success_while_recovery_active_per_intervention,True,False,,full,0.2
ACT + RL Recovery,303,6000345,metaworld,True,54,0.6021606619997328,1,1,1,45,1.0,task_success_while_recovery_active_per_intervention,True,False,,full,0.2
ACT + RL Recovery,304,6000346,metaworld,True,55,0.6208917579988338,1,1,1,33,0.85,task_success_while_recovery_active_per_intervention,True,False,,full,0.2
ACT + RL Recovery,305,6000347,metaworld,True,59,0.6651411859984364,1,1,1,39,0.85,task_success_while_recovery_active_per_intervention,True,False,,full,0.2
ACT + RL Recovery,306,6000348,metaworld,True,49,0.47012624100170797,1,1,1,29,0.85,task_success_while_recovery_active_per_intervention,True,False,,full,0.2
ACT + RL Recovery,307,6000349,metaworld,True,52,0.23128596099923016,0,0,0,0,0.0,task_success_while_recovery_active_per_intervention,True,False,,full,0.2
ACT + RL Recovery,308,6000350,metaworld,True,60,0.5258020239998586,1,1,1,40,0.85,task_success_while_recovery_active_per_intervention,True,False,,full,0.2
ACT + RL Recovery,309,6000351,metaworld,True,51,0.21446543800084328,0,0,0,0,0.0,task_success_while_recovery_active_per_intervention,True,False,,full,0.2
ACT + RL Recovery,310,6000352,metaworld,False,200,1.71658509900044,1,0,1,150,0.9,task_success_while_recovery_active_per_intervention,False,True,timeout,full,0.2
ACT + RL Recovery,311,6000353,metaworld,True,53,0.22397100499983935,0,0,0,0,0.0,task_success_while_recovery_active_per_intervention,True,False,,full,0.2
ACT + RL Recovery,312,6000354,metaworld,True,53,0.48288462799973786,1,1,1,33,0.85,task_success_while_recovery_active_per_intervention,True,False,,full,0.2
ACT + RL Recovery,313,6000355,metaworld,True,59,0.2922541509997245,0,0,0,0,0.0,task_success_while_recovery_active_per_intervention,True,False,,full,0.2
ACT + RL Recovery,314,6000356,metaworld,False,200,2.102199163999103,1,0,1,150,0.9,task_success_while_recovery_active_per_intervention,False,True,timeout,full,0.2
ACT + RL Recovery,315,6000357,metaworld,True,53,0.7111511450002581,1,1,1,33,0.85,task_success_while_recovery_active_per_intervention,True,False,,full,0.2
ACT + RL Recovery,316,6000358,metaworld,True,56,0.4371610270009114,1,1,1,36,0.85,task_success_while_recovery_active_per_intervention,True,False,,full,0.2
ACT + RL Recovery,317,6000359,metaworld,True,55,0.6360976070009201,1,1,1,35,0.85,task_success_while_recovery_active_per_intervention,True,False,,full,0.2
ACT + RL Recovery,318,6000360,metaworld,True,51,0.4810221499992622,1,1,1,30,0.85,task_success_while_recovery_active_per_intervention,True,False,,full,0.2
ACT + RL Recovery,319,6000361,metaworld,False,200,2.1116961070001707,1,0,1,150,1.0,task_success_while_recovery_active_per_intervention,False,True,object_dropped,full,0.2
ACT + RL Recovery,320,6000362,metaworld,True,53,0.6975627350002469,1,1,1,33,0.85,task_success_while_recovery_active_per_intervention,True,False,,full,0.2
ACT + RL Recovery,321,6000363,metaworld,True,52,0.49952336799833574,1,1,1,32,0.85,task_success_while_recovery_active_per_intervention,True,False,,full,0.2
ACT + RL Recovery,322,6000364,metaworld,True,59,0.5288237810000282,0,0,0,0,0.0,task_success_while_recovery_active_per_intervention,True,False,,full,0.2
ACT + RL Recovery,323,6000365,metaworld,True,51,0.5896558910008025,1,1,1,31,0.85,task_success_while_recovery_active_per_intervention,True,False,,full,0.2
ACT + RL Recovery,324,6000366,metaworld,True,117,1.4198635110005853,1,1,1,94,0.9,task_success_while_recovery_active_per_intervention,True,False,,full,0.2
ACT + RL Recovery,325,6000367,metaworld,True,56,0.5251197500001581,0,0,0,0,0.0,task_success_while_recovery_active_per_intervention,True,False,,full,0.2
ACT + RL Recovery,326,6000368,metaworld,True,52,0.6400354039997183,1,1,1,31,0.85,task_success_while_recovery_active_per_intervention,True,False,,full,0.2
ACT + RL Recovery,327,6000369,metaworld,True,48,0.556641598999704,1,1,1,28,0.85,task_success_while_recovery_active_per_intervention,True,False,,full,0.2
ACT + RL Recovery,328,6000370,metaworld,True,50,0.5062752489993727,1,1,1,30,0.85,task_success_while_recovery_active_per_intervention,True,False,,full,0.2
ACT + RL Recovery,329,6000371,metaworld,True,48,0.4601751969985344,1,1,1,28,0.85,task_success_while_recovery_active_per_intervention,True,False,,full,0.2
ACT + RL Recovery,330,6000372,metaworld,True,54,0.43724228800056153,1,1,1,34,0.85,task_success_while_recovery_active_per_intervention,True,False,,full,0.2
ACT + RL Recovery,331,6000373,metaworld,False,200,1.8588770260012097,1,0,1,150,1.0,task_success_while_recovery_active_per_intervention,False,True,object_dropped,full,0.2
ACT + RL Recovery,332,6000374,metaworld,True,45,0.3895410429995536,1,1,1,25,0.85,task_success_while_recovery_active_per_intervention,True,False,,full,0.2
ACT + RL Recovery,333,6000375,metaworld,False,200,2.1840145860005578,1,0,1,150,0.9,task_success_while_recovery_active_per_intervention,False,True,timeout,full,0.2
ACT + RL Recovery,334,6000376,metaworld,True,48,0.49774861999867426,1,1,1,27,0.85,task_success_while_recovery_active_per_intervention,True,False,,full,0.2
ACT + RL Recovery,335,6000377,metaworld,True,61,0.8919807709989982,1,1,1,41,0.85,task_success_while_recovery_active_per_intervention,True,False,,full,0.2
ACT + RL Recovery,336,6000378,metaworld,True,56,0.6649789330003841,1,1,1,36,0.85,task_success_while_recovery_active_per_intervention,True,False,,full,0.2
ACT + RL Recovery,337,6000379,metaworld,True,51,0.6110363010011497,1,1,1,31,0.85,task_success_while_recovery_active_per_intervention,True,False,,full,0.2
ACT + RL Recovery,338,6000380,metaworld,True,55,0.704507571999784,1,1,1,35,0.85,task_success_while_recovery_active_per_intervention,True,False,,full,0.2
ACT + RL Recovery,339,6000381,metaworld,True,60,0.4674418880003941,0,0,0,0,0.0,task_success_while_recovery_active_per_intervention,True,False,,full,0.2
ACT + RL Recovery,340,6000382,metaworld,True,48,0.2658305679997284,1,1,1,28,0.85,task_success_while_recovery_active_per_intervention,True,False,,full,0.2
ACT + RL Recovery,341,6000383,metaworld,True,52,0.2053747680001834,0,0,0,0,0.0,task_success_while_recovery_active_per_intervention,True,False,,full,0.2
ACT + RL Recovery,342,6000384,metaworld,True,51,0.3313085769987083,1,1,1,31,0.85,task_success_while_recovery_active_per_intervention,True,False,,full,0.2
ACT + RL Recovery,343,6000385,metaworld,False,200,1.500254655999015,1,0,1,150,1.0,task_success_while_recovery_active_per_intervention,False,True,object_dropped,full,0.2
ACT + RL Recovery,344,6000386,metaworld,True,56,0.3424415190002037,0,0,0,0,0.0,task_success_while_recovery_active_per_intervention,True,False,,full,0.2
ACT + RL Recovery,345,6000387,metaworld,True,49,0.34806849000051443,0,0,0,0,0.0,task_success_while_recovery_active_per_intervention,True,False,,full,0.2
ACT + RL Recovery,346,6000388,metaworld,True,51,0.3877893999997468,1,1,1,31,0.85,task_success_while_recovery_active_per_intervention,True,False,,full,0.2
ACT + RL Recovery,347,6000389,metaworld,True,49,0.21879807400000573,0,0,0,0,0.0,task_success_while_recovery_active_per_intervention,True,False,,full,0.2
ACT + RL Recovery,348,6000390,metaworld,True,53,0.6049707419988408,0,0,0,0,0.0,task_success_while_recovery_active_per_intervention,True,False,,full,0.2
ACT + RL Recovery,349,6000391,metaworld,True,50,0.6386217269991903,1,1,1,30,0.85,task_success_while_recovery_active_per_intervention,True,False,,full,0.2
ACT + RL Recovery,350,6000392,metaworld,True,51,0.5647390869999072,1,1,1,31,0.85,task_success_while_recovery_active_per_intervention,True,False,,full,0.2
ACT + RL Recovery,351,6000393,metaworld,True,52,0.675026777000312,1,1,1,32,0.85,task_success_while_recovery_active_per_intervention,True,False,,full,0.2
ACT + RL Recovery,352,6000394,metaworld,True,50,0.5554374989987991,1,1,1,30,0.85,task_success_while_recovery_active_per_intervention,True,False,,full,0.2
ACT + RL Recovery,353,6000395,metaworld,False,200,2.2887101079995773,1,0,1,150,1.0,task_success_while_recovery_active_per_intervention,False,True,object_dropped,full,0.2
ACT + RL Recovery,354,6000396,metaworld,True,50,0.29565914799968596,0,0,0,0,0.0,task_success_while_recovery_active_per_intervention,True,False,,full,0.2
ACT + RL Recovery,355,6000397,metaworld,True,56,0.5620215800008737,1,1,1,36,0.85,task_success_while_recovery_active_per_intervention,True,False,,full,0.2
ACT + RL Recovery,356,6000398,metaworld,True,55,0.4787806599997566,1,1,1,34,0.85,task_success_while_recovery_active_per_intervention,True,False,,full,0.2
ACT + RL Recovery,357,6000399,metaworld,True,54,0.3275624100006098,0,0,0,0,0.0,task_success_while_recovery_active_per_intervention,True,False,,full,0.2
ACT + RL Recovery,358,6000400,metaworld,True,49,0.5901872180002101,1,1,1,39,1.0,task_success_while_recovery_active_per_intervention,True,False,,full,0.2
ACT + RL Recovery,359,6000401,metaworld,True,52,0.3389346990006743,0,0,0,0,0.0,task_success_while_recovery_active_per_intervention,True,False,,full,0.2
ACT + RL Recovery,360,6000402,metaworld,False,200,2.059830719999809,1,0,1,136,1.0,task_success_while_recovery_active_per_intervention,False,True,object_dropped,full,0.2
ACT + RL Recovery,361,6000403,metaworld,True,47,0.4686504410001362,1,1,1,27,0.85,task_success_while_recovery_active_per_intervention,True,False,,full,0.2
ACT + RL Recovery,362,6000404,metaworld,True,52,0.5069452140014619,1,1,1,32,0.85,task_success_while_recovery_active_per_intervention,True,False,,full,0.2
ACT + RL Recovery,363,6000405,metaworld,True,50,0.3436432300004526,0,0,0,0,0.0,task_success_while_recovery_active_per_intervention,True,False,,full,0.2
ACT + RL Recovery,364,6000406,metaworld,True,46,0.438900213001034,1,1,1,26,0.85,task_success_while_recovery_active_per_intervention,True,False,,full,0.2
ACT + RL Recovery,365,6000407,metaworld,True,47,0.313045756000065,0,0,0,0,0.0,task_success_while_recovery_active_per_intervention,True,False,,full,0.2
ACT + RL Recovery,366,6000408,metaworld,True,54,0.6104138089995104,1,1,1,34,0.85,task_success_while_recovery_active_per_intervention,True,False,,full,0.2
ACT + RL Recovery,367,6000409,metaworld,True,57,0.6731558169994969,1,1,1,37,0.85,task_success_while_recovery_active_per_intervention,True,False,,full,0.2
ACT + RL Recovery,368,6000410,metaworld,True,53,0.5927880239996739,1,1,1,33,0.85,task_success_while_recovery_active_per_intervention,True,False,,full,0.2
ACT + RL Recovery,369,6000411,metaworld,True,57,0.48612008599957335,0,0,0,0,0.0,task_success_while_recovery_active_per_intervention,True,False,,full,0.2
ACT + RL Recovery,370,6000412,metaworld,True,50,0.48483034300079453,1,1,1,30,0.85,task_success_while_recovery_active_per_intervention,True,False,,full,0.2
ACT + RL Recovery,371,6000413,metaworld,True,54,0.5728330800011463,1,1,1,34,0.85,task_success_while_recovery_active_per_intervention,True,False,,full,0.2
ACT + RL Recovery,372,6000414,metaworld,True,50,0.5938818190006714,1,1,1,28,0.85,task_success_while_recovery_active_per_intervention,True,False,,full,0.2
ACT + RL Recovery,373,6000415,metaworld,False,200,2.3533323849987937,1,0,1,150,0.9,task_success_while_recovery_active_per_intervention,False,True,timeout,full,0.2
ACT + RL Recovery,374,6000416,metaworld,True,54,0.46948583999983384,0,0,0,0,0.0,task_success_while_recovery_active_per_intervention,True,False,,full,0.2
ACT + RL Recovery,375,6000417,metaworld,False,200,1.6295359439991444,1,0,1,140,1.0,task_success_while_recovery_active_per_intervention,False,True,timeout,full,0.2
ACT + RL Recovery,376,6000418,metaworld,True,47,0.4573220140009653,1,1,1,27,0.85,task_success_while_recovery_active_per_intervention,True,False,,full,0.2
ACT + RL Recovery,377,6000419,metaworld,True,53,0.4309878269996261,1,1,1,33,0.85,task_success_while_recovery_active_per_intervention,True,False,,full,0.2
ACT + RL Recovery,378,6000420,metaworld,True,52,0.5125509110002895,1,1,1,32,0.85,task_success_while_recovery_active_per_intervention,True,False,,full,0.2
ACT + RL Recovery,379,6000421,metaworld,True,54,0.5872295909994136,1,1,1,34,0.85,task_success_while_recovery_active_per_intervention,True,False,,full,0.2
ACT + RL Recovery,380,6000422,metaworld,True,61,0.5394526109994331,0,0,0,0,0.0,task_success_while_recovery_active_per_intervention,True,False,,full,0.2
ACT + RL Recovery,381,6000423,metaworld,True,54,0.5361216190012783,0,0,0,0,0.0,task_success_while_recovery_active_per_intervention,True,False,,full,0.2
ACT + RL Recovery,382,6000424,metaworld,True,54,0.49373902899969835,1,1,1,34,0.85,task_success_while_recovery_active_per_intervention,True,False,,full,0.2
ACT + RL Recovery,383,6000425,metaworld,True,46,0.4380228329991951,1,1,1,26,0.85,task_success_while_recovery_active_per_intervention,True,False,,full,0.2
ACT + RL Recovery,384,6000426,metaworld,True,52,0.37420870599999034,1,1,1,29,0.85,task_success_while_recovery_active_per_intervention,True,False,,full,0.2
ACT + RL Recovery,385,6000427,metaworld,True,52,0.37525981399994635,1,1,1,32,0.85,task_success_while_recovery_active_per_intervention,True,False,,full,0.2
ACT + RL Recovery,386,6000428,metaworld,True,49,0.6484573569996428,1,1,1,28,0.85,task_success_while_recovery_active_per_intervention,True,False,,full,0.2
ACT + RL Recovery,387,6000429,metaworld,False,200,1.7408629469991865,1,0,1,150,1.0,task_success_while_recovery_active_per_intervention,False,True,object_dropped,full,0.2
ACT + RL Recovery,388,6000430,metaworld,True,50,0.6099441019996448,1,1,1,30,0.85,task_success_while_recovery_active_per_intervention,True,False,,full,0.2
ACT + RL Recovery,389,6000431,metaworld,False,200,2.4389830679992883,1,0,1,150,0.9,task_success_while_recovery_active_per_intervention,False,True,timeout,full,0.2
ACT + RL Recovery,390,6000432,metaworld,True,52,0.3880803920001199,0,0,0,0,0.0,task_success_while_recovery_active_per_intervention,True,False,,full,0.2
ACT + RL Recovery,391,6000433,metaworld,True,47,0.3863446480008861,0,0,0,0,0.0,task_success_while_recovery_active_per_intervention,True,False,,full,0.2
ACT + RL Recovery,392,6000434,metaworld,True,51,0.3989230309998675,1,1,1,31,0.85,task_success_while_recovery_active_per_intervention,True,False,,full,0.2
ACT + RL Recovery,393,6000435,metaworld,True,54,0.6314875749994826,1,1,1,34,0.85,task_success_while_recovery_active_per_intervention,True,False,,full,0.2
ACT + RL Recovery,394,6000436,metaworld,True,52,0.3677980530010245,0,0,0,0,0.0,task_success_while_recovery_active_per_intervention,True,False,,full,0.2
ACT + RL Recovery,395,6000437,metaworld,True,51,0.22057258600034402,0,0,0,0,0.0,task_success_while_recovery_active_per_intervention,True,False,,full,0.2
ACT + RL Recovery,396,6000438,metaworld,True,51,0.44762491899928136,1,1,1,31,0.85,task_success_while_recovery_active_per_intervention,True,False,,full,0.2
ACT + RL Recovery,397,6000439,metaworld,True,55,0.7002616379995743,1,1,1,35,0.85,task_success_while_recovery_active_per_intervention,True,False,,full,0.2
ACT + RL Recovery,398,6000440,metaworld,False,200,2.32298340700072,1,0,1,150,0.9,task_success_while_recovery_active_per_intervention,False,True,timeout,full,0.2
ACT + RL Recovery,399,6000441,metaworld,False,200,2.2630723969996325,1,0,1,150,1.0,task_success_while_recovery_active_per_intervention,False,True,object_dropped,full,0.2
ACT + RL Recovery,400,6000442,metaworld,True,48,0.6108206850003626,0,0,0,0,0.0,task_success_while_recovery_active_per_intervention,True,False,,full,0.2
ACT + RL Recovery,401,6000443,metaworld,True,50,0.45292548399993393,0,0,0,0,0.0,task_success_while_recovery_active_per_intervention,True,False,,full,0.2
ACT + RL Recovery,402,6000444,metaworld,True,57,0.46444124600020587,0,0,0,0,0.0,task_success_while_recovery_active_per_intervention,True,False,,full,0.2
ACT + RL Recovery,403,6000445,metaworld,True,51,0.5227577400000882,1,1,1,29,0.85,task_success_while_recovery_active_per_intervention,True,False,,full,0.2
ACT + RL Recovery,404,6000446,metaworld,True,52,0.46411884000008286,0,0,0,0,0.0,task_success_while_recovery_active_per_intervention,True,False,,full,0.2
ACT + RL Recovery,405,6000447,metaworld,True,60,0.5368775940005435,1,1,1,40,0.85,task_success_while_recovery_active_per_intervention,True,False,,full,0.2
ACT + RL Recovery,406,6000448,metaworld,True,50,0.6968587669998669,1,1,1,30,0.85,task_success_while_recovery_active_per_intervention,True,False,,full,0.2
ACT + RL Recovery,407,6000449,metaworld,True,53,0.5904492109984858,1,1,1,33,0.85,task_success_while_recovery_active_per_intervention,True,False,,full,0.2
ACT + RL Recovery,408,6000450,metaworld,True,52,0.5598561369988602,1,1,1,30,0.85,task_success_while_recovery_active_per_intervention,True,False,,full,0.2
ACT + RL Recovery,409,6000451,metaworld,False,200,1.7735972409991518,1,0,1,137,1.0,task_success_while_recovery_active_per_intervention,False,True,object_dropped,full,0.2
ACT + RL Recovery,410,6000452,metaworld,True,52,0.2408899759993801,0,0,0,0,0.0,task_success_while_recovery_active_per_intervention,True,False,,full,0.2
ACT + RL Recovery,411,6000453,metaworld,True,58,0.34297453699946345,1,1,1,38,0.85,task_success_while_recovery_active_per_intervention,True,False,,full,0.2
ACT + RL Recovery,412,6000454,metaworld,False,200,1.731849259998853,1,0,1,150,0.9,task_success_while_recovery_active_per_intervention,False,True,timeout,full,0.2
ACT + RL Recovery,413,6000455,metaworld,True,63,0.7532158569993044,1,1,1,43,0.85,task_success_while_recovery_active_per_intervention,True,False,,full,0.2
ACT + RL Recovery,414,6000456,metaworld,False,200,2.393725510999502,1,0,1,150,0.9,task_success_while_recovery_active_per_intervention,False,True,timeout,full,0.2
ACT + RL Recovery,415,6000457,metaworld,True,55,0.6369290820002789,1,1,1,35,0.85,task_success_while_recovery_active_per_intervention,True,False,,full,0.2
ACT + RL Recovery,416,6000458,metaworld,True,46,0.5230060760004562,1,1,1,26,0.85,task_success_while_recovery_active_per_intervention,True,False,,full,0.2
ACT + RL Recovery,417,6000459,metaworld,True,52,0.5726358049996634,1,1,1,32,0.85,task_success_while_recovery_active_per_intervention,True,False,,full,0.2
ACT + RL Recovery,418,6000460,metaworld,True,54,0.5292678060013714,1,1,1,34,0.85,task_success_while_recovery_active_per_intervention,True,False,,full,0.2
ACT + RL Recovery,419,6000461,metaworld,True,56,0.4736556349998864,1,1,1,32,0.85,task_success_while_recovery_active_per_intervention,True,False,,full,0.2
ACT + RL Recovery,420,6000462,metaworld,False,200,2.042982069999198,1,0,1,150,1.0,task_success_while_recovery_active_per_intervention,False,True,object_dropped,full,0.2
ACT + RL Recovery,421,6000463,metaworld,True,61,0.647998197000561,1,1,1,41,0.85,task_success_while_recovery_active_per_intervention,True,False,,full,0.2
ACT + RL Recovery,422,6000464,metaworld,True,52,0.38850309800000105,1,1,1,29,0.85,task_success_while_recovery_active_per_intervention,True,False,,full,0.2
ACT + RL Recovery,423,6000465,metaworld,True,54,0.5925751409995428,1,1,1,34,0.85,task_success_while_recovery_active_per_intervention,True,False,,full,0.2
ACT + RL Recovery,424,6000466,metaworld,True,46,0.5977476699990802,0,0,0,0,0.0,task_success_while_recovery_active_per_intervention,True,False,,full,0.2
ACT + RL Recovery,425,6000467,metaworld,True,62,0.7699297569997725,1,1,1,42,0.85,task_success_while_recovery_active_per_intervention,True,False,,full,0.2
ACT + RL Recovery,426,6000468,metaworld,True,59,0.5470507720001478,1,1,1,39,0.85,task_success_while_recovery_active_per_intervention,True,False,,full,0.2
ACT + RL Recovery,427,6000469,metaworld,True,54,0.29896798899972055,0,0,0,0,0.0,task_success_while_recovery_active_per_intervention,True,False,,full,0.2
ACT + RL Recovery,428,6000470,metaworld,True,46,0.1913695880011801,0,0,0,0,0.0,task_success_while_recovery_active_per_intervention,True,False,,full,0.2
ACT + RL Recovery,429,6000471,metaworld,True,50,0.20889094800077146,0,0,0,0,0.0,task_success_while_recovery_active_per_intervention,True,False,,full,0.2
ACT + RL Recovery,430,6000472,metaworld,True,55,0.22659793999991962,0,0,0,0,0.0,task_success_while_recovery_active_per_intervention,True,False,,full,0.2
ACT + RL Recovery,431,6000473,metaworld,True,51,0.28428155800065724,1,1,1,31,0.85,task_success_while_recovery_active_per_intervention,True,False,,full,0.2
ACT + RL Recovery,432,6000474,metaworld,False,200,1.8980480840000382,1,0,1,139,1.0,task_success_while_recovery_active_per_intervention,False,True,object_dropped,full,0.2
ACT + RL Recovery,433,6000475,metaworld,False,200,2.120362768000632,1,0,1,141,1.0,task_success_while_recovery_active_per_intervention,False,True,object_dropped,full,0.2
ACT + RL Recovery,434,6000476,metaworld,True,54,0.5928076090003742,1,1,1,34,0.85,task_success_while_recovery_active_per_intervention,True,False,,full,0.2
ACT + RL Recovery,435,6000477,metaworld,True,51,0.4771217239995167,1,1,1,28,0.85,task_success_while_recovery_active_per_intervention,True,False,,full,0.2
ACT + RL Recovery,436,6000478,metaworld,True,54,0.43933928700062097,0,0,0,0,0.0,task_success_while_recovery_active_per_intervention,True,False,,full,0.2
ACT + RL Recovery,437,6000479,metaworld,True,54,0.595936828000049,0,0,0,0,0.0,task_success_while_recovery_active_per_intervention,True,False,,full,0.2
ACT + RL Recovery,438,6000480,metaworld,True,58,0.8467327430007572,0,0,0,0,0.0,task_success_while_recovery_active_per_intervention,True,False,,full,0.2
ACT + RL Recovery,439,6000481,metaworld,True,54,0.7360477649999666,1,1,1,32,0.85,task_success_while_recovery_active_per_intervention,True,False,,full,0.2
ACT + RL Recovery,440,6000482,metaworld,True,44,0.502158409999538,1,1,1,24,0.85,task_success_while_recovery_active_per_intervention,True,False,,full,0.2
ACT + RL Recovery,441,6000483,metaworld,True,52,0.48395745800007717,1,1,1,32,0.85,task_success_while_recovery_active_per_intervention,True,False,,full,0.2
ACT + RL Recovery,442,6000484,metaworld,True,54,0.7527258110003459,1,1,1,33,0.85,task_success_while_recovery_active_per_intervention,True,False,,full,0.2
ACT + RL Recovery,443,6000485,metaworld,True,46,0.5486492050004017,1,1,1,25,0.85,task_success_while_recovery_active_per_intervention,True,False,,full,0.2
ACT + RL Recovery,444,6000486,metaworld,True,53,0.49713374999919324,0,0,0,0,0.0,task_success_while_recovery_active_per_intervention,True,False,,full,0.2
ACT + RL Recovery,445,6000487,metaworld,False,200,1.6921106390000205,1,0,1,150,0.9,task_success_while_recovery_active_per_intervention,False,True,timeout,full,0.2
ACT + RL Recovery,446,6000488,metaworld,True,53,0.5338671850004175,1,1,1,33,0.85,task_success_while_recovery_active_per_intervention,True,False,,full,0.2
ACT + RL Recovery,447,6000489,metaworld,True,57,0.6563593949995266,0,0,0,0,0.0,task_success_while_recovery_active_per_intervention,True,False,,full,0.2
ACT + RL Recovery,448,6000490,metaworld,True,50,0.35926665300030436,1,1,1,29,0.85,task_success_while_recovery_active_per_intervention,True,False,,full,0.2
ACT + RL Recovery,449,6000491,metaworld,True,59,0.5752417260009679,1,1,1,39,0.85,task_success_while_recovery_active_per_intervention,True,False,,full,0.2
ACT + RL Recovery,450,6000492,metaworld,False,200,1.8260008220004238,1,0,1,143,1.0,task_success_while_recovery_active_per_intervention,False,True,timeout,full,0.2
ACT + RL Recovery,451,6000493,metaworld,True,58,0.45640935099982016,0,0,0,0,0.0,task_success_while_recovery_active_per_intervention,True,False,,full,0.2
ACT + RL Recovery,452,6000494,metaworld,True,54,0.7775021649995324,1,1,1,34,0.85,task_success_while_recovery_active_per_intervention,True,False,,full,0.2
ACT + RL Recovery,453,6000495,metaworld,True,52,0.3972706479999033,1,1,1,32,0.85,task_success_while_recovery_active_per_intervention,True,False,,full,0.2
ACT + RL Recovery,454,6000496,metaworld,False,200,2.6282237820014416,1,0,1,150,0.9,task_success_while_recovery_active_per_intervention,False,True,timeout,full,0.2
ACT + RL Recovery,455,6000497,metaworld,True,52,0.4476463880000665,0,0,0,0,0.0,task_success_while_recovery_active_per_intervention,True,False,,full,0.2
ACT + RL Recovery,456,6000498,metaworld,True,50,0.4650221420015441,1,1,1,28,0.85,task_success_while_recovery_active_per_intervention,True,False,,full,0.2
ACT + RL Recovery,457,6000499,metaworld,True,52,0.5279411520004942,1,1,1,32,0.85,task_success_while_recovery_active_per_intervention,True,False,,full,0.2
ACT + RL Recovery,458,6000500,metaworld,True,47,0.3470025659989915,0,0,0,0,0.0,task_success_while_recovery_active_per_intervention,True,False,,full,0.2
ACT + RL Recovery,459,6000501,metaworld,True,50,0.5261357800009137,1,1,1,30,0.85,task_success_while_recovery_active_per_intervention,True,False,,full,0.2
ACT + RL Recovery,460,6000502,metaworld,True,53,0.4260057709998364,1,1,1,33,0.85,task_success_while_recovery_active_per_intervention,True,False,,full,0.2
ACT + RL Recovery,461,6000503,metaworld,True,55,0.38359113300066383,1,1,1,35,0.85,task_success_while_recovery_active_per_intervention,True,False,,full,0.2
ACT + RL Recovery,462,6000504,metaworld,True,45,0.39504115099953196,1,1,1,24,0.85,task_success_while_recovery_active_per_intervention,True,False,,full,0.2
ACT + RL Recovery,463,6000505,metaworld,True,57,0.5559674260002794,1,1,1,37,0.85,task_success_while_recovery_active_per_intervention,True,False,,full,0.2
ACT + RL Recovery,464,6000506,metaworld,True,52,0.28232756800025527,0,0,0,0,0.0,task_success_while_recovery_active_per_intervention,True,False,,full,0.2
ACT + RL Recovery,465,6000507,metaworld,True,54,0.589844104999429,1,1,1,34,0.85,task_success_while_recovery_active_per_intervention,True,False,,full,0.2
ACT + RL Recovery,466,6000508,metaworld,False,200,2.244870954000362,1,0,1,143,1.0,task_success_while_recovery_active_per_intervention,False,True,object_dropped,full,0.2
ACT + RL Recovery,467,6000509,metaworld,True,53,0.4616861340000469,1,1,1,33,0.85,task_success_while_recovery_active_per_intervention,True,False,,full,0.2
ACT + RL Recovery,468,6000510,metaworld,True,44,0.30077578500095115,1,1,1,24,0.85,task_success_while_recovery_active_per_intervention,True,False,,full,0.2
ACT + RL Recovery,469,6000511,metaworld,True,50,0.30072959499921126,0,0,0,0,0.0,task_success_while_recovery_active_per_intervention,True,False,,full,0.2
ACT + RL Recovery,470,6000512,metaworld,True,52,0.30633093399956124,1,1,1,31,0.85,task_success_while_recovery_active_per_intervention,True,False,,full,0.2
ACT + RL Recovery,471,6000513,metaworld,True,51,0.5117146510001476,1,1,1,29,0.85,task_success_while_recovery_active_per_intervention,True,False,,full,0.2
ACT + RL Recovery,472,6000514,metaworld,True,54,0.3803414860012708,1,1,1,34,0.85,task_success_while_recovery_active_per_intervention,True,False,,full,0.2
ACT + RL Recovery,473,6000515,metaworld,True,44,0.26660745600020164,1,1,1,24,0.85,task_success_while_recovery_active_per_intervention,True,False,,full,0.2
ACT + RL Recovery,474,6000516,metaworld,True,53,0.22701225799937674,0,0,0,0,0.0,task_success_while_recovery_active_per_intervention,True,False,,full,0.2
ACT + RL Recovery,475,6000517,metaworld,False,200,1.4730292380008905,1,0,1,150,0.9,task_success_while_recovery_active_per_intervention,False,True,timeout,full,0.2
ACT + RL Recovery,476,6000518,metaworld,True,45,0.35967126800096594,1,1,1,23,0.85,task_success_while_recovery_active_per_intervention,True,False,,full,0.2
ACT + RL Recovery,477,6000519,metaworld,True,55,0.38663807100056147,1,1,1,35,0.85,task_success_while_recovery_active_per_intervention,True,False,,full,0.2
ACT + RL Recovery,478,6000520,metaworld,True,55,0.3722306839990779,1,1,1,35,0.85,task_success_while_recovery_active_per_intervention,True,False,,full,0.2
ACT + RL Recovery,479,6000521,metaworld,True,53,0.24356386299950827,0,0,0,0,0.0,task_success_while_recovery_active_per_intervention,True,False,,full,0.2
ACT + RL Recovery,480,6000522,metaworld,True,51,0.4325503519994527,1,1,1,28,0.85,task_success_while_recovery_active_per_intervention,True,False,,full,0.2
ACT + RL Recovery,481,6000523,metaworld,True,54,0.24108901799991145,0,0,0,0,0.0,task_success_while_recovery_active_per_intervention,True,False,,full,0.2
ACT + RL Recovery,482,6000524,metaworld,False,200,1.507542987999841,1,0,1,150,1.0,task_success_while_recovery_active_per_intervention,False,True,object_dropped,full,0.2
ACT + RL Recovery,483,6000525,metaworld,True,47,0.1904544179997174,0,0,0,0,0.0,task_success_while_recovery_active_per_intervention,True,False,,full,0.2
ACT + RL Recovery,484,6000526,metaworld,True,55,0.4836191279991908,1,1,1,46,1.0,task_success_while_recovery_active_per_intervention,True,False,,full,0.2
ACT + RL Recovery,485,6000527,metaworld,True,50,0.2596278399996663,0,0,0,0,0.0,task_success_while_recovery_active_per_intervention,True,False,,full,0.2
ACT + RL Recovery,486,6000528,metaworld,True,48,0.33388179699977627,1,1,1,28,0.85,task_success_while_recovery_active_per_intervention,True,False,,full,0.2
ACT + RL Recovery,487,6000529,metaworld,False,200,1.4339435530000628,1,0,1,150,0.9,task_success_while_recovery_active_per_intervention,False,True,timeout,full,0.2
ACT + RL Recovery,488,6000530,metaworld,True,51,0.49872376100029214,1,1,1,31,0.85,task_success_while_recovery_active_per_intervention,True,False,,full,0.2
ACT + RL Recovery,489,6000531,metaworld,True,54,0.2297600229994714,0,0,0,0,0.0,task_success_while_recovery_active_per_intervention,True,False,,full,0.2
ACT + RL Recovery,490,6000532,metaworld,True,58,0.5211625080009981,1,1,1,38,0.85,task_success_while_recovery_active_per_intervention,True,False,,full,0.2
ACT + RL Recovery,491,6000533,metaworld,True,54,0.19926127399958204,0,0,0,0,0.0,task_success_while_recovery_active_per_intervention,True,False,,full,0.2
ACT + RL Recovery,492,6000534,metaworld,True,59,0.2145972560010705,0,0,0,0,0.0,task_success_while_recovery_active_per_intervention,True,False,,full,0.2
ACT + RL Recovery,493,6000535,metaworld,True,51,0.3422806890011998,1,1,1,28,0.85,task_success_while_recovery_active_per_intervention,True,False,,full,0.2
ACT + RL Recovery,494,6000536,metaworld,False,200,1.468507633999252,1,0,1,150,1.0,task_success_while_recovery_active_per_intervention,False,True,timeout,full,0.2
ACT + RL Recovery,495,6000537,metaworld,True,51,0.510334349999539,1,1,1,31,0.85,task_success_while_recovery_active_per_intervention,True,False,,full,0.2
ACT + RL Recovery,496,6000538,metaworld,True,46,0.23055374099931214,1,1,1,25,0.85,task_success_while_recovery_active_per_intervention,True,False,,full,0.2
ACT + RL Recovery,497,6000539,metaworld,True,53,0.32544876700012537,1,1,1,33,0.85,task_success_while_recovery_active_per_intervention,True,False,,full,0.2
ACT + RL Recovery,498,6000540,metaworld,True,55,0.22301405100006377,0,0,0,0,0.0,task_success_while_recovery_active_per_intervention,True,False,,full,0.2
ACT + RL Recovery,499,6000541,metaworld,True,56,0.4558670059996075,1,1,1,33,0.85,task_success_while_recovery_active_per_intervention,True,False,,full,0.2
ACT + RL Recovery,500,6000542,metaworld,True,52,0.32043789999988803,1,1,1,32,0.85,task_success_while_recovery_active_per_intervention,True,False,,full,0.2
ACT + RL Recovery,501,6000543,metaworld,False,200,1.8169904919996043,1,0,1,150,0.9,task_success_while_recovery_active_per_intervention,False,True,timeout,full,0.2
ACT + RL Recovery,502,6000544,metaworld,True,49,0.5896454819994688,1,1,1,29,0.85,task_success_while_recovery_active_per_intervention,True,False,,full,0.2
ACT + RL Recovery,503,6000545,metaworld,True,55,0.4846632660010073,1,1,1,35,0.85,task_success_while_recovery_active_per_intervention,True,False,,full,0.2
ACT + RL Recovery,504,6000546,metaworld,True,53,0.3968886509992444,0,0,0,0,0.0,task_success_while_recovery_active_per_intervention,True,False,,full,0.2
ACT + RL Recovery,505,6000547,metaworld,True,52,0.39228248499966867,0,0,0,0,0.0,task_success_while_recovery_active_per_intervention,True,False,,full,0.2
ACT + RL Recovery,506,6000548,metaworld,True,57,0.5158865990015329,1,1,1,33,0.85,task_success_while_recovery_active_per_intervention,True,False,,full,0.2
ACT + RL Recovery,507,6000549,metaworld,True,47,0.3266576770001848,0,0,0,0,0.0,task_success_while_recovery_active_per_intervention,True,False,,full,0.2
ACT + RL Recovery,508,6000550,metaworld,True,55,0.37239846599914017,1,1,1,35,0.85,task_success_while_recovery_active_per_intervention,True,False,,full,0.2
ACT + RL Recovery,509,6000551,metaworld,True,49,0.3886724599997251,0,0,0,0,0.0,task_success_while_recovery_active_per_intervention,True,False,,full,0.2
ACT + RL Recovery,510,6000552,metaworld,True,50,0.43066946099861525,1,1,1,27,0.85,task_success_while_recovery_active_per_intervention,True,False,,full,0.2
ACT + RL Recovery,511,6000553,metaworld,False,200,1.6826439989999926,1,0,1,135,1.0,task_success_while_recovery_active_per_intervention,False,True,timeout,full,0.2
ACT + RL Recovery,512,6000554,metaworld,False,200,1.5170791440014,1,0,1,150,0.9,task_success_while_recovery_active_per_intervention,False,True,timeout,full,0.2
ACT + RL Recovery,513,6000555,metaworld,True,52,0.2164338750008028,0,0,0,0,0.0,task_success_while_recovery_active_per_intervention,True,False,,full,0.2
ACT + RL Recovery,514,6000556,metaworld,True,50,0.41783027299970854,1,1,1,30,0.85,task_success_while_recovery_active_per_intervention,True,False,,full,0.2
ACT + RL Recovery,515,6000557,metaworld,True,56,0.49668393100000685,1,1,1,46,1.0,task_success_while_recovery_active_per_intervention,True,False,,full,0.2
ACT + RL Recovery,516,6000558,metaworld,True,53,0.4355025300010311,1,1,1,33,0.85,task_success_while_recovery_active_per_intervention,True,False,,full,0.2
ACT + RL Recovery,517,6000559,metaworld,True,60,0.5075750550004159,1,1,1,40,0.85,task_success_while_recovery_active_per_intervention,True,False,,full,0.2
ACT + RL Recovery,518,6000560,metaworld,True,60,0.24793772399971203,0,0,0,0,0.0,task_success_while_recovery_active_per_intervention,True,False,,full,0.2
ACT + RL Recovery,519,6000561,metaworld,True,56,0.43916344399985974,1,1,1,36,0.85,task_success_while_recovery_active_per_intervention,True,False,,full,0.2
ACT + RL Recovery,520,6000562,metaworld,True,54,0.22234431499964558,0,0,0,0,0.0,task_success_while_recovery_active_per_intervention,True,False,,full,0.2
ACT + RL Recovery,521,6000563,metaworld,True,61,0.4607515540010354,1,1,1,41,0.85,task_success_while_recovery_active_per_intervention,True,False,,full,0.2
ACT + RL Recovery,522,6000564,metaworld,False,200,1.8689729620000435,1,0,1,150,0.9,task_success_while_recovery_active_per_intervention,False,True,timeout,full,0.2
ACT + RL Recovery,523,6000565,metaworld,False,200,1.8906973960001778,1,0,1,150,1.0,task_success_while_recovery_active_per_intervention,False,True,object_dropped,full,0.2
ACT + RL Recovery,524,6000566,metaworld,True,53,0.40985578300023917,0,0,0,0,0.0,task_success_while_recovery_active_per_intervention,True,False,,full,0.2
ACT + RL Recovery,525,6000567,metaworld,True,54,0.4508246229997894,0,0,0,0,0.0,task_success_while_recovery_active_per_intervention,True,False,,full,0.2
ACT + RL Recovery,526,6000568,metaworld,True,55,0.43481664400133013,1,1,1,46,1.0,task_success_while_recovery_active_per_intervention,True,False,,full,0.2
ACT + RL Recovery,527,6000569,metaworld,True,56,0.5175966329989024,1,1,1,36,0.85,task_success_while_recovery_active_per_intervention,True,False,,full,0.2
ACT + RL Recovery,528,6000570,metaworld,False,200,1.7562567169989052,1,0,1,150,1.0,task_success_while_recovery_active_per_intervention,False,True,object_dropped,full,0.2
ACT + RL Recovery,529,6000571,metaworld,True,47,0.3215061409991904,1,1,1,27,0.85,task_success_while_recovery_active_per_intervention,True,False,,full,0.2
ACT + RL Recovery,530,6000572,metaworld,True,56,0.48307308800031024,1,1,1,36,0.85,task_success_while_recovery_active_per_intervention,True,False,,full,0.2
ACT + RL Recovery,531,6000573,metaworld,False,200,1.8685842909999337,1,0,1,150,0.9,task_success_while_recovery_active_per_intervention,False,True,timeout,full,0.2
ACT + RL Recovery,532,6000574,metaworld,True,49,0.37725316700016265,1,1,1,29,0.85,task_success_while_recovery_active_per_intervention,True,False,,full,0.2
ACT + RL Recovery,533,6000575,metaworld,True,53,0.4115868260014395,0,0,0,0,0.0,task_success_while_recovery_active_per_intervention,True,False,,full,0.2
ACT + RL Recovery,534,6000576,metaworld,True,49,0.5332813730001362,1,1,1,40,1.0,task_success_while_recovery_active_per_intervention,True,False,,full,0.2
ACT + RL Recovery,535,6000577,metaworld,True,52,0.40092873200046597,0,0,0,0,0.0,task_success_while_recovery_active_per_intervention,True,False,,full,0.2
ACT + RL Recovery,536,6000578,metaworld,False,200,1.515296423000109,1,0,1,139,1.0,task_success_while_recovery_active_per_intervention,False,True,object_dropped,full,0.2
ACT + RL Recovery,537,6000579,metaworld,True,52,0.21130660599919793,0,0,0,0,0.0,task_success_while_recovery_active_per_intervention,True,False,,full,0.2
ACT + RL Recovery,538,6000580,metaworld,True,49,0.2246127529997466,0,0,0,0,0.0,task_success_while_recovery_active_per_intervention,True,False,,full,0.2
ACT + RL Recovery,539,6000581,metaworld,True,50,0.3970158949996403,1,1,1,30,0.85,task_success_while_recovery_active_per_intervention,True,False,,full,0.2
ACT + RL Recovery,540,6000582,metaworld,True,59,0.6341736220001621,0,0,0,0,0.0,task_success_while_recovery_active_per_intervention,True,False,,full,0.2
ACT + RL Recovery,541,6000583,metaworld,True,51,0.36330466700019315,1,1,1,31,0.85,task_success_while_recovery_active_per_intervention,True,False,,full,0.2
ACT + RL Recovery,542,6000584,metaworld,True,52,0.46573170100054995,1,1,1,32,0.85,task_success_while_recovery_active_per_intervention,True,False,,full,0.2
ACT + RL Recovery,543,6000585,metaworld,True,56,0.49258009400000446,0,0,0,0,0.0,task_success_while_recovery_active_per_intervention,True,False,,full,0.2
ACT + RL Recovery,544,6000586,metaworld,True,52,0.4199559219996445,0,0,0,0,0.0,task_success_while_recovery_active_per_intervention,True,False,,full,0.2
ACT + RL Recovery,545,6000587,metaworld,True,50,0.46150231800129404,1,1,1,27,0.85,task_success_while_recovery_active_per_intervention,True,False,,full,0.2
ACT + RL Recovery,546,6000588,metaworld,True,45,0.4722338179999497,1,1,1,22,0.85,task_success_while_recovery_active_per_intervention,True,False,,full,0.2
ACT + RL Recovery,547,6000589,metaworld,False,200,1.6474292780003452,1,0,1,150,1.0,task_success_while_recovery_active_per_intervention,False,True,object_dropped,full,0.2
ACT + RL Recovery,548,6000590,metaworld,True,60,0.42554009599916753,1,1,1,40,0.85,task_success_while_recovery_active_per_intervention,True,False,,full,0.2
ACT + RL Recovery,549,6000591,metaworld,True,55,0.5003136380000797,1,1,1,35,0.85,task_success_while_recovery_active_per_intervention,True,False,,full,0.2
ACT + RL Recovery,550,6000592,metaworld,False,200,1.6870776769992517,1,0,1,143,1.0,task_success_while_recovery_active_per_intervention,False,True,object_dropped,full,0.2
ACT + RL Recovery,551,6000593,metaworld,True,49,0.428737756999908,0,0,0,0,0.0,task_success_while_recovery_active_per_intervention,True,False,,full,0.2
ACT + RL Recovery,552,6000594,metaworld,True,59,0.7392614599993976,1,1,1,39,0.85,task_success_while_recovery_active_per_intervention,True,False,,full,0.2
ACT + RL Recovery,553,6000595,metaworld,True,54,0.4285670939989359,0,0,0,0,0.0,task_success_while_recovery_active_per_intervention,True,False,,full,0.2
ACT + RL Recovery,554,6000596,metaworld,True,53,0.5714418110001134,0,0,0,0,0.0,task_success_while_recovery_active_per_intervention,True,False,,full,0.2
ACT + RL Recovery,555,6000597,metaworld,True,56,0.6796497909999744,1,1,1,36,0.85,task_success_while_recovery_active_per_intervention,True,False,,full,0.2
ACT + RL Recovery,556,6000598,metaworld,True,53,0.4021325310004613,0,0,0,0,0.0,task_success_while_recovery_active_per_intervention,True,False,,full,0.2
ACT + RL Recovery,557,6000599,metaworld,True,51,0.737804442000197,1,1,1,30,0.85,task_success_while_recovery_active_per_intervention,True,False,,full,0.2
ACT + RL Recovery,558,6000600,metaworld,True,58,0.6395689919991128,0,0,0,0,0.0,task_success_while_recovery_active_per_intervention,True,False,,full,0.2
ACT + RL Recovery,559,6000601,metaworld,False,200,2.4176985319991218,1,0,1,150,1.0,task_success_while_recovery_active_per_intervention,False,True,object_dropped,full,0.2
ACT + RL Recovery,560,6000602,metaworld,True,53,0.6505483239998284,1,1,1,33,0.85,task_success_while_recovery_active_per_intervention,True,False,,full,0.2
ACT + RL Recovery,561,6000603,metaworld,False,200,2.1704746989998966,1,0,1,150,1.0,task_success_while_recovery_active_per_intervention,False,True,object_dropped,full,0.2
ACT + RL Recovery,562,6000604,metaworld,True,48,0.5475761230009084,0,0,0,0,0.0,task_success_while_recovery_active_per_intervention,True,False,,full,0.2
ACT + RL Recovery,563,6000605,metaworld,True,111,1.3886962070009758,1,1,1,89,0.9,task_success_while_recovery_active_per_intervention,True,False,,full,0.2
ACT + RL Recovery,564,6000606,metaworld,True,59,0.4361292899993714,0,0,0,0,0.0,task_success_while_recovery_active_per_intervention,True,False,,full,0.2
ACT + RL Recovery,565,6000607,metaworld,False,200,2.592235546999291,1,0,1,150,0.9,task_success_while_recovery_active_per_intervention,False,True,timeout,full,0.2
ACT + RL Recovery,566,6000608,metaworld,True,45,0.6467887100006919,1,1,1,25,0.85,task_success_while_recovery_active_per_intervention,True,False,,full,0.2
ACT + RL Recovery,567,6000609,metaworld,True,52,0.7710174370004097,1,1,1,29,0.85,task_success_while_recovery_active_per_intervention,True,False,,full,0.2
ACT + RL Recovery,568,6000610,metaworld,True,52,0.7695263440000417,1,1,1,32,0.85,task_success_while_recovery_active_per_intervention,True,False,,full,0.2
ACT + RL Recovery,569,6000611,metaworld,True,51,0.5212043139999878,0,0,0,0,0.0,task_success_while_recovery_active_per_intervention,True,False,,full,0.2
ACT + RL Recovery,570,6000612,metaworld,True,62,0.7769944259998738,1,1,1,42,0.85,task_success_while_recovery_active_per_intervention,True,False,,full,0.2
ACT + RL Recovery,571,6000613,metaworld,True,57,0.4033661140001641,0,0,0,0,0.0,task_success_while_recovery_active_per_intervention,True,False,,full,0.2
ACT + RL Recovery,572,6000614,metaworld,True,52,0.45047656600036134,0,0,0,0,0.0,task_success_while_recovery_active_per_intervention,True,False,,full,0.2
ACT + RL Recovery,573,6000615,metaworld,True,59,0.5099902660003863,0,0,0,0,0.0,task_success_while_recovery_active_per_intervention,True,False,,full,0.2
ACT + RL Recovery,574,6000616,metaworld,True,48,0.7365168640008051,0,0,0,0,0.0,task_success_while_recovery_active_per_intervention,True,False,,full,0.2
ACT + RL Recovery,575,6000617,metaworld,True,46,0.46037155900012294,1,1,1,26,0.85,task_success_while_recovery_active_per_intervention,True,False,,full,0.2
ACT + RL Recovery,576,6000618,metaworld,True,52,0.7551209640005254,1,1,1,28,0.85,task_success_while_recovery_active_per_intervention,True,False,,full,0.2
ACT + RL Recovery,577,6000619,metaworld,True,54,0.3559867479998502,0,0,0,0,0.0,task_success_while_recovery_active_per_intervention,True,False,,full,0.2
ACT + RL Recovery,578,6000620,metaworld,True,55,0.5054221520003921,1,1,1,35,0.85,task_success_while_recovery_active_per_intervention,True,False,,full,0.2
ACT + RL Recovery,579,6000621,metaworld,True,49,0.41480895200038503,1,1,1,29,0.85,task_success_while_recovery_active_per_intervention,True,False,,full,0.2
ACT + RL Recovery,580,6000622,metaworld,True,52,0.6455346309994638,0,0,0,0,0.0,task_success_while_recovery_active_per_intervention,True,False,,full,0.2
ACT + RL Recovery,581,6000623,metaworld,True,60,0.8164530290014227,0,0,0,0,0.0,task_success_while_recovery_active_per_intervention,True,False,,full,0.2
ACT + RL Recovery,582,6000624,metaworld,True,52,0.7275542729985318,0,0,0,0,0.0,task_success_while_recovery_active_per_intervention,True,False,,full,0.2
ACT + RL Recovery,583,6000625,metaworld,True,53,0.7507689429985476,0,0,0,0,0.0,task_success_while_recovery_active_per_intervention,True,False,,full,0.2
ACT + RL Recovery,584,6000626,metaworld,False,200,2.753246746999139,1,0,1,143,1.0,task_success_while_recovery_active_per_intervention,False,True,object_dropped,full,0.2
ACT + RL Recovery,585,6000627,metaworld,True,44,0.7142326350003714,1,1,1,24,0.85,task_success_while_recovery_active_per_intervention,True,False,,full,0.2
ACT + RL Recovery,586,6000628,metaworld,True,59,0.7899982150011056,1,1,1,36,0.85,task_success_while_recovery_active_per_intervention,True,False,,full,0.2
ACT + RL Recovery,587,6000629,metaworld,True,58,0.7190491950004798,0,0,0,0,0.0,task_success_while_recovery_active_per_intervention,True,False,,full,0.2
ACT + RL Recovery,588,6000630,metaworld,True,52,0.43230511999900045,0,0,0,0,0.0,task_success_while_recovery_active_per_intervention,True,False,,full,0.2
ACT + RL Recovery,589,6000631,metaworld,True,53,0.6563072059998376,0,0,0,0,0.0,task_success_while_recovery_active_per_intervention,True,False,,full,0.2
ACT + RL Recovery,590,6000632,metaworld,True,52,0.5508806880006887,0,0,0,0,0.0,task_success_while_recovery_active_per_intervention,True,False,,full,0.2
ACT + RL Recovery,591,6000633,metaworld,True,55,0.43214225600058853,0,0,0,0,0.0,task_success_while_recovery_active_per_intervention,True,False,,full,0.2
ACT + RL Recovery,592,6000634,metaworld,True,50,0.3808585940005287,0,0,0,0,0.0,task_success_while_recovery_active_per_intervention,True,False,,full,0.2
ACT + RL Recovery,593,6000635,metaworld,True,49,0.5054158879993338,1,1,1,28,0.85,task_success_while_recovery_active_per_intervention,True,False,,full,0.2
ACT + RL Recovery,594,6000636,metaworld,True,50,0.6983423519995995,1,1,1,41,1.0,task_success_while_recovery_active_per_intervention,True,False,,full,0.2
ACT + RL Recovery,595,6000637,metaworld,True,57,0.7192948950014397,1,1,1,37,0.85,task_success_while_recovery_active_per_intervention,True,False,,full,0.2
ACT + RL Recovery,596,6000638,metaworld,True,53,0.6580852140014031,0,0,0,0,0.0,task_success_while_recovery_active_per_intervention,True,False,,full,0.2
ACT + RL Recovery,597,6000639,metaworld,True,55,0.8683290000008128,1,1,1,34,0.85,task_success_while_recovery_active_per_intervention,True,False,,full,0.2
ACT + RL Recovery,598,6000640,metaworld,True,54,0.5925007589994493,1,1,1,34,0.85,task_success_while_recovery_active_per_intervention,True,False,,full,0.2
ACT + RL Recovery,599,6000641,metaworld,True,58,0.6885796949991345,1,1,1,38,0.85,task_success_while_recovery_active_per_intervention,True,False,,full,0.2
ACT + RL Recovery,600,6000642,metaworld,True,56,0.6881957629993849,0,0,0,0,0.0,task_success_while_recovery_active_per_intervention,True,False,,full,0.2
ACT + RL Recovery,601,6000643,metaworld,False,200,2.3300339030010946,1,0,1,150,0.9,task_success_while_recovery_active_per_intervention,False,True,timeout,full,0.2
ACT + RL Recovery,602,6000644,metaworld,True,54,0.6641286789999867,1,1,1,34,0.85,task_success_while_recovery_active_per_intervention,True,False,,full,0.2
ACT + RL Recovery,603,6000645,metaworld,True,56,0.5770524849995127,1,1,1,35,0.85,task_success_while_recovery_active_per_intervention,True,False,,full,0.2
ACT + RL Recovery,604,6000646,metaworld,True,52,0.6662178499991569,1,1,1,32,0.85,task_success_while_recovery_active_per_intervention,True,False,,full,0.2
ACT + RL Recovery,605,6000647,metaworld,True,51,0.6118151190003118,1,1,1,31,0.85,task_success_while_recovery_active_per_intervention,True,False,,full,0.2
ACT + RL Recovery,606,6000648,metaworld,True,54,0.6170653909994144,1,1,1,34,0.85,task_success_while_recovery_active_per_intervention,True,False,,full,0.2
ACT + RL Recovery,607,6000649,metaworld,True,50,0.5272370170005161,1,1,1,30,0.85,task_success_while_recovery_active_per_intervention,True,False,,full,0.2
ACT + RL Recovery,608,6000650,metaworld,False,200,2.484805113999755,1,0,1,150,1.0,task_success_while_recovery_active_per_intervention,False,True,object_dropped,full,0.2
ACT + RL Recovery,609,6000651,metaworld,True,62,0.45787419399857754,0,0,0,0,0.0,task_success_while_recovery_active_per_intervention,True,False,,full,0.2
ACT + RL Recovery,610,6000652,metaworld,False,200,2.551188732999435,1,0,1,150,0.9,task_success_while_recovery_active_per_intervention,False,True,timeout,full,0.2
ACT + RL Recovery,611,6000653,metaworld,True,50,0.567709269000261,1,1,1,27,0.85,task_success_while_recovery_active_per_intervention,True,False,,full,0.2
ACT + RL Recovery,612,6000654,metaworld,True,46,0.3600807110015012,0,0,0,0,0.0,task_success_while_recovery_active_per_intervention,True,False,,full,0.2
ACT + RL Recovery,613,6000655,metaworld,False,200,2.1618401109990373,1,0,1,150,0.9,task_success_while_recovery_active_per_intervention,False,True,timeout,full,0.2
ACT + RL Recovery,614,6000656,metaworld,True,50,0.325583945001199,0,0,0,0,0.0,task_success_while_recovery_active_per_intervention,True,False,,full,0.2
ACT + RL Recovery,615,6000657,metaworld,True,54,0.6341712480007118,0,0,0,0,0.0,task_success_while_recovery_active_per_intervention,True,False,,full,0.2
ACT + RL Recovery,616,6000658,metaworld,False,200,2.437639767998917,1,0,1,150,1.0,task_success_while_recovery_active_per_intervention,False,True,object_dropped,full,0.2
ACT + RL Recovery,617,6000659,metaworld,True,49,0.39521489800063136,0,0,0,0,0.0,task_success_while_recovery_active_per_intervention,True,False,,full,0.2
ACT + RL Recovery,618,6000660,metaworld,False,200,2.200452540999322,1,0,1,150,1.0,task_success_while_recovery_active_per_intervention,False,True,object_dropped,full,0.2
ACT + RL Recovery,619,6000661,metaworld,True,52,0.2724495080001361,0,0,0,0,0.0,task_success_while_recovery_active_per_intervention,True,False,,full,0.2
ACT + RL Recovery,620,6000662,metaworld,True,54,0.7067617329994391,1,1,1,34,0.85,task_success_while_recovery_active_per_intervention,True,False,,full,0.2
ACT + RL Recovery,621,6000663,metaworld,False,200,2.5513854790006008,1,0,1,150,0.9,task_success_while_recovery_active_per_intervention,False,True,timeout,full,0.2
ACT + RL Recovery,622,6000664,metaworld,True,53,0.241540723000071,0,0,0,0,0.0,task_success_while_recovery_active_per_intervention,True,False,,full,0.2
ACT + RL Recovery,623,6000665,metaworld,True,52,0.39289104800081986,1,1,1,29,0.85,task_success_while_recovery_active_per_intervention,True,False,,full,0.2
ACT + RL Recovery,624,6000666,metaworld,True,54,0.5130817130011565,1,1,1,34,0.85,task_success_while_recovery_active_per_intervention,True,False,,full,0.2
ACT + RL Recovery,625,6000667,metaworld,True,50,0.4833383280001726,1,1,1,30,0.85,task_success_while_recovery_active_per_intervention,True,False,,full,0.2
ACT + RL Recovery,626,6000668,metaworld,True,52,0.4110746120004478,0,0,0,0,0.0,task_success_while_recovery_active_per_intervention,True,False,,full,0.2
ACT + RL Recovery,627,6000669,metaworld,True,51,0.4411551450011757,1,1,1,29,0.85,task_success_while_recovery_active_per_intervention,True,False,,full,0.2
ACT + RL Recovery,628,6000670,metaworld,True,52,0.2503845600003842,0,0,0,0,0.0,task_success_while_recovery_active_per_intervention,True,False,,full,0.2
ACT + RL Recovery,629,6000671,metaworld,True,53,0.2910918939996918,0,0,0,0,0.0,task_success_while_recovery_active_per_intervention,True,False,,full,0.2
ACT + RL Recovery,630,6000672,metaworld,True,59,0.5178695819995482,0,0,0,0,0.0,task_success_while_recovery_active_per_intervention,True,False,,full,0.2
ACT + RL Recovery,631,6000673,metaworld,True,52,0.4110926620014652,0,0,0,0,0.0,task_success_while_recovery_active_per_intervention,True,False,,full,0.2
ACT + RL Recovery,632,6000674,metaworld,True,56,0.4146438709994982,0,0,0,0,0.0,task_success_while_recovery_active_per_intervention,True,False,,full,0.2
ACT + RL Recovery,633,6000675,metaworld,False,200,1.9903803630004404,1,0,1,150,1.0,task_success_while_recovery_active_per_intervention,False,True,object_dropped,full,0.2
ACT + RL Recovery,634,6000676,metaworld,True,57,0.4620614999985264,0,0,0,0,0.0,task_success_while_recovery_active_per_intervention,True,False,,full,0.2
ACT + RL Recovery,635,6000677,metaworld,False,200,2.195757388999482,1,0,1,150,1.0,task_success_while_recovery_active_per_intervention,False,True,object_dropped,full,0.2
ACT + RL Recovery,636,6000678,metaworld,True,47,0.6304022430012992,1,1,1,27,0.85,task_success_while_recovery_active_per_intervention,True,False,,full,0.2
ACT + RL Recovery,637,6000679,metaworld,True,50,0.571062371998778,1,1,1,30,0.85,task_success_while_recovery_active_per_intervention,True,False,,full,0.2
ACT + RL Recovery,638,6000680,metaworld,True,54,0.4452104930005589,0,0,0,0,0.0,task_success_while_recovery_active_per_intervention,True,False,,full,0.2
ACT + RL Recovery,639,6000681,metaworld,True,51,0.6361105349988065,1,1,1,31,0.85,task_success_while_recovery_active_per_intervention,True,False,,full,0.2
ACT + RL Recovery,640,6000682,metaworld,True,52,0.7102930250002828,1,1,1,32,0.85,task_success_while_recovery_active_per_intervention,True,False,,full,0.2
ACT + RL Recovery,641,6000683,metaworld,True,50,0.6327346679991024,1,1,1,30,0.85,task_success_while_recovery_active_per_intervention,True,False,,full,0.2
ACT + RL Recovery,642,6000684,metaworld,True,53,0.30031772700021975,0,0,0,0,0.0,task_success_while_recovery_active_per_intervention,True,False,,full,0.2
ACT + RL Recovery,643,6000685,metaworld,False,200,2.5615045909999026,1,0,1,150,1.0,task_success_while_recovery_active_per_intervention,False,True,object_dropped,full,0.2
ACT + RL Recovery,644,6000686,metaworld,True,51,0.5478670270003931,1,1,1,29,0.85,task_success_while_recovery_active_per_intervention,True,False,,full,0.2
ACT + RL Recovery,645,6000687,metaworld,True,52,0.49460651999834226,1,1,1,32,0.85,task_success_while_recovery_active_per_intervention,True,False,,full,0.2
ACT + RL Recovery,646,6000688,metaworld,True,44,0.35694355299892777,1,1,1,24,0.85,task_success_while_recovery_active_per_intervention,True,False,,full,0.2
ACT + RL Recovery,647,6000689,metaworld,True,58,0.2143406060004054,0,0,0,0,0.0,task_success_while_recovery_active_per_intervention,True,False,,full,0.2
ACT + RL Recovery,648,6000690,metaworld,True,53,0.37523221599985845,1,1,1,33,0.85,task_success_while_recovery_active_per_intervention,True,False,,full,0.2
ACT + RL Recovery,649,6000691,metaworld,True,55,0.443727112000488,1,1,1,35,0.85,task_success_while_recovery_active_per_intervention,True,False,,full,0.2
ACT + RL Recovery,650,6000692,metaworld,True,53,0.2660491570004524,0,0,0,0,0.0,task_success_while_recovery_active_per_intervention,True,False,,full,0.2
ACT + RL Recovery,651,6000693,metaworld,True,55,0.42053885600034846,0,0,0,0,0.0,task_success_while_recovery_active_per_intervention,True,False,,full,0.2
ACT + RL Recovery,652,6000694,metaworld,True,51,0.2264071839999815,0,0,0,0,0.0,task_success_while_recovery_active_per_intervention,True,False,,full,0.2
ACT + RL Recovery,653,6000695,metaworld,True,60,0.669820956998592,1,1,1,40,0.85,task_success_while_recovery_active_per_intervention,True,False,,full,0.2
ACT + RL Recovery,654,6000696,metaworld,True,56,0.23950443700050528,0,0,0,0,0.0,task_success_while_recovery_active_per_intervention,True,False,,full,0.2
ACT + RL Recovery,655,6000697,metaworld,True,54,0.22666317699986394,0,0,0,0,0.0,task_success_while_recovery_active_per_intervention,True,False,,full,0.2
ACT + RL Recovery,656,6000698,metaworld,True,54,0.34096370200131787,1,1,1,34,0.85,task_success_while_recovery_active_per_intervention,True,False,,full,0.2
ACT + RL Recovery,657,6000699,metaworld,False,200,1.532365427001423,1,0,1,150,0.9,task_success_while_recovery_active_per_intervention,False,True,timeout,full,0.2
ACT + RL Recovery,658,6000700,metaworld,True,56,0.24695631699978549,0,0,0,0,0.0,task_success_while_recovery_active_per_intervention,True,False,,full,0.2
ACT + RL Recovery,659,6000701,metaworld,True,45,0.4470573439994041,1,1,1,25,0.85,task_success_while_recovery_active_per_intervention,True,False,,full,0.2
ACT + RL Recovery,660,6000702,metaworld,False,200,1.5201425029990787,1,0,1,150,0.9,task_success_while_recovery_active_per_intervention,False,True,timeout,full,0.2
ACT + RL Recovery,661,6000703,metaworld,True,52,0.48960155100030534,1,1,1,32,0.85,task_success_while_recovery_active_per_intervention,True,False,,full,0.2
ACT + RL Recovery,662,6000704,metaworld,True,52,0.5197067520002747,1,1,1,32,0.85,task_success_while_recovery_active_per_intervention,True,False,,full,0.2
ACT + RL Recovery,663,6000705,metaworld,True,52,0.39584280399867566,0,0,0,0,0.0,task_success_while_recovery_active_per_intervention,True,False,,full,0.2
ACT + RL Recovery,664,6000706,metaworld,True,48,0.5408337270000629,1,1,1,28,0.85,task_success_while_recovery_active_per_intervention,True,False,,full,0.2
ACT + RL Recovery,665,6000707,metaworld,True,54,0.4135265429995343,0,0,0,0,0.0,task_success_while_recovery_active_per_intervention,True,False,,full,0.2
ACT + RL Recovery,666,6000708,metaworld,False,200,2.164633098000195,1,0,1,150,0.9,task_success_while_recovery_active_per_intervention,False,True,timeout,full,0.2
ACT + RL Recovery,667,6000709,metaworld,True,56,0.45054629599871987,0,0,0,0,0.0,task_success_while_recovery_active_per_intervention,True,False,,full,0.2
ACT + RL Recovery,668,6000710,metaworld,True,54,0.49429375899853767,1,1,1,32,0.85,task_success_while_recovery_active_per_intervention,True,False,,full,0.2
ACT + RL Recovery,669,6000711,metaworld,True,54,0.4606148229995597,1,1,1,32,0.85,task_success_while_recovery_active_per_intervention,True,False,,full,0.2
ACT + RL Recovery,670,6000712,metaworld,True,54,0.4308939120001014,0,0,0,0,0.0,task_success_while_recovery_active_per_intervention,True,False,,full,0.2
ACT + RL Recovery,671,6000713,metaworld,True,49,0.40160469700094836,0,0,0,0,0.0,task_success_while_recovery_active_per_intervention,True,False,,full,0.2
ACT + RL Recovery,672,6000714,metaworld,True,52,0.6277017319989682,1,1,1,30,0.85,task_success_while_recovery_active_per_intervention,True,False,,full,0.2
ACT + RL Recovery,673,6000715,metaworld,True,51,0.2133535329994629,0,0,0,0,0.0,task_success_while_recovery_active_per_intervention,True,False,,full,0.2
ACT + RL Recovery,674,6000716,metaworld,False,200,1.4233987040006468,1,0,1,150,1.0,task_success_while_recovery_active_per_intervention,False,True,object_dropped,full,0.2
ACT + RL Recovery,675,6000717,metaworld,True,54,0.5139696799997182,1,1,1,34,0.85,task_success_while_recovery_active_per_intervention,True,False,,full,0.2
ACT + RL Recovery,676,6000718,metaworld,True,46,0.32832512499953737,0,0,0,0,0.0,task_success_while_recovery_active_per_intervention,True,False,,full,0.2
ACT + RL Recovery,677,6000719,metaworld,True,54,0.36435376400004316,1,1,1,34,0.85,task_success_while_recovery_active_per_intervention,True,False,,full,0.2
ACT + RL Recovery,678,6000720,metaworld,True,50,0.5783123469991551,1,1,1,30,0.85,task_success_while_recovery_active_per_intervention,True,False,,full,0.2
ACT + RL Recovery,679,6000721,metaworld,True,53,0.46737642799962487,1,1,1,32,0.85,task_success_while_recovery_active_per_intervention,True,False,,full,0.2
ACT + RL Recovery,680,6000722,metaworld,True,53,0.41010996000113664,0,0,0,0,0.0,task_success_while_recovery_active_per_intervention,True,False,,full,0.2
ACT + RL Recovery,681,6000723,metaworld,True,54,0.3539255109990336,1,1,1,33,0.85,task_success_while_recovery_active_per_intervention,True,False,,full,0.2
ACT + RL Recovery,682,6000724,metaworld,False,200,1.5382804809996742,1,0,1,150,0.9,task_success_while_recovery_active_per_intervention,False,True,timeout,full,0.2
ACT + RL Recovery,683,6000725,metaworld,True,51,0.5309162430003198,1,1,1,31,0.85,task_success_while_recovery_active_per_intervention,True,False,,full,0.2
ACT + RL Recovery,684,6000726,metaworld,True,52,0.42612002399982885,1,1,1,32,0.85,task_success_while_recovery_active_per_intervention,True,False,,full,0.2
ACT + RL Recovery,685,6000727,metaworld,True,50,0.3642945920000784,1,1,1,30,0.85,task_success_while_recovery_active_per_intervention,True,False,,full,0.2
ACT + RL Recovery,686,6000728,metaworld,True,45,0.19901795800069522,0,0,0,0,0.0,task_success_while_recovery_active_per_intervention,True,False,,full,0.2
ACT + RL Recovery,687,6000729,metaworld,True,54,0.22074558699932822,0,0,0,0,0.0,task_success_while_recovery_active_per_intervention,True,False,,full,0.2
ACT + RL Recovery,688,6000730,metaworld,True,61,0.47445245900053123,1,1,1,41,0.85,task_success_while_recovery_active_per_intervention,True,False,,full,0.2
ACT + RL Recovery,689,6000731,metaworld,True,56,0.2698293880002893,0,0,0,0,0.0,task_success_while_recovery_active_per_intervention,True,False,,full,0.2
ACT + RL Recovery,690,6000732,metaworld,True,51,0.30446482799925434,1,1,1,31,0.85,task_success_while_recovery_active_per_intervention,True,False,,full,0.2
ACT + RL Recovery,691,6000733,metaworld,False,200,1.5734027039998182,1,0,1,150,1.0,task_success_while_recovery_active_per_intervention,False,True,object_dropped,full,0.2
ACT + RL Recovery,692,6000734,metaworld,True,58,0.3550261849995877,1,1,1,38,0.85,task_success_while_recovery_active_per_intervention,True,False,,full,0.2
ACT + RL Recovery,693,6000735,metaworld,True,53,0.39573471500079904,1,1,1,32,0.85,task_success_while_recovery_active_per_intervention,True,False,,full,0.2
ACT + RL Recovery,694,6000736,metaworld,True,64,0.7611788020003587,1,1,1,44,0.85,task_success_while_recovery_active_per_intervention,True,False,,full,0.2
ACT + RL Recovery,695,6000737,metaworld,True,70,0.6853312840012222,1,1,1,49,0.85,task_success_while_recovery_active_per_intervention,True,False,,full,0.2
ACT + RL Recovery,696,6000738,metaworld,True,56,0.6208961520005687,1,1,1,36,0.85,task_success_while_recovery_active_per_intervention,True,False,,full,0.2
ACT + RL Recovery,697,6000739,metaworld,True,44,0.46805639900048845,1,1,1,24,0.85,task_success_while_recovery_active_per_intervention,True,False,,full,0.2
ACT + RL Recovery,698,6000740,metaworld,False,200,1.651649482000721,1,0,1,150,1.0,task_success_while_recovery_active_per_intervention,False,True,object_dropped,full,0.2
ACT + RL Recovery,699,6000741,metaworld,True,54,0.40550586599965754,0,0,0,0,0.0,task_success_while_recovery_active_per_intervention,True,False,,full,0.2
ACT + RL Recovery,700,6000742,metaworld,True,51,0.5399374139997235,1,1,1,28,0.85,task_success_while_recovery_active_per_intervention,True,False,,full,0.2
ACT + RL Recovery,701,6000743,metaworld,True,54,0.436884367998573,1,1,1,34,0.85,task_success_while_recovery_active_per_intervention,True,False,,full,0.2
ACT + RL Recovery,702,6000744,metaworld,True,50,0.3631111989998317,1,1,1,29,0.85,task_success_while_recovery_active_per_intervention,True,False,,full,0.2
ACT + RL Recovery,703,6000745,metaworld,False,200,1.5175454479995096,1,0,1,150,0.9,task_success_while_recovery_active_per_intervention,False,True,timeout,full,0.2
ACT + RL Recovery,704,6000746,metaworld,True,54,0.46678223900016746,0,0,0,0,0.0,task_success_while_recovery_active_per_intervention,True,False,,full,0.2
ACT + RL Recovery,705,6000747,metaworld,True,53,0.47423845599951164,1,1,1,33,0.85,task_success_while_recovery_active_per_intervention,True,False,,full,0.2
ACT + RL Recovery,706,6000748,metaworld,False,200,1.5742547000008926,1,0,1,150,1.0,task_success_while_recovery_active_per_intervention,False,True,object_dropped,full,0.2
ACT + RL Recovery,707,6000749,metaworld,True,53,0.4466200429997116,0,0,0,0,0.0,task_success_while_recovery_active_per_intervention,True,False,,full,0.2
ACT + RL Recovery,708,6000750,metaworld,True,51,0.4239189300005819,1,1,1,31,0.85,task_success_while_recovery_active_per_intervention,True,False,,full,0.2
ACT + RL Recovery,709,6000751,metaworld,True,48,0.38024573999973654,1,1,1,28,0.85,task_success_while_recovery_active_per_intervention,True,False,,full,0.2
ACT + RL Recovery,710,6000752,metaworld,True,83,0.4024560029993154,1,1,1,20,0.9,task_success_while_recovery_active_per_intervention,True,False,,full,0.2
ACT + RL Recovery,711,6000753,metaworld,True,55,0.3896350969989726,0,0,0,0,0.0,task_success_while_recovery_active_per_intervention,True,False,,full,0.2
ACT + RL Recovery,712,6000754,metaworld,True,54,0.5270867639992503,1,1,1,34,0.85,task_success_while_recovery_active_per_intervention,True,False,,full,0.2
ACT + RL Recovery,713,6000755,metaworld,True,117,1.1643900060007581,1,1,1,97,0.9,task_success_while_recovery_active_per_intervention,True,False,,full,0.2
ACT + RL Recovery,714,6000756,metaworld,True,58,0.6080852810009674,1,1,1,38,0.85,task_success_while_recovery_active_per_intervention,True,False,,full,0.2
ACT + RL Recovery,715,6000757,metaworld,True,50,0.49562514100034605,1,1,1,30,0.85,task_success_while_recovery_active_per_intervention,True,False,,full,0.2
ACT + RL Recovery,716,6000758,metaworld,True,57,0.47296149599969795,1,1,1,37,0.85,task_success_while_recovery_active_per_intervention,True,False,,full,0.2
ACT + RL Recovery,717,6000759,metaworld,True,54,0.42138001000057557,0,0,0,0,0.0,task_success_while_recovery_active_per_intervention,True,False,,full,0.2
ACT + RL Recovery,718,6000760,metaworld,True,54,0.634717984999952,1,1,1,34,0.85,task_success_while_recovery_active_per_intervention,True,False,,full,0.2
ACT + RL Recovery,719,6000761,metaworld,True,60,0.6374325529995986,1,1,1,40,0.85,task_success_while_recovery_active_per_intervention,True,False,,full,0.2
ACT + RL Recovery,720,6000762,metaworld,True,55,0.5422833070006163,1,1,1,35,0.85,task_success_while_recovery_active_per_intervention,True,False,,full,0.2
ACT + RL Recovery,721,6000763,metaworld,True,52,0.41539653000108956,0,0,0,0,0.0,task_success_while_recovery_active_per_intervention,True,False,,full,0.2
ACT + RL Recovery,722,6000764,metaworld,True,52,0.5716824659994018,1,1,1,32,0.85,task_success_while_recovery_active_per_intervention,True,False,,full,0.2
ACT + RL Recovery,723,6000765,metaworld,True,53,0.5245923040001799,1,1,1,31,0.85,task_success_while_recovery_active_per_intervention,True,False,,full,0.2
ACT + RL Recovery,724,6000766,metaworld,True,53,0.5351415960012673,1,1,1,33,0.85,task_success_while_recovery_active_per_intervention,True,False,,full,0.2
ACT + RL Recovery,725,6000767,metaworld,True,60,0.6230115600010322,1,1,1,40,0.85,task_success_while_recovery_active_per_intervention,True,False,,full,0.2
ACT + RL Recovery,726,6000768,metaworld,True,58,0.35822790500060364,1,1,1,38,0.85,task_success_while_recovery_active_per_intervention,True,False,,full,0.2
ACT + RL Recovery,727,6000769,metaworld,True,56,0.4344094240004779,0,0,0,0,0.0,task_success_while_recovery_active_per_intervention,True,False,,full,0.2
ACT + RL Recovery,728,6000770,metaworld,True,52,0.5237982819999161,1,1,1,32,0.85,task_success_while_recovery_active_per_intervention,True,False,,full,0.2
ACT + RL Recovery,729,6000771,metaworld,True,54,0.4745813699992141,1,1,1,34,0.85,task_success_while_recovery_active_per_intervention,True,False,,full,0.2
ACT + RL Recovery,730,6000772,metaworld,True,60,0.5898673730007431,1,1,1,40,0.85,task_success_while_recovery_active_per_intervention,True,False,,full,0.2
ACT + RL Recovery,731,6000773,metaworld,True,58,0.4864446700012195,0,0,0,0,0.0,task_success_while_recovery_active_per_intervention,True,False,,full,0.2
ACT + RL Recovery,732,6000774,metaworld,True,53,0.3801751459996012,1,1,1,32,0.85,task_success_while_recovery_active_per_intervention,True,False,,full,0.2
ACT + RL Recovery,733,6000775,metaworld,False,200,1.6644703620004293,1,0,1,150,0.9,task_success_while_recovery_active_per_intervention,False,True,timeout,full,0.2
ACT + RL Recovery,734,6000776,metaworld,False,200,1.369847623998794,1,0,1,150,0.9,task_success_while_recovery_active_per_intervention,False,True,timeout,full,0.2
ACT + RL Recovery,735,6000777,metaworld,True,60,0.5498836989991105,1,1,1,40,0.85,task_success_while_recovery_active_per_intervention,True,False,,full,0.2
ACT + RL Recovery,736,6000778,metaworld,True,46,0.40252112899906933,1,1,1,26,0.85,task_success_while_recovery_active_per_intervention,True,False,,full,0.2
ACT + RL Recovery,737,6000779,metaworld,True,59,0.44868606999989424,0,0,0,0,0.0,task_success_while_recovery_active_per_intervention,True,False,,full,0.2
ACT + RL Recovery,738,6000780,metaworld,True,54,0.38158135500088974,1,1,1,34,0.85,task_success_while_recovery_active_per_intervention,True,False,,full,0.2
ACT + RL Recovery,739,6000781,metaworld,True,57,0.46541493800032185,1,1,1,37,0.85,task_success_while_recovery_active_per_intervention,True,False,,full,0.2
ACT + RL Recovery,740,6000782,metaworld,True,57,0.5072886950001703,0,0,0,0,0.0,task_success_while_recovery_active_per_intervention,True,False,,full,0.2
ACT + RL Recovery,741,6000783,metaworld,True,186,1.7257340020005358,1,0,1,150,0.9,task_success_while_recovery_active_per_intervention,True,False,,full,0.2
ACT + RL Recovery,742,6000784,metaworld,True,51,0.4108778440004244,0,0,0,0,0.0,task_success_while_recovery_active_per_intervention,True,False,,full,0.2
ACT + RL Recovery,743,6000785,metaworld,True,51,0.4788416249994043,1,1,1,31,0.85,task_success_while_recovery_active_per_intervention,True,False,,full,0.2
ACT + RL Recovery,744,6000786,metaworld,True,50,0.3319398210005602,1,1,1,30,0.85,task_success_while_recovery_active_per_intervention,True,False,,full,0.2
ACT + RL Recovery,745,6000787,metaworld,True,52,0.34920427200086124,1,1,1,30,0.85,task_success_while_recovery_active_per_intervention,True,False,,full,0.2
ACT + RL Recovery,746,6000788,metaworld,True,57,0.5003512510011205,1,1,1,35,0.85,task_success_while_recovery_active_per_intervention,True,False,,full,0.2
ACT + RL Recovery,747,6000789,metaworld,False,200,1.44688815399968,1,0,1,150,1.0,task_success_while_recovery_active_per_intervention,False,True,object_dropped,full,0.2
ACT + RL Recovery,748,6000790,metaworld,True,50,0.6413839869983349,0,0,0,0,0.0,task_success_while_recovery_active_per_intervention,True,False,,full,0.2
ACT + RL Recovery,749,6000791,metaworld,True,47,0.4274067459991784,1,1,1,27,0.85,task_success_while_recovery_active_per_intervention,True,False,,full,0.2
ACT + RL Recovery,750,6000792,metaworld,True,54,0.5535523620001186,1,1,1,34,0.85,task_success_while_recovery_active_per_intervention,True,False,,full,0.2
ACT + RL Recovery,751,6000793,metaworld,True,51,0.5278193529993587,1,1,1,31,0.85,task_success_while_recovery_active_per_intervention,True,False,,full,0.2
ACT + RL Recovery,752,6000794,metaworld,True,51,0.381786486999772,0,0,0,0,0.0,task_success_while_recovery_active_per_intervention,True,False,,full,0.2
ACT + RL Recovery,753,6000795,metaworld,True,55,0.5330917539995426,1,1,1,35,0.85,task_success_while_recovery_active_per_intervention,True,False,,full,0.2
ACT + RL Recovery,754,6000796,metaworld,True,51,0.5050067809988832,1,1,1,31,0.85,task_success_while_recovery_active_per_intervention,True,False,,full,0.2
ACT + RL Recovery,755,6000797,metaworld,True,60,0.5661370790003275,1,1,1,40,0.85,task_success_while_recovery_active_per_intervention,True,False,,full,0.2
ACT + RL Recovery,756,6000798,metaworld,True,64,0.5288099279987364,1,1,1,41,0.85,task_success_while_recovery_active_per_intervention,True,False,,full,0.2
ACT + RL Recovery,757,6000799,metaworld,True,58,0.43732408700088854,1,1,1,36,0.85,task_success_while_recovery_active_per_intervention,True,False,,full,0.2
ACT + RL Recovery,758,6000800,metaworld,True,55,0.3845700410001882,1,1,1,34,0.85,task_success_while_recovery_active_per_intervention,True,False,,full,0.2
ACT + RL Recovery,759,6000801,metaworld,True,56,0.4361375370008318,0,0,0,0,0.0,task_success_while_recovery_active_per_intervention,True,False,,full,0.2
ACT + RL Recovery,760,6000802,metaworld,True,62,0.5217879259998881,1,1,1,42,0.85,task_success_while_recovery_active_per_intervention,True,False,,full,0.2
ACT + RL Recovery,761,6000803,metaworld,False,200,1.673639507000189,1,0,1,145,1.0,task_success_while_recovery_active_per_intervention,False,True,object_dropped,full,0.2
ACT + RL Recovery,762,6000804,metaworld,True,53,0.39669670200055407,0,0,0,0,0.0,task_success_while_recovery_active_per_intervention,True,False,,full,0.2
ACT + RL Recovery,763,6000805,metaworld,True,56,0.5217688399989129,1,1,1,33,0.85,task_success_while_recovery_active_per_intervention,True,False,,full,0.2
ACT + RL Recovery,764,6000806,metaworld,True,52,0.4466173789987806,0,0,0,0,0.0,task_success_while_recovery_active_per_intervention,True,False,,full,0.2
ACT + RL Recovery,765,6000807,metaworld,True,52,0.469145117998778,1,1,1,30,0.85,task_success_while_recovery_active_per_intervention,True,False,,full,0.2
ACT + RL Recovery,766,6000808,metaworld,True,53,0.39644301799853565,1,1,1,33,0.85,task_success_while_recovery_active_per_intervention,True,False,,full,0.2
ACT + RL Recovery,767,6000809,metaworld,True,59,0.44677852600034385,0,0,0,0,0.0,task_success_while_recovery_active_per_intervention,True,False,,full,0.2
ACT + RL Recovery,768,6000810,metaworld,True,56,0.4233261280005536,0,0,0,0,0.0,task_success_while_recovery_active_per_intervention,True,False,,full,0.2
ACT + RL Recovery,769,6000811,metaworld,False,200,1.8086190989997704,1,0,1,150,0.9,task_success_while_recovery_active_per_intervention,False,True,timeout,full,0.2
ACT + RL Recovery,770,6000812,metaworld,True,53,0.22606660699966596,0,0,0,0,0.0,task_success_while_recovery_active_per_intervention,True,False,,full,0.2
ACT + RL Recovery,771,6000813,metaworld,True,55,0.4162772620002215,1,1,1,33,0.85,task_success_while_recovery_active_per_intervention,True,False,,full,0.2
ACT + RL Recovery,772,6000814,metaworld,True,46,0.33054314500077453,1,1,1,26,0.85,task_success_while_recovery_active_per_intervention,True,False,,full,0.2
ACT + RL Recovery,773,6000815,metaworld,True,58,0.2658305129989458,0,0,0,0,0.0,task_success_while_recovery_active_per_intervention,True,False,,full,0.2
ACT + RL Recovery,774,6000816,metaworld,True,50,0.19105890299942985,0,0,0,0,0.0,task_success_while_recovery_active_per_intervention,True,False,,full,0.2
ACT + RL Recovery,775,6000817,metaworld,True,60,0.3843241869999474,1,1,1,40,0.85,task_success_while_recovery_active_per_intervention,True,False,,full,0.2
ACT + RL Recovery,776,6000818,metaworld,True,50,0.19019123499856505,0,0,0,0,0.0,task_success_while_recovery_active_per_intervention,True,False,,full,0.2
ACT + RL Recovery,777,6000819,metaworld,True,47,0.26451948000067205,1,1,1,27,0.85,task_success_while_recovery_active_per_intervention,True,False,,full,0.2
ACT + RL Recovery,778,6000820,metaworld,True,50,0.18790847700074664,0,0,0,0,0.0,task_success_while_recovery_active_per_intervention,True,False,,full,0.2
ACT + RL Recovery,779,6000821,metaworld,True,54,0.5213871269988886,1,1,1,34,0.85,task_success_while_recovery_active_per_intervention,True,False,,full,0.2
ACT + RL Recovery,780,6000822,metaworld,True,55,0.381604595000681,1,1,1,35,0.9,task_success_while_recovery_active_per_intervention,True,False,,full,0.2
ACT + RL Recovery,781,6000823,metaworld,True,52,0.28610597099941515,1,1,1,32,0.85,task_success_while_recovery_active_per_intervention,True,False,,full,0.2
ACT + RL Recovery,782,6000824,metaworld,True,47,0.29470758800016483,1,1,1,27,0.85,task_success_while_recovery_active_per_intervention,True,False,,full,0.2
ACT + RL Recovery,783,6000825,metaworld,True,45,0.281826649001232,1,1,1,25,0.85,task_success_while_recovery_active_per_intervention,True,False,,full,0.2
ACT + RL Recovery,784,6000826,metaworld,True,57,0.22515709800063632,0,0,0,0,0.0,task_success_while_recovery_active_per_intervention,True,False,,full,0.2
ACT + RL Recovery,785,6000827,metaworld,True,51,0.5045790829990437,1,1,1,31,0.85,task_success_while_recovery_active_per_intervention,True,False,,full,0.2
ACT + RL Recovery,786,6000828,metaworld,True,55,0.397081454999352,1,1,1,35,0.85,task_success_while_recovery_active_per_intervention,True,False,,full,0.2
ACT + RL Recovery,787,6000829,metaworld,True,63,0.43447782899966114,1,1,1,43,0.85,task_success_while_recovery_active_per_intervention,True,False,,full,0.2
ACT + RL Recovery,788,6000830,metaworld,True,51,0.3850324909999472,1,1,1,29,0.85,task_success_while_recovery_active_per_intervention,True,False,,full,0.2
ACT + RL Recovery,789,6000831,metaworld,True,52,0.26314435999847774,0,0,0,0,0.0,task_success_while_recovery_active_per_intervention,True,False,,full,0.2
ACT + RL Recovery,790,6000832,metaworld,True,58,0.4164016750000883,1,1,1,38,0.85,task_success_while_recovery_active_per_intervention,True,False,,full,0.2
ACT + RL Recovery,791,6000833,metaworld,False,200,1.2043934239991358,1,0,1,150,0.9,task_success_while_recovery_active_per_intervention,False,True,timeout,full,0.2
ACT + RL Recovery,792,6000834,metaworld,True,52,0.2456600690002233,0,0,0,0,0.0,task_success_while_recovery_active_per_intervention,True,False,,full,0.2
ACT + RL Recovery,793,6000835,metaworld,False,200,1.8408604970009037,1,0,1,150,0.9,task_success_while_recovery_active_per_intervention,False,True,timeout,full,0.2
ACT + RL Recovery,794,6000836,metaworld,True,46,0.3379392999995616,1,1,1,26,0.85,task_success_while_recovery_active_per_intervention,True,False,,full,0.2
ACT + RL Recovery,795,6000837,metaworld,True,53,0.2565086640006484,0,0,0,0,0.0,task_success_while_recovery_active_per_intervention,True,False,,full,0.2
ACT + RL Recovery,796,6000838,metaworld,True,53,0.33590037599969946,1,1,1,31,0.85,task_success_while_recovery_active_per_intervention,True,False,,full,0.2
ACT + RL Recovery,797,6000839,metaworld,True,53,0.19130707499971322,0,0,0,0,0.0,task_success_while_recovery_active_per_intervention,True,False,,full,0.2
ACT + RL Recovery,798,6000840,metaworld,True,52,0.43813295499967353,1,1,1,32,0.85,task_success_while_recovery_active_per_intervention,True,False,,full,0.2
ACT + RL Recovery,799,6000841,metaworld,True,60,0.45602883200081124,1,1,1,36,0.85,task_success_while_recovery_active_per_intervention,True,False,,full,0.2
ACT + RL Recovery,800,6000842,metaworld,True,57,0.45640032200026326,1,1,1,36,0.85,task_success_while_recovery_active_per_intervention,True,False,,full,0.2
ACT + RL Recovery,801,6000843,metaworld,True,50,0.6099138450008468,1,1,1,30,0.85,task_success_while_recovery_active_per_intervention,True,False,,full,0.2
ACT + RL Recovery,802,6000844,metaworld,True,52,0.19094225500157336,0,0,0,0,0.0,task_success_while_recovery_active_per_intervention,True,False,,full,0.2
ACT + RL Recovery,803,6000845,metaworld,True,52,0.4358470839997608,1,1,1,32,0.85,task_success_while_recovery_active_per_intervention,True,False,,full,0.2
ACT + RL Recovery,804,6000846,metaworld,True,57,0.28352726899902336,0,0,0,0,0.0,task_success_while_recovery_active_per_intervention,True,False,,full,0.2
ACT + RL Recovery,805,6000847,metaworld,True,54,0.4193832620003377,1,1,1,34,0.85,task_success_while_recovery_active_per_intervention,True,False,,full,0.2
ACT + RL Recovery,806,6000848,metaworld,True,54,0.5044644669997069,1,1,1,34,0.85,task_success_while_recovery_active_per_intervention,True,False,,full,0.2
ACT + RL Recovery,807,6000849,metaworld,True,46,0.2049713870001142,0,0,0,0,0.0,task_success_while_recovery_active_per_intervention,True,False,,full,0.2
ACT + RL Recovery,808,6000850,metaworld,True,53,0.34155423900119786,1,1,1,33,0.85,task_success_while_recovery_active_per_intervention,True,False,,full,0.2
ACT + RL Recovery,809,6000851,metaworld,True,62,0.42744153999956325,1,1,1,42,0.85,task_success_while_recovery_active_per_intervention,True,False,,full,0.2
ACT + RL Recovery,810,6000852,metaworld,True,50,0.29416857799878926,1,1,1,30,0.85,task_success_while_recovery_active_per_intervention,True,False,,full,0.2
ACT + RL Recovery,811,6000853,metaworld,True,56,0.3631988969991653,1,1,1,36,0.85,task_success_while_recovery_active_per_intervention,True,False,,full,0.2
ACT + RL Recovery,812,6000854,metaworld,True,51,0.21292337300110376,0,0,0,0,0.0,task_success_while_recovery_active_per_intervention,True,False,,full,0.2
ACT + RL Recovery,813,6000855,metaworld,True,61,0.317011655000897,1,1,1,41,0.85,task_success_while_recovery_active_per_intervention,True,False,,full,0.2
ACT + RL Recovery,814,6000856,metaworld,True,49,0.26042602000052284,1,1,1,29,0.85,task_success_while_recovery_active_per_intervention,True,False,,full,0.2
ACT + RL Recovery,815,6000857,metaworld,True,51,0.3047818110007938,1,1,1,31,0.85,task_success_while_recovery_active_per_intervention,True,False,,full,0.2
ACT + RL Recovery,816,6000858,metaworld,True,53,0.43753917000140063,1,1,1,32,0.85,task_success_while_recovery_active_per_intervention,True,False,,full,0.2
ACT + RL Recovery,817,6000859,metaworld,True,50,0.2896141430010175,1,1,1,30,0.85,task_success_while_recovery_active_per_intervention,True,False,,full,0.2
ACT + RL Recovery,818,6000860,metaworld,True,52,0.434090484999615,1,1,1,29,0.85,task_success_while_recovery_active_per_intervention,True,False,,full,0.2
ACT + RL Recovery,819,6000861,metaworld,False,200,1.784966703999089,1,0,1,150,0.9,task_success_while_recovery_active_per_intervention,False,True,timeout,full,0.2
ACT + RL Recovery,820,6000862,metaworld,True,53,0.46124820099976205,0,0,0,0,0.0,task_success_while_recovery_active_per_intervention,True,False,,full,0.2
ACT + RL Recovery,821,6000863,metaworld,True,51,0.43191166799988423,0,0,0,0,0.0,task_success_while_recovery_active_per_intervention,True,False,,full,0.2
ACT + RL Recovery,822,6000864,metaworld,True,54,0.5838531330009573,1,1,1,34,0.85,task_success_while_recovery_active_per_intervention,True,False,,full,0.2
ACT + RL Recovery,823,6000865,metaworld,True,55,0.43167254499894625,0,0,0,0,0.0,task_success_while_recovery_active_per_intervention,True,False,,full,0.2
ACT + RL Recovery,824,6000866,metaworld,True,55,0.3365941970005224,0,0,0,0,0.0,task_success_while_recovery_active_per_intervention,True,False,,full,0.2
ACT + RL Recovery,825,6000867,metaworld,True,51,0.26744723499905376,0,0,0,0,0.0,task_success_while_recovery_active_per_intervention,True,False,,full,0.2
ACT + RL Recovery,826,6000868,metaworld,False,200,1.7172928609998053,1,0,1,150,0.9,task_success_while_recovery_active_per_intervention,False,True,timeout,full,0.2
ACT + RL Recovery,827,6000869,metaworld,True,51,0.35215090199926635,1,1,1,43,1.0,task_success_while_recovery_active_per_intervention,True,False,,full,0.2
ACT + RL Recovery,828,6000870,metaworld,True,56,0.43148794599983376,0,0,0,0,0.0,task_success_while_recovery_active_per_intervention,True,False,,full,0.2
ACT + RL Recovery,829,6000871,metaworld,True,51,0.3684140129989828,1,1,1,27,0.85,task_success_while_recovery_active_per_intervention,True,False,,full,0.2
ACT + RL Recovery,830,6000872,metaworld,True,51,0.4864962989995547,1,1,1,29,0.85,task_success_while_recovery_active_per_intervention,True,False,,full,0.2
ACT + RL Recovery,831,6000873,metaworld,True,57,0.2681776500012347,0,0,0,0,0.0,task_success_while_recovery_active_per_intervention,True,False,,full,0.2
ACT + RL Recovery,832,6000874,metaworld,True,60,0.3274183739995351,1,1,1,37,0.85,task_success_while_recovery_active_per_intervention,True,False,,full,0.2
ACT + RL Recovery,833,6000875,metaworld,False,200,1.7985607059999893,1,0,1,150,0.9,task_success_while_recovery_active_per_intervention,False,True,timeout,full,0.2
ACT + RL Recovery,834,6000876,metaworld,True,54,0.6482105099985347,1,1,1,34,0.85,task_success_while_recovery_active_per_intervention,True,False,,full,0.2
ACT + RL Recovery,835,6000877,metaworld,True,51,0.5251088380009605,1,1,1,31,0.85,task_success_while_recovery_active_per_intervention,True,False,,full,0.2
ACT + RL Recovery,836,6000878,metaworld,True,53,0.3994691520001652,0,0,0,0,0.0,task_success_while_recovery_active_per_intervention,True,False,,full,0.2
ACT + RL Recovery,837,6000879,metaworld,True,56,0.5362974409999879,1,1,1,36,0.85,task_success_while_recovery_active_per_intervention,True,False,,full,0.2
ACT + RL Recovery,838,6000880,metaworld,True,66,0.6892819099994085,1,1,1,46,0.85,task_success_while_recovery_active_per_intervention,True,False,,full,0.2
ACT + RL Recovery,839,6000881,metaworld,True,57,0.43836417499915115,0,0,0,0,0.0,task_success_while_recovery_active_per_intervention,True,False,,full,0.2
ACT + RL Recovery,840,6000882,metaworld,True,61,0.46755825899890624,0,0,0,0,0.0,task_success_while_recovery_active_per_intervention,True,False,,full,0.2
ACT + RL Recovery,841,6000883,metaworld,False,200,1.701541182001165,1,0,1,150,1.0,task_success_while_recovery_active_per_intervention,False,True,object_dropped,full,0.2
ACT + RL Recovery,842,6000884,metaworld,True,57,0.3817597739998746,1,1,1,37,0.85,task_success_while_recovery_active_per_intervention,True,False,,full,0.2
ACT + RL Recovery,843,6000885,metaworld,False,200,1.7037027280002803,1,0,1,150,0.9,task_success_while_recovery_active_per_intervention,False,True,timeout,full,0.2
ACT + RL Recovery,844,6000886,metaworld,True,58,0.4461652080008207,0,0,0,0,0.0,task_success_while_recovery_active_per_intervention,True,False,,full,0.2
ACT + RL Recovery,845,6000887,metaworld,False,200,1.7613184729998466,1,0,1,129,1.0,task_success_while_recovery_active_per_intervention,False,True,timeout,full,0.2
ACT + RL Recovery,846,6000888,metaworld,True,53,0.3992519019993779,0,0,0,0,0.0,task_success_while_recovery_active_per_intervention,True,False,,full,0.2
ACT + RL Recovery,847,6000889,metaworld,True,55,0.4133812929994747,1,1,1,31,0.85,task_success_while_recovery_active_per_intervention,True,False,,full,0.2
ACT + RL Recovery,848,6000890,metaworld,True,50,0.44199862599998596,1,1,1,30,0.85,task_success_while_recovery_active_per_intervention,True,False,,full,0.2
ACT + RL Recovery,849,6000891,metaworld,True,55,0.42088324500036833,0,0,0,0,0.0,task_success_while_recovery_active_per_intervention,True,False,,full,0.2
ACT + RL Recovery,850,6000892,metaworld,True,50,0.3910286919999635,1,1,1,30,0.85,task_success_while_recovery_active_per_intervention,True,False,,full,0.2
ACT + RL Recovery,851,6000893,metaworld,True,54,0.5602203390008071,1,1,1,34,0.85,task_success_while_recovery_active_per_intervention,True,False,,full,0.2
ACT + RL Recovery,852,6000894,metaworld,True,51,0.6465073969993682,1,1,1,31,0.85,task_success_while_recovery_active_per_intervention,True,False,,full,0.2
ACT + RL Recovery,853,6000895,metaworld,True,53,0.5702285749994189,1,1,1,44,1.0,task_success_while_recovery_active_per_intervention,True,False,,full,0.2
ACT + RL Recovery,854,6000896,metaworld,False,200,1.5358557529998507,1,0,1,150,1.0,task_success_while_recovery_active_per_intervention,False,True,object_dropped,full,0.2
ACT + RL Recovery,855,6000897,metaworld,True,50,0.4710716829995363,1,1,1,30,0.85,task_success_while_recovery_active_per_intervention,True,False,,full,0.2
ACT + RL Recovery,856,6000898,metaworld,True,56,0.3215586899987102,0,0,0,0,0.0,task_success_while_recovery_active_per_intervention,True,False,,full,0.2
ACT + RL Recovery,857,6000899,metaworld,True,60,0.36300273099914193,1,1,1,40,0.85,task_success_while_recovery_active_per_intervention,True,False,,full,0.2
ACT + RL Recovery,858,6000900,metaworld,True,57,0.40145417699932295,1,1,1,37,0.85,task_success_while_recovery_active_per_intervention,True,False,,full,0.2
ACT + RL Recovery,859,6000901,metaworld,True,56,0.20940307899945765,0,0,0,0,0.0,task_success_while_recovery_active_per_intervention,True,False,,full,0.2
ACT + RL Recovery,860,6000902,metaworld,True,56,0.3316803580000851,1,1,1,36,0.85,task_success_while_recovery_active_per_intervention,True,False,,full,0.2
ACT + RL Recovery,861,6000903,metaworld,True,50,0.2806039410006633,1,1,1,29,0.85,task_success_while_recovery_active_per_intervention,True,False,,full,0.2
ACT + RL Recovery,862,6000904,metaworld,True,57,0.5405114280001726,1,1,1,37,0.85,task_success_while_recovery_active_per_intervention,True,False,,full,0.2
ACT + RL Recovery,863,6000905,metaworld,True,61,0.30343157300012535,0,0,0,0,0.0,task_success_while_recovery_active_per_intervention,True,False,,full,0.2
ACT + RL Recovery,864,6000906,metaworld,True,49,0.24689355999908003,0,0,0,0,0.0,task_success_while_recovery_active_per_intervention,True,False,,full,0.2
ACT + RL Recovery,865,6000907,metaworld,True,53,0.2955327439995017,0,0,0,0,0.0,task_success_while_recovery_active_per_intervention,True,False,,full,0.2
ACT + RL Recovery,866,6000908,metaworld,True,56,0.4554908580012125,1,1,1,36,0.85,task_success_while_recovery_active_per_intervention,True,False,,full,0.2
ACT + RL Recovery,867,6000909,metaworld,True,56,0.3095923499986384,1,1,1,36,0.85,task_success_while_recovery_active_per_intervention,True,False,,full,0.2
ACT + RL Recovery,868,6000910,metaworld,True,55,0.21187623699916003,0,0,0,0,0.0,task_success_while_recovery_active_per_intervention,True,False,,full,0.2
ACT + RL Recovery,869,6000911,metaworld,True,50,0.20254868299889495,0,0,0,0,0.0,task_success_while_recovery_active_per_intervention,True,False,,full,0.2
ACT + RL Recovery,870,6000912,metaworld,True,49,0.4877180829989811,1,1,1,29,0.85,task_success_while_recovery_active_per_intervention,True,False,,full,0.2
ACT + RL Recovery,871,6000913,metaworld,True,51,0.3877893579992815,0,0,0,0,0.0,task_success_while_recovery_active_per_intervention,True,False,,full,0.2
ACT + RL Recovery,872,6000914,metaworld,True,45,0.43046202799996536,1,1,1,25,0.85,task_success_while_recovery_active_per_intervention,True,False,,full,0.2
ACT + RL Recovery,873,6000915,metaworld,True,54,0.4572642339990125,1,1,1,34,0.85,task_success_while_recovery_active_per_intervention,True,False,,full,0.2
ACT + RL Recovery,874,6000916,metaworld,True,56,0.3401211129985313,1,1,1,36,0.85,task_success_while_recovery_active_per_intervention,True,False,,full,0.2
ACT + RL Recovery,875,6000917,metaworld,True,57,0.2209579489990574,0,0,0,0,0.0,task_success_while_recovery_active_per_intervention,True,False,,full,0.2
ACT + RL Recovery,876,6000918,metaworld,True,53,0.45264895600121235,1,1,1,33,0.85,task_success_while_recovery_active_per_intervention,True,False,,full,0.2
ACT + RL Recovery,877,6000919,metaworld,False,200,1.3602440060003573,1,0,1,150,0.9,task_success_while_recovery_active_per_intervention,False,True,timeout,full,0.2
ACT + RL Recovery,878,6000920,metaworld,True,51,0.4210112089986069,1,1,1,31,0.85,task_success_while_recovery_active_per_intervention,True,False,,full,0.2
ACT + RL Recovery,879,6000921,metaworld,True,50,0.2431319289989915,0,0,0,0,0.0,task_success_while_recovery_active_per_intervention,True,False,,full,0.2
ACT + RL Recovery,880,6000922,metaworld,False,200,1.5801877489993785,1,0,1,150,1.0,task_success_while_recovery_active_per_intervention,False,True,object_dropped,full,0.2
ACT + RL Recovery,881,6000923,metaworld,True,49,0.28375477800000226,1,1,1,29,0.85,task_success_while_recovery_active_per_intervention,True,False,,full,0.2
ACT + RL Recovery,882,6000924,metaworld,True,49,0.40910495599928254,1,1,1,25,0.85,task_success_while_recovery_active_per_intervention,True,False,,full,0.2
ACT + RL Recovery,883,6000925,metaworld,True,51,0.36448066900084086,0,0,0,0,0.0,task_success_while_recovery_active_per_intervention,True,False,,full,0.2
ACT + RL Recovery,884,6000926,metaworld,True,49,0.40773467399958463,1,1,1,29,0.85,task_success_while_recovery_active_per_intervention,True,False,,full,0.2
ACT + RL Recovery,885,6000927,metaworld,True,46,0.4725150400008715,0,0,0,0,0.0,task_success_while_recovery_active_per_intervention,True,False,,full,0.2
ACT + RL Recovery,886,6000928,metaworld,True,48,0.35237747700011823,0,0,0,0,0.0,task_success_while_recovery_active_per_intervention,True,False,,full,0.2
ACT + RL Recovery,887,6000929,metaworld,True,56,0.6482408270003361,1,1,1,35,0.85,task_success_while_recovery_active_per_intervention,True,False,,full,0.2
ACT + RL Recovery,888,6000930,metaworld,True,61,0.7162800770001923,1,1,1,41,0.85,task_success_while_recovery_active_per_intervention,True,False,,full,0.2
ACT + RL Recovery,889,6000931,metaworld,True,52,0.559832965998794,1,1,1,32,0.85,task_success_while_recovery_active_per_intervention,True,False,,full,0.2
ACT + RL Recovery,890,6000932,metaworld,True,53,0.2605916350003099,0,0,0,0,0.0,task_success_while_recovery_active_per_intervention,True,False,,full,0.2
ACT + RL Recovery,891,6000933,metaworld,True,53,0.3000320669998473,1,1,1,33,0.85,task_success_while_recovery_active_per_intervention,True,False,,full,0.2
ACT + RL Recovery,892,6000934,metaworld,True,51,0.3982562820001476,0,0,0,0,0.0,task_success_while_recovery_active_per_intervention,True,False,,full,0.2
ACT + RL Recovery,893,6000935,metaworld,True,53,0.41599075900012394,0,0,0,0,0.0,task_success_while_recovery_active_per_intervention,True,False,,full,0.2
ACT + RL Recovery,894,6000936,metaworld,True,56,0.5011489540011098,0,0,0,0,0.0,task_success_while_recovery_active_per_intervention,True,False,,full,0.2
ACT + RL Recovery,895,6000937,metaworld,True,57,0.641490617999807,1,1,1,37,0.85,task_success_while_recovery_active_per_intervention,True,False,,full,0.2
ACT + RL Recovery,896,6000938,metaworld,True,46,0.39392866599882836,1,1,1,26,0.85,task_success_while_recovery_active_per_intervention,True,False,,full,0.2
ACT + RL Recovery,897,6000939,metaworld,True,60,0.31538631900002656,0,0,0,0,0.0,task_success_while_recovery_active_per_intervention,True,False,,full,0.2
ACT + RL Recovery,898,6000940,metaworld,True,48,0.38572649500019907,1,1,1,28,0.85,task_success_while_recovery_active_per_intervention,True,False,,full,0.2
ACT + RL Recovery,899,6000941,metaworld,True,46,0.27556608200029586,1,1,1,26,0.85,task_success_while_recovery_active_per_intervention,True,False,,full,0.2
ACT + RL Recovery,900,6000942,metaworld,False,200,1.9163939299996855,1,0,1,150,1.0,task_success_while_recovery_active_per_intervention,False,True,object_dropped,full,0.2
ACT + RL Recovery,901,6000943,metaworld,True,52,0.3934596299986879,1,1,1,32,0.85,task_success_while_recovery_active_per_intervention,True,False,,full,0.2
ACT + RL Recovery,902,6000944,metaworld,True,50,0.4850335789997189,1,1,1,30,0.85,task_success_while_recovery_active_per_intervention,True,False,,full,0.2
ACT + RL Recovery,903,6000945,metaworld,True,51,0.45327192900003865,1,1,1,29,0.85,task_success_while_recovery_active_per_intervention,True,False,,full,0.2
ACT + RL Recovery,904,6000946,metaworld,True,57,0.5095202129996323,1,1,1,37,0.85,task_success_while_recovery_active_per_intervention,True,False,,full,0.2
ACT + RL Recovery,905,6000947,metaworld,True,60,0.5120659770000202,1,1,1,40,0.85,task_success_while_recovery_active_per_intervention,True,False,,full,0.2
ACT + RL Recovery,906,6000948,metaworld,True,56,0.4877315119993,1,1,1,36,0.85,task_success_while_recovery_active_per_intervention,True,False,,full,0.2
ACT + RL Recovery,907,6000949,metaworld,True,51,0.42954275900046923,1,1,1,31,0.85,task_success_while_recovery_active_per_intervention,True,False,,full,0.2
ACT + RL Recovery,908,6000950,metaworld,True,59,0.628368073999809,1,1,1,39,0.85,task_success_while_recovery_active_per_intervention,True,False,,full,0.2
ACT + RL Recovery,909,6000951,metaworld,False,200,1.747072833000857,1,0,1,150,0.9,task_success_while_recovery_active_per_intervention,False,True,timeout,full,0.2
ACT + RL Recovery,910,6000952,metaworld,True,53,0.4791457610008365,1,1,1,33,0.85,task_success_while_recovery_active_per_intervention,True,False,,full,0.2
ACT + RL Recovery,911,6000953,metaworld,True,56,0.35410485499960487,0,0,0,0,0.0,task_success_while_recovery_active_per_intervention,True,False,,full,0.2
ACT + RL Recovery,912,6000954,metaworld,True,59,0.2474559220008814,0,0,0,0,0.0,task_success_while_recovery_active_per_intervention,True,False,,full,0.2
ACT + RL Recovery,913,6000955,metaworld,True,50,0.44899280199933855,1,1,1,30,0.85,task_success_while_recovery_active_per_intervention,True,False,,full,0.2
ACT + RL Recovery,914,6000956,metaworld,True,58,0.6993528650000371,1,1,1,38,0.85,task_success_while_recovery_active_per_intervention,True,False,,full,0.2
ACT + RL Recovery,915,6000957,metaworld,True,50,0.3772855610004626,1,1,1,30,0.85,task_success_while_recovery_active_per_intervention,True,False,,full,0.2
ACT + RL Recovery,916,6000958,metaworld,True,51,0.4009895930012135,0,0,0,0,0.0,task_success_while_recovery_active_per_intervention,True,False,,full,0.2
ACT + RL Recovery,917,6000959,metaworld,True,55,0.3482329149992438,0,0,0,0,0.0,task_success_while_recovery_active_per_intervention,True,False,,full,0.2
ACT + RL Recovery,918,6000960,metaworld,True,52,0.3873190859994793,0,0,0,0,0.0,task_success_while_recovery_active_per_intervention,True,False,,full,0.2
ACT + RL Recovery,919,6000961,metaworld,True,52,0.4976140299986582,1,1,1,32,0.85,task_success_while_recovery_active_per_intervention,True,False,,full,0.2
ACT + RL Recovery,920,6000962,metaworld,True,57,0.3232501870006672,0,0,0,0,0.0,task_success_while_recovery_active_per_intervention,True,False,,full,0.2
ACT + RL Recovery,921,6000963,metaworld,True,51,0.3954642540011264,1,1,1,31,0.85,task_success_while_recovery_active_per_intervention,True,False,,full,0.2
ACT + RL Recovery,922,6000964,metaworld,True,52,0.3536436810009036,1,1,1,32,0.85,task_success_while_recovery_active_per_intervention,True,False,,full,0.2
ACT + RL Recovery,923,6000965,metaworld,True,48,0.3298991119991115,1,1,1,28,0.85,task_success_while_recovery_active_per_intervention,True,False,,full,0.2
ACT + RL Recovery,924,6000966,metaworld,True,50,0.43762140499893576,1,1,1,41,1.0,task_success_while_recovery_active_per_intervention,True,False,,full,0.2
ACT + RL Recovery,925,6000967,metaworld,True,49,0.3543584520011791,1,1,1,29,0.85,task_success_while_recovery_active_per_intervention,True,False,,full,0.2
ACT + RL Recovery,926,6000968,metaworld,True,50,0.28660170400144125,1,1,1,30,0.85,task_success_while_recovery_active_per_intervention,True,False,,full,0.2
ACT + RL Recovery,927,6000969,metaworld,False,200,1.3281111910000618,1,0,1,150,1.0,task_success_while_recovery_active_per_intervention,False,True,object_dropped,full,0.2
ACT + RL Recovery,928,6000970,metaworld,True,50,0.5028934160000063,0,0,0,0,0.0,task_success_while_recovery_active_per_intervention,True,False,,full,0.2
ACT + RL Recovery,929,6000971,metaworld,True,59,0.22841050399983942,0,0,0,0,0.0,task_success_while_recovery_active_per_intervention,True,False,,full,0.2
ACT + RL Recovery,930,6000972,metaworld,True,58,0.22761230299875024,0,0,0,0,0.0,task_success_while_recovery_active_per_intervention,True,False,,full,0.2
ACT + RL Recovery,931,6000973,metaworld,True,60,0.5524047250000876,1,1,1,40,0.85,task_success_while_recovery_active_per_intervention,True,False,,full,0.2
ACT + RL Recovery,932,6000974,metaworld,True,48,0.4141263239998807,1,1,1,25,0.85,task_success_while_recovery_active_per_intervention,True,False,,full,0.2
ACT + RL Recovery,933,6000975,metaworld,True,49,0.3711812239998835,1,1,1,29,0.85,task_success_while_recovery_active_per_intervention,True,False,,full,0.2
ACT + RL Recovery,934,6000976,metaworld,True,52,0.5109395639992727,1,1,1,32,0.85,task_success_while_recovery_active_per_intervention,True,False,,full,0.2
ACT + RL Recovery,935,6000977,metaworld,True,50,0.4762837070011301,1,1,1,29,0.85,task_success_while_recovery_active_per_intervention,True,False,,full,0.2
ACT + RL Recovery,936,6000978,metaworld,True,51,0.4816423209995264,1,1,1,31,0.85,task_success_while_recovery_active_per_intervention,True,False,,full,0.2
ACT + RL Recovery,937,6000979,metaworld,True,51,0.43926149800063286,1,1,1,31,0.85,task_success_while_recovery_active_per_intervention,True,False,,full,0.2
ACT + RL Recovery,938,6000980,metaworld,True,54,0.40581908600142924,1,1,1,45,1.0,task_success_while_recovery_active_per_intervention,True,False,,full,0.2
ACT + RL Recovery,939,6000981,metaworld,True,59,0.6828029600001173,1,1,1,37,0.85,task_success_while_recovery_active_per_intervention,True,False,,full,0.2
ACT + RL Recovery,940,6000982,metaworld,True,61,0.536686475001261,1,1,1,41,0.85,task_success_while_recovery_active_per_intervention,True,False,,full,0.2
ACT + RL Recovery,941,6000983,metaworld,True,46,0.5284531140005129,1,1,1,26,0.85,task_success_while_recovery_active_per_intervention,True,False,,full,0.2
ACT + RL Recovery,942,6000984,metaworld,True,57,0.5339859109990357,1,1,1,35,0.85,task_success_while_recovery_active_per_intervention,True,False,,full,0.2
ACT + RL Recovery,943,6000985,metaworld,True,57,0.4340095759998803,0,0,0,0,0.0,task_success_while_recovery_active_per_intervention,True,False,,full,0.2
ACT + RL Recovery,944,6000986,metaworld,True,53,0.484392869999283,1,1,1,33,0.85,task_success_while_recovery_active_per_intervention,True,False,,full,0.2
ACT + RL Recovery,945,6000987,metaworld,True,56,0.4242774300000747,0,0,0,0,0.0,task_success_while_recovery_active_per_intervention,True,False,,full,0.2
ACT + RL Recovery,946,6000988,metaworld,True,60,0.6287029790000815,1,1,1,38,0.85,task_success_while_recovery_active_per_intervention,True,False,,full,0.2
ACT + RL Recovery,947,6000989,metaworld,True,49,0.2103950939999777,0,0,0,0,0.0,task_success_while_recovery_active_per_intervention,True,False,,full,0.2
ACT + RL Recovery,948,6000990,metaworld,True,51,0.3884577730004821,1,1,1,31,0.85,task_success_while_recovery_active_per_intervention,True,False,,full,0.2
ACT + RL Recovery,949,6000991,metaworld,True,56,0.5710123879998719,1,1,1,36,0.85,task_success_while_recovery_active_per_intervention,True,False,,full,0.2
ACT + RL Recovery,950,6000992,metaworld,True,51,0.37242977499954577,1,1,1,31,0.85,task_success_while_recovery_active_per_intervention,True,False,,full,0.2
ACT + RL Recovery,951,6000993,metaworld,True,51,0.3205746719995659,1,1,1,31,0.85,task_success_while_recovery_active_per_intervention,True,False,,full,0.2
ACT + RL Recovery,952,6000994,metaworld,False,200,1.5175981109987333,1,0,1,150,0.9,task_success_while_recovery_active_per_intervention,False,True,timeout,full,0.2
ACT + RL Recovery,953,6000995,metaworld,False,200,1.3035686959992745,1,0,1,150,0.9,task_success_while_recovery_active_per_intervention,False,True,timeout,full,0.2
ACT + RL Recovery,954,6000996,metaworld,True,55,0.35739601100067375,0,0,0,0,0.0,task_success_while_recovery_active_per_intervention,True,False,,full,0.2
ACT + RL Recovery,955,6000997,metaworld,True,51,0.48838951499965333,1,1,1,31,0.85,task_success_while_recovery_active_per_intervention,True,False,,full,0.2
ACT + RL Recovery,956,6000998,metaworld,False,200,1.5391437959988252,1,0,1,150,1.0,task_success_while_recovery_active_per_intervention,False,True,object_dropped,full,0.2
ACT + RL Recovery,957,6000999,metaworld,False,200,1.3944317900004535,1,0,1,150,1.0,task_success_while_recovery_active_per_intervention,False,True,object_dropped,full,0.2
ACT + RL Recovery,958,6001000,metaworld,True,43,0.233531744001084,1,1,1,23,0.85,task_success_while_recovery_active_per_intervention,True,False,,full,0.2
ACT + RL Recovery,959,6001001,metaworld,True,55,0.3474307329997828,1,1,1,33,0.85,task_success_while_recovery_active_per_intervention,True,False,,full,0.2
ACT + RL Recovery,960,6001002,metaworld,True,55,0.48098588999891945,1,1,1,33,0.85,task_success_while_recovery_active_per_intervention,True,False,,full,0.2
ACT + RL Recovery,961,6001003,metaworld,True,56,0.23779385499983619,0,0,0,0,0.0,task_success_while_recovery_active_per_intervention,True,False,,full,0.2
ACT + RL Recovery,962,6001004,metaworld,True,53,0.4948574819991336,1,1,1,32,0.85,task_success_while_recovery_active_per_intervention,True,False,,full,0.2
ACT + RL Recovery,963,6001005,metaworld,True,50,0.3338401900000463,1,1,1,27,0.85,task_success_while_recovery_active_per_intervention,True,False,,full,0.2
ACT + RL Recovery,964,6001006,metaworld,True,51,0.4708434140011377,1,1,1,31,0.85,task_success_while_recovery_active_per_intervention,True,False,,full,0.2
ACT + RL Recovery,965,6001007,metaworld,True,54,0.4393699930005823,1,1,1,34,0.85,task_success_while_recovery_active_per_intervention,True,False,,full,0.2
ACT + RL Recovery,966,6001008,metaworld,True,55,0.3737551670001267,1,1,1,35,0.85,task_success_while_recovery_active_per_intervention,True,False,,full,0.2
ACT + RL Recovery,967,6001009,metaworld,True,51,0.6338643670005695,1,1,1,30,0.85,task_success_while_recovery_active_per_intervention,True,False,,full,0.2
ACT + RL Recovery,968,6001010,metaworld,True,55,0.6357255839993741,1,1,1,35,0.85,task_success_while_recovery_active_per_intervention,True,False,,full,0.2
ACT + RL Recovery,969,6001011,metaworld,True,55,0.38505057400107034,1,1,1,35,0.85,task_success_while_recovery_active_per_intervention,True,False,,full,0.2
ACT + RL Recovery,970,6001012,metaworld,False,200,2.0421180209996237,1,0,1,150,1.0,task_success_while_recovery_active_per_intervention,False,True,object_dropped,full,0.2
ACT + RL Recovery,971,6001013,metaworld,True,59,0.5907439390011859,0,0,0,0,0.0,task_success_while_recovery_active_per_intervention,True,False,,full,0.2
ACT + RL Recovery,972,6001014,metaworld,True,55,0.5131944200002181,1,1,1,35,0.85,task_success_while_recovery_active_per_intervention,True,False,,full,0.2
ACT + RL Recovery,973,6001015,metaworld,True,54,0.41506100300102844,0,0,0,0,0.0,task_success_while_recovery_active_per_intervention,True,False,,full,0.2
ACT + RL Recovery,974,6001016,metaworld,True,50,0.4066706489993521,0,0,0,0,0.0,task_success_while_recovery_active_per_intervention,True,False,,full,0.2
ACT + RL Recovery,975,6001017,metaworld,False,200,1.4857819759999984,1,0,1,150,0.9,task_success_while_recovery_active_per_intervention,False,True,timeout,full,0.2
ACT + RL Recovery,976,6001018,metaworld,False,200,1.6929920210004639,1,0,1,150,0.9,task_success_while_recovery_active_per_intervention,False,True,timeout,full,0.2
ACT + RL Recovery,977,6001019,metaworld,True,55,0.5511560380000446,0,0,0,0,0.0,task_success_while_recovery_active_per_intervention,True,False,,full,0.2
ACT + RL Recovery,978,6001020,metaworld,True,54,0.5644447930008027,1,1,1,32,0.85,task_success_while_recovery_active_per_intervention,True,False,,full,0.2
ACT + RL Recovery,979,6001021,metaworld,True,52,0.19164820699916163,0,0,0,0,0.0,task_success_while_recovery_active_per_intervention,True,False,,full,0.2
ACT + RL Recovery,980,6001022,metaworld,True,49,0.4495010940008797,1,1,1,29,0.85,task_success_while_recovery_active_per_intervention,True,False,,full,0.2
ACT + RL Recovery,981,6001023,metaworld,True,49,0.4042061410000315,1,1,1,29,0.85,task_success_while_recovery_active_per_intervention,True,False,,full,0.2
ACT + RL Recovery,982,6001024,metaworld,True,106,0.9556688060001761,1,1,1,86,0.85,task_success_while_recovery_active_per_intervention,True,False,,full,0.2
ACT + RL Recovery,983,6001025,metaworld,True,52,0.5339622450010211,1,1,1,30,0.85,task_success_while_recovery_active_per_intervention,True,False,,full,0.2
ACT + RL Recovery,984,6001026,metaworld,True,51,0.3174297060013487,0,0,0,0,0.0,task_success_while_recovery_active_per_intervention,True,False,,full,0.2
ACT + RL Recovery,985,6001027,metaworld,True,52,0.3709731999988435,1,1,1,32,0.85,task_success_while_recovery_active_per_intervention,True,False,,full,0.2
ACT + RL Recovery,986,6001028,metaworld,True,55,0.23178192300110823,0,0,0,0,0.0,task_success_while_recovery_active_per_intervention,True,False,,full,0.2
ACT + RL Recovery,987,6001029,metaworld,True,51,0.21890546000031463,0,0,0,0,0.0,task_success_while_recovery_active_per_intervention,True,False,,full,0.2
ACT + RL Recovery,988,6001030,metaworld,True,55,0.31590529099958076,1,1,1,35,0.85,task_success_while_recovery_active_per_intervention,True,False,,full,0.2
ACT + RL Recovery,989,6001031,metaworld,True,48,0.2686435670002538,1,1,1,28,0.85,task_success_while_recovery_active_per_intervention,True,False,,full,0.2
ACT + RL Recovery,990,6001032,metaworld,True,55,0.20765430199935508,0,0,0,0,0.0,task_success_while_recovery_active_per_intervention,True,False,,full,0.2
ACT + RL Recovery,991,6001033,metaworld,True,51,0.20230840299882402,0,0,0,0,0.0,task_success_while_recovery_active_per_intervention,True,False,,full,0.2
ACT + RL Recovery,992,6001034,metaworld,True,55,0.3234883789991727,0,0,0,0,0.0,task_success_while_recovery_active_per_intervention,True,False,,full,0.2
ACT + RL Recovery,993,6001035,metaworld,True,57,0.48964450499988743,1,1,1,36,0.85,task_success_while_recovery_active_per_intervention,True,False,,full,0.2
ACT + RL Recovery,994,6001036,metaworld,False,200,1.5054461999989144,1,0,1,150,0.9,task_success_while_recovery_active_per_intervention,False,True,timeout,full,0.2
ACT + RL Recovery,995,6001037,metaworld,True,64,0.4086349409990362,1,1,1,44,0.85,task_success_while_recovery_active_per_intervention,True,False,,full,0.2
ACT + RL Recovery,996,6001038,metaworld,True,50,0.3998592549996829,1,1,1,30,0.85,task_success_while_recovery_active_per_intervention,True,False,,full,0.2
ACT + RL Recovery,997,6001039,metaworld,True,60,0.39026663599906897,1,1,1,40,0.85,task_success_while_recovery_active_per_intervention,True,False,,full,0.2
ACT + RL Recovery,998,6001040,metaworld,True,54,0.5211793559992657,1,1,1,34,0.85,task_success_while_recovery_active_per_intervention,True,False,,full,0.2
ACT + RL Recovery,999,6001041,metaworld,True,58,0.38858370700108935,1,1,1,36,0.85,task_success_while_recovery_active_per_intervention,True,False,,full,0.2
