run_fingerprint,benchmark,condition,task_name,task_id,task_variant,method,success,intervention_count,recovery_success,steps,paired_episode_id,episode_seed,task_payload_sha256,max_failure_probability,trigger_step,attempt_count,recovery_steps_total
575420f2b00cc9589e7715c0f0b53bac8fb47f3cb1d586e1ebda859f1d5bb1b7,MT50,robustness_noise_40,basketball-v3,1,0,MT-ACT + Heuristic-Gated Learned Recovery,0,2,0,500,01-0000-f5c33898eb9f,100042,f5c33898eb9f9e7a4169adcb4030069b93369aa9c8b78d94e4e7c2080243f095,0.0,30,1,461
575420f2b00cc9589e7715c0f0b53bac8fb47f3cb1d586e1ebda859f1d5bb1b7,MT50,robustness_noise_40,basketball-v3,1,1,MT-ACT + Heuristic-Gated Learned Recovery,1,1,1,123,01-0001-17d72e65880e,100043,17d72e65880eb5f02a0560229e8f4f831ed00fdeeb3c29f11f853c8b474247d3,0.0,30,1,93
575420f2b00cc9589e7715c0f0b53bac8fb47f3cb1d586e1ebda859f1d5bb1b7,MT50,robustness_noise_40,basketball-v3,1,2,MT-ACT + Heuristic-Gated Learned Recovery,1,1,1,146,01-0002-a732c1d393a7,100044,a732c1d393a79b020a38f42285329bc67e062ec47f98761233fdd41a2763265f,0.0,30,1,116
575420f2b00cc9589e7715c0f0b53bac8fb47f3cb1d586e1ebda859f1d5bb1b7,MT50,robustness_noise_40,basketball-v3,1,3,MT-ACT + Heuristic-Gated Learned Recovery,0,2,0,500,01-0003-49d617041138,100045,49d617041138d5b08644b40bbda5052579c2648da07cb467520312d88777e631,0.0,30,1,446
575420f2b00cc9589e7715c0f0b53bac8fb47f3cb1d586e1ebda859f1d5bb1b7,MT50,robustness_noise_40,basketball-v3,1,4,MT-ACT + Heuristic-Gated Learned Recovery,0,2,0,500,01-0004-c00a603dfbbe,100046,c00a603dfbbe6d61903dcea91bd50288e7ed90538df3b02114ba74f13a961327,0.0,30,1,461
575420f2b00cc9589e7715c0f0b53bac8fb47f3cb1d586e1ebda859f1d5bb1b7,MT50,robustness_noise_40,basketball-v3,1,5,MT-ACT + Heuristic-Gated Learned Recovery,0,2,0,500,01-0005-e488a3ee43d0,100047,e488a3ee43d02b18c174e4084be2050d281ecd4ebcc1024211c99d283c7110dd,0.0,33,1,458
575420f2b00cc9589e7715c0f0b53bac8fb47f3cb1d586e1ebda859f1d5bb1b7,MT50,robustness_noise_40,basketball-v3,1,6,MT-ACT + Heuristic-Gated Learned Recovery,0,2,0,500,01-0006-41d5f75f01ca,100048,41d5f75f01ca2002425bf5fb0ff4c589a5a5d5b0ab088ae035387b89777c3dfb,0.0,30,1,420
575420f2b00cc9589e7715c0f0b53bac8fb47f3cb1d586e1ebda859f1d5bb1b7,MT50,robustness_noise_40,basketball-v3,1,7,MT-ACT + Heuristic-Gated Learned Recovery,0,2,0,500,01-0007-1ce9f1f0cf4f,100049,1ce9f1f0cf4f68ae4168016f70438da883e80a23a24e3258dc8552395f80023e,0.0,30,1,434
575420f2b00cc9589e7715c0f0b53bac8fb47f3cb1d586e1ebda859f1d5bb1b7,MT50,robustness_noise_40,basketball-v3,1,8,MT-ACT + Heuristic-Gated Learned Recovery,0,2,0,500,01-0008-0a0ccfed2090,100050,0a0ccfed2090b2e683779bd5b988ae414d622816679168e42db7ea633bf699fb,0.0,39,1,452
575420f2b00cc9589e7715c0f0b53bac8fb47f3cb1d586e1ebda859f1d5bb1b7,MT50,robustness_noise_40,basketball-v3,1,9,MT-ACT + Heuristic-Gated Learned Recovery,0,2,0,500,01-0009-52f903a44a73,100051,52f903a44a7384b07abf63cae78ab0fd856461e926f09f4e20e6ee32387e5846,0.0,30,1,461
575420f2b00cc9589e7715c0f0b53bac8fb47f3cb1d586e1ebda859f1d5bb1b7,MT50,robustness_noise_40,basketball-v3,1,10,MT-ACT + Heuristic-Gated Learned Recovery,0,2,0,500,01-0010-abfc9b6a8ef9,100052,abfc9b6a8ef94e0012ead42c7395de954878abd2e01243a78694c34da6b25146,0.0,30,1,461
575420f2b00cc9589e7715c0f0b53bac8fb47f3cb1d586e1ebda859f1d5bb1b7,MT50,robustness_noise_40,basketball-v3,1,11,MT-ACT + Heuristic-Gated Learned Recovery,0,2,0,500,01-0011-32642d9e7dcf,100053,32642d9e7dcf5b8a3b03474dc032d1fe2773b3ac37adfc331a1e8353b2ae22b0,0.0,30,1,461
575420f2b00cc9589e7715c0f0b53bac8fb47f3cb1d586e1ebda859f1d5bb1b7,MT50,robustness_noise_40,basketball-v3,1,12,MT-ACT + Heuristic-Gated Learned Recovery,0,2,0,500,01-0012-0c7f2269bcb1,100054,0c7f2269bcb1ce0524047391ac6507ead2f63a90f0f46e3da43f5ff7aaaf5497,0.0,30,1,461
575420f2b00cc9589e7715c0f0b53bac8fb47f3cb1d586e1ebda859f1d5bb1b7,MT50,robustness_noise_40,basketball-v3,1,13,MT-ACT + Heuristic-Gated Learned Recovery,0,2,0,500,01-0013-bd3c55b3708c,100055,bd3c55b3708c962b49b48a4522be81a7c18c9337fa3c72e938a4da073a0567b0,0.0,30,1,461
575420f2b00cc9589e7715c0f0b53bac8fb47f3cb1d586e1ebda859f1d5bb1b7,MT50,robustness_noise_40,basketball-v3,1,14,MT-ACT + Heuristic-Gated Learned Recovery,0,2,0,500,01-0014-e23d9f7b95ba,100056,e23d9f7b95bab7f4657aa6eaedd7122a6b8f7825761f21f04d02a4cc8d791703,0.0,30,1,451
575420f2b00cc9589e7715c0f0b53bac8fb47f3cb1d586e1ebda859f1d5bb1b7,MT50,robustness_noise_40,basketball-v3,1,15,MT-ACT + Heuristic-Gated Learned Recovery,0,2,0,500,01-0015-cb07f68e3251,100057,cb07f68e32518e4227c9a66f980e981138ce4291227de106fe9fae8e53b6b427,0.0,30,1,423
575420f2b00cc9589e7715c0f0b53bac8fb47f3cb1d586e1ebda859f1d5bb1b7,MT50,robustness_noise_40,basketball-v3,1,16,MT-ACT + Heuristic-Gated Learned Recovery,0,2,0,500,01-0016-18985ac39a3d,100058,18985ac39a3de803cb26e0053582132e343ab926c015da4b32890c46f3a53ba7,0.0,30,1,461
575420f2b00cc9589e7715c0f0b53bac8fb47f3cb1d586e1ebda859f1d5bb1b7,MT50,robustness_noise_40,basketball-v3,1,17,MT-ACT + Heuristic-Gated Learned Recovery,0,2,0,500,01-0017-b9d9d8d1b222,100059,b9d9d8d1b222209824f8a5c0217e9ceb835d75249ba4dde299b278597e80c8ba,0.0,30,1,444
575420f2b00cc9589e7715c0f0b53bac8fb47f3cb1d586e1ebda859f1d5bb1b7,MT50,robustness_noise_40,basketball-v3,1,18,MT-ACT + Heuristic-Gated Learned Recovery,0,2,0,500,01-0018-89687b5c6069,100060,89687b5c6069221989293b8177a21088bea4989a83b2d3b95115bb877be39dfe,0.0,30,1,461
575420f2b00cc9589e7715c0f0b53bac8fb47f3cb1d586e1ebda859f1d5bb1b7,MT50,robustness_noise_40,basketball-v3,1,19,MT-ACT + Heuristic-Gated Learned Recovery,0,2,0,500,01-0019-8ccd12dda22c,100061,8ccd12dda22c7cd134080f9ca9b9a42519cbb109ec28781126cdde67d77755f3,0.0,30,1,423
575420f2b00cc9589e7715c0f0b53bac8fb47f3cb1d586e1ebda859f1d5bb1b7,MT50,robustness_noise_40,basketball-v3,1,20,MT-ACT + Heuristic-Gated Learned Recovery,0,2,0,500,01-0020-22dfe363d65e,100062,22dfe363d65eab735f1e87d61ad9e8506e1c62ac8a3ce69d72d9ed705e0cf5f3,0.0,30,1,443
575420f2b00cc9589e7715c0f0b53bac8fb47f3cb1d586e1ebda859f1d5bb1b7,MT50,robustness_noise_40,basketball-v3,1,21,MT-ACT + Heuristic-Gated Learned Recovery,0,2,0,500,01-0021-ccbfe3c15c45,100063,ccbfe3c15c45b1141de049264e98387f273582faf77b1bca7be273b7c070db7a,0.0,30,1,461
575420f2b00cc9589e7715c0f0b53bac8fb47f3cb1d586e1ebda859f1d5bb1b7,MT50,robustness_noise_40,basketball-v3,1,22,MT-ACT + Heuristic-Gated Learned Recovery,0,2,0,500,01-0022-d71038b55f21,100064,d71038b55f21d09e5b43ef958a0ef80c8f79252d32f465251f187f9a66e9713b,0.0,30,1,461
575420f2b00cc9589e7715c0f0b53bac8fb47f3cb1d586e1ebda859f1d5bb1b7,MT50,robustness_noise_40,basketball-v3,1,23,MT-ACT + Heuristic-Gated Learned Recovery,1,1,1,200,01-0023-662b72ea95e1,100065,662b72ea95e1d2fdaf1c62c854ad88d84c958a69f38cd66f82b15e15ca68d810,0.0,30,1,170
575420f2b00cc9589e7715c0f0b53bac8fb47f3cb1d586e1ebda859f1d5bb1b7,MT50,robustness_noise_40,basketball-v3,1,24,MT-ACT + Heuristic-Gated Learned Recovery,0,2,0,500,01-0024-5cb8450093ea,100066,5cb8450093ea936b116e02157905769adec0aaba900a9b2e290111294357e2de,0.0,30,1,447
575420f2b00cc9589e7715c0f0b53bac8fb47f3cb1d586e1ebda859f1d5bb1b7,MT50,robustness_noise_40,basketball-v3,1,25,MT-ACT + Heuristic-Gated Learned Recovery,0,2,0,500,01-0025-0b6ef5ae7bd4,100067,0b6ef5ae7bd474d21c19672df108e69577cac1eb20f791ad618146c098ae9564,0.0,30,1,461
575420f2b00cc9589e7715c0f0b53bac8fb47f3cb1d586e1ebda859f1d5bb1b7,MT50,robustness_noise_40,basketball-v3,1,26,MT-ACT + Heuristic-Gated Learned Recovery,1,1,1,203,01-0026-382e909052d8,100068,382e909052d82687b182e94bce550eb988feb4b88243ab1e260fe548074be48b,0.0,30,1,173
575420f2b00cc9589e7715c0f0b53bac8fb47f3cb1d586e1ebda859f1d5bb1b7,MT50,robustness_noise_40,basketball-v3,1,27,MT-ACT + Heuristic-Gated Learned Recovery,0,2,0,500,01-0027-b69e69496b04,100069,b69e69496b0416b4d9995efad36bf4063f01d0f23a368997dc3102c8e473aee5,0.0,30,1,461
575420f2b00cc9589e7715c0f0b53bac8fb47f3cb1d586e1ebda859f1d5bb1b7,MT50,robustness_noise_40,basketball-v3,1,28,MT-ACT + Heuristic-Gated Learned Recovery,0,2,0,500,01-0028-c4865231b27b,100070,c4865231b27bb0b0a8de3492effd9feba01793b0ffef462dd26914407d54c93a,0.0,30,1,461
575420f2b00cc9589e7715c0f0b53bac8fb47f3cb1d586e1ebda859f1d5bb1b7,MT50,robustness_noise_40,basketball-v3,1,29,MT-ACT + Heuristic-Gated Learned Recovery,0,2,0,500,01-0029-218f0fdba578,100071,218f0fdba578c20d8f8b1b9e04160b7e5e5c77f95228d1ca3731c15d6d4e8d9c,0.0,30,1,461
575420f2b00cc9589e7715c0f0b53bac8fb47f3cb1d586e1ebda859f1d5bb1b7,MT50,robustness_noise_40,basketball-v3,1,30,MT-ACT + Heuristic-Gated Learned Recovery,1,1,1,154,01-0030-f81360a4f036,100072,f81360a4f0365fa5572401456930e9390cb3369764bd5b5bafd017238759a9ea,0.0,30,1,124
575420f2b00cc9589e7715c0f0b53bac8fb47f3cb1d586e1ebda859f1d5bb1b7,MT50,robustness_noise_40,basketball-v3,1,31,MT-ACT + Heuristic-Gated Learned Recovery,0,2,0,500,01-0031-e2b0f93c78d7,100073,e2b0f93c78d7a3c4d6acca8ad9c816f9aaf42f41147dd22b75f0b101bb65ad3a,0.0,30,1,461
575420f2b00cc9589e7715c0f0b53bac8fb47f3cb1d586e1ebda859f1d5bb1b7,MT50,robustness_noise_40,basketball-v3,1,32,MT-ACT + Heuristic-Gated Learned Recovery,0,2,0,500,01-0032-578a30a3d99b,100074,578a30a3d99b889ef54bf7c32ec23931dabe1e486d9904d2911c62c443911736,0.0,30,1,461
575420f2b00cc9589e7715c0f0b53bac8fb47f3cb1d586e1ebda859f1d5bb1b7,MT50,robustness_noise_40,basketball-v3,1,33,MT-ACT + Heuristic-Gated Learned Recovery,0,2,0,500,01-0033-ed19292e6f72,100075,ed19292e6f72c197caa385903331a5594d94763795b638434ceb8db7af46c883,0.0,49,1,442
575420f2b00cc9589e7715c0f0b53bac8fb47f3cb1d586e1ebda859f1d5bb1b7,MT50,robustness_noise_40,basketball-v3,1,34,MT-ACT + Heuristic-Gated Learned Recovery,0,2,0,500,01-0034-95c6d55cbca9,100076,95c6d55cbca9d26e0286fae764ffa46f140641c47798586d3aa66e312ee695dd,0.0,30,1,461
575420f2b00cc9589e7715c0f0b53bac8fb47f3cb1d586e1ebda859f1d5bb1b7,MT50,robustness_noise_40,basketball-v3,1,35,MT-ACT + Heuristic-Gated Learned Recovery,0,2,0,500,01-0035-7a75f5ea9ba2,100077,7a75f5ea9ba250e2fc5a5612886ccb1516082ab1653c0d27077ec61c58941ce5,0.0,30,1,461
575420f2b00cc9589e7715c0f0b53bac8fb47f3cb1d586e1ebda859f1d5bb1b7,MT50,robustness_noise_40,basketball-v3,1,36,MT-ACT + Heuristic-Gated Learned Recovery,0,2,0,500,01-0036-6697e316c1ae,100078,6697e316c1aeecb8d5af16cbf9b8012f3e0e6927c81ea20f3b69b7713a90b8c7,0.0,49,1,442
575420f2b00cc9589e7715c0f0b53bac8fb47f3cb1d586e1ebda859f1d5bb1b7,MT50,robustness_noise_40,basketball-v3,1,37,MT-ACT + Heuristic-Gated Learned Recovery,0,2,0,500,01-0037-1765b082827a,100079,1765b082827a9c7863194b98eb1f4dfbda9d7a1a37557901a38910c149d9a7e4,0.0,30,1,461
575420f2b00cc9589e7715c0f0b53bac8fb47f3cb1d586e1ebda859f1d5bb1b7,MT50,robustness_noise_40,basketball-v3,1,38,MT-ACT + Heuristic-Gated Learned Recovery,0,2,0,500,01-0038-04f1b6b948bb,100080,04f1b6b948bbda39fef87ddf12d48d1d3d8c3a758be5898fe6334fa5b44a210d,0.0,30,1,461
575420f2b00cc9589e7715c0f0b53bac8fb47f3cb1d586e1ebda859f1d5bb1b7,MT50,robustness_noise_40,basketball-v3,1,39,MT-ACT + Heuristic-Gated Learned Recovery,0,2,0,500,01-0039-45dd67084c32,100081,45dd67084c329f6e2d29db2a3946d3ffc3f56fd07c3fed966013f3d5783cb8ab,0.0,30,1,461
575420f2b00cc9589e7715c0f0b53bac8fb47f3cb1d586e1ebda859f1d5bb1b7,MT50,robustness_noise_40,basketball-v3,1,40,MT-ACT + Heuristic-Gated Learned Recovery,1,1,1,149,01-0040-5826014f8dbb,100082,5826014f8dbbe78455e2b063fff852ed6091ff6561cbda9db069b1801f210b26,0.0,30,1,119
575420f2b00cc9589e7715c0f0b53bac8fb47f3cb1d586e1ebda859f1d5bb1b7,MT50,robustness_noise_40,basketball-v3,1,41,MT-ACT + Heuristic-Gated Learned Recovery,0,2,0,500,01-0041-196503d5c187,100083,196503d5c18748f14e4355cf8a87ec0698501110cebb2e622f03a56a3e4addbe,0.0,30,1,461
575420f2b00cc9589e7715c0f0b53bac8fb47f3cb1d586e1ebda859f1d5bb1b7,MT50,robustness_noise_40,basketball-v3,1,42,MT-ACT + Heuristic-Gated Learned Recovery,0,2,0,500,01-0042-244ac6382ff0,100084,244ac6382ff075cf3e3eed8c22485b3fcccce82fbb8ece73405b9df1d706e559,0.0,30,1,461
575420f2b00cc9589e7715c0f0b53bac8fb47f3cb1d586e1ebda859f1d5bb1b7,MT50,robustness_noise_40,basketball-v3,1,43,MT-ACT + Heuristic-Gated Learned Recovery,0,2,0,500,01-0043-e8e8e2f28fc2,100085,e8e8e2f28fc2fbcb8b53e57d97864956d81aea68a0536151626f1ccc53f86b73,0.0,30,1,461
575420f2b00cc9589e7715c0f0b53bac8fb47f3cb1d586e1ebda859f1d5bb1b7,MT50,robustness_noise_40,basketball-v3,1,44,MT-ACT + Heuristic-Gated Learned Recovery,0,2,0,500,01-0044-3a907d9d6799,100086,3a907d9d6799ad04384613d2384ded4b7ff053c2711f76f02460e11404925d5c,0.0,30,1,461
575420f2b00cc9589e7715c0f0b53bac8fb47f3cb1d586e1ebda859f1d5bb1b7,MT50,robustness_noise_40,basketball-v3,1,45,MT-ACT + Heuristic-Gated Learned Recovery,0,2,0,500,01-0045-4ef907c023c6,100087,4ef907c023c6e222886ff14f1ca4dcb3f8a0422115d350cbe635294484f07940,0.0,30,1,461
575420f2b00cc9589e7715c0f0b53bac8fb47f3cb1d586e1ebda859f1d5bb1b7,MT50,robustness_noise_40,basketball-v3,1,46,MT-ACT + Heuristic-Gated Learned Recovery,0,2,0,500,01-0046-5888633814a0,100088,5888633814a0850c72b6e9b4f1f1e39207df5983c8f1e2ca1c80bac5956f6b46,0.0,30,1,461
575420f2b00cc9589e7715c0f0b53bac8fb47f3cb1d586e1ebda859f1d5bb1b7,MT50,robustness_noise_40,basketball-v3,1,47,MT-ACT + Heuristic-Gated Learned Recovery,0,2,0,500,01-0047-80485fb067f2,100089,80485fb067f22c3c2d54939b2372505bc80b00d49e1d7b36e4e22b1093f6f715,0.0,30,1,446
575420f2b00cc9589e7715c0f0b53bac8fb47f3cb1d586e1ebda859f1d5bb1b7,MT50,robustness_noise_40,basketball-v3,1,48,MT-ACT + Heuristic-Gated Learned Recovery,0,2,0,500,01-0048-a236392fde27,100090,a236392fde274f92e3ab7f0231a9bb7c0719f58b70913af10dac27511816d041,0.0,30,1,461
575420f2b00cc9589e7715c0f0b53bac8fb47f3cb1d586e1ebda859f1d5bb1b7,MT50,robustness_noise_40,basketball-v3,1,49,MT-ACT + Heuristic-Gated Learned Recovery,0,2,0,500,01-0049-a6cae9d6c363,100091,a6cae9d6c363aedcb0dd45ecdb91c0913f978eadd77959674a8db2f596a772e0,0.0,30,1,453
575420f2b00cc9589e7715c0f0b53bac8fb47f3cb1d586e1ebda859f1d5bb1b7,MT50,robustness_noise_40,button-press-topdown-wall-v3,5,0,MT-ACT + Heuristic-Gated Learned Recovery,0,2,0,500,05-0000-e3b037ff19d0,500042,e3b037ff19d0f39ce68be8c45a8353b04a31b8bf914dd9bcddad5407b9d1c905,0.0,69,1,381
575420f2b00cc9589e7715c0f0b53bac8fb47f3cb1d586e1ebda859f1d5bb1b7,MT50,robustness_noise_40,button-press-topdown-wall-v3,5,1,MT-ACT + Heuristic-Gated Learned Recovery,1,1,1,89,05-0001-b796fda256c4,500043,b796fda256c404a3295b700e172dc8c2e8727beda775cfb71e05c894a65e0eff,0.0,30,1,59
575420f2b00cc9589e7715c0f0b53bac8fb47f3cb1d586e1ebda859f1d5bb1b7,MT50,robustness_noise_40,button-press-topdown-wall-v3,5,2,MT-ACT + Heuristic-Gated Learned Recovery,1,1,1,90,05-0002-721c5cf6e5e0,500044,721c5cf6e5e01dfa3b416cb7a3decbf35168f06e64f059386ebc5d78b1431490,0.0,30,1,60
575420f2b00cc9589e7715c0f0b53bac8fb47f3cb1d586e1ebda859f1d5bb1b7,MT50,robustness_noise_40,button-press-topdown-wall-v3,5,3,MT-ACT + Heuristic-Gated Learned Recovery,1,1,1,83,05-0003-aed7f12630bc,500045,aed7f12630bca7f6d8d4e5826fe589786cc931ebea37352da3d3c1e9eb1864fd,0.0,30,1,53
575420f2b00cc9589e7715c0f0b53bac8fb47f3cb1d586e1ebda859f1d5bb1b7,MT50,robustness_noise_40,button-press-topdown-wall-v3,5,4,MT-ACT + Heuristic-Gated Learned Recovery,0,1,0,500,05-0004-8b53b0ff8b35,500046,8b53b0ff8b35b3becf1406c7234ba98d1f80bab14deee80977c98e7d066207ae,0.0,53,1,250
575420f2b00cc9589e7715c0f0b53bac8fb47f3cb1d586e1ebda859f1d5bb1b7,MT50,robustness_noise_40,button-press-topdown-wall-v3,5,5,MT-ACT + Heuristic-Gated Learned Recovery,1,1,1,98,05-0005-4c30e89ef63a,500047,4c30e89ef63a5b5ba356e06c8d40a8cb04e13e663ff57b5c1d4e6fe4982d91d7,0.0,38,1,60
575420f2b00cc9589e7715c0f0b53bac8fb47f3cb1d586e1ebda859f1d5bb1b7,MT50,robustness_noise_40,button-press-topdown-wall-v3,5,6,MT-ACT + Heuristic-Gated Learned Recovery,0,2,0,500,05-0006-4c5844953ea6,500048,4c5844953ea6eee18f44cd9b46a07fc22083c74448a69efb185c66ca8cd7dd68,0.0,70,1,421
575420f2b00cc9589e7715c0f0b53bac8fb47f3cb1d586e1ebda859f1d5bb1b7,MT50,robustness_noise_40,button-press-topdown-wall-v3,5,7,MT-ACT + Heuristic-Gated Learned Recovery,0,2,0,500,05-0007-d38e94be7adf,500049,d38e94be7adf501239bb13e41f75d338e0b9ff7cadd763a1a25f79670b6fe1fd,0.0,68,1,423
575420f2b00cc9589e7715c0f0b53bac8fb47f3cb1d586e1ebda859f1d5bb1b7,MT50,robustness_noise_40,button-press-topdown-wall-v3,5,8,MT-ACT + Heuristic-Gated Learned Recovery,0,2,0,500,05-0008-329c8d5dcdbe,500050,329c8d5dcdbef783e49f77dd26ff64f6b01dfef3ca8ca5fd81503f21e8883774,0.0,41,1,450
575420f2b00cc9589e7715c0f0b53bac8fb47f3cb1d586e1ebda859f1d5bb1b7,MT50,robustness_noise_40,button-press-topdown-wall-v3,5,9,MT-ACT + Heuristic-Gated Learned Recovery,0,2,0,500,05-0009-6dd916d37880,500051,6dd916d37880dda1a26002e537849ee9a04e069f61f5c1df63a343f4056567c7,0.0,61,1,389
575420f2b00cc9589e7715c0f0b53bac8fb47f3cb1d586e1ebda859f1d5bb1b7,MT50,robustness_noise_40,button-press-topdown-wall-v3,5,10,MT-ACT + Heuristic-Gated Learned Recovery,1,1,1,100,05-0010-dd1e97cea6ab,500052,dd1e97cea6ab2aea4c87fbfda9363000f2c613ba16925d925c880674835ace84,0.0,30,1,70
575420f2b00cc9589e7715c0f0b53bac8fb47f3cb1d586e1ebda859f1d5bb1b7,MT50,robustness_noise_40,button-press-topdown-wall-v3,5,11,MT-ACT + Heuristic-Gated Learned Recovery,0,2,0,500,05-0011-dd6b3b74e9c8,500053,dd6b3b74e9c8c0ab2f2bfd736d2449e43f9178803c8a81bb833663826470fc65,0.0,65,1,426
575420f2b00cc9589e7715c0f0b53bac8fb47f3cb1d586e1ebda859f1d5bb1b7,MT50,robustness_noise_40,button-press-topdown-wall-v3,5,12,MT-ACT + Heuristic-Gated Learned Recovery,1,1,1,107,05-0012-cb5799cee592,500054,cb5799cee592bff16035861eff5fce285ad2324641cf678e468ffa4b6e7bbcb8,0.0,46,1,61
575420f2b00cc9589e7715c0f0b53bac8fb47f3cb1d586e1ebda859f1d5bb1b7,MT50,robustness_noise_40,button-press-topdown-wall-v3,5,13,MT-ACT + Heuristic-Gated Learned Recovery,1,1,1,94,05-0013-c2cdc413e284,500055,c2cdc413e284ebb5f9411ee9b084b785f9904106b5deb62dbd2b925bc05897b2,0.0,30,1,64
575420f2b00cc9589e7715c0f0b53bac8fb47f3cb1d586e1ebda859f1d5bb1b7,MT50,robustness_noise_40,button-press-topdown-wall-v3,5,14,MT-ACT + Heuristic-Gated Learned Recovery,1,1,1,98,05-0014-5be35ea38660,500056,5be35ea38660cb6593d7dbb21cb59b6ac635c6637bff86a139f573d219c1f941,0.0,30,1,68
575420f2b00cc9589e7715c0f0b53bac8fb47f3cb1d586e1ebda859f1d5bb1b7,MT50,robustness_noise_40,button-press-topdown-wall-v3,5,15,MT-ACT + Heuristic-Gated Learned Recovery,1,1,1,141,05-0015-3a81ca73d0e9,500057,3a81ca73d0e9aa120a1c2ec2d9d59085097d314e491597ca653a5f23e8005921,0.0,75,1,66
575420f2b00cc9589e7715c0f0b53bac8fb47f3cb1d586e1ebda859f1d5bb1b7,MT50,robustness_noise_40,button-press-topdown-wall-v3,5,16,MT-ACT + Heuristic-Gated Learned Recovery,0,2,0,500,05-0016-3890a4bdbdc1,500058,3890a4bdbdc1085fc9e63b86be35ee607ff3f7b1383679e5a6f7c69974601117,0.0,83,1,408
575420f2b00cc9589e7715c0f0b53bac8fb47f3cb1d586e1ebda859f1d5bb1b7,MT50,robustness_noise_40,button-press-topdown-wall-v3,5,17,MT-ACT + Heuristic-Gated Learned Recovery,0,2,0,500,05-0017-5935e25b7165,500059,5935e25b716555cf4c09cf4e56de9c66ae33df9c017e8da2d98d850a5f47bbe3,0.0,57,1,434
575420f2b00cc9589e7715c0f0b53bac8fb47f3cb1d586e1ebda859f1d5bb1b7,MT50,robustness_noise_40,button-press-topdown-wall-v3,5,18,MT-ACT + Heuristic-Gated Learned Recovery,1,1,1,96,05-0018-640c4536e792,500060,640c4536e792446156801b848f525a339edb3c8744252629f66c1a2bbf077b6e,0.0,30,1,66
575420f2b00cc9589e7715c0f0b53bac8fb47f3cb1d586e1ebda859f1d5bb1b7,MT50,robustness_noise_40,button-press-topdown-wall-v3,5,19,MT-ACT + Heuristic-Gated Learned Recovery,0,2,0,500,05-0019-3883b04eab7a,500061,3883b04eab7a5fdf5e5475796d19035a227acad931141ce294b4562fb1d437b1,0.0,66,1,425
575420f2b00cc9589e7715c0f0b53bac8fb47f3cb1d586e1ebda859f1d5bb1b7,MT50,robustness_noise_40,button-press-topdown-wall-v3,5,20,MT-ACT + Heuristic-Gated Learned Recovery,1,1,1,111,05-0020-4c9a5660624d,500062,4c9a5660624df85de126f43783aa968271e448ddcbe1cd7289d03ba6afa56ea8,0.0,49,1,62
575420f2b00cc9589e7715c0f0b53bac8fb47f3cb1d586e1ebda859f1d5bb1b7,MT50,robustness_noise_40,button-press-topdown-wall-v3,5,21,MT-ACT + Heuristic-Gated Learned Recovery,0,2,0,500,05-0021-9994a7f79ec7,500063,9994a7f79ec71dbfe23c4a89ad4b97d20c9fc48f0e95e595f4aa918959cf0c86,0.0,76,1,415
575420f2b00cc9589e7715c0f0b53bac8fb47f3cb1d586e1ebda859f1d5bb1b7,MT50,robustness_noise_40,button-press-topdown-wall-v3,5,22,MT-ACT + Heuristic-Gated Learned Recovery,0,2,0,500,05-0022-1ccba1d1188a,500064,1ccba1d1188a2963c946b0d0805385ef2e5c2a437f1c9b0e55bfba18797148e3,0.0,47,1,416
575420f2b00cc9589e7715c0f0b53bac8fb47f3cb1d586e1ebda859f1d5bb1b7,MT50,robustness_noise_40,button-press-topdown-wall-v3,5,23,MT-ACT + Heuristic-Gated Learned Recovery,0,2,0,500,05-0023-cd65e8f0646a,500065,cd65e8f0646ab678a4cec740b42fc58a83b51200edc26009e29fdf6ce8262bdd,0.0,58,1,433
575420f2b00cc9589e7715c0f0b53bac8fb47f3cb1d586e1ebda859f1d5bb1b7,MT50,robustness_noise_40,button-press-topdown-wall-v3,5,24,MT-ACT + Heuristic-Gated Learned Recovery,1,1,1,91,05-0024-7a72c7679822,500066,7a72c7679822e4e7d0aa71ba41251cf1b6143ef34a5ac87b48084165df5e65ba,0.0,30,1,61
575420f2b00cc9589e7715c0f0b53bac8fb47f3cb1d586e1ebda859f1d5bb1b7,MT50,robustness_noise_40,button-press-topdown-wall-v3,5,25,MT-ACT + Heuristic-Gated Learned Recovery,0,2,0,500,05-0025-d6f430d8ba44,500067,d6f430d8ba44aac44f4aa579fd5ec599e0026d079d37614862196a5e3fa82bb6,0.0,57,1,389
575420f2b00cc9589e7715c0f0b53bac8fb47f3cb1d586e1ebda859f1d5bb1b7,MT50,robustness_noise_40,button-press-topdown-wall-v3,5,26,MT-ACT + Heuristic-Gated Learned Recovery,0,2,0,500,05-0026-e4e21dd86d2e,500068,e4e21dd86d2e9c6a23ad65cebeae23633dbe7ce5a4ef10ac8a2c52ab0b54341c,0.0,106,1,260
575420f2b00cc9589e7715c0f0b53bac8fb47f3cb1d586e1ebda859f1d5bb1b7,MT50,robustness_noise_40,button-press-topdown-wall-v3,5,27,MT-ACT + Heuristic-Gated Learned Recovery,1,1,1,89,05-0027-9cf8797267ba,500069,9cf8797267ba7c9a6ac6da22c479f06eba1e511147ce8abc4201f662dda53a29,0.0,30,1,59
575420f2b00cc9589e7715c0f0b53bac8fb47f3cb1d586e1ebda859f1d5bb1b7,MT50,robustness_noise_40,button-press-topdown-wall-v3,5,28,MT-ACT + Heuristic-Gated Learned Recovery,1,1,1,91,05-0028-011152443c18,500070,011152443c185da8c3e80f22a81beb01f6786b61cf6a47707c081b71131b9d79,0.0,30,1,61
575420f2b00cc9589e7715c0f0b53bac8fb47f3cb1d586e1ebda859f1d5bb1b7,MT50,robustness_noise_40,button-press-topdown-wall-v3,5,29,MT-ACT + Heuristic-Gated Learned Recovery,1,1,1,139,05-0029-b0c6071a5599,500071,b0c6071a55993949c5ba6b5c3aac259c922656733a64ef4745c0f34b9bd71324,0.0,80,1,59
575420f2b00cc9589e7715c0f0b53bac8fb47f3cb1d586e1ebda859f1d5bb1b7,MT50,robustness_noise_40,button-press-topdown-wall-v3,5,30,MT-ACT + Heuristic-Gated Learned Recovery,0,2,0,500,05-0030-7bc0a1f23cb2,500072,7bc0a1f23cb2ed27f98e7801ae7e08ffa6a83755f8e8762e81db61dc23afa551,0.0,67,1,267
575420f2b00cc9589e7715c0f0b53bac8fb47f3cb1d586e1ebda859f1d5bb1b7,MT50,robustness_noise_40,button-press-topdown-wall-v3,5,31,MT-ACT + Heuristic-Gated Learned Recovery,1,1,1,82,05-0031-9c5734ca2f02,500073,9c5734ca2f0229d5266e706c0fd883eb1b762b2e4e447e8993ad48dd17942acf,0.0,30,1,52
575420f2b00cc9589e7715c0f0b53bac8fb47f3cb1d586e1ebda859f1d5bb1b7,MT50,robustness_noise_40,button-press-topdown-wall-v3,5,32,MT-ACT + Heuristic-Gated Learned Recovery,0,2,0,500,05-0032-0d9fca620062,500074,0d9fca620062b2a302d44e9852cfba3a6413c36962e06c97590e0c7d47f141a4,0.0,46,1,439
575420f2b00cc9589e7715c0f0b53bac8fb47f3cb1d586e1ebda859f1d5bb1b7,MT50,robustness_noise_40,button-press-topdown-wall-v3,5,33,MT-ACT + Heuristic-Gated Learned Recovery,0,2,0,500,05-0033-4faa4ada9538,500075,4faa4ada9538134a671c2cacd1070dea36baeefc6eec75ac7a7aac49d13b9a7b,0.0,53,1,393
575420f2b00cc9589e7715c0f0b53bac8fb47f3cb1d586e1ebda859f1d5bb1b7,MT50,robustness_noise_40,button-press-topdown-wall-v3,5,34,MT-ACT + Heuristic-Gated Learned Recovery,1,1,1,111,05-0034-5b8b666714a0,500076,5b8b666714a050f41f593f9ad7a929da6e825d254b931f8ba736ea3bbc95bcad,0.0,42,1,69
575420f2b00cc9589e7715c0f0b53bac8fb47f3cb1d586e1ebda859f1d5bb1b7,MT50,robustness_noise_40,button-press-topdown-wall-v3,5,35,MT-ACT + Heuristic-Gated Learned Recovery,0,2,0,500,05-0035-ba7edf5d9998,500077,ba7edf5d9998f67036940e72aa9e4e7bd354479c7bc721f488c7c82f515240e0,0.0,47,1,444
575420f2b00cc9589e7715c0f0b53bac8fb47f3cb1d586e1ebda859f1d5bb1b7,MT50,robustness_noise_40,button-press-topdown-wall-v3,5,36,MT-ACT + Heuristic-Gated Learned Recovery,0,2,0,500,05-0036-7a0d67ea7525,500078,7a0d67ea7525798edc140fbad239ab546c0daa1b31bd9afb74ba8df6b00f34bf,0.0,77,1,414
575420f2b00cc9589e7715c0f0b53bac8fb47f3cb1d586e1ebda859f1d5bb1b7,MT50,robustness_noise_40,button-press-topdown-wall-v3,5,37,MT-ACT + Heuristic-Gated Learned Recovery,1,1,1,101,05-0037-b0469adbbb10,500079,b0469adbbb103e8132123c2f2c0178fe45c71b935b35ddc8d09b56527fb58e74,0.0,39,1,62
575420f2b00cc9589e7715c0f0b53bac8fb47f3cb1d586e1ebda859f1d5bb1b7,MT50,robustness_noise_40,button-press-topdown-wall-v3,5,38,MT-ACT + Heuristic-Gated Learned Recovery,0,2,0,500,05-0038-6ef8744cd811,500080,6ef8744cd811967cf9563785abe02a372dd6898ccc72c9210c6cef94229d03ec,0.0,37,1,409
575420f2b00cc9589e7715c0f0b53bac8fb47f3cb1d586e1ebda859f1d5bb1b7,MT50,robustness_noise_40,button-press-topdown-wall-v3,5,39,MT-ACT + Heuristic-Gated Learned Recovery,1,1,1,199,05-0039-e8e04a336cd9,500081,e8e04a336cd9c8252ea728e41c40ba9507926715263d860ce16e180ea25aef1f,0.0,132,1,67
575420f2b00cc9589e7715c0f0b53bac8fb47f3cb1d586e1ebda859f1d5bb1b7,MT50,robustness_noise_40,button-press-topdown-wall-v3,5,40,MT-ACT + Heuristic-Gated Learned Recovery,0,2,0,500,05-0040-b44d1e3c7956,500082,b44d1e3c7956b5d863e07e92cf4ab50d3d8c28159f82ea08430798719bae1ad5,0.0,111,1,380
575420f2b00cc9589e7715c0f0b53bac8fb47f3cb1d586e1ebda859f1d5bb1b7,MT50,robustness_noise_40,button-press-topdown-wall-v3,5,41,MT-ACT + Heuristic-Gated Learned Recovery,1,1,1,105,05-0041-7ca748346af2,500083,7ca748346af27b7721dbd08e986ab8360930f4550413d6caf06a6b61d69ae23c,0.0,50,1,55
575420f2b00cc9589e7715c0f0b53bac8fb47f3cb1d586e1ebda859f1d5bb1b7,MT50,robustness_noise_40,button-press-topdown-wall-v3,5,42,MT-ACT + Heuristic-Gated Learned Recovery,0,2,0,500,05-0042-80d81019141c,500084,80d81019141c474cd42d0944b2d1045139bf2a1dbc595cc7ef74b1fec01d73fb,0.0,38,1,453
575420f2b00cc9589e7715c0f0b53bac8fb47f3cb1d586e1ebda859f1d5bb1b7,MT50,robustness_noise_40,button-press-topdown-wall-v3,5,43,MT-ACT + Heuristic-Gated Learned Recovery,0,2,0,500,05-0043-4ce9eb2c13e5,500085,4ce9eb2c13e5a8ed58d2a313ecfcf8506ba92018bb6d00e8adc2585e3622e7b2,0.0,82,1,369
575420f2b00cc9589e7715c0f0b53bac8fb47f3cb1d586e1ebda859f1d5bb1b7,MT50,robustness_noise_40,button-press-topdown-wall-v3,5,44,MT-ACT + Heuristic-Gated Learned Recovery,0,2,0,500,05-0044-e6671970547b,500086,e6671970547be46a8955ddcbd05ec0380edf3459cebcb097d2767bce49cc90f4,0.0,79,1,412
575420f2b00cc9589e7715c0f0b53bac8fb47f3cb1d586e1ebda859f1d5bb1b7,MT50,robustness_noise_40,button-press-topdown-wall-v3,5,45,MT-ACT + Heuristic-Gated Learned Recovery,0,2,0,500,05-0045-5694147e6740,500087,5694147e67403384671e3a4dd4e8d41a7ba696ca60fda1578beda910feac646a,0.0,45,1,446
575420f2b00cc9589e7715c0f0b53bac8fb47f3cb1d586e1ebda859f1d5bb1b7,MT50,robustness_noise_40,button-press-topdown-wall-v3,5,46,MT-ACT + Heuristic-Gated Learned Recovery,0,2,0,500,05-0046-9d882b612e91,500088,9d882b612e918d2d08ee555163ddf0cd169c95ed546fa66cf6ab5d5db71048d8,0.0,45,1,423
575420f2b00cc9589e7715c0f0b53bac8fb47f3cb1d586e1ebda859f1d5bb1b7,MT50,robustness_noise_40,button-press-topdown-wall-v3,5,47,MT-ACT + Heuristic-Gated Learned Recovery,0,2,0,500,05-0047-8d37f18f64d7,500089,8d37f18f64d70c661a108ed256d49c9b8d0d3c39964170196c6aaab472dd88a2,0.0,92,1,399
575420f2b00cc9589e7715c0f0b53bac8fb47f3cb1d586e1ebda859f1d5bb1b7,MT50,robustness_noise_40,button-press-topdown-wall-v3,5,48,MT-ACT + Heuristic-Gated Learned Recovery,1,1,1,96,05-0048-0982e817a3a9,500090,0982e817a3a91a6e119671e52ec85510955d5de4debe8860ee6b1f1948d95d93,0.0,30,1,66
575420f2b00cc9589e7715c0f0b53bac8fb47f3cb1d586e1ebda859f1d5bb1b7,MT50,robustness_noise_40,button-press-topdown-wall-v3,5,49,MT-ACT + Heuristic-Gated Learned Recovery,1,1,1,88,05-0049-046843626bd8,500091,046843626bd82baab1492603bae446abd826668c90fa3affbbfa9474bc196c4f,0.0,30,1,58
575420f2b00cc9589e7715c0f0b53bac8fb47f3cb1d586e1ebda859f1d5bb1b7,MT50,robustness_noise_40,coffee-pull-v3,9,0,MT-ACT + Heuristic-Gated Learned Recovery,0,2,0,500,09-0000-c4945a00227a,900042,c4945a00227ac46566e31a5ea1c48b2fd2953a0889a2deb19cd9823be6a841d6,0.0,30,1,461
575420f2b00cc9589e7715c0f0b53bac8fb47f3cb1d586e1ebda859f1d5bb1b7,MT50,robustness_noise_40,coffee-pull-v3,9,1,MT-ACT + Heuristic-Gated Learned Recovery,1,1,1,116,09-0001-a98bff02cfe2,900043,a98bff02cfe2307de3e01665407c0ad84ee14a311c9fea7965412c5a9b2df5e1,0.0,30,1,86
575420f2b00cc9589e7715c0f0b53bac8fb47f3cb1d586e1ebda859f1d5bb1b7,MT50,robustness_noise_40,coffee-pull-v3,9,2,MT-ACT + Heuristic-Gated Learned Recovery,0,2,0,500,09-0002-c5ffaff8ef6e,900044,c5ffaff8ef6e5038df3d9526cc919c67fd120dd244dd2cccee4907e6a579a1e5,0.0,30,1,461
575420f2b00cc9589e7715c0f0b53bac8fb47f3cb1d586e1ebda859f1d5bb1b7,MT50,robustness_noise_40,coffee-pull-v3,9,3,MT-ACT + Heuristic-Gated Learned Recovery,0,2,0,500,09-0003-6eba10647d63,900045,6eba10647d6325f8e64d85c955fe3358788cfa1d71b7efe9be965b1d51872bec,0.0,30,1,461
575420f2b00cc9589e7715c0f0b53bac8fb47f3cb1d586e1ebda859f1d5bb1b7,MT50,robustness_noise_40,coffee-pull-v3,9,4,MT-ACT + Heuristic-Gated Learned Recovery,0,2,0,500,09-0004-f51df7422674,900046,f51df7422674da425178820e41b113e0df21cd0c1a067539c6cf331b6fe4cd34,0.0,30,1,461
575420f2b00cc9589e7715c0f0b53bac8fb47f3cb1d586e1ebda859f1d5bb1b7,MT50,robustness_noise_40,coffee-pull-v3,9,5,MT-ACT + Heuristic-Gated Learned Recovery,0,2,0,500,09-0005-484f68c9e5e0,900047,484f68c9e5e0334c68d5c3c3a324492483ce7ba9125fa97686f67ecea489f364,0.0,30,1,461
575420f2b00cc9589e7715c0f0b53bac8fb47f3cb1d586e1ebda859f1d5bb1b7,MT50,robustness_noise_40,coffee-pull-v3,9,6,MT-ACT + Heuristic-Gated Learned Recovery,0,2,0,500,09-0006-9c5c28ed1f2b,900048,9c5c28ed1f2b450bb076ec23772cdb5ea1098695d6629617ad1cb37e9a91ebfb,0.0,30,1,461
575420f2b00cc9589e7715c0f0b53bac8fb47f3cb1d586e1ebda859f1d5bb1b7,MT50,robustness_noise_40,coffee-pull-v3,9,7,MT-ACT + Heuristic-Gated Learned Recovery,0,2,0,500,09-0007-43fa43c8636b,900049,43fa43c8636be89703437142af7b9c9b3aa1199e3bb1c3be861f1b14a51685f6,0.0,30,1,461
575420f2b00cc9589e7715c0f0b53bac8fb47f3cb1d586e1ebda859f1d5bb1b7,MT50,robustness_noise_40,coffee-pull-v3,9,8,MT-ACT + Heuristic-Gated Learned Recovery,0,2,0,500,09-0008-6c5ea33ceb3f,900050,6c5ea33ceb3f679e7a330e4daafd8741e002069eb28560d96dbbc8f1bb3aa13b,0.0,30,1,461
575420f2b00cc9589e7715c0f0b53bac8fb47f3cb1d586e1ebda859f1d5bb1b7,MT50,robustness_noise_40,coffee-pull-v3,9,9,MT-ACT + Heuristic-Gated Learned Recovery,0,2,0,500,09-0009-1383bbbbe9ce,900051,1383bbbbe9cedc778867f8b466acc0dd7f9eaa389e8c4b8507715c6f11aa8ca5,0.0,30,1,461
575420f2b00cc9589e7715c0f0b53bac8fb47f3cb1d586e1ebda859f1d5bb1b7,MT50,robustness_noise_40,coffee-pull-v3,9,10,MT-ACT + Heuristic-Gated Learned Recovery,1,1,1,101,09-0010-971f04ab0f0d,900052,971f04ab0f0d6051e5ac65f02bbbb5157421dc4701d010db9b3f8d6603162f43,0.0,30,1,71
575420f2b00cc9589e7715c0f0b53bac8fb47f3cb1d586e1ebda859f1d5bb1b7,MT50,robustness_noise_40,coffee-pull-v3,9,11,MT-ACT + Heuristic-Gated Learned Recovery,1,1,1,113,09-0011-c33ee42394a9,900053,c33ee42394a99f25cc9d608ed91d229f87b2416b3e4df932051a6813fd179376,0.0,30,1,83
575420f2b00cc9589e7715c0f0b53bac8fb47f3cb1d586e1ebda859f1d5bb1b7,MT50,robustness_noise_40,coffee-pull-v3,9,12,MT-ACT + Heuristic-Gated Learned Recovery,0,2,0,500,09-0012-96e58f48e24a,900054,96e58f48e24a13d058467ef41be1def4783265930a0ae6acb763306252ce29b8,0.0,30,1,461
575420f2b00cc9589e7715c0f0b53bac8fb47f3cb1d586e1ebda859f1d5bb1b7,MT50,robustness_noise_40,coffee-pull-v3,9,13,MT-ACT + Heuristic-Gated Learned Recovery,0,2,0,500,09-0013-cff48cfdb76b,900055,cff48cfdb76b43d012c42198232be95c674223a712347b891fcb1e23dbd3691e,0.0,30,1,461
575420f2b00cc9589e7715c0f0b53bac8fb47f3cb1d586e1ebda859f1d5bb1b7,MT50,robustness_noise_40,coffee-pull-v3,9,14,MT-ACT + Heuristic-Gated Learned Recovery,1,1,1,103,09-0014-016009887dd8,900056,016009887dd8194ed54367e4e922bb8007e3806f725302fcb174b1797efa5f86,0.0,30,1,73
575420f2b00cc9589e7715c0f0b53bac8fb47f3cb1d586e1ebda859f1d5bb1b7,MT50,robustness_noise_40,coffee-pull-v3,9,15,MT-ACT + Heuristic-Gated Learned Recovery,1,1,1,114,09-0015-0f9b17f022cf,900057,0f9b17f022cfb8a6487c54ceaaa9a6d6ca9f29ea57d0bd7c6f8fa225ddf8b9d7,0.0,30,1,84
575420f2b00cc9589e7715c0f0b53bac8fb47f3cb1d586e1ebda859f1d5bb1b7,MT50,robustness_noise_40,coffee-pull-v3,9,16,MT-ACT + Heuristic-Gated Learned Recovery,0,2,0,500,09-0016-3ef22ed05e6e,900058,3ef22ed05e6e9570829b33e955e193407f13297e7162bbee1ba894d49f7e74e4,0.0,30,1,461
575420f2b00cc9589e7715c0f0b53bac8fb47f3cb1d586e1ebda859f1d5bb1b7,MT50,robustness_noise_40,coffee-pull-v3,9,17,MT-ACT + Heuristic-Gated Learned Recovery,1,1,1,91,09-0017-0be8ae28106d,900059,0be8ae28106d5b9f54b74847a2f839016cd31d54b886ba9ef4807bc085d33a3d,0.0,30,1,61
575420f2b00cc9589e7715c0f0b53bac8fb47f3cb1d586e1ebda859f1d5bb1b7,MT50,robustness_noise_40,coffee-pull-v3,9,18,MT-ACT + Heuristic-Gated Learned Recovery,0,2,0,500,09-0018-cdac185d3c98,900060,cdac185d3c98b69979b0ccdd7e14a26e02260c7283f784df07a0ec09a8cb786c,0.0,30,1,461
575420f2b00cc9589e7715c0f0b53bac8fb47f3cb1d586e1ebda859f1d5bb1b7,MT50,robustness_noise_40,coffee-pull-v3,9,19,MT-ACT + Heuristic-Gated Learned Recovery,0,2,0,500,09-0019-f3cf59561ea4,900061,f3cf59561ea4798dbd52fe4ae5d5bdd77ced43a0329c490f2983d1f0da4ea07e,0.0,30,1,461
575420f2b00cc9589e7715c0f0b53bac8fb47f3cb1d586e1ebda859f1d5bb1b7,MT50,robustness_noise_40,coffee-pull-v3,9,20,MT-ACT + Heuristic-Gated Learned Recovery,0,2,0,500,09-0020-0f73a341232d,900062,0f73a341232d65347d31de559fb21b918404bbf9700970ca983f2b39c759b254,0.0,30,1,461
575420f2b00cc9589e7715c0f0b53bac8fb47f3cb1d586e1ebda859f1d5bb1b7,MT50,robustness_noise_40,coffee-pull-v3,9,21,MT-ACT + Heuristic-Gated Learned Recovery,0,2,0,500,09-0021-650ca8c16540,900063,650ca8c16540d30700d5a81fbbc165d000063dfa50cfb5b70fc4058a1daf58b9,0.0,30,1,461
575420f2b00cc9589e7715c0f0b53bac8fb47f3cb1d586e1ebda859f1d5bb1b7,MT50,robustness_noise_40,coffee-pull-v3,9,22,MT-ACT + Heuristic-Gated Learned Recovery,1,1,1,136,09-0022-7670eaeafbb4,900064,7670eaeafbb4a310bc7d17cc82fae0195bf57dc1572d88432652d6cb20276f06,0.0,30,1,106
575420f2b00cc9589e7715c0f0b53bac8fb47f3cb1d586e1ebda859f1d5bb1b7,MT50,robustness_noise_40,coffee-pull-v3,9,23,MT-ACT + Heuristic-Gated Learned Recovery,0,2,0,500,09-0023-2377c8726522,900065,2377c87265225cb15e2c180d6631d5bd5fbf3626cacefbf358bd7cc7929b6a48,0.0,30,1,461
575420f2b00cc9589e7715c0f0b53bac8fb47f3cb1d586e1ebda859f1d5bb1b7,MT50,robustness_noise_40,coffee-pull-v3,9,24,MT-ACT + Heuristic-Gated Learned Recovery,1,1,1,127,09-0024-9c3426f1f376,900066,9c3426f1f37685422902253fbf00648a897d111cc96f7b0ac9c44b274aed4fc2,0.0,30,1,97
575420f2b00cc9589e7715c0f0b53bac8fb47f3cb1d586e1ebda859f1d5bb1b7,MT50,robustness_noise_40,coffee-pull-v3,9,25,MT-ACT + Heuristic-Gated Learned Recovery,0,2,0,500,09-0025-4329a45610b8,900067,4329a45610b882019e30c72768b4e0fa812de4b5138625095677126581c11861,0.0,30,1,461
575420f2b00cc9589e7715c0f0b53bac8fb47f3cb1d586e1ebda859f1d5bb1b7,MT50,robustness_noise_40,coffee-pull-v3,9,26,MT-ACT + Heuristic-Gated Learned Recovery,0,2,0,500,09-0026-a8ed7dd1d5e2,900068,a8ed7dd1d5e24e87eff2916acada9bc4c5d2ae1ee563578469b099603d8e2f10,0.0,30,1,461
575420f2b00cc9589e7715c0f0b53bac8fb47f3cb1d586e1ebda859f1d5bb1b7,MT50,robustness_noise_40,coffee-pull-v3,9,27,MT-ACT + Heuristic-Gated Learned Recovery,0,2,0,500,09-0027-1af7c8a9251d,900069,1af7c8a9251dc1536b9560d8f6ef06578f9ebb2dc48d7ba458425306a9bfa1eb,0.0,30,1,461
575420f2b00cc9589e7715c0f0b53bac8fb47f3cb1d586e1ebda859f1d5bb1b7,MT50,robustness_noise_40,coffee-pull-v3,9,28,MT-ACT + Heuristic-Gated Learned Recovery,0,2,0,500,09-0028-2080f6ca4a71,900070,2080f6ca4a71f89dc748dea8e4c364d4b1013d64e8c82af62bc29594b40a3a49,0.0,30,1,461
575420f2b00cc9589e7715c0f0b53bac8fb47f3cb1d586e1ebda859f1d5bb1b7,MT50,robustness_noise_40,coffee-pull-v3,9,29,MT-ACT + Heuristic-Gated Learned Recovery,0,2,0,500,09-0029-63c1ceddd18d,900071,63c1ceddd18d311c651d10d2077ac7a83b49d0ee98c44aa44e1bc3f23af85727,0.0,30,1,461
575420f2b00cc9589e7715c0f0b53bac8fb47f3cb1d586e1ebda859f1d5bb1b7,MT50,robustness_noise_40,coffee-pull-v3,9,30,MT-ACT + Heuristic-Gated Learned Recovery,0,2,0,500,09-0030-cf516ed245bd,900072,cf516ed245bd9c6d71c2b25ae715abf7c63110125a227b9869b3c5e16fc93c1e,0.0,30,1,461
575420f2b00cc9589e7715c0f0b53bac8fb47f3cb1d586e1ebda859f1d5bb1b7,MT50,robustness_noise_40,coffee-pull-v3,9,31,MT-ACT + Heuristic-Gated Learned Recovery,1,1,1,110,09-0031-c6f2344d8e74,900073,c6f2344d8e74040c2e00e6dd6dde5ce826be8f15a324ff9711251e89d72dc8bd,0.0,30,1,80
575420f2b00cc9589e7715c0f0b53bac8fb47f3cb1d586e1ebda859f1d5bb1b7,MT50,robustness_noise_40,coffee-pull-v3,9,32,MT-ACT + Heuristic-Gated Learned Recovery,1,1,1,107,09-0032-a4f1ce460800,900074,a4f1ce460800a9258b588878d5403a8c2cabf42110f2e95035252121c875c43f,0.0,30,1,77
575420f2b00cc9589e7715c0f0b53bac8fb47f3cb1d586e1ebda859f1d5bb1b7,MT50,robustness_noise_40,coffee-pull-v3,9,33,MT-ACT + Heuristic-Gated Learned Recovery,0,2,0,500,09-0033-69a3d9cf63db,900075,69a3d9cf63db17525e083cbbabfc1a41ddd75945a88a69cd5d28dc5e67a9a8a4,0.0,30,1,461
575420f2b00cc9589e7715c0f0b53bac8fb47f3cb1d586e1ebda859f1d5bb1b7,MT50,robustness_noise_40,coffee-pull-v3,9,34,MT-ACT + Heuristic-Gated Learned Recovery,0,2,0,500,09-0034-bfb9d4d4f736,900076,bfb9d4d4f73640cb383dc788f18df50b98248981bd483a2acc5092e6abfe3e87,0.0,30,1,461
575420f2b00cc9589e7715c0f0b53bac8fb47f3cb1d586e1ebda859f1d5bb1b7,MT50,robustness_noise_40,coffee-pull-v3,9,35,MT-ACT + Heuristic-Gated Learned Recovery,0,2,0,500,09-0035-a9b241308817,900077,a9b241308817dc335a7c8a29e3e26cab533db29d228ddde0e6a89d04df958204,0.0,30,1,461
575420f2b00cc9589e7715c0f0b53bac8fb47f3cb1d586e1ebda859f1d5bb1b7,MT50,robustness_noise_40,coffee-pull-v3,9,36,MT-ACT + Heuristic-Gated Learned Recovery,0,2,0,500,09-0036-105ae4c1d59c,900078,105ae4c1d59c83380c3cb3fb7fa8c808e565548b345ec4367aa9587fdddaf4d9,0.0,30,1,461
575420f2b00cc9589e7715c0f0b53bac8fb47f3cb1d586e1ebda859f1d5bb1b7,MT50,robustness_noise_40,coffee-pull-v3,9,37,MT-ACT + Heuristic-Gated Learned Recovery,0,2,0,500,09-0037-e0168a4617fe,900079,e0168a4617fe183585aac592a2230373f8230ad052a0ed50b60a9ca36ccaa388,0.0,30,1,461
575420f2b00cc9589e7715c0f0b53bac8fb47f3cb1d586e1ebda859f1d5bb1b7,MT50,robustness_noise_40,coffee-pull-v3,9,38,MT-ACT + Heuristic-Gated Learned Recovery,0,2,0,500,09-0038-be1d8923426a,900080,be1d8923426a24d94c788af087a4ca7c323fcabab56e2789459b4dc0963af343,0.0,30,1,461
575420f2b00cc9589e7715c0f0b53bac8fb47f3cb1d586e1ebda859f1d5bb1b7,MT50,robustness_noise_40,coffee-pull-v3,9,39,MT-ACT + Heuristic-Gated Learned Recovery,0,2,0,500,09-0039-0b599f8d0436,900081,0b599f8d043631bf4d1139f8622f84b6ac5fca72573429968ba0f94eaf48a38e,0.0,30,1,461
575420f2b00cc9589e7715c0f0b53bac8fb47f3cb1d586e1ebda859f1d5bb1b7,MT50,robustness_noise_40,coffee-pull-v3,9,40,MT-ACT + Heuristic-Gated Learned Recovery,1,1,1,128,09-0040-a0a1768a9b17,900082,a0a1768a9b17dedd5eede684d381763aaf3d0af37e095ffdeb4c3c7ce155ee30,0.0,30,1,98
575420f2b00cc9589e7715c0f0b53bac8fb47f3cb1d586e1ebda859f1d5bb1b7,MT50,robustness_noise_40,coffee-pull-v3,9,41,MT-ACT + Heuristic-Gated Learned Recovery,0,2,0,500,09-0041-6622a758c2fc,900083,6622a758c2fc0b6a94a7372a1e7bc4702d25198b085183cca08feb256f021964,0.0,30,1,461
575420f2b00cc9589e7715c0f0b53bac8fb47f3cb1d586e1ebda859f1d5bb1b7,MT50,robustness_noise_40,coffee-pull-v3,9,42,MT-ACT + Heuristic-Gated Learned Recovery,0,2,0,500,09-0042-1dd96c2479dd,900084,1dd96c2479dddee0ee623b7b440737d2ac194f2bb7f93f789f83d9df57628ac8,0.0,30,1,461
575420f2b00cc9589e7715c0f0b53bac8fb47f3cb1d586e1ebda859f1d5bb1b7,MT50,robustness_noise_40,coffee-pull-v3,9,43,MT-ACT + Heuristic-Gated Learned Recovery,0,2,0,500,09-0043-8d8204129757,900085,8d82041297574792cbca71e7c08b566f3eb8a879fefd9f658a21540e06b190ba,0.0,30,1,461
575420f2b00cc9589e7715c0f0b53bac8fb47f3cb1d586e1ebda859f1d5bb1b7,MT50,robustness_noise_40,coffee-pull-v3,9,44,MT-ACT + Heuristic-Gated Learned Recovery,0,2,0,500,09-0044-90ad961ccae4,900086,90ad961ccae47f7b638abb31b9442ef1aed3666c445dd9677ef5a3750eb9bcc6,0.0,30,1,461
575420f2b00cc9589e7715c0f0b53bac8fb47f3cb1d586e1ebda859f1d5bb1b7,MT50,robustness_noise_40,coffee-pull-v3,9,45,MT-ACT + Heuristic-Gated Learned Recovery,0,2,0,500,09-0045-33b7a5c06a92,900087,33b7a5c06a920bbb7c1b6c943facc77fe0f45cb1191550cc8906651ed4b8c539,0.0,30,1,461
575420f2b00cc9589e7715c0f0b53bac8fb47f3cb1d586e1ebda859f1d5bb1b7,MT50,robustness_noise_40,coffee-pull-v3,9,46,MT-ACT + Heuristic-Gated Learned Recovery,1,1,1,108,09-0046-1cb189dcfa9a,900088,1cb189dcfa9af3cc305afd08ea979b446096754a08796098eb66c2686d3dc479,0.0,30,1,78
575420f2b00cc9589e7715c0f0b53bac8fb47f3cb1d586e1ebda859f1d5bb1b7,MT50,robustness_noise_40,coffee-pull-v3,9,47,MT-ACT + Heuristic-Gated Learned Recovery,0,2,0,500,09-0047-2f785790471b,900089,2f785790471bc2647b941c755b998ef569d54b63c2e578ad0ffcfce1d5b34594,0.0,30,1,461
575420f2b00cc9589e7715c0f0b53bac8fb47f3cb1d586e1ebda859f1d5bb1b7,MT50,robustness_noise_40,coffee-pull-v3,9,48,MT-ACT + Heuristic-Gated Learned Recovery,1,1,1,107,09-0048-929ce6add764,900090,929ce6add764a838805d94940fcb27d4aa77a9dfc6123e42da81a74c0f136481,0.0,30,1,77
575420f2b00cc9589e7715c0f0b53bac8fb47f3cb1d586e1ebda859f1d5bb1b7,MT50,robustness_noise_40,coffee-pull-v3,9,49,MT-ACT + Heuristic-Gated Learned Recovery,1,1,1,106,09-0049-72bbacfd14dd,900091,72bbacfd14dda62f8718eecbc45d624df7d69d86d4577d024e329cd95ad5bedd,0.0,30,1,76
575420f2b00cc9589e7715c0f0b53bac8fb47f3cb1d586e1ebda859f1d5bb1b7,MT50,robustness_noise_40,door-close-v3,13,0,MT-ACT + Heuristic-Gated Learned Recovery,1,1,1,91,13-0000-7edd1f7b37c0,1300042,7edd1f7b37c0093975fe144b12ce38eae9eb3901c3d3fbed9bd718ab7f991060,0.0,37,1,54
575420f2b00cc9589e7715c0f0b53bac8fb47f3cb1d586e1ebda859f1d5bb1b7,MT50,robustness_noise_40,door-close-v3,13,1,MT-ACT + Heuristic-Gated Learned Recovery,1,1,1,111,13-0001-9fecfda6e0ea,1300043,9fecfda6e0eae0d7f31abaca8dbce20e6e8cb5923e3f5f26028000bc45c29393,0.0,33,1,78
575420f2b00cc9589e7715c0f0b53bac8fb47f3cb1d586e1ebda859f1d5bb1b7,MT50,robustness_noise_40,door-close-v3,13,2,MT-ACT + Heuristic-Gated Learned Recovery,1,1,1,106,13-0002-7c6392f1103d,1300044,7c6392f1103d57108abc6f37dea4e888810a8ce5be77813f0d1aac1a3db65c2a,0.0,34,1,72
575420f2b00cc9589e7715c0f0b53bac8fb47f3cb1d586e1ebda859f1d5bb1b7,MT50,robustness_noise_40,door-close-v3,13,3,MT-ACT + Heuristic-Gated Learned Recovery,1,1,1,108,13-0003-0dfd2fca3121,1300045,0dfd2fca3121be652a823ec0ec2dc0faa505af6ba49a6872f45173e5edd44481,0.0,32,1,76
575420f2b00cc9589e7715c0f0b53bac8fb47f3cb1d586e1ebda859f1d5bb1b7,MT50,robustness_noise_40,door-close-v3,13,4,MT-ACT + Heuristic-Gated Learned Recovery,1,1,1,102,13-0004-7d8db8898962,1300046,7d8db889896275dc970fe128ac88bcb0dfd5cf9b97d95b1f90ce2ebc8acdd4bf,0.0,30,1,72
575420f2b00cc9589e7715c0f0b53bac8fb47f3cb1d586e1ebda859f1d5bb1b7,MT50,robustness_noise_40,door-close-v3,13,5,MT-ACT + Heuristic-Gated Learned Recovery,1,1,1,100,13-0005-d26e940e4789,1300047,d26e940e47896495b7948a2d5bd050148bd3f121a49dc87c94a654ad56900135,0.0,35,1,65
575420f2b00cc9589e7715c0f0b53bac8fb47f3cb1d586e1ebda859f1d5bb1b7,MT50,robustness_noise_40,door-close-v3,13,6,MT-ACT + Heuristic-Gated Learned Recovery,1,1,1,117,13-0006-8a5420ed9b13,1300048,8a5420ed9b137f425c8552cf0d050e293cbc076e13733612d9c3e12b09db8178,0.0,56,1,61
575420f2b00cc9589e7715c0f0b53bac8fb47f3cb1d586e1ebda859f1d5bb1b7,MT50,robustness_noise_40,door-close-v3,13,7,MT-ACT + Heuristic-Gated Learned Recovery,1,1,1,112,13-0007-66eef21b2263,1300049,66eef21b2263e37a37f8262b011900d2562158bf45d9dd76566d8da64ead65cd,0.0,32,1,80
575420f2b00cc9589e7715c0f0b53bac8fb47f3cb1d586e1ebda859f1d5bb1b7,MT50,robustness_noise_40,door-close-v3,13,8,MT-ACT + Heuristic-Gated Learned Recovery,1,1,1,97,13-0008-d5a586e4d439,1300050,d5a586e4d43991822117f78225d79fd1e52973e0655cdf48383df918be197b45,0.0,34,1,63
575420f2b00cc9589e7715c0f0b53bac8fb47f3cb1d586e1ebda859f1d5bb1b7,MT50,robustness_noise_40,door-close-v3,13,9,MT-ACT + Heuristic-Gated Learned Recovery,1,1,1,135,13-0009-554f6fd2a45b,1300051,554f6fd2a45b92c6750d3ab14e2bd84e6e68d76a2c6a448ef1039181c9380177,0.0,77,1,58
575420f2b00cc9589e7715c0f0b53bac8fb47f3cb1d586e1ebda859f1d5bb1b7,MT50,robustness_noise_40,door-close-v3,13,10,MT-ACT + Heuristic-Gated Learned Recovery,1,1,1,105,13-0010-e3ffafbd91bf,1300052,e3ffafbd91bfc812f00931bea5d8722bbed39ca5b0004a9d0b1ec4bc343cb353,0.0,32,1,73
575420f2b00cc9589e7715c0f0b53bac8fb47f3cb1d586e1ebda859f1d5bb1b7,MT50,robustness_noise_40,door-close-v3,13,11,MT-ACT + Heuristic-Gated Learned Recovery,1,1,1,102,13-0011-eabe579f71cf,1300053,eabe579f71cf3c7f00f846e16265b8f3b3b1b9ebba1c6a2d2911f2c9ec57391e,0.0,30,1,72
575420f2b00cc9589e7715c0f0b53bac8fb47f3cb1d586e1ebda859f1d5bb1b7,MT50,robustness_noise_40,door-close-v3,13,12,MT-ACT + Heuristic-Gated Learned Recovery,1,1,1,96,13-0012-850fe0941f95,1300054,850fe0941f954de967f8a2c36efa81863b7cf1fdadb448508719bcd6ee70f295,0.0,39,1,57
575420f2b00cc9589e7715c0f0b53bac8fb47f3cb1d586e1ebda859f1d5bb1b7,MT50,robustness_noise_40,door-close-v3,13,13,MT-ACT + Heuristic-Gated Learned Recovery,1,1,1,107,13-0013-a3f28cde79eb,1300055,a3f28cde79ebdd8eeec95be1047a2371dce9e67c215682c2383404ca4dd7ea06,0.0,31,1,76
575420f2b00cc9589e7715c0f0b53bac8fb47f3cb1d586e1ebda859f1d5bb1b7,MT50,robustness_noise_40,door-close-v3,13,14,MT-ACT + Heuristic-Gated Learned Recovery,1,1,1,129,13-0014-77d35c07ea13,1300056,77d35c07ea1383e0e7f09cf8bb0fa508e4defcc05512611dd97f6e4defc533e6,0.0,44,1,85
575420f2b00cc9589e7715c0f0b53bac8fb47f3cb1d586e1ebda859f1d5bb1b7,MT50,robustness_noise_40,door-close-v3,13,15,MT-ACT + Heuristic-Gated Learned Recovery,1,1,1,122,13-0015-8525f729e571,1300057,8525f729e5712da3398f8855f0ea65328b3514f51821370e87febca3460f6040,0.0,43,1,79
575420f2b00cc9589e7715c0f0b53bac8fb47f3cb1d586e1ebda859f1d5bb1b7,MT50,robustness_noise_40,door-close-v3,13,16,MT-ACT + Heuristic-Gated Learned Recovery,1,1,1,114,13-0016-2b500d208c03,1300058,2b500d208c035bd55244d569f66266f8224108863ce583cef816e05b660127dd,0.0,43,1,71
575420f2b00cc9589e7715c0f0b53bac8fb47f3cb1d586e1ebda859f1d5bb1b7,MT50,robustness_noise_40,door-close-v3,13,17,MT-ACT + Heuristic-Gated Learned Recovery,1,1,1,113,13-0017-4242456ec7ae,1300059,4242456ec7ae955461c5d3c927fbcbdf24866849458290374fa859db3e1ed38b,0.0,38,1,75
575420f2b00cc9589e7715c0f0b53bac8fb47f3cb1d586e1ebda859f1d5bb1b7,MT50,robustness_noise_40,door-close-v3,13,18,MT-ACT + Heuristic-Gated Learned Recovery,1,1,1,112,13-0018-d03d9c19198a,1300060,d03d9c19198aca15e92f6f664bd74ad8affe67e6ac02094c28ed7be9c1256988,0.0,33,1,79
575420f2b00cc9589e7715c0f0b53bac8fb47f3cb1d586e1ebda859f1d5bb1b7,MT50,robustness_noise_40,door-close-v3,13,19,MT-ACT + Heuristic-Gated Learned Recovery,1,1,1,95,13-0019-8a1ad3c65aed,1300061,8a1ad3c65aedade87991122e9406604fb167d4fa14bdc2789b432bf17fd44701,0.0,38,1,57
575420f2b00cc9589e7715c0f0b53bac8fb47f3cb1d586e1ebda859f1d5bb1b7,MT50,robustness_noise_40,door-close-v3,13,20,MT-ACT + Heuristic-Gated Learned Recovery,1,1,1,108,13-0020-c31250b4816d,1300062,c31250b4816d79d8b7b44a6b1181c17d7e47bbb35fe9d8261f9771491a764881,0.0,33,1,75
575420f2b00cc9589e7715c0f0b53bac8fb47f3cb1d586e1ebda859f1d5bb1b7,MT50,robustness_noise_40,door-close-v3,13,21,MT-ACT + Heuristic-Gated Learned Recovery,1,1,1,105,13-0021-29925fb8dc57,1300063,29925fb8dc57adfbc33ca5a7c83a9bf8e937474f681bd6d73e4c65fb10ca8598,0.0,38,1,67
575420f2b00cc9589e7715c0f0b53bac8fb47f3cb1d586e1ebda859f1d5bb1b7,MT50,robustness_noise_40,door-close-v3,13,22,MT-ACT + Heuristic-Gated Learned Recovery,1,1,1,110,13-0022-6eb12ec44ebe,1300064,6eb12ec44ebe17693611c3932a2a90f2eac7d44cad876de8370434faf54f94b5,0.0,30,1,80
575420f2b00cc9589e7715c0f0b53bac8fb47f3cb1d586e1ebda859f1d5bb1b7,MT50,robustness_noise_40,door-close-v3,13,23,MT-ACT + Heuristic-Gated Learned Recovery,1,1,1,99,13-0023-1ab5df3d6c74,1300065,1ab5df3d6c74de04449d204dba6f2ce8e8b2b916cdd7797ce52cf075cab0d7c0,0.0,33,1,66
575420f2b00cc9589e7715c0f0b53bac8fb47f3cb1d586e1ebda859f1d5bb1b7,MT50,robustness_noise_40,door-close-v3,13,24,MT-ACT + Heuristic-Gated Learned Recovery,1,1,1,103,13-0024-41e796babaca,1300066,41e796babaca02808355fc3df48e3f9668116d910799576d6c16eaf28778b3e7,0.0,32,1,71
575420f2b00cc9589e7715c0f0b53bac8fb47f3cb1d586e1ebda859f1d5bb1b7,MT50,robustness_noise_40,door-close-v3,13,25,MT-ACT + Heuristic-Gated Learned Recovery,1,1,1,116,13-0025-ae3e6d418b5f,1300067,ae3e6d418b5f43fcf9423a49d401aeb7bafa42e540711ad16c7baa64a279b204,0.0,56,1,60
575420f2b00cc9589e7715c0f0b53bac8fb47f3cb1d586e1ebda859f1d5bb1b7,MT50,robustness_noise_40,door-close-v3,13,26,MT-ACT + Heuristic-Gated Learned Recovery,1,1,1,113,13-0026-0b306d128a12,1300068,0b306d128a12504cd52a94671adc906beec47bec5b273b1ae035dfd02a6de07a,0.0,42,1,71
575420f2b00cc9589e7715c0f0b53bac8fb47f3cb1d586e1ebda859f1d5bb1b7,MT50,robustness_noise_40,door-close-v3,13,27,MT-ACT + Heuristic-Gated Learned Recovery,1,1,1,114,13-0027-0df5fc8f5e23,1300069,0df5fc8f5e23846924f525f92bade1e3fbedfe031c063b98c2e63aaf06f5f4c6,0.0,65,1,49
575420f2b00cc9589e7715c0f0b53bac8fb47f3cb1d586e1ebda859f1d5bb1b7,MT50,robustness_noise_40,door-close-v3,13,28,MT-ACT + Heuristic-Gated Learned Recovery,1,1,1,110,13-0028-b8862ff544a2,1300070,b8862ff544a290b7bfd4e2514c88ff28e8085c1c3e9419315dd68053e32f0709,0.0,40,1,70
575420f2b00cc9589e7715c0f0b53bac8fb47f3cb1d586e1ebda859f1d5bb1b7,MT50,robustness_noise_40,door-close-v3,13,29,MT-ACT + Heuristic-Gated Learned Recovery,1,1,1,124,13-0029-ded0db1efe08,1300071,ded0db1efe083f6dbfbc5d8c3eee3968c50763501e7adac1edac5a6c0b67335b,0.0,65,1,59
575420f2b00cc9589e7715c0f0b53bac8fb47f3cb1d586e1ebda859f1d5bb1b7,MT50,robustness_noise_40,door-close-v3,13,30,MT-ACT + Heuristic-Gated Learned Recovery,1,1,1,101,13-0030-85da3e212e07,1300072,85da3e212e0775715b41cb513fbd1f49baf5f0e7e1cdfa2fdac3f188a97c5774,0.0,31,1,70
575420f2b00cc9589e7715c0f0b53bac8fb47f3cb1d586e1ebda859f1d5bb1b7,MT50,robustness_noise_40,door-close-v3,13,31,MT-ACT + Heuristic-Gated Learned Recovery,1,1,1,113,13-0031-b65a45c21fd2,1300073,b65a45c21fd208ee548d8f2e6ff8513ae91a4791120f9e222a523975a83aea0e,0.0,36,1,77
575420f2b00cc9589e7715c0f0b53bac8fb47f3cb1d586e1ebda859f1d5bb1b7,MT50,robustness_noise_40,door-close-v3,13,32,MT-ACT + Heuristic-Gated Learned Recovery,1,1,1,101,13-0032-06616e80c612,1300074,06616e80c612f3d3fc7e830edacf117a24a2aa176a4db52f1839a65c9cf08830,0.0,32,1,69
575420f2b00cc9589e7715c0f0b53bac8fb47f3cb1d586e1ebda859f1d5bb1b7,MT50,robustness_noise_40,door-close-v3,13,33,MT-ACT + Heuristic-Gated Learned Recovery,1,1,1,111,13-0033-5598e8278ddc,1300075,5598e8278ddcba12063f644bffac2c38eb9add371b4a7a7047806cbe5779b66f,0.0,36,1,75
575420f2b00cc9589e7715c0f0b53bac8fb47f3cb1d586e1ebda859f1d5bb1b7,MT50,robustness_noise_40,door-close-v3,13,34,MT-ACT + Heuristic-Gated Learned Recovery,1,1,1,98,13-0034-b8d8e16fe16e,1300076,b8d8e16fe16eba7932230c4144856b6d01de74d9b80d330c9def88fcaa08ce7e,0.0,34,1,64
575420f2b00cc9589e7715c0f0b53bac8fb47f3cb1d586e1ebda859f1d5bb1b7,MT50,robustness_noise_40,door-close-v3,13,35,MT-ACT + Heuristic-Gated Learned Recovery,1,1,1,114,13-0035-6af103d6fba9,1300077,6af103d6fba915923b530006bb5b6fe189d33cf8759a067f083ae335e8f4a615,0.0,39,1,75
575420f2b00cc9589e7715c0f0b53bac8fb47f3cb1d586e1ebda859f1d5bb1b7,MT50,robustness_noise_40,door-close-v3,13,36,MT-ACT + Heuristic-Gated Learned Recovery,1,1,1,107,13-0036-e17f60e01270,1300078,e17f60e01270ce4c4adb80fff670db14debdfe4d6aa501c2129b32fe92e04fc6,0.0,32,1,75
575420f2b00cc9589e7715c0f0b53bac8fb47f3cb1d586e1ebda859f1d5bb1b7,MT50,robustness_noise_40,door-close-v3,13,37,MT-ACT + Heuristic-Gated Learned Recovery,1,1,1,101,13-0037-9fa10729d5ea,1300079,9fa10729d5eac72bea3b325ad6aa0256706920c15b6c76b78e0a9d57c0d054e9,0.0,43,1,58
575420f2b00cc9589e7715c0f0b53bac8fb47f3cb1d586e1ebda859f1d5bb1b7,MT50,robustness_noise_40,door-close-v3,13,38,MT-ACT + Heuristic-Gated Learned Recovery,1,1,1,101,13-0038-d83685eb65fd,1300080,d83685eb65fd1a34059b5119eb7b033b05841df032671775f971325087a32c67,0.0,30,1,71
575420f2b00cc9589e7715c0f0b53bac8fb47f3cb1d586e1ebda859f1d5bb1b7,MT50,robustness_noise_40,door-close-v3,13,39,MT-ACT + Heuristic-Gated Learned Recovery,1,1,1,113,13-0039-de5d7282adfe,1300081,de5d7282adfed903ec98c7adbe75debe730b6e35685a560924263c74983817de,0.0,33,1,80
575420f2b00cc9589e7715c0f0b53bac8fb47f3cb1d586e1ebda859f1d5bb1b7,MT50,robustness_noise_40,door-close-v3,13,40,MT-ACT + Heuristic-Gated Learned Recovery,1,1,1,98,13-0040-4a395cc0b78d,1300082,4a395cc0b78dc9b515a4863426f9b1fac69e9d9ea05ef529235303f8a050ec58,0.0,33,1,65
575420f2b00cc9589e7715c0f0b53bac8fb47f3cb1d586e1ebda859f1d5bb1b7,MT50,robustness_noise_40,door-close-v3,13,41,MT-ACT + Heuristic-Gated Learned Recovery,1,1,1,103,13-0041-4e47a2647c42,1300083,4e47a2647c428576088d6a91e2ff4a0042248fdae9450e490cb57acee43252ab,0.0,30,1,73
575420f2b00cc9589e7715c0f0b53bac8fb47f3cb1d586e1ebda859f1d5bb1b7,MT50,robustness_noise_40,door-close-v3,13,42,MT-ACT + Heuristic-Gated Learned Recovery,1,1,1,104,13-0042-76c561a2c1d0,1300084,76c561a2c1d07f95473d54a6ba469f1b2693420b3556c811ef8019756e04c01f,0.0,30,1,74
575420f2b00cc9589e7715c0f0b53bac8fb47f3cb1d586e1ebda859f1d5bb1b7,MT50,robustness_noise_40,door-close-v3,13,43,MT-ACT + Heuristic-Gated Learned Recovery,1,1,1,128,13-0043-de6c70ccd7bf,1300085,de6c70ccd7bfa7c24442ae6aead81a857c4303c5b6eb5d438a0c5b52f4e4c3b1,0.0,70,1,58
575420f2b00cc9589e7715c0f0b53bac8fb47f3cb1d586e1ebda859f1d5bb1b7,MT50,robustness_noise_40,door-close-v3,13,44,MT-ACT + Heuristic-Gated Learned Recovery,1,1,1,100,13-0044-8c5fdb0600cb,1300086,8c5fdb0600cb652f65dcd7c220408c1ff6dddca9126342c190663667ef5a7b04,0.0,30,1,70
575420f2b00cc9589e7715c0f0b53bac8fb47f3cb1d586e1ebda859f1d5bb1b7,MT50,robustness_noise_40,door-close-v3,13,45,MT-ACT + Heuristic-Gated Learned Recovery,1,1,1,95,13-0045-0cff0113526f,1300087,0cff0113526fc1595d8e67675f934c04dca88e172f3b7de620c502fa58620937,0.0,30,1,65
575420f2b00cc9589e7715c0f0b53bac8fb47f3cb1d586e1ebda859f1d5bb1b7,MT50,robustness_noise_40,door-close-v3,13,46,MT-ACT + Heuristic-Gated Learned Recovery,1,1,1,107,13-0046-8463fc94584b,1300088,8463fc94584bb02271a3e3ec12ec356b693cff12f45a1b7195823f35c86ae536,0.0,31,1,76
575420f2b00cc9589e7715c0f0b53bac8fb47f3cb1d586e1ebda859f1d5bb1b7,MT50,robustness_noise_40,door-close-v3,13,47,MT-ACT + Heuristic-Gated Learned Recovery,1,1,1,97,13-0047-0eea6421a0b4,1300089,0eea6421a0b49fc79bd98e3b1517ccadd13f5b28bcd64da1745b8a9a944f70f7,0.0,32,1,65
575420f2b00cc9589e7715c0f0b53bac8fb47f3cb1d586e1ebda859f1d5bb1b7,MT50,robustness_noise_40,door-close-v3,13,48,MT-ACT + Heuristic-Gated Learned Recovery,1,1,1,108,13-0048-4cd625fb66c3,1300090,4cd625fb66c3aa1841c0a6c59ea7fae5e1c342681e28992337735ac17de84ec7,0.0,37,1,71
575420f2b00cc9589e7715c0f0b53bac8fb47f3cb1d586e1ebda859f1d5bb1b7,MT50,robustness_noise_40,door-close-v3,13,49,MT-ACT + Heuristic-Gated Learned Recovery,1,1,1,112,13-0049-78c9162fc92b,1300091,78c9162fc92ba995b028e5d68cf1472765c11ce865998280a92bfe63a910f383,0.0,30,1,82
575420f2b00cc9589e7715c0f0b53bac8fb47f3cb1d586e1ebda859f1d5bb1b7,MT50,robustness_noise_40,hand-insert-v3,17,0,MT-ACT + Heuristic-Gated Learned Recovery,0,2,0,500,17-0000-cdfb70ffd7d6,1700042,cdfb70ffd7d67c70f35e33734c63baa6061ba3a85d5665d6724d0301ed3b5142,0.0,30,1,461
575420f2b00cc9589e7715c0f0b53bac8fb47f3cb1d586e1ebda859f1d5bb1b7,MT50,robustness_noise_40,hand-insert-v3,17,1,MT-ACT + Heuristic-Gated Learned Recovery,0,2,0,500,17-0001-97512afeb376,1700043,97512afeb37680a9c53f1b7660aaecf3cd9170516fb4fc0d59b68e0c10113878,0.0,39,1,452
575420f2b00cc9589e7715c0f0b53bac8fb47f3cb1d586e1ebda859f1d5bb1b7,MT50,robustness_noise_40,hand-insert-v3,17,2,MT-ACT + Heuristic-Gated Learned Recovery,0,2,0,500,17-0002-2608c58723e2,1700044,2608c58723e25093cdbef146ca47cc60051615d86b11ba7fb2efae27e1463164,0.0,32,1,459
575420f2b00cc9589e7715c0f0b53bac8fb47f3cb1d586e1ebda859f1d5bb1b7,MT50,robustness_noise_40,hand-insert-v3,17,3,MT-ACT + Heuristic-Gated Learned Recovery,0,2,0,500,17-0003-86384312572c,1700045,86384312572ca4e06daf4de3ae5e15167b8eb78c81e0334af4143691e806a11a,0.0,30,1,451
575420f2b00cc9589e7715c0f0b53bac8fb47f3cb1d586e1ebda859f1d5bb1b7,MT50,robustness_noise_40,hand-insert-v3,17,4,MT-ACT + Heuristic-Gated Learned Recovery,0,2,0,500,17-0004-ebbe9fda9b4b,1700046,ebbe9fda9b4b97731681d5218580855c3ec8bbaeecc0953cbe52783ef3005c8f,0.0,30,1,461
575420f2b00cc9589e7715c0f0b53bac8fb47f3cb1d586e1ebda859f1d5bb1b7,MT50,robustness_noise_40,hand-insert-v3,17,5,MT-ACT + Heuristic-Gated Learned Recovery,0,2,0,500,17-0005-c9f3c654097e,1700047,c9f3c654097e32d2fb6950329ee6fd58bb361275178605e6a3b9686eae97d220,0.0,30,1,461
575420f2b00cc9589e7715c0f0b53bac8fb47f3cb1d586e1ebda859f1d5bb1b7,MT50,robustness_noise_40,hand-insert-v3,17,6,MT-ACT + Heuristic-Gated Learned Recovery,0,2,0,500,17-0006-dd2f5d32a508,1700048,dd2f5d32a50844567e89b2b2ef6c8b4f59d5a4c6369915ee61ced61d8e3a86a0,0.0,30,1,461
575420f2b00cc9589e7715c0f0b53bac8fb47f3cb1d586e1ebda859f1d5bb1b7,MT50,robustness_noise_40,hand-insert-v3,17,7,MT-ACT + Heuristic-Gated Learned Recovery,0,2,0,500,17-0007-d9a0d76d4e8a,1700049,d9a0d76d4e8afd358b888f2fd64bf32ebd6e870594a28769c6805b208377b238,0.0,30,1,461
575420f2b00cc9589e7715c0f0b53bac8fb47f3cb1d586e1ebda859f1d5bb1b7,MT50,robustness_noise_40,hand-insert-v3,17,8,MT-ACT + Heuristic-Gated Learned Recovery,0,2,0,500,17-0008-621087a570c4,1700050,621087a570c4f42cb504e8b0e9550ff6dee72c0dca793712224f800507d89b9a,0.0,43,1,448
575420f2b00cc9589e7715c0f0b53bac8fb47f3cb1d586e1ebda859f1d5bb1b7,MT50,robustness_noise_40,hand-insert-v3,17,9,MT-ACT + Heuristic-Gated Learned Recovery,1,1,1,107,17-0009-972dca298c87,1700051,972dca298c8730f61f690947813ded7b64430a29bd885876eccaed38c490b78a,0.0,30,1,77
575420f2b00cc9589e7715c0f0b53bac8fb47f3cb1d586e1ebda859f1d5bb1b7,MT50,robustness_noise_40,hand-insert-v3,17,10,MT-ACT + Heuristic-Gated Learned Recovery,0,2,0,500,17-0010-ccffc478b8cb,1700052,ccffc478b8cbecdcdd02936c5ba5519e7367628366440c9302feeada5f6f0063,0.0,30,1,461
575420f2b00cc9589e7715c0f0b53bac8fb47f3cb1d586e1ebda859f1d5bb1b7,MT50,robustness_noise_40,hand-insert-v3,17,11,MT-ACT + Heuristic-Gated Learned Recovery,0,2,0,500,17-0011-d8c21bd07933,1700053,d8c21bd07933a1c87343993f0e434e0e2dca721310869f986da8ddd089c04125,0.0,30,1,461
575420f2b00cc9589e7715c0f0b53bac8fb47f3cb1d586e1ebda859f1d5bb1b7,MT50,robustness_noise_40,hand-insert-v3,17,12,MT-ACT + Heuristic-Gated Learned Recovery,0,2,0,500,17-0012-a385c1b04dcc,1700054,a385c1b04dcc771a37dda22e3df586e3d6641b0be0da9c22d0a4dc9e83f71954,0.0,30,1,461
575420f2b00cc9589e7715c0f0b53bac8fb47f3cb1d586e1ebda859f1d5bb1b7,MT50,robustness_noise_40,hand-insert-v3,17,13,MT-ACT + Heuristic-Gated Learned Recovery,0,2,0,500,17-0013-d0e6cf1d1b9d,1700055,d0e6cf1d1b9d8c904d171a68429c05ebdb7a70bc4fd467b09a0e725576bf0f9f,0.0,32,1,459
575420f2b00cc9589e7715c0f0b53bac8fb47f3cb1d586e1ebda859f1d5bb1b7,MT50,robustness_noise_40,hand-insert-v3,17,14,MT-ACT + Heuristic-Gated Learned Recovery,0,2,0,500,17-0014-2852e6ce53cb,1700056,2852e6ce53cbe02bf32b926e4a4d824c0d184456828e95e11e1d8d4b400b2ad5,0.0,30,1,461
575420f2b00cc9589e7715c0f0b53bac8fb47f3cb1d586e1ebda859f1d5bb1b7,MT50,robustness_noise_40,hand-insert-v3,17,15,MT-ACT + Heuristic-Gated Learned Recovery,0,2,0,500,17-0015-0ee15f309733,1700057,0ee15f309733d07b7e0854eef6981840b1a68d1921f3216233981b797e51b79c,0.0,30,1,461
575420f2b00cc9589e7715c0f0b53bac8fb47f3cb1d586e1ebda859f1d5bb1b7,MT50,robustness_noise_40,hand-insert-v3,17,16,MT-ACT + Heuristic-Gated Learned Recovery,0,2,0,500,17-0016-37a200703950,1700058,37a200703950f05a4535a4faf00fb9581f1d2452f42fbc3bc9aa3223af10bd82,0.0,30,1,461
575420f2b00cc9589e7715c0f0b53bac8fb47f3cb1d586e1ebda859f1d5bb1b7,MT50,robustness_noise_40,hand-insert-v3,17,17,MT-ACT + Heuristic-Gated Learned Recovery,0,2,0,500,17-0017-6a407400d8ab,1700059,6a407400d8ab7f310f7638fb78e066d1294cdebb72fcd952af0b797baa457c33,0.0,30,1,461
575420f2b00cc9589e7715c0f0b53bac8fb47f3cb1d586e1ebda859f1d5bb1b7,MT50,robustness_noise_40,hand-insert-v3,17,18,MT-ACT + Heuristic-Gated Learned Recovery,0,2,0,500,17-0018-9bcb7f019497,1700060,9bcb7f019497b6b7756d0bde0097dde212af8c6b8b5c8c701fada1c905398979,0.0,42,1,449
575420f2b00cc9589e7715c0f0b53bac8fb47f3cb1d586e1ebda859f1d5bb1b7,MT50,robustness_noise_40,hand-insert-v3,17,19,MT-ACT + Heuristic-Gated Learned Recovery,0,2,0,500,17-0019-c3c808adfdcb,1700061,c3c808adfdcb88542685a10af8e34fce667e4a849b48eb0d12ba682f0411ef34,0.0,30,1,461
575420f2b00cc9589e7715c0f0b53bac8fb47f3cb1d586e1ebda859f1d5bb1b7,MT50,robustness_noise_40,hand-insert-v3,17,20,MT-ACT + Heuristic-Gated Learned Recovery,0,2,0,500,17-0020-b9add2add868,1700062,b9add2add8687a69f488bad5a95ab40d0dc2daa6cf26d75e795b7488fd862d8a,0.0,30,1,461
575420f2b00cc9589e7715c0f0b53bac8fb47f3cb1d586e1ebda859f1d5bb1b7,MT50,robustness_noise_40,hand-insert-v3,17,21,MT-ACT + Heuristic-Gated Learned Recovery,0,2,0,500,17-0021-b608e2a6a85a,1700063,b608e2a6a85a59c65b54eb3968df652d5d45cf7780a7c5369928a0de33b0e78d,0.0,30,1,461
575420f2b00cc9589e7715c0f0b53bac8fb47f3cb1d586e1ebda859f1d5bb1b7,MT50,robustness_noise_40,hand-insert-v3,17,22,MT-ACT + Heuristic-Gated Learned Recovery,1,1,1,107,17-0022-5ef6ff3fa217,1700064,5ef6ff3fa2170a7ea4d272ab9ae4cdd0d2b5c273210b49e5048fa10ba641fa69,0.0,30,1,77
575420f2b00cc9589e7715c0f0b53bac8fb47f3cb1d586e1ebda859f1d5bb1b7,MT50,robustness_noise_40,hand-insert-v3,17,23,MT-ACT + Heuristic-Gated Learned Recovery,0,2,0,500,17-0023-5fc8682d4755,1700065,5fc8682d47552fb9e0e223019c64ab8fd5939152215346e95c0082cf9325ba4f,0.0,58,1,433
575420f2b00cc9589e7715c0f0b53bac8fb47f3cb1d586e1ebda859f1d5bb1b7,MT50,robustness_noise_40,hand-insert-v3,17,24,MT-ACT + Heuristic-Gated Learned Recovery,1,1,1,81,17-0024-9a2a736b6032,1700066,9a2a736b6032f1fc8db43aa8ce17b1a87445bdd507277d5f2acb07e48dac2dc4,0.0,30,1,51
575420f2b00cc9589e7715c0f0b53bac8fb47f3cb1d586e1ebda859f1d5bb1b7,MT50,robustness_noise_40,hand-insert-v3,17,25,MT-ACT + Heuristic-Gated Learned Recovery,0,2,0,500,17-0025-7df289d1417f,1700067,7df289d1417f0bba10df942666fb25ce3d6ada6e698542aa3fa8d46b4f46bec0,0.0,30,1,461
575420f2b00cc9589e7715c0f0b53bac8fb47f3cb1d586e1ebda859f1d5bb1b7,MT50,robustness_noise_40,hand-insert-v3,17,26,MT-ACT + Heuristic-Gated Learned Recovery,0,2,0,500,17-0026-5bf2a89daddb,1700068,5bf2a89daddb20260e3e1c5fb14cd8cca2d67ade842181664b452c41ff752fe9,0.0,30,1,461
575420f2b00cc9589e7715c0f0b53bac8fb47f3cb1d586e1ebda859f1d5bb1b7,MT50,robustness_noise_40,hand-insert-v3,17,27,MT-ACT + Heuristic-Gated Learned Recovery,0,2,0,500,17-0027-d6bc6a1b705e,1700069,d6bc6a1b705edd0bfa4975fea4b092717130b95944e4dc9bb5bee2781ce9088b,0.0,58,1,433
575420f2b00cc9589e7715c0f0b53bac8fb47f3cb1d586e1ebda859f1d5bb1b7,MT50,robustness_noise_40,hand-insert-v3,17,28,MT-ACT + Heuristic-Gated Learned Recovery,0,2,0,500,17-0028-837759153175,1700070,837759153175cb824ce24e5745f4051e6c69a954324211bca7400375763b66ea,0.0,30,1,461
575420f2b00cc9589e7715c0f0b53bac8fb47f3cb1d586e1ebda859f1d5bb1b7,MT50,robustness_noise_40,hand-insert-v3,17,29,MT-ACT + Heuristic-Gated Learned Recovery,0,2,0,500,17-0029-b6ab0ede2ec1,1700071,b6ab0ede2ec183591eb4001d5970120762058460d5126fbdafd12686d77e341c,0.0,30,1,461
575420f2b00cc9589e7715c0f0b53bac8fb47f3cb1d586e1ebda859f1d5bb1b7,MT50,robustness_noise_40,hand-insert-v3,17,30,MT-ACT + Heuristic-Gated Learned Recovery,1,1,1,90,17-0030-f7f771c108ce,1700072,f7f771c108ceaa6b92078f7ff2b88f3237c2b63d82c0c0be4e9ec8821b106832,0.0,30,1,60
575420f2b00cc9589e7715c0f0b53bac8fb47f3cb1d586e1ebda859f1d5bb1b7,MT50,robustness_noise_40,hand-insert-v3,17,31,MT-ACT + Heuristic-Gated Learned Recovery,0,2,0,500,17-0031-25804c4ca61d,1700073,25804c4ca61ddf985563ceb9ea09e7d7a88737c224c0006c28294d5bbb4f56d3,0.0,30,1,461
575420f2b00cc9589e7715c0f0b53bac8fb47f3cb1d586e1ebda859f1d5bb1b7,MT50,robustness_noise_40,hand-insert-v3,17,32,MT-ACT + Heuristic-Gated Learned Recovery,0,2,0,500,17-0032-874f1e5f1755,1700074,874f1e5f17552d5d3dc8f58e5c021c9b48991f20820da45d426fcc749e1024e4,0.0,30,1,461
575420f2b00cc9589e7715c0f0b53bac8fb47f3cb1d586e1ebda859f1d5bb1b7,MT50,robustness_noise_40,hand-insert-v3,17,33,MT-ACT + Heuristic-Gated Learned Recovery,0,2,0,500,17-0033-f4904d829226,1700075,f4904d829226437159ae17b2fbc06f162ec37bbd38378ef036f99af0ea151229,0.0,32,1,459
575420f2b00cc9589e7715c0f0b53bac8fb47f3cb1d586e1ebda859f1d5bb1b7,MT50,robustness_noise_40,hand-insert-v3,17,34,MT-ACT + Heuristic-Gated Learned Recovery,0,2,0,500,17-0034-f68c8201b95c,1700076,f68c8201b95c8c6989f049b377f6b295a5d78f5b9582e73e5da7449379510419,0.0,30,1,461
575420f2b00cc9589e7715c0f0b53bac8fb47f3cb1d586e1ebda859f1d5bb1b7,MT50,robustness_noise_40,hand-insert-v3,17,35,MT-ACT + Heuristic-Gated Learned Recovery,0,2,0,500,17-0035-1da88a9320d9,1700077,1da88a9320d9d67c06ab5f5c04c897baae30b4505aa0c61f101c674f07611014,0.0,30,1,461
575420f2b00cc9589e7715c0f0b53bac8fb47f3cb1d586e1ebda859f1d5bb1b7,MT50,robustness_noise_40,hand-insert-v3,17,36,MT-ACT + Heuristic-Gated Learned Recovery,1,1,1,79,17-0036-21904602d038,1700078,21904602d038f2f61cc6d4c143e5f7aaed53bdb80147180e7fd0644484ccad26,0.0,30,1,49
575420f2b00cc9589e7715c0f0b53bac8fb47f3cb1d586e1ebda859f1d5bb1b7,MT50,robustness_noise_40,hand-insert-v3,17,37,MT-ACT + Heuristic-Gated Learned Recovery,0,2,0,500,17-0037-528137c8f3f3,1700079,528137c8f3f317b6f3b2735b9c94549ceafca7ad84d040556a925eb4d2d6bb0d,0.0,30,1,461
575420f2b00cc9589e7715c0f0b53bac8fb47f3cb1d586e1ebda859f1d5bb1b7,MT50,robustness_noise_40,hand-insert-v3,17,38,MT-ACT + Heuristic-Gated Learned Recovery,1,1,1,85,17-0038-d3afc4faef2f,1700080,d3afc4faef2fe90613fc98d26984317240113a493918cf247c96ccf072abadd4,0.0,30,1,55
575420f2b00cc9589e7715c0f0b53bac8fb47f3cb1d586e1ebda859f1d5bb1b7,MT50,robustness_noise_40,hand-insert-v3,17,39,MT-ACT + Heuristic-Gated Learned Recovery,1,1,1,81,17-0039-9eb30527c133,1700081,9eb30527c133e8a2c8114f6ba05d4f8affa6287a17587e859a136407063368be,0.0,30,1,51
575420f2b00cc9589e7715c0f0b53bac8fb47f3cb1d586e1ebda859f1d5bb1b7,MT50,robustness_noise_40,hand-insert-v3,17,40,MT-ACT + Heuristic-Gated Learned Recovery,1,1,1,75,17-0040-0af1e5e7ca3a,1700082,0af1e5e7ca3aafbc5f25758b2626e4c6293106675aef8371cf90fd8e8c0cc61d,0.0,30,1,45
575420f2b00cc9589e7715c0f0b53bac8fb47f3cb1d586e1ebda859f1d5bb1b7,MT50,robustness_noise_40,hand-insert-v3,17,41,MT-ACT + Heuristic-Gated Learned Recovery,0,2,0,500,17-0041-746763a99168,1700083,746763a9916859f9db390ed4051af1a790f249f8719321f0a1d837dba21d82d1,0.0,30,1,461
575420f2b00cc9589e7715c0f0b53bac8fb47f3cb1d586e1ebda859f1d5bb1b7,MT50,robustness_noise_40,hand-insert-v3,17,42,MT-ACT + Heuristic-Gated Learned Recovery,0,2,0,500,17-0042-0af1d34ff4c5,1700084,0af1d34ff4c5a8d4f7a74b202e89952728c2152c0bca584c4b857a36053820ce,0.0,73,1,418
575420f2b00cc9589e7715c0f0b53bac8fb47f3cb1d586e1ebda859f1d5bb1b7,MT50,robustness_noise_40,hand-insert-v3,17,43,MT-ACT + Heuristic-Gated Learned Recovery,0,2,0,500,17-0043-8d158be57ddc,1700085,8d158be57ddc342f6b326eea27eeab247e3b0db93d9e9d65a1bfe46dde0a7374,0.0,30,1,461
575420f2b00cc9589e7715c0f0b53bac8fb47f3cb1d586e1ebda859f1d5bb1b7,MT50,robustness_noise_40,hand-insert-v3,17,44,MT-ACT + Heuristic-Gated Learned Recovery,0,2,0,500,17-0044-7788c372fc86,1700086,7788c372fc86976bcddca3d8cc82df4cfddd7c3b9fc9cd443fbf68d9b80e6452,0.0,30,1,461
575420f2b00cc9589e7715c0f0b53bac8fb47f3cb1d586e1ebda859f1d5bb1b7,MT50,robustness_noise_40,hand-insert-v3,17,45,MT-ACT + Heuristic-Gated Learned Recovery,0,2,0,500,17-0045-dd0d0f67ecfa,1700087,dd0d0f67ecfae26f3d49afc7cfa6ff8a767e5dc5006a0febfc022278ddd212f1,0.0,30,1,461
575420f2b00cc9589e7715c0f0b53bac8fb47f3cb1d586e1ebda859f1d5bb1b7,MT50,robustness_noise_40,hand-insert-v3,17,46,MT-ACT + Heuristic-Gated Learned Recovery,0,2,0,500,17-0046-95677d64c7bd,1700088,95677d64c7bd5afc62d4b411a2eb3686740283a8c776152cf989f9dafc031a4d,0.0,39,1,452
575420f2b00cc9589e7715c0f0b53bac8fb47f3cb1d586e1ebda859f1d5bb1b7,MT50,robustness_noise_40,hand-insert-v3,17,47,MT-ACT + Heuristic-Gated Learned Recovery,0,2,0,500,17-0047-c0072c41ba9b,1700089,c0072c41ba9b5f09c25adc4a0564026958235f1393b36907b5b676ebbe246ce7,0.0,30,1,461
575420f2b00cc9589e7715c0f0b53bac8fb47f3cb1d586e1ebda859f1d5bb1b7,MT50,robustness_noise_40,hand-insert-v3,17,48,MT-ACT + Heuristic-Gated Learned Recovery,1,1,1,84,17-0048-0f866ce69eb0,1700090,0f866ce69eb01d29202c3d5c8a442ef389888118c5631ad562a08a2ecdd80537,0.0,30,1,54
575420f2b00cc9589e7715c0f0b53bac8fb47f3cb1d586e1ebda859f1d5bb1b7,MT50,robustness_noise_40,hand-insert-v3,17,49,MT-ACT + Heuristic-Gated Learned Recovery,0,2,0,500,17-0049-62ab5a4098ec,1700091,62ab5a4098ec4f332a7a96c76b6d6196e25afe9819c0f1f488b076d5fc85d566,0.0,30,1,461
575420f2b00cc9589e7715c0f0b53bac8fb47f3cb1d586e1ebda859f1d5bb1b7,MT50,robustness_noise_40,faucet-close-v3,21,0,MT-ACT + Heuristic-Gated Learned Recovery,1,1,1,490,21-0000-682ca66c052d,2100042,682ca66c052d2eebc93403c506e12ea654bd0afdb9af516b0a03d8b8354bc3fa,0.0,440,1,50
575420f2b00cc9589e7715c0f0b53bac8fb47f3cb1d586e1ebda859f1d5bb1b7,MT50,robustness_noise_40,faucet-close-v3,21,1,MT-ACT + Heuristic-Gated Learned Recovery,0,2,0,500,21-0001-dd371085e082,2100043,dd371085e0822dad4501dfb5ca830298b8a810e9ae4cd879d1d8442d9fcb0cd8,0.0,136,1,318
575420f2b00cc9589e7715c0f0b53bac8fb47f3cb1d586e1ebda859f1d5bb1b7,MT50,robustness_noise_40,faucet-close-v3,21,2,MT-ACT + Heuristic-Gated Learned Recovery,0,1,0,500,21-0002-1975354e7bbc,2100044,1975354e7bbc07b1e15254a94d8108a594f3b2fdd408736d0fa3fe2c43d3a0c7,0.0,416,1,84
575420f2b00cc9589e7715c0f0b53bac8fb47f3cb1d586e1ebda859f1d5bb1b7,MT50,robustness_noise_40,faucet-close-v3,21,3,MT-ACT + Heuristic-Gated Learned Recovery,0,1,0,500,21-0003-dd2084cbfb94,2100045,dd2084cbfb9420192c1f725d369037e8e8101956f8e26c390c5cbd03a46f0d24,0.0,455,1,45
575420f2b00cc9589e7715c0f0b53bac8fb47f3cb1d586e1ebda859f1d5bb1b7,MT50,robustness_noise_40,faucet-close-v3,21,4,MT-ACT + Heuristic-Gated Learned Recovery,0,1,0,500,21-0004-4de866b9b160,2100046,4de866b9b1600337b3d459e3c52f86c1c4e4db8ed44337965a65b7c7690c8d39,0.0,158,1,250
575420f2b00cc9589e7715c0f0b53bac8fb47f3cb1d586e1ebda859f1d5bb1b7,MT50,robustness_noise_40,faucet-close-v3,21,5,MT-ACT + Heuristic-Gated Learned Recovery,0,1,0,500,21-0005-fa6020cb815e,2100047,fa6020cb815eef278a307ae7ad90fc0f103363b8a9dda7a1b94939957e4b7074,0.0,200,1,250
575420f2b00cc9589e7715c0f0b53bac8fb47f3cb1d586e1ebda859f1d5bb1b7,MT50,robustness_noise_40,faucet-close-v3,21,6,MT-ACT + Heuristic-Gated Learned Recovery,0,0,0,500,21-0006-07dd515ebb0b,2100048,07dd515ebb0b35098ff345bef7e8e9a0930e8485e16d50d41787a1883d1ebfe9,0.0,-1,1,0
575420f2b00cc9589e7715c0f0b53bac8fb47f3cb1d586e1ebda859f1d5bb1b7,MT50,robustness_noise_40,faucet-close-v3,21,7,MT-ACT + Heuristic-Gated Learned Recovery,0,1,0,500,21-0007-4d7002a0b191,2100049,4d7002a0b1916c6487a9751744c561ae832ae38bb09fa766e03de708f3627b78,0.0,364,1,136
575420f2b00cc9589e7715c0f0b53bac8fb47f3cb1d586e1ebda859f1d5bb1b7,MT50,robustness_noise_40,faucet-close-v3,21,8,MT-ACT + Heuristic-Gated Learned Recovery,1,1,1,144,21-0008-3024b7002fb4,2100050,3024b7002fb4ab55e8af7cab77060a401e59a1406b3e00bf66065dcce3c6973d,0.0,97,1,47
575420f2b00cc9589e7715c0f0b53bac8fb47f3cb1d586e1ebda859f1d5bb1b7,MT50,robustness_noise_40,faucet-close-v3,21,9,MT-ACT + Heuristic-Gated Learned Recovery,0,0,0,500,21-0009-d784dc7284c5,2100051,d784dc7284c5026a4debd10b16f3974d9694caf6eb92018dec4dfc0429942085,0.0,-1,1,0
575420f2b00cc9589e7715c0f0b53bac8fb47f3cb1d586e1ebda859f1d5bb1b7,MT50,robustness_noise_40,faucet-close-v3,21,10,MT-ACT + Heuristic-Gated Learned Recovery,1,1,1,269,21-0010-1e7a7c83ec12,2100052,1e7a7c83ec12fe7490ac3f3438e01dfb8eb1170ff723bba282f50b4fe87f28a0,0.0,223,1,46
575420f2b00cc9589e7715c0f0b53bac8fb47f3cb1d586e1ebda859f1d5bb1b7,MT50,robustness_noise_40,faucet-close-v3,21,11,MT-ACT + Heuristic-Gated Learned Recovery,0,1,0,500,21-0011-9a4d5a529f08,2100053,9a4d5a529f08ba5a5b953aa505340b12897d0c5aa1b65af2244117c151a3199e,0.0,184,1,250
575420f2b00cc9589e7715c0f0b53bac8fb47f3cb1d586e1ebda859f1d5bb1b7,MT50,robustness_noise_40,faucet-close-v3,21,12,MT-ACT + Heuristic-Gated Learned Recovery,0,1,0,500,21-0012-5a2f589814d2,2100054,5a2f589814d25b9a9c575fada1e6ff760f67c86642e6444a103ea7bb10acf343,0.0,257,1,243
575420f2b00cc9589e7715c0f0b53bac8fb47f3cb1d586e1ebda859f1d5bb1b7,MT50,robustness_noise_40,faucet-close-v3,21,13,MT-ACT + Heuristic-Gated Learned Recovery,0,1,0,500,21-0013-63ba82be3c43,2100055,63ba82be3c439db3d8ae17d11ca6cc4fddd4b66e278f76748522173e070f1914,0.0,314,1,186
575420f2b00cc9589e7715c0f0b53bac8fb47f3cb1d586e1ebda859f1d5bb1b7,MT50,robustness_noise_40,faucet-close-v3,21,14,MT-ACT + Heuristic-Gated Learned Recovery,0,0,0,500,21-0014-3f810c51cc57,2100056,3f810c51cc57efb8c4f6ebb3488b00cebf8726fb4c52b945549084107abeace6,0.0,-1,1,0
575420f2b00cc9589e7715c0f0b53bac8fb47f3cb1d586e1ebda859f1d5bb1b7,MT50,robustness_noise_40,faucet-close-v3,21,15,MT-ACT + Heuristic-Gated Learned Recovery,0,2,0,500,21-0015-dd5a7898bb90,2100057,dd5a7898bb90921a09cb9873c02097d01b69c1a1cf4c4d9c0872eabd6a78dc01,0.0,177,1,253
575420f2b00cc9589e7715c0f0b53bac8fb47f3cb1d586e1ebda859f1d5bb1b7,MT50,robustness_noise_40,faucet-close-v3,21,16,MT-ACT + Heuristic-Gated Learned Recovery,0,0,0,500,21-0016-6f5298880d4e,2100058,6f5298880d4e499711f4523a88217909209178d5136fc2db0d02c807d036a124,0.0,-1,1,0
575420f2b00cc9589e7715c0f0b53bac8fb47f3cb1d586e1ebda859f1d5bb1b7,MT50,robustness_noise_40,faucet-close-v3,21,17,MT-ACT + Heuristic-Gated Learned Recovery,0,1,0,500,21-0017-bd991379b5bb,2100059,bd991379b5bb3a0d623e6d72884e42c1113eb85c6912305d6358b952aead7038,0.0,70,1,250
575420f2b00cc9589e7715c0f0b53bac8fb47f3cb1d586e1ebda859f1d5bb1b7,MT50,robustness_noise_40,faucet-close-v3,21,18,MT-ACT + Heuristic-Gated Learned Recovery,0,0,0,500,21-0018-503d449582e3,2100060,503d449582e3a835dcf66371b9c20a47171a0121943850ccfa1db025e6a7cc7f,0.0,-1,1,0
575420f2b00cc9589e7715c0f0b53bac8fb47f3cb1d586e1ebda859f1d5bb1b7,MT50,robustness_noise_40,faucet-close-v3,21,19,MT-ACT + Heuristic-Gated Learned Recovery,0,1,0,500,21-0019-704eb510e0df,2100061,704eb510e0dff168a629205687c0340ee5250aa44698e27b6b53e14ee97ad215,0.0,105,1,250
575420f2b00cc9589e7715c0f0b53bac8fb47f3cb1d586e1ebda859f1d5bb1b7,MT50,robustness_noise_40,faucet-close-v3,21,20,MT-ACT + Heuristic-Gated Learned Recovery,0,1,0,500,21-0020-7e3a48c8caae,2100062,7e3a48c8caaef5e12df6a4e95bb7fab96c21eb002d2b66e9e98f9f7b16df8a3d,0.0,244,1,250
575420f2b00cc9589e7715c0f0b53bac8fb47f3cb1d586e1ebda859f1d5bb1b7,MT50,robustness_noise_40,faucet-close-v3,21,21,MT-ACT + Heuristic-Gated Learned Recovery,0,1,0,500,21-0021-14151db30548,2100063,14151db305482e95ec8aedeae2eff341a8d20d290240838d2b7c24de87b16956,0.0,294,1,206
575420f2b00cc9589e7715c0f0b53bac8fb47f3cb1d586e1ebda859f1d5bb1b7,MT50,robustness_noise_40,faucet-close-v3,21,22,MT-ACT + Heuristic-Gated Learned Recovery,0,1,0,500,21-0022-4a7963fe1c1b,2100064,4a7963fe1c1b2a07fd161f741fec70c39e92f625eee2d8b40a3225f2ebd9d17f,0.0,219,1,250
575420f2b00cc9589e7715c0f0b53bac8fb47f3cb1d586e1ebda859f1d5bb1b7,MT50,robustness_noise_40,faucet-close-v3,21,23,MT-ACT + Heuristic-Gated Learned Recovery,0,1,0,500,21-0023-61fb3145c7e2,2100065,61fb3145c7e2ace5b00f3dc0d40b39aaa690c6c06a7dd1ebb7386a88dfb8ab74,0.0,343,1,157
575420f2b00cc9589e7715c0f0b53bac8fb47f3cb1d586e1ebda859f1d5bb1b7,MT50,robustness_noise_40,faucet-close-v3,21,24,MT-ACT + Heuristic-Gated Learned Recovery,0,1,0,500,21-0024-ef19691d7b58,2100066,ef19691d7b58a16dd14b856343be1edf04c1ac9bbc40c970a0fd931821d29a88,0.0,304,1,196
575420f2b00cc9589e7715c0f0b53bac8fb47f3cb1d586e1ebda859f1d5bb1b7,MT50,robustness_noise_40,faucet-close-v3,21,25,MT-ACT + Heuristic-Gated Learned Recovery,0,1,0,500,21-0025-c2b1e2408795,2100067,c2b1e2408795892a289f170e961dc11c829d8fca50038089201a289ecf30d97e,0.0,299,1,201
575420f2b00cc9589e7715c0f0b53bac8fb47f3cb1d586e1ebda859f1d5bb1b7,MT50,robustness_noise_40,faucet-close-v3,21,26,MT-ACT + Heuristic-Gated Learned Recovery,1,1,1,311,21-0026-4c6eae721def,2100068,4c6eae721defa67612ac3d31455fc6299261c7e3dce4c7699e939cfaf00a57b2,0.0,256,1,55
575420f2b00cc9589e7715c0f0b53bac8fb47f3cb1d586e1ebda859f1d5bb1b7,MT50,robustness_noise_40,faucet-close-v3,21,27,MT-ACT + Heuristic-Gated Learned Recovery,0,1,0,500,21-0027-facad4a9cd66,2100069,facad4a9cd666e92847a9d57c98a5197b6b4659a9abb871b5f30a5316ecf5ecc,0.0,298,1,202
575420f2b00cc9589e7715c0f0b53bac8fb47f3cb1d586e1ebda859f1d5bb1b7,MT50,robustness_noise_40,faucet-close-v3,21,28,MT-ACT + Heuristic-Gated Learned Recovery,0,2,0,500,21-0028-a0d9b237ce25,2100070,a0d9b237ce25015dee30122efd831b3b280bcc8d67dd0c705428ba2882fc5913,0.0,122,1,346
575420f2b00cc9589e7715c0f0b53bac8fb47f3cb1d586e1ebda859f1d5bb1b7,MT50,robustness_noise_40,faucet-close-v3,21,29,MT-ACT + Heuristic-Gated Learned Recovery,0,1,0,500,21-0029-684252c56c3c,2100071,684252c56c3ce87b7d1b6a9c6119cc96a43b48b72e2db40e35d84a0210b77409,0.0,283,1,217
575420f2b00cc9589e7715c0f0b53bac8fb47f3cb1d586e1ebda859f1d5bb1b7,MT50,robustness_noise_40,faucet-close-v3,21,30,MT-ACT + Heuristic-Gated Learned Recovery,0,2,0,500,21-0030-f09a766c0a23,2100072,f09a766c0a23cea379bf05e578397052de005418bf5f469e0841af7dc5d442cf,0.0,101,1,353
575420f2b00cc9589e7715c0f0b53bac8fb47f3cb1d586e1ebda859f1d5bb1b7,MT50,robustness_noise_40,faucet-close-v3,21,31,MT-ACT + Heuristic-Gated Learned Recovery,0,1,0,500,21-0031-3a856d5009ec,2100073,3a856d5009ecd31b52ad2538b9061b7e937ddb76472f5fe9abb05de07d1c69c1,0.0,475,1,25
575420f2b00cc9589e7715c0f0b53bac8fb47f3cb1d586e1ebda859f1d5bb1b7,MT50,robustness_noise_40,faucet-close-v3,21,32,MT-ACT + Heuristic-Gated Learned Recovery,1,1,1,98,21-0032-e1f92ccf4daf,2100074,e1f92ccf4daf543f8170af46b0faac4cf8ee0374b68400de9a1bf72ef643029a,0.0,46,1,52
575420f2b00cc9589e7715c0f0b53bac8fb47f3cb1d586e1ebda859f1d5bb1b7,MT50,robustness_noise_40,faucet-close-v3,21,33,MT-ACT + Heuristic-Gated Learned Recovery,1,2,1,496,21-0033-f5d913bd5deb,2100075,f5d913bd5debd29810e9d65b22854e7cbcb8e51906a246eb4151dfc3b00ef039,0.0,125,1,291
575420f2b00cc9589e7715c0f0b53bac8fb47f3cb1d586e1ebda859f1d5bb1b7,MT50,robustness_noise_40,faucet-close-v3,21,34,MT-ACT + Heuristic-Gated Learned Recovery,0,1,0,500,21-0034-68b60db99713,2100076,68b60db9971349db95f22407bfc87bd8ace3c7ac342c6ee93c73c43414c28d33,0.0,236,1,250
575420f2b00cc9589e7715c0f0b53bac8fb47f3cb1d586e1ebda859f1d5bb1b7,MT50,robustness_noise_40,faucet-close-v3,21,35,MT-ACT + Heuristic-Gated Learned Recovery,0,1,0,500,21-0035-0332a19264a1,2100077,0332a19264a1e5887dcb73cb81747f8471e7172e4a58f83d4f5b800a19f2bc53,0.0,182,1,250
575420f2b00cc9589e7715c0f0b53bac8fb47f3cb1d586e1ebda859f1d5bb1b7,MT50,robustness_noise_40,faucet-close-v3,21,36,MT-ACT + Heuristic-Gated Learned Recovery,1,1,1,317,21-0036-f706d26ef1a1,2100078,f706d26ef1a153a9ff7e5ab649efddf086fd9d070b17702de6decf5455c159ec,0.0,268,1,49
575420f2b00cc9589e7715c0f0b53bac8fb47f3cb1d586e1ebda859f1d5bb1b7,MT50,robustness_noise_40,faucet-close-v3,21,37,MT-ACT + Heuristic-Gated Learned Recovery,0,2,0,500,21-0037-dec51f3011b4,2100079,dec51f3011b44c656ccc03623c2e4b65062f2bfabfa54599fcc08998ca766fbf,0.0,152,1,309
575420f2b00cc9589e7715c0f0b53bac8fb47f3cb1d586e1ebda859f1d5bb1b7,MT50,robustness_noise_40,faucet-close-v3,21,38,MT-ACT + Heuristic-Gated Learned Recovery,1,1,1,231,21-0038-b2037b8774f0,2100080,b2037b8774f092a147a5216976f8823d46378ea49a98a9a4e1b5adf7add40608,0.0,166,1,65
575420f2b00cc9589e7715c0f0b53bac8fb47f3cb1d586e1ebda859f1d5bb1b7,MT50,robustness_noise_40,faucet-close-v3,21,39,MT-ACT + Heuristic-Gated Learned Recovery,0,0,0,500,21-0039-5d6e4f11b0f4,2100081,5d6e4f11b0f407bff63f9ff776e883aa3ca4bae85b9aa904f8160265ac88ed7b,0.0,-1,1,0
575420f2b00cc9589e7715c0f0b53bac8fb47f3cb1d586e1ebda859f1d5bb1b7,MT50,robustness_noise_40,faucet-close-v3,21,40,MT-ACT + Heuristic-Gated Learned Recovery,0,1,0,500,21-0040-3855dcceba0a,2100082,3855dcceba0aaa0a348d6fb7fa314873ac6c30e5b11c4fc9403f79df38658a72,0.0,408,1,92
575420f2b00cc9589e7715c0f0b53bac8fb47f3cb1d586e1ebda859f1d5bb1b7,MT50,robustness_noise_40,faucet-close-v3,21,41,MT-ACT + Heuristic-Gated Learned Recovery,1,1,1,322,21-0041-0b1ed31d156b,2100083,0b1ed31d156bd7f1aa0693d09e78eeab0f2343b80d04df7110d3831bed5c5299,0.0,267,1,55
575420f2b00cc9589e7715c0f0b53bac8fb47f3cb1d586e1ebda859f1d5bb1b7,MT50,robustness_noise_40,faucet-close-v3,21,42,MT-ACT + Heuristic-Gated Learned Recovery,0,1,0,500,21-0042-36b2eacc24d7,2100084,36b2eacc24d7d29e28639d838c670842280ad79438d6eff0ab84ed809651ed54,0.0,153,1,250
575420f2b00cc9589e7715c0f0b53bac8fb47f3cb1d586e1ebda859f1d5bb1b7,MT50,robustness_noise_40,faucet-close-v3,21,43,MT-ACT + Heuristic-Gated Learned Recovery,0,1,0,500,21-0043-e5c8b049cb54,2100085,e5c8b049cb5478ce83811a0c647ab608a97afefb7aace371d503ec05049e9e4e,0.0,193,1,250
575420f2b00cc9589e7715c0f0b53bac8fb47f3cb1d586e1ebda859f1d5bb1b7,MT50,robustness_noise_40,faucet-close-v3,21,44,MT-ACT + Heuristic-Gated Learned Recovery,0,1,0,500,21-0044-916ab6e62d40,2100086,916ab6e62d40d6d42e266c8cb5a9558c917ad31f0876fd2155341c8c4c303c58,0.0,333,1,167
575420f2b00cc9589e7715c0f0b53bac8fb47f3cb1d586e1ebda859f1d5bb1b7,MT50,robustness_noise_40,faucet-close-v3,21,45,MT-ACT + Heuristic-Gated Learned Recovery,1,1,1,277,21-0045-f3b4c974cfd4,2100087,f3b4c974cfd4057217ed2069bf2d9d586a0be227d48e63ec28a8727353b7ef12,0.0,209,1,68
575420f2b00cc9589e7715c0f0b53bac8fb47f3cb1d586e1ebda859f1d5bb1b7,MT50,robustness_noise_40,faucet-close-v3,21,46,MT-ACT + Heuristic-Gated Learned Recovery,1,1,1,251,21-0046-274ed66d93bb,2100088,274ed66d93bb0d038f8e5954b9f9c9e2e8077eee3a19a29971bc5878fe0962f6,0.0,180,1,71
575420f2b00cc9589e7715c0f0b53bac8fb47f3cb1d586e1ebda859f1d5bb1b7,MT50,robustness_noise_40,faucet-close-v3,21,47,MT-ACT + Heuristic-Gated Learned Recovery,0,1,0,500,21-0047-1abc1ae949ce,2100089,1abc1ae949ce0a3b67c2d1d3adc16e98f77ba3e8ba6d1eca89a5bd72f3af9f8b,0.0,77,1,250
575420f2b00cc9589e7715c0f0b53bac8fb47f3cb1d586e1ebda859f1d5bb1b7,MT50,robustness_noise_40,faucet-close-v3,21,48,MT-ACT + Heuristic-Gated Learned Recovery,1,2,1,460,21-0048-1227b9e5ac51,2100090,1227b9e5ac519e1c2716106e75bbf99c71e5d777f97b1ae23adc0875c48b268e,0.0,140,1,273
575420f2b00cc9589e7715c0f0b53bac8fb47f3cb1d586e1ebda859f1d5bb1b7,MT50,robustness_noise_40,faucet-close-v3,21,49,MT-ACT + Heuristic-Gated Learned Recovery,0,1,0,500,21-0049-ebe3d83e1973,2100091,ebe3d83e1973ec4357daeaf303ebec6fe1a24ad32054516b4746b10f5d052ac3,0.0,102,1,250
575420f2b00cc9589e7715c0f0b53bac8fb47f3cb1d586e1ebda859f1d5bb1b7,MT50,robustness_noise_40,handle-pull-side-v3,25,0,MT-ACT + Heuristic-Gated Learned Recovery,0,2,0,500,25-0000-8332e028c1b5,2500042,8332e028c1b55b657294ed10b32d0868ad7eff6149aa05a76b0d6121d1dd1a32,0.0,30,1,461
575420f2b00cc9589e7715c0f0b53bac8fb47f3cb1d586e1ebda859f1d5bb1b7,MT50,robustness_noise_40,handle-pull-side-v3,25,1,MT-ACT + Heuristic-Gated Learned Recovery,0,2,0,500,25-0001-b676d3a00fd8,2500043,b676d3a00fd878d5d69a177dcdb0c5ddd2de3cf6970336f99f1a7bf50b4082c3,0.0,30,1,461
575420f2b00cc9589e7715c0f0b53bac8fb47f3cb1d586e1ebda859f1d5bb1b7,MT50,robustness_noise_40,handle-pull-side-v3,25,2,MT-ACT + Heuristic-Gated Learned Recovery,0,2,0,500,25-0002-4c66706f95a8,2500044,4c66706f95a81a9e23eed2804970ebd326abf6da34032162bc80f2713b2bd444,0.0,30,1,461
575420f2b00cc9589e7715c0f0b53bac8fb47f3cb1d586e1ebda859f1d5bb1b7,MT50,robustness_noise_40,handle-pull-side-v3,25,3,MT-ACT + Heuristic-Gated Learned Recovery,1,2,1,463,25-0003-06a56940a610,2500045,06a56940a610d58b9f4244170cb0bff6ae892b078d682205b8186830362f2010,0.0,30,1,396
575420f2b00cc9589e7715c0f0b53bac8fb47f3cb1d586e1ebda859f1d5bb1b7,MT50,robustness_noise_40,handle-pull-side-v3,25,4,MT-ACT + Heuristic-Gated Learned Recovery,1,1,1,85,25-0004-71e88546e549,2500046,71e88546e5490f98a4e3f8b60d7b321cf30a0fa66810f32d17a4f24972c3d0cf,0.0,30,1,55
575420f2b00cc9589e7715c0f0b53bac8fb47f3cb1d586e1ebda859f1d5bb1b7,MT50,robustness_noise_40,handle-pull-side-v3,25,5,MT-ACT + Heuristic-Gated Learned Recovery,0,2,0,500,25-0005-f82b34001d6a,2500047,f82b34001d6a9d2318b94ac84ff20ad741332b331c5a3862ac1f541c5271e85d,0.0,30,1,461
575420f2b00cc9589e7715c0f0b53bac8fb47f3cb1d586e1ebda859f1d5bb1b7,MT50,robustness_noise_40,handle-pull-side-v3,25,6,MT-ACT + Heuristic-Gated Learned Recovery,0,2,0,500,25-0006-76642323a33b,2500048,76642323a33b295414c6ff162529cd32bceda35c4a9f687f9f40f55bae48f653,0.0,30,1,461
575420f2b00cc9589e7715c0f0b53bac8fb47f3cb1d586e1ebda859f1d5bb1b7,MT50,robustness_noise_40,handle-pull-side-v3,25,7,MT-ACT + Heuristic-Gated Learned Recovery,0,2,0,500,25-0007-3906a8b65c1e,2500049,3906a8b65c1e179af8163d3d19ad848c2df744c724ad04b33992cad74f0ee524,0.0,30,1,461
575420f2b00cc9589e7715c0f0b53bac8fb47f3cb1d586e1ebda859f1d5bb1b7,MT50,robustness_noise_40,handle-pull-side-v3,25,8,MT-ACT + Heuristic-Gated Learned Recovery,0,2,0,500,25-0008-5ac969a8eb02,2500050,5ac969a8eb027b48c9422b23fd9ab4d3ec520d86a5b538e298b50db8e6e41f31,0.0,30,1,461
575420f2b00cc9589e7715c0f0b53bac8fb47f3cb1d586e1ebda859f1d5bb1b7,MT50,robustness_noise_40,handle-pull-side-v3,25,9,MT-ACT + Heuristic-Gated Learned Recovery,0,2,0,500,25-0009-4f8c39ad4917,2500051,4f8c39ad4917dad47ec430cf88207db1fed5996eb5f5a68ac86838e17c8f2ccf,0.0,30,1,431
575420f2b00cc9589e7715c0f0b53bac8fb47f3cb1d586e1ebda859f1d5bb1b7,MT50,robustness_noise_40,handle-pull-side-v3,25,10,MT-ACT + Heuristic-Gated Learned Recovery,1,1,1,91,25-0010-34031ed9fa6d,2500052,34031ed9fa6d7a80f22e1b561b62e034c70d7b71f2beedc3c23569cde06a7f09,0.0,30,1,61
575420f2b00cc9589e7715c0f0b53bac8fb47f3cb1d586e1ebda859f1d5bb1b7,MT50,robustness_noise_40,handle-pull-side-v3,25,11,MT-ACT + Heuristic-Gated Learned Recovery,0,2,0,500,25-0011-7b35aca0731c,2500053,7b35aca0731c72abd0ce3289e06a7ec73eeee46dc9b5dd34fe0ffb703b9d13a8,0.0,30,1,461
575420f2b00cc9589e7715c0f0b53bac8fb47f3cb1d586e1ebda859f1d5bb1b7,MT50,robustness_noise_40,handle-pull-side-v3,25,12,MT-ACT + Heuristic-Gated Learned Recovery,1,2,1,362,25-0012-19e0170b4fe8,2500054,19e0170b4fe819643f06bce03816df4a9dfd755344860578db580d882a6a9a04,0.0,30,1,323
575420f2b00cc9589e7715c0f0b53bac8fb47f3cb1d586e1ebda859f1d5bb1b7,MT50,robustness_noise_40,handle-pull-side-v3,25,13,MT-ACT + Heuristic-Gated Learned Recovery,0,2,0,500,25-0013-32df12d5e24f,2500055,32df12d5e24f0c06cdffdaf22c317416a4e8ec430a3a1eaa9d4857631fc7ffa9,0.0,30,1,461
575420f2b00cc9589e7715c0f0b53bac8fb47f3cb1d586e1ebda859f1d5bb1b7,MT50,robustness_noise_40,handle-pull-side-v3,25,14,MT-ACT + Heuristic-Gated Learned Recovery,0,2,0,500,25-0014-c2e6349429ab,2500056,c2e6349429abdfe30b38742be74dd5530e28b0f90917b791011dce41e393861a,0.0,30,1,461
575420f2b00cc9589e7715c0f0b53bac8fb47f3cb1d586e1ebda859f1d5bb1b7,MT50,robustness_noise_40,handle-pull-side-v3,25,15,MT-ACT + Heuristic-Gated Learned Recovery,0,2,0,500,25-0015-338692253057,2500057,3386922530572ab4281d8a8dfe82f7efdc89aa8dc8568cc9d6b3914b2c21a526,0.0,33,1,458
575420f2b00cc9589e7715c0f0b53bac8fb47f3cb1d586e1ebda859f1d5bb1b7,MT50,robustness_noise_40,handle-pull-side-v3,25,16,MT-ACT + Heuristic-Gated Learned Recovery,0,2,0,500,25-0016-83ac506d2555,2500058,83ac506d255595afdb0b4f5f367a79baee4fbc3602f05a4a22f44791ab375b7e,0.0,30,1,435
575420f2b00cc9589e7715c0f0b53bac8fb47f3cb1d586e1ebda859f1d5bb1b7,MT50,robustness_noise_40,handle-pull-side-v3,25,17,MT-ACT + Heuristic-Gated Learned Recovery,1,1,1,87,25-0017-cc8f7c145700,2500059,cc8f7c14570005722b583a0971fd7ff1c0e519535ffd1cc29bd19b9d0804e74e,0.0,30,1,57
575420f2b00cc9589e7715c0f0b53bac8fb47f3cb1d586e1ebda859f1d5bb1b7,MT50,robustness_noise_40,handle-pull-side-v3,25,18,MT-ACT + Heuristic-Gated Learned Recovery,0,2,0,500,25-0018-ec22ca1c5e71,2500060,ec22ca1c5e7119f783231d1bbfdf08438f281a608760cdf639a2176d21ea4cef,0.0,30,1,461
575420f2b00cc9589e7715c0f0b53bac8fb47f3cb1d586e1ebda859f1d5bb1b7,MT50,robustness_noise_40,handle-pull-side-v3,25,19,MT-ACT + Heuristic-Gated Learned Recovery,0,2,0,500,25-0019-2d60bf31ffd6,2500061,2d60bf31ffd6945d4acaf4dd963a9dc607d407891a19bb1be650cc5c403b5781,0.0,30,1,461
575420f2b00cc9589e7715c0f0b53bac8fb47f3cb1d586e1ebda859f1d5bb1b7,MT50,robustness_noise_40,handle-pull-side-v3,25,20,MT-ACT + Heuristic-Gated Learned Recovery,0,2,0,500,25-0020-6d6c6bed926f,2500062,6d6c6bed926f4031aede509089fc2e63daee33ec914afa655b89d995b616cda2,0.0,30,1,461
575420f2b00cc9589e7715c0f0b53bac8fb47f3cb1d586e1ebda859f1d5bb1b7,MT50,robustness_noise_40,handle-pull-side-v3,25,21,MT-ACT + Heuristic-Gated Learned Recovery,0,2,0,500,25-0021-afe20cfbc0dd,2500063,afe20cfbc0ddd63ce8e9880376967fe8049c28a5812a07494deddea60cc8b823,0.0,30,1,461
575420f2b00cc9589e7715c0f0b53bac8fb47f3cb1d586e1ebda859f1d5bb1b7,MT50,robustness_noise_40,handle-pull-side-v3,25,22,MT-ACT + Heuristic-Gated Learned Recovery,0,2,0,500,25-0022-2b8944e879e6,2500064,2b8944e879e6585fe45f87149e52cbecd879cfcf92ed0c5fc05e9606469c1375,0.0,30,1,461
575420f2b00cc9589e7715c0f0b53bac8fb47f3cb1d586e1ebda859f1d5bb1b7,MT50,robustness_noise_40,handle-pull-side-v3,25,23,MT-ACT + Heuristic-Gated Learned Recovery,0,2,0,500,25-0023-536c3e680297,2500065,536c3e6802977d0b144f62b9f912104862054a6aab47f2f9b41188c9f87c6062,0.0,30,1,461
575420f2b00cc9589e7715c0f0b53bac8fb47f3cb1d586e1ebda859f1d5bb1b7,MT50,robustness_noise_40,handle-pull-side-v3,25,24,MT-ACT + Heuristic-Gated Learned Recovery,0,2,0,500,25-0024-bbf61d7b8cee,2500066,bbf61d7b8cee4d66bf42f06d45d5bf1940453d71f8d480cb0af6addff6bfe074,0.0,30,1,461
575420f2b00cc9589e7715c0f0b53bac8fb47f3cb1d586e1ebda859f1d5bb1b7,MT50,robustness_noise_40,handle-pull-side-v3,25,25,MT-ACT + Heuristic-Gated Learned Recovery,0,2,0,500,25-0025-943a94f8d009,2500067,943a94f8d009144fbe93d6addbe99a473bf5916c09f39ab5aff71225e8fd289c,0.0,30,1,461
575420f2b00cc9589e7715c0f0b53bac8fb47f3cb1d586e1ebda859f1d5bb1b7,MT50,robustness_noise_40,handle-pull-side-v3,25,26,MT-ACT + Heuristic-Gated Learned Recovery,0,2,0,500,25-0026-24446eefe578,2500068,24446eefe578c447c105f2d020c4220222a2762c3b797309ccb68d67cea0b8fd,0.0,30,1,461
575420f2b00cc9589e7715c0f0b53bac8fb47f3cb1d586e1ebda859f1d5bb1b7,MT50,robustness_noise_40,handle-pull-side-v3,25,27,MT-ACT + Heuristic-Gated Learned Recovery,0,2,0,500,25-0027-309d9c9c0754,2500069,309d9c9c0754bcc9f5c2df87d90cdd2cb5c99419f47d4eaa4e87f1bc5de318b8,0.0,30,1,461
575420f2b00cc9589e7715c0f0b53bac8fb47f3cb1d586e1ebda859f1d5bb1b7,MT50,robustness_noise_40,handle-pull-side-v3,25,28,MT-ACT + Heuristic-Gated Learned Recovery,0,2,0,500,25-0028-0dc68f72bed7,2500070,0dc68f72bed7f7c4a9cb99379ae4e5ca57175ec3447a4b6d204bca97df042644,0.0,30,1,444
575420f2b00cc9589e7715c0f0b53bac8fb47f3cb1d586e1ebda859f1d5bb1b7,MT50,robustness_noise_40,handle-pull-side-v3,25,29,MT-ACT + Heuristic-Gated Learned Recovery,0,2,0,500,25-0029-7d29ba4e457f,2500071,7d29ba4e457f6bd5620a215a41fb29c95b30b75ad0b65e3230f03935d25e0a30,0.0,30,1,461
575420f2b00cc9589e7715c0f0b53bac8fb47f3cb1d586e1ebda859f1d5bb1b7,MT50,robustness_noise_40,handle-pull-side-v3,25,30,MT-ACT + Heuristic-Gated Learned Recovery,0,2,0,500,25-0030-db8f076e56e5,2500072,db8f076e56e5c5cca0db980bdb9f2035851b4c580a04998f92e9e8d6cac34c3c,0.0,30,1,461
575420f2b00cc9589e7715c0f0b53bac8fb47f3cb1d586e1ebda859f1d5bb1b7,MT50,robustness_noise_40,handle-pull-side-v3,25,31,MT-ACT + Heuristic-Gated Learned Recovery,0,2,0,500,25-0031-524080c72a8f,2500073,524080c72a8f5054129051d678cb5dda541cf49c50be9ab5556eaa2d31404cd1,0.0,30,1,461
575420f2b00cc9589e7715c0f0b53bac8fb47f3cb1d586e1ebda859f1d5bb1b7,MT50,robustness_noise_40,handle-pull-side-v3,25,32,MT-ACT + Heuristic-Gated Learned Recovery,0,2,0,500,25-0032-483497a90174,2500074,483497a90174fd395f532de59517598d92777559728b2dff8a6f78c185c0c71d,0.0,30,1,461
575420f2b00cc9589e7715c0f0b53bac8fb47f3cb1d586e1ebda859f1d5bb1b7,MT50,robustness_noise_40,handle-pull-side-v3,25,33,MT-ACT + Heuristic-Gated Learned Recovery,0,2,0,500,25-0033-9f6b058afe5e,2500075,9f6b058afe5e1cb794ecfd576fb14dce4f2fcbbf7d12ebef1e943cd4b482f4c2,0.0,30,1,461
575420f2b00cc9589e7715c0f0b53bac8fb47f3cb1d586e1ebda859f1d5bb1b7,MT50,robustness_noise_40,handle-pull-side-v3,25,34,MT-ACT + Heuristic-Gated Learned Recovery,0,2,0,500,25-0034-ece17d737c41,2500076,ece17d737c41229fa21599fa0a9b29d24c802cb19b1e42bb33de2a6fb33a058f,0.0,30,1,461
575420f2b00cc9589e7715c0f0b53bac8fb47f3cb1d586e1ebda859f1d5bb1b7,MT50,robustness_noise_40,handle-pull-side-v3,25,35,MT-ACT + Heuristic-Gated Learned Recovery,0,2,0,500,25-0035-720821246c28,2500077,720821246c282a368a228d533f4d7bf102795cee19f362b70c91fa6b33831e5b,0.0,30,1,461
575420f2b00cc9589e7715c0f0b53bac8fb47f3cb1d586e1ebda859f1d5bb1b7,MT50,robustness_noise_40,handle-pull-side-v3,25,36,MT-ACT + Heuristic-Gated Learned Recovery,0,2,0,500,25-0036-133b70404fa7,2500078,133b70404fa7dfdcc55e57f9a827682e234bc7a9dc78f61d98876105447b43af,0.0,30,1,438
575420f2b00cc9589e7715c0f0b53bac8fb47f3cb1d586e1ebda859f1d5bb1b7,MT50,robustness_noise_40,handle-pull-side-v3,25,37,MT-ACT + Heuristic-Gated Learned Recovery,0,2,0,500,25-0037-b7091353ba3d,2500079,b7091353ba3d41d954377d9a6ca4189679cb0c6fefd9c5c8d469642e2c4c7917,0.0,30,1,461
575420f2b00cc9589e7715c0f0b53bac8fb47f3cb1d586e1ebda859f1d5bb1b7,MT50,robustness_noise_40,handle-pull-side-v3,25,38,MT-ACT + Heuristic-Gated Learned Recovery,0,2,0,500,25-0038-a446aa12da04,2500080,a446aa12da04f301007b485828d8af998f7f1dd7bcbf8266b7597018efd346dc,0.0,36,1,455
575420f2b00cc9589e7715c0f0b53bac8fb47f3cb1d586e1ebda859f1d5bb1b7,MT50,robustness_noise_40,handle-pull-side-v3,25,39,MT-ACT + Heuristic-Gated Learned Recovery,0,2,0,500,25-0039-dbe3677df93d,2500081,dbe3677df93d564c769b8482441cc552c38935e1290cae91d1fd2750baf3b8de,0.0,30,1,461
575420f2b00cc9589e7715c0f0b53bac8fb47f3cb1d586e1ebda859f1d5bb1b7,MT50,robustness_noise_40,handle-pull-side-v3,25,40,MT-ACT + Heuristic-Gated Learned Recovery,0,2,0,500,25-0040-1462a665e617,2500082,1462a665e6175a7095da51517862a7b4ee08bbb1047c85bbff0853964f94bcc2,0.0,30,1,439
575420f2b00cc9589e7715c0f0b53bac8fb47f3cb1d586e1ebda859f1d5bb1b7,MT50,robustness_noise_40,handle-pull-side-v3,25,41,MT-ACT + Heuristic-Gated Learned Recovery,0,2,0,500,25-0041-47d8356f1b30,2500083,47d8356f1b30b09df14544acca441eb9bc197065cc682fca942e5825d2e7a98a,0.0,30,1,461
575420f2b00cc9589e7715c0f0b53bac8fb47f3cb1d586e1ebda859f1d5bb1b7,MT50,robustness_noise_40,handle-pull-side-v3,25,42,MT-ACT + Heuristic-Gated Learned Recovery,0,2,0,500,25-0042-c518c40bcb92,2500084,c518c40bcb92189bbc7e0312d20450558285f40a4e43d3e8ce24894ec1ece813,0.0,30,1,461
575420f2b00cc9589e7715c0f0b53bac8fb47f3cb1d586e1ebda859f1d5bb1b7,MT50,robustness_noise_40,handle-pull-side-v3,25,43,MT-ACT + Heuristic-Gated Learned Recovery,1,1,1,78,25-0043-afa6c04270ec,2500085,afa6c04270ec8912cd690f3cf896c1289848f25b3df707843a58cf478aa0ca43,0.0,30,1,48
575420f2b00cc9589e7715c0f0b53bac8fb47f3cb1d586e1ebda859f1d5bb1b7,MT50,robustness_noise_40,handle-pull-side-v3,25,44,MT-ACT + Heuristic-Gated Learned Recovery,0,2,0,500,25-0044-c8123cd6f131,2500086,c8123cd6f1316ea793b02c2caee32b4d71de2a8738f12d547120ee43d7e7082e,0.0,30,1,461
575420f2b00cc9589e7715c0f0b53bac8fb47f3cb1d586e1ebda859f1d5bb1b7,MT50,robustness_noise_40,handle-pull-side-v3,25,45,MT-ACT + Heuristic-Gated Learned Recovery,0,2,0,500,25-0045-2de658c67c0c,2500087,2de658c67c0c77a730f6f470306b51f12113bd28bb5c385aad1f94d37b173358,0.0,49,1,442
575420f2b00cc9589e7715c0f0b53bac8fb47f3cb1d586e1ebda859f1d5bb1b7,MT50,robustness_noise_40,handle-pull-side-v3,25,46,MT-ACT + Heuristic-Gated Learned Recovery,0,2,0,500,25-0046-dc00f376b533,2500088,dc00f376b53390b366da75207d9a396f4a7152eeae3e2bffa3506c696e25d220,0.0,30,1,461
575420f2b00cc9589e7715c0f0b53bac8fb47f3cb1d586e1ebda859f1d5bb1b7,MT50,robustness_noise_40,handle-pull-side-v3,25,47,MT-ACT + Heuristic-Gated Learned Recovery,0,2,0,500,25-0047-476a8777cbdb,2500089,476a8777cbdbd496aff0e8a239f8dabb30dd32ca119c9a7c77ab5464fd571592,0.0,30,1,461
575420f2b00cc9589e7715c0f0b53bac8fb47f3cb1d586e1ebda859f1d5bb1b7,MT50,robustness_noise_40,handle-pull-side-v3,25,48,MT-ACT + Heuristic-Gated Learned Recovery,0,2,0,500,25-0048-cc6cd153ba5c,2500090,cc6cd153ba5caee435ad3b98068338b873ecd92c80cf1f93ee5498a44d95def5,0.0,30,1,461
575420f2b00cc9589e7715c0f0b53bac8fb47f3cb1d586e1ebda859f1d5bb1b7,MT50,robustness_noise_40,handle-pull-side-v3,25,49,MT-ACT + Heuristic-Gated Learned Recovery,0,2,0,500,25-0049-2ba40d069e51,2500091,2ba40d069e51fc157f38bc8727f44d7c0c88206487fe2a1169fb42db55208d88,0.0,30,1,461
575420f2b00cc9589e7715c0f0b53bac8fb47f3cb1d586e1ebda859f1d5bb1b7,MT50,robustness_noise_40,pick-out-of-hole-v3,29,0,MT-ACT + Heuristic-Gated Learned Recovery,0,2,0,500,29-0000-0d9c0466856d,2900042,0d9c0466856d5894654aeac565de1320cac64c53ec4916c4047019665281940c,0.0,30,1,461
575420f2b00cc9589e7715c0f0b53bac8fb47f3cb1d586e1ebda859f1d5bb1b7,MT50,robustness_noise_40,pick-out-of-hole-v3,29,1,MT-ACT + Heuristic-Gated Learned Recovery,0,2,0,500,29-0001-aced2c8aee33,2900043,aced2c8aee332ca014b65b21c3bf2d7bda1b971cbd76357631141a037daaf3dd,0.0,30,1,461
575420f2b00cc9589e7715c0f0b53bac8fb47f3cb1d586e1ebda859f1d5bb1b7,MT50,robustness_noise_40,pick-out-of-hole-v3,29,2,MT-ACT + Heuristic-Gated Learned Recovery,0,2,0,500,29-0002-e227a14cefbc,2900044,e227a14cefbc24340dad15a8548520b43d0208de7dc0d982307bc3e32a4c07be,0.0,30,1,378
575420f2b00cc9589e7715c0f0b53bac8fb47f3cb1d586e1ebda859f1d5bb1b7,MT50,robustness_noise_40,pick-out-of-hole-v3,29,3,MT-ACT + Heuristic-Gated Learned Recovery,0,2,0,500,29-0003-844fc7405d49,2900045,844fc7405d491d2dd290808182201b8940b09aa0503ae5f4516c77d44c25c6dc,0.0,30,1,461
575420f2b00cc9589e7715c0f0b53bac8fb47f3cb1d586e1ebda859f1d5bb1b7,MT50,robustness_noise_40,pick-out-of-hole-v3,29,4,MT-ACT + Heuristic-Gated Learned Recovery,0,2,0,500,29-0004-772be6f422ae,2900046,772be6f422aecc936954439c73827caec1738f76066e87dc12e40d18cff68552,0.0,30,1,461
575420f2b00cc9589e7715c0f0b53bac8fb47f3cb1d586e1ebda859f1d5bb1b7,MT50,robustness_noise_40,pick-out-of-hole-v3,29,5,MT-ACT + Heuristic-Gated Learned Recovery,1,1,1,226,29-0005-db24e9669477,2900047,db24e9669477373803c0defdb08e7a142a77e252499fbaffc1c0395e30789824,0.0,30,1,196
575420f2b00cc9589e7715c0f0b53bac8fb47f3cb1d586e1ebda859f1d5bb1b7,MT50,robustness_noise_40,pick-out-of-hole-v3,29,6,MT-ACT + Heuristic-Gated Learned Recovery,0,2,0,500,29-0006-03f1f57ec3e4,2900048,03f1f57ec3e4b515d015e73df08e5ff8a93f6ec62d6e995a19f3d8fab5ba5dba,0.0,30,1,461
575420f2b00cc9589e7715c0f0b53bac8fb47f3cb1d586e1ebda859f1d5bb1b7,MT50,robustness_noise_40,pick-out-of-hole-v3,29,7,MT-ACT + Heuristic-Gated Learned Recovery,0,2,0,500,29-0007-3966828cda9a,2900049,3966828cda9afc6804fa6cfed48bd63e28e5121a162b6427b250eb028cd41443,0.0,30,1,445
575420f2b00cc9589e7715c0f0b53bac8fb47f3cb1d586e1ebda859f1d5bb1b7,MT50,robustness_noise_40,pick-out-of-hole-v3,29,8,MT-ACT + Heuristic-Gated Learned Recovery,0,2,0,500,29-0008-8fba474cc8bf,2900050,8fba474cc8bf06f53a028ccba957f569a86be21421be7d768d1051880b46b759,0.0,30,1,461
575420f2b00cc9589e7715c0f0b53bac8fb47f3cb1d586e1ebda859f1d5bb1b7,MT50,robustness_noise_40,pick-out-of-hole-v3,29,9,MT-ACT + Heuristic-Gated Learned Recovery,0,2,0,500,29-0009-6fbc7ce96720,2900051,6fbc7ce967201a5ad58c9ba7fc0439de8b2cdf8541bfcce650c45a15ff7c5445,0.0,30,1,461
575420f2b00cc9589e7715c0f0b53bac8fb47f3cb1d586e1ebda859f1d5bb1b7,MT50,robustness_noise_40,pick-out-of-hole-v3,29,10,MT-ACT + Heuristic-Gated Learned Recovery,0,2,0,500,29-0010-172198fdb247,2900052,172198fdb247d677b376c012c44b546bdd05f590409884c09a4ca39046670417,0.0,30,1,461
575420f2b00cc9589e7715c0f0b53bac8fb47f3cb1d586e1ebda859f1d5bb1b7,MT50,robustness_noise_40,pick-out-of-hole-v3,29,11,MT-ACT + Heuristic-Gated Learned Recovery,0,2,0,500,29-0011-64ac1299f7b5,2900053,64ac1299f7b5e8ac71ad995e02b6df503023e739ecc6fb69437bd3ff12edc572,0.0,30,1,461
575420f2b00cc9589e7715c0f0b53bac8fb47f3cb1d586e1ebda859f1d5bb1b7,MT50,robustness_noise_40,pick-out-of-hole-v3,29,12,MT-ACT + Heuristic-Gated Learned Recovery,0,2,0,500,29-0012-a62424dbcd54,2900054,a62424dbcd545820e330adb43d236c48b5e79116245b8b46108e4fbb04b02be1,0.0,30,1,386
575420f2b00cc9589e7715c0f0b53bac8fb47f3cb1d586e1ebda859f1d5bb1b7,MT50,robustness_noise_40,pick-out-of-hole-v3,29,13,MT-ACT + Heuristic-Gated Learned Recovery,0,2,0,500,29-0013-ff2b1fa9d028,2900055,ff2b1fa9d0282e662c65c8d6dc7b8d8216b76a4da533a1ccd0d95efc92bc31fd,0.0,30,1,461
575420f2b00cc9589e7715c0f0b53bac8fb47f3cb1d586e1ebda859f1d5bb1b7,MT50,robustness_noise_40,pick-out-of-hole-v3,29,14,MT-ACT + Heuristic-Gated Learned Recovery,0,2,0,500,29-0014-fdec4386375b,2900056,fdec4386375b972b095ea2506237697245d52ff60b38c88980c97f564aa977a5,0.0,30,1,461
575420f2b00cc9589e7715c0f0b53bac8fb47f3cb1d586e1ebda859f1d5bb1b7,MT50,robustness_noise_40,pick-out-of-hole-v3,29,15,MT-ACT + Heuristic-Gated Learned Recovery,0,2,0,500,29-0015-019e8c7cd0c6,2900057,019e8c7cd0c6bb22f0dec494ece273e88a52eb7c2aeb4c57bc3983f9523aca1d,0.0,30,1,271
575420f2b00cc9589e7715c0f0b53bac8fb47f3cb1d586e1ebda859f1d5bb1b7,MT50,robustness_noise_40,pick-out-of-hole-v3,29,16,MT-ACT + Heuristic-Gated Learned Recovery,0,2,0,500,29-0016-a6feefb028d6,2900058,a6feefb028d6e863627aae7b3d0b7748156c57341e8f23d3e37700b629cf5c0f,0.0,30,1,461
575420f2b00cc9589e7715c0f0b53bac8fb47f3cb1d586e1ebda859f1d5bb1b7,MT50,robustness_noise_40,pick-out-of-hole-v3,29,17,MT-ACT + Heuristic-Gated Learned Recovery,0,2,0,500,29-0017-79ec01bb784e,2900059,79ec01bb784eaed0e358bd6d4849b7b4b4996d4a11b3da3b836456d2f53269b1,0.0,30,1,461
575420f2b00cc9589e7715c0f0b53bac8fb47f3cb1d586e1ebda859f1d5bb1b7,MT50,robustness_noise_40,pick-out-of-hole-v3,29,18,MT-ACT + Heuristic-Gated Learned Recovery,0,2,0,500,29-0018-0ef458eceb7e,2900060,0ef458eceb7e780c70a5ab2e35ce5f9da49824b4a984bbb684b88d94f22ac83e,0.0,30,1,461
575420f2b00cc9589e7715c0f0b53bac8fb47f3cb1d586e1ebda859f1d5bb1b7,MT50,robustness_noise_40,pick-out-of-hole-v3,29,19,MT-ACT + Heuristic-Gated Learned Recovery,0,2,0,500,29-0019-002531f22688,2900061,002531f22688b1d47b764359a1567da2eb0a50d64f9db66513693a3e5c456530,0.0,30,1,461
575420f2b00cc9589e7715c0f0b53bac8fb47f3cb1d586e1ebda859f1d5bb1b7,MT50,robustness_noise_40,pick-out-of-hole-v3,29,20,MT-ACT + Heuristic-Gated Learned Recovery,0,2,0,500,29-0020-b329a43d64cc,2900062,b329a43d64cc0c44eda8e22967f6dade21b1942fe3a8f7da1e2bb2ed805a261c,0.0,30,1,461
575420f2b00cc9589e7715c0f0b53bac8fb47f3cb1d586e1ebda859f1d5bb1b7,MT50,robustness_noise_40,pick-out-of-hole-v3,29,21,MT-ACT + Heuristic-Gated Learned Recovery,0,2,0,500,29-0021-48a9e8e36e42,2900063,48a9e8e36e4286796065358e446fb91b8920ddab67562071a44cf755ee5b9ca3,0.0,30,1,461
575420f2b00cc9589e7715c0f0b53bac8fb47f3cb1d586e1ebda859f1d5bb1b7,MT50,robustness_noise_40,pick-out-of-hole-v3,29,22,MT-ACT + Heuristic-Gated Learned Recovery,0,2,0,500,29-0022-1136ee308822,2900064,1136ee308822da45f73535f8720c1de57273d59c9adb0856b5c6f4cfd64053ba,0.0,30,1,461
575420f2b00cc9589e7715c0f0b53bac8fb47f3cb1d586e1ebda859f1d5bb1b7,MT50,robustness_noise_40,pick-out-of-hole-v3,29,23,MT-ACT + Heuristic-Gated Learned Recovery,0,2,0,500,29-0023-a696ba78ab1f,2900065,a696ba78ab1f60c783b4e6f30038bb10bfcf8c2e5dacdd192bf922fe4fa16c13,0.0,30,1,461
575420f2b00cc9589e7715c0f0b53bac8fb47f3cb1d586e1ebda859f1d5bb1b7,MT50,robustness_noise_40,pick-out-of-hole-v3,29,24,MT-ACT + Heuristic-Gated Learned Recovery,0,2,0,500,29-0024-17fea63c20f7,2900066,17fea63c20f7cd056c1379c84e20181e97604c0796798de4981fabd9da9c5b61,0.0,30,1,461
575420f2b00cc9589e7715c0f0b53bac8fb47f3cb1d586e1ebda859f1d5bb1b7,MT50,robustness_noise_40,pick-out-of-hole-v3,29,25,MT-ACT + Heuristic-Gated Learned Recovery,0,2,0,500,29-0025-1d17924dd1d8,2900067,1d17924dd1d852ddbfb11fe9721c19ef4f7df85258139f42dbde665c46d2314c,0.0,30,1,461
575420f2b00cc9589e7715c0f0b53bac8fb47f3cb1d586e1ebda859f1d5bb1b7,MT50,robustness_noise_40,pick-out-of-hole-v3,29,26,MT-ACT + Heuristic-Gated Learned Recovery,0,2,0,500,29-0026-cc6ebd7e0f3f,2900068,cc6ebd7e0f3f4a38b9ed72c53f9f101236559973ca01f456ab9feab402fd0263,0.0,30,1,461
575420f2b00cc9589e7715c0f0b53bac8fb47f3cb1d586e1ebda859f1d5bb1b7,MT50,robustness_noise_40,pick-out-of-hole-v3,29,27,MT-ACT + Heuristic-Gated Learned Recovery,0,2,0,500,29-0027-48767248f97b,2900069,48767248f97b5214a757e6af79db9bc3c365877433b31669b76c754a4b60166a,0.0,30,1,440
575420f2b00cc9589e7715c0f0b53bac8fb47f3cb1d586e1ebda859f1d5bb1b7,MT50,robustness_noise_40,pick-out-of-hole-v3,29,28,MT-ACT + Heuristic-Gated Learned Recovery,0,2,0,500,29-0028-281b583ca559,2900070,281b583ca559a459c95a2d3fd6a48053cfa5f9fef1d48452d4cfb84a4a1edfe5,0.0,30,1,461
575420f2b00cc9589e7715c0f0b53bac8fb47f3cb1d586e1ebda859f1d5bb1b7,MT50,robustness_noise_40,pick-out-of-hole-v3,29,29,MT-ACT + Heuristic-Gated Learned Recovery,0,2,0,500,29-0029-c838cf7287b8,2900071,c838cf7287b847dd4bece3ff364d386eda674c287a2f9c521729c8dfe3ab73e0,0.0,30,1,383
575420f2b00cc9589e7715c0f0b53bac8fb47f3cb1d586e1ebda859f1d5bb1b7,MT50,robustness_noise_40,pick-out-of-hole-v3,29,30,MT-ACT + Heuristic-Gated Learned Recovery,0,2,0,500,29-0030-a9ce9aeae63b,2900072,a9ce9aeae63bca8648bbd8f2cb0f7d4fc52520d21431987e803355fe6814e499,0.0,30,1,461
575420f2b00cc9589e7715c0f0b53bac8fb47f3cb1d586e1ebda859f1d5bb1b7,MT50,robustness_noise_40,pick-out-of-hole-v3,29,31,MT-ACT + Heuristic-Gated Learned Recovery,0,2,0,500,29-0031-40df0be7fe2b,2900073,40df0be7fe2b04ae5f9d0b8dc8e5a519026c99df7695b989158b412c7103ae7d,0.0,30,1,444
575420f2b00cc9589e7715c0f0b53bac8fb47f3cb1d586e1ebda859f1d5bb1b7,MT50,robustness_noise_40,pick-out-of-hole-v3,29,32,MT-ACT + Heuristic-Gated Learned Recovery,0,2,0,500,29-0032-db759624a2e6,2900074,db759624a2e64143b1e25885d99df4b7e5f8c7756be9401aa3a9a9d71e990e9e,0.0,30,1,461
575420f2b00cc9589e7715c0f0b53bac8fb47f3cb1d586e1ebda859f1d5bb1b7,MT50,robustness_noise_40,pick-out-of-hole-v3,29,33,MT-ACT + Heuristic-Gated Learned Recovery,0,2,0,500,29-0033-3978e926ab19,2900075,3978e926ab191e234093217de8964ec0f300dd7738fe4b949917882cde75bbf4,0.0,30,1,461
575420f2b00cc9589e7715c0f0b53bac8fb47f3cb1d586e1ebda859f1d5bb1b7,MT50,robustness_noise_40,pick-out-of-hole-v3,29,34,MT-ACT + Heuristic-Gated Learned Recovery,0,2,0,500,29-0034-dcc45c6a718d,2900076,dcc45c6a718d7deab7d33438c9214394c262249079e570223948950cdab410c5,0.0,30,1,461
575420f2b00cc9589e7715c0f0b53bac8fb47f3cb1d586e1ebda859f1d5bb1b7,MT50,robustness_noise_40,pick-out-of-hole-v3,29,35,MT-ACT + Heuristic-Gated Learned Recovery,0,2,0,500,29-0035-0db7b27ee76b,2900077,0db7b27ee76b05c2c80ec1db7c169907d11de45a95a45a83a826c47b1b200fe0,0.0,30,1,461
575420f2b00cc9589e7715c0f0b53bac8fb47f3cb1d586e1ebda859f1d5bb1b7,MT50,robustness_noise_40,pick-out-of-hole-v3,29,36,MT-ACT + Heuristic-Gated Learned Recovery,0,2,0,500,29-0036-692d9df1970f,2900078,692d9df1970fd8e8e26fbf71af164ad8bab3bcd0d6a21ac639ce484197e89648,0.0,30,1,443
575420f2b00cc9589e7715c0f0b53bac8fb47f3cb1d586e1ebda859f1d5bb1b7,MT50,robustness_noise_40,pick-out-of-hole-v3,29,37,MT-ACT + Heuristic-Gated Learned Recovery,0,2,0,500,29-0037-2b9b1fa69a7c,2900079,2b9b1fa69a7c6dc51f952569d5feab1168d03ec867c79e697d332094cd7447ce,0.0,30,1,461
575420f2b00cc9589e7715c0f0b53bac8fb47f3cb1d586e1ebda859f1d5bb1b7,MT50,robustness_noise_40,pick-out-of-hole-v3,29,38,MT-ACT + Heuristic-Gated Learned Recovery,0,2,0,500,29-0038-4c6b3bc359e5,2900080,4c6b3bc359e53427557d53d768de57cfa41483d1306062c180f0b62c7d00eb8b,0.0,30,1,461
575420f2b00cc9589e7715c0f0b53bac8fb47f3cb1d586e1ebda859f1d5bb1b7,MT50,robustness_noise_40,pick-out-of-hole-v3,29,39,MT-ACT + Heuristic-Gated Learned Recovery,0,2,0,500,29-0039-73966e2f6372,2900081,73966e2f6372bf413b3295c41230c408974b376674e3374a394249f66609b017,0.0,30,1,461
575420f2b00cc9589e7715c0f0b53bac8fb47f3cb1d586e1ebda859f1d5bb1b7,MT50,robustness_noise_40,pick-out-of-hole-v3,29,40,MT-ACT + Heuristic-Gated Learned Recovery,0,2,0,500,29-0040-44e79d2896b6,2900082,44e79d2896b61bf3c8466466f56504293f8e82719c465e414de752b2050211ad,0.0,30,1,461
575420f2b00cc9589e7715c0f0b53bac8fb47f3cb1d586e1ebda859f1d5bb1b7,MT50,robustness_noise_40,pick-out-of-hole-v3,29,41,MT-ACT + Heuristic-Gated Learned Recovery,0,2,0,500,29-0041-efce2264fb5e,2900083,efce2264fb5ea58c841573ec94ef460b882a25db11cd602c85c409ccf8a6736a,0.0,30,1,461
575420f2b00cc9589e7715c0f0b53bac8fb47f3cb1d586e1ebda859f1d5bb1b7,MT50,robustness_noise_40,pick-out-of-hole-v3,29,42,MT-ACT + Heuristic-Gated Learned Recovery,0,2,0,500,29-0042-5620d2c5da51,2900084,5620d2c5da515053eb24f77a77d8c40400e13d73f14fd25d95a332bc1b24b5e3,0.0,30,1,461
575420f2b00cc9589e7715c0f0b53bac8fb47f3cb1d586e1ebda859f1d5bb1b7,MT50,robustness_noise_40,pick-out-of-hole-v3,29,43,MT-ACT + Heuristic-Gated Learned Recovery,0,2,0,500,29-0043-0f47695bb097,2900085,0f47695bb097911b7ea07859c2c2eded47bf8773d8a1a29de8f0eb18da1d69d4,0.0,30,1,461
575420f2b00cc9589e7715c0f0b53bac8fb47f3cb1d586e1ebda859f1d5bb1b7,MT50,robustness_noise_40,pick-out-of-hole-v3,29,44,MT-ACT + Heuristic-Gated Learned Recovery,0,2,0,500,29-0044-05c6c66dad8f,2900086,05c6c66dad8fbc484c84e018ca2df1921cefeb3ecf9db1868622eb1f53f793e6,0.0,30,1,461
575420f2b00cc9589e7715c0f0b53bac8fb47f3cb1d586e1ebda859f1d5bb1b7,MT50,robustness_noise_40,pick-out-of-hole-v3,29,45,MT-ACT + Heuristic-Gated Learned Recovery,0,2,0,500,29-0045-39f628794a10,2900087,39f628794a106aacf0539cb6caedc4027a77bedaee7b475dc1d909f7f9358ef9,0.0,30,1,461
575420f2b00cc9589e7715c0f0b53bac8fb47f3cb1d586e1ebda859f1d5bb1b7,MT50,robustness_noise_40,pick-out-of-hole-v3,29,46,MT-ACT + Heuristic-Gated Learned Recovery,0,2,0,500,29-0046-a583a418fcd0,2900088,a583a418fcd0dbc632b36d09ad124025818f7bf29a990c610c0568c6b92284ba,0.0,30,1,461
575420f2b00cc9589e7715c0f0b53bac8fb47f3cb1d586e1ebda859f1d5bb1b7,MT50,robustness_noise_40,pick-out-of-hole-v3,29,47,MT-ACT + Heuristic-Gated Learned Recovery,0,2,0,500,29-0047-531baa6783a7,2900089,531baa6783a704cdb7976af7d44c670a1d3ae5b1377896769bfd068b0ffb9905,0.0,30,1,461
575420f2b00cc9589e7715c0f0b53bac8fb47f3cb1d586e1ebda859f1d5bb1b7,MT50,robustness_noise_40,pick-out-of-hole-v3,29,48,MT-ACT + Heuristic-Gated Learned Recovery,0,2,0,500,29-0048-9742a1909d8c,2900090,9742a1909d8c509701c53dc7eeaaf89e4f088556976c0683cc07b769ec98ad10,0.0,30,1,461
575420f2b00cc9589e7715c0f0b53bac8fb47f3cb1d586e1ebda859f1d5bb1b7,MT50,robustness_noise_40,pick-out-of-hole-v3,29,49,MT-ACT + Heuristic-Gated Learned Recovery,0,2,0,500,29-0049-93158433b3c0,2900091,93158433b3c0273e30dba0514472d93a2d17795d478d4fefc26d77f8c09b8e76,0.0,30,1,461
575420f2b00cc9589e7715c0f0b53bac8fb47f3cb1d586e1ebda859f1d5bb1b7,MT50,robustness_noise_40,plate-slide-back-v3,33,0,MT-ACT + Heuristic-Gated Learned Recovery,1,1,1,245,33-0000-f1a3bc859545,3300042,f1a3bc859545da0cfe6d03a0513c2ebef31c03656b2498244a1e991b99b2c181,0.0,186,1,59
575420f2b00cc9589e7715c0f0b53bac8fb47f3cb1d586e1ebda859f1d5bb1b7,MT50,robustness_noise_40,plate-slide-back-v3,33,1,MT-ACT + Heuristic-Gated Learned Recovery,1,1,1,96,33-0001-d7f687a5b5e5,3300043,d7f687a5b5e5de21802c242d203aa12a99bca3036d5f024a582a39714c395738,0.0,32,1,64
575420f2b00cc9589e7715c0f0b53bac8fb47f3cb1d586e1ebda859f1d5bb1b7,MT50,robustness_noise_40,plate-slide-back-v3,33,2,MT-ACT + Heuristic-Gated Learned Recovery,1,1,1,85,33-0002-8e61b49e4333,3300044,8e61b49e4333549f876bcb55ed3476aa184c47977a4b5a30c998e19354d63f30,0.0,30,1,55
575420f2b00cc9589e7715c0f0b53bac8fb47f3cb1d586e1ebda859f1d5bb1b7,MT50,robustness_noise_40,plate-slide-back-v3,33,3,MT-ACT + Heuristic-Gated Learned Recovery,0,1,0,500,33-0003-bd86b0e60762,3300045,bd86b0e607623d995cc971c4ed7bcee977c9056957eac6074a7b67af7d9cb5fa,0.0,34,1,250
575420f2b00cc9589e7715c0f0b53bac8fb47f3cb1d586e1ebda859f1d5bb1b7,MT50,robustness_noise_40,plate-slide-back-v3,33,4,MT-ACT + Heuristic-Gated Learned Recovery,0,1,0,500,33-0004-b066647a2885,3300046,b066647a28859a4313fc1bd6d6b6bc58f9dcfa6b36a2cf8702b640b685a9798d,0.0,94,1,250
575420f2b00cc9589e7715c0f0b53bac8fb47f3cb1d586e1ebda859f1d5bb1b7,MT50,robustness_noise_40,plate-slide-back-v3,33,5,MT-ACT + Heuristic-Gated Learned Recovery,0,1,0,500,33-0005-42822f8887cb,3300047,42822f8887cbdf10a125fc6f489b721c88c2606188dfeb6450f36c9042d36092,0.0,242,1,250
575420f2b00cc9589e7715c0f0b53bac8fb47f3cb1d586e1ebda859f1d5bb1b7,MT50,robustness_noise_40,plate-slide-back-v3,33,6,MT-ACT + Heuristic-Gated Learned Recovery,0,0,0,500,33-0006-3889018f314a,3300048,3889018f314ac04a8c4747796abf159ed87acd21b6666337a5c0590881805ae0,0.0,-1,1,0
575420f2b00cc9589e7715c0f0b53bac8fb47f3cb1d586e1ebda859f1d5bb1b7,MT50,robustness_noise_40,plate-slide-back-v3,33,7,MT-ACT + Heuristic-Gated Learned Recovery,0,1,0,500,33-0007-970ec3de144c,3300049,970ec3de144c962d75865e83836883c2fe246a2b62820f032475bbe89d6bb1a4,0.0,110,1,250
575420f2b00cc9589e7715c0f0b53bac8fb47f3cb1d586e1ebda859f1d5bb1b7,MT50,robustness_noise_40,plate-slide-back-v3,33,8,MT-ACT + Heuristic-Gated Learned Recovery,1,1,1,133,33-0008-7df5c0f1199a,3300050,7df5c0f1199a988a7a0a76751618cd85f5cfa42339e525be757999b1e0c9f11e,0.0,38,1,95
575420f2b00cc9589e7715c0f0b53bac8fb47f3cb1d586e1ebda859f1d5bb1b7,MT50,robustness_noise_40,plate-slide-back-v3,33,9,MT-ACT + Heuristic-Gated Learned Recovery,1,1,1,83,33-0009-7c4e88bdc866,3300051,7c4e88bdc8660b6b8d8d885e2932883efa3de039bed94efcef854cd55f86f898,0.0,30,1,53
575420f2b00cc9589e7715c0f0b53bac8fb47f3cb1d586e1ebda859f1d5bb1b7,MT50,robustness_noise_40,plate-slide-back-v3,33,10,MT-ACT + Heuristic-Gated Learned Recovery,0,2,0,500,33-0010-44feb5fe5338,3300052,44feb5fe533862e80da318a4b36262432def409f10e541b1f152342621a3f9ae,0.0,77,1,257
575420f2b00cc9589e7715c0f0b53bac8fb47f3cb1d586e1ebda859f1d5bb1b7,MT50,robustness_noise_40,plate-slide-back-v3,33,11,MT-ACT + Heuristic-Gated Learned Recovery,0,1,0,500,33-0011-92337180f8da,3300053,92337180f8da98acd78392977c0a327bede12bfa523a84f56816653302d495bc,0.0,192,1,250
575420f2b00cc9589e7715c0f0b53bac8fb47f3cb1d586e1ebda859f1d5bb1b7,MT50,robustness_noise_40,plate-slide-back-v3,33,12,MT-ACT + Heuristic-Gated Learned Recovery,1,2,1,427,33-0012-893dd0e6efad,3300054,893dd0e6efad625ffc152a038284cfa7fd2dda765341172f9c1d5a32d61d90c4,0.0,47,1,310
575420f2b00cc9589e7715c0f0b53bac8fb47f3cb1d586e1ebda859f1d5bb1b7,MT50,robustness_noise_40,plate-slide-back-v3,33,13,MT-ACT + Heuristic-Gated Learned Recovery,0,1,0,500,33-0013-7b52a5f112be,3300055,7b52a5f112bedbeca4be952c19441571a0fa62ec66d3fc78e472e0614493caad,0.0,69,1,250
575420f2b00cc9589e7715c0f0b53bac8fb47f3cb1d586e1ebda859f1d5bb1b7,MT50,robustness_noise_40,plate-slide-back-v3,33,14,MT-ACT + Heuristic-Gated Learned Recovery,0,1,0,500,33-0014-e4f5a086d287,3300056,e4f5a086d2873d36cd969cee20b46f90e96a4b665bc0449ac35bfbd0a6a22da7,0.0,69,1,250
575420f2b00cc9589e7715c0f0b53bac8fb47f3cb1d586e1ebda859f1d5bb1b7,MT50,robustness_noise_40,plate-slide-back-v3,33,15,MT-ACT + Heuristic-Gated Learned Recovery,0,1,0,500,33-0015-d39613d36028,3300057,d39613d36028c4f9561209d201db80d23646f5ed0ac9e7407868c849e0c2d160,0.0,40,1,250
575420f2b00cc9589e7715c0f0b53bac8fb47f3cb1d586e1ebda859f1d5bb1b7,MT50,robustness_noise_40,plate-slide-back-v3,33,16,MT-ACT + Heuristic-Gated Learned Recovery,1,1,1,98,33-0016-1be9d4275529,3300058,1be9d42755298ebf48812d28907ba312136a988f470145abfb64e036ccca6c7e,0.0,34,1,64
575420f2b00cc9589e7715c0f0b53bac8fb47f3cb1d586e1ebda859f1d5bb1b7,MT50,robustness_noise_40,plate-slide-back-v3,33,17,MT-ACT + Heuristic-Gated Learned Recovery,1,1,1,78,33-0017-8980095b772c,3300059,8980095b772ce09e41ae498c6acafeb32d5cc44992fd5296375b9ac2bd813eab,0.0,32,1,46
575420f2b00cc9589e7715c0f0b53bac8fb47f3cb1d586e1ebda859f1d5bb1b7,MT50,robustness_noise_40,plate-slide-back-v3,33,18,MT-ACT + Heuristic-Gated Learned Recovery,1,1,1,94,33-0018-ea5e6a16b3c3,3300060,ea5e6a16b3c31f98b3a5a440b649a803a69c205aae48672748eb4e136461e43e,0.0,47,1,47
575420f2b00cc9589e7715c0f0b53bac8fb47f3cb1d586e1ebda859f1d5bb1b7,MT50,robustness_noise_40,plate-slide-back-v3,33,19,MT-ACT + Heuristic-Gated Learned Recovery,1,1,1,81,33-0019-af5ad6bd5014,3300061,af5ad6bd5014ea9ec69a8ad26212d63a6aec3d629227a10e81ccb09654b5abf9,0.0,30,1,51
575420f2b00cc9589e7715c0f0b53bac8fb47f3cb1d586e1ebda859f1d5bb1b7,MT50,robustness_noise_40,plate-slide-back-v3,33,20,MT-ACT + Heuristic-Gated Learned Recovery,0,2,0,500,33-0020-d0553d1ce66d,3300062,d0553d1ce66da029efa4465aa8561cc462cff63a16fea5b87c6d192699ae50b0,0.0,144,1,347
575420f2b00cc9589e7715c0f0b53bac8fb47f3cb1d586e1ebda859f1d5bb1b7,MT50,robustness_noise_40,plate-slide-back-v3,33,21,MT-ACT + Heuristic-Gated Learned Recovery,1,1,1,116,33-0021-1fc842017602,3300063,1fc8420176021d98bcea782f207fc9593ead6119fb6e89bd9363a205f2806f6b,0.0,56,1,60
575420f2b00cc9589e7715c0f0b53bac8fb47f3cb1d586e1ebda859f1d5bb1b7,MT50,robustness_noise_40,plate-slide-back-v3,33,22,MT-ACT + Heuristic-Gated Learned Recovery,0,2,0,500,33-0022-c98c707061a1,3300064,c98c707061a1c179d6fa62755eff6785fe54b4ecc2112bd800ded83093070e10,0.0,83,1,268
575420f2b00cc9589e7715c0f0b53bac8fb47f3cb1d586e1ebda859f1d5bb1b7,MT50,robustness_noise_40,plate-slide-back-v3,33,23,MT-ACT + Heuristic-Gated Learned Recovery,0,1,0,500,33-0023-984fab3c46db,3300065,984fab3c46db37c82944ffbc507e52a8feacf11053e7cded4ecc892676e80b5e,0.0,138,1,250
575420f2b00cc9589e7715c0f0b53bac8fb47f3cb1d586e1ebda859f1d5bb1b7,MT50,robustness_noise_40,plate-slide-back-v3,33,24,MT-ACT + Heuristic-Gated Learned Recovery,1,1,1,129,33-0024-c48fd4a7e721,3300066,c48fd4a7e721f9b6c4b7632f9ea0dfb92e0eeed93291229afebf61a348efa7c9,0.0,54,1,75
575420f2b00cc9589e7715c0f0b53bac8fb47f3cb1d586e1ebda859f1d5bb1b7,MT50,robustness_noise_40,plate-slide-back-v3,33,25,MT-ACT + Heuristic-Gated Learned Recovery,0,1,0,500,33-0025-1e448d7867c0,3300067,1e448d7867c087dc456637d585d7b2b175e6123f3ccf85fd25a6ead37ee8a98f,0.0,30,1,250
575420f2b00cc9589e7715c0f0b53bac8fb47f3cb1d586e1ebda859f1d5bb1b7,MT50,robustness_noise_40,plate-slide-back-v3,33,26,MT-ACT + Heuristic-Gated Learned Recovery,0,2,0,500,33-0026-109aba09b132,3300068,109aba09b132125df27feb2437dcc3f74344d48ae31eebeb9ac32749d68fbc3a,0.0,156,1,263
575420f2b00cc9589e7715c0f0b53bac8fb47f3cb1d586e1ebda859f1d5bb1b7,MT50,robustness_noise_40,plate-slide-back-v3,33,27,MT-ACT + Heuristic-Gated Learned Recovery,1,1,1,125,33-0027-9b0fc48e9cc9,3300069,9b0fc48e9cc9119d4616144bb3b18cfd3e93e1877ea0f93a0840603c2ed7116c,0.0,72,1,53
575420f2b00cc9589e7715c0f0b53bac8fb47f3cb1d586e1ebda859f1d5bb1b7,MT50,robustness_noise_40,plate-slide-back-v3,33,28,MT-ACT + Heuristic-Gated Learned Recovery,1,1,1,89,33-0028-968dccf2a67d,3300070,968dccf2a67d89ebc4c1ed93770b60d99f7665bb076f1c469637052fb22b7e16,0.0,37,1,52
575420f2b00cc9589e7715c0f0b53bac8fb47f3cb1d586e1ebda859f1d5bb1b7,MT50,robustness_noise_40,plate-slide-back-v3,33,29,MT-ACT + Heuristic-Gated Learned Recovery,1,1,1,133,33-0029-5a200b0cb408,3300071,5a200b0cb408df6f54a97b89b06ab77c220690623993d0295660490750c50d4b,0.0,68,1,65
575420f2b00cc9589e7715c0f0b53bac8fb47f3cb1d586e1ebda859f1d5bb1b7,MT50,robustness_noise_40,plate-slide-back-v3,33,30,MT-ACT + Heuristic-Gated Learned Recovery,1,1,1,90,33-0030-281fd085a56e,3300072,281fd085a56e911b6ed85201bc5c8ddb7beb919b34c4f36c010d6d3bb23da1bf,0.0,43,1,47
575420f2b00cc9589e7715c0f0b53bac8fb47f3cb1d586e1ebda859f1d5bb1b7,MT50,robustness_noise_40,plate-slide-back-v3,33,31,MT-ACT + Heuristic-Gated Learned Recovery,1,1,1,122,33-0031-ffe9b48aab7f,3300073,ffe9b48aab7f469d7d397bbbba37dc289f72db28854bc35dc0170336abc56ca9,0.0,40,1,82
575420f2b00cc9589e7715c0f0b53bac8fb47f3cb1d586e1ebda859f1d5bb1b7,MT50,robustness_noise_40,plate-slide-back-v3,33,32,MT-ACT + Heuristic-Gated Learned Recovery,1,1,1,93,33-0032-e28478ab4059,3300074,e28478ab4059e85a6a637fd810b0f6e8ceda11127c946b0e1209741a4ff8f09e,0.0,39,1,54
575420f2b00cc9589e7715c0f0b53bac8fb47f3cb1d586e1ebda859f1d5bb1b7,MT50,robustness_noise_40,plate-slide-back-v3,33,33,MT-ACT + Heuristic-Gated Learned Recovery,0,1,0,500,33-0033-d279a59e8f47,3300075,d279a59e8f470309692aa419bf7de9c33a8e40d00da05f35190f8c5a9e23afcb,0.0,64,1,250
575420f2b00cc9589e7715c0f0b53bac8fb47f3cb1d586e1ebda859f1d5bb1b7,MT50,robustness_noise_40,plate-slide-back-v3,33,34,MT-ACT + Heuristic-Gated Learned Recovery,1,1,1,160,33-0034-86345b58d1b8,3300076,86345b58d1b8f09ca9543eedc0326f0b356703200fcdfd3186d91d279a586a43,0.0,94,1,66
575420f2b00cc9589e7715c0f0b53bac8fb47f3cb1d586e1ebda859f1d5bb1b7,MT50,robustness_noise_40,plate-slide-back-v3,33,35,MT-ACT + Heuristic-Gated Learned Recovery,0,2,0,500,33-0035-25ae14fe3bb1,3300077,25ae14fe3bb1cbecc8172a5eb6e7aca5882985ab2594e2c8d77fa9c3527bc6db,0.0,67,1,362
575420f2b00cc9589e7715c0f0b53bac8fb47f3cb1d586e1ebda859f1d5bb1b7,MT50,robustness_noise_40,plate-slide-back-v3,33,36,MT-ACT + Heuristic-Gated Learned Recovery,1,1,1,267,33-0036-5e793c4bd54a,3300078,5e793c4bd54a1a5bb717e420f474bd39d0e43e3da3523c911604ec8da88d8058,0.0,49,1,218
575420f2b00cc9589e7715c0f0b53bac8fb47f3cb1d586e1ebda859f1d5bb1b7,MT50,robustness_noise_40,plate-slide-back-v3,33,37,MT-ACT + Heuristic-Gated Learned Recovery,1,1,1,143,33-0037-ba5ebeb9b632,3300079,ba5ebeb9b632483f6372dbaefbf743c7e231ff76b00ba03660f1ecae151db425,0.0,73,1,70
575420f2b00cc9589e7715c0f0b53bac8fb47f3cb1d586e1ebda859f1d5bb1b7,MT50,robustness_noise_40,plate-slide-back-v3,33,38,MT-ACT + Heuristic-Gated Learned Recovery,1,1,1,92,33-0038-986c194ac397,3300080,986c194ac39709fba58e8943b64fda22bd6268acc646c9e3ef413e781ad2b862,0.0,37,1,55
575420f2b00cc9589e7715c0f0b53bac8fb47f3cb1d586e1ebda859f1d5bb1b7,MT50,robustness_noise_40,plate-slide-back-v3,33,39,MT-ACT + Heuristic-Gated Learned Recovery,0,1,0,500,33-0039-fb2dc9980d57,3300081,fb2dc9980d578f723b5a8c2e95dd5e477c56bc2c98f2847a8ace6417cb451b35,0.0,30,1,250
575420f2b00cc9589e7715c0f0b53bac8fb47f3cb1d586e1ebda859f1d5bb1b7,MT50,robustness_noise_40,plate-slide-back-v3,33,40,MT-ACT + Heuristic-Gated Learned Recovery,1,1,1,96,33-0040-f53d9122db85,3300082,f53d9122db85d157e6f532856a7ac0cf38a865a480d4d371d9e02ef8ca15187a,0.0,37,1,59
575420f2b00cc9589e7715c0f0b53bac8fb47f3cb1d586e1ebda859f1d5bb1b7,MT50,robustness_noise_40,plate-slide-back-v3,33,41,MT-ACT + Heuristic-Gated Learned Recovery,1,1,1,119,33-0041-e9c53ae6f000,3300083,e9c53ae6f000bfd2d01be6ca9e734af2794be3908169f7e6d65c01a1fe5bfedd,0.0,38,1,81
575420f2b00cc9589e7715c0f0b53bac8fb47f3cb1d586e1ebda859f1d5bb1b7,MT50,robustness_noise_40,plate-slide-back-v3,33,42,MT-ACT + Heuristic-Gated Learned Recovery,1,1,1,76,33-0042-3a97cc374d40,3300084,3a97cc374d40ae17e619b587182a3e67d0732b1bdea12c9703b15d0bf5b2b9cd,0.0,34,1,42
575420f2b00cc9589e7715c0f0b53bac8fb47f3cb1d586e1ebda859f1d5bb1b7,MT50,robustness_noise_40,plate-slide-back-v3,33,43,MT-ACT + Heuristic-Gated Learned Recovery,0,1,0,500,33-0043-a06f854a6d7b,3300085,a06f854a6d7bc119745a846a5524a1b96c831402c37be3028ef9a72b19e615c8,0.0,219,1,250
575420f2b00cc9589e7715c0f0b53bac8fb47f3cb1d586e1ebda859f1d5bb1b7,MT50,robustness_noise_40,plate-slide-back-v3,33,44,MT-ACT + Heuristic-Gated Learned Recovery,1,1,1,79,33-0044-4232345f6982,3300086,4232345f6982436bf52988f1750245ba8a9df36109b315476fd3be80ecd8fbe4,0.0,35,1,44
575420f2b00cc9589e7715c0f0b53bac8fb47f3cb1d586e1ebda859f1d5bb1b7,MT50,robustness_noise_40,plate-slide-back-v3,33,45,MT-ACT + Heuristic-Gated Learned Recovery,0,2,0,500,33-0045-a10730c72b68,3300087,a10730c72b68bc8cdc6bc733278f12fd55dd937c002ff138199765f6460084b9,0.0,38,1,328
575420f2b00cc9589e7715c0f0b53bac8fb47f3cb1d586e1ebda859f1d5bb1b7,MT50,robustness_noise_40,plate-slide-back-v3,33,46,MT-ACT + Heuristic-Gated Learned Recovery,1,1,1,139,33-0046-c18c504f171d,3300088,c18c504f171d18098ede1a555cb537e478a2448a17626c7c52f493f02d86f4ff,0.0,85,1,54
575420f2b00cc9589e7715c0f0b53bac8fb47f3cb1d586e1ebda859f1d5bb1b7,MT50,robustness_noise_40,plate-slide-back-v3,33,47,MT-ACT + Heuristic-Gated Learned Recovery,1,1,1,86,33-0047-7e7a19f5a038,3300089,7e7a19f5a038c530cbb9da32a45b7ec8285bdb9f4768b59bde48f18a800d21a6,0.0,30,1,56
575420f2b00cc9589e7715c0f0b53bac8fb47f3cb1d586e1ebda859f1d5bb1b7,MT50,robustness_noise_40,plate-slide-back-v3,33,48,MT-ACT + Heuristic-Gated Learned Recovery,0,0,0,500,33-0048-15a7cb5eb19a,3300090,15a7cb5eb19aa288dd88cadaba7ba6122bace0589bb073ff27f3cdc7030f7c29,0.0,-1,1,0
575420f2b00cc9589e7715c0f0b53bac8fb47f3cb1d586e1ebda859f1d5bb1b7,MT50,robustness_noise_40,plate-slide-back-v3,33,49,MT-ACT + Heuristic-Gated Learned Recovery,1,1,1,138,33-0049-4ce578d78761,3300091,4ce578d787616ba4474002e7a90d8b30c49879f917c5dafe4d95f94fc38ced9b,0.0,67,1,71
575420f2b00cc9589e7715c0f0b53bac8fb47f3cb1d586e1ebda859f1d5bb1b7,MT50,robustness_noise_40,soccer-v3,37,0,MT-ACT + Heuristic-Gated Learned Recovery,0,2,0,500,37-0000-465dfd6417ea,3700042,465dfd6417ea0c9c80b7873a8b43d5107b71e98fd7aa3fe37a55e0b290769268,0.0,199,1,292
575420f2b00cc9589e7715c0f0b53bac8fb47f3cb1d586e1ebda859f1d5bb1b7,MT50,robustness_noise_40,soccer-v3,37,1,MT-ACT + Heuristic-Gated Learned Recovery,0,2,0,500,37-0001-d01072b37052,3700043,d01072b37052b457ebe23f36159e420f2f2298166e54f3c0af491d8b01ff35b1,0.0,30,1,291
575420f2b00cc9589e7715c0f0b53bac8fb47f3cb1d586e1ebda859f1d5bb1b7,MT50,robustness_noise_40,soccer-v3,37,2,MT-ACT + Heuristic-Gated Learned Recovery,0,2,0,500,37-0002-fb6b024dc6be,3700044,fb6b024dc6be21f1767c5966894dc5e0f14970422d020e9bd7677f7bc58f2ace,0.0,61,1,298
575420f2b00cc9589e7715c0f0b53bac8fb47f3cb1d586e1ebda859f1d5bb1b7,MT50,robustness_noise_40,soccer-v3,37,3,MT-ACT + Heuristic-Gated Learned Recovery,0,2,0,500,37-0003-f8050220422d,3700045,f8050220422ddd98ba9662b957132e1dc6146f53fdc12125760c5b090876fb29,0.0,48,1,405
575420f2b00cc9589e7715c0f0b53bac8fb47f3cb1d586e1ebda859f1d5bb1b7,MT50,robustness_noise_40,soccer-v3,37,4,MT-ACT + Heuristic-Gated Learned Recovery,0,1,0,500,37-0004-31e5f9bc13db,3700046,31e5f9bc13dbd9fdff1d892cbfb18fcc952a89200577cc8eb11105d93ab56023,0.0,87,1,250
575420f2b00cc9589e7715c0f0b53bac8fb47f3cb1d586e1ebda859f1d5bb1b7,MT50,robustness_noise_40,soccer-v3,37,5,MT-ACT + Heuristic-Gated Learned Recovery,0,2,0,500,37-0005-a3f7889ff9e1,3700047,a3f7889ff9e1eae85372edbdc6b07eebb931fe6707bfce0ff49a591716f2f7e0,0.0,51,1,440
575420f2b00cc9589e7715c0f0b53bac8fb47f3cb1d586e1ebda859f1d5bb1b7,MT50,robustness_noise_40,soccer-v3,37,6,MT-ACT + Heuristic-Gated Learned Recovery,1,1,1,88,37-0006-a2cff92ccd98,3700048,a2cff92ccd989403e552026c1115317d61ce8645fd1357e052cf75388e698f38,0.0,30,1,58
575420f2b00cc9589e7715c0f0b53bac8fb47f3cb1d586e1ebda859f1d5bb1b7,MT50,robustness_noise_40,soccer-v3,37,7,MT-ACT + Heuristic-Gated Learned Recovery,0,2,0,500,37-0007-69f1845591ac,3700049,69f1845591acec42bfbe231e9ee0c2c503c3a821baa53304d3411318687ce0ee,0.0,37,1,309
575420f2b00cc9589e7715c0f0b53bac8fb47f3cb1d586e1ebda859f1d5bb1b7,MT50,robustness_noise_40,soccer-v3,37,8,MT-ACT + Heuristic-Gated Learned Recovery,0,2,0,500,37-0008-a9f422b41d25,3700050,a9f422b41d25719c6ae96660ac306a7ac7ed389427009cc151ab0093969492de,0.0,30,1,461
575420f2b00cc9589e7715c0f0b53bac8fb47f3cb1d586e1ebda859f1d5bb1b7,MT50,robustness_noise_40,soccer-v3,37,9,MT-ACT + Heuristic-Gated Learned Recovery,0,2,0,500,37-0009-9a77658530cb,3700051,9a77658530cb646e9e05a4d547a395d31c350f179960d2e19dc4e36eae1dda70,0.0,30,1,461
575420f2b00cc9589e7715c0f0b53bac8fb47f3cb1d586e1ebda859f1d5bb1b7,MT50,robustness_noise_40,soccer-v3,37,10,MT-ACT + Heuristic-Gated Learned Recovery,1,1,1,112,37-0010-3b4fdb5ca183,3700052,3b4fdb5ca183d40ac0cdddcff6f73a20e3c3a51e12ddc28a1c0651da6585d25a,0.0,30,1,82
575420f2b00cc9589e7715c0f0b53bac8fb47f3cb1d586e1ebda859f1d5bb1b7,MT50,robustness_noise_40,soccer-v3,37,11,MT-ACT + Heuristic-Gated Learned Recovery,0,2,0,500,37-0011-98b3d41e8cb0,3700053,98b3d41e8cb015fb75f5bda705a697d10ba6e6988b533753003a3555b3ba3139,0.0,77,1,414
575420f2b00cc9589e7715c0f0b53bac8fb47f3cb1d586e1ebda859f1d5bb1b7,MT50,robustness_noise_40,soccer-v3,37,12,MT-ACT + Heuristic-Gated Learned Recovery,1,1,1,81,37-0012-64e2d94009e2,3700054,64e2d94009e2d9766e9229aa52371afa96406d6b52078e4e0cc69c9686c6c548,0.0,30,1,51
575420f2b00cc9589e7715c0f0b53bac8fb47f3cb1d586e1ebda859f1d5bb1b7,MT50,robustness_noise_40,soccer-v3,37,13,MT-ACT + Heuristic-Gated Learned Recovery,1,1,1,84,37-0013-5c6b4c166ec6,3700055,5c6b4c166ec6288448b5e8d6e0993370d49665d9eb2ec39a114d0640c49bed7e,0.0,30,1,54
575420f2b00cc9589e7715c0f0b53bac8fb47f3cb1d586e1ebda859f1d5bb1b7,MT50,robustness_noise_40,soccer-v3,37,14,MT-ACT + Heuristic-Gated Learned Recovery,0,2,0,500,37-0014-44858be540df,3700056,44858be540dfae415e07ccd6727a8050ddecc464fd8898760bbc8cd93c8b8c2f,0.0,45,1,442
575420f2b00cc9589e7715c0f0b53bac8fb47f3cb1d586e1ebda859f1d5bb1b7,MT50,robustness_noise_40,soccer-v3,37,15,MT-ACT + Heuristic-Gated Learned Recovery,1,1,1,163,37-0015-106635b4161c,3700057,106635b4161cce3c099f0de0c05f516fc9675374cad2046b860acb1e736f69a4,0.0,100,1,63
575420f2b00cc9589e7715c0f0b53bac8fb47f3cb1d586e1ebda859f1d5bb1b7,MT50,robustness_noise_40,soccer-v3,37,16,MT-ACT + Heuristic-Gated Learned Recovery,1,1,1,90,37-0016-536a5d2c9e65,3700058,536a5d2c9e65c6516d6237fd99710e446a4d77c080648b328cfd49b2684a8e02,0.0,30,1,60
575420f2b00cc9589e7715c0f0b53bac8fb47f3cb1d586e1ebda859f1d5bb1b7,MT50,robustness_noise_40,soccer-v3,37,17,MT-ACT + Heuristic-Gated Learned Recovery,0,2,0,500,37-0017-d5e67eb320b4,3700059,d5e67eb320b4ceafc9169a19a740eb04051c81dd0ea4d71b9535dead17182fa8,0.0,52,1,439
575420f2b00cc9589e7715c0f0b53bac8fb47f3cb1d586e1ebda859f1d5bb1b7,MT50,robustness_noise_40,soccer-v3,37,18,MT-ACT + Heuristic-Gated Learned Recovery,1,1,1,128,37-0018-ddb321e5c33e,3700060,ddb321e5c33e174178c28ce2f5f659db9d3b130910fd26381f551f6126636533,0.0,89,1,39
575420f2b00cc9589e7715c0f0b53bac8fb47f3cb1d586e1ebda859f1d5bb1b7,MT50,robustness_noise_40,soccer-v3,37,19,MT-ACT + Heuristic-Gated Learned Recovery,0,2,0,500,37-0019-bcf95213939e,3700061,bcf95213939e9a4af925e492364625ba179470aa1d289ffde795fe31e55a8af1,0.0,32,1,397
575420f2b00cc9589e7715c0f0b53bac8fb47f3cb1d586e1ebda859f1d5bb1b7,MT50,robustness_noise_40,soccer-v3,37,20,MT-ACT + Heuristic-Gated Learned Recovery,0,2,0,500,37-0020-914597a7ab8b,3700062,914597a7ab8b50ec61dd29189fae6d7dc76ca274b833ef481bfa812090568075,0.0,30,1,460
575420f2b00cc9589e7715c0f0b53bac8fb47f3cb1d586e1ebda859f1d5bb1b7,MT50,robustness_noise_40,soccer-v3,37,21,MT-ACT + Heuristic-Gated Learned Recovery,0,2,0,500,37-0021-40782ece2ad9,3700063,40782ece2ad9a48aa5b32ba1a68d326b3838f309214de7c4e354c8ea0e307f8a,0.0,30,1,461
575420f2b00cc9589e7715c0f0b53bac8fb47f3cb1d586e1ebda859f1d5bb1b7,MT50,robustness_noise_40,soccer-v3,37,22,MT-ACT + Heuristic-Gated Learned Recovery,1,1,1,86,37-0022-d7e37df8386b,3700064,d7e37df8386b233a3e95bb323971b29cc1a06009a47b848ef521c11c81390ffc,0.0,41,1,45
575420f2b00cc9589e7715c0f0b53bac8fb47f3cb1d586e1ebda859f1d5bb1b7,MT50,robustness_noise_40,soccer-v3,37,23,MT-ACT + Heuristic-Gated Learned Recovery,0,2,0,500,37-0023-02568ca7200c,3700065,02568ca7200c2549c2ef8d48b7897bf0007d74abf60530539c7cf349706d1e52,0.0,30,1,441
575420f2b00cc9589e7715c0f0b53bac8fb47f3cb1d586e1ebda859f1d5bb1b7,MT50,robustness_noise_40,soccer-v3,37,24,MT-ACT + Heuristic-Gated Learned Recovery,0,2,0,500,37-0024-60dbf4682c1e,3700066,60dbf4682c1e7438847a34ada69f7b85cf3db754e7fdd97459d0bb977de4cc9e,0.0,30,1,412
575420f2b00cc9589e7715c0f0b53bac8fb47f3cb1d586e1ebda859f1d5bb1b7,MT50,robustness_noise_40,soccer-v3,37,25,MT-ACT + Heuristic-Gated Learned Recovery,0,2,0,500,37-0025-bd1969a8ff89,3700067,bd1969a8ff89f78c9573055fba3d05a18b9bfddf787d4112f777672dd94c09c2,0.0,30,1,461
575420f2b00cc9589e7715c0f0b53bac8fb47f3cb1d586e1ebda859f1d5bb1b7,MT50,robustness_noise_40,soccer-v3,37,26,MT-ACT + Heuristic-Gated Learned Recovery,0,2,0,500,37-0026-8113c081e1bd,3700068,8113c081e1bd7ba53477a40387d0c0f6f25d743f777a21115e41758f538bda47,0.0,43,1,448
575420f2b00cc9589e7715c0f0b53bac8fb47f3cb1d586e1ebda859f1d5bb1b7,MT50,robustness_noise_40,soccer-v3,37,27,MT-ACT + Heuristic-Gated Learned Recovery,0,2,0,500,37-0027-8baa1654a82a,3700069,8baa1654a82a5625d38ad942810dbc7da5e3f8ad175304726b220ace269f8107,0.0,95,1,309
575420f2b00cc9589e7715c0f0b53bac8fb47f3cb1d586e1ebda859f1d5bb1b7,MT50,robustness_noise_40,soccer-v3,37,28,MT-ACT + Heuristic-Gated Learned Recovery,0,2,0,500,37-0028-9acdbe767d1b,3700070,9acdbe767d1b76750fef0352d404c396ebc35e7eb63ad9dc92951b52fad53e70,0.0,33,1,458
575420f2b00cc9589e7715c0f0b53bac8fb47f3cb1d586e1ebda859f1d5bb1b7,MT50,robustness_noise_40,soccer-v3,37,29,MT-ACT + Heuristic-Gated Learned Recovery,0,2,0,500,37-0029-d03c023d5d9d,3700071,d03c023d5d9db5786fe9cfb71ccb7aa942f1505223d34f934965dc5c53fae047,0.0,30,1,461
575420f2b00cc9589e7715c0f0b53bac8fb47f3cb1d586e1ebda859f1d5bb1b7,MT50,robustness_noise_40,soccer-v3,37,30,MT-ACT + Heuristic-Gated Learned Recovery,0,2,0,500,37-0030-4ea8a3b2ba73,3700072,4ea8a3b2ba73fd659ce2b2f856a9e80f69b9ebe69734d289885db2aa708957f1,0.0,38,1,321
575420f2b00cc9589e7715c0f0b53bac8fb47f3cb1d586e1ebda859f1d5bb1b7,MT50,robustness_noise_40,soccer-v3,37,31,MT-ACT + Heuristic-Gated Learned Recovery,0,2,0,500,37-0031-588febbf990d,3700073,588febbf990dc47c51ea550ffc1ad9e6ca676aae36b02defc54df8e572ebf817,0.0,35,1,456
575420f2b00cc9589e7715c0f0b53bac8fb47f3cb1d586e1ebda859f1d5bb1b7,MT50,robustness_noise_40,soccer-v3,37,32,MT-ACT + Heuristic-Gated Learned Recovery,1,1,1,83,37-0032-8287516332a3,3700074,8287516332a3c949bcb997a41a8ce07f7234072574bc1e335037905afecd1186,0.0,30,1,53
575420f2b00cc9589e7715c0f0b53bac8fb47f3cb1d586e1ebda859f1d5bb1b7,MT50,robustness_noise_40,soccer-v3,37,33,MT-ACT + Heuristic-Gated Learned Recovery,0,2,0,500,37-0033-9a57b6bcc7f5,3700075,9a57b6bcc7f566f04bcf7cb092a27db835cb82bd892a554238ac697e26580eef,0.0,30,1,409
575420f2b00cc9589e7715c0f0b53bac8fb47f3cb1d586e1ebda859f1d5bb1b7,MT50,robustness_noise_40,soccer-v3,37,34,MT-ACT + Heuristic-Gated Learned Recovery,0,2,0,500,37-0034-6043d0886923,3700076,6043d088692322f012b3870ae9cb755465006f1946c4b44b6d05bec2ed6ba4cb,0.0,32,1,459
575420f2b00cc9589e7715c0f0b53bac8fb47f3cb1d586e1ebda859f1d5bb1b7,MT50,robustness_noise_40,soccer-v3,37,35,MT-ACT + Heuristic-Gated Learned Recovery,1,1,1,89,37-0035-b66cf33a6c54,3700077,b66cf33a6c54ab18e4e20f50c517f5ed61d1b55463c9dafbc437c6cc1f1b2214,0.0,34,1,55
575420f2b00cc9589e7715c0f0b53bac8fb47f3cb1d586e1ebda859f1d5bb1b7,MT50,robustness_noise_40,soccer-v3,37,36,MT-ACT + Heuristic-Gated Learned Recovery,0,2,0,500,37-0036-e0ebf76c82fe,3700078,e0ebf76c82fe3855c7508a21b3d087bff08d0223977936aaaf256b7adadb24ad,0.0,74,1,411
575420f2b00cc9589e7715c0f0b53bac8fb47f3cb1d586e1ebda859f1d5bb1b7,MT50,robustness_noise_40,soccer-v3,37,37,MT-ACT + Heuristic-Gated Learned Recovery,0,2,0,500,37-0037-055031862d3e,3700079,055031862d3e9e9d7af8812c0bab516139942ed5b0915fda271a2a6254ea8cb8,0.0,30,1,461
575420f2b00cc9589e7715c0f0b53bac8fb47f3cb1d586e1ebda859f1d5bb1b7,MT50,robustness_noise_40,soccer-v3,37,38,MT-ACT + Heuristic-Gated Learned Recovery,0,2,0,500,37-0038-018f25ccd592,3700080,018f25ccd5921f93169e5bfc8a8d1a47cf706ec2b06e7ab16f929b07fab03bb4,0.0,48,1,443
575420f2b00cc9589e7715c0f0b53bac8fb47f3cb1d586e1ebda859f1d5bb1b7,MT50,robustness_noise_40,soccer-v3,37,39,MT-ACT + Heuristic-Gated Learned Recovery,0,2,0,500,37-0039-3af0cbbe519c,3700081,3af0cbbe519c91f30f7b16edd9ea14f3863aa39149b30e44310ff1450a7acb25,0.0,56,1,435
575420f2b00cc9589e7715c0f0b53bac8fb47f3cb1d586e1ebda859f1d5bb1b7,MT50,robustness_noise_40,soccer-v3,37,40,MT-ACT + Heuristic-Gated Learned Recovery,0,2,0,500,37-0040-3a6bf5f2eee8,3700082,3a6bf5f2eee8c7958a1e215b2d06cf250c333fe8827b8419c189ae35c5f9bb0b,0.0,31,1,445
575420f2b00cc9589e7715c0f0b53bac8fb47f3cb1d586e1ebda859f1d5bb1b7,MT50,robustness_noise_40,soccer-v3,37,41,MT-ACT + Heuristic-Gated Learned Recovery,0,2,0,500,37-0041-d7b6ff96b703,3700083,d7b6ff96b703941fcbd713a17657921a896cbaca3564f191435f9b971c7442ca,0.0,60,1,431
575420f2b00cc9589e7715c0f0b53bac8fb47f3cb1d586e1ebda859f1d5bb1b7,MT50,robustness_noise_40,soccer-v3,37,42,MT-ACT + Heuristic-Gated Learned Recovery,1,1,1,88,37-0042-d666c8fddbbe,3700084,d666c8fddbbeea41fb73fe9602abe00b5bde31b4b066a43ef1714a80771e2c99,0.0,37,1,51
575420f2b00cc9589e7715c0f0b53bac8fb47f3cb1d586e1ebda859f1d5bb1b7,MT50,robustness_noise_40,soccer-v3,37,43,MT-ACT + Heuristic-Gated Learned Recovery,0,2,0,500,37-0043-91b851f6c538,3700085,91b851f6c538d37ab173c2bc092e200bd0f7be7d2184a262ee9951532f7a2806,0.0,47,1,270
575420f2b00cc9589e7715c0f0b53bac8fb47f3cb1d586e1ebda859f1d5bb1b7,MT50,robustness_noise_40,soccer-v3,37,44,MT-ACT + Heuristic-Gated Learned Recovery,1,1,1,114,37-0044-af898831d087,3700086,af898831d087d6ec4877606b62f3683e377bf39f7351e331cda3c39aa760d6a9,0.0,46,1,68
575420f2b00cc9589e7715c0f0b53bac8fb47f3cb1d586e1ebda859f1d5bb1b7,MT50,robustness_noise_40,soccer-v3,37,45,MT-ACT + Heuristic-Gated Learned Recovery,0,2,0,500,37-0045-9f1257ec994e,3700087,9f1257ec994ec6f8747b4878f2da39a65afd167b7a3570b5db9ca2a644f0bc1b,0.0,57,1,423
575420f2b00cc9589e7715c0f0b53bac8fb47f3cb1d586e1ebda859f1d5bb1b7,MT50,robustness_noise_40,soccer-v3,37,46,MT-ACT + Heuristic-Gated Learned Recovery,0,2,0,500,37-0046-7b5f33fdf74b,3700088,7b5f33fdf74b254dc18e1d99dc5ef795a63d70a1ad6ec9df41728acc79eb9036,0.0,60,1,430
575420f2b00cc9589e7715c0f0b53bac8fb47f3cb1d586e1ebda859f1d5bb1b7,MT50,robustness_noise_40,soccer-v3,37,47,MT-ACT + Heuristic-Gated Learned Recovery,0,2,0,500,37-0047-999485445055,3700089,999485445055c9c3d522bdd1a2a83a22efefd6b0efd64ca343b54ff1573c7001,0.0,30,1,278
575420f2b00cc9589e7715c0f0b53bac8fb47f3cb1d586e1ebda859f1d5bb1b7,MT50,robustness_noise_40,soccer-v3,37,48,MT-ACT + Heuristic-Gated Learned Recovery,0,2,0,500,37-0048-83cbf2e8d3a8,3700090,83cbf2e8d3a8595a6e0ccf54368b3e640c511c46689f5e6f0d839995d0cb77d9,0.0,30,1,461
575420f2b00cc9589e7715c0f0b53bac8fb47f3cb1d586e1ebda859f1d5bb1b7,MT50,robustness_noise_40,soccer-v3,37,49,MT-ACT + Heuristic-Gated Learned Recovery,1,1,1,158,37-0049-1603018fcfb6,3700091,1603018fcfb66f7187085eadf08f6920a1d92239daa8e19e398930badcb7de26,0.0,104,1,54
575420f2b00cc9589e7715c0f0b53bac8fb47f3cb1d586e1ebda859f1d5bb1b7,MT50,robustness_noise_40,push-wall-v3,41,0,MT-ACT + Heuristic-Gated Learned Recovery,0,2,0,500,41-0000-0bceb5ef8310,4100042,0bceb5ef831016b8e08fe196ed83bd5c8725b812cdebac68f8d7adde74f6aa6e,0.0,30,1,419
575420f2b00cc9589e7715c0f0b53bac8fb47f3cb1d586e1ebda859f1d5bb1b7,MT50,robustness_noise_40,push-wall-v3,41,1,MT-ACT + Heuristic-Gated Learned Recovery,0,2,0,500,41-0001-9ad2f876ce31,4100043,9ad2f876ce3109abd0c07ba526427c66970497436e911227be0c3567fdc59fee,0.0,30,1,450
575420f2b00cc9589e7715c0f0b53bac8fb47f3cb1d586e1ebda859f1d5bb1b7,MT50,robustness_noise_40,push-wall-v3,41,2,MT-ACT + Heuristic-Gated Learned Recovery,0,2,0,500,41-0002-77b7d15d388d,4100044,77b7d15d388d7dde55872c858272d4df6f71e8f59d8f52a7a47e6e3258e9c757,0.0,45,1,446
575420f2b00cc9589e7715c0f0b53bac8fb47f3cb1d586e1ebda859f1d5bb1b7,MT50,robustness_noise_40,push-wall-v3,41,3,MT-ACT + Heuristic-Gated Learned Recovery,0,1,0,500,41-0003-c65e33e096de,4100045,c65e33e096defd96eddb3b80a9987fab8859df467b0560ccf9f3e855f2ddcf18,0.0,30,1,250
575420f2b00cc9589e7715c0f0b53bac8fb47f3cb1d586e1ebda859f1d5bb1b7,MT50,robustness_noise_40,push-wall-v3,41,4,MT-ACT + Heuristic-Gated Learned Recovery,0,2,0,500,41-0004-f001a28073d4,4100046,f001a28073d48d95e392cfc80703825ac5a22755f017047b9f9ea1862030867d,0.0,40,1,382
575420f2b00cc9589e7715c0f0b53bac8fb47f3cb1d586e1ebda859f1d5bb1b7,MT50,robustness_noise_40,push-wall-v3,41,5,MT-ACT + Heuristic-Gated Learned Recovery,0,2,0,500,41-0005-c1c22c38ba02,4100047,c1c22c38ba029614dd18ad654ba12094f97506605737113f4eb38b70f5d96d56,0.0,46,1,445
575420f2b00cc9589e7715c0f0b53bac8fb47f3cb1d586e1ebda859f1d5bb1b7,MT50,robustness_noise_40,push-wall-v3,41,6,MT-ACT + Heuristic-Gated Learned Recovery,1,1,1,137,41-0006-88c40672bf65,4100048,88c40672bf653becfd1c33cd08fe0d135cecb5d9f48e41fd278341010534dded,0.0,30,1,107
575420f2b00cc9589e7715c0f0b53bac8fb47f3cb1d586e1ebda859f1d5bb1b7,MT50,robustness_noise_40,push-wall-v3,41,7,MT-ACT + Heuristic-Gated Learned Recovery,0,2,0,500,41-0007-bd95c8a9871f,4100049,bd95c8a9871ff67598f28e064e5026a83ea7c99f8af4b3a2bb6e8f38d58bc58a,0.0,69,1,284
575420f2b00cc9589e7715c0f0b53bac8fb47f3cb1d586e1ebda859f1d5bb1b7,MT50,robustness_noise_40,push-wall-v3,41,8,MT-ACT + Heuristic-Gated Learned Recovery,0,2,0,500,41-0008-8d0515cc887f,4100050,8d0515cc887f944e523d9791b0d460686452b90bcd4e24d678b9f83ecc594761,0.0,30,1,448
575420f2b00cc9589e7715c0f0b53bac8fb47f3cb1d586e1ebda859f1d5bb1b7,MT50,robustness_noise_40,push-wall-v3,41,9,MT-ACT + Heuristic-Gated Learned Recovery,0,2,0,500,41-0009-36ef5cc20ea3,4100051,36ef5cc20ea37c9ecb208f2c988fd5e636d2cc8689d3540ddd7d45d86c1f426b,0.0,39,1,439
575420f2b00cc9589e7715c0f0b53bac8fb47f3cb1d586e1ebda859f1d5bb1b7,MT50,robustness_noise_40,push-wall-v3,41,10,MT-ACT + Heuristic-Gated Learned Recovery,0,1,0,500,41-0010-cfa574d3b7b4,4100052,cfa574d3b7b4d7be914764c16ae04a2cf440d1007d13a3b203060b6aa9b31dec,0.0,353,1,147
575420f2b00cc9589e7715c0f0b53bac8fb47f3cb1d586e1ebda859f1d5bb1b7,MT50,robustness_noise_40,push-wall-v3,41,11,MT-ACT + Heuristic-Gated Learned Recovery,0,1,0,500,41-0011-4d5a1fb20b5f,4100053,4d5a1fb20b5f54f22fdd1a38005c4edb42b05f0b8b08d45d265035a0c29dcbd6,0.0,30,1,250
575420f2b00cc9589e7715c0f0b53bac8fb47f3cb1d586e1ebda859f1d5bb1b7,MT50,robustness_noise_40,push-wall-v3,41,12,MT-ACT + Heuristic-Gated Learned Recovery,0,2,0,500,41-0012-8e37e7582d08,4100054,8e37e7582d0812c16ce6058197461432762e829d825b2e11232d73e42efc46b1,0.0,80,1,378
575420f2b00cc9589e7715c0f0b53bac8fb47f3cb1d586e1ebda859f1d5bb1b7,MT50,robustness_noise_40,push-wall-v3,41,13,MT-ACT + Heuristic-Gated Learned Recovery,1,1,1,118,41-0013-d5420f7f82c7,4100055,d5420f7f82c703e75282b8435d98f1392b01a00f2e746bc8e485b429e5072cc4,0.0,30,1,88
575420f2b00cc9589e7715c0f0b53bac8fb47f3cb1d586e1ebda859f1d5bb1b7,MT50,robustness_noise_40,push-wall-v3,41,14,MT-ACT + Heuristic-Gated Learned Recovery,0,2,0,500,41-0014-192ca6c3e0ab,4100056,192ca6c3e0aba39f8ad4fded88eab247c54cbd7e1eeb618018b65209276ba003,0.0,30,1,461
575420f2b00cc9589e7715c0f0b53bac8fb47f3cb1d586e1ebda859f1d5bb1b7,MT50,robustness_noise_40,push-wall-v3,41,15,MT-ACT + Heuristic-Gated Learned Recovery,0,2,0,500,41-0015-751b6f5e8083,4100057,751b6f5e8083cf1cf5a935953afd63d409e1d319cc63531f33216007504802d0,0.0,32,1,431
575420f2b00cc9589e7715c0f0b53bac8fb47f3cb1d586e1ebda859f1d5bb1b7,MT50,robustness_noise_40,push-wall-v3,41,16,MT-ACT + Heuristic-Gated Learned Recovery,0,2,0,500,41-0016-cf32e163c8cb,4100058,cf32e163c8cb7210ee39e862a8babb2074746426b8499830c6fd1e3683d74385,0.0,55,1,412
575420f2b00cc9589e7715c0f0b53bac8fb47f3cb1d586e1ebda859f1d5bb1b7,MT50,robustness_noise_40,push-wall-v3,41,17,MT-ACT + Heuristic-Gated Learned Recovery,0,2,0,500,41-0017-ed3d9bc72ce3,4100059,ed3d9bc72ce37a061f52bddf0d8be3f3e16259f1107b47b41d254f18fa28002a,0.0,67,1,261
575420f2b00cc9589e7715c0f0b53bac8fb47f3cb1d586e1ebda859f1d5bb1b7,MT50,robustness_noise_40,push-wall-v3,41,18,MT-ACT + Heuristic-Gated Learned Recovery,0,2,0,500,41-0018-eb40643c94c8,4100060,eb40643c94c8ad31502356c9982557ac2cfb6d278639dc00c53d9c3b4b0a7fa9,0.0,30,1,392
575420f2b00cc9589e7715c0f0b53bac8fb47f3cb1d586e1ebda859f1d5bb1b7,MT50,robustness_noise_40,push-wall-v3,41,19,MT-ACT + Heuristic-Gated Learned Recovery,0,2,0,500,41-0019-e844eafb8e33,4100061,e844eafb8e338c5e02207a3067a355ba3d2a47dd759530baa70bd6700493bea3,0.0,30,1,461
575420f2b00cc9589e7715c0f0b53bac8fb47f3cb1d586e1ebda859f1d5bb1b7,MT50,robustness_noise_40,push-wall-v3,41,20,MT-ACT + Heuristic-Gated Learned Recovery,0,2,0,500,41-0020-55f84850689b,4100062,55f84850689bb89d1a2a0e9ab02333d0f4b3bee37362e42642a40d0d0df81101,0.0,30,1,453
575420f2b00cc9589e7715c0f0b53bac8fb47f3cb1d586e1ebda859f1d5bb1b7,MT50,robustness_noise_40,push-wall-v3,41,21,MT-ACT + Heuristic-Gated Learned Recovery,0,2,0,500,41-0021-efb75c8ab7e2,4100063,efb75c8ab7e28c56de3ed86f242a47d0278e6098cd5209aa3daeb73014bf34f2,0.0,35,1,456
575420f2b00cc9589e7715c0f0b53bac8fb47f3cb1d586e1ebda859f1d5bb1b7,MT50,robustness_noise_40,push-wall-v3,41,22,MT-ACT + Heuristic-Gated Learned Recovery,0,2,0,500,41-0022-ffac2d4a57de,4100064,ffac2d4a57de93d72bd41914ec41f8b26365c9f108c054d2c84cde5d413ba987,0.0,30,1,411
575420f2b00cc9589e7715c0f0b53bac8fb47f3cb1d586e1ebda859f1d5bb1b7,MT50,robustness_noise_40,push-wall-v3,41,23,MT-ACT + Heuristic-Gated Learned Recovery,0,2,0,500,41-0023-ebd99218603c,4100065,ebd99218603c97b3b2cba42ebb2365c3d4e8d518c6207570d860006dc9226469,0.0,30,1,429
575420f2b00cc9589e7715c0f0b53bac8fb47f3cb1d586e1ebda859f1d5bb1b7,MT50,robustness_noise_40,push-wall-v3,41,24,MT-ACT + Heuristic-Gated Learned Recovery,1,1,1,135,41-0024-93011a0b24f4,4100066,93011a0b24f494817498065f7b048372096e79fcd56ec0d91f3148fcf9e8a224,0.0,30,1,105
575420f2b00cc9589e7715c0f0b53bac8fb47f3cb1d586e1ebda859f1d5bb1b7,MT50,robustness_noise_40,push-wall-v3,41,25,MT-ACT + Heuristic-Gated Learned Recovery,0,2,0,500,41-0025-e9404bd87ad8,4100067,e9404bd87ad80a077b13918d90399218b2570a9af7e1ad29c73ccbc3dec36c6f,0.0,53,1,438
575420f2b00cc9589e7715c0f0b53bac8fb47f3cb1d586e1ebda859f1d5bb1b7,MT50,robustness_noise_40,push-wall-v3,41,26,MT-ACT + Heuristic-Gated Learned Recovery,0,2,0,500,41-0026-88c4c4bbfe6c,4100068,88c4c4bbfe6cb974b797aa4ef7ea32131f764daf0ced3f53f128d21f0d8152b6,0.0,30,1,441
575420f2b00cc9589e7715c0f0b53bac8fb47f3cb1d586e1ebda859f1d5bb1b7,MT50,robustness_noise_40,push-wall-v3,41,27,MT-ACT + Heuristic-Gated Learned Recovery,0,2,0,500,41-0027-8d6e56ba5c88,4100069,8d6e56ba5c8816f159ae31760ff5edfcdbf8e7464916a7dd6e9b55c1b2e8df3c,0.0,33,1,390
575420f2b00cc9589e7715c0f0b53bac8fb47f3cb1d586e1ebda859f1d5bb1b7,MT50,robustness_noise_40,push-wall-v3,41,28,MT-ACT + Heuristic-Gated Learned Recovery,0,2,0,500,41-0028-1d3d77c43adf,4100070,1d3d77c43adfaedd60ea4abdbd42193d6881fd2992b1ed34ca4f76c015fa8fff,0.0,30,1,461
575420f2b00cc9589e7715c0f0b53bac8fb47f3cb1d586e1ebda859f1d5bb1b7,MT50,robustness_noise_40,push-wall-v3,41,29,MT-ACT + Heuristic-Gated Learned Recovery,0,2,0,500,41-0029-5f36a9cdd31a,4100071,5f36a9cdd31ab50a35c9ef361d9ce6c2750ba5d7712435bce17debde28480eaa,0.0,30,1,461
575420f2b00cc9589e7715c0f0b53bac8fb47f3cb1d586e1ebda859f1d5bb1b7,MT50,robustness_noise_40,push-wall-v3,41,30,MT-ACT + Heuristic-Gated Learned Recovery,1,1,1,115,41-0030-269e1754a3d1,4100072,269e1754a3d181d6b08e64a21c35434e7129117c7716bc4fd739e5c467e3cae4,0.0,42,1,73
575420f2b00cc9589e7715c0f0b53bac8fb47f3cb1d586e1ebda859f1d5bb1b7,MT50,robustness_noise_40,push-wall-v3,41,31,MT-ACT + Heuristic-Gated Learned Recovery,0,2,0,500,41-0031-d2d1a849c7b8,4100073,d2d1a849c7b8077c8549e66558f9f7c4678b5dc9de7256a5bdf0f0c64d10b1eb,0.0,30,1,441
575420f2b00cc9589e7715c0f0b53bac8fb47f3cb1d586e1ebda859f1d5bb1b7,MT50,robustness_noise_40,push-wall-v3,41,32,MT-ACT + Heuristic-Gated Learned Recovery,1,1,1,128,41-0032-979cc0e47ed5,4100074,979cc0e47ed500b2ff55447993d51c2f55116be934015d07edfc369eb1508f57,0.0,30,1,98
575420f2b00cc9589e7715c0f0b53bac8fb47f3cb1d586e1ebda859f1d5bb1b7,MT50,robustness_noise_40,push-wall-v3,41,33,MT-ACT + Heuristic-Gated Learned Recovery,0,2,0,500,41-0033-7e245b2cd94f,4100075,7e245b2cd94f243bb51ed20ae73f7d183a03ee27bedb2ed4d5cf157c1d9815b6,0.0,104,1,374
575420f2b00cc9589e7715c0f0b53bac8fb47f3cb1d586e1ebda859f1d5bb1b7,MT50,robustness_noise_40,push-wall-v3,41,34,MT-ACT + Heuristic-Gated Learned Recovery,0,2,0,500,41-0034-143e9bd2c625,4100076,143e9bd2c6254768fc4b1f0ee0185c75a987fe2a9868f84d4a673aabfefb89ae,0.0,34,1,457
575420f2b00cc9589e7715c0f0b53bac8fb47f3cb1d586e1ebda859f1d5bb1b7,MT50,robustness_noise_40,push-wall-v3,41,35,MT-ACT + Heuristic-Gated Learned Recovery,0,2,0,500,41-0035-8ce517e90925,4100077,8ce517e90925e693cfbd330bddafbcd6f531761373c4f9eaf12e2afd1f779e78,0.0,52,1,411
575420f2b00cc9589e7715c0f0b53bac8fb47f3cb1d586e1ebda859f1d5bb1b7,MT50,robustness_noise_40,push-wall-v3,41,36,MT-ACT + Heuristic-Gated Learned Recovery,0,2,0,500,41-0036-520261ee8bca,4100078,520261ee8bcad1f4e44f7bb80f095d2ecf923de506bbdc9986dfa35c003f5180,0.0,32,1,459
575420f2b00cc9589e7715c0f0b53bac8fb47f3cb1d586e1ebda859f1d5bb1b7,MT50,robustness_noise_40,push-wall-v3,41,37,MT-ACT + Heuristic-Gated Learned Recovery,0,2,0,500,41-0037-6198b729ef1b,4100079,6198b729ef1b3ddc5189cdc39f96fca739321333200c903e5a77b7b58a7c9560,0.0,42,1,402
575420f2b00cc9589e7715c0f0b53bac8fb47f3cb1d586e1ebda859f1d5bb1b7,MT50,robustness_noise_40,push-wall-v3,41,38,MT-ACT + Heuristic-Gated Learned Recovery,0,2,0,500,41-0038-fc456bf4a537,4100080,fc456bf4a53711e54be7ce3f5ec4560d16249c7d5aed3c39bb3e355b754889af,0.0,30,1,419
575420f2b00cc9589e7715c0f0b53bac8fb47f3cb1d586e1ebda859f1d5bb1b7,MT50,robustness_noise_40,push-wall-v3,41,39,MT-ACT + Heuristic-Gated Learned Recovery,0,2,0,500,41-0039-f2e0ae4cf080,4100081,f2e0ae4cf080fd619a0df09ed29f02cb8e5919ee98d02629698965fb079b3dde,0.0,30,1,426
575420f2b00cc9589e7715c0f0b53bac8fb47f3cb1d586e1ebda859f1d5bb1b7,MT50,robustness_noise_40,push-wall-v3,41,40,MT-ACT + Heuristic-Gated Learned Recovery,0,2,0,500,41-0040-8a7b88b65fec,4100082,8a7b88b65fec43bfaa1eede98c4d10297d8a7e35363e14aa31dcd3a890886d8f,0.0,49,1,442
575420f2b00cc9589e7715c0f0b53bac8fb47f3cb1d586e1ebda859f1d5bb1b7,MT50,robustness_noise_40,push-wall-v3,41,41,MT-ACT + Heuristic-Gated Learned Recovery,0,2,0,500,41-0041-9db4d18d9ba2,4100083,9db4d18d9ba2a3f05301c6644cb38e5aacaa24fcc293b77e7cdae749238bdcb9,0.0,34,1,372
575420f2b00cc9589e7715c0f0b53bac8fb47f3cb1d586e1ebda859f1d5bb1b7,MT50,robustness_noise_40,push-wall-v3,41,42,MT-ACT + Heuristic-Gated Learned Recovery,0,2,0,500,41-0042-a49e7701397e,4100084,a49e7701397eba783b5e342f2310df2a1bae550ddbe7170c26fabd116c8a49cf,0.0,47,1,444
575420f2b00cc9589e7715c0f0b53bac8fb47f3cb1d586e1ebda859f1d5bb1b7,MT50,robustness_noise_40,push-wall-v3,41,43,MT-ACT + Heuristic-Gated Learned Recovery,0,2,0,500,41-0043-16dd787fa854,4100085,16dd787fa8545d5f8f148b8c144963096f45d532ffb0cb29320175e4759d5211,0.0,124,1,367
575420f2b00cc9589e7715c0f0b53bac8fb47f3cb1d586e1ebda859f1d5bb1b7,MT50,robustness_noise_40,push-wall-v3,41,44,MT-ACT + Heuristic-Gated Learned Recovery,0,2,0,500,41-0044-8d8ff3fa6e8a,4100086,8d8ff3fa6e8a03c694412f907c18a9a73fd966e376e41f111f8a2b3fd14ac60a,0.0,33,1,458
575420f2b00cc9589e7715c0f0b53bac8fb47f3cb1d586e1ebda859f1d5bb1b7,MT50,robustness_noise_40,push-wall-v3,41,45,MT-ACT + Heuristic-Gated Learned Recovery,0,2,0,500,41-0045-553d6e416f44,4100087,553d6e416f4429688b73247025ef6c176ee73df6ec73572af9ab9eeb4ec672eb,0.0,34,1,457
575420f2b00cc9589e7715c0f0b53bac8fb47f3cb1d586e1ebda859f1d5bb1b7,MT50,robustness_noise_40,push-wall-v3,41,46,MT-ACT + Heuristic-Gated Learned Recovery,0,2,0,500,41-0046-feeca9737d7d,4100088,feeca9737d7d247d16c717a2269440b971ab1d4b9e4e6d2e42403a1a95011c18,0.0,47,1,290
575420f2b00cc9589e7715c0f0b53bac8fb47f3cb1d586e1ebda859f1d5bb1b7,MT50,robustness_noise_40,push-wall-v3,41,47,MT-ACT + Heuristic-Gated Learned Recovery,0,2,0,500,41-0047-0e255a5e633b,4100089,0e255a5e633b766824008ef6f2ba772476dfce77b38b7f6f6546cec7df5c438f,0.0,30,1,370
575420f2b00cc9589e7715c0f0b53bac8fb47f3cb1d586e1ebda859f1d5bb1b7,MT50,robustness_noise_40,push-wall-v3,41,48,MT-ACT + Heuristic-Gated Learned Recovery,0,2,0,500,41-0048-b2696e2da1e3,4100090,b2696e2da1e3306a0aa55352ef9c6fe4c5841a622676b619cbb928a6c48b3836,0.0,30,1,461
575420f2b00cc9589e7715c0f0b53bac8fb47f3cb1d586e1ebda859f1d5bb1b7,MT50,robustness_noise_40,push-wall-v3,41,49,MT-ACT + Heuristic-Gated Learned Recovery,0,2,0,500,41-0049-32157e6876d0,4100091,32157e6876d0d403158942c796b6d35d9acca4ed0b18ae5455e286dbd441dfcc,0.0,93,1,398
575420f2b00cc9589e7715c0f0b53bac8fb47f3cb1d586e1ebda859f1d5bb1b7,MT50,robustness_noise_40,shelf-place-v3,45,0,MT-ACT + Heuristic-Gated Learned Recovery,0,2,0,500,45-0000-f9b78f902985,4500042,f9b78f9029858e1fc9e9096b526d46b2f48788fbb5f69220baf40cd01b2e5b70,0.0,30,1,461
575420f2b00cc9589e7715c0f0b53bac8fb47f3cb1d586e1ebda859f1d5bb1b7,MT50,robustness_noise_40,shelf-place-v3,45,1,MT-ACT + Heuristic-Gated Learned Recovery,0,2,0,500,45-0001-942457751c31,4500043,942457751c31461fe7e08adbf26691d8cdf813916e552b5b01be88d933d71a6e,0.0,30,1,461
575420f2b00cc9589e7715c0f0b53bac8fb47f3cb1d586e1ebda859f1d5bb1b7,MT50,robustness_noise_40,shelf-place-v3,45,2,MT-ACT + Heuristic-Gated Learned Recovery,1,1,1,115,45-0002-cf40c330d33c,4500044,cf40c330d33c057ce277121a3172f11afc8b34d2f7fa3fdcff7e6b2adee3bd71,0.0,30,1,85
575420f2b00cc9589e7715c0f0b53bac8fb47f3cb1d586e1ebda859f1d5bb1b7,MT50,robustness_noise_40,shelf-place-v3,45,3,MT-ACT + Heuristic-Gated Learned Recovery,0,2,0,500,45-0003-b42d72cec838,4500045,b42d72cec838fed1464997006b00819128f78753831e42a8c22456b4e3793ad0,0.0,30,1,461
575420f2b00cc9589e7715c0f0b53bac8fb47f3cb1d586e1ebda859f1d5bb1b7,MT50,robustness_noise_40,shelf-place-v3,45,4,MT-ACT + Heuristic-Gated Learned Recovery,0,2,0,500,45-0004-62c211ae8319,4500046,62c211ae8319fd75ecb56ac518ae626b7296cffd81c67fafd44c9f0ea243fe85,0.0,30,1,461
575420f2b00cc9589e7715c0f0b53bac8fb47f3cb1d586e1ebda859f1d5bb1b7,MT50,robustness_noise_40,shelf-place-v3,45,5,MT-ACT + Heuristic-Gated Learned Recovery,1,2,1,397,45-0005-69f9410648af,4500047,69f9410648af43d1bca1cce82a9a33cbbe5bce6640b8e90bdae298cbc48d0442,0.0,30,1,358
575420f2b00cc9589e7715c0f0b53bac8fb47f3cb1d586e1ebda859f1d5bb1b7,MT50,robustness_noise_40,shelf-place-v3,45,6,MT-ACT + Heuristic-Gated Learned Recovery,0,2,0,500,45-0006-40f64d4541fe,4500048,40f64d4541fe498a88ee4baa66bbb5d7594619c7d0e96497963679f5c5ade9e2,0.0,30,1,461
575420f2b00cc9589e7715c0f0b53bac8fb47f3cb1d586e1ebda859f1d5bb1b7,MT50,robustness_noise_40,shelf-place-v3,45,7,MT-ACT + Heuristic-Gated Learned Recovery,0,2,0,500,45-0007-0965aa5b210e,4500049,0965aa5b210eed7b91f47dd2aec73a0aba7d72de14e12ac78e2fcbfd0f19d120,0.0,30,1,461
575420f2b00cc9589e7715c0f0b53bac8fb47f3cb1d586e1ebda859f1d5bb1b7,MT50,robustness_noise_40,shelf-place-v3,45,8,MT-ACT + Heuristic-Gated Learned Recovery,1,1,1,125,45-0008-36123dd1bca7,4500050,36123dd1bca7f6372591447da5650c3d7e396700eb0b5e3eb9454d4ee8a60ea4,0.0,30,1,95
575420f2b00cc9589e7715c0f0b53bac8fb47f3cb1d586e1ebda859f1d5bb1b7,MT50,robustness_noise_40,shelf-place-v3,45,9,MT-ACT + Heuristic-Gated Learned Recovery,0,2,0,500,45-0009-d1fffb2ea225,4500051,d1fffb2ea225615250a8b2b7fe28a041c63190680652a789c8a29c1149d57915,0.0,30,1,461
575420f2b00cc9589e7715c0f0b53bac8fb47f3cb1d586e1ebda859f1d5bb1b7,MT50,robustness_noise_40,shelf-place-v3,45,10,MT-ACT + Heuristic-Gated Learned Recovery,0,2,0,500,45-0010-9f4601a76770,4500052,9f4601a76770d6480b1a74619b54aa2796724d5eff7f3f231fd18b11d4715d0a,0.0,30,1,461
575420f2b00cc9589e7715c0f0b53bac8fb47f3cb1d586e1ebda859f1d5bb1b7,MT50,robustness_noise_40,shelf-place-v3,45,11,MT-ACT + Heuristic-Gated Learned Recovery,0,2,0,500,45-0011-ba1a8be33e70,4500053,ba1a8be33e7071a5a3ede9f42fcdc8c5455749e08e4ca954902e9ee33b38333d,0.0,30,1,461
575420f2b00cc9589e7715c0f0b53bac8fb47f3cb1d586e1ebda859f1d5bb1b7,MT50,robustness_noise_40,shelf-place-v3,45,12,MT-ACT + Heuristic-Gated Learned Recovery,0,2,0,500,45-0012-8959c6c8cdf7,4500054,8959c6c8cdf7ff5062584a2ea8a46eb623c1f32f583cbd261c4103efe08b0101,0.0,30,1,461
575420f2b00cc9589e7715c0f0b53bac8fb47f3cb1d586e1ebda859f1d5bb1b7,MT50,robustness_noise_40,shelf-place-v3,45,13,MT-ACT + Heuristic-Gated Learned Recovery,0,2,0,500,45-0013-19a5af295be9,4500055,19a5af295be93ce959935f24d781fa8a9ef505b0b884615c8a8b45c1a5ba5c59,0.0,30,1,461
575420f2b00cc9589e7715c0f0b53bac8fb47f3cb1d586e1ebda859f1d5bb1b7,MT50,robustness_noise_40,shelf-place-v3,45,14,MT-ACT + Heuristic-Gated Learned Recovery,1,1,1,128,45-0014-66a01a5d3a5c,4500056,66a01a5d3a5c60de90ef1510d668ab39044eb0970119e0b82583689c45b44bba,0.0,30,1,98
575420f2b00cc9589e7715c0f0b53bac8fb47f3cb1d586e1ebda859f1d5bb1b7,MT50,robustness_noise_40,shelf-place-v3,45,15,MT-ACT + Heuristic-Gated Learned Recovery,0,2,0,500,45-0015-9819705ccc71,4500057,9819705ccc71329a2da662990f712545eeb3f66a5035928367168eda6acd0413,0.0,30,1,461
575420f2b00cc9589e7715c0f0b53bac8fb47f3cb1d586e1ebda859f1d5bb1b7,MT50,robustness_noise_40,shelf-place-v3,45,16,MT-ACT + Heuristic-Gated Learned Recovery,0,2,0,500,45-0016-525be3089fcd,4500058,525be3089fcddc3ea74483035ae8eeee37622e05c3207c42847a25737f7e0030,0.0,30,1,461
575420f2b00cc9589e7715c0f0b53bac8fb47f3cb1d586e1ebda859f1d5bb1b7,MT50,robustness_noise_40,shelf-place-v3,45,17,MT-ACT + Heuristic-Gated Learned Recovery,1,1,1,139,45-0017-62d25c8ac648,4500059,62d25c8ac648e82a80dca22e3d73d8d483d4b4b11c506d7deefa28b2cac370c7,0.0,30,1,109
575420f2b00cc9589e7715c0f0b53bac8fb47f3cb1d586e1ebda859f1d5bb1b7,MT50,robustness_noise_40,shelf-place-v3,45,18,MT-ACT + Heuristic-Gated Learned Recovery,0,2,0,500,45-0018-423d0cfb7518,4500060,423d0cfb7518e580b890b8aafe3ae52b15745169e78ff340f0f0e8ce2e0b4845,0.0,30,1,461
575420f2b00cc9589e7715c0f0b53bac8fb47f3cb1d586e1ebda859f1d5bb1b7,MT50,robustness_noise_40,shelf-place-v3,45,19,MT-ACT + Heuristic-Gated Learned Recovery,0,2,0,500,45-0019-b57f380cdb0d,4500061,b57f380cdb0dbb60e3bfe24ee390f46265b80f693337ad54d1f937a92168c8bb,0.0,30,1,461
575420f2b00cc9589e7715c0f0b53bac8fb47f3cb1d586e1ebda859f1d5bb1b7,MT50,robustness_noise_40,shelf-place-v3,45,20,MT-ACT + Heuristic-Gated Learned Recovery,0,2,0,500,45-0020-e668d4381c16,4500062,e668d4381c161c0d7139e1f71025e2c5d59e1d3249ccf44c84c1eb71f6b80c32,0.0,30,1,461
575420f2b00cc9589e7715c0f0b53bac8fb47f3cb1d586e1ebda859f1d5bb1b7,MT50,robustness_noise_40,shelf-place-v3,45,21,MT-ACT + Heuristic-Gated Learned Recovery,0,2,0,500,45-0021-2a168d54d3db,4500063,2a168d54d3db09f7d69abb9c4ea1fd637a7f541f67e218a44908fbb7d61b8971,0.0,30,1,461
575420f2b00cc9589e7715c0f0b53bac8fb47f3cb1d586e1ebda859f1d5bb1b7,MT50,robustness_noise_40,shelf-place-v3,45,22,MT-ACT + Heuristic-Gated Learned Recovery,0,2,0,500,45-0022-6e11b295e6f2,4500064,6e11b295e6f2cbbd2cdd00310c45ec7b601f213d5bf766567cd9f4a4f9cff2c8,0.0,30,1,461
575420f2b00cc9589e7715c0f0b53bac8fb47f3cb1d586e1ebda859f1d5bb1b7,MT50,robustness_noise_40,shelf-place-v3,45,23,MT-ACT + Heuristic-Gated Learned Recovery,0,2,0,500,45-0023-f018951b2459,4500065,f018951b2459da59f503ab272e51a2afd2caafe19e59900d31432728168f7f68,0.0,30,1,461
575420f2b00cc9589e7715c0f0b53bac8fb47f3cb1d586e1ebda859f1d5bb1b7,MT50,robustness_noise_40,shelf-place-v3,45,24,MT-ACT + Heuristic-Gated Learned Recovery,1,2,1,394,45-0024-6912493b407f,4500066,6912493b407f70f3693ec5d964b0e81e0713f3644fa658e48a43bb073f30823a,0.0,30,1,355
575420f2b00cc9589e7715c0f0b53bac8fb47f3cb1d586e1ebda859f1d5bb1b7,MT50,robustness_noise_40,shelf-place-v3,45,25,MT-ACT + Heuristic-Gated Learned Recovery,0,2,0,500,45-0025-5e4be2be512a,4500067,5e4be2be512aeb318e2d7565a169b808338db0268915467773814c48af4212ec,0.0,30,1,461
575420f2b00cc9589e7715c0f0b53bac8fb47f3cb1d586e1ebda859f1d5bb1b7,MT50,robustness_noise_40,shelf-place-v3,45,26,MT-ACT + Heuristic-Gated Learned Recovery,0,2,0,500,45-0026-078593575ec2,4500068,078593575ec2b1894cd796493a62edd738d07de375769e30bd279ef1a6a7d020,0.0,30,1,461
575420f2b00cc9589e7715c0f0b53bac8fb47f3cb1d586e1ebda859f1d5bb1b7,MT50,robustness_noise_40,shelf-place-v3,45,27,MT-ACT + Heuristic-Gated Learned Recovery,0,2,0,500,45-0027-d6a4d3db3e2e,4500069,d6a4d3db3e2e0f14aa7599a6d17dc04275dcef35205d27ee0b5916628cfe82c9,0.0,30,1,461
575420f2b00cc9589e7715c0f0b53bac8fb47f3cb1d586e1ebda859f1d5bb1b7,MT50,robustness_noise_40,shelf-place-v3,45,28,MT-ACT + Heuristic-Gated Learned Recovery,0,2,0,500,45-0028-fe32994c8cb5,4500070,fe32994c8cb5edca482ab3bd652a42060c2985cd97c1df666aed2222186fc9ac,0.0,30,1,461
575420f2b00cc9589e7715c0f0b53bac8fb47f3cb1d586e1ebda859f1d5bb1b7,MT50,robustness_noise_40,shelf-place-v3,45,29,MT-ACT + Heuristic-Gated Learned Recovery,0,2,0,500,45-0029-6ae673911b42,4500071,6ae673911b424406e7c6c02a21fcd3be4c79a9cf22074ea02dd1ea20cc3585f6,0.0,30,1,461
575420f2b00cc9589e7715c0f0b53bac8fb47f3cb1d586e1ebda859f1d5bb1b7,MT50,robustness_noise_40,shelf-place-v3,45,30,MT-ACT + Heuristic-Gated Learned Recovery,1,1,1,129,45-0030-2a52fdc2c5f9,4500072,2a52fdc2c5f946fc382631991f2a8b6c6369ee590dbed88eed8317771dccd46b,0.0,30,1,99
575420f2b00cc9589e7715c0f0b53bac8fb47f3cb1d586e1ebda859f1d5bb1b7,MT50,robustness_noise_40,shelf-place-v3,45,31,MT-ACT + Heuristic-Gated Learned Recovery,0,2,0,500,45-0031-fd6e24763535,4500073,fd6e247635352b05308fde8c60f7ba565ba70841814742b482c51b3a3a2c6a4b,0.0,30,1,461
575420f2b00cc9589e7715c0f0b53bac8fb47f3cb1d586e1ebda859f1d5bb1b7,MT50,robustness_noise_40,shelf-place-v3,45,32,MT-ACT + Heuristic-Gated Learned Recovery,1,2,1,388,45-0032-8b1aaaf38122,4500074,8b1aaaf38122d9409852a4c10046e7b6f7165c17cc17aee046d0ed838cf2a3ba,0.0,30,1,349
575420f2b00cc9589e7715c0f0b53bac8fb47f3cb1d586e1ebda859f1d5bb1b7,MT50,robustness_noise_40,shelf-place-v3,45,33,MT-ACT + Heuristic-Gated Learned Recovery,1,1,1,129,45-0033-5df511a297cd,4500075,5df511a297cd1a7d9f45c8de7004ec94dee7c5f057d784194627b0e54dbb7a52,0.0,30,1,99
575420f2b00cc9589e7715c0f0b53bac8fb47f3cb1d586e1ebda859f1d5bb1b7,MT50,robustness_noise_40,shelf-place-v3,45,34,MT-ACT + Heuristic-Gated Learned Recovery,0,2,0,500,45-0034-59c64cd43625,4500076,59c64cd43625ad94777c0586f5e4f75d04d6c03d6df8c4f065e00216c3a6c59d,0.0,30,1,461
575420f2b00cc9589e7715c0f0b53bac8fb47f3cb1d586e1ebda859f1d5bb1b7,MT50,robustness_noise_40,shelf-place-v3,45,35,MT-ACT + Heuristic-Gated Learned Recovery,0,2,0,500,45-0035-19b61aa0d7d8,4500077,19b61aa0d7d8363d615fc41ed7b781425d48f1d8c41376c3ac9548f531999f67,0.0,30,1,461
575420f2b00cc9589e7715c0f0b53bac8fb47f3cb1d586e1ebda859f1d5bb1b7,MT50,robustness_noise_40,shelf-place-v3,45,36,MT-ACT + Heuristic-Gated Learned Recovery,0,2,0,500,45-0036-be69b7b7c827,4500078,be69b7b7c827a66555b9fc8c70831ec0c562779e33b7019c229ac04a591c9d3d,0.0,30,1,461
575420f2b00cc9589e7715c0f0b53bac8fb47f3cb1d586e1ebda859f1d5bb1b7,MT50,robustness_noise_40,shelf-place-v3,45,37,MT-ACT + Heuristic-Gated Learned Recovery,0,2,0,500,45-0037-850228750835,4500079,85022875083526eb3412f3b4ab26a1b9375642e8e8aa1829ed8d5a4584564c85,0.0,30,1,461
575420f2b00cc9589e7715c0f0b53bac8fb47f3cb1d586e1ebda859f1d5bb1b7,MT50,robustness_noise_40,shelf-place-v3,45,38,MT-ACT + Heuristic-Gated Learned Recovery,0,2,0,500,45-0038-ccecb93b5e6c,4500080,ccecb93b5e6cb07aed40c2c68e3ff50db96bdbc5544bd75615cf9c47fb6aa977,0.0,30,1,461
575420f2b00cc9589e7715c0f0b53bac8fb47f3cb1d586e1ebda859f1d5bb1b7,MT50,robustness_noise_40,shelf-place-v3,45,39,MT-ACT + Heuristic-Gated Learned Recovery,1,1,1,131,45-0039-675487c2faf3,4500081,675487c2faf3c8180bcfb86960cd152a351c0ac9079e9e3c3921101c9455c0fa,0.0,30,1,101
575420f2b00cc9589e7715c0f0b53bac8fb47f3cb1d586e1ebda859f1d5bb1b7,MT50,robustness_noise_40,shelf-place-v3,45,40,MT-ACT + Heuristic-Gated Learned Recovery,0,2,0,500,45-0040-960e7ff71675,4500082,960e7ff716758275ade269b49908c609dc70feaa29e8f660a81da593ff16b26e,0.0,30,1,461
575420f2b00cc9589e7715c0f0b53bac8fb47f3cb1d586e1ebda859f1d5bb1b7,MT50,robustness_noise_40,shelf-place-v3,45,41,MT-ACT + Heuristic-Gated Learned Recovery,0,2,0,500,45-0041-e63f5345e47f,4500083,e63f5345e47f945f4e4bad32bf802b42c7fb36a3ea47d37aca4fd8f9ed920478,0.0,30,1,461
575420f2b00cc9589e7715c0f0b53bac8fb47f3cb1d586e1ebda859f1d5bb1b7,MT50,robustness_noise_40,shelf-place-v3,45,42,MT-ACT + Heuristic-Gated Learned Recovery,0,2,0,500,45-0042-14baf5cb6fff,4500084,14baf5cb6fff36024e9c13cc23eeb83af987e4f11f7179372412e27840f82ea3,0.0,30,1,461
575420f2b00cc9589e7715c0f0b53bac8fb47f3cb1d586e1ebda859f1d5bb1b7,MT50,robustness_noise_40,shelf-place-v3,45,43,MT-ACT + Heuristic-Gated Learned Recovery,0,2,0,500,45-0043-d8586b1a3c5b,4500085,d8586b1a3c5b2292a2ca91f9db5e8fc447699ffcb7f51603e09b24b3053440f2,0.0,30,1,461
575420f2b00cc9589e7715c0f0b53bac8fb47f3cb1d586e1ebda859f1d5bb1b7,MT50,robustness_noise_40,shelf-place-v3,45,44,MT-ACT + Heuristic-Gated Learned Recovery,1,1,1,146,45-0044-5b1cb396787b,4500086,5b1cb396787b6742743ce5bfce19c9cdce7093fdc92197b32c527c923b163bc5,0.0,30,1,116
575420f2b00cc9589e7715c0f0b53bac8fb47f3cb1d586e1ebda859f1d5bb1b7,MT50,robustness_noise_40,shelf-place-v3,45,45,MT-ACT + Heuristic-Gated Learned Recovery,0,2,0,500,45-0045-8980b1d22c64,4500087,8980b1d22c6486d2836d7bf5ad44af24e567bef8226578e6441e4ecbc4d1fdf7,0.0,30,1,461
575420f2b00cc9589e7715c0f0b53bac8fb47f3cb1d586e1ebda859f1d5bb1b7,MT50,robustness_noise_40,shelf-place-v3,45,46,MT-ACT + Heuristic-Gated Learned Recovery,0,2,0,500,45-0046-1027cf1de17a,4500088,1027cf1de17a1d65d342231b3401101190e7ba2ce2df85ddad6cea745f764adf,0.0,30,1,461
575420f2b00cc9589e7715c0f0b53bac8fb47f3cb1d586e1ebda859f1d5bb1b7,MT50,robustness_noise_40,shelf-place-v3,45,47,MT-ACT + Heuristic-Gated Learned Recovery,1,1,1,148,45-0047-ababd645d2a2,4500089,ababd645d2a21927e13877d94b1b764afe562535470c49f43d93af52402dd795,0.0,30,1,118
575420f2b00cc9589e7715c0f0b53bac8fb47f3cb1d586e1ebda859f1d5bb1b7,MT50,robustness_noise_40,shelf-place-v3,45,48,MT-ACT + Heuristic-Gated Learned Recovery,0,2,0,500,45-0048-24d5030329c0,4500090,24d5030329c0435e5c03f990f208db60c25265e1d2d49954fbedf727bd405b0d,0.0,30,1,461
575420f2b00cc9589e7715c0f0b53bac8fb47f3cb1d586e1ebda859f1d5bb1b7,MT50,robustness_noise_40,shelf-place-v3,45,49,MT-ACT + Heuristic-Gated Learned Recovery,0,2,0,500,45-0049-d4da811c9929,4500091,d4da811c992948a4c4d4e02706d61820210b082475142c751c996e390a61fd2d,0.0,30,1,461
575420f2b00cc9589e7715c0f0b53bac8fb47f3cb1d586e1ebda859f1d5bb1b7,MT50,robustness_noise_40,window-close-v3,49,0,MT-ACT + Heuristic-Gated Learned Recovery,1,1,1,118,49-0000-19927b88aad0,4900042,19927b88aad06a099fb08911383228d40639e7fa535423b08f528bd9ed5a3d06,0.0,35,1,83
575420f2b00cc9589e7715c0f0b53bac8fb47f3cb1d586e1ebda859f1d5bb1b7,MT50,robustness_noise_40,window-close-v3,49,1,MT-ACT + Heuristic-Gated Learned Recovery,0,2,0,500,49-0001-61d294812854,4900043,61d2948128545ddf85cca271050b95f21031a106e240987e3187a59aaa48bcd6,0.0,30,1,446
575420f2b00cc9589e7715c0f0b53bac8fb47f3cb1d586e1ebda859f1d5bb1b7,MT50,robustness_noise_40,window-close-v3,49,2,MT-ACT + Heuristic-Gated Learned Recovery,1,1,1,124,49-0002-98faccba3dab,4900044,98faccba3dabd276fbf032bb343b22bb93b50d1502a324157ce6ab51b7171992,0.0,30,1,94
575420f2b00cc9589e7715c0f0b53bac8fb47f3cb1d586e1ebda859f1d5bb1b7,MT50,robustness_noise_40,window-close-v3,49,3,MT-ACT + Heuristic-Gated Learned Recovery,0,2,0,500,49-0003-34e0baed4bb1,4900045,34e0baed4bb1a43e0443836539d75c4b089a9bd94664ec8894979a3cb6b5db4b,0.0,79,1,393
575420f2b00cc9589e7715c0f0b53bac8fb47f3cb1d586e1ebda859f1d5bb1b7,MT50,robustness_noise_40,window-close-v3,49,4,MT-ACT + Heuristic-Gated Learned Recovery,1,1,0,468,49-0004-633a006f838a,4900046,633a006f838ac7f1da70c0951fcd42adfb684a4eb2d18bc1ed5e7e3287d69b66,0.0,76,1,250
575420f2b00cc9589e7715c0f0b53bac8fb47f3cb1d586e1ebda859f1d5bb1b7,MT50,robustness_noise_40,window-close-v3,49,5,MT-ACT + Heuristic-Gated Learned Recovery,0,2,0,500,49-0005-7a40aba41929,4900047,7a40aba41929cde3919ac3ffe358377beedb18cd4e5b5d3780e94838adaae13b,0.0,64,1,398
575420f2b00cc9589e7715c0f0b53bac8fb47f3cb1d586e1ebda859f1d5bb1b7,MT50,robustness_noise_40,window-close-v3,49,6,MT-ACT + Heuristic-Gated Learned Recovery,1,1,1,132,49-0006-6cbd30d7da4f,4900048,6cbd30d7da4f969ad3f5b4a48ffaa0db6467b30ba9067807ff7f677b90a1c776,0.0,48,1,84
575420f2b00cc9589e7715c0f0b53bac8fb47f3cb1d586e1ebda859f1d5bb1b7,MT50,robustness_noise_40,window-close-v3,49,7,MT-ACT + Heuristic-Gated Learned Recovery,1,1,1,115,49-0007-1e15c44f8c03,4900049,1e15c44f8c0345e9c85ccb9974ffea3a73929bff55d62bbf43e1ba2a5a20c1d3,0.0,30,1,85
575420f2b00cc9589e7715c0f0b53bac8fb47f3cb1d586e1ebda859f1d5bb1b7,MT50,robustness_noise_40,window-close-v3,49,8,MT-ACT + Heuristic-Gated Learned Recovery,0,1,0,500,49-0008-98357f78daa8,4900050,98357f78daa86ae39cc19a7aa961d6e33b39def172d2553b3fb34f97cda13198,0.0,148,1,250
575420f2b00cc9589e7715c0f0b53bac8fb47f3cb1d586e1ebda859f1d5bb1b7,MT50,robustness_noise_40,window-close-v3,49,9,MT-ACT + Heuristic-Gated Learned Recovery,0,2,0,500,49-0009-22675da9c7f9,4900051,22675da9c7f9ea67e494921cf33b8c591cf18fa3c9ab9860ce6a6b38584b83fb,0.0,173,1,300
575420f2b00cc9589e7715c0f0b53bac8fb47f3cb1d586e1ebda859f1d5bb1b7,MT50,robustness_noise_40,window-close-v3,49,10,MT-ACT + Heuristic-Gated Learned Recovery,1,1,1,115,49-0010-c8fbb468fca4,4900052,c8fbb468fca4b3fd31088ca3dce3308ca5d3c580466f6b148ccd5e400bae576b,0.0,31,1,84
575420f2b00cc9589e7715c0f0b53bac8fb47f3cb1d586e1ebda859f1d5bb1b7,MT50,robustness_noise_40,window-close-v3,49,11,MT-ACT + Heuristic-Gated Learned Recovery,1,1,1,96,49-0011-1859df6357a7,4900053,1859df6357a7f147570bb58b7d4151d1d452fc29124e10a98816f85912923239,0.0,30,1,66
575420f2b00cc9589e7715c0f0b53bac8fb47f3cb1d586e1ebda859f1d5bb1b7,MT50,robustness_noise_40,window-close-v3,49,12,MT-ACT + Heuristic-Gated Learned Recovery,1,1,1,104,49-0012-6181980f15be,4900054,6181980f15be1c30f35f195f964135573fa4a6f5403d4e8890b7a774517e7450,0.0,30,1,74
575420f2b00cc9589e7715c0f0b53bac8fb47f3cb1d586e1ebda859f1d5bb1b7,MT50,robustness_noise_40,window-close-v3,49,13,MT-ACT + Heuristic-Gated Learned Recovery,1,1,1,111,49-0013-111607a43cae,4900055,111607a43cae123a2789cbd21e441e93855bd028ef15a88d9621bc9091bf87c9,0.0,30,1,81
575420f2b00cc9589e7715c0f0b53bac8fb47f3cb1d586e1ebda859f1d5bb1b7,MT50,robustness_noise_40,window-close-v3,49,14,MT-ACT + Heuristic-Gated Learned Recovery,1,1,1,156,49-0014-91faf26c7088,4900056,91faf26c7088b64b11f87c42beeb3b686ae8639774a2f041253e27f61d5f5b01,0.0,82,1,74
575420f2b00cc9589e7715c0f0b53bac8fb47f3cb1d586e1ebda859f1d5bb1b7,MT50,robustness_noise_40,window-close-v3,49,15,MT-ACT + Heuristic-Gated Learned Recovery,0,2,0,500,49-0015-c71882cff9e5,4900057,c71882cff9e5d739aec9c539f1c10c8eb133d8d719ab05845079e4aa9856c424,0.0,100,1,391
575420f2b00cc9589e7715c0f0b53bac8fb47f3cb1d586e1ebda859f1d5bb1b7,MT50,robustness_noise_40,window-close-v3,49,16,MT-ACT + Heuristic-Gated Learned Recovery,0,2,0,500,49-0016-b2be3df5b3d5,4900058,b2be3df5b3d51568aa9640d76033c99f62400fbd52360cc10ec94668442e8622,0.0,113,1,349
575420f2b00cc9589e7715c0f0b53bac8fb47f3cb1d586e1ebda859f1d5bb1b7,MT50,robustness_noise_40,window-close-v3,49,17,MT-ACT + Heuristic-Gated Learned Recovery,0,1,0,500,49-0017-c27d86979f9b,4900059,c27d86979f9be084198cb1b4a9a4fa9875decba289545ceddfb39d75392c3645,0.0,62,1,250
575420f2b00cc9589e7715c0f0b53bac8fb47f3cb1d586e1ebda859f1d5bb1b7,MT50,robustness_noise_40,window-close-v3,49,18,MT-ACT + Heuristic-Gated Learned Recovery,1,1,1,272,49-0018-b8d2430b90c8,4900060,b8d2430b90c863d51a693714c34f972f9c53cdc89206a2ad20876bf8f1557f33,0.0,184,1,88
575420f2b00cc9589e7715c0f0b53bac8fb47f3cb1d586e1ebda859f1d5bb1b7,MT50,robustness_noise_40,window-close-v3,49,19,MT-ACT + Heuristic-Gated Learned Recovery,0,2,0,500,49-0019-eaa16cb6a109,4900061,eaa16cb6a1091091aa08d7f42dd7103e6c505d623945391e24c0255f513cf093,0.0,105,1,322
575420f2b00cc9589e7715c0f0b53bac8fb47f3cb1d586e1ebda859f1d5bb1b7,MT50,robustness_noise_40,window-close-v3,49,20,MT-ACT + Heuristic-Gated Learned Recovery,1,1,1,160,49-0020-9d4f489ae652,4900062,9d4f489ae652cfa2d11cb1b24f53392ed4db78abbdfc72325430ba05b99ce886,0.0,89,1,71
575420f2b00cc9589e7715c0f0b53bac8fb47f3cb1d586e1ebda859f1d5bb1b7,MT50,robustness_noise_40,window-close-v3,49,21,MT-ACT + Heuristic-Gated Learned Recovery,0,2,0,500,49-0021-1ca937d4ebe8,4900063,1ca937d4ebe88ba98f1db4b656a8ceae54609c8552cac467aa2fdf6295185c2f,0.0,168,1,311
575420f2b00cc9589e7715c0f0b53bac8fb47f3cb1d586e1ebda859f1d5bb1b7,MT50,robustness_noise_40,window-close-v3,49,22,MT-ACT + Heuristic-Gated Learned Recovery,0,2,0,500,49-0022-ca17625c878b,4900064,ca17625c878b0cbc3357448cbb901b0388fd448e3cbe59d22d39fcd98416270c,0.0,151,1,327
575420f2b00cc9589e7715c0f0b53bac8fb47f3cb1d586e1ebda859f1d5bb1b7,MT50,robustness_noise_40,window-close-v3,49,23,MT-ACT + Heuristic-Gated Learned Recovery,1,1,1,138,49-0023-a5915008d402,4900065,a5915008d402edc81837c260ccb064b7daa9d6f433bb5669c144dcc534f0a86a,0.0,61,1,77
575420f2b00cc9589e7715c0f0b53bac8fb47f3cb1d586e1ebda859f1d5bb1b7,MT50,robustness_noise_40,window-close-v3,49,24,MT-ACT + Heuristic-Gated Learned Recovery,1,1,1,137,49-0024-659aec716a19,4900066,659aec716a19266aa2a3b85e80ccd79b528dc2f31a35e992756ef70ce13fc3f1,0.0,59,1,78
575420f2b00cc9589e7715c0f0b53bac8fb47f3cb1d586e1ebda859f1d5bb1b7,MT50,robustness_noise_40,window-close-v3,49,25,MT-ACT + Heuristic-Gated Learned Recovery,0,2,0,500,49-0025-fc81d343aea0,4900067,fc81d343aea0c70a18c163001104afda3cd61c9f0584e4ee56ae9aefc982c12b,0.0,100,1,391
575420f2b00cc9589e7715c0f0b53bac8fb47f3cb1d586e1ebda859f1d5bb1b7,MT50,robustness_noise_40,window-close-v3,49,26,MT-ACT + Heuristic-Gated Learned Recovery,1,1,1,165,49-0026-f85df0002a00,4900068,f85df0002a00740d8985b817c240462566d0329c3f9f23eb000f41983c11d1cc,0.0,81,1,84
575420f2b00cc9589e7715c0f0b53bac8fb47f3cb1d586e1ebda859f1d5bb1b7,MT50,robustness_noise_40,window-close-v3,49,27,MT-ACT + Heuristic-Gated Learned Recovery,0,2,0,500,49-0027-8f71f242c634,4900069,8f71f242c634e094602c32014bb6183f36414e3accb1b6633da4d451e8a93d91,0.0,30,1,461
575420f2b00cc9589e7715c0f0b53bac8fb47f3cb1d586e1ebda859f1d5bb1b7,MT50,robustness_noise_40,window-close-v3,49,28,MT-ACT + Heuristic-Gated Learned Recovery,1,1,1,126,49-0028-d15bad9b643f,4900070,d15bad9b643f154e1802c108cb8366f68e29f5e4eb5061683aa3267ee3eebd67,0.0,30,1,96
575420f2b00cc9589e7715c0f0b53bac8fb47f3cb1d586e1ebda859f1d5bb1b7,MT50,robustness_noise_40,window-close-v3,49,29,MT-ACT + Heuristic-Gated Learned Recovery,1,1,1,120,49-0029-0159269bfe57,4900071,0159269bfe573466dea4b74f53a0c3773d664ec7ebedb848de8ccc23a7a07483,0.0,33,1,87
575420f2b00cc9589e7715c0f0b53bac8fb47f3cb1d586e1ebda859f1d5bb1b7,MT50,robustness_noise_40,window-close-v3,49,30,MT-ACT + Heuristic-Gated Learned Recovery,1,1,1,131,49-0030-00939b55ee28,4900072,00939b55ee28bbb60179c6e93843fe3990039ae0ea2499cb6e801f6f77fc7415,0.0,57,1,74
575420f2b00cc9589e7715c0f0b53bac8fb47f3cb1d586e1ebda859f1d5bb1b7,MT50,robustness_noise_40,window-close-v3,49,31,MT-ACT + Heuristic-Gated Learned Recovery,1,1,1,116,49-0031-a76958b3f201,4900073,a76958b3f2010736b1fdd27b6916f3481bac360b6ff4392c0e448be38f680922,0.0,36,1,80
575420f2b00cc9589e7715c0f0b53bac8fb47f3cb1d586e1ebda859f1d5bb1b7,MT50,robustness_noise_40,window-close-v3,49,32,MT-ACT + Heuristic-Gated Learned Recovery,0,2,0,500,49-0032-bf495c00856b,4900074,bf495c00856b9f7c9cde0e8da334e1883a5e4470123eb9cf9ff338edd37d4989,0.0,73,1,413
575420f2b00cc9589e7715c0f0b53bac8fb47f3cb1d586e1ebda859f1d5bb1b7,MT50,robustness_noise_40,window-close-v3,49,33,MT-ACT + Heuristic-Gated Learned Recovery,1,1,1,142,49-0033-164d163897e7,4900075,164d163897e7460937ac017cc442374267ffc5c0c5ccd1ebdd5a240eb38bad58,0.0,61,1,81
575420f2b00cc9589e7715c0f0b53bac8fb47f3cb1d586e1ebda859f1d5bb1b7,MT50,robustness_noise_40,window-close-v3,49,34,MT-ACT + Heuristic-Gated Learned Recovery,1,1,1,131,49-0034-98f5b45eced4,4900076,98f5b45eced41c808deda9046f4ba9aeaf3297c5ef2e5f40f937c0533fdd6496,0.0,48,1,83
575420f2b00cc9589e7715c0f0b53bac8fb47f3cb1d586e1ebda859f1d5bb1b7,MT50,robustness_noise_40,window-close-v3,49,35,MT-ACT + Heuristic-Gated Learned Recovery,0,2,0,500,49-0035-dd610866290e,4900077,dd610866290ec62bd7c8645f0ae3ea5945f2500fca9ad5cb1d50cd2c6e091183,0.0,109,1,382
575420f2b00cc9589e7715c0f0b53bac8fb47f3cb1d586e1ebda859f1d5bb1b7,MT50,robustness_noise_40,window-close-v3,49,36,MT-ACT + Heuristic-Gated Learned Recovery,0,1,0,500,49-0036-6aba8f2a12e6,4900078,6aba8f2a12e69dcab26f00d4b3ed60ec50f2bc5cb4c4b083714587156cec1e10,0.0,120,1,250
575420f2b00cc9589e7715c0f0b53bac8fb47f3cb1d586e1ebda859f1d5bb1b7,MT50,robustness_noise_40,window-close-v3,49,37,MT-ACT + Heuristic-Gated Learned Recovery,1,1,1,110,49-0037-9b52ec671e68,4900079,9b52ec671e68db501d41919090b7e03d01834529a0966d59f95116d8bb2130cb,0.0,31,1,79
575420f2b00cc9589e7715c0f0b53bac8fb47f3cb1d586e1ebda859f1d5bb1b7,MT50,robustness_noise_40,window-close-v3,49,38,MT-ACT + Heuristic-Gated Learned Recovery,1,1,1,118,49-0038-65a3bf9ef3d5,4900080,65a3bf9ef3d559615f7ab8313d29287c0b68c57e2816b4c66e694cad5f2778ae,0.0,30,1,88
575420f2b00cc9589e7715c0f0b53bac8fb47f3cb1d586e1ebda859f1d5bb1b7,MT50,robustness_noise_40,window-close-v3,49,39,MT-ACT + Heuristic-Gated Learned Recovery,0,2,0,500,49-0039-756770b4333f,4900081,756770b4333f7a88aebebad953494e8273115f08fe077c44dc2ddb9fb4060564,0.0,92,1,384
575420f2b00cc9589e7715c0f0b53bac8fb47f3cb1d586e1ebda859f1d5bb1b7,MT50,robustness_noise_40,window-close-v3,49,40,MT-ACT + Heuristic-Gated Learned Recovery,0,2,0,500,49-0040-c67b7685ada2,4900082,c67b7685ada226eeaa7b0a5ad1a717a5e84d62ad552b0f3005e3364673ebbf52,0.0,56,1,435
575420f2b00cc9589e7715c0f0b53bac8fb47f3cb1d586e1ebda859f1d5bb1b7,MT50,robustness_noise_40,window-close-v3,49,41,MT-ACT + Heuristic-Gated Learned Recovery,1,1,1,111,49-0041-6299314328ec,4900083,6299314328ecf219c2b774c4df9601b33834d234ffbfc9b47d5206c7d2149cb3,0.0,42,1,69
575420f2b00cc9589e7715c0f0b53bac8fb47f3cb1d586e1ebda859f1d5bb1b7,MT50,robustness_noise_40,window-close-v3,49,42,MT-ACT + Heuristic-Gated Learned Recovery,0,1,0,500,49-0042-09ea99ba4632,4900084,09ea99ba46323446e9f443416afb5f84ae83390117ee8e45403fd442add2f807,0.0,31,1,250
575420f2b00cc9589e7715c0f0b53bac8fb47f3cb1d586e1ebda859f1d5bb1b7,MT50,robustness_noise_40,window-close-v3,49,43,MT-ACT + Heuristic-Gated Learned Recovery,1,1,1,203,49-0043-4132d6bf8ef3,4900085,4132d6bf8ef3dfec90291ab485e9cb846847a53d9e337ce347bdfa72d49ca70c,0.0,119,1,84
575420f2b00cc9589e7715c0f0b53bac8fb47f3cb1d586e1ebda859f1d5bb1b7,MT50,robustness_noise_40,window-close-v3,49,44,MT-ACT + Heuristic-Gated Learned Recovery,0,2,0,500,49-0044-e753845c5806,4900086,e753845c5806b3ac54832da0cfb528a0ea35d7e919aa3cfe571f42ea756f29b9,0.0,72,1,254
575420f2b00cc9589e7715c0f0b53bac8fb47f3cb1d586e1ebda859f1d5bb1b7,MT50,robustness_noise_40,window-close-v3,49,45,MT-ACT + Heuristic-Gated Learned Recovery,1,1,0,482,49-0045-d6c6b4a77d71,4900087,d6c6b4a77d714444ee9befb5d8fcf1b55dec4c2fe7fd23eea4d7d15110c02893,0.0,35,1,250
575420f2b00cc9589e7715c0f0b53bac8fb47f3cb1d586e1ebda859f1d5bb1b7,MT50,robustness_noise_40,window-close-v3,49,46,MT-ACT + Heuristic-Gated Learned Recovery,1,1,1,120,49-0046-e9f0af8a2276,4900088,e9f0af8a227657ba24945d40f141d7effa8f80060d7f7a9ffdeddb1b6852b3d9,0.0,30,1,90
575420f2b00cc9589e7715c0f0b53bac8fb47f3cb1d586e1ebda859f1d5bb1b7,MT50,robustness_noise_40,window-close-v3,49,47,MT-ACT + Heuristic-Gated Learned Recovery,1,1,1,147,49-0047-d7e8e8219063,4900089,d7e8e8219063708d8ec1ef5995b3353acf15738c46ce25f5fba58fa36df4857a,0.0,60,1,87
575420f2b00cc9589e7715c0f0b53bac8fb47f3cb1d586e1ebda859f1d5bb1b7,MT50,robustness_noise_40,window-close-v3,49,48,MT-ACT + Heuristic-Gated Learned Recovery,1,1,1,118,49-0048-da195b0bbaa6,4900090,da195b0bbaa6e4dd30dfa0a27bc8029f9b2a1d563906416be03552f70a61c42d,0.0,30,1,88
575420f2b00cc9589e7715c0f0b53bac8fb47f3cb1d586e1ebda859f1d5bb1b7,MT50,robustness_noise_40,window-close-v3,49,49,MT-ACT + Heuristic-Gated Learned Recovery,1,1,1,133,49-0049-94a93391a840,4900091,94a93391a840262c607ba239078ff17f6ff1e09588c8057b64c781005e63f6e1,0.0,54,1,79
